source_pdf,doi,status,n_pages,n_materials,extraction_notes
1-s2.0-S0013468616305072-main.pdf,10.1016/j.electacta.2016.02.206,ok,8,5,[text-pass] Data extracted for synthesized electrodeposited AgxSbyTez thin films as well as literature comparison values for bulk AgSbTe2 compositions listed in Table 1. All compositions are undoped stoichiometric/non-stoichiometric Ag-Sb-Te materials. [figure-pass p1-3] No relevant thermoelectric property-vs-temperature plots or tables appear on the provided pages. [figure-pass p4-6] No relevant property-vs-temperature plots appear on these pages. The provided figures only present room-temperat
1-s2.0-S0167577X08002243-main.pdf,10.1016/j.matlet.2008.02.039,ok,3,8,"[text-pass] The paper discusses (AgSbTe2)1-x(Ag2Te)x alloys. While Seebeck coefficient, electrical resistivity, and power factor are plotted in figures (Fig 2, 3, 4), no specific numerical values are provided in the text or tables for these properties other than the resistivity of the x=0 sample at 2.0 GPa. [figure-pass p1-3] The paper reports room temperature thermoelectric properties as a function of synthetic pressure (2.0-4.5 GPa) for AgSbTe2-Ag2Te alloys. Values were visually estimated from"
1-s2.0-S092583880802029X-main.pdf,10.1016/j.jallcom.2008.11.054,ok,8,0,"[text-pass] The provided article focuses on the microstructural characterization (TEM, electron diffraction, and composition analysis) of stoichiometric AgSbTe2. It does not report any thermoelectric property measurements (Seebeck coefficient, electrical conductivity, thermal conductivity, power factor, or ZT) for the material. [figure-pass p1-5] The provided pages focus on the microstructural characterization (TEM, diffraction, phase diagram) of stoichiometric AgSbTe2. No thermoelectric propert"
1-s2.0-S0925838810006912-main.pdf,10.1016/j.jallcom.2010.03.170,ok,6,12,"[text-pass] The samples are AgxSb2-xTe3-x solid solutions where Ag2Te precipitates form in situ for x > 0.81. No specific dopant elements were added; the stoichiometry was varied to control the Ag2Te/Sb2Te3 ratio. [figure-pass p1-5] Data extracted from Table 1 for room temperature properties. Temperature-dependent data is available in Figures 3, 4, 5, 6, and 7, but values were not explicitly read off due to the high density of data points. [figure-pass p6-6] The provided page contains only a lis"
1-s2.0-S0925838819316007-main.pdf,10.1016/j.jallcom.2019.04.294,ok,7,4,"[text-pass] The article focuses on TlSbTe2-family compounds. AgSbTe2 is mentioned only as a reference material for comparison of thermoelectric properties. No AgSbTe2-family compounds were synthesized or doped in this study. [figure-pass p1-5] The provided document focuses on the thermoelectric properties of TlSbTe2 and its In- and Yb-doped variants. No AgSbTe2-family compounds (AgSbTe2, Ag1-xSbTe2, AgSb1-xMxTe2, etc.) are reported in the provided pages. Therefore, no relevant data could be extr"
1-s2.0-S092583882601529X-main.pdf,10.1016/j.jallcom.2026.187461,ok,8,8,"[text-pass] The paper investigates Te(1-x)(AgSbTe2)x where AgSbTe2 is treated as a co-dopant. XPS analysis indicates Sb substitutes for Te sites. Ag site is not explicitly confirmed, labeled as unclear. Properties were extracted from the body text. [figure-pass p1-5] Data extracted from figures 2 and 4. Only representative samples (x=0% and x=0.5%) were extracted for brevity as requested by the prompt's focus on distinct samples. Doped sites are marked as 'unclear' as the paper discusses AgSbTe2"
1-s2.0-S1359645411004757-main.pdf,10.1016/j.actamat.2011.07.010,ok,10,0,"[text-pass] The provided article focuses on the phase equilibria and crystal structure of the Ag-Sb-Te system. While it mentions that AgSbTe2 is a promising thermoelectric material, it does not report any experimental thermoelectric property data (such as Seebeck coefficient, electrical conductivity, thermal conductivity, power factor, or ZT) for any of the samples prepared. [figure-pass p1-5] The provided pages focus on the phase equilibria and microstructural characterization of the Ag-Sb-Te s"
1-s2.0-S1359645412005150-main.pdf,10.1016/j.actamat.2012.07.057,ok,8,12,"[figure-pass p1-5] The provided pages contain XRD and microstructure images, but do not contain the property-vs-temperature plots (Fig 5a, 5b, 5c mentioned in text are not present in the provided images). Therefore, no thermoelectric property values could be extracted. [figure-pass p6-8] Data extracted from Fig. 5. Resistivity is plotted in Fig 5b, which is the inverse of electrical conductivity. Values for 3 at.% Pb were estimated from the red curves in Fig 5a-d. Peak ZT for 5 at.% Pb and annea"
1-s2.0-S1359645421008223-main.pdf,10.1016/j.actamat.2021.117443,ok,12,9,"[text-pass] The paper investigates Ce-doped AgSbTe2 (AgSb0.998Ce0.002Te2) subjected to different heat treatments (HT523, HT573, HT673). Electrical conductivity values were derived from the reported resistivity values in Table 1 using sigma = 1/rho. [figure-pass p1-5] The provided pages contain information about Ce-doped AgSbTe2 (Ag0.998Ce0.002Te2) and its microstructure, but do not provide any plots or tables of thermoelectric properties (Seebeck coefficient, electrical conductivity, thermal con"
1-s2.0-S1359645422000684-main.pdf,10.1016/j.actamat.2022.117681,ok,9,8,"[text-pass] The paper focuses on SnSe-AgSbTe2 alloys and Pb-doped variants. Data for AgSbTe2-family compounds (as solid solutions) were extracted from the text. No tables were provided in the source text, so all values were extracted from the body text. [figure-pass p1-5] Data extracted from figures 4 and text descriptions. Sample compositions are based on the SnSe-AgSbTe2 alloy system. [figure-pass p6-9] The paper investigates (Sn1-xPbxSe)0.6(AgSbTe2)0.4 alloys. Pb acts as a dopant on the Sn si"
1-s2.0-S1359645425002769-main.pdf,10.1016/j.actamat.2025.120985,ok,7,8,[text-pass] The paper focuses on pristine AgSbTe2 with Ag2Te nanoprecipitates controlled by quenching and annealing. No extrinsic dopants were added; the study focuses on Ag vacancy concentration and Ag2Te mass percentage. [figure-pass p1-5] The samples are pristine AgSbTe2 processed with different annealing times (A) to control Ag2Te nanoprecipitate content. No extrinsic dopants were added. [figure-pass p6-7] The paper discusses AgSbTe2 compounds with varying Ag vacancy content controlled by an
1-s2.0-S221128552201196X-main.pdf,10.1016/j.nanoen.2022.108118,ok,7,7,"[text-pass] The paper focuses on the effect of cooling rates on pristine AgSbTe2. No extrinsic dopants were added to the samples. Thermoelectric properties were presented in plots (Fig 7 and Fig 8), but explicit numerical values for electrical conductivity, Seebeck coefficient, thermal conductivity, and power factor were not provided in the text or tables, except for the peak ZT value. [figure-pass p1-5] The paper focuses on pristine AgSbTe2 samples processed with different cooling rates (slow c"
1-s2.0-S2352847816300041-main.pdf,10.1016/j.jmat.2016.05.001,ok,7,11,"[text-pass] The paper focuses on SnTe-AgSbSe2 composites. AgSbSe2 is treated as an alloying component rather than a simple dopant, but it is included as requested. Cd is explicitly mentioned as a dopant for SnTe. Values were extracted from the body text as no tables were provided in the source text. [figure-pass p1-5] Data extracted for SnCd0.05Te and SnCd0.05Te-3%AgSbSe2 from figures 3 and 5. Values are visual estimates. [figure-pass p6-7] Data extracted from Figure 7 showing ZT vs Temperature "
1-s2.0-S235284782200096X-main.pdf,10.1016/j.jmat.2022.07.005,ok,9,9,"[text-pass] The article discusses AgxSb2-xTe3-x series. Only Ag0.9Sb1.1Te2.1 is highlighted as phase-pure. Thermoelectric properties for the series are plotted in Fig 6, but specific numerical values for x=1.0, 0.8, and 0.7 were not explicitly listed in the text, only for the Ag0.9Sb1.1Te2.1 sample. [figure-pass p1-5] Data extracted for Ag0.9Sb1.1Te2.1 from Fig. 4a-c. Other samples mentioned in the text (AgSbTe2, Ag0.8Sb1.2Te2.2, Ag0.7Sb1.3Te2.3) did not have temperature-dependent property plots"
1-s2.0-S254252932030122X-main.pdf,10.1016/j.mtphys.2020.100298,ok,7,9,"[text-pass] The paper reports properties for Sn1-2xAgxSbxSe1-2xTe2x (x=0, 0.15, 0.20, 0.25, 0.30). Data extracted for x=0.15 and x=0.25 as representative samples mentioned in the text. Other values are plotted in figures but not explicitly listed in text. [figure-pass p1-5] The paper focuses on SnSe-AgSbTe2 alloys. The samples are identified by x in Sn1-2xAgxSbxSe1-2xTe2x. Doping sites are inferred from the text stating Sn2+ is substituted by Ag1+/Sb3+ and Se2- by Te2-. Property values were extr"
1-s2.0-S2542529325000483-main.pdf,10.1016/j.mtphys.2025.101692,ok,7,3,"[text-pass] The article focuses on the solid solution (AgSbTe2)1-x(Bi2Te3)x and the specific doped composition (AgSb0.98Cd0.02Te2)0.9(Bi2Te3)0.1. While Fig. 3 shows temperature-dependent properties for (AgSb1-yCdyTe2)0.9(Bi2Te3)0.1 (0 ≤ y ≤ 0.035), the specific numerical values for Seebeck, conductivity, etc., are plotted as curves without explicit data tables provided in the text, so only the peak ZT value explicitly mentioned in the text was extracted. [figure-pass p1-5] Data extracted from Fi"
1-s2.0-S2589004226000763-main.pdf,10.1016/j.isci.2026.114701,ok,17,0,"[text-pass] The provided article is a review on self-healing thermoelectric devices and materials. While it mentions AgSbTe2-based thermoelectric materials in reference 14, it does not provide specific doping or thermoelectric property data for AgSbTe2-family compounds in the text or tables. The tables provided in the article focus on self-healing encapsulation materials and general device architectures, not AgSbTe2-family doping data. [figure-pass p1-5] The provided document is a review article"
1-s2.0-S305091492500127X-main.pdf,10.1016/j.tramat.2025.100125,ok,8,10,"[text-pass] The paper states that all four samples (Ag0.9Sb1.1Te2.1, (Ag0.9Sb1.1)0.95Pb0.1Te2.1, (Ag0.9Sb1.1)0.9Pb0.2Te2.1, and (Ag0.9Sb1.1)0.9Pb0.2Te2.0Se0.1) possess similar Seebeck coefficient, electrical conductivity, power factor, and thermal conductivity. The maximum zT of 1.5 at 600 K is explicitly attributed to (Ag0.9Sb1.1)0.9Pb0.2Te2.0Se0.1. [figure-pass p1-5] Data extracted from Fig. 1c. Other samples mentioned in text (Ag0.9Sb1.1Pb0.1Te2.1 and Ag0.9Sb1.1Pb0.2Te2.1) did not have distin"
10.1515_zna-1961-0122.pdf,,ok,2,0,"[text-pass] The provided text discusses the phase diagram and crystallographic properties of the Ag-Sb-Te system, specifically identifying a ternary phase with a rock-salt structure. However, the text does not contain any thermoelectric property data (such as Seebeck coefficient, electrical conductivity, thermal conductivity, power factor, or ZT) or specific doping experiments for AgSbTe2-family compounds. [figure-pass p1-2] The provided pages discuss the phase boundaries and structural properti"
202106_1_online.pdf,10.1063/1.3029774,ok,4,7,"[text-pass] The paper investigates AgSbTe2 and non-stoichiometric variations (Ag0.94Sb1.02Te2, Ag0.88Sb1.04Te2, Ag0.83Sb1.06Te2). These are treated as compositional variations rather than extrinsic doping, so no dopant_or_codopant entries were added. Electrical resistivity values were extracted as reported. [figure-pass p1-4] The paper discusses AgSbTe2 and variations in stoichiometry (Ag-Sb-Te ratios). The samples AST5050, AST4654, and AST4456 are treated as variations of the AgSbTe2 system. Pr"
2305.19217v1.pdf,,ok,31,15,"[text-pass] The samples are nanocomposites of Sb2Te3 and AgSbTe2. The atomic percentage of Ag is denoted by x. The pristine sample is ST (x=0). AST1, AST2, AST3, and AST4 correspond to x=0.9, 1.70, 5.90, and 7.00 respectively. ZT values for AST3 and AST4 are reported at 375 K. [figure-pass p1-5] The provided pages describe a study of Sb2Te3-AgSbTe2 nanocomposite thin films. While the text mentions ZT values and power factor values, there are no property-vs-temperature plots provided in the image"
2603.17846v1.pdf,,ok,28,1,"[text-pass] The article focuses on pressure-induced superconductivity in non-stoichiometric Ag0.9Sb1.1Te2.1. While the paper mentions AgSbTe2 is a thermoelectric material, it does not report thermoelectric property values (Seebeck, electrical conductivity, thermal conductivity, power factor, or ZT) for the specific sample Ag0.9Sb1.1Te2.1; it only reports superconducting transition temperatures (Tc) and upper critical field data. [figure-pass p1-5] The provided document focuses on pressure-induce"
28.pdf,,ok,4,2,"[text-pass] The article discusses undoped AgSbTe2 and AgSbSe2. No doped AgSbTe2 samples were synthesized or measured in this study; the text only mentions potential alloying with GeTe, PbTe, and SnTe as a strategy for future stabilization. [figure-pass p1-4] The provided document contains data for undoped AgSbTe2 and AgSbSe2. No doped AgSbTe2 samples were reported in the text or figures. Thermoelectric properties for undoped AgSbTe2 were extracted from Table 2. "
Adv Funct Materials - 2024 - Kim - Enhancement of Phase Stability and Thermoelectric Performance of Meta‐Stable AgSbTe2 by.pdf,10.1002/adfm.202404886,ok,9,7,[text-pass] The study focuses on thermal cycling of pristine AgSbTe2 rather than chemical doping. The 'initial' and 'Thigh T. C.' (high-temperature thermal cycled) samples are treated as distinct states of the same base material. Electrical conductivity values were derived from reported resistivity values where necessary. [figure-pass p1-5] The paper discusses AgSbTe2 subjected to thermal cycling to manage phase separation. No extrinsic dopants were added; the material is pristine AgSbTe2. Therm
Adv Funct Materials - 2024 - Zhang - Dual Alloying Enables High Thermoelectric Performance in AgSbTe2 by Manipulating.pdf,10.1002/adfm.202400679,ok,11,6,"[figure-pass p1-5] The paper investigates (AgSbTe2)1-x(AgAlSe2)x alloys. Electrical conductivity and Seebeck coefficient data were extracted from body text. ZT values were extracted from body text. Figure 3a and 3b show temperature-dependent electrical conductivity and Seebeck coefficient for various x values, but specific numerical values were not extracted from the plots as they were not explicitly provided in the text for all points. [figure-pass p6-10] The paper investigates (AgSbTe2)1-x(AgA"
Adv Funct Materials - 2025 - Li - Supercompliant Lattice Boosts n‐type AgSbTe2 Thermoelectrics.pdf,10.1002/adfm.202502367,ok,14,7,"[text-pass] The paper reports the first n-type AgSbTe2 compound, Ag0.8Na0.3Sb0.6Bi0.4Te2. Doping levels are described as 10 at.% Na at interstitial sites and 40 at.% Bi at the Sb site. Thermoelectric properties were extracted from the body text. [figure-pass p1-5] The provided pages contain information about the synthesis and structural characterization of AgSbTe2-based compounds, specifically Ag0.8Na0.3Sb0.6Bi0.4Te2. While some ZT values are mentioned in the text, there are no plots showing See"
Adv Funct Materials - 2026 - Abdellaoui - Stacking Fault Complexions in AgSbTe2 Thermoelectrics With Enhanced Electrical.pdf,10.1002/adfm.77083,ok,10,2,"[text-pass] The paper reports on AgSbTe2 with stacking faults (SFs) acting as complexions. The composition Ag16.7Sb30Te53.3 is the nominal synthesis composition. Electrical conductivity values are reported for grain interiors and across LAGBs (containing SFs) at room temperature. [figure-pass p1-5] The provided document discusses the atomic structure, chemical composition, and phonon scattering mechanisms of stacking faults in AgSbTe2. While it mentions thermoelectric properties in the introduct"
Adv Funct Materials - 2026 - Zhang - Improving Stability of High‐Performance AgSbTe2 Thermoelectrics by Lattice Regulation.pdf,10.1002/adfm.75160,ok,12,11,"[text-pass] The article focuses on AgSb1-xPbxTe2. While multiple compositions (0 <= x <= 0.08) are mentioned, specific numerical data for properties other than the peak ZT of the x=0.03 sample were not provided in the text or tables. [figure-pass p1-5] The provided pages contain plots for Hall carrier concentration (Fig 4a) and Hall mobility (Fig 4b) as a function of temperature, but do not contain plots for Seebeck coefficient, electrical conductivity, thermal conductivity, power factor, or ZT "
Advanced Energy Materials - 2011 - Chen - SnTe AgSbTe2 Thermoelectric Alloys.pdf,10.1002/aenm.201100460,ok,5,2,"[text-pass] The paper reports on (Ag0.366Sb0.558Te)1-x(SnTe)x solid solutions. While temperature-dependent plots (Fig 1 and Fig 3) are provided, they are graphical representations without explicit numerical values for specific data points in the text, except for the peak ZT values mentioned in the body text. [figure-pass p1-5] The paper investigates (Ag0.366Sb0.558Te)1-x(SnTe)x solid solutions. Thermoelectric properties (Seebeck, resistivity, power factor, thermal conductivity, ZT) are plotted a"
Advanced Energy Materials - 2011 - Han - Lead‐Free Thermoelectrics  High Figure of Merit in p‐type AgSnmSbTem 2.pdf,10.1002/aenm.201100613,ok,5,8,"[figure-pass p1-5] The AgSnmSbTem+2 series is treated as a solid solution of SnTe and AgSbTe2. Doping sites are not explicitly defined as substitution on specific sublattices in the text, but rather as a mixture of SnTe and AgSbTe2. Thermoelectric properties were visually estimated from the provided figures. "
Advanced Energy Materials - 2017 - Hong - Achieving zT   2 in p‐Type AgSbTe2 xSex Alloys via Exploring the Extra Light.pdf,10.1002/aenm.201702333,ok,7,9,"[text-pass] The article focuses on AgSbTe2-xSex alloys. Data points were extracted from the body text. Figure 1a and Figure 2 provide trends, but specific numerical values were primarily sourced from the text descriptions of those figures. [figure-pass p1-5] Data extracted from Figure 1a for ZT vs T. Other properties (S, sigma, kappa) were plotted but ZT was the primary focus for the requested extraction. [figure-pass p6-7] The provided pages contain TEM images, experimental methodology descript"
Advanced Energy Materials - 2026 - Li - Rare‐Earth Yttrium Doping Advances High‐Performance AgSbTe2 Thermoelectrics.pdf,10.1002/aenm.202505258,ok,11,12,"[text-pass] Doping levels (x) are given as atomic fractions in the formula AgSb1-xYxTe2. The site is assumed to be Sb based on the formula notation. Thermoelectric properties were extracted from the body text. [figure-pass p1-5] The provided pages contain text describing the synthesis and characterization of Y-doped AgSbTe2, but do not contain the actual property-vs-temperature plots (e.g., Figure 4a, 4b, 4c, 4d are referenced in the text but the corresponding plots are not included in the provi"
Advanced Materials - 2006 - Androulakis - Nanostructuring and High Thermoelectric Efficiency in p‐Type Ag Pb1   ySny mSbTe2.pdf,10.1002/adma.200502770,ok,4,7,[text-pass] The Ag(Pb1-ySny)mSbTe2+m series is described as a bulk nanocomposite. Doping sites are inferred based on the formula structure where Pb/Sn/Sb are substituted into the AgSbTe2 parent lattice. Specific property values were extracted from the text and Figure 1d/3a. [figure-pass p1-4] Data extracted from figures 1 and 3. Only representative samples with clear data points were included. 
Advanced Materials - 2022 - Zhang - Defect‐Engineering‐Stabilized AgSbTe2 with High Thermoelectric Performance.pdf,10.1002/adma.202208994,ok,9,10,[text-pass] The article reports AgSbTe2-family compounds doped with Se and S. The specific composition AgSbTe1.85Se0.1S0.05 is highlighted as the optimized material. Other compositions like AgSbTe1.85Se0.15 and AgSbTe1.82Se0.12S0.06 are mentioned in figures or calculations but the primary experimental data is focused on the co-doped sample. [figure-pass p1-5] Data extracted from Figure 1A for ZT values at 673 K. Doping sites identified as Te based on text description of Se and S substitution on 
Advanced Materials - 2023 - Taneja - High Thermoelectric Performance in Phonon‐Glass Electron‐Crystal Like AgSbTe2.pdf,10.1002/adma.202307058,ok,11,10,"[text-pass] The paper reports AgSb1-xYbxTe2 samples with x = 0, 0.02, 0.04, and 0.06. Doping is identified as Yb3+ substituting at the Sb3+ site. Thermoelectric properties were extracted from the body text. [figure-pass p1-5] Data extracted from Figure 1b and 1d. Doping site for Yb is specified as Sb site in the text. [figure-pass p6-10] Data extracted from Figures 3, 4, and 5 and accompanying text. Electrical conductivity and Seebeck coefficient values from Fig 5a and 5b are visual estimates. ["
Advanced Materials - 2024 - Li - High‐Performance AgSbTe2 Thermoelectrics  Advances  Challenges  and Perspectives.pdf,10.1002/adma.202409275,ok,23,6,"[text-pass] Data extracted from Table 1 of the provided article. Only a subset of samples from the table were included as examples. The table contains many more entries for AgSbTe2-family compounds. [figure-pass p1-5] The provided pages contain a summary table (Table 1) of thermoelectric properties for various AgSbTe2-based materials, but no plots showing Seebeck coefficient, electrical conductivity, thermal conductivity, lattice thermal conductivity, power factor, or ZT as a function of tempera"
Advanced Materials - 2026 - Maria - Chemical Bonding and Crystal Structure Design for Low Thermal Conductivity in Inorganic.pdf,10.1002/adma.74614,ok,53,0,"[text-pass] The provided article is a review paper on thermal conductivity in inorganic solids. While it mentions AgSbTe2 and related compounds (e.g., AgSnSbTe3, AgGeSnSbTe4, AgGaTe2) in the context of bonding and structural design principles, it does not provide specific experimental thermoelectric property data (Seebeck coefficient, electrical conductivity, etc.) for these materials in the form of tables or explicit values. The text discusses general trends and cites other works for data, but "
Advanced Science - 2022 - Tee - Thermoelectric Silver‐Based Chalcogenides.pdf,10.1002/advs.202204624,ok,35,8,[text-pass] Data extracted from Table 1 of the provided article. Only AgSbTe2-family compounds with explicit doping/alloying and thermoelectric properties were included. [figure-pass p1-5] Data extracted from Table 1. Only AgSbTe2-family compounds with explicit doping/alloying were included. Other entries in the table were excluded if they did not fit the AgSbTe2-family criteria. [figure-pass p6-10] The provided pages discuss AgSbTe2-family compounds in the context of general thermoelectric mate
Angew Chem Int Ed - 2026 - Han - Lead‐Doping Enabled Band Engineering and Phonon Transport Modulation  Key to.pdf,10.1002/anie.2554196,ok,11,8,"[figure-pass p1-5] Data extracted from body text and Figure 3. Figure 3 plots show temperature dependence for x=0, 0.02, 0.04, 0.06 samples. Values for x=0.04 and x=0 are explicitly mentioned in the text. [figure-pass p11-11] The provided page contains only a 'Supporting Information' header and a list of supplementary materials. No thermoelectric property data or plots are present on this page. "
Annalen der Physik - 2020 - Liu - Evaluation of Thermoelectric Properties of Ag0 366Sb0 558Te.pdf,10.1002/andp.201900561,ok,7,5,"[text-pass] The article focuses on Ag0.366Sb0.558Te and its Sn-doped variants. Specific thermoelectric property values (Seebeck, electrical conductivity, etc.) are provided in figures (Fig 5, Fig 6, Fig 7) but the exact numerical data points for each temperature were not provided in a table format, so only the peak ZT and lattice thermal conductivity values explicitly mentioned in the text were extracted. [figure-pass p1-5] Data extracted from Fig 5 and 6. Note that Fig 5b plots resistivity (rho"
Band convergence and nanostructure modulations lead to high thermoelectric performance in SnPb0.04Te-y_ AgSbTe2.pdf,10.1016/j.mtphys.2021.100505,ok,7,12,"[text-pass] The paper reports a series of SnPb0.04Te-y%AgSbTe2 samples. Data for y=12% and y=25% were extracted as representative samples. Note: The Seebeck coefficient units in the text are reported as mV K-1, which appears to be a typo in the source text (likely should be µV K-1), but the values were extracted exactly as written. [figure-pass p1-5] Data extracted from body text and figures. Property values for y=0 to 25 are plotted in Fig 3 and Fig 5. [figure-pass p6-7] Data extracted from Fig"
Band convergence strategy to improve thermoelectric performance in Ti-Doped AgSbTe2.pdf,10.1088/1402-4896/ad3c74,ok,9,8,"[text-pass] The paper reports properties for Ag1.05Sb1-xTixTe2 (x = 0, 0.005, 0.01, 0.02, 0.03). Specific numerical values for properties were extracted from the body text where explicitly stated. Other values were presented in plots (Figure 4 and 6) without explicit numerical tables, so only text-referenced values were included. [figure-pass p1-5] The provided pages contain information about the synthesis and characterization (XRD, SEM, HRTEM) of Ti-doped Ag1.05Sb1-xTixTe2 samples, but they do "
"Carrier optimization and reduced thermal conductivity leading to enhanced thermoelectric performance in (Mg, S) co-doped AgSbTe2.pdf",10.1016/j.mtphys.2024.101358,ok,10,8,"[text-pass] Data extracted from the body text of the article. The paper reports multiple compositions (x=0.02, 0.03, 0.04; y=0.05, 0.1, 0.15), but specific numerical values for properties are primarily provided for the optimized AgSb0.97Mg0.03Te2 and AgSb0.97Mg0.03Te1.90S0.10 samples. [figure-pass p1-5] The paper discusses Mg and S co-doped AgSbTe2. Thermoelectric properties were extracted from the body text and Fig. 4. Fig. 4(a-c) shows temperature-dependent data for various compositions (x=0-0"
Carrier scattering mechanism change in Se and S co-doped AgSbTe2 thermoelectric materials.pdf,10.1007/s43207-026-00585-7,ok,12,11,"[text-pass] The article focuses on re-analyzing experimental data from Zhang et al. (2022) using the SPB model. Specific thermoelectric property values (other than the ZT of 2.3 at 673 K) are presented as trends in plots (Figs 2-6) rather than discrete numerical tables, so they were not extracted as individual data points per the instructions. [figure-pass p1-5] The provided pages contain plots of Hall mobility vs temperature (Fig 1) and Seebeck coefficient vs carrier concentration (Fig 2a), but"
Charge Compensation Modulation of the Thermoelectric Properties in AgSbTe2 via Mn Amphoteric Doping.pdf,10.1021/acs.inorgchem.9b00852,ok,8,9,"[text-pass] The paper discusses Mn doping on Ag and Sb sites in AgSbTe2. MnSb is identified as a positive dopant (acceptor) and MnAg as a negative dopant (donor). Amphoteric doping refers to the simultaneous substitution of both sites. [figure-pass p6-8] The provided pages contain text discussing thermoelectric properties of Mn-doped AgSbTe2 and references to figures (Fig 4a, 4b, 4c, 4d), but the actual plots/graphs are not included in the provided image files. Therefore, no numerical data could"
ChemNanoMat - 2022 - Cui - Advances and Challenges of AgSbSe2‐based Thermoelectric Materials.pdf,10.1002/cnma.202200301,ok,8,0,"[text-pass] The provided article is a review paper focused on AgSbSe2-based thermoelectric materials. While it mentions AgSbTe2 as a reference compound and cites specific high-performance values for AgSbTe2-based alloys (e.g., ZT of 1.53 at 720 K for TAGS, ZT of 2.2 at 800 K for LAST, and ZT of 2.6 at 573 K for Cd-doped AgSbTe2), it does not provide the detailed, sample-specific doping and thermoelectric property data tables required for extraction. The article serves as a review and does not co"
Chen_2012_J._Phys._D__Appl._Phys._45_115302.pdf,10.1088/0022-3727/45/11/115302,ok,6,8,"[text-pass] The article presents thermoelectric properties for (Ag0.366Sb0.558Te)1-x(GeTe)x solid solutions with x = 0, 0.02, 0.04, 0.06, and 0.08. All thermoelectric property data (Seebeck coefficient, electrical conductivity, power factor, thermal conductivity, and ZT) are provided as temperature-dependent plots (Figs 3, 4, and 5) rather than discrete numerical values in tables. The doped site for GeTe is not explicitly specified, so it is marked as unclear. [figure-pass p1-5] Data extracted f"
"Contrasting roles of small-radius metals (Cu, Zn, Ni) in enhancing the thermoelectric properties of AgSbTe2.pdf",10.1016/j.jallcom.2026.189224,ok,8,9,[figure-pass p6-8] The provided pages do not contain any plots of thermoelectric properties vs temperature. The ZT value for AgSb0.97Cu0.03Te2 was extracted from the text in the conclusion section. 
Drymiotis_2011_J._Phys.__Condens._Matter_23_135305.pdf,10.1088/0953-8984/23/13/135305,ok,8,4,"[text-pass] The paper discusses Cu0.2Ag2.8SbSeTe2 as a two-phase alloy (Ag2Te and AgSbTe2). Electrical resistivity values were reported in mΩ cm; these were extracted as electrical conductivity properties per the schema requirements. [figure-pass p1-5] The provided pages contain information about the synthesis and characterization of Cu0.2Ag2.8SbSeTe2, but do not contain any plots of thermoelectric properties (Seebeck coefficient, electrical conductivity, thermal conductivity, power factor, or Z"
Du_2018_Chinese_Phys._B_27_048102.pdf,10.1088/1674-1056/27/4/048102,ok,12,3,"[text-pass] The article discusses AgSbTe2-family compounds primarily as components in solid solutions with GeTe (TAGS) or as AgSbSe2 alloys. Specific thermoelectric data points were extracted for the (GeTe)80(AgSbSe2)20 composition mentioned in the text. [figure-pass p1-5] The provided pages discuss Sn-based, Ge-based, and Si-based chalcogenides (SnSe, SnS, SnTe, GeSe, GeS, etc.). While AgSbTe2 is mentioned as a family in the prompt, the provided text and figures do not contain any thermoelectri"
Effect of Ce Substitution for Sb on the Thermoelectric Properties of AgSbTe2 Compound.pdf,10.1007/s11664-014-3076-7,ok,6,11,"[text-pass] The paper reports Ce-doped AgSbTe2.01 compounds. Lattice thermal conductivity for Ce-doped samples is reported as 0.30 to 0.55 W m-1 K-1. Seebeck coefficient for Ce-doped samples is reported as 220 to 270 uV K-1. [figure-pass p1-5] Data extracted from figures 4, 5, and 6. Values are visual estimates from the plots. [figure-pass p6-6] The provided page contains text describing thermoelectric properties of AgSbTe2-family compounds, specifically Ce-doped AgSbTe2.01. No plots were provid"
Effect of La-doping on AgSbTe2 thermoelectric compounds.pdf,10.3938/jkps.68.164,ok,6,10,"[text-pass] Dopant site is assumed to be Sb based on the formula Ag(Sb1-xLax)Te2. All samples were fabricated as Ag(Sb1-xLax)Te2. [figure-pass p1-5] The paper investigates La-doped AgSbTe2. While figures 3, 4, 5, and 7 provide temperature-dependent data for all samples, the values are visually estimated from the plots. Specific peak ZT values were extracted from the text. [figure-pass p6-6] The provided page contains only a list of references and no thermoelectric property data or plots for AgSb"
Effects_of_nano-domains_on_thermoelectric_properties_in_telluride_system.pdf,10.1109/NMDC.2011.6155313,ok,4,2,"[text-pass] The paper discusses AgSbTe2 and Ag-doped Bi0.5Sb1.5Te3. Only AgSbTe2 data was extracted as requested for the AgSbTe2-family. The Bi-Sb-Te samples were excluded as they are not AgSbTe2-family compounds. No explicit doping ratio was provided for the AgSbTe2 sample in the text, it is treated as the base compound. [figure-pass p1-4] The paper focuses on AgSbTe2 and Ag-doped Bi0.5Sb1.5Te3. Only AgSbTe2 data was extracted as it is the only AgSbTe2-family compound reported with thermoelectr"
Electron transport properties of La-doped AgSbTe2 thermoelectric compounds.pdf,10.1007/s13391-011-0914-0,ok,6,10,[figure-pass p1-5] The paper provides Seebeck coefficient and electrical resistivity data in Table 2 at room temperature and in Figures 4 and 5 as a function of temperature. Power factor is shown in Figure 6. Values for Seebeck coefficient at 150C for x=0.02 are mentioned in the text. [figure-pass p6-6] The provided page contains only a list of references and no thermoelectric property data or plots for AgSbTe2-family compounds. 
Enhanced Thermoelectric Properties of AgSb1–xPbxBiySe2 Achieved via Microwave Smelting Combined with Spark Plasma Sintering.pdf,10.1021/acsami.4c20502,ok,11,7,"[text-pass] The article focuses on AgSbSe2-family compounds. Data for AgSbTe2 is mentioned in the introduction as a comparison but no specific experimental data for AgSbTe2 samples was provided in the text. [figure-pass p1-5] Data extracted from Figures 2 and 4. Only representative samples (x=0 and x=0.05) were extracted for brevity as per instructions to identify distinct samples. [figure-pass p6-10] Data extracted from Figures 6 and 9. Note that the paper refers to AgSbTe2-family compounds, th"
Enhanced thermoelectric composite performance from graphene nanosheets additives in AgSbTe2 matrix.pdf,10.1016/j.ceramint.2022.06.092,ok,8,12,[text-pass] The paper reports graphene/AgSbTe2 composites. The pristine AgSbTe2 matrix is noted as non-stoichiometric (Ag0.83Sb1.09Te2). Electrical conductivity values at room temperature are provided in text. ZT values at 500K are provided in text. Lattice thermal conductivity at 300K is provided in text. 
Enhanced thermoelectric performance and novel nanopores in AgSbTe2 prepared by melt spinning.pdf,10.1016/j.jssc.2010.10.036,ok,6,2,"[text-pass] The sample MS-SPS is a nanostructured AgSbTe2 compound containing 5-10 nm nanopores. No chemical dopants were added; the material is described as single-phase AgSbTe2 with nanopores. [figure-pass p1-5] The paper discusses AgSbTe2 prepared by different methods (MS-SPS, SPS, MA, MC). No dopants were added; the nanostructure/nanopores are the focus. Data extracted for the primary sample MS-SPS from the provided figures. [figure-pass p6-6] The provided page contains only a list of refere"
Enhanced thermoelectric performance in AgSbTe2 with extremely low thermal conductivity via grain boundary defects.pdf,10.1063/5.0255308,ok,8,7,"[text-pass] The paper reports Fe-doped AgSbTe2 with the formula AgSb1-xFexTe2.01. Data for x=0, 0.01, and 0.03 were extracted from the text. The site for Fe doping is inferred as Sb based on the lattice constant reduction mentioned in the text. [figure-pass p1-5] Data extracted from Fig 1 and body text. The samples are Fe-doped AgSbTe2, specifically AgSb1-xFe_xTe2.01. [figure-pass p6-8] The provided pages contain information about Fe-doped AgSbTe2 (AgSb0.97Fe0.03Te2.01) and its thermoelectric pe"
Enhanced thermoelectric performance in Bi-doped p-type AgSbTe2 compounds.pdf,10.1063/1.4828478,ok,6,10,[figure-pass p1-5] Data extracted from Table I and Figure 5. ZT values at 570 K for samples other than x=0.05 were visually estimated from Figure 5. [figure-pass p6-6] The provided page contains only a list of references and acknowledgments. No thermoelectric property data or plots for AgSbTe2-family compounds are present. 
Enhanced thermoelectric performance in Na-doped p-type nonstoichiometric AgSbTe2 compound.pdf,10.1016/j.jallcom.2010.10.131,ok,5,10,"[figure-pass p1-5] Data extracted from figures 5, 7, and 8. Values at 300K were visually estimated from the plots. "
Enhanced thermoelectric performance of p-type sintered BiSbTe-based composites with AgSbTe2 addition.pdf,10.1016/j.ceramint.2020.08.182,ok,7,9,[text-pass] The paper reports Bi0.48Sb1.52Te3 (BST) composites with AgSbTe2 addition. Doping site is inferred as multiple sites (Bi/Sb sites and interstitial) based on the text discussion of Ag ions occupying Bi/Sb positions and entering the interlayer. [figure-pass p1-5] The samples are composites of Bi0.48Sb1.52Te3 (BST) with varying weight percentages of AgSbTe2. Doping site is inferred from the text stating Ag+ ions may occupy Bi3+/Sb3+ sites. [figure-pass p6-7] The paper discusses BST (Bi0.
Enhanced thermoelectric performance of.pdf,10.1063/1.3106102,ok,5,2,[text-pass] The paper reports on the synthesis of AgSbTe2 using a high pressure and high temperature (HPHT) method. No intentional chemical doping was performed; the study focuses on the effect of the synthesis method on the properties of the stoichiometric compound. [figure-pass p1-5] The AgSbTe2 sample was synthesized by HPHT. No dopants were added; it is the parent compound. Thermoelectric properties were extracted from the provided figures and text. 
Enhanced thermoelectric properties of AgSbTe2 obtained by controlling heterophases with Ce doping.pdf,10.1038/s41598-017-04885-1,ok,8,11,[text-pass] Dopant site is assumed to be Sb based on the formula AgSb1-xCexTe2. Only explicit numerical values for ZT and power factor were extracted from the text. [figure-pass p1-5] Thermoelectric properties were visually estimated from the plots in Figure 4. The sample IDs correspond to the Ce doping concentration x in Ag1-xCe_xTe2. [figure-pass p6-8] The paper discusses Ce-doped AgSbTe2. A ZT value of 1.5 at 673 K is explicitly stated in the body text for the x=0.002 sample. Figure 6 shows Z
Entropy engineering enhances the thermoelectric performance and microhardness of (GeTe)1−x(AgSb0.5Bi0.5Te2)x.pdf,10.1007/s40843-022-2211-8,ok,11,4,"[text-pass] The article focuses on (GeTe)1-x(AgSb0.5Bi0.5Te2)x alloys. Data for specific samples were extracted from the body text. Other samples (x=0.10, 0.15, 0.25, 0.35, 0.40) were mentioned as prepared but specific thermoelectric values were not explicitly listed in the text for all of them. [figure-pass p1-5] The provided pages discuss the (GeTe)1-x(AgSb0.5Bi0.5Te2)x system (TABGS alloys). While this system incorporates AgSbTe2-family components, the thermoelectric property-vs-temperature p"
Excellent thermoelectric performance achieved over broad temperature plateau in indium-doped SnTe-AgSbTe2 alloys.pdf,10.1063/1.5018477,ok,5,4,[text-pass] The paper focuses on SnTe-based alloys. AgSbTe2 is used as an alloying agent to form (Sn0.995In0.005Te)1-x(Ag0.366Sb0.558Te)x. The Ag and Sb atoms are described as substituting for Sn sites in the SnTe matrix. [figure-pass p1-5] The paper investigates SnTe-AgSbTe2 alloys doped with Indium. The AgSbTe2 component is represented as Ag0.366Sb0.558Te. Data for x=0.05 and x=0.20 were extracted from Fig. 4. 
First-principles calculation of semiclassical thermoelectric properties of (AgSbSe2)n(AgSbTe2)n superlattices.pdf,10.1016/j.jallcom.2015.07.290,ok,6,3,"[text-pass] The article is a theoretical study using first-principles calculations. No experimental thermoelectric property tables or plots with specific numerical values were provided in the text; the plots (Fig 2, 4, 5) show trends but do not provide readable numerical data points. The only explicit numerical thermoelectric value provided is for the ZT of bulk AgSbTe2 from a cited reference. [figure-pass p1-5] The paper focuses on first-principles calculations of thermoelectric properties for "
Ge-induced cation ordering for enhanced thermoelectric performance in AgSbTe2.pdf,10.1039/d5ta10429g,ok,13,11,"[figure-pass p1-5] Thermoelectric properties were extracted from Figure 3. Doping site is inferred as Sb based on the formula AgSb1-xGexTe2 and the text stating Ge preferentially occupies Sb sites. [figure-pass p11-13] The provided pages contain only a list of references and no figures, tables, or body text containing thermoelectric property data for AgSbTe2-family compounds. "
Glassy thermal conductivity in the two-phase CuxAg3−xSbSeTe2 alloy and high temperature thermoelectric behavior.pdf,10.1088/0953-8984/22/3/035801,ok,6,6,"[text-pass] The samples are described as Ag3SbSeTe2 (or CuxAg3-xSbSeTe2) formed by reacting AgSbTe2 and Ag2Se. The dopant site for Cu is inferred as Ag based on the formula Ag3-x. The Seebeck coefficient (thermopower) is reported as approximately 230 uV K-1 at 700 K for all samples, but no specific values for electrical conductivity or ZT were provided in the text beyond general ranges or qualitative statements. [figure-pass p1-5] The paper discusses Cu-doped AgSbTe2-family alloys (specifically "
High Power Factor of HPHT-Sintered GeTe-AgSbTe2 Alloys.pdf,10.1007/s11664-010-1383-1,ok,8,12,"[text-pass] The samples are alloys of GeTe and AgSbTe2 (TAGS-85, x=0.15). No specific dopants were added; the study focuses on the effect of HPHT sintering conditions on the intrinsic properties of the TAGS-85 alloy. Therefore, no dopant_or_codopant entries are provided. [figure-pass p1-5] The paper discusses TAGS-85 and TAGS-80 alloys. While the text mentions temperature-dependent measurements of Seebeck coefficient and electrical conductivity, no plots showing these properties as a function of"
Impact of In Situ Generated Ag2Te Nanoparticles on the Microstructure and Thermoelectric Properties of AgSbTe2 Compounds.pdf,10.1007/s11664-011-1620-2,ok,5,4,"[text-pass] The paper investigates (Ag2Te)x(Sb2Te3)100-x composites. The samples are described as AgSbTe2-family compounds with in situ generated Ag2Te nanoparticles. Specific numerical values for properties at various temperatures were presented in figures (Fig 3, 4, 6) but not in tabular form; only select peak values were explicitly stated in the body text. [figure-pass p1-5] The samples are composites of Ag2Te and Sb2Te3 described by the formula (Ag2Te)x(Sb2Te3)100-x. Properties were extracte"
Improved Thermoelectric Properties in Structure Controlled Ag-Sb-Te System.pdf,,ok,5,4,[text-pass] The samples are parts of a single boule of Ag0.208Sb0.275Te0.517. No extrinsic dopants were added; the composition is non-stoichiometric relative to AgSbTe2. Z values are reported as Z [10^-3 /K] in the table and text. [figure-pass p1-5] The paper investigates Ag0.208Sb0.275Te0.517 boules. No specific dopants are mentioned; the composition is treated as a specific Ag-Sb-Te system stoichiometry. Thermoelectric properties were extracted from Table 1 for room temperature. Figures 5-8 sh
Impurity band engineering and hierarchical defect scattering enable high zT in Co-doped AgSbTe2.pdf,10.1039/d5ta09240j,ok,9,9,"[text-pass] The paper reports a series of AgSb1-xCoxTe2 samples (x=0, 0.01, 0.02, 0.03, 0.04). Data for the pristine sample (x=0) and the optimized sample (x=0.03) were extracted from the text. Other compositions were mentioned but specific numerical values were not explicitly provided in the text for all properties. [figure-pass p1-5] The provided pages contain information about the synthesis and characterization of Co-doped AgSbTe2, but do not contain any plots or tables showing thermoelectric"
Impurity phase elimination enabled high thermoelectric and mechanical performance in GeTe alloyed with AgSbSe2.pdf,10.1016/j.tramat.2025.100062,ok,10,3,"[text-pass] The paper focuses on GeTe alloyed with AgSbSe2. The dopant sites are described as Ag and Sb substituting Ge and Se substituting Te. ZT values and other properties were extracted from the body text. [figure-pass p1-5] The provided pages focus on the mechanical properties (Vickers hardness, compressive strength, fracture toughness, Young's modulus) of GeTe-AgSbTe2 alloys. While the abstract mentions an average ZT of 1.07 for (GeTe)80(Ag0.8Sb1.2Se2)20, there are no plots or tables provi"
Influence of In doping on the thermoelectric properties of an AgSbTe2 compound with enhanced figure of merit.pdf,10.1039/c3ta14547f,ok,6,8,[text-pass] Doping site for In is identified as Sb based on the text stating 'In substitutes Sb in the AgSbTe2 crystal lattice'. Thermoelectric properties at 300 K were extracted from Table 1. Peak power factor and ZT values were extracted from the body text. [figure-pass p6-6] The provided page contains only a list of references and no thermoelectric property data or plots for AgSbTe2-family compounds. 
Influence of mechanochemical syntheses and compacting methods on the thermoelectric properties of nanostructured AgSnmSbTe2+m (TAST-m).pdf,10.1088/0268-1242/29/12/124009,ok,10,7,"[text-pass] The article reports thermoelectric properties (Seebeck coefficient, electrical conductivity, thermal conductivity, ZT) for TAST-m series (m=10, 12, 16, 20, 25) via plots (Fig 8-15). Specific numerical values for these properties at specific temperatures were not provided in tables, only plotted curves. The dopant site is identified as 'multiple sites' because Ag and Sb substitute into the SnTe cation sublattice. [figure-pass p1-5] The provided pages contain structural characterizatio"
Influence of nanoscale Ag2 Te precipitates on the thermoelectric properties of the Sn doped P-type AgSbTe2 compound.pdf,10.1063/1.4896435,ok,8,13,"[figure-pass p1-5] The paper discusses Sn-doped AgSbTe2. While the text mentions that Fig. 4 shows temperature-dependent thermoelectric properties, the provided images do not include Fig. 4. Therefore, only the electrical conductivity value explicitly mentioned in the body text for the x=0.03 sample is included. [figure-pass p6-8] Data extracted from Fig 4 and Fig 5. Values are visual estimates from the plots. "
Ioffe–Regel limit and lattice thermal conductivity reduction of high performance (AgSbTe2)15(GeTe)85 thermoelectric materials.pdf,10.1039/c3ta15147f,ok,6,12,"[text-pass] The paper investigates (AgxSbTex/2+1.5)15(GeTe)85 alloys. The Ag/Sb ratio is defined as x. The dopant sites are not explicitly stated as Ag or Sb substituting for Ge, so 'unclear' is used. Electrical conductivity values in Tables 1 and 2 are reported as mobility (cm2 V-1 s-1). [figure-pass p1-5] Data extracted for Ag/Sb ratio 0.4 samples (AQ and MS) as representative examples from the provided figures. Values are visual estimates from the plots. [figure-pass p6-6] The provided page c"
Irie_1963_Jpn._J._Appl._Phys._2_72.pdf,,ok,12,3,"[text-pass] The provided article text contains only the title, citation information, and references to other papers. No experimental data, tables, or figures containing thermoelectric properties or doping information for AgSbTe2-family compounds were present in the provided content. [figure-pass p1-5] The provided pages contain plots of electrical conductivity and thermoelectric power as a function of distance along a bar (L), not as a function of temperature. Figure 5 and Figure 6 show electric"
Kinetik Properties of (AgSbТe2)0.8(PbTe)0.2.pdf,10.1134/S1063782625602201,ok,6,2,"[text-pass] The article focuses on the kinetic properties of (AgSbTe2)0.8(PbTe)0.2. While Hall coefficient data is also presented in Fig. 5, it is not listed as a required thermoelectric property in the schema. No thermal conductivity or ZT values were explicitly provided in the text or figures. [figure-pass p1-5] The compound (AgSbTe2)0.8(PbTe)0.2 is a solid solution. Thermoelectric properties (electrical conductivity and Seebeck coefficient) were extracted from Fig. 3 and Fig. 4 respectively. "
Large Mobility Enables Higher Thermoelectric Cooling and Power Generation Performance in n‑type AgPb18+xSbTe20 Crystals.pdf,10.1021/jacs.3c09655,ok,9,7,"[text-pass] The AgPb18+xSbTe20 compounds are Pb-compensated AgSbTe2-family crystals. The polycrystalline samples were prepared for comparison. Values were extracted from the body text. [figure-pass p1-5] The paper focuses on AgPb18+xSbTe20 crystals, which are alloys/solid solutions of the AgSbTe2-PbTe system. Thermoelectric properties were extracted from both body text and figures as indicated. [figure-pass p6-9] The provided pages discuss AgPb18.4SbTe20 (a member of the AgSbTe2-family) but do n"
"Large-scale production of (GeTe)x(AgSbTe2)100−x (x=75, 80, 85, 90) with enhanced thermoelectric properties via gas-atomization and spark plasma sintering.pdf",10.1016/j.actamat.2017.01.053,ok,11,8,"[text-pass] The samples are solid solutions of GeTe and AgSbTe2. No specific dopants were added; the composition variation is defined by the x value in (GeTe)x(AgSbTe2)100-x. Thermoelectric properties were extracted from the text in Section 3.2. [figure-pass p1-5] The provided pages contain information about the synthesis, microstructure, and XRD analysis of (GeTe)x(AgSbTe2)100-x (TAGS-x) samples. However, there are no plots or tables showing thermoelectric properties (Seebeck coefficient, elect"
Low lattice thermal conductivity by alloying SnTe with AgSbTe2 and CaTe-MnTe.pdf,10.1063/1.5109465,ok,6,7,"[text-pass] The article discusses SnTe-AgSbTe2 alloys doped with Ca, Mn, Sn, and I. Specific numerical values for properties like Seebeck coefficient, electrical conductivity, etc., are presented in figures (Fig 1-5) but not in tabular format, making precise extraction of data points at specific temperatures difficult without raw data. Only explicitly stated values (e.g., lattice thermal conductivity 0.4 W/m K) were extracted. [figure-pass p1-5] Data extracted from figures 2 and 3. The samples a"
Low solubility and transport consequences of Eu addition in AgSbTe2 thermoelectrics.pdf,10.1016/j.physb.2026.418712,ok,5,7,"[text-pass] The paper reports nominal Eu doping levels (0-8 wt%) in AgSbTe2. XRD and SEM/EDX analysis indicate that Eu has very limited solubility and primarily forms secondary phases (Ag2Te and EuTe), so the doped_site is marked as 'unclear' as it does not substitute into the lattice in a standard way. Electrical conductivity values at room temperature were extracted from Table 1. [figure-pass p1-5] Data for 0 wt% and 4 wt% Eu samples were extracted from Fig. 3. Other compositions (2, 6, 8 wt%)"
Nanostructures in high-performance (GeTe)x(AgSbTe2)100−x thermoelectric materials.pdf,10.1088/0957-4484/19/24/245707,ok,6,8,"[text-pass] The samples are solid solutions of GeTe and AgSbTe2, referred to as TAGS-x. No specific dopant elements were added; the composition variation is defined by the alloying ratio x. [figure-pass p1-5] Data extracted from figures 2 and 3. TAGS-x refers to (GeTe)x(AgSbTe2)100-x. [figure-pass p6-6] The provided page contains text discussing the microstructure and thermoelectric properties of TAGS alloys (AgSbTe2-SnTe system), but it does not contain any plots or tables showing thermoelectri"
Optimized Carrier Concentration and Reduced Thermal Conductivity in Cu-Deficient CuGaTe2 Alloyed with AgSbTe2 for Superior Thermoelectric Performance.pdf,10.1021/acsami.6c05111,ok,11,16,"[text-pass] The paper focuses on CuGaTe2 alloyed with AgSbTe2. The samples are described as (Cu0.96GaTe2)1-x(AgSbTe2)x. Doping sites for AgSbTe2 are considered 'multiple sites' as it involves alloying the matrix. Electrical and thermal properties were extracted from the body text. [figure-pass p1-5] The paper investigates Cu-deficient CuGaTe2 alloyed with AgSbTe2. Thermoelectric properties (electrical conductivity, Seebeck coefficient, power factor) are plotted as a function of temperature in Fi"
Optimized Thermoelectric Properties of AgSbTe2 through Adjustment of.pdf,10.1007/s13391-014-4152-0,ok,5,12,"[text-pass] The paper investigates the effect of fabrication parameters (sintering temperature and pressure) on AgSbTe2 rather than chemical doping. Therefore, no dopants are listed. Thermoelectric properties were extracted from Table 1 and the body text. [figure-pass p1-5] The paper investigates AgSbTe2 samples fabricated under different conditions (sintering temperature and pressure). No extrinsic dopants were added; the variations are in fabrication parameters. ZT values were visually estimat"
Peng2014.pdf,10.1039/c3ta13729e,ok,7,14,[text-pass] The AgSbTe2 is added as nanoinclusions to the Yb0.2Co4Sb12 matrix. The doping of the matrix by Te is inferred from carrier concentration changes. [figure-pass p1-5] The paper describes nanocomposites of Yb0.2Co4Sb12 with AgSbTe2 inclusions. The AgSbTe2 inclusions act as a source of Te doping into the skutterudite matrix. Seebeck coefficient values at 300 K were extracted from Fig. 6 and the body text. [figure-pass p6-7] The samples are composites of Yb0.2Co4Sb12 matrix with AgSbTe2 n
"Phase compositions, nanoscale microstructures and thermoelectric properties in Ag2−ySbyTe1+y alloys with precipitated Sb2Te3 plates.pdf",10.1016/j.actamat.2010.04.007,ok,10,12,[text-pass] The samples are nonstoichiometric Ag2-ySbyTe1+y alloys. The 'dopant' is interpreted as the excess Sb content (y) relative to the stoichiometric AgSbTe2. Thermoelectric properties were extracted from the body text where specific values were provided for specific samples. [figure-pass p1-5] The samples are nonstoichiometric Ag2-ySbTe1+y alloys. The dopant/composition variation is represented by the y value. The properties were extracted from the temperature-dependent plots in Fig. 4. 
Phase diagram and thermoelectric properties.pdf,,ok,3,10,"[text-pass] The paper investigates the Ag3-xSb1+xTe4 system. The samples are treated as variations of the AgSbTe2 stoichiometry. Electrical resistivity values were extracted from Table I as proxies for electrical conductivity data. [figure-pass p1-3] The paper discusses the Ag3-xSb1+xTe4 system. While Figure 4 shows Seebeck coefficient vs temperature for various x values, the text provides specific peak values for x=1, x=0.8, and x=1.25. No other thermoelectric properties vs temperature were pro"
PhysRevB.79.184202.pdf,10.1103/PhysRevB.79.184202,ok,7,16,"[text-pass] The article discusses the AgSbTe2-AgSbSe2 pseudobinary system. While the paper mentions various compositions (x=0.00 to 2.00), it explicitly provides a ZT value only for the x=0.25 sample. The base compound AgSbTe2 (x=0) is also mentioned as having a ZT value, but the text specifically highlights the x=0.25 sample for the highest experimental ZT of 0.65 at 520 K. [figure-pass p1-5] Data extracted from figures 4, 5, and 6. Seebeck coefficient values were visually estimated from Fig. 5"
PhysRevLett.101.155704.pdf,10.1103/PhysRevLett.101.155704,ok,4,1,"[text-pass] The article is a theoretical study using first-principles cluster expansion and Monte Carlo simulations. It discusses the AgSbTe2-PbTe system but does not report experimental thermoelectric property values (Seebeck, conductivity, etc.) for specific samples. The only composition mentioned with specific site occupancy data is Ag0.45Sb0.44Pb0.11Te, which was analyzed in the context of atomic ordering simulations. [figure-pass p1-4] The provided pages contain theoretical first-principles"
PhysRevLett.99.156403.pdf,10.1103/PhysRevLett.99.156403,ok,4,2,[text-pass] The article focuses on theoretical electronic structure calculations of AgSbTe2 and related compounds. Experimental electrical conductivity data for AgSbTe2 was extracted from the body text on page 4. No doping data was reported for the samples discussed. [figure-pass p1-4] The paper focuses on theoretical calculations of AgSbTe2 and related compounds. Experimental electrical conductivity data for AgSbTe2 is provided in Fig. 3b and discussed in the text. No doping data is provided fo
Physica Status Solidi  a - 2011 - Yusufu - Thermoelectric properties and microstructures of AgSbTe2‐added p‐type Pb0 16Ge0.pdf,10.1002/pssa.201127194,ok,4,8,"[text-pass] The samples are solid solutions of AgSbTe2 and Pb0.16Ge0.84Te. The dopant sites are marked as unclear because the paper describes the formation of two distinct phases (GeTe-based matrix and PbTe-based precipitate) after hot-pressing, rather than simple substitutional doping in a single lattice. [figure-pass p1-4] The samples are solid solutions of AgSbTe2-family (Ag0.5Sb0.5Te) and Pb0.16Ge0.84Te. Thermoelectric properties were extracted from Figures 4 and 5. "
Preparation and characterization of nanostructured (GeTe)75(AgSbTe2)x(AgSbSe2)y thermoelectric materials.pdf,10.1016/j.synthmet.2020.116606,ok,10,14,"[text-pass] The paper describes a series of (GeTe)75(AgSbTe2)x(AgSbSe2)y samples where x+y=25. Se doping is introduced via AgSbSe2 addition. Doped site is marked as unclear as the paper states Se is located in the main phase but does not specify the sublattice (Ag, Sb, or Te). [figure-pass p1-5] The paper discusses TAGSS materials which are (GeTe)75(AgSbTe2)x(AgSbSe2)y. The abstract and text provide specific Seebeck coefficient values for the base TAGSS-75 material. While plots for Seebeck coeff"
Preparation and transport properties of AgSbTe2 by high-pressure and high-temperature.pdf,10.1016/j.jallcom.2006.12.126,ok,4,7,"[text-pass] The paper reports AgSbTe2 synthesized at different pressures (2.0, 3.5, 4.5, 5.2 GPa). No specific chemical dopants were added; the variation in properties is attributed to the synthesis pressure. Power factor values were explicitly mentioned in the text for the 5.2 GPa sample. Other properties (Seebeck, electrical resistivity) were plotted in figures but specific numerical values were not provided in the text. [figure-pass p1-4] The paper reports properties as a function of syntheti"
Rational design of entropy-driven AgSnSbTe3 with enhanced thermoelectric efficiency index for sustainable waste heat recovery.pdf,10.1039/d5se00534e,ok,16,4,[text-pass] The paper reports AgSnSbTe3 as an entropy-stabilized alloy of AgSbTe2 and SnTe. No specific dopants were added; the composition is stoichiometric AgSnSbTe3. Comparison data for Sarkar et al. and Luo et al. are mentioned in the text and tables but are not treated as separate samples for extraction as they are literature references. [figure-pass p1-5] The paper discusses AgSnSbTe3 as an entropy-stabilized alloy of AgSbTe2 and SnTe. No property-vs-temperature plots were provided in the 
Reduced cation disorder and rational design of Ag2Te formation via stepwise optimization strategy to achieve high thermoelectric performance in AgSbTe2.pdf,10.1016/j.jmst.2025.08.053,ok,8,6,"[figure-pass p1-5] The paper focuses on AgSbTe2-based materials with Ag vacancies and Sb2Te3 incorporation. Data for the optimized sample (Ag0.97SbTe2)0.994(Sb2Te3)0.006 was extracted from the provided figures. [figure-pass p6-8] Data extracted from text and Fig 6. Fig 6(b) shows ZT vs T for various compositions, but specific values were extracted from the text descriptions for the pristine and optimized samples. "
Reinvestigation of the influence of Se impurity on the structural and thermoelectric properties of AgSbTe2.pdf,10.1063/1.4731525,ok,5,8,"[text-pass] The paper reports nominal compositions AgSbTe2-xSex (x=0.0, 0.01, 0.02, 0.04, 0.1). Se is assumed to substitute for Te based on the formula notation. Specific numerical values for properties other than thermal conductivity and ZT were presented in plots (Figures 4 and 5) without explicit data tables, so only the text-referenced values were extracted. [figure-pass p1-5] Data extracted from figures 4 and 5 and associated text. The base composition is AgSbTe2, with Se doping on the Te s"
Shinya_2016_Jpn._J._Appl._Phys._55_041801.pdf,10.7567/JJAP.55.041801,ok,7,0,"[text-pass] The provided article is a theoretical study focusing on the structural stability, electronic structure, and chemical bonding of AgSbTe2 using DFT calculations. It does not report experimental thermoelectric property measurements (Seebeck coefficient, electrical conductivity, thermal conductivity, etc.) for any specific doped or alloyed samples. While it mentions (GeTe)x(AgSbTe2)1-x and AgSbTe2 mutations in the context of literature, no quantitative thermoelectric data for these mater"
Small - 2024 - Chen - Cation Modulation in AgSbTe2 Realizes Carrier Optimization  Defect Engineering  and a 7  Single‐Leg.pdf,10.1002/smll.202401723,ok,10,10,"[figure-pass p6-10] The provided pages contain plots of device-level performance (voltage, power, heat flow, conversion efficiency) as a function of temperature difference (delta T), but do not contain plots of material-level thermoelectric properties (Seebeck, conductivity, etc.) as a function of absolute temperature. Material-level ZT values were extracted from the body text. "
Small - 2025 - Iqbal - Realizing High Wide‐Temperature‐Range Thermoelectric Performance in Ga  I  and S co‐doped AgSbTe2.pdf,10.1002/smll.202506235,ok,12,10,[text-pass] Data extracted from the text of the article. Sample IDs and compositions were identified from the text descriptions. [figure-pass p1-5] Data extracted from text and figures. Figure 2 provides temperature-dependent properties for various compositions. The sample AgSb0.98Ga0.02Te1.84S0.10I0.06 is identified as the one with peak ZT. [figure-pass p6-10] Data extracted from figures 4 and 6 and associated text. Sample compositions are defined by the AgSb1-xGaxTe2-y-3xSyIx series. [figure-p
Small - 2026 - Song - Decoupling Electron‐Phonon Transport in AgSbSe2 via Stepwise Cd‐Sb Substitution and Interstitial Se.pdf,10.1002/smll.202514707,ok,10,5,[text-pass] The article focuses on AgSbSe2-based materials. Data for AgSb0.96Cd0.04Se2.02 was extracted from the text. Other compositions (AgSb1-xCdxSe2) were mentioned but specific numerical values for properties were primarily provided for the optimized sample. [figure-pass p1-5] Data extracted from Figure 1c for ZT values of the specified samples. Other properties were mentioned in the text but specific temperature-dependent values were primarily extracted from the provided figures. [figure-p
"State of the art Ag50-xSbxSe50-yTey alloys Their high zT values, microstructures and related phase equilibria.pdf",10.1016/j.actamat.2015.04.011,ok,8,20,[text-pass] The paper investigates Ag50-xSbxSe50-yTey alloys. Stoichiometric (x=25) and non-stoichiometric (x=30) samples are treated as alloys of AgSbTe2 and AgSbSe2. Electrical conductivity values were calculated from the provided electrical resistivity (q) values in Table 1. [figure-pass p1-5] Only ZT vs Temperature data from Fig. 1 was extracted as it was the only property-vs-temperature plot provided. Table 1 provides room temperature data only. [figure-pass p6-8] Data extracted from Fig. 4
Strong anharmonicity induced low lattice thermal conductivity and high thermoelectric performance in system.pdf,10.1063/5.0095121,ok,8,13,[text-pass] The paper investigates (CuInTe2)1-x(AgSbTe2)x and (Cu1-yInTe2)0.95(AgSbTe2)0.05. Data extracted for key samples mentioned in the text. Table I provides lattice thermal conductivity values for various x at 300K and 823K. [figure-pass p1-5] Data extracted from figures 1 and 2 for the (CuInTe2)1-x(AgSbTe2)x system. Values at 300K were visually estimated from the plots. [figure-pass p6-8] The paper investigates (Cu1-yInTe2)0.95(AgSbTe2)0.05 alloys. Thermoelectric properties are provided 
Structural Characterization and Thermoelectric Properties of Br-Doped AgSnm[Sb0.8Bi0.2]Te2+m Systems.pdf,10.3390/ma16155213,ok,10,7,"[figure-pass p1-5] The provided pages contain structural characterization and general descriptions of thermoelectric properties for AgSnm[Sb0.8Bi0.2]Te2+m and Br-doped variants, but they do not contain any plots or tables showing Seebeck coefficient, electrical conductivity, thermal conductivity, lattice thermal conductivity, power factor, or ZT as a function of temperature. [figure-pass p6-10] Data extracted from Table 2 and text descriptions. Figures 4 and 5 show trends but specific values wer"
"Structural, characterization and electrical properties of AgPbmSbTem+2 compounds synthesized through a solid-state microwave technique.pdf",10.1016/j.ijhydene.2015.12.205,ok,9,18,"[figure-pass p1-5] The provided pages contain structural and electrical property data for AgPbmSbTe2+m compounds. While electrical conductivity values are mentioned in the text, there are no property-vs-temperature plots (e.g., Seebeck, conductivity, ZT vs T) provided in the images that allow for data extraction as requested. The figures provided are XRD patterns, lattice constant vs m, and SEM images. [figure-pass p6-9] Data extracted from Table 4 for room temperature properties. Figures 6, 7, "
Synergistic Effect of Mg–Se Co-Doping and Post-Annealing on the Thermoelectric Performance of Polycrystalline AgSbTe2.pdf,10.1021/acsaem.6c01258,ok,10,9,[text-pass] The sample AgSb0.95Mg0.05Te1.85Se0.15 is reported both as unannealed and post-annealed. The properties listed for this sample in the JSON reflect the optimized/annealed state where specified in the text. [figure-pass p1-5] Thermoelectric properties were visually estimated from Figures 2 and 3. The sample IDs correspond to the compositions labeled in the figures. [figure-pass p6-10] Data extracted from Figure 7. Values are visual estimates from the plots. 
Synergistic Optimization of Thermoelectric Performance in AgSbTe2 via Ag Vacancy and In Doping.pdf,10.1021/acsaem.6c00054,ok,10,11,"[text-pass] Data extracted from the article text and Table 1. Ag vacancies were introduced by varying x in Ag1-xSbTe2, and In doping was introduced by varying y in Ag0.97Sb1-yInyTe2. [figure-pass p1-5] Data for ZT vs T was extracted from the figure on the first page. Other properties were available in plots but ZT was prioritized as the primary metric. Doping sites for Ag vacancy and In were identified based on the text description of the synergistic strategy. "
Synergistic Suppression of Bipolar Effect and Lattice Thermal Conductivity Leading to High Average Figure of Merit in Bi0.4Sb1.6Te3 Materials through Alloying with AgSbTe2.pdf,10.1021/acsami.4c12307,ok,11,9,"[text-pass] The paper focuses on Bi0.4Sb1.6Te3 alloyed with AgSbTe2. The AgSbTe2 is treated as an alloying component rather than a simple dopant, but the substitution of Ag on the Bi/Sb site is explicitly mentioned. Data for the x=0.15 sample is highlighted as the optimal composition. [figure-pass p1-5] Data extracted from the provided figures and text. ZT and thermal conductivity values were visually estimated from the plots in Figure 1. Electrical conductivity values at 303 K were extracted fr"
"Synergistically optimizing charge and phonon transport properties in n-type PbTe via introducing ternary compound AgSb(Se, Te)2.pdf",10.1016/j.jallcom.2019.152463,ok,6,5,"[text-pass] The article focuses on n-type PbTe doped with Sb and alloyed with AgSbTe2 or AgSbSe2. The AgSbTe2 and AgSbSe2 are introduced as ternary compounds. The dopant sites for Ag, Sb, and Te/Se in the PbTe matrix are not explicitly defined as substituting specific sites (Ag, Sb, Te) in the text, so 'unclear' was used. [figure-pass p1-5] Data extracted from Fig. 8 for PbTe + x% AgSbTe2 samples. The dopant site is not explicitly stated in the text, so it is marked as unclear. [figure-pass p6-6"
Synthesis and thermoelectric properties of Mn-doped AgSbTe2 compounds.pdf,10.1088/1674-1056/21/10/106101,ok,7,9,[text-pass] The samples are Ag0.9Sb1.1-xMnxTe2.05. Doping is explicitly stated as replacing Sb with Mn. Thermoelectric properties were extracted from the text where specific values were provided. [figure-pass p1-5] Thermoelectric properties were extracted from Fig. 4. Values are visual estimates. 
"Thermodynamic, Structural and Thermoelectric Properties of AgSbTe2 Thick Films Developed by Melt Spinning.pdf",10.3390/nano8070474,ok,10,6,"[text-pass] Power factor values were extracted from Fig 4c and text. ZT values were extracted from text in Section 3.2. The paper notes that thermal conductivity data were not collected due to technical reasons, so ZT values were estimated. [figure-pass p1-5] The provided pages discuss the synthesis and characterization of AgSbTe2-family thick films (pristine and Se-doped). While the text mentions that thermoelectric properties were measured, no plots or tables showing Seebeck coefficient, elect"
Thermoelectric Properties of the Pseudobinary Alloy (Ag0.365Sb0.558Te)0.975(GeTe)0.025 Prepared by Spark Plasma Sintering.pdf,10.1007/s11664-010-1278-1,ok,6,3,[text-pass] The article focuses on the pseudobinary alloy (Ag0.365Sb0.558Te)0.975(GeTe)0.025. The parent ternary alloy Ag0.365Sb0.558Te and Sb2Te3 were also measured for comparison. Data points for properties were extracted from the text and figures as explicitly stated. [figure-pass p1-5] The sample is a pseudobinary alloy of Ag-Sb-Te and GeTe. Doping sites were identified based on the text description of Rietveld refinement results. Thermoelectric properties were extracted from the provided fi
Thermoelectric properties of (GeTe)1-x[(Ag2Te)0.4(Sb2Te3)0.6]x alloys.pdf,10.1007/s12598-,ok,10,15,"[text-pass] The paper investigates (GeTe)1-x[(Ag2Te)0.4(Sb2Te3)0.6]x alloys. Doping is described as alloying with (Ag2Te)0.4(Sb2Te3)0.6, which introduces cation vacancies. Specific dopant sites for Ag/Sb are not explicitly listed as individual dopants but as part of the solid solution alloying. Data points are primarily presented in figures; specific numerical values for properties at specific temperatures are not provided in tables, except for room temperature Hall parameters. [figure-pass p1-5"
Thermoelectric properties of AgSbTe2 from first-principles calculations.pdf,10.1063/1.4895062,ok,6,1,"[text-pass] The provided article is a theoretical study using first-principles calculations to investigate the properties of pure AgSbTe2. It does not report experimental doping data or measured thermoelectric properties for doped AgSbTe2 samples; it only references experimental data from other literature (Jovovic et al., Mohanraman et al., and Su et al.) for comparison with theoretical calculations. [figure-pass p1-5] The paper presents first-principles calculations for pure AgSbTe2. No doped s"
"Thermoelectric properties of p-type (AgSbTe2)x(Pb0.5Sn0.5Te)1 − x (x = 0.05, 0.09, 0.2).pdf",10.1016/j.jallcom.2005.08.033,ok,4,6,[text-pass] The paper reports (AgSbTe2)x(Pb0.5Sn0.5Te)1-x as a solid solution. SnTe is described as a dopant in the context of the PbTe-based matrix. ZT values are reported as reaching around 1 at 700 K for all samples. 
Thin-film metallic glass an effective diffusion barrier for Se-doped AgSbTe2 thermoelectric modules.pdf,10.1038/srep45177,ok,9,2,"[text-pass] The article focuses on the use of a Zr-based thin-film metallic glass as a diffusion barrier for Se-doped AgSbTe2. The specific composition Ag25Sb25Se5Te45 is identified as the TE substrate. No other thermoelectric property data (Seebeck, electrical conductivity, etc.) were provided in the text or tables. [figure-pass p1-5] The provided pages discuss the use of a Zr-based thin-film metallic glass as a diffusion barrier for Se-doped AgSbTe2. While the material is mentioned as a thermo"
"Transport and mechanical property evaluation of (AgSbTe)1 x(GeTe)x (x ¼ 0.80, 0.82, 0.85, 0.87, 0.90).pdf",10.1016/j.jssc.2009.05.024,ok,8,10,"[text-pass] The samples are solid solutions of AgSbTe2 and GeTe (TAGS-x). The 'dopant' in this context is the GeTe mole fraction variation. The electrical resistivity values were extracted as electrical conductivity properties per the schema requirements. [figure-pass p1-5] The materials are solid solutions of AgSbTe2 and GeTe, referred to as TAGS-x. Doping site is considered 'multiple sites' as GeTe substitutes into the AgSbTe2 lattice. ZT values were extracted from the body text. [figure-pass "
Transport properties of (AgSbТe2 )0.7 (PbTe)0.3 thermoelectric compound.pdf,10.1063/10.0014020,ok,5,2,"[text-pass] The article reports on the transport properties of (AgSbTe2)0.7(PbTe)0.3. While the paper includes figures (Fig 2, 3, 4, 5) showing temperature-dependent trends for electrical conductivity, Seebeck coefficient, Hall coefficient, and thermal conductivity, no specific numerical values are provided in the text or tables for these properties at any given temperature. Therefore, no thermoelectric property values were extracted. "
Ultralow lattice thermal conductivity and enhanced thermoelectric performance enabled by CuInSe2 alloying in AgSbTe2.pdf,10.1016/j.jallcom.2026.188903,ok,12,12,"[text-pass] The doping ratios for Cu, In, and Se were calculated based on the formula (AgSbTe2)1-x(CuInSe2)x. For x=0.03, the formula is explicitly given as Ag0.97Sb0.97Te1.94Cu0.03In0.03Se0.06. For other x values, the stoichiometry follows the same logic (e.g., x=0.01 implies 0.01 Cu, 0.01 In, 0.02 Se). [figure-pass p11-12] The provided pages contain only a list of references and no thermoelectric property plots or tables for AgSbTe2-family compounds. "
Wang_2025_Phys._Scr._100_125919.pdf,10.1088/1402-4896/ae26ec,ok,13,16,"[figure-pass p1-5] The paper provides calculated lattice thermal conductivity values at 300 K for the intrinsic and doped systems in the text. No temperature-dependent plots for thermoelectric properties were provided in the images. [figure-pass p6-10] Thermoelectric properties extracted from Fig. 9 (Power Factor vs Temperature). Other figures (Fig. 4, 7) show trends but specific values were not extracted due to the density of overlapping curves or lack of explicit data points. "
ae2c03557.pdf,10.1021/acsaem.2c03557,ok,7,5,"[text-pass] The article focuses on AgSbSe2, a homologue of AgSbTe2. While the introduction mentions AgSbTe2, the experimental data provided is exclusively for AgSbSe2-based compounds. The extracted data pertains to the AgSbSe2-family as requested. [figure-pass p1-5] The paper focuses on AgSbSe2, which is a homologue of AgSbTe2. Data extracted for Pb-doped and Sb-vacancy co-doped AgSbSe2 samples as requested for AgSbTe2-family compounds. [figure-pass p6-7] The provided pages contain only a list o"
ae5c01632.pdf,10.1021/acsaem.5c01632,ok,10,13,"[text-pass] The article reports on AgSbTe2-xSex (x=0, 0.05, 0.1, 0.15, 0.2). Doping site is Te as stated in the text. Thermoelectric properties were extracted from the body text. [figure-pass p6-10] Dopant site for Se is assumed to be Te based on the formula AgSbTe2-xSex. ZT values were extracted from the body text on page 9874. Figure 7a shows ZT vs T curves for these samples, but specific data points were not extracted as they are visually estimated from the plot. "
ae5c01674.pdf,10.1021/acsaem.5c01674,ok,13,13,"[text-pass] The study focuses on AgSbTe2/PEDOT:PSS hybrid composites. The PEDOT:PSS is treated with HNO3. The samples are composites, not doped in the traditional sense of atomic substitution, but the PEDOT:PSS acts as a secondary phase/additive. The properties were extracted from the body text and Table 2. [figure-pass p1-5] The provided pages do not contain any plots of thermoelectric properties versus temperature. The reported thermoelectric values were extracted from the body text. [figure-p"
am1c21252.pdf,10.1021/acsami.1c21252,ok,9,15,[text-pass] The samples are nonstoichiometric AgSbTe2-based compounds where the cation vacancy concentration is tuned by the ratio x in (Ag2Te)x(Sb2Te3)1-x. The 'doped_site' is identified as Ag based on the text describing the formation of Ag vacancies. [figure-pass p1-5] The samples are nonstoichiometric AgSbTe2-based compounds represented as (Ag2Te)x(Sb2Te3)1-x. The dopants are cation vacancies (V_cation) resulting from the nonstoichiometric composition. Thermoelectric properties were extracte
am2c22930.pdf,10.1021/acsami.2c22930,ok,9,15,"[figure-pass p1-5] Dopant site identified as Sb based on text: 'Mg2+ occupied the lattice position of Sb3+'. Thermoelectric properties extracted from body text and Table 1. Figure 2 and Figure 5 show temperature-dependent plots, but specific values were not extracted from them as they were not explicitly tabulated in the text. "
am4c05454.pdf,10.1021/acsami.4c05454,ok,10,10,"[text-pass] The paper investigates Cu-doped AgSbTe2. While the authors designed the doping to replace Sb, DFT and experimental evidence (XPS/AES) suggest Cu occupies the Ag site. ZT and PF values were extracted from the text. Other properties were plotted but specific numerical values were not provided in the text for all temperatures. [figure-pass p1-5] Thermoelectric properties were extracted from Figure 5. ZT values were not extracted as they were not plotted as a function of temperature in t"
am4c05873.pdf,10.1021/acsami.4c05873,ok,9,12,"[text-pass] The doping site for Mg and Ti is inferred as Sb based on the stoichiometric formula AgSb0.98-xMg0.02TixTe2 and the text stating 'substitution of two Sb atoms in the structure with one Mg atom and one Ti atom each'. [figure-pass p1-5] Data extracted from body text and figures. Electrical conductivity values for x=0 and x=0.03 samples were explicitly mentioned in the text. Power factor, thermal conductivity, and ZT values for the Ag0.96Mg0.02Ti0.02Te2 sample were also explicitly mentio"
am4c06836.pdf,10.1021/acsami.4c06836,ok,9,5,"[text-pass] The paper investigates Ag(1-x)SnxSb(1-y)GeyTe2 compounds. The specific sample Ag0.85Sn0.15Sb0.85Ge0.15Te2 is highlighted as the optimized high-entropy composition. Other compositions (x=0-0.15, y=0-0.25) are mentioned as a series, but specific numerical values for properties other than the optimized sample are not explicitly tabulated in the provided text. [figure-pass p1-5] Data extracted from Fig. 5a, 5b, and 5c. Values are visual estimates from the plots. The sample Ag0.85Sn0.15Sb"
am7b00689.pdf,10.1021/acsami.7b00689,ok,12,9,[text-pass] The samples are Ag16.7Sb30Te53.3 alloys subjected to different heat treatments. No external dopants were added; the study focuses on the evolution of the microstructure and matrix composition due to heat treatment. [figure-pass p1-5] The samples are Ag16.7Sb30Te53.3 alloys subjected to different heat treatments. No specific dopants were added; the composition is non-stoichiometric relative to AgSbTe2. [figure-pass p6-10] The samples are AgSbTe2-family compounds subjected to different
applsci-08-00052-v2.pdf,10.3390/app8010052,ok,18,8,"[text-pass] The samples are non-stoichiometric alloys Ag1-xSb1+xTe2+x. Doping is achieved via non-stoichiometry (vacancies at 4a site). No extrinsic dopants were added. ZT values for x=0.1 and x=0.17 are explicitly stated in the text. [figure-pass p1-5] The provided document discusses the synthesis and structural characterization of Ag1-xSb1+xTe2+x alloys, but it does not contain any plots or tables showing thermoelectric properties (Seebeck coefficient, electrical conductivity, thermal conducti"
c0jm00138d.pdf,10.1039/c0jm00138d,ok,6,8,"[text-pass] The samples are described as (Ag2Te)x(Sb2Te3)100-x. For x=50, the composition is AgSbTe2. No specific dopants were added; the nanostructured Ag2Te phase is formed in situ. [figure-pass p1-5] Samples are AgSbTe2-family compounds with Ag2Te nanostructures. Doping is not explicitly stated as a dopant element but rather as a variation in the Ag2Te/Sb2Te3 ratio (x=44-54). Properties were extracted from Figs 7 and 8. [figure-pass p6-6] The provided page contains only text describing thermo"
c2ee23391f.pdf,10.1039/c2ee23391f,partial-error,9,2,"[text-pass] The paper focuses on the intrinsic lattice thermal conductivity of AgSbTe2-family compounds. Ag0.73Sb1.12Te2 is identified as the phase-stable version of AgSbTe2. AgxNa1-xSbTe2 alloys were studied to investigate the effect of alloying on thermal conductivity. No specific Seebeck, electrical conductivity, or ZT values were provided in the text or tables for these samples, only thermal conductivity data. [figure-pass p1-5] The provided pages discuss the theoretical and experimental stu"
c8ta01393d.pdf,10.1039/c8ta01393d,ok,6,8,"[text-pass] The samples are GeSe alloyed with AgSbTe2, denoted as GeSeAgxSbxTe2x. The dopant sites are not explicitly stated as Ag, Sb, or Te substitution, so 'unclear' is used. Values were extracted from the body text. [figure-pass p1-5] The paper discusses GeSe alloyed with AgSbTe2. The samples are GeSe-xAgSbTe2. The plots in Fig 3 and Fig 5 show properties for various x values. Values for ZT at 750K were estimated from Fig 5a. [figure-pass p6-6] The provided page contains only a list of refer"
cm101503y.pdf,10.1021/cm101503y,partial-error,7,6,"[text-pass] The paper reports on AgSbSexTe2-x (x=0-0.04). Doping site is identified as Te based on lattice parameter decrease. ZT values were extracted from the body text. Other properties (Seebeck, electrical conductivity, thermal conductivity) were plotted in figures but specific numerical values at specific temperatures were not provided in the text, so they were omitted. [figure-pass p1-5] Data extracted from Figures 5a and 5b for representative samples x=0 and x=0.02. Values are visual esti"
cm5c01646.pdf,10.1021/acs.chemmater.5c01646,partial-error,10,10,"[figure-pass p1-5] Data extracted from Table 1 for room temperature properties. Figure 3 shows temperature-dependent plots for electrical conductivity, Seebeck coefficient, and power factor, but specific values were not read from the plots as they are provided in the table for 300 K. [figure-pass p6-10 ERROR: 429 RESOURCE_EXHAUSTED. {'error': {'code': 429, 'message': 'You exceeded your current quota, please check your plan and billing details. For more information on this error, head to: https:/"
d0tc00880j.pdf,10.1039/d0tc00880j,ok,5,0,"[text-pass] The provided article focuses on the synthesis and composition control of AgxSb1-xTe1.5-x nanocrystals. While the introduction mentions the potential of AgSbTe2 for thermoelectric applications, the article does not report any experimental thermoelectric property measurements (such as Seebeck coefficient, electrical conductivity, thermal conductivity, power factor, or ZT) for the synthesized nanocrystals. [figure-pass p1-5] The provided document focuses on the synthesis and structural "
d3ee01033c.pdf,10.1039/d3ee01033c,partial-error,9,0,"[text-pass ERROR: 429 RESOURCE_EXHAUSTED. {'error': {'code': 429, 'message': 'You exceeded your current quota, please check your plan and billing details. For more information on this error, head to: https://ai.google.dev/gemini-api/docs/rate-limits. To monitor your current usage, head to: https://ai.dev/rate-limit. \n* Quota exceeded for metric: generativelanguage.googleapis.com/generate_content_free_tier_requests, limit: 500, model: gemini-3.1-flash-lite\nPlease retry in 58.921534855s.', 'stat"
d3nr04584f.pdf,10.1039/d3nr04584f,partial-error,8,1,"[text-pass] The article focuses on Ag2Te-deficient AgSbTe2-based compounds (Ag1-xSb1+xTe2+x). Specific data points for ZT and power factor were extracted from the text. Other properties are plotted in figures (Fig 3, Fig 6) but specific numerical values for all temperatures were not provided in tables. [figure-pass p1-5 ERROR: 429 RESOURCE_EXHAUSTED. {'error': {'code': 429, 'message': 'You exceeded your current quota, please check your plan and billing details. For more information on this error"
d4ce00915k.pdf,10.1039/d4ce00915k,partial-error,23,0,"[text-pass ERROR: 429 RESOURCE_EXHAUSTED. {'error': {'code': 429, 'message': 'You exceeded your current quota, please check your plan and billing details. For more information on this error, head to: https://ai.google.dev/gemini-api/docs/rate-limits. To monitor your current usage, head to: https://ai.dev/rate-limit. \n* Quota exceeded for metric: generativelanguage.googleapis.com/generate_content_free_tier_requests, limit: 500, model: gemini-3.1-flash-lite\nPlease retry in 10.078189791s.', 'stat"
d4cp01171f.pdf,10.1039/d4cp01171f,partial-error,12,1,"[text-pass] The sample Ag0.927Sb1.07Te2.005 is described as a non-stoichiometric AgSbTe2 compound with Ag-deficient and Sb-rich characteristics. The paper also provides a comparison table (Table 3) of room temperature Seebeck coefficient and ZT values for various previously reported AgSbTe2-family compositions. [figure-pass p1-5 ERROR: 429 RESOURCE_EXHAUSTED. {'error': {'code': 429, 'message': 'You exceeded your current quota, please check your plan and billing details. For more information on t"
d5dt01185j.pdf,10.1039/d5dt01185j,partial-error,13,0,"[text-pass ERROR: 429 RESOURCE_EXHAUSTED. {'error': {'code': 429, 'message': 'You exceeded your current quota, please check your plan and billing details. For more information on this error, head to: https://ai.google.dev/gemini-api/docs/rate-limits. To monitor your current usage, head to: https://ai.dev/rate-limit. \n* Quota exceeded for metric: generativelanguage.googleapis.com/generate_content_free_tier_requests, limit: 500, model: gemini-3.1-flash-lite\nPlease retry in 10.413289813s.', 'stat"
ed81045f677092e8679784819bd15f32.pdf,10.30546/209501.2024.1.3.077,partial-error,6,0,"[text-pass ERROR: 429 RESOURCE_EXHAUSTED. {'error': {'code': 429, 'message': 'You exceeded your current quota, please check your plan and billing details. For more information on this error, head to: https://ai.google.dev/gemini-api/docs/rate-limits. To monitor your current usage, head to: https://ai.dev/rate-limit. \n* Quota exceeded for metric: generativelanguage.googleapis.com/generate_content_free_tier_requests, limit: 500, model: gemini-3.1-flash-lite\nPlease retry in 35.639492892s.', 'stat"
el3c01653.pdf,10.1021/acsaelm.3c01653,partial-error,9,0,"[text-pass ERROR: 429 RESOURCE_EXHAUSTED. {'error': {'code': 429, 'message': 'You exceeded your current quota, please check your plan and billing details. For more information on this error, head to: https://ai.google.dev/gemini-api/docs/rate-limits. To monitor your current usage, head to: https://ai.dev/rate-limit. \n* Quota exceeded for metric: generativelanguage.googleapis.com/generate_content_free_tier_requests, limit: 500, model: gemini-3.1-flash-lite\nPlease retry in 36.097046561s.', 'stat"
ja1c07522.pdf,10.1021/jacs.1c07522,partial-error,9,0,"[text-pass ERROR: 429 RESOURCE_EXHAUSTED. {'error': {'code': 429, 'message': 'You exceeded your current quota, please check your plan and billing details. For more information on this error, head to: https://ai.google.dev/gemini-api/docs/rate-limits. To monitor your current usage, head to: https://ai.dev/rate-limit. \n* Quota exceeded for metric: generativelanguage.googleapis.com/generate_content_free_tier_requests, limit: 500, model: gemini-3.1-flash-lite\nPlease retry in 46.179602368s.', 'stat"
ja1c08931.pdf,10.1021/jacs.1c08931,partial-error,10,0,"[text-pass ERROR: 429 RESOURCE_EXHAUSTED. {'error': {'code': 429, 'message': 'You exceeded your current quota, please check your plan and billing details. For more information on this error, head to: https://ai.google.dev/gemini-api/docs/rate-limits. To monitor your current usage, head to: https://ai.dev/rate-limit. \n* Quota exceeded for metric: generativelanguage.googleapis.com/generate_content_free_tier_requests, limit: 500, model: gemini-3.1-flash-lite\nPlease retry in 34.277934512s.', 'stat"
ja309626q.pdf,10.1021/ja309626q,partial-error,7,0,"[text-pass ERROR: 429 RESOURCE_EXHAUSTED. {'error': {'code': 429, 'message': 'You exceeded your current quota, please check your plan and billing details. For more information on this error, head to: https://ai.google.dev/gemini-api/docs/rate-limits. To monitor your current usage, head to: https://ai.dev/rate-limit. \n* Quota exceeded for metric: generativelanguage.googleapis.com/generate_content_free_tier_requests, limit: 500, model: gemini-3.1-flash-lite\nPlease retry in 35.408997914s.', 'stat"
ja3c09643.pdf,10.1021/jacs.3c09643,partial-error,9,0,"[text-pass ERROR: 429 RESOURCE_EXHAUSTED. {'error': {'code': 429, 'message': 'You exceeded your current quota, please check your plan and billing details. For more information on this error, head to: https://ai.google.dev/gemini-api/docs/rate-limits. To monitor your current usage, head to: https://ai.dev/rate-limit. \n* Quota exceeded for metric: generativelanguage.googleapis.com/generate_content_free_tier_requests, limit: 500, model: gemini-3.1-flash-lite\nPlease retry in 22.483124729s.', 'stat"
ja6c00040.pdf,10.1021/jacs.6c00040,partial-error,8,0,"[text-pass ERROR: 429 RESOURCE_EXHAUSTED. {'error': {'code': 429, 'message': 'You exceeded your current quota, please check your plan and billing details. For more information on this error, head to: https://ai.google.dev/gemini-api/docs/rate-limits. To monitor your current usage, head to: https://ai.dev/rate-limit. \n* Quota exceeded for metric: generativelanguage.googleapis.com/generate_content_free_tier_requests, limit: 500, model: gemini-3.1-flash-lite\nPlease retry in 9.641163251s.', 'statu"
jp4c04467.pdf,10.1021/acs.jpcc.4c04467,partial-error,8,0,"[text-pass ERROR: 429 RESOURCE_EXHAUSTED. {'error': {'code': 429, 'message': 'You exceeded your current quota, please check your plan and billing details. For more information on this error, head to: https://ai.google.dev/gemini-api/docs/rate-limits. To monitor your current usage, head to: https://ai.dev/rate-limit. \n* Quota exceeded for metric: generativelanguage.googleapis.com/generate_content_free_tier_requests, limit: 500, model: gemini-3.1-flash-lite\nPlease retry in 29.01815065s.', 'statu"
materials-15-02843.pdf,10.3390/ma15082843,partial-error,23,0,"[text-pass ERROR: 429 RESOURCE_EXHAUSTED. {'error': {'code': 429, 'message': 'You exceeded your current quota, please check your plan and billing details. For more information on this error, head to: https://ai.google.dev/gemini-api/docs/rate-limits. To monitor your current usage, head to: https://ai.dev/rate-limit. \n* Quota exceeded for metric: generativelanguage.googleapis.com/generate_content_free_tier_requests, limit: 500, model: gemini-3.1-flash-lite\nPlease retry in 57.541659298s.', 'stat"
nanomaterials-12-03910.pdf,10.3390/nano12213910,partial-error,12,0,"[text-pass ERROR: 429 RESOURCE_EXHAUSTED. {'error': {'code': 429, 'message': 'You exceeded your current quota, please check your plan and billing details. For more information on this error, head to: https://ai.google.dev/gemini-api/docs/rate-limits. To monitor your current usage, head to: https://ai.dev/rate-limit. \n* Quota exceeded for metric: generativelanguage.googleapis.com/generate_content_free_tier_requests, limit: 500, model: gemini-3.1-flash-lite\nPlease retry in 28.930963373s.', 'stat"
nnano.2013.95.pdf,10.1038/NNANO.2013.95,partial-error,7,0,"[text-pass ERROR: 429 RESOURCE_EXHAUSTED. {'error': {'code': 429, 'message': 'You exceeded your current quota, please check your plan and billing details. For more information on this error, head to: https://ai.google.dev/gemini-api/docs/rate-limits. To monitor your current usage, head to: https://ai.dev/rate-limit. \n* Quota exceeded for metric: generativelanguage.googleapis.com/generate_content_free_tier_requests, limit: 500, model: gemini-3.1-flash-lite\nPlease retry in 35.152103202s.', 'stat"
nz1c01184.pdf,10.1021/acsenergylett.1c01184,partial-error,13,0,"[text-pass ERROR: 429 RESOURCE_EXHAUSTED. {'error': {'code': 429, 'message': 'You exceeded your current quota, please check your plan and billing details. For more information on this error, head to: https://ai.google.dev/gemini-api/docs/rate-limits. To monitor your current usage, head to: https://ai.dev/rate-limit. \n* Quota exceeded for metric: generativelanguage.googleapis.com/generate_content_free_tier_requests, limit: 500, model: gemini-3.1-flash-lite\nPlease retry in 35.076268282s.', 'stat"
nz6b00639.pdf,10.1021/acsenergylett.6b00639,partial-error,8,0,"[text-pass ERROR: 429 RESOURCE_EXHAUSTED. {'error': {'code': 429, 'message': 'You exceeded your current quota, please check your plan and billing details. For more information on this error, head to: https://ai.google.dev/gemini-api/docs/rate-limits. To monitor your current usage, head to: https://ai.dev/rate-limit. \n* Quota exceeded for metric: generativelanguage.googleapis.com/generate_content_free_tier_requests, limit: 500, model: gemini-3.1-flash-lite\nPlease retry in 21.741478765s.', 'stat"
nz8b00137.pdf,10.1021/acsenergylett.8b00137,partial-error,8,0,"[text-pass ERROR: 429 RESOURCE_EXHAUSTED. {'error': {'code': 429, 'message': 'You exceeded your current quota, please check your plan and billing details. For more information on this error, head to: https://ai.google.dev/gemini-api/docs/rate-limits. To monitor your current usage, head to: https://ai.dev/rate-limit. \n* Quota exceeded for metric: generativelanguage.googleapis.com/generate_content_free_tier_requests, limit: 500, model: gemini-3.1-flash-lite\nPlease retry in 45.520192367s.', 'stat"
out.pdf,,partial-error,24,0,"[text-pass ERROR: 429 RESOURCE_EXHAUSTED. {'error': {'code': 429, 'message': 'You exceeded your current quota, please check your plan and billing details. For more information on this error, head to: https://ai.google.dev/gemini-api/docs/rate-limits. To monitor your current usage, head to: https://ai.dev/rate-limit. \n* Quota exceeded for metric: generativelanguage.googleapis.com/generate_content_free_tier_requests, limit: 500, model: gemini-3.1-flash-lite\nPlease retry in 6.074470483s.', 'statu"
s10854-025-15118-x.pdf,10.1007/s10854-025-15118-x,partial-error,12,0,"[text-pass ERROR: 429 RESOURCE_EXHAUSTED. {'error': {'code': 429, 'message': 'You exceeded your current quota, please check your plan and billing details. For more information on this error, head to: https://ai.google.dev/gemini-api/docs/rate-limits. To monitor your current usage, head to: https://ai.dev/rate-limit. \n* Quota exceeded for metric: generativelanguage.googleapis.com/generate_content_free_tier_requests, limit: 500, model: gemini-3.1-flash-lite\nPlease retry in 7.894425034s.', 'statu"
s10854-026-17196-x.pdf,10.1007/s10854-026-17196-x,partial-error,22,0,"[text-pass ERROR: 429 RESOURCE_EXHAUSTED. {'error': {'code': 429, 'message': 'You exceeded your current quota, please check your plan and billing details. For more information on this error, head to: https://ai.google.dev/gemini-api/docs/rate-limits. To monitor your current usage, head to: https://ai.dev/rate-limit. \n* Quota exceeded for metric: generativelanguage.googleapis.com/generate_content_free_tier_requests, limit: 500, model: gemini-3.1-flash-lite\nPlease retry in 34.814372434s.', 'stat"
s11664-009-0669-7.pdf,10.1007/s11664-009-0669-7,partial-error,6,0,"[text-pass ERROR: 429 RESOURCE_EXHAUSTED. {'error': {'code': 429, 'message': 'You exceeded your current quota, please check your plan and billing details. For more information on this error, head to: https://ai.google.dev/gemini-api/docs/rate-limits. To monitor your current usage, head to: https://ai.dev/rate-limit. \n* Quota exceeded for metric: generativelanguage.googleapis.com/generate_content_free_tier_requests, limit: 500, model: gemini-3.1-flash-lite\nPlease retry in 9.609597774s.', 'statu"
s11664-014-3145-y.pdf,10.1007/s11664-014-3145-y,partial-error,8,0,"[text-pass ERROR: 429 RESOURCE_EXHAUSTED. {'error': {'code': 429, 'message': 'You exceeded your current quota, please check your plan and billing details. For more information on this error, head to: https://ai.google.dev/gemini-api/docs/rate-limits. To monitor your current usage, head to: https://ai.dev/rate-limit. \n* Quota exceeded for metric: generativelanguage.googleapis.com/generate_content_free_tier_requests, limit: 500, model: gemini-3.1-flash-lite\nPlease retry in 9.517173219s.', 'statu"
s11664-015-3682-z.pdf,10.1007/s11664-015-3682-z,partial-error,6,0,"[text-pass ERROR: 429 RESOURCE_EXHAUSTED. {'error': {'code': 429, 'message': 'You exceeded your current quota, please check your plan and billing details. For more information on this error, head to: https://ai.google.dev/gemini-api/docs/rate-limits. To monitor your current usage, head to: https://ai.dev/rate-limit. \n* Quota exceeded for metric: generativelanguage.googleapis.com/generate_content_free_tier_requests, limit: 500, model: gemini-3.1-flash-lite\nPlease retry in 9.219327532s.', 'statu"
s11664-015-4102-0.pdf,10.1007/s11664-015-4102-0,partial-error,7,0,"[text-pass ERROR: 429 RESOURCE_EXHAUSTED. {'error': {'code': 429, 'message': 'You exceeded your current quota, please check your plan and billing details. For more information on this error, head to: https://ai.google.dev/gemini-api/docs/rate-limits. To monitor your current usage, head to: https://ai.dev/rate-limit. \n* Quota exceeded for metric: generativelanguage.googleapis.com/generate_content_free_tier_requests, limit: 500, model: gemini-3.1-flash-lite\nPlease retry in 22.481846482s.', 'stat"
s11664-024-11310-7.pdf,10.1007/s11664-024-11310-7,partial-error,30,0,"[text-pass ERROR: 429 RESOURCE_EXHAUSTED. {'error': {'code': 429, 'message': 'You exceeded your current quota, please check your plan and billing details. For more information on this error, head to: https://ai.google.dev/gemini-api/docs/rate-limits. To monitor your current usage, head to: https://ai.dev/rate-limit. \n* Quota exceeded for metric: generativelanguage.googleapis.com/generate_content_free_tier_requests, limit: 500, model: gemini-3.1-flash-lite\nPlease retry in 34.868993681s.', 'stat"
s12613-011-0446-5.pdf,10.1007/s12613-011-0446-5,partial-error,5,0,"[text-pass ERROR: 429 RESOURCE_EXHAUSTED. {'error': {'code': 429, 'message': 'You exceeded your current quota, please check your plan and billing details. For more information on this error, head to: https://ai.google.dev/gemini-api/docs/rate-limits. To monitor your current usage, head to: https://ai.dev/rate-limit. \n* Quota exceeded for metric: generativelanguage.googleapis.com/generate_content_free_tier_requests, limit: 500, model: gemini-3.1-flash-lite\nPlease retry in 8.088229002s.', 'statu"
s40843-024-3152-0.pdf,10.1007/s40843-024-3152-0,partial-error,8,0,"[text-pass ERROR: 429 RESOURCE_EXHAUSTED. {'error': {'code': 429, 'message': 'You exceeded your current quota, please check your plan and billing details. For more information on this error, head to: https://ai.google.dev/gemini-api/docs/rate-limits. To monitor your current usage, head to: https://ai.dev/rate-limit. \n* Quota exceeded for metric: generativelanguage.googleapis.com/generate_content_free_tier_requests, limit: 500, model: gemini-3.1-flash-lite\nPlease retry in 22.317626051s.', 'stat"
s41467-024-55280-0.pdf,10.1038/s41467-024-55280-0,partial-error,12,0,"[text-pass ERROR: 429 RESOURCE_EXHAUSTED. {'error': {'code': 429, 'message': 'You exceeded your current quota, please check your plan and billing details. For more information on this error, head to: https://ai.google.dev/gemini-api/docs/rate-limits. To monitor your current usage, head to: https://ai.dev/rate-limit. \n* Quota exceeded for metric: generativelanguage.googleapis.com/generate_content_free_tier_requests, limit: 500, model: gemini-3.1-flash-lite\nPlease retry in 7.693523619s.', 'statu"
s43578-025-01619-2.pdf,10.1557/s43578-025-01619-2,partial-error,10,0,"[text-pass ERROR: 429 RESOURCE_EXHAUSTED. {'error': {'code': 429, 'message': 'You exceeded your current quota, please check your plan and billing details. For more information on this error, head to: https://ai.google.dev/gemini-api/docs/rate-limits. To monitor your current usage, head to: https://ai.dev/rate-limit. \n* Quota exceeded for metric: generativelanguage.googleapis.com/generate_content_free_tier_requests, limit: 500, model: gemini-3.1-flash-lite\nPlease retry in 34.694255721s.', 'stat"
science.1092963.pdf,,partial-error,5,0,"[text-pass ERROR: 429 RESOURCE_EXHAUSTED. {'error': {'code': 429, 'message': 'You exceeded your current quota, please check your plan and billing details. For more information on this error, head to: https://ai.google.dev/gemini-api/docs/rate-limits. To monitor your current usage, head to: https://ai.dev/rate-limit. \n* Quota exceeded for metric: generativelanguage.googleapis.com/generate_content_free_tier_requests, limit: 500, model: gemini-3.1-flash-lite\nPlease retry in 44.785915569s.', 'stat"
science.abb3517.pdf,,partial-error,7,0,"[text-pass ERROR: 429 RESOURCE_EXHAUSTED. {'error': {'code': 429, 'message': 'You exceeded your current quota, please check your plan and billing details. For more information on this error, head to: https://ai.google.dev/gemini-api/docs/rate-limits. To monitor your current usage, head to: https://ai.dev/rate-limit. \n* Quota exceeded for metric: generativelanguage.googleapis.com/generate_content_free_tier_requests, limit: 500, model: gemini-3.1-flash-lite\nPlease retry in 3.126479834s.', 'statu"
sectional-analysis-of-thermoelectric-performance-in-agsbte2-ingots-processed-by-horizontal-zone-melting.pdf,10.1142/S0217979226502358,partial-error,9,0,"[text-pass ERROR: 429 RESOURCE_EXHAUSTED. {'error': {'code': 429, 'message': 'You exceeded your current quota, please check your plan and billing details. For more information on this error, head to: https://ai.google.dev/gemini-api/docs/rate-limits. To monitor your current usage, head to: https://ai.dev/rate-limit. \n* Quota exceeded for metric: generativelanguage.googleapis.com/generate_content_free_tier_requests, limit: 500, model: gemini-3.1-flash-lite\nPlease retry in 7.406459478s.', 'statu"
ssrn-4526442.pdf,,partial-error,16,0,"[text-pass ERROR: 429 RESOURCE_EXHAUSTED. {'error': {'code': 429, 'message': 'You exceeded your current quota, please check your plan and billing details. For more information on this error, head to: https://ai.google.dev/gemini-api/docs/rate-limits. To monitor your current usage, head to: https://ai.dev/rate-limit. \n* Quota exceeded for metric: generativelanguage.googleapis.com/generate_content_free_tier_requests, limit: 500, model: gemini-3.1-flash-lite\nPlease retry in 30.740257s.', 'status'"
ssrn-6617408.pdf,,partial-error,19,0,"[text-pass ERROR: 429 RESOURCE_EXHAUSTED. {'error': {'code': 429, 'message': 'You exceeded your current quota, please check your plan and billing details. For more information on this error, head to: https://ai.google.dev/gemini-api/docs/rate-limits. To monitor your current usage, head to: https://ai.dev/rate-limit. \n* Quota exceeded for metric: generativelanguage.googleapis.com/generate_content_free_tier_requests, limit: 500, model: gemini-3.1-flash-lite\nPlease retry in 33.803824105s.', 'stat"
