source_pdf,doi,base_composition,sample_id,full_formula,num_dopants,is_codoped,primary_dopant_element,primary_dopant_pct,primary_dopant_site,codopant_elements,all_dopants_detail,property,value,unit,temperature_value,temperature_unit,source_type,source_detail,notes
1-s2.0-S0013468616305072-main.pdf,10.1016/j.electacta.2016.02.206,AgSbTe2,Ag25Sb25Te50 (stoichiometric nanocrystalline thin film),Ag25Sb25Te50,0,No,,,,,,power factor,553,mW/mK2,room temperature,,text,"Abstract, Section 3, Section 4",
1-s2.0-S0013468616305072-main.pdf,10.1016/j.electacta.2016.02.206,AgSbTe2,Ag15Sb27Te58 (amorphous thin film),Ag15Sb27Te58,0,No,,,,,,Seebeck coefficient,1270,mV/K,room temperature,,text,body text Section 3,
1-s2.0-S0013468616305072-main.pdf,10.1016/j.electacta.2016.02.206,AgSbTe2,AgxSbyTez (nanocrystalline thin films range),AgxSbyTez,0,No,,,,,,power factor,90–553,mW/mK2,room temperature,,text,Abstract,
1-s2.0-S0013468616305072-main.pdf,10.1016/j.electacta.2016.02.206,AgSbTe2,AgxSbyTez (nanocrystalline thin films range),AgxSbyTez,0,No,,,,,,Seebeck coefficient,170 to 405,mV/K,room temperature,,text,body text Section 3,
1-s2.0-S0013468616305072-main.pdf,10.1016/j.electacta.2016.02.206,AgSbTe2,"Bulk AgSbTe2 [Table 1, Ref 12]",AgSbTe2,0,No,,,,,,electrical conductivity,133.33,S/cm,room temperature,,table,Table 1,
1-s2.0-S0013468616305072-main.pdf,10.1016/j.electacta.2016.02.206,AgSbTe2,"Bulk AgSbTe2 [Table 1, Ref 12]",AgSbTe2,0,No,,,,,,Seebeck coefficient,170,mV/K,room temperature,,table,Table 1,
1-s2.0-S0013468616305072-main.pdf,10.1016/j.electacta.2016.02.206,AgSbTe2,"Bulk AgSbTe2 [Table 1, Ref 12]",AgSbTe2,0,No,,,,,,power factor,385.33,mW/m.K2,room temperature,,table,Table 1,
1-s2.0-S0013468616305072-main.pdf,10.1016/j.electacta.2016.02.206,AgSbTe2,"Bulk Ag20.2Sb27.9Te51.9 [Table 1, Ref 17]",Ag20.2Sb27.9Te51.9,0,No,,,,,,electrical conductivity,269,S/cm,room temperature,,table,Table 1,
1-s2.0-S0013468616305072-main.pdf,10.1016/j.electacta.2016.02.206,AgSbTe2,"Bulk Ag20.2Sb27.9Te51.9 [Table 1, Ref 17]",Ag20.2Sb27.9Te51.9,0,No,,,,,,Seebeck coefficient,295,mV/K,room temperature,,table,Table 1,
1-s2.0-S0013468616305072-main.pdf,10.1016/j.electacta.2016.02.206,AgSbTe2,"Bulk Ag20.2Sb27.9Te51.9 [Table 1, Ref 17]",Ag20.2Sb27.9Te51.9,0,No,,,,,,power factor,2340.97,mW/m.K2,room temperature,,table,Table 1,
1-s2.0-S0013468616305072-main.pdf,10.1016/j.electacta.2016.02.206,AgSbTe2,"Bulk Ag20.2Sb27.9Te51.9 [Table 1, Ref 17]",Ag20.2Sb27.9Te51.9,0,No,,,,,,thermal conductivity,0.87,W/mK,room temperature,,table,Table 1,
1-s2.0-S0167577X08002243-main.pdf,10.1016/j.matlet.2008.02.039,AgSbTe2,AgSbTe2 (x=0),AgSbTe2,0,No,,,,,,electrical conductivity,172.4,S/cm,room temperature,K,text,Calculated from resistivity 5.8x10^-3 Ohm cm at 2.0 GPa,Resistivity of 5.8x10^-3 Ohm cm reported at 2.0 GPa
1-s2.0-S0167577X08002243-main.pdf,10.1016/j.matlet.2008.02.039,AgSbTe2,(AgSbTe2)1-x(Ag2Te)x (x=0.05),(AgSbTe2)0.95(Ag2Te)0.05,1,No,Ag2Te,x=0.05,unclear,,Ag2Te (x=0.05) @ unclear site,,,,,,,,
1-s2.0-S0167577X08002243-main.pdf,10.1016/j.matlet.2008.02.039,AgSbTe2,(AgSbTe2)1-x(Ag2Te)x (x=0.1),(AgSbTe2)0.9(Ag2Te)0.1,1,No,Ag2Te,x=0.1,unclear,,Ag2Te (x=0.1) @ unclear site,,,,,,,,
1-s2.0-S0167577X08002243-main.pdf,10.1016/j.matlet.2008.02.039,AgSbTe2,(AgSbTe2)1-x(Ag2Te)x (x=0.2),(AgSbTe2)0.8(Ag2Te)0.2,1,No,Ag2Te,x=0.2,unclear,,Ag2Te (x=0.2) @ unclear site,,,,,,,,
1-s2.0-S0167577X08002243-main.pdf,10.1016/j.matlet.2008.02.039,AgSbTe2,"(AgSbTe2)1-x(Ag2Te)x, x=0",AgSbTe2,1,No,Ag2Te,x=0,unclear,,Ag2Te (x=0) @ unclear site,Seebeck coefficient,140,uV/K,room temperature,K,figure,Fig. 2,Visually estimated from Fig. 2 at 2.0 GPa
1-s2.0-S0167577X08002243-main.pdf,10.1016/j.matlet.2008.02.039,AgSbTe2,"(AgSbTe2)1-x(Ag2Te)x, x=0",AgSbTe2,1,No,Ag2Te,x=0,unclear,,Ag2Te (x=0) @ unclear site,Seebeck coefficient,80,uV/K,room temperature,K,figure,Fig. 2,Visually estimated from Fig. 2 at 4.5 GPa
1-s2.0-S0167577X08002243-main.pdf,10.1016/j.matlet.2008.02.039,AgSbTe2,"(AgSbTe2)1-x(Ag2Te)x, x=0",AgSbTe2,1,No,Ag2Te,x=0,unclear,,Ag2Te (x=0) @ unclear site,electrical conductivity,1.72,mOhm*cm (resistivity),room temperature,K,figure,Fig. 3,"Visually estimated from Fig. 3 at 2.0 GPa (resistivity value 5.8 mOhm*cm mentioned in text for 2.0 GPa, plot shows ~5.8)"
1-s2.0-S0167577X08002243-main.pdf,10.1016/j.matlet.2008.02.039,AgSbTe2,"(AgSbTe2)1-x(Ag2Te)x, x=0",AgSbTe2,1,No,Ag2Te,x=0,unclear,,Ag2Te (x=0) @ unclear site,power factor,3.5,10^-4 W/mK^2,room temperature,K,figure,Fig. 4,Visually estimated from Fig. 4 at 2.0 GPa
1-s2.0-S0167577X08002243-main.pdf,10.1016/j.matlet.2008.02.039,AgSbTe2,"(AgSbTe2)1-x(Ag2Te)x, x=0.05",(AgSbTe2)0.95(Ag2Te)0.05,1,No,Ag2Te,x=0.05,unclear,,Ag2Te (x=0.05) @ unclear site,Seebeck coefficient,132,uV/K,room temperature,K,figure,Fig. 2,Visually estimated from Fig. 2 at 2.0 GPa
1-s2.0-S0167577X08002243-main.pdf,10.1016/j.matlet.2008.02.039,AgSbTe2,"(AgSbTe2)1-x(Ag2Te)x, x=0.05",(AgSbTe2)0.95(Ag2Te)0.05,1,No,Ag2Te,x=0.05,unclear,,Ag2Te (x=0.05) @ unclear site,Seebeck coefficient,75,uV/K,room temperature,K,figure,Fig. 2,Visually estimated from Fig. 2 at 4.5 GPa
1-s2.0-S0167577X08002243-main.pdf,10.1016/j.matlet.2008.02.039,AgSbTe2,"(AgSbTe2)1-x(Ag2Te)x, x=0.05",(AgSbTe2)0.95(Ag2Te)0.05,1,No,Ag2Te,x=0.05,unclear,,Ag2Te (x=0.05) @ unclear site,power factor,4.2,10^-4 W/mK^2,room temperature,K,figure,Fig. 4,Visually estimated from Fig. 4 at 2.0 GPa
1-s2.0-S0167577X08002243-main.pdf,10.1016/j.matlet.2008.02.039,AgSbTe2,"(AgSbTe2)1-x(Ag2Te)x, x=0.1",(AgSbTe2)0.9(Ag2Te)0.1,1,No,Ag2Te,x=0.1,unclear,,Ag2Te (x=0.1) @ unclear site,Seebeck coefficient,120,uV/K,room temperature,K,figure,Fig. 2,Visually estimated from Fig. 2 at 2.0 GPa
1-s2.0-S0167577X08002243-main.pdf,10.1016/j.matlet.2008.02.039,AgSbTe2,"(AgSbTe2)1-x(Ag2Te)x, x=0.1",(AgSbTe2)0.9(Ag2Te)0.1,1,No,Ag2Te,x=0.1,unclear,,Ag2Te (x=0.1) @ unclear site,Seebeck coefficient,65,uV/K,room temperature,K,figure,Fig. 2,Visually estimated from Fig. 2 at 4.5 GPa
1-s2.0-S0167577X08002243-main.pdf,10.1016/j.matlet.2008.02.039,AgSbTe2,"(AgSbTe2)1-x(Ag2Te)x, x=0.1",(AgSbTe2)0.9(Ag2Te)0.1,1,No,Ag2Te,x=0.1,unclear,,Ag2Te (x=0.1) @ unclear site,power factor,3.8,10^-4 W/mK^2,room temperature,K,figure,Fig. 4,Visually estimated from Fig. 4 at 2.0 GPa
1-s2.0-S0167577X08002243-main.pdf,10.1016/j.matlet.2008.02.039,AgSbTe2,"(AgSbTe2)1-x(Ag2Te)x, x=0.2",(AgSbTe2)0.8(Ag2Te)0.2,1,No,Ag2Te,x=0.2,unclear,,Ag2Te (x=0.2) @ unclear site,Seebeck coefficient,110,uV/K,room temperature,K,figure,Fig. 2,Visually estimated from Fig. 2 at 2.0 GPa
1-s2.0-S0167577X08002243-main.pdf,10.1016/j.matlet.2008.02.039,AgSbTe2,"(AgSbTe2)1-x(Ag2Te)x, x=0.2",(AgSbTe2)0.8(Ag2Te)0.2,1,No,Ag2Te,x=0.2,unclear,,Ag2Te (x=0.2) @ unclear site,Seebeck coefficient,60,uV/K,room temperature,K,figure,Fig. 2,Visually estimated from Fig. 2 at 4.5 GPa
1-s2.0-S0167577X08002243-main.pdf,10.1016/j.matlet.2008.02.039,AgSbTe2,"(AgSbTe2)1-x(Ag2Te)x, x=0.2",(AgSbTe2)0.8(Ag2Te)0.2,1,No,Ag2Te,x=0.2,unclear,,Ag2Te (x=0.2) @ unclear site,power factor,3.2,10^-4 W/mK^2,room temperature,K,figure,Fig. 4,Visually estimated from Fig. 4 at 2.0 GPa
1-s2.0-S0925838810006912-main.pdf,10.1016/j.jallcom.2010.03.170,AgxSb2-xTe3-x,Ag0.78Sb1.22Te2.22,Ag0.78Sb1.22Te2.22,0,No,,,,,,electrical conductivity,3.48,10^4 Sm^-1,300,K,Table 1,,
1-s2.0-S0925838810006912-main.pdf,10.1016/j.jallcom.2010.03.170,AgxSb2-xTe3-x,Ag0.78Sb1.22Te2.22,Ag0.78Sb1.22Te2.22,0,No,,,,,,Seebeck coefficient,188,uV K^-1,300,K,Table 1,,
1-s2.0-S0925838810006912-main.pdf,10.1016/j.jallcom.2010.03.170,AgxSb2-xTe3-x,Ag0.81Sb1.19Te2.19,Ag0.81Sb1.19Te2.19,0,No,,,,,,electrical conductivity,2.63,10^4 Sm^-1,300,K,Table 1,,
1-s2.0-S0925838810006912-main.pdf,10.1016/j.jallcom.2010.03.170,AgxSb2-xTe3-x,Ag0.81Sb1.19Te2.19,Ag0.81Sb1.19Te2.19,0,No,,,,,,Seebeck coefficient,231,uV K^-1,300,K,Table 1,,
1-s2.0-S0925838810006912-main.pdf,10.1016/j.jallcom.2010.03.170,AgxSb2-xTe3-x,Ag0.84Sb1.16Te2.16,Ag0.84Sb1.16Te2.16,0,No,,,,,,electrical conductivity,2.69,10^4 Sm^-1,300,K,Table 1,,
1-s2.0-S0925838810006912-main.pdf,10.1016/j.jallcom.2010.03.170,AgxSb2-xTe3-x,Ag0.84Sb1.16Te2.16,Ag0.84Sb1.16Te2.16,0,No,,,,,,Seebeck coefficient,295,uV K^-1,300,K,Table 1,,
1-s2.0-S0925838810006912-main.pdf,10.1016/j.jallcom.2010.03.170,AgxSb2-xTe3-x,Ag0.84Sb1.16Te2.16,Ag0.84Sb1.16Te2.16,0,No,,,,,,power factor,2.35,10^-3 W m^-1 K^-2,300,K,body text,,
1-s2.0-S0925838810006912-main.pdf,10.1016/j.jallcom.2010.03.170,AgxSb2-xTe3-x,Ag0.84Sb1.16Te2.16,Ag0.84Sb1.16Te2.16,0,No,,,,,,ZT,1.53,dimensionless,500,K,body text,,
1-s2.0-S0925838810006912-main.pdf,10.1016/j.jallcom.2010.03.170,AgxSb2-xTe3-x,Ag0.87Sb1.13Te2.13,Ag0.87Sb1.13Te2.13,0,No,,,,,,electrical conductivity,2.79,10^4 Sm^-1,300,K,Table 1,,
1-s2.0-S0925838810006912-main.pdf,10.1016/j.jallcom.2010.03.170,AgxSb2-xTe3-x,Ag0.87Sb1.13Te2.13,Ag0.87Sb1.13Te2.13,0,No,,,,,,Seebeck coefficient,250,uV K^-1,300,K,Table 1,,
1-s2.0-S0925838810006912-main.pdf,10.1016/j.jallcom.2010.03.170,AgxSb2-xTe3-x,Ag0.90Sb1.10Te2.10,Ag0.90Sb1.10Te2.10,0,No,,,,,,electrical conductivity,2.33,10^4 Sm^-1,300,K,Table 1,,
1-s2.0-S0925838810006912-main.pdf,10.1016/j.jallcom.2010.03.170,AgxSb2-xTe3-x,Ag0.90Sb1.10Te2.10,Ag0.90Sb1.10Te2.10,0,No,,,,,,Seebeck coefficient,281,uV K^-1,300,K,Table 1,,
1-s2.0-S0925838810006912-main.pdf,10.1016/j.jallcom.2010.03.170,AgxSb2-xTe3-x,Ag0.90Sb1.10Te2.10,Ag0.90Sb1.10Te2.10,0,No,,,,,,ZT,1.53,dimensionless,673,K,body text,,
1-s2.0-S0925838810006912-main.pdf,10.1016/j.jallcom.2010.03.170,AgxSb2-xTe3-x,Ag0.93Sb1.07Te2.07,Ag0.93Sb1.07Te2.07,0,No,,,,,,electrical conductivity,1.89,10^4 Sm^-1,300,K,Table 1,,
1-s2.0-S0925838810006912-main.pdf,10.1016/j.jallcom.2010.03.170,AgxSb2-xTe3-x,Ag0.93Sb1.07Te2.07,Ag0.93Sb1.07Te2.07,0,No,,,,,,Seebeck coefficient,254,uV K^-1,300,K,Table 1,,
1-s2.0-S0925838810006912-main.pdf,10.1016/j.jallcom.2010.03.170,AgxSb2-xTe3-x,Ag0.78Sb1.22Te2.22,Ag0.78Sb1.22Te2.22,1,No,Ag,0.78,Ag,,Ag (0.78) @ Ag site,Seebeck coefficient,188,uV K-1,,,table,Table 1,Room temperature value
1-s2.0-S0925838810006912-main.pdf,10.1016/j.jallcom.2010.03.170,AgxSb2-xTe3-x,Ag0.78Sb1.22Te2.22,Ag0.78Sb1.22Te2.22,1,No,Ag,0.78,Ag,,Ag (0.78) @ Ag site,electrical conductivity,3.48,10^4 Sm-1,,,table,Table 1,Room temperature value
1-s2.0-S0925838810006912-main.pdf,10.1016/j.jallcom.2010.03.170,AgxSb2-xTe3-x,Ag0.81Sb1.19Te2.19,Ag0.81Sb1.19Te2.19,1,No,Ag,0.81,Ag,,Ag (0.81) @ Ag site,Seebeck coefficient,231,uV K-1,,,table,Table 1,Room temperature value
1-s2.0-S0925838810006912-main.pdf,10.1016/j.jallcom.2010.03.170,AgxSb2-xTe3-x,Ag0.81Sb1.19Te2.19,Ag0.81Sb1.19Te2.19,1,No,Ag,0.81,Ag,,Ag (0.81) @ Ag site,electrical conductivity,2.63,10^4 Sm-1,,,table,Table 1,Room temperature value
1-s2.0-S0925838810006912-main.pdf,10.1016/j.jallcom.2010.03.170,AgxSb2-xTe3-x,Ag0.84Sb1.16Te2.16,Ag0.84Sb1.16Te2.16,1,No,Ag,0.84,Ag,,Ag (0.84) @ Ag site,Seebeck coefficient,295,uV K-1,,,table,Table 1,Room temperature value
1-s2.0-S0925838810006912-main.pdf,10.1016/j.jallcom.2010.03.170,AgxSb2-xTe3-x,Ag0.84Sb1.16Te2.16,Ag0.84Sb1.16Te2.16,1,No,Ag,0.84,Ag,,Ag (0.84) @ Ag site,electrical conductivity,2.69,10^4 Sm-1,,,table,Table 1,Room temperature value
1-s2.0-S0925838810006912-main.pdf,10.1016/j.jallcom.2010.03.170,AgxSb2-xTe3-x,Ag0.87Sb1.13Te2.13,Ag0.87Sb1.13Te2.13,1,No,Ag,0.87,Ag,,Ag (0.87) @ Ag site,Seebeck coefficient,250,uV K-1,,,table,Table 1,Room temperature value
1-s2.0-S0925838810006912-main.pdf,10.1016/j.jallcom.2010.03.170,AgxSb2-xTe3-x,Ag0.87Sb1.13Te2.13,Ag0.87Sb1.13Te2.13,1,No,Ag,0.87,Ag,,Ag (0.87) @ Ag site,electrical conductivity,2.79,10^4 Sm-1,,,table,Table 1,Room temperature value
1-s2.0-S0925838810006912-main.pdf,10.1016/j.jallcom.2010.03.170,AgxSb2-xTe3-x,Ag0.90Sb1.10Te2.10,Ag0.90Sb1.10Te2.10,1,No,Ag,0.90,Ag,,Ag (0.90) @ Ag site,Seebeck coefficient,281,uV K-1,,,table,Table 1,Room temperature value
1-s2.0-S0925838810006912-main.pdf,10.1016/j.jallcom.2010.03.170,AgxSb2-xTe3-x,Ag0.90Sb1.10Te2.10,Ag0.90Sb1.10Te2.10,1,No,Ag,0.90,Ag,,Ag (0.90) @ Ag site,electrical conductivity,2.33,10^4 Sm-1,,,table,Table 1,Room temperature value
1-s2.0-S0925838810006912-main.pdf,10.1016/j.jallcom.2010.03.170,AgxSb2-xTe3-x,Ag0.93Sb1.07Te2.07,Ag0.93Sb1.07Te2.07,1,No,Ag,0.93,Ag,,Ag (0.93) @ Ag site,Seebeck coefficient,254,uV K-1,,,table,Table 1,Room temperature value
1-s2.0-S0925838810006912-main.pdf,10.1016/j.jallcom.2010.03.170,AgxSb2-xTe3-x,Ag0.93Sb1.07Te2.07,Ag0.93Sb1.07Te2.07,1,No,Ag,0.93,Ag,,Ag (0.93) @ Ag site,electrical conductivity,1.89,10^4 Sm-1,,,table,Table 1,Room temperature value
1-s2.0-S0925838819316007-main.pdf,10.1016/j.jallcom.2019.04.294,TlSbTe2,Tl0.98In0.02SbTe2,Tl0.98In0.02SbTe2,1,No,In,0.02,Tl,,In (0.02) @ Tl site,electrical conductivity,490,U-1cm-1,372,K,body text,,
1-s2.0-S0925838819316007-main.pdf,10.1016/j.jallcom.2019.04.294,TlSbTe2,Tl0.98In0.02SbTe2,Tl0.98In0.02SbTe2,1,No,In,0.02,Tl,,In (0.02) @ Tl site,electrical conductivity,118,U-1cm-1,620,K,body text,,
1-s2.0-S0925838819316007-main.pdf,10.1016/j.jallcom.2019.04.294,TlSbTe2,Tl0.98In0.02SbTe2,Tl0.98In0.02SbTe2,1,No,In,0.02,Tl,,In (0.02) @ Tl site,Seebeck coefficient,141,mV K-1,372,K,body text,,
1-s2.0-S0925838819316007-main.pdf,10.1016/j.jallcom.2019.04.294,TlSbTe2,Tl0.98In0.02SbTe2,Tl0.98In0.02SbTe2,1,No,In,0.02,Tl,,In (0.02) @ Tl site,Seebeck coefficient,227,mV K-1,623,K,body text,,
1-s2.0-S0925838819316007-main.pdf,10.1016/j.jallcom.2019.04.294,TlSbTe2,Tl0.98In0.02SbTe2,Tl0.98In0.02SbTe2,1,No,In,0.02,Tl,,In (0.02) @ Tl site,thermal conductivity,1.03,W m-1K-1,371,K,body text,,
1-s2.0-S0925838819316007-main.pdf,10.1016/j.jallcom.2019.04.294,TlSbTe2,Tl0.98In0.02SbTe2,Tl0.98In0.02SbTe2,1,No,In,0.02,Tl,,In (0.02) @ Tl site,thermal conductivity,0.70,W m-1K-1,575,K,body text,,
1-s2.0-S0925838819316007-main.pdf,10.1016/j.jallcom.2019.04.294,TlSbTe2,Tl0.98In0.02SbTe2,Tl0.98In0.02SbTe2,1,No,In,0.02,Tl,,In (0.02) @ Tl site,ZT,0.61,dimensionless,480,K,body text,,
1-s2.0-S0925838819316007-main.pdf,10.1016/j.jallcom.2019.04.294,TlSbTe2,TlSb0.98In0.02Te2,TlSb0.98In0.02Te2,1,No,In,0.02,Sb,,In (0.02) @ Sb site,electrical conductivity,695,U-1cm-1,379,K,body text,,
1-s2.0-S0925838819316007-main.pdf,10.1016/j.jallcom.2019.04.294,TlSbTe2,TlSb0.98In0.02Te2,TlSb0.98In0.02Te2,1,No,In,0.02,Sb,,In (0.02) @ Sb site,electrical conductivity,155,U-1cm-1,675,K,body text,,
1-s2.0-S0925838819316007-main.pdf,10.1016/j.jallcom.2019.04.294,TlSbTe2,TlSb0.98In0.02Te2,TlSb0.98In0.02Te2,1,No,In,0.02,Sb,,In (0.02) @ Sb site,Seebeck coefficient,113,mV K-1,not specified,K,body text,,
1-s2.0-S0925838819316007-main.pdf,10.1016/j.jallcom.2019.04.294,TlSbTe2,TlSb0.98In0.02Te2,TlSb0.98In0.02Te2,1,No,In,0.02,Sb,,In (0.02) @ Sb site,Seebeck coefficient,235,mV K-1,not specified,K,body text,,
1-s2.0-S0925838819316007-main.pdf,10.1016/j.jallcom.2019.04.294,TlSbTe2,TlSb0.98In0.02Te2,TlSb0.98In0.02Te2,1,No,In,0.02,Sb,,In (0.02) @ Sb site,ZT,0.77,dimensionless,622,K,body text,,
1-s2.0-S0925838819316007-main.pdf,10.1016/j.jallcom.2019.04.294,TlSbTe2,Tl0.98Yb0.02SbTe2,Tl0.98Yb0.02SbTe2,1,No,Yb,0.02,Tl,,Yb (0.02) @ Tl site,electrical conductivity,218,U-1cm-1,625,K,body text,,
1-s2.0-S0925838819316007-main.pdf,10.1016/j.jallcom.2019.04.294,TlSbTe2,Tl0.98Yb0.02SbTe2,Tl0.98Yb0.02SbTe2,1,No,Yb,0.02,Tl,,Yb (0.02) @ Tl site,Seebeck coefficient,213,mV K-1,625,K,body text,,
1-s2.0-S0925838819316007-main.pdf,10.1016/j.jallcom.2019.04.294,TlSbTe2,Tl0.98Yb0.02SbTe2,Tl0.98Yb0.02SbTe2,1,No,Yb,0.02,Tl,,Yb (0.02) @ Tl site,thermal conductivity,0.68,W m-1K-1,625,K,body text,,
1-s2.0-S0925838819316007-main.pdf,10.1016/j.jallcom.2019.04.294,TlSbTe2,Tl0.98Yb0.02SbTe2,Tl0.98Yb0.02SbTe2,1,No,Yb,0.02,Tl,,Yb (0.02) @ Tl site,ZT,0.85,dimensionless,625,K,body text,,
1-s2.0-S0925838819316007-main.pdf,10.1016/j.jallcom.2019.04.294,TlSbTe2,Tl0.98Yb0.02SbTe2,Tl0.98Yb0.02SbTe2,1,No,Yb,0.02,Tl,,Yb (0.02) @ Tl site,electrical conductivity,1000,Ω-1cm-1,300,K,figure,Fig. 6a,Visually estimated from Fig. 6a
1-s2.0-S0925838819316007-main.pdf,10.1016/j.jallcom.2019.04.294,TlSbTe2,Tl0.98Yb0.02SbTe2,Tl0.98Yb0.02SbTe2,1,No,Yb,0.02,Tl,,Yb (0.02) @ Tl site,electrical conductivity,200,Ω-1cm-1,625,K,figure,Fig. 6a,Visually estimated from Fig. 6a
1-s2.0-S0925838819316007-main.pdf,10.1016/j.jallcom.2019.04.294,TlSbTe2,Tl0.98Yb0.02SbTe2,Tl0.98Yb0.02SbTe2,1,No,Yb,0.02,Tl,,Yb (0.02) @ Tl site,Seebeck coefficient,100,μV K-1,300,K,figure,Fig. 6b,Visually estimated from Fig. 6b
1-s2.0-S0925838819316007-main.pdf,10.1016/j.jallcom.2019.04.294,TlSbTe2,Tl0.98Yb0.02SbTe2,Tl0.98Yb0.02SbTe2,1,No,Yb,0.02,Tl,,Yb (0.02) @ Tl site,Seebeck coefficient,225,μV K-1,625,K,figure,Fig. 6b,Visually estimated from Fig. 6b
1-s2.0-S092583882601529X-main.pdf,10.1016/j.jallcom.2026.187461,Te(1-x)(AgSbTe2)x,"Te(1-x)(AgSbTe2)x, x=0.005",Te0.995(AgSbTe2)0.005,2,Yes,Ag,0.5%,unclear,Sb (0.5%) @ Te,Ag (0.5%) @ unclear site; Sb (0.5%) @ Te site,power factor,13.8,μW cm−1 K−2,475,K,body text,,
1-s2.0-S092583882601529X-main.pdf,10.1016/j.jallcom.2026.187461,Te(1-x)(AgSbTe2)x,"Te(1-x)(AgSbTe2)x, x=0.005",Te0.995(AgSbTe2)0.005,2,Yes,Ag,0.5%,unclear,Sb (0.5%) @ Te,Ag (0.5%) @ unclear site; Sb (0.5%) @ Te site,Seebeck coefficient,149,μV/K,300,K,body text,,
1-s2.0-S092583882601529X-main.pdf,10.1016/j.jallcom.2026.187461,Te(1-x)(AgSbTe2)x,"Te(1-x)(AgSbTe2)x, x=0.005",Te0.995(AgSbTe2)0.005,2,Yes,Ag,0.5%,unclear,Sb (0.5%) @ Te,Ag (0.5%) @ unclear site; Sb (0.5%) @ Te site,Seebeck coefficient,250,μV/K,650,K,body text,,
1-s2.0-S092583882601529X-main.pdf,10.1016/j.jallcom.2026.187461,Te(1-x)(AgSbTe2)x,"Te(1-x)(AgSbTe2)x, x=0.005",Te0.995(AgSbTe2)0.005,2,Yes,Ag,0.5%,unclear,Sb (0.5%) @ Te,Ag (0.5%) @ unclear site; Sb (0.5%) @ Te site,electrical conductivity,2.2,mΩ⋅cm,300,K,body text,,Reported as resistivity
1-s2.0-S092583882601529X-main.pdf,10.1016/j.jallcom.2026.187461,Te(1-x)(AgSbTe2)x,"Te(1-x)(AgSbTe2)x, x=0.005",Te0.995(AgSbTe2)0.005,2,Yes,Ag,0.5%,unclear,Sb (0.5%) @ Te,Ag (0.5%) @ unclear site; Sb (0.5%) @ Te site,electrical conductivity,8,mΩ⋅cm,650,K,body text,,Reported as resistivity
1-s2.0-S092583882601529X-main.pdf,10.1016/j.jallcom.2026.187461,Te(1-x)(AgSbTe2)x,"Te(1-x)(AgSbTe2)x, x=0.01",Te0.99(AgSbTe2)0.01,2,Yes,Ag,1.0%,unclear,Sb (1.0%) @ Te,Ag (1.0%) @ unclear site; Sb (1.0%) @ Te site,ZT,0.85,dimensionless,650,K,body text,,
1-s2.0-S092583882601529X-main.pdf,10.1016/j.jallcom.2026.187461,Te(1-x)(AgSbTe2)x,"Te(1-x)(AgSbTe2)x, x=0.01",Te0.99(AgSbTe2)0.01,2,Yes,Ag,1.0%,unclear,Sb (1.0%) @ Te,Ag (1.0%) @ unclear site; Sb (1.0%) @ Te site,lattice thermal conductivity,0.62,W m−1 K−1,650,K,body text,,
1-s2.0-S092583882601529X-main.pdf,10.1016/j.jallcom.2026.187461,Te(1-x)(AgSbTe2)x,x=0%,Te,0,No,,,,,,Seebeck coefficient,350,µV/K,300,K,figure,Fig. 2a,Visually estimated from Fig. 2a
1-s2.0-S092583882601529X-main.pdf,10.1016/j.jallcom.2026.187461,Te(1-x)(AgSbTe2)x,x=0%,Te,0,No,,,,,,Seebeck coefficient,150,µV/K,650,K,figure,Fig. 2a,Visually estimated from Fig. 2a
1-s2.0-S092583882601529X-main.pdf,10.1016/j.jallcom.2026.187461,Te(1-x)(AgSbTe2)x,x=0%,Te,0,No,,,,,,electrical conductivity,0.2,mΩ·cm,300,K,figure,Fig. 2b,"Visually estimated from Fig. 2b (plotted as resistivity, 1/rho)"
1-s2.0-S092583882601529X-main.pdf,10.1016/j.jallcom.2026.187461,Te(1-x)(AgSbTe2)x,x=0%,Te,0,No,,,,,,power factor,2,µW cm^-1 K^-2,300,K,figure,Fig. 2c,Visually estimated from Fig. 2c
1-s2.0-S092583882601529X-main.pdf,10.1016/j.jallcom.2026.187461,Te(1-x)(AgSbTe2)x,x=0%,Te,0,No,,,,,,thermal conductivity,2.1,Wm^-1K^-1,300,K,figure,Fig. 4a,Visually estimated from Fig. 4a
1-s2.0-S092583882601529X-main.pdf,10.1016/j.jallcom.2026.187461,Te(1-x)(AgSbTe2)x,x=0%,Te,0,No,,,,,,lattice thermal conductivity,1.7,Wm^-1K^-1,300,K,figure,Fig. 4b,Visually estimated from Fig. 4b
1-s2.0-S092583882601529X-main.pdf,10.1016/j.jallcom.2026.187461,Te(1-x)(AgSbTe2)x,x=0.5%,Te0.995(AgSbTe2)0.005,2,Yes,Ag,0.5%,unclear,Sb (0.5%) @ unclear,Ag (0.5%) @ unclear site; Sb (0.5%) @ unclear site,Seebeck coefficient,150,µV/K,300,K,figure,Fig. 2a,Visually estimated from Fig. 2a
1-s2.0-S092583882601529X-main.pdf,10.1016/j.jallcom.2026.187461,Te(1-x)(AgSbTe2)x,x=0.5%,Te0.995(AgSbTe2)0.005,2,Yes,Ag,0.5%,unclear,Sb (0.5%) @ unclear,Ag (0.5%) @ unclear site; Sb (0.5%) @ unclear site,Seebeck coefficient,250,µV/K,650,K,figure,Fig. 2a,Visually estimated from Fig. 2a
1-s2.0-S092583882601529X-main.pdf,10.1016/j.jallcom.2026.187461,Te(1-x)(AgSbTe2)x,x=0.5%,Te0.995(AgSbTe2)0.005,2,Yes,Ag,0.5%,unclear,Sb (0.5%) @ unclear,Ag (0.5%) @ unclear site; Sb (0.5%) @ unclear site,power factor,13.8,µW cm^-1 K^-2,450,K,figure,Fig. 2c,Visually estimated from Fig. 2c
1-s2.0-S092583882601529X-main.pdf,10.1016/j.jallcom.2026.187461,Te(1-x)(AgSbTe2)x,x=0.5%,Te(0.995)(AgSbTe2)0.005,1,No,AgSbTe2,0.5%,Te,,AgSbTe2 (0.5%) @ Te site,ZT,0.85,dimensionless,650,K,figure,Fig. 6a,Visually estimated from Fig. 6a
1-s2.0-S092583882601529X-main.pdf,10.1016/j.jallcom.2026.187461,Te(1-x)(AgSbTe2)x,x=1.0%,Te(0.99)(AgSbTe2)0.01,1,No,AgSbTe2,1.0%,Te,,AgSbTe2 (1.0%) @ Te site,ZT,0.85,dimensionless,650,K,figure,Fig. 6a,Visually estimated from Fig. 6a
1-s2.0-S092583882601529X-main.pdf,10.1016/j.jallcom.2026.187461,Te(1-x)(AgSbTe2)x,x=1.5%,Te(0.985)(AgSbTe2)0.015,1,No,AgSbTe2,1.5%,Te,,AgSbTe2 (1.5%) @ Te site,ZT,0.80,dimensionless,650,K,figure,Fig. 6a,Visually estimated from Fig. 6a
1-s2.0-S092583882601529X-main.pdf,10.1016/j.jallcom.2026.187461,Te(1-x)(AgSbTe2)x,x=2.0%,Te(0.98)(AgSbTe2)0.02,1,No,AgSbTe2,2.0%,Te,,AgSbTe2 (2.0%) @ Te site,ZT,0.75,dimensionless,650,K,figure,Fig. 6a,Visually estimated from Fig. 6a
1-s2.0-S1359645412005150-main.pdf,10.1016/j.actamat.2012.07.057,AgSbTe2,3 at.% Pb,Ag20Sb27Te50Pb3,1,No,Pb,3 at.%,Sb,,Pb (3 at.%) @ Sb site,ZT,0.7-0.8,dimensionless,425,K,body text,Abstract,
1-s2.0-S1359645412005150-main.pdf,10.1016/j.actamat.2012.07.057,AgSbTe2,4 at.% Pb,Ag20Sb26Te50Pb4,1,No,Pb,4 at.%,Sb,,Pb (4 at.%) @ Sb site,ZT,0.7-0.8,dimensionless,425,K,body text,Abstract,
1-s2.0-S1359645412005150-main.pdf,10.1016/j.actamat.2012.07.057,AgSbTe2,5 at.% Pb,Ag20Sb25Te50Pb5,1,No,Pb,5 at.%,Sb,,Pb (5 at.%) @ Sb site,thermal conductivity,0.3-0.4,W m-1 K-1,,,body text,Abstract,
1-s2.0-S1359645412005150-main.pdf,10.1016/j.actamat.2012.07.057,AgSbTe2,5 at.% Pb,Ag20Sb25Te50Pb5,1,No,Pb,5 at.%,Sb,,Pb (5 at.%) @ Sb site,ZT,0.7-0.8,dimensionless,425,K,body text,Abstract,
1-s2.0-S1359645412005150-main.pdf,10.1016/j.actamat.2012.07.057,AgSbTe2,6 at.% Pb,Ag20Sb24Te50Pb6,1,No,Pb,6 at.%,Sb,,Pb (6 at.%) @ Sb site,thermal conductivity,0.3-0.4,W m-1 K-1,,,body text,Abstract,
1-s2.0-S1359645412005150-main.pdf,10.1016/j.actamat.2012.07.057,AgSbTe2,6 at.% Pb,Ag20Sb24Te50Pb6,1,No,Pb,6 at.%,Sb,,Pb (6 at.%) @ Sb site,ZT,0.7-0.8,dimensionless,425,K,body text,Abstract,
1-s2.0-S1359645412005150-main.pdf,10.1016/j.actamat.2012.07.057,AgSbTe2,5 at.% Pb (annealed),Ag20Sb25Te50Pb5,1,No,Pb,5 at.%,Sb,,Pb (5 at.%) @ Sb site,ZT,0.4,dimensionless,425,K,body text,Abstract,
1-s2.0-S1359645412005150-main.pdf,10.1016/j.actamat.2012.07.057,AgSbTe2,Pb-alloyed AgSbTe2 (x=3),Pb3Ag20Sb27Te50,1,No,Pb,3 at.%,Sb,,Pb (3 at.%) @ Sb site,,,,,,,,
1-s2.0-S1359645412005150-main.pdf,10.1016/j.actamat.2012.07.057,AgSbTe2,Pb-alloyed AgSbTe2 (x=4),Pb4Ag20Sb26Te50,1,No,Pb,4 at.%,Sb,,Pb (4 at.%) @ Sb site,,,,,,,,
1-s2.0-S1359645412005150-main.pdf,10.1016/j.actamat.2012.07.057,AgSbTe2,Pb-alloyed AgSbTe2 (x=5),Pb5Ag20Sb25Te50,1,No,Pb,5 at.%,Sb,,Pb (5 at.%) @ Sb site,,,,,,,,
1-s2.0-S1359645412005150-main.pdf,10.1016/j.actamat.2012.07.057,AgSbTe2,Pb-alloyed AgSbTe2 (x=6),Pb6Ag20Sb24Te50,1,No,Pb,6 at.%,Sb,,Pb (6 at.%) @ Sb site,,,,,,,,
1-s2.0-S1359645412005150-main.pdf,10.1016/j.actamat.2012.07.057,AgSbTe2,Pb-doped AgSbTe2 (3 at.%),PbxAgSbTe2 (x=0.03),1,No,Pb,3 at.%,unclear,,Pb (3 at.%) @ unclear site,Seebeck coefficient,300,uV/K,300,K,figure,,Visually estimated from Fig. 5a
1-s2.0-S1359645412005150-main.pdf,10.1016/j.actamat.2012.07.057,AgSbTe2,Pb-doped AgSbTe2 (3 at.%),PbxAgSbTe2 (x=0.03),1,No,Pb,3 at.%,unclear,,Pb (3 at.%) @ unclear site,Seebeck coefficient,150,uV/K,650,K,figure,,Visually estimated from Fig. 5a
1-s2.0-S1359645412005150-main.pdf,10.1016/j.actamat.2012.07.057,AgSbTe2,Pb-doped AgSbTe2 (3 at.%),PbxAgSbTe2 (x=0.03),1,No,Pb,3 at.%,unclear,,Pb (3 at.%) @ unclear site,electrical conductivity,60,m ohm cm,300,K,figure,,Visually estimated from Fig. 5b (Resistivity)
1-s2.0-S1359645412005150-main.pdf,10.1016/j.actamat.2012.07.057,AgSbTe2,Pb-doped AgSbTe2 (3 at.%),PbxAgSbTe2 (x=0.03),1,No,Pb,3 at.%,unclear,,Pb (3 at.%) @ unclear site,electrical conductivity,15,m ohm cm,650,K,figure,,Visually estimated from Fig. 5b (Resistivity)
1-s2.0-S1359645412005150-main.pdf,10.1016/j.actamat.2012.07.057,AgSbTe2,Pb-doped AgSbTe2 (3 at.%),PbxAgSbTe2 (x=0.03),1,No,Pb,3 at.%,unclear,,Pb (3 at.%) @ unclear site,thermal conductivity,0.6,W/mK,300,K,figure,,Visually estimated from Fig. 5c
1-s2.0-S1359645412005150-main.pdf,10.1016/j.actamat.2012.07.057,AgSbTe2,Pb-doped AgSbTe2 (3 at.%),PbxAgSbTe2 (x=0.03),1,No,Pb,3 at.%,unclear,,Pb (3 at.%) @ unclear site,thermal conductivity,0.8,W/mK,650,K,figure,,Visually estimated from Fig. 5c
1-s2.0-S1359645412005150-main.pdf,10.1016/j.actamat.2012.07.057,AgSbTe2,Pb-doped AgSbTe2 (3 at.%),PbxAgSbTe2 (x=0.03),1,No,Pb,3 at.%,unclear,,Pb (3 at.%) @ unclear site,ZT,0.3,dimensionless,300,K,figure,,Visually estimated from Fig. 5d
1-s2.0-S1359645412005150-main.pdf,10.1016/j.actamat.2012.07.057,AgSbTe2,Pb-doped AgSbTe2 (3 at.%),PbxAgSbTe2 (x=0.03),1,No,Pb,3 at.%,unclear,,Pb (3 at.%) @ unclear site,ZT,0.2,dimensionless,650,K,figure,,Visually estimated from Fig. 5d
1-s2.0-S1359645412005150-main.pdf,10.1016/j.actamat.2012.07.057,AgSbTe2,Pb-doped AgSbTe2 (5 at.%),PbxAgSbTe2 (x=0.05),1,No,Pb,5 at.%,unclear,,Pb (5 at.%) @ unclear site,ZT,0.8,dimensionless,425,K,figure,,Visually estimated from Fig. 5d; peak value
1-s2.0-S1359645412005150-main.pdf,10.1016/j.actamat.2012.07.057,AgSbTe2,"Pb-doped AgSbTe2 (5 at.%, annealed)",PbxAgSbTe2 (x=0.05),1,No,Pb,5 at.%,unclear,,Pb (5 at.%) @ unclear site,ZT,0.4,dimensionless,425,K,figure,,Visually estimated from Fig. 5d
1-s2.0-S1359645421008223-main.pdf,10.1016/j.actamat.2021.117443,AgSbTe2,as-sintered,AgSb0.998Ce0.002Te2,1,No,Ce,0.2 mol%,unclear,,Ce (0.2 mol%) @ unclear site,Seebeck coefficient,127,μV/K,300,K,Table 1,,
1-s2.0-S1359645421008223-main.pdf,10.1016/j.actamat.2021.117443,AgSbTe2,as-sintered,AgSb0.998Ce0.002Te2,1,No,Ce,0.2 mol%,unclear,,Ce (0.2 mol%) @ unclear site,electrical conductivity,3.02e4,S/cm,300,K,Table 1,,Calculated from resistivity 3.31e-5 Ohm*m
1-s2.0-S1359645421008223-main.pdf,10.1016/j.actamat.2021.117443,AgSbTe2,as-sintered,AgSb0.998Ce0.002Te2,1,No,Ce,0.2 mol%,unclear,,Ce (0.2 mol%) @ unclear site,ZT,1.5,dimensionless,673,K,body text,,
1-s2.0-S1359645421008223-main.pdf,10.1016/j.actamat.2021.117443,AgSbTe2,HT523,AgSb0.998Ce0.002Te2,1,No,Ce,0.2 mol%,unclear,,Ce (0.2 mol%) @ unclear site,Seebeck coefficient,88.4,μV/K,300,K,Table 1,,
1-s2.0-S1359645421008223-main.pdf,10.1016/j.actamat.2021.117443,AgSbTe2,HT523,AgSb0.998Ce0.002Te2,1,No,Ce,0.2 mol%,unclear,,Ce (0.2 mol%) @ unclear site,electrical conductivity,3.73e4,S/cm,300,K,Table 1,,Calculated from resistivity 2.68e-5 Ohm*m
1-s2.0-S1359645421008223-main.pdf,10.1016/j.actamat.2021.117443,AgSbTe2,HT523,AgSb0.998Ce0.002Te2,1,No,Ce,0.2 mol%,unclear,,Ce (0.2 mol%) @ unclear site,ZT,1.31,dimensionless,673,K,body text,,
1-s2.0-S1359645421008223-main.pdf,10.1016/j.actamat.2021.117443,AgSbTe2,HT573,AgSb0.998Ce0.002Te2,1,No,Ce,0.2 mol%,unclear,,Ce (0.2 mol%) @ unclear site,Seebeck coefficient,85.5,μV/K,300,K,Table 1,,
1-s2.0-S1359645421008223-main.pdf,10.1016/j.actamat.2021.117443,AgSbTe2,HT573,AgSb0.998Ce0.002Te2,1,No,Ce,0.2 mol%,unclear,,Ce (0.2 mol%) @ unclear site,electrical conductivity,3.58e4,S/cm,300,K,Table 1,,Calculated from resistivity 2.79e-5 Ohm*m
1-s2.0-S1359645421008223-main.pdf,10.1016/j.actamat.2021.117443,AgSbTe2,HT573,AgSb0.998Ce0.002Te2,1,No,Ce,0.2 mol%,unclear,,Ce (0.2 mol%) @ unclear site,ZT,1.27,dimensionless,673,K,body text,,
1-s2.0-S1359645421008223-main.pdf,10.1016/j.actamat.2021.117443,AgSbTe2,HT673,AgSb0.998Ce0.002Te2,1,No,Ce,0.2 mol%,unclear,,Ce (0.2 mol%) @ unclear site,Seebeck coefficient,274,μV/K,300,K,Table 1,,
1-s2.0-S1359645421008223-main.pdf,10.1016/j.actamat.2021.117443,AgSbTe2,HT673,AgSb0.998Ce0.002Te2,1,No,Ce,0.2 mol%,unclear,,Ce (0.2 mol%) @ unclear site,electrical conductivity,1.33e4,S/cm,300,K,Table 1,,Calculated from resistivity 7.54e-5 Ohm*m
1-s2.0-S1359645421008223-main.pdf,10.1016/j.actamat.2021.117443,AgSbTe2,HT673,AgSb0.998Ce0.002Te2,1,No,Ce,0.2 mol%,unclear,,Ce (0.2 mol%) @ unclear site,thermal conductivity,0.63,W/m·K,673,K,body text,,
1-s2.0-S1359645421008223-main.pdf,10.1016/j.actamat.2021.117443,AgSbTe2,HT673,AgSb0.998Ce0.002Te2,1,No,Ce,0.2 mol%,unclear,,Ce (0.2 mol%) @ unclear site,ZT,1.49,dimensionless,673,K,body text,,
1-s2.0-S1359645421008223-main.pdf,10.1016/j.actamat.2021.117443,AgSbTe2,HT673,AgSb0.998Ce0.002Te2,1,No,Ce,0.2 mol%,unclear,,Ce (0.2 mol%) @ unclear site,power factor,0.96,mW/m·K2,298,K,body text,,
1-s2.0-S1359645421008223-main.pdf,10.1016/j.actamat.2021.117443,AgSbTe2,HT673,AgSb0.998Ce0.002Te2,1,No,Ce,0.2 mol%,unclear,,Ce (0.2 mol%) @ unclear site,power factor,1.39,mW/m·K2,573,K,body text,,
1-s2.0-S1359645421008223-main.pdf,10.1016/j.actamat.2021.117443,AgSbTe2,HT673,AgSb0.998Ce0.002Te2,1,No,Ce,0.2 mol%,unclear,,Ce (0.2 mol%) @ unclear site,power factor,1.41,mW/m·K2,673,K,body text,,
1-s2.0-S1359645421008223-main.pdf,10.1016/j.actamat.2021.117443,AgSbTe2,Ce-doped AgSbTe2 (Ag0.998Ce0.002Te2),Ag0.998Ce0.002Te2,1,No,Ce,0.002,Ag,,Ce (0.002) @ Ag site,,,,,,,,
1-s2.0-S1359645421008223-main.pdf,10.1016/j.actamat.2021.117443,AgSbTe2,as-sintered,0.2 mol% Ce-doped AgSbTe2,1,No,Ce,0.2 mol%,unclear,,Ce (0.2 mol%) @ unclear site,Seebeck coefficient,127,uV/K,,,table,Table 1,at 300 K
1-s2.0-S1359645421008223-main.pdf,10.1016/j.actamat.2021.117443,AgSbTe2,as-sintered,0.2 mol% Ce-doped AgSbTe2,1,No,Ce,0.2 mol%,unclear,,Ce (0.2 mol%) @ unclear site,electrical conductivity,3.02e4,S/m,,,table,Table 1,Calculated from rho = 3.31e-5 Ohm.m at 300 K
1-s2.0-S1359645421008223-main.pdf,10.1016/j.actamat.2021.117443,AgSbTe2,as-sintered,0.2 mol% Ce-doped AgSbTe2,1,No,Ce,0.2 mol%,unclear,,Ce (0.2 mol%) @ unclear site,ZT,0.5,dimensionless,673,K,figure,Fig. 7c,Visually estimated from figure
1-s2.0-S1359645421008223-main.pdf,10.1016/j.actamat.2021.117443,AgSbTe2,HT523,0.2 mol% Ce-doped AgSbTe2,1,No,Ce,0.2 mol%,unclear,,Ce (0.2 mol%) @ unclear site,Seebeck coefficient,88.4,uV/K,,,table,Table 1,at 300 K
1-s2.0-S1359645421008223-main.pdf,10.1016/j.actamat.2021.117443,AgSbTe2,HT523,0.2 mol% Ce-doped AgSbTe2,1,No,Ce,0.2 mol%,unclear,,Ce (0.2 mol%) @ unclear site,electrical conductivity,3.73e4,S/m,,,table,Table 1,Calculated from rho = 2.68e-5 Ohm.m at 300 K
1-s2.0-S1359645421008223-main.pdf,10.1016/j.actamat.2021.117443,AgSbTe2,HT523,0.2 mol% Ce-doped AgSbTe2,1,No,Ce,0.2 mol%,unclear,,Ce (0.2 mol%) @ unclear site,ZT,1.31,dimensionless,673,K,figure,Fig. 7c,Visually estimated from figure
1-s2.0-S1359645421008223-main.pdf,10.1016/j.actamat.2021.117443,AgSbTe2,HT573,0.2 mol% Ce-doped AgSbTe2,1,No,Ce,0.2 mol%,unclear,,Ce (0.2 mol%) @ unclear site,Seebeck coefficient,85.5,uV/K,,,table,Table 1,at 300 K
1-s2.0-S1359645421008223-main.pdf,10.1016/j.actamat.2021.117443,AgSbTe2,HT573,0.2 mol% Ce-doped AgSbTe2,1,No,Ce,0.2 mol%,unclear,,Ce (0.2 mol%) @ unclear site,electrical conductivity,3.58e4,S/m,,,table,Table 1,Calculated from rho = 2.79e-5 Ohm.m at 300 K
1-s2.0-S1359645421008223-main.pdf,10.1016/j.actamat.2021.117443,AgSbTe2,HT573,0.2 mol% Ce-doped AgSbTe2,1,No,Ce,0.2 mol%,unclear,,Ce (0.2 mol%) @ unclear site,ZT,1.27,dimensionless,673,K,figure,Fig. 7c,Visually estimated from figure
1-s2.0-S1359645421008223-main.pdf,10.1016/j.actamat.2021.117443,AgSbTe2,HT673,0.2 mol% Ce-doped AgSbTe2,1,No,Ce,0.2 mol%,unclear,,Ce (0.2 mol%) @ unclear site,Seebeck coefficient,274,uV/K,,,table,Table 1,at 300 K
1-s2.0-S1359645421008223-main.pdf,10.1016/j.actamat.2021.117443,AgSbTe2,HT673,0.2 mol% Ce-doped AgSbTe2,1,No,Ce,0.2 mol%,unclear,,Ce (0.2 mol%) @ unclear site,electrical conductivity,1.33e4,S/m,,,table,Table 1,Calculated from rho = 7.54e-5 Ohm.m at 300 K
1-s2.0-S1359645421008223-main.pdf,10.1016/j.actamat.2021.117443,AgSbTe2,HT673,0.2 mol% Ce-doped AgSbTe2,1,No,Ce,0.2 mol%,unclear,,Ce (0.2 mol%) @ unclear site,ZT,1.49,dimensionless,673,K,figure,Fig. 7c,Visually estimated from figure
1-s2.0-S1359645422000684-main.pdf,10.1016/j.actamat.2022.117681,(Sn1-xPbxSe)0.6(AgSbTe2)0.4,(SnSe)0.6(AgSbTe2)0.4,(SnSe)0.6(AgSbTe2)0.4,0,No,,,,,,power factor,13,μWcm-1K-2,723,K,body text,,
1-s2.0-S1359645422000684-main.pdf,10.1016/j.actamat.2022.117681,(Sn1-xPbxSe)0.6(AgSbTe2)0.4,(SnSe)0.6(AgSbTe2)0.4,(SnSe)0.6(AgSbTe2)0.4,0,No,,,,,,power factor,9.0,μWcm-1K-2,300,K,body text,,
1-s2.0-S1359645422000684-main.pdf,10.1016/j.actamat.2022.117681,(Sn1-xPbxSe)0.6(AgSbTe2)0.4,(SnSe)0.6(AgSbTe2)0.4,(SnSe)0.6(AgSbTe2)0.4,0,No,,,,,,ZT,0.94,dimensionless,723,K,body text,,
1-s2.0-S1359645422000684-main.pdf,10.1016/j.actamat.2022.117681,(Sn1-xPbxSe)0.6(AgSbTe2)0.4,(Sn0.9Pb0.1Se)0.6(AgSbTe2)0.4,(Sn0.9Pb0.1Se)0.6(AgSbTe2)0.4,1,No,Pb,10%,Sn,,Pb (10%) @ Sn site,ZT,1.20,dimensionless,723,K,body text,,
1-s2.0-S1359645422000684-main.pdf,10.1016/j.actamat.2022.117681,(Sn1-xPbxSe)0.6(AgSbTe2)0.4,(Sn0.86Pb0.14Se)0.6(AgSbTe2)0.4,(Sn0.86Pb0.14Se)0.6(AgSbTe2)0.4,1,No,Pb,14%,Sn,,Pb (14%) @ Sn site,thermal conductivity,0.6,Wm-1K-1,300,K,body text,,
1-s2.0-S1359645422000684-main.pdf,10.1016/j.actamat.2022.117681,(Sn1-xPbxSe)0.6(AgSbTe2)0.4,"(SnSe)1-m(AgSbTe2)m, m=0%",SnSe,0,No,,,,,,electrical conductivity,100,S cm-1,300,K,figure,,Visually estimated from Fig. 4a
1-s2.0-S1359645422000684-main.pdf,10.1016/j.actamat.2022.117681,(Sn1-xPbxSe)0.6(AgSbTe2)0.4,"(SnSe)1-m(AgSbTe2)m, m=0%",SnSe,0,No,,,,,,Seebeck coefficient,500,uV K-1,300,K,figure,,Visually estimated from Fig. 4b
1-s2.0-S1359645422000684-main.pdf,10.1016/j.actamat.2022.117681,(Sn1-xPbxSe)0.6(AgSbTe2)0.4,"(SnSe)1-m(AgSbTe2)m, m=0%",SnSe,0,No,,,,,,power factor,0.5,uW cm-1 K-2,300,K,figure,,Visually estimated from Fig. 4c
1-s2.0-S1359645422000684-main.pdf,10.1016/j.actamat.2022.117681,(Sn1-xPbxSe)0.6(AgSbTe2)0.4,"(SnSe)1-m(AgSbTe2)m, m=0%",SnSe,0,No,,,,,,thermal conductivity,1.1,Wm-1K-1,300,K,figure,,Visually estimated from Fig. 4d
1-s2.0-S1359645422000684-main.pdf,10.1016/j.actamat.2022.117681,(Sn1-xPbxSe)0.6(AgSbTe2)0.4,"(SnSe)1-m(AgSbTe2)m, m=0%",SnSe,0,No,,,,,,lattice thermal conductivity,1.1,Wm-1K-1,300,K,figure,,Visually estimated from Fig. 4e
1-s2.0-S1359645422000684-main.pdf,10.1016/j.actamat.2022.117681,(Sn1-xPbxSe)0.6(AgSbTe2)0.4,"(SnSe)1-m(AgSbTe2)m, m=0%",SnSe,0,No,,,,,,ZT,0.1,dimensionless,300,K,figure,,Visually estimated from Fig. 4f
1-s2.0-S1359645422000684-main.pdf,10.1016/j.actamat.2022.117681,(Sn1-xPbxSe)0.6(AgSbTe2)0.4,(SnSe)0.6(AgSbTe2)0.4,(SnSe)0.6(AgSbTe2)0.4,0,No,,,,,,electrical conductivity,600,S cm-1,300,K,figure,,Visually estimated from Fig. 4a
1-s2.0-S1359645422000684-main.pdf,10.1016/j.actamat.2022.117681,(Sn1-xPbxSe)0.6(AgSbTe2)0.4,(SnSe)0.6(AgSbTe2)0.4,(SnSe)0.6(AgSbTe2)0.4,0,No,,,,,,Seebeck coefficient,100,uV K-1,300,K,figure,,Visually estimated from Fig. 4b
1-s2.0-S1359645422000684-main.pdf,10.1016/j.actamat.2022.117681,(Sn1-xPbxSe)0.6(AgSbTe2)0.4,(SnSe)0.6(AgSbTe2)0.4,(SnSe)0.6(AgSbTe2)0.4,0,No,,,,,,power factor,13,uW cm-1 K-2,723,K,figure,,Visually estimated from Fig. 4c
1-s2.0-S1359645422000684-main.pdf,10.1016/j.actamat.2022.117681,(Sn1-xPbxSe)0.6(AgSbTe2)0.4,(SnSe)0.6(AgSbTe2)0.4,(SnSe)0.6(AgSbTe2)0.4,0,No,,,,,,ZT,0.94,dimensionless,723,K,figure,,Visually estimated from Fig. 4f
1-s2.0-S1359645422000684-main.pdf,10.1016/j.actamat.2022.117681,(Sn1-xPbxSe)0.6(AgSbTe2)0.4,(Sn0.9Pb0.1Se)0.6(AgSbTe2)0.4,(Sn0.9Pb0.1Se)0.6(AgSbTe2)0.4,1,No,Pb,10%,multiple sites,,Pb (10%) @ multiple sites site,lattice thermal conductivity,0.43,Wm-1K-1,300,K,body text,,Value stated in section 3.5
1-s2.0-S1359645422000684-main.pdf,10.1016/j.actamat.2022.117681,(Sn1-xPbxSe)0.6(AgSbTe2)0.4,x=0%,"(Sn1-xPbxSe)0.6(AgSbTe2)0.4, x=0",0,No,,,,,,thermal conductivity,1.0,Wm-1K-1,300,K,figure,,Visually estimated from Fig. 6a
1-s2.0-S1359645422000684-main.pdf,10.1016/j.actamat.2022.117681,(Sn1-xPbxSe)0.6(AgSbTe2)0.4,x=0%,"(Sn1-xPbxSe)0.6(AgSbTe2)0.4, x=0",0,No,,,,,,thermal conductivity,0.8,Wm-1K-1,800,K,figure,,Visually estimated from Fig. 6a
1-s2.0-S1359645422000684-main.pdf,10.1016/j.actamat.2022.117681,(Sn1-xPbxSe)0.6(AgSbTe2)0.4,x=0%,"(Sn1-xPbxSe)0.6(AgSbTe2)0.4, x=0",0,No,,,,,,electrical conductivity,650,S cm-1,300,K,figure,,Visually estimated from Fig. 8a
1-s2.0-S1359645422000684-main.pdf,10.1016/j.actamat.2022.117681,(Sn1-xPbxSe)0.6(AgSbTe2)0.4,x=0%,"(Sn1-xPbxSe)0.6(AgSbTe2)0.4, x=0",0,No,,,,,,electrical conductivity,300,S cm-1,800,K,figure,,Visually estimated from Fig. 8a
1-s2.0-S1359645422000684-main.pdf,10.1016/j.actamat.2022.117681,(Sn1-xPbxSe)0.6(AgSbTe2)0.4,x=0%,"(Sn1-xPbxSe)0.6(AgSbTe2)0.4, x=0",0,No,,,,,,Seebeck coefficient,150,uV K-1,300,K,figure,,Visually estimated from Fig. 8c
1-s2.0-S1359645422000684-main.pdf,10.1016/j.actamat.2022.117681,(Sn1-xPbxSe)0.6(AgSbTe2)0.4,x=0%,"(Sn1-xPbxSe)0.6(AgSbTe2)0.4, x=0",0,No,,,,,,Seebeck coefficient,200,uV K-1,800,K,figure,,Visually estimated from Fig. 8c
1-s2.0-S1359645422000684-main.pdf,10.1016/j.actamat.2022.117681,(Sn1-xPbxSe)0.6(AgSbTe2)0.4,x=0%,"(Sn1-xPbxSe)0.6(AgSbTe2)0.4, x=0",0,No,,,,,,power factor,12.5,uW cm-1K-2,600,K,figure,,Visually estimated from Fig. 8f
1-s2.0-S1359645422000684-main.pdf,10.1016/j.actamat.2022.117681,(Sn1-xPbxSe)0.6(AgSbTe2)0.4,x=0%,"(Sn1-xPbxSe)0.6(AgSbTe2)0.4, x=0",0,No,,,,,,ZT,0.8,dimensionless,773,K,figure,,Visually estimated from Fig. 9a
1-s2.0-S1359645422000684-main.pdf,10.1016/j.actamat.2022.117681,(Sn1-xPbxSe)0.6(AgSbTe2)0.4,x=10%,"(Sn1-xPbxSe)0.6(AgSbTe2)0.4, x=0.10",1,No,Pb,10%,Sn,,Pb (10%) @ Sn site,ZT,1.2,dimensionless,723,K,text,Section 3.7,
1-s2.0-S1359645425002769-main.pdf,10.1016/j.actamat.2025.120985,AgSbTe2,QA-AgSbTe2 (A = 0 h),AgSbTe2,0,No,,,,,,electrical conductivity,1.21e4,S m-1,300,K,body text,,
1-s2.0-S1359645425002769-main.pdf,10.1016/j.actamat.2025.120985,AgSbTe2,QA-AgSbTe2 (A = 0 h),AgSbTe2,0,No,,,,,,electrical conductivity,8.24e3,S m-1,300,K,body text,,Value for A = 48 h
1-s2.0-S1359645425002769-main.pdf,10.1016/j.actamat.2025.120985,AgSbTe2,QA-AgSbTe2 (A = 0 h),AgSbTe2,0,No,,,,,,electrical conductivity,1.40e4,S m-1,300,K,body text,,Value for A = 24 h
1-s2.0-S1359645425002769-main.pdf,10.1016/j.actamat.2025.120985,AgSbTe2,QA-AgSbTe2 (A = 0 h),AgSbTe2,0,No,,,,,,Seebeck coefficient,298.37,uV K-1,548,K,body text,,Value for A = 24 h
1-s2.0-S1359645425002769-main.pdf,10.1016/j.actamat.2025.120985,AgSbTe2,QA-AgSbTe2 (A = 0 h),AgSbTe2,0,No,,,,,,power factor,8.22,uW cm-1 K-2,548,K,body text,,Value for A = 24 h
1-s2.0-S1359645425002769-main.pdf,10.1016/j.actamat.2025.120985,AgSbTe2,QA-AgSbTe2 (A = 0 h),AgSbTe2,0,No,,,,,,power factor,7.11,uW cm-1 K-2,548,K,body text,,Value for A = 0 h
1-s2.0-S1359645425002769-main.pdf,10.1016/j.actamat.2025.120985,AgSbTe2,QA-AgSbTe2 (A = 0 h),AgSbTe2,0,No,,,,,,thermal conductivity,0.38,W m-1 K-1,548,K,body text,,Value for A = 24 h
1-s2.0-S1359645425002769-main.pdf,10.1016/j.actamat.2025.120985,AgSbTe2,QA-AgSbTe2 (A = 0 h),AgSbTe2,0,No,,,,,,thermal conductivity,0.4,W m-1 K-1,548,K,body text,,Value for A = 0 h
1-s2.0-S1359645425002769-main.pdf,10.1016/j.actamat.2025.120985,AgSbTe2,QA-AgSbTe2 (A = 0 h),AgSbTe2,0,No,,,,,,ZT,1.18,dimensionless,548,K,body text,,Value for A = 24 h
1-s2.0-S1359645425002769-main.pdf,10.1016/j.actamat.2025.120985,AgSbTe2,QA-AgSbTe2 (A = 0 h),AgSbTe2,0,No,,,,,,ZT,0.94,dimensionless,300-633,K,body text,,Average ZT for A = 24 h
1-s2.0-S1359645425002769-main.pdf,10.1016/j.actamat.2025.120985,AgSbTe2,QA-AgSbTe2 (A = 0 h),AgSbTe2,0,No,,,,,,electrical conductivity,1.2,10^4 S m^-1,300,K,figure,Fig. 3a,Visually estimated from Fig. 3a
1-s2.0-S1359645425002769-main.pdf,10.1016/j.actamat.2025.120985,AgSbTe2,QA-AgSbTe2 (A = 0 h),AgSbTe2,0,No,,,,,,Seebeck coefficient,240,uV K^-1,300,K,figure,Fig. 3b,Visually estimated from Fig. 3b
1-s2.0-S1359645425002769-main.pdf,10.1016/j.actamat.2025.120985,AgSbTe2,QA-AgSbTe2 (A = 0 h),AgSbTe2,0,No,,,,,,power factor,7.11,uW cm^-1 K^-2,548,K,figure,Fig. 3c,Visually estimated from Fig. 3c
1-s2.0-S1359645425002769-main.pdf,10.1016/j.actamat.2025.120985,AgSbTe2,QA-AgSbTe2 (A = 24 h),AgSbTe2,0,No,,,,,,electrical conductivity,1.4,10^4 S m^-1,300,K,figure,Fig. 3a,Visually estimated from Fig. 3a
1-s2.0-S1359645425002769-main.pdf,10.1016/j.actamat.2025.120985,AgSbTe2,QA-AgSbTe2 (A = 24 h),AgSbTe2,0,No,,,,,,Seebeck coefficient,298.37,uV K^-1,548,K,figure,Fig. 3b,Visually estimated from Fig. 3b
1-s2.0-S1359645425002769-main.pdf,10.1016/j.actamat.2025.120985,AgSbTe2,QA-AgSbTe2 (A = 24 h),AgSbTe2,0,No,,,,,,power factor,8.22,uW cm^-1 K^-2,548,K,figure,Fig. 3c,Visually estimated from Fig. 3c
1-s2.0-S1359645425002769-main.pdf,10.1016/j.actamat.2025.120985,AgSbTe2,QA-AgSbTe2 (A = 24 h),AgSbTe2,0,No,,,,,,thermal conductivity,0.38,W m^-1 K^-1,548,K,figure,Fig. 4a,Visually estimated from Fig. 4a
1-s2.0-S1359645425002769-main.pdf,10.1016/j.actamat.2025.120985,AgSbTe2,QA-AgSbTe2 (A = 24 h),AgSbTe2,0,No,,,,,,ZT,1.18,dimensionless,548,K,figure,Fig. 5b,Visually estimated from Fig. 5b
1-s2.0-S1359645425002769-main.pdf,10.1016/j.actamat.2025.120985,AgSbTe2,QA-AgSbTe2 (A = 0 h),AgSbTe2,1,No,Ag vacancy,0 h annealing,Ag,,Ag vacancy (0 h annealing) @ Ag site,ZT,0.6,dimensionless,300,K,figure,,Visually estimated from Fig. 5a
1-s2.0-S1359645425002769-main.pdf,10.1016/j.actamat.2025.120985,AgSbTe2,QA-AgSbTe2 (A = 0 h),AgSbTe2,1,No,Ag vacancy,0 h annealing,Ag,,Ag vacancy (0 h annealing) @ Ag site,ZT,0.8,dimensionless,400,K,figure,,Visually estimated from Fig. 5a
1-s2.0-S1359645425002769-main.pdf,10.1016/j.actamat.2025.120985,AgSbTe2,QA-AgSbTe2 (A = 0 h),AgSbTe2,1,No,Ag vacancy,0 h annealing,Ag,,Ag vacancy (0 h annealing) @ Ag site,ZT,0.9,dimensionless,500,K,figure,,Visually estimated from Fig. 5a
1-s2.0-S1359645425002769-main.pdf,10.1016/j.actamat.2025.120985,AgSbTe2,QA-AgSbTe2 (A = 0 h),AgSbTe2,1,No,Ag vacancy,0 h annealing,Ag,,Ag vacancy (0 h annealing) @ Ag site,ZT,0.9,dimensionless,600,K,figure,,Visually estimated from Fig. 5a
1-s2.0-S1359645425002769-main.pdf,10.1016/j.actamat.2025.120985,AgSbTe2,QA-AgSbTe2 (A = 12 h),AgSbTe2,1,No,Ag vacancy,12 h annealing,Ag,,Ag vacancy (12 h annealing) @ Ag site,ZT,0.5,dimensionless,300,K,figure,,Visually estimated from Fig. 5a
1-s2.0-S1359645425002769-main.pdf,10.1016/j.actamat.2025.120985,AgSbTe2,QA-AgSbTe2 (A = 12 h),AgSbTe2,1,No,Ag vacancy,12 h annealing,Ag,,Ag vacancy (12 h annealing) @ Ag site,ZT,0.8,dimensionless,400,K,figure,,Visually estimated from Fig. 5a
1-s2.0-S1359645425002769-main.pdf,10.1016/j.actamat.2025.120985,AgSbTe2,QA-AgSbTe2 (A = 12 h),AgSbTe2,1,No,Ag vacancy,12 h annealing,Ag,,Ag vacancy (12 h annealing) @ Ag site,ZT,1.0,dimensionless,500,K,figure,,Visually estimated from Fig. 5a
1-s2.0-S1359645425002769-main.pdf,10.1016/j.actamat.2025.120985,AgSbTe2,QA-AgSbTe2 (A = 12 h),AgSbTe2,1,No,Ag vacancy,12 h annealing,Ag,,Ag vacancy (12 h annealing) @ Ag site,ZT,1.1,dimensionless,600,K,figure,,Visually estimated from Fig. 5a
1-s2.0-S1359645425002769-main.pdf,10.1016/j.actamat.2025.120985,AgSbTe2,QA-AgSbTe2 (A = 24 h),AgSbTe2,1,No,Ag vacancy,24 h annealing,Ag,,Ag vacancy (24 h annealing) @ Ag site,ZT,0.6,dimensionless,300,K,figure,,Visually estimated from Fig. 5a
1-s2.0-S1359645425002769-main.pdf,10.1016/j.actamat.2025.120985,AgSbTe2,QA-AgSbTe2 (A = 24 h),AgSbTe2,1,No,Ag vacancy,24 h annealing,Ag,,Ag vacancy (24 h annealing) @ Ag site,ZT,0.9,dimensionless,400,K,figure,,Visually estimated from Fig. 5a
1-s2.0-S1359645425002769-main.pdf,10.1016/j.actamat.2025.120985,AgSbTe2,QA-AgSbTe2 (A = 24 h),AgSbTe2,1,No,Ag vacancy,24 h annealing,Ag,,Ag vacancy (24 h annealing) @ Ag site,ZT,1.1,dimensionless,500,K,figure,,Visually estimated from Fig. 5a
1-s2.0-S1359645425002769-main.pdf,10.1016/j.actamat.2025.120985,AgSbTe2,QA-AgSbTe2 (A = 24 h),AgSbTe2,1,No,Ag vacancy,24 h annealing,Ag,,Ag vacancy (24 h annealing) @ Ag site,ZT,1.2,dimensionless,600,K,figure,,Visually estimated from Fig. 5a
1-s2.0-S1359645425002769-main.pdf,10.1016/j.actamat.2025.120985,AgSbTe2,QA-AgSbTe2 (A = 36 h),AgSbTe2,1,No,Ag vacancy,36 h annealing,Ag,,Ag vacancy (36 h annealing) @ Ag site,ZT,0.5,dimensionless,300,K,figure,,Visually estimated from Fig. 5a
1-s2.0-S1359645425002769-main.pdf,10.1016/j.actamat.2025.120985,AgSbTe2,QA-AgSbTe2 (A = 36 h),AgSbTe2,1,No,Ag vacancy,36 h annealing,Ag,,Ag vacancy (36 h annealing) @ Ag site,ZT,0.7,dimensionless,400,K,figure,,Visually estimated from Fig. 5a
1-s2.0-S1359645425002769-main.pdf,10.1016/j.actamat.2025.120985,AgSbTe2,QA-AgSbTe2 (A = 36 h),AgSbTe2,1,No,Ag vacancy,36 h annealing,Ag,,Ag vacancy (36 h annealing) @ Ag site,ZT,0.8,dimensionless,500,K,figure,,Visually estimated from Fig. 5a
1-s2.0-S1359645425002769-main.pdf,10.1016/j.actamat.2025.120985,AgSbTe2,QA-AgSbTe2 (A = 36 h),AgSbTe2,1,No,Ag vacancy,36 h annealing,Ag,,Ag vacancy (36 h annealing) @ Ag site,ZT,0.8,dimensionless,600,K,figure,,Visually estimated from Fig. 5a
1-s2.0-S1359645425002769-main.pdf,10.1016/j.actamat.2025.120985,AgSbTe2,QA-AgSbTe2 (A = 48 h),AgSbTe2,1,No,Ag vacancy,48 h annealing,Ag,,Ag vacancy (48 h annealing) @ Ag site,ZT,0.4,dimensionless,300,K,figure,,Visually estimated from Fig. 5a
1-s2.0-S1359645425002769-main.pdf,10.1016/j.actamat.2025.120985,AgSbTe2,QA-AgSbTe2 (A = 48 h),AgSbTe2,1,No,Ag vacancy,48 h annealing,Ag,,Ag vacancy (48 h annealing) @ Ag site,ZT,0.6,dimensionless,400,K,figure,,Visually estimated from Fig. 5a
1-s2.0-S1359645425002769-main.pdf,10.1016/j.actamat.2025.120985,AgSbTe2,QA-AgSbTe2 (A = 48 h),AgSbTe2,1,No,Ag vacancy,48 h annealing,Ag,,Ag vacancy (48 h annealing) @ Ag site,ZT,0.7,dimensionless,500,K,figure,,Visually estimated from Fig. 5a
1-s2.0-S1359645425002769-main.pdf,10.1016/j.actamat.2025.120985,AgSbTe2,QA-AgSbTe2 (A = 48 h),AgSbTe2,1,No,Ag vacancy,48 h annealing,Ag,,Ag vacancy (48 h annealing) @ Ag site,ZT,0.7,dimensionless,600,K,figure,,Visually estimated from Fig. 5a
1-s2.0-S221128552201196X-main.pdf,10.1016/j.nanoen.2022.108118,AgSbTe2,slow-cooled,AgSbTe2,0,No,,,,,,electrical conductivity,not explicitly provided,not explicitly provided,,,text,,"The paper reports electrical resistivity in Fig 7a, but not explicit electrical conductivity values."
1-s2.0-S221128552201196X-main.pdf,10.1016/j.nanoen.2022.108118,AgSbTe2,slow-cooled,AgSbTe2,0,No,,,,,,Seebeck coefficient,not explicitly provided,not explicitly provided,,,text,,"Plotted in Fig 7b, but no explicit numerical values provided."
1-s2.0-S221128552201196X-main.pdf,10.1016/j.nanoen.2022.108118,AgSbTe2,slow-cooled,AgSbTe2,0,No,,,,,,thermal conductivity,not explicitly provided,not explicitly provided,,,text,,"Plotted in Fig 7d, but no explicit numerical values provided."
1-s2.0-S221128552201196X-main.pdf,10.1016/j.nanoen.2022.108118,AgSbTe2,slow-cooled,AgSbTe2,0,No,,,,,,power factor,not explicitly provided,not explicitly provided,,,text,,"Plotted in Fig 7c, but no explicit numerical values provided."
1-s2.0-S221128552201196X-main.pdf,10.1016/j.nanoen.2022.108118,AgSbTe2,fast-cooled,AgSbTe2,0,No,,,,,,electrical conductivity,not explicitly provided,not explicitly provided,,,text,,
1-s2.0-S221128552201196X-main.pdf,10.1016/j.nanoen.2022.108118,AgSbTe2,fast-cooled,AgSbTe2,0,No,,,,,,Seebeck coefficient,not explicitly provided,not explicitly provided,,,text,,
1-s2.0-S221128552201196X-main.pdf,10.1016/j.nanoen.2022.108118,AgSbTe2,fast-cooled,AgSbTe2,0,No,,,,,,thermal conductivity,not explicitly provided,not explicitly provided,,,text,,
1-s2.0-S221128552201196X-main.pdf,10.1016/j.nanoen.2022.108118,AgSbTe2,fast-cooled,AgSbTe2,0,No,,,,,,power factor,not explicitly provided,not explicitly provided,,,text,,
1-s2.0-S221128552201196X-main.pdf,10.1016/j.nanoen.2022.108118,AgSbTe2,quenched,AgSbTe2,0,No,,,,,,ZT,1.15,dimensionless,623,K,text,Abstract and Section 5,
1-s2.0-S221128552201196X-main.pdf,10.1016/j.nanoen.2022.108118,AgSbTe2,quenched,AgSbTe2,0,No,,,,,,electrical conductivity,not explicitly provided,not explicitly provided,,,text,,
1-s2.0-S221128552201196X-main.pdf,10.1016/j.nanoen.2022.108118,AgSbTe2,quenched,AgSbTe2,0,No,,,,,,Seebeck coefficient,not explicitly provided,not explicitly provided,,,text,,
1-s2.0-S221128552201196X-main.pdf,10.1016/j.nanoen.2022.108118,AgSbTe2,quenched,AgSbTe2,0,No,,,,,,thermal conductivity,not explicitly provided,not explicitly provided,,,text,,
1-s2.0-S221128552201196X-main.pdf,10.1016/j.nanoen.2022.108118,AgSbTe2,quenched,AgSbTe2,0,No,,,,,,power factor,not explicitly provided,not explicitly provided,,,text,,
1-s2.0-S221128552201196X-main.pdf,10.1016/j.nanoen.2022.108118,AgSbTe2,Slow Cooling,AgSbTe2,0,No,,,,,,Seebeck coefficient,115,uV/K,325,K,figure,,Visually estimated from Fig. 7b
1-s2.0-S221128552201196X-main.pdf,10.1016/j.nanoen.2022.108118,AgSbTe2,Slow Cooling,AgSbTe2,0,No,,,,,,Seebeck coefficient,130,uV/K,375,K,figure,,Visually estimated from Fig. 7b
1-s2.0-S221128552201196X-main.pdf,10.1016/j.nanoen.2022.108118,AgSbTe2,Slow Cooling,AgSbTe2,0,No,,,,,,Seebeck coefficient,145,uV/K,425,K,figure,,Visually estimated from Fig. 7b
1-s2.0-S221128552201196X-main.pdf,10.1016/j.nanoen.2022.108118,AgSbTe2,Slow Cooling,AgSbTe2,0,No,,,,,,Seebeck coefficient,150,uV/K,475,K,figure,,Visually estimated from Fig. 7b
1-s2.0-S221128552201196X-main.pdf,10.1016/j.nanoen.2022.108118,AgSbTe2,Slow Cooling,AgSbTe2,0,No,,,,,,Seebeck coefficient,160,uV/K,525,K,figure,,Visually estimated from Fig. 7b
1-s2.0-S221128552201196X-main.pdf,10.1016/j.nanoen.2022.108118,AgSbTe2,Slow Cooling,AgSbTe2,0,No,,,,,,Seebeck coefficient,165,uV/K,575,K,figure,,Visually estimated from Fig. 7b
1-s2.0-S221128552201196X-main.pdf,10.1016/j.nanoen.2022.108118,AgSbTe2,Slow Cooling,AgSbTe2,0,No,,,,,,Seebeck coefficient,175,uV/K,625,K,figure,,Visually estimated from Fig. 7b
1-s2.0-S221128552201196X-main.pdf,10.1016/j.nanoen.2022.108118,AgSbTe2,Slow Cooling,AgSbTe2,0,No,,,,,,power factor,400,uW/mK^2,325,K,figure,,Visually estimated from Fig. 7c
1-s2.0-S221128552201196X-main.pdf,10.1016/j.nanoen.2022.108118,AgSbTe2,Slow Cooling,AgSbTe2,0,No,,,,,,power factor,500,uW/mK^2,425,K,figure,,Visually estimated from Fig. 7c
1-s2.0-S221128552201196X-main.pdf,10.1016/j.nanoen.2022.108118,AgSbTe2,Slow Cooling,AgSbTe2,0,No,,,,,,power factor,600,uW/mK^2,525,K,figure,,Visually estimated from Fig. 7c
1-s2.0-S221128552201196X-main.pdf,10.1016/j.nanoen.2022.108118,AgSbTe2,Slow Cooling,AgSbTe2,0,No,,,,,,power factor,650,uW/mK^2,625,K,figure,,Visually estimated from Fig. 7c
1-s2.0-S221128552201196X-main.pdf,10.1016/j.nanoen.2022.108118,AgSbTe2,Slow Cooling,AgSbTe2,0,No,,,,,,thermal conductivity,0.75,W/mK,325,K,figure,,Visually estimated from Fig. 7d
1-s2.0-S221128552201196X-main.pdf,10.1016/j.nanoen.2022.108118,AgSbTe2,Slow Cooling,AgSbTe2,0,No,,,,,,thermal conductivity,0.75,W/mK,425,K,figure,,Visually estimated from Fig. 7d
1-s2.0-S221128552201196X-main.pdf,10.1016/j.nanoen.2022.108118,AgSbTe2,Slow Cooling,AgSbTe2,0,No,,,,,,thermal conductivity,0.75,W/mK,525,K,figure,,Visually estimated from Fig. 7d
1-s2.0-S221128552201196X-main.pdf,10.1016/j.nanoen.2022.108118,AgSbTe2,Slow Cooling,AgSbTe2,0,No,,,,,,thermal conductivity,0.8,W/mK,625,K,figure,,Visually estimated from Fig. 7d
1-s2.0-S221128552201196X-main.pdf,10.1016/j.nanoen.2022.108118,AgSbTe2,Fast Cooling,AgSbTe2,0,No,,,,,,Seebeck coefficient,280,uV/K,325,K,figure,,Visually estimated from Fig. 7b
1-s2.0-S221128552201196X-main.pdf,10.1016/j.nanoen.2022.108118,AgSbTe2,Fast Cooling,AgSbTe2,0,No,,,,,,Seebeck coefficient,310,uV/K,375,K,figure,,Visually estimated from Fig. 7b
1-s2.0-S221128552201196X-main.pdf,10.1016/j.nanoen.2022.108118,AgSbTe2,Fast Cooling,AgSbTe2,0,No,,,,,,Seebeck coefficient,340,uV/K,425,K,figure,,Visually estimated from Fig. 7b
1-s2.0-S221128552201196X-main.pdf,10.1016/j.nanoen.2022.108118,AgSbTe2,Fast Cooling,AgSbTe2,0,No,,,,,,Seebeck coefficient,360,uV/K,475,K,figure,,Visually estimated from Fig. 7b
1-s2.0-S221128552201196X-main.pdf,10.1016/j.nanoen.2022.108118,AgSbTe2,Fast Cooling,AgSbTe2,0,No,,,,,,Seebeck coefficient,320,uV/K,525,K,figure,,Visually estimated from Fig. 7b
1-s2.0-S221128552201196X-main.pdf,10.1016/j.nanoen.2022.108118,AgSbTe2,Fast Cooling,AgSbTe2,0,No,,,,,,Seebeck coefficient,280,uV/K,575,K,figure,,Visually estimated from Fig. 7b
1-s2.0-S221128552201196X-main.pdf,10.1016/j.nanoen.2022.108118,AgSbTe2,Fast Cooling,AgSbTe2,0,No,,,,,,Seebeck coefficient,250,uV/K,625,K,figure,,Visually estimated from Fig. 7b
1-s2.0-S221128552201196X-main.pdf,10.1016/j.nanoen.2022.108118,AgSbTe2,Fast Cooling,AgSbTe2,0,No,,,,,,power factor,700,uW/mK^2,325,K,figure,,Visually estimated from Fig. 7c
1-s2.0-S221128552201196X-main.pdf,10.1016/j.nanoen.2022.108118,AgSbTe2,Fast Cooling,AgSbTe2,0,No,,,,,,power factor,750,uW/mK^2,425,K,figure,,Visually estimated from Fig. 7c
1-s2.0-S221128552201196X-main.pdf,10.1016/j.nanoen.2022.108118,AgSbTe2,Fast Cooling,AgSbTe2,0,No,,,,,,power factor,750,uW/mK^2,525,K,figure,,Visually estimated from Fig. 7c
1-s2.0-S221128552201196X-main.pdf,10.1016/j.nanoen.2022.108118,AgSbTe2,Fast Cooling,AgSbTe2,0,No,,,,,,power factor,650,uW/mK^2,625,K,figure,,Visually estimated from Fig. 7c
1-s2.0-S221128552201196X-main.pdf,10.1016/j.nanoen.2022.108118,AgSbTe2,Fast Cooling,AgSbTe2,0,No,,,,,,thermal conductivity,0.6,W/mK,325,K,figure,,Visually estimated from Fig. 7d
1-s2.0-S221128552201196X-main.pdf,10.1016/j.nanoen.2022.108118,AgSbTe2,Fast Cooling,AgSbTe2,0,No,,,,,,thermal conductivity,0.65,W/mK,425,K,figure,,Visually estimated from Fig. 7d
1-s2.0-S221128552201196X-main.pdf,10.1016/j.nanoen.2022.108118,AgSbTe2,Fast Cooling,AgSbTe2,0,No,,,,,,thermal conductivity,0.6,W/mK,525,K,figure,,Visually estimated from Fig. 7d
1-s2.0-S221128552201196X-main.pdf,10.1016/j.nanoen.2022.108118,AgSbTe2,Fast Cooling,AgSbTe2,0,No,,,,,,thermal conductivity,0.65,W/mK,625,K,figure,,Visually estimated from Fig. 7d
1-s2.0-S221128552201196X-main.pdf,10.1016/j.nanoen.2022.108118,AgSbTe2,Quenched,AgSbTe2,0,No,,,,,,Seebeck coefficient,245,uV/K,325,K,figure,,Visually estimated from Fig. 7b
1-s2.0-S221128552201196X-main.pdf,10.1016/j.nanoen.2022.108118,AgSbTe2,Quenched,AgSbTe2,0,No,,,,,,Seebeck coefficient,250,uV/K,425,K,figure,,Visually estimated from Fig. 7b
1-s2.0-S221128552201196X-main.pdf,10.1016/j.nanoen.2022.108118,AgSbTe2,Quenched,AgSbTe2,0,No,,,,,,Seebeck coefficient,240,uV/K,525,K,figure,,Visually estimated from Fig. 7b
1-s2.0-S221128552201196X-main.pdf,10.1016/j.nanoen.2022.108118,AgSbTe2,Quenched,AgSbTe2,0,No,,,,,,Seebeck coefficient,230,uV/K,625,K,figure,,Visually estimated from Fig. 7b
1-s2.0-S221128552201196X-main.pdf,10.1016/j.nanoen.2022.108118,AgSbTe2,Quenched,AgSbTe2,0,No,,,,,,power factor,800,uW/mK^2,325,K,figure,,Visually estimated from Fig. 7c
1-s2.0-S221128552201196X-main.pdf,10.1016/j.nanoen.2022.108118,AgSbTe2,Quenched,AgSbTe2,0,No,,,,,,power factor,1200,uW/mK^2,425,K,figure,,Visually estimated from Fig. 7c
1-s2.0-S221128552201196X-main.pdf,10.1016/j.nanoen.2022.108118,AgSbTe2,Quenched,AgSbTe2,0,No,,,,,,power factor,1600,uW/mK^2,525,K,figure,,Visually estimated from Fig. 7c
1-s2.0-S221128552201196X-main.pdf,10.1016/j.nanoen.2022.108118,AgSbTe2,Quenched,AgSbTe2,0,No,,,,,,power factor,1600,uW/mK^2,625,K,figure,,Visually estimated from Fig. 7c
1-s2.0-S221128552201196X-main.pdf,10.1016/j.nanoen.2022.108118,AgSbTe2,Quenched,AgSbTe2,0,No,,,,,,thermal conductivity,0.6,W/mK,325,K,figure,,Visually estimated from Fig. 7d
1-s2.0-S221128552201196X-main.pdf,10.1016/j.nanoen.2022.108118,AgSbTe2,Quenched,AgSbTe2,0,No,,,,,,thermal conductivity,0.65,W/mK,425,K,figure,,Visually estimated from Fig. 7d
1-s2.0-S221128552201196X-main.pdf,10.1016/j.nanoen.2022.108118,AgSbTe2,Quenched,AgSbTe2,0,No,,,,,,thermal conductivity,0.7,W/mK,525,K,figure,,Visually estimated from Fig. 7d
1-s2.0-S221128552201196X-main.pdf,10.1016/j.nanoen.2022.108118,AgSbTe2,Quenched,AgSbTe2,0,No,,,,,,thermal conductivity,0.8,W/mK,625,K,figure,,Visually estimated from Fig. 7d
1-s2.0-S221128552201196X-main.pdf,10.1016/j.nanoen.2022.108118,AgSbTe2,AgSbTe2,AgSbTe2,0,No,,,,,,electrical conductivity,0.185,S/cm,473,K,figure,Fig. 8a,Visually estimated from Fig. 8a. Note: The plot shows resistivity (rho) in mOhm.cm. Value 5.4 mOhm.cm corresponds to ~0.185 S/cm.
1-s2.0-S221128552201196X-main.pdf,10.1016/j.nanoen.2022.108118,AgSbTe2,AgSbTe2,AgSbTe2,0,No,,,,,,Seebeck coefficient,248,uV/K,473,K,figure,Fig. 8b,Visually estimated from Fig. 8b.
1-s2.0-S221128552201196X-main.pdf,10.1016/j.nanoen.2022.108118,AgSbTe2,AgSbTe2,AgSbTe2,0,No,,,,,,power factor,1320,uW/mK^2,473,K,figure,Fig. 8c,Visually estimated from Fig. 8c.
1-s2.0-S221128552201196X-main.pdf,10.1016/j.nanoen.2022.108118,AgSbTe2,AgSbTe2,AgSbTe2,0,No,,,,,,electrical conductivity,0.32,S/cm,623,K,figure,Fig. 8d,Visually estimated from Fig. 8d. Note: The plot shows resistivity (rho) in mOhm.cm. Value 3.1 mOhm.cm corresponds to ~0.32 S/cm.
1-s2.0-S221128552201196X-main.pdf,10.1016/j.nanoen.2022.108118,AgSbTe2,AgSbTe2,AgSbTe2,0,No,,,,,,Seebeck coefficient,240,uV/K,623,K,figure,Fig. 8e,Visually estimated from Fig. 8e.
1-s2.0-S221128552201196X-main.pdf,10.1016/j.nanoen.2022.108118,AgSbTe2,AgSbTe2,AgSbTe2,0,No,,,,,,power factor,1920,uW/mK^2,623,K,figure,Fig. 8f,Visually estimated from Fig. 8f.
1-s2.0-S2352847816300041-main.pdf,10.1016/j.jmat.2016.05.001,SnCd0.05Te-x%AgSbSe2,SnCd0.05Te,SnCd0.05Te,1,No,Cd,5%,unclear,,Cd (5%) @ unclear site,power factor,21,mW/cm K2,700,K,text,"Page 4, Section 3",
1-s2.0-S2352847816300041-main.pdf,10.1016/j.jmat.2016.05.001,SnCd0.05Te-x%AgSbSe2,SnCd0.05Te,SnCd0.05Te,1,No,Cd,5%,unclear,,Cd (5%) @ unclear site,thermal conductivity,4.7,W/m K,room temperature,,text,"Page 5, Section 3",
1-s2.0-S2352847816300041-main.pdf,10.1016/j.jmat.2016.05.001,SnCd0.05Te-x%AgSbSe2,SnCd0.05Te,SnCd0.05Te,1,No,Cd,5%,unclear,,Cd (5%) @ unclear site,thermal conductivity,2.2,W/m K,820,K,text,"Page 5, Section 3",
1-s2.0-S2352847816300041-main.pdf,10.1016/j.jmat.2016.05.001,SnCd0.05Te-x%AgSbSe2,SnCd0.05Te + 3% AgSbSe2,SnCd0.05Te-0.03AgSbSe2,2,Yes,Cd,5%,unclear,AgSbSe2 (3%) @ multiple sites,Cd (5%) @ unclear site; AgSbSe2 (3%) @ multiple sites site,ZT,0.92,dimensionless,820,K,text,"Page 6, Section 3",
1-s2.0-S2352847816300041-main.pdf,10.1016/j.jmat.2016.05.001,SnCd0.05Te-x%AgSbSe2,SnCd0.05Te + 12% AgSbSe2,SnCd0.05Te-0.12AgSbSe2,2,Yes,Cd,5%,unclear,AgSbSe2 (12%) @ multiple sites,Cd (5%) @ unclear site; AgSbSe2 (12%) @ multiple sites site,lattice thermal conductivity,0.6,W/m K,820,K,text,"Page 5, Section 3",
1-s2.0-S2352847816300041-main.pdf,10.1016/j.jmat.2016.05.001,SnCd0.05Te-x%AgSbSe2,SnCd0.05Te,SnCd0.05Te,1,No,Cd,0.05,unclear,,Cd (0.05) @ unclear site,electrical conductivity,2800,S/cm,300,K,figure,Fig. 3a,Visually estimated from Fig. 3a
1-s2.0-S2352847816300041-main.pdf,10.1016/j.jmat.2016.05.001,SnCd0.05Te-x%AgSbSe2,SnCd0.05Te,SnCd0.05Te,1,No,Cd,0.05,unclear,,Cd (0.05) @ unclear site,Seebeck coefficient,45,uV/K,300,K,figure,Fig. 3c,Visually estimated from Fig. 3c
1-s2.0-S2352847816300041-main.pdf,10.1016/j.jmat.2016.05.001,SnCd0.05Te-x%AgSbSe2,SnCd0.05Te,SnCd0.05Te,1,No,Cd,0.05,unclear,,Cd (0.05) @ unclear site,power factor,4,uW/cm*K^2,300,K,figure,Fig. 3d,Visually estimated from Fig. 3d
1-s2.0-S2352847816300041-main.pdf,10.1016/j.jmat.2016.05.001,SnCd0.05Te-x%AgSbSe2,SnCd0.05Te,SnCd0.05Te,1,No,Cd,0.05,unclear,,Cd (0.05) @ unclear site,thermal conductivity,4.7,W/m*K,300,K,figure,Fig. 5a,Visually estimated from Fig. 5a
1-s2.0-S2352847816300041-main.pdf,10.1016/j.jmat.2016.05.001,SnCd0.05Te-x%AgSbSe2,SnCd0.05Te,SnCd0.05Te,1,No,Cd,0.05,unclear,,Cd (0.05) @ unclear site,lattice thermal conductivity,2.7,W/m*K,300,K,figure,Fig. 5b,Visually estimated from Fig. 5b
1-s2.0-S2352847816300041-main.pdf,10.1016/j.jmat.2016.05.001,SnCd0.05Te-x%AgSbSe2,SnCd0.05Te-3%AgSbSe2,SnCd0.05Te-3%AgSbSe2,2,Yes,Cd,0.05,unclear,AgSbSe2 (3%) @ unclear,Cd (0.05) @ unclear site; AgSbSe2 (3%) @ unclear site,electrical conductivity,2700,S/cm,300,K,figure,Fig. 3a,Visually estimated from Fig. 3a
1-s2.0-S2352847816300041-main.pdf,10.1016/j.jmat.2016.05.001,SnCd0.05Te-x%AgSbSe2,SnCd0.05Te-3%AgSbSe2,SnCd0.05Te-3%AgSbSe2,2,Yes,Cd,0.05,unclear,AgSbSe2 (3%) @ unclear,Cd (0.05) @ unclear site; AgSbSe2 (3%) @ unclear site,Seebeck coefficient,50,uV/K,300,K,figure,Fig. 3c,Visually estimated from Fig. 3c
1-s2.0-S2352847816300041-main.pdf,10.1016/j.jmat.2016.05.001,SnCd0.05Te-x%AgSbSe2,SnCd0.05Te-3%AgSbSe2,SnCd0.05Te-3%AgSbSe2,2,Yes,Cd,0.05,unclear,AgSbSe2 (3%) @ unclear,Cd (0.05) @ unclear site; AgSbSe2 (3%) @ unclear site,power factor,5,uW/cm*K^2,300,K,figure,Fig. 3d,Visually estimated from Fig. 3d
1-s2.0-S2352847816300041-main.pdf,10.1016/j.jmat.2016.05.001,SnCd0.05Te-x%AgSbSe2,SnCd0.05Te-3%AgSbSe2,SnCd0.05Te-3%AgSbSe2,2,Yes,Cd,0.05,unclear,AgSbSe2 (3%) @ unclear,Cd (0.05) @ unclear site; AgSbSe2 (3%) @ unclear site,thermal conductivity,4.2,W/m*K,300,K,figure,Fig. 5a,Visually estimated from Fig. 5a
1-s2.0-S2352847816300041-main.pdf,10.1016/j.jmat.2016.05.001,SnCd0.05Te-x%AgSbSe2,SnCd0.05Te-3%AgSbSe2,SnCd0.05Te-3%AgSbSe2,2,Yes,Cd,0.05,unclear,AgSbSe2 (3%) @ unclear,Cd (0.05) @ unclear site; AgSbSe2 (3%) @ unclear site,lattice thermal conductivity,2.2,W/m*K,300,K,figure,Fig. 5b,Visually estimated from Fig. 5b
1-s2.0-S2352847816300041-main.pdf,10.1016/j.jmat.2016.05.001,SnCd0.05Te-x%AgSbSe2,SnCd0.05Te,SnCd0.05Te,1,No,Cd,0.05,unclear,,Cd (0.05) @ unclear site,ZT,0.08,dimensionless,300,K,figure,,Visually estimated from Fig. 7
1-s2.0-S2352847816300041-main.pdf,10.1016/j.jmat.2016.05.001,SnCd0.05Te-x%AgSbSe2,SnCd0.05Te,SnCd0.05Te,1,No,Cd,0.05,unclear,,Cd (0.05) @ unclear site,ZT,0.92,dimensionless,820,K,figure,,Visually estimated from Fig. 7
1-s2.0-S2352847816300041-main.pdf,10.1016/j.jmat.2016.05.001,SnCd0.05Te-x%AgSbSe2,SnCd0.05Te-3%AgSbSe2,SnCd0.05Te-3%AgSbSe2,2,Yes,Cd,0.05,unclear,AgSbSe2 (3%) @ unclear,Cd (0.05) @ unclear site; AgSbSe2 (3%) @ unclear site,ZT,0.09,dimensionless,300,K,figure,,Visually estimated from Fig. 7
1-s2.0-S2352847816300041-main.pdf,10.1016/j.jmat.2016.05.001,SnCd0.05Te-x%AgSbSe2,SnCd0.05Te-3%AgSbSe2,SnCd0.05Te-3%AgSbSe2,2,Yes,Cd,0.05,unclear,AgSbSe2 (3%) @ unclear,Cd (0.05) @ unclear site; AgSbSe2 (3%) @ unclear site,ZT,0.93,dimensionless,820,K,figure,,Visually estimated from Fig. 7
1-s2.0-S2352847816300041-main.pdf,10.1016/j.jmat.2016.05.001,SnCd0.05Te-x%AgSbSe2,SnCd0.05Te-6%AgSbSe2,SnCd0.05Te-6%AgSbSe2,2,Yes,Cd,0.05,unclear,AgSbSe2 (6%) @ unclear,Cd (0.05) @ unclear site; AgSbSe2 (6%) @ unclear site,ZT,0.07,dimensionless,300,K,figure,,Visually estimated from Fig. 7
1-s2.0-S2352847816300041-main.pdf,10.1016/j.jmat.2016.05.001,SnCd0.05Te-x%AgSbSe2,SnCd0.05Te-6%AgSbSe2,SnCd0.05Te-6%AgSbSe2,2,Yes,Cd,0.05,unclear,AgSbSe2 (6%) @ unclear,Cd (0.05) @ unclear site; AgSbSe2 (6%) @ unclear site,ZT,0.82,dimensionless,820,K,figure,,Visually estimated from Fig. 7
1-s2.0-S2352847816300041-main.pdf,10.1016/j.jmat.2016.05.001,SnCd0.05Te-x%AgSbSe2,SnCd0.05Te-9%AgSbSe2,SnCd0.05Te-9%AgSbSe2,2,Yes,Cd,0.05,unclear,AgSbSe2 (9%) @ unclear,Cd (0.05) @ unclear site; AgSbSe2 (9%) @ unclear site,ZT,0.06,dimensionless,300,K,figure,,Visually estimated from Fig. 7
1-s2.0-S2352847816300041-main.pdf,10.1016/j.jmat.2016.05.001,SnCd0.05Te-x%AgSbSe2,SnCd0.05Te-9%AgSbSe2,SnCd0.05Te-9%AgSbSe2,2,Yes,Cd,0.05,unclear,AgSbSe2 (9%) @ unclear,Cd (0.05) @ unclear site; AgSbSe2 (9%) @ unclear site,ZT,0.78,dimensionless,820,K,figure,,Visually estimated from Fig. 7
1-s2.0-S2352847816300041-main.pdf,10.1016/j.jmat.2016.05.001,SnCd0.05Te-x%AgSbSe2,SnCd0.05Te-12%AgSbSe2,SnCd0.05Te-12%AgSbSe2,2,Yes,Cd,0.05,unclear,AgSbSe2 (12%) @ unclear,Cd (0.05) @ unclear site; AgSbSe2 (12%) @ unclear site,ZT,0.05,dimensionless,300,K,figure,,Visually estimated from Fig. 7
1-s2.0-S2352847816300041-main.pdf,10.1016/j.jmat.2016.05.001,SnCd0.05Te-x%AgSbSe2,SnCd0.05Te-12%AgSbSe2,SnCd0.05Te-12%AgSbSe2,2,Yes,Cd,0.05,unclear,AgSbSe2 (12%) @ unclear,Cd (0.05) @ unclear site; AgSbSe2 (12%) @ unclear site,ZT,0.72,dimensionless,820,K,figure,,Visually estimated from Fig. 7
1-s2.0-S2352847816300041-main.pdf,10.1016/j.jmat.2016.05.001,SnCd0.05Te-x%AgSbSe2,SnCd0.05Te-15%AgSbSe2,SnCd0.05Te-15%AgSbSe2,2,Yes,Cd,0.05,unclear,AgSbSe2 (15%) @ unclear,Cd (0.05) @ unclear site; AgSbSe2 (15%) @ unclear site,ZT,0.04,dimensionless,300,K,figure,,Visually estimated from Fig. 7
1-s2.0-S2352847816300041-main.pdf,10.1016/j.jmat.2016.05.001,SnCd0.05Te-x%AgSbSe2,SnCd0.05Te-15%AgSbSe2,SnCd0.05Te-15%AgSbSe2,2,Yes,Cd,0.05,unclear,AgSbSe2 (15%) @ unclear,Cd (0.05) @ unclear site; AgSbSe2 (15%) @ unclear site,ZT,0.68,dimensionless,820,K,figure,,Visually estimated from Fig. 7
1-s2.0-S235284782200096X-main.pdf,10.1016/j.jmat.2022.07.005,AgSbTe2,Ag0.9Sb1.1Te2.1,Ag0.9Sb1.1Te2.1,1,No,Ag-deficiency,x=0.9,Ag,,Ag-deficiency (x=0.9) @ Ag site,ZT,0.84,dimensionless,300-473,K,body text,,Average zT
1-s2.0-S235284782200096X-main.pdf,10.1016/j.jmat.2022.07.005,AgSbTe2,Ag0.9Sb1.1Te2.1,Ag0.9Sb1.1Te2.1,1,No,Ag-deficiency,x=0.9,Ag,,Ag-deficiency (x=0.9) @ Ag site,ZT,0.5,dimensionless,300,K,body text,,
1-s2.0-S235284782200096X-main.pdf,10.1016/j.jmat.2022.07.005,AgSbTe2,Ag0.9Sb1.1Te2.1,Ag0.9Sb1.1Te2.1,1,No,Ag-deficiency,x=0.9,Ag,,Ag-deficiency (x=0.9) @ Ag site,ZT,1.1,dimensionless,475,K,body text,,
1-s2.0-S235284782200096X-main.pdf,10.1016/j.jmat.2022.07.005,AgSbTe2,AgSbTe2,AgSbTe2,0,No,,,,,,,,,,,,,
1-s2.0-S235284782200096X-main.pdf,10.1016/j.jmat.2022.07.005,AgSbTe2,Ag0.8Sb1.2Te2.2,Ag0.8Sb1.2Te2.2,0,No,,,,,,,,,,,,,
1-s2.0-S235284782200096X-main.pdf,10.1016/j.jmat.2022.07.005,AgSbTe2,Ag0.7Sb1.3Te2.3,Ag0.7Sb1.3Te2.3,0,No,,,,,,,,,,,,,
1-s2.0-S235284782200096X-main.pdf,10.1016/j.jmat.2022.07.005,AgSbTe2,Ag0.9Sb1.1Te2.1,Ag0.9Sb1.1Te2.1,3,Yes,Ag,0.9,Ag,Sb (1.1) @ Sb; Te (2.1) @ Te,Ag (0.9) @ Ag site; Sb (1.1) @ Sb site; Te (2.1) @ Te site,electrical conductivity,2.5,10^4 S/m,300,K,figure,,Visually estimated from Fig. 4a
1-s2.0-S235284782200096X-main.pdf,10.1016/j.jmat.2022.07.005,AgSbTe2,Ag0.9Sb1.1Te2.1,Ag0.9Sb1.1Te2.1,3,Yes,Ag,0.9,Ag,Sb (1.1) @ Sb; Te (2.1) @ Te,Ag (0.9) @ Ag site; Sb (1.1) @ Sb site; Te (2.1) @ Te site,electrical conductivity,2.0,10^4 S/m,500,K,figure,,Visually estimated from Fig. 4a
1-s2.0-S235284782200096X-main.pdf,10.1016/j.jmat.2022.07.005,AgSbTe2,Ag0.9Sb1.1Te2.1,Ag0.9Sb1.1Te2.1,3,Yes,Ag,0.9,Ag,Sb (1.1) @ Sb; Te (2.1) @ Te,Ag (0.9) @ Ag site; Sb (1.1) @ Sb site; Te (2.1) @ Te site,Seebeck coefficient,100,uV/K,300,K,figure,,Visually estimated from Fig. 4b
1-s2.0-S235284782200096X-main.pdf,10.1016/j.jmat.2022.07.005,AgSbTe2,Ag0.9Sb1.1Te2.1,Ag0.9Sb1.1Te2.1,3,Yes,Ag,0.9,Ag,Sb (1.1) @ Sb; Te (2.1) @ Te,Ag (0.9) @ Ag site; Sb (1.1) @ Sb site; Te (2.1) @ Te site,Seebeck coefficient,250,uV/K,500,K,figure,,Visually estimated from Fig. 4b
1-s2.0-S235284782200096X-main.pdf,10.1016/j.jmat.2022.07.005,AgSbTe2,Ag0.9Sb1.1Te2.1,Ag0.9Sb1.1Te2.1,3,Yes,Ag,0.9,Ag,Sb (1.1) @ Sb; Te (2.1) @ Te,Ag (0.9) @ Ag site; Sb (1.1) @ Sb site; Te (2.1) @ Te site,power factor,2,uW/cm*K^2,300,K,figure,,Visually estimated from Fig. 4c
1-s2.0-S235284782200096X-main.pdf,10.1016/j.jmat.2022.07.005,AgSbTe2,Ag0.9Sb1.1Te2.1,Ag0.9Sb1.1Te2.1,3,Yes,Ag,0.9,Ag,Sb (1.1) @ Sb; Te (2.1) @ Te,Ag (0.9) @ Ag site; Sb (1.1) @ Sb site; Te (2.1) @ Te site,power factor,12,uW/cm*K^2,500,K,figure,,Visually estimated from Fig. 4c
1-s2.0-S235284782200096X-main.pdf,10.1016/j.jmat.2022.07.005,AgSbTe2,AgSb2-xTe3-x (x=1.0),AgSbTe2,0,No,,,,,,electrical conductivity,0.5,10^4 S m^-1,300,K,figure,,Visually estimated from Fig. 6a
1-s2.0-S235284782200096X-main.pdf,10.1016/j.jmat.2022.07.005,AgSbTe2,AgSb2-xTe3-x (x=1.0),AgSbTe2,0,No,,,,,,Seebeck coefficient,250,uV K^-1,300,K,figure,,Visually estimated from Fig. 6b
1-s2.0-S235284782200096X-main.pdf,10.1016/j.jmat.2022.07.005,AgSbTe2,AgSb2-xTe3-x (x=1.0),AgSbTe2,0,No,,,,,,thermal conductivity,0.5,W m^-1 K^-1,300,K,figure,,Visually estimated from Fig. 6c
1-s2.0-S235284782200096X-main.pdf,10.1016/j.jmat.2022.07.005,AgSbTe2,AgSb2-xTe3-x (x=1.0),AgSbTe2,0,No,,,,,,ZT,0.5,dimensionless,300,K,figure,,Visually estimated from Fig. 6d
1-s2.0-S235284782200096X-main.pdf,10.1016/j.jmat.2022.07.005,AgSbTe2,AgSb2-xTe3-x (x=0.9),Ag0.9Sb1.1Te2.1,0,No,,,,,,electrical conductivity,2.0,10^4 S m^-1,300,K,figure,,Visually estimated from Fig. 6a
1-s2.0-S235284782200096X-main.pdf,10.1016/j.jmat.2022.07.005,AgSbTe2,AgSb2-xTe3-x (x=0.9),Ag0.9Sb1.1Te2.1,0,No,,,,,,Seebeck coefficient,200,uV K^-1,300,K,figure,,Visually estimated from Fig. 6b
1-s2.0-S235284782200096X-main.pdf,10.1016/j.jmat.2022.07.005,AgSbTe2,AgSb2-xTe3-x (x=0.9),Ag0.9Sb1.1Te2.1,0,No,,,,,,thermal conductivity,0.55,W m^-1 K^-1,300,K,figure,,Visually estimated from Fig. 6c
1-s2.0-S235284782200096X-main.pdf,10.1016/j.jmat.2022.07.005,AgSbTe2,AgSb2-xTe3-x (x=0.9),Ag0.9Sb1.1Te2.1,0,No,,,,,,ZT,0.6,dimensionless,300,K,figure,,Visually estimated from Fig. 6d
1-s2.0-S235284782200096X-main.pdf,10.1016/j.jmat.2022.07.005,AgSbTe2,AgSb2-xTe3-x (x=0.8),Ag0.8Sb1.2Te2.2,0,No,,,,,,electrical conductivity,6.0,10^4 S m^-1,300,K,figure,,Visually estimated from Fig. 6a
1-s2.0-S235284782200096X-main.pdf,10.1016/j.jmat.2022.07.005,AgSbTe2,AgSb2-xTe3-x (x=0.8),Ag0.8Sb1.2Te2.2,0,No,,,,,,Seebeck coefficient,130,uV K^-1,300,K,figure,,Visually estimated from Fig. 6b
1-s2.0-S235284782200096X-main.pdf,10.1016/j.jmat.2022.07.005,AgSbTe2,AgSb2-xTe3-x (x=0.8),Ag0.8Sb1.2Te2.2,0,No,,,,,,thermal conductivity,0.7,W m^-1 K^-1,300,K,figure,,Visually estimated from Fig. 6c
1-s2.0-S235284782200096X-main.pdf,10.1016/j.jmat.2022.07.005,AgSbTe2,AgSb2-xTe3-x (x=0.8),Ag0.8Sb1.2Te2.2,0,No,,,,,,ZT,0.3,dimensionless,300,K,figure,,Visually estimated from Fig. 6d
1-s2.0-S235284782200096X-main.pdf,10.1016/j.jmat.2022.07.005,AgSbTe2,AgSb2-xTe3-x (x=0.7),Ag0.7Sb1.3Te2.3,0,No,,,,,,electrical conductivity,10.0,10^4 S m^-1,300,K,figure,,Visually estimated from Fig. 6a
1-s2.0-S235284782200096X-main.pdf,10.1016/j.jmat.2022.07.005,AgSbTe2,AgSb2-xTe3-x (x=0.7),Ag0.7Sb1.3Te2.3,0,No,,,,,,Seebeck coefficient,80,uV K^-1,300,K,figure,,Visually estimated from Fig. 6b
1-s2.0-S235284782200096X-main.pdf,10.1016/j.jmat.2022.07.005,AgSbTe2,AgSb2-xTe3-x (x=0.7),Ag0.7Sb1.3Te2.3,0,No,,,,,,thermal conductivity,0.9,W m^-1 K^-1,300,K,figure,,Visually estimated from Fig. 6c
1-s2.0-S235284782200096X-main.pdf,10.1016/j.jmat.2022.07.005,AgSbTe2,AgSb2-xTe3-x (x=0.7),Ag0.7Sb1.3Te2.3,0,No,,,,,,ZT,0.15,dimensionless,300,K,figure,,Visually estimated from Fig. 6d
1-s2.0-S254252932030122X-main.pdf,10.1016/j.mtphys.2020.100298,Sn1-2x(AgSb)xSe1-2xTe2x,x=0.15,Sn0.7Ag0.15Sb0.15Se0.7Te0.3,3,Yes,Ag,x=0.15,Ag,Sb (x=0.15) @ Sb; Te (2x=0.30) @ Te,Ag (x=0.15) @ Ag site; Sb (x=0.15) @ Sb site; Te (2x=0.30) @ Te site,Seebeck coefficient,72,mV K-1,300,K,body text,,
1-s2.0-S254252932030122X-main.pdf,10.1016/j.mtphys.2020.100298,Sn1-2x(AgSb)xSe1-2xTe2x,x=0.15,Sn0.7Ag0.15Sb0.15Se0.7Te0.3,3,Yes,Ag,x=0.15,Ag,Sb (x=0.15) @ Sb; Te (2x=0.30) @ Te,Ag (x=0.15) @ Ag site; Sb (x=0.15) @ Sb site; Te (2x=0.30) @ Te site,Seebeck coefficient,137,mV K-1,790,K,body text,,
1-s2.0-S254252932030122X-main.pdf,10.1016/j.mtphys.2020.100298,Sn1-2x(AgSb)xSe1-2xTe2x,x=0.15,Sn0.7Ag0.15Sb0.15Se0.7Te0.3,3,Yes,Ag,x=0.15,Ag,Sb (x=0.15) @ Sb; Te (2x=0.30) @ Te,Ag (x=0.15) @ Ag site; Sb (x=0.15) @ Sb site; Te (2x=0.30) @ Te site,Seebeck coefficient,136,mV K-1,820,K,body text,,
1-s2.0-S254252932030122X-main.pdf,10.1016/j.mtphys.2020.100298,Sn1-2x(AgSb)xSe1-2xTe2x,x=0.25,Sn0.5Ag0.25Sb0.25Se0.5Te0.5,3,Yes,Ag,x=0.25,Ag,Sb (x=0.25) @ Sb; Te (2x=0.50) @ Te,Ag (x=0.25) @ Ag site; Sb (x=0.25) @ Sb site; Te (2x=0.50) @ Te site,ZT,1.00,dimensionless,820,K,body text,,
1-s2.0-S254252932030122X-main.pdf,10.1016/j.mtphys.2020.100298,Sn1-2x(AgSb)xSe1-2xTe2x,x=0.25,Sn0.5Ag0.25Sb0.25Se0.5Te0.5,3,Yes,Ag,x=0.25,Ag,Sb (x=0.25) @ Sb; Te (2x=0.50) @ Te,Ag (x=0.25) @ Ag site; Sb (x=0.25) @ Sb site; Te (2x=0.50) @ Te site,ZT,0.70,dimensionless,300-820,K,body text,,ZTave
1-s2.0-S254252932030122X-main.pdf,10.1016/j.mtphys.2020.100298,Sn1-2x(AgSb)xSe1-2xTe2x,x=0.25,Sn0.5Ag0.25Sb0.25Se0.5Te0.5,3,Yes,Ag,x=0.25,Ag,Sb (x=0.25) @ Sb; Te (2x=0.50) @ Te,Ag (x=0.25) @ Ag site; Sb (x=0.25) @ Sb site; Te (2x=0.50) @ Te site,power factor,5.2,mW cm-1 K-2,300,K,body text,,
1-s2.0-S254252932030122X-main.pdf,10.1016/j.mtphys.2020.100298,Sn1-2x(AgSb)xSe1-2xTe2x,x=0.25,Sn0.5Ag0.25Sb0.25Se0.5Te0.5,3,Yes,Ag,x=0.25,Ag,Sb (x=0.25) @ Sb; Te (2x=0.50) @ Te,Ag (x=0.25) @ Ag site; Sb (x=0.25) @ Sb site; Te (2x=0.50) @ Te site,power factor,11.3,mW cm-1 K-2,820,K,body text,,
1-s2.0-S254252932030122X-main.pdf,10.1016/j.mtphys.2020.100298,Sn1-2x(AgSb)xSe1-2xTe2x,x=0.25,Sn0.5Ag0.25Sb0.25Se0.5Te0.5,3,Yes,Ag,x=0.25,Ag,Sb (x=0.25) @ Sb; Te (2x=0.50) @ Te,Ag (x=0.25) @ Ag site; Sb (x=0.25) @ Sb site; Te (2x=0.50) @ Te site,lattice thermal conductivity,0.51,W m-1 K-1,300,K,body text,,
1-s2.0-S254252932030122X-main.pdf,10.1016/j.mtphys.2020.100298,Sn1-2x(AgSb)xSe1-2xTe2x,x=0.25,Sn0.5Ag0.25Sb0.25Se0.5Te0.5,3,Yes,Ag,x=0.25,Ag,Sb (x=0.25) @ Sb; Te (2x=0.50) @ Te,Ag (x=0.25) @ Ag site; Sb (x=0.25) @ Sb site; Te (2x=0.50) @ Te site,lattice thermal conductivity,0.24,W m-1 K-1,high temperature,K,body text,,
1-s2.0-S254252932030122X-main.pdf,10.1016/j.mtphys.2020.100298,Sn1-2x(AgSb)xSe1-2xTe2x,x=0.15,Sn0.7Ag0.15Sb0.15Se0.7Te0.3,3,Yes,Ag,0.15,multiple sites,Sb (0.15) @ multiple sites; Te (0.3) @ multiple sites,Ag (0.15) @ multiple sites site; Sb (0.15) @ multiple sites site; Te (0.3) @ multiple sites site,Seebeck coefficient,72,uV K-1,300,K,text,body text,
1-s2.0-S254252932030122X-main.pdf,10.1016/j.mtphys.2020.100298,Sn1-2x(AgSb)xSe1-2xTe2x,x=0.15,Sn0.7Ag0.15Sb0.15Se0.7Te0.3,3,Yes,Ag,0.15,multiple sites,Sb (0.15) @ multiple sites; Te (0.3) @ multiple sites,Ag (0.15) @ multiple sites site; Sb (0.15) @ multiple sites site; Te (0.3) @ multiple sites site,Seebeck coefficient,136,uV K-1,790,K,text,body text,
1-s2.0-S254252932030122X-main.pdf,10.1016/j.mtphys.2020.100298,Sn1-2x(AgSb)xSe1-2xTe2x,x=0.25,Sn0.5Ag0.25Sb0.25Se0.5Te0.5,3,Yes,Ag,0.25,multiple sites,Sb (0.25) @ multiple sites; Te (0.5) @ multiple sites,Ag (0.25) @ multiple sites site; Sb (0.25) @ multiple sites site; Te (0.5) @ multiple sites site,power factor,11.3,uW cm-1 K-2,820,K,text,body text,
1-s2.0-S254252932030122X-main.pdf,10.1016/j.mtphys.2020.100298,Sn1-2x(AgSb)xSe1-2xTe2x,x=0.25,Sn0.5Ag0.25Sb0.25Se0.5Te0.5,3,Yes,Ag,0.25,multiple sites,Sb (0.25) @ multiple sites; Te (0.5) @ multiple sites,Ag (0.25) @ multiple sites site; Sb (0.25) @ multiple sites site; Te (0.5) @ multiple sites site,ZT,1.00,dimensionless,820,K,text,body text,
1-s2.0-S254252932030122X-main.pdf,10.1016/j.mtphys.2020.100298,Sn1-2x(AgSb)xSe1-2xTe2x,Sn1-2x(AgSb)xSe1-2xTe2x (x=0.0),SnSe,0,No,,,,,,ZT,0.1,dimensionless,300,K,figure,Fig. 6a,Visually estimated from Fig. 6a
1-s2.0-S254252932030122X-main.pdf,10.1016/j.mtphys.2020.100298,Sn1-2x(AgSb)xSe1-2xTe2x,Sn1-2x(AgSb)xSe1-2xTe2x (x=0.0),SnSe,0,No,,,,,,ZT,0.2,dimensionless,600,K,figure,Fig. 6a,Visually estimated from Fig. 6a
1-s2.0-S254252932030122X-main.pdf,10.1016/j.mtphys.2020.100298,Sn1-2x(AgSb)xSe1-2xTe2x,Sn1-2x(AgSb)xSe1-2xTe2x (x=0.0),SnSe,0,No,,,,,,ZT,0.3,dimensionless,800,K,figure,Fig. 6a,Visually estimated from Fig. 6a
1-s2.0-S254252932030122X-main.pdf,10.1016/j.mtphys.2020.100298,Sn1-2x(AgSb)xSe1-2xTe2x,Sn1-2x(AgSb)xSe1-2xTe2x (x=0.15),Sn0.7(AgSb)0.15Se0.7Te0.3,0,No,,,,,,ZT,0.2,dimensionless,300,K,figure,Fig. 6a,Visually estimated from Fig. 6a
1-s2.0-S254252932030122X-main.pdf,10.1016/j.mtphys.2020.100298,Sn1-2x(AgSb)xSe1-2xTe2x,Sn1-2x(AgSb)xSe1-2xTe2x (x=0.15),Sn0.7(AgSb)0.15Se0.7Te0.3,0,No,,,,,,ZT,0.6,dimensionless,600,K,figure,Fig. 6a,Visually estimated from Fig. 6a
1-s2.0-S254252932030122X-main.pdf,10.1016/j.mtphys.2020.100298,Sn1-2x(AgSb)xSe1-2xTe2x,Sn1-2x(AgSb)xSe1-2xTe2x (x=0.15),Sn0.7(AgSb)0.15Se0.7Te0.3,0,No,,,,,,ZT,0.8,dimensionless,800,K,figure,Fig. 6a,Visually estimated from Fig. 6a
1-s2.0-S254252932030122X-main.pdf,10.1016/j.mtphys.2020.100298,Sn1-2x(AgSb)xSe1-2xTe2x,Sn1-2x(AgSb)xSe1-2xTe2x (x=0.2),Sn0.6(AgSb)0.2Se0.6Te0.4,0,No,,,,,,ZT,0.3,dimensionless,300,K,figure,Fig. 6a,Visually estimated from Fig. 6a
1-s2.0-S254252932030122X-main.pdf,10.1016/j.mtphys.2020.100298,Sn1-2x(AgSb)xSe1-2xTe2x,Sn1-2x(AgSb)xSe1-2xTe2x (x=0.2),Sn0.6(AgSb)0.2Se0.6Te0.4,0,No,,,,,,ZT,0.7,dimensionless,600,K,figure,Fig. 6a,Visually estimated from Fig. 6a
1-s2.0-S254252932030122X-main.pdf,10.1016/j.mtphys.2020.100298,Sn1-2x(AgSb)xSe1-2xTe2x,Sn1-2x(AgSb)xSe1-2xTe2x (x=0.2),Sn0.6(AgSb)0.2Se0.6Te0.4,0,No,,,,,,ZT,0.9,dimensionless,800,K,figure,Fig. 6a,Visually estimated from Fig. 6a
1-s2.0-S254252932030122X-main.pdf,10.1016/j.mtphys.2020.100298,Sn1-2x(AgSb)xSe1-2xTe2x,Sn1-2x(AgSb)xSe1-2xTe2x (x=0.25),Sn0.5(AgSb)0.25Se0.5Te0.5,0,No,,,,,,ZT,0.4,dimensionless,300,K,figure,Fig. 6a,Visually estimated from Fig. 6a
1-s2.0-S254252932030122X-main.pdf,10.1016/j.mtphys.2020.100298,Sn1-2x(AgSb)xSe1-2xTe2x,Sn1-2x(AgSb)xSe1-2xTe2x (x=0.25),Sn0.5(AgSb)0.25Se0.5Te0.5,0,No,,,,,,ZT,0.8,dimensionless,600,K,figure,Fig. 6a,Visually estimated from Fig. 6a
1-s2.0-S254252932030122X-main.pdf,10.1016/j.mtphys.2020.100298,Sn1-2x(AgSb)xSe1-2xTe2x,Sn1-2x(AgSb)xSe1-2xTe2x (x=0.25),Sn0.5(AgSb)0.25Se0.5Te0.5,0,No,,,,,,ZT,1.0,dimensionless,800,K,figure,Fig. 6a,Visually estimated from Fig. 6a
1-s2.0-S254252932030122X-main.pdf,10.1016/j.mtphys.2020.100298,Sn1-2x(AgSb)xSe1-2xTe2x,Sn1-2x(AgSb)xSe1-2xTe2x (x=0.3),Sn0.4(AgSb)0.3Se0.4Te0.6,0,No,,,,,,ZT,0.3,dimensionless,300,K,figure,Fig. 6a,Visually estimated from Fig. 6a
1-s2.0-S254252932030122X-main.pdf,10.1016/j.mtphys.2020.100298,Sn1-2x(AgSb)xSe1-2xTe2x,Sn1-2x(AgSb)xSe1-2xTe2x (x=0.3),Sn0.4(AgSb)0.3Se0.4Te0.6,0,No,,,,,,ZT,0.7,dimensionless,600,K,figure,Fig. 6a,Visually estimated from Fig. 6a
1-s2.0-S254252932030122X-main.pdf,10.1016/j.mtphys.2020.100298,Sn1-2x(AgSb)xSe1-2xTe2x,Sn1-2x(AgSb)xSe1-2xTe2x (x=0.3),Sn0.4(AgSb)0.3Se0.4Te0.6,0,No,,,,,,ZT,0.8,dimensionless,800,K,figure,Fig. 6a,Visually estimated from Fig. 6a
1-s2.0-S2542529325000483-main.pdf,10.1016/j.mtphys.2025.101692,AgSbTe2,(AgSb0.98Cd0.02Te2)0.9(Bi2Te3)0.1,(AgSb0.98Cd0.02Te2)0.9(Bi2Te3)0.1,1,No,Cd,0.02,Sb,,Cd (0.02) @ Sb site,ZT,0.93,dimensionless,450,K,body text,"Page 2, Section 1",
1-s2.0-S2542529325000483-main.pdf,10.1016/j.mtphys.2025.101692,AgSbTe2,"(AgSb1-yCdyTe2)0.9(Bi2Te3)0.1, y=0.00",(AgSbTe2)0.9(Bi2Te3)0.1,2,Yes,Bi,0.1,multiple sites,Cd (y=0.00) @ Sb,Bi (0.1) @ multiple sites site; Cd (y=0.00) @ Sb site,Seebeck coefficient,220,uV/K,300,K,figure,,Visually estimated from Fig. 3a
1-s2.0-S2542529325000483-main.pdf,10.1016/j.mtphys.2025.101692,AgSbTe2,"(AgSb1-yCdyTe2)0.9(Bi2Te3)0.1, y=0.00",(AgSbTe2)0.9(Bi2Te3)0.1,2,Yes,Bi,0.1,multiple sites,Cd (y=0.00) @ Sb,Bi (0.1) @ multiple sites site; Cd (y=0.00) @ Sb site,Seebeck coefficient,300,uV/K,450,K,figure,,Visually estimated from Fig. 3a
1-s2.0-S2542529325000483-main.pdf,10.1016/j.mtphys.2025.101692,AgSbTe2,"(AgSb1-yCdyTe2)0.9(Bi2Te3)0.1, y=0.00",(AgSbTe2)0.9(Bi2Te3)0.1,2,Yes,Bi,0.1,multiple sites,Cd (y=0.00) @ Sb,Bi (0.1) @ multiple sites site; Cd (y=0.00) @ Sb site,electrical conductivity,25,mOhm*cm,300,K,figure,,Visually estimated from Fig. 3b
1-s2.0-S2542529325000483-main.pdf,10.1016/j.mtphys.2025.101692,AgSbTe2,"(AgSb1-yCdyTe2)0.9(Bi2Te3)0.1, y=0.00",(AgSbTe2)0.9(Bi2Te3)0.1,2,Yes,Bi,0.1,multiple sites,Cd (y=0.00) @ Sb,Bi (0.1) @ multiple sites site; Cd (y=0.00) @ Sb site,electrical conductivity,26,mOhm*cm,450,K,figure,,Visually estimated from Fig. 3b
1-s2.0-S2542529325000483-main.pdf,10.1016/j.mtphys.2025.101692,AgSbTe2,"(AgSb1-yCdyTe2)0.9(Bi2Te3)0.1, y=0.00",(AgSbTe2)0.9(Bi2Te3)0.1,2,Yes,Bi,0.1,multiple sites,Cd (y=0.00) @ Sb,Bi (0.1) @ multiple sites site; Cd (y=0.00) @ Sb site,power factor,3.5,uW*cm^-1*K^-2,300,K,figure,,Visually estimated from Fig. 3c
1-s2.0-S2542529325000483-main.pdf,10.1016/j.mtphys.2025.101692,AgSbTe2,"(AgSb1-yCdyTe2)0.9(Bi2Te3)0.1, y=0.00",(AgSbTe2)0.9(Bi2Te3)0.1,2,Yes,Bi,0.1,multiple sites,Cd (y=0.00) @ Sb,Bi (0.1) @ multiple sites site; Cd (y=0.00) @ Sb site,power factor,6.5,uW*cm^-1*K^-2,450,K,figure,,Visually estimated from Fig. 3c
1-s2.0-S2542529325000483-main.pdf,10.1016/j.mtphys.2025.101692,AgSbTe2,"(AgSb1-yCdyTe2)0.9(Bi2Te3)0.1, y=0.00",(AgSbTe2)0.9(Bi2Te3)0.1,2,Yes,Bi,0.1,multiple sites,Cd (y=0.00) @ Sb,Bi (0.1) @ multiple sites site; Cd (y=0.00) @ Sb site,thermal conductivity,0.7,W*m^-1*K^-1,300,K,figure,,Visually estimated from Fig. 3d
1-s2.0-S2542529325000483-main.pdf,10.1016/j.mtphys.2025.101692,AgSbTe2,"(AgSb1-yCdyTe2)0.9(Bi2Te3)0.1, y=0.00",(AgSbTe2)0.9(Bi2Te3)0.1,2,Yes,Bi,0.1,multiple sites,Cd (y=0.00) @ Sb,Bi (0.1) @ multiple sites site; Cd (y=0.00) @ Sb site,thermal conductivity,0.6,W*m^-1*K^-1,450,K,figure,,Visually estimated from Fig. 3d
1-s2.0-S2542529325000483-main.pdf,10.1016/j.mtphys.2025.101692,AgSbTe2,"(AgSb1-yCdyTe2)0.9(Bi2Te3)0.1, y=0.00",(AgSbTe2)0.9(Bi2Te3)0.1,2,Yes,Bi,0.1,multiple sites,Cd (y=0.00) @ Sb,Bi (0.1) @ multiple sites site; Cd (y=0.00) @ Sb site,lattice thermal conductivity,0.65,W*m^-1*K^-1,300,K,figure,,Visually estimated from Fig. 3e
1-s2.0-S2542529325000483-main.pdf,10.1016/j.mtphys.2025.101692,AgSbTe2,"(AgSb1-yCdyTe2)0.9(Bi2Te3)0.1, y=0.00",(AgSbTe2)0.9(Bi2Te3)0.1,2,Yes,Bi,0.1,multiple sites,Cd (y=0.00) @ Sb,Bi (0.1) @ multiple sites site; Cd (y=0.00) @ Sb site,lattice thermal conductivity,0.45,W*m^-1*K^-1,450,K,figure,,Visually estimated from Fig. 3e
1-s2.0-S2542529325000483-main.pdf,10.1016/j.mtphys.2025.101692,AgSbTe2,"(AgSb1-yCdyTe2)0.9(Bi2Te3)0.1, y=0.00",(AgSbTe2)0.9(Bi2Te3)0.1,2,Yes,Bi,0.1,multiple sites,Cd (y=0.00) @ Sb,Bi (0.1) @ multiple sites site; Cd (y=0.00) @ Sb site,ZT,0.3,dimensionless,300,K,figure,,Visually estimated from Fig. 3f
1-s2.0-S2542529325000483-main.pdf,10.1016/j.mtphys.2025.101692,AgSbTe2,"(AgSb1-yCdyTe2)0.9(Bi2Te3)0.1, y=0.00",(AgSbTe2)0.9(Bi2Te3)0.1,2,Yes,Bi,0.1,multiple sites,Cd (y=0.00) @ Sb,Bi (0.1) @ multiple sites site; Cd (y=0.00) @ Sb site,ZT,0.6,dimensionless,450,K,figure,,Visually estimated from Fig. 3f
1-s2.0-S2542529325000483-main.pdf,10.1016/j.mtphys.2025.101692,AgSbTe2,"(AgSb1-yCdyTe2)0.9(Bi2Te3)0.1, y=0.02",(AgSb0.98Cd0.02Te2)0.9(Bi2Te3)0.1,2,Yes,Bi,0.1,multiple sites,Cd (y=0.02) @ Sb,Bi (0.1) @ multiple sites site; Cd (y=0.02) @ Sb site,Seebeck coefficient,210,uV/K,300,K,figure,,Visually estimated from Fig. 3a
1-s2.0-S2542529325000483-main.pdf,10.1016/j.mtphys.2025.101692,AgSbTe2,"(AgSb1-yCdyTe2)0.9(Bi2Te3)0.1, y=0.02",(AgSb0.98Cd0.02Te2)0.9(Bi2Te3)0.1,2,Yes,Bi,0.1,multiple sites,Cd (y=0.02) @ Sb,Bi (0.1) @ multiple sites site; Cd (y=0.02) @ Sb site,Seebeck coefficient,270,uV/K,450,K,figure,,Visually estimated from Fig. 3a
1-s2.0-S2542529325000483-main.pdf,10.1016/j.mtphys.2025.101692,AgSbTe2,"(AgSb1-yCdyTe2)0.9(Bi2Te3)0.1, y=0.02",(AgSb0.98Cd0.02Te2)0.9(Bi2Te3)0.1,2,Yes,Bi,0.1,multiple sites,Cd (y=0.02) @ Sb,Bi (0.1) @ multiple sites site; Cd (y=0.02) @ Sb site,electrical conductivity,18,mOhm*cm,300,K,figure,,Visually estimated from Fig. 3b
1-s2.0-S2542529325000483-main.pdf,10.1016/j.mtphys.2025.101692,AgSbTe2,"(AgSb1-yCdyTe2)0.9(Bi2Te3)0.1, y=0.02",(AgSb0.98Cd0.02Te2)0.9(Bi2Te3)0.1,2,Yes,Bi,0.1,multiple sites,Cd (y=0.02) @ Sb,Bi (0.1) @ multiple sites site; Cd (y=0.02) @ Sb site,electrical conductivity,22,mOhm*cm,450,K,figure,,Visually estimated from Fig. 3b
1-s2.0-S2542529325000483-main.pdf,10.1016/j.mtphys.2025.101692,AgSbTe2,"(AgSb1-yCdyTe2)0.9(Bi2Te3)0.1, y=0.02",(AgSb0.98Cd0.02Te2)0.9(Bi2Te3)0.1,2,Yes,Bi,0.1,multiple sites,Cd (y=0.02) @ Sb,Bi (0.1) @ multiple sites site; Cd (y=0.02) @ Sb site,power factor,4.5,uW*cm^-1*K^-2,300,K,figure,,Visually estimated from Fig. 3c
1-s2.0-S2542529325000483-main.pdf,10.1016/j.mtphys.2025.101692,AgSbTe2,"(AgSb1-yCdyTe2)0.9(Bi2Te3)0.1, y=0.02",(AgSb0.98Cd0.02Te2)0.9(Bi2Te3)0.1,2,Yes,Bi,0.1,multiple sites,Cd (y=0.02) @ Sb,Bi (0.1) @ multiple sites site; Cd (y=0.02) @ Sb site,power factor,8.5,uW*cm^-1*K^-2,450,K,figure,,Visually estimated from Fig. 3c
1-s2.0-S2542529325000483-main.pdf,10.1016/j.mtphys.2025.101692,AgSbTe2,"(AgSb1-yCdyTe2)0.9(Bi2Te3)0.1, y=0.02",(AgSb0.98Cd0.02Te2)0.9(Bi2Te3)0.1,2,Yes,Bi,0.1,multiple sites,Cd (y=0.02) @ Sb,Bi (0.1) @ multiple sites site; Cd (y=0.02) @ Sb site,thermal conductivity,0.65,W*m^-1*K^-1,300,K,figure,,Visually estimated from Fig. 3d
1-s2.0-S2542529325000483-main.pdf,10.1016/j.mtphys.2025.101692,AgSbTe2,"(AgSb1-yCdyTe2)0.9(Bi2Te3)0.1, y=0.02",(AgSb0.98Cd0.02Te2)0.9(Bi2Te3)0.1,2,Yes,Bi,0.1,multiple sites,Cd (y=0.02) @ Sb,Bi (0.1) @ multiple sites site; Cd (y=0.02) @ Sb site,thermal conductivity,0.55,W*m^-1*K^-1,450,K,figure,,Visually estimated from Fig. 3d
1-s2.0-S2542529325000483-main.pdf,10.1016/j.mtphys.2025.101692,AgSbTe2,"(AgSb1-yCdyTe2)0.9(Bi2Te3)0.1, y=0.02",(AgSb0.98Cd0.02Te2)0.9(Bi2Te3)0.1,2,Yes,Bi,0.1,multiple sites,Cd (y=0.02) @ Sb,Bi (0.1) @ multiple sites site; Cd (y=0.02) @ Sb site,lattice thermal conductivity,0.6,W*m^-1*K^-1,300,K,figure,,Visually estimated from Fig. 3e
1-s2.0-S2542529325000483-main.pdf,10.1016/j.mtphys.2025.101692,AgSbTe2,"(AgSb1-yCdyTe2)0.9(Bi2Te3)0.1, y=0.02",(AgSb0.98Cd0.02Te2)0.9(Bi2Te3)0.1,2,Yes,Bi,0.1,multiple sites,Cd (y=0.02) @ Sb,Bi (0.1) @ multiple sites site; Cd (y=0.02) @ Sb site,lattice thermal conductivity,0.42,W*m^-1*K^-1,450,K,figure,,Visually estimated from Fig. 3e
1-s2.0-S2542529325000483-main.pdf,10.1016/j.mtphys.2025.101692,AgSbTe2,"(AgSb1-yCdyTe2)0.9(Bi2Te3)0.1, y=0.02",(AgSb0.98Cd0.02Te2)0.9(Bi2Te3)0.1,2,Yes,Bi,0.1,multiple sites,Cd (y=0.02) @ Sb,Bi (0.1) @ multiple sites site; Cd (y=0.02) @ Sb site,ZT,0.4,dimensionless,300,K,figure,,Visually estimated from Fig. 3f
1-s2.0-S2542529325000483-main.pdf,10.1016/j.mtphys.2025.101692,AgSbTe2,"(AgSb1-yCdyTe2)0.9(Bi2Te3)0.1, y=0.02",(AgSb0.98Cd0.02Te2)0.9(Bi2Te3)0.1,2,Yes,Bi,0.1,multiple sites,Cd (y=0.02) @ Sb,Bi (0.1) @ multiple sites site; Cd (y=0.02) @ Sb site,ZT,0.9,dimensionless,450,K,figure,,Visually estimated from Fig. 3f
1-s2.0-S305091492500127X-main.pdf,10.1016/j.tramat.2025.100125,AgSbTe2,Ag0.9Sb1.1Te2.1,Ag0.9Sb1.1Te2.1,0,No,,,,,,ZT,1.5,dimensionless,600,K,body text,,"Value reported for (Ag0.9Sb1.1)0.9Pb0.2Te2.0Se0.1, but text notes that all four samples possess similar properties."
1-s2.0-S305091492500127X-main.pdf,10.1016/j.tramat.2025.100125,AgSbTe2,(Ag0.9Sb1.1)0.95Pb0.1Te2.1,(Ag0.9Sb1.1)0.95Pb0.1Te2.1,1,No,Pb,0.1,Ag,,Pb (0.1) @ Ag site,,,,,,,,
1-s2.0-S305091492500127X-main.pdf,10.1016/j.tramat.2025.100125,AgSbTe2,(Ag0.9Sb1.1)0.9Pb0.2Te2.1,(Ag0.9Sb1.1)0.9Pb0.2Te2.1,1,No,Pb,0.2,Ag,,Pb (0.2) @ Ag site,,,,,,,,
1-s2.0-S305091492500127X-main.pdf,10.1016/j.tramat.2025.100125,AgSbTe2,(Ag0.9Sb1.1)0.9Pb0.2Te2.0Se0.1,(Ag0.9Sb1.1)0.9Pb0.2Te2.0Se0.1,2,Yes,Pb,0.2,Ag,Se (0.1) @ Te,Pb (0.2) @ Ag site; Se (0.1) @ Te site,ZT,1.5,dimensionless,600,K,body text,,Maximum zT reported.
1-s2.0-S305091492500127X-main.pdf,10.1016/j.tramat.2025.100125,AgSbTe2,Ag0.9Sb1.1Te2.1,Ag0.9Sb1.1Te2.1,0,No,,,,,,ZT,0.1,dimensionless,300,K,figure,Fig. 1c,Visually estimated from Fig. 1c
1-s2.0-S305091492500127X-main.pdf,10.1016/j.tramat.2025.100125,AgSbTe2,Ag0.9Sb1.1Te2.1,Ag0.9Sb1.1Te2.1,0,No,,,,,,ZT,0.4,dimensionless,400,K,figure,Fig. 1c,Visually estimated from Fig. 1c
1-s2.0-S305091492500127X-main.pdf,10.1016/j.tramat.2025.100125,AgSbTe2,Ag0.9Sb1.1Te2.1,Ag0.9Sb1.1Te2.1,0,No,,,,,,ZT,0.7,dimensionless,500,K,figure,Fig. 1c,Visually estimated from Fig. 1c
1-s2.0-S305091492500127X-main.pdf,10.1016/j.tramat.2025.100125,AgSbTe2,Ag0.9Sb1.1Te2.1,Ag0.9Sb1.1Te2.1,0,No,,,,,,ZT,1.0,dimensionless,600,K,figure,Fig. 1c,Visually estimated from Fig. 1c
1-s2.0-S305091492500127X-main.pdf,10.1016/j.tramat.2025.100125,AgSbTe2,Ag0.9Sb1.1Pb0.2Te2.0Se0.1,Ag0.9Sb1.1Pb0.2Te2.0Se0.1,2,Yes,Pb,0.2,Ag,Se (0.1) @ Te,Pb (0.2) @ Ag site; Se (0.1) @ Te site,ZT,0.2,dimensionless,300,K,figure,Fig. 1c,Visually estimated from Fig. 1c
1-s2.0-S305091492500127X-main.pdf,10.1016/j.tramat.2025.100125,AgSbTe2,Ag0.9Sb1.1Pb0.2Te2.0Se0.1,Ag0.9Sb1.1Pb0.2Te2.0Se0.1,2,Yes,Pb,0.2,Ag,Se (0.1) @ Te,Pb (0.2) @ Ag site; Se (0.1) @ Te site,ZT,0.6,dimensionless,400,K,figure,Fig. 1c,Visually estimated from Fig. 1c
1-s2.0-S305091492500127X-main.pdf,10.1016/j.tramat.2025.100125,AgSbTe2,Ag0.9Sb1.1Pb0.2Te2.0Se0.1,Ag0.9Sb1.1Pb0.2Te2.0Se0.1,2,Yes,Pb,0.2,Ag,Se (0.1) @ Te,Pb (0.2) @ Ag site; Se (0.1) @ Te site,ZT,1.1,dimensionless,500,K,figure,Fig. 1c,Visually estimated from Fig. 1c
1-s2.0-S305091492500127X-main.pdf,10.1016/j.tramat.2025.100125,AgSbTe2,Ag0.9Sb1.1Pb0.2Te2.0Se0.1,Ag0.9Sb1.1Pb0.2Te2.0Se0.1,2,Yes,Pb,0.2,Ag,Se (0.1) @ Te,Pb (0.2) @ Ag site; Se (0.1) @ Te site,ZT,1.5,dimensionless,600,K,figure,Fig. 1c,Visually estimated from Fig. 1c
1-s2.0-S305091492500127X-main.pdf,10.1016/j.tramat.2025.100125,AgSbTe2,Ag0.9Sb1.1Te2.1,Ag0.9Sb1.1Te2.1,0,No,,,,,,ZT,0.4,dimensionless,300,K,figure,,Visually estimated from Fig. 5a
1-s2.0-S305091492500127X-main.pdf,10.1016/j.tramat.2025.100125,AgSbTe2,Ag0.9Sb1.1Te2.1,Ag0.9Sb1.1Te2.1,0,No,,,,,,ZT,0.7,dimensionless,400,K,figure,,Visually estimated from Fig. 5a
1-s2.0-S305091492500127X-main.pdf,10.1016/j.tramat.2025.100125,AgSbTe2,Ag0.9Sb1.1Te2.1,Ag0.9Sb1.1Te2.1,0,No,,,,,,ZT,1.0,dimensionless,500,K,figure,,Visually estimated from Fig. 5a
1-s2.0-S305091492500127X-main.pdf,10.1016/j.tramat.2025.100125,AgSbTe2,Ag0.9Sb1.1Te2.1,Ag0.9Sb1.1Te2.1,0,No,,,,,,ZT,1.2,dimensionless,600,K,figure,,Visually estimated from Fig. 5a
1-s2.0-S305091492500127X-main.pdf,10.1016/j.tramat.2025.100125,AgSbTe2,Ag0.9Sb1.1-0.9Pb0.1Te2.1,Ag0.9Sb1.1-0.9Pb0.1Te2.1,1,No,Pb,0.1,Sb,,Pb (0.1) @ Sb site,ZT,0.4,dimensionless,300,K,figure,,Visually estimated from Fig. 5a
1-s2.0-S305091492500127X-main.pdf,10.1016/j.tramat.2025.100125,AgSbTe2,Ag0.9Sb1.1-0.9Pb0.1Te2.1,Ag0.9Sb1.1-0.9Pb0.1Te2.1,1,No,Pb,0.1,Sb,,Pb (0.1) @ Sb site,ZT,0.8,dimensionless,400,K,figure,,Visually estimated from Fig. 5a
1-s2.0-S305091492500127X-main.pdf,10.1016/j.tramat.2025.100125,AgSbTe2,Ag0.9Sb1.1-0.9Pb0.1Te2.1,Ag0.9Sb1.1-0.9Pb0.1Te2.1,1,No,Pb,0.1,Sb,,Pb (0.1) @ Sb site,ZT,1.2,dimensionless,500,K,figure,,Visually estimated from Fig. 5a
1-s2.0-S305091492500127X-main.pdf,10.1016/j.tramat.2025.100125,AgSbTe2,Ag0.9Sb1.1-0.9Pb0.1Te2.1,Ag0.9Sb1.1-0.9Pb0.1Te2.1,1,No,Pb,0.1,Sb,,Pb (0.1) @ Sb site,ZT,1.5,dimensionless,600,K,figure,,Visually estimated from Fig. 5a
1-s2.0-S305091492500127X-main.pdf,10.1016/j.tramat.2025.100125,AgSbTe2,Ag0.9Sb1.1-0.9Pb0.2Te2.1,Ag0.9Sb1.1-0.9Pb0.2Te2.1,1,No,Pb,0.2,Sb,,Pb (0.2) @ Sb site,ZT,0.4,dimensionless,300,K,figure,,Visually estimated from Fig. 5a
1-s2.0-S305091492500127X-main.pdf,10.1016/j.tramat.2025.100125,AgSbTe2,Ag0.9Sb1.1-0.9Pb0.2Te2.1,Ag0.9Sb1.1-0.9Pb0.2Te2.1,1,No,Pb,0.2,Sb,,Pb (0.2) @ Sb site,ZT,0.8,dimensionless,400,K,figure,,Visually estimated from Fig. 5a
1-s2.0-S305091492500127X-main.pdf,10.1016/j.tramat.2025.100125,AgSbTe2,Ag0.9Sb1.1-0.9Pb0.2Te2.1,Ag0.9Sb1.1-0.9Pb0.2Te2.1,1,No,Pb,0.2,Sb,,Pb (0.2) @ Sb site,ZT,1.1,dimensionless,500,K,figure,,Visually estimated from Fig. 5a
1-s2.0-S305091492500127X-main.pdf,10.1016/j.tramat.2025.100125,AgSbTe2,Ag0.9Sb1.1-0.9Pb0.2Te2.1,Ag0.9Sb1.1-0.9Pb0.2Te2.1,1,No,Pb,0.2,Sb,,Pb (0.2) @ Sb site,ZT,1.4,dimensionless,600,K,figure,,Visually estimated from Fig. 5a
1-s2.0-S305091492500127X-main.pdf,10.1016/j.tramat.2025.100125,AgSbTe2,Ag0.9Sb1.1-0.9Pb0.2Te2.0Se0.1,Ag0.9Sb1.1-0.9Pb0.2Te2.0Se0.1,2,Yes,Pb,0.2,Sb,Se (0.1) @ Te,Pb (0.2) @ Sb site; Se (0.1) @ Te site,ZT,0.5,dimensionless,300,K,figure,,Visually estimated from Fig. 5a
1-s2.0-S305091492500127X-main.pdf,10.1016/j.tramat.2025.100125,AgSbTe2,Ag0.9Sb1.1-0.9Pb0.2Te2.0Se0.1,Ag0.9Sb1.1-0.9Pb0.2Te2.0Se0.1,2,Yes,Pb,0.2,Sb,Se (0.1) @ Te,Pb (0.2) @ Sb site; Se (0.1) @ Te site,ZT,0.9,dimensionless,400,K,figure,,Visually estimated from Fig. 5a
1-s2.0-S305091492500127X-main.pdf,10.1016/j.tramat.2025.100125,AgSbTe2,Ag0.9Sb1.1-0.9Pb0.2Te2.0Se0.1,Ag0.9Sb1.1-0.9Pb0.2Te2.0Se0.1,2,Yes,Pb,0.2,Sb,Se (0.1) @ Te,Pb (0.2) @ Sb site; Se (0.1) @ Te site,ZT,1.2,dimensionless,500,K,figure,,Visually estimated from Fig. 5a
1-s2.0-S305091492500127X-main.pdf,10.1016/j.tramat.2025.100125,AgSbTe2,Ag0.9Sb1.1-0.9Pb0.2Te2.0Se0.1,Ag0.9Sb1.1-0.9Pb0.2Te2.0Se0.1,2,Yes,Pb,0.2,Sb,Se (0.1) @ Te,Pb (0.2) @ Sb site; Se (0.1) @ Te site,ZT,1.5,dimensionless,600,K,figure,,Visually estimated from Fig. 5a
202106_1_online.pdf,10.1063/1.3029774,AgSbTe2,AgSbTe2,AgSbTe2,0,No,,,,,,ZT,1.59,dimensionless,673,K,body text,,
202106_1_online.pdf,10.1063/1.3029774,AgSbTe2,AgSbTe2,AgSbTe2,0,No,,,,,,thermal conductivity,0.30,W/mK,room temperature,,body text,,
202106_1_online.pdf,10.1063/1.3029774,AgSbTe2,AgSbTe2,AgSbTe2,0,No,,,,,,electrical conductivity,1.1*10^-4,ohm*m,,,body text,,Reported as electrical resistivity
202106_1_online.pdf,10.1063/1.3029774,AgSbTe2,AgSbTe2,AgSbTe2,0,No,,,,,,Seebeck coefficient,260,uV/K,,,body text,,
202106_1_online.pdf,10.1063/1.3029774,AgSbTe2,AgSbTe2,AgSbTe2,0,No,,,,,,Seebeck coefficient,264,uV/K,room temperature,,body text,,
202106_1_online.pdf,10.1063/1.3029774,AgSbTe2,AgSbTe2,AgSbTe2,0,No,,,,,,Seebeck coefficient,281,uV/K,423,K,body text,,
202106_1_online.pdf,10.1063/1.3029774,AgSbTe2,AgSbTe2,AgSbTe2,0,No,,,,,,Seebeck coefficient,260,uV/K,673,K,body text,,
202106_1_online.pdf,10.1063/1.3029774,AgSbTe2,AgSbTe2,AgSbTe2,0,No,,,,,,thermal conductivity,0.39,W/mK,620,K,body text,,
202106_1_online.pdf,10.1063/1.3029774,AgSbTe2,Ag0.94Sb1.02Te2,Ag0.94Sb1.02Te2,0,No,,,,,,Seebeck coefficient,200-220,uV/K,,,body text,,
202106_1_online.pdf,10.1063/1.3029774,AgSbTe2,Ag0.94Sb1.02Te2,Ag0.94Sb1.02Te2,0,No,,,,,,Seebeck coefficient,140-180,uV/K,500-650,K,body text,,
202106_1_online.pdf,10.1063/1.3029774,AgSbTe2,Ag0.88Sb1.04Te2,Ag0.88Sb1.04Te2,0,No,,,,,,ZT,0.82,dimensionless,423,K,body text,,
202106_1_online.pdf,10.1063/1.3029774,AgSbTe2,Ag0.88Sb1.04Te2,Ag0.88Sb1.04Te2,0,No,,,,,,thermal conductivity,0.45,W/mK,<423,K,body text,,
202106_1_online.pdf,10.1063/1.3029774,AgSbTe2,Ag0.88Sb1.04Te2,Ag0.88Sb1.04Te2,0,No,,,,,,Seebeck coefficient,200-220,uV/K,,,body text,,
202106_1_online.pdf,10.1063/1.3029774,AgSbTe2,Ag0.88Sb1.04Te2,Ag0.88Sb1.04Te2,0,No,,,,,,Seebeck coefficient,140-180,uV/K,500-650,K,body text,,
202106_1_online.pdf,10.1063/1.3029774,AgSbTe2,Ag0.83Sb1.06Te2,Ag0.83Sb1.06Te2,0,No,,,,,,ZT,0.95,dimensionless,423,K,body text,,
202106_1_online.pdf,10.1063/1.3029774,AgSbTe2,Ag0.83Sb1.06Te2,Ag0.83Sb1.06Te2,0,No,,,,,,thermal conductivity,0.45,W/mK,<423,K,body text,,
202106_1_online.pdf,10.1063/1.3029774,AgSbTe2,Ag0.83Sb1.06Te2,Ag0.83Sb1.06Te2,0,No,,,,,,Seebeck coefficient,200-220,uV/K,,,body text,,
202106_1_online.pdf,10.1063/1.3029774,AgSbTe2,Ag0.83Sb1.06Te2,Ag0.83Sb1.06Te2,0,No,,,,,,Seebeck coefficient,140-180,uV/K,500-650,K,body text,,
202106_1_online.pdf,10.1063/1.3029774,AgSbTe2,AST5050,AgSbTe2,0,No,,,,,,electrical conductivity,100,micro-ohm m,300,K,body text,,Reported as resistivity
202106_1_online.pdf,10.1063/1.3029774,AgSbTe2,AST5050,AgSbTe2,0,No,,,,,,electrical conductivity,79,micro-ohm m,473,K,body text,,Reported as resistivity
202106_1_online.pdf,10.1063/1.3029774,AgSbTe2,AST5050,AgSbTe2,0,No,,,,,,electrical conductivity,67,micro-ohm m,673,K,body text,,Reported as resistivity
202106_1_online.pdf,10.1063/1.3029774,AgSbTe2,AST5050,AgSbTe2,0,No,,,,,,Seebeck coefficient,264,micro-V/K,300,K,body text,,
202106_1_online.pdf,10.1063/1.3029774,AgSbTe2,AST5050,AgSbTe2,0,No,,,,,,Seebeck coefficient,281,micro-V/K,423,K,body text,,
202106_1_online.pdf,10.1063/1.3029774,AgSbTe2,AST5050,AgSbTe2,0,No,,,,,,Seebeck coefficient,260,micro-V/K,673,K,body text,,
202106_1_online.pdf,10.1063/1.3029774,AgSbTe2,AST5050,AgSbTe2,0,No,,,,,,ZT,1.59,dimensionless,673,K,body text,,
202106_1_online.pdf,10.1063/1.3029774,AgSbTe2,AST4654,Ag0.88Sb1.04Te2,0,No,,,,,,ZT,0.82,dimensionless,673,K,body text,,
202106_1_online.pdf,10.1063/1.3029774,AgSbTe2,AST4456,Ag0.83Sb1.06Te2,0,No,,,,,,ZT,0.95,dimensionless,423,K,body text,,
2305.19217v1.pdf,,Sb2Te3,ST,Sb2Te3,0,No,,,,,,power factor,4.91,mW m-1 K-2,385,K,text,body text,
2305.19217v1.pdf,,Sb2Te3,AST1,Sb2Te3-AgSbTe2 (x=0.9),1,No,Ag,0.9 atomic percentage,multiple sites,,Ag (0.9 atomic percentage) @ multiple sites site,,,,,,,,
2305.19217v1.pdf,,Sb2Te3,AST2,Sb2Te3-AgSbTe2 (x=1.70),1,No,Ag,1.70 atomic percentage,multiple sites,,Ag (1.70 atomic percentage) @ multiple sites site,,,,,,,,
2305.19217v1.pdf,,Sb2Te3,AST3,Sb2Te3-AgSbTe2 (x=5.90),1,No,Ag,5.90 atomic percentage,multiple sites,,Ag (5.90 atomic percentage) @ multiple sites site,ZT,2.26,dimensionless,375,K,text,body text,
2305.19217v1.pdf,,Sb2Te3,AST4,Sb2Te3-AgSbTe2 (x=7.00),1,No,Ag,7.00 atomic percentage,multiple sites,,Ag (7.00 atomic percentage) @ multiple sites site,power factor,7.17,mW m-1 K-2,435,K,text,body text,
2305.19217v1.pdf,,Sb2Te3,AST4,Sb2Te3-AgSbTe2 (x=7.00),1,No,Ag,7.00 atomic percentage,multiple sites,,Ag (7.00 atomic percentage) @ multiple sites site,ZT,1.85,dimensionless,375,K,text,body text,
2305.19217v1.pdf,,Sb2Te3,ST,Sb2Te3,0,No,,,,,,,,,,,,,
2305.19217v1.pdf,,Sb2Te3,AST1,Sb2Te3-AgSbTe2 (x=0.9),1,No,Ag,0.9 atomic percentage,unclear,,Ag (0.9 atomic percentage) @ unclear site,,,,,,,,
2305.19217v1.pdf,,Sb2Te3,AST2,Sb2Te3-AgSbTe2 (x=1.70),1,No,Ag,1.70 atomic percentage,unclear,,Ag (1.70 atomic percentage) @ unclear site,,,,,,,,
2305.19217v1.pdf,,Sb2Te3,AST3,Sb2Te3-AgSbTe2 (x=5.90),1,No,Ag,5.90 atomic percentage,unclear,,Ag (5.90 atomic percentage) @ unclear site,,,,,,,,
2305.19217v1.pdf,,Sb2Te3,AST4,Sb2Te3-AgSbTe2 (x=7.00),1,No,Ag,7.00 atomic percentage,unclear,,Ag (7.00 atomic percentage) @ unclear site,,,,,,,,
2305.19217v1.pdf,,Sb2Te3,ST,Sb2Te3,0,No,,,,,,Seebeck coefficient,165.33,uV/K,,,table,Table 1,Room temperature value
2305.19217v1.pdf,,Sb2Te3,ST,Sb2Te3,0,No,,,,,,electrical conductivity,1083.65,S/cm,,,table,Table 1,Room temperature value
2305.19217v1.pdf,,Sb2Te3,ST,Sb2Te3,0,No,,,,,,power factor,2.96,mW m^-1 K^-2,,,table,Table 1,Room temperature value
2305.19217v1.pdf,,Sb2Te3,AST1,Sb2Te3-Ag0.9,1,No,Ag,0.9 atomic %,Sb,,Ag (0.9 atomic %) @ Sb site,Seebeck coefficient,120.59,uV/K,,,table,Table 1,Room temperature value
2305.19217v1.pdf,,Sb2Te3,AST1,Sb2Te3-Ag0.9,1,No,Ag,0.9 atomic %,Sb,,Ag (0.9 atomic %) @ Sb site,electrical conductivity,1378.69,S/cm,,,table,Table 1,Room temperature value
2305.19217v1.pdf,,Sb2Te3,AST1,Sb2Te3-Ag0.9,1,No,Ag,0.9 atomic %,Sb,,Ag (0.9 atomic %) @ Sb site,power factor,2.00,mW m^-1 K^-2,,,table,Table 1,Room temperature value
2305.19217v1.pdf,,Sb2Te3,AST2,Sb2Te3-Ag1.7,1,No,Ag,1.7 atomic %,Sb,,Ag (1.7 atomic %) @ Sb site,Seebeck coefficient,101.02,uV/K,,,table,Table 1,Room temperature value
2305.19217v1.pdf,,Sb2Te3,AST2,Sb2Te3-Ag1.7,1,No,Ag,1.7 atomic %,Sb,,Ag (1.7 atomic %) @ Sb site,electrical conductivity,1932.79,S/cm,,,table,Table 1,Room temperature value
2305.19217v1.pdf,,Sb2Te3,AST2,Sb2Te3-Ag1.7,1,No,Ag,1.7 atomic %,Sb,,Ag (1.7 atomic %) @ Sb site,power factor,1.97,mW m^-1 K^-2,,,table,Table 1,Room temperature value
2305.19217v1.pdf,,Sb2Te3,AST3,Sb2Te3-Ag5.9,1,No,Ag,5.9 atomic %,Sb,,Ag (5.9 atomic %) @ Sb site,Seebeck coefficient,291.65,uV/K,,,table,Table 1,Room temperature value
2305.19217v1.pdf,,Sb2Te3,AST3,Sb2Te3-Ag5.9,1,No,Ag,5.9 atomic %,Sb,,Ag (5.9 atomic %) @ Sb site,electrical conductivity,242.97,S/cm,,,table,Table 1,Room temperature value
2305.19217v1.pdf,,Sb2Te3,AST3,Sb2Te3-Ag5.9,1,No,Ag,5.9 atomic %,Sb,,Ag (5.9 atomic %) @ Sb site,power factor,2.06,mW m^-1 K^-2,,,table,Table 1,Room temperature value
2305.19217v1.pdf,,Sb2Te3,AST4,Sb2Te3-Ag7.0,1,No,Ag,7.0 atomic %,Sb,,Ag (7.0 atomic %) @ Sb site,Seebeck coefficient,310.80,uV/K,,,table,Table 1,Room temperature value
2305.19217v1.pdf,,Sb2Te3,AST4,Sb2Te3-Ag7.0,1,No,Ag,7.0 atomic %,Sb,,Ag (7.0 atomic %) @ Sb site,electrical conductivity,135.77,S/cm,,,table,Table 1,Room temperature value
2305.19217v1.pdf,,Sb2Te3,AST4,Sb2Te3-Ag7.0,1,No,Ag,7.0 atomic %,Sb,,Ag (7.0 atomic %) @ Sb site,power factor,1.31,mW m^-1 K^-2,,,table,Table 1,Room temperature value
2603.17846v1.pdf,,AgSbTe2,Ag0.9Sb1.1Te2.1,Ag0.9Sb1.1Te2.1,3,Yes,Ag,0.9,unclear,Sb (1.1) @ unclear; Te (2.1) @ unclear,Ag (0.9) @ unclear site; Sb (1.1) @ unclear site; Te (2.1) @ unclear site,,,,,,,,
28.pdf,,AgSbTe2,Undoped AgSbTe2,AgSbTe2,0,No,,,,,,Electrical conductivity,332,S·cm-1,room temperature,,table,Table 2,
28.pdf,,AgSbTe2,Undoped AgSbTe2,AgSbTe2,0,No,,,,,,Seebeck coefficient,68,µV·K-1,room temperature,,table,Table 2,
28.pdf,,AgSbTe2,Undoped AgSbTe2,AgSbTe2,0,No,,,,,,Thermal conductivity,1.15,W·m-1·K-1,room temperature,,table,Table 2,
28.pdf,,AgSbTe2,undoped AgSbTe2,AgSbTe2,0,No,,,,,,Seebeck coefficient,68,uV/K,,,table,Table 2,
28.pdf,,AgSbTe2,undoped AgSbTe2,AgSbTe2,0,No,,,,,,electrical conductivity,332,S/cm,,,table,Table 2,
28.pdf,,AgSbTe2,undoped AgSbTe2,AgSbTe2,0,No,,,,,,thermal conductivity,1.15,W/mK,,,table,Table 2,
Adv Funct Materials - 2024 - Kim - Enhancement of Phase Stability and Thermoelectric Performance of Meta‐Stable AgSbTe2 by.pdf,10.1002/adfm.202404886,AgSbTe2,initial AgSbTe2,AgSbTe2,0,No,,,,,,Seebeck coefficient,280,μV K-1,300,K,body text,Page 5,
Adv Funct Materials - 2024 - Kim - Enhancement of Phase Stability and Thermoelectric Performance of Meta‐Stable AgSbTe2 by.pdf,10.1002/adfm.202404886,AgSbTe2,initial AgSbTe2,AgSbTe2,0,No,,,,,,electrical conductivity,101.01,S cm-1,300,K,body text,"Page 4, calculated from resistivity 9.9 mΩ cm",
Adv Funct Materials - 2024 - Kim - Enhancement of Phase Stability and Thermoelectric Performance of Meta‐Stable AgSbTe2 by.pdf,10.1002/adfm.202404886,AgSbTe2,initial AgSbTe2,AgSbTe2,0,No,,,,,,thermal conductivity,0.63,Wm-1 K-1,300,K,body text,Page 6,
Adv Funct Materials - 2024 - Kim - Enhancement of Phase Stability and Thermoelectric Performance of Meta‐Stable AgSbTe2 by.pdf,10.1002/adfm.202404886,AgSbTe2,initial AgSbTe2,AgSbTe2,0,No,,,,,,ZT,0.35,dimensionless,300,K,body text,Page 7,
Adv Funct Materials - 2024 - Kim - Enhancement of Phase Stability and Thermoelectric Performance of Meta‐Stable AgSbTe2 by.pdf,10.1002/adfm.202404886,AgSbTe2,Thigh T. C. AgSbTe2,AgSbTe2,0,No,,,,,,ZT,1.7,dimensionless,643,K,body text,"Page 1, Page 7",
Adv Funct Materials - 2024 - Kim - Enhancement of Phase Stability and Thermoelectric Performance of Meta‐Stable AgSbTe2 by.pdf,10.1002/adfm.202404886,AgSbTe2,Thigh T. C. AgSbTe2,AgSbTe2,0,No,,,,,,Seebeck coefficient,195,μV K-1,300,K,body text,Page 5,
Adv Funct Materials - 2024 - Kim - Enhancement of Phase Stability and Thermoelectric Performance of Meta‐Stable AgSbTe2 by.pdf,10.1002/adfm.202404886,AgSbTe2,initial AgSbTe2,AgSbTe2,0,No,,,,,,electrical conductivity,10,mΩ cm,300,K,figure,Figure 4a,"Visually estimated from Figure 4a, resistivity value at 300 K"
Adv Funct Materials - 2024 - Kim - Enhancement of Phase Stability and Thermoelectric Performance of Meta‐Stable AgSbTe2 by.pdf,10.1002/adfm.202404886,AgSbTe2,initial AgSbTe2,AgSbTe2,0,No,,,,,,Seebeck coefficient,280,μV K-1,300,K,figure,Figure 4c,"Visually estimated from Figure 4c, value at 300 K"
Adv Funct Materials - 2024 - Kim - Enhancement of Phase Stability and Thermoelectric Performance of Meta‐Stable AgSbTe2 by.pdf,10.1002/adfm.202404886,AgSbTe2,Tmid T.C. AgSbTe2,AgSbTe2,0,No,,,,,,Seebeck coefficient,300,μV K-1,450,K,figure,Figure 4c,Visually estimated from Figure 4c
Adv Funct Materials - 2024 - Kim - Enhancement of Phase Stability and Thermoelectric Performance of Meta‐Stable AgSbTe2 by.pdf,10.1002/adfm.202404886,AgSbTe2,Tmid T.C. AgSbTe2,AgSbTe2,0,No,,,,,,power factor,1.2,mW/mK2,500,K,figure,Figure 4e,Visually estimated from Figure 4e
Adv Funct Materials - 2024 - Kim - Enhancement of Phase Stability and Thermoelectric Performance of Meta‐Stable AgSbTe2 by.pdf,10.1002/adfm.202404886,AgSbTe2,Thigh T.C. AgSbTe2,AgSbTe2,0,No,,,,,,Seebeck coefficient,350,μV K-1,500,K,figure,Figure 4c,Visually estimated from Figure 4c
Adv Funct Materials - 2024 - Kim - Enhancement of Phase Stability and Thermoelectric Performance of Meta‐Stable AgSbTe2 by.pdf,10.1002/adfm.202404886,AgSbTe2,Thigh T.C. AgSbTe2,AgSbTe2,0,No,,,,,,power factor,1.5,mW/mK2,550,K,figure,Figure 4e,Visually estimated from Figure 4e
Adv Funct Materials - 2024 - Kim - Enhancement of Phase Stability and Thermoelectric Performance of Meta‐Stable AgSbTe2 by.pdf,10.1002/adfm.202404886,AgSbTe2,initial AgSbTe2,AgSbTe2,0,No,,,,,,ZT,0.8,dimensionless,643,K,figure,Fig. 5c,Visually estimated from Fig. 5c
Adv Funct Materials - 2024 - Kim - Enhancement of Phase Stability and Thermoelectric Performance of Meta‐Stable AgSbTe2 by.pdf,10.1002/adfm.202404886,AgSbTe2,4) Thigh T.C. AgSbTe2,AgSbTe2,0,No,,,,,,ZT,1.7,dimensionless,643,K,figure,Fig. 5c,Visually estimated from Fig. 5c
Adv Funct Materials - 2024 - Zhang - Dual Alloying Enables High Thermoelectric Performance in AgSbTe2 by Manipulating.pdf,10.1002/adfm.202400679,AgSbTe2,AgSbTe2,AgSbTe2,0,No,,,,,,electrical conductivity,158,S cm-1,300,K,body text,,
Adv Funct Materials - 2024 - Zhang - Dual Alloying Enables High Thermoelectric Performance in AgSbTe2 by Manipulating.pdf,10.1002/adfm.202400679,AgSbTe2,AgSbTe2,AgSbTe2,0,No,,,,,,Seebeck coefficient,230,μV K-1,300,K,body text,,
Adv Funct Materials - 2024 - Zhang - Dual Alloying Enables High Thermoelectric Performance in AgSbTe2 by Manipulating.pdf,10.1002/adfm.202400679,AgSbTe2,AgSbTe2,AgSbTe2,0,No,,,,,,power factor,8.7,μW cm-1 K-2,300,K,body text,,
Adv Funct Materials - 2024 - Zhang - Dual Alloying Enables High Thermoelectric Performance in AgSbTe2 by Manipulating.pdf,10.1002/adfm.202400679,AgSbTe2,AgSbTe2,AgSbTe2,0,No,,,,,,lattice thermal conductivity,0.51,W m-1 K-1,323,K,body text,,
Adv Funct Materials - 2024 - Zhang - Dual Alloying Enables High Thermoelectric Performance in AgSbTe2 by Manipulating.pdf,10.1002/adfm.202400679,AgSbTe2,AgSbTe2,AgSbTe2,0,No,,,,,,ZT,0.46,dimensionless,323,K,body text,,
Adv Funct Materials - 2024 - Zhang - Dual Alloying Enables High Thermoelectric Performance in AgSbTe2 by Manipulating.pdf,10.1002/adfm.202400679,AgSbTe2,(AgSbTe2)0.98(AgAlSe2)0.02,(AgSbTe2)0.98(AgAlSe2)0.02,2,Yes,Al,0.02,multiple sites,Se (0.02) @ multiple sites,Al (0.02) @ multiple sites site; Se (0.02) @ multiple sites site,electrical conductivity,270,S cm-1,300,K,body text,,
Adv Funct Materials - 2024 - Zhang - Dual Alloying Enables High Thermoelectric Performance in AgSbTe2 by Manipulating.pdf,10.1002/adfm.202400679,AgSbTe2,(AgSbTe2)0.98(AgAlSe2)0.02,(AgSbTe2)0.98(AgAlSe2)0.02,2,Yes,Al,0.02,multiple sites,Se (0.02) @ multiple sites,Al (0.02) @ multiple sites site; Se (0.02) @ multiple sites site,power factor,13.5,μW cm-1 K-2,300,K,body text,,
Adv Funct Materials - 2024 - Zhang - Dual Alloying Enables High Thermoelectric Performance in AgSbTe2 by Manipulating.pdf,10.1002/adfm.202400679,AgSbTe2,(AgSbTe2)0.98(AgAlSe2)0.02,(AgSbTe2)0.98(AgAlSe2)0.02,2,Yes,Al,0.02,multiple sites,Se (0.02) @ multiple sites,Al (0.02) @ multiple sites site; Se (0.02) @ multiple sites site,power factor,16,μW cm-1 K-2,523,K,body text,,
Adv Funct Materials - 2024 - Zhang - Dual Alloying Enables High Thermoelectric Performance in AgSbTe2 by Manipulating.pdf,10.1002/adfm.202400679,AgSbTe2,(AgSbTe2)0.98(AgAlSe2)0.02,(AgSbTe2)0.98(AgAlSe2)0.02,2,Yes,Al,0.02,multiple sites,Se (0.02) @ multiple sites,Al (0.02) @ multiple sites site; Se (0.02) @ multiple sites site,lattice thermal conductivity,0.42,W m-1 K-1,323,K,body text,,
Adv Funct Materials - 2024 - Zhang - Dual Alloying Enables High Thermoelectric Performance in AgSbTe2 by Manipulating.pdf,10.1002/adfm.202400679,AgSbTe2,(AgSbTe2)0.98(AgAlSe2)0.02,(AgSbTe2)0.98(AgAlSe2)0.02,2,Yes,Al,0.02,multiple sites,Se (0.02) @ multiple sites,Al (0.02) @ multiple sites site; Se (0.02) @ multiple sites site,lattice thermal conductivity,0.29,W m-1 K-1,523,K,body text,,
Adv Funct Materials - 2024 - Zhang - Dual Alloying Enables High Thermoelectric Performance in AgSbTe2 by Manipulating.pdf,10.1002/adfm.202400679,AgSbTe2,(AgSbTe2)0.98(AgAlSe2)0.02,(AgSbTe2)0.98(AgAlSe2)0.02,2,Yes,Al,0.02,multiple sites,Se (0.02) @ multiple sites,Al (0.02) @ multiple sites site; Se (0.02) @ multiple sites site,ZT,0.77,dimensionless,323,K,body text,,
Adv Funct Materials - 2024 - Zhang - Dual Alloying Enables High Thermoelectric Performance in AgSbTe2 by Manipulating.pdf,10.1002/adfm.202400679,AgSbTe2,(AgSbTe2)0.98(AgAlSe2)0.02,(AgSbTe2)0.98(AgAlSe2)0.02,2,Yes,Al,0.02,multiple sites,Se (0.02) @ multiple sites,Al (0.02) @ multiple sites site; Se (0.02) @ multiple sites site,ZT,1.90,dimensionless,623,K,body text,,
Adv Funct Materials - 2024 - Zhang - Dual Alloying Enables High Thermoelectric Performance in AgSbTe2 by Manipulating.pdf,10.1002/adfm.202400679,AgSbTe2,AgSbTe2,AgSbTe2,0,No,,,,,,Seebeck coefficient,230,uV K-1,300,K,body text,,
Adv Funct Materials - 2024 - Zhang - Dual Alloying Enables High Thermoelectric Performance in AgSbTe2 by Manipulating.pdf,10.1002/adfm.202400679,AgSbTe2,(AgSbTe2)0.98(AgAlSe2)0.02,(AgSbTe2)0.98(AgAlSe2)0.02,2,Yes,Al,x=0.02,unclear,Se (x=0.02) @ unclear,Al (x=0.02) @ unclear site; Se (x=0.02) @ unclear site,electrical conductivity,270,S cm-1,300,K,body text,,
Adv Funct Materials - 2024 - Zhang - Dual Alloying Enables High Thermoelectric Performance in AgSbTe2 by Manipulating.pdf,10.1002/adfm.202400679,AgSbTe2,(AgSbTe2)0.98(AgAlSe2)0.02,(AgSbTe2)0.98(AgAlSe2)0.02,2,Yes,Al,x=0.02,unclear,Se (x=0.02) @ unclear,Al (x=0.02) @ unclear site; Se (x=0.02) @ unclear site,ZT,1.90,dimensionless,623,K,body text,,
Adv Funct Materials - 2024 - Zhang - Dual Alloying Enables High Thermoelectric Performance in AgSbTe2 by Manipulating.pdf,10.1002/adfm.202400679,AgSbTe2,AgSbTe2,AgSbTe2,0,No,,,,,,lattice thermal conductivity,0.42,W m-1 K-1,323,K,body text,,Value for unalloyed sample at near room temperature
Adv Funct Materials - 2024 - Zhang - Dual Alloying Enables High Thermoelectric Performance in AgSbTe2 by Manipulating.pdf,10.1002/adfm.202400679,AgSbTe2,AgSbTe2,AgSbTe2,0,No,,,,,,ZT,0.46,dimensionless,300,K,body text,,Value for unalloyed sample near room temperature
Adv Funct Materials - 2024 - Zhang - Dual Alloying Enables High Thermoelectric Performance in AgSbTe2 by Manipulating.pdf,10.1002/adfm.202400679,AgSbTe2,x=0.02,(AgSbTe2)0.98(AgAlSe2)0.02,2,Yes,Al,0.02,unclear,Se (0.02) @ unclear,Al (0.02) @ unclear site; Se (0.02) @ unclear site,lattice thermal conductivity,0.51,W m-1 K-1,323,K,body text,,Value for x=0.02 sample at near room temperature
Adv Funct Materials - 2024 - Zhang - Dual Alloying Enables High Thermoelectric Performance in AgSbTe2 by Manipulating.pdf,10.1002/adfm.202400679,AgSbTe2,x=0.02,(AgSbTe2)0.98(AgAlSe2)0.02,2,Yes,Al,0.02,unclear,Se (0.02) @ unclear,Al (0.02) @ unclear site; Se (0.02) @ unclear site,lattice thermal conductivity,0.29,W m-1 K-1,523,K,body text,,Minimum value for x=0.02 sample
Adv Funct Materials - 2024 - Zhang - Dual Alloying Enables High Thermoelectric Performance in AgSbTe2 by Manipulating.pdf,10.1002/adfm.202400679,AgSbTe2,x=0.02,(AgSbTe2)0.98(AgAlSe2)0.02,2,Yes,Al,0.02,unclear,Se (0.02) @ unclear,Al (0.02) @ unclear site; Se (0.02) @ unclear site,ZT,0.77,dimensionless,300,K,body text,,Value for x=0.02 sample near room temperature
Adv Funct Materials - 2024 - Zhang - Dual Alloying Enables High Thermoelectric Performance in AgSbTe2 by Manipulating.pdf,10.1002/adfm.202400679,AgSbTe2,x=0.02,(AgSbTe2)0.98(AgAlSe2)0.02,2,Yes,Al,0.02,unclear,Se (0.02) @ unclear,Al (0.02) @ unclear site; Se (0.02) @ unclear site,ZT,1.9,dimensionless,623,K,body text,,Maximum value for x=0.02 sample
Adv Funct Materials - 2025 - Li - Supercompliant Lattice Boosts n‐type AgSbTe2 Thermoelectrics.pdf,10.1002/adfm.202502367,AgSbTe2,Ag0.8Na0.3Sb0.6Bi0.4Te2,Ag0.8Na0.3Sb0.6Bi0.4Te2,2,Yes,Na,10 at.% (excessive),interstitial,Bi (40 at.%) @ Sb,Na (10 at.% (excessive)) @ interstitial site; Bi (40 at.%) @ Sb site,ZT,0.45,dimensionless,near-room-temperature,,body text,,
Adv Funct Materials - 2025 - Li - Supercompliant Lattice Boosts n‐type AgSbTe2 Thermoelectrics.pdf,10.1002/adfm.202502367,AgSbTe2,Ag0.8Na0.3Sb0.6Bi0.4Te2,Ag0.8Na0.3Sb0.6Bi0.4Te2,2,Yes,Na,10 at.% (excessive),interstitial,Bi (40 at.%) @ Sb,Na (10 at.% (excessive)) @ interstitial site; Bi (40 at.%) @ Sb site,lattice thermal conductivity,0.27,W·m-1·K-1,,,body text,,
Adv Funct Materials - 2025 - Li - Supercompliant Lattice Boosts n‐type AgSbTe2 Thermoelectrics.pdf,10.1002/adfm.202502367,AgSbTe2,Ag0.8Na0.3Sb0.6Bi0.4Te2,Ag0.8Na0.3Sb0.6Bi0.4Te2,2,Yes,Na,10 at.% (excessive),interstitial,Bi (40 at.%) @ Sb,Na (10 at.% (excessive)) @ interstitial site; Bi (40 at.%) @ Sb site,ZT,0.4,dimensionless,573,K,body text,,
Adv Funct Materials - 2025 - Li - Supercompliant Lattice Boosts n‐type AgSbTe2 Thermoelectrics.pdf,10.1002/adfm.202502367,AgSbTe2,Ag0.8Na0.3Sb0.6Bi0.4Te2,Ag0.8Na0.3Sb0.6Bi0.4Te2,2,Yes,Na,10 at.% (excessive),interstitial,Bi (40 at.%) @ Sb,Na (10 at.% (excessive)) @ interstitial site; Bi (40 at.%) @ Sb site,electrical conductivity,11,S·cm-1,300,K,body text,,
Adv Funct Materials - 2025 - Li - Supercompliant Lattice Boosts n‐type AgSbTe2 Thermoelectrics.pdf,10.1002/adfm.202502367,AgSbTe2,Ag0.8Na0.3Sb0.6Bi0.4Te2,Ag0.8Na0.3Sb0.6Bi0.4Te2,2,Yes,Na,10 at.% (excessive),interstitial,Bi (40 at.%) @ Sb,Na (10 at.% (excessive)) @ interstitial site; Bi (40 at.%) @ Sb site,electrical conductivity,76,S·cm-1,573,K,body text,,
Adv Funct Materials - 2025 - Li - Supercompliant Lattice Boosts n‐type AgSbTe2 Thermoelectrics.pdf,10.1002/adfm.202502367,AgSbTe2,Ag0.8Na0.3Sb0.6Bi0.4Te2,Ag0.8Na0.3Sb0.6Bi0.4Te2,2,Yes,Na,10 at.% (excessive),interstitial,Bi (40 at.%) @ Sb,Na (10 at.% (excessive)) @ interstitial site; Bi (40 at.%) @ Sb site,total thermal conductivity,0.42,W·m-1·K-1,300,K,body text,,
Adv Funct Materials - 2025 - Li - Supercompliant Lattice Boosts n‐type AgSbTe2 Thermoelectrics.pdf,10.1002/adfm.202502367,AgSbTe2,Ag0.8Na0.3Sb0.6Bi0.4Te2,Ag0.8Na0.3Sb0.6Bi0.4Te2,2,Yes,Na,10 at.% (excessive),interstitial,Bi (40 at.%) @ Sb,Na (10 at.% (excessive)) @ interstitial site; Bi (40 at.%) @ Sb site,total thermal conductivity,0.27,W·m-1·K-1,523,K,body text,,
Adv Funct Materials - 2025 - Li - Supercompliant Lattice Boosts n‐type AgSbTe2 Thermoelectrics.pdf,10.1002/adfm.202502367,AgSbTe2,Ag0.8Na0.3Sb0.6Bi0.4Te2,Ag0.8Na0.3Sb0.6Bi0.4Te2,2,Yes,Na,0.3,interstitial,Bi (0.4) @ Sb,Na (0.3) @ interstitial site; Bi (0.4) @ Sb site,ZT,0.45,dimensionless,near-room-temperature,,body text,,Value stated in the abstract.
Adv Funct Materials - 2025 - Li - Supercompliant Lattice Boosts n‐type AgSbTe2 Thermoelectrics.pdf,10.1002/adfm.202502367,AgSbTe2,Ag0.8Na0.3Sb0.6Bi0.4Te2,Ag0.8Na0.3Sb0.6Bi0.4Te2,2,Yes,Na,0.3,interstitial,Bi (0.4) @ Sb,Na (0.3) @ interstitial site; Bi (0.4) @ Sb site,ZT,0.4,dimensionless,573,K,body text,,Value stated in the results section.
Adv Funct Materials - 2025 - Li - Supercompliant Lattice Boosts n‐type AgSbTe2 Thermoelectrics.pdf,10.1002/adfm.202502367,AgSbTe2,Ag0.1Na0.9Sb0.6Bi0.4Te2,Ag0.1Na0.9Sb0.6Bi0.4Te2,2,Yes,Na,0.9,Ag,Bi (0.4) @ Sb,Na (0.9) @ Ag site; Bi (0.4) @ Sb site,Seebeck coefficient,100,uV/K,300,K,figure,,Visually estimated from Fig. 4a
Adv Funct Materials - 2025 - Li - Supercompliant Lattice Boosts n‐type AgSbTe2 Thermoelectrics.pdf,10.1002/adfm.202502367,AgSbTe2,Ag0.1Na0.9Sb0.6Bi0.4Te2,Ag0.1Na0.9Sb0.6Bi0.4Te2,2,Yes,Na,0.9,Ag,Bi (0.4) @ Sb,Na (0.9) @ Ag site; Bi (0.4) @ Sb site,electrical conductivity,20,S/cm,300,K,figure,,Visually estimated from Fig. 4b
Adv Funct Materials - 2025 - Li - Supercompliant Lattice Boosts n‐type AgSbTe2 Thermoelectrics.pdf,10.1002/adfm.202502367,AgSbTe2,Ag0.1Na0.9Sb0.6Bi0.4Te2,Ag0.1Na0.9Sb0.6Bi0.4Te2,2,Yes,Na,0.9,Ag,Bi (0.4) @ Sb,Na (0.9) @ Ag site; Bi (0.4) @ Sb site,thermal conductivity,0.55,W/mK,300,K,figure,,Visually estimated from Fig. 6a
Adv Funct Materials - 2025 - Li - Supercompliant Lattice Boosts n‐type AgSbTe2 Thermoelectrics.pdf,10.1002/adfm.202502367,AgSbTe2,Ag0.1Na0.9Sb0.6Bi0.4Te2,Ag0.1Na0.9Sb0.6Bi0.4Te2,2,Yes,Na,0.9,Ag,Bi (0.4) @ Sb,Na (0.9) @ Ag site; Bi (0.4) @ Sb site,ZT,0.05,dimensionless,300,K,figure,,Visually estimated from Fig. 6c
Adv Funct Materials - 2025 - Li - Supercompliant Lattice Boosts n‐type AgSbTe2 Thermoelectrics.pdf,10.1002/adfm.202502367,AgSbTe2,Ag0.8Na0.2Sb0.6Bi0.4Te2,Ag0.8Na0.2Sb0.6Bi0.4Te2,2,Yes,Na,0.2,Ag,Bi (0.4) @ Sb,Na (0.2) @ Ag site; Bi (0.4) @ Sb site,Seebeck coefficient,50,uV/K,300,K,figure,,Visually estimated from Fig. 4a
Adv Funct Materials - 2025 - Li - Supercompliant Lattice Boosts n‐type AgSbTe2 Thermoelectrics.pdf,10.1002/adfm.202502367,AgSbTe2,Ag0.8Na0.2Sb0.6Bi0.4Te2,Ag0.8Na0.2Sb0.6Bi0.4Te2,2,Yes,Na,0.2,Ag,Bi (0.4) @ Sb,Na (0.2) @ Ag site; Bi (0.4) @ Sb site,electrical conductivity,10,S/cm,300,K,figure,,Visually estimated from Fig. 4b
Adv Funct Materials - 2025 - Li - Supercompliant Lattice Boosts n‐type AgSbTe2 Thermoelectrics.pdf,10.1002/adfm.202502367,AgSbTe2,Ag0.8Na0.2Sb0.6Bi0.4Te2,Ag0.8Na0.2Sb0.6Bi0.4Te2,2,Yes,Na,0.2,Ag,Bi (0.4) @ Sb,Na (0.2) @ Ag site; Bi (0.4) @ Sb site,thermal conductivity,0.45,W/mK,300,K,figure,,Visually estimated from Fig. 6a
Adv Funct Materials - 2025 - Li - Supercompliant Lattice Boosts n‐type AgSbTe2 Thermoelectrics.pdf,10.1002/adfm.202502367,AgSbTe2,Ag0.8Na0.2Sb0.6Bi0.4Te2,Ag0.8Na0.2Sb0.6Bi0.4Te2,2,Yes,Na,0.2,Ag,Bi (0.4) @ Sb,Na (0.2) @ Ag site; Bi (0.4) @ Sb site,ZT,0.05,dimensionless,300,K,figure,,Visually estimated from Fig. 6c
Adv Funct Materials - 2025 - Li - Supercompliant Lattice Boosts n‐type AgSbTe2 Thermoelectrics.pdf,10.1002/adfm.202502367,AgSbTe2,Ag0.8Na0.3Sb0.6Bi0.4Te2,Ag0.8Na0.3Sb0.6Bi0.4Te2,2,Yes,Na,0.3,Ag,Bi (0.4) @ Sb,Na (0.3) @ Ag site; Bi (0.4) @ Sb site,Seebeck coefficient,-150,uV/K,300,K,figure,,Visually estimated from Fig. 4a
Adv Funct Materials - 2025 - Li - Supercompliant Lattice Boosts n‐type AgSbTe2 Thermoelectrics.pdf,10.1002/adfm.202502367,AgSbTe2,Ag0.8Na0.3Sb0.6Bi0.4Te2,Ag0.8Na0.3Sb0.6Bi0.4Te2,2,Yes,Na,0.3,Ag,Bi (0.4) @ Sb,Na (0.3) @ Ag site; Bi (0.4) @ Sb site,electrical conductivity,10,S/cm,300,K,figure,,Visually estimated from Fig. 4b
Adv Funct Materials - 2025 - Li - Supercompliant Lattice Boosts n‐type AgSbTe2 Thermoelectrics.pdf,10.1002/adfm.202502367,AgSbTe2,Ag0.8Na0.3Sb0.6Bi0.4Te2,Ag0.8Na0.3Sb0.6Bi0.4Te2,2,Yes,Na,0.3,Ag,Bi (0.4) @ Sb,Na (0.3) @ Ag site; Bi (0.4) @ Sb site,thermal conductivity,0.4,W/mK,300,K,figure,,Visually estimated from Fig. 6a
Adv Funct Materials - 2025 - Li - Supercompliant Lattice Boosts n‐type AgSbTe2 Thermoelectrics.pdf,10.1002/adfm.202502367,AgSbTe2,Ag0.8Na0.3Sb0.6Bi0.4Te2,Ag0.8Na0.3Sb0.6Bi0.4Te2,2,Yes,Na,0.3,Ag,Bi (0.4) @ Sb,Na (0.3) @ Ag site; Bi (0.4) @ Sb site,ZT,0.05,dimensionless,300,K,figure,,Visually estimated from Fig. 6c
Adv Funct Materials - 2025 - Li - Supercompliant Lattice Boosts n‐type AgSbTe2 Thermoelectrics.pdf,10.1002/adfm.202502367,AgSbTe2,Ag0.7Na0.4Sb0.6Bi0.4Te2,Ag0.7Na0.4Sb0.6Bi0.4Te2,2,Yes,Na,0.4,Ag,Bi (0.4) @ Sb,Na (0.4) @ Ag site; Bi (0.4) @ Sb site,Seebeck coefficient,-250,uV/K,300,K,figure,,Visually estimated from Fig. 4a
Adv Funct Materials - 2025 - Li - Supercompliant Lattice Boosts n‐type AgSbTe2 Thermoelectrics.pdf,10.1002/adfm.202502367,AgSbTe2,Ag0.7Na0.4Sb0.6Bi0.4Te2,Ag0.7Na0.4Sb0.6Bi0.4Te2,2,Yes,Na,0.4,Ag,Bi (0.4) @ Sb,Na (0.4) @ Ag site; Bi (0.4) @ Sb site,electrical conductivity,10,S/cm,300,K,figure,,Visually estimated from Fig. 4b
Adv Funct Materials - 2025 - Li - Supercompliant Lattice Boosts n‐type AgSbTe2 Thermoelectrics.pdf,10.1002/adfm.202502367,AgSbTe2,Ag0.7Na0.4Sb0.6Bi0.4Te2,Ag0.7Na0.4Sb0.6Bi0.4Te2,2,Yes,Na,0.4,Ag,Bi (0.4) @ Sb,Na (0.4) @ Ag site; Bi (0.4) @ Sb site,thermal conductivity,0.38,W/mK,300,K,figure,,Visually estimated from Fig. 6a
Adv Funct Materials - 2025 - Li - Supercompliant Lattice Boosts n‐type AgSbTe2 Thermoelectrics.pdf,10.1002/adfm.202502367,AgSbTe2,Ag0.7Na0.4Sb0.6Bi0.4Te2,Ag0.7Na0.4Sb0.6Bi0.4Te2,2,Yes,Na,0.4,Ag,Bi (0.4) @ Sb,Na (0.4) @ Ag site; Bi (0.4) @ Sb site,ZT,0.05,dimensionless,300,K,figure,,Visually estimated from Fig. 6c
Adv Funct Materials - 2025 - Li - Supercompliant Lattice Boosts n‐type AgSbTe2 Thermoelectrics.pdf,10.1002/adfm.202502367,AgSbTe2,n-type Ag0.8Na0.3Sb0.6Bi0.4Te2,Ag0.8Na0.3Sb0.6Bi0.4Te2,2,Yes,Na,0.3,Ag,Bi (0.4) @ Sb,Na (0.3) @ Ag site; Bi (0.4) @ Sb site,ZT,0.45,dimensionless,,,body text,,Maximum ZT value reported in the low-temperature regime.
Adv Funct Materials - 2026 - Abdellaoui - Stacking Fault Complexions in AgSbTe2 Thermoelectrics With Enhanced Electrical.pdf,10.1002/adfm.77083,AgSbTe2,Ag16.7Sb30Te53.3,Ag16.7Sb30Te53.3,3,Yes,Ag,depleted,Ag,Sb (enriched) @ Sb; Te (enriched) @ Te,Ag (depleted) @ Ag site; Sb (enriched) @ Sb site; Te (enriched) @ Te site,electrical conductivity,105.1,S/cm,,,body text,,Measured across LAGBs (containing stacking faults)
Adv Funct Materials - 2026 - Abdellaoui - Stacking Fault Complexions in AgSbTe2 Thermoelectrics With Enhanced Electrical.pdf,10.1002/adfm.77083,AgSbTe2,Ag16.7Sb30Te53.3,Ag16.7Sb30Te53.3,3,Yes,Ag,depleted,Ag,Sb (enriched) @ Sb; Te (enriched) @ Te,Ag (depleted) @ Ag site; Sb (enriched) @ Sb site; Te (enriched) @ Te site,electrical conductivity,87.2,S/cm,,,body text,,Measured in grain interior
Adv Funct Materials - 2026 - Abdellaoui - Stacking Fault Complexions in AgSbTe2 Thermoelectrics With Enhanced Electrical.pdf,10.1002/adfm.77083,AgSbTe2,Ag16.7Sb30Te53.3,Ag16.7Sb30Te53.3,3,Yes,Ag,depleted,Ag,Sb (enriched) @ Sb; Te (enriched) @ Te,Ag (depleted) @ Ag site; Sb (enriched) @ Sb site; Te (enriched) @ Te site,electrical conductivity,88.4,S/cm,,,body text,,Bulk electrical conductivity measured by Van der Pauw
Adv Funct Materials - 2026 - Abdellaoui - Stacking Fault Complexions in AgSbTe2 Thermoelectrics With Enhanced Electrical.pdf,10.1002/adfm.77083,AgSbTe2,Ag16.7Sb30Te53.3,Ag16.7Sb30Te53.3,0,No,,,,,,electrical conductivity,88.4,S/cm,,,text,body text,Bulk electrical conductivity measured by Van der Pauw method.
Adv Funct Materials - 2026 - Abdellaoui - Stacking Fault Complexions in AgSbTe2 Thermoelectrics With Enhanced Electrical.pdf,10.1002/adfm.77083,AgSbTe2,Ag16.7Sb30Te53.3,Ag16.7Sb30Te53.3,0,No,,,,,,electrical conductivity,105.1,S/cm,,,figure,Figure 4d,Visually estimated/reported value for electrical conductivity across the stacking faults (SFs).
Adv Funct Materials - 2026 - Zhang - Improving Stability of High‐Performance AgSbTe2 Thermoelectrics by Lattice Regulation.pdf,10.1002/adfm.75160,AgSbTe2,AgSbTe2,AgSbTe2,0,No,,,,,,ZT,1.7,dimensionless,650,K,body text,Abstract and Section 2.2,
Adv Funct Materials - 2026 - Zhang - Improving Stability of High‐Performance AgSbTe2 Thermoelectrics by Lattice Regulation.pdf,10.1002/adfm.75160,AgSbTe2,AgSb0.97Pb0.03Te2,AgSb0.97Pb0.03Te2,1,No,Pb,0.03,Sb,,Pb (0.03) @ Sb site,ZT,1.7,dimensionless,650,K,body text,Abstract and Section 2.2,
Adv Funct Materials - 2026 - Zhang - Improving Stability of High‐Performance AgSbTe2 Thermoelectrics by Lattice Regulation.pdf,10.1002/adfm.75160,AgSbTe2,AgSb1-xPbxTe2 (x=0),AgSbTe2,1,No,none,0,unclear,,none (0) @ unclear site,,,,,,,,
Adv Funct Materials - 2026 - Zhang - Improving Stability of High‐Performance AgSbTe2 Thermoelectrics by Lattice Regulation.pdf,10.1002/adfm.75160,AgSbTe2,AgSb1-xPbxTe2 (x=0.01),AgSb0.99Pb0.01Te2,1,No,Pb,0.01,Sb,,Pb (0.01) @ Sb site,,,,,,,,
Adv Funct Materials - 2026 - Zhang - Improving Stability of High‐Performance AgSbTe2 Thermoelectrics by Lattice Regulation.pdf,10.1002/adfm.75160,AgSbTe2,AgSb1-xPbxTe2 (x=0.02),AgSb0.98Pb0.02Te2,1,No,Pb,0.02,Sb,,Pb (0.02) @ Sb site,,,,,,,,
Adv Funct Materials - 2026 - Zhang - Improving Stability of High‐Performance AgSbTe2 Thermoelectrics by Lattice Regulation.pdf,10.1002/adfm.75160,AgSbTe2,AgSb1-xPbxTe2 (x=0.03),AgSb0.97Pb0.03Te2,1,No,Pb,0.03,Sb,,Pb (0.03) @ Sb site,,,,,,,,
Adv Funct Materials - 2026 - Zhang - Improving Stability of High‐Performance AgSbTe2 Thermoelectrics by Lattice Regulation.pdf,10.1002/adfm.75160,AgSbTe2,AgSb1-xPbxTe2 (x=0.04),AgSb0.96Pb0.04Te2,1,No,Pb,0.04,Sb,,Pb (0.04) @ Sb site,,,,,,,,
Adv Funct Materials - 2026 - Zhang - Improving Stability of High‐Performance AgSbTe2 Thermoelectrics by Lattice Regulation.pdf,10.1002/adfm.75160,AgSbTe2,AgSb1-xPbxTe2 (x=0.05),AgSb0.95Pb0.05Te2,1,No,Pb,0.05,Sb,,Pb (0.05) @ Sb site,,,,,,,,
Adv Funct Materials - 2026 - Zhang - Improving Stability of High‐Performance AgSbTe2 Thermoelectrics by Lattice Regulation.pdf,10.1002/adfm.75160,AgSbTe2,AgSb1-xPbxTe2 (x=0.08),AgSb0.92Pb0.08Te2,1,No,Pb,0.08,Sb,,Pb (0.08) @ Sb site,,,,,,,,
Adv Funct Materials - 2026 - Zhang - Improving Stability of High‐Performance AgSbTe2 Thermoelectrics by Lattice Regulation.pdf,10.1002/adfm.75160,AgSbTe2,AgSb1-xPbxTe2 (x=0),AgSbTe2,1,No,Pb,x=0,Sb,,Pb (x=0) @ Sb site,Seebeck coefficient,250,uV/K,300,K,figure,,Visually estimated from Fig. 5a
Adv Funct Materials - 2026 - Zhang - Improving Stability of High‐Performance AgSbTe2 Thermoelectrics by Lattice Regulation.pdf,10.1002/adfm.75160,AgSbTe2,AgSb1-xPbxTe2 (x=0),AgSbTe2,1,No,Pb,x=0,Sb,,Pb (x=0) @ Sb site,electrical conductivity,5,mOhm*cm,300,K,figure,,Visually estimated from Fig. 5b
Adv Funct Materials - 2026 - Zhang - Improving Stability of High‐Performance AgSbTe2 Thermoelectrics by Lattice Regulation.pdf,10.1002/adfm.75160,AgSbTe2,AgSb1-xPbxTe2 (x=0),AgSbTe2,1,No,Pb,x=0,Sb,,Pb (x=0) @ Sb site,thermal conductivity,0.6,W/m*K,300,K,figure,,Visually estimated from Fig. 5c
Adv Funct Materials - 2026 - Zhang - Improving Stability of High‐Performance AgSbTe2 Thermoelectrics by Lattice Regulation.pdf,10.1002/adfm.75160,AgSbTe2,AgSb1-xPbxTe2 (x=0),AgSbTe2,1,No,Pb,x=0,Sb,,Pb (x=0) @ Sb site,ZT,0.5,dimensionless,300,K,figure,,Visually estimated from Fig. 5d
Adv Funct Materials - 2026 - Zhang - Improving Stability of High‐Performance AgSbTe2 Thermoelectrics by Lattice Regulation.pdf,10.1002/adfm.75160,AgSbTe2,AgSb1-xPbxTe2 (x=0.03),AgSb0.97Pb0.03Te2,1,No,Pb,x=0.03,Sb,,Pb (x=0.03) @ Sb site,Seebeck coefficient,240,uV/K,300,K,figure,,Visually estimated from Fig. 5a
Adv Funct Materials - 2026 - Zhang - Improving Stability of High‐Performance AgSbTe2 Thermoelectrics by Lattice Regulation.pdf,10.1002/adfm.75160,AgSbTe2,AgSb1-xPbxTe2 (x=0.03),AgSb0.97Pb0.03Te2,1,No,Pb,x=0.03,Sb,,Pb (x=0.03) @ Sb site,electrical conductivity,6,mOhm*cm,300,K,figure,,Visually estimated from Fig. 5b
Adv Funct Materials - 2026 - Zhang - Improving Stability of High‐Performance AgSbTe2 Thermoelectrics by Lattice Regulation.pdf,10.1002/adfm.75160,AgSbTe2,AgSb1-xPbxTe2 (x=0.03),AgSb0.97Pb0.03Te2,1,No,Pb,x=0.03,Sb,,Pb (x=0.03) @ Sb site,thermal conductivity,0.5,W/m*K,300,K,figure,,Visually estimated from Fig. 5c
Adv Funct Materials - 2026 - Zhang - Improving Stability of High‐Performance AgSbTe2 Thermoelectrics by Lattice Regulation.pdf,10.1002/adfm.75160,AgSbTe2,AgSb1-xPbxTe2 (x=0.03),AgSb0.97Pb0.03Te2,1,No,Pb,x=0.03,Sb,,Pb (x=0.03) @ Sb site,ZT,0.6,dimensionless,300,K,figure,,Visually estimated from Fig. 5d
Adv Funct Materials - 2026 - Zhang - Improving Stability of High‐Performance AgSbTe2 Thermoelectrics by Lattice Regulation.pdf,10.1002/adfm.75160,AgSbTe2,AgSb1-xPbxTe2 (x=0.03),AgSb0.97Pb0.03Te2,1,No,Pb,x=0.03,Sb,,Pb (x=0.03) @ Sb site,ZT,1.7,dimensionless,650,K,body text,,Peak ZT value mentioned in text
Advanced Energy Materials - 2011 - Chen - SnTe AgSbTe2 Thermoelectric Alloys.pdf,10.1002/aenm.201100460,Ag0.366Sb0.558Te,(Ag0.366Sb0.558Te)1-x(SnTe)x,(Ag0.366Sb0.558Te)1-x(SnTe)x,1,No,Sn,x,multiple sites,,Sn (x) @ multiple sites site,ZT,0.9,dimensionless,> 500,K,body text,"Page 4, column 2",at x ~ 20-25%
Advanced Energy Materials - 2011 - Chen - SnTe AgSbTe2 Thermoelectric Alloys.pdf,10.1002/aenm.201100460,Ag0.366Sb0.558Te,(Ag0.366Sb0.558Te)1-x(SnTe)x,(Ag0.366Sb0.558Te)1-x(SnTe)x,1,No,Sn,x,multiple sites,,Sn (x) @ multiple sites site,ZT,0.8,dimensionless,> 500,K,body text,"Page 4, column 2",at x ~ 50-60%
Advanced Energy Materials - 2011 - Chen - SnTe AgSbTe2 Thermoelectric Alloys.pdf,10.1002/aenm.201100460,Ag0.366Sb0.558Te,(Ag0.366Sb0.558Te)1-x(SnTe)x,(Ag0.366Sb0.558Te)1-x(SnTe)x,1,No,Sn,x,multiple sites,,Sn (x) @ multiple sites site,ZT,0.9,dimensionless,500,K,figure,Fig 3c,Visually estimated from Fig 3c for x=0.20-0.25 composition.
Advanced Energy Materials - 2011 - Chen - SnTe AgSbTe2 Thermoelectric Alloys.pdf,10.1002/aenm.201100460,Ag0.366Sb0.558Te,(Ag0.366Sb0.558Te)1-x(SnTe)x,(Ag0.366Sb0.558Te)1-x(SnTe)x,1,No,Sn,x,multiple sites,,Sn (x) @ multiple sites site,ZT,0.8,dimensionless,500,K,figure,Fig 3c,Visually estimated from Fig 3c for x=0.50-0.60 composition.
Advanced Energy Materials - 2011 - Han - Lead‐Free Thermoelectrics  High Figure of Merit in p‐type AgSnmSbTem 2.pdf,10.1002/aenm.201100613,AgSnmSbTem+2,AgSn2SbTe4,AgSn2SbTe4,2,Yes,Ag,m=2,unclear,Sb (m=2) @ unclear,Ag (m=2) @ unclear site; Sb (m=2) @ unclear site,thermal conductivity,1.45,W m-1 K-1,,,body text,,Value is 1.45 +/- 0.05 W m-1 K-1 throughout the temperature range.
Advanced Energy Materials - 2011 - Han - Lead‐Free Thermoelectrics  High Figure of Merit in p‐type AgSnmSbTem 2.pdf,10.1002/aenm.201100613,AgSnmSbTem+2,AgSn2SbTe4,AgSn2SbTe4,2,Yes,Ag,m=2,unclear,Sb (m=2) @ unclear,Ag (m=2) @ unclear site; Sb (m=2) @ unclear site,lattice thermal conductivity,0.41,W m-1 K-1,300,K,body text,,
Advanced Energy Materials - 2011 - Han - Lead‐Free Thermoelectrics  High Figure of Merit in p‐type AgSnmSbTem 2.pdf,10.1002/aenm.201100613,AgSnmSbTem+2,AgSn4SbTe6,AgSn4SbTe6,2,Yes,Ag,m=4,unclear,Sb (m=4) @ unclear,Ag (m=4) @ unclear site; Sb (m=4) @ unclear site,ZT,1.00,dimensionless,710,K,body text,,
Advanced Energy Materials - 2011 - Han - Lead‐Free Thermoelectrics  High Figure of Merit in p‐type AgSnmSbTem 2.pdf,10.1002/aenm.201100613,AgSnmSbTem+2,AgSn5SbTe7,AgSn5SbTe7,2,Yes,Ag,m=5,unclear,Sb (m=5) @ unclear,Ag (m=5) @ unclear site; Sb (m=5) @ unclear site,power factor,23,μW cm-1 K-2,710,K,body text,,
Advanced Energy Materials - 2011 - Han - Lead‐Free Thermoelectrics  High Figure of Merit in p‐type AgSnmSbTem 2.pdf,10.1002/aenm.201100613,AgSnmSbTem+2,AgSn5SbTe7,AgSn5SbTe7,2,Yes,Ag,m=5,unclear,Sb (m=5) @ unclear,Ag (m=5) @ unclear site; Sb (m=5) @ unclear site,ZT,0.92,dimensionless,710,K,body text,,
Advanced Energy Materials - 2011 - Han - Lead‐Free Thermoelectrics  High Figure of Merit in p‐type AgSnmSbTem 2.pdf,10.1002/aenm.201100613,AgSnmSbTem+2,AgSn10SbTe12,AgSn10SbTe12,2,Yes,Ag,m=10,unclear,Sb (m=10) @ unclear,Ag (m=10) @ unclear site; Sb (m=10) @ unclear site,lattice thermal conductivity,1.14,W m-1 K-1,300,K,body text,,
Advanced Energy Materials - 2011 - Han - Lead‐Free Thermoelectrics  High Figure of Merit in p‐type AgSnmSbTem 2.pdf,10.1002/aenm.201100613,AgSnmSbTem+2,m=2,AgSn2SbTe4,0,No,,,,,,electrical conductivity,1500,S cm-1,300,K,figure,Fig. 3a,Visually estimated from Fig. 3a
Advanced Energy Materials - 2011 - Han - Lead‐Free Thermoelectrics  High Figure of Merit in p‐type AgSnmSbTem 2.pdf,10.1002/aenm.201100613,AgSnmSbTem+2,m=2,AgSn2SbTe4,0,No,,,,,,Seebeck coefficient,60,uV K-1,300,K,figure,Fig. 3b,Visually estimated from Fig. 3b
Advanced Energy Materials - 2011 - Han - Lead‐Free Thermoelectrics  High Figure of Merit in p‐type AgSnmSbTem 2.pdf,10.1002/aenm.201100613,AgSnmSbTem+2,m=2,AgSn2SbTe4,0,No,,,,,,ZT,0.15,dimensionless,300,K,figure,Fig. 6,Visually estimated from Fig. 6
Advanced Energy Materials - 2011 - Han - Lead‐Free Thermoelectrics  High Figure of Merit in p‐type AgSnmSbTem 2.pdf,10.1002/aenm.201100613,AgSnmSbTem+2,m=4,AgSn4SbTe6,0,No,,,,,,electrical conductivity,1200,S cm-1,300,K,figure,Fig. 3a,Visually estimated from Fig. 3a
Advanced Energy Materials - 2011 - Han - Lead‐Free Thermoelectrics  High Figure of Merit in p‐type AgSnmSbTem 2.pdf,10.1002/aenm.201100613,AgSnmSbTem+2,m=4,AgSn4SbTe6,0,No,,,,,,Seebeck coefficient,70,uV K-1,300,K,figure,Fig. 3b,Visually estimated from Fig. 3b
Advanced Energy Materials - 2011 - Han - Lead‐Free Thermoelectrics  High Figure of Merit in p‐type AgSnmSbTem 2.pdf,10.1002/aenm.201100613,AgSnmSbTem+2,m=4,AgSn4SbTe6,0,No,,,,,,ZT,0.1,dimensionless,300,K,figure,Fig. 6,Visually estimated from Fig. 6
Advanced Energy Materials - 2011 - Han - Lead‐Free Thermoelectrics  High Figure of Merit in p‐type AgSnmSbTem 2.pdf,10.1002/aenm.201100613,AgSnmSbTem+2,m=5,AgSn5SbTe7,0,No,,,,,,electrical conductivity,1000,S cm-1,300,K,figure,Fig. 3a,Visually estimated from Fig. 3a
Advanced Energy Materials - 2011 - Han - Lead‐Free Thermoelectrics  High Figure of Merit in p‐type AgSnmSbTem 2.pdf,10.1002/aenm.201100613,AgSnmSbTem+2,m=5,AgSn5SbTe7,0,No,,,,,,Seebeck coefficient,80,uV K-1,300,K,figure,Fig. 3b,Visually estimated from Fig. 3b
Advanced Energy Materials - 2011 - Han - Lead‐Free Thermoelectrics  High Figure of Merit in p‐type AgSnmSbTem 2.pdf,10.1002/aenm.201100613,AgSnmSbTem+2,m=5,AgSn5SbTe7,0,No,,,,,,ZT,0.08,dimensionless,300,K,figure,Fig. 6,Visually estimated from Fig. 6
Advanced Energy Materials - 2011 - Han - Lead‐Free Thermoelectrics  High Figure of Merit in p‐type AgSnmSbTem 2.pdf,10.1002/aenm.201100613,AgSnmSbTem+2,m=10,AgSn10SbTe12,0,No,,,,,,electrical conductivity,800,S cm-1,300,K,figure,Fig. 3a,Visually estimated from Fig. 3a
Advanced Energy Materials - 2011 - Han - Lead‐Free Thermoelectrics  High Figure of Merit in p‐type AgSnmSbTem 2.pdf,10.1002/aenm.201100613,AgSnmSbTem+2,m=10,AgSn10SbTe12,0,No,,,,,,Seebeck coefficient,90,uV K-1,300,K,figure,Fig. 3b,Visually estimated from Fig. 3b
Advanced Energy Materials - 2011 - Han - Lead‐Free Thermoelectrics  High Figure of Merit in p‐type AgSnmSbTem 2.pdf,10.1002/aenm.201100613,AgSnmSbTem+2,m=10,AgSn10SbTe12,0,No,,,,,,ZT,0.05,dimensionless,300,K,figure,Fig. 6,Visually estimated from Fig. 6
Advanced Energy Materials - 2017 - Hong - Achieving zT   2 in p‐Type AgSbTe2 xSex Alloys via Exploring the Extra Light.pdf,10.1002/aenm.201702333,AgSbTe2,AgSbTe2,AgSbTe2,0,No,,,,,,Seebeck coefficient,305,µV K-1,450,K,body text,Section 2.1,
Advanced Energy Materials - 2017 - Hong - Achieving zT   2 in p‐Type AgSbTe2 xSex Alloys via Exploring the Extra Light.pdf,10.1002/aenm.201702333,AgSbTe2,AgSbTe2,AgSbTe2,0,No,,,,,,power factor,8.3,µW cm-1 K-2,550,K,body text,Section 2.1,
Advanced Energy Materials - 2017 - Hong - Achieving zT   2 in p‐Type AgSbTe2 xSex Alloys via Exploring the Extra Light.pdf,10.1002/aenm.201702333,AgSbTe2,AgSbTe1.9Se0.1,AgSbTe1.9Se0.1,1,No,Se,x=0.1,Te,,Se (x=0.1) @ Te site,Seebeck coefficient,324,µV K-1,550,K,body text,Section 2.1,
Advanced Energy Materials - 2017 - Hong - Achieving zT   2 in p‐Type AgSbTe2 xSex Alloys via Exploring the Extra Light.pdf,10.1002/aenm.201702333,AgSbTe2,AgSbTe1.8Se0.2,AgSbTe1.8Se0.2,1,No,Se,x=0.2,Te,,Se (x=0.2) @ Te site,electrical conductivity,140,S cm-1,300-773,K,body text,Section 2.1,
Advanced Energy Materials - 2017 - Hong - Achieving zT   2 in p‐Type AgSbTe2 xSex Alloys via Exploring the Extra Light.pdf,10.1002/aenm.201702333,AgSbTe2,AgSbTe1.8Se0.2,AgSbTe1.8Se0.2,1,No,Se,x=0.2,Te,,Se (x=0.2) @ Te site,thermal conductivity,0.27,W m-1 K-1,,,body text,Section 2.3,
Advanced Energy Materials - 2017 - Hong - Achieving zT   2 in p‐Type AgSbTe2 xSex Alloys via Exploring the Extra Light.pdf,10.1002/aenm.201702333,AgSbTe2,AgSbTe1.85Se0.15,AgSbTe1.85Se0.15,1,No,Se,x=0.15,Te,,Se (x=0.15) @ Te site,power factor,14.5,µW cm-1 K-2,550,K,body text,Section 2.1,
Advanced Energy Materials - 2017 - Hong - Achieving zT   2 in p‐Type AgSbTe2 xSex Alloys via Exploring the Extra Light.pdf,10.1002/aenm.201702333,AgSbTe2,AgSbTe2 (x=0),AgSbTe2,1,No,Se,x=0,Te,,Se (x=0) @ Te site,ZT,0.4,dimensionless,300,K,figure,Fig. 1a,Visually estimated from Fig. 1a
Advanced Energy Materials - 2017 - Hong - Achieving zT   2 in p‐Type AgSbTe2 xSex Alloys via Exploring the Extra Light.pdf,10.1002/aenm.201702333,AgSbTe2,AgSbTe2 (x=0),AgSbTe2,1,No,Se,x=0,Te,,Se (x=0) @ Te site,ZT,1.2,dimensionless,600,K,figure,Fig. 1a,Visually estimated from Fig. 1a
Advanced Energy Materials - 2017 - Hong - Achieving zT   2 in p‐Type AgSbTe2 xSex Alloys via Exploring the Extra Light.pdf,10.1002/aenm.201702333,AgSbTe2,AgSbTe1.95Se0.05 (x=0.05),AgSbTe1.95Se0.05,1,No,Se,x=0.05,Te,,Se (x=0.05) @ Te site,ZT,0.45,dimensionless,300,K,figure,Fig. 1a,Visually estimated from Fig. 1a
Advanced Energy Materials - 2017 - Hong - Achieving zT   2 in p‐Type AgSbTe2 xSex Alloys via Exploring the Extra Light.pdf,10.1002/aenm.201702333,AgSbTe2,AgSbTe1.95Se0.05 (x=0.05),AgSbTe1.95Se0.05,1,No,Se,x=0.05,Te,,Se (x=0.05) @ Te site,ZT,1.4,dimensionless,600,K,figure,Fig. 1a,Visually estimated from Fig. 1a
Advanced Energy Materials - 2017 - Hong - Achieving zT   2 in p‐Type AgSbTe2 xSex Alloys via Exploring the Extra Light.pdf,10.1002/aenm.201702333,AgSbTe2,AgSbTe1.9Se0.1 (x=0.1),AgSbTe1.9Se0.1,1,No,Se,x=0.1,Te,,Se (x=0.1) @ Te site,ZT,0.5,dimensionless,300,K,figure,Fig. 1a,Visually estimated from Fig. 1a
Advanced Energy Materials - 2017 - Hong - Achieving zT   2 in p‐Type AgSbTe2 xSex Alloys via Exploring the Extra Light.pdf,10.1002/aenm.201702333,AgSbTe2,AgSbTe1.9Se0.1 (x=0.1),AgSbTe1.9Se0.1,1,No,Se,x=0.1,Te,,Se (x=0.1) @ Te site,ZT,1.6,dimensionless,600,K,figure,Fig. 1a,Visually estimated from Fig. 1a
Advanced Energy Materials - 2017 - Hong - Achieving zT   2 in p‐Type AgSbTe2 xSex Alloys via Exploring the Extra Light.pdf,10.1002/aenm.201702333,AgSbTe2,AgSbTe1.85Se0.15 (x=0.15),AgSbTe1.85Se0.15,1,No,Se,x=0.15,Te,,Se (x=0.15) @ Te site,ZT,0.55,dimensionless,300,K,figure,Fig. 1a,Visually estimated from Fig. 1a
Advanced Energy Materials - 2017 - Hong - Achieving zT   2 in p‐Type AgSbTe2 xSex Alloys via Exploring the Extra Light.pdf,10.1002/aenm.201702333,AgSbTe2,AgSbTe1.85Se0.15 (x=0.15),AgSbTe1.85Se0.15,1,No,Se,x=0.15,Te,,Se (x=0.15) @ Te site,ZT,2.0,dimensionless,600,K,figure,Fig. 1a,Visually estimated from Fig. 1a
Advanced Energy Materials - 2017 - Hong - Achieving zT   2 in p‐Type AgSbTe2 xSex Alloys via Exploring the Extra Light.pdf,10.1002/aenm.201702333,AgSbTe2,AgSbTe1.8Se0.2 (x=0.2),AgSbTe1.8Se0.2,1,No,Se,x=0.2,Te,,Se (x=0.2) @ Te site,ZT,0.6,dimensionless,300,K,figure,Fig. 1a,Visually estimated from Fig. 1a
Advanced Energy Materials - 2017 - Hong - Achieving zT   2 in p‐Type AgSbTe2 xSex Alloys via Exploring the Extra Light.pdf,10.1002/aenm.201702333,AgSbTe2,AgSbTe1.8Se0.2 (x=0.2),AgSbTe1.8Se0.2,1,No,Se,x=0.2,Te,,Se (x=0.2) @ Te site,ZT,1.8,dimensionless,600,K,figure,Fig. 1a,Visually estimated from Fig. 1a
Advanced Energy Materials - 2026 - Li - Rare‐Earth Yttrium Doping Advances High‐Performance AgSbTe2 Thermoelectrics.pdf,10.1002/aenm.202505258,AgSbTe2,AgSbTe2 (x=0.00),AgSbTe2,0,No,,,,,,electrical conductivity,160,S cm-1,298,K,text,Page 4,
Advanced Energy Materials - 2026 - Li - Rare‐Earth Yttrium Doping Advances High‐Performance AgSbTe2 Thermoelectrics.pdf,10.1002/aenm.202505258,AgSbTe2,AgSbTe2 (x=0.00),AgSbTe2,0,No,,,,,,Seebeck coefficient,280,µV K-1,423,K,text,Page 5,
Advanced Energy Materials - 2026 - Li - Rare‐Earth Yttrium Doping Advances High‐Performance AgSbTe2 Thermoelectrics.pdf,10.1002/aenm.202505258,AgSbTe2,AgSb0.99Y0.01Te2 (x=0.01),AgSb0.99Y0.01Te2,1,No,Y,1%,Sb,,Y (1%) @ Sb site,electrical conductivity,209,S cm-1,298,K,text,Page 4,
Advanced Energy Materials - 2026 - Li - Rare‐Earth Yttrium Doping Advances High‐Performance AgSbTe2 Thermoelectrics.pdf,10.1002/aenm.202505258,AgSbTe2,AgSb0.98Y0.02Te2 (x=0.02),AgSb0.98Y0.02Te2,1,No,Y,2%,Sb,,Y (2%) @ Sb site,electrical conductivity,292,S cm-1,525,K,text,Page 4,
Advanced Energy Materials - 2026 - Li - Rare‐Earth Yttrium Doping Advances High‐Performance AgSbTe2 Thermoelectrics.pdf,10.1002/aenm.202505258,AgSbTe2,AgSb0.98Y0.02Te2 (x=0.02),AgSb0.98Y0.02Te2,1,No,Y,2%,Sb,,Y (2%) @ Sb site,Seebeck coefficient,266,µV K-1,373,K,text,Page 5,
Advanced Energy Materials - 2026 - Li - Rare‐Earth Yttrium Doping Advances High‐Performance AgSbTe2 Thermoelectrics.pdf,10.1002/aenm.202505258,AgSbTe2,AgSb0.98Y0.02Te2 (x=0.02),AgSb0.98Y0.02Te2,1,No,Y,2%,Sb,,Y (2%) @ Sb site,power factor,17.7,µW cm-1 K-2,523,K,text,Page 5,
Advanced Energy Materials - 2026 - Li - Rare‐Earth Yttrium Doping Advances High‐Performance AgSbTe2 Thermoelectrics.pdf,10.1002/aenm.202505258,AgSbTe2,AgSb0.98Y0.02Te2 (x=0.02),AgSb0.98Y0.02Te2,1,No,Y,2%,Sb,,Y (2%) @ Sb site,lattice thermal conductivity,0.26,W m-1 K-1,523,K,text,Page 6,
Advanced Energy Materials - 2026 - Li - Rare‐Earth Yttrium Doping Advances High‐Performance AgSbTe2 Thermoelectrics.pdf,10.1002/aenm.202505258,AgSbTe2,AgSb0.98Y0.02Te2 (x=0.02),AgSb0.98Y0.02Te2,1,No,Y,2%,Sb,,Y (2%) @ Sb site,ZT,1.92,dimensionless,623,K,text,Page 2,
Advanced Energy Materials - 2026 - Li - Rare‐Earth Yttrium Doping Advances High‐Performance AgSbTe2 Thermoelectrics.pdf,10.1002/aenm.202505258,AgSbTe2,AgSb0.97Y0.03Te2 (x=0.03),AgSb0.97Y0.03Te2,1,No,Y,3%,Sb,,Y (3%) @ Sb site,,,,,,,,
Advanced Energy Materials - 2026 - Li - Rare‐Earth Yttrium Doping Advances High‐Performance AgSbTe2 Thermoelectrics.pdf,10.1002/aenm.202505258,AgSbTe2,AgSb1-xYxTe2 (x=0.00),AgSbTe2,1,No,Y,0,Sb,,Y (0) @ Sb site,,,,,,,,
Advanced Energy Materials - 2026 - Li - Rare‐Earth Yttrium Doping Advances High‐Performance AgSbTe2 Thermoelectrics.pdf,10.1002/aenm.202505258,AgSbTe2,AgSb1-xYxTe2 (x=0.01),AgSb0.99Y0.01Te2,1,No,Y,0.01,Sb,,Y (0.01) @ Sb site,,,,,,,,
Advanced Energy Materials - 2026 - Li - Rare‐Earth Yttrium Doping Advances High‐Performance AgSbTe2 Thermoelectrics.pdf,10.1002/aenm.202505258,AgSbTe2,AgSb1-xYxTe2 (x=0.02),AgSb0.98Y0.02Te2,1,No,Y,0.02,Sb,,Y (0.02) @ Sb site,,,,,,,,
Advanced Energy Materials - 2026 - Li - Rare‐Earth Yttrium Doping Advances High‐Performance AgSbTe2 Thermoelectrics.pdf,10.1002/aenm.202505258,AgSbTe2,AgSb1-xYxTe2 (x=0.03),AgSb0.97Y0.03Te2,1,No,Y,0.03,Sb,,Y (0.03) @ Sb site,,,,,,,,
Advanced Energy Materials - 2026 - Li - Rare‐Earth Yttrium Doping Advances High‐Performance AgSbTe2 Thermoelectrics.pdf,10.1002/aenm.202505258,AgSbTe2,AgSbTe2,AgSbTe2,0,No,,,,,,electrical conductivity,160,S cm-1,300,K,figure,,Visually estimated from Fig. 4a
Advanced Energy Materials - 2026 - Li - Rare‐Earth Yttrium Doping Advances High‐Performance AgSbTe2 Thermoelectrics.pdf,10.1002/aenm.202505258,AgSbTe2,AgSbTe2,AgSbTe2,0,No,,,,,,Seebeck coefficient,240,uV K-1,300,K,figure,,Visually estimated from Fig. 4b
Advanced Energy Materials - 2026 - Li - Rare‐Earth Yttrium Doping Advances High‐Performance AgSbTe2 Thermoelectrics.pdf,10.1002/aenm.202505258,AgSbTe2,AgSbTe2,AgSbTe2,0,No,,,,,,power factor,9,uW cm-1 K-2,300,K,figure,,Visually estimated from Fig. 4c
Advanced Energy Materials - 2026 - Li - Rare‐Earth Yttrium Doping Advances High‐Performance AgSbTe2 Thermoelectrics.pdf,10.1002/aenm.202505258,AgSbTe2,AgSbTe2,AgSbTe2,0,No,,,,,,thermal conductivity,0.48,W m-1 K-1,300,K,figure,,Visually estimated from Fig. 4f
Advanced Energy Materials - 2026 - Li - Rare‐Earth Yttrium Doping Advances High‐Performance AgSbTe2 Thermoelectrics.pdf,10.1002/aenm.202505258,AgSbTe2,AgSbTe2,AgSbTe2,0,No,,,,,,lattice thermal conductivity,0.40,W m-1 K-1,300,K,figure,,Visually estimated from Fig. 4g
Advanced Energy Materials - 2026 - Li - Rare‐Earth Yttrium Doping Advances High‐Performance AgSbTe2 Thermoelectrics.pdf,10.1002/aenm.202505258,AgSbTe2,AgSbTe2,AgSbTe2,0,No,,,,,,ZT,0.6,dimensionless,300,K,figure,,Visually estimated from Fig. 4h
Advanced Energy Materials - 2026 - Li - Rare‐Earth Yttrium Doping Advances High‐Performance AgSbTe2 Thermoelectrics.pdf,10.1002/aenm.202505258,AgSbTe2,AgSb0.99Y0.01Te2,AgSb0.99Y0.01Te2,1,No,Y,0.01,Sb,,Y (0.01) @ Sb site,electrical conductivity,200,S cm-1,300,K,figure,,Visually estimated from Fig. 4a
Advanced Energy Materials - 2026 - Li - Rare‐Earth Yttrium Doping Advances High‐Performance AgSbTe2 Thermoelectrics.pdf,10.1002/aenm.202505258,AgSbTe2,AgSb0.99Y0.01Te2,AgSb0.99Y0.01Te2,1,No,Y,0.01,Sb,,Y (0.01) @ Sb site,Seebeck coefficient,250,uV K-1,300,K,figure,,Visually estimated from Fig. 4b
Advanced Energy Materials - 2026 - Li - Rare‐Earth Yttrium Doping Advances High‐Performance AgSbTe2 Thermoelectrics.pdf,10.1002/aenm.202505258,AgSbTe2,AgSb0.99Y0.01Te2,AgSb0.99Y0.01Te2,1,No,Y,0.01,Sb,,Y (0.01) @ Sb site,power factor,12,uW cm-1 K-2,300,K,figure,,Visually estimated from Fig. 4c
Advanced Energy Materials - 2026 - Li - Rare‐Earth Yttrium Doping Advances High‐Performance AgSbTe2 Thermoelectrics.pdf,10.1002/aenm.202505258,AgSbTe2,AgSb0.99Y0.01Te2,AgSb0.99Y0.01Te2,1,No,Y,0.01,Sb,,Y (0.01) @ Sb site,thermal conductivity,0.47,W m-1 K-1,300,K,figure,,Visually estimated from Fig. 4f
Advanced Energy Materials - 2026 - Li - Rare‐Earth Yttrium Doping Advances High‐Performance AgSbTe2 Thermoelectrics.pdf,10.1002/aenm.202505258,AgSbTe2,AgSb0.99Y0.01Te2,AgSb0.99Y0.01Te2,1,No,Y,0.01,Sb,,Y (0.01) @ Sb site,lattice thermal conductivity,0.38,W m-1 K-1,300,K,figure,,Visually estimated from Fig. 4g
Advanced Energy Materials - 2026 - Li - Rare‐Earth Yttrium Doping Advances High‐Performance AgSbTe2 Thermoelectrics.pdf,10.1002/aenm.202505258,AgSbTe2,AgSb0.99Y0.01Te2,AgSb0.99Y0.01Te2,1,No,Y,0.01,Sb,,Y (0.01) @ Sb site,ZT,0.7,dimensionless,300,K,figure,,Visually estimated from Fig. 4h
Advanced Energy Materials - 2026 - Li - Rare‐Earth Yttrium Doping Advances High‐Performance AgSbTe2 Thermoelectrics.pdf,10.1002/aenm.202505258,AgSbTe2,AgSb0.98Y0.02Te2,AgSb0.98Y0.02Te2,1,No,Y,0.02,Sb,,Y (0.02) @ Sb site,electrical conductivity,210,S cm-1,300,K,figure,,Visually estimated from Fig. 4a
Advanced Energy Materials - 2026 - Li - Rare‐Earth Yttrium Doping Advances High‐Performance AgSbTe2 Thermoelectrics.pdf,10.1002/aenm.202505258,AgSbTe2,AgSb0.98Y0.02Te2,AgSb0.98Y0.02Te2,1,No,Y,0.02,Sb,,Y (0.02) @ Sb site,Seebeck coefficient,255,uV K-1,300,K,figure,,Visually estimated from Fig. 4b
Advanced Energy Materials - 2026 - Li - Rare‐Earth Yttrium Doping Advances High‐Performance AgSbTe2 Thermoelectrics.pdf,10.1002/aenm.202505258,AgSbTe2,AgSb0.98Y0.02Te2,AgSb0.98Y0.02Te2,1,No,Y,0.02,Sb,,Y (0.02) @ Sb site,power factor,13,uW cm-1 K-2,300,K,figure,,Visually estimated from Fig. 4c
Advanced Energy Materials - 2026 - Li - Rare‐Earth Yttrium Doping Advances High‐Performance AgSbTe2 Thermoelectrics.pdf,10.1002/aenm.202505258,AgSbTe2,AgSb0.98Y0.02Te2,AgSb0.98Y0.02Te2,1,No,Y,0.02,Sb,,Y (0.02) @ Sb site,thermal conductivity,0.46,W m-1 K-1,300,K,figure,,Visually estimated from Fig. 4f
Advanced Energy Materials - 2026 - Li - Rare‐Earth Yttrium Doping Advances High‐Performance AgSbTe2 Thermoelectrics.pdf,10.1002/aenm.202505258,AgSbTe2,AgSb0.98Y0.02Te2,AgSb0.98Y0.02Te2,1,No,Y,0.02,Sb,,Y (0.02) @ Sb site,lattice thermal conductivity,0.36,W m-1 K-1,300,K,figure,,Visually estimated from Fig. 4g
Advanced Energy Materials - 2026 - Li - Rare‐Earth Yttrium Doping Advances High‐Performance AgSbTe2 Thermoelectrics.pdf,10.1002/aenm.202505258,AgSbTe2,AgSb0.98Y0.02Te2,AgSb0.98Y0.02Te2,1,No,Y,0.02,Sb,,Y (0.02) @ Sb site,ZT,0.75,dimensionless,300,K,figure,,Visually estimated from Fig. 4h
Advanced Energy Materials - 2026 - Li - Rare‐Earth Yttrium Doping Advances High‐Performance AgSbTe2 Thermoelectrics.pdf,10.1002/aenm.202505258,AgSbTe2,AgSb0.97Y0.03Te2,AgSb0.97Y0.03Te2,1,No,Y,0.03,Sb,,Y (0.03) @ Sb site,electrical conductivity,205,S cm-1,300,K,figure,,Visually estimated from Fig. 4a
Advanced Energy Materials - 2026 - Li - Rare‐Earth Yttrium Doping Advances High‐Performance AgSbTe2 Thermoelectrics.pdf,10.1002/aenm.202505258,AgSbTe2,AgSb0.97Y0.03Te2,AgSb0.97Y0.03Te2,1,No,Y,0.03,Sb,,Y (0.03) @ Sb site,Seebeck coefficient,252,uV K-1,300,K,figure,,Visually estimated from Fig. 4b
Advanced Energy Materials - 2026 - Li - Rare‐Earth Yttrium Doping Advances High‐Performance AgSbTe2 Thermoelectrics.pdf,10.1002/aenm.202505258,AgSbTe2,AgSb0.97Y0.03Te2,AgSb0.97Y0.03Te2,1,No,Y,0.03,Sb,,Y (0.03) @ Sb site,power factor,12.5,uW cm-1 K-2,300,K,figure,,Visually estimated from Fig. 4c
Advanced Energy Materials - 2026 - Li - Rare‐Earth Yttrium Doping Advances High‐Performance AgSbTe2 Thermoelectrics.pdf,10.1002/aenm.202505258,AgSbTe2,AgSb0.97Y0.03Te2,AgSb0.97Y0.03Te2,1,No,Y,0.03,Sb,,Y (0.03) @ Sb site,thermal conductivity,0.47,W m-1 K-1,300,K,figure,,Visually estimated from Fig. 4f
Advanced Energy Materials - 2026 - Li - Rare‐Earth Yttrium Doping Advances High‐Performance AgSbTe2 Thermoelectrics.pdf,10.1002/aenm.202505258,AgSbTe2,AgSb0.97Y0.03Te2,AgSb0.97Y0.03Te2,1,No,Y,0.03,Sb,,Y (0.03) @ Sb site,lattice thermal conductivity,0.37,W m-1 K-1,300,K,figure,,Visually estimated from Fig. 4g
Advanced Energy Materials - 2026 - Li - Rare‐Earth Yttrium Doping Advances High‐Performance AgSbTe2 Thermoelectrics.pdf,10.1002/aenm.202505258,AgSbTe2,AgSb0.97Y0.03Te2,AgSb0.97Y0.03Te2,1,No,Y,0.03,Sb,,Y (0.03) @ Sb site,ZT,0.72,dimensionless,300,K,figure,,Visually estimated from Fig. 4h
Advanced Materials - 2006 - Androulakis - Nanostructuring and High Thermoelectric Efficiency in p‐Type Ag Pb1   ySny mSbTe2.pdf,10.1002/adma.200502770,Ag(Pb1-ySny)mSbTe2+m,Ag0.5Pb6Sn2Sb0.2Te10,Ag0.5Pb6Sn2Sb0.2Te10,3,Yes,Pb,1-y,Ag,Sn (y) @ Ag; Sb (0.2) @ Ag,Pb (1-y) @ Ag site; Sn (y) @ Ag site; Sb (0.2) @ Ag site,electrical conductivity,1000,S cm-1,room temperature,,text,"Page 2, body text",
Advanced Materials - 2006 - Androulakis - Nanostructuring and High Thermoelectric Efficiency in p‐Type Ag Pb1   ySny mSbTe2.pdf,10.1002/adma.200502770,Ag(Pb1-ySny)mSbTe2+m,Ag0.5Pb6Sn2Sb0.2Te10,Ag0.5Pb6Sn2Sb0.2Te10,3,Yes,Pb,1-y,Ag,Sn (y) @ Ag; Sb (0.2) @ Ag,Pb (1-y) @ Ag site; Sn (y) @ Ag site; Sb (0.2) @ Ag site,electrical conductivity,200,S cm-1,700,K,text,"Page 2, body text",
Advanced Materials - 2006 - Androulakis - Nanostructuring and High Thermoelectric Efficiency in p‐Type Ag Pb1   ySny mSbTe2.pdf,10.1002/adma.200502770,Ag(Pb1-ySny)mSbTe2+m,Ag0.5Pb6Sn2Sb0.2Te10,Ag0.5Pb6Sn2Sb0.2Te10,3,Yes,Pb,1-y,Ag,Sn (y) @ Ag; Sb (0.2) @ Ag,Pb (1-y) @ Ag site; Sn (y) @ Ag site; Sb (0.2) @ Ag site,ZT,1.45,dimensionless,627,K,text,"Page 3, body text",
Advanced Materials - 2006 - Androulakis - Nanostructuring and High Thermoelectric Efficiency in p‐Type Ag Pb1   ySny mSbTe2.pdf,10.1002/adma.200502770,Ag(Pb1-ySny)mSbTe2+m,AgPb12Sn4Sb0.4Te20,AgPb12Sn4Sb0.4Te20,0,No,,,,,,lattice thermal conductivity,0.70,W m-1 K-1,room temperature,,text,"Page 3, body text",
Advanced Materials - 2006 - Androulakis - Nanostructuring and High Thermoelectric Efficiency in p‐Type Ag Pb1   ySny mSbTe2.pdf,10.1002/adma.200502770,Ag(Pb1-ySny)mSbTe2+m,AgPb12Sn4Sb0.4Te20,AgPb12Sn4Sb0.4Te20,0,No,,,,,,lattice thermal conductivity,0.43,W m-1 K-1,620,K,text,"Page 3, body text",
Advanced Materials - 2006 - Androulakis - Nanostructuring and High Thermoelectric Efficiency in p‐Type Ag Pb1   ySny mSbTe2.pdf,10.1002/adma.200502770,Ag(Pb1-ySny)mSbTe2+m,AgPb14Sn6Sb0.4Te24,AgPb14Sn6Sb0.4Te24,0,No,,,,,,,,,,,,,
Advanced Materials - 2006 - Androulakis - Nanostructuring and High Thermoelectric Efficiency in p‐Type Ag Pb1   ySny mSbTe2.pdf,10.1002/adma.200502770,Ag(Pb1-ySny)mSbTe2+m,AgPb10Sn10Sb0.67Te22,AgPb10Sn10Sb0.67Te22,0,No,,,,,,,,,,,,,
Advanced Materials - 2006 - Androulakis - Nanostructuring and High Thermoelectric Efficiency in p‐Type Ag Pb1   ySny mSbTe2.pdf,10.1002/adma.200502770,Ag(Pb1-ySny)mSbTe2+m,Ag0.9Pb5Sn3Sb0.7Te12,Ag0.9Pb5Sn3Sb0.7Te12,0,No,,,,,,,,,,,,,
Advanced Materials - 2006 - Androulakis - Nanostructuring and High Thermoelectric Efficiency in p‐Type Ag Pb1   ySny mSbTe2.pdf,10.1002/adma.200502770,Ag(Pb1-ySny)mSbTe2+m,Ag0.5Pb6Sn2Sb0.2Te10,Ag0.5Pb6Sn2Sb0.2Te10,3,Yes,Pb,6,unclear,Sn (2) @ unclear; Sb (0.2) @ unclear,Pb (6) @ unclear site; Sn (2) @ unclear site; Sb (0.2) @ unclear site,electrical conductivity,1000,S/cm,300,K,figure,Fig. 1a,Visually estimated from Fig. 1a
Advanced Materials - 2006 - Androulakis - Nanostructuring and High Thermoelectric Efficiency in p‐Type Ag Pb1   ySny mSbTe2.pdf,10.1002/adma.200502770,Ag(Pb1-ySny)mSbTe2+m,Ag0.5Pb6Sn2Sb0.2Te10,Ag0.5Pb6Sn2Sb0.2Te10,3,Yes,Pb,6,unclear,Sn (2) @ unclear; Sb (0.2) @ unclear,Pb (6) @ unclear site; Sn (2) @ unclear site; Sb (0.2) @ unclear site,Seebeck coefficient,50,uV/K,300,K,figure,Fig. 1a,Visually estimated from Fig. 1a
Advanced Materials - 2006 - Androulakis - Nanostructuring and High Thermoelectric Efficiency in p‐Type Ag Pb1   ySny mSbTe2.pdf,10.1002/adma.200502770,Ag(Pb1-ySny)mSbTe2+m,Ag0.5Pb6Sn2Sb0.2Te10,Ag0.5Pb6Sn2Sb0.2Te10,3,Yes,Pb,6,unclear,Sn (2) @ unclear; Sb (0.2) @ unclear,Pb (6) @ unclear site; Sn (2) @ unclear site; Sb (0.2) @ unclear site,ZT,1.45,dimensionless,627,K,figure,Fig. 3a,Visually estimated from Fig. 3a
Advanced Materials - 2006 - Androulakis - Nanostructuring and High Thermoelectric Efficiency in p‐Type Ag Pb1   ySny mSbTe2.pdf,10.1002/adma.200502770,Ag(Pb1-ySny)mSbTe2+m,AgPb12Sn4Sb0.4Te20,AgPb12Sn4Sb0.4Te20,3,Yes,Pb,12,unclear,Sn (4) @ unclear; Sb (0.4) @ unclear,Pb (12) @ unclear site; Sn (4) @ unclear site; Sb (0.4) @ unclear site,lattice thermal conductivity,0.7,W/mK,300,K,figure,Fig. 1d,Visually estimated from Fig. 1d
Advanced Materials - 2022 - Zhang - Defect‐Engineering‐Stabilized AgSbTe2 with High Thermoelectric Performance.pdf,10.1002/adma.202208994,AgSbTe2,Pristine AgSbTe2,AgSbTe2,0,No,,,,,,electrical conductivity,89,S cm-1,300,K,text,"Page 4, Results and Discussion",
Advanced Materials - 2022 - Zhang - Defect‐Engineering‐Stabilized AgSbTe2 with High Thermoelectric Performance.pdf,10.1002/adma.202208994,AgSbTe2,Pristine AgSbTe2,AgSbTe2,0,No,,,,,,ZT,0.6,dimensionless,673,K,text,"Page 2, Results and Discussion",
Advanced Materials - 2022 - Zhang - Defect‐Engineering‐Stabilized AgSbTe2 with High Thermoelectric Performance.pdf,10.1002/adma.202208994,AgSbTe2,AgSbTe1.85Se0.1S0.05,AgSbTe1.85Se0.1S0.05,2,Yes,Se,0.1,Te,S (0.05) @ Te,Se (0.1) @ Te site; S (0.05) @ Te site,electrical conductivity,244,S cm-1,300,K,text,"Page 4, Results and Discussion",
Advanced Materials - 2022 - Zhang - Defect‐Engineering‐Stabilized AgSbTe2 with High Thermoelectric Performance.pdf,10.1002/adma.202208994,AgSbTe2,AgSbTe1.85Se0.1S0.05,AgSbTe1.85Se0.1S0.05,2,Yes,Se,0.1,Te,S (0.05) @ Te,Se (0.1) @ Te site; S (0.05) @ Te site,power factor,2.1,mW m-1 K-2,673,K,text,"Page 5, Results and Discussion",
Advanced Materials - 2022 - Zhang - Defect‐Engineering‐Stabilized AgSbTe2 with High Thermoelectric Performance.pdf,10.1002/adma.202208994,AgSbTe2,AgSbTe1.85Se0.1S0.05,AgSbTe1.85Se0.1S0.05,2,Yes,Se,0.1,Te,S (0.05) @ Te,Se (0.1) @ Te site; S (0.05) @ Te site,lattice thermal conductivity,0.31,W m-1 K-1,,,text,"Page 8, Conclusion",
Advanced Materials - 2022 - Zhang - Defect‐Engineering‐Stabilized AgSbTe2 with High Thermoelectric Performance.pdf,10.1002/adma.202208994,AgSbTe2,AgSbTe1.85Se0.1S0.05,AgSbTe1.85Se0.1S0.05,2,Yes,Se,0.1,Te,S (0.05) @ Te,Se (0.1) @ Te site; S (0.05) @ Te site,ZT,2.3,dimensionless,673,K,text,"Page 7, Results and Discussion",
Advanced Materials - 2022 - Zhang - Defect‐Engineering‐Stabilized AgSbTe2 with High Thermoelectric Performance.pdf,10.1002/adma.202208994,AgSbTe2,AgSbTe2,AgSbTe2,0,No,,,,,,ZT,0.6,dimensionless,673,K,figure,Figure 1A,Visually estimated from Figure 1A
Advanced Materials - 2022 - Zhang - Defect‐Engineering‐Stabilized AgSbTe2 with High Thermoelectric Performance.pdf,10.1002/adma.202208994,AgSbTe2,AgSbTe1.9Se0.05S0.05,AgSbTe1.9Se0.05S0.05,2,Yes,Se,0.05,Te,S (0.05) @ Te,Se (0.05) @ Te site; S (0.05) @ Te site,ZT,1.8,dimensionless,673,K,figure,Figure 1A,Visually estimated from Figure 1A
Advanced Materials - 2022 - Zhang - Defect‐Engineering‐Stabilized AgSbTe2 with High Thermoelectric Performance.pdf,10.1002/adma.202208994,AgSbTe2,AgSbTe1.85Se0.1S0.05,AgSbTe1.85Se0.1S0.05,2,Yes,Se,0.1,Te,S (0.05) @ Te,Se (0.1) @ Te site; S (0.05) @ Te site,ZT,2.3,dimensionless,673,K,figure,Figure 1A,Visually estimated from Figure 1A
Advanced Materials - 2022 - Zhang - Defect‐Engineering‐Stabilized AgSbTe2 with High Thermoelectric Performance.pdf,10.1002/adma.202208994,AgSbTe2,AgSbTe1.8Se0.1S0.1,AgSbTe1.8Se0.1S0.1,2,Yes,Se,0.1,Te,S (0.1) @ Te,Se (0.1) @ Te site; S (0.1) @ Te site,ZT,2.1,dimensionless,673,K,figure,Figure 1A,Visually estimated from Figure 1A
Advanced Materials - 2022 - Zhang - Defect‐Engineering‐Stabilized AgSbTe2 with High Thermoelectric Performance.pdf,10.1002/adma.202208994,AgSbTe2,AgSbTe2,AgSbTe2,0,No,,,,,,electrical conductivity,0.8,x10^4 S/m,300,K,figure,Fig. 4A,Visually estimated from Fig. 4A
Advanced Materials - 2022 - Zhang - Defect‐Engineering‐Stabilized AgSbTe2 with High Thermoelectric Performance.pdf,10.1002/adma.202208994,AgSbTe2,AgSbTe2,AgSbTe2,0,No,,,,,,Seebeck coefficient,240,uV/K,300,K,figure,Fig. 4B,Visually estimated from Fig. 4B
Advanced Materials - 2022 - Zhang - Defect‐Engineering‐Stabilized AgSbTe2 with High Thermoelectric Performance.pdf,10.1002/adma.202208994,AgSbTe2,AgSbTe2,AgSbTe2,0,No,,,,,,power factor,0.6,mWm^-1K^-2,300,K,figure,Fig. 4E,Visually estimated from Fig. 4E
Advanced Materials - 2022 - Zhang - Defect‐Engineering‐Stabilized AgSbTe2 with High Thermoelectric Performance.pdf,10.1002/adma.202208994,AgSbTe2,AgSbTe2,AgSbTe2,0,No,,,,,,thermal conductivity,0.55,Wm^-1K^-1,300,K,figure,Fig. 4F,Visually estimated from Fig. 4F
Advanced Materials - 2022 - Zhang - Defect‐Engineering‐Stabilized AgSbTe2 with High Thermoelectric Performance.pdf,10.1002/adma.202208994,AgSbTe2,AgSbTe1.9Se0.05S0.05,AgSbTe1.9Se0.05S0.05,2,Yes,Se,0.05,Te,S (0.05) @ Te,Se (0.05) @ Te site; S (0.05) @ Te site,electrical conductivity,1.1,x10^4 S/m,300,K,figure,Fig. 4A,Visually estimated from Fig. 4A
Advanced Materials - 2022 - Zhang - Defect‐Engineering‐Stabilized AgSbTe2 with High Thermoelectric Performance.pdf,10.1002/adma.202208994,AgSbTe2,AgSbTe1.9Se0.05S0.05,AgSbTe1.9Se0.05S0.05,2,Yes,Se,0.05,Te,S (0.05) @ Te,Se (0.05) @ Te site; S (0.05) @ Te site,Seebeck coefficient,230,uV/K,300,K,figure,Fig. 4B,Visually estimated from Fig. 4B
Advanced Materials - 2022 - Zhang - Defect‐Engineering‐Stabilized AgSbTe2 with High Thermoelectric Performance.pdf,10.1002/adma.202208994,AgSbTe2,AgSbTe1.9Se0.05S0.05,AgSbTe1.9Se0.05S0.05,2,Yes,Se,0.05,Te,S (0.05) @ Te,Se (0.05) @ Te site; S (0.05) @ Te site,power factor,0.65,mWm^-1K^-2,300,K,figure,Fig. 4E,Visually estimated from Fig. 4E
Advanced Materials - 2022 - Zhang - Defect‐Engineering‐Stabilized AgSbTe2 with High Thermoelectric Performance.pdf,10.1002/adma.202208994,AgSbTe2,AgSbTe1.9Se0.05S0.05,AgSbTe1.9Se0.05S0.05,2,Yes,Se,0.05,Te,S (0.05) @ Te,Se (0.05) @ Te site; S (0.05) @ Te site,thermal conductivity,0.52,Wm^-1K^-1,300,K,figure,Fig. 4F,Visually estimated from Fig. 4F
Advanced Materials - 2022 - Zhang - Defect‐Engineering‐Stabilized AgSbTe2 with High Thermoelectric Performance.pdf,10.1002/adma.202208994,AgSbTe2,AgSbTe1.85Se0.1S0.05,AgSbTe1.85Se0.1S0.05,2,Yes,Se,0.1,Te,S (0.05) @ Te,Se (0.1) @ Te site; S (0.05) @ Te site,electrical conductivity,2.4,x10^4 S/m,300,K,figure,Fig. 4A,Visually estimated from Fig. 4A
Advanced Materials - 2022 - Zhang - Defect‐Engineering‐Stabilized AgSbTe2 with High Thermoelectric Performance.pdf,10.1002/adma.202208994,AgSbTe2,AgSbTe1.85Se0.1S0.05,AgSbTe1.85Se0.1S0.05,2,Yes,Se,0.1,Te,S (0.05) @ Te,Se (0.1) @ Te site; S (0.05) @ Te site,Seebeck coefficient,230,uV/K,300,K,figure,Fig. 4B,Visually estimated from Fig. 4B
Advanced Materials - 2022 - Zhang - Defect‐Engineering‐Stabilized AgSbTe2 with High Thermoelectric Performance.pdf,10.1002/adma.202208994,AgSbTe2,AgSbTe1.85Se0.1S0.05,AgSbTe1.85Se0.1S0.05,2,Yes,Se,0.1,Te,S (0.05) @ Te,Se (0.1) @ Te site; S (0.05) @ Te site,power factor,1.3,mWm^-1K^-2,300,K,figure,Fig. 4E,Visually estimated from Fig. 4E
Advanced Materials - 2022 - Zhang - Defect‐Engineering‐Stabilized AgSbTe2 with High Thermoelectric Performance.pdf,10.1002/adma.202208994,AgSbTe2,AgSbTe1.85Se0.1S0.05,AgSbTe1.85Se0.1S0.05,2,Yes,Se,0.1,Te,S (0.05) @ Te,Se (0.1) @ Te site; S (0.05) @ Te site,thermal conductivity,0.5,Wm^-1K^-1,300,K,figure,Fig. 4F,Visually estimated from Fig. 4F
Advanced Materials - 2022 - Zhang - Defect‐Engineering‐Stabilized AgSbTe2 with High Thermoelectric Performance.pdf,10.1002/adma.202208994,AgSbTe2,AgSbTe1.8Se0.1S0.1,AgSbTe1.8Se0.1S0.1,2,Yes,Se,0.1,Te,S (0.1) @ Te,Se (0.1) @ Te site; S (0.1) @ Te site,electrical conductivity,1.9,x10^4 S/m,300,K,figure,Fig. 4A,Visually estimated from Fig. 4A
Advanced Materials - 2022 - Zhang - Defect‐Engineering‐Stabilized AgSbTe2 with High Thermoelectric Performance.pdf,10.1002/adma.202208994,AgSbTe2,AgSbTe1.8Se0.1S0.1,AgSbTe1.8Se0.1S0.1,2,Yes,Se,0.1,Te,S (0.1) @ Te,Se (0.1) @ Te site; S (0.1) @ Te site,Seebeck coefficient,230,uV/K,300,K,figure,Fig. 4B,Visually estimated from Fig. 4B
Advanced Materials - 2022 - Zhang - Defect‐Engineering‐Stabilized AgSbTe2 with High Thermoelectric Performance.pdf,10.1002/adma.202208994,AgSbTe2,AgSbTe1.8Se0.1S0.1,AgSbTe1.8Se0.1S0.1,2,Yes,Se,0.1,Te,S (0.1) @ Te,Se (0.1) @ Te site; S (0.1) @ Te site,power factor,1.1,mWm^-1K^-2,300,K,figure,Fig. 4E,Visually estimated from Fig. 4E
Advanced Materials - 2022 - Zhang - Defect‐Engineering‐Stabilized AgSbTe2 with High Thermoelectric Performance.pdf,10.1002/adma.202208994,AgSbTe2,AgSbTe1.8Se0.1S0.1,AgSbTe1.8Se0.1S0.1,2,Yes,Se,0.1,Te,S (0.1) @ Te,Se (0.1) @ Te site; S (0.1) @ Te site,thermal conductivity,0.48,Wm^-1K^-1,300,K,figure,Fig. 4F,Visually estimated from Fig. 4F
Advanced Materials - 2023 - Taneja - High Thermoelectric Performance in Phonon‐Glass Electron‐Crystal Like AgSbTe2.pdf,10.1002/adma.202307058,AgSbTe2,AgSbTe2,AgSbTe2,0,No,,,,,,lattice thermal conductivity,0.6,Wm-1 K-1,300,K,body text,,
Advanced Materials - 2023 - Taneja - High Thermoelectric Performance in Phonon‐Glass Electron‐Crystal Like AgSbTe2.pdf,10.1002/adma.202307058,AgSbTe2,AgSbTe2,AgSbTe2,0,No,,,,,,electrical conductivity,104,Scm-1,300,K,body text,,
Advanced Materials - 2023 - Taneja - High Thermoelectric Performance in Phonon‐Glass Electron‐Crystal Like AgSbTe2.pdf,10.1002/adma.202307058,AgSbTe2,AgSbTe2,AgSbTe2,0,No,,,,,,lattice thermal conductivity,0.48,Wm-1 K-1,573,K,body text,,
Advanced Materials - 2023 - Taneja - High Thermoelectric Performance in Phonon‐Glass Electron‐Crystal Like AgSbTe2.pdf,10.1002/adma.202307058,AgSbTe2,AgSb0.98Yb0.02Te2,AgSb0.98Yb0.02Te2,1,No,Yb,2 mol%,Sb,,Yb (2 mol%) @ Sb site,,,,,,,,
Advanced Materials - 2023 - Taneja - High Thermoelectric Performance in Phonon‐Glass Electron‐Crystal Like AgSbTe2.pdf,10.1002/adma.202307058,AgSbTe2,AgSb0.96Yb0.04Te2,AgSb0.96Yb0.04Te2,1,No,Yb,4 mol%,Sb,,Yb (4 mol%) @ Sb site,ZT,2.4,dimensionless,573,K,body text,,
Advanced Materials - 2023 - Taneja - High Thermoelectric Performance in Phonon‐Glass Electron‐Crystal Like AgSbTe2.pdf,10.1002/adma.202307058,AgSbTe2,AgSb0.96Yb0.04Te2,AgSb0.96Yb0.04Te2,1,No,Yb,4 mol%,Sb,,Yb (4 mol%) @ Sb site,electrical conductivity,278,Scm-1,300,K,body text,,
Advanced Materials - 2023 - Taneja - High Thermoelectric Performance in Phonon‐Glass Electron‐Crystal Like AgSbTe2.pdf,10.1002/adma.202307058,AgSbTe2,AgSb0.96Yb0.04Te2,AgSb0.96Yb0.04Te2,1,No,Yb,4 mol%,Sb,,Yb (4 mol%) @ Sb site,power factor,18.93,μWcm-1 K-2,573,K,body text,,
Advanced Materials - 2023 - Taneja - High Thermoelectric Performance in Phonon‐Glass Electron‐Crystal Like AgSbTe2.pdf,10.1002/adma.202307058,AgSbTe2,AgSb0.96Yb0.04Te2,AgSb0.96Yb0.04Te2,1,No,Yb,4 mol%,Sb,,Yb (4 mol%) @ Sb site,lattice thermal conductivity,0.22,Wm-1 K-1,573,K,body text,,
Advanced Materials - 2023 - Taneja - High Thermoelectric Performance in Phonon‐Glass Electron‐Crystal Like AgSbTe2.pdf,10.1002/adma.202307058,AgSbTe2,AgSb0.94Yb0.06Te2,AgSb0.94Yb0.06Te2,1,No,Yb,6 mol%,Sb,,Yb (6 mol%) @ Sb site,,,,,,,,
Advanced Materials - 2023 - Taneja - High Thermoelectric Performance in Phonon‐Glass Electron‐Crystal Like AgSbTe2.pdf,10.1002/adma.202307058,AgSbTe2,AgSbTe2,AgSbTe2,0,No,,,,,,ZT,0.6,dimensionless,300,K,figure,Figure 1b,Visually estimated from Figure 1b
Advanced Materials - 2023 - Taneja - High Thermoelectric Performance in Phonon‐Glass Electron‐Crystal Like AgSbTe2.pdf,10.1002/adma.202307058,AgSbTe2,AgSbTe2,AgSbTe2,0,No,,,,,,ZT,1.2,dimensionless,500,K,figure,Figure 1b,Visually estimated from Figure 1b
Advanced Materials - 2023 - Taneja - High Thermoelectric Performance in Phonon‐Glass Electron‐Crystal Like AgSbTe2.pdf,10.1002/adma.202307058,AgSbTe2,AgSbTe2,AgSbTe2,0,No,,,,,,lattice thermal conductivity,0.6,Wm-1K-1,300,K,figure,Figure 1d,Visually estimated from Figure 1d
Advanced Materials - 2023 - Taneja - High Thermoelectric Performance in Phonon‐Glass Electron‐Crystal Like AgSbTe2.pdf,10.1002/adma.202307058,AgSbTe2,AgSb0.98Yb0.02Te2,AgSb0.98Yb0.02Te2,1,No,Yb,0.02,Sb,,Yb (0.02) @ Sb site,ZT,0.7,dimensionless,300,K,figure,Figure 1b,Visually estimated from Figure 1b
Advanced Materials - 2023 - Taneja - High Thermoelectric Performance in Phonon‐Glass Electron‐Crystal Like AgSbTe2.pdf,10.1002/adma.202307058,AgSbTe2,AgSb0.98Yb0.02Te2,AgSb0.98Yb0.02Te2,1,No,Yb,0.02,Sb,,Yb (0.02) @ Sb site,ZT,1.8,dimensionless,500,K,figure,Figure 1b,Visually estimated from Figure 1b
Advanced Materials - 2023 - Taneja - High Thermoelectric Performance in Phonon‐Glass Electron‐Crystal Like AgSbTe2.pdf,10.1002/adma.202307058,AgSbTe2,AgSb0.98Yb0.02Te2,AgSb0.98Yb0.02Te2,1,No,Yb,0.02,Sb,,Yb (0.02) @ Sb site,lattice thermal conductivity,0.4,Wm-1K-1,300,K,figure,Figure 1d,Visually estimated from Figure 1d
Advanced Materials - 2023 - Taneja - High Thermoelectric Performance in Phonon‐Glass Electron‐Crystal Like AgSbTe2.pdf,10.1002/adma.202307058,AgSbTe2,AgSb0.96Yb0.04Te2,AgSb0.96Yb0.04Te2,1,No,Yb,0.04,Sb,,Yb (0.04) @ Sb site,ZT,0.8,dimensionless,300,K,figure,Figure 1b,Visually estimated from Figure 1b
Advanced Materials - 2023 - Taneja - High Thermoelectric Performance in Phonon‐Glass Electron‐Crystal Like AgSbTe2.pdf,10.1002/adma.202307058,AgSbTe2,AgSb0.96Yb0.04Te2,AgSb0.96Yb0.04Te2,1,No,Yb,0.04,Sb,,Yb (0.04) @ Sb site,ZT,2.4,dimensionless,573,K,figure,Figure 1b,Visually estimated from Figure 1b
Advanced Materials - 2023 - Taneja - High Thermoelectric Performance in Phonon‐Glass Electron‐Crystal Like AgSbTe2.pdf,10.1002/adma.202307058,AgSbTe2,AgSb0.96Yb0.04Te2,AgSb0.96Yb0.04Te2,1,No,Yb,0.04,Sb,,Yb (0.04) @ Sb site,lattice thermal conductivity,0.3,Wm-1K-1,300,K,figure,Figure 1d,Visually estimated from Figure 1d
Advanced Materials - 2023 - Taneja - High Thermoelectric Performance in Phonon‐Glass Electron‐Crystal Like AgSbTe2.pdf,10.1002/adma.202307058,AgSbTe2,AgSbTe2,AgSbTe2,0,No,,,,,,electrical conductivity,150,S/cm,300,K,figure,Fig. 5a,Visually estimated from Fig. 5a
Advanced Materials - 2023 - Taneja - High Thermoelectric Performance in Phonon‐Glass Electron‐Crystal Like AgSbTe2.pdf,10.1002/adma.202307058,AgSbTe2,AgSbTe2,AgSbTe2,0,No,,,,,,electrical conductivity,200,S/cm,400,K,figure,Fig. 5a,Visually estimated from Fig. 5a
Advanced Materials - 2023 - Taneja - High Thermoelectric Performance in Phonon‐Glass Electron‐Crystal Like AgSbTe2.pdf,10.1002/adma.202307058,AgSbTe2,AgSbTe2,AgSbTe2,0,No,,,,,,electrical conductivity,220,S/cm,500,K,figure,Fig. 5a,Visually estimated from Fig. 5a
Advanced Materials - 2023 - Taneja - High Thermoelectric Performance in Phonon‐Glass Electron‐Crystal Like AgSbTe2.pdf,10.1002/adma.202307058,AgSbTe2,AgSbTe2,AgSbTe2,0,No,,,,,,Seebeck coefficient,250,µV/K,300,K,figure,Fig. 5b,Visually estimated from Fig. 5b
Advanced Materials - 2023 - Taneja - High Thermoelectric Performance in Phonon‐Glass Electron‐Crystal Like AgSbTe2.pdf,10.1002/adma.202307058,AgSbTe2,AgSbTe2,AgSbTe2,0,No,,,,,,Seebeck coefficient,300,µV/K,400,K,figure,Fig. 5b,Visually estimated from Fig. 5b
Advanced Materials - 2023 - Taneja - High Thermoelectric Performance in Phonon‐Glass Electron‐Crystal Like AgSbTe2.pdf,10.1002/adma.202307058,AgSbTe2,AgSbTe2,AgSbTe2,0,No,,,,,,Seebeck coefficient,320,µV/K,500,K,figure,Fig. 5b,Visually estimated from Fig. 5b
Advanced Materials - 2023 - Taneja - High Thermoelectric Performance in Phonon‐Glass Electron‐Crystal Like AgSbTe2.pdf,10.1002/adma.202307058,AgSbTe2,AgSbTe2,AgSbTe2,0,No,,,,,,thermal conductivity,0.48,Wm-1K-1,300,K,body text,,
Advanced Materials - 2023 - Taneja - High Thermoelectric Performance in Phonon‐Glass Electron‐Crystal Like AgSbTe2.pdf,10.1002/adma.202307058,AgSbTe2,AgSb0.98Yb0.02Te2,AgSb0.98Yb0.02Te2,1,No,Yb,2 mol%,Sb,,Yb (2 mol%) @ Sb site,electrical conductivity,180,S/cm,300,K,figure,Fig. 5a,Visually estimated from Fig. 5a
Advanced Materials - 2023 - Taneja - High Thermoelectric Performance in Phonon‐Glass Electron‐Crystal Like AgSbTe2.pdf,10.1002/adma.202307058,AgSbTe2,AgSb0.98Yb0.02Te2,AgSb0.98Yb0.02Te2,1,No,Yb,2 mol%,Sb,,Yb (2 mol%) @ Sb site,electrical conductivity,200,S/cm,400,K,figure,Fig. 5a,Visually estimated from Fig. 5a
Advanced Materials - 2023 - Taneja - High Thermoelectric Performance in Phonon‐Glass Electron‐Crystal Like AgSbTe2.pdf,10.1002/adma.202307058,AgSbTe2,AgSb0.98Yb0.02Te2,AgSb0.98Yb0.02Te2,1,No,Yb,2 mol%,Sb,,Yb (2 mol%) @ Sb site,electrical conductivity,210,S/cm,500,K,figure,Fig. 5a,Visually estimated from Fig. 5a
Advanced Materials - 2023 - Taneja - High Thermoelectric Performance in Phonon‐Glass Electron‐Crystal Like AgSbTe2.pdf,10.1002/adma.202307058,AgSbTe2,AgSb0.98Yb0.02Te2,AgSb0.98Yb0.02Te2,1,No,Yb,2 mol%,Sb,,Yb (2 mol%) @ Sb site,Seebeck coefficient,280,µV/K,300,K,figure,Fig. 5b,Visually estimated from Fig. 5b
Advanced Materials - 2023 - Taneja - High Thermoelectric Performance in Phonon‐Glass Electron‐Crystal Like AgSbTe2.pdf,10.1002/adma.202307058,AgSbTe2,AgSb0.98Yb0.02Te2,AgSb0.98Yb0.02Te2,1,No,Yb,2 mol%,Sb,,Yb (2 mol%) @ Sb site,Seebeck coefficient,320,µV/K,400,K,figure,Fig. 5b,Visually estimated from Fig. 5b
Advanced Materials - 2023 - Taneja - High Thermoelectric Performance in Phonon‐Glass Electron‐Crystal Like AgSbTe2.pdf,10.1002/adma.202307058,AgSbTe2,AgSb0.98Yb0.02Te2,AgSb0.98Yb0.02Te2,1,No,Yb,2 mol%,Sb,,Yb (2 mol%) @ Sb site,Seebeck coefficient,330,µV/K,500,K,figure,Fig. 5b,Visually estimated from Fig. 5b
Advanced Materials - 2023 - Taneja - High Thermoelectric Performance in Phonon‐Glass Electron‐Crystal Like AgSbTe2.pdf,10.1002/adma.202307058,AgSbTe2,AgSb0.96Yb0.04Te2,AgSb0.96Yb0.04Te2,1,No,Yb,4 mol%,Sb,,Yb (4 mol%) @ Sb site,electrical conductivity,280,S/cm,300,K,figure,Fig. 5a,Visually estimated from Fig. 5a
Advanced Materials - 2023 - Taneja - High Thermoelectric Performance in Phonon‐Glass Electron‐Crystal Like AgSbTe2.pdf,10.1002/adma.202307058,AgSbTe2,AgSb0.96Yb0.04Te2,AgSb0.96Yb0.04Te2,1,No,Yb,4 mol%,Sb,,Yb (4 mol%) @ Sb site,electrical conductivity,250,S/cm,400,K,figure,Fig. 5a,Visually estimated from Fig. 5a
Advanced Materials - 2023 - Taneja - High Thermoelectric Performance in Phonon‐Glass Electron‐Crystal Like AgSbTe2.pdf,10.1002/adma.202307058,AgSbTe2,AgSb0.96Yb0.04Te2,AgSb0.96Yb0.04Te2,1,No,Yb,4 mol%,Sb,,Yb (4 mol%) @ Sb site,electrical conductivity,260,S/cm,500,K,figure,Fig. 5a,Visually estimated from Fig. 5a
Advanced Materials - 2023 - Taneja - High Thermoelectric Performance in Phonon‐Glass Electron‐Crystal Like AgSbTe2.pdf,10.1002/adma.202307058,AgSbTe2,AgSb0.96Yb0.04Te2,AgSb0.96Yb0.04Te2,1,No,Yb,4 mol%,Sb,,Yb (4 mol%) @ Sb site,Seebeck coefficient,280,µV/K,300,K,figure,Fig. 5b,Visually estimated from Fig. 5b
Advanced Materials - 2023 - Taneja - High Thermoelectric Performance in Phonon‐Glass Electron‐Crystal Like AgSbTe2.pdf,10.1002/adma.202307058,AgSbTe2,AgSb0.96Yb0.04Te2,AgSb0.96Yb0.04Te2,1,No,Yb,4 mol%,Sb,,Yb (4 mol%) @ Sb site,Seebeck coefficient,330,µV/K,400,K,figure,Fig. 5b,Visually estimated from Fig. 5b
Advanced Materials - 2023 - Taneja - High Thermoelectric Performance in Phonon‐Glass Electron‐Crystal Like AgSbTe2.pdf,10.1002/adma.202307058,AgSbTe2,AgSb0.96Yb0.04Te2,AgSb0.96Yb0.04Te2,1,No,Yb,4 mol%,Sb,,Yb (4 mol%) @ Sb site,Seebeck coefficient,350,µV/K,500,K,figure,Fig. 5b,Visually estimated from Fig. 5b
Advanced Materials - 2023 - Taneja - High Thermoelectric Performance in Phonon‐Glass Electron‐Crystal Like AgSbTe2.pdf,10.1002/adma.202307058,AgSbTe2,AgSb0.96Yb0.04Te2,AgSb0.96Yb0.04Te2,1,No,Yb,4 mol%,Sb,,Yb (4 mol%) @ Sb site,thermal conductivity,0.22,Wm-1K-1,573,K,body text,,
Advanced Materials - 2024 - Li - High‐Performance AgSbTe2 Thermoelectrics  Advances  Challenges  and Perspectives.pdf,10.1002/adma.202409275,AgSbTe2,AgSb0.94Cd0.06Te2,AgSb0.94Cd0.06Te2,1,No,Cd,0.06,Sb,,Cd (0.06) @ Sb site,ZT,2.6,dimensionless,573,K,Table 1,,
Advanced Materials - 2024 - Li - High‐Performance AgSbTe2 Thermoelectrics  Advances  Challenges  and Perspectives.pdf,10.1002/adma.202409275,AgSbTe2,AgSb0.94Cd0.06Te2,AgSb0.94Cd0.06Te2,1,No,Cd,0.06,Sb,,Cd (0.06) @ Sb site,electrical conductivity,251,S cm-1,573,K,Table 1,,
Advanced Materials - 2024 - Li - High‐Performance AgSbTe2 Thermoelectrics  Advances  Challenges  and Perspectives.pdf,10.1002/adma.202409275,AgSbTe2,AgSb0.94Cd0.06Te2,AgSb0.94Cd0.06Te2,1,No,Cd,0.06,Sb,,Cd (0.06) @ Sb site,Seebeck coefficient,264,μV K-1,573,K,Table 1,,
Advanced Materials - 2024 - Li - High‐Performance AgSbTe2 Thermoelectrics  Advances  Challenges  and Perspectives.pdf,10.1002/adma.202409275,AgSbTe2,AgSb0.94Cd0.06Te2,AgSb0.94Cd0.06Te2,1,No,Cd,0.06,Sb,,Cd (0.06) @ Sb site,power factor,17.83,μW cm-1 K-2,573,K,Table 1,,
Advanced Materials - 2024 - Li - High‐Performance AgSbTe2 Thermoelectrics  Advances  Challenges  and Perspectives.pdf,10.1002/adma.202409275,AgSbTe2,AgSb0.94Cd0.06Te2,AgSb0.94Cd0.06Te2,1,No,Cd,0.06,Sb,,Cd (0.06) @ Sb site,thermal conductivity,0.39,W m-1 K-1,573,K,Table 1,,
Advanced Materials - 2024 - Li - High‐Performance AgSbTe2 Thermoelectrics  Advances  Challenges  and Perspectives.pdf,10.1002/adma.202409275,AgSbTe2,AgSb0.96Hg0.04Te2,AgSb0.96Hg0.04Te2,1,No,Hg,0.04,Sb,,Hg (0.04) @ Sb site,ZT,2.4,dimensionless,570,K,Table 1,,
Advanced Materials - 2024 - Li - High‐Performance AgSbTe2 Thermoelectrics  Advances  Challenges  and Perspectives.pdf,10.1002/adma.202409275,AgSbTe2,AgSbTe1.85Se0.1S0.05,AgSbTe1.85Se0.1S0.05,2,Yes,Se,0.1,Te,S (0.05) @ Te,Se (0.1) @ Te site; S (0.05) @ Te site,ZT,2.3,dimensionless,673,K,Table 1,,
Advanced Materials - 2024 - Li - High‐Performance AgSbTe2 Thermoelectrics  Advances  Challenges  and Perspectives.pdf,10.1002/adma.202409275,AgSbTe2,Ag0.98SbTe2,Ag0.98SbTe2,1,No,Ag vacancy,0.02,Ag,,Ag vacancy (0.02) @ Ag site,electrical conductivity,68,S cm-1,573,K,body text,,
Advanced Materials - 2024 - Li - High‐Performance AgSbTe2 Thermoelectrics  Advances  Challenges  and Perspectives.pdf,10.1002/adma.202409275,AgSbTe2,Ag0.98SbTe2,Ag0.98SbTe2,1,No,Ag vacancy,0.02,Ag,,Ag vacancy (0.02) @ Ag site,thermal conductivity,0.24,W m-1 K-1,573,K,body text,,
Advanced Materials - 2024 - Li - High‐Performance AgSbTe2 Thermoelectrics  Advances  Challenges  and Perspectives.pdf,10.1002/adma.202409275,AgSbTe2,Ag0.98SbTe2,Ag0.98SbTe2,1,No,Ag vacancy,0.02,Ag,,Ag vacancy (0.02) @ Ag site,ZT,2.3,dimensionless,573,K,body text,,
Advanced Materials - 2024 - Li - High‐Performance AgSbTe2 Thermoelectrics  Advances  Challenges  and Perspectives.pdf,10.1002/adma.202409275,AgSbTe2,AgSb1-xHgxTe2 (x=0.02),AgSb0.98Hg0.02Te2,1,No,Hg,x=0.02,Sb,,Hg (x=0.02) @ Sb site,ZT,1.8,dimensionless,,,figure,Figure 10c,Visually estimated from bar chart in Figure 10c
Advanced Materials - 2024 - Li - High‐Performance AgSbTe2 Thermoelectrics  Advances  Challenges  and Perspectives.pdf,10.1002/adma.202409275,AgSbTe2,AgSb1-xHgxTe2 (x=0.04),AgSb0.96Hg0.04Te2,1,No,Hg,x=0.04,Sb,,Hg (x=0.04) @ Sb site,ZT,2.4,dimensionless,,,figure,Figure 10c,Visually estimated from bar chart in Figure 10c
Advanced Science - 2022 - Tee - Thermoelectric Silver‐Based Chalcogenides.pdf,10.1002/advs.202204624,AgSbTe2,AgSb0.94Cd0.06Te2,AgSb0.94Cd0.06Te2,1,No,Cd,0.06,Sb,,Cd (0.06) @ Sb site,ZT,2.6,dimensionless,573,K,table,Table 1,
Advanced Science - 2022 - Tee - Thermoelectric Silver‐Based Chalcogenides.pdf,10.1002/advs.202204624,AgSbTe2,AgSb0.96Zn0.04Te2,AgSb0.96Zn0.04Te2,1,No,Zn,0.04,Sb,,Zn (0.04) @ Sb site,ZT,1.9,dimensionless,584,K,table,Table 1,
Advanced Science - 2022 - Tee - Thermoelectric Silver‐Based Chalcogenides.pdf,10.1002/advs.202204624,AgSbTe2,AgSb0.96Cd0.06Te2,AgSb0.96Cd0.06Te2,1,No,Cd,0.06,Sb,,Cd (0.06) @ Sb site,ZT,2.6,dimensionless,573,K,table,Table 1,
Advanced Science - 2022 - Tee - Thermoelectric Silver‐Based Chalcogenides.pdf,10.1002/advs.202204624,AgSbTe2,Ag0.2Cu0.89In0.09Te1.05,Ag0.2Cu0.89In0.09Te1.05,2,Yes,Cu,0.89,Ag,In (0.09) @ unclear,Cu (0.89) @ Ag site; In (0.09) @ unclear site,ZT,1.6,dimensionless,850,K,table,Table 1,
Advanced Science - 2022 - Tee - Thermoelectric Silver‐Based Chalcogenides.pdf,10.1002/advs.202204624,AgSbTe2,AgMnSbTe3,AgMnSbTe3,1,No,Mn,not specified,unclear,,Mn (not specified) @ unclear site,ZT,1.46,dimensionless,823,K,table,Table 1,
Advanced Science - 2022 - Tee - Thermoelectric Silver‐Based Chalcogenides.pdf,10.1002/advs.202204624,AgSbTe2,Ag0.025In0.025SnTe1.05,Ag0.025In0.025SnTe1.05,2,Yes,Ag,0.025,unclear,In (0.025) @ unclear,Ag (0.025) @ unclear site; In (0.025) @ unclear site,ZT,1.8,dimensionless,856,K,table,Table 1,
Advanced Science - 2022 - Tee - Thermoelectric Silver‐Based Chalcogenides.pdf,10.1002/advs.202204624,AgSbTe2,AgSnSbSe1.5Te1.5,AgSnSbSe1.5Te1.5,1,No,Sn,not specified,unclear,,Sn (not specified) @ unclear site,ZT,1.14,dimensionless,723,K,table,Table 1,
Angew Chem Int Ed - 2026 - Han - Lead‐Doping Enabled Band Engineering and Phonon Transport Modulation  Key to.pdf,10.1002/anie.2554196,AgSbTe2,AgSbTe2,AgSbTe2,0,No,,,,,,electrical conductivity,146,S cm-1,300,K,body text,Page 4,
Angew Chem Int Ed - 2026 - Han - Lead‐Doping Enabled Band Engineering and Phonon Transport Modulation  Key to.pdf,10.1002/anie.2554196,AgSbTe2,AgSbTe2,AgSbTe2,0,No,,,,,,electrical conductivity,111,S cm-1,623,K,body text,Page 5,
Angew Chem Int Ed - 2026 - Han - Lead‐Doping Enabled Band Engineering and Phonon Transport Modulation  Key to.pdf,10.1002/anie.2554196,AgSbTe2,AgSbTe2,AgSbTe2,0,No,,,,,,Seebeck coefficient,237,µV K-1,300,K,body text,Page 5,
Angew Chem Int Ed - 2026 - Han - Lead‐Doping Enabled Band Engineering and Phonon Transport Modulation  Key to.pdf,10.1002/anie.2554196,AgSbTe2,AgSbTe2,AgSbTe2,0,No,,,,,,Seebeck coefficient,337,µV K-1,427,K,body text,Page 5,
Angew Chem Int Ed - 2026 - Han - Lead‐Doping Enabled Band Engineering and Phonon Transport Modulation  Key to.pdf,10.1002/anie.2554196,AgSbTe2,AgSbTe2,AgSbTe2,0,No,,,,,,power factor,8.27,µW cm-1 K-2,300,K,body text,Page 5,
Angew Chem Int Ed - 2026 - Han - Lead‐Doping Enabled Band Engineering and Phonon Transport Modulation  Key to.pdf,10.1002/anie.2554196,AgSbTe2,AgSbTe2,AgSbTe2,0,No,,,,,,thermal conductivity,0.68,W m-1 K-1,300,K,body text,Page 5,
Angew Chem Int Ed - 2026 - Han - Lead‐Doping Enabled Band Engineering and Phonon Transport Modulation  Key to.pdf,10.1002/anie.2554196,AgSbTe2,AgSbTe2,AgSbTe2,0,No,,,,,,thermal conductivity,0.52,W m-1 K-1,480,K,body text,Page 5,
Angew Chem Int Ed - 2026 - Han - Lead‐Doping Enabled Band Engineering and Phonon Transport Modulation  Key to.pdf,10.1002/anie.2554196,AgSbTe2,AgSbTe2,AgSbTe2,0,No,,,,,,lattice thermal conductivity,0.45,W m-1 K-1,573,K,body text,Page 6,
Angew Chem Int Ed - 2026 - Han - Lead‐Doping Enabled Band Engineering and Phonon Transport Modulation  Key to.pdf,10.1002/anie.2554196,AgSbTe2,AgSbTe2,AgSbTe2,0,No,,,,,,ZT,0.4,dimensionless,300,K,body text,Page 8,
Angew Chem Int Ed - 2026 - Han - Lead‐Doping Enabled Band Engineering and Phonon Transport Modulation  Key to.pdf,10.1002/anie.2554196,AgSbTe2,AgSb0.96Pb0.04Te2,AgSb0.96Pb0.04Te2,1,No,Pb,0.04,Sb,,Pb (0.04) @ Sb site,ZT,2.0,dimensionless,623,K,body text,Page 1,
Angew Chem Int Ed - 2026 - Han - Lead‐Doping Enabled Band Engineering and Phonon Transport Modulation  Key to.pdf,10.1002/anie.2554196,AgSbTe2,AgSb0.96Pb0.04Te2,AgSb0.96Pb0.04Te2,1,No,Pb,0.04,Sb,,Pb (0.04) @ Sb site,electrical conductivity,276,S cm-1,623,K,body text,Page 1,
Angew Chem Int Ed - 2026 - Han - Lead‐Doping Enabled Band Engineering and Phonon Transport Modulation  Key to.pdf,10.1002/anie.2554196,AgSbTe2,AgSb0.96Pb0.04Te2,AgSb0.96Pb0.04Te2,1,No,Pb,0.04,Sb,,Pb (0.04) @ Sb site,Seebeck coefficient,260,µV K-1,623,K,body text,Page 1,
Angew Chem Int Ed - 2026 - Han - Lead‐Doping Enabled Band Engineering and Phonon Transport Modulation  Key to.pdf,10.1002/anie.2554196,AgSbTe2,AgSb0.96Pb0.04Te2,AgSb0.96Pb0.04Te2,1,No,Pb,0.04,Sb,,Pb (0.04) @ Sb site,power factor,18.14,µW cm-1 K-2,623,K,body text,Page 1,
Angew Chem Int Ed - 2026 - Han - Lead‐Doping Enabled Band Engineering and Phonon Transport Modulation  Key to.pdf,10.1002/anie.2554196,AgSbTe2,AgSb0.96Pb0.04Te2,AgSb0.96Pb0.04Te2,1,No,Pb,0.04,Sb,,Pb (0.04) @ Sb site,lattice thermal conductivity,0.27,W m-1 K-1,623,K,body text,Page 1,
Angew Chem Int Ed - 2026 - Han - Lead‐Doping Enabled Band Engineering and Phonon Transport Modulation  Key to.pdf,10.1002/anie.2554196,AgSbTe2,AgSb0.96Pb0.04Te2,AgSb0.96Pb0.04Te2,1,No,Pb,0.04,Sb,,Pb (0.04) @ Sb site,electrical conductivity,186,S cm-1,300,K,body text,Page 4,
Angew Chem Int Ed - 2026 - Han - Lead‐Doping Enabled Band Engineering and Phonon Transport Modulation  Key to.pdf,10.1002/anie.2554196,AgSbTe2,AgSb0.96Pb0.04Te2,AgSb0.96Pb0.04Te2,1,No,Pb,0.04,Sb,,Pb (0.04) @ Sb site,Seebeck coefficient,263,µV K-1,300,K,body text,Page 5,
Angew Chem Int Ed - 2026 - Han - Lead‐Doping Enabled Band Engineering and Phonon Transport Modulation  Key to.pdf,10.1002/anie.2554196,AgSbTe2,AgSb0.96Pb0.04Te2,AgSb0.96Pb0.04Te2,1,No,Pb,0.04,Sb,,Pb (0.04) @ Sb site,power factor,12.9,µW cm-1 K-2,300,K,body text,Page 5,
Angew Chem Int Ed - 2026 - Han - Lead‐Doping Enabled Band Engineering and Phonon Transport Modulation  Key to.pdf,10.1002/anie.2554196,AgSbTe2,AgSb0.96Pb0.04Te2,AgSb0.96Pb0.04Te2,1,No,Pb,0.04,Sb,,Pb (0.04) @ Sb site,lattice thermal conductivity,0.27,W m-1 K-1,573,K,body text,Page 6,
Angew Chem Int Ed - 2026 - Han - Lead‐Doping Enabled Band Engineering and Phonon Transport Modulation  Key to.pdf,10.1002/anie.2554196,AgSbTe2,AgSb0.96Pb0.04Te2,AgSb0.96Pb0.04Te2,1,No,Pb,0.04,Sb,,Pb (0.04) @ Sb site,ZT,0.7,dimensionless,300,K,body text,Page 8,
Angew Chem Int Ed - 2026 - Han - Lead‐Doping Enabled Band Engineering and Phonon Transport Modulation  Key to.pdf,10.1002/anie.2554196,AgSbTe2,AgSbTe2 (x=0),AgSbTe2,0,No,,,,,,electrical conductivity,146,S cm-1,300,K,body text,,
Angew Chem Int Ed - 2026 - Han - Lead‐Doping Enabled Band Engineering and Phonon Transport Modulation  Key to.pdf,10.1002/anie.2554196,AgSbTe2,AgSbTe2 (x=0),AgSbTe2,0,No,,,,,,Seebeck coefficient,237,uV K-1,300,K,body text,,
Angew Chem Int Ed - 2026 - Han - Lead‐Doping Enabled Band Engineering and Phonon Transport Modulation  Key to.pdf,10.1002/anie.2554196,AgSbTe2,AgSbTe2 (x=0),AgSbTe2,0,No,,,,,,Seebeck coefficient,337,uV K-1,427,K,body text,,
Angew Chem Int Ed - 2026 - Han - Lead‐Doping Enabled Band Engineering and Phonon Transport Modulation  Key to.pdf,10.1002/anie.2554196,AgSbTe2,Ag0.96Pb0.04Te2,Ag0.96Pb0.04Te2,1,No,Pb,0.04,Sb,,Pb (0.04) @ Sb site,electrical conductivity,186,S cm-1,300,K,body text,,
Angew Chem Int Ed - 2026 - Han - Lead‐Doping Enabled Band Engineering and Phonon Transport Modulation  Key to.pdf,10.1002/anie.2554196,AgSbTe2,Ag0.96Pb0.04Te2,Ag0.96Pb0.04Te2,1,No,Pb,0.04,Sb,,Pb (0.04) @ Sb site,electrical conductivity,276,S cm-1,623,K,body text,,
Angew Chem Int Ed - 2026 - Han - Lead‐Doping Enabled Band Engineering and Phonon Transport Modulation  Key to.pdf,10.1002/anie.2554196,AgSbTe2,Ag0.96Pb0.04Te2,Ag0.96Pb0.04Te2,1,No,Pb,0.04,Sb,,Pb (0.04) @ Sb site,power factor,18.14,uW cm-1 K-2,623,K,body text,,
Angew Chem Int Ed - 2026 - Han - Lead‐Doping Enabled Band Engineering and Phonon Transport Modulation  Key to.pdf,10.1002/anie.2554196,AgSbTe2,Ag0.96Pb0.04Te2,Ag0.96Pb0.04Te2,1,No,Pb,0.04,Sb,,Pb (0.04) @ Sb site,Seebeck coefficient,260,uV K-1,623,K,body text,,
Angew Chem Int Ed - 2026 - Han - Lead‐Doping Enabled Band Engineering and Phonon Transport Modulation  Key to.pdf,10.1002/anie.2554196,AgSbTe2,Ag0.96Pb0.04Te2,Ag0.96Pb0.04Te2,1,No,Pb,0.04,Sb,,Pb (0.04) @ Sb site,thermal conductivity,0.27,W m-1 K-1,623,K,body text,,
Angew Chem Int Ed - 2026 - Han - Lead‐Doping Enabled Band Engineering and Phonon Transport Modulation  Key to.pdf,10.1002/anie.2554196,AgSbTe2,AgSbTe2,AgSbTe2,0,No,,,,,,ZT,0.2,dimensionless,300,K,figure,Figure 6a,Visually estimated from Figure 6a
Angew Chem Int Ed - 2026 - Han - Lead‐Doping Enabled Band Engineering and Phonon Transport Modulation  Key to.pdf,10.1002/anie.2554196,AgSbTe2,AgSbTe2,AgSbTe2,0,No,,,,,,ZT,0.8,dimensionless,623,K,figure,Figure 6a,Visually estimated from Figure 6a
Angew Chem Int Ed - 2026 - Han - Lead‐Doping Enabled Band Engineering and Phonon Transport Modulation  Key to.pdf,10.1002/anie.2554196,AgSbTe2,AgSb0.98Pb0.02Te2,AgSb0.98Pb0.02Te2,1,No,Pb,0.02,Sb,,Pb (0.02) @ Sb site,ZT,0.3,dimensionless,300,K,figure,Figure 6a,Visually estimated from Figure 6a
Angew Chem Int Ed - 2026 - Han - Lead‐Doping Enabled Band Engineering and Phonon Transport Modulation  Key to.pdf,10.1002/anie.2554196,AgSbTe2,AgSb0.98Pb0.02Te2,AgSb0.98Pb0.02Te2,1,No,Pb,0.02,Sb,,Pb (0.02) @ Sb site,ZT,1.4,dimensionless,623,K,figure,Figure 6a,Visually estimated from Figure 6a
Angew Chem Int Ed - 2026 - Han - Lead‐Doping Enabled Band Engineering and Phonon Transport Modulation  Key to.pdf,10.1002/anie.2554196,AgSbTe2,AgSb0.96Pb0.04Te2,AgSb0.96Pb0.04Te2,1,No,Pb,0.04,Sb,,Pb (0.04) @ Sb site,ZT,0.7,dimensionless,300,K,figure,Figure 6a,Visually estimated from Figure 6a
Angew Chem Int Ed - 2026 - Han - Lead‐Doping Enabled Band Engineering and Phonon Transport Modulation  Key to.pdf,10.1002/anie.2554196,AgSbTe2,AgSb0.96Pb0.04Te2,AgSb0.96Pb0.04Te2,1,No,Pb,0.04,Sb,,Pb (0.04) @ Sb site,ZT,2.0,dimensionless,623,K,figure,Figure 6a,Visually estimated from Figure 6a
Angew Chem Int Ed - 2026 - Han - Lead‐Doping Enabled Band Engineering and Phonon Transport Modulation  Key to.pdf,10.1002/anie.2554196,AgSbTe2,AgSb0.94Pb0.06Te2,AgSb0.94Pb0.06Te2,1,No,Pb,0.06,Sb,,Pb (0.06) @ Sb site,ZT,0.5,dimensionless,300,K,figure,Figure 6a,Visually estimated from Figure 6a
Angew Chem Int Ed - 2026 - Han - Lead‐Doping Enabled Band Engineering and Phonon Transport Modulation  Key to.pdf,10.1002/anie.2554196,AgSbTe2,AgSb0.94Pb0.06Te2,AgSb0.94Pb0.06Te2,1,No,Pb,0.06,Sb,,Pb (0.06) @ Sb site,ZT,1.7,dimensionless,623,K,figure,Figure 6a,Visually estimated from Figure 6a
Annalen der Physik - 2020 - Liu - Evaluation of Thermoelectric Properties of Ag0 366Sb0 558Te.pdf,10.1002/andp.201900561,Ag0.366SbTe2,Ag0.366(Sb1-xSnx)0.558Te (x=0),Ag0.366Sb0.558Te,1,No,none,0,unclear,,none (0) @ unclear site,ZT,1.3,dimensionless,,,text,body text,Peak zT value for Sn-doped samples
Annalen der Physik - 2020 - Liu - Evaluation of Thermoelectric Properties of Ag0 366Sb0 558Te.pdf,10.1002/andp.201900561,Ag0.366SbTe2,Ag0.366(Sb1-xSnx)0.558Te (x=0),Ag0.366Sb0.558Te,1,No,none,0,unclear,,none (0) @ unclear site,lattice thermal conductivity,0.4,W m-1 K-1,300,K,text,body text,
Annalen der Physik - 2020 - Liu - Evaluation of Thermoelectric Properties of Ag0 366Sb0 558Te.pdf,10.1002/andp.201900561,Ag0.366SbTe2,Ag0.366(Sb1-xSnx)0.558Te (x=0),Ag0.366Sb0.558Te,1,No,none,0,unclear,,none (0) @ unclear site,lattice thermal conductivity,0.3,W m-1 K-1,700,K,text,body text,
Annalen der Physik - 2020 - Liu - Evaluation of Thermoelectric Properties of Ag0 366Sb0 558Te.pdf,10.1002/andp.201900561,Ag0.366SbTe2,Ag0.366(Sb1-xSnx)0.558Te (x=0.1),Ag0.366(Sb0.9Sn0.1)0.558Te,1,No,Sn,10%,Sb,,Sn (10%) @ Sb site,,,,,,,,
Annalen der Physik - 2020 - Liu - Evaluation of Thermoelectric Properties of Ag0 366Sb0 558Te.pdf,10.1002/andp.201900561,Ag0.366SbTe2,Ag0.366(Sb1-xSnx)0.558Te,Ag0.366(Sb1-xSnx)0.558Te,1,No,Sn,x=0 to 0.16,Sb,,Sn (x=0 to 0.16) @ Sb site,Seebeck coefficient,250,uV/K,300,K,figure,Fig. 5a,Visually estimated for x=0 at 300K
Annalen der Physik - 2020 - Liu - Evaluation of Thermoelectric Properties of Ag0 366Sb0 558Te.pdf,10.1002/andp.201900561,Ag0.366SbTe2,Ag0.366(Sb1-xSnx)0.558Te,Ag0.366(Sb1-xSnx)0.558Te,1,No,Sn,x=0 to 0.16,Sb,,Sn (x=0 to 0.16) @ Sb site,Seebeck coefficient,150,uV/K,700,K,figure,Fig. 5a,Visually estimated for x=0 at 700K
Annalen der Physik - 2020 - Liu - Evaluation of Thermoelectric Properties of Ag0 366Sb0 558Te.pdf,10.1002/andp.201900561,Ag0.366SbTe2,Ag0.366(Sb1-xSnx)0.558Te,Ag0.366(Sb1-xSnx)0.558Te,1,No,Sn,x=0 to 0.16,Sb,,Sn (x=0 to 0.16) @ Sb site,electrical conductivity,10,mOhm*cm,300,K,figure,Fig. 5b,Visually estimated for x=0 at 300K (resistivity plotted)
Annalen der Physik - 2020 - Liu - Evaluation of Thermoelectric Properties of Ag0 366Sb0 558Te.pdf,10.1002/andp.201900561,Ag0.366SbTe2,Ag0.366(Sb1-xSnx)0.558Te,Ag0.366(Sb1-xSnx)0.558Te,1,No,Sn,x=0 to 0.16,Sb,,Sn (x=0 to 0.16) @ Sb site,electrical conductivity,18,mOhm*cm,500,K,figure,Fig. 5b,Visually estimated for x=0 at 500K (resistivity plotted)
Annalen der Physik - 2020 - Liu - Evaluation of Thermoelectric Properties of Ag0 366Sb0 558Te.pdf,10.1002/andp.201900561,Ag0.366SbTe2,Ag0.366(Sb1-xSnx)0.558Te,Ag0.366(Sb1-xSnx)0.558Te,1,No,Sn,x=0 to 0.16,Sb,,Sn (x=0 to 0.16) @ Sb site,thermal conductivity,0.9,W/m-K,300,K,figure,Fig. 6a,Visually estimated for x=0 at 300K
Annalen der Physik - 2020 - Liu - Evaluation of Thermoelectric Properties of Ag0 366Sb0 558Te.pdf,10.1002/andp.201900561,Ag0.366SbTe2,Ag0.366(Sb1-xSnx)0.558Te,Ag0.366(Sb1-xSnx)0.558Te,1,No,Sn,x=0 to 0.16,Sb,,Sn (x=0 to 0.16) @ Sb site,thermal conductivity,0.7,W/m-K,700,K,figure,Fig. 6a,Visually estimated for x=0 at 700K
Annalen der Physik - 2020 - Liu - Evaluation of Thermoelectric Properties of Ag0 366Sb0 558Te.pdf,10.1002/andp.201900561,Ag0.366SbTe2,Ag0.366(Sb1-xSnx)0.558Te,Ag0.366(Sb1-xSnx)0.558Te,1,No,Sn,x=0 to 0.16,Sb,,Sn (x=0 to 0.16) @ Sb site,lattice thermal conductivity,0.5,W/m-K,300,K,figure,Fig. 6a,Visually estimated for x=0 at 300K
Annalen der Physik - 2020 - Liu - Evaluation of Thermoelectric Properties of Ag0 366Sb0 558Te.pdf,10.1002/andp.201900561,Ag0.366SbTe2,Ag0.366(Sb1-xSnx)0.558Te,Ag0.366(Sb1-xSnx)0.558Te,1,No,Sn,x=0 to 0.16,Sb,,Sn (x=0 to 0.16) @ Sb site,lattice thermal conductivity,0.4,W/m-K,700,K,figure,Fig. 6a,Visually estimated for x=0 at 700K
Annalen der Physik - 2020 - Liu - Evaluation of Thermoelectric Properties of Ag0 366Sb0 558Te.pdf,10.1002/andp.201900561,Ag0.366SbTe2,"Ag0.366(Sb1-xSnx)0.558Te, x=0",Ag0.366Sb0.558Te,1,No,Sn,x=0,Sb,,Sn (x=0) @ Sb site,ZT,0.4,dimensionless,300,K,figure,Fig. 7a,Visually estimated from Fig. 7a
Annalen der Physik - 2020 - Liu - Evaluation of Thermoelectric Properties of Ag0 366Sb0 558Te.pdf,10.1002/andp.201900561,Ag0.366SbTe2,"Ag0.366(Sb1-xSnx)0.558Te, x=0",Ag0.366Sb0.558Te,1,No,Sn,x=0,Sb,,Sn (x=0) @ Sb site,ZT,0.45,dimensionless,700,K,figure,Fig. 7a,Visually estimated from Fig. 7a
Annalen der Physik - 2020 - Liu - Evaluation of Thermoelectric Properties of Ag0 366Sb0 558Te.pdf,10.1002/andp.201900561,Ag0.366SbTe2,"Ag0.366(Sb1-xSnx)0.558Te, x=0.09",Ag0.366(Sb0.91Sn0.09)0.558Te,1,No,Sn,x=0.09,Sb,,Sn (x=0.09) @ Sb site,ZT,0.25,dimensionless,300,K,figure,Fig. 7a,Visually estimated from Fig. 7a
Annalen der Physik - 2020 - Liu - Evaluation of Thermoelectric Properties of Ag0 366Sb0 558Te.pdf,10.1002/andp.201900561,Ag0.366SbTe2,"Ag0.366(Sb1-xSnx)0.558Te, x=0.09",Ag0.366(Sb0.91Sn0.09)0.558Te,1,No,Sn,x=0.09,Sb,,Sn (x=0.09) @ Sb site,ZT,1.25,dimensionless,650,K,figure,Fig. 7a,Visually estimated from Fig. 7a
Band convergence and nanostructure modulations lead to high thermoelectric performance in SnPb0.04Te-y_ AgSbTe2.pdf,10.1016/j.mtphys.2021.100505,SnPb0.04Te-y%AgSbTe2,SnPb0.04Te-12%AgSbTe2,SnPb0.04Te-12%AgSbTe2,2,Yes,Ag,12%,Sn,Sb (12%) @ Sn,Ag (12%) @ Sn site; Sb (12%) @ Sn site,ZT,1.1,dimensionless,823,K,body text,"Page 1, Abstract",
Band convergence and nanostructure modulations lead to high thermoelectric performance in SnPb0.04Te-y_ AgSbTe2.pdf,10.1016/j.mtphys.2021.100505,SnPb0.04Te-y%AgSbTe2,SnPb0.04Te-12%AgSbTe2,SnPb0.04Te-12%AgSbTe2,2,Yes,Ag,12%,Sn,Sb (12%) @ Sn,Ag (12%) @ Sn site; Sb (12%) @ Sn site,lattice thermal conductivity,0.47,W m-1 K-1,823,K,body text,"Page 6, Conclusion",
Band convergence and nanostructure modulations lead to high thermoelectric performance in SnPb0.04Te-y_ AgSbTe2.pdf,10.1016/j.mtphys.2021.100505,SnPb0.04Te-y%AgSbTe2,SnPb0.04Te-12%AgSbTe2,SnPb0.04Te-12%AgSbTe2,2,Yes,Ag,12%,Sn,Sb (12%) @ Sn,Ag (12%) @ Sn site; Sb (12%) @ Sn site,power factor,25.5,mW cm-1 K-2,823,K,body text,"Page 2, Section 2",
Band convergence and nanostructure modulations lead to high thermoelectric performance in SnPb0.04Te-y_ AgSbTe2.pdf,10.1016/j.mtphys.2021.100505,SnPb0.04Te-y%AgSbTe2,SnPb0.04Te-25%AgSbTe2,SnPb0.04Te-25%AgSbTe2,2,Yes,Ag,25%,Sn,Sb (25%) @ Sn,Ag (25%) @ Sn site; Sb (25%) @ Sn site,electrical conductivity,1736,S cm-1,300,K,body text,"Page 2, Section 2",
Band convergence and nanostructure modulations lead to high thermoelectric performance in SnPb0.04Te-y_ AgSbTe2.pdf,10.1016/j.mtphys.2021.100505,SnPb0.04Te-y%AgSbTe2,SnPb0.04Te-25%AgSbTe2,SnPb0.04Te-25%AgSbTe2,2,Yes,Ag,25%,Sn,Sb (25%) @ Sn,Ag (25%) @ Sn site; Sb (25%) @ Sn site,Seebeck coefficient,70.9,mV K-1,300,K,body text,"Page 2, Section 2",
Band convergence and nanostructure modulations lead to high thermoelectric performance in SnPb0.04Te-y_ AgSbTe2.pdf,10.1016/j.mtphys.2021.100505,SnPb0.04Te-y%AgSbTe2,SnPb0.04Te-25%AgSbTe2,SnPb0.04Te-25%AgSbTe2,2,Yes,Ag,25%,Sn,Sb (25%) @ Sn,Ag (25%) @ Sn site; Sb (25%) @ Sn site,thermal conductivity,2.04,W m-1 K-1,300,K,body text,"Page 3, Section 2",
Band convergence and nanostructure modulations lead to high thermoelectric performance in SnPb0.04Te-y_ AgSbTe2.pdf,10.1016/j.mtphys.2021.100505,SnPb0.04Te-y%AgSbTe2,SnPb0.04Te-y%AgSbTe2 (y=0 to 25),SnPb0.04Te-y%AgSbTe2,2,Yes,Ag,y%,unclear,Sb (y%) @ unclear,Ag (y%) @ unclear site; Sb (y%) @ unclear site,electrical conductivity,7180,S cm-1,300,K,body text,page 2,Value for y=0 sample at 300 K
Band convergence and nanostructure modulations lead to high thermoelectric performance in SnPb0.04Te-y_ AgSbTe2.pdf,10.1016/j.mtphys.2021.100505,SnPb0.04Te-y%AgSbTe2,SnPb0.04Te-y%AgSbTe2 (y=0 to 25),SnPb0.04Te-y%AgSbTe2,2,Yes,Ag,y%,unclear,Sb (y%) @ unclear,Ag (y%) @ unclear site; Sb (y%) @ unclear site,electrical conductivity,1736,S cm-1,300,K,body text,page 2,Value for y=25 sample at 300 K
Band convergence and nanostructure modulations lead to high thermoelectric performance in SnPb0.04Te-y_ AgSbTe2.pdf,10.1016/j.mtphys.2021.100505,SnPb0.04Te-y%AgSbTe2,SnPb0.04Te-y%AgSbTe2 (y=0 to 25),SnPb0.04Te-y%AgSbTe2,2,Yes,Ag,y%,unclear,Sb (y%) @ unclear,Ag (y%) @ unclear site; Sb (y%) @ unclear site,Seebeck coefficient,-24.4,uV K-1,300,K,body text,page 2,Value for y=0 sample at 300 K
Band convergence and nanostructure modulations lead to high thermoelectric performance in SnPb0.04Te-y_ AgSbTe2.pdf,10.1016/j.mtphys.2021.100505,SnPb0.04Te-y%AgSbTe2,SnPb0.04Te-y%AgSbTe2 (y=0 to 25),SnPb0.04Te-y%AgSbTe2,2,Yes,Ag,y%,unclear,Sb (y%) @ unclear,Ag (y%) @ unclear site; Sb (y%) @ unclear site,Seebeck coefficient,-70.9,uV K-1,300,K,body text,page 2,Value for y=25 sample at 300 K
Band convergence and nanostructure modulations lead to high thermoelectric performance in SnPb0.04Te-y_ AgSbTe2.pdf,10.1016/j.mtphys.2021.100505,SnPb0.04Te-y%AgSbTe2,SnPb0.04Te-y%AgSbTe2 (y=0 to 25),SnPb0.04Te-y%AgSbTe2,2,Yes,Ag,y%,unclear,Sb (y%) @ unclear,Ag (y%) @ unclear site; Sb (y%) @ unclear site,power factor,10.5,uW cm-1 K-2,300,K,body text,page 2,Value for y=12 sample at 300 K
Band convergence and nanostructure modulations lead to high thermoelectric performance in SnPb0.04Te-y_ AgSbTe2.pdf,10.1016/j.mtphys.2021.100505,SnPb0.04Te-y%AgSbTe2,SnPb0.04Te-y%AgSbTe2 (y=0 to 25),SnPb0.04Te-y%AgSbTe2,2,Yes,Ag,y%,unclear,Sb (y%) @ unclear,Ag (y%) @ unclear site; Sb (y%) @ unclear site,power factor,25.5,uW cm-1 K-2,823,K,body text,page 2,Value for y=12 sample at 823 K
Band convergence and nanostructure modulations lead to high thermoelectric performance in SnPb0.04Te-y_ AgSbTe2.pdf,10.1016/j.mtphys.2021.100505,SnPb0.04Te-y%AgSbTe2,SnPb0.04Te-y%AgSbTe2 (y=0 to 25),SnPb0.04Te-y%AgSbTe2,2,Yes,Ag,y%,unclear,Sb (y%) @ unclear,Ag (y%) @ unclear site; Sb (y%) @ unclear site,thermal conductivity,6.57,W m-1 K-1,300,K,body text,page 3,Value for y=0 sample at 300 K
Band convergence and nanostructure modulations lead to high thermoelectric performance in SnPb0.04Te-y_ AgSbTe2.pdf,10.1016/j.mtphys.2021.100505,SnPb0.04Te-y%AgSbTe2,SnPb0.04Te-y%AgSbTe2 (y=0 to 25),SnPb0.04Te-y%AgSbTe2,2,Yes,Ag,y%,unclear,Sb (y%) @ unclear,Ag (y%) @ unclear site; Sb (y%) @ unclear site,thermal conductivity,1.84,W m-1 K-1,823,K,body text,page 3,Value for y=12 sample at 823 K
Band convergence and nanostructure modulations lead to high thermoelectric performance in SnPb0.04Te-y_ AgSbTe2.pdf,10.1016/j.mtphys.2021.100505,SnPb0.04Te-y%AgSbTe2,SnPb0.04Te-y%AgSbTe2 (y=0 to 25),SnPb0.04Te-y%AgSbTe2,2,Yes,Ag,y%,unclear,Sb (y%) @ unclear,Ag (y%) @ unclear site; Sb (y%) @ unclear site,lattice thermal conductivity,0.47,W m-1 K-1,823,K,body text,page 4,Value for y=12 sample at 823 K
Band convergence and nanostructure modulations lead to high thermoelectric performance in SnPb0.04Te-y_ AgSbTe2.pdf,10.1016/j.mtphys.2021.100505,SnPb0.04Te-y%AgSbTe2,SnPb0.04Te-0%AgSbTe2,SnPb0.04Te,0,No,,,,,,ZT,0.2,dimensionless,,,figure,,Visually estimated from Fig. 7a at 300 K
Band convergence and nanostructure modulations lead to high thermoelectric performance in SnPb0.04Te-y_ AgSbTe2.pdf,10.1016/j.mtphys.2021.100505,SnPb0.04Te-y%AgSbTe2,SnPb0.04Te-0%AgSbTe2,SnPb0.04Te,0,No,,,,,,ZT,0.4,dimensionless,,,figure,,Visually estimated from Fig. 7a at 823 K
Band convergence and nanostructure modulations lead to high thermoelectric performance in SnPb0.04Te-y_ AgSbTe2.pdf,10.1016/j.mtphys.2021.100505,SnPb0.04Te-y%AgSbTe2,SnPb0.04Te-3%AgSbTe2,SnPb0.04Te-3%AgSbTe2,0,No,,,,,,ZT,0.25,dimensionless,,,figure,,Visually estimated from Fig. 7a at 300 K
Band convergence and nanostructure modulations lead to high thermoelectric performance in SnPb0.04Te-y_ AgSbTe2.pdf,10.1016/j.mtphys.2021.100505,SnPb0.04Te-y%AgSbTe2,SnPb0.04Te-3%AgSbTe2,SnPb0.04Te-3%AgSbTe2,0,No,,,,,,ZT,0.6,dimensionless,,,figure,,Visually estimated from Fig. 7a at 823 K
Band convergence and nanostructure modulations lead to high thermoelectric performance in SnPb0.04Te-y_ AgSbTe2.pdf,10.1016/j.mtphys.2021.100505,SnPb0.04Te-y%AgSbTe2,SnPb0.04Te-6%AgSbTe2,SnPb0.04Te-6%AgSbTe2,0,No,,,,,,ZT,0.3,dimensionless,,,figure,,Visually estimated from Fig. 7a at 300 K
Band convergence and nanostructure modulations lead to high thermoelectric performance in SnPb0.04Te-y_ AgSbTe2.pdf,10.1016/j.mtphys.2021.100505,SnPb0.04Te-y%AgSbTe2,SnPb0.04Te-6%AgSbTe2,SnPb0.04Te-6%AgSbTe2,0,No,,,,,,ZT,0.75,dimensionless,,,figure,,Visually estimated from Fig. 7a at 823 K
Band convergence and nanostructure modulations lead to high thermoelectric performance in SnPb0.04Te-y_ AgSbTe2.pdf,10.1016/j.mtphys.2021.100505,SnPb0.04Te-y%AgSbTe2,SnPb0.04Te-9%AgSbTe2,SnPb0.04Te-9%AgSbTe2,0,No,,,,,,ZT,0.35,dimensionless,,,figure,,Visually estimated from Fig. 7a at 300 K
Band convergence and nanostructure modulations lead to high thermoelectric performance in SnPb0.04Te-y_ AgSbTe2.pdf,10.1016/j.mtphys.2021.100505,SnPb0.04Te-y%AgSbTe2,SnPb0.04Te-9%AgSbTe2,SnPb0.04Te-9%AgSbTe2,0,No,,,,,,ZT,0.9,dimensionless,,,figure,,Visually estimated from Fig. 7a at 823 K
Band convergence and nanostructure modulations lead to high thermoelectric performance in SnPb0.04Te-y_ AgSbTe2.pdf,10.1016/j.mtphys.2021.100505,SnPb0.04Te-y%AgSbTe2,SnPb0.04Te-12%AgSbTe2,SnPb0.04Te-12%AgSbTe2,0,No,,,,,,ZT,0.4,dimensionless,,,figure,,Visually estimated from Fig. 7a at 300 K
Band convergence and nanostructure modulations lead to high thermoelectric performance in SnPb0.04Te-y_ AgSbTe2.pdf,10.1016/j.mtphys.2021.100505,SnPb0.04Te-y%AgSbTe2,SnPb0.04Te-12%AgSbTe2,SnPb0.04Te-12%AgSbTe2,0,No,,,,,,ZT,1.1,dimensionless,,,figure,,Visually estimated from Fig. 7a at 823 K
Band convergence and nanostructure modulations lead to high thermoelectric performance in SnPb0.04Te-y_ AgSbTe2.pdf,10.1016/j.mtphys.2021.100505,SnPb0.04Te-y%AgSbTe2,SnPb0.04Te-15%AgSbTe2,SnPb0.04Te-15%AgSbTe2,0,No,,,,,,ZT,0.35,dimensionless,,,figure,,Visually estimated from Fig. 7a at 300 K
Band convergence and nanostructure modulations lead to high thermoelectric performance in SnPb0.04Te-y_ AgSbTe2.pdf,10.1016/j.mtphys.2021.100505,SnPb0.04Te-y%AgSbTe2,SnPb0.04Te-15%AgSbTe2,SnPb0.04Te-15%AgSbTe2,0,No,,,,,,ZT,0.95,dimensionless,,,figure,,Visually estimated from Fig. 7a at 823 K
Band convergence and nanostructure modulations lead to high thermoelectric performance in SnPb0.04Te-y_ AgSbTe2.pdf,10.1016/j.mtphys.2021.100505,SnPb0.04Te-y%AgSbTe2,SnPb0.04Te-18%AgSbTe2,SnPb0.04Te-18%AgSbTe2,0,No,,,,,,ZT,0.3,dimensionless,,,figure,,Visually estimated from Fig. 7a at 300 K
Band convergence and nanostructure modulations lead to high thermoelectric performance in SnPb0.04Te-y_ AgSbTe2.pdf,10.1016/j.mtphys.2021.100505,SnPb0.04Te-y%AgSbTe2,SnPb0.04Te-18%AgSbTe2,SnPb0.04Te-18%AgSbTe2,0,No,,,,,,ZT,0.85,dimensionless,,,figure,,Visually estimated from Fig. 7a at 823 K
Band convergence and nanostructure modulations lead to high thermoelectric performance in SnPb0.04Te-y_ AgSbTe2.pdf,10.1016/j.mtphys.2021.100505,SnPb0.04Te-y%AgSbTe2,SnPb0.04Te-21%AgSbTe2,SnPb0.04Te-21%AgSbTe2,0,No,,,,,,ZT,0.25,dimensionless,,,figure,,Visually estimated from Fig. 7a at 300 K
Band convergence and nanostructure modulations lead to high thermoelectric performance in SnPb0.04Te-y_ AgSbTe2.pdf,10.1016/j.mtphys.2021.100505,SnPb0.04Te-y%AgSbTe2,SnPb0.04Te-21%AgSbTe2,SnPb0.04Te-21%AgSbTe2,0,No,,,,,,ZT,0.8,dimensionless,,,figure,,Visually estimated from Fig. 7a at 823 K
Band convergence and nanostructure modulations lead to high thermoelectric performance in SnPb0.04Te-y_ AgSbTe2.pdf,10.1016/j.mtphys.2021.100505,SnPb0.04Te-y%AgSbTe2,SnPb0.04Te-25%AgSbTe2,SnPb0.04Te-25%AgSbTe2,0,No,,,,,,ZT,0.2,dimensionless,,,figure,,Visually estimated from Fig. 7a at 300 K
Band convergence and nanostructure modulations lead to high thermoelectric performance in SnPb0.04Te-y_ AgSbTe2.pdf,10.1016/j.mtphys.2021.100505,SnPb0.04Te-y%AgSbTe2,SnPb0.04Te-25%AgSbTe2,SnPb0.04Te-25%AgSbTe2,0,No,,,,,,ZT,0.7,dimensionless,,,figure,,Visually estimated from Fig. 7a at 823 K
Band convergence strategy to improve thermoelectric performance in Ti-Doped AgSbTe2.pdf,10.1088/1402-4896/ad3c74,AgSbTe2,Ag1.05SbTe2,Ag1.05SbTe2,0,No,,,,,,Seebeck coefficient,245,μV/K,473,K,body text,,
Band convergence strategy to improve thermoelectric performance in Ti-Doped AgSbTe2.pdf,10.1088/1402-4896/ad3c74,AgSbTe2,Ag1.05SbTe2,Ag1.05SbTe2,0,No,,,,,,Seebeck coefficient,246,μV/K,473,K,body text,,
Band convergence strategy to improve thermoelectric performance in Ti-Doped AgSbTe2.pdf,10.1088/1402-4896/ad3c74,AgSbTe2,Ag1.05Sb0.99Ti0.01Te2,Ag1.05Sb0.99Ti0.01Te2,1,No,Ti,0.01,Sb,,Ti (0.01) @ Sb site,ZT,1.28,dimensionless,523,K,body text,,
Band convergence strategy to improve thermoelectric performance in Ti-Doped AgSbTe2.pdf,10.1088/1402-4896/ad3c74,AgSbTe2,Ag1.05Sb0.99Ti0.01Te2,Ag1.05Sb0.99Ti0.01Te2,1,No,Ti,0.01,Sb,,Ti (0.01) @ Sb site,ZT,0.97,dimensionless,323-548,K,body text,,average ZT value
Band convergence strategy to improve thermoelectric performance in Ti-Doped AgSbTe2.pdf,10.1088/1402-4896/ad3c74,AgSbTe2,Ag1.05Sb0.99Ti0.01Te2,Ag1.05Sb0.99Ti0.01Te2,1,No,Ti,0.01,Sb,,Ti (0.01) @ Sb site,thermal conductivity,0.48,W/mK,498,K,body text,,
Band convergence strategy to improve thermoelectric performance in Ti-Doped AgSbTe2.pdf,10.1088/1402-4896/ad3c74,AgSbTe2,Ag1.05Sb0.98Ti0.02Te2,Ag1.05Sb0.98Ti0.02Te2,1,No,Ti,0.02,Sb,,Ti (0.02) @ Sb site,Seebeck coefficient,270,μV/K,473,K,body text,,
Band convergence strategy to improve thermoelectric performance in Ti-Doped AgSbTe2.pdf,10.1088/1402-4896/ad3c74,AgSbTe2,Ag1.05SbTe2,Ag1.05SbTe2,0,No,,,,,,ZT,1.05,dimensionless,523,K,figure,Fig. 6,Visually estimated from Fig. 6
Band convergence strategy to improve thermoelectric performance in Ti-Doped AgSbTe2.pdf,10.1088/1402-4896/ad3c74,AgSbTe2,Ag1.05Sb0.995Ti0.005Te2,Ag1.05Sb0.995Ti0.005Te2,1,No,Ti,x=0.005,Sb,,Ti (x=0.005) @ Sb site,,,,,,,,
Band convergence strategy to improve thermoelectric performance in Ti-Doped AgSbTe2.pdf,10.1088/1402-4896/ad3c74,AgSbTe2,Ag1.05Sb0.99Ti0.01Te2,Ag1.05Sb0.99Ti0.01Te2,1,No,Ti,x=0.01,Sb,,Ti (x=0.01) @ Sb site,ZT,1.28,dimensionless,523,K,text,body text,Explicitly stated in text
Band convergence strategy to improve thermoelectric performance in Ti-Doped AgSbTe2.pdf,10.1088/1402-4896/ad3c74,AgSbTe2,Ag1.05Sb0.98Ti0.02Te2,Ag1.05Sb0.98Ti0.02Te2,1,No,Ti,x=0.02,Sb,,Ti (x=0.02) @ Sb site,,,,,,,,
Band convergence strategy to improve thermoelectric performance in Ti-Doped AgSbTe2.pdf,10.1088/1402-4896/ad3c74,AgSbTe2,Ag1.05Sb0.97Ti0.03Te2,Ag1.05Sb0.97Ti0.03Te2,1,No,Ti,x=0.03,Sb,,Ti (x=0.03) @ Sb site,,,,,,,,
"Carrier optimization and reduced thermal conductivity leading to enhanced thermoelectric performance in (Mg, S) co-doped AgSbTe2.pdf",10.1016/j.mtphys.2024.101358,AgSbTe2,AgSb0.97Mg0.03Te2,AgSb0.97Mg0.03Te2,1,No,Mg,3 atomic %,Sb,,Mg (3 atomic %) @ Sb site,electrical conductivity,335.7,S cm-1,300,K,body text,,
"Carrier optimization and reduced thermal conductivity leading to enhanced thermoelectric performance in (Mg, S) co-doped AgSbTe2.pdf",10.1016/j.mtphys.2024.101358,AgSbTe2,AgSb0.97Mg0.03Te2,AgSb0.97Mg0.03Te2,1,No,Mg,3 atomic %,Sb,,Mg (3 atomic %) @ Sb site,Seebeck coefficient,212.02,μV/K,300,K,body text,,
"Carrier optimization and reduced thermal conductivity leading to enhanced thermoelectric performance in (Mg, S) co-doped AgSbTe2.pdf",10.1016/j.mtphys.2024.101358,AgSbTe2,AgSb0.97Mg0.03Te2,AgSb0.97Mg0.03Te2,1,No,Mg,3 atomic %,Sb,,Mg (3 atomic %) @ Sb site,lattice thermal conductivity,0.37,Wm-1 K-1,600,K,body text,,
"Carrier optimization and reduced thermal conductivity leading to enhanced thermoelectric performance in (Mg, S) co-doped AgSbTe2.pdf",10.1016/j.mtphys.2024.101358,AgSbTe2,AgSb0.97Mg0.03Te1.90S0.10,AgSb0.97Mg0.03Te1.90S0.10,2,Yes,Mg,3 atomic %,Sb,S (y = 0.10) @ Te,Mg (3 atomic %) @ Sb site; S (y = 0.10) @ Te site,Seebeck coefficient,207.60,μV/K,300,K,body text,,
"Carrier optimization and reduced thermal conductivity leading to enhanced thermoelectric performance in (Mg, S) co-doped AgSbTe2.pdf",10.1016/j.mtphys.2024.101358,AgSbTe2,AgSb0.97Mg0.03Te1.90S0.10,AgSb0.97Mg0.03Te1.90S0.10,2,Yes,Mg,3 atomic %,Sb,S (y = 0.10) @ Te,Mg (3 atomic %) @ Sb site; S (y = 0.10) @ Te site,power factor,14.24,μW cm-1 K-2,300,K,body text,,
"Carrier optimization and reduced thermal conductivity leading to enhanced thermoelectric performance in (Mg, S) co-doped AgSbTe2.pdf",10.1016/j.mtphys.2024.101358,AgSbTe2,AgSb0.97Mg0.03Te1.90S0.10,AgSb0.97Mg0.03Te1.90S0.10,2,Yes,Mg,3 atomic %,Sb,S (y = 0.10) @ Te,Mg (3 atomic %) @ Sb site; S (y = 0.10) @ Te site,power factor,17.21,μW cm-1 K-2,600,K,body text,,
"Carrier optimization and reduced thermal conductivity leading to enhanced thermoelectric performance in (Mg, S) co-doped AgSbTe2.pdf",10.1016/j.mtphys.2024.101358,AgSbTe2,AgSb0.97Mg0.03Te1.90S0.10,AgSb0.97Mg0.03Te1.90S0.10,2,Yes,Mg,3 atomic %,Sb,S (y = 0.10) @ Te,Mg (3 atomic %) @ Sb site; S (y = 0.10) @ Te site,lattice thermal conductivity,0.26,Wm-1 K-1,600,K,body text,,
"Carrier optimization and reduced thermal conductivity leading to enhanced thermoelectric performance in (Mg, S) co-doped AgSbTe2.pdf",10.1016/j.mtphys.2024.101358,AgSbTe2,AgSb0.97Mg0.03Te1.90S0.10,AgSb0.97Mg0.03Te1.90S0.10,2,Yes,Mg,3 atomic %,Sb,S (y = 0.10) @ Te,Mg (3 atomic %) @ Sb site; S (y = 0.10) @ Te site,ZT,1.96,dimensionless,600,K,body text,,
"Carrier optimization and reduced thermal conductivity leading to enhanced thermoelectric performance in (Mg, S) co-doped AgSbTe2.pdf",10.1016/j.mtphys.2024.101358,AgSbTe2,AgSbTe2 (Disordered),AgSbTe2,0,No,,,,,,Seebeck coefficient,239,µV K^-1,,,body text,,Room temperature value
"Carrier optimization and reduced thermal conductivity leading to enhanced thermoelectric performance in (Mg, S) co-doped AgSbTe2.pdf",10.1016/j.mtphys.2024.101358,AgSbTe2,AgSbTe2 (Ordered),AgSbTe2,0,No,,,,,,,,,,,,,
"Carrier optimization and reduced thermal conductivity leading to enhanced thermoelectric performance in (Mg, S) co-doped AgSbTe2.pdf",10.1016/j.mtphys.2024.101358,AgSbTe2,AgSb0.97Mg0.03Te2,AgSb0.97Mg0.03Te2,1,No,Mg,3 at.%,Sb,,Mg (3 at.%) @ Sb site,Seebeck coefficient,212.02,µV K^-1,,,body text,,Room temperature value
"Carrier optimization and reduced thermal conductivity leading to enhanced thermoelectric performance in (Mg, S) co-doped AgSbTe2.pdf",10.1016/j.mtphys.2024.101358,AgSbTe2,AgSb0.97Mg0.03Te1.9S0.10,AgSb0.97Mg0.03Te1.9S0.10,2,Yes,Mg,3 at.%,Sb,S (0.10) @ Te,Mg (3 at.%) @ Sb site; S (0.10) @ Te site,Seebeck coefficient,207.60,µV K^-1,,,body text,,Room temperature value
"Carrier optimization and reduced thermal conductivity leading to enhanced thermoelectric performance in (Mg, S) co-doped AgSbTe2.pdf",10.1016/j.mtphys.2024.101358,AgSbTe2,AgSb0.97Mg0.03Te1.9S0.10,AgSb0.97Mg0.03Te1.9S0.10,2,Yes,Mg,3 at.%,Sb,S (0.10) @ Te,Mg (3 at.%) @ Sb site; S (0.10) @ Te site,power factor,17.21,µW cm^-1 K^-2,600,K,body text,,
"Carrier optimization and reduced thermal conductivity leading to enhanced thermoelectric performance in (Mg, S) co-doped AgSbTe2.pdf",10.1016/j.mtphys.2024.101358,AgSbTe2,"AgSb1-xMgxTe2-ySy (x=0, y=0)",AgSbTe2,0,No,,,,,,ZT,0.6,dimensionless,300,K,figure,Fig. 6d,Visually estimated from Fig. 6d
"Carrier optimization and reduced thermal conductivity leading to enhanced thermoelectric performance in (Mg, S) co-doped AgSbTe2.pdf",10.1016/j.mtphys.2024.101358,AgSbTe2,"AgSb1-xMgxTe2-ySy (x=0, y=0)",AgSbTe2,0,No,,,,,,ZT,1.0,dimensionless,600,K,figure,Fig. 6d,Visually estimated from Fig. 6d
"Carrier optimization and reduced thermal conductivity leading to enhanced thermoelectric performance in (Mg, S) co-doped AgSbTe2.pdf",10.1016/j.mtphys.2024.101358,AgSbTe2,"AgSb1-xMgxTe2-ySy (x=0.03, y=0.05)",AgSb0.97Mg0.03Te1.95S0.05,2,Yes,Mg,0.03,Sb,S (0.05) @ Te,Mg (0.03) @ Sb site; S (0.05) @ Te site,ZT,0.8,dimensionless,300,K,figure,Fig. 6d,Visually estimated from Fig. 6d
"Carrier optimization and reduced thermal conductivity leading to enhanced thermoelectric performance in (Mg, S) co-doped AgSbTe2.pdf",10.1016/j.mtphys.2024.101358,AgSbTe2,"AgSb1-xMgxTe2-ySy (x=0.03, y=0.05)",AgSb0.97Mg0.03Te1.95S0.05,2,Yes,Mg,0.03,Sb,S (0.05) @ Te,Mg (0.03) @ Sb site; S (0.05) @ Te site,ZT,1.8,dimensionless,600,K,figure,Fig. 6d,Visually estimated from Fig. 6d
Carrier scattering mechanism change in Se and S co-doped AgSbTe2 thermoelectric materials.pdf,10.1007/s43207-026-00585-7,AgSbTe2,AgSbTe1.9Se0.05S0.05,AgSbTe1.9Se0.05S0.05,2,Yes,Se,0.05,unclear,S (0.05) @ unclear,Se (0.05) @ unclear site; S (0.05) @ unclear site,,,,,,,,
Carrier scattering mechanism change in Se and S co-doped AgSbTe2 thermoelectric materials.pdf,10.1007/s43207-026-00585-7,AgSbTe2,AgSbTe1.85Se0.1S0.05,AgSbTe1.85Se0.1S0.05,2,Yes,Se,0.1,unclear,S (0.05) @ unclear,Se (0.1) @ unclear site; S (0.05) @ unclear site,ZT,2.3,dimensionless,673,K,text,"Page 2, Section 1",
Carrier scattering mechanism change in Se and S co-doped AgSbTe2 thermoelectric materials.pdf,10.1007/s43207-026-00585-7,AgSbTe2,AgSbTe1.8Se0.1S0.1,AgSbTe1.8Se0.1S0.1,2,Yes,Se,0.1,unclear,S (0.1) @ unclear,Se (0.1) @ unclear site; S (0.1) @ unclear site,,,,,,,,
Carrier scattering mechanism change in Se and S co-doped AgSbTe2 thermoelectric materials.pdf,10.1007/s43207-026-00585-7,AgSbTe2,AgSbTe2,AgSbTe2,0,No,,,,,,,,,,,,,
Carrier scattering mechanism change in Se and S co-doped AgSbTe2 thermoelectric materials.pdf,10.1007/s43207-026-00585-7,AgSbTe2,AgSbTe1.85Se0.1S0.05,AgSbTe1.85Se0.1S0.05,2,Yes,Se,0.1,unclear,S (0.05) @ unclear,Se (0.1) @ unclear site; S (0.05) @ unclear site,,,,,,,,
Carrier scattering mechanism change in Se and S co-doped AgSbTe2 thermoelectric materials.pdf,10.1007/s43207-026-00585-7,AgSbTe2,AgSbTe2,AgSbTe2,0,No,,,,,,power factor,1.2,mW/mK^2,570,K,figure,,Visually estimated from Fig. 6(f) at nH ~ 10^19 cm^-3
Carrier scattering mechanism change in Se and S co-doped AgSbTe2 thermoelectric materials.pdf,10.1007/s43207-026-00585-7,AgSbTe2,AgSbTe2,AgSbTe2,0,No,,,,,,ZT,0.8,dimensionless,570,K,figure,,Visually estimated from Fig. 6(f) at nH ~ 10^19 cm^-3
Carrier scattering mechanism change in Se and S co-doped AgSbTe2 thermoelectric materials.pdf,10.1007/s43207-026-00585-7,AgSbTe2,AgSbTe1.9Se0.05S0.05,AgSbTe1.9Se0.05S0.05,2,Yes,Se,0.05,Te,S (0.05) @ Te,Se (0.05) @ Te site; S (0.05) @ Te site,power factor,1.6,mW/mK^2,570,K,figure,,Visually estimated from Fig. 6(d) at nH ~ 10^20 cm^-3
Carrier scattering mechanism change in Se and S co-doped AgSbTe2 thermoelectric materials.pdf,10.1007/s43207-026-00585-7,AgSbTe2,AgSbTe1.9Se0.05S0.05,AgSbTe1.9Se0.05S0.05,2,Yes,Se,0.05,Te,S (0.05) @ Te,Se (0.05) @ Te site; S (0.05) @ Te site,ZT,1.5,dimensionless,570,K,figure,,Visually estimated from Fig. 6(f) at nH ~ 10^20 cm^-3
Carrier scattering mechanism change in Se and S co-doped AgSbTe2 thermoelectric materials.pdf,10.1007/s43207-026-00585-7,AgSbTe2,AgSbTe1.85Se0.1S0.05,AgSbTe1.85Se0.1S0.05,2,Yes,Se,0.1,Te,S (0.05) @ Te,Se (0.1) @ Te site; S (0.05) @ Te site,power factor,2.0,mW/mK^2,570,K,figure,,Visually estimated from Fig. 6(d) at nH ~ 10^20 cm^-3
Carrier scattering mechanism change in Se and S co-doped AgSbTe2 thermoelectric materials.pdf,10.1007/s43207-026-00585-7,AgSbTe2,AgSbTe1.85Se0.1S0.05,AgSbTe1.85Se0.1S0.05,2,Yes,Se,0.1,Te,S (0.05) @ Te,Se (0.1) @ Te site; S (0.05) @ Te site,ZT,1.8,dimensionless,570,K,figure,,Visually estimated from Fig. 6(f) at nH ~ 10^20 cm^-3
Carrier scattering mechanism change in Se and S co-doped AgSbTe2 thermoelectric materials.pdf,10.1007/s43207-026-00585-7,AgSbTe2,AgSbTe1.8Se0.1S0.1,AgSbTe1.8Se0.1S0.1,2,Yes,Se,0.1,Te,S (0.1) @ Te,Se (0.1) @ Te site; S (0.1) @ Te site,power factor,2.2,mW/mK^2,570,K,figure,,Visually estimated from Fig. 6(d) at nH ~ 10^20 cm^-3
Carrier scattering mechanism change in Se and S co-doped AgSbTe2 thermoelectric materials.pdf,10.1007/s43207-026-00585-7,AgSbTe2,AgSbTe1.8Se0.1S0.1,AgSbTe1.8Se0.1S0.1,2,Yes,Se,0.1,Te,S (0.1) @ Te,Se (0.1) @ Te site; S (0.1) @ Te site,ZT,2.0,dimensionless,570,K,figure,,Visually estimated from Fig. 6(f) at nH ~ 10^20 cm^-3
Charge Compensation Modulation of the Thermoelectric Properties in AgSbTe2 via Mn Amphoteric Doping.pdf,10.1021/acs.inorgchem.9b00852,AgSbTe2,Pristine AgSbTe2,AgSbTe2,0,No,,,,,,Seebeck coefficient,82,μV K-1,300,K,body text,"Page 3, Results and Discussion",
Charge Compensation Modulation of the Thermoelectric Properties in AgSbTe2 via Mn Amphoteric Doping.pdf,10.1021/acs.inorgchem.9b00852,AgSbTe2,Pristine AgSbTe2,AgSbTe2,0,No,,,,,,Seebeck coefficient,165,μV K-1,550,K,body text,"Page 3, Results and Discussion",
Charge Compensation Modulation of the Thermoelectric Properties in AgSbTe2 via Mn Amphoteric Doping.pdf,10.1021/acs.inorgchem.9b00852,AgSbTe2,Pristine AgSbTe2,AgSbTe2,0,No,,,,,,electrical conductivity,3.84,10^4 S m-1,300,K,body text,"Page 3, Results and Discussion",
Charge Compensation Modulation of the Thermoelectric Properties in AgSbTe2 via Mn Amphoteric Doping.pdf,10.1021/acs.inorgchem.9b00852,AgSbTe2,Pristine AgSbTe2,AgSbTe2,0,No,,,,,,ZT,0.48,dimensionless,550,K,body text,"Page 4, Results and Discussion",
Charge Compensation Modulation of the Thermoelectric Properties in AgSbTe2 via Mn Amphoteric Doping.pdf,10.1021/acs.inorgchem.9b00852,AgSbTe2,MnSb monodoped (x=0.07),AgSb1-xMnxTe2 (x=0.07),1,No,Mn,7 mol %,Sb,,Mn (7 mol %) @ Sb site,electrical conductivity,12.17,10^4 S m-1,300,K,body text,"Page 3, Results and Discussion",
Charge Compensation Modulation of the Thermoelectric Properties in AgSbTe2 via Mn Amphoteric Doping.pdf,10.1021/acs.inorgchem.9b00852,AgSbTe2,MnSb monodoped (x=0.07),AgSb1-xMnxTe2 (x=0.07),1,No,Mn,7 mol %,Sb,,Mn (7 mol %) @ Sb site,Seebeck coefficient,58,μV K-1,300,K,body text,"Page 3, Results and Discussion",
Charge Compensation Modulation of the Thermoelectric Properties in AgSbTe2 via Mn Amphoteric Doping.pdf,10.1021/acs.inorgchem.9b00852,AgSbTe2,MnSb monodoped (x=0.07),AgSb1-xMnxTe2 (x=0.07),1,No,Mn,7 mol %,Sb,,Mn (7 mol %) @ Sb site,Seebeck coefficient,133,μV K-1,550,K,body text,"Page 3, Results and Discussion",
Charge Compensation Modulation of the Thermoelectric Properties in AgSbTe2 via Mn Amphoteric Doping.pdf,10.1021/acs.inorgchem.9b00852,AgSbTe2,MnSb monodoped (x=0.07),AgSb1-xMnxTe2 (x=0.07),1,No,Mn,7 mol %,Sb,,Mn (7 mol %) @ Sb site,ZT,0.62,dimensionless,550,K,body text,"Page 4, Results and Discussion",
Charge Compensation Modulation of the Thermoelectric Properties in AgSbTe2 via Mn Amphoteric Doping.pdf,10.1021/acs.inorgchem.9b00852,AgSbTe2,5 mol % MnAg-MnSb amphoteric doping,Ag1-ySb1-xMnx+yTe2,2,Yes,Mn,5 mol %,Ag,Mn (5 mol %) @ Sb,Mn (5 mol %) @ Ag site; Mn (5 mol %) @ Sb site,power factor,1400,μW m-1 K-2,550,K,body text,"Page 5, Results and Discussion",
Charge Compensation Modulation of the Thermoelectric Properties in AgSbTe2 via Mn Amphoteric Doping.pdf,10.1021/acs.inorgchem.9b00852,AgSbTe2,5 mol % MnAg-MnSb amphoteric doping,Ag1-ySb1-xMnx+yTe2,2,Yes,Mn,5 mol %,Ag,Mn (5 mol %) @ Sb,Mn (5 mol %) @ Ag site; Mn (5 mol %) @ Sb site,ZT,0.74,dimensionless,550,K,body text,"Page 6, Results and Discussion",
Charge Compensation Modulation of the Thermoelectric Properties in AgSbTe2 via Mn Amphoteric Doping.pdf,10.1021/acs.inorgchem.9b00852,AgSbTe2,Pristine,AgSbTe2,0,No,,,,,,ZT,0.5,dimensionless,550,K,figure,Fig 2f,Visually estimated from Fig 2f
Charge Compensation Modulation of the Thermoelectric Properties in AgSbTe2 via Mn Amphoteric Doping.pdf,10.1021/acs.inorgchem.9b00852,AgSbTe2,Mn_sb x=0.01,AgSb0.99Mn0.01Te2,1,No,Mn,0.01,Sb,,Mn (0.01) @ Sb site,ZT,0.55,dimensionless,550,K,figure,Fig 2f,Visually estimated from Fig 2f
Charge Compensation Modulation of the Thermoelectric Properties in AgSbTe2 via Mn Amphoteric Doping.pdf,10.1021/acs.inorgchem.9b00852,AgSbTe2,Mn_sb x=0.05,AgSb0.95Mn0.05Te2,1,No,Mn,0.05,Sb,,Mn (0.05) @ Sb site,ZT,0.65,dimensionless,550,K,figure,Fig 2f,Visually estimated from Fig 2f
Charge Compensation Modulation of the Thermoelectric Properties in AgSbTe2 via Mn Amphoteric Doping.pdf,10.1021/acs.inorgchem.9b00852,AgSbTe2,Mn_sb x=0.07,AgSb0.93Mn0.07Te2,1,No,Mn,0.07,Sb,,Mn (0.07) @ Sb site,ZT,0.68,dimensionless,550,K,figure,Fig 2f,Visually estimated from Fig 2f
Charge Compensation Modulation of the Thermoelectric Properties in AgSbTe2 via Mn Amphoteric Doping.pdf,10.1021/acs.inorgchem.9b00852,AgSbTe2,Mn_ag y=0.05,Ag0.95Mn0.05SbTe2,1,No,Mn,0.05,Ag,,Mn (0.05) @ Ag site,ZT,0.58,dimensionless,550,K,figure,Fig 4d,Visually estimated from Fig 4d
Charge Compensation Modulation of the Thermoelectric Properties in AgSbTe2 via Mn Amphoteric Doping.pdf,10.1021/acs.inorgchem.9b00852,AgSbTe2,"Mn_ag-Mn_sb x=0.05, y=0.05",Ag0.95Mn0.05Sb0.95Mn0.05Te2,2,Yes,Mn,0.05,Ag,Mn (0.05) @ Sb,Mn (0.05) @ Ag site; Mn (0.05) @ Sb site,ZT,0.74,dimensionless,550,K,figure,Fig 4d,Visually estimated from Fig 4d
Chen_2012_J._Phys._D__Appl._Phys._45_115302.pdf,10.1088/0022-3727/45/11/115302,Ag0.366Sb0.558Te,"(Ag0.366Sb0.558Te)1-x(GeTe)x, x=0",Ag0.366Sb0.558Te,0,No,,,,,,Seebeck coefficient,plotted,uV/K,,,figure,Fig. 3a,
Chen_2012_J._Phys._D__Appl._Phys._45_115302.pdf,10.1088/0022-3727/45/11/115302,Ag0.366Sb0.558Te,"(Ag0.366Sb0.558Te)1-x(GeTe)x, x=0",Ag0.366Sb0.558Te,0,No,,,,,,electrical conductivity,plotted,S/m,,,figure,Fig. 3b,
Chen_2012_J._Phys._D__Appl._Phys._45_115302.pdf,10.1088/0022-3727/45/11/115302,Ag0.366Sb0.558Te,"(Ag0.366Sb0.558Te)1-x(GeTe)x, x=0",Ag0.366Sb0.558Te,0,No,,,,,,power factor,plotted,W/mK^2,,,figure,Fig. 3c,
Chen_2012_J._Phys._D__Appl._Phys._45_115302.pdf,10.1088/0022-3727/45/11/115302,Ag0.366Sb0.558Te,"(Ag0.366Sb0.558Te)1-x(GeTe)x, x=0",Ag0.366Sb0.558Te,0,No,,,,,,thermal conductivity,plotted,W/mK,,,figure,Fig. 4a,
Chen_2012_J._Phys._D__Appl._Phys._45_115302.pdf,10.1088/0022-3727/45/11/115302,Ag0.366Sb0.558Te,"(Ag0.366Sb0.558Te)1-x(GeTe)x, x=0",Ag0.366Sb0.558Te,0,No,,,,,,ZT,plotted,dimensionless,,,figure,Fig. 5,
Chen_2012_J._Phys._D__Appl._Phys._45_115302.pdf,10.1088/0022-3727/45/11/115302,Ag0.366Sb0.558Te,"(Ag0.366Sb0.558Te)1-x(GeTe)x, x=0.02",(Ag0.366Sb0.558Te)0.98(GeTe)0.02,1,No,GeTe,x=0.02,unclear,,GeTe (x=0.02) @ unclear site,Seebeck coefficient,plotted,uV/K,,,figure,Fig. 3a,
Chen_2012_J._Phys._D__Appl._Phys._45_115302.pdf,10.1088/0022-3727/45/11/115302,Ag0.366Sb0.558Te,"(Ag0.366Sb0.558Te)1-x(GeTe)x, x=0.02",(Ag0.366Sb0.558Te)0.98(GeTe)0.02,1,No,GeTe,x=0.02,unclear,,GeTe (x=0.02) @ unclear site,electrical conductivity,plotted,S/m,,,figure,Fig. 3b,
Chen_2012_J._Phys._D__Appl._Phys._45_115302.pdf,10.1088/0022-3727/45/11/115302,Ag0.366Sb0.558Te,"(Ag0.366Sb0.558Te)1-x(GeTe)x, x=0.02",(Ag0.366Sb0.558Te)0.98(GeTe)0.02,1,No,GeTe,x=0.02,unclear,,GeTe (x=0.02) @ unclear site,power factor,plotted,W/mK^2,,,figure,Fig. 3c,
Chen_2012_J._Phys._D__Appl._Phys._45_115302.pdf,10.1088/0022-3727/45/11/115302,Ag0.366Sb0.558Te,"(Ag0.366Sb0.558Te)1-x(GeTe)x, x=0.02",(Ag0.366Sb0.558Te)0.98(GeTe)0.02,1,No,GeTe,x=0.02,unclear,,GeTe (x=0.02) @ unclear site,thermal conductivity,plotted,W/mK,,,figure,Fig. 4a,
Chen_2012_J._Phys._D__Appl._Phys._45_115302.pdf,10.1088/0022-3727/45/11/115302,Ag0.366Sb0.558Te,"(Ag0.366Sb0.558Te)1-x(GeTe)x, x=0.02",(Ag0.366Sb0.558Te)0.98(GeTe)0.02,1,No,GeTe,x=0.02,unclear,,GeTe (x=0.02) @ unclear site,ZT,plotted,dimensionless,,,figure,Fig. 5,
Chen_2012_J._Phys._D__Appl._Phys._45_115302.pdf,10.1088/0022-3727/45/11/115302,Ag0.366Sb0.558Te,"(Ag0.366Sb0.558Te)1-x(GeTe)x, x=0.04",(Ag0.366Sb0.558Te)0.96(GeTe)0.04,1,No,GeTe,x=0.04,unclear,,GeTe (x=0.04) @ unclear site,Seebeck coefficient,plotted,uV/K,,,figure,Fig. 3a,
Chen_2012_J._Phys._D__Appl._Phys._45_115302.pdf,10.1088/0022-3727/45/11/115302,Ag0.366Sb0.558Te,"(Ag0.366Sb0.558Te)1-x(GeTe)x, x=0.04",(Ag0.366Sb0.558Te)0.96(GeTe)0.04,1,No,GeTe,x=0.04,unclear,,GeTe (x=0.04) @ unclear site,electrical conductivity,plotted,S/m,,,figure,Fig. 3b,
Chen_2012_J._Phys._D__Appl._Phys._45_115302.pdf,10.1088/0022-3727/45/11/115302,Ag0.366Sb0.558Te,"(Ag0.366Sb0.558Te)1-x(GeTe)x, x=0.04",(Ag0.366Sb0.558Te)0.96(GeTe)0.04,1,No,GeTe,x=0.04,unclear,,GeTe (x=0.04) @ unclear site,power factor,plotted,W/mK^2,,,figure,Fig. 3c,
Chen_2012_J._Phys._D__Appl._Phys._45_115302.pdf,10.1088/0022-3727/45/11/115302,Ag0.366Sb0.558Te,"(Ag0.366Sb0.558Te)1-x(GeTe)x, x=0.04",(Ag0.366Sb0.558Te)0.96(GeTe)0.04,1,No,GeTe,x=0.04,unclear,,GeTe (x=0.04) @ unclear site,thermal conductivity,plotted,W/mK,,,figure,Fig. 4a,
Chen_2012_J._Phys._D__Appl._Phys._45_115302.pdf,10.1088/0022-3727/45/11/115302,Ag0.366Sb0.558Te,"(Ag0.366Sb0.558Te)1-x(GeTe)x, x=0.04",(Ag0.366Sb0.558Te)0.96(GeTe)0.04,1,No,GeTe,x=0.04,unclear,,GeTe (x=0.04) @ unclear site,ZT,plotted,dimensionless,,,figure,Fig. 5,
Chen_2012_J._Phys._D__Appl._Phys._45_115302.pdf,10.1088/0022-3727/45/11/115302,Ag0.366Sb0.558Te,"(Ag0.366Sb0.558Te)1-x(GeTe)x, x=0.06",(Ag0.366Sb0.558Te)0.94(GeTe)0.06,1,No,GeTe,x=0.06,unclear,,GeTe (x=0.06) @ unclear site,Seebeck coefficient,plotted,uV/K,,,figure,Fig. 3a,
Chen_2012_J._Phys._D__Appl._Phys._45_115302.pdf,10.1088/0022-3727/45/11/115302,Ag0.366Sb0.558Te,"(Ag0.366Sb0.558Te)1-x(GeTe)x, x=0.06",(Ag0.366Sb0.558Te)0.94(GeTe)0.06,1,No,GeTe,x=0.06,unclear,,GeTe (x=0.06) @ unclear site,electrical conductivity,plotted,S/m,,,figure,Fig. 3b,
Chen_2012_J._Phys._D__Appl._Phys._45_115302.pdf,10.1088/0022-3727/45/11/115302,Ag0.366Sb0.558Te,"(Ag0.366Sb0.558Te)1-x(GeTe)x, x=0.06",(Ag0.366Sb0.558Te)0.94(GeTe)0.06,1,No,GeTe,x=0.06,unclear,,GeTe (x=0.06) @ unclear site,power factor,plotted,W/mK^2,,,figure,Fig. 3c,
Chen_2012_J._Phys._D__Appl._Phys._45_115302.pdf,10.1088/0022-3727/45/11/115302,Ag0.366Sb0.558Te,"(Ag0.366Sb0.558Te)1-x(GeTe)x, x=0.06",(Ag0.366Sb0.558Te)0.94(GeTe)0.06,1,No,GeTe,x=0.06,unclear,,GeTe (x=0.06) @ unclear site,thermal conductivity,plotted,W/mK,,,figure,Fig. 4a,
Chen_2012_J._Phys._D__Appl._Phys._45_115302.pdf,10.1088/0022-3727/45/11/115302,Ag0.366Sb0.558Te,"(Ag0.366Sb0.558Te)1-x(GeTe)x, x=0.06",(Ag0.366Sb0.558Te)0.94(GeTe)0.06,1,No,GeTe,x=0.06,unclear,,GeTe (x=0.06) @ unclear site,ZT,plotted,dimensionless,,,figure,Fig. 5,
Chen_2012_J._Phys._D__Appl._Phys._45_115302.pdf,10.1088/0022-3727/45/11/115302,Ag0.366Sb0.558Te,"(Ag0.366Sb0.558Te)1-x(GeTe)x, x=0.08",(Ag0.366Sb0.558Te)0.92(GeTe)0.08,1,No,GeTe,x=0.08,unclear,,GeTe (x=0.08) @ unclear site,Seebeck coefficient,plotted,uV/K,,,figure,Fig. 3a,
Chen_2012_J._Phys._D__Appl._Phys._45_115302.pdf,10.1088/0022-3727/45/11/115302,Ag0.366Sb0.558Te,"(Ag0.366Sb0.558Te)1-x(GeTe)x, x=0.08",(Ag0.366Sb0.558Te)0.92(GeTe)0.08,1,No,GeTe,x=0.08,unclear,,GeTe (x=0.08) @ unclear site,electrical conductivity,plotted,S/m,,,figure,Fig. 3b,
Chen_2012_J._Phys._D__Appl._Phys._45_115302.pdf,10.1088/0022-3727/45/11/115302,Ag0.366Sb0.558Te,"(Ag0.366Sb0.558Te)1-x(GeTe)x, x=0.08",(Ag0.366Sb0.558Te)0.92(GeTe)0.08,1,No,GeTe,x=0.08,unclear,,GeTe (x=0.08) @ unclear site,power factor,plotted,W/mK^2,,,figure,Fig. 3c,
Chen_2012_J._Phys._D__Appl._Phys._45_115302.pdf,10.1088/0022-3727/45/11/115302,Ag0.366Sb0.558Te,"(Ag0.366Sb0.558Te)1-x(GeTe)x, x=0.08",(Ag0.366Sb0.558Te)0.92(GeTe)0.08,1,No,GeTe,x=0.08,unclear,,GeTe (x=0.08) @ unclear site,thermal conductivity,plotted,W/mK,,,figure,Fig. 4a,
Chen_2012_J._Phys._D__Appl._Phys._45_115302.pdf,10.1088/0022-3727/45/11/115302,Ag0.366Sb0.558Te,"(Ag0.366Sb0.558Te)1-x(GeTe)x, x=0.08",(Ag0.366Sb0.558Te)0.92(GeTe)0.08,1,No,GeTe,x=0.08,unclear,,GeTe (x=0.08) @ unclear site,ZT,plotted,dimensionless,,,figure,Fig. 5,
Chen_2012_J._Phys._D__Appl._Phys._45_115302.pdf,10.1088/0022-3727/45/11/115302,Ag0.366Sb0.558Te,0% GeTe,"(Ag0.366Sb0.558Te)1-x(GeTe)x, x=0",1,No,Ge,0%,unclear,,Ge (0%) @ unclear site,Seebeck coefficient,400,uV/K,300,K,figure,Fig. 3a,Visually estimated from Fig. 3a
Chen_2012_J._Phys._D__Appl._Phys._45_115302.pdf,10.1088/0022-3727/45/11/115302,Ag0.366Sb0.558Te,0% GeTe,"(Ag0.366Sb0.558Te)1-x(GeTe)x, x=0",1,No,Ge,0%,unclear,,Ge (0%) @ unclear site,Seebeck coefficient,450,uV/K,500,K,figure,Fig. 3a,Visually estimated from Fig. 3a
Chen_2012_J._Phys._D__Appl._Phys._45_115302.pdf,10.1088/0022-3727/45/11/115302,Ag0.366Sb0.558Te,0% GeTe,"(Ag0.366Sb0.558Te)1-x(GeTe)x, x=0",1,No,Ge,0%,unclear,,Ge (0%) @ unclear site,electrical conductivity,4000,Sm^-1,300,K,figure,Fig. 3b,Visually estimated from Fig. 3b
Chen_2012_J._Phys._D__Appl._Phys._45_115302.pdf,10.1088/0022-3727/45/11/115302,Ag0.366Sb0.558Te,0% GeTe,"(Ag0.366Sb0.558Te)1-x(GeTe)x, x=0",1,No,Ge,0%,unclear,,Ge (0%) @ unclear site,electrical conductivity,4000,Sm^-1,600,K,figure,Fig. 3b,Visually estimated from Fig. 3b
Chen_2012_J._Phys._D__Appl._Phys._45_115302.pdf,10.1088/0022-3727/45/11/115302,Ag0.366Sb0.558Te,0% GeTe,"(Ag0.366Sb0.558Te)1-x(GeTe)x, x=0",1,No,Ge,0%,unclear,,Ge (0%) @ unclear site,power factor,5.5,uW/cmK^2,500,K,figure,Fig. 3c,Visually estimated from Fig. 3c
Chen_2012_J._Phys._D__Appl._Phys._45_115302.pdf,10.1088/0022-3727/45/11/115302,Ag0.366Sb0.558Te,0% GeTe,"(Ag0.366Sb0.558Te)1-x(GeTe)x, x=0",1,No,Ge,0%,unclear,,Ge (0%) @ unclear site,thermal conductivity,0.55,Wm^-1K^-1,300,K,figure,Fig. 4a,Visually estimated from Fig. 4a
Chen_2012_J._Phys._D__Appl._Phys._45_115302.pdf,10.1088/0022-3727/45/11/115302,Ag0.366Sb0.558Te,0% GeTe,"(Ag0.366Sb0.558Te)1-x(GeTe)x, x=0",1,No,Ge,0%,unclear,,Ge (0%) @ unclear site,thermal conductivity,0.75,Wm^-1K^-1,600,K,figure,Fig. 4a,Visually estimated from Fig. 4a
Chen_2012_J._Phys._D__Appl._Phys._45_115302.pdf,10.1088/0022-3727/45/11/115302,Ag0.366Sb0.558Te,0% GeTe,"(Ag0.366Sb0.558Te)1-x(GeTe)x, x=0",1,No,Ge,0%,unclear,,Ge (0%) @ unclear site,ZT,0.15,dimensionless,300,K,figure,Fig. 5,Visually estimated from Fig. 5
Chen_2012_J._Phys._D__Appl._Phys._45_115302.pdf,10.1088/0022-3727/45/11/115302,Ag0.366Sb0.558Te,0% GeTe,"(Ag0.366Sb0.558Te)1-x(GeTe)x, x=0",1,No,Ge,0%,unclear,,Ge (0%) @ unclear site,ZT,0.55,dimensionless,500,K,figure,Fig. 5,Visually estimated from Fig. 5
Chen_2012_J._Phys._D__Appl._Phys._45_115302.pdf,10.1088/0022-3727/45/11/115302,Ag0.366Sb0.558Te,1% GeTe,"(Ag0.366Sb0.558Te)1-x(GeTe)x, x=1%",1,No,Ge,1%,unclear,,Ge (1%) @ unclear site,Seebeck coefficient,200,uV/K,300,K,figure,Fig. 3a,Visually estimated from Fig. 3a
Chen_2012_J._Phys._D__Appl._Phys._45_115302.pdf,10.1088/0022-3727/45/11/115302,Ag0.366Sb0.558Te,1% GeTe,"(Ag0.366Sb0.558Te)1-x(GeTe)x, x=1%",1,No,Ge,1%,unclear,,Ge (1%) @ unclear site,Seebeck coefficient,250,uV/K,500,K,figure,Fig. 3a,Visually estimated from Fig. 3a
Chen_2012_J._Phys._D__Appl._Phys._45_115302.pdf,10.1088/0022-3727/45/11/115302,Ag0.366Sb0.558Te,1% GeTe,"(Ag0.366Sb0.558Te)1-x(GeTe)x, x=1%",1,No,Ge,1%,unclear,,Ge (1%) @ unclear site,electrical conductivity,12000,Sm^-1,300,K,figure,Fig. 3b,Visually estimated from Fig. 3b
Chen_2012_J._Phys._D__Appl._Phys._45_115302.pdf,10.1088/0022-3727/45/11/115302,Ag0.366Sb0.558Te,1% GeTe,"(Ag0.366Sb0.558Te)1-x(GeTe)x, x=1%",1,No,Ge,1%,unclear,,Ge (1%) @ unclear site,electrical conductivity,10000,Sm^-1,600,K,figure,Fig. 3b,Visually estimated from Fig. 3b
Chen_2012_J._Phys._D__Appl._Phys._45_115302.pdf,10.1088/0022-3727/45/11/115302,Ag0.366Sb0.558Te,1% GeTe,"(Ag0.366Sb0.558Te)1-x(GeTe)x, x=1%",1,No,Ge,1%,unclear,,Ge (1%) @ unclear site,power factor,4.5,uW/cmK^2,500,K,figure,Fig. 3c,Visually estimated from Fig. 3c
Chen_2012_J._Phys._D__Appl._Phys._45_115302.pdf,10.1088/0022-3727/45/11/115302,Ag0.366Sb0.558Te,1% GeTe,"(Ag0.366Sb0.558Te)1-x(GeTe)x, x=1%",1,No,Ge,1%,unclear,,Ge (1%) @ unclear site,thermal conductivity,0.5,Wm^-1K^-1,300,K,figure,Fig. 4a,Visually estimated from Fig. 4a
Chen_2012_J._Phys._D__Appl._Phys._45_115302.pdf,10.1088/0022-3727/45/11/115302,Ag0.366Sb0.558Te,1% GeTe,"(Ag0.366Sb0.558Te)1-x(GeTe)x, x=1%",1,No,Ge,1%,unclear,,Ge (1%) @ unclear site,thermal conductivity,0.8,Wm^-1K^-1,600,K,figure,Fig. 4a,Visually estimated from Fig. 4a
Chen_2012_J._Phys._D__Appl._Phys._45_115302.pdf,10.1088/0022-3727/45/11/115302,Ag0.366Sb0.558Te,1% GeTe,"(Ag0.366Sb0.558Te)1-x(GeTe)x, x=1%",1,No,Ge,1%,unclear,,Ge (1%) @ unclear site,ZT,0.15,dimensionless,300,K,figure,Fig. 5,Visually estimated from Fig. 5
Chen_2012_J._Phys._D__Appl._Phys._45_115302.pdf,10.1088/0022-3727/45/11/115302,Ag0.366Sb0.558Te,1% GeTe,"(Ag0.366Sb0.558Te)1-x(GeTe)x, x=1%",1,No,Ge,1%,unclear,,Ge (1%) @ unclear site,ZT,0.4,dimensionless,500,K,figure,Fig. 5,Visually estimated from Fig. 5
Chen_2012_J._Phys._D__Appl._Phys._45_115302.pdf,10.1088/0022-3727/45/11/115302,Ag0.366Sb0.558Te,8% GeTe,"(Ag0.366Sb0.558Te)1-x(GeTe)x, x=8%",1,No,Ge,8%,unclear,,Ge (8%) @ unclear site,Seebeck coefficient,100,uV/K,300,K,figure,Fig. 3a,Visually estimated from Fig. 3a
Chen_2012_J._Phys._D__Appl._Phys._45_115302.pdf,10.1088/0022-3727/45/11/115302,Ag0.366Sb0.558Te,8% GeTe,"(Ag0.366Sb0.558Te)1-x(GeTe)x, x=8%",1,No,Ge,8%,unclear,,Ge (8%) @ unclear site,Seebeck coefficient,150,uV/K,500,K,figure,Fig. 3a,Visually estimated from Fig. 3a
Chen_2012_J._Phys._D__Appl._Phys._45_115302.pdf,10.1088/0022-3727/45/11/115302,Ag0.366Sb0.558Te,8% GeTe,"(Ag0.366Sb0.558Te)1-x(GeTe)x, x=8%",1,No,Ge,8%,unclear,,Ge (8%) @ unclear site,electrical conductivity,13000,Sm^-1,300,K,figure,Fig. 3b,Visually estimated from Fig. 3b
Chen_2012_J._Phys._D__Appl._Phys._45_115302.pdf,10.1088/0022-3727/45/11/115302,Ag0.366Sb0.558Te,8% GeTe,"(Ag0.366Sb0.558Te)1-x(GeTe)x, x=8%",1,No,Ge,8%,unclear,,Ge (8%) @ unclear site,electrical conductivity,12000,Sm^-1,600,K,figure,Fig. 3b,Visually estimated from Fig. 3b
Chen_2012_J._Phys._D__Appl._Phys._45_115302.pdf,10.1088/0022-3727/45/11/115302,Ag0.366Sb0.558Te,8% GeTe,"(Ag0.366Sb0.558Te)1-x(GeTe)x, x=8%",1,No,Ge,8%,unclear,,Ge (8%) @ unclear site,power factor,3.5,uW/cmK^2,500,K,figure,Fig. 3c,Visually estimated from Fig. 3c
Chen_2012_J._Phys._D__Appl._Phys._45_115302.pdf,10.1088/0022-3727/45/11/115302,Ag0.366Sb0.558Te,8% GeTe,"(Ag0.366Sb0.558Te)1-x(GeTe)x, x=8%",1,No,Ge,8%,unclear,,Ge (8%) @ unclear site,thermal conductivity,0.9,Wm^-1K^-1,300,K,figure,Fig. 4a,Visually estimated from Fig. 4a
Chen_2012_J._Phys._D__Appl._Phys._45_115302.pdf,10.1088/0022-3727/45/11/115302,Ag0.366Sb0.558Te,8% GeTe,"(Ag0.366Sb0.558Te)1-x(GeTe)x, x=8%",1,No,Ge,8%,unclear,,Ge (8%) @ unclear site,thermal conductivity,1.2,Wm^-1K^-1,600,K,figure,Fig. 4a,Visually estimated from Fig. 4a
Chen_2012_J._Phys._D__Appl._Phys._45_115302.pdf,10.1088/0022-3727/45/11/115302,Ag0.366Sb0.558Te,8% GeTe,"(Ag0.366Sb0.558Te)1-x(GeTe)x, x=8%",1,No,Ge,8%,unclear,,Ge (8%) @ unclear site,ZT,0.1,dimensionless,300,K,figure,Fig. 5,Visually estimated from Fig. 5
Chen_2012_J._Phys._D__Appl._Phys._45_115302.pdf,10.1088/0022-3727/45/11/115302,Ag0.366Sb0.558Te,8% GeTe,"(Ag0.366Sb0.558Te)1-x(GeTe)x, x=8%",1,No,Ge,8%,unclear,,Ge (8%) @ unclear site,ZT,0.2,dimensionless,500,K,figure,Fig. 5,Visually estimated from Fig. 5
"Contrasting roles of small-radius metals (Cu, Zn, Ni) in enhancing the thermoelectric properties of AgSbTe2.pdf",10.1016/j.jallcom.2026.189224,AgSbTe2,AgSbTe2,AgSbTe2,0,No,,,,,,electrical conductivity,138,S cm-1,300,K,Table 1,,
"Contrasting roles of small-radius metals (Cu, Zn, Ni) in enhancing the thermoelectric properties of AgSbTe2.pdf",10.1016/j.jallcom.2026.189224,AgSbTe2,AgSbTe2,AgSbTe2,0,No,,,,,,Seebeck coefficient,242,μV K-1,300,K,Table 1,,
"Contrasting roles of small-radius metals (Cu, Zn, Ni) in enhancing the thermoelectric properties of AgSbTe2.pdf",10.1016/j.jallcom.2026.189224,AgSbTe2,AgSbTe2,AgSbTe2,0,No,,,,,,power factor,9.21,μW cm-1 K-2,300,K,Table 1,,PFmax
"Contrasting roles of small-radius metals (Cu, Zn, Ni) in enhancing the thermoelectric properties of AgSbTe2.pdf",10.1016/j.jallcom.2026.189224,AgSbTe2,AgSbTe2,AgSbTe2,0,No,,,,,,power factor,8.86,μW cm-1 K-2,300-623,K,Table 1,,PFave
"Contrasting roles of small-radius metals (Cu, Zn, Ni) in enhancing the thermoelectric properties of AgSbTe2.pdf",10.1016/j.jallcom.2026.189224,AgSbTe2,AgSb0.97Cu0.03Te2,AgSb0.97Cu0.03Te2,1,No,Cu,0.03,Sb,,Cu (0.03) @ Sb site,ZT,1.67,dimensionless,623,K,body text,,
"Contrasting roles of small-radius metals (Cu, Zn, Ni) in enhancing the thermoelectric properties of AgSbTe2.pdf",10.1016/j.jallcom.2026.189224,AgSbTe2,AgSb0.97Cu0.03Te2,AgSb0.97Cu0.03Te2,1,No,Cu,0.03,Sb,,Cu (0.03) @ Sb site,electrical conductivity,268,S cm-1,300,K,Table 1,,
"Contrasting roles of small-radius metals (Cu, Zn, Ni) in enhancing the thermoelectric properties of AgSbTe2.pdf",10.1016/j.jallcom.2026.189224,AgSbTe2,AgSb0.97Cu0.03Te2,AgSb0.97Cu0.03Te2,1,No,Cu,0.03,Sb,,Cu (0.03) @ Sb site,Seebeck coefficient,254,μV K-1,300,K,Table 1,,
"Contrasting roles of small-radius metals (Cu, Zn, Ni) in enhancing the thermoelectric properties of AgSbTe2.pdf",10.1016/j.jallcom.2026.189224,AgSbTe2,AgSb0.97Cu0.03Te2,AgSb0.97Cu0.03Te2,1,No,Cu,0.03,Sb,,Cu (0.03) @ Sb site,power factor,16.19,μW cm-1 K-2,300,K,Table 1,,PFmax
"Contrasting roles of small-radius metals (Cu, Zn, Ni) in enhancing the thermoelectric properties of AgSbTe2.pdf",10.1016/j.jallcom.2026.189224,AgSbTe2,AgSb0.97Cu0.03Te2,AgSb0.97Cu0.03Te2,1,No,Cu,0.03,Sb,,Cu (0.03) @ Sb site,power factor,14.75,μW cm-1 K-2,300-623,K,Table 1,,PFave
"Contrasting roles of small-radius metals (Cu, Zn, Ni) in enhancing the thermoelectric properties of AgSbTe2.pdf",10.1016/j.jallcom.2026.189224,AgSbTe2,AgSb0.97Cu0.03Te2,AgSb0.97Cu0.03Te2,1,No,Cu,0.03,Sb,,Cu (0.03) @ Sb site,lattice thermal conductivity,0.32,W m-1 K-1,523,K,body text,,
"Contrasting roles of small-radius metals (Cu, Zn, Ni) in enhancing the thermoelectric properties of AgSbTe2.pdf",10.1016/j.jallcom.2026.189224,AgSbTe2,AgSb0.98Zn0.02Te2,AgSb0.98Zn0.02Te2,1,No,Zn,0.02,Sb,,Zn (0.02) @ Sb site,electrical conductivity,130,S cm-1,300,K,Table 1,,
"Contrasting roles of small-radius metals (Cu, Zn, Ni) in enhancing the thermoelectric properties of AgSbTe2.pdf",10.1016/j.jallcom.2026.189224,AgSbTe2,AgSb0.98Zn0.02Te2,AgSb0.98Zn0.02Te2,1,No,Zn,0.02,Sb,,Zn (0.02) @ Sb site,Seebeck coefficient,250,μV K-1,300,K,Table 1,,
"Contrasting roles of small-radius metals (Cu, Zn, Ni) in enhancing the thermoelectric properties of AgSbTe2.pdf",10.1016/j.jallcom.2026.189224,AgSbTe2,AgSb0.98Zn0.02Te2,AgSb0.98Zn0.02Te2,1,No,Zn,0.02,Sb,,Zn (0.02) @ Sb site,power factor,15.67,μW cm-1 K-2,300,K,Table 1,,PFmax
"Contrasting roles of small-radius metals (Cu, Zn, Ni) in enhancing the thermoelectric properties of AgSbTe2.pdf",10.1016/j.jallcom.2026.189224,AgSbTe2,AgSb0.98Zn0.02Te2,AgSb0.98Zn0.02Te2,1,No,Zn,0.02,Sb,,Zn (0.02) @ Sb site,power factor,13.25,μW cm-1 K-2,300-623,K,Table 1,,PFave
"Contrasting roles of small-radius metals (Cu, Zn, Ni) in enhancing the thermoelectric properties of AgSbTe2.pdf",10.1016/j.jallcom.2026.189224,AgSbTe2,AgSb0.985Ni0.015Te2,AgSb0.985Ni0.015Te2,1,No,Ni,0.015,Sb,,Ni (0.015) @ Sb site,electrical conductivity,165,S cm-1,300,K,Table 1,,
"Contrasting roles of small-radius metals (Cu, Zn, Ni) in enhancing the thermoelectric properties of AgSbTe2.pdf",10.1016/j.jallcom.2026.189224,AgSbTe2,AgSb0.985Ni0.015Te2,AgSb0.985Ni0.015Te2,1,No,Ni,0.015,Sb,,Ni (0.015) @ Sb site,Seebeck coefficient,228,μV K-1,300,K,Table 1,,
"Contrasting roles of small-radius metals (Cu, Zn, Ni) in enhancing the thermoelectric properties of AgSbTe2.pdf",10.1016/j.jallcom.2026.189224,AgSbTe2,AgSb0.985Ni0.015Te2,AgSb0.985Ni0.015Te2,1,No,Ni,0.015,Sb,,Ni (0.015) @ Sb site,power factor,13.14,μW cm-1 K-2,300,K,Table 1,,PFmax
"Contrasting roles of small-radius metals (Cu, Zn, Ni) in enhancing the thermoelectric properties of AgSbTe2.pdf",10.1016/j.jallcom.2026.189224,AgSbTe2,AgSb0.985Ni0.015Te2,AgSb0.985Ni0.015Te2,1,No,Ni,0.015,Sb,,Ni (0.015) @ Sb site,power factor,11.38,μW cm-1 K-2,300-623,K,Table 1,,PFave
"Contrasting roles of small-radius metals (Cu, Zn, Ni) in enhancing the thermoelectric properties of AgSbTe2.pdf",10.1016/j.jallcom.2026.189224,AgSbTe2,AgSb0.985Ni0.015Te2,AgSb0.985Ni0.015Te2,1,No,Ni,0.015,Sb,,Ni (0.015) @ Sb site,power factor,13.1,μW cm-1 K-2,623,K,body text,,
"Contrasting roles of small-radius metals (Cu, Zn, Ni) in enhancing the thermoelectric properties of AgSbTe2.pdf",10.1016/j.jallcom.2026.189224,AgSbTe2,AgSbTe2,AgSbTe2,0,No,,,,,,electrical conductivity,138,S cm-1,300,K,table,Table 1,
"Contrasting roles of small-radius metals (Cu, Zn, Ni) in enhancing the thermoelectric properties of AgSbTe2.pdf",10.1016/j.jallcom.2026.189224,AgSbTe2,AgSbTe2,AgSbTe2,0,No,,,,,,Seebeck coefficient,242,uV K-1,300,K,table,Table 1,
"Contrasting roles of small-radius metals (Cu, Zn, Ni) in enhancing the thermoelectric properties of AgSbTe2.pdf",10.1016/j.jallcom.2026.189224,AgSbTe2,AgSbTe2,AgSbTe2,0,No,,,,,,power factor,9.21,uW cm-1 K-2,300,K,table,Table 1,
"Contrasting roles of small-radius metals (Cu, Zn, Ni) in enhancing the thermoelectric properties of AgSbTe2.pdf",10.1016/j.jallcom.2026.189224,AgSbTe2,AgSb0.97Cu0.03Te2,AgSb0.97Cu0.03Te2,1,No,Cu,0.03,Sb,,Cu (0.03) @ Sb site,electrical conductivity,268,S cm-1,300,K,table,Table 1,
"Contrasting roles of small-radius metals (Cu, Zn, Ni) in enhancing the thermoelectric properties of AgSbTe2.pdf",10.1016/j.jallcom.2026.189224,AgSbTe2,AgSb0.97Cu0.03Te2,AgSb0.97Cu0.03Te2,1,No,Cu,0.03,Sb,,Cu (0.03) @ Sb site,Seebeck coefficient,254,uV K-1,300,K,table,Table 1,
"Contrasting roles of small-radius metals (Cu, Zn, Ni) in enhancing the thermoelectric properties of AgSbTe2.pdf",10.1016/j.jallcom.2026.189224,AgSbTe2,AgSb0.97Cu0.03Te2,AgSb0.97Cu0.03Te2,1,No,Cu,0.03,Sb,,Cu (0.03) @ Sb site,power factor,16.19,uW cm-1 K-2,300,K,table,Table 1,
"Contrasting roles of small-radius metals (Cu, Zn, Ni) in enhancing the thermoelectric properties of AgSbTe2.pdf",10.1016/j.jallcom.2026.189224,AgSbTe2,AgSb0.97Cu0.03Te2,AgSb0.97Cu0.03Te2,1,No,Cu,0.03,Sb,,Cu (0.03) @ Sb site,ZT,1.67,dimensionless,623,K,body text,,Peak zT value
"Contrasting roles of small-radius metals (Cu, Zn, Ni) in enhancing the thermoelectric properties of AgSbTe2.pdf",10.1016/j.jallcom.2026.189224,AgSbTe2,AgSb0.98Zn0.02Te2,AgSb0.98Zn0.02Te2,1,No,Zn,0.02,Sb,,Zn (0.02) @ Sb site,electrical conductivity,130,S cm-1,300,K,table,Table 1,
"Contrasting roles of small-radius metals (Cu, Zn, Ni) in enhancing the thermoelectric properties of AgSbTe2.pdf",10.1016/j.jallcom.2026.189224,AgSbTe2,AgSb0.98Zn0.02Te2,AgSb0.98Zn0.02Te2,1,No,Zn,0.02,Sb,,Zn (0.02) @ Sb site,Seebeck coefficient,250,uV K-1,300,K,table,Table 1,
"Contrasting roles of small-radius metals (Cu, Zn, Ni) in enhancing the thermoelectric properties of AgSbTe2.pdf",10.1016/j.jallcom.2026.189224,AgSbTe2,AgSb0.98Zn0.02Te2,AgSb0.98Zn0.02Te2,1,No,Zn,0.02,Sb,,Zn (0.02) @ Sb site,power factor,15.67,uW cm-1 K-2,300,K,table,Table 1,
"Contrasting roles of small-radius metals (Cu, Zn, Ni) in enhancing the thermoelectric properties of AgSbTe2.pdf",10.1016/j.jallcom.2026.189224,AgSbTe2,AgSb0.985Ni0.015Te2,AgSb0.985Ni0.015Te2,1,No,Ni,0.015,Sb,,Ni (0.015) @ Sb site,electrical conductivity,165,S cm-1,300,K,table,Table 1,
"Contrasting roles of small-radius metals (Cu, Zn, Ni) in enhancing the thermoelectric properties of AgSbTe2.pdf",10.1016/j.jallcom.2026.189224,AgSbTe2,AgSb0.985Ni0.015Te2,AgSb0.985Ni0.015Te2,1,No,Ni,0.015,Sb,,Ni (0.015) @ Sb site,Seebeck coefficient,228,uV K-1,300,K,table,Table 1,
"Contrasting roles of small-radius metals (Cu, Zn, Ni) in enhancing the thermoelectric properties of AgSbTe2.pdf",10.1016/j.jallcom.2026.189224,AgSbTe2,AgSb0.985Ni0.015Te2,AgSb0.985Ni0.015Te2,1,No,Ni,0.015,Sb,,Ni (0.015) @ Sb site,power factor,13.14,uW cm-1 K-2,300,K,table,Table 1,
"Contrasting roles of small-radius metals (Cu, Zn, Ni) in enhancing the thermoelectric properties of AgSbTe2.pdf",10.1016/j.jallcom.2026.189224,AgSbTe2,AgSb0.97Cu0.03Te2,AgSb0.97Cu0.03Te2,1,No,Cu,0.03,Sb,,Cu (0.03) @ Sb site,ZT,1.67,dimensionless,623,K,body text,"page 6, conclusion section",
Drymiotis_2011_J._Phys.__Condens._Matter_23_135305.pdf,10.1088/0953-8984/23/13/135305,Cu0.2Ag2.8SbSeTe2,slow-cooled Cu0.2Ag2.8SbSeTe2,Cu0.2Ag2.8SbSeTe2,0,No,,,,,,Seebeck coefficient,230,μV K-1,700,K,body text,,
Drymiotis_2011_J._Phys.__Condens._Matter_23_135305.pdf,10.1088/0953-8984/23/13/135305,Cu0.2Ag2.8SbSeTe2,slow-cooled Cu0.2Ag2.8SbSeTe2,Cu0.2Ag2.8SbSeTe2,0,No,,,,,,thermal conductivity,0.6,W m-1 K-1,700,K,body text,,
Drymiotis_2011_J._Phys.__Condens._Matter_23_135305.pdf,10.1088/0953-8984/23/13/135305,Cu0.2Ag2.8SbSeTe2,slow-cooled Cu0.2Ag2.8SbSeTe2,Cu0.2Ag2.8SbSeTe2,0,No,,,,,,electrical conductivity,3.3,mΩ cm,680,K,body text,,Reported as resistivity of 3.3 mΩ cm
Drymiotis_2011_J._Phys.__Condens._Matter_23_135305.pdf,10.1088/0953-8984/23/13/135305,Cu0.2Ag2.8SbSeTe2,slow-cooled Cu0.2Ag2.8SbSeTe2,Cu0.2Ag2.8SbSeTe2,0,No,,,,,,ZT,1.75,dimensionless,680,K,body text,,
Drymiotis_2011_J._Phys.__Condens._Matter_23_135305.pdf,10.1088/0953-8984/23/13/135305,Cu0.2Ag2.8SbSeTe2,quenched Cu0.2Ag2.8SbSeTe2,Cu0.2Ag2.8SbSeTe2,0,No,,,,,,ZT,1.5,dimensionless,680,K,body text,,
Drymiotis_2011_J._Phys.__Condens._Matter_23_135305.pdf,10.1088/0953-8984/23/13/135305,Cu0.2Ag2.8SbSeTe2,quenched Cu0.2Ag2.8SbSeTe2,Cu0.2Ag2.8SbSeTe2,0,No,,,,,,electrical conductivity,3.8,mΩ cm,680,K,body text,,Reported as resistivity of 3.8 mΩ cm
Drymiotis_2011_J._Phys.__Condens._Matter_23_135305.pdf,10.1088/0953-8984/23/13/135305,Cu0.2Ag2.8SbSeTe2,quenched Cu0.2Ag2.8SbSeTe2,Cu0.2Ag2.8SbSeTe2,0,No,,,,,,thermal conductivity,0.57,W m-1 K-1,680,K,body text,,
Drymiotis_2011_J._Phys.__Condens._Matter_23_135305.pdf,10.1088/0953-8984/23/13/135305,Cu0.2Ag2.8SbSeTe2,Cu0.2Ag2.8SbSeTe2,Cu0.2Ag2.8SbSeTe2,2,Yes,Cu,0.2,unclear,Se (1) @ Te,Cu (0.2) @ unclear site; Se (1) @ Te site,,,,,,,,
Drymiotis_2011_J._Phys.__Condens._Matter_23_135305.pdf,10.1088/0953-8984/23/13/135305,Cu0.2Ag2.8SbSeTe2,Cu0.2Ag2.8SbSeTe2,Cu0.2Ag2.8SbSeTe2,1,No,Cu,0.2,unclear,,Cu (0.2) @ unclear site,ZT,1.75,dimensionless,680,K,text,"page 6, section 4",Highest thermoelectric figure of merit measured for slow-cooled sample
Drymiotis_2011_J._Phys.__Condens._Matter_23_135305.pdf,10.1088/0953-8984/23/13/135305,Cu0.2Ag2.8SbSeTe2,Cu0.2Ag2.8SbSeTe2,Cu0.2Ag2.8SbSeTe2,1,No,Cu,0.2,unclear,,Cu (0.2) @ unclear site,ZT,1.5,dimensionless,680,K,text,"page 6, section 4",Value for quenched sample
Du_2018_Chinese_Phys._B_27_048102.pdf,10.1088/1674-1056/27/4/048102,AgSbTe2-family,GeTe-AgSbTe2 alloys,(GeTe)x(AgSbTe2)100-x,1,No,AgSbTe2,variable,multiple sites,,AgSbTe2 (variable) @ multiple sites site,,,,,,,,
Du_2018_Chinese_Phys._B_27_048102.pdf,10.1088/1674-1056/27/4/048102,AgSbTe2-family,(GeTe)80(AgSbSe2)20,(GeTe)80(AgSbSe2)20,1,No,AgSbSe2,20%,multiple sites,,AgSbSe2 (20%) @ multiple sites site,thermal conductivity,0.4,W·m-1·K-1,,,text,"page 8, section 4",klat
Du_2018_Chinese_Phys._B_27_048102.pdf,10.1088/1674-1056/27/4/048102,AgSbTe2-family,(GeTe)80(AgSbSe2)20,(GeTe)80(AgSbSe2)20,1,No,AgSbSe2,20%,multiple sites,,AgSbSe2 (20%) @ multiple sites site,ZT,1.9,dimensionless,660,K,text,"page 8, section 4",
Du_2018_Chinese_Phys._B_27_048102.pdf,10.1088/1674-1056/27/4/048102,AgSbTe2-family,(GeTe)80(AgSbSe2)20,(GeTe)80(AgSbSe2)20,1,No,AgSbSe2,20%,multiple sites,,AgSbSe2 (20%) @ multiple sites site,ZT,1.4,dimensionless,300-700,K,text,"page 8, section 4",average zT
Du_2018_Chinese_Phys._B_27_048102.pdf,10.1088/1674-1056/27/4/048102,AgSbTe2-family,(GeTe)80(AgSbSe2)20,(GeTe)80(AgSbSe2)20,1,No,AgSbSe2,20 mol%,unclear,,AgSbSe2 (20 mol%) @ unclear site,ZT,1.2,dimensionless,700,K,figure,Fig. 5a,Visually estimated from Fig. 5a
Du_2018_Chinese_Phys._B_27_048102.pdf,10.1088/1674-1056/27/4/048102,AgSbTe2-family,(GeTe)80(AgSbSe2)20,(GeTe)80(AgSbSe2)20,1,No,AgSbSe2,20 mol%,unclear,,AgSbSe2 (20 mol%) @ unclear site,electrical conductivity,1000,S/cm,700,K,figure,Fig. 5b,Visually estimated from Fig. 5b
Du_2018_Chinese_Phys._B_27_048102.pdf,10.1088/1674-1056/27/4/048102,AgSbTe2-family,(GeTe)80(AgSbSe2)20,(GeTe)80(AgSbSe2)20,1,No,AgSbSe2,20 mol%,unclear,,AgSbSe2 (20 mol%) @ unclear site,thermal conductivity,2.5,W/m·K,700,K,figure,Fig. 5c,Visually estimated from Fig. 5c
Du_2018_Chinese_Phys._B_27_048102.pdf,10.1088/1674-1056/27/4/048102,AgSbTe2-family,(GeTe)80(AgSbSe2)20,(GeTe)80(AgSbSe2)20,1,No,AgSbSe2,20 mol%,unclear,,AgSbSe2 (20 mol%) @ unclear site,Seebeck coefficient,150,μV/K,700,K,figure,Fig. 5d,Visually estimated from Fig. 5d
Effect of Ce Substitution for Sb on the Thermoelectric Properties of AgSbTe2 Compound.pdf,10.1007/s11664-014-3076-7,AgSbTe2,AgSbTe2,AgSbTe2,0,No,,,,,,thermal conductivity,0.6 to 0.7,W m-1 K-1,,,body text,Introduction,
Effect of Ce Substitution for Sb on the Thermoelectric Properties of AgSbTe2 Compound.pdf,10.1007/s11664-014-3076-7,AgSbTe2,AgSbTe2.01,Ag0.98Sb1.02Te2.01,0,No,,,,,,ZT,1.40,dimensionless,560,K,body text,Figure of Merit ZT section,
Effect of Ce Substitution for Sb on the Thermoelectric Properties of AgSbTe2 Compound.pdf,10.1007/s11664-014-3076-7,AgSbTe2,AgCe0.005Sb0.995Te2.01,Ag0.94Ce0.003Sb1.05Te2.01,1,No,Ce,0.005,Sb,,Ce (0.005) @ Sb site,,,,,,,,
Effect of Ce Substitution for Sb on the Thermoelectric Properties of AgSbTe2 Compound.pdf,10.1007/s11664-014-3076-7,AgSbTe2,AgCe0.01Sb0.98Te2.01,Ag0.92Ce0.007Sb1.06Te2.01,1,No,Ce,0.01,Sb,,Ce (0.01) @ Sb site,ZT,1.20,dimensionless,615,K,body text,Page 1,
Effect of Ce Substitution for Sb on the Thermoelectric Properties of AgSbTe2 Compound.pdf,10.1007/s11664-014-3076-7,AgSbTe2,AgCe0.03Sb0.98Te2.01,Ag0.94Ce0.024Sb1.05Te2.01,1,No,Ce,0.03,Sb,,Ce (0.03) @ Sb site,,,,,,,,
Effect of Ce Substitution for Sb on the Thermoelectric Properties of AgSbTe2 Compound.pdf,10.1007/s11664-014-3076-7,AgSbTe2,AgSbTe2,AgSbTe2,0,No,,,,,,electrical conductivity,1.0,10^4 S m^-1,300,K,figure,Fig. 4a,Visually estimated from Fig. 4a
Effect of Ce Substitution for Sb on the Thermoelectric Properties of AgSbTe2 Compound.pdf,10.1007/s11664-014-3076-7,AgSbTe2,AgSbTe2,AgSbTe2,0,No,,,,,,electrical conductivity,1.4,10^4 S m^-1,500,K,figure,Fig. 4a,Visually estimated from Fig. 4a
Effect of Ce Substitution for Sb on the Thermoelectric Properties of AgSbTe2 Compound.pdf,10.1007/s11664-014-3076-7,AgSbTe2,AgSbTe2,AgSbTe2,0,No,,,,,,Seebeck coefficient,260,uV K^-1,300,K,figure,Fig. 4b,Visually estimated from Fig. 4b
Effect of Ce Substitution for Sb on the Thermoelectric Properties of AgSbTe2 Compound.pdf,10.1007/s11664-014-3076-7,AgSbTe2,AgSbTe2,AgSbTe2,0,No,,,,,,Seebeck coefficient,300,uV K^-1,500,K,figure,Fig. 4b,Visually estimated from Fig. 4b
Effect of Ce Substitution for Sb on the Thermoelectric Properties of AgSbTe2 Compound.pdf,10.1007/s11664-014-3076-7,AgSbTe2,AgSbTe2,AgSbTe2,0,No,,,,,,thermal conductivity,0.58,W m^-1 K^-1,300,K,figure,Fig. 5a,Visually estimated from Fig. 5a
Effect of Ce Substitution for Sb on the Thermoelectric Properties of AgSbTe2 Compound.pdf,10.1007/s11664-014-3076-7,AgSbTe2,AgSbTe2,AgSbTe2,0,No,,,,,,thermal conductivity,0.55,W m^-1 K^-1,500,K,figure,Fig. 5a,Visually estimated from Fig. 5a
Effect of Ce Substitution for Sb on the Thermoelectric Properties of AgSbTe2 Compound.pdf,10.1007/s11664-014-3076-7,AgSbTe2,AgSbTe2,AgSbTe2,0,No,,,,,,lattice thermal conductivity,0.45,W m^-1 K^-1,300,K,figure,Fig. 5b,Visually estimated from Fig. 5b
Effect of Ce Substitution for Sb on the Thermoelectric Properties of AgSbTe2 Compound.pdf,10.1007/s11664-014-3076-7,AgSbTe2,AgSbTe2,AgSbTe2,0,No,,,,,,lattice thermal conductivity,0.32,W m^-1 K^-1,500,K,figure,Fig. 5b,Visually estimated from Fig. 5b
Effect of Ce Substitution for Sb on the Thermoelectric Properties of AgSbTe2 Compound.pdf,10.1007/s11664-014-3076-7,AgSbTe2,AgSbTe2,AgSbTe2,0,No,,,,,,ZT,0.55,dimensionless,300,K,figure,Fig. 6,Visually estimated from Fig. 6
Effect of Ce Substitution for Sb on the Thermoelectric Properties of AgSbTe2 Compound.pdf,10.1007/s11664-014-3076-7,AgSbTe2,AgSbTe2,AgSbTe2,0,No,,,,,,ZT,1.25,dimensionless,500,K,figure,Fig. 6,Visually estimated from Fig. 6
Effect of Ce Substitution for Sb on the Thermoelectric Properties of AgSbTe2 Compound.pdf,10.1007/s11664-014-3076-7,AgSbTe2,AgCe0.005Sb0.995Te2.01,AgCe0.005Sb0.995Te2.01,1,No,Ce,x = 0.005,Sb,,Ce (x = 0.005) @ Sb site,electrical conductivity,1.7,10^4 S m^-1,300,K,figure,Fig. 4a,Visually estimated from Fig. 4a
Effect of Ce Substitution for Sb on the Thermoelectric Properties of AgSbTe2 Compound.pdf,10.1007/s11664-014-3076-7,AgSbTe2,AgCe0.005Sb0.995Te2.01,AgCe0.005Sb0.995Te2.01,1,No,Ce,x = 0.005,Sb,,Ce (x = 0.005) @ Sb site,electrical conductivity,1.8,10^4 S m^-1,500,K,figure,Fig. 4a,Visually estimated from Fig. 4a
Effect of Ce Substitution for Sb on the Thermoelectric Properties of AgSbTe2 Compound.pdf,10.1007/s11664-014-3076-7,AgSbTe2,AgCe0.005Sb0.995Te2.01,AgCe0.005Sb0.995Te2.01,1,No,Ce,x = 0.005,Sb,,Ce (x = 0.005) @ Sb site,Seebeck coefficient,230,uV K^-1,300,K,figure,Fig. 4b,Visually estimated from Fig. 4b
Effect of Ce Substitution for Sb on the Thermoelectric Properties of AgSbTe2 Compound.pdf,10.1007/s11664-014-3076-7,AgSbTe2,AgCe0.005Sb0.995Te2.01,AgCe0.005Sb0.995Te2.01,1,No,Ce,x = 0.005,Sb,,Ce (x = 0.005) @ Sb site,Seebeck coefficient,250,uV K^-1,500,K,figure,Fig. 4b,Visually estimated from Fig. 4b
Effect of Ce Substitution for Sb on the Thermoelectric Properties of AgSbTe2 Compound.pdf,10.1007/s11664-014-3076-7,AgSbTe2,AgCe0.005Sb0.995Te2.01,AgCe0.005Sb0.995Te2.01,1,No,Ce,x = 0.005,Sb,,Ce (x = 0.005) @ Sb site,ZT,0.45,dimensionless,300,K,figure,Fig. 6,Visually estimated from Fig. 6
Effect of Ce Substitution for Sb on the Thermoelectric Properties of AgSbTe2 Compound.pdf,10.1007/s11664-014-3076-7,AgSbTe2,AgCe0.005Sb0.995Te2.01,AgCe0.005Sb0.995Te2.01,1,No,Ce,x = 0.005,Sb,,Ce (x = 0.005) @ Sb site,ZT,1.05,dimensionless,500,K,figure,Fig. 6,Visually estimated from Fig. 6
Effect of Ce Substitution for Sb on the Thermoelectric Properties of AgSbTe2 Compound.pdf,10.1007/s11664-014-3076-7,AgSbTe2,AgCe0.01Sb0.99Te2.01,AgCe0.01Sb0.99Te2.01,1,No,Ce,x = 0.01,Sb,,Ce (x = 0.01) @ Sb site,electrical conductivity,1.6,10^4 S m^-1,300,K,figure,Fig. 4a,Visually estimated from Fig. 4a
Effect of Ce Substitution for Sb on the Thermoelectric Properties of AgSbTe2 Compound.pdf,10.1007/s11664-014-3076-7,AgSbTe2,AgCe0.01Sb0.99Te2.01,AgCe0.01Sb0.99Te2.01,1,No,Ce,x = 0.01,Sb,,Ce (x = 0.01) @ Sb site,electrical conductivity,1.7,10^4 S m^-1,500,K,figure,Fig. 4a,Visually estimated from Fig. 4a
Effect of Ce Substitution for Sb on the Thermoelectric Properties of AgSbTe2 Compound.pdf,10.1007/s11664-014-3076-7,AgSbTe2,AgCe0.01Sb0.99Te2.01,AgCe0.01Sb0.99Te2.01,1,No,Ce,x = 0.01,Sb,,Ce (x = 0.01) @ Sb site,Seebeck coefficient,235,uV K^-1,300,K,figure,Fig. 4b,Visually estimated from Fig. 4b
Effect of Ce Substitution for Sb on the Thermoelectric Properties of AgSbTe2 Compound.pdf,10.1007/s11664-014-3076-7,AgSbTe2,AgCe0.01Sb0.99Te2.01,AgCe0.01Sb0.99Te2.01,1,No,Ce,x = 0.01,Sb,,Ce (x = 0.01) @ Sb site,Seebeck coefficient,255,uV K^-1,500,K,figure,Fig. 4b,Visually estimated from Fig. 4b
Effect of Ce Substitution for Sb on the Thermoelectric Properties of AgSbTe2 Compound.pdf,10.1007/s11664-014-3076-7,AgSbTe2,AgCe0.01Sb0.99Te2.01,AgCe0.01Sb0.99Te2.01,1,No,Ce,x = 0.01,Sb,,Ce (x = 0.01) @ Sb site,ZT,0.48,dimensionless,300,K,figure,Fig. 6,Visually estimated from Fig. 6
Effect of Ce Substitution for Sb on the Thermoelectric Properties of AgSbTe2 Compound.pdf,10.1007/s11664-014-3076-7,AgSbTe2,AgCe0.01Sb0.99Te2.01,AgCe0.01Sb0.99Te2.01,1,No,Ce,x = 0.01,Sb,,Ce (x = 0.01) @ Sb site,ZT,1.0,dimensionless,500,K,figure,Fig. 6,Visually estimated from Fig. 6
Effect of Ce Substitution for Sb on the Thermoelectric Properties of AgSbTe2 Compound.pdf,10.1007/s11664-014-3076-7,AgSbTe2,AgCe0.03Sb0.97Te2.01,AgCe0.03Sb0.97Te2.01,1,No,Ce,x = 0.03,Sb,,Ce (x = 0.03) @ Sb site,electrical conductivity,1.5,10^4 S m^-1,300,K,figure,Fig. 4a,Visually estimated from Fig. 4a
Effect of Ce Substitution for Sb on the Thermoelectric Properties of AgSbTe2 Compound.pdf,10.1007/s11664-014-3076-7,AgSbTe2,AgCe0.03Sb0.97Te2.01,AgCe0.03Sb0.97Te2.01,1,No,Ce,x = 0.03,Sb,,Ce (x = 0.03) @ Sb site,electrical conductivity,1.6,10^4 S m^-1,500,K,figure,Fig. 4a,Visually estimated from Fig. 4a
Effect of Ce Substitution for Sb on the Thermoelectric Properties of AgSbTe2 Compound.pdf,10.1007/s11664-014-3076-7,AgSbTe2,AgCe0.03Sb0.97Te2.01,AgCe0.03Sb0.97Te2.01,1,No,Ce,x = 0.03,Sb,,Ce (x = 0.03) @ Sb site,Seebeck coefficient,225,uV K^-1,300,K,figure,Fig. 4b,Visually estimated from Fig. 4b
Effect of Ce Substitution for Sb on the Thermoelectric Properties of AgSbTe2 Compound.pdf,10.1007/s11664-014-3076-7,AgSbTe2,AgCe0.03Sb0.97Te2.01,AgCe0.03Sb0.97Te2.01,1,No,Ce,x = 0.03,Sb,,Ce (x = 0.03) @ Sb site,Seebeck coefficient,245,uV K^-1,500,K,figure,Fig. 4b,Visually estimated from Fig. 4b
Effect of Ce Substitution for Sb on the Thermoelectric Properties of AgSbTe2 Compound.pdf,10.1007/s11664-014-3076-7,AgSbTe2,AgCe0.03Sb0.97Te2.01,AgCe0.03Sb0.97Te2.01,1,No,Ce,x = 0.03,Sb,,Ce (x = 0.03) @ Sb site,ZT,0.42,dimensionless,300,K,figure,Fig. 6,Visually estimated from Fig. 6
Effect of Ce Substitution for Sb on the Thermoelectric Properties of AgSbTe2 Compound.pdf,10.1007/s11664-014-3076-7,AgSbTe2,AgCe0.03Sb0.97Te2.01,AgCe0.03Sb0.97Te2.01,1,No,Ce,x = 0.03,Sb,,Ce (x = 0.03) @ Sb site,ZT,0.95,dimensionless,500,K,figure,Fig. 6,Visually estimated from Fig. 6
Effect of Ce Substitution for Sb on the Thermoelectric Properties of AgSbTe2 Compound.pdf,10.1007/s11664-014-3076-7,AgSbTe2,AgSbTe2.01,AgSbTe2.01,0,No,,,,,,ZT,1.40,dimensionless,560,K,body text,,
Effect of Ce Substitution for Sb on the Thermoelectric Properties of AgSbTe2 Compound.pdf,10.1007/s11664-014-3076-7,AgSbTe2,AgCe0.01Sb0.99Te2.01,AgCe0.01Sb0.99Te2.01,1,No,Ce,x = 0.01,Sb,,Ce (x = 0.01) @ Sb site,ZT,1.0,dimensionless,475,K,body text,,
Effect of La-doping on AgSbTe2 thermoelectric compounds.pdf,10.3938/jkps.68.164,AgSbTe2,x=0,AgSbTe2,0,No,,,,,,Seebeck coefficient,85.72,μV/K,room temperature,,Table 1,,
Effect of La-doping on AgSbTe2 thermoelectric compounds.pdf,10.3938/jkps.68.164,AgSbTe2,x=0,AgSbTe2,0,No,,,,,,electrical conductivity,44.25,10^3 S/m,room temperature,,Table 1,,
Effect of La-doping on AgSbTe2 thermoelectric compounds.pdf,10.3938/jkps.68.164,AgSbTe2,x=0,AgSbTe2,0,No,,,,,,ZT,1.39,dimensionless,673,K,body text,,
Effect of La-doping on AgSbTe2 thermoelectric compounds.pdf,10.3938/jkps.68.164,AgSbTe2,x=0.01,Ag(Sb0.99La0.01)Te2,1,No,La,0.01,Sb,,La (0.01) @ Sb site,Seebeck coefficient,227.57,μV/K,room temperature,,Table 1,,
Effect of La-doping on AgSbTe2 thermoelectric compounds.pdf,10.3938/jkps.68.164,AgSbTe2,x=0.01,Ag(Sb0.99La0.01)Te2,1,No,La,0.01,Sb,,La (0.01) @ Sb site,electrical conductivity,19.37,10^3 S/m,room temperature,,Table 1,,
Effect of La-doping on AgSbTe2 thermoelectric compounds.pdf,10.3938/jkps.68.164,AgSbTe2,x=0.01,Ag(Sb0.99La0.01)Te2,1,No,La,0.01,Sb,,La (0.01) @ Sb site,ZT,1.50,dimensionless,573,K,body text,,
Effect of La-doping on AgSbTe2 thermoelectric compounds.pdf,10.3938/jkps.68.164,AgSbTe2,x=0.02,Ag(Sb0.98La0.02)Te2,1,No,La,0.02,Sb,,La (0.02) @ Sb site,Seebeck coefficient,278.77,μV/K,room temperature,,Table 1,,
Effect of La-doping on AgSbTe2 thermoelectric compounds.pdf,10.3938/jkps.68.164,AgSbTe2,x=0.02,Ag(Sb0.98La0.02)Te2,1,No,La,0.02,Sb,,La (0.02) @ Sb site,electrical conductivity,3.83,10^3 S/m,room temperature,,Table 1,,
Effect of La-doping on AgSbTe2 thermoelectric compounds.pdf,10.3938/jkps.68.164,AgSbTe2,x=0.02,Ag(Sb0.98La0.02)Te2,1,No,La,0.02,Sb,,La (0.02) @ Sb site,Seebeck coefficient,358,μV/K,,,body text,,Maximum Seebeck coefficient
Effect of La-doping on AgSbTe2 thermoelectric compounds.pdf,10.3938/jkps.68.164,AgSbTe2,x=0.03,Ag(Sb0.97La0.03)Te2,1,No,La,0.03,Sb,,La (0.03) @ Sb site,Seebeck coefficient,214.90,μV/K,room temperature,,Table 1,,
Effect of La-doping on AgSbTe2 thermoelectric compounds.pdf,10.3938/jkps.68.164,AgSbTe2,x=0.03,Ag(Sb0.97La0.03)Te2,1,No,La,0.03,Sb,,La (0.03) @ Sb site,electrical conductivity,6.06,10^3 S/m,room temperature,,Table 1,,
Effect of La-doping on AgSbTe2 thermoelectric compounds.pdf,10.3938/jkps.68.164,AgSbTe2,x=0.05,Ag(Sb0.95La0.05)Te2,1,No,La,0.05,Sb,,La (0.05) @ Sb site,Seebeck coefficient,240.91,μV/K,room temperature,,Table 1,,
Effect of La-doping on AgSbTe2 thermoelectric compounds.pdf,10.3938/jkps.68.164,AgSbTe2,x=0.05,Ag(Sb0.95La0.05)Te2,1,No,La,0.05,Sb,,La (0.05) @ Sb site,electrical conductivity,6.14,10^3 S/m,room temperature,,Table 1,,
Effect of La-doping on AgSbTe2 thermoelectric compounds.pdf,10.3938/jkps.68.164,AgSbTe2,AgSbTe2,AgSbTe2,0,No,,,,,,ZT,1.39,dimensionless,673,K,text,"page 168, column 2",
Effect of La-doping on AgSbTe2 thermoelectric compounds.pdf,10.3938/jkps.68.164,AgSbTe2,Ag(Sb0.99La0.01)Te2,Ag(Sb0.99La0.01)Te2,1,No,La,0.01,Sb,,La (0.01) @ Sb site,ZT,1.50,dimensionless,573,K,text,"page 168, column 2",
Effect of La-doping on AgSbTe2 thermoelectric compounds.pdf,10.3938/jkps.68.164,AgSbTe2,Ag(Sb0.98La0.02)Te2,Ag(Sb0.98La0.02)Te2,1,No,La,0.02,Sb,,La (0.02) @ Sb site,,,,,,,,
Effect of La-doping on AgSbTe2 thermoelectric compounds.pdf,10.3938/jkps.68.164,AgSbTe2,Ag(Sb0.97La0.03)Te2,Ag(Sb0.97La0.03)Te2,1,No,La,0.03,Sb,,La (0.03) @ Sb site,,,,,,,,
Effect of La-doping on AgSbTe2 thermoelectric compounds.pdf,10.3938/jkps.68.164,AgSbTe2,Ag(Sb0.95La0.05)Te2,Ag(Sb0.95La0.05)Te2,1,No,La,0.05,Sb,,La (0.05) @ Sb site,,,,,,,,
Effects_of_nano-domains_on_thermoelectric_properties_in_telluride_system.pdf,10.1109/NMDC.2011.6155313,AgSbTe2,AgSbTe2,AgSbTe2,0,No,,,,,,Seebeck coefficient,253,uV/K,623,K,table,Table I,
Effects_of_nano-domains_on_thermoelectric_properties_in_telluride_system.pdf,10.1109/NMDC.2011.6155313,AgSbTe2,AgSbTe2,AgSbTe2,0,No,,,,,,electrical conductivity,19230.77,S/m,623,K,table,Table I,Calculated from resistivity 52 uOhm m
Effects_of_nano-domains_on_thermoelectric_properties_in_telluride_system.pdf,10.1109/NMDC.2011.6155313,AgSbTe2,AgSbTe2,AgSbTe2,0,No,,,,,,thermal conductivity,0.56,W/K m,623,K,table,Table I,
Effects_of_nano-domains_on_thermoelectric_properties_in_telluride_system.pdf,10.1109/NMDC.2011.6155313,AgSbTe2,AgSbTe2,AgSbTe2,0,No,,,,,,power factor,1.23,mW/m K^2,623,K,table,Table I,
Effects_of_nano-domains_on_thermoelectric_properties_in_telluride_system.pdf,10.1109/NMDC.2011.6155313,AgSbTe2,AgSbTe2,AgSbTe2,0,No,,,,,,ZT,1.47,dimensionless,623,K,table,Table I,
Effects_of_nano-domains_on_thermoelectric_properties_in_telluride_system.pdf,10.1109/NMDC.2011.6155313,AgSbTe2,AgSbTe2,AgSbTe2,0,No,,,,,,thermal conductivity,0.56,W/m·K,623,K,table,Table I,
Effects_of_nano-domains_on_thermoelectric_properties_in_telluride_system.pdf,10.1109/NMDC.2011.6155313,AgSbTe2,AgSbTe2,AgSbTe2,0,No,,,,,,Seebeck coefficient,253,μV/K,623,K,table,Table I,
Effects_of_nano-domains_on_thermoelectric_properties_in_telluride_system.pdf,10.1109/NMDC.2011.6155313,AgSbTe2,AgSbTe2,AgSbTe2,0,No,,,,,,electrical conductivity,19.23,S/cm,623,K,table,Calculated from resistivity 52 μOhm·m in Table I,
Effects_of_nano-domains_on_thermoelectric_properties_in_telluride_system.pdf,10.1109/NMDC.2011.6155313,AgSbTe2,AgSbTe2,AgSbTe2,0,No,,,,,,power factor,1.23,mW/m·K^2,623,K,table,Table I,
Electron transport properties of La-doped AgSbTe2 thermoelectric compounds.pdf,10.1007/s13391-011-0914-0,AgSbTe2,x=0,AgSbTe2,0,No,,,,,,Seebeck coefficient,85.72,µV/K,room temperature,,Table 2,,
Electron transport properties of La-doped AgSbTe2 thermoelectric compounds.pdf,10.1007/s13391-011-0914-0,AgSbTe2,x=0,AgSbTe2,0,No,,,,,,electrical conductivity,22.6,µΩm,room temperature,,Table 2,,Reported as electrical resistivity
Electron transport properties of La-doped AgSbTe2 thermoelectric compounds.pdf,10.1007/s13391-011-0914-0,AgSbTe2,x=0.01,Ag(Sb0.99La0.01)Te2,1,No,La,0.01,Sb,,La (0.01) @ Sb site,Seebeck coefficient,227.57,µV/K,room temperature,,Table 2,,
Electron transport properties of La-doped AgSbTe2 thermoelectric compounds.pdf,10.1007/s13391-011-0914-0,AgSbTe2,x=0.01,Ag(Sb0.99La0.01)Te2,1,No,La,0.01,Sb,,La (0.01) @ Sb site,electrical conductivity,51.64,µΩm,room temperature,,Table 2,,Reported as electrical resistivity
Electron transport properties of La-doped AgSbTe2 thermoelectric compounds.pdf,10.1007/s13391-011-0914-0,AgSbTe2,x=0.02,Ag(Sb0.98La0.02)Te2,1,No,La,0.02,Sb,,La (0.02) @ Sb site,Seebeck coefficient,358,µV/K,150,°C,body text,,
Electron transport properties of La-doped AgSbTe2 thermoelectric compounds.pdf,10.1007/s13391-011-0914-0,AgSbTe2,x=0.02,Ag(Sb0.98La0.02)Te2,1,No,La,0.02,Sb,,La (0.02) @ Sb site,Seebeck coefficient,278.77,µV/K,room temperature,,Table 2,,
Electron transport properties of La-doped AgSbTe2 thermoelectric compounds.pdf,10.1007/s13391-011-0914-0,AgSbTe2,x=0.02,Ag(Sb0.98La0.02)Te2,1,No,La,0.02,Sb,,La (0.02) @ Sb site,electrical conductivity,261.05,µΩm,room temperature,,Table 2,,Reported as electrical resistivity
Electron transport properties of La-doped AgSbTe2 thermoelectric compounds.pdf,10.1007/s13391-011-0914-0,AgSbTe2,x=0.03,Ag(Sb0.97La0.03)Te2,1,No,La,0.03,Sb,,La (0.03) @ Sb site,Seebeck coefficient,214.9,µV/K,room temperature,,Table 2,,
Electron transport properties of La-doped AgSbTe2 thermoelectric compounds.pdf,10.1007/s13391-011-0914-0,AgSbTe2,x=0.03,Ag(Sb0.97La0.03)Te2,1,No,La,0.03,Sb,,La (0.03) @ Sb site,electrical conductivity,164.95,µΩm,room temperature,,Table 2,,Reported as electrical resistivity
Electron transport properties of La-doped AgSbTe2 thermoelectric compounds.pdf,10.1007/s13391-011-0914-0,AgSbTe2,x=0.05,Ag(Sb0.95La0.05)Te2,1,No,La,0.05,Sb,,La (0.05) @ Sb site,Seebeck coefficient,240.91,µV/K,room temperature,,Table 2,,
Electron transport properties of La-doped AgSbTe2 thermoelectric compounds.pdf,10.1007/s13391-011-0914-0,AgSbTe2,x=0.05,Ag(Sb0.95La0.05)Te2,1,No,La,0.05,Sb,,La (0.05) @ Sb site,electrical conductivity,162.87,µΩm,room temperature,,Table 2,,Reported as electrical resistivity
Electron transport properties of La-doped AgSbTe2 thermoelectric compounds.pdf,10.1007/s13391-011-0914-0,AgSbTe2,x=0,AgSbTe2,0,No,,,,,,Seebeck coefficient,85.72,uV/K,,,table,Table 2,Room temperature
Electron transport properties of La-doped AgSbTe2 thermoelectric compounds.pdf,10.1007/s13391-011-0914-0,AgSbTe2,x=0,AgSbTe2,0,No,,,,,,electrical conductivity,44.25,S/cm,,,table,Table 2,"Calculated from resistivity 22.6 uOhm m (1/22.6e-8 Ohm m = 4424778 S/m = 44247 S/cm). Wait, unit is uOhm m. 1/22.6e-8 = 4.42e6 S/m = 44247 S/cm. Actually, table says 22.6 uOhm m. Room temperature."
Electron transport properties of La-doped AgSbTe2 thermoelectric compounds.pdf,10.1007/s13391-011-0914-0,AgSbTe2,x=0.01,Ag(Sb0.99La0.01)Te2,1,No,La,0.01,Sb,,La (0.01) @ Sb site,Seebeck coefficient,227.57,uV/K,,,table,Table 2,Room temperature
Electron transport properties of La-doped AgSbTe2 thermoelectric compounds.pdf,10.1007/s13391-011-0914-0,AgSbTe2,x=0.02,Ag(Sb0.98La0.02)Te2,1,No,La,0.02,Sb,,La (0.02) @ Sb site,Seebeck coefficient,278.77,uV/K,,,table,Table 2,Room temperature
Electron transport properties of La-doped AgSbTe2 thermoelectric compounds.pdf,10.1007/s13391-011-0914-0,AgSbTe2,x=0.02,Ag(Sb0.98La0.02)Te2,1,No,La,0.02,Sb,,La (0.02) @ Sb site,Seebeck coefficient,358,uV/K,150,C,body text,"Page 255, 258",
Electron transport properties of La-doped AgSbTe2 thermoelectric compounds.pdf,10.1007/s13391-011-0914-0,AgSbTe2,x=0.03,Ag(Sb0.97La0.03)Te2,1,No,La,0.03,Sb,,La (0.03) @ Sb site,Seebeck coefficient,214.9,uV/K,,,table,Table 2,Room temperature
Electron transport properties of La-doped AgSbTe2 thermoelectric compounds.pdf,10.1007/s13391-011-0914-0,AgSbTe2,x=0.05,Ag(Sb0.95La0.05)Te2,1,No,La,0.05,Sb,,La (0.05) @ Sb site,Seebeck coefficient,240.91,uV/K,,,table,Table 2,Room temperature
Enhanced Thermoelectric Properties of AgSb1–xPbxBiySe2 Achieved via Microwave Smelting Combined with Spark Plasma Sintering.pdf,10.1021/acsami.4c20502,AgSbSe2,AgSb1-xPbxSe2 (x=0.00),AgSbSe2,0,No,,,,,,Seebeck coefficient,224.598,μV K-1,300,K,body text,,
Enhanced Thermoelectric Properties of AgSb1–xPbxBiySe2 Achieved via Microwave Smelting Combined with Spark Plasma Sintering.pdf,10.1021/acsami.4c20502,AgSbSe2,AgSb1-xPbxSe2 (x=0.00),AgSbSe2,0,No,,,,,,Seebeck coefficient,284.391,μV K-1,673,K,body text,,
Enhanced Thermoelectric Properties of AgSb1–xPbxBiySe2 Achieved via Microwave Smelting Combined with Spark Plasma Sintering.pdf,10.1021/acsami.4c20502,AgSbSe2,AgSb1-xPbxSe2 (x=0.00),AgSbSe2,0,No,,,,,,lattice thermal conductivity,0.38,Wm1-K-1,673,K,body text,,
Enhanced Thermoelectric Properties of AgSb1–xPbxBiySe2 Achieved via Microwave Smelting Combined with Spark Plasma Sintering.pdf,10.1021/acsami.4c20502,AgSbSe2,AgSb1-xPbxSe2 (x=0.05),AgSb0.95Pb0.05Se2,1,No,Pb,0.05,Sb,,Pb (0.05) @ Sb site,Seebeck coefficient,167.111,μV K-1,300,K,body text,,
Enhanced Thermoelectric Properties of AgSb1–xPbxBiySe2 Achieved via Microwave Smelting Combined with Spark Plasma Sintering.pdf,10.1021/acsami.4c20502,AgSbSe2,AgSb1-xPbxSe2 (x=0.05),AgSb0.95Pb0.05Se2,1,No,Pb,0.05,Sb,,Pb (0.05) @ Sb site,Seebeck coefficient,252.554,μV K-1,673,K,body text,,
Enhanced Thermoelectric Properties of AgSb1–xPbxBiySe2 Achieved via Microwave Smelting Combined with Spark Plasma Sintering.pdf,10.1021/acsami.4c20502,AgSbSe2,AgSb1-xPbxSe2 (x=0.05),AgSb0.95Pb0.05Se2,1,No,Pb,0.05,Sb,,Pb (0.05) @ Sb site,total thermal conductivity,0.405,Wm1-K-1,673,K,body text,,
Enhanced Thermoelectric Properties of AgSb1–xPbxBiySe2 Achieved via Microwave Smelting Combined with Spark Plasma Sintering.pdf,10.1021/acsami.4c20502,AgSbSe2,AgSb1-xPbxSe2 (x=0.05),AgSb0.95Pb0.05Se2,1,No,Pb,0.05,Sb,,Pb (0.05) @ Sb site,lattice thermal conductivity,0.33,Wm1-K-1,673,K,body text,,
Enhanced Thermoelectric Properties of AgSb1–xPbxBiySe2 Achieved via Microwave Smelting Combined with Spark Plasma Sintering.pdf,10.1021/acsami.4c20502,AgSbSe2,AgSb0.955Pb0.045Bi0.025Se2,AgSb0.955Pb0.045Bi0.025Se2,2,Yes,Pb,0.045,Sb,Bi (0.025) @ unclear,Pb (0.045) @ Sb site; Bi (0.025) @ unclear site,power factor,720,μWK-2 m-1,723,K,body text,,
Enhanced Thermoelectric Properties of AgSb1–xPbxBiySe2 Achieved via Microwave Smelting Combined with Spark Plasma Sintering.pdf,10.1021/acsami.4c20502,AgSbSe2,AgSb0.955Pb0.045Bi0.025Se2,AgSb0.955Pb0.045Bi0.025Se2,2,Yes,Pb,0.045,Sb,Bi (0.025) @ unclear,Pb (0.045) @ Sb site; Bi (0.025) @ unclear site,lattice thermal conductivity,0.36,Wm1-K-1,,,body text,,
Enhanced Thermoelectric Properties of AgSb1–xPbxBiySe2 Achieved via Microwave Smelting Combined with Spark Plasma Sintering.pdf,10.1021/acsami.4c20502,AgSbSe2,AgSb0.955Pb0.045Bi0.025Se2,AgSb0.955Pb0.045Bi0.025Se2,2,Yes,Pb,0.045,Sb,Bi (0.025) @ unclear,Pb (0.045) @ Sb site; Bi (0.025) @ unclear site,ZT,1.23,dimensionless,723,K,body text,,
Enhanced Thermoelectric Properties of AgSb1–xPbxBiySe2 Achieved via Microwave Smelting Combined with Spark Plasma Sintering.pdf,10.1021/acsami.4c20502,AgSbSe2,AgSb0.955Pb0.045Bi0.025Se2,AgSb0.955Pb0.045Bi0.025Se2,2,Yes,Pb,0.045,Sb,Bi (0.025) @ unclear,Pb (0.045) @ Sb site; Bi (0.025) @ unclear site,power factor,731,μWK-2 m-1,723,K,body text,,
Enhanced Thermoelectric Properties of AgSb1–xPbxBiySe2 Achieved via Microwave Smelting Combined with Spark Plasma Sintering.pdf,10.1021/acsami.4c20502,AgSbSe2,AgSb1-xPbxSe2 (x=0),AgSbSe2,0,No,,,,,,electrical conductivity,50,S cm-1,300,K,figure,Figure 2a,Visually estimated from Figure 2a
Enhanced Thermoelectric Properties of AgSb1–xPbxBiySe2 Achieved via Microwave Smelting Combined with Spark Plasma Sintering.pdf,10.1021/acsami.4c20502,AgSbSe2,AgSb1-xPbxSe2 (x=0),AgSbSe2,0,No,,,,,,Seebeck coefficient,200,uV K-1,300,K,figure,Figure 2c,Visually estimated from Figure 2c
Enhanced Thermoelectric Properties of AgSb1–xPbxBiySe2 Achieved via Microwave Smelting Combined with Spark Plasma Sintering.pdf,10.1021/acsami.4c20502,AgSbSe2,AgSb1-xPbxSe2 (x=0),AgSbSe2,0,No,,,,,,power factor,280,uW m-1 K-2,300,K,figure,Figure 2d,Visually estimated from Figure 2d
Enhanced Thermoelectric Properties of AgSb1–xPbxBiySe2 Achieved via Microwave Smelting Combined with Spark Plasma Sintering.pdf,10.1021/acsami.4c20502,AgSbSe2,AgSb1-xPbxSe2 (x=0),AgSbSe2,0,No,,,,,,thermal conductivity,0.54,W m-1 K-1,300,K,figure,Figure 2e,Visually estimated from Figure 2e
Enhanced Thermoelectric Properties of AgSb1–xPbxBiySe2 Achieved via Microwave Smelting Combined with Spark Plasma Sintering.pdf,10.1021/acsami.4c20502,AgSbSe2,AgSb1-xPbxSe2 (x=0),AgSbSe2,0,No,,,,,,lattice thermal conductivity,0.48,W m-1 K-1,300,K,figure,Figure 2f,Visually estimated from Figure 2f
Enhanced Thermoelectric Properties of AgSb1–xPbxBiySe2 Achieved via Microwave Smelting Combined with Spark Plasma Sintering.pdf,10.1021/acsami.4c20502,AgSbSe2,AgSb1-xPbxSe2 (x=0),AgSbSe2,0,No,,,,,,ZT,0.15,dimensionless,300,K,figure,Figure 4,Visually estimated from Figure 4
Enhanced Thermoelectric Properties of AgSb1–xPbxBiySe2 Achieved via Microwave Smelting Combined with Spark Plasma Sintering.pdf,10.1021/acsami.4c20502,AgSbSe2,AgSb1-xPbxSe2 (x=0.05),AgSb0.95Pb0.05Se2,1,No,Pb,x=0.05,Sb,,Pb (x=0.05) @ Sb site,electrical conductivity,105,S cm-1,300,K,figure,Figure 2a,Visually estimated from Figure 2a
Enhanced Thermoelectric Properties of AgSb1–xPbxBiySe2 Achieved via Microwave Smelting Combined with Spark Plasma Sintering.pdf,10.1021/acsami.4c20502,AgSbSe2,AgSb1-xPbxSe2 (x=0.05),AgSb0.95Pb0.05Se2,1,No,Pb,x=0.05,Sb,,Pb (x=0.05) @ Sb site,Seebeck coefficient,180,uV K-1,300,K,figure,Figure 2c,Visually estimated from Figure 2c
Enhanced Thermoelectric Properties of AgSb1–xPbxBiySe2 Achieved via Microwave Smelting Combined with Spark Plasma Sintering.pdf,10.1021/acsami.4c20502,AgSbSe2,AgSb1-xPbxSe2 (x=0.05),AgSb0.95Pb0.05Se2,1,No,Pb,x=0.05,Sb,,Pb (x=0.05) @ Sb site,power factor,350,uW m-1 K-2,300,K,figure,Figure 2d,Visually estimated from Figure 2d
Enhanced Thermoelectric Properties of AgSb1–xPbxBiySe2 Achieved via Microwave Smelting Combined with Spark Plasma Sintering.pdf,10.1021/acsami.4c20502,AgSbSe2,AgSb1-xPbxSe2 (x=0.05),AgSb0.95Pb0.05Se2,1,No,Pb,x=0.05,Sb,,Pb (x=0.05) @ Sb site,thermal conductivity,0.48,W m-1 K-1,300,K,figure,Figure 2e,Visually estimated from Figure 2e
Enhanced Thermoelectric Properties of AgSb1–xPbxBiySe2 Achieved via Microwave Smelting Combined with Spark Plasma Sintering.pdf,10.1021/acsami.4c20502,AgSbSe2,AgSb1-xPbxSe2 (x=0.05),AgSb0.95Pb0.05Se2,1,No,Pb,x=0.05,Sb,,Pb (x=0.05) @ Sb site,lattice thermal conductivity,0.42,W m-1 K-1,300,K,figure,Figure 2f,Visually estimated from Figure 2f
Enhanced Thermoelectric Properties of AgSb1–xPbxBiySe2 Achieved via Microwave Smelting Combined with Spark Plasma Sintering.pdf,10.1021/acsami.4c20502,AgSbSe2,AgSb1-xPbxSe2 (x=0.05),AgSb0.95Pb0.05Se2,1,No,Pb,x=0.05,Sb,,Pb (x=0.05) @ Sb site,ZT,0.20,dimensionless,300,K,figure,Figure 4,Visually estimated from Figure 4
Enhanced Thermoelectric Properties of AgSb1–xPbxBiySe2 Achieved via Microwave Smelting Combined with Spark Plasma Sintering.pdf,10.1021/acsami.4c20502,AgSbSe2,"AgSb1-xPbxBiSe2 (x=0, y=0)",AgSbTe2,0,No,,,,,,Seebeck coefficient,225,uV/K,300,K,figure,Fig. 6c,Visually estimated from Fig. 6c
Enhanced Thermoelectric Properties of AgSb1–xPbxBiySe2 Achieved via Microwave Smelting Combined with Spark Plasma Sintering.pdf,10.1021/acsami.4c20502,AgSbSe2,"AgSb1-xPbxBiSe2 (x=0, y=0)",AgSbTe2,0,No,,,,,,electrical conductivity,55,S/cm,300,K,figure,Fig. 6a,Visually estimated from Fig. 6a
Enhanced Thermoelectric Properties of AgSb1–xPbxBiySe2 Achieved via Microwave Smelting Combined with Spark Plasma Sintering.pdf,10.1021/acsami.4c20502,AgSbSe2,"AgSb1-xPbxBiSe2 (x=0, y=0)",AgSbTe2,0,No,,,,,,power factor,280,uW m^-1 K^-2,300,K,figure,Fig. 6d,Visually estimated from Fig. 6d
Enhanced Thermoelectric Properties of AgSb1–xPbxBiySe2 Achieved via Microwave Smelting Combined with Spark Plasma Sintering.pdf,10.1021/acsami.4c20502,AgSbSe2,"AgSb1-xPbxBiSe2 (x=0, y=0)",AgSbTe2,0,No,,,,,,ZT,0.2,dimensionless,300,K,figure,Fig. 9,Visually estimated from Fig. 9
Enhanced Thermoelectric Properties of AgSb1–xPbxBiySe2 Achieved via Microwave Smelting Combined with Spark Plasma Sintering.pdf,10.1021/acsami.4c20502,AgSbSe2,AgSb0.955Pb0.045Bi0.025Se2,AgSb0.955Pb0.045Bi0.025Se2,2,Yes,Pb,0.045,Sb,Bi (0.025) @ Sb,Pb (0.045) @ Sb site; Bi (0.025) @ Sb site,Seebeck coefficient,165,uV/K,300,K,figure,Fig. 6c,Visually estimated from Fig. 6c
Enhanced Thermoelectric Properties of AgSb1–xPbxBiySe2 Achieved via Microwave Smelting Combined with Spark Plasma Sintering.pdf,10.1021/acsami.4c20502,AgSbSe2,AgSb0.955Pb0.045Bi0.025Se2,AgSb0.955Pb0.045Bi0.025Se2,2,Yes,Pb,0.045,Sb,Bi (0.025) @ Sb,Pb (0.045) @ Sb site; Bi (0.025) @ Sb site,electrical conductivity,150,S/cm,300,K,figure,Fig. 6a,Visually estimated from Fig. 6a
Enhanced Thermoelectric Properties of AgSb1–xPbxBiySe2 Achieved via Microwave Smelting Combined with Spark Plasma Sintering.pdf,10.1021/acsami.4c20502,AgSbSe2,AgSb0.955Pb0.045Bi0.025Se2,AgSb0.955Pb0.045Bi0.025Se2,2,Yes,Pb,0.045,Sb,Bi (0.025) @ Sb,Pb (0.045) @ Sb site; Bi (0.025) @ Sb site,power factor,420,uW m^-1 K^-2,300,K,figure,Fig. 6d,Visually estimated from Fig. 6d
Enhanced Thermoelectric Properties of AgSb1–xPbxBiySe2 Achieved via Microwave Smelting Combined with Spark Plasma Sintering.pdf,10.1021/acsami.4c20502,AgSbSe2,AgSb0.955Pb0.045Bi0.025Se2,AgSb0.955Pb0.045Bi0.025Se2,2,Yes,Pb,0.045,Sb,Bi (0.025) @ Sb,Pb (0.045) @ Sb site; Bi (0.025) @ Sb site,ZT,0.25,dimensionless,300,K,figure,Fig. 9,Visually estimated from Fig. 9
Enhanced thermoelectric composite performance from graphene nanosheets additives in AgSbTe2 matrix.pdf,10.1016/j.ceramint.2022.06.092,AgSbTe2,0 vol% graphene/AgSbTe2,AgSbTe2,0,No,,,,,,electrical conductivity,1.6,10^4 S/m,room temperature,,body text,Page 1,
Enhanced thermoelectric composite performance from graphene nanosheets additives in AgSbTe2 matrix.pdf,10.1016/j.ceramint.2022.06.092,AgSbTe2,0 vol% graphene/AgSbTe2,AgSbTe2,0,No,,,,,,ZT,0.74,dimensionless,500K,,body text,"Page 2, calculated from 1.25/1.69",
Enhanced thermoelectric composite performance from graphene nanosheets additives in AgSbTe2 matrix.pdf,10.1016/j.ceramint.2022.06.092,AgSbTe2,0.6 vol% graphene/AgSbTe2,0.6 vol% graphene/AgSbTe2,1,No,graphene,0.6 vol%,interstitial,,graphene (0.6 vol%) @ interstitial site,,,,,,,,
Enhanced thermoelectric composite performance from graphene nanosheets additives in AgSbTe2 matrix.pdf,10.1016/j.ceramint.2022.06.092,AgSbTe2,0.9 vol% graphene/AgSbTe2,0.9 vol% graphene/AgSbTe2,1,No,graphene,0.9 vol%,interstitial,,graphene (0.9 vol%) @ interstitial site,electrical conductivity,2.5,10^4 S/m,room temperature,,body text,Page 1,
Enhanced thermoelectric composite performance from graphene nanosheets additives in AgSbTe2 matrix.pdf,10.1016/j.ceramint.2022.06.092,AgSbTe2,0.9 vol% graphene/AgSbTe2,0.9 vol% graphene/AgSbTe2,1,No,graphene,0.9 vol%,interstitial,,graphene (0.9 vol%) @ interstitial site,ZT,1.25,dimensionless,500K,,body text,Page 1,
Enhanced thermoelectric composite performance from graphene nanosheets additives in AgSbTe2 matrix.pdf,10.1016/j.ceramint.2022.06.092,AgSbTe2,0.9 vol% graphene/AgSbTe2,0.9 vol% graphene/AgSbTe2,1,No,graphene,0.9 vol%,interstitial,,graphene (0.9 vol%) @ interstitial site,power factor,13,μW cm^-1 K^-2,500K,,body text,Page 6,
Enhanced thermoelectric composite performance from graphene nanosheets additives in AgSbTe2 matrix.pdf,10.1016/j.ceramint.2022.06.092,AgSbTe2,0.9 vol% graphene/AgSbTe2,0.9 vol% graphene/AgSbTe2,1,No,graphene,0.9 vol%,interstitial,,graphene (0.9 vol%) @ interstitial site,lattice thermal conductivity,0.4,Wm^-1K^-1,300K,,body text,Page 6,
Enhanced thermoelectric composite performance from graphene nanosheets additives in AgSbTe2 matrix.pdf,10.1016/j.ceramint.2022.06.092,AgSbTe2,1.2 vol% graphene/AgSbTe2,1.2 vol% graphene/AgSbTe2,1,No,graphene,1.2 vol%,interstitial,,graphene (1.2 vol%) @ interstitial site,,,,,,,,
Enhanced thermoelectric composite performance from graphene nanosheets additives in AgSbTe2 matrix.pdf,10.1016/j.ceramint.2022.06.092,AgSbTe2,0 vol% graphene,AgSbTe2,0,No,,,,,,electrical conductivity,1.5,10^4 S/m,300,K,figure,Fig. 7a,Visually estimated from Fig. 7a
Enhanced thermoelectric composite performance from graphene nanosheets additives in AgSbTe2 matrix.pdf,10.1016/j.ceramint.2022.06.092,AgSbTe2,0 vol% graphene,AgSbTe2,0,No,,,,,,Seebeck coefficient,210,uV/K,300,K,figure,Fig. 7c,Visually estimated from Fig. 7c
Enhanced thermoelectric composite performance from graphene nanosheets additives in AgSbTe2 matrix.pdf,10.1016/j.ceramint.2022.06.092,AgSbTe2,0 vol% graphene,AgSbTe2,0,No,,,,,,power factor,6,uWcm^-1K^-2,300,K,figure,Fig. 7d,Visually estimated from Fig. 7d
Enhanced thermoelectric composite performance from graphene nanosheets additives in AgSbTe2 matrix.pdf,10.1016/j.ceramint.2022.06.092,AgSbTe2,0.6 vol% graphene,AgSbTe2 + 0.6 vol% graphene,1,No,graphene,0.6 vol%,interstitial,,graphene (0.6 vol%) @ interstitial site,electrical conductivity,1.8,10^4 S/m,300,K,figure,Fig. 7a,Visually estimated from Fig. 7a
Enhanced thermoelectric composite performance from graphene nanosheets additives in AgSbTe2 matrix.pdf,10.1016/j.ceramint.2022.06.092,AgSbTe2,0.6 vol% graphene,AgSbTe2 + 0.6 vol% graphene,1,No,graphene,0.6 vol%,interstitial,,graphene (0.6 vol%) @ interstitial site,Seebeck coefficient,185,uV/K,300,K,figure,Fig. 7c,Visually estimated from Fig. 7c
Enhanced thermoelectric composite performance from graphene nanosheets additives in AgSbTe2 matrix.pdf,10.1016/j.ceramint.2022.06.092,AgSbTe2,0.6 vol% graphene,AgSbTe2 + 0.6 vol% graphene,1,No,graphene,0.6 vol%,interstitial,,graphene (0.6 vol%) @ interstitial site,power factor,7,uWcm^-1K^-2,300,K,figure,Fig. 7d,Visually estimated from Fig. 7d
Enhanced thermoelectric composite performance from graphene nanosheets additives in AgSbTe2 matrix.pdf,10.1016/j.ceramint.2022.06.092,AgSbTe2,0.9 vol% graphene,AgSbTe2 + 0.9 vol% graphene,1,No,graphene,0.9 vol%,interstitial,,graphene (0.9 vol%) @ interstitial site,electrical conductivity,2.4,10^4 S/m,300,K,figure,Fig. 7a,Visually estimated from Fig. 7a
Enhanced thermoelectric composite performance from graphene nanosheets additives in AgSbTe2 matrix.pdf,10.1016/j.ceramint.2022.06.092,AgSbTe2,0.9 vol% graphene,AgSbTe2 + 0.9 vol% graphene,1,No,graphene,0.9 vol%,interstitial,,graphene (0.9 vol%) @ interstitial site,Seebeck coefficient,205,uV/K,300,K,figure,Fig. 7c,Visually estimated from Fig. 7c
Enhanced thermoelectric composite performance from graphene nanosheets additives in AgSbTe2 matrix.pdf,10.1016/j.ceramint.2022.06.092,AgSbTe2,0.9 vol% graphene,AgSbTe2 + 0.9 vol% graphene,1,No,graphene,0.9 vol%,interstitial,,graphene (0.9 vol%) @ interstitial site,power factor,8,uWcm^-1K^-2,300,K,figure,Fig. 7d,Visually estimated from Fig. 7d
Enhanced thermoelectric composite performance from graphene nanosheets additives in AgSbTe2 matrix.pdf,10.1016/j.ceramint.2022.06.092,AgSbTe2,1.2 vol% graphene,AgSbTe2 + 1.2 vol% graphene,1,No,graphene,1.2 vol%,interstitial,,graphene (1.2 vol%) @ interstitial site,electrical conductivity,1.9,10^4 S/m,300,K,figure,Fig. 7a,Visually estimated from Fig. 7a
Enhanced thermoelectric composite performance from graphene nanosheets additives in AgSbTe2 matrix.pdf,10.1016/j.ceramint.2022.06.092,AgSbTe2,1.2 vol% graphene,AgSbTe2 + 1.2 vol% graphene,1,No,graphene,1.2 vol%,interstitial,,graphene (1.2 vol%) @ interstitial site,Seebeck coefficient,200,uV/K,300,K,figure,Fig. 7c,Visually estimated from Fig. 7c
Enhanced thermoelectric composite performance from graphene nanosheets additives in AgSbTe2 matrix.pdf,10.1016/j.ceramint.2022.06.092,AgSbTe2,1.2 vol% graphene,AgSbTe2 + 1.2 vol% graphene,1,No,graphene,1.2 vol%,interstitial,,graphene (1.2 vol%) @ interstitial site,power factor,7.5,uWcm^-1K^-2,300,K,figure,Fig. 7d,Visually estimated from Fig. 7d
Enhanced thermoelectric composite performance from graphene nanosheets additives in AgSbTe2 matrix.pdf,10.1016/j.ceramint.2022.06.092,AgSbTe2,AgSbTe2,AgSbTe2,0,No,,,,,,thermal conductivity,0.55,Wm^-1K^-1,300,K,figure,Fig. 8a,Visually estimated from Fig. 8a
Enhanced thermoelectric composite performance from graphene nanosheets additives in AgSbTe2 matrix.pdf,10.1016/j.ceramint.2022.06.092,AgSbTe2,AgSbTe2,AgSbTe2,0,No,,,,,,thermal conductivity,0.44,Wm^-1K^-1,500,K,figure,Fig. 8a,Visually estimated from Fig. 8a
Enhanced thermoelectric composite performance from graphene nanosheets additives in AgSbTe2 matrix.pdf,10.1016/j.ceramint.2022.06.092,AgSbTe2,AgSbTe2,AgSbTe2,0,No,,,,,,ZT,0.35,dimensionless,300,K,figure,Fig. 8b,Visually estimated from Fig. 8b
Enhanced thermoelectric composite performance from graphene nanosheets additives in AgSbTe2 matrix.pdf,10.1016/j.ceramint.2022.06.092,AgSbTe2,AgSbTe2,AgSbTe2,0,No,,,,,,ZT,0.85,dimensionless,500,K,figure,Fig. 8b,Visually estimated from Fig. 8b
Enhanced thermoelectric composite performance from graphene nanosheets additives in AgSbTe2 matrix.pdf,10.1016/j.ceramint.2022.06.092,AgSbTe2,0.6 vol% graphene/AgSbTe2,AgSbTe2 + 0.6 vol% graphene,1,No,graphene,0.6 vol%,interstitial,,graphene (0.6 vol%) @ interstitial site,thermal conductivity,0.50,Wm^-1K^-1,300,K,figure,Fig. 8a,Visually estimated from Fig. 8a
Enhanced thermoelectric composite performance from graphene nanosheets additives in AgSbTe2 matrix.pdf,10.1016/j.ceramint.2022.06.092,AgSbTe2,0.6 vol% graphene/AgSbTe2,AgSbTe2 + 0.6 vol% graphene,1,No,graphene,0.6 vol%,interstitial,,graphene (0.6 vol%) @ interstitial site,thermal conductivity,0.42,Wm^-1K^-1,500,K,figure,Fig. 8a,Visually estimated from Fig. 8a
Enhanced thermoelectric composite performance from graphene nanosheets additives in AgSbTe2 matrix.pdf,10.1016/j.ceramint.2022.06.092,AgSbTe2,0.6 vol% graphene/AgSbTe2,AgSbTe2 + 0.6 vol% graphene,1,No,graphene,0.6 vol%,interstitial,,graphene (0.6 vol%) @ interstitial site,ZT,0.40,dimensionless,300,K,figure,Fig. 8b,Visually estimated from Fig. 8b
Enhanced thermoelectric composite performance from graphene nanosheets additives in AgSbTe2 matrix.pdf,10.1016/j.ceramint.2022.06.092,AgSbTe2,0.6 vol% graphene/AgSbTe2,AgSbTe2 + 0.6 vol% graphene,1,No,graphene,0.6 vol%,interstitial,,graphene (0.6 vol%) @ interstitial site,ZT,1.05,dimensionless,500,K,figure,Fig. 8b,Visually estimated from Fig. 8b
Enhanced thermoelectric composite performance from graphene nanosheets additives in AgSbTe2 matrix.pdf,10.1016/j.ceramint.2022.06.092,AgSbTe2,0.9 vol% graphene/AgSbTe2,AgSbTe2 + 0.9 vol% graphene,1,No,graphene,0.9 vol%,interstitial,,graphene (0.9 vol%) @ interstitial site,thermal conductivity,0.48,Wm^-1K^-1,300,K,figure,Fig. 8a,Visually estimated from Fig. 8a
Enhanced thermoelectric composite performance from graphene nanosheets additives in AgSbTe2 matrix.pdf,10.1016/j.ceramint.2022.06.092,AgSbTe2,0.9 vol% graphene/AgSbTe2,AgSbTe2 + 0.9 vol% graphene,1,No,graphene,0.9 vol%,interstitial,,graphene (0.9 vol%) @ interstitial site,thermal conductivity,0.38,Wm^-1K^-1,500,K,figure,Fig. 8a,Visually estimated from Fig. 8a
Enhanced thermoelectric composite performance from graphene nanosheets additives in AgSbTe2 matrix.pdf,10.1016/j.ceramint.2022.06.092,AgSbTe2,0.9 vol% graphene/AgSbTe2,AgSbTe2 + 0.9 vol% graphene,1,No,graphene,0.9 vol%,interstitial,,graphene (0.9 vol%) @ interstitial site,ZT,0.45,dimensionless,300,K,figure,Fig. 8b,Visually estimated from Fig. 8b
Enhanced thermoelectric composite performance from graphene nanosheets additives in AgSbTe2 matrix.pdf,10.1016/j.ceramint.2022.06.092,AgSbTe2,0.9 vol% graphene/AgSbTe2,AgSbTe2 + 0.9 vol% graphene,1,No,graphene,0.9 vol%,interstitial,,graphene (0.9 vol%) @ interstitial site,ZT,1.25,dimensionless,500,K,figure,Fig. 8b,Visually estimated from Fig. 8b
Enhanced thermoelectric composite performance from graphene nanosheets additives in AgSbTe2 matrix.pdf,10.1016/j.ceramint.2022.06.092,AgSbTe2,1.2 vol% graphene/AgSbTe2,AgSbTe2 + 1.2 vol% graphene,1,No,graphene,1.2 vol%,interstitial,,graphene (1.2 vol%) @ interstitial site,thermal conductivity,0.45,Wm^-1K^-1,300,K,figure,Fig. 8a,Visually estimated from Fig. 8a
Enhanced thermoelectric composite performance from graphene nanosheets additives in AgSbTe2 matrix.pdf,10.1016/j.ceramint.2022.06.092,AgSbTe2,1.2 vol% graphene/AgSbTe2,AgSbTe2 + 1.2 vol% graphene,1,No,graphene,1.2 vol%,interstitial,,graphene (1.2 vol%) @ interstitial site,thermal conductivity,0.40,Wm^-1K^-1,500,K,figure,Fig. 8a,Visually estimated from Fig. 8a
Enhanced thermoelectric composite performance from graphene nanosheets additives in AgSbTe2 matrix.pdf,10.1016/j.ceramint.2022.06.092,AgSbTe2,1.2 vol% graphene/AgSbTe2,AgSbTe2 + 1.2 vol% graphene,1,No,graphene,1.2 vol%,interstitial,,graphene (1.2 vol%) @ interstitial site,ZT,0.42,dimensionless,300,K,figure,Fig. 8b,Visually estimated from Fig. 8b
Enhanced thermoelectric composite performance from graphene nanosheets additives in AgSbTe2 matrix.pdf,10.1016/j.ceramint.2022.06.092,AgSbTe2,1.2 vol% graphene/AgSbTe2,AgSbTe2 + 1.2 vol% graphene,1,No,graphene,1.2 vol%,interstitial,,graphene (1.2 vol%) @ interstitial site,ZT,1.15,dimensionless,500,K,figure,Fig. 8b,Visually estimated from Fig. 8b
Enhanced thermoelectric performance and novel nanopores in AgSbTe2 prepared by melt spinning.pdf,10.1016/j.jssc.2010.10.036,AgSbTe2,MS-SPS,AgSbTe2,0,No,,,,,,electrical conductivity,2.0 * 10^4,S m^-1,665,K,body text,Section 3.2,
Enhanced thermoelectric performance and novel nanopores in AgSbTe2 prepared by melt spinning.pdf,10.1016/j.jssc.2010.10.036,AgSbTe2,MS-SPS,AgSbTe2,0,No,,,,,,Seebeck coefficient,285,mV K^-1,390,K,body text,Section 3.2,
Enhanced thermoelectric performance and novel nanopores in AgSbTe2 prepared by melt spinning.pdf,10.1016/j.jssc.2010.10.036,AgSbTe2,MS-SPS,AgSbTe2,0,No,,,,,,power factor,1.3,mW K^-2 m^-1,665,K,body text,Section 3.2,
Enhanced thermoelectric performance and novel nanopores in AgSbTe2 prepared by melt spinning.pdf,10.1016/j.jssc.2010.10.036,AgSbTe2,MS-SPS,AgSbTe2,0,No,,,,,,lattice thermal conductivity,0.42,W m^-1 K^-1,300,K,body text,Section 3.3,
Enhanced thermoelectric performance and novel nanopores in AgSbTe2 prepared by melt spinning.pdf,10.1016/j.jssc.2010.10.036,AgSbTe2,MS-SPS,AgSbTe2,0,No,,,,,,lattice thermal conductivity,0.30,W m^-1 K^-1,570,K,body text,Section 3.3,
Enhanced thermoelectric performance and novel nanopores in AgSbTe2 prepared by melt spinning.pdf,10.1016/j.jssc.2010.10.036,AgSbTe2,MS-SPS,AgSbTe2,0,No,,,,,,ZT,1.65,dimensionless,570,K,body text,Section 3.4,
Enhanced thermoelectric performance and novel nanopores in AgSbTe2 prepared by melt spinning.pdf,10.1016/j.jssc.2010.10.036,AgSbTe2,MS-SPS,AgSbTe2,0,No,,,,,,electrical conductivity,2.0,10^4 S m^-1,665,K,figure,,Visually estimated from Fig. 4a
Enhanced thermoelectric performance and novel nanopores in AgSbTe2 prepared by melt spinning.pdf,10.1016/j.jssc.2010.10.036,AgSbTe2,MS-SPS,AgSbTe2,0,No,,,,,,Seebeck coefficient,285,uV K^-1,390,K,figure,,Visually estimated from Fig. 4b
Enhanced thermoelectric performance and novel nanopores in AgSbTe2 prepared by melt spinning.pdf,10.1016/j.jssc.2010.10.036,AgSbTe2,MS-SPS,AgSbTe2,0,No,,,,,,power factor,1.3,mW K^-2 m^-1,665,K,figure,,Visually estimated from inset of Fig. 4b
Enhanced thermoelectric performance and novel nanopores in AgSbTe2 prepared by melt spinning.pdf,10.1016/j.jssc.2010.10.036,AgSbTe2,MS-SPS,AgSbTe2,0,No,,,,,,lattice thermal conductivity,0.30,W m^-1 K^-1,570,K,figure,,Visually estimated from inset of Fig. 5a
Enhanced thermoelectric performance and novel nanopores in AgSbTe2 prepared by melt spinning.pdf,10.1016/j.jssc.2010.10.036,AgSbTe2,MS-SPS,AgSbTe2,0,No,,,,,,ZT,1.65,dimensionless,570,K,figure,,Visually estimated from Fig. 5b
Enhanced thermoelectric performance in AgSbTe2 with extremely low thermal conductivity via grain boundary defects.pdf,10.1063/5.0255308,AgSbTe2,AgSb1-xFexTe2.01 (x=0),AgSbTe2.01,0,No,,,,,,electrical conductivity,91,S/cm,523,K,body text,Page 4,
Enhanced thermoelectric performance in AgSbTe2 with extremely low thermal conductivity via grain boundary defects.pdf,10.1063/5.0255308,AgSbTe2,AgSb1-xFexTe2.01 (x=0),AgSbTe2.01,0,No,,,,,,power factor,8.5,uW cm-1 K-2,323,K,body text,Page 4,
Enhanced thermoelectric performance in AgSbTe2 with extremely low thermal conductivity via grain boundary defects.pdf,10.1063/5.0255308,AgSbTe2,AgSb1-xFexTe2.01 (x=0.01),AgSb0.99Fe0.01Te2.01,1,No,Fe,x=0.01,Sb,,Fe (x=0.01) @ Sb site,Seebeck coefficient,285,uV/K,300,K,body text,Page 6,
Enhanced thermoelectric performance in AgSbTe2 with extremely low thermal conductivity via grain boundary defects.pdf,10.1063/5.0255308,AgSbTe2,AgSb1-xFexTe2.01 (x=0.03),AgSb0.97Fe0.03Te2.01,1,No,Fe,x=0.03,Sb,,Fe (x=0.03) @ Sb site,electrical conductivity,264,S/cm,523,K,body text,Page 4,
Enhanced thermoelectric performance in AgSbTe2 with extremely low thermal conductivity via grain boundary defects.pdf,10.1063/5.0255308,AgSbTe2,AgSb1-xFexTe2.01 (x=0.03),AgSb0.97Fe0.03Te2.01,1,No,Fe,x=0.03,Sb,,Fe (x=0.03) @ Sb site,power factor,12.0,uW cm-1 K-2,323,K,body text,Page 4,
Enhanced thermoelectric performance in AgSbTe2 with extremely low thermal conductivity via grain boundary defects.pdf,10.1063/5.0255308,AgSbTe2,AgSb1-xFexTe2.01 (x=0.03),AgSb0.97Fe0.03Te2.01,1,No,Fe,x=0.03,Sb,,Fe (x=0.03) @ Sb site,power factor,16.5,uW cm-1 K-2,523,K,body text,Page 4,
Enhanced thermoelectric performance in AgSbTe2 with extremely low thermal conductivity via grain boundary defects.pdf,10.1063/5.0255308,AgSbTe2,AgSb1-xFexTe2.01 (x=0.03),AgSb0.97Fe0.03Te2.01,1,No,Fe,x=0.03,Sb,,Fe (x=0.03) @ Sb site,lattice thermal conductivity,0.30,W/mK,523,K,body text,Page 6,
Enhanced thermoelectric performance in AgSbTe2 with extremely low thermal conductivity via grain boundary defects.pdf,10.1063/5.0255308,AgSbTe2,AgSb1-xFexTe2.01 (x=0.03),AgSb0.97Fe0.03Te2.01,1,No,Fe,x=0.03,Sb,,Fe (x=0.03) @ Sb site,ZT,1.8,dimensionless,623,K,body text,"Page 2, Page 6",
Enhanced thermoelectric performance in AgSbTe2 with extremely low thermal conductivity via grain boundary defects.pdf,10.1063/5.0255308,AgSbTe2,AgSb1-xFe_xTe2.01 (x=0),AgSbTe2.01,1,No,Fe,0,unclear,,Fe (0) @ unclear site,electrical conductivity,100,S/cm,323,K,figure,,Visually estimated from Fig. 1(a)
Enhanced thermoelectric performance in AgSbTe2 with extremely low thermal conductivity via grain boundary defects.pdf,10.1063/5.0255308,AgSbTe2,AgSb1-xFe_xTe2.01 (x=0),AgSbTe2.01,1,No,Fe,0,unclear,,Fe (0) @ unclear site,electrical conductivity,150,S/cm,623,K,figure,,Visually estimated from Fig. 1(a)
Enhanced thermoelectric performance in AgSbTe2 with extremely low thermal conductivity via grain boundary defects.pdf,10.1063/5.0255308,AgSbTe2,AgSb1-xFe_xTe2.01 (x=0),AgSbTe2.01,1,No,Fe,0,unclear,,Fe (0) @ unclear site,Seebeck coefficient,280,uV/K,323,K,figure,,Visually estimated from Fig. 1(b)
Enhanced thermoelectric performance in AgSbTe2 with extremely low thermal conductivity via grain boundary defects.pdf,10.1063/5.0255308,AgSbTe2,AgSb1-xFe_xTe2.01 (x=0),AgSbTe2.01,1,No,Fe,0,unclear,,Fe (0) @ unclear site,Seebeck coefficient,240,uV/K,623,K,figure,,Visually estimated from Fig. 1(b)
Enhanced thermoelectric performance in AgSbTe2 with extremely low thermal conductivity via grain boundary defects.pdf,10.1063/5.0255308,AgSbTe2,AgSb1-xFe_xTe2.01 (x=0),AgSbTe2.01,1,No,Fe,0,unclear,,Fe (0) @ unclear site,power factor,8,uW cm^-1 K^-2,323,K,figure,,Visually estimated from Fig. 1(c)
Enhanced thermoelectric performance in AgSbTe2 with extremely low thermal conductivity via grain boundary defects.pdf,10.1063/5.0255308,AgSbTe2,AgSb1-xFe_xTe2.01 (x=0),AgSbTe2.01,1,No,Fe,0,unclear,,Fe (0) @ unclear site,power factor,10,uW cm^-1 K^-2,623,K,figure,,Visually estimated from Fig. 1(c)
Enhanced thermoelectric performance in AgSbTe2 with extremely low thermal conductivity via grain boundary defects.pdf,10.1063/5.0255308,AgSbTe2,AgSb1-xFe_xTe2.01 (x=0.01),AgSb0.99Fe0.01Te2.01,1,No,Fe,0.01,Sb,,Fe (0.01) @ Sb site,electrical conductivity,120,S/cm,323,K,figure,,Visually estimated from Fig. 1(a)
Enhanced thermoelectric performance in AgSbTe2 with extremely low thermal conductivity via grain boundary defects.pdf,10.1063/5.0255308,AgSbTe2,AgSb1-xFe_xTe2.01 (x=0.01),AgSb0.99Fe0.01Te2.01,1,No,Fe,0.01,Sb,,Fe (0.01) @ Sb site,electrical conductivity,200,S/cm,623,K,figure,,Visually estimated from Fig. 1(a)
Enhanced thermoelectric performance in AgSbTe2 with extremely low thermal conductivity via grain boundary defects.pdf,10.1063/5.0255308,AgSbTe2,AgSb1-xFe_xTe2.01 (x=0.01),AgSb0.99Fe0.01Te2.01,1,No,Fe,0.01,Sb,,Fe (0.01) @ Sb site,Seebeck coefficient,290,uV/K,323,K,figure,,Visually estimated from Fig. 1(b)
Enhanced thermoelectric performance in AgSbTe2 with extremely low thermal conductivity via grain boundary defects.pdf,10.1063/5.0255308,AgSbTe2,AgSb1-xFe_xTe2.01 (x=0.01),AgSb0.99Fe0.01Te2.01,1,No,Fe,0.01,Sb,,Fe (0.01) @ Sb site,Seebeck coefficient,260,uV/K,623,K,figure,,Visually estimated from Fig. 1(b)
Enhanced thermoelectric performance in AgSbTe2 with extremely low thermal conductivity via grain boundary defects.pdf,10.1063/5.0255308,AgSbTe2,AgSb1-xFe_xTe2.01 (x=0.01),AgSb0.99Fe0.01Te2.01,1,No,Fe,0.01,Sb,,Fe (0.01) @ Sb site,power factor,10,uW cm^-1 K^-2,323,K,figure,,Visually estimated from Fig. 1(c)
Enhanced thermoelectric performance in AgSbTe2 with extremely low thermal conductivity via grain boundary defects.pdf,10.1063/5.0255308,AgSbTe2,AgSb1-xFe_xTe2.01 (x=0.01),AgSb0.99Fe0.01Te2.01,1,No,Fe,0.01,Sb,,Fe (0.01) @ Sb site,power factor,14,uW cm^-1 K^-2,623,K,figure,,Visually estimated from Fig. 1(c)
Enhanced thermoelectric performance in AgSbTe2 with extremely low thermal conductivity via grain boundary defects.pdf,10.1063/5.0255308,AgSbTe2,AgSb1-xFe_xTe2.01 (x=0.03),AgSb0.97Fe0.03Te2.01,1,No,Fe,0.03,Sb,,Fe (0.03) @ Sb site,electrical conductivity,150,S/cm,323,K,figure,,Visually estimated from Fig. 1(a)
Enhanced thermoelectric performance in AgSbTe2 with extremely low thermal conductivity via grain boundary defects.pdf,10.1063/5.0255308,AgSbTe2,AgSb1-xFe_xTe2.01 (x=0.03),AgSb0.97Fe0.03Te2.01,1,No,Fe,0.03,Sb,,Fe (0.03) @ Sb site,electrical conductivity,250,S/cm,623,K,figure,,Visually estimated from Fig. 1(a)
Enhanced thermoelectric performance in AgSbTe2 with extremely low thermal conductivity via grain boundary defects.pdf,10.1063/5.0255308,AgSbTe2,AgSb1-xFe_xTe2.01 (x=0.03),AgSb0.97Fe0.03Te2.01,1,No,Fe,0.03,Sb,,Fe (0.03) @ Sb site,Seebeck coefficient,280,uV/K,323,K,figure,,Visually estimated from Fig. 1(b)
Enhanced thermoelectric performance in AgSbTe2 with extremely low thermal conductivity via grain boundary defects.pdf,10.1063/5.0255308,AgSbTe2,AgSb1-xFe_xTe2.01 (x=0.03),AgSb0.97Fe0.03Te2.01,1,No,Fe,0.03,Sb,,Fe (0.03) @ Sb site,Seebeck coefficient,270,uV/K,623,K,figure,,Visually estimated from Fig. 1(b)
Enhanced thermoelectric performance in AgSbTe2 with extremely low thermal conductivity via grain boundary defects.pdf,10.1063/5.0255308,AgSbTe2,AgSb1-xFe_xTe2.01 (x=0.03),AgSb0.97Fe0.03Te2.01,1,No,Fe,0.03,Sb,,Fe (0.03) @ Sb site,power factor,12,uW cm^-1 K^-2,323,K,figure,,Visually estimated from Fig. 1(c)
Enhanced thermoelectric performance in AgSbTe2 with extremely low thermal conductivity via grain boundary defects.pdf,10.1063/5.0255308,AgSbTe2,AgSb1-xFe_xTe2.01 (x=0.03),AgSb0.97Fe0.03Te2.01,1,No,Fe,0.03,Sb,,Fe (0.03) @ Sb site,power factor,16,uW cm^-1 K^-2,623,K,figure,,Visually estimated from Fig. 1(c)
Enhanced thermoelectric performance in AgSbTe2 with extremely low thermal conductivity via grain boundary defects.pdf,10.1063/5.0255308,AgSbTe2,AgSb1-xFe_xTe2.01 (x=0.03),AgSb0.97Fe0.03Te2.01,1,No,Fe,0.03,Sb,,Fe (0.03) @ Sb site,ZT,1.8,dimensionless,623,K,body text,,Peak ZT value
Enhanced thermoelectric performance in AgSbTe2 with extremely low thermal conductivity via grain boundary defects.pdf,10.1063/5.0255308,AgSbTe2,AgSb0.97Fe0.03Te2.01,AgSb0.97Fe0.03Te2.01,1,No,Fe,0.03,Sb,,Fe (0.03) @ Sb site,ZT,1.8,dimensionless,623,K,body text,,Peak zT value reported in text.
Enhanced thermoelectric performance in Bi-doped p-type AgSbTe2 compounds.pdf,10.1063/1.4828478,AgSbTe2,AgSbTe2,AgSbTe2,0,No,,,,,,Seebeck coefficient,164,uVK-1,300,K,Table 1,,
Enhanced thermoelectric performance in Bi-doped p-type AgSbTe2 compounds.pdf,10.1063/1.4828478,AgSbTe2,AgSbTe2,AgSbTe2,0,No,,,,,,electrical conductivity,3.6,10^4 Sm-1,300,K,Table 1,,
Enhanced thermoelectric performance in Bi-doped p-type AgSbTe2 compounds.pdf,10.1063/1.4828478,AgSbTe2,AgBi0.03Sb0.97Te2,AgBi0.03Sb0.97Te2,1,No,Bi,0.03,Sb,,Bi (0.03) @ Sb site,Seebeck coefficient,244,uVK-1,300,K,Table 1,,
Enhanced thermoelectric performance in Bi-doped p-type AgSbTe2 compounds.pdf,10.1063/1.4828478,AgSbTe2,AgBi0.03Sb0.97Te2,AgBi0.03Sb0.97Te2,1,No,Bi,0.03,Sb,,Bi (0.03) @ Sb site,electrical conductivity,1.10,10^4 Sm-1,300,K,Table 1,,
Enhanced thermoelectric performance in Bi-doped p-type AgSbTe2 compounds.pdf,10.1063/1.4828478,AgSbTe2,AgBi0.05Sb0.95Te2,AgBi0.05Sb0.95Te2,1,No,Bi,0.05,Sb,,Bi (0.05) @ Sb site,Seebeck coefficient,201,uVK-1,300,K,Table 1,,
Enhanced thermoelectric performance in Bi-doped p-type AgSbTe2 compounds.pdf,10.1063/1.4828478,AgSbTe2,AgBi0.05Sb0.95Te2,AgBi0.05Sb0.95Te2,1,No,Bi,0.05,Sb,,Bi (0.05) @ Sb site,electrical conductivity,2.02,10^4 Sm-1,300,K,Table 1,,
Enhanced thermoelectric performance in Bi-doped p-type AgSbTe2 compounds.pdf,10.1063/1.4828478,AgSbTe2,AgBi0.05Sb0.95Te2,AgBi0.05Sb0.95Te2,1,No,Bi,0.05,Sb,,Bi (0.05) @ Sb site,ZT,1.04,dimensionless,570,K,body text,,uncertainty 0.08
Enhanced thermoelectric performance in Bi-doped p-type AgSbTe2 compounds.pdf,10.1063/1.4828478,AgSbTe2,AgBi0.05Sb0.95Te2,AgBi0.05Sb0.95Te2,1,No,Bi,0.05,Sb,,Bi (0.05) @ Sb site,thermal conductivity,0.48,Wm-1K-1,510,K,body text,,
Enhanced thermoelectric performance in Bi-doped p-type AgSbTe2 compounds.pdf,10.1063/1.4828478,AgSbTe2,AgBi0.05Sb0.95Te2,AgBi0.05Sb0.95Te2,1,No,Bi,0.05,Sb,,Bi (0.05) @ Sb site,lattice thermal conductivity,0.38,Wm-1K-1,510,K,body text,,
Enhanced thermoelectric performance in Bi-doped p-type AgSbTe2 compounds.pdf,10.1063/1.4828478,AgSbTe2,AgBi0.07Sb0.93Te2,AgBi0.07Sb0.93Te2,1,No,Bi,0.07,Sb,,Bi (0.07) @ Sb site,Seebeck coefficient,222,uVK-1,300,K,Table 1,,
Enhanced thermoelectric performance in Bi-doped p-type AgSbTe2 compounds.pdf,10.1063/1.4828478,AgSbTe2,AgBi0.07Sb0.93Te2,AgBi0.07Sb0.93Te2,1,No,Bi,0.07,Sb,,Bi (0.07) @ Sb site,electrical conductivity,1.26,10^4 Sm-1,300,K,Table 1,,
Enhanced thermoelectric performance in Bi-doped p-type AgSbTe2 compounds.pdf,10.1063/1.4828478,AgSbTe2,AgBi0.1Sb0.9Te2,AgBi0.1Sb0.9Te2,1,No,Bi,0.1,Sb,,Bi (0.1) @ Sb site,Seebeck coefficient,172,uVK-1,300,K,Table 1,,
Enhanced thermoelectric performance in Bi-doped p-type AgSbTe2 compounds.pdf,10.1063/1.4828478,AgSbTe2,AgBi0.1Sb0.9Te2,AgBi0.1Sb0.9Te2,1,No,Bi,0.1,Sb,,Bi (0.1) @ Sb site,electrical conductivity,0.85,10^4 Sm-1,300,K,Table 1,,
Enhanced thermoelectric performance in Bi-doped p-type AgSbTe2 compounds.pdf,10.1063/1.4828478,AgSbTe2,"Ag(Sb1-xBix)Te2, x=0",AgSbTe2,1,No,Bi,0,Sb,,Bi (0) @ Sb site,electrical conductivity,3.6,10^4 Sm^-1,300,K,table,Table I,
Enhanced thermoelectric performance in Bi-doped p-type AgSbTe2 compounds.pdf,10.1063/1.4828478,AgSbTe2,"Ag(Sb1-xBix)Te2, x=0",AgSbTe2,1,No,Bi,0,Sb,,Bi (0) @ Sb site,Seebeck coefficient,164,uVK^-1,300,K,table,Table I,
Enhanced thermoelectric performance in Bi-doped p-type AgSbTe2 compounds.pdf,10.1063/1.4828478,AgSbTe2,"Ag(Sb1-xBix)Te2, x=0",AgSbTe2,1,No,Bi,0,Sb,,Bi (0) @ Sb site,ZT,0.9,dimensionless,570,K,figure,Fig. 5,Visually estimated from Fig. 5
Enhanced thermoelectric performance in Bi-doped p-type AgSbTe2 compounds.pdf,10.1063/1.4828478,AgSbTe2,"Ag(Sb1-xBix)Te2, x=0.03",AgBi0.03Sb0.97Te2,1,No,Bi,0.03,Sb,,Bi (0.03) @ Sb site,electrical conductivity,1.10,10^4 Sm^-1,300,K,table,Table I,
Enhanced thermoelectric performance in Bi-doped p-type AgSbTe2 compounds.pdf,10.1063/1.4828478,AgSbTe2,"Ag(Sb1-xBix)Te2, x=0.03",AgBi0.03Sb0.97Te2,1,No,Bi,0.03,Sb,,Bi (0.03) @ Sb site,Seebeck coefficient,244,uVK^-1,300,K,table,Table I,
Enhanced thermoelectric performance in Bi-doped p-type AgSbTe2 compounds.pdf,10.1063/1.4828478,AgSbTe2,"Ag(Sb1-xBix)Te2, x=0.03",AgBi0.03Sb0.97Te2,1,No,Bi,0.03,Sb,,Bi (0.03) @ Sb site,ZT,0.6,dimensionless,570,K,figure,Fig. 5,Visually estimated from Fig. 5
Enhanced thermoelectric performance in Bi-doped p-type AgSbTe2 compounds.pdf,10.1063/1.4828478,AgSbTe2,"Ag(Sb1-xBix)Te2, x=0.05",AgBi0.05Sb0.95Te2,1,No,Bi,0.05,Sb,,Bi (0.05) @ Sb site,electrical conductivity,2.02,10^4 Sm^-1,300,K,table,Table I,
Enhanced thermoelectric performance in Bi-doped p-type AgSbTe2 compounds.pdf,10.1063/1.4828478,AgSbTe2,"Ag(Sb1-xBix)Te2, x=0.05",AgBi0.05Sb0.95Te2,1,No,Bi,0.05,Sb,,Bi (0.05) @ Sb site,Seebeck coefficient,201,uVK^-1,300,K,table,Table I,
Enhanced thermoelectric performance in Bi-doped p-type AgSbTe2 compounds.pdf,10.1063/1.4828478,AgSbTe2,"Ag(Sb1-xBix)Te2, x=0.05",AgBi0.05Sb0.95Te2,1,No,Bi,0.05,Sb,,Bi (0.05) @ Sb site,ZT,1.04,dimensionless,570,K,body text,"Page 163712-1, 163712-4",Value reported as 1.04 +/- 0.08 at 570 K
Enhanced thermoelectric performance in Bi-doped p-type AgSbTe2 compounds.pdf,10.1063/1.4828478,AgSbTe2,"Ag(Sb1-xBix)Te2, x=0.07",AgBi0.07Sb0.93Te2,1,No,Bi,0.07,Sb,,Bi (0.07) @ Sb site,electrical conductivity,1.26,10^4 Sm^-1,300,K,table,Table I,
Enhanced thermoelectric performance in Bi-doped p-type AgSbTe2 compounds.pdf,10.1063/1.4828478,AgSbTe2,"Ag(Sb1-xBix)Te2, x=0.07",AgBi0.07Sb0.93Te2,1,No,Bi,0.07,Sb,,Bi (0.07) @ Sb site,Seebeck coefficient,222,uVK^-1,300,K,table,Table I,
Enhanced thermoelectric performance in Bi-doped p-type AgSbTe2 compounds.pdf,10.1063/1.4828478,AgSbTe2,"Ag(Sb1-xBix)Te2, x=0.07",AgBi0.07Sb0.93Te2,1,No,Bi,0.07,Sb,,Bi (0.07) @ Sb site,ZT,0.75,dimensionless,570,K,figure,Fig. 5,Visually estimated from Fig. 5
Enhanced thermoelectric performance in Bi-doped p-type AgSbTe2 compounds.pdf,10.1063/1.4828478,AgSbTe2,"Ag(Sb1-xBix)Te2, x=0.1",AgBi0.1Sb0.9Te2,1,No,Bi,0.1,Sb,,Bi (0.1) @ Sb site,electrical conductivity,0.85,10^4 Sm^-1,300,K,table,Table I,
Enhanced thermoelectric performance in Bi-doped p-type AgSbTe2 compounds.pdf,10.1063/1.4828478,AgSbTe2,"Ag(Sb1-xBix)Te2, x=0.1",AgBi0.1Sb0.9Te2,1,No,Bi,0.1,Sb,,Bi (0.1) @ Sb site,Seebeck coefficient,172,uVK^-1,300,K,table,Table I,
Enhanced thermoelectric performance in Bi-doped p-type AgSbTe2 compounds.pdf,10.1063/1.4828478,AgSbTe2,"Ag(Sb1-xBix)Te2, x=0.1",AgBi0.1Sb0.9Te2,1,No,Bi,0.1,Sb,,Bi (0.1) @ Sb site,ZT,0.5,dimensionless,570,K,figure,Fig. 5,Visually estimated from Fig. 5
Enhanced thermoelectric performance in Na-doped p-type nonstoichiometric AgSbTe2 compound.pdf,10.1016/j.jallcom.2010.10.131,AgSbTe2,AgSbTe2,AgSbTe2,0,No,,,,,,ZT,1.15,dimensionless,650,K,body text,,"Inferred from the statement that the ZT of Ag0.99Na0.01SbTe2.02 is 35% higher than the maximum of ZT for AgSbTe2.02 specimen, and 1.50/1.35 = 1.11. Wait, the text says 1.50 is 30% higher than undoped AgSbTe2 at 650K. 1.50/1.3 = 1.15."
Enhanced thermoelectric performance in Na-doped p-type nonstoichiometric AgSbTe2 compound.pdf,10.1016/j.jallcom.2010.10.131,AgSbTe2,Na0.01Ag0.99SbTe2,Na0.01Ag0.99SbTe2,1,No,Na,0.01,Ag,,Na (0.01) @ Ag site,,,,,,,,
Enhanced thermoelectric performance in Na-doped p-type nonstoichiometric AgSbTe2 compound.pdf,10.1016/j.jallcom.2010.10.131,AgSbTe2,Na0.02Ag0.98SbTe2,Na0.02Ag0.98SbTe2,1,No,Na,0.02,Ag,,Na (0.02) @ Ag site,power factor,1.27,W m-1 K-2,300,K,body text,,"Value is for Ag0.98Na0.02SbTe2.02, not this sample."
Enhanced thermoelectric performance in Na-doped p-type nonstoichiometric AgSbTe2 compound.pdf,10.1016/j.jallcom.2010.10.131,AgSbTe2,Ag0.99Na0.01SbTe2.02,Ag0.99Na0.01SbTe2.02,1,No,Na,0.01,Ag,,Na (0.01) @ Ag site,ZT,1.50,dimensionless,650,K,body text,,
Enhanced thermoelectric performance in Na-doped p-type nonstoichiometric AgSbTe2 compound.pdf,10.1016/j.jallcom.2010.10.131,AgSbTe2,Ag0.99Na0.01SbTe2.02,Ag0.99Na0.01SbTe2.02,1,No,Na,0.01,Ag,,Na (0.01) @ Ag site,lattice thermal conductivity,0.30,W m-1 K-1,600,K,body text,,
Enhanced thermoelectric performance in Na-doped p-type nonstoichiometric AgSbTe2 compound.pdf,10.1016/j.jallcom.2010.10.131,AgSbTe2,Ag0.98Na0.02SbTe2.02,Ag0.98Na0.02SbTe2.02,1,No,Na,0.02,Ag,,Na (0.02) @ Ag site,electrical conductivity,2.5e4,S m-1,620,K,body text,,
Enhanced thermoelectric performance in Na-doped p-type nonstoichiometric AgSbTe2 compound.pdf,10.1016/j.jallcom.2010.10.131,AgSbTe2,Ag0.98Na0.02SbTe2.02,Ag0.98Na0.02SbTe2.02,1,No,Na,0.02,Ag,,Na (0.02) @ Ag site,power factor,1.27,W m-1 K-2,300,K,body text,,
Enhanced thermoelectric performance in Na-doped p-type nonstoichiometric AgSbTe2 compound.pdf,10.1016/j.jallcom.2010.10.131,AgSbTe2,AgSbTe2,AgSbTe2,0,No,,,,,,electrical conductivity,1.5,10^4 Sm^-1,300,K,figure,Fig. 5a,Visually estimated from Fig. 5a
Enhanced thermoelectric performance in Na-doped p-type nonstoichiometric AgSbTe2 compound.pdf,10.1016/j.jallcom.2010.10.131,AgSbTe2,AgSbTe2,AgSbTe2,0,No,,,,,,Seebeck coefficient,250,uV K^-1,300,K,figure,Fig. 5b,Visually estimated from Fig. 5b
Enhanced thermoelectric performance in Na-doped p-type nonstoichiometric AgSbTe2 compound.pdf,10.1016/j.jallcom.2010.10.131,AgSbTe2,AgSbTe2,AgSbTe2,0,No,,,,,,ZT,0.45,dimensionless,300,K,figure,Fig. 8,Visually estimated from Fig. 8
Enhanced thermoelectric performance in Na-doped p-type nonstoichiometric AgSbTe2 compound.pdf,10.1016/j.jallcom.2010.10.131,AgSbTe2,Na0.01Ag0.99SbTe2,Na0.01Ag0.99SbTe2,1,No,Na,0.01,Ag,,Na (0.01) @ Ag site,electrical conductivity,1.2,10^4 Sm^-1,300,K,figure,Fig. 5a,Visually estimated from Fig. 5a
Enhanced thermoelectric performance in Na-doped p-type nonstoichiometric AgSbTe2 compound.pdf,10.1016/j.jallcom.2010.10.131,AgSbTe2,Na0.01Ag0.99SbTe2,Na0.01Ag0.99SbTe2,1,No,Na,0.01,Ag,,Na (0.01) @ Ag site,Seebeck coefficient,265,uV K^-1,300,K,figure,Fig. 5b,Visually estimated from Fig. 5b
Enhanced thermoelectric performance in Na-doped p-type nonstoichiometric AgSbTe2 compound.pdf,10.1016/j.jallcom.2010.10.131,AgSbTe2,Na0.01Ag0.99SbTe2,Na0.01Ag0.99SbTe2,1,No,Na,0.01,Ag,,Na (0.01) @ Ag site,ZT,0.4,dimensionless,300,K,figure,Fig. 8,Visually estimated from Fig. 8
Enhanced thermoelectric performance in Na-doped p-type nonstoichiometric AgSbTe2 compound.pdf,10.1016/j.jallcom.2010.10.131,AgSbTe2,Na0.02Ag0.98SbTe2,Na0.02Ag0.98SbTe2,1,No,Na,0.02,Ag,,Na (0.02) @ Ag site,electrical conductivity,1.0,10^4 Sm^-1,300,K,figure,Fig. 5a,Visually estimated from Fig. 5a
Enhanced thermoelectric performance in Na-doped p-type nonstoichiometric AgSbTe2 compound.pdf,10.1016/j.jallcom.2010.10.131,AgSbTe2,Na0.02Ag0.98SbTe2,Na0.02Ag0.98SbTe2,1,No,Na,0.02,Ag,,Na (0.02) @ Ag site,Seebeck coefficient,275,uV K^-1,300,K,figure,Fig. 5b,Visually estimated from Fig. 5b
Enhanced thermoelectric performance in Na-doped p-type nonstoichiometric AgSbTe2 compound.pdf,10.1016/j.jallcom.2010.10.131,AgSbTe2,Na0.02Ag0.98SbTe2,Na0.02Ag0.98SbTe2,1,No,Na,0.02,Ag,,Na (0.02) @ Ag site,ZT,0.35,dimensionless,300,K,figure,Fig. 8,Visually estimated from Fig. 8
Enhanced thermoelectric performance in Na-doped p-type nonstoichiometric AgSbTe2 compound.pdf,10.1016/j.jallcom.2010.10.131,AgSbTe2,Na0.01Ag0.99SbTe2.02,Na0.01Ag0.99SbTe2.02,2,Yes,Na,0.01,Ag,Te (0.02) @ interstitial,Na (0.01) @ Ag site; Te (0.02) @ interstitial site,electrical conductivity,1.8,10^4 Sm^-1,300,K,figure,Fig. 5a,Visually estimated from Fig. 5a
Enhanced thermoelectric performance in Na-doped p-type nonstoichiometric AgSbTe2 compound.pdf,10.1016/j.jallcom.2010.10.131,AgSbTe2,Na0.01Ag0.99SbTe2.02,Na0.01Ag0.99SbTe2.02,2,Yes,Na,0.01,Ag,Te (0.02) @ interstitial,Na (0.01) @ Ag site; Te (0.02) @ interstitial site,Seebeck coefficient,255,uV K^-1,300,K,figure,Fig. 5b,Visually estimated from Fig. 5b
Enhanced thermoelectric performance in Na-doped p-type nonstoichiometric AgSbTe2 compound.pdf,10.1016/j.jallcom.2010.10.131,AgSbTe2,Na0.01Ag0.99SbTe2.02,Na0.01Ag0.99SbTe2.02,2,Yes,Na,0.01,Ag,Te (0.02) @ interstitial,Na (0.01) @ Ag site; Te (0.02) @ interstitial site,ZT,0.5,dimensionless,300,K,figure,Fig. 8,Visually estimated from Fig. 8
Enhanced thermoelectric performance in Na-doped p-type nonstoichiometric AgSbTe2 compound.pdf,10.1016/j.jallcom.2010.10.131,AgSbTe2,Na0.02Ag0.98SbTe2.02,Na0.02Ag0.98SbTe2.02,2,Yes,Na,0.02,Ag,Te (0.02) @ interstitial,Na (0.02) @ Ag site; Te (0.02) @ interstitial site,electrical conductivity,2.2,10^4 Sm^-1,300,K,figure,Fig. 5a,Visually estimated from Fig. 5a
Enhanced thermoelectric performance in Na-doped p-type nonstoichiometric AgSbTe2 compound.pdf,10.1016/j.jallcom.2010.10.131,AgSbTe2,Na0.02Ag0.98SbTe2.02,Na0.02Ag0.98SbTe2.02,2,Yes,Na,0.02,Ag,Te (0.02) @ interstitial,Na (0.02) @ Ag site; Te (0.02) @ interstitial site,Seebeck coefficient,240,uV K^-1,300,K,figure,Fig. 5b,Visually estimated from Fig. 5b
Enhanced thermoelectric performance in Na-doped p-type nonstoichiometric AgSbTe2 compound.pdf,10.1016/j.jallcom.2010.10.131,AgSbTe2,Na0.02Ag0.98SbTe2.02,Na0.02Ag0.98SbTe2.02,2,Yes,Na,0.02,Ag,Te (0.02) @ interstitial,Na (0.02) @ Ag site; Te (0.02) @ interstitial site,ZT,0.55,dimensionless,300,K,figure,Fig. 8,Visually estimated from Fig. 8
Enhanced thermoelectric performance of p-type sintered BiSbTe-based composites with AgSbTe2 addition.pdf,10.1016/j.ceramint.2020.08.182,BST (Bi0.5Sb1.5Te3) with AgSbTe2 addition,BST-0 wt% AgSbTe2,Bi0.48Sb1.52Te3,1,No,AgSbTe2,0 wt%,unclear,,AgSbTe2 (0 wt%) @ unclear site,electrical conductivity,850,S cm-1,300,K,body text,,
Enhanced thermoelectric performance of p-type sintered BiSbTe-based composites with AgSbTe2 addition.pdf,10.1016/j.ceramint.2020.08.182,BST (Bi0.5Sb1.5Te3) with AgSbTe2 addition,BST-0 wt% AgSbTe2,Bi0.48Sb1.52Te3,1,No,AgSbTe2,0 wt%,unclear,,AgSbTe2 (0 wt%) @ unclear site,Seebeck coefficient,205,μV K-1,300,K,body text,,
Enhanced thermoelectric performance of p-type sintered BiSbTe-based composites with AgSbTe2 addition.pdf,10.1016/j.ceramint.2020.08.182,BST (Bi0.5Sb1.5Te3) with AgSbTe2 addition,BST-0 wt% AgSbTe2,Bi0.48Sb1.52Te3,1,No,AgSbTe2,0 wt%,unclear,,AgSbTe2 (0 wt%) @ unclear site,power factor,36,μW cm-1 K-2,300,K,body text,,
Enhanced thermoelectric performance of p-type sintered BiSbTe-based composites with AgSbTe2 addition.pdf,10.1016/j.ceramint.2020.08.182,BST (Bi0.5Sb1.5Te3) with AgSbTe2 addition,BST-0 wt% AgSbTe2,Bi0.48Sb1.52Te3,1,No,AgSbTe2,0 wt%,unclear,,AgSbTe2 (0 wt%) @ unclear site,thermal conductivity,1.37,W m-1 K-1,,,body text,,minimum value
Enhanced thermoelectric performance of p-type sintered BiSbTe-based composites with AgSbTe2 addition.pdf,10.1016/j.ceramint.2020.08.182,BST (Bi0.5Sb1.5Te3) with AgSbTe2 addition,BST-0 wt% AgSbTe2,Bi0.48Sb1.52Te3,1,No,AgSbTe2,0 wt%,unclear,,AgSbTe2 (0 wt%) @ unclear site,lattice thermal conductivity,1.0,W m-1 K-1,300,K,body text,,
Enhanced thermoelectric performance of p-type sintered BiSbTe-based composites with AgSbTe2 addition.pdf,10.1016/j.ceramint.2020.08.182,BST (Bi0.5Sb1.5Te3) with AgSbTe2 addition,BST-0 wt% AgSbTe2,Bi0.48Sb1.52Te3,1,No,AgSbTe2,0 wt%,unclear,,AgSbTe2 (0 wt%) @ unclear site,ZT,0.8,dimensionless,325,K,body text,,
Enhanced thermoelectric performance of p-type sintered BiSbTe-based composites with AgSbTe2 addition.pdf,10.1016/j.ceramint.2020.08.182,BST (Bi0.5Sb1.5Te3) with AgSbTe2 addition,BST-0.05 wt% AgSbTe2,Bi0.48Sb1.52Te3-0.05 wt% AgSbTe2,1,No,AgSbTe2,0.05 wt%,multiple sites,,AgSbTe2 (0.05 wt%) @ multiple sites site,Seebeck coefficient,201,μV K-1,300,K,body text,,
Enhanced thermoelectric performance of p-type sintered BiSbTe-based composites with AgSbTe2 addition.pdf,10.1016/j.ceramint.2020.08.182,BST (Bi0.5Sb1.5Te3) with AgSbTe2 addition,BST-0.05 wt% AgSbTe2,Bi0.48Sb1.52Te3-0.05 wt% AgSbTe2,1,No,AgSbTe2,0.05 wt%,multiple sites,,AgSbTe2 (0.05 wt%) @ multiple sites site,lattice thermal conductivity,0.75,W m-1 K-1,300,K,body text,,
Enhanced thermoelectric performance of p-type sintered BiSbTe-based composites with AgSbTe2 addition.pdf,10.1016/j.ceramint.2020.08.182,BST (Bi0.5Sb1.5Te3) with AgSbTe2 addition,BST-0.1 wt% AgSbTe2,Bi0.48Sb1.52Te3-0.1 wt% AgSbTe2,1,No,AgSbTe2,0.1 wt%,multiple sites,,AgSbTe2 (0.1 wt%) @ multiple sites site,power factor,46,μW cm-1 K-2,300,K,body text,,
Enhanced thermoelectric performance of p-type sintered BiSbTe-based composites with AgSbTe2 addition.pdf,10.1016/j.ceramint.2020.08.182,BST (Bi0.5Sb1.5Te3) with AgSbTe2 addition,BST-0.1 wt% AgSbTe2,Bi0.48Sb1.52Te3-0.1 wt% AgSbTe2,1,No,AgSbTe2,0.1 wt%,multiple sites,,AgSbTe2 (0.1 wt%) @ multiple sites site,lattice thermal conductivity,0.69,W m-1 K-1,325,K,body text,,
Enhanced thermoelectric performance of p-type sintered BiSbTe-based composites with AgSbTe2 addition.pdf,10.1016/j.ceramint.2020.08.182,BST (Bi0.5Sb1.5Te3) with AgSbTe2 addition,BST-0.1 wt% AgSbTe2,Bi0.48Sb1.52Te3-0.1 wt% AgSbTe2,1,No,AgSbTe2,0.1 wt%,multiple sites,,AgSbTe2 (0.1 wt%) @ multiple sites site,ZT,1.15,dimensionless,325,K,body text,,
Enhanced thermoelectric performance of p-type sintered BiSbTe-based composites with AgSbTe2 addition.pdf,10.1016/j.ceramint.2020.08.182,BST (Bi0.5Sb1.5Te3) with AgSbTe2 addition,BST-0.1 wt% AgSbTe2,Bi0.48Sb1.52Te3-0.1 wt% AgSbTe2,1,No,AgSbTe2,0.1 wt%,multiple sites,,AgSbTe2 (0.1 wt%) @ multiple sites site,thermal conductivity,1.22,W m-1 K-1,,,body text,,minimum value
Enhanced thermoelectric performance of p-type sintered BiSbTe-based composites with AgSbTe2 addition.pdf,10.1016/j.ceramint.2020.08.182,BST (Bi0.5Sb1.5Te3) with AgSbTe2 addition,BST-0.2 wt% AgSbTe2,Bi0.48Sb1.52Te3-0.2 wt% AgSbTe2,1,No,AgSbTe2,0.2 wt%,multiple sites,,AgSbTe2 (0.2 wt%) @ multiple sites site,electrical conductivity,1270,S cm-1,300,K,body text,,
Enhanced thermoelectric performance of p-type sintered BiSbTe-based composites with AgSbTe2 addition.pdf,10.1016/j.ceramint.2020.08.182,BST (Bi0.5Sb1.5Te3) with AgSbTe2 addition,BST-0.2 wt% AgSbTe2,Bi0.48Sb1.52Te3-0.2 wt% AgSbTe2,1,No,AgSbTe2,0.2 wt%,multiple sites,,AgSbTe2 (0.2 wt%) @ multiple sites site,Seebeck coefficient,182,μV K-1,300,K,body text,,
Enhanced thermoelectric performance of p-type sintered BiSbTe-based composites with AgSbTe2 addition.pdf,10.1016/j.ceramint.2020.08.182,BST (Bi0.5Sb1.5Te3) with AgSbTe2 addition,BST-0.2 wt% AgSbTe2,Bi0.48Sb1.52Te3-0.2 wt% AgSbTe2,1,No,AgSbTe2,0.2 wt%,multiple sites,,AgSbTe2 (0.2 wt%) @ multiple sites site,lattice thermal conductivity,0.82,W m-1 K-1,300,K,body text,,
Enhanced thermoelectric performance of p-type sintered BiSbTe-based composites with AgSbTe2 addition.pdf,10.1016/j.ceramint.2020.08.182,BST (Bi0.5Sb1.5Te3) with AgSbTe2 addition,BST-0 wt% AgSbTe2,Bi0.48Sb1.52Te3,1,No,Ag,0 wt%,unclear,,Ag (0 wt%) @ unclear site,Seebeck coefficient,205,uV K-1,,,body text,,Room temperature value
Enhanced thermoelectric performance of p-type sintered BiSbTe-based composites with AgSbTe2 addition.pdf,10.1016/j.ceramint.2020.08.182,BST (Bi0.5Sb1.5Te3) with AgSbTe2 addition,BST-0 wt% AgSbTe2,Bi0.48Sb1.52Te3,1,No,Ag,0 wt%,unclear,,Ag (0 wt%) @ unclear site,electrical conductivity,850,S cm-1,,,body text,,Room temperature value
Enhanced thermoelectric performance of p-type sintered BiSbTe-based composites with AgSbTe2 addition.pdf,10.1016/j.ceramint.2020.08.182,BST (Bi0.5Sb1.5Te3) with AgSbTe2 addition,BST-0 wt% AgSbTe2,Bi0.48Sb1.52Te3,1,No,Ag,0 wt%,unclear,,Ag (0 wt%) @ unclear site,power factor,36,uW cm-1 K-2,,,body text,,Room temperature value
Enhanced thermoelectric performance of p-type sintered BiSbTe-based composites with AgSbTe2 addition.pdf,10.1016/j.ceramint.2020.08.182,BST (Bi0.5Sb1.5Te3) with AgSbTe2 addition,BST-0 wt% AgSbTe2,Bi0.48Sb1.52Te3,1,No,Ag,0 wt%,unclear,,Ag (0 wt%) @ unclear site,thermal conductivity,1.37,W m-1 K-1,,,body text,,Minimum value
Enhanced thermoelectric performance of p-type sintered BiSbTe-based composites with AgSbTe2 addition.pdf,10.1016/j.ceramint.2020.08.182,BST (Bi0.5Sb1.5Te3) with AgSbTe2 addition,BST-0 wt% AgSbTe2,Bi0.48Sb1.52Te3,1,No,Ag,0 wt%,unclear,,Ag (0 wt%) @ unclear site,ZT,0.8,dimensionless,,,body text,,Peak ZT value
Enhanced thermoelectric performance of p-type sintered BiSbTe-based composites with AgSbTe2 addition.pdf,10.1016/j.ceramint.2020.08.182,BST (Bi0.5Sb1.5Te3) with AgSbTe2 addition,BST-0.05 wt% AgSbTe2,Bi0.48Sb1.52Te3 + 0.05 wt% AgSbTe2,1,No,Ag,0.05 wt%,multiple sites,,Ag (0.05 wt%) @ multiple sites site,Seebeck coefficient,201,uV K-1,,,body text,,Room temperature value
Enhanced thermoelectric performance of p-type sintered BiSbTe-based composites with AgSbTe2 addition.pdf,10.1016/j.ceramint.2020.08.182,BST (Bi0.5Sb1.5Te3) with AgSbTe2 addition,BST-0.1 wt% AgSbTe2,Bi0.48Sb1.52Te3 + 0.1 wt% AgSbTe2,1,No,Ag,0.1 wt%,multiple sites,,Ag (0.1 wt%) @ multiple sites site,power factor,46,uW cm-1 K-2,,,body text,,At 300 K
Enhanced thermoelectric performance of p-type sintered BiSbTe-based composites with AgSbTe2 addition.pdf,10.1016/j.ceramint.2020.08.182,BST (Bi0.5Sb1.5Te3) with AgSbTe2 addition,BST-0.1 wt% AgSbTe2,Bi0.48Sb1.52Te3 + 0.1 wt% AgSbTe2,1,No,Ag,0.1 wt%,multiple sites,,Ag (0.1 wt%) @ multiple sites site,thermal conductivity,1.22,W m-1 K-1,,,body text,,Minimum value
Enhanced thermoelectric performance of p-type sintered BiSbTe-based composites with AgSbTe2 addition.pdf,10.1016/j.ceramint.2020.08.182,BST (Bi0.5Sb1.5Te3) with AgSbTe2 addition,BST-0.1 wt% AgSbTe2,Bi0.48Sb1.52Te3 + 0.1 wt% AgSbTe2,1,No,Ag,0.1 wt%,multiple sites,,Ag (0.1 wt%) @ multiple sites site,ZT,1.15,dimensionless,,,body text,,At 325 K
Enhanced thermoelectric performance of p-type sintered BiSbTe-based composites with AgSbTe2 addition.pdf,10.1016/j.ceramint.2020.08.182,BST (Bi0.5Sb1.5Te3) with AgSbTe2 addition,BST-0.1 wt% AgSbTe2,Bi0.48Sb1.52Te3 + 0.1 wt% AgSbTe2,1,No,Ag,0.1 wt%,multiple sites,,Ag (0.1 wt%) @ multiple sites site,lattice thermal conductivity,0.69,W m-1 K-1,,,body text,,At 325 K
Enhanced thermoelectric performance of p-type sintered BiSbTe-based composites with AgSbTe2 addition.pdf,10.1016/j.ceramint.2020.08.182,BST (Bi0.5Sb1.5Te3) with AgSbTe2 addition,BST-0.2 wt% AgSbTe2,Bi0.48Sb1.52Te3 + 0.2 wt% AgSbTe2,1,No,Ag,0.2 wt%,multiple sites,,Ag (0.2 wt%) @ multiple sites site,Seebeck coefficient,182,uV K-1,,,body text,,Room temperature value
Enhanced thermoelectric performance of p-type sintered BiSbTe-based composites with AgSbTe2 addition.pdf,10.1016/j.ceramint.2020.08.182,BST (Bi0.5Sb1.5Te3) with AgSbTe2 addition,BST-0.1 wt% AgSbTe2,Bi0.5Sb1.5Te3 + 0.1 wt% AgSbTe2,1,No,AgSbTe2,0.1 wt%,unclear,,AgSbTe2 (0.1 wt%) @ unclear site,electrical conductivity,1100,S cm-1,300,K,figure,Fig. 6a,Visually estimated from Fig. 6a
Enhanced thermoelectric performance of p-type sintered BiSbTe-based composites with AgSbTe2 addition.pdf,10.1016/j.ceramint.2020.08.182,BST (Bi0.5Sb1.5Te3) with AgSbTe2 addition,BST-0.1 wt% AgSbTe2,Bi0.5Sb1.5Te3 + 0.1 wt% AgSbTe2,1,No,AgSbTe2,0.1 wt%,unclear,,AgSbTe2 (0.1 wt%) @ unclear site,Seebeck coefficient,190,uV K-1,300,K,figure,Fig. 6b,Visually estimated from Fig. 6b
Enhanced thermoelectric performance of p-type sintered BiSbTe-based composites with AgSbTe2 addition.pdf,10.1016/j.ceramint.2020.08.182,BST (Bi0.5Sb1.5Te3) with AgSbTe2 addition,BST-0.1 wt% AgSbTe2,Bi0.5Sb1.5Te3 + 0.1 wt% AgSbTe2,1,No,AgSbTe2,0.1 wt%,unclear,,AgSbTe2 (0.1 wt%) @ unclear site,thermal conductivity,1.2,W m-1 K-1,300,K,figure,Fig. 6c,Visually estimated from Fig. 6c
Enhanced thermoelectric performance of p-type sintered BiSbTe-based composites with AgSbTe2 addition.pdf,10.1016/j.ceramint.2020.08.182,BST (Bi0.5Sb1.5Te3) with AgSbTe2 addition,BST-0.1 wt% AgSbTe2,Bi0.5Sb1.5Te3 + 0.1 wt% AgSbTe2,1,No,AgSbTe2,0.1 wt%,unclear,,AgSbTe2 (0.1 wt%) @ unclear site,ZT,0.9,dimensionless,300,K,figure,Fig. 6d,Visually estimated from Fig. 6d
Enhanced thermoelectric performance of p-type sintered BiSbTe-based composites with AgSbTe2 addition.pdf,10.1016/j.ceramint.2020.08.182,BST (Bi0.5Sb1.5Te3) with AgSbTe2 addition,BST-0.1 wt% AgSbTe2,Bi0.5Sb1.5Te3 + 0.1 wt% AgSbTe2,1,No,AgSbTe2,0.1 wt%,unclear,,AgSbTe2 (0.1 wt%) @ unclear site,ZT,1.15,dimensionless,325,K,body text,"Page 730, paragraph 1",Explicitly stated in text
Enhanced thermoelectric performance of.pdf,10.1063/1.3106102,AgSbTe2,HPHT synthesized AgSbTe2,AgSbTe2,0,No,,,,,,thermal conductivity,0.76,W/mK,300,K,body text,"Page 4, Section III",
Enhanced thermoelectric performance of.pdf,10.1063/1.3106102,AgSbTe2,HPHT synthesized AgSbTe2,AgSbTe2,0,No,,,,,,ZT,0.48,dimensionless,300,K,body text,"Page 4, Section III",
Enhanced thermoelectric performance of.pdf,10.1063/1.3106102,AgSbTe2,HPHT synthesized AgSbTe2,AgSbTe2,0,No,,,,,,ZT,1.07,dimensionless,513,K,body text,"Page 4, Section III",
Enhanced thermoelectric performance of.pdf,10.1063/1.3106102,AgSbTe2,AgSbTe2 synthesized by HPHT,AgSbTe2,0,No,,,,,,Seebeck coefficient,155,uV/K,300,K,figure,Fig. 3,Visually estimated from Fig. 3
Enhanced thermoelectric performance of.pdf,10.1063/1.3106102,AgSbTe2,AgSbTe2 synthesized by HPHT,AgSbTe2,0,No,,,,,,Seebeck coefficient,215,uV/K,513,K,figure,Fig. 3,Visually estimated from Fig. 3
Enhanced thermoelectric performance of.pdf,10.1063/1.3106102,AgSbTe2,AgSbTe2 synthesized by HPHT,AgSbTe2,0,No,,,,,,electrical conductivity,34000,ohm^-1 m^-1,300,K,figure,Fig. 3,Visually estimated from Fig. 3
Enhanced thermoelectric performance of.pdf,10.1063/1.3106102,AgSbTe2,AgSbTe2 synthesized by HPHT,AgSbTe2,0,No,,,,,,electrical conductivity,44000,ohm^-1 m^-1,300,K,figure,Fig. 3,Visually estimated from Fig. 3
Enhanced thermoelectric performance of.pdf,10.1063/1.3106102,AgSbTe2,AgSbTe2 synthesized by HPHT,AgSbTe2,0,No,,,,,,power factor,0.0008,W/mK^2,300,K,figure,Fig. 4,Visually estimated from Fig. 4
Enhanced thermoelectric performance of.pdf,10.1063/1.3106102,AgSbTe2,AgSbTe2 synthesized by HPHT,AgSbTe2,0,No,,,,,,power factor,0.00155,W/mK^2,513,K,figure,Fig. 4,Visually estimated from Fig. 4
Enhanced thermoelectric performance of.pdf,10.1063/1.3106102,AgSbTe2,AgSbTe2 synthesized by HPHT,AgSbTe2,0,No,,,,,,ZT,0.35,dimensionless,300,K,figure,Fig. 6,Visually estimated from Fig. 6
Enhanced thermoelectric performance of.pdf,10.1063/1.3106102,AgSbTe2,AgSbTe2 synthesized by HPHT,AgSbTe2,0,No,,,,,,ZT,1.07,dimensionless,513,K,figure,Fig. 6,Visually estimated from Fig. 6
Enhanced thermoelectric performance of.pdf,10.1063/1.3106102,AgSbTe2,AgSbTe2 synthesized by HPHT,AgSbTe2,0,No,,,,,,thermal conductivity,0.76,W/mK,300,K,text,body text,Explicitly stated in text
Enhanced thermoelectric properties of AgSbTe2 obtained by controlling heterophases with Ce doping.pdf,10.1038/s41598-017-04885-1,AgSbTe2,AgSbTe2,AgSbTe2,0,No,,,,,,ZT,0.92,dimensionless,673,K,body text,Page 7,
Enhanced thermoelectric properties of AgSbTe2 obtained by controlling heterophases with Ce doping.pdf,10.1038/s41598-017-04885-1,AgSbTe2,x = 0.001,AgSb0.999Ce0.001Te2,1,No,Ce,x = 0.001,Sb,,Ce (x = 0.001) @ Sb site,,,,,,,,
Enhanced thermoelectric properties of AgSbTe2 obtained by controlling heterophases with Ce doping.pdf,10.1038/s41598-017-04885-1,AgSbTe2,x = 0.002,AgSb0.998Ce0.002Te2,1,No,Ce,x = 0.002,Sb,,Ce (x = 0.002) @ Sb site,power factor,1.55,mW/m·K2,673,K,body text,Page 4,
Enhanced thermoelectric properties of AgSbTe2 obtained by controlling heterophases with Ce doping.pdf,10.1038/s41598-017-04885-1,AgSbTe2,x = 0.002,AgSb0.998Ce0.002Te2,1,No,Ce,x = 0.002,Sb,,Ce (x = 0.002) @ Sb site,ZT,1.5,dimensionless,673,K,body text,Page 7,
Enhanced thermoelectric properties of AgSbTe2 obtained by controlling heterophases with Ce doping.pdf,10.1038/s41598-017-04885-1,AgSbTe2,x = 0.003,AgSb0.997Ce0.003Te2,1,No,Ce,x = 0.003,Sb,,Ce (x = 0.003) @ Sb site,,,,,,,,
Enhanced thermoelectric properties of AgSbTe2 obtained by controlling heterophases with Ce doping.pdf,10.1038/s41598-017-04885-1,AgSbTe2,x = 0.004,AgSb0.996Ce0.004Te2,1,No,Ce,x = 0.004,Sb,,Ce (x = 0.004) @ Sb site,,,,,,,,
Enhanced thermoelectric properties of AgSbTe2 obtained by controlling heterophases with Ce doping.pdf,10.1038/s41598-017-04885-1,AgSbTe2,AgSbTe2,AgSbTe2,0,No,,,,,,Seebeck coefficient,250,uV/K,300,K,figure,Fig. 4b,Visually estimated from Fig. 4b
Enhanced thermoelectric properties of AgSbTe2 obtained by controlling heterophases with Ce doping.pdf,10.1038/s41598-017-04885-1,AgSbTe2,AgSbTe2,AgSbTe2,0,No,,,,,,ZT,0.4,dimensionless,300,K,figure,Fig. 4d,Visually estimated from Fig. 4d
Enhanced thermoelectric properties of AgSbTe2 obtained by controlling heterophases with Ce doping.pdf,10.1038/s41598-017-04885-1,AgSbTe2,AgSbTe2,AgSbTe2,0,No,,,,,,ZT,1.0,dimensionless,673,K,figure,Fig. 4d,Visually estimated from Fig. 4d
Enhanced thermoelectric properties of AgSbTe2 obtained by controlling heterophases with Ce doping.pdf,10.1038/s41598-017-04885-1,AgSbTe2,x=0.001,Ag0.999Ce0.001SbTe2,1,No,Ce,x=0.001,unclear,,Ce (x=0.001) @ unclear site,Seebeck coefficient,200,uV/K,300,K,figure,Fig. 4b,Visually estimated from Fig. 4b
Enhanced thermoelectric properties of AgSbTe2 obtained by controlling heterophases with Ce doping.pdf,10.1038/s41598-017-04885-1,AgSbTe2,x=0.001,Ag0.999Ce0.001SbTe2,1,No,Ce,x=0.001,unclear,,Ce (x=0.001) @ unclear site,ZT,0.5,dimensionless,300,K,figure,Fig. 4d,Visually estimated from Fig. 4d
Enhanced thermoelectric properties of AgSbTe2 obtained by controlling heterophases with Ce doping.pdf,10.1038/s41598-017-04885-1,AgSbTe2,x=0.001,Ag0.999Ce0.001SbTe2,1,No,Ce,x=0.001,unclear,,Ce (x=0.001) @ unclear site,ZT,1.2,dimensionless,673,K,figure,Fig. 4d,Visually estimated from Fig. 4d
Enhanced thermoelectric properties of AgSbTe2 obtained by controlling heterophases with Ce doping.pdf,10.1038/s41598-017-04885-1,AgSbTe2,x=0.002,Ag0.998Ce0.002SbTe2,1,No,Ce,x=0.002,unclear,,Ce (x=0.002) @ unclear site,Seebeck coefficient,180,uV/K,300,K,figure,Fig. 4b,Visually estimated from Fig. 4b
Enhanced thermoelectric properties of AgSbTe2 obtained by controlling heterophases with Ce doping.pdf,10.1038/s41598-017-04885-1,AgSbTe2,x=0.002,Ag0.998Ce0.002SbTe2,1,No,Ce,x=0.002,unclear,,Ce (x=0.002) @ unclear site,ZT,0.6,dimensionless,300,K,figure,Fig. 4d,Visually estimated from Fig. 4d
Enhanced thermoelectric properties of AgSbTe2 obtained by controlling heterophases with Ce doping.pdf,10.1038/s41598-017-04885-1,AgSbTe2,x=0.002,Ag0.998Ce0.002SbTe2,1,No,Ce,x=0.002,unclear,,Ce (x=0.002) @ unclear site,ZT,1.5,dimensionless,673,K,figure,Fig. 4d,Visually estimated from Fig. 4d
Enhanced thermoelectric properties of AgSbTe2 obtained by controlling heterophases with Ce doping.pdf,10.1038/s41598-017-04885-1,AgSbTe2,x=0.003,Ag0.997Ce0.003SbTe2,1,No,Ce,x=0.003,unclear,,Ce (x=0.003) @ unclear site,Seebeck coefficient,150,uV/K,300,K,figure,Fig. 4b,Visually estimated from Fig. 4b
Enhanced thermoelectric properties of AgSbTe2 obtained by controlling heterophases with Ce doping.pdf,10.1038/s41598-017-04885-1,AgSbTe2,x=0.003,Ag0.997Ce0.003SbTe2,1,No,Ce,x=0.003,unclear,,Ce (x=0.003) @ unclear site,ZT,0.55,dimensionless,300,K,figure,Fig. 4d,Visually estimated from Fig. 4d
Enhanced thermoelectric properties of AgSbTe2 obtained by controlling heterophases with Ce doping.pdf,10.1038/s41598-017-04885-1,AgSbTe2,x=0.003,Ag0.997Ce0.003SbTe2,1,No,Ce,x=0.003,unclear,,Ce (x=0.003) @ unclear site,ZT,1.3,dimensionless,673,K,figure,Fig. 4d,Visually estimated from Fig. 4d
Enhanced thermoelectric properties of AgSbTe2 obtained by controlling heterophases with Ce doping.pdf,10.1038/s41598-017-04885-1,AgSbTe2,x=0.004,Ag0.996Ce0.004SbTe2,1,No,Ce,x=0.004,unclear,,Ce (x=0.004) @ unclear site,Seebeck coefficient,130,uV/K,300,K,figure,Fig. 4b,Visually estimated from Fig. 4b
Enhanced thermoelectric properties of AgSbTe2 obtained by controlling heterophases with Ce doping.pdf,10.1038/s41598-017-04885-1,AgSbTe2,x=0.004,Ag0.996Ce0.004SbTe2,1,No,Ce,x=0.004,unclear,,Ce (x=0.004) @ unclear site,ZT,0.5,dimensionless,300,K,figure,Fig. 4d,Visually estimated from Fig. 4d
Enhanced thermoelectric properties of AgSbTe2 obtained by controlling heterophases with Ce doping.pdf,10.1038/s41598-017-04885-1,AgSbTe2,x=0.004,Ag0.996Ce0.004SbTe2,1,No,Ce,x=0.004,unclear,,Ce (x=0.004) @ unclear site,ZT,1.2,dimensionless,673,K,figure,Fig. 4d,Visually estimated from Fig. 4d
Enhanced thermoelectric properties of AgSbTe2 obtained by controlling heterophases with Ce doping.pdf,10.1038/s41598-017-04885-1,AgSbTe2,Ag1-xCexTe2 (x=0.002),Ag0.998Ce0.002SbTe2,1,No,Ce,x=0.002,Ag,,Ce (x=0.002) @ Ag site,ZT,1.5,dimensionless,673,K,body text,The value of ZT = 1.5 at 673 K was obtained using the x = 0.002 sample.,
Entropy engineering enhances the thermoelectric performance and microhardness of (GeTe)1−x(AgSb0.5Bi0.5Te2)x.pdf,10.1007/s40843-022-2211-8,GeTe-AgSbTe2-AgBiTe2 system,(GeTe)0.80(AgSb0.5Bi0.5Te2)0.20,(GeTe)0.80(AgSb0.5Bi0.5Te2)0.20,1,No,Bi,50% of Sb,Sb,,Bi (50% of Sb) @ Sb site,ZT,1.60,dimensionless,723,K,body text,,Maximum zT
Entropy engineering enhances the thermoelectric performance and microhardness of (GeTe)1−x(AgSb0.5Bi0.5Te2)x.pdf,10.1007/s40843-022-2211-8,GeTe-AgSbTe2-AgBiTe2 system,(GeTe)0.80(AgSb0.5Bi0.5Te2)0.20,(GeTe)0.80(AgSb0.5Bi0.5Te2)0.20,1,No,Bi,50% of Sb,Sb,,Bi (50% of Sb) @ Sb site,ZT,1.23,dimensionless,300-773,K,body text,,Average zTave
Entropy engineering enhances the thermoelectric performance and microhardness of (GeTe)1−x(AgSb0.5Bi0.5Te2)x.pdf,10.1007/s40843-022-2211-8,GeTe-AgSbTe2-AgBiTe2 system,(GeTe)0.70(AgSb0.5Bi0.5Te2)0.30,(GeTe)0.70(AgSb0.5Bi0.5Te2)0.30,1,No,Bi,50% of Sb,Sb,,Bi (50% of Sb) @ Sb site,electrical conductivity,27.4,10^3 S m^-1,300,K,body text,,
Entropy engineering enhances the thermoelectric performance and microhardness of (GeTe)1−x(AgSb0.5Bi0.5Te2)x.pdf,10.1007/s40843-022-2211-8,GeTe-AgSbTe2-AgBiTe2 system,(GeTe)0.70(AgSb0.5Bi0.5Te2)0.30,(GeTe)0.70(AgSb0.5Bi0.5Te2)0.30,1,No,Bi,50% of Sb,Sb,,Bi (50% of Sb) @ Sb site,Seebeck coefficient,245.6,μV K^-1,300,K,body text,,
Entropy engineering enhances the thermoelectric performance and microhardness of (GeTe)1−x(AgSb0.5Bi0.5Te2)x.pdf,10.1007/s40843-022-2211-8,GeTe-AgSbTe2-AgBiTe2 system,(GeTe)0.70(AgSb0.5Bi0.5Te2)0.30,(GeTe)0.70(AgSb0.5Bi0.5Te2)0.30,1,No,Bi,50% of Sb,Sb,,Bi (50% of Sb) @ Sb site,thermal conductivity,0.72,W m^-1 K^-1,300,K,body text,,
Entropy engineering enhances the thermoelectric performance and microhardness of (GeTe)1−x(AgSb0.5Bi0.5Te2)x.pdf,10.1007/s40843-022-2211-8,GeTe-AgSbTe2-AgBiTe2 system,(GeTe)0.70(AgSb0.5Bi0.5Te2)0.30,(GeTe)0.70(AgSb0.5Bi0.5Te2)0.30,1,No,Bi,50% of Sb,Sb,,Bi (50% of Sb) @ Sb site,thermal conductivity,0.82,W m^-1 K^-1,573,K,body text,,
Entropy engineering enhances the thermoelectric performance and microhardness of (GeTe)1−x(AgSb0.5Bi0.5Te2)x.pdf,10.1007/s40843-022-2211-8,GeTe-AgSbTe2-AgBiTe2 system,(GeTe)0.80(AgSb0.5Bi0.5Te2)0.20,(GeTe)0.80(AgSb0.5Bi0.5Te2)0.20,3,Yes,Ag,0.10,multiple sites,Sb (0.05) @ multiple sites; Bi (0.05) @ multiple sites,Ag (0.10) @ multiple sites site; Sb (0.05) @ multiple sites site; Bi (0.05) @ multiple sites site,ZT,1.60,dimensionless,723,K,figure,Fig. 8a,Visually estimated from Fig. 8a
Entropy engineering enhances the thermoelectric performance and microhardness of (GeTe)1−x(AgSb0.5Bi0.5Te2)x.pdf,10.1007/s40843-022-2211-8,GeTe-AgSbTe2-AgBiTe2 system,(GeTe)0.80(AgSb0.5Bi0.5Te2)0.20,(GeTe)0.80(AgSb0.5Bi0.5Te2)0.20,2,Yes,Ge,0.80,multiple sites,Bi (0.5) @ Sb,Ge (0.80) @ multiple sites site; Bi (0.5) @ Sb site,ZT,1.60,dimensionless,723,K,body text,,
Entropy engineering enhances the thermoelectric performance and microhardness of (GeTe)1−x(AgSb0.5Bi0.5Te2)x.pdf,10.1007/s40843-022-2211-8,GeTe-AgSbTe2-AgBiTe2 system,(GeTe)0.80(AgSb0.5Bi0.5Te2)0.20,(GeTe)0.80(AgSb0.5Bi0.5Te2)0.20,2,Yes,Ge,0.80,multiple sites,Bi (0.5) @ Sb,Ge (0.80) @ multiple sites site; Bi (0.5) @ Sb site,ZT,1.23,dimensionless,300-773,K,body text,,Average ZT value
Excellent thermoelectric performance achieved over broad temperature plateau in indium-doped SnTe-AgSbTe2 alloys.pdf,10.1063/1.5018477,SnTe-AgSbTe2,Sn0.995In0.005Te,Sn0.995In0.005Te,1,No,In,0.5%,Sn,,In (0.5%) @ Sn site,ZT,0.89,dimensionless,873,K,body text,page 3,
Excellent thermoelectric performance achieved over broad temperature plateau in indium-doped SnTe-AgSbTe2 alloys.pdf,10.1063/1.5018477,SnTe-AgSbTe2,(Sn0.995In0.005Te)0.8(Ag0.366Sb0.558Te)0.2,(Sn0.995In0.005Te)0.8(Ag0.366Sb0.558Te)0.2,3,Yes,In,0.5%,Sn,Ag (alloyed) @ Sn; Sb (alloyed) @ Sn,In (0.5%) @ Sn site; Ag (alloyed) @ Sn site; Sb (alloyed) @ Sn site,lattice thermal conductivity,0.43,Wm-1K-1,873,K,body text,page 4,
Excellent thermoelectric performance achieved over broad temperature plateau in indium-doped SnTe-AgSbTe2 alloys.pdf,10.1063/1.5018477,SnTe-AgSbTe2,(Sn0.995In0.005Te)0.8(Ag0.366Sb0.558Te)0.2,(Sn0.995In0.005Te)0.8(Ag0.366Sb0.558Te)0.2,3,Yes,In,0.5%,Sn,Ag (alloyed) @ Sn; Sb (alloyed) @ Sn,In (0.5%) @ Sn site; Ag (alloyed) @ Sn site; Sb (alloyed) @ Sn site,ZT,1.3,dimensionless,873,K,body text,page 4,
Excellent thermoelectric performance achieved over broad temperature plateau in indium-doped SnTe-AgSbTe2 alloys.pdf,10.1063/1.5018477,SnTe-AgSbTe2,"(Sn0.995In0.005Te)1-x(Ag0.366Sb0.558Te)x, x=0.05",(Sn0.995In0.005Te)0.95(Ag0.366Sb0.558Te)0.05,3,Yes,In,0.005,Sn,Ag (0.05 * 0.366) @ multiple sites; Sb (0.05 * 0.558) @ multiple sites,In (0.005) @ Sn site; Ag (0.05 * 0.366) @ multiple sites site; Sb (0.05 * 0.558) @ multiple sites site,Seebeck coefficient,160,uV K^-1,873,K,figure,,Visually estimated from Fig. 4a
Excellent thermoelectric performance achieved over broad temperature plateau in indium-doped SnTe-AgSbTe2 alloys.pdf,10.1063/1.5018477,SnTe-AgSbTe2,"(Sn0.995In0.005Te)1-x(Ag0.366Sb0.558Te)x, x=0.05",(Sn0.995In0.005Te)0.95(Ag0.366Sb0.558Te)0.05,3,Yes,In,0.005,Sn,Ag (0.05 * 0.366) @ multiple sites; Sb (0.05 * 0.558) @ multiple sites,In (0.005) @ Sn site; Ag (0.05 * 0.366) @ multiple sites site; Sb (0.05 * 0.558) @ multiple sites site,electrical conductivity,1.5,10^3 S cm^-1,873,K,figure,,Visually estimated from Fig. 4b
Excellent thermoelectric performance achieved over broad temperature plateau in indium-doped SnTe-AgSbTe2 alloys.pdf,10.1063/1.5018477,SnTe-AgSbTe2,"(Sn0.995In0.005Te)1-x(Ag0.366Sb0.558Te)x, x=0.05",(Sn0.995In0.005Te)0.95(Ag0.366Sb0.558Te)0.05,3,Yes,In,0.005,Sn,Ag (0.05 * 0.366) @ multiple sites; Sb (0.05 * 0.558) @ multiple sites,In (0.005) @ Sn site; Ag (0.05 * 0.366) @ multiple sites site; Sb (0.05 * 0.558) @ multiple sites site,power factor,22,uW cm^-1 K^-2,873,K,figure,,Visually estimated from Fig. 4c
Excellent thermoelectric performance achieved over broad temperature plateau in indium-doped SnTe-AgSbTe2 alloys.pdf,10.1063/1.5018477,SnTe-AgSbTe2,"(Sn0.995In0.005Te)1-x(Ag0.366Sb0.558Te)x, x=0.05",(Sn0.995In0.005Te)0.95(Ag0.366Sb0.558Te)0.05,3,Yes,In,0.005,Sn,Ag (0.05 * 0.366) @ multiple sites; Sb (0.05 * 0.558) @ multiple sites,In (0.005) @ Sn site; Ag (0.05 * 0.366) @ multiple sites site; Sb (0.05 * 0.558) @ multiple sites site,thermal conductivity,1.8,W m^-1 K^-1,873,K,figure,,Visually estimated from Fig. 4d
Excellent thermoelectric performance achieved over broad temperature plateau in indium-doped SnTe-AgSbTe2 alloys.pdf,10.1063/1.5018477,SnTe-AgSbTe2,"(Sn0.995In0.005Te)1-x(Ag0.366Sb0.558Te)x, x=0.05",(Sn0.995In0.005Te)0.95(Ag0.366Sb0.558Te)0.05,3,Yes,In,0.005,Sn,Ag (0.05 * 0.366) @ multiple sites; Sb (0.05 * 0.558) @ multiple sites,In (0.005) @ Sn site; Ag (0.05 * 0.366) @ multiple sites site; Sb (0.05 * 0.558) @ multiple sites site,lattice thermal conductivity,0.8,W m^-1 K^-1,873,K,figure,,Visually estimated from Fig. 4e
Excellent thermoelectric performance achieved over broad temperature plateau in indium-doped SnTe-AgSbTe2 alloys.pdf,10.1063/1.5018477,SnTe-AgSbTe2,"(Sn0.995In0.005Te)1-x(Ag0.366Sb0.558Te)x, x=0.05",(Sn0.995In0.005Te)0.95(Ag0.366Sb0.558Te)0.05,3,Yes,In,0.005,Sn,Ag (0.05 * 0.366) @ multiple sites; Sb (0.05 * 0.558) @ multiple sites,In (0.005) @ Sn site; Ag (0.05 * 0.366) @ multiple sites site; Sb (0.05 * 0.558) @ multiple sites site,ZT,0.9,dimensionless,873,K,figure,,Visually estimated from Fig. 4f
Excellent thermoelectric performance achieved over broad temperature plateau in indium-doped SnTe-AgSbTe2 alloys.pdf,10.1063/1.5018477,SnTe-AgSbTe2,"(Sn0.995In0.005Te)1-x(Ag0.366Sb0.558Te)x, x=0.20",(Sn0.995In0.005Te)0.8(Ag0.366Sb0.558Te)0.2,3,Yes,In,0.005,Sn,Ag (0.2 * 0.366) @ multiple sites; Sb (0.2 * 0.558) @ multiple sites,In (0.005) @ Sn site; Ag (0.2 * 0.366) @ multiple sites site; Sb (0.2 * 0.558) @ multiple sites site,Seebeck coefficient,175,uV K^-1,873,K,figure,,Visually estimated from Fig. 4a
Excellent thermoelectric performance achieved over broad temperature plateau in indium-doped SnTe-AgSbTe2 alloys.pdf,10.1063/1.5018477,SnTe-AgSbTe2,"(Sn0.995In0.005Te)1-x(Ag0.366Sb0.558Te)x, x=0.20",(Sn0.995In0.005Te)0.8(Ag0.366Sb0.558Te)0.2,3,Yes,In,0.005,Sn,Ag (0.2 * 0.366) @ multiple sites; Sb (0.2 * 0.558) @ multiple sites,In (0.005) @ Sn site; Ag (0.2 * 0.366) @ multiple sites site; Sb (0.2 * 0.558) @ multiple sites site,electrical conductivity,0.8,10^3 S cm^-1,873,K,figure,,Visually estimated from Fig. 4b
Excellent thermoelectric performance achieved over broad temperature plateau in indium-doped SnTe-AgSbTe2 alloys.pdf,10.1063/1.5018477,SnTe-AgSbTe2,"(Sn0.995In0.005Te)1-x(Ag0.366Sb0.558Te)x, x=0.20",(Sn0.995In0.005Te)0.8(Ag0.366Sb0.558Te)0.2,3,Yes,In,0.005,Sn,Ag (0.2 * 0.366) @ multiple sites; Sb (0.2 * 0.558) @ multiple sites,In (0.005) @ Sn site; Ag (0.2 * 0.366) @ multiple sites site; Sb (0.2 * 0.558) @ multiple sites site,power factor,28,uW cm^-1 K^-2,873,K,figure,,Visually estimated from Fig. 4c
Excellent thermoelectric performance achieved over broad temperature plateau in indium-doped SnTe-AgSbTe2 alloys.pdf,10.1063/1.5018477,SnTe-AgSbTe2,"(Sn0.995In0.005Te)1-x(Ag0.366Sb0.558Te)x, x=0.20",(Sn0.995In0.005Te)0.8(Ag0.366Sb0.558Te)0.2,3,Yes,In,0.005,Sn,Ag (0.2 * 0.366) @ multiple sites; Sb (0.2 * 0.558) @ multiple sites,In (0.005) @ Sn site; Ag (0.2 * 0.366) @ multiple sites site; Sb (0.2 * 0.558) @ multiple sites site,thermal conductivity,1.2,W m^-1 K^-1,873,K,figure,,Visually estimated from Fig. 4d
Excellent thermoelectric performance achieved over broad temperature plateau in indium-doped SnTe-AgSbTe2 alloys.pdf,10.1063/1.5018477,SnTe-AgSbTe2,"(Sn0.995In0.005Te)1-x(Ag0.366Sb0.558Te)x, x=0.20",(Sn0.995In0.005Te)0.8(Ag0.366Sb0.558Te)0.2,3,Yes,In,0.005,Sn,Ag (0.2 * 0.366) @ multiple sites; Sb (0.2 * 0.558) @ multiple sites,In (0.005) @ Sn site; Ag (0.2 * 0.366) @ multiple sites site; Sb (0.2 * 0.558) @ multiple sites site,lattice thermal conductivity,0.43,W m^-1 K^-1,873,K,figure,,Visually estimated from Fig. 4e
Excellent thermoelectric performance achieved over broad temperature plateau in indium-doped SnTe-AgSbTe2 alloys.pdf,10.1063/1.5018477,SnTe-AgSbTe2,"(Sn0.995In0.005Te)1-x(Ag0.366Sb0.558Te)x, x=0.20",(Sn0.995In0.005Te)0.8(Ag0.366Sb0.558Te)0.2,3,Yes,In,0.005,Sn,Ag (0.2 * 0.366) @ multiple sites; Sb (0.2 * 0.558) @ multiple sites,In (0.005) @ Sn site; Ag (0.2 * 0.366) @ multiple sites site; Sb (0.2 * 0.558) @ multiple sites site,ZT,1.3,dimensionless,873,K,figure,,Visually estimated from Fig. 4f
First-principles calculation of semiclassical thermoelectric properties of (AgSbSe2)n(AgSbTe2)n superlattices.pdf,10.1016/j.jallcom.2015.07.290,AgSbTe2,bulk AgSbTe2,AgSbTe2,1,No,hole,70 * 10^19 cm^-3,unclear,,hole (70 * 10^19 cm^-3) @ unclear site,Seebeck coefficient,1.3,ZT,720,K,body text,"Section 1, citing Ref [4]",
First-principles calculation of semiclassical thermoelectric properties of (AgSbSe2)n(AgSbTe2)n superlattices.pdf,10.1016/j.jallcom.2015.07.290,AgSbTe2,bulk AgSbSe2,AgSbSe2,1,No,hole,2 * 10^19 cm^-3,unclear,,hole (2 * 10^19 cm^-3) @ unclear site,,,,,,,,
First-principles calculation of semiclassical thermoelectric properties of (AgSbSe2)n(AgSbTe2)n superlattices.pdf,10.1016/j.jallcom.2015.07.290,AgSbTe2,AgSbTe2_bulk,AgSbTe2,3,Yes,hole,2 x 10^19 cm^-3,unclear,hole (70 x 10^19 cm^-3) @ unclear; hole (1 x 10^19 cm^-3) @ unclear,hole (2 x 10^19 cm^-3) @ unclear site; hole (70 x 10^19 cm^-3) @ unclear site; hole (1 x 10^19 cm^-3) @ unclear site,Seebeck coefficient,100,uV/K,400,K,figure,Fig. 2,"Visually estimated from Fig. 2, AgSbTe2 PBE+sc plot, 10x10^19 cm^-3 doping curve"
First-principles calculation of semiclassical thermoelectric properties of (AgSbSe2)n(AgSbTe2)n superlattices.pdf,10.1016/j.jallcom.2015.07.290,AgSbTe2,AgSbTe2_bulk,AgSbTe2,3,Yes,hole,2 x 10^19 cm^-3,unclear,hole (70 x 10^19 cm^-3) @ unclear; hole (1 x 10^19 cm^-3) @ unclear,hole (2 x 10^19 cm^-3) @ unclear site; hole (70 x 10^19 cm^-3) @ unclear site; hole (1 x 10^19 cm^-3) @ unclear site,Seebeck coefficient,150,uV/K,600,K,figure,Fig. 2,"Visually estimated from Fig. 2, AgSbTe2 PBE+sc plot, 10x10^19 cm^-3 doping curve"
First-principles calculation of semiclassical thermoelectric properties of (AgSbSe2)n(AgSbTe2)n superlattices.pdf,10.1016/j.jallcom.2015.07.290,AgSbTe2,AgSbTe2_bulk,AgSbTe2,3,Yes,hole,2 x 10^19 cm^-3,unclear,hole (70 x 10^19 cm^-3) @ unclear; hole (1 x 10^19 cm^-3) @ unclear,hole (2 x 10^19 cm^-3) @ unclear site; hole (70 x 10^19 cm^-3) @ unclear site; hole (1 x 10^19 cm^-3) @ unclear site,electrical conductivity,1.2,10^19 /Ohmms,400,K,figure,Fig. 2,"Visually estimated from Fig. 2, AgSbTe2 PBE+sc plot, 10x10^19 cm^-3 doping curve"
First-principles calculation of semiclassical thermoelectric properties of (AgSbSe2)n(AgSbTe2)n superlattices.pdf,10.1016/j.jallcom.2015.07.290,AgSbTe2,AgSbTe2_bulk,AgSbTe2,3,Yes,hole,2 x 10^19 cm^-3,unclear,hole (70 x 10^19 cm^-3) @ unclear; hole (1 x 10^19 cm^-3) @ unclear,hole (2 x 10^19 cm^-3) @ unclear site; hole (70 x 10^19 cm^-3) @ unclear site; hole (1 x 10^19 cm^-3) @ unclear site,electrical conductivity,2.4,10^19 /Ohmms,600,K,figure,Fig. 2,"Visually estimated from Fig. 2, AgSbTe2 PBE+sc plot, 10x10^19 cm^-3 doping curve"
Ge-induced cation ordering for enhanced thermoelectric performance in AgSbTe2.pdf,10.1039/d5ta10429g,AgSbTe2,AgSbTe2,AgSbTe2,0,No,,,,,,electrical conductivity,119,S cm-1,300,K,text,Results and discussion section,
Ge-induced cation ordering for enhanced thermoelectric performance in AgSbTe2.pdf,10.1039/d5ta10429g,AgSbTe2,AgSbTe2,AgSbTe2,0,No,,,,,,Seebeck coefficient,265,mV K-1,300,K,text,Results and discussion section,
Ge-induced cation ordering for enhanced thermoelectric performance in AgSbTe2.pdf,10.1039/d5ta10429g,AgSbTe2,AgSbTe2,AgSbTe2,0,No,,,,,,power factor,0.83,mW m K-2,300,K,text,Results and discussion section,
Ge-induced cation ordering for enhanced thermoelectric performance in AgSbTe2.pdf,10.1039/d5ta10429g,AgSbTe2,AgSbTe2,AgSbTe2,0,No,,,,,,thermal conductivity,0.49,W m-1 K-1,300,K,text,Thermal transport section,
Ge-induced cation ordering for enhanced thermoelectric performance in AgSbTe2.pdf,10.1039/d5ta10429g,AgSbTe2,AgSb0.96Ge0.04Te2,AgSb0.96Ge0.04Te2,1,No,Ge,0.04,Sb,,Ge (0.04) @ Sb site,electrical conductivity,188,S cm-1,300,K,text,Results and discussion section,
Ge-induced cation ordering for enhanced thermoelectric performance in AgSbTe2.pdf,10.1039/d5ta10429g,AgSbTe2,AgSb0.94Ge0.06Te2,AgSb0.94Ge0.06Te2,1,No,Ge,0.06,Sb,,Ge (0.06) @ Sb site,Seebeck coefficient,294,mV K-1,300,K,text,Results and discussion section,
Ge-induced cation ordering for enhanced thermoelectric performance in AgSbTe2.pdf,10.1039/d5ta10429g,AgSbTe2,AgSb0.94Ge0.06Te2,AgSb0.94Ge0.06Te2,1,No,Ge,0.06,Sb,,Ge (0.06) @ Sb site,power factor,1.19,mW m K-2,300,K,text,Results and discussion section,
Ge-induced cation ordering for enhanced thermoelectric performance in AgSbTe2.pdf,10.1039/d5ta10429g,AgSbTe2,AgSb0.94Ge0.06Te2,AgSb0.94Ge0.06Te2,1,No,Ge,0.06,Sb,,Ge (0.06) @ Sb site,ZT,1.31,dimensionless,673,K,text,Introduction section,
Ge-induced cation ordering for enhanced thermoelectric performance in AgSbTe2.pdf,10.1039/d5ta10429g,AgSbTe2,AgSb0.94Ge0.06Te2,AgSb0.94Ge0.06Te2,1,No,Ge,0.06,Sb,,Ge (0.06) @ Sb site,thermal conductivity,0.59,W m-1 K-1,300,K,text,Thermal transport section,
Ge-induced cation ordering for enhanced thermoelectric performance in AgSbTe2.pdf,10.1039/d5ta10429g,AgSbTe2,AgSb1-xGexTe2 (x=0.00),AgSbTe2,1,No,Ge,0,Sb,,Ge (0) @ Sb site,electrical conductivity,119,S/cm,300,K,figure,,Visually estimated from Fig. 3a
Ge-induced cation ordering for enhanced thermoelectric performance in AgSbTe2.pdf,10.1039/d5ta10429g,AgSbTe2,AgSb1-xGexTe2 (x=0.00),AgSbTe2,1,No,Ge,0,Sb,,Ge (0) @ Sb site,Seebeck coefficient,330,uV/K,300,K,figure,,Visually estimated from Fig. 3b
Ge-induced cation ordering for enhanced thermoelectric performance in AgSbTe2.pdf,10.1039/d5ta10429g,AgSbTe2,AgSb1-xGexTe2 (x=0.00),AgSbTe2,1,No,Ge,0,Sb,,Ge (0) @ Sb site,power factor,1.1,mW/mK^2,300,K,figure,,Visually estimated from Fig. 3c
Ge-induced cation ordering for enhanced thermoelectric performance in AgSbTe2.pdf,10.1039/d5ta10429g,AgSbTe2,AgSb1-xGexTe2 (x=0.04),AgSb0.96Ge0.04Te2,1,No,Ge,0.04,Sb,,Ge (0.04) @ Sb site,electrical conductivity,188,S/cm,300,K,figure,,Visually estimated from Fig. 3a
Ge-induced cation ordering for enhanced thermoelectric performance in AgSbTe2.pdf,10.1039/d5ta10429g,AgSbTe2,AgSb1-xGexTe2 (x=0.04),AgSb0.96Ge0.04Te2,1,No,Ge,0.04,Sb,,Ge (0.04) @ Sb site,Seebeck coefficient,315,uV/K,300,K,figure,,Visually estimated from Fig. 3b
Ge-induced cation ordering for enhanced thermoelectric performance in AgSbTe2.pdf,10.1039/d5ta10429g,AgSbTe2,AgSb1-xGexTe2 (x=0.04),AgSb0.96Ge0.04Te2,1,No,Ge,0.04,Sb,,Ge (0.04) @ Sb site,power factor,1.2,mW/mK^2,300,K,figure,,Visually estimated from Fig. 3c
Ge-induced cation ordering for enhanced thermoelectric performance in AgSbTe2.pdf,10.1039/d5ta10429g,AgSbTe2,AgSb1-xGexTe2 (x=0.06),AgSb0.94Ge0.06Te2,1,No,Ge,0.06,Sb,,Ge (0.06) @ Sb site,electrical conductivity,130,S/cm,300,K,figure,,Visually estimated from Fig. 3a
Ge-induced cation ordering for enhanced thermoelectric performance in AgSbTe2.pdf,10.1039/d5ta10429g,AgSbTe2,AgSb1-xGexTe2 (x=0.06),AgSb0.94Ge0.06Te2,1,No,Ge,0.06,Sb,,Ge (0.06) @ Sb site,Seebeck coefficient,330,uV/K,300,K,figure,,Visually estimated from Fig. 3b
Ge-induced cation ordering for enhanced thermoelectric performance in AgSbTe2.pdf,10.1039/d5ta10429g,AgSbTe2,AgSb1-xGexTe2 (x=0.06),AgSb0.94Ge0.06Te2,1,No,Ge,0.06,Sb,,Ge (0.06) @ Sb site,power factor,1.15,mW/mK^2,300,K,figure,,Visually estimated from Fig. 3c
Ge-induced cation ordering for enhanced thermoelectric performance in AgSbTe2.pdf,10.1039/d5ta10429g,AgSbTe2,AgSb1-xGexTe2 (x=0.08),AgSb0.92Ge0.08Te2,1,No,Ge,0.08,Sb,,Ge (0.08) @ Sb site,electrical conductivity,120,S/cm,300,K,figure,,Visually estimated from Fig. 3a
Ge-induced cation ordering for enhanced thermoelectric performance in AgSbTe2.pdf,10.1039/d5ta10429g,AgSbTe2,AgSb1-xGexTe2 (x=0.08),AgSb0.92Ge0.08Te2,1,No,Ge,0.08,Sb,,Ge (0.08) @ Sb site,Seebeck coefficient,300,uV/K,300,K,figure,,Visually estimated from Fig. 3b
Ge-induced cation ordering for enhanced thermoelectric performance in AgSbTe2.pdf,10.1039/d5ta10429g,AgSbTe2,AgSb1-xGexTe2 (x=0.08),AgSb0.92Ge0.08Te2,1,No,Ge,0.08,Sb,,Ge (0.08) @ Sb site,power factor,0.85,mW/mK^2,300,K,figure,,Visually estimated from Fig. 3c
Ge-induced cation ordering for enhanced thermoelectric performance in AgSbTe2.pdf,10.1039/d5ta10429g,AgSbTe2,AgSbTe2 (x=0.00),AgSbTe2,0,No,,,,,,ZT,0.6,dimensionless,300,K,figure,,Visually estimated from Fig. 8(d)
Ge-induced cation ordering for enhanced thermoelectric performance in AgSbTe2.pdf,10.1039/d5ta10429g,AgSbTe2,AgSbTe2 (x=0.00),AgSbTe2,0,No,,,,,,ZT,1.0,dimensionless,675,K,figure,,Visually estimated from Fig. 8(d)
Ge-induced cation ordering for enhanced thermoelectric performance in AgSbTe2.pdf,10.1039/d5ta10429g,AgSbTe2,AgSb0.96Ge0.04Te2 (x=0.04),AgSb0.96Ge0.04Te2,1,No,Ge,x=0.04,Sb,,Ge (x=0.04) @ Sb site,ZT,0.7,dimensionless,300,K,figure,,Visually estimated from Fig. 8(d)
Ge-induced cation ordering for enhanced thermoelectric performance in AgSbTe2.pdf,10.1039/d5ta10429g,AgSbTe2,AgSb0.96Ge0.04Te2 (x=0.04),AgSb0.96Ge0.04Te2,1,No,Ge,x=0.04,Sb,,Ge (x=0.04) @ Sb site,ZT,1.15,dimensionless,675,K,figure,,Visually estimated from Fig. 8(d)
Ge-induced cation ordering for enhanced thermoelectric performance in AgSbTe2.pdf,10.1039/d5ta10429g,AgSbTe2,AgSb0.94Ge0.06Te2 (x=0.06),AgSb0.94Ge0.06Te2,1,No,Ge,x=0.06,Sb,,Ge (x=0.06) @ Sb site,ZT,0.8,dimensionless,300,K,figure,,Visually estimated from Fig. 8(d)
Ge-induced cation ordering for enhanced thermoelectric performance in AgSbTe2.pdf,10.1039/d5ta10429g,AgSbTe2,AgSb0.94Ge0.06Te2 (x=0.06),AgSb0.94Ge0.06Te2,1,No,Ge,x=0.06,Sb,,Ge (x=0.06) @ Sb site,ZT,1.3,dimensionless,675,K,figure,,Visually estimated from Fig. 8(d)
Ge-induced cation ordering for enhanced thermoelectric performance in AgSbTe2.pdf,10.1039/d5ta10429g,AgSbTe2,AgSb0.92Ge0.08Te2 (x=0.08),AgSb0.92Ge0.08Te2,1,No,Ge,x=0.08,Sb,,Ge (x=0.08) @ Sb site,ZT,0.75,dimensionless,300,K,figure,,Visually estimated from Fig. 8(d)
Ge-induced cation ordering for enhanced thermoelectric performance in AgSbTe2.pdf,10.1039/d5ta10429g,AgSbTe2,AgSb0.92Ge0.08Te2 (x=0.08),AgSb0.92Ge0.08Te2,1,No,Ge,x=0.08,Sb,,Ge (x=0.08) @ Sb site,ZT,1.1,dimensionless,675,K,figure,,Visually estimated from Fig. 8(d)
Glassy thermal conductivity in the two-phase CuxAg3−xSbSeTe2 alloy and high temperature thermoelectric behavior.pdf,10.1088/0953-8984/22/3/035801,AgSbTe2,x=0,Ag3SbSeTe2,1,No,Se,stoichiometric,unclear,,Se (stoichiometric) @ unclear site,thermal conductivity,0.67,W m-1 K-1,700,K,body text,Section 3,
Glassy thermal conductivity in the two-phase CuxAg3−xSbSeTe2 alloy and high temperature thermoelectric behavior.pdf,10.1088/0953-8984/22/3/035801,AgSbTe2,x=0.1,Cu0.1Ag2.9SbSeTe2,2,Yes,Cu,x=0.1,Ag,Se (stoichiometric) @ unclear,Cu (x=0.1) @ Ag site; Se (stoichiometric) @ unclear site,thermal conductivity,0.67,W m-1 K-1,700,K,body text,Section 3,
Glassy thermal conductivity in the two-phase CuxAg3−xSbSeTe2 alloy and high temperature thermoelectric behavior.pdf,10.1088/0953-8984/22/3/035801,AgSbTe2,x=0.2,Cu0.2Ag2.8SbSeTe2,2,Yes,Cu,x=0.2,Ag,Se (stoichiometric) @ unclear,Cu (x=0.2) @ Ag site; Se (stoichiometric) @ unclear site,thermal conductivity,0.56-0.61,W m-1 K-1,700,K,body text,Section 3,
Glassy thermal conductivity in the two-phase CuxAg3−xSbSeTe2 alloy and high temperature thermoelectric behavior.pdf,10.1088/0953-8984/22/3/035801,AgSbTe2,CuxAg3-xSbSeTe2 (x=0),Ag3SbSeTe2,1,No,Cu,x=0,unclear,,Cu (x=0) @ unclear site,Seebeck coefficient,2.5e-4,V/K,700,K,figure,Fig. 5,Visually estimated from Fig. 5
Glassy thermal conductivity in the two-phase CuxAg3−xSbSeTe2 alloy and high temperature thermoelectric behavior.pdf,10.1088/0953-8984/22/3/035801,AgSbTe2,CuxAg3-xSbSeTe2 (x=0),Ag3SbSeTe2,1,No,Cu,x=0,unclear,,Cu (x=0) @ unclear site,thermal conductivity,0.67,W/m-K,700,K,body text,page 4,
Glassy thermal conductivity in the two-phase CuxAg3−xSbSeTe2 alloy and high temperature thermoelectric behavior.pdf,10.1088/0953-8984/22/3/035801,AgSbTe2,CuxAg3-xSbSeTe2 (x=0.1),Cu0.1Ag2.9SbSeTe2,1,No,Cu,x=0.1,unclear,,Cu (x=0.1) @ unclear site,thermal conductivity,0.5,W/m-K,700,K,figure,Fig. 6,Visually estimated from Fig. 6
Glassy thermal conductivity in the two-phase CuxAg3−xSbSeTe2 alloy and high temperature thermoelectric behavior.pdf,10.1088/0953-8984/22/3/035801,AgSbTe2,CuxAg3-xSbSeTe2 (x=0.2),Cu0.2Ag2.8SbSeTe2,1,No,Cu,x=0.2,unclear,,Cu (x=0.2) @ unclear site,thermal conductivity,0.6,W/m-K,700,K,body text,page 4,
High Power Factor of HPHT-Sintered GeTe-AgSbTe2 Alloys.pdf,10.1007/s11664-010-1383-1,TAGS-85 (GeTe-AgSbTe2 alloy),A,(GeTe)0.85(AgSbTe2)0.15,0,No,,,,,,power factor,2.81,10^-3 W m^-1 K^-2,,,Table 1,,
High Power Factor of HPHT-Sintered GeTe-AgSbTe2 Alloys.pdf,10.1007/s11664-010-1383-1,TAGS-85 (GeTe-AgSbTe2 alloy),B,(GeTe)0.85(AgSbTe2)0.15,0,No,,,,,,power factor,3.25,10^-3 W m^-1 K^-2,,,Table 1,,
High Power Factor of HPHT-Sintered GeTe-AgSbTe2 Alloys.pdf,10.1007/s11664-010-1383-1,TAGS-85 (GeTe-AgSbTe2 alloy),B,(GeTe)0.85(AgSbTe2)0.15,0,No,,,,,,Seebeck coefficient,214,uV K^-1,650,K,body text,,
High Power Factor of HPHT-Sintered GeTe-AgSbTe2 Alloys.pdf,10.1007/s11664-010-1383-1,TAGS-85 (GeTe-AgSbTe2 alloy),C,(GeTe)0.85(AgSbTe2)0.15,0,No,,,,,,power factor,3.85,10^-3 W m^-1 K^-2,,,Table 1,,
High Power Factor of HPHT-Sintered GeTe-AgSbTe2 Alloys.pdf,10.1007/s11664-010-1383-1,TAGS-85 (GeTe-AgSbTe2 alloy),C,(GeTe)0.85(AgSbTe2)0.15,0,No,,,,,,thermal conductivity,1.6,W m^-1 K^-1,300,K,body text,,
High Power Factor of HPHT-Sintered GeTe-AgSbTe2 Alloys.pdf,10.1007/s11664-010-1383-1,TAGS-85 (GeTe-AgSbTe2 alloy),D,(GeTe)0.85(AgSbTe2)0.15,0,No,,,,,,power factor,4.32,10^-3 W m^-1 K^-2,,,Table 1,,
High Power Factor of HPHT-Sintered GeTe-AgSbTe2 Alloys.pdf,10.1007/s11664-010-1383-1,TAGS-85 (GeTe-AgSbTe2 alloy),D,(GeTe)0.85(AgSbTe2)0.15,0,No,,,,,,electrical conductivity,22.8,10^4 S m^-1,650,K,body text,,
High Power Factor of HPHT-Sintered GeTe-AgSbTe2 Alloys.pdf,10.1007/s11664-010-1383-1,TAGS-85 (GeTe-AgSbTe2 alloy),D,(GeTe)0.85(AgSbTe2)0.15,0,No,,,,,,thermal conductivity,2.7,W m^-1 K^-1,300,K,body text,,
High Power Factor of HPHT-Sintered GeTe-AgSbTe2 Alloys.pdf,10.1007/s11664-010-1383-1,TAGS-85 (GeTe-AgSbTe2 alloy),E,(GeTe)0.85(AgSbTe2)0.15,0,No,,,,,,power factor,3.71,10^-3 W m^-1 K^-2,,,Table 1,,
High Power Factor of HPHT-Sintered GeTe-AgSbTe2 Alloys.pdf,10.1007/s11664-010-1383-1,TAGS-85 (GeTe-AgSbTe2 alloy),F,(GeTe)0.85(AgSbTe2)0.15,0,No,,,,,,power factor,3.14,10^-3 W m^-1 K^-2,,,Table 1,,
High Power Factor of HPHT-Sintered GeTe-AgSbTe2 Alloys.pdf,10.1007/s11664-010-1383-1,TAGS-85 (GeTe-AgSbTe2 alloy),TAGS-85,(GeTe)0.85(AgSbTe2)0.15,0,No,,,,,,power factor,2.81,10^-3 W m^-1 K^-2,,,table,"Table I, Sample A",
High Power Factor of HPHT-Sintered GeTe-AgSbTe2 Alloys.pdf,10.1007/s11664-010-1383-1,TAGS-85 (GeTe-AgSbTe2 alloy),TAGS-85,(GeTe)0.85(AgSbTe2)0.15,0,No,,,,,,power factor,3.25,10^-3 W m^-1 K^-2,,,table,"Table I, Sample B",
High Power Factor of HPHT-Sintered GeTe-AgSbTe2 Alloys.pdf,10.1007/s11664-010-1383-1,TAGS-85 (GeTe-AgSbTe2 alloy),TAGS-85,(GeTe)0.85(AgSbTe2)0.15,0,No,,,,,,power factor,3.85,10^-3 W m^-1 K^-2,,,table,"Table I, Sample C",
High Power Factor of HPHT-Sintered GeTe-AgSbTe2 Alloys.pdf,10.1007/s11664-010-1383-1,TAGS-85 (GeTe-AgSbTe2 alloy),TAGS-85,(GeTe)0.85(AgSbTe2)0.15,0,No,,,,,,power factor,4.32,10^-3 W m^-1 K^-2,,,table,"Table I, Sample D",
High Power Factor of HPHT-Sintered GeTe-AgSbTe2 Alloys.pdf,10.1007/s11664-010-1383-1,TAGS-85 (GeTe-AgSbTe2 alloy),TAGS-85,(GeTe)0.85(AgSbTe2)0.15,0,No,,,,,,power factor,3.71,10^-3 W m^-1 K^-2,,,table,"Table I, Sample E",
High Power Factor of HPHT-Sintered GeTe-AgSbTe2 Alloys.pdf,10.1007/s11664-010-1383-1,TAGS-85 (GeTe-AgSbTe2 alloy),TAGS-85,(GeTe)0.85(AgSbTe2)0.15,0,No,,,,,,power factor,3.14,10^-3 W m^-1 K^-2,,,table,"Table I, Sample F",
High Power Factor of HPHT-Sintered GeTe-AgSbTe2 Alloys.pdf,10.1007/s11664-010-1383-1,TAGS-85 (GeTe-AgSbTe2 alloy),A,TAGS-85,0,No,,,,,,Seebeck coefficient,90,uV/K,300,K,figure,Fig. 4,Visually estimated from Fig. 4
High Power Factor of HPHT-Sintered GeTe-AgSbTe2 Alloys.pdf,10.1007/s11664-010-1383-1,TAGS-85 (GeTe-AgSbTe2 alloy),A,TAGS-85,0,No,,,,,,Seebeck coefficient,210,uV/K,700,K,figure,Fig. 4,Visually estimated from Fig. 4
High Power Factor of HPHT-Sintered GeTe-AgSbTe2 Alloys.pdf,10.1007/s11664-010-1383-1,TAGS-85 (GeTe-AgSbTe2 alloy),A,TAGS-85,0,No,,,,,,electrical conductivity,28,10^4 S/m,300,K,figure,Fig. 4,Visually estimated from Fig. 4
High Power Factor of HPHT-Sintered GeTe-AgSbTe2 Alloys.pdf,10.1007/s11664-010-1383-1,TAGS-85 (GeTe-AgSbTe2 alloy),A,TAGS-85,0,No,,,,,,electrical conductivity,6,10^4 S/m,700,K,figure,Fig. 4,Visually estimated from Fig. 4
High Power Factor of HPHT-Sintered GeTe-AgSbTe2 Alloys.pdf,10.1007/s11664-010-1383-1,TAGS-85 (GeTe-AgSbTe2 alloy),A,TAGS-85,0,No,,,,,,power factor,1.5,10^-3 W m^-1 K^-2,300,K,figure,Fig. 5,Visually estimated from Fig. 5
High Power Factor of HPHT-Sintered GeTe-AgSbTe2 Alloys.pdf,10.1007/s11664-010-1383-1,TAGS-85 (GeTe-AgSbTe2 alloy),A,TAGS-85,0,No,,,,,,power factor,2.2,10^-3 W m^-1 K^-2,700,K,figure,Fig. 5,Visually estimated from Fig. 5
High Power Factor of HPHT-Sintered GeTe-AgSbTe2 Alloys.pdf,10.1007/s11664-010-1383-1,TAGS-85 (GeTe-AgSbTe2 alloy),B,TAGS-85,0,No,,,,,,Seebeck coefficient,90,uV/K,300,K,figure,Fig. 4,Visually estimated from Fig. 4
High Power Factor of HPHT-Sintered GeTe-AgSbTe2 Alloys.pdf,10.1007/s11664-010-1383-1,TAGS-85 (GeTe-AgSbTe2 alloy),B,TAGS-85,0,No,,,,,,Seebeck coefficient,215,uV/K,700,K,figure,Fig. 4,Visually estimated from Fig. 4
High Power Factor of HPHT-Sintered GeTe-AgSbTe2 Alloys.pdf,10.1007/s11664-010-1383-1,TAGS-85 (GeTe-AgSbTe2 alloy),B,TAGS-85,0,No,,,,,,electrical conductivity,28,10^4 S/m,300,K,figure,Fig. 4,Visually estimated from Fig. 4
High Power Factor of HPHT-Sintered GeTe-AgSbTe2 Alloys.pdf,10.1007/s11664-010-1383-1,TAGS-85 (GeTe-AgSbTe2 alloy),B,TAGS-85,0,No,,,,,,electrical conductivity,7,10^4 S/m,700,K,figure,Fig. 4,Visually estimated from Fig. 4
High Power Factor of HPHT-Sintered GeTe-AgSbTe2 Alloys.pdf,10.1007/s11664-010-1383-1,TAGS-85 (GeTe-AgSbTe2 alloy),B,TAGS-85,0,No,,,,,,power factor,1.5,10^-3 W m^-1 K^-2,300,K,figure,Fig. 5,Visually estimated from Fig. 5
High Power Factor of HPHT-Sintered GeTe-AgSbTe2 Alloys.pdf,10.1007/s11664-010-1383-1,TAGS-85 (GeTe-AgSbTe2 alloy),B,TAGS-85,0,No,,,,,,power factor,3.3,10^-3 W m^-1 K^-2,700,K,figure,Fig. 5,Visually estimated from Fig. 5
High Power Factor of HPHT-Sintered GeTe-AgSbTe2 Alloys.pdf,10.1007/s11664-010-1383-1,TAGS-85 (GeTe-AgSbTe2 alloy),C,TAGS-85,0,No,,,,,,Seebeck coefficient,90,uV/K,300,K,figure,Fig. 4,Visually estimated from Fig. 4
High Power Factor of HPHT-Sintered GeTe-AgSbTe2 Alloys.pdf,10.1007/s11664-010-1383-1,TAGS-85 (GeTe-AgSbTe2 alloy),C,TAGS-85,0,No,,,,,,Seebeck coefficient,210,uV/K,700,K,figure,Fig. 4,Visually estimated from Fig. 4
High Power Factor of HPHT-Sintered GeTe-AgSbTe2 Alloys.pdf,10.1007/s11664-010-1383-1,TAGS-85 (GeTe-AgSbTe2 alloy),C,TAGS-85,0,No,,,,,,electrical conductivity,28,10^4 S/m,300,K,figure,Fig. 4,Visually estimated from Fig. 4
High Power Factor of HPHT-Sintered GeTe-AgSbTe2 Alloys.pdf,10.1007/s11664-010-1383-1,TAGS-85 (GeTe-AgSbTe2 alloy),C,TAGS-85,0,No,,,,,,electrical conductivity,6,10^4 S/m,700,K,figure,Fig. 4,Visually estimated from Fig. 4
High Power Factor of HPHT-Sintered GeTe-AgSbTe2 Alloys.pdf,10.1007/s11664-010-1383-1,TAGS-85 (GeTe-AgSbTe2 alloy),C,TAGS-85,0,No,,,,,,power factor,1.5,10^-3 W m^-1 K^-2,300,K,figure,Fig. 5,Visually estimated from Fig. 5
High Power Factor of HPHT-Sintered GeTe-AgSbTe2 Alloys.pdf,10.1007/s11664-010-1383-1,TAGS-85 (GeTe-AgSbTe2 alloy),C,TAGS-85,0,No,,,,,,power factor,3.5,10^-3 W m^-1 K^-2,700,K,figure,Fig. 5,Visually estimated from Fig. 5
High Power Factor of HPHT-Sintered GeTe-AgSbTe2 Alloys.pdf,10.1007/s11664-010-1383-1,TAGS-85 (GeTe-AgSbTe2 alloy),D,TAGS-85,0,No,,,,,,Seebeck coefficient,60,uV/K,300,K,figure,Fig. 4,Visually estimated from Fig. 4
High Power Factor of HPHT-Sintered GeTe-AgSbTe2 Alloys.pdf,10.1007/s11664-010-1383-1,TAGS-85 (GeTe-AgSbTe2 alloy),D,TAGS-85,0,No,,,,,,Seebeck coefficient,140,uV/K,700,K,figure,Fig. 4,Visually estimated from Fig. 4
High Power Factor of HPHT-Sintered GeTe-AgSbTe2 Alloys.pdf,10.1007/s11664-010-1383-1,TAGS-85 (GeTe-AgSbTe2 alloy),D,TAGS-85,0,No,,,,,,electrical conductivity,29,10^4 S/m,300,K,figure,Fig. 4,Visually estimated from Fig. 4
High Power Factor of HPHT-Sintered GeTe-AgSbTe2 Alloys.pdf,10.1007/s11664-010-1383-1,TAGS-85 (GeTe-AgSbTe2 alloy),D,TAGS-85,0,No,,,,,,electrical conductivity,23,10^4 S/m,700,K,figure,Fig. 4,Visually estimated from Fig. 4
High Power Factor of HPHT-Sintered GeTe-AgSbTe2 Alloys.pdf,10.1007/s11664-010-1383-1,TAGS-85 (GeTe-AgSbTe2 alloy),D,TAGS-85,0,No,,,,,,power factor,1.5,10^-3 W m^-1 K^-2,300,K,figure,Fig. 5,Visually estimated from Fig. 5
High Power Factor of HPHT-Sintered GeTe-AgSbTe2 Alloys.pdf,10.1007/s11664-010-1383-1,TAGS-85 (GeTe-AgSbTe2 alloy),D,TAGS-85,0,No,,,,,,power factor,4.2,10^-3 W m^-1 K^-2,700,K,figure,Fig. 5,Visually estimated from Fig. 5
High Power Factor of HPHT-Sintered GeTe-AgSbTe2 Alloys.pdf,10.1007/s11664-010-1383-1,TAGS-85 (GeTe-AgSbTe2 alloy),E,TAGS-85,0,No,,,,,,Seebeck coefficient,60,uV/K,300,K,figure,Fig. 4,Visually estimated from Fig. 4
High Power Factor of HPHT-Sintered GeTe-AgSbTe2 Alloys.pdf,10.1007/s11664-010-1383-1,TAGS-85 (GeTe-AgSbTe2 alloy),E,TAGS-85,0,No,,,,,,Seebeck coefficient,140,uV/K,700,K,figure,Fig. 4,Visually estimated from Fig. 4
High Power Factor of HPHT-Sintered GeTe-AgSbTe2 Alloys.pdf,10.1007/s11664-010-1383-1,TAGS-85 (GeTe-AgSbTe2 alloy),E,TAGS-85,0,No,,,,,,electrical conductivity,29,10^4 S/m,300,K,figure,Fig. 4,Visually estimated from Fig. 4
High Power Factor of HPHT-Sintered GeTe-AgSbTe2 Alloys.pdf,10.1007/s11664-010-1383-1,TAGS-85 (GeTe-AgSbTe2 alloy),E,TAGS-85,0,No,,,,,,electrical conductivity,15,10^4 S/m,700,K,figure,Fig. 4,Visually estimated from Fig. 4
High Power Factor of HPHT-Sintered GeTe-AgSbTe2 Alloys.pdf,10.1007/s11664-010-1383-1,TAGS-85 (GeTe-AgSbTe2 alloy),E,TAGS-85,0,No,,,,,,power factor,1.5,10^-3 W m^-1 K^-2,300,K,figure,Fig. 5,Visually estimated from Fig. 5
High Power Factor of HPHT-Sintered GeTe-AgSbTe2 Alloys.pdf,10.1007/s11664-010-1383-1,TAGS-85 (GeTe-AgSbTe2 alloy),E,TAGS-85,0,No,,,,,,power factor,3.5,10^-3 W m^-1 K^-2,700,K,figure,Fig. 5,Visually estimated from Fig. 5
Impact of In Situ Generated Ag2Te Nanoparticles on the Microstructure and Thermoelectric Properties of AgSbTe2 Compounds.pdf,10.1007/s11664-011-1620-2,AgSbTe2,x=44,(Ag2Te)0.44(Sb2Te3)0.56,1,No,Ag2Te,x=44,unclear,,Ag2Te (x=44) @ unclear site,thermal conductivity,0.84,W/mK,591,K,body text,,
Impact of In Situ Generated Ag2Te Nanoparticles on the Microstructure and Thermoelectric Properties of AgSbTe2 Compounds.pdf,10.1007/s11664-011-1620-2,AgSbTe2,x=44,(Ag2Te)0.44(Sb2Te3)0.56,1,No,Ag2Te,x=44,unclear,,Ag2Te (x=44) @ unclear site,ZT,maximum,dimensionless,,,body text,,lower than x=50 sample
Impact of In Situ Generated Ag2Te Nanoparticles on the Microstructure and Thermoelectric Properties of AgSbTe2 Compounds.pdf,10.1007/s11664-011-1620-2,AgSbTe2,x=50,(Ag2Te)0.50(Sb2Te3)0.50,1,No,Ag2Te,x=50,unclear,,Ag2Te (x=50) @ unclear site,ZT,1.22,dimensionless,593,K,body text,,
Impact of In Situ Generated Ag2Te Nanoparticles on the Microstructure and Thermoelectric Properties of AgSbTe2 Compounds.pdf,10.1007/s11664-011-1620-2,AgSbTe2,x=44,(Ag2Te)44(Sb2Te3)56,1,No,Ag2Te,x=44,unclear,,Ag2Te (x=44) @ unclear site,electrical conductivity,3.4,10^4 S/m,,,figure,,Visually estimated from Fig. 3a at 300 K
Impact of In Situ Generated Ag2Te Nanoparticles on the Microstructure and Thermoelectric Properties of AgSbTe2 Compounds.pdf,10.1007/s11664-011-1620-2,AgSbTe2,x=44,(Ag2Te)44(Sb2Te3)56,1,No,Ag2Te,x=44,unclear,,Ag2Te (x=44) @ unclear site,Seebeck coefficient,180,uV/K,,,figure,,Visually estimated from Fig. 3b at 300 K
Impact of In Situ Generated Ag2Te Nanoparticles on the Microstructure and Thermoelectric Properties of AgSbTe2 Compounds.pdf,10.1007/s11664-011-1620-2,AgSbTe2,x=44,(Ag2Te)44(Sb2Te3)56,1,No,Ag2Te,x=44,unclear,,Ag2Te (x=44) @ unclear site,thermal conductivity,0.84,W/mK,591,K,figure,,Visually estimated from Fig. 4
Impact of In Situ Generated Ag2Te Nanoparticles on the Microstructure and Thermoelectric Properties of AgSbTe2 Compounds.pdf,10.1007/s11664-011-1620-2,AgSbTe2,x=44,(Ag2Te)44(Sb2Te3)56,1,No,Ag2Te,x=44,unclear,,Ag2Te (x=44) @ unclear site,ZT,0.6,dimensionless,593,K,figure,,Visually estimated from Fig. 6
Impact of In Situ Generated Ag2Te Nanoparticles on the Microstructure and Thermoelectric Properties of AgSbTe2 Compounds.pdf,10.1007/s11664-011-1620-2,AgSbTe2,x=50,(Ag2Te)50(Sb2Te3)50,1,No,Ag2Te,x=50,unclear,,Ag2Te (x=50) @ unclear site,ZT,1.22,dimensionless,593,K,figure,,Visually estimated from Fig. 6
Improved Thermoelectric Properties in Structure Controlled Ag-Sb-Te System.pdf,,AgSbTe2,Ag0.208Sb0.275Te0.517 (A),Ag0.208Sb0.275Te0.517,0,No,,,,,,electrical conductivity,6.17,10^4 S/m,room temperature,,Table 1,,Calculated from resistivity 16.2e-5 Ohm*m
Improved Thermoelectric Properties in Structure Controlled Ag-Sb-Te System.pdf,,AgSbTe2,Ag0.208Sb0.275Te0.517 (A),Ag0.208Sb0.275Te0.517,0,No,,,,,,Seebeck coefficient,270,µV/K,room temperature,,Table 1,,
Improved Thermoelectric Properties in Structure Controlled Ag-Sb-Te System.pdf,,AgSbTe2,Ag0.208Sb0.275Te0.517 (A),Ag0.208Sb0.275Te0.517,0,No,,,,,,thermal conductivity,0.7,W/(Km),room temperature,,Table 1,,
Improved Thermoelectric Properties in Structure Controlled Ag-Sb-Te System.pdf,,AgSbTe2,Ag0.208Sb0.275Te0.517 (A),Ag0.208Sb0.275Te0.517,0,No,,,,,,lattice thermal conductivity,0.6,W/(Km),room temperature,,Table 1,,
Improved Thermoelectric Properties in Structure Controlled Ag-Sb-Te System.pdf,,AgSbTe2,Ag0.208Sb0.275Te0.517 (A),Ag0.208Sb0.275Te0.517,0,No,,,,,,power factor,4.50,10^-4 W/(K^2m),room temperature,,Table 1,,
Improved Thermoelectric Properties in Structure Controlled Ag-Sb-Te System.pdf,,AgSbTe2,Ag0.208Sb0.275Te0.517 (A),Ag0.208Sb0.275Te0.517,0,No,,,,,,ZT,0.65,dimensionless,room temperature,,Table 1,,
Improved Thermoelectric Properties in Structure Controlled Ag-Sb-Te System.pdf,,AgSbTe2,Ag0.208Sb0.275Te0.517 (A),Ag0.208Sb0.275Te0.517,0,No,,,,,,ZT,2.0,10^-3 /K,620,K,body text,,Reported as Zmax
Improved Thermoelectric Properties in Structure Controlled Ag-Sb-Te System.pdf,,AgSbTe2,Ag0.208Sb0.275Te0.517 (B),Ag0.208Sb0.275Te0.517,0,No,,,,,,electrical conductivity,45.66,10^4 S/m,room temperature,,Table 1,,Calculated from resistivity 2.19e-5 Ohm*m
Improved Thermoelectric Properties in Structure Controlled Ag-Sb-Te System.pdf,,AgSbTe2,Ag0.208Sb0.275Te0.517 (B),Ag0.208Sb0.275Te0.517,0,No,,,,,,Seebeck coefficient,123,µV/K,room temperature,,Table 1,,
Improved Thermoelectric Properties in Structure Controlled Ag-Sb-Te System.pdf,,AgSbTe2,Ag0.208Sb0.275Te0.517 (B),Ag0.208Sb0.275Te0.517,0,No,,,,,,thermal conductivity,1.0,W/(Km),room temperature,,Table 1,,
Improved Thermoelectric Properties in Structure Controlled Ag-Sb-Te System.pdf,,AgSbTe2,Ag0.208Sb0.275Te0.517 (B),Ag0.208Sb0.275Te0.517,0,No,,,,,,lattice thermal conductivity,0.6,W/(Km),room temperature,,Table 1,,
Improved Thermoelectric Properties in Structure Controlled Ag-Sb-Te System.pdf,,AgSbTe2,Ag0.208Sb0.275Te0.517 (B),Ag0.208Sb0.275Te0.517,0,No,,,,,,power factor,6.91,10^-4 W/(K^2m),room temperature,,Table 1,,
Improved Thermoelectric Properties in Structure Controlled Ag-Sb-Te System.pdf,,AgSbTe2,Ag0.208Sb0.275Te0.517 (B),Ag0.208Sb0.275Te0.517,0,No,,,,,,ZT,0.71,dimensionless,room temperature,,Table 1,,
Improved Thermoelectric Properties in Structure Controlled Ag-Sb-Te System.pdf,,AgSbTe2,Ag0.208Sb0.275Te0.517 (B),Ag0.208Sb0.275Te0.517,0,No,,,,,,ZT,1.7,10^-3 /K,585,K,body text,,Reported as Zmax
Improved Thermoelectric Properties in Structure Controlled Ag-Sb-Te System.pdf,,AgSbTe2,Ag0.208Sb0.275Te0.517 (A),Ag0.208Sb0.275Te0.517,0,No,,,,,,Seebeck coefficient,270,uV/K,,,table,Table 1,Room temperature
Improved Thermoelectric Properties in Structure Controlled Ag-Sb-Te System.pdf,,AgSbTe2,Ag0.208Sb0.275Te0.517 (A),Ag0.208Sb0.275Te0.517,0,No,,,,,,thermal conductivity,0.7,W/(Km),,,table,Table 1,Room temperature
Improved Thermoelectric Properties in Structure Controlled Ag-Sb-Te System.pdf,,AgSbTe2,Ag0.208Sb0.275Te0.517 (A),Ag0.208Sb0.275Te0.517,0,No,,,,,,ZT,0.65,dimensionless,,,table,Table 1,Room temperature
Improved Thermoelectric Properties in Structure Controlled Ag-Sb-Te System.pdf,,AgSbTe2,Ag0.208Sb0.275Te0.517 (B),Ag0.208Sb0.275Te0.517,0,No,,,,,,Seebeck coefficient,123,uV/K,,,table,Table 1,Room temperature
Improved Thermoelectric Properties in Structure Controlled Ag-Sb-Te System.pdf,,AgSbTe2,Ag0.208Sb0.275Te0.517 (B),Ag0.208Sb0.275Te0.517,0,No,,,,,,thermal conductivity,1.0,W/(Km),,,table,Table 1,Room temperature
Improved Thermoelectric Properties in Structure Controlled Ag-Sb-Te System.pdf,,AgSbTe2,Ag0.208Sb0.275Te0.517 (B),Ag0.208Sb0.275Te0.517,0,No,,,,,,ZT,0.71,dimensionless,,,table,Table 1,Room temperature
Impurity band engineering and hierarchical defect scattering enable high zT in Co-doped AgSbTe2.pdf,10.1039/d5ta09240j,AgSbTe2,AgSbTe2 (pristine),AgSbTe2,0,No,,,,,,electrical conductivity,225,S cm-1,298,K,body text,,
Impurity band engineering and hierarchical defect scattering enable high zT in Co-doped AgSbTe2.pdf,10.1039/d5ta09240j,AgSbTe2,AgSbTe2 (pristine),AgSbTe2,0,No,,,,,,Seebeck coefficient,200,mV K-1,298,K,body text,,
Impurity band engineering and hierarchical defect scattering enable high zT in Co-doped AgSbTe2.pdf,10.1039/d5ta09240j,AgSbTe2,AgSbTe2 (pristine),AgSbTe2,0,No,,,,,,Seebeck coefficient,250,mV K-1,623,K,body text,,
Impurity band engineering and hierarchical defect scattering enable high zT in Co-doped AgSbTe2.pdf,10.1039/d5ta09240j,AgSbTe2,AgSbTe2 (pristine),AgSbTe2,0,No,,,,,,Seebeck coefficient,225,mV K-1,648,K,body text,,
Impurity band engineering and hierarchical defect scattering enable high zT in Co-doped AgSbTe2.pdf,10.1039/d5ta09240j,AgSbTe2,AgSbTe2 (pristine),AgSbTe2,0,No,,,,,,thermal conductivity,0.7,W m-1 K-1,298-648,K,body text,,
Impurity band engineering and hierarchical defect scattering enable high zT in Co-doped AgSbTe2.pdf,10.1039/d5ta09240j,AgSbTe2,AgSbTe2 (pristine),AgSbTe2,0,No,,,,,,lattice thermal conductivity,0.59,W m-1 K-1,289,K,body text,,
Impurity band engineering and hierarchical defect scattering enable high zT in Co-doped AgSbTe2.pdf,10.1039/d5ta09240j,AgSbTe2,AgSbTe2 (pristine),AgSbTe2,0,No,,,,,,lattice thermal conductivity,0.42,W m-1 K-1,648,K,body text,,
Impurity band engineering and hierarchical defect scattering enable high zT in Co-doped AgSbTe2.pdf,10.1039/d5ta09240j,AgSbTe2,AgSbTe2 (pristine),AgSbTe2,0,No,,,,,,ZT,1.2,dimensionless,648,K,body text,,
Impurity band engineering and hierarchical defect scattering enable high zT in Co-doped AgSbTe2.pdf,10.1039/d5ta09240j,AgSbTe2,AgSb0.97Co0.03Te2,AgSb0.97Co0.03Te2,1,No,Co,x=0.03,Sb,,Co (x=0.03) @ Sb site,electrical conductivity,325,S cm-1,298,K,body text,,
Impurity band engineering and hierarchical defect scattering enable high zT in Co-doped AgSbTe2.pdf,10.1039/d5ta09240j,AgSbTe2,AgSb0.97Co0.03Te2,AgSb0.97Co0.03Te2,1,No,Co,x=0.03,Sb,,Co (x=0.03) @ Sb site,Seebeck coefficient,80,mV K-1,298,K,body text,,
Impurity band engineering and hierarchical defect scattering enable high zT in Co-doped AgSbTe2.pdf,10.1039/d5ta09240j,AgSbTe2,AgSb0.97Co0.03Te2,AgSb0.97Co0.03Te2,1,No,Co,x=0.03,Sb,,Co (x=0.03) @ Sb site,Seebeck coefficient,220,mV K-1,648,K,body text,,
Impurity band engineering and hierarchical defect scattering enable high zT in Co-doped AgSbTe2.pdf,10.1039/d5ta09240j,AgSbTe2,AgSb0.97Co0.03Te2,AgSb0.97Co0.03Te2,1,No,Co,x=0.03,Sb,,Co (x=0.03) @ Sb site,thermal conductivity,0.50,W m-1 K-1,298,K,body text,,
Impurity band engineering and hierarchical defect scattering enable high zT in Co-doped AgSbTe2.pdf,10.1039/d5ta09240j,AgSbTe2,AgSb0.97Co0.03Te2,AgSb0.97Co0.03Te2,1,No,Co,x=0.03,Sb,,Co (x=0.03) @ Sb site,thermal conductivity,0.45,W m-1 K-1,648,K,body text,,
Impurity band engineering and hierarchical defect scattering enable high zT in Co-doped AgSbTe2.pdf,10.1039/d5ta09240j,AgSbTe2,AgSb0.97Co0.03Te2,AgSb0.97Co0.03Te2,1,No,Co,x=0.03,Sb,,Co (x=0.03) @ Sb site,lattice thermal conductivity,0.30,W m-1 K-1,289-573,K,body text,,
Impurity band engineering and hierarchical defect scattering enable high zT in Co-doped AgSbTe2.pdf,10.1039/d5ta09240j,AgSbTe2,AgSb0.97Co0.03Te2,AgSb0.97Co0.03Te2,1,No,Co,x=0.03,Sb,,Co (x=0.03) @ Sb site,lattice thermal conductivity,0.10,W m-1 K-1,648,K,body text,,
Impurity band engineering and hierarchical defect scattering enable high zT in Co-doped AgSbTe2.pdf,10.1039/d5ta09240j,AgSbTe2,AgSb0.97Co0.03Te2,AgSb0.97Co0.03Te2,1,No,Co,x=0.03,Sb,,Co (x=0.03) @ Sb site,ZT,1.6,dimensionless,648,K,body text,,
Impurity band engineering and hierarchical defect scattering enable high zT in Co-doped AgSbTe2.pdf,10.1039/d5ta09240j,AgSbTe2,AgSb1-xCoxTe2 (x=0),AgSbTe2,0,No,,,,,,,,,,,,,
Impurity band engineering and hierarchical defect scattering enable high zT in Co-doped AgSbTe2.pdf,10.1039/d5ta09240j,AgSbTe2,AgSb1-xCoxTe2 (x=0.01),AgSb0.99Co0.01Te2,1,No,Co,x=0.01,Sb,,Co (x=0.01) @ Sb site,,,,,,,,
Impurity band engineering and hierarchical defect scattering enable high zT in Co-doped AgSbTe2.pdf,10.1039/d5ta09240j,AgSbTe2,AgSb1-xCoxTe2 (x=0.02),AgSb0.98Co0.02Te2,1,No,Co,x=0.02,Sb,,Co (x=0.02) @ Sb site,,,,,,,,
Impurity band engineering and hierarchical defect scattering enable high zT in Co-doped AgSbTe2.pdf,10.1039/d5ta09240j,AgSbTe2,AgSb1-xCoxTe2 (x=0.03),AgSb0.97Co0.03Te2,1,No,Co,x=0.03,Sb,,Co (x=0.03) @ Sb site,,,,,,,,
Impurity band engineering and hierarchical defect scattering enable high zT in Co-doped AgSbTe2.pdf,10.1039/d5ta09240j,AgSbTe2,AgSb1-xCoxTe2 (x=0.04),AgSb0.96Co0.04Te2,1,No,Co,x=0.04,Sb,,Co (x=0.04) @ Sb site,,,,,,,,
Impurity band engineering and hierarchical defect scattering enable high zT in Co-doped AgSbTe2.pdf,10.1039/d5ta09240j,AgSbTe2,AgSb1-xCoxTe2 (x=0),AgSbTe2,0,No,,,,,,electrical conductivity,225,S cm-1,298,K,figure,Fig. 6a,Visually estimated from Fig. 6a
Impurity band engineering and hierarchical defect scattering enable high zT in Co-doped AgSbTe2.pdf,10.1039/d5ta09240j,AgSbTe2,AgSb1-xCoxTe2 (x=0),AgSbTe2,0,No,,,,,,Seebeck coefficient,200,uV K-1,298,K,figure,Fig. 6b,Visually estimated from Fig. 6b
Impurity band engineering and hierarchical defect scattering enable high zT in Co-doped AgSbTe2.pdf,10.1039/d5ta09240j,AgSbTe2,AgSb1-xCoxTe2 (x=0),AgSbTe2,0,No,,,,,,power factor,2,uW cm-1 K-2,298,K,figure,Fig. 6c,Visually estimated from Fig. 6c
Impurity band engineering and hierarchical defect scattering enable high zT in Co-doped AgSbTe2.pdf,10.1039/d5ta09240j,AgSbTe2,AgSb1-xCoxTe2 (x=0),AgSbTe2,0,No,,,,,,thermal conductivity,0.7,W m-1 K-1,298,K,figure,Fig. 6d,Visually estimated from Fig. 6d
Impurity band engineering and hierarchical defect scattering enable high zT in Co-doped AgSbTe2.pdf,10.1039/d5ta09240j,AgSbTe2,AgSb1-xCoxTe2 (x=0),AgSbTe2,0,No,,,,,,lattice thermal conductivity,0.6,W m-1 K-1,298,K,figure,Fig. 6e,Visually estimated from Fig. 6e
Impurity band engineering and hierarchical defect scattering enable high zT in Co-doped AgSbTe2.pdf,10.1039/d5ta09240j,AgSbTe2,AgSb1-xCoxTe2 (x=0),AgSbTe2,0,No,,,,,,ZT,0.2,dimensionless,298,K,figure,Fig. 6f,Visually estimated from Fig. 6f
Impurity band engineering and hierarchical defect scattering enable high zT in Co-doped AgSbTe2.pdf,10.1039/d5ta09240j,AgSbTe2,AgSb1-xCoxTe2 (x=0.03),AgSb0.97Co0.03Te2,1,No,Co,x=0.03,Sb,,Co (x=0.03) @ Sb site,electrical conductivity,325,S cm-1,298,K,figure,Fig. 6a,Visually estimated from Fig. 6a
Impurity band engineering and hierarchical defect scattering enable high zT in Co-doped AgSbTe2.pdf,10.1039/d5ta09240j,AgSbTe2,AgSb1-xCoxTe2 (x=0.03),AgSb0.97Co0.03Te2,1,No,Co,x=0.03,Sb,,Co (x=0.03) @ Sb site,Seebeck coefficient,80,uV K-1,298,K,figure,Fig. 6b,Visually estimated from Fig. 6b
Impurity band engineering and hierarchical defect scattering enable high zT in Co-doped AgSbTe2.pdf,10.1039/d5ta09240j,AgSbTe2,AgSb1-xCoxTe2 (x=0.03),AgSb0.97Co0.03Te2,1,No,Co,x=0.03,Sb,,Co (x=0.03) @ Sb site,power factor,4,uW cm-1 K-2,298,K,figure,Fig. 6c,Visually estimated from Fig. 6c
Impurity band engineering and hierarchical defect scattering enable high zT in Co-doped AgSbTe2.pdf,10.1039/d5ta09240j,AgSbTe2,AgSb1-xCoxTe2 (x=0.03),AgSb0.97Co0.03Te2,1,No,Co,x=0.03,Sb,,Co (x=0.03) @ Sb site,thermal conductivity,0.5,W m-1 K-1,298,K,figure,Fig. 6d,Visually estimated from Fig. 6d
Impurity band engineering and hierarchical defect scattering enable high zT in Co-doped AgSbTe2.pdf,10.1039/d5ta09240j,AgSbTe2,AgSb1-xCoxTe2 (x=0.03),AgSb0.97Co0.03Te2,1,No,Co,x=0.03,Sb,,Co (x=0.03) @ Sb site,lattice thermal conductivity,0.3,W m-1 K-1,298,K,figure,Fig. 6e,Visually estimated from Fig. 6e
Impurity band engineering and hierarchical defect scattering enable high zT in Co-doped AgSbTe2.pdf,10.1039/d5ta09240j,AgSbTe2,AgSb1-xCoxTe2 (x=0.03),AgSb0.97Co0.03Te2,1,No,Co,x=0.03,Sb,,Co (x=0.03) @ Sb site,ZT,1.6,dimensionless,648,K,figure,Fig. 6f,Visually estimated from Fig. 6f
Impurity phase elimination enabled high thermoelectric and mechanical performance in GeTe alloyed with AgSbSe2.pdf,10.1016/j.tramat.2025.100062,GeTe-AgSbTe2,(GeTe)80(AgSbSe2)20,(GeTe)80(AgSbSe2)20,3,Yes,Ag,AgSbSe2 alloying,Ag,Sb (AgSbSe2 alloying) @ Sb; Se (AgSbSe2 alloying) @ Te,Ag (AgSbSe2 alloying) @ Ag site; Sb (AgSbSe2 alloying) @ Sb site; Se (AgSbSe2 alloying) @ Te site,Seebeck coefficient,153.60,μV/K,300,K,body text,,
Impurity phase elimination enabled high thermoelectric and mechanical performance in GeTe alloyed with AgSbSe2.pdf,10.1016/j.tramat.2025.100062,GeTe-AgSbTe2,(GeTe)80(AgSbSe2)20,(GeTe)80(AgSbSe2)20,3,Yes,Ag,AgSbSe2 alloying,Ag,Sb (AgSbSe2 alloying) @ Sb; Se (AgSbSe2 alloying) @ Te,Ag (AgSbSe2 alloying) @ Ag site; Sb (AgSbSe2 alloying) @ Sb site; Se (AgSbSe2 alloying) @ Te site,power factor,18.8,μW cm−1 K−1,748,K,body text,,
Impurity phase elimination enabled high thermoelectric and mechanical performance in GeTe alloyed with AgSbSe2.pdf,10.1016/j.tramat.2025.100062,GeTe-AgSbTe2,(GeTe)80(AgSbSe2)20,(GeTe)80(AgSbSe2)20,3,Yes,Ag,AgSbSe2 alloying,Ag,Sb (AgSbSe2 alloying) @ Sb; Se (AgSbSe2 alloying) @ Te,Ag (AgSbSe2 alloying) @ Ag site; Sb (AgSbSe2 alloying) @ Sb site; Se (AgSbSe2 alloying) @ Te site,lattice thermal conductivity,0.50,W m−1 K−2,473,K,body text,,
Impurity phase elimination enabled high thermoelectric and mechanical performance in GeTe alloyed with AgSbSe2.pdf,10.1016/j.tramat.2025.100062,GeTe-AgSbTe2,(GeTe)80(AgSbSe2)20,(GeTe)80(AgSbSe2)20,3,Yes,Ag,AgSbSe2 alloying,Ag,Sb (AgSbSe2 alloying) @ Sb; Se (AgSbSe2 alloying) @ Te,Ag (AgSbSe2 alloying) @ Ag site; Sb (AgSbSe2 alloying) @ Sb site; Se (AgSbSe2 alloying) @ Te site,ZT,0.35,dimensionless,300,K,body text,,
Impurity phase elimination enabled high thermoelectric and mechanical performance in GeTe alloyed with AgSbSe2.pdf,10.1016/j.tramat.2025.100062,GeTe-AgSbTe2,(GeTe)80(AgSbSe2)20,(GeTe)80(AgSbSe2)20,3,Yes,Ag,AgSbSe2 alloying,Ag,Sb (AgSbSe2 alloying) @ Sb; Se (AgSbSe2 alloying) @ Te,Ag (AgSbSe2 alloying) @ Ag site; Sb (AgSbSe2 alloying) @ Sb site; Se (AgSbSe2 alloying) @ Te site,ZT,1.52,dimensionless,698,K,body text,,
Impurity phase elimination enabled high thermoelectric and mechanical performance in GeTe alloyed with AgSbSe2.pdf,10.1016/j.tramat.2025.100062,GeTe-AgSbTe2,(GeTe)80(Ag0.8Sb1.2Se2)20,(GeTe)80(Ag0.8Sb1.2Se2)20,2,Yes,Ag,0.8,Ag,Sb (1.2) @ Sb,Ag (0.8) @ Ag site; Sb (1.2) @ Sb site,lattice thermal conductivity,0.51,W m−1 K−2,473,K,body text,,
Impurity phase elimination enabled high thermoelectric and mechanical performance in GeTe alloyed with AgSbSe2.pdf,10.1016/j.tramat.2025.100062,GeTe-AgSbTe2,(GeTe)80(Ag0.8Sb1.2Se2)20,(GeTe)80(Ag0.8Sb1.2Se2)20,2,Yes,Ag,0.8,Ag,Sb (1.2) @ Sb,Ag (0.8) @ Ag site; Sb (1.2) @ Sb site,ZT,0.39,dimensionless,300,K,body text,,
Impurity phase elimination enabled high thermoelectric and mechanical performance in GeTe alloyed with AgSbSe2.pdf,10.1016/j.tramat.2025.100062,GeTe-AgSbTe2,(GeTe)80(Ag0.8Sb1.2Se2)20,(GeTe)80(Ag0.8Sb1.2Se2)20,2,Yes,Ag,0.8,Ag,Sb (1.2) @ Sb,Ag (0.8) @ Ag site; Sb (1.2) @ Sb site,ZT,1.41,dimensionless,698,K,body text,,
Impurity phase elimination enabled high thermoelectric and mechanical performance in GeTe alloyed with AgSbSe2.pdf,10.1016/j.tramat.2025.100062,GeTe-AgSbTe2,(GeTe)80(AgSbTe2)20,(GeTe)80(AgSbTe2)20,2,Yes,Ag,20 mol%,unclear,Sb (20 mol%) @ unclear,Ag (20 mol%) @ unclear site; Sb (20 mol%) @ unclear site,power factor,18.8,uW cm-1 K-1,748,K,body text,page 6,
Impurity phase elimination enabled high thermoelectric and mechanical performance in GeTe alloyed with AgSbSe2.pdf,10.1016/j.tramat.2025.100062,GeTe-AgSbTe2,(GeTe)80(AgSbTe2)20,(GeTe)80(AgSbTe2)20,2,Yes,Ag,20 mol%,unclear,Sb (20 mol%) @ unclear,Ag (20 mol%) @ unclear site; Sb (20 mol%) @ unclear site,ZT,1.41,dimensionless,698,K,body text,page 7,
Influence of In doping on the thermoelectric properties of an AgSbTe2 compound with enhanced figure of merit.pdf,10.1039/c3ta14547f,AgSbTe2,AgSbTe2,AgSbTe2,0,No,,,,,,electrical conductivity,3.6,10^4 S m^-1,300,K,Table 1,,
Influence of In doping on the thermoelectric properties of an AgSbTe2 compound with enhanced figure of merit.pdf,10.1039/c3ta14547f,AgSbTe2,AgSbTe2,AgSbTe2,0,No,,,,,,Seebeck coefficient,165,mV K^-1,300,K,Table 1,,
Influence of In doping on the thermoelectric properties of an AgSbTe2 compound with enhanced figure of merit.pdf,10.1039/c3ta14547f,AgSbTe2,Ag(Sb0.97In0.03)Te2,Ag(Sb0.97In0.03)Te2,1,No,In,0.03,Sb,,In (0.03) @ Sb site,electrical conductivity,2.7,10^4 S m^-1,300,K,Table 1,,
Influence of In doping on the thermoelectric properties of an AgSbTe2 compound with enhanced figure of merit.pdf,10.1039/c3ta14547f,AgSbTe2,Ag(Sb0.97In0.03)Te2,Ag(Sb0.97In0.03)Te2,1,No,In,0.03,Sb,,In (0.03) @ Sb site,Seebeck coefficient,190,mV K^-1,300,K,Table 1,,
Influence of In doping on the thermoelectric properties of an AgSbTe2 compound with enhanced figure of merit.pdf,10.1039/c3ta14547f,AgSbTe2,Ag(Sb0.95In0.05)Te2,Ag(Sb0.95In0.05)Te2,1,No,In,0.05,Sb,,In (0.05) @ Sb site,electrical conductivity,2.3,10^4 S m^-1,300,K,Table 1,,
Influence of In doping on the thermoelectric properties of an AgSbTe2 compound with enhanced figure of merit.pdf,10.1039/c3ta14547f,AgSbTe2,Ag(Sb0.95In0.05)Te2,Ag(Sb0.95In0.05)Te2,1,No,In,0.05,Sb,,In (0.05) @ Sb site,Seebeck coefficient,212,mV K^-1,300,K,Table 1,,
Influence of In doping on the thermoelectric properties of an AgSbTe2 compound with enhanced figure of merit.pdf,10.1039/c3ta14547f,AgSbTe2,Ag(Sb0.93In0.07)Te2,Ag(Sb0.93In0.07)Te2,1,No,In,0.07,Sb,,In (0.07) @ Sb site,electrical conductivity,2.1,10^4 S m^-1,300,K,Table 1,,
Influence of In doping on the thermoelectric properties of an AgSbTe2 compound with enhanced figure of merit.pdf,10.1039/c3ta14547f,AgSbTe2,Ag(Sb0.93In0.07)Te2,Ag(Sb0.93In0.07)Te2,1,No,In,0.07,Sb,,In (0.07) @ Sb site,Seebeck coefficient,230,mV K^-1,300,K,Table 1,,
Influence of In doping on the thermoelectric properties of an AgSbTe2 compound with enhanced figure of merit.pdf,10.1039/c3ta14547f,AgSbTe2,Ag(Sb0.93In0.07)Te2,Ag(Sb0.93In0.07)Te2,1,No,In,0.07,Sb,,In (0.07) @ Sb site,power factor,1.35,10^-3 W m^-1 K^-2,450,K,body text,,
Influence of In doping on the thermoelectric properties of an AgSbTe2 compound with enhanced figure of merit.pdf,10.1039/c3ta14547f,AgSbTe2,Ag(Sb0.93In0.07)Te2,Ag(Sb0.93In0.07)Te2,1,No,In,0.07,Sb,,In (0.07) @ Sb site,ZT,1.35,dimensionless,650,K,body text,,
Influence of In doping on the thermoelectric properties of an AgSbTe2 compound with enhanced figure of merit.pdf,10.1039/c3ta14547f,AgSbTe2,AgSbTe2 (x=0),AgSbTe2,0,No,,,,,,electrical conductivity,3.8,10^4 S m^-1,300,K,figure,Fig. 3a,Visually estimated from Fig. 3a
Influence of In doping on the thermoelectric properties of an AgSbTe2 compound with enhanced figure of merit.pdf,10.1039/c3ta14547f,AgSbTe2,AgSbTe2 (x=0),AgSbTe2,0,No,,,,,,Seebeck coefficient,170,uV K^-1,300,K,figure,Fig. 3c,Visually estimated from Fig. 3c
Influence of In doping on the thermoelectric properties of an AgSbTe2 compound with enhanced figure of merit.pdf,10.1039/c3ta14547f,AgSbTe2,AgSbTe2 (x=0),AgSbTe2,0,No,,,,,,power factor,1.05,mWm^-1K^-2,300,K,figure,Fig. 3d,Visually estimated from Fig. 3d
Influence of In doping on the thermoelectric properties of an AgSbTe2 compound with enhanced figure of merit.pdf,10.1039/c3ta14547f,AgSbTe2,AgSbTe2 (x=0),AgSbTe2,0,No,,,,,,ZT,0.45,dimensionless,300,K,figure,Fig. 5,Visually estimated from Fig. 5
Influence of In doping on the thermoelectric properties of an AgSbTe2 compound with enhanced figure of merit.pdf,10.1039/c3ta14547f,AgSbTe2,Ag(Sb0.97In0.03)Te2 (x=0.03),Ag(Sb0.97In0.03)Te2,1,No,In,x=0.03,Sb,,In (x=0.03) @ Sb site,electrical conductivity,2.7,10^4 S m^-1,300,K,figure,Fig. 3a,Visually estimated from Fig. 3a
Influence of In doping on the thermoelectric properties of an AgSbTe2 compound with enhanced figure of merit.pdf,10.1039/c3ta14547f,AgSbTe2,Ag(Sb0.97In0.03)Te2 (x=0.03),Ag(Sb0.97In0.03)Te2,1,No,In,x=0.03,Sb,,In (x=0.03) @ Sb site,Seebeck coefficient,210,uV K^-1,300,K,figure,Fig. 3c,Visually estimated from Fig. 3c
Influence of In doping on the thermoelectric properties of an AgSbTe2 compound with enhanced figure of merit.pdf,10.1039/c3ta14547f,AgSbTe2,Ag(Sb0.97In0.03)Te2 (x=0.03),Ag(Sb0.97In0.03)Te2,1,No,In,x=0.03,Sb,,In (x=0.03) @ Sb site,power factor,1.15,mWm^-1K^-2,300,K,figure,Fig. 3d,Visually estimated from Fig. 3d
Influence of In doping on the thermoelectric properties of an AgSbTe2 compound with enhanced figure of merit.pdf,10.1039/c3ta14547f,AgSbTe2,Ag(Sb0.97In0.03)Te2 (x=0.03),Ag(Sb0.97In0.03)Te2,1,No,In,x=0.03,Sb,,In (x=0.03) @ Sb site,ZT,0.5,dimensionless,300,K,figure,Fig. 5,Visually estimated from Fig. 5
Influence of In doping on the thermoelectric properties of an AgSbTe2 compound with enhanced figure of merit.pdf,10.1039/c3ta14547f,AgSbTe2,Ag(Sb0.95In0.05)Te2 (x=0.05),Ag(Sb0.95In0.05)Te2,1,No,In,x=0.05,Sb,,In (x=0.05) @ Sb site,electrical conductivity,2.3,10^4 S m^-1,300,K,figure,Fig. 3a,Visually estimated from Fig. 3a
Influence of In doping on the thermoelectric properties of an AgSbTe2 compound with enhanced figure of merit.pdf,10.1039/c3ta14547f,AgSbTe2,Ag(Sb0.95In0.05)Te2 (x=0.05),Ag(Sb0.95In0.05)Te2,1,No,In,x=0.05,Sb,,In (x=0.05) @ Sb site,Seebeck coefficient,230,uV K^-1,300,K,figure,Fig. 3c,Visually estimated from Fig. 3c
Influence of In doping on the thermoelectric properties of an AgSbTe2 compound with enhanced figure of merit.pdf,10.1039/c3ta14547f,AgSbTe2,Ag(Sb0.95In0.05)Te2 (x=0.05),Ag(Sb0.95In0.05)Te2,1,No,In,x=0.05,Sb,,In (x=0.05) @ Sb site,power factor,1.2,mWm^-1K^-2,300,K,figure,Fig. 3d,Visually estimated from Fig. 3d
Influence of In doping on the thermoelectric properties of an AgSbTe2 compound with enhanced figure of merit.pdf,10.1039/c3ta14547f,AgSbTe2,Ag(Sb0.95In0.05)Te2 (x=0.05),Ag(Sb0.95In0.05)Te2,1,No,In,x=0.05,Sb,,In (x=0.05) @ Sb site,ZT,0.52,dimensionless,300,K,figure,Fig. 5,Visually estimated from Fig. 5
Influence of In doping on the thermoelectric properties of an AgSbTe2 compound with enhanced figure of merit.pdf,10.1039/c3ta14547f,AgSbTe2,Ag(Sb0.93In0.07)Te2 (x=0.07),Ag(Sb0.93In0.07)Te2,1,No,In,x=0.07,Sb,,In (x=0.07) @ Sb site,electrical conductivity,2.1,10^4 S m^-1,300,K,figure,Fig. 3a,Visually estimated from Fig. 3a
Influence of In doping on the thermoelectric properties of an AgSbTe2 compound with enhanced figure of merit.pdf,10.1039/c3ta14547f,AgSbTe2,Ag(Sb0.93In0.07)Te2 (x=0.07),Ag(Sb0.93In0.07)Te2,1,No,In,x=0.07,Sb,,In (x=0.07) @ Sb site,Seebeck coefficient,250,uV K^-1,300,K,figure,Fig. 3c,Visually estimated from Fig. 3c
Influence of In doping on the thermoelectric properties of an AgSbTe2 compound with enhanced figure of merit.pdf,10.1039/c3ta14547f,AgSbTe2,Ag(Sb0.93In0.07)Te2 (x=0.07),Ag(Sb0.93In0.07)Te2,1,No,In,x=0.07,Sb,,In (x=0.07) @ Sb site,power factor,1.25,mWm^-1K^-2,300,K,figure,Fig. 3d,Visually estimated from Fig. 3d
Influence of In doping on the thermoelectric properties of an AgSbTe2 compound with enhanced figure of merit.pdf,10.1039/c3ta14547f,AgSbTe2,Ag(Sb0.93In0.07)Te2 (x=0.07),Ag(Sb0.93In0.07)Te2,1,No,In,x=0.07,Sb,,In (x=0.07) @ Sb site,ZT,0.55,dimensionless,300,K,figure,Fig. 5,Visually estimated from Fig. 5
Influence of mechanochemical syntheses and compacting methods on the thermoelectric properties of nanostructured AgSnmSbTe2+m (TAST-m).pdf,10.1088/0268-1242/29/12/124009,AgSbTe2-doped SnTe,TAST-10,(SnTe)10(AgSbTe2),2,Yes,Ag,10 mol% AgSbTe2,multiple sites,Sb (10 mol% AgSbTe2) @ multiple sites,Ag (10 mol% AgSbTe2) @ multiple sites site; Sb (10 mol% AgSbTe2) @ multiple sites site,,,,,,,,
Influence of mechanochemical syntheses and compacting methods on the thermoelectric properties of nanostructured AgSnmSbTe2+m (TAST-m).pdf,10.1088/0268-1242/29/12/124009,AgSbTe2-doped SnTe,TAST-12,(SnTe)12(AgSbTe2),2,Yes,Ag,12 mol% AgSbTe2,multiple sites,Sb (12 mol% AgSbTe2) @ multiple sites,Ag (12 mol% AgSbTe2) @ multiple sites site; Sb (12 mol% AgSbTe2) @ multiple sites site,,,,,,,,
Influence of mechanochemical syntheses and compacting methods on the thermoelectric properties of nanostructured AgSnmSbTe2+m (TAST-m).pdf,10.1088/0268-1242/29/12/124009,AgSbTe2-doped SnTe,TAST-16,(SnTe)16(AgSbTe2),2,Yes,Ag,16 mol% AgSbTe2,multiple sites,Sb (16 mol% AgSbTe2) @ multiple sites,Ag (16 mol% AgSbTe2) @ multiple sites site; Sb (16 mol% AgSbTe2) @ multiple sites site,,,,,,,,
Influence of mechanochemical syntheses and compacting methods on the thermoelectric properties of nanostructured AgSnmSbTe2+m (TAST-m).pdf,10.1088/0268-1242/29/12/124009,AgSbTe2-doped SnTe,TAST-20,(SnTe)20(AgSbTe2),2,Yes,Ag,20 mol% AgSbTe2,multiple sites,Sb (20 mol% AgSbTe2) @ multiple sites,Ag (20 mol% AgSbTe2) @ multiple sites site; Sb (20 mol% AgSbTe2) @ multiple sites site,,,,,,,,
Influence of mechanochemical syntheses and compacting methods on the thermoelectric properties of nanostructured AgSnmSbTe2+m (TAST-m).pdf,10.1088/0268-1242/29/12/124009,AgSbTe2-doped SnTe,TAST-25,(SnTe)25(AgSbTe2),2,Yes,Ag,25 mol% AgSbTe2,multiple sites,Sb (25 mol% AgSbTe2) @ multiple sites,Ag (25 mol% AgSbTe2) @ multiple sites site; Sb (25 mol% AgSbTe2) @ multiple sites site,,,,,,,,
Influence of mechanochemical syntheses and compacting methods on the thermoelectric properties of nanostructured AgSnmSbTe2+m (TAST-m).pdf,10.1088/0268-1242/29/12/124009,AgSbTe2-doped SnTe,TAST-10,SnTe doped with AgSbTe2,2,Yes,Ag,10 mol%,unclear,Sb (10 mol%) @ unclear,Ag (10 mol%) @ unclear site; Sb (10 mol%) @ unclear site,thermal conductivity,2.0,W m^-1 K^-1,300,K,figure,,"Visually estimated from Fig 8, TAST-10, CPA"
Influence of mechanochemical syntheses and compacting methods on the thermoelectric properties of nanostructured AgSnmSbTe2+m (TAST-m).pdf,10.1088/0268-1242/29/12/124009,AgSbTe2-doped SnTe,TAST-10,SnTe doped with AgSbTe2,2,Yes,Ag,10 mol%,unclear,Sb (10 mol%) @ unclear,Ag (10 mol%) @ unclear site; Sb (10 mol%) @ unclear site,electrical conductivity,1500,S cm^-1,300,K,figure,,"Visually estimated from Fig 10, TAST-10, CPA"
Influence of mechanochemical syntheses and compacting methods on the thermoelectric properties of nanostructured AgSnmSbTe2+m (TAST-m).pdf,10.1088/0268-1242/29/12/124009,AgSbTe2-doped SnTe,TAST-10,SnTe doped with AgSbTe2,2,Yes,Ag,10 mol%,unclear,Sb (10 mol%) @ unclear,Ag (10 mol%) @ unclear site; Sb (10 mol%) @ unclear site,Seebeck coefficient,60,uV K^-1,300,K,figure,,"Visually estimated from Fig 12, TAST-10, CPA"
Influence of mechanochemical syntheses and compacting methods on the thermoelectric properties of nanostructured AgSnmSbTe2+m (TAST-m).pdf,10.1088/0268-1242/29/12/124009,AgSbTe2-doped SnTe,TAST-10,SnTe doped with AgSbTe2,2,Yes,Ag,10 mol%,unclear,Sb (10 mol%) @ unclear,Ag (10 mol%) @ unclear site; Sb (10 mol%) @ unclear site,ZT,0.1,dimensionless,300,K,figure,,"Visually estimated from Fig 14, TAST-10, CPA"
Influence of mechanochemical syntheses and compacting methods on the thermoelectric properties of nanostructured AgSnmSbTe2+m (TAST-m).pdf,10.1088/0268-1242/29/12/124009,AgSbTe2-doped SnTe,TAST-20,SnTe doped with AgSbTe2,2,Yes,Ag,20 mol%,unclear,Sb (20 mol%) @ unclear,Ag (20 mol%) @ unclear site; Sb (20 mol%) @ unclear site,ZT,0.6,dimensionless,700,K,figure,,"Visually estimated from Fig 14, TAST-20, STS"
Influence of nanoscale Ag2 Te precipitates on the thermoelectric properties of the Sn doped P-type AgSbTe2 compound.pdf,10.1063/1.4896435,AgSbTe2,AgSbTe2,AgSbTe2,0,No,,,,,,electrical conductivity,3.6,10^4 S m^-1,,,Table 1,,
Influence of nanoscale Ag2 Te precipitates on the thermoelectric properties of the Sn doped P-type AgSbTe2 compound.pdf,10.1063/1.4896435,AgSbTe2,AgSbTe2,AgSbTe2,0,No,,,,,,Seebeck coefficient,165,μV K^-1,,,Table 1,,
Influence of nanoscale Ag2 Te precipitates on the thermoelectric properties of the Sn doped P-type AgSbTe2 compound.pdf,10.1063/1.4896435,AgSbTe2,Ag(Sb0.99Sn0.01)Te2,AgSb0.99Sn0.01Te2,1,No,Sn,x = 0.01,Sb,,Sn (x = 0.01) @ Sb site,electrical conductivity,0.7,10^4 S m^-1,,,Table 1,,
Influence of nanoscale Ag2 Te precipitates on the thermoelectric properties of the Sn doped P-type AgSbTe2 compound.pdf,10.1063/1.4896435,AgSbTe2,Ag(Sb0.99Sn0.01)Te2,AgSb0.99Sn0.01Te2,1,No,Sn,x = 0.01,Sb,,Sn (x = 0.01) @ Sb site,Seebeck coefficient,209,μV K^-1,,,Table 1,,
Influence of nanoscale Ag2 Te precipitates on the thermoelectric properties of the Sn doped P-type AgSbTe2 compound.pdf,10.1063/1.4896435,AgSbTe2,Ag(Sb0.97Sn0.03)Te2,Ag0.99Sb0.98Sn0.027Te2,1,No,Sn,x = 0.03,Sb,,Sn (x = 0.03) @ Sb site,ZT,1.1,dimensionless,600,K,body text,,
Influence of nanoscale Ag2 Te precipitates on the thermoelectric properties of the Sn doped P-type AgSbTe2 compound.pdf,10.1063/1.4896435,AgSbTe2,Ag(Sb0.97Sn0.03)Te2,Ag0.99Sb0.98Sn0.027Te2,1,No,Sn,x = 0.03,Sb,,Sn (x = 0.03) @ Sb site,electrical conductivity,2.09,10^4 S m^-1,,,Table 1,,
Influence of nanoscale Ag2 Te precipitates on the thermoelectric properties of the Sn doped P-type AgSbTe2 compound.pdf,10.1063/1.4896435,AgSbTe2,Ag(Sb0.97Sn0.03)Te2,Ag0.99Sb0.98Sn0.027Te2,1,No,Sn,x = 0.03,Sb,,Sn (x = 0.03) @ Sb site,Seebeck coefficient,179,μV K^-1,,,Table 1,,
Influence of nanoscale Ag2 Te precipitates on the thermoelectric properties of the Sn doped P-type AgSbTe2 compound.pdf,10.1063/1.4896435,AgSbTe2,Ag(Sb0.97Sn0.03)Te2,Ag0.99Sb0.98Sn0.027Te2,1,No,Sn,x = 0.03,Sb,,Sn (x = 0.03) @ Sb site,electrical conductivity,3,10^4 S m^-1,543,K,body text,,
Influence of nanoscale Ag2 Te precipitates on the thermoelectric properties of the Sn doped P-type AgSbTe2 compound.pdf,10.1063/1.4896435,AgSbTe2,Ag(Sb0.97Sn0.03)Te2,Ag0.99Sb0.98Sn0.027Te2,1,No,Sn,x = 0.03,Sb,,Sn (x = 0.03) @ Sb site,power factor,1.38,mW m^-1 K^-2,600,K,body text,,
Influence of nanoscale Ag2 Te precipitates on the thermoelectric properties of the Sn doped P-type AgSbTe2 compound.pdf,10.1063/1.4896435,AgSbTe2,Ag(Sb0.97Sn0.03)Te2,Ag0.99Sb0.98Sn0.027Te2,1,No,Sn,x = 0.03,Sb,,Sn (x = 0.03) @ Sb site,lattice thermal conductivity,0.35,W/m K,510,K,body text,,
Influence of nanoscale Ag2 Te precipitates on the thermoelectric properties of the Sn doped P-type AgSbTe2 compound.pdf,10.1063/1.4896435,AgSbTe2,Ag(Sb0.95Sn0.05)Te2,Ag0.97Sb0.96Sn0.048Te1.99,1,No,Sn,x = 0.05,Sb,,Sn (x = 0.05) @ Sb site,electrical conductivity,1.45,10^4 S m^-1,,,Table 1,,
Influence of nanoscale Ag2 Te precipitates on the thermoelectric properties of the Sn doped P-type AgSbTe2 compound.pdf,10.1063/1.4896435,AgSbTe2,Ag(Sb0.95Sn0.05)Te2,Ag0.97Sb0.96Sn0.048Te1.99,1,No,Sn,x = 0.05,Sb,,Sn (x = 0.05) @ Sb site,Seebeck coefficient,156,μV K^-1,,,Table 1,,
Influence of nanoscale Ag2 Te precipitates on the thermoelectric properties of the Sn doped P-type AgSbTe2 compound.pdf,10.1063/1.4896435,AgSbTe2,Ag(Sb0.93Sn0.07)Te2,Ag0.96Sb0.94Sn0.064Te1.98,1,No,Sn,x = 0.07,Sb,,Sn (x = 0.07) @ Sb site,electrical conductivity,1.016,10^4 S m^-1,,,Table 1,,
Influence of nanoscale Ag2 Te precipitates on the thermoelectric properties of the Sn doped P-type AgSbTe2 compound.pdf,10.1063/1.4896435,AgSbTe2,Ag(Sb0.93Sn0.07)Te2,Ag0.96Sb0.94Sn0.064Te1.98,1,No,Sn,x = 0.07,Sb,,Sn (x = 0.07) @ Sb site,Seebeck coefficient,121,μV K^-1,,,Table 1,,
Influence of nanoscale Ag2 Te precipitates on the thermoelectric properties of the Sn doped P-type AgSbTe2 compound.pdf,10.1063/1.4896435,AgSbTe2,Ag(Sb1-xSnx)Te2 (x = 0.01),Ag(Sb0.99Sn0.01)Te2,1,No,Sn,x = 0.01,Sb,,Sn (x = 0.01) @ Sb site,,,,,,,,
Influence of nanoscale Ag2 Te precipitates on the thermoelectric properties of the Sn doped P-type AgSbTe2 compound.pdf,10.1063/1.4896435,AgSbTe2,Ag(Sb1-xSnx)Te2 (x = 0.03),Ag(Sb0.97Sn0.03)Te2,1,No,Sn,x = 0.03,Sb,,Sn (x = 0.03) @ Sb site,electrical conductivity,3,10^4 S m^-1,543,K,body text,,
Influence of nanoscale Ag2 Te precipitates on the thermoelectric properties of the Sn doped P-type AgSbTe2 compound.pdf,10.1063/1.4896435,AgSbTe2,Ag(Sb1-xSnx)Te2 (x = 0.05),Ag(Sb0.95Sn0.05)Te2,1,No,Sn,x = 0.05,Sb,,Sn (x = 0.05) @ Sb site,,,,,,,,
Influence of nanoscale Ag2 Te precipitates on the thermoelectric properties of the Sn doped P-type AgSbTe2 compound.pdf,10.1063/1.4896435,AgSbTe2,Ag(Sb1-xSnx)Te2 (x = 0.07),Ag(Sb0.93Sn0.07)Te2,1,No,Sn,x = 0.07,Sb,,Sn (x = 0.07) @ Sb site,,,,,,,,
Influence of nanoscale Ag2 Te precipitates on the thermoelectric properties of the Sn doped P-type AgSbTe2 compound.pdf,10.1063/1.4896435,AgSbTe2,"Ag(Sb1-xSnx)Te2, x=0.01",AgSb0.99Sn0.01Te2,1,No,Sn,x=0.01,Sb,,Sn (x=0.01) @ Sb site,electrical conductivity,0.7,10^4 S m^-1,300,K,figure,,Visually estimated from Fig. 4a
Influence of nanoscale Ag2 Te precipitates on the thermoelectric properties of the Sn doped P-type AgSbTe2 compound.pdf,10.1063/1.4896435,AgSbTe2,"Ag(Sb1-xSnx)Te2, x=0.01",AgSb0.99Sn0.01Te2,1,No,Sn,x=0.01,Sb,,Sn (x=0.01) @ Sb site,Seebeck coefficient,180,uV K^-1,300,K,figure,,Visually estimated from Fig. 4b
Influence of nanoscale Ag2 Te precipitates on the thermoelectric properties of the Sn doped P-type AgSbTe2 compound.pdf,10.1063/1.4896435,AgSbTe2,"Ag(Sb1-xSnx)Te2, x=0.01",AgSb0.99Sn0.01Te2,1,No,Sn,x=0.01,Sb,,Sn (x=0.01) @ Sb site,power factor,0.25,mW m^-1 K^-2,300,K,figure,,Visually estimated from Fig. 4c
Influence of nanoscale Ag2 Te precipitates on the thermoelectric properties of the Sn doped P-type AgSbTe2 compound.pdf,10.1063/1.4896435,AgSbTe2,"Ag(Sb1-xSnx)Te2, x=0.01",AgSb0.99Sn0.01Te2,1,No,Sn,x=0.01,Sb,,Sn (x=0.01) @ Sb site,thermal conductivity,0.65,W m^-1 K^-1,300,K,figure,,Visually estimated from Fig. 4e
Influence of nanoscale Ag2 Te precipitates on the thermoelectric properties of the Sn doped P-type AgSbTe2 compound.pdf,10.1063/1.4896435,AgSbTe2,"Ag(Sb1-xSnx)Te2, x=0.01",AgSb0.99Sn0.01Te2,1,No,Sn,x=0.01,Sb,,Sn (x=0.01) @ Sb site,lattice thermal conductivity,0.55,W m^-1 K^-1,300,K,figure,,Visually estimated from Fig. 4f
Influence of nanoscale Ag2 Te precipitates on the thermoelectric properties of the Sn doped P-type AgSbTe2 compound.pdf,10.1063/1.4896435,AgSbTe2,"Ag(Sb1-xSnx)Te2, x=0.01",AgSb0.99Sn0.01Te2,1,No,Sn,x=0.01,Sb,,Sn (x=0.01) @ Sb site,ZT,0.2,dimensionless,300,K,figure,,Visually estimated from Fig. 5a
Influence of nanoscale Ag2 Te precipitates on the thermoelectric properties of the Sn doped P-type AgSbTe2 compound.pdf,10.1063/1.4896435,AgSbTe2,"Ag(Sb1-xSnx)Te2, x=0.03",AgSb0.97Sn0.03Te2,1,No,Sn,x=0.03,Sb,,Sn (x=0.03) @ Sb site,electrical conductivity,2.8,10^4 S m^-1,300,K,figure,,Visually estimated from Fig. 4a
Influence of nanoscale Ag2 Te precipitates on the thermoelectric properties of the Sn doped P-type AgSbTe2 compound.pdf,10.1063/1.4896435,AgSbTe2,"Ag(Sb1-xSnx)Te2, x=0.03",AgSb0.97Sn0.03Te2,1,No,Sn,x=0.03,Sb,,Sn (x=0.03) @ Sb site,Seebeck coefficient,160,uV K^-1,300,K,figure,,Visually estimated from Fig. 4b
Influence of nanoscale Ag2 Te precipitates on the thermoelectric properties of the Sn doped P-type AgSbTe2 compound.pdf,10.1063/1.4896435,AgSbTe2,"Ag(Sb1-xSnx)Te2, x=0.03",AgSb0.97Sn0.03Te2,1,No,Sn,x=0.03,Sb,,Sn (x=0.03) @ Sb site,power factor,0.7,mW m^-1 K^-2,300,K,figure,,Visually estimated from Fig. 4c
Influence of nanoscale Ag2 Te precipitates on the thermoelectric properties of the Sn doped P-type AgSbTe2 compound.pdf,10.1063/1.4896435,AgSbTe2,"Ag(Sb1-xSnx)Te2, x=0.03",AgSb0.97Sn0.03Te2,1,No,Sn,x=0.03,Sb,,Sn (x=0.03) @ Sb site,thermal conductivity,0.68,W m^-1 K^-1,300,K,figure,,Visually estimated from Fig. 4e
Influence of nanoscale Ag2 Te precipitates on the thermoelectric properties of the Sn doped P-type AgSbTe2 compound.pdf,10.1063/1.4896435,AgSbTe2,"Ag(Sb1-xSnx)Te2, x=0.03",AgSb0.97Sn0.03Te2,1,No,Sn,x=0.03,Sb,,Sn (x=0.03) @ Sb site,lattice thermal conductivity,0.58,W m^-1 K^-1,300,K,figure,,Visually estimated from Fig. 4f
Influence of nanoscale Ag2 Te precipitates on the thermoelectric properties of the Sn doped P-type AgSbTe2 compound.pdf,10.1063/1.4896435,AgSbTe2,"Ag(Sb1-xSnx)Te2, x=0.03",AgSb0.97Sn0.03Te2,1,No,Sn,x=0.03,Sb,,Sn (x=0.03) @ Sb site,ZT,0.35,dimensionless,300,K,figure,,Visually estimated from Fig. 5a
Influence of nanoscale Ag2 Te precipitates on the thermoelectric properties of the Sn doped P-type AgSbTe2 compound.pdf,10.1063/1.4896435,AgSbTe2,"Ag(Sb1-xSnx)Te2, x=0.05",AgSb0.95Sn0.05Te2,1,No,Sn,x=0.05,Sb,,Sn (x=0.05) @ Sb site,electrical conductivity,1.2,10^4 S m^-1,300,K,figure,,Visually estimated from Fig. 4a
Influence of nanoscale Ag2 Te precipitates on the thermoelectric properties of the Sn doped P-type AgSbTe2 compound.pdf,10.1063/1.4896435,AgSbTe2,"Ag(Sb1-xSnx)Te2, x=0.05",AgSb0.95Sn0.05Te2,1,No,Sn,x=0.05,Sb,,Sn (x=0.05) @ Sb site,Seebeck coefficient,140,uV K^-1,300,K,figure,,Visually estimated from Fig. 4b
Influence of nanoscale Ag2 Te precipitates on the thermoelectric properties of the Sn doped P-type AgSbTe2 compound.pdf,10.1063/1.4896435,AgSbTe2,"Ag(Sb1-xSnx)Te2, x=0.05",AgSb0.95Sn0.05Te2,1,No,Sn,x=0.05,Sb,,Sn (x=0.05) @ Sb site,power factor,0.3,mW m^-1 K^-2,300,K,figure,,Visually estimated from Fig. 4c
Influence of nanoscale Ag2 Te precipitates on the thermoelectric properties of the Sn doped P-type AgSbTe2 compound.pdf,10.1063/1.4896435,AgSbTe2,"Ag(Sb1-xSnx)Te2, x=0.05",AgSb0.95Sn0.05Te2,1,No,Sn,x=0.05,Sb,,Sn (x=0.05) @ Sb site,thermal conductivity,0.68,W m^-1 K^-1,300,K,figure,,Visually estimated from Fig. 4e
Influence of nanoscale Ag2 Te precipitates on the thermoelectric properties of the Sn doped P-type AgSbTe2 compound.pdf,10.1063/1.4896435,AgSbTe2,"Ag(Sb1-xSnx)Te2, x=0.05",AgSb0.95Sn0.05Te2,1,No,Sn,x=0.05,Sb,,Sn (x=0.05) @ Sb site,lattice thermal conductivity,0.6,W m^-1 K^-1,300,K,figure,,Visually estimated from Fig. 4f
Influence of nanoscale Ag2 Te precipitates on the thermoelectric properties of the Sn doped P-type AgSbTe2 compound.pdf,10.1063/1.4896435,AgSbTe2,"Ag(Sb1-xSnx)Te2, x=0.05",AgSb0.95Sn0.05Te2,1,No,Sn,x=0.05,Sb,,Sn (x=0.05) @ Sb site,ZT,0.2,dimensionless,300,K,figure,,Visually estimated from Fig. 5a
Influence of nanoscale Ag2 Te precipitates on the thermoelectric properties of the Sn doped P-type AgSbTe2 compound.pdf,10.1063/1.4896435,AgSbTe2,"Ag(Sb1-xSnx)Te2, x=0.07",AgSb0.93Sn0.07Te2,1,No,Sn,x=0.07,Sb,,Sn (x=0.07) @ Sb site,electrical conductivity,1.1,10^4 S m^-1,300,K,figure,,Visually estimated from Fig. 4a
Influence of nanoscale Ag2 Te precipitates on the thermoelectric properties of the Sn doped P-type AgSbTe2 compound.pdf,10.1063/1.4896435,AgSbTe2,"Ag(Sb1-xSnx)Te2, x=0.07",AgSb0.93Sn0.07Te2,1,No,Sn,x=0.07,Sb,,Sn (x=0.07) @ Sb site,Seebeck coefficient,130,uV K^-1,300,K,figure,,Visually estimated from Fig. 4b
Influence of nanoscale Ag2 Te precipitates on the thermoelectric properties of the Sn doped P-type AgSbTe2 compound.pdf,10.1063/1.4896435,AgSbTe2,"Ag(Sb1-xSnx)Te2, x=0.07",AgSb0.93Sn0.07Te2,1,No,Sn,x=0.07,Sb,,Sn (x=0.07) @ Sb site,power factor,0.25,mW m^-1 K^-2,300,K,figure,,Visually estimated from Fig. 4c
Influence of nanoscale Ag2 Te precipitates on the thermoelectric properties of the Sn doped P-type AgSbTe2 compound.pdf,10.1063/1.4896435,AgSbTe2,"Ag(Sb1-xSnx)Te2, x=0.07",AgSb0.93Sn0.07Te2,1,No,Sn,x=0.07,Sb,,Sn (x=0.07) @ Sb site,thermal conductivity,0.7,W m^-1 K^-1,300,K,figure,,Visually estimated from Fig. 4e
Influence of nanoscale Ag2 Te precipitates on the thermoelectric properties of the Sn doped P-type AgSbTe2 compound.pdf,10.1063/1.4896435,AgSbTe2,"Ag(Sb1-xSnx)Te2, x=0.07",AgSb0.93Sn0.07Te2,1,No,Sn,x=0.07,Sb,,Sn (x=0.07) @ Sb site,lattice thermal conductivity,0.65,W m^-1 K^-1,300,K,figure,,Visually estimated from Fig. 4f
Influence of nanoscale Ag2 Te precipitates on the thermoelectric properties of the Sn doped P-type AgSbTe2 compound.pdf,10.1063/1.4896435,AgSbTe2,"Ag(Sb1-xSnx)Te2, x=0.07",AgSb0.93Sn0.07Te2,1,No,Sn,x=0.07,Sb,,Sn (x=0.07) @ Sb site,ZT,0.2,dimensionless,300,K,figure,,Visually estimated from Fig. 5a
Ioffe–Regel limit and lattice thermal conductivity reduction of high performance (AgSbTe2)15(GeTe)85 thermoelectric materials.pdf,10.1039/c3ta15147f,(AgSbTe2)15(GeTe)85,0.4 AQ,(Ag0.4SbTe0.2+1.5)15(GeTe)85,2,Yes,Ag,0.4,unclear,Sb (1) @ unclear,Ag (0.4) @ unclear site; Sb (1) @ unclear site,electrical conductivity,6.3,cm2 V-1 s-1,300,K,Table 1,,
Ioffe–Regel limit and lattice thermal conductivity reduction of high performance (AgSbTe2)15(GeTe)85 thermoelectric materials.pdf,10.1039/c3ta15147f,(AgSbTe2)15(GeTe)85,0.6 AQ,(Ag0.6SbTe0.3+1.5)15(GeTe)85,2,Yes,Ag,0.6,unclear,Sb (1) @ unclear,Ag (0.6) @ unclear site; Sb (1) @ unclear site,electrical conductivity,7.7,cm2 V-1 s-1,300,K,Table 1,,
Ioffe–Regel limit and lattice thermal conductivity reduction of high performance (AgSbTe2)15(GeTe)85 thermoelectric materials.pdf,10.1039/c3ta15147f,(AgSbTe2)15(GeTe)85,0.8 AQ,(Ag0.8SbTe0.4+1.5)15(GeTe)85,2,Yes,Ag,0.8,unclear,Sb (1) @ unclear,Ag (0.8) @ unclear site; Sb (1) @ unclear site,electrical conductivity,7.1,cm2 V-1 s-1,300,K,Table 1,,
Ioffe–Regel limit and lattice thermal conductivity reduction of high performance (AgSbTe2)15(GeTe)85 thermoelectric materials.pdf,10.1039/c3ta15147f,(AgSbTe2)15(GeTe)85,1.0 AQ,(Ag1.0SbTe0.5+1.5)15(GeTe)85,2,Yes,Ag,1.0,unclear,Sb (1) @ unclear,Ag (1.0) @ unclear site; Sb (1) @ unclear site,electrical conductivity,5.0,cm2 V-1 s-1,300,K,Table 1,,
Ioffe–Regel limit and lattice thermal conductivity reduction of high performance (AgSbTe2)15(GeTe)85 thermoelectric materials.pdf,10.1039/c3ta15147f,(AgSbTe2)15(GeTe)85,1.2 AQ,(Ag1.2SbTe0.6+1.5)15(GeTe)85,2,Yes,Ag,1.2,unclear,Sb (1) @ unclear,Ag (1.2) @ unclear site; Sb (1) @ unclear site,electrical conductivity,5.3,cm2 V-1 s-1,300,K,Table 1,,
Ioffe–Regel limit and lattice thermal conductivity reduction of high performance (AgSbTe2)15(GeTe)85 thermoelectric materials.pdf,10.1039/c3ta15147f,(AgSbTe2)15(GeTe)85,0.4 MS,(Ag0.4SbTe0.2+1.5)15(GeTe)85,2,Yes,Ag,0.4,unclear,Sb (1) @ unclear,Ag (0.4) @ unclear site; Sb (1) @ unclear site,electrical conductivity,6.4,cm2 V-1 s-1,300,K,Table 2,,
Ioffe–Regel limit and lattice thermal conductivity reduction of high performance (AgSbTe2)15(GeTe)85 thermoelectric materials.pdf,10.1039/c3ta15147f,(AgSbTe2)15(GeTe)85,0.6 MS,(Ag0.6SbTe0.3+1.5)15(GeTe)85,2,Yes,Ag,0.6,unclear,Sb (1) @ unclear,Ag (0.6) @ unclear site; Sb (1) @ unclear site,electrical conductivity,7.0,cm2 V-1 s-1,300,K,Table 2,,
Ioffe–Regel limit and lattice thermal conductivity reduction of high performance (AgSbTe2)15(GeTe)85 thermoelectric materials.pdf,10.1039/c3ta15147f,(AgSbTe2)15(GeTe)85,0.8 MS,(Ag0.8SbTe0.4+1.5)15(GeTe)85,2,Yes,Ag,0.8,unclear,Sb (1) @ unclear,Ag (0.8) @ unclear site; Sb (1) @ unclear site,electrical conductivity,6.7,cm2 V-1 s-1,300,K,Table 2,,
Ioffe–Regel limit and lattice thermal conductivity reduction of high performance (AgSbTe2)15(GeTe)85 thermoelectric materials.pdf,10.1039/c3ta15147f,(AgSbTe2)15(GeTe)85,1.0 MS,(Ag1.0SbTe0.5+1.5)15(GeTe)85,2,Yes,Ag,1.0,unclear,Sb (1) @ unclear,Ag (1.0) @ unclear site; Sb (1) @ unclear site,electrical conductivity,6.5,cm2 V-1 s-1,300,K,Table 2,,
Ioffe–Regel limit and lattice thermal conductivity reduction of high performance (AgSbTe2)15(GeTe)85 thermoelectric materials.pdf,10.1039/c3ta15147f,(AgSbTe2)15(GeTe)85,1.2 MS,(Ag1.2SbTe0.6+1.5)15(GeTe)85,2,Yes,Ag,1.2,unclear,Sb (1) @ unclear,Ag (1.2) @ unclear site; Sb (1) @ unclear site,electrical conductivity,5.5,cm2 V-1 s-1,300,K,Table 2,,
Ioffe–Regel limit and lattice thermal conductivity reduction of high performance (AgSbTe2)15(GeTe)85 thermoelectric materials.pdf,10.1039/c3ta15147f,(AgSbTe2)15(GeTe)85,0.4 AQ,(Ag0.4SbTe2/2+1.5)15(GeTe)85,1,No,Ag,0.4,unclear,,Ag (0.4) @ unclear site,electrical conductivity,14,10^4 Sm^-1,300,K,figure,Fig. 1a,Visually estimated from Fig. 1a
Ioffe–Regel limit and lattice thermal conductivity reduction of high performance (AgSbTe2)15(GeTe)85 thermoelectric materials.pdf,10.1039/c3ta15147f,(AgSbTe2)15(GeTe)85,0.4 AQ,(Ag0.4SbTe2/2+1.5)15(GeTe)85,1,No,Ag,0.4,unclear,,Ag (0.4) @ unclear site,Seebeck coefficient,120,uV K^-1,300,K,figure,Fig. 1b,Visually estimated from Fig. 1b
Ioffe–Regel limit and lattice thermal conductivity reduction of high performance (AgSbTe2)15(GeTe)85 thermoelectric materials.pdf,10.1039/c3ta15147f,(AgSbTe2)15(GeTe)85,0.4 AQ,(Ag0.4SbTe2/2+1.5)15(GeTe)85,1,No,Ag,0.4,unclear,,Ag (0.4) @ unclear site,power factor,16,uW cm^-1 K^-2,300,K,figure,Fig. 1c,Visually estimated from Fig. 1c
Ioffe–Regel limit and lattice thermal conductivity reduction of high performance (AgSbTe2)15(GeTe)85 thermoelectric materials.pdf,10.1039/c3ta15147f,(AgSbTe2)15(GeTe)85,0.4 AQ,(Ag0.4SbTe2/2+1.5)15(GeTe)85,1,No,Ag,0.4,unclear,,Ag (0.4) @ unclear site,thermal conductivity,2.1,Wm^-1 K^-1,300,K,figure,Fig. 1d,Visually estimated from Fig. 1d
Ioffe–Regel limit and lattice thermal conductivity reduction of high performance (AgSbTe2)15(GeTe)85 thermoelectric materials.pdf,10.1039/c3ta15147f,(AgSbTe2)15(GeTe)85,0.4 AQ,(Ag0.4SbTe2/2+1.5)15(GeTe)85,1,No,Ag,0.4,unclear,,Ag (0.4) @ unclear site,ZT,0.3,dimensionless,300,K,figure,Fig. 5a,Visually estimated from Fig. 5a
Ioffe–Regel limit and lattice thermal conductivity reduction of high performance (AgSbTe2)15(GeTe)85 thermoelectric materials.pdf,10.1039/c3ta15147f,(AgSbTe2)15(GeTe)85,0.4 MS,(Ag0.4SbTe2/2+1.5)15(GeTe)85,1,No,Ag,0.4,unclear,,Ag (0.4) @ unclear site,electrical conductivity,4,10^4 Sm^-1,300,K,figure,Fig. 3a,Visually estimated from Fig. 3a
Ioffe–Regel limit and lattice thermal conductivity reduction of high performance (AgSbTe2)15(GeTe)85 thermoelectric materials.pdf,10.1039/c3ta15147f,(AgSbTe2)15(GeTe)85,0.4 MS,(Ag0.4SbTe2/2+1.5)15(GeTe)85,1,No,Ag,0.4,unclear,,Ag (0.4) @ unclear site,Seebeck coefficient,140,uV K^-1,300,K,figure,Fig. 3b,Visually estimated from Fig. 3b
Ioffe–Regel limit and lattice thermal conductivity reduction of high performance (AgSbTe2)15(GeTe)85 thermoelectric materials.pdf,10.1039/c3ta15147f,(AgSbTe2)15(GeTe)85,0.4 MS,(Ag0.4SbTe2/2+1.5)15(GeTe)85,1,No,Ag,0.4,unclear,,Ag (0.4) @ unclear site,power factor,12,uW cm^-1 K^-2,300,K,figure,Fig. 3c,Visually estimated from Fig. 3c
Ioffe–Regel limit and lattice thermal conductivity reduction of high performance (AgSbTe2)15(GeTe)85 thermoelectric materials.pdf,10.1039/c3ta15147f,(AgSbTe2)15(GeTe)85,0.4 MS,(Ag0.4SbTe2/2+1.5)15(GeTe)85,1,No,Ag,0.4,unclear,,Ag (0.4) @ unclear site,thermal conductivity,1.4,Wm^-1 K^-1,300,K,figure,Fig. 3d,Visually estimated from Fig. 3d
Ioffe–Regel limit and lattice thermal conductivity reduction of high performance (AgSbTe2)15(GeTe)85 thermoelectric materials.pdf,10.1039/c3ta15147f,(AgSbTe2)15(GeTe)85,0.4 MS,(Ag0.4SbTe2/2+1.5)15(GeTe)85,1,No,Ag,0.4,unclear,,Ag (0.4) @ unclear site,ZT,0.3,dimensionless,300,K,figure,Fig. 5b,Visually estimated from Fig. 5b
Irie_1963_Jpn._J._Appl._Phys._2_72.pdf,,AgSbTe2,AgSbTe2-AgBiTe2 system,AgSbTe2-AgBiTe2,1,No,Bi,0-50 mol%,Sb,,Bi (0-50 mol%) @ Sb site,electrical conductivity,180,ohm^-1 cm^-1,,,figure,,Visually estimated from Fig. 14 at 0 mol% AgBiTe2.
Irie_1963_Jpn._J._Appl._Phys._2_72.pdf,,AgSbTe2,AgSbTe2-AgBiTe2 system,AgSbTe2-AgBiTe2,1,No,Bi,0-50 mol%,Sb,,Bi (0-50 mol%) @ Sb site,Seebeck coefficient,250,uV/C,,,figure,,Visually estimated from Fig. 13 at 30 mol% AgBiTe2.
Irie_1963_Jpn._J._Appl._Phys._2_72.pdf,,AgSbTe2,AgSbTe2-AgBiTe2 system,AgSbTe2-AgBiTe2,1,No,Bi,0-50 mol%,Sb,,Bi (0-50 mol%) @ Sb site,thermal conductivity,0.008,W/deg-cm,,,figure,,Visually estimated from Fig. 16 at 0 mol% AgBiTe2.
Irie_1963_Jpn._J._Appl._Phys._2_72.pdf,,AgSbTe2,AgSbTe2-PbTe system,AgSbTe2-PbTe,1,No,Pb,0-100 mol%,multiple sites,,Pb (0-100 mol%) @ multiple sites site,Seebeck coefficient,300,uV/C,,,figure,,Visually estimated from Fig. 21 at 20 mol% PbTe.
Irie_1963_Jpn._J._Appl._Phys._2_72.pdf,,AgSbTe2,AgSbTe2-PbTe system,AgSbTe2-PbTe,1,No,Pb,0-100 mol%,multiple sites,,Pb (0-100 mol%) @ multiple sites site,electrical conductivity,10,ohm^-1 cm^-1,,,figure,,Visually estimated from Fig. 20 at 90 mol% PbTe.
Irie_1963_Jpn._J._Appl._Phys._2_72.pdf,,AgSbTe2,AgSbTe2-PbTe system,AgSbTe2-PbTe,1,No,Pb,0-100 mol%,multiple sites,,Pb (0-100 mol%) @ multiple sites site,thermal conductivity,0.004,W/deg-cm,,,figure,,Visually estimated from Fig. 22 at 40 mol% PbTe.
Irie_1963_Jpn._J._Appl._Phys._2_72.pdf,,AgSbTe2,AgSbTe2-SnTe system,AgSbTe2-SnTe,1,No,Sn,0-100 mol%,multiple sites,,Sn (0-100 mol%) @ multiple sites site,Seebeck coefficient,250,uV/C,,,figure,,Visually estimated from Fig. 27 at 0 mol% SnTe.
Irie_1963_Jpn._J._Appl._Phys._2_72.pdf,,AgSbTe2,AgSbTe2-SnTe system,AgSbTe2-SnTe,1,No,Sn,0-100 mol%,multiple sites,,Sn (0-100 mol%) @ multiple sites site,electrical conductivity,1200,ohm^-1 cm^-1,,,figure,,Visually estimated from Fig. 26 at 40 mol% SnTe.
Irie_1963_Jpn._J._Appl._Phys._2_72.pdf,,AgSbTe2,AgSbTe2-SnTe system,AgSbTe2-SnTe,1,No,Sn,0-100 mol%,multiple sites,,Sn (0-100 mol%) @ multiple sites site,thermal conductivity,0.028,W/deg-cm,,,figure,,Visually estimated from Fig. 28 at 80 mol% SnTe.
Kinetik Properties of (AgSbТe2)0.8(PbTe)0.2.pdf,10.1134/S1063782625602201,AgSbTe2,(AgSbTe2)0.8(PbTe)0.2,(AgSbTe2)0.8(PbTe)0.2,1,No,Pb,0.2,multiple sites,,Pb (0.2) @ multiple sites site,electrical conductivity,30-60,Ohm^-1 cm^-1,,,figure,Fig. 3,Values estimated from the plot range for 80-550 K.
Kinetik Properties of (AgSbТe2)0.8(PbTe)0.2.pdf,10.1134/S1063782625602201,AgSbTe2,(AgSbTe2)0.8(PbTe)0.2,(AgSbTe2)0.8(PbTe)0.2,1,No,Pb,0.2,multiple sites,,Pb (0.2) @ multiple sites site,Seebeck coefficient,50-150,uV/K,,,figure,Fig. 4,Values estimated from the plot range for 80-550 K.
Kinetik Properties of (AgSbТe2)0.8(PbTe)0.2.pdf,10.1134/S1063782625602201,AgSbTe2,(AgSbTe2)0.8(PbTe)0.2,(AgSbTe2)0.8(PbTe)0.2,1,No,Pb,0.2,unclear,,Pb (0.2) @ unclear site,electrical conductivity,50,Ohm^-1cm^-1,80,K,figure,Fig. 3,Visually estimated from Fig. 3
Kinetik Properties of (AgSbТe2)0.8(PbTe)0.2.pdf,10.1134/S1063782625602201,AgSbTe2,(AgSbTe2)0.8(PbTe)0.2,(AgSbTe2)0.8(PbTe)0.2,1,No,Pb,0.2,unclear,,Pb (0.2) @ unclear site,electrical conductivity,58,Ohm^-1cm^-1,200,K,figure,Fig. 3,Visually estimated from Fig. 3
Kinetik Properties of (AgSbТe2)0.8(PbTe)0.2.pdf,10.1134/S1063782625602201,AgSbTe2,(AgSbTe2)0.8(PbTe)0.2,(AgSbTe2)0.8(PbTe)0.2,1,No,Pb,0.2,unclear,,Pb (0.2) @ unclear site,electrical conductivity,35,Ohm^-1cm^-1,410,K,figure,Fig. 3,Visually estimated from Fig. 3
Kinetik Properties of (AgSbТe2)0.8(PbTe)0.2.pdf,10.1134/S1063782625602201,AgSbTe2,(AgSbTe2)0.8(PbTe)0.2,(AgSbTe2)0.8(PbTe)0.2,1,No,Pb,0.2,unclear,,Pb (0.2) @ unclear site,electrical conductivity,46,Ohm^-1cm^-1,500,K,figure,Fig. 3,Visually estimated from Fig. 3
Kinetik Properties of (AgSbТe2)0.8(PbTe)0.2.pdf,10.1134/S1063782625602201,AgSbTe2,(AgSbTe2)0.8(PbTe)0.2,(AgSbTe2)0.8(PbTe)0.2,1,No,Pb,0.2,unclear,,Pb (0.2) @ unclear site,Seebeck coefficient,55,uV/K,80,K,figure,Fig. 4,Visually estimated from Fig. 4
Kinetik Properties of (AgSbТe2)0.8(PbTe)0.2.pdf,10.1134/S1063782625602201,AgSbTe2,(AgSbTe2)0.8(PbTe)0.2,(AgSbTe2)0.8(PbTe)0.2,1,No,Pb,0.2,unclear,,Pb (0.2) @ unclear site,Seebeck coefficient,60,uV/K,200,K,figure,Fig. 4,Visually estimated from Fig. 4
Kinetik Properties of (AgSbТe2)0.8(PbTe)0.2.pdf,10.1134/S1063782625602201,AgSbTe2,(AgSbTe2)0.8(PbTe)0.2,(AgSbTe2)0.8(PbTe)0.2,1,No,Pb,0.2,unclear,,Pb (0.2) @ unclear site,Seebeck coefficient,125,uV/K,410,K,figure,Fig. 4,Visually estimated from Fig. 4
Kinetik Properties of (AgSbТe2)0.8(PbTe)0.2.pdf,10.1134/S1063782625602201,AgSbTe2,(AgSbTe2)0.8(PbTe)0.2,(AgSbTe2)0.8(PbTe)0.2,1,No,Pb,0.2,unclear,,Pb (0.2) @ unclear site,Seebeck coefficient,105,uV/K,550,K,figure,Fig. 4,Visually estimated from Fig. 4
Large Mobility Enables Higher Thermoelectric Cooling and Power Generation Performance in n‑type AgPb18+xSbTe20 Crystals.pdf,10.1021/jacs.3c09655,AgPb18+xSbTe20,AgPb18SbTe20,AgPb18SbTe20,1,No,Pb,18,unclear,,Pb (18) @ unclear site,electrical conductivity,520.5,S cm-1,303,K,body text,,
Large Mobility Enables Higher Thermoelectric Cooling and Power Generation Performance in n‑type AgPb18+xSbTe20 Crystals.pdf,10.1021/jacs.3c09655,AgPb18+xSbTe20,AgPb18SbTe20,AgPb18SbTe20,1,No,Pb,18,unclear,,Pb (18) @ unclear site,Seebeck coefficient,-202.4,μV/K,303,K,body text,,
Large Mobility Enables Higher Thermoelectric Cooling and Power Generation Performance in n‑type AgPb18+xSbTe20 Crystals.pdf,10.1021/jacs.3c09655,AgPb18+xSbTe20,AgPb18SbTe20,AgPb18SbTe20,1,No,Pb,18,unclear,,Pb (18) @ unclear site,thermal conductivity,1.98,W m-1 K-1,303,K,body text,,
Large Mobility Enables Higher Thermoelectric Cooling and Power Generation Performance in n‑type AgPb18+xSbTe20 Crystals.pdf,10.1021/jacs.3c09655,AgPb18+xSbTe20,AgPb18SbTe20,AgPb18SbTe20,1,No,Pb,18,unclear,,Pb (18) @ unclear site,lattice thermal conductivity,1.72,W m-1 K-1,303,K,body text,,
Large Mobility Enables Higher Thermoelectric Cooling and Power Generation Performance in n‑type AgPb18+xSbTe20 Crystals.pdf,10.1021/jacs.3c09655,AgPb18+xSbTe20,AgPb18SbTe20,AgPb18SbTe20,1,No,Pb,18,unclear,,Pb (18) @ unclear site,power factor,21.3,μW cm-1 K-2,303,K,body text,,
Large Mobility Enables Higher Thermoelectric Cooling and Power Generation Performance in n‑type AgPb18+xSbTe20 Crystals.pdf,10.1021/jacs.3c09655,AgPb18+xSbTe20,AgPb18.4SbTe20,AgPb18.4SbTe20,1,No,Pb,18.4,unclear,,Pb (18.4) @ unclear site,power factor,37.8,μW cm-1 K-2,303,K,body text,,
Large Mobility Enables Higher Thermoelectric Cooling and Power Generation Performance in n‑type AgPb18+xSbTe20 Crystals.pdf,10.1021/jacs.3c09655,AgPb18+xSbTe20,AgPb18.4SbTe20,AgPb18.4SbTe20,1,No,Pb,18.4,unclear,,Pb (18.4) @ unclear site,ZT,0.6,dimensionless,303,K,body text,,
Large Mobility Enables Higher Thermoelectric Cooling and Power Generation Performance in n‑type AgPb18+xSbTe20 Crystals.pdf,10.1021/jacs.3c09655,AgPb18+xSbTe20,AgPb18.4SbTe20,AgPb18.4SbTe20,1,No,Pb,18.4,unclear,,Pb (18.4) @ unclear site,Seebeck coefficient,-172.3,μV/K,303,K,body text,,
Large Mobility Enables Higher Thermoelectric Cooling and Power Generation Performance in n‑type AgPb18+xSbTe20 Crystals.pdf,10.1021/jacs.3c09655,AgPb18+xSbTe20,AgPb18.4SbTe20,AgPb18.4SbTe20,1,No,Pb,18.4,unclear,,Pb (18.4) @ unclear site,lattice thermal conductivity,1.29,W m-1 K-1,303,K,body text,,
Large Mobility Enables Higher Thermoelectric Cooling and Power Generation Performance in n‑type AgPb18+xSbTe20 Crystals.pdf,10.1021/jacs.3c09655,AgPb18+xSbTe20,AgPb18.4SbTe20,AgPb18.4SbTe20,1,No,Pb,18.4,unclear,,Pb (18.4) @ unclear site,ZT,1.2,dimensionless,623,K,body text,,
Large Mobility Enables Higher Thermoelectric Cooling and Power Generation Performance in n‑type AgPb18+xSbTe20 Crystals.pdf,10.1021/jacs.3c09655,AgPb18+xSbTe20,AgPb18.5SbTe20,AgPb18.5SbTe20,1,No,Pb,18.5,unclear,,Pb (18.5) @ unclear site,electrical conductivity,1333.6,S cm-1,303,K,body text,,
Large Mobility Enables Higher Thermoelectric Cooling and Power Generation Performance in n‑type AgPb18+xSbTe20 Crystals.pdf,10.1021/jacs.3c09655,AgPb18+xSbTe20,AgPb18.5SbTe20,AgPb18.5SbTe20,1,No,Pb,18.5,unclear,,Pb (18.5) @ unclear site,thermal conductivity,2.08,W m-1 K-1,303,K,body text,,
Large Mobility Enables Higher Thermoelectric Cooling and Power Generation Performance in n‑type AgPb18+xSbTe20 Crystals.pdf,10.1021/jacs.3c09655,AgPb18+xSbTe20,AgPb18.5SbTe20,AgPb18.5SbTe20,1,No,Pb,18.5,unclear,,Pb (18.5) @ unclear site,power factor,38.2,μW cm-1 K-2,303,K,body text,,
Large Mobility Enables Higher Thermoelectric Cooling and Power Generation Performance in n‑type AgPb18+xSbTe20 Crystals.pdf,10.1021/jacs.3c09655,AgPb18+xSbTe20,Polycrystalline AgPb18.4SbTe20,AgPb18.4SbTe20,1,No,Pb,18.4,unclear,,Pb (18.4) @ unclear site,power factor,8.0,μW cm-1 K-2,303,K,body text,,
Large Mobility Enables Higher Thermoelectric Cooling and Power Generation Performance in n‑type AgPb18+xSbTe20 Crystals.pdf,10.1021/jacs.3c09655,AgPb18+xSbTe20,Polycrystalline AgPb18.4SbTe20,AgPb18.4SbTe20,1,No,Pb,18.4,unclear,,Pb (18.4) @ unclear site,electrical conductivity,186.0,S cm-1,303,K,body text,,
Large Mobility Enables Higher Thermoelectric Cooling and Power Generation Performance in n‑type AgPb18+xSbTe20 Crystals.pdf,10.1021/jacs.3c09655,AgPb18+xSbTe20,Polycrystalline AgPb18.4SbTe20,AgPb18.4SbTe20,1,No,Pb,18.4,unclear,,Pb (18.4) @ unclear site,ZT,0.2,dimensionless,303,K,body text,,
Large Mobility Enables Higher Thermoelectric Cooling and Power Generation Performance in n‑type AgPb18+xSbTe20 Crystals.pdf,10.1021/jacs.3c09655,AgPb18+xSbTe20,AgPb18+xSbTe20,AgPb18+xSbTe20,1,No,Pb,18+x,unclear,,Pb (18+x) @ unclear site,ZT,0.6,dimensionless,303,K,body text,,Reported for AgPb18.4SbTe20 crystal
Large Mobility Enables Higher Thermoelectric Cooling and Power Generation Performance in n‑type AgPb18+xSbTe20 Crystals.pdf,10.1021/jacs.3c09655,AgPb18+xSbTe20,AgPb18+xSbTe20,AgPb18+xSbTe20,1,No,Pb,18+x,unclear,,Pb (18+x) @ unclear site,ZT,1.2,dimensionless,623,K,figure,Figure 3d,Visually estimated from Figure 3d for AgPb18.4SbTe20 crystal
Large Mobility Enables Higher Thermoelectric Cooling and Power Generation Performance in n‑type AgPb18+xSbTe20 Crystals.pdf,10.1021/jacs.3c09655,AgPb18+xSbTe20,AgPb18+xSbTe20,AgPb18+xSbTe20,1,No,Pb,18+x,unclear,,Pb (18+x) @ unclear site,thermal conductivity,1.98,W m-1 K-1,303,K,body text,,For AgPb18SbTe20
Large Mobility Enables Higher Thermoelectric Cooling and Power Generation Performance in n‑type AgPb18+xSbTe20 Crystals.pdf,10.1021/jacs.3c09655,AgPb18+xSbTe20,AgPb18+xSbTe20,AgPb18+xSbTe20,1,No,Pb,18+x,unclear,,Pb (18+x) @ unclear site,thermal conductivity,1.62,W m-1 K-1,303,K,body text,,For AgPb18.2SbTe20
Large Mobility Enables Higher Thermoelectric Cooling and Power Generation Performance in n‑type AgPb18+xSbTe20 Crystals.pdf,10.1021/jacs.3c09655,AgPb18+xSbTe20,AgPb18+xSbTe20,AgPb18+xSbTe20,1,No,Pb,18+x,unclear,,Pb (18+x) @ unclear site,lattice thermal conductivity,1.72,W m-1 K-1,303,K,body text,,For AgPb18SbTe20
Large Mobility Enables Higher Thermoelectric Cooling and Power Generation Performance in n‑type AgPb18+xSbTe20 Crystals.pdf,10.1021/jacs.3c09655,AgPb18+xSbTe20,AgPb18+xSbTe20,AgPb18+xSbTe20,1,No,Pb,18+x,unclear,,Pb (18+x) @ unclear site,lattice thermal conductivity,1.29,W m-1 K-1,303,K,body text,,For AgPb18.4SbTe20
Large Mobility Enables Higher Thermoelectric Cooling and Power Generation Performance in n‑type AgPb18+xSbTe20 Crystals.pdf,10.1021/jacs.3c09655,AgPb18+xSbTe20,AgPb18.4SbTe20 crystal,AgPb18.4SbTe20,1,No,Pb,18.4,unclear,,Pb (18.4) @ unclear site,ZT,0.6,dimensionless,303,K,body text,,
Large Mobility Enables Higher Thermoelectric Cooling and Power Generation Performance in n‑type AgPb18+xSbTe20 Crystals.pdf,10.1021/jacs.3c09655,AgPb18+xSbTe20,AgPb18.4SbTe20 crystal,AgPb18.4SbTe20,1,No,Pb,18.4,unclear,,Pb (18.4) @ unclear site,ZT,1.2,dimensionless,623,K,body text,,
Large Mobility Enables Higher Thermoelectric Cooling and Power Generation Performance in n‑type AgPb18+xSbTe20 Crystals.pdf,10.1021/jacs.3c09655,AgPb18+xSbTe20,polycrystalline AgPb18.4SbTe20,AgPb18.4SbTe20,1,No,Pb,18.4,unclear,,Pb (18.4) @ unclear site,ZT,0.2,dimensionless,303,K,body text,,
"Large-scale production of (GeTe)x(AgSbTe2)100−x (x=75, 80, 85, 90) with enhanced thermoelectric properties via gas-atomization and spark plasma sintering.pdf",10.1016/j.actamat.2017.01.053,(GeTe)x(AgSbTe2)100-x,TAGS-75,(GeTe)75(AgSbTe2)25,0,No,,,,,,ZT,0.93,dimensionless,623-723,K,text,Section 3.2,
"Large-scale production of (GeTe)x(AgSbTe2)100−x (x=75, 80, 85, 90) with enhanced thermoelectric properties via gas-atomization and spark plasma sintering.pdf",10.1016/j.actamat.2017.01.053,(GeTe)x(AgSbTe2)100-x,TAGS-80,(GeTe)80(AgSbTe2)20,0,No,,,,,,ZT,1.48,dimensionless,623-723,K,text,Section 3.2,
"Large-scale production of (GeTe)x(AgSbTe2)100−x (x=75, 80, 85, 90) with enhanced thermoelectric properties via gas-atomization and spark plasma sintering.pdf",10.1016/j.actamat.2017.01.053,(GeTe)x(AgSbTe2)100-x,TAGS-80,(GeTe)80(AgSbTe2)20,0,No,,,,,,Seebeck coefficient,241,uV/K,598,K,text,Section 3.2,
"Large-scale production of (GeTe)x(AgSbTe2)100−x (x=75, 80, 85, 90) with enhanced thermoelectric properties via gas-atomization and spark plasma sintering.pdf",10.1016/j.actamat.2017.01.053,(GeTe)x(AgSbTe2)100-x,TAGS-80,(GeTe)80(AgSbTe2)20,0,No,,,,,,thermal conductivity,1.22-1.54,W/mK,323-723,K,text,Section 3.2,
"Large-scale production of (GeTe)x(AgSbTe2)100−x (x=75, 80, 85, 90) with enhanced thermoelectric properties via gas-atomization and spark plasma sintering.pdf",10.1016/j.actamat.2017.01.053,(GeTe)x(AgSbTe2)100-x,TAGS-85,(GeTe)85(AgSbTe2)15,0,No,,,,,,ZT,0.86,dimensionless,623-723,K,text,Section 3.2,
"Large-scale production of (GeTe)x(AgSbTe2)100−x (x=75, 80, 85, 90) with enhanced thermoelectric properties via gas-atomization and spark plasma sintering.pdf",10.1016/j.actamat.2017.01.053,(GeTe)x(AgSbTe2)100-x,TAGS-90,(GeTe)90(AgSbTe2)10,0,No,,,,,,ZT,1.56,dimensionless,623,K,text,Abstract and Section 3.2,
"Large-scale production of (GeTe)x(AgSbTe2)100−x (x=75, 80, 85, 90) with enhanced thermoelectric properties via gas-atomization and spark plasma sintering.pdf",10.1016/j.actamat.2017.01.053,(GeTe)x(AgSbTe2)100-x,TAGS-90,(GeTe)90(AgSbTe2)10,0,No,,,,,,electrical conductivity,22.91,10^4 U^-1m^-1,300,K,text,Section 3.2,
"Large-scale production of (GeTe)x(AgSbTe2)100−x (x=75, 80, 85, 90) with enhanced thermoelectric properties via gas-atomization and spark plasma sintering.pdf",10.1016/j.actamat.2017.01.053,(GeTe)x(AgSbTe2)100-x,TAGS-90,(GeTe)90(AgSbTe2)10,0,No,,,,,,electrical conductivity,14.68,10^4 U^-1m^-1,723,K,text,Section 3.2,
"Large-scale production of (GeTe)x(AgSbTe2)100−x (x=75, 80, 85, 90) with enhanced thermoelectric properties via gas-atomization and spark plasma sintering.pdf",10.1016/j.actamat.2017.01.053,(GeTe)x(AgSbTe2)100-x,TAGS-90,(GeTe)90(AgSbTe2)10,0,No,,,,,,power factor,4.176,10^-3 Wm^-1K^-2,698,K,text,Section 3.2,
"Large-scale production of (GeTe)x(AgSbTe2)100−x (x=75, 80, 85, 90) with enhanced thermoelectric properties via gas-atomization and spark plasma sintering.pdf",10.1016/j.actamat.2017.01.053,(GeTe)x(AgSbTe2)100-x,TAGS-90,(GeTe)90(AgSbTe2)10,0,No,,,,,,thermal conductivity,1.58-1.94,W/mK,323-723,K,text,Section 3.2,
"Large-scale production of (GeTe)x(AgSbTe2)100−x (x=75, 80, 85, 90) with enhanced thermoelectric properties via gas-atomization and spark plasma sintering.pdf",10.1016/j.actamat.2017.01.053,(GeTe)x(AgSbTe2)100-x,TAGS-75,(GeTe)75(AgSbTe2)25,1,No,Ge,75 mol%,multiple sites,,Ge (75 mol%) @ multiple sites site,electrical conductivity,18,10^4 Ω^-1m^-1,300,K,figure,Fig. 7a,visually estimated from figure
"Large-scale production of (GeTe)x(AgSbTe2)100−x (x=75, 80, 85, 90) with enhanced thermoelectric properties via gas-atomization and spark plasma sintering.pdf",10.1016/j.actamat.2017.01.053,(GeTe)x(AgSbTe2)100-x,TAGS-75,(GeTe)75(AgSbTe2)25,1,No,Ge,75 mol%,multiple sites,,Ge (75 mol%) @ multiple sites site,Seebeck coefficient,80,μVK^-1,300,K,figure,Fig. 7b,visually estimated from figure
"Large-scale production of (GeTe)x(AgSbTe2)100−x (x=75, 80, 85, 90) with enhanced thermoelectric properties via gas-atomization and spark plasma sintering.pdf",10.1016/j.actamat.2017.01.053,(GeTe)x(AgSbTe2)100-x,TAGS-75,(GeTe)75(AgSbTe2)25,1,No,Ge,75 mol%,multiple sites,,Ge (75 mol%) @ multiple sites site,power factor,1.2,10^-3 Wm^-1K^-2,300,K,figure,Fig. 7c,visually estimated from figure
"Large-scale production of (GeTe)x(AgSbTe2)100−x (x=75, 80, 85, 90) with enhanced thermoelectric properties via gas-atomization and spark plasma sintering.pdf",10.1016/j.actamat.2017.01.053,(GeTe)x(AgSbTe2)100-x,TAGS-75,(GeTe)75(AgSbTe2)25,1,No,Ge,75 mol%,multiple sites,,Ge (75 mol%) @ multiple sites site,thermal conductivity,2.0,Wm^-1K^-1,300,K,figure,Fig. 7d,visually estimated from figure
"Large-scale production of (GeTe)x(AgSbTe2)100−x (x=75, 80, 85, 90) with enhanced thermoelectric properties via gas-atomization and spark plasma sintering.pdf",10.1016/j.actamat.2017.01.053,(GeTe)x(AgSbTe2)100-x,TAGS-75,(GeTe)75(AgSbTe2)25,1,No,Ge,75 mol%,multiple sites,,Ge (75 mol%) @ multiple sites site,ZT,0.3,dimensionless,300,K,figure,Fig. 8a,visually estimated from figure
"Large-scale production of (GeTe)x(AgSbTe2)100−x (x=75, 80, 85, 90) with enhanced thermoelectric properties via gas-atomization and spark plasma sintering.pdf",10.1016/j.actamat.2017.01.053,(GeTe)x(AgSbTe2)100-x,TAGS-80,(GeTe)80(AgSbTe2)20,1,No,Ge,80 mol%,multiple sites,,Ge (80 mol%) @ multiple sites site,electrical conductivity,22.91,10^4 Ω^-1m^-1,300,K,body text,page 50,
"Large-scale production of (GeTe)x(AgSbTe2)100−x (x=75, 80, 85, 90) with enhanced thermoelectric properties via gas-atomization and spark plasma sintering.pdf",10.1016/j.actamat.2017.01.053,(GeTe)x(AgSbTe2)100-x,TAGS-80,(GeTe)80(AgSbTe2)20,1,No,Ge,80 mol%,multiple sites,,Ge (80 mol%) @ multiple sites site,Seebeck coefficient,241,μVK^-1,598,K,body text,page 51,
"Large-scale production of (GeTe)x(AgSbTe2)100−x (x=75, 80, 85, 90) with enhanced thermoelectric properties via gas-atomization and spark plasma sintering.pdf",10.1016/j.actamat.2017.01.053,(GeTe)x(AgSbTe2)100-x,TAGS-80,(GeTe)80(AgSbTe2)20,1,No,Ge,80 mol%,multiple sites,,Ge (80 mol%) @ multiple sites site,ZT,1.48,dimensionless,623-723,K,body text,page 51,
"Large-scale production of (GeTe)x(AgSbTe2)100−x (x=75, 80, 85, 90) with enhanced thermoelectric properties via gas-atomization and spark plasma sintering.pdf",10.1016/j.actamat.2017.01.053,(GeTe)x(AgSbTe2)100-x,TAGS-85,(GeTe)85(AgSbTe2)15,1,No,Ge,85 mol%,multiple sites,,Ge (85 mol%) @ multiple sites site,ZT,0.93,dimensionless,623-723,K,body text,page 51,
"Large-scale production of (GeTe)x(AgSbTe2)100−x (x=75, 80, 85, 90) with enhanced thermoelectric properties via gas-atomization and spark plasma sintering.pdf",10.1016/j.actamat.2017.01.053,(GeTe)x(AgSbTe2)100-x,TAGS-90,(GeTe)90(AgSbTe2)10,1,No,Ge,90 mol%,multiple sites,,Ge (90 mol%) @ multiple sites site,ZT,1.56,dimensionless,623-723,K,body text,page 51,
Low lattice thermal conductivity by alloying SnTe with AgSbTe2 and CaTe-MnTe.pdf,10.1063/1.5109465,SnTe-AgSbTe2,(Sn0.95Ca0.05Te)0.75(AgSbTe2)0.125 with 3% excess of Sn,(Sn0.95Ca0.05Te)0.75(AgSbTe2)0.125,2,Yes,Ca,0.05,multiple sites,Sn (3%) @ unclear,Ca (0.05) @ multiple sites site; Sn (3%) @ unclear site,lattice thermal conductivity,0.4,W/m K,,,body text,,at elevated temperatures
Low lattice thermal conductivity by alloying SnTe with AgSbTe2 and CaTe-MnTe.pdf,10.1063/1.5109465,SnTe-AgSbTe2,(Sn0.85Mn0.15Te)0.85(AgSbTe2)0.075,(Sn0.85Mn0.15Te)0.85(AgSbTe2)0.075,1,No,Mn,0.15,multiple sites,,Mn (0.15) @ multiple sites site,,,,,,,,
Low lattice thermal conductivity by alloying SnTe with AgSbTe2 and CaTe-MnTe.pdf,10.1063/1.5109465,SnTe-AgSbTe2,(Sn1-yCayTe)0.75(AgSbTe2)0.125 (y=0.05) with 6% Sn,(Sn0.95Ca0.05Te)0.75(AgSbTe2)0.125,2,Yes,Ca,0.05,multiple sites,Sn (6%) @ unclear,Ca (0.05) @ multiple sites site; Sn (6%) @ unclear site,,,,,,,,
Low lattice thermal conductivity by alloying SnTe with AgSbTe2 and CaTe-MnTe.pdf,10.1063/1.5109465,SnTe-AgSbTe2,(Sn1-yCayTe)0.75(AgSbTe2)0.125 (y=0.12) with 2% I,(Sn0.88Ca0.12Te)0.75(AgSbTe2)0.125,2,Yes,Ca,0.12,multiple sites,I (2%) @ unclear,Ca (0.12) @ multiple sites site; I (2%) @ unclear site,,,,,,,,
Low lattice thermal conductivity by alloying SnTe with AgSbTe2 and CaTe-MnTe.pdf,10.1063/1.5109465,SnTe-AgSbTe2,(Sn1-yCayTe)0.75(AgSbTe2)0.125 (y=0.12) with 6% Sn,(Sn0.88Ca0.12Te)0.75(AgSbTe2)0.125,2,Yes,Ca,0.12,multiple sites,Sn (6%) @ unclear,Ca (0.12) @ multiple sites site; Sn (6%) @ unclear site,,,,,,,,
Low lattice thermal conductivity by alloying SnTe with AgSbTe2 and CaTe-MnTe.pdf,10.1063/1.5109465,SnTe-AgSbTe2,(Sn0.95Ca0.05)0.75(AgSbTe2)0.125,(Sn0.95Ca0.05)0.75(AgSbTe2)0.125,1,No,Ca,0.05,unclear,,Ca (0.05) @ unclear site,Seebeck coefficient,140,uV/K,723,K,figure,,Visually estimated from Fig. 2c
Low lattice thermal conductivity by alloying SnTe with AgSbTe2 and CaTe-MnTe.pdf,10.1063/1.5109465,SnTe-AgSbTe2,(Sn0.95Ca0.05)0.75(AgSbTe2)0.125,(Sn0.95Ca0.05)0.75(AgSbTe2)0.125,1,No,Ca,0.05,unclear,,Ca (0.05) @ unclear site,Seebeck coefficient,130,uV/K,800,K,figure,,Visually estimated from Fig. 3a
Low lattice thermal conductivity by alloying SnTe with AgSbTe2 and CaTe-MnTe.pdf,10.1063/1.5109465,SnTe-AgSbTe2,(Sn0.95Ca0.05)0.75(AgSbTe2)0.125,(Sn0.95Ca0.05)0.75(AgSbTe2)0.125,1,No,Ca,0.05,unclear,,Ca (0.05) @ unclear site,electrical conductivity,1.0,mOhm-cm,800,K,figure,,Visually estimated from Fig. 3b (resistivity)
Low lattice thermal conductivity by alloying SnTe with AgSbTe2 and CaTe-MnTe.pdf,10.1063/1.5109465,SnTe-AgSbTe2,(Sn0.95Ca0.05)0.75(AgSbTe2)0.125,(Sn0.95Ca0.05)0.75(AgSbTe2)0.125,1,No,Ca,0.05,unclear,,Ca (0.05) @ unclear site,thermal conductivity,1.5,W/m-K,800,K,figure,,Visually estimated from Fig. 3c
Low lattice thermal conductivity by alloying SnTe with AgSbTe2 and CaTe-MnTe.pdf,10.1063/1.5109465,SnTe-AgSbTe2,(Sn0.95Ca0.05)0.75(AgSbTe2)0.125,(Sn0.95Ca0.05)0.75(AgSbTe2)0.125,1,No,Ca,0.05,unclear,,Ca (0.05) @ unclear site,ZT,0.7,dimensionless,800,K,figure,,Visually estimated from Fig. 3d
Low lattice thermal conductivity by alloying SnTe with AgSbTe2 and CaTe-MnTe.pdf,10.1063/1.5109465,SnTe-AgSbTe2,(Sn0.85Mn0.15)0.85(AgSbTe2)0.075,(Sn0.85Mn0.15)0.85(AgSbTe2)0.075,1,No,Mn,0.15,unclear,,Mn (0.15) @ unclear site,Seebeck coefficient,150,uV/K,723,K,figure,,Visually estimated from Fig. 2c
Low lattice thermal conductivity by alloying SnTe with AgSbTe2 and CaTe-MnTe.pdf,10.1063/1.5109465,SnTe-AgSbTe2,(Sn0.85Mn0.15)0.85(AgSbTe2)0.075,(Sn0.85Mn0.15)0.85(AgSbTe2)0.075,1,No,Mn,0.15,unclear,,Mn (0.15) @ unclear site,Seebeck coefficient,145,uV/K,800,K,figure,,Visually estimated from Fig. 3a
Low lattice thermal conductivity by alloying SnTe with AgSbTe2 and CaTe-MnTe.pdf,10.1063/1.5109465,SnTe-AgSbTe2,(Sn0.85Mn0.15)0.85(AgSbTe2)0.075,(Sn0.85Mn0.15)0.85(AgSbTe2)0.075,1,No,Mn,0.15,unclear,,Mn (0.15) @ unclear site,electrical conductivity,0.9,mOhm-cm,800,K,figure,,Visually estimated from Fig. 3b (resistivity)
Low lattice thermal conductivity by alloying SnTe with AgSbTe2 and CaTe-MnTe.pdf,10.1063/1.5109465,SnTe-AgSbTe2,(Sn0.85Mn0.15)0.85(AgSbTe2)0.075,(Sn0.85Mn0.15)0.85(AgSbTe2)0.075,1,No,Mn,0.15,unclear,,Mn (0.15) @ unclear site,thermal conductivity,1.2,W/m-K,800,K,figure,,Visually estimated from Fig. 3c
Low lattice thermal conductivity by alloying SnTe with AgSbTe2 and CaTe-MnTe.pdf,10.1063/1.5109465,SnTe-AgSbTe2,(Sn0.85Mn0.15)0.85(AgSbTe2)0.075,(Sn0.85Mn0.15)0.85(AgSbTe2)0.075,1,No,Mn,0.15,unclear,,Mn (0.15) @ unclear site,ZT,0.8,dimensionless,800,K,figure,,Visually estimated from Fig. 3d
Low solubility and transport consequences of Eu addition in AgSbTe2 thermoelectrics.pdf,10.1016/j.physb.2026.418712,AgSbTe2,0 wt% Eu,AgSbTe2,0,No,,,,,,electrical conductivity,1.70 × 10^4,Ω^-1m^-1,,,Table 1,,
Low solubility and transport consequences of Eu addition in AgSbTe2 thermoelectrics.pdf,10.1016/j.physb.2026.418712,AgSbTe2,2 wt% Eu,AgSbTe2:Eu (2 wt%),1,No,Eu,2 wt%,unclear,,Eu (2 wt%) @ unclear site,electrical conductivity,0.41 × 10^4,Ω^-1m^-1,,,Table 1,,
Low solubility and transport consequences of Eu addition in AgSbTe2 thermoelectrics.pdf,10.1016/j.physb.2026.418712,AgSbTe2,4 wt% Eu,AgSbTe2:Eu (4 wt%),1,No,Eu,4 wt%,unclear,,Eu (4 wt%) @ unclear site,electrical conductivity,0.37 × 10^4,Ω^-1m^-1,,,Table 1,,
Low solubility and transport consequences of Eu addition in AgSbTe2 thermoelectrics.pdf,10.1016/j.physb.2026.418712,AgSbTe2,6 wt% Eu,AgSbTe2:Eu (6 wt%),1,No,Eu,6 wt%,unclear,,Eu (6 wt%) @ unclear site,electrical conductivity,0.34 × 10^4,Ω^-1m^-1,,,Table 1,,
Low solubility and transport consequences of Eu addition in AgSbTe2 thermoelectrics.pdf,10.1016/j.physb.2026.418712,AgSbTe2,8 wt% Eu,AgSbTe2:Eu (8 wt%),1,No,Eu,8 wt%,unclear,,Eu (8 wt%) @ unclear site,electrical conductivity,0.70 × 10^4,Ω^-1m^-1,,,Table 1,,
Low solubility and transport consequences of Eu addition in AgSbTe2 thermoelectrics.pdf,10.1016/j.physb.2026.418712,AgSbTe2,0 wt% Eu,AgSbTe2,0,No,,,,,,Seebeck coefficient,250,uV/K,300,K,figure,Fig. 3a,Visually estimated from Fig. 3a
Low solubility and transport consequences of Eu addition in AgSbTe2 thermoelectrics.pdf,10.1016/j.physb.2026.418712,AgSbTe2,0 wt% Eu,AgSbTe2,0,No,,,,,,Seebeck coefficient,350,uV/K,500,K,figure,Fig. 3a,Visually estimated from Fig. 3a
Low solubility and transport consequences of Eu addition in AgSbTe2 thermoelectrics.pdf,10.1016/j.physb.2026.418712,AgSbTe2,0 wt% Eu,AgSbTe2,0,No,,,,,,electrical conductivity,1.6,10^4 S/m,300,K,figure,Fig. 3b,Visually estimated from Fig. 3b
Low solubility and transport consequences of Eu addition in AgSbTe2 thermoelectrics.pdf,10.1016/j.physb.2026.418712,AgSbTe2,0 wt% Eu,AgSbTe2,0,No,,,,,,electrical conductivity,0.6,10^4 S/m,600,K,figure,Fig. 3b,Visually estimated from Fig. 3b
Low solubility and transport consequences of Eu addition in AgSbTe2 thermoelectrics.pdf,10.1016/j.physb.2026.418712,AgSbTe2,0 wt% Eu,AgSbTe2,0,No,,,,,,power factor,0.8,Wm^-1K^-2,300,K,figure,Fig. 3c,Visually estimated from Fig. 3c
Low solubility and transport consequences of Eu addition in AgSbTe2 thermoelectrics.pdf,10.1016/j.physb.2026.418712,AgSbTe2,0 wt% Eu,AgSbTe2,0,No,,,,,,power factor,0.9,Wm^-1K^-2,500,K,figure,Fig. 3c,Visually estimated from Fig. 3c
Low solubility and transport consequences of Eu addition in AgSbTe2 thermoelectrics.pdf,10.1016/j.physb.2026.418712,AgSbTe2,0 wt% Eu,AgSbTe2,0,No,,,,,,thermal conductivity,0.6,Wm^-1K^-1,300,K,figure,Fig. 3d,Visually estimated from Fig. 3d
Low solubility and transport consequences of Eu addition in AgSbTe2 thermoelectrics.pdf,10.1016/j.physb.2026.418712,AgSbTe2,0 wt% Eu,AgSbTe2,0,No,,,,,,thermal conductivity,0.8,Wm^-1K^-1,600,K,figure,Fig. 3d,Visually estimated from Fig. 3d
Low solubility and transport consequences of Eu addition in AgSbTe2 thermoelectrics.pdf,10.1016/j.physb.2026.418712,AgSbTe2,0 wt% Eu,AgSbTe2,0,No,,,,,,lattice thermal conductivity,0.6,Wm^-1K^-1,300,K,figure,Fig. 3e,Visually estimated from Fig. 3e
Low solubility and transport consequences of Eu addition in AgSbTe2 thermoelectrics.pdf,10.1016/j.physb.2026.418712,AgSbTe2,0 wt% Eu,AgSbTe2,0,No,,,,,,lattice thermal conductivity,0.8,Wm^-1K^-1,600,K,figure,Fig. 3e,Visually estimated from Fig. 3e
Low solubility and transport consequences of Eu addition in AgSbTe2 thermoelectrics.pdf,10.1016/j.physb.2026.418712,AgSbTe2,0 wt% Eu,AgSbTe2,0,No,,,,,,ZT,0.6,dimensionless,300,K,figure,Fig. 3f,Visually estimated from Fig. 3f
Low solubility and transport consequences of Eu addition in AgSbTe2 thermoelectrics.pdf,10.1016/j.physb.2026.418712,AgSbTe2,0 wt% Eu,AgSbTe2,0,No,,,,,,ZT,1.2,dimensionless,600,K,figure,Fig. 3f,Visually estimated from Fig. 3f
Low solubility and transport consequences of Eu addition in AgSbTe2 thermoelectrics.pdf,10.1016/j.physb.2026.418712,AgSbTe2,4 wt% Eu,AgSbTe2:Eu,1,No,Eu,4 wt%,unclear,,Eu (4 wt%) @ unclear site,Seebeck coefficient,200,uV/K,300,K,figure,Fig. 3a,Visually estimated from Fig. 3a
Low solubility and transport consequences of Eu addition in AgSbTe2 thermoelectrics.pdf,10.1016/j.physb.2026.418712,AgSbTe2,4 wt% Eu,AgSbTe2:Eu,1,No,Eu,4 wt%,unclear,,Eu (4 wt%) @ unclear site,Seebeck coefficient,350,uV/K,500,K,figure,Fig. 3a,Visually estimated from Fig. 3a
Low solubility and transport consequences of Eu addition in AgSbTe2 thermoelectrics.pdf,10.1016/j.physb.2026.418712,AgSbTe2,4 wt% Eu,AgSbTe2:Eu,1,No,Eu,4 wt%,unclear,,Eu (4 wt%) @ unclear site,electrical conductivity,0.4,10^4 S/m,300,K,figure,Fig. 3b,Visually estimated from Fig. 3b
Low solubility and transport consequences of Eu addition in AgSbTe2 thermoelectrics.pdf,10.1016/j.physb.2026.418712,AgSbTe2,4 wt% Eu,AgSbTe2:Eu,1,No,Eu,4 wt%,unclear,,Eu (4 wt%) @ unclear site,electrical conductivity,0.6,10^4 S/m,600,K,figure,Fig. 3b,Visually estimated from Fig. 3b
Low solubility and transport consequences of Eu addition in AgSbTe2 thermoelectrics.pdf,10.1016/j.physb.2026.418712,AgSbTe2,4 wt% Eu,AgSbTe2:Eu,1,No,Eu,4 wt%,unclear,,Eu (4 wt%) @ unclear site,power factor,0.2,Wm^-1K^-2,300,K,figure,Fig. 3c,Visually estimated from Fig. 3c
Low solubility and transport consequences of Eu addition in AgSbTe2 thermoelectrics.pdf,10.1016/j.physb.2026.418712,AgSbTe2,4 wt% Eu,AgSbTe2:Eu,1,No,Eu,4 wt%,unclear,,Eu (4 wt%) @ unclear site,power factor,0.3,Wm^-1K^-2,500,K,figure,Fig. 3c,Visually estimated from Fig. 3c
Low solubility and transport consequences of Eu addition in AgSbTe2 thermoelectrics.pdf,10.1016/j.physb.2026.418712,AgSbTe2,4 wt% Eu,AgSbTe2:Eu,1,No,Eu,4 wt%,unclear,,Eu (4 wt%) @ unclear site,thermal conductivity,0.6,Wm^-1K^-1,300,K,figure,Fig. 3d,Visually estimated from Fig. 3d
Low solubility and transport consequences of Eu addition in AgSbTe2 thermoelectrics.pdf,10.1016/j.physb.2026.418712,AgSbTe2,4 wt% Eu,AgSbTe2:Eu,1,No,Eu,4 wt%,unclear,,Eu (4 wt%) @ unclear site,thermal conductivity,0.9,Wm^-1K^-1,600,K,figure,Fig. 3d,Visually estimated from Fig. 3d
Low solubility and transport consequences of Eu addition in AgSbTe2 thermoelectrics.pdf,10.1016/j.physb.2026.418712,AgSbTe2,4 wt% Eu,AgSbTe2:Eu,1,No,Eu,4 wt%,unclear,,Eu (4 wt%) @ unclear site,lattice thermal conductivity,0.6,Wm^-1K^-1,300,K,figure,Fig. 3e,Visually estimated from Fig. 3e
Low solubility and transport consequences of Eu addition in AgSbTe2 thermoelectrics.pdf,10.1016/j.physb.2026.418712,AgSbTe2,4 wt% Eu,AgSbTe2:Eu,1,No,Eu,4 wt%,unclear,,Eu (4 wt%) @ unclear site,lattice thermal conductivity,0.9,Wm^-1K^-1,600,K,figure,Fig. 3e,Visually estimated from Fig. 3e
Low solubility and transport consequences of Eu addition in AgSbTe2 thermoelectrics.pdf,10.1016/j.physb.2026.418712,AgSbTe2,4 wt% Eu,AgSbTe2:Eu,1,No,Eu,4 wt%,unclear,,Eu (4 wt%) @ unclear site,ZT,0.1,dimensionless,300,K,figure,Fig. 3f,Visually estimated from Fig. 3f
Low solubility and transport consequences of Eu addition in AgSbTe2 thermoelectrics.pdf,10.1016/j.physb.2026.418712,AgSbTe2,4 wt% Eu,AgSbTe2:Eu,1,No,Eu,4 wt%,unclear,,Eu (4 wt%) @ unclear site,ZT,0.2,dimensionless,600,K,figure,Fig. 3f,Visually estimated from Fig. 3f
Nanostructures in high-performance (GeTe)x(AgSbTe2)100−x thermoelectric materials.pdf,10.1088/0957-4484/19/24/245707,AgSbTe2,TAGS-75,(GeTe)0.75(AgSbTe2)0.25,0,No,,,,,,ZT,1.53,dimensionless,720,K,body text,,
Nanostructures in high-performance (GeTe)x(AgSbTe2)100−x thermoelectric materials.pdf,10.1088/0957-4484/19/24/245707,AgSbTe2,TAGS-80,(GeTe)0.80(AgSbTe2)0.20,0,No,,,,,,ZT,1.50,dimensionless,720,K,body text,,
Nanostructures in high-performance (GeTe)x(AgSbTe2)100−x thermoelectric materials.pdf,10.1088/0957-4484/19/24/245707,AgSbTe2,TAGS-85,(GeTe)0.85(AgSbTe2)0.15,0,No,,,,,,ZT,1.50,dimensionless,720,K,body text,,
Nanostructures in high-performance (GeTe)x(AgSbTe2)100−x thermoelectric materials.pdf,10.1088/0957-4484/19/24/245707,AgSbTe2,TAGS-90,(GeTe)0.90(AgSbTe2)0.10,0,No,,,,,,ZT,0.50,dimensionless,720,K,body text,,
Nanostructures in high-performance (GeTe)x(AgSbTe2)100−x thermoelectric materials.pdf,10.1088/0957-4484/19/24/245707,AgSbTe2,TAGS-90,(GeTe)0.90(AgSbTe2)0.10,0,No,,,,,,ZT,0.55,dimensionless,720,K,body text,,The text mentions 0.50 in the abstract and 0.55 in the results section for the same sample at 720 K.
Nanostructures in high-performance (GeTe)x(AgSbTe2)100−x thermoelectric materials.pdf,10.1088/0957-4484/19/24/245707,AgSbTe2,TAGS-75,(GeTe)75(AgSbTe2)25,1,No,Ge,75 mol%,multiple sites,,Ge (75 mol%) @ multiple sites site,electrical conductivity,4.5,10^4 Sm^-1,300,K,figure,,Visually estimated from Fig. 2(a)
Nanostructures in high-performance (GeTe)x(AgSbTe2)100−x thermoelectric materials.pdf,10.1088/0957-4484/19/24/245707,AgSbTe2,TAGS-75,(GeTe)75(AgSbTe2)25,1,No,Ge,75 mol%,multiple sites,,Ge (75 mol%) @ multiple sites site,electrical conductivity,3.5,10^4 Sm^-1,720,K,figure,,Visually estimated from Fig. 2(a)
Nanostructures in high-performance (GeTe)x(AgSbTe2)100−x thermoelectric materials.pdf,10.1088/0957-4484/19/24/245707,AgSbTe2,TAGS-75,(GeTe)75(AgSbTe2)25,1,No,Ge,75 mol%,multiple sites,,Ge (75 mol%) @ multiple sites site,Seebeck coefficient,160,10^-6 VK^-1,300,K,figure,,Visually estimated from Fig. 2(b)
Nanostructures in high-performance (GeTe)x(AgSbTe2)100−x thermoelectric materials.pdf,10.1088/0957-4484/19/24/245707,AgSbTe2,TAGS-75,(GeTe)75(AgSbTe2)25,1,No,Ge,75 mol%,multiple sites,,Ge (75 mol%) @ multiple sites site,Seebeck coefficient,240,10^-6 VK^-1,600,K,figure,,Visually estimated from Fig. 2(b)
Nanostructures in high-performance (GeTe)x(AgSbTe2)100−x thermoelectric materials.pdf,10.1088/0957-4484/19/24/245707,AgSbTe2,TAGS-75,(GeTe)75(AgSbTe2)25,1,No,Ge,75 mol%,multiple sites,,Ge (75 mol%) @ multiple sites site,thermal conductivity,1.1,Wm^-1K^-1,300,K,figure,,Visually estimated from Fig. 2(c)
Nanostructures in high-performance (GeTe)x(AgSbTe2)100−x thermoelectric materials.pdf,10.1088/0957-4484/19/24/245707,AgSbTe2,TAGS-75,(GeTe)75(AgSbTe2)25,1,No,Ge,75 mol%,multiple sites,,Ge (75 mol%) @ multiple sites site,thermal conductivity,1.1,Wm^-1K^-1,720,K,figure,,Visually estimated from Fig. 2(c)
Nanostructures in high-performance (GeTe)x(AgSbTe2)100−x thermoelectric materials.pdf,10.1088/0957-4484/19/24/245707,AgSbTe2,TAGS-75,(GeTe)75(AgSbTe2)25,1,No,Ge,75 mol%,multiple sites,,Ge (75 mol%) @ multiple sites site,ZT,0.3,dimensionless,300,K,figure,,Visually estimated from Fig. 3(a)
Nanostructures in high-performance (GeTe)x(AgSbTe2)100−x thermoelectric materials.pdf,10.1088/0957-4484/19/24/245707,AgSbTe2,TAGS-75,(GeTe)75(AgSbTe2)25,1,No,Ge,75 mol%,multiple sites,,Ge (75 mol%) @ multiple sites site,ZT,1.53,dimensionless,720,K,figure,,"Value stated in text, Fig. 3(a)"
Nanostructures in high-performance (GeTe)x(AgSbTe2)100−x thermoelectric materials.pdf,10.1088/0957-4484/19/24/245707,AgSbTe2,TAGS-80,(GeTe)80(AgSbTe2)20,1,No,Ge,80 mol%,multiple sites,,Ge (80 mol%) @ multiple sites site,electrical conductivity,3.5,10^4 Sm^-1,300,K,figure,,Visually estimated from Fig. 2(a)
Nanostructures in high-performance (GeTe)x(AgSbTe2)100−x thermoelectric materials.pdf,10.1088/0957-4484/19/24/245707,AgSbTe2,TAGS-80,(GeTe)80(AgSbTe2)20,1,No,Ge,80 mol%,multiple sites,,Ge (80 mol%) @ multiple sites site,electrical conductivity,3.0,10^4 Sm^-1,720,K,figure,,Visually estimated from Fig. 2(a)
Nanostructures in high-performance (GeTe)x(AgSbTe2)100−x thermoelectric materials.pdf,10.1088/0957-4484/19/24/245707,AgSbTe2,TAGS-80,(GeTe)80(AgSbTe2)20,1,No,Ge,80 mol%,multiple sites,,Ge (80 mol%) @ multiple sites site,Seebeck coefficient,180,10^-6 VK^-1,300,K,figure,,Visually estimated from Fig. 2(b)
Nanostructures in high-performance (GeTe)x(AgSbTe2)100−x thermoelectric materials.pdf,10.1088/0957-4484/19/24/245707,AgSbTe2,TAGS-80,(GeTe)80(AgSbTe2)20,1,No,Ge,80 mol%,multiple sites,,Ge (80 mol%) @ multiple sites site,Seebeck coefficient,250,10^-6 VK^-1,600,K,figure,,Visually estimated from Fig. 2(b)
Nanostructures in high-performance (GeTe)x(AgSbTe2)100−x thermoelectric materials.pdf,10.1088/0957-4484/19/24/245707,AgSbTe2,TAGS-80,(GeTe)80(AgSbTe2)20,1,No,Ge,80 mol%,multiple sites,,Ge (80 mol%) @ multiple sites site,thermal conductivity,1.0,Wm^-1K^-1,300,K,figure,,Visually estimated from Fig. 2(c)
Nanostructures in high-performance (GeTe)x(AgSbTe2)100−x thermoelectric materials.pdf,10.1088/0957-4484/19/24/245707,AgSbTe2,TAGS-80,(GeTe)80(AgSbTe2)20,1,No,Ge,80 mol%,multiple sites,,Ge (80 mol%) @ multiple sites site,thermal conductivity,1.0,Wm^-1K^-1,720,K,figure,,Visually estimated from Fig. 2(c)
Nanostructures in high-performance (GeTe)x(AgSbTe2)100−x thermoelectric materials.pdf,10.1088/0957-4484/19/24/245707,AgSbTe2,TAGS-80,(GeTe)80(AgSbTe2)20,1,No,Ge,80 mol%,multiple sites,,Ge (80 mol%) @ multiple sites site,ZT,0.3,dimensionless,300,K,figure,,Visually estimated from Fig. 3(a)
Nanostructures in high-performance (GeTe)x(AgSbTe2)100−x thermoelectric materials.pdf,10.1088/0957-4484/19/24/245707,AgSbTe2,TAGS-80,(GeTe)80(AgSbTe2)20,1,No,Ge,80 mol%,multiple sites,,Ge (80 mol%) @ multiple sites site,ZT,1.50,dimensionless,720,K,figure,,"Value stated in text, Fig. 3(a)"
Nanostructures in high-performance (GeTe)x(AgSbTe2)100−x thermoelectric materials.pdf,10.1088/0957-4484/19/24/245707,AgSbTe2,TAGS-85,(GeTe)85(AgSbTe2)15,1,No,Ge,85 mol%,multiple sites,,Ge (85 mol%) @ multiple sites site,electrical conductivity,8.0,10^4 Sm^-1,300,K,figure,,Visually estimated from Fig. 2(a)
Nanostructures in high-performance (GeTe)x(AgSbTe2)100−x thermoelectric materials.pdf,10.1088/0957-4484/19/24/245707,AgSbTe2,TAGS-85,(GeTe)85(AgSbTe2)15,1,No,Ge,85 mol%,multiple sites,,Ge (85 mol%) @ multiple sites site,electrical conductivity,7.0,10^4 Sm^-1,720,K,figure,,Visually estimated from Fig. 2(a)
Nanostructures in high-performance (GeTe)x(AgSbTe2)100−x thermoelectric materials.pdf,10.1088/0957-4484/19/24/245707,AgSbTe2,TAGS-85,(GeTe)85(AgSbTe2)15,1,No,Ge,85 mol%,multiple sites,,Ge (85 mol%) @ multiple sites site,Seebeck coefficient,110,10^-6 VK^-1,300,K,figure,,Visually estimated from Fig. 2(b)
Nanostructures in high-performance (GeTe)x(AgSbTe2)100−x thermoelectric materials.pdf,10.1088/0957-4484/19/24/245707,AgSbTe2,TAGS-85,(GeTe)85(AgSbTe2)15,1,No,Ge,85 mol%,multiple sites,,Ge (85 mol%) @ multiple sites site,Seebeck coefficient,200,10^-6 VK^-1,720,K,figure,,Visually estimated from Fig. 2(b)
Nanostructures in high-performance (GeTe)x(AgSbTe2)100−x thermoelectric materials.pdf,10.1088/0957-4484/19/24/245707,AgSbTe2,TAGS-85,(GeTe)85(AgSbTe2)15,1,No,Ge,85 mol%,multiple sites,,Ge (85 mol%) @ multiple sites site,thermal conductivity,1.4,Wm^-1K^-1,300,K,figure,,Visually estimated from Fig. 2(c)
Nanostructures in high-performance (GeTe)x(AgSbTe2)100−x thermoelectric materials.pdf,10.1088/0957-4484/19/24/245707,AgSbTe2,TAGS-85,(GeTe)85(AgSbTe2)15,1,No,Ge,85 mol%,multiple sites,,Ge (85 mol%) @ multiple sites site,thermal conductivity,1.4,Wm^-1K^-1,720,K,figure,,Visually estimated from Fig. 2(c)
Nanostructures in high-performance (GeTe)x(AgSbTe2)100−x thermoelectric materials.pdf,10.1088/0957-4484/19/24/245707,AgSbTe2,TAGS-85,(GeTe)85(AgSbTe2)15,1,No,Ge,85 mol%,multiple sites,,Ge (85 mol%) @ multiple sites site,ZT,0.2,dimensionless,300,K,figure,,Visually estimated from Fig. 3(a)
Nanostructures in high-performance (GeTe)x(AgSbTe2)100−x thermoelectric materials.pdf,10.1088/0957-4484/19/24/245707,AgSbTe2,TAGS-85,(GeTe)85(AgSbTe2)15,1,No,Ge,85 mol%,multiple sites,,Ge (85 mol%) @ multiple sites site,ZT,1.50,dimensionless,720,K,figure,,"Value stated in text, Fig. 3(a)"
Nanostructures in high-performance (GeTe)x(AgSbTe2)100−x thermoelectric materials.pdf,10.1088/0957-4484/19/24/245707,AgSbTe2,TAGS-90,(GeTe)90(AgSbTe2)10,1,No,Ge,90 mol%,multiple sites,,Ge (90 mol%) @ multiple sites site,electrical conductivity,18.0,10^4 Sm^-1,300,K,figure,,Visually estimated from Fig. 2(a)
Nanostructures in high-performance (GeTe)x(AgSbTe2)100−x thermoelectric materials.pdf,10.1088/0957-4484/19/24/245707,AgSbTe2,TAGS-90,(GeTe)90(AgSbTe2)10,1,No,Ge,90 mol%,multiple sites,,Ge (90 mol%) @ multiple sites site,electrical conductivity,15.0,10^4 Sm^-1,720,K,figure,,Visually estimated from Fig. 2(a)
Nanostructures in high-performance (GeTe)x(AgSbTe2)100−x thermoelectric materials.pdf,10.1088/0957-4484/19/24/245707,AgSbTe2,TAGS-90,(GeTe)90(AgSbTe2)10,1,No,Ge,90 mol%,multiple sites,,Ge (90 mol%) @ multiple sites site,Seebeck coefficient,60,10^-6 VK^-1,300,K,figure,,Visually estimated from Fig. 2(b)
Nanostructures in high-performance (GeTe)x(AgSbTe2)100−x thermoelectric materials.pdf,10.1088/0957-4484/19/24/245707,AgSbTe2,TAGS-90,(GeTe)90(AgSbTe2)10,1,No,Ge,90 mol%,multiple sites,,Ge (90 mol%) @ multiple sites site,Seebeck coefficient,70,10^-6 VK^-1,720,K,figure,,Visually estimated from Fig. 2(b)
Nanostructures in high-performance (GeTe)x(AgSbTe2)100−x thermoelectric materials.pdf,10.1088/0957-4484/19/24/245707,AgSbTe2,TAGS-90,(GeTe)90(AgSbTe2)10,1,No,Ge,90 mol%,multiple sites,,Ge (90 mol%) @ multiple sites site,thermal conductivity,2.4,Wm^-1K^-1,300,K,figure,,Visually estimated from Fig. 2(c)
Nanostructures in high-performance (GeTe)x(AgSbTe2)100−x thermoelectric materials.pdf,10.1088/0957-4484/19/24/245707,AgSbTe2,TAGS-90,(GeTe)90(AgSbTe2)10,1,No,Ge,90 mol%,multiple sites,,Ge (90 mol%) @ multiple sites site,thermal conductivity,2.5,Wm^-1K^-1,720,K,figure,,Visually estimated from Fig. 2(c)
Nanostructures in high-performance (GeTe)x(AgSbTe2)100−x thermoelectric materials.pdf,10.1088/0957-4484/19/24/245707,AgSbTe2,TAGS-90,(GeTe)90(AgSbTe2)10,1,No,Ge,90 mol%,multiple sites,,Ge (90 mol%) @ multiple sites site,ZT,0.3,dimensionless,300,K,figure,,Visually estimated from Fig. 3(a)
Nanostructures in high-performance (GeTe)x(AgSbTe2)100−x thermoelectric materials.pdf,10.1088/0957-4484/19/24/245707,AgSbTe2,TAGS-90,(GeTe)90(AgSbTe2)10,1,No,Ge,90 mol%,multiple sites,,Ge (90 mol%) @ multiple sites site,ZT,0.55,dimensionless,720,K,figure,,"Value stated in text, Fig. 3(a)"
Optimized Carrier Concentration and Reduced Thermal Conductivity in Cu-Deficient CuGaTe2 Alloyed with AgSbTe2 for Superior Thermoelectric Performance.pdf,10.1021/acsami.6c05111,Cu0.96GaTe2-AgSbTe2,Cu0.96GaTe2,Cu0.96GaTe2,1,No,Cu vacancy,0.04,Ag,,Cu vacancy (0.04) @ Ag site,electrical conductivity,26.85,S cm-1,303,K,body text,,
Optimized Carrier Concentration and Reduced Thermal Conductivity in Cu-Deficient CuGaTe2 Alloyed with AgSbTe2 for Superior Thermoelectric Performance.pdf,10.1021/acsami.6c05111,Cu0.96GaTe2-AgSbTe2,Cu0.96GaTe2,Cu0.96GaTe2,1,No,Cu vacancy,0.04,Ag,,Cu vacancy (0.04) @ Ag site,thermal conductivity,5.57,W m-1 K-1,303,K,body text,,
Optimized Carrier Concentration and Reduced Thermal Conductivity in Cu-Deficient CuGaTe2 Alloyed with AgSbTe2 for Superior Thermoelectric Performance.pdf,10.1021/acsami.6c05111,Cu0.96GaTe2-AgSbTe2,(Cu0.96GaTe2)0.9(AgSbTe2)0.1,(Cu0.96GaTe2)0.9(AgSbTe2)0.1,1,No,AgSbTe2,0.1,multiple sites,,AgSbTe2 (0.1) @ multiple sites site,lattice thermal conductivity,0.29,W m-1 K-1,743,K,body text,,
Optimized Carrier Concentration and Reduced Thermal Conductivity in Cu-Deficient CuGaTe2 Alloyed with AgSbTe2 for Superior Thermoelectric Performance.pdf,10.1021/acsami.6c05111,Cu0.96GaTe2-AgSbTe2,(Cu0.96GaTe2)0.9(AgSbTe2)0.1,(Cu0.96GaTe2)0.9(AgSbTe2)0.1,1,No,AgSbTe2,0.1,multiple sites,,AgSbTe2 (0.1) @ multiple sites site,ZT,1.39,dimensionless,743,K,body text,,
Optimized Carrier Concentration and Reduced Thermal Conductivity in Cu-Deficient CuGaTe2 Alloyed with AgSbTe2 for Superior Thermoelectric Performance.pdf,10.1021/acsami.6c05111,Cu0.96GaTe2-AgSbTe2,(Cu0.96GaTe2)0.89(AgSbTe2)0.11,(Cu0.96GaTe2)0.89(AgSbTe2)0.11,1,No,AgSbTe2,0.11,multiple sites,,AgSbTe2 (0.11) @ multiple sites site,electrical conductivity,65.63,S cm-1,303,K,body text,,
Optimized Carrier Concentration and Reduced Thermal Conductivity in Cu-Deficient CuGaTe2 Alloyed with AgSbTe2 for Superior Thermoelectric Performance.pdf,10.1021/acsami.6c05111,Cu0.96GaTe2-AgSbTe2,(Cu0.96GaTe2)0.89(AgSbTe2)0.11,(Cu0.96GaTe2)0.89(AgSbTe2)0.11,1,No,AgSbTe2,0.11,multiple sites,,AgSbTe2 (0.11) @ multiple sites site,thermal conductivity,3.37,W m-1 K-1,303,K,body text,,
Optimized Carrier Concentration and Reduced Thermal Conductivity in Cu-Deficient CuGaTe2 Alloyed with AgSbTe2 for Superior Thermoelectric Performance.pdf,10.1021/acsami.6c05111,Cu0.96GaTe2-AgSbTe2,"(Cu0.96GaTe2)1-x(AgSbTe2)x, x=0",(Cu0.96GaTe2)1-x(AgSbTe2)x,2,Yes,Ag,x=0,unclear,Sb (x=0) @ unclear,Ag (x=0) @ unclear site; Sb (x=0) @ unclear site,electrical conductivity,50,S/cm,300,K,figure,,Visually estimated from Fig. 5a
Optimized Carrier Concentration and Reduced Thermal Conductivity in Cu-Deficient CuGaTe2 Alloyed with AgSbTe2 for Superior Thermoelectric Performance.pdf,10.1021/acsami.6c05111,Cu0.96GaTe2-AgSbTe2,"(Cu0.96GaTe2)1-x(AgSbTe2)x, x=0",(Cu0.96GaTe2)1-x(AgSbTe2)x,2,Yes,Ag,x=0,unclear,Sb (x=0) @ unclear,Ag (x=0) @ unclear site; Sb (x=0) @ unclear site,Seebeck coefficient,100,µV/K,300,K,figure,,Visually estimated from Fig. 5b
Optimized Carrier Concentration and Reduced Thermal Conductivity in Cu-Deficient CuGaTe2 Alloyed with AgSbTe2 for Superior Thermoelectric Performance.pdf,10.1021/acsami.6c05111,Cu0.96GaTe2-AgSbTe2,"(Cu0.96GaTe2)1-x(AgSbTe2)x, x=0",(Cu0.96GaTe2)1-x(AgSbTe2)x,2,Yes,Ag,x=0,unclear,Sb (x=0) @ unclear,Ag (x=0) @ unclear site; Sb (x=0) @ unclear site,power factor,0.05,mW/mK^2,300,K,figure,,Visually estimated from Fig. 5c
Optimized Carrier Concentration and Reduced Thermal Conductivity in Cu-Deficient CuGaTe2 Alloyed with AgSbTe2 for Superior Thermoelectric Performance.pdf,10.1021/acsami.6c05111,Cu0.96GaTe2-AgSbTe2,"(Cu0.96GaTe2)1-x(AgSbTe2)x, x=0.02",(Cu0.96GaTe2)0.98(AgSbTe2)0.02,2,Yes,Ag,x=0.02,unclear,Sb (x=0.02) @ unclear,Ag (x=0.02) @ unclear site; Sb (x=0.02) @ unclear site,electrical conductivity,60,S/cm,300,K,figure,,Visually estimated from Fig. 5a
Optimized Carrier Concentration and Reduced Thermal Conductivity in Cu-Deficient CuGaTe2 Alloyed with AgSbTe2 for Superior Thermoelectric Performance.pdf,10.1021/acsami.6c05111,Cu0.96GaTe2-AgSbTe2,"(Cu0.96GaTe2)1-x(AgSbTe2)x, x=0.02",(Cu0.96GaTe2)0.98(AgSbTe2)0.02,2,Yes,Ag,x=0.02,unclear,Sb (x=0.02) @ unclear,Ag (x=0.02) @ unclear site; Sb (x=0.02) @ unclear site,Seebeck coefficient,120,µV/K,300,K,figure,,Visually estimated from Fig. 5b
Optimized Carrier Concentration and Reduced Thermal Conductivity in Cu-Deficient CuGaTe2 Alloyed with AgSbTe2 for Superior Thermoelectric Performance.pdf,10.1021/acsami.6c05111,Cu0.96GaTe2-AgSbTe2,"(Cu0.96GaTe2)1-x(AgSbTe2)x, x=0.02",(Cu0.96GaTe2)0.98(AgSbTe2)0.02,2,Yes,Ag,x=0.02,unclear,Sb (x=0.02) @ unclear,Ag (x=0.02) @ unclear site; Sb (x=0.02) @ unclear site,power factor,0.1,mW/mK^2,300,K,figure,,Visually estimated from Fig. 5c
Optimized Carrier Concentration and Reduced Thermal Conductivity in Cu-Deficient CuGaTe2 Alloyed with AgSbTe2 for Superior Thermoelectric Performance.pdf,10.1021/acsami.6c05111,Cu0.96GaTe2-AgSbTe2,"(Cu0.96GaTe2)1-x(AgSbTe2)x, x=0.04",(Cu0.96GaTe2)0.96(AgSbTe2)0.04,2,Yes,Ag,x=0.04,unclear,Sb (x=0.04) @ unclear,Ag (x=0.04) @ unclear site; Sb (x=0.04) @ unclear site,electrical conductivity,70,S/cm,300,K,figure,,Visually estimated from Fig. 5a
Optimized Carrier Concentration and Reduced Thermal Conductivity in Cu-Deficient CuGaTe2 Alloyed with AgSbTe2 for Superior Thermoelectric Performance.pdf,10.1021/acsami.6c05111,Cu0.96GaTe2-AgSbTe2,"(Cu0.96GaTe2)1-x(AgSbTe2)x, x=0.04",(Cu0.96GaTe2)0.96(AgSbTe2)0.04,2,Yes,Ag,x=0.04,unclear,Sb (x=0.04) @ unclear,Ag (x=0.04) @ unclear site; Sb (x=0.04) @ unclear site,Seebeck coefficient,130,µV/K,300,K,figure,,Visually estimated from Fig. 5b
Optimized Carrier Concentration and Reduced Thermal Conductivity in Cu-Deficient CuGaTe2 Alloyed with AgSbTe2 for Superior Thermoelectric Performance.pdf,10.1021/acsami.6c05111,Cu0.96GaTe2-AgSbTe2,"(Cu0.96GaTe2)1-x(AgSbTe2)x, x=0.04",(Cu0.96GaTe2)0.96(AgSbTe2)0.04,2,Yes,Ag,x=0.04,unclear,Sb (x=0.04) @ unclear,Ag (x=0.04) @ unclear site; Sb (x=0.04) @ unclear site,power factor,0.15,mW/mK^2,300,K,figure,,Visually estimated from Fig. 5c
Optimized Carrier Concentration and Reduced Thermal Conductivity in Cu-Deficient CuGaTe2 Alloyed with AgSbTe2 for Superior Thermoelectric Performance.pdf,10.1021/acsami.6c05111,Cu0.96GaTe2-AgSbTe2,"(Cu0.96GaTe2)1-x(AgSbTe2)x, x=0.06",(Cu0.96GaTe2)0.94(AgSbTe2)0.06,2,Yes,Ag,x=0.06,unclear,Sb (x=0.06) @ unclear,Ag (x=0.06) @ unclear site; Sb (x=0.06) @ unclear site,electrical conductivity,80,S/cm,300,K,figure,,Visually estimated from Fig. 5a
Optimized Carrier Concentration and Reduced Thermal Conductivity in Cu-Deficient CuGaTe2 Alloyed with AgSbTe2 for Superior Thermoelectric Performance.pdf,10.1021/acsami.6c05111,Cu0.96GaTe2-AgSbTe2,"(Cu0.96GaTe2)1-x(AgSbTe2)x, x=0.06",(Cu0.96GaTe2)0.94(AgSbTe2)0.06,2,Yes,Ag,x=0.06,unclear,Sb (x=0.06) @ unclear,Ag (x=0.06) @ unclear site; Sb (x=0.06) @ unclear site,Seebeck coefficient,140,µV/K,300,K,figure,,Visually estimated from Fig. 5b
Optimized Carrier Concentration and Reduced Thermal Conductivity in Cu-Deficient CuGaTe2 Alloyed with AgSbTe2 for Superior Thermoelectric Performance.pdf,10.1021/acsami.6c05111,Cu0.96GaTe2-AgSbTe2,"(Cu0.96GaTe2)1-x(AgSbTe2)x, x=0.06",(Cu0.96GaTe2)0.94(AgSbTe2)0.06,2,Yes,Ag,x=0.06,unclear,Sb (x=0.06) @ unclear,Ag (x=0.06) @ unclear site; Sb (x=0.06) @ unclear site,power factor,0.2,mW/mK^2,300,K,figure,,Visually estimated from Fig. 5c
Optimized Carrier Concentration and Reduced Thermal Conductivity in Cu-Deficient CuGaTe2 Alloyed with AgSbTe2 for Superior Thermoelectric Performance.pdf,10.1021/acsami.6c05111,Cu0.96GaTe2-AgSbTe2,"(Cu0.96GaTe2)1-x(AgSbTe2)x, x=0.08",(Cu0.96GaTe2)0.92(AgSbTe2)0.08,2,Yes,Ag,x=0.08,unclear,Sb (x=0.08) @ unclear,Ag (x=0.08) @ unclear site; Sb (x=0.08) @ unclear site,electrical conductivity,90,S/cm,300,K,figure,,Visually estimated from Fig. 5a
Optimized Carrier Concentration and Reduced Thermal Conductivity in Cu-Deficient CuGaTe2 Alloyed with AgSbTe2 for Superior Thermoelectric Performance.pdf,10.1021/acsami.6c05111,Cu0.96GaTe2-AgSbTe2,"(Cu0.96GaTe2)1-x(AgSbTe2)x, x=0.08",(Cu0.96GaTe2)0.92(AgSbTe2)0.08,2,Yes,Ag,x=0.08,unclear,Sb (x=0.08) @ unclear,Ag (x=0.08) @ unclear site; Sb (x=0.08) @ unclear site,Seebeck coefficient,150,µV/K,300,K,figure,,Visually estimated from Fig. 5b
Optimized Carrier Concentration and Reduced Thermal Conductivity in Cu-Deficient CuGaTe2 Alloyed with AgSbTe2 for Superior Thermoelectric Performance.pdf,10.1021/acsami.6c05111,Cu0.96GaTe2-AgSbTe2,"(Cu0.96GaTe2)1-x(AgSbTe2)x, x=0.08",(Cu0.96GaTe2)0.92(AgSbTe2)0.08,2,Yes,Ag,x=0.08,unclear,Sb (x=0.08) @ unclear,Ag (x=0.08) @ unclear site; Sb (x=0.08) @ unclear site,power factor,0.25,mW/mK^2,300,K,figure,,Visually estimated from Fig. 5c
Optimized Carrier Concentration and Reduced Thermal Conductivity in Cu-Deficient CuGaTe2 Alloyed with AgSbTe2 for Superior Thermoelectric Performance.pdf,10.1021/acsami.6c05111,Cu0.96GaTe2-AgSbTe2,"(Cu0.96GaTe2)1-x(AgSbTe2)x, x=0.10",(Cu0.96GaTe2)0.9(AgSbTe2)0.1,2,Yes,Ag,x=0.10,unclear,Sb (x=0.10) @ unclear,Ag (x=0.10) @ unclear site; Sb (x=0.10) @ unclear site,electrical conductivity,100,S/cm,300,K,figure,,Visually estimated from Fig. 5a
Optimized Carrier Concentration and Reduced Thermal Conductivity in Cu-Deficient CuGaTe2 Alloyed with AgSbTe2 for Superior Thermoelectric Performance.pdf,10.1021/acsami.6c05111,Cu0.96GaTe2-AgSbTe2,"(Cu0.96GaTe2)1-x(AgSbTe2)x, x=0.10",(Cu0.96GaTe2)0.9(AgSbTe2)0.1,2,Yes,Ag,x=0.10,unclear,Sb (x=0.10) @ unclear,Ag (x=0.10) @ unclear site; Sb (x=0.10) @ unclear site,Seebeck coefficient,160,µV/K,300,K,figure,,Visually estimated from Fig. 5b
Optimized Carrier Concentration and Reduced Thermal Conductivity in Cu-Deficient CuGaTe2 Alloyed with AgSbTe2 for Superior Thermoelectric Performance.pdf,10.1021/acsami.6c05111,Cu0.96GaTe2-AgSbTe2,"(Cu0.96GaTe2)1-x(AgSbTe2)x, x=0.10",(Cu0.96GaTe2)0.9(AgSbTe2)0.1,2,Yes,Ag,x=0.10,unclear,Sb (x=0.10) @ unclear,Ag (x=0.10) @ unclear site; Sb (x=0.10) @ unclear site,power factor,0.3,mW/mK^2,300,K,figure,,Visually estimated from Fig. 5c
Optimized Carrier Concentration and Reduced Thermal Conductivity in Cu-Deficient CuGaTe2 Alloyed with AgSbTe2 for Superior Thermoelectric Performance.pdf,10.1021/acsami.6c05111,Cu0.96GaTe2-AgSbTe2,"(Cu0.96GaTe2)1-x(AgSbTe2)x, x=0.11",(Cu0.96GaTe2)0.89(AgSbTe2)0.11,2,Yes,Ag,x=0.11,unclear,Sb (x=0.11) @ unclear,Ag (x=0.11) @ unclear site; Sb (x=0.11) @ unclear site,electrical conductivity,110,S/cm,300,K,figure,,Visually estimated from Fig. 5a
Optimized Carrier Concentration and Reduced Thermal Conductivity in Cu-Deficient CuGaTe2 Alloyed with AgSbTe2 for Superior Thermoelectric Performance.pdf,10.1021/acsami.6c05111,Cu0.96GaTe2-AgSbTe2,"(Cu0.96GaTe2)1-x(AgSbTe2)x, x=0.11",(Cu0.96GaTe2)0.89(AgSbTe2)0.11,2,Yes,Ag,x=0.11,unclear,Sb (x=0.11) @ unclear,Ag (x=0.11) @ unclear site; Sb (x=0.11) @ unclear site,Seebeck coefficient,170,µV/K,300,K,figure,,Visually estimated from Fig. 5b
Optimized Carrier Concentration and Reduced Thermal Conductivity in Cu-Deficient CuGaTe2 Alloyed with AgSbTe2 for Superior Thermoelectric Performance.pdf,10.1021/acsami.6c05111,Cu0.96GaTe2-AgSbTe2,"(Cu0.96GaTe2)1-x(AgSbTe2)x, x=0.11",(Cu0.96GaTe2)0.89(AgSbTe2)0.11,2,Yes,Ag,x=0.11,unclear,Sb (x=0.11) @ unclear,Ag (x=0.11) @ unclear site; Sb (x=0.11) @ unclear site,power factor,0.35,mW/mK^2,300,K,figure,,Visually estimated from Fig. 5c
Optimized Carrier Concentration and Reduced Thermal Conductivity in Cu-Deficient CuGaTe2 Alloyed with AgSbTe2 for Superior Thermoelectric Performance.pdf,10.1021/acsami.6c05111,Cu0.96GaTe2-AgSbTe2,(Cu0.96GaTe2)0.98(AgSbTe2)0.02,(Cu0.96GaTe2)0.98(AgSbTe2)0.02,2,Yes,Ag,x=0.02,unclear,Sb (x=0.02) @ unclear,Ag (x=0.02) @ unclear site; Sb (x=0.02) @ unclear site,ZT,0.82,dimensionless,723,K,figure,,Visually estimated from Fig. 10a
Optimized Carrier Concentration and Reduced Thermal Conductivity in Cu-Deficient CuGaTe2 Alloyed with AgSbTe2 for Superior Thermoelectric Performance.pdf,10.1021/acsami.6c05111,Cu0.96GaTe2-AgSbTe2,(Cu0.96GaTe2)0.96(AgSbTe2)0.04,(Cu0.96GaTe2)0.96(AgSbTe2)0.04,2,Yes,Ag,x=0.04,unclear,Sb (x=0.04) @ unclear,Ag (x=0.04) @ unclear site; Sb (x=0.04) @ unclear site,ZT,0.99,dimensionless,723,K,figure,,Visually estimated from Fig. 10a
Optimized Carrier Concentration and Reduced Thermal Conductivity in Cu-Deficient CuGaTe2 Alloyed with AgSbTe2 for Superior Thermoelectric Performance.pdf,10.1021/acsami.6c05111,Cu0.96GaTe2-AgSbTe2,(Cu0.96GaTe2)0.94(AgSbTe2)0.06,(Cu0.96GaTe2)0.94(AgSbTe2)0.06,2,Yes,Ag,x=0.06,unclear,Sb (x=0.06) @ unclear,Ag (x=0.06) @ unclear site; Sb (x=0.06) @ unclear site,ZT,1.12,dimensionless,723,K,figure,,Visually estimated from Fig. 10a
Optimized Carrier Concentration and Reduced Thermal Conductivity in Cu-Deficient CuGaTe2 Alloyed with AgSbTe2 for Superior Thermoelectric Performance.pdf,10.1021/acsami.6c05111,Cu0.96GaTe2-AgSbTe2,(Cu0.96GaTe2)0.92(AgSbTe2)0.08,(Cu0.96GaTe2)0.92(AgSbTe2)0.08,2,Yes,Ag,x=0.08,unclear,Sb (x=0.08) @ unclear,Ag (x=0.08) @ unclear site; Sb (x=0.08) @ unclear site,ZT,1.18,dimensionless,723,K,figure,,Visually estimated from Fig. 10a
Optimized Carrier Concentration and Reduced Thermal Conductivity in Cu-Deficient CuGaTe2 Alloyed with AgSbTe2 for Superior Thermoelectric Performance.pdf,10.1021/acsami.6c05111,Cu0.96GaTe2-AgSbTe2,(Cu0.96GaTe2)0.90(AgSbTe2)0.10,(Cu0.96GaTe2)0.90(AgSbTe2)0.10,2,Yes,Ag,x=0.10,unclear,Sb (x=0.10) @ unclear,Ag (x=0.10) @ unclear site; Sb (x=0.10) @ unclear site,ZT,1.39,dimensionless,743,K,figure,,Visually estimated from Fig. 10a
Optimized Carrier Concentration and Reduced Thermal Conductivity in Cu-Deficient CuGaTe2 Alloyed with AgSbTe2 for Superior Thermoelectric Performance.pdf,10.1021/acsami.6c05111,Cu0.96GaTe2-AgSbTe2,(Cu0.96GaTe2)0.89(AgSbTe2)0.11,(Cu0.96GaTe2)0.89(AgSbTe2)0.11,2,Yes,Ag,x=0.11,unclear,Sb (x=0.11) @ unclear,Ag (x=0.11) @ unclear site; Sb (x=0.11) @ unclear site,ZT,1.26,dimensionless,723,K,figure,,Visually estimated from Fig. 10a
Optimized Thermoelectric Properties of AgSbTe2 through Adjustment of.pdf,10.1007/s13391-014-4152-0,AgSbTe2,AST-423-150,AgSbTe2,0,No,,,,,,Seebeck coefficient,146,μVK−1,300,K,Table 1,,
Optimized Thermoelectric Properties of AgSbTe2 through Adjustment of.pdf,10.1007/s13391-014-4152-0,AgSbTe2,AST-423-150,AgSbTe2,0,No,,,,,,electrical conductivity,3.69,10^4 S/m,300,K,Table 1,,Calculated from resistivity 2.71 x 10^-5 Ohm m
Optimized Thermoelectric Properties of AgSbTe2 through Adjustment of.pdf,10.1007/s13391-014-4152-0,AgSbTe2,AST-423-150,AgSbTe2,0,No,,,,,,ZT,0.31,dimensionless,300,K,body text,,
Optimized Thermoelectric Properties of AgSbTe2 through Adjustment of.pdf,10.1007/s13391-014-4152-0,AgSbTe2,AST-423-300,AgSbTe2,0,No,,,,,,Seebeck coefficient,114,μVK−1,300,K,Table 1,,
Optimized Thermoelectric Properties of AgSbTe2 through Adjustment of.pdf,10.1007/s13391-014-4152-0,AgSbTe2,AST-423-500,AgSbTe2,0,No,,,,,,Seebeck coefficient,117,μVK−1,300,K,Table 1,,
Optimized Thermoelectric Properties of AgSbTe2 through Adjustment of.pdf,10.1007/s13391-014-4152-0,AgSbTe2,AST-423-500,AgSbTe2,0,No,,,,,,ZT,0.86,dimensionless,475,K,body text,,
Optimized Thermoelectric Properties of AgSbTe2 through Adjustment of.pdf,10.1007/s13391-014-4152-0,AgSbTe2,AST-473-150,AgSbTe2,0,No,,,,,,Seebeck coefficient,131,μVK−1,300,K,Table 1,,
Optimized Thermoelectric Properties of AgSbTe2 through Adjustment of.pdf,10.1007/s13391-014-4152-0,AgSbTe2,AST-473-300,AgSbTe2,0,No,,,,,,Seebeck coefficient,96,μVK−1,300,K,Table 1,,
Optimized Thermoelectric Properties of AgSbTe2 through Adjustment of.pdf,10.1007/s13391-014-4152-0,AgSbTe2,AST-473-500,AgSbTe2,0,No,,,,,,Seebeck coefficient,95,μVK−1,300,K,Table 1,,
Optimized Thermoelectric Properties of AgSbTe2 through Adjustment of.pdf,10.1007/s13391-014-4152-0,AgSbTe2,AST-473-500,AgSbTe2,0,No,,,,,,power factor,1.62,10^-3 W m^-1 K^-2,418,K,body text,,
Optimized Thermoelectric Properties of AgSbTe2 through Adjustment of.pdf,10.1007/s13391-014-4152-0,AgSbTe2,AST-423-150,AgSbTe2,0,No,,,,,,ZT,0.2,dimensionless,300,K,figure,,Visually estimated from Fig. 1
Optimized Thermoelectric Properties of AgSbTe2 through Adjustment of.pdf,10.1007/s13391-014-4152-0,AgSbTe2,AST-423-150,AgSbTe2,0,No,,,,,,ZT,0.8,dimensionless,450,K,figure,,Visually estimated from Fig. 1
Optimized Thermoelectric Properties of AgSbTe2 through Adjustment of.pdf,10.1007/s13391-014-4152-0,AgSbTe2,AST-423-300,AgSbTe2,0,No,,,,,,ZT,0.25,dimensionless,300,K,figure,,Visually estimated from Fig. 1
Optimized Thermoelectric Properties of AgSbTe2 through Adjustment of.pdf,10.1007/s13391-014-4152-0,AgSbTe2,AST-423-300,AgSbTe2,0,No,,,,,,ZT,0.75,dimensionless,450,K,figure,,Visually estimated from Fig. 1
Optimized Thermoelectric Properties of AgSbTe2 through Adjustment of.pdf,10.1007/s13391-014-4152-0,AgSbTe2,AST-423-500,AgSbTe2,0,No,,,,,,ZT,0.3,dimensionless,300,K,figure,,Visually estimated from Fig. 1
Optimized Thermoelectric Properties of AgSbTe2 through Adjustment of.pdf,10.1007/s13391-014-4152-0,AgSbTe2,AST-423-500,AgSbTe2,0,No,,,,,,ZT,0.85,dimensionless,475,K,figure,,Visually estimated from Fig. 1
Optimized Thermoelectric Properties of AgSbTe2 through Adjustment of.pdf,10.1007/s13391-014-4152-0,AgSbTe2,AST-473-150,AgSbTe2,0,No,,,,,,ZT,0.2,dimensionless,300,K,figure,,Visually estimated from Fig. 1
Optimized Thermoelectric Properties of AgSbTe2 through Adjustment of.pdf,10.1007/s13391-014-4152-0,AgSbTe2,AST-473-150,AgSbTe2,0,No,,,,,,ZT,0.7,dimensionless,450,K,figure,,Visually estimated from Fig. 1
Optimized Thermoelectric Properties of AgSbTe2 through Adjustment of.pdf,10.1007/s13391-014-4152-0,AgSbTe2,AST-473-300,AgSbTe2,0,No,,,,,,ZT,0.25,dimensionless,300,K,figure,,Visually estimated from Fig. 1
Optimized Thermoelectric Properties of AgSbTe2 through Adjustment of.pdf,10.1007/s13391-014-4152-0,AgSbTe2,AST-473-300,AgSbTe2,0,No,,,,,,ZT,0.75,dimensionless,450,K,figure,,Visually estimated from Fig. 1
Optimized Thermoelectric Properties of AgSbTe2 through Adjustment of.pdf,10.1007/s13391-014-4152-0,AgSbTe2,AST-473-500,AgSbTe2,0,No,,,,,,ZT,0.3,dimensionless,300,K,figure,,Visually estimated from Fig. 1
Optimized Thermoelectric Properties of AgSbTe2 through Adjustment of.pdf,10.1007/s13391-014-4152-0,AgSbTe2,AST-473-500,AgSbTe2,0,No,,,,,,ZT,0.7,dimensionless,450,K,figure,,Visually estimated from Fig. 1
Peng2014.pdf,10.1039/c3ta13729e,Yb0.2Co4Sb12,Matrix,Yb0.2Co4Sb12,0,No,,,,,,Seebeck coefficient,-152,mV K-1,300,K,Table 1,,
Peng2014.pdf,10.1039/c3ta13729e,Yb0.2Co4Sb12,Matrix,Yb0.2Co4Sb12,0,No,,,,,,electrical conductivity,34.2,S cm-1,300,K,Table 1,,Calculated from resistivity 29.2 mOhm m
Peng2014.pdf,10.1039/c3ta13729e,Yb0.2Co4Sb12,Matrix,Yb0.2Co4Sb12,0,No,,,,,,thermal conductivity,2.94,W m-1 K-1,300,K,Table 1,,
Peng2014.pdf,10.1039/c3ta13729e,Yb0.2Co4Sb12,Matrix,Yb0.2Co4Sb12,0,No,,,,,,lattice thermal conductivity,2.74,W m-1 K-1,300,K,Table 1,,
Peng2014.pdf,10.1039/c3ta13729e,Yb0.2Co4Sb12,Matrix,Yb0.2Co4Sb12,0,No,,,,,,ZT,0.08,dimensionless,300,K,Table 1,,
Peng2014.pdf,10.1039/c3ta13729e,Yb0.2Co4Sb12,Matrix-2 wt% AgSbTe2,Yb0.2Co4Sb12-2 wt% AgSbTe2,1,No,Te,less than y = 0.02,Sb,,Te (less than y = 0.02) @ Sb site,Seebeck coefficient,-167,mV K-1,300,K,Table 1,,
Peng2014.pdf,10.1039/c3ta13729e,Yb0.2Co4Sb12,Matrix-2 wt% AgSbTe2,Yb0.2Co4Sb12-2 wt% AgSbTe2,1,No,Te,less than y = 0.02,Sb,,Te (less than y = 0.02) @ Sb site,thermal conductivity,3.25,W m-1 K-1,300,K,Table 1,,
Peng2014.pdf,10.1039/c3ta13729e,Yb0.2Co4Sb12,Matrix-2 wt% AgSbTe2,Yb0.2Co4Sb12-2 wt% AgSbTe2,1,No,Te,less than y = 0.02,Sb,,Te (less than y = 0.02) @ Sb site,lattice thermal conductivity,2.72,W m-1 K-1,300,K,Table 1,,
Peng2014.pdf,10.1039/c3ta13729e,Yb0.2Co4Sb12,Matrix-2 wt% AgSbTe2,Yb0.2Co4Sb12-2 wt% AgSbTe2,1,No,Te,less than y = 0.02,Sb,,Te (less than y = 0.02) @ Sb site,ZT,0.23,dimensionless,300,K,Table 1,,
Peng2014.pdf,10.1039/c3ta13729e,Yb0.2Co4Sb12,Matrix-4 wt% AgSbTe2,Yb0.2Co4Sb12-4 wt% AgSbTe2,1,No,Te,less than y = 0.02,Sb,,Te (less than y = 0.02) @ Sb site,Seebeck coefficient,-202,mV K-1,300,K,Table 1,,
Peng2014.pdf,10.1039/c3ta13729e,Yb0.2Co4Sb12,Matrix-4 wt% AgSbTe2,Yb0.2Co4Sb12-4 wt% AgSbTe2,1,No,Te,less than y = 0.02,Sb,,Te (less than y = 0.02) @ Sb site,thermal conductivity,2.62,W m-1 K-1,300,K,Table 1,,
Peng2014.pdf,10.1039/c3ta13729e,Yb0.2Co4Sb12,Matrix-4 wt% AgSbTe2,Yb0.2Co4Sb12-4 wt% AgSbTe2,1,No,Te,less than y = 0.02,Sb,,Te (less than y = 0.02) @ Sb site,lattice thermal conductivity,1.99,W m-1 K-1,300,K,Table 1,,
Peng2014.pdf,10.1039/c3ta13729e,Yb0.2Co4Sb12,Matrix-4 wt% AgSbTe2,Yb0.2Co4Sb12-4 wt% AgSbTe2,1,No,Te,less than y = 0.02,Sb,,Te (less than y = 0.02) @ Sb site,ZT,0.49,dimensionless,300,K,Table 1,,
Peng2014.pdf,10.1039/c3ta13729e,Yb0.2Co4Sb12,Matrix-6 wt% AgSbTe2,Yb0.2Co4Sb12-6 wt% AgSbTe2,1,No,Te,less than y = 0.02,Sb,,Te (less than y = 0.02) @ Sb site,Seebeck coefficient,-228,mV K-1,300,K,Table 1,,
Peng2014.pdf,10.1039/c3ta13729e,Yb0.2Co4Sb12,Matrix-6 wt% AgSbTe2,Yb0.2Co4Sb12-6 wt% AgSbTe2,1,No,Te,less than y = 0.02,Sb,,Te (less than y = 0.02) @ Sb site,thermal conductivity,3.31,W m-1 K-1,300,K,Table 1,,
Peng2014.pdf,10.1039/c3ta13729e,Yb0.2Co4Sb12,Matrix-6 wt% AgSbTe2,Yb0.2Co4Sb12-6 wt% AgSbTe2,1,No,Te,less than y = 0.02,Sb,,Te (less than y = 0.02) @ Sb site,lattice thermal conductivity,2.65,W m-1 K-1,300,K,Table 1,,
Peng2014.pdf,10.1039/c3ta13729e,Yb0.2Co4Sb12,Matrix-6 wt% AgSbTe2,Yb0.2Co4Sb12-6 wt% AgSbTe2,1,No,Te,less than y = 0.02,Sb,,Te (less than y = 0.02) @ Sb site,ZT,0.51,dimensionless,300,K,Table 1,,
Peng2014.pdf,10.1039/c3ta13729e,Yb0.2Co4Sb12,Matrix-8 wt% AgSbTe2,Yb0.2Co4Sb12-8 wt% AgSbTe2,1,No,Te,less than y = 0.02,Sb,,Te (less than y = 0.02) @ Sb site,Seebeck coefficient,-176,mV K-1,300,K,Table 1,,
Peng2014.pdf,10.1039/c3ta13729e,Yb0.2Co4Sb12,Matrix-8 wt% AgSbTe2,Yb0.2Co4Sb12-8 wt% AgSbTe2,1,No,Te,less than y = 0.02,Sb,,Te (less than y = 0.02) @ Sb site,thermal conductivity,2.41,W m-1 K-1,300,K,Table 1,,
Peng2014.pdf,10.1039/c3ta13729e,Yb0.2Co4Sb12,Matrix-8 wt% AgSbTe2,Yb0.2Co4Sb12-8 wt% AgSbTe2,1,No,Te,less than y = 0.02,Sb,,Te (less than y = 0.02) @ Sb site,lattice thermal conductivity,1.93,W m-1 K-1,300,K,Table 1,,
Peng2014.pdf,10.1039/c3ta13729e,Yb0.2Co4Sb12,Matrix-8 wt% AgSbTe2,Yb0.2Co4Sb12-8 wt% AgSbTe2,1,No,Te,less than y = 0.02,Sb,,Te (less than y = 0.02) @ Sb site,ZT,0.31,dimensionless,300,K,Table 1,,
Peng2014.pdf,10.1039/c3ta13729e,Yb0.2Co4Sb12,matrix-2 wt% AgSbTe2,Yb0.2Co4Sb12-2 wt% AgSbTe2,1,No,Te,y < 0.02,Sb,,Te (y < 0.02) @ Sb site,Seebeck coefficient,-180,uV/K,300,K,figure,Fig. 6,Visually estimated from Fig. 6
Peng2014.pdf,10.1039/c3ta13729e,Yb0.2Co4Sb12,matrix-4 wt% AgSbTe2,Yb0.2Co4Sb12-4 wt% AgSbTe2,1,No,Te,y < 0.02,Sb,,Te (y < 0.02) @ Sb site,Seebeck coefficient,-200,uV/K,300,K,figure,Fig. 6,Visually estimated from Fig. 6
Peng2014.pdf,10.1039/c3ta13729e,Yb0.2Co4Sb12,matrix-6 wt% AgSbTe2,Yb0.2Co4Sb12-6 wt% AgSbTe2,1,No,Te,y < 0.02,Sb,,Te (y < 0.02) @ Sb site,Seebeck coefficient,-228,uV/K,300,K,body text,page 77,
Peng2014.pdf,10.1039/c3ta13729e,Yb0.2Co4Sb12,matrix-8 wt% AgSbTe2,Yb0.2Co4Sb12-8 wt% AgSbTe2,1,No,Te,y < 0.02,Sb,,Te (y < 0.02) @ Sb site,Seebeck coefficient,-170,uV/K,300,K,figure,Fig. 6,Visually estimated from Fig. 6
Peng2014.pdf,10.1039/c3ta13729e,Yb0.2Co4Sb12,Matrix,Yb0.2Co4Sb12,0,No,,,,,,ZT,0.08,dimensionless,300,K,table,Table 1,
Peng2014.pdf,10.1039/c3ta13729e,Yb0.2Co4Sb12,Matrix-2 wt% AgSbTe2,Yb0.2Co4Sb12-2 wt% AgSbTe2,1,No,AgSbTe2,2 wt%,interstitial,,AgSbTe2 (2 wt%) @ interstitial site,ZT,0.23,dimensionless,300,K,table,Table 1,
Peng2014.pdf,10.1039/c3ta13729e,Yb0.2Co4Sb12,Matrix-4 wt% AgSbTe2,Yb0.2Co4Sb12-4 wt% AgSbTe2,1,No,AgSbTe2,4 wt%,interstitial,,AgSbTe2 (4 wt%) @ interstitial site,ZT,0.49,dimensionless,300,K,table,Table 1,
Peng2014.pdf,10.1039/c3ta13729e,Yb0.2Co4Sb12,Matrix-6 wt% AgSbTe2,Yb0.2Co4Sb12-6 wt% AgSbTe2,1,No,AgSbTe2,6 wt%,interstitial,,AgSbTe2 (6 wt%) @ interstitial site,ZT,0.51,dimensionless,300,K,table,Table 1,
Peng2014.pdf,10.1039/c3ta13729e,Yb0.2Co4Sb12,Matrix-8 wt% AgSbTe2,Yb0.2Co4Sb12-8 wt% AgSbTe2,1,No,AgSbTe2,8 wt%,interstitial,,AgSbTe2 (8 wt%) @ interstitial site,ZT,0.31,dimensionless,300,K,table,Table 1,
"Phase compositions, nanoscale microstructures and thermoelectric properties in Ag2−ySbyTe1+y alloys with precipitated Sb2Te3 plates.pdf",10.1016/j.actamat.2010.04.007,Ag2-ySbTe1+y,Ag0.74Sb1.26Te2.26,Ag0.74Sb1.26Te2.26,1,No,Sb,1.26,unclear,,Sb (1.26) @ unclear site,,,,,,,,
"Phase compositions, nanoscale microstructures and thermoelectric properties in Ag2−ySbyTe1+y alloys with precipitated Sb2Te3 plates.pdf",10.1016/j.actamat.2010.04.007,Ag2-ySbTe1+y,Ag0.71Sb1.29Te2.29,Ag0.71Sb1.29Te2.29,1,No,Sb,1.29,unclear,,Sb (1.29) @ unclear site,Seebeck coefficient,250,uV K-1,,,body text,,"Reported as -250 uV K-1, but context indicates positive Seebeck coefficient."
"Phase compositions, nanoscale microstructures and thermoelectric properties in Ag2−ySbyTe1+y alloys with precipitated Sb2Te3 plates.pdf",10.1016/j.actamat.2010.04.007,Ag2-ySbTe1+y,Ag0.71Sb1.29Te2.29,Ag0.71Sb1.29Te2.29,1,No,Sb,1.29,unclear,,Sb (1.29) @ unclear site,thermal conductivity,0.6,W m-1 K-1,,,body text,,
"Phase compositions, nanoscale microstructures and thermoelectric properties in Ag2−ySbyTe1+y alloys with precipitated Sb2Te3 plates.pdf",10.1016/j.actamat.2010.04.007,Ag2-ySbTe1+y,Ag0.71Sb1.29Te2.29,Ag0.71Sb1.29Te2.29,1,No,Sb,1.29,unclear,,Sb (1.29) @ unclear site,ZT,1.37,dimensionless,600,K,body text,,
"Phase compositions, nanoscale microstructures and thermoelectric properties in Ag2−ySbyTe1+y alloys with precipitated Sb2Te3 plates.pdf",10.1016/j.actamat.2010.04.007,Ag2-ySbTe1+y,Ag0.68Sb1.32Te2.32,Ag0.68Sb1.32Te2.32,1,No,Sb,1.32,unclear,,Sb (1.32) @ unclear site,,,,,,,,
"Phase compositions, nanoscale microstructures and thermoelectric properties in Ag2−ySbyTe1+y alloys with precipitated Sb2Te3 plates.pdf",10.1016/j.actamat.2010.04.007,Ag2-ySbTe1+y,Ag0.65Sb1.35Te2.35,Ag0.65Sb1.35Te2.35,1,No,Sb,1.35,unclear,,Sb (1.35) @ unclear site,power factor,1.70 * 10^-3,W m-1 K-2,600,K,body text,,
"Phase compositions, nanoscale microstructures and thermoelectric properties in Ag2−ySbyTe1+y alloys with precipitated Sb2Te3 plates.pdf",10.1016/j.actamat.2010.04.007,Ag2-ySbTe1+y,Ag0.62Sb1.38Te2.38,Ag0.62Sb1.38Te2.38,1,No,Sb,1.38,unclear,,Sb (1.38) @ unclear site,,,,,,,,
"Phase compositions, nanoscale microstructures and thermoelectric properties in Ag2−ySbyTe1+y alloys with precipitated Sb2Te3 plates.pdf",10.1016/j.actamat.2010.04.007,Ag2-ySbTe1+y,Ag0.74Sb1.26Te2.26,Ag0.74Sb1.26Te2.26,0,No,,,,,,electrical conductivity,4,10^4 Sm^-1,300,K,figure,Fig. 4a,Visually estimated from Fig. 4a
"Phase compositions, nanoscale microstructures and thermoelectric properties in Ag2−ySbyTe1+y alloys with precipitated Sb2Te3 plates.pdf",10.1016/j.actamat.2010.04.007,Ag2-ySbTe1+y,Ag0.74Sb1.26Te2.26,Ag0.74Sb1.26Te2.26,0,No,,,,,,electrical conductivity,3,10^4 Sm^-1,670,K,figure,Fig. 4a,Visually estimated from Fig. 4a
"Phase compositions, nanoscale microstructures and thermoelectric properties in Ag2−ySbyTe1+y alloys with precipitated Sb2Te3 plates.pdf",10.1016/j.actamat.2010.04.007,Ag2-ySbTe1+y,Ag0.74Sb1.26Te2.26,Ag0.74Sb1.26Te2.26,0,No,,,,,,Seebeck coefficient,100,uV K^-1,300,K,figure,Fig. 4b,Visually estimated from Fig. 4b
"Phase compositions, nanoscale microstructures and thermoelectric properties in Ag2−ySbyTe1+y alloys with precipitated Sb2Te3 plates.pdf",10.1016/j.actamat.2010.04.007,Ag2-ySbTe1+y,Ag0.74Sb1.26Te2.26,Ag0.74Sb1.26Te2.26,0,No,,,,,,Seebeck coefficient,260,uV K^-1,670,K,figure,Fig. 4b,Visually estimated from Fig. 4b
"Phase compositions, nanoscale microstructures and thermoelectric properties in Ag2−ySbyTe1+y alloys with precipitated Sb2Te3 plates.pdf",10.1016/j.actamat.2010.04.007,Ag2-ySbTe1+y,Ag0.71Sb1.29Te2.29,Ag0.71Sb1.29Te2.29,0,No,,,,,,electrical conductivity,6,10^4 Sm^-1,300,K,figure,Fig. 4a,Visually estimated from Fig. 4a
"Phase compositions, nanoscale microstructures and thermoelectric properties in Ag2−ySbyTe1+y alloys with precipitated Sb2Te3 plates.pdf",10.1016/j.actamat.2010.04.007,Ag2-ySbTe1+y,Ag0.71Sb1.29Te2.29,Ag0.71Sb1.29Te2.29,0,No,,,,,,electrical conductivity,3,10^4 Sm^-1,670,K,figure,Fig. 4a,Visually estimated from Fig. 4a
"Phase compositions, nanoscale microstructures and thermoelectric properties in Ag2−ySbyTe1+y alloys with precipitated Sb2Te3 plates.pdf",10.1016/j.actamat.2010.04.007,Ag2-ySbTe1+y,Ag0.71Sb1.29Te2.29,Ag0.71Sb1.29Te2.29,0,No,,,,,,Seebeck coefficient,90,uV K^-1,300,K,figure,Fig. 4b,Visually estimated from Fig. 4b
"Phase compositions, nanoscale microstructures and thermoelectric properties in Ag2−ySbyTe1+y alloys with precipitated Sb2Te3 plates.pdf",10.1016/j.actamat.2010.04.007,Ag2-ySbTe1+y,Ag0.71Sb1.29Te2.29,Ag0.71Sb1.29Te2.29,0,No,,,,,,Seebeck coefficient,240,uV K^-1,670,K,figure,Fig. 4b,Visually estimated from Fig. 4b
"Phase compositions, nanoscale microstructures and thermoelectric properties in Ag2−ySbyTe1+y alloys with precipitated Sb2Te3 plates.pdf",10.1016/j.actamat.2010.04.007,Ag2-ySbTe1+y,Ag0.68Sb1.32Te2.32,Ag0.68Sb1.32Te2.32,0,No,,,,,,electrical conductivity,8,10^4 Sm^-1,300,K,figure,Fig. 4a,Visually estimated from Fig. 4a
"Phase compositions, nanoscale microstructures and thermoelectric properties in Ag2−ySbyTe1+y alloys with precipitated Sb2Te3 plates.pdf",10.1016/j.actamat.2010.04.007,Ag2-ySbTe1+y,Ag0.68Sb1.32Te2.32,Ag0.68Sb1.32Te2.32,0,No,,,,,,electrical conductivity,3,10^4 Sm^-1,670,K,figure,Fig. 4a,Visually estimated from Fig. 4a
"Phase compositions, nanoscale microstructures and thermoelectric properties in Ag2−ySbyTe1+y alloys with precipitated Sb2Te3 plates.pdf",10.1016/j.actamat.2010.04.007,Ag2-ySbTe1+y,Ag0.68Sb1.32Te2.32,Ag0.68Sb1.32Te2.32,0,No,,,,,,Seebeck coefficient,80,uV K^-1,300,K,figure,Fig. 4b,Visually estimated from Fig. 4b
"Phase compositions, nanoscale microstructures and thermoelectric properties in Ag2−ySbyTe1+y alloys with precipitated Sb2Te3 plates.pdf",10.1016/j.actamat.2010.04.007,Ag2-ySbTe1+y,Ag0.68Sb1.32Te2.32,Ag0.68Sb1.32Te2.32,0,No,,,,,,Seebeck coefficient,210,uV K^-1,670,K,figure,Fig. 4b,Visually estimated from Fig. 4b
"Phase compositions, nanoscale microstructures and thermoelectric properties in Ag2−ySbyTe1+y alloys with precipitated Sb2Te3 plates.pdf",10.1016/j.actamat.2010.04.007,Ag2-ySbTe1+y,Ag0.65Sb1.35Te2.35,Ag0.65Sb1.35Te2.35,0,No,,,,,,electrical conductivity,12,10^4 Sm^-1,300,K,figure,Fig. 4a,Visually estimated from Fig. 4a
"Phase compositions, nanoscale microstructures and thermoelectric properties in Ag2−ySbyTe1+y alloys with precipitated Sb2Te3 plates.pdf",10.1016/j.actamat.2010.04.007,Ag2-ySbTe1+y,Ag0.65Sb1.35Te2.35,Ag0.65Sb1.35Te2.35,0,No,,,,,,electrical conductivity,3,10^4 Sm^-1,670,K,figure,Fig. 4a,Visually estimated from Fig. 4a
"Phase compositions, nanoscale microstructures and thermoelectric properties in Ag2−ySbyTe1+y alloys with precipitated Sb2Te3 plates.pdf",10.1016/j.actamat.2010.04.007,Ag2-ySbTe1+y,Ag0.65Sb1.35Te2.35,Ag0.65Sb1.35Te2.35,0,No,,,,,,Seebeck coefficient,70,uV K^-1,300,K,figure,Fig. 4b,Visually estimated from Fig. 4b
"Phase compositions, nanoscale microstructures and thermoelectric properties in Ag2−ySbyTe1+y alloys with precipitated Sb2Te3 plates.pdf",10.1016/j.actamat.2010.04.007,Ag2-ySbTe1+y,Ag0.65Sb1.35Te2.35,Ag0.65Sb1.35Te2.35,0,No,,,,,,Seebeck coefficient,180,uV K^-1,670,K,figure,Fig. 4b,Visually estimated from Fig. 4b
"Phase compositions, nanoscale microstructures and thermoelectric properties in Ag2−ySbyTe1+y alloys with precipitated Sb2Te3 plates.pdf",10.1016/j.actamat.2010.04.007,Ag2-ySbTe1+y,Ag0.62Sb1.38Te2.38,Ag0.62Sb1.38Te2.38,0,No,,,,,,electrical conductivity,14,10^4 Sm^-1,300,K,figure,Fig. 4a,Visually estimated from Fig. 4a
"Phase compositions, nanoscale microstructures and thermoelectric properties in Ag2−ySbyTe1+y alloys with precipitated Sb2Te3 plates.pdf",10.1016/j.actamat.2010.04.007,Ag2-ySbTe1+y,Ag0.62Sb1.38Te2.38,Ag0.62Sb1.38Te2.38,0,No,,,,,,electrical conductivity,3,10^4 Sm^-1,670,K,figure,Fig. 4a,Visually estimated from Fig. 4a
"Phase compositions, nanoscale microstructures and thermoelectric properties in Ag2−ySbyTe1+y alloys with precipitated Sb2Te3 plates.pdf",10.1016/j.actamat.2010.04.007,Ag2-ySbTe1+y,Ag0.62Sb1.38Te2.38,Ag0.62Sb1.38Te2.38,0,No,,,,,,Seebeck coefficient,60,uV K^-1,300,K,figure,Fig. 4b,Visually estimated from Fig. 4b
"Phase compositions, nanoscale microstructures and thermoelectric properties in Ag2−ySbyTe1+y alloys with precipitated Sb2Te3 plates.pdf",10.1016/j.actamat.2010.04.007,Ag2-ySbTe1+y,Ag0.62Sb1.38Te2.38,Ag0.62Sb1.38Te2.38,0,No,,,,,,Seebeck coefficient,170,uV K^-1,670,K,figure,Fig. 4b,Visually estimated from Fig. 4b
"Phase compositions, nanoscale microstructures and thermoelectric properties in Ag2−ySbyTe1+y alloys with precipitated Sb2Te3 plates.pdf",10.1016/j.actamat.2010.04.007,Ag2-ySbTe1+y,y=1.26,Ag2-ySbTe1+y (y=1.26),0,No,,,,,,thermal conductivity,1.25,W m-1 K-1,300,K,figure,Fig. 6a,Visually estimated from Fig. 6a
"Phase compositions, nanoscale microstructures and thermoelectric properties in Ag2−ySbyTe1+y alloys with precipitated Sb2Te3 plates.pdf",10.1016/j.actamat.2010.04.007,Ag2-ySbTe1+y,y=1.26,Ag2-ySbTe1+y (y=1.26),0,No,,,,,,thermal conductivity,1.0,W m-1 K-1,675,K,figure,Fig. 6a,Visually estimated from Fig. 6a
"Phase compositions, nanoscale microstructures and thermoelectric properties in Ag2−ySbyTe1+y alloys with precipitated Sb2Te3 plates.pdf",10.1016/j.actamat.2010.04.007,Ag2-ySbTe1+y,y=1.26,Ag2-ySbTe1+y (y=1.26),0,No,,,,,,lattice thermal conductivity,0.85,W m-1 K-1,300,K,figure,Fig. 6b,Visually estimated from Fig. 6b
"Phase compositions, nanoscale microstructures and thermoelectric properties in Ag2−ySbyTe1+y alloys with precipitated Sb2Te3 plates.pdf",10.1016/j.actamat.2010.04.007,Ag2-ySbTe1+y,y=1.26,Ag2-ySbTe1+y (y=1.26),0,No,,,,,,lattice thermal conductivity,0.45,W m-1 K-1,675,K,figure,Fig. 6b,Visually estimated from Fig. 6b
"Phase compositions, nanoscale microstructures and thermoelectric properties in Ag2−ySbyTe1+y alloys with precipitated Sb2Te3 plates.pdf",10.1016/j.actamat.2010.04.007,Ag2-ySbTe1+y,y=1.26,Ag2-ySbTe1+y (y=1.26),0,No,,,,,,ZT,0.4,dimensionless,300,K,figure,Fig. 7,Visually estimated from Fig. 7
"Phase compositions, nanoscale microstructures and thermoelectric properties in Ag2−ySbyTe1+y alloys with precipitated Sb2Te3 plates.pdf",10.1016/j.actamat.2010.04.007,Ag2-ySbTe1+y,y=1.26,Ag2-ySbTe1+y (y=1.26),0,No,,,,,,ZT,1.2,dimensionless,675,K,figure,Fig. 7,Visually estimated from Fig. 7
"Phase compositions, nanoscale microstructures and thermoelectric properties in Ag2−ySbyTe1+y alloys with precipitated Sb2Te3 plates.pdf",10.1016/j.actamat.2010.04.007,Ag2-ySbTe1+y,y=1.29,Ag2-ySbTe1+y (y=1.29),0,No,,,,,,thermal conductivity,0.65,W m-1 K-1,350,K,figure,Fig. 6a,Visually estimated from Fig. 6a
"Phase compositions, nanoscale microstructures and thermoelectric properties in Ag2−ySbyTe1+y alloys with precipitated Sb2Te3 plates.pdf",10.1016/j.actamat.2010.04.007,Ag2-ySbTe1+y,y=1.29,Ag2-ySbTe1+y (y=1.29),0,No,,,,,,thermal conductivity,0.75,W m-1 K-1,675,K,figure,Fig. 6a,Visually estimated from Fig. 6a
"Phase compositions, nanoscale microstructures and thermoelectric properties in Ag2−ySbyTe1+y alloys with precipitated Sb2Te3 plates.pdf",10.1016/j.actamat.2010.04.007,Ag2-ySbTe1+y,y=1.29,Ag2-ySbTe1+y (y=1.29),0,No,,,,,,lattice thermal conductivity,0.35,W m-1 K-1,300,K,figure,Fig. 6b,Visually estimated from Fig. 6b
"Phase compositions, nanoscale microstructures and thermoelectric properties in Ag2−ySbyTe1+y alloys with precipitated Sb2Te3 plates.pdf",10.1016/j.actamat.2010.04.007,Ag2-ySbTe1+y,y=1.29,Ag2-ySbTe1+y (y=1.29),0,No,,,,,,lattice thermal conductivity,0.35,W m-1 K-1,675,K,figure,Fig. 6b,Visually estimated from Fig. 6b
"Phase compositions, nanoscale microstructures and thermoelectric properties in Ag2−ySbyTe1+y alloys with precipitated Sb2Te3 plates.pdf",10.1016/j.actamat.2010.04.007,Ag2-ySbTe1+y,y=1.29,Ag2-ySbTe1+y (y=1.29),0,No,,,,,,ZT,0.3,dimensionless,300,K,figure,Fig. 7,Visually estimated from Fig. 7
"Phase compositions, nanoscale microstructures and thermoelectric properties in Ag2−ySbyTe1+y alloys with precipitated Sb2Te3 plates.pdf",10.1016/j.actamat.2010.04.007,Ag2-ySbTe1+y,y=1.29,Ag2-ySbTe1+y (y=1.29),0,No,,,,,,ZT,1.35,dimensionless,600,K,figure,Fig. 7,Visually estimated from Fig. 7
Phase diagram and thermoelectric properties.pdf,,Ag3-xSb1+xTe4,x=0.2,Ag2.8Sb1.2Te4,0,No,,,,,,Seebeck coefficient,variable,mV/K,,,body text,,conduction changed from p- to n-type with temperature variation
Phase diagram and thermoelectric properties.pdf,,Ag3-xSb1+xTe4,x=0.4,Ag2.6Sb1.4Te4,0,No,,,,,,electrical conductivity,3.5×10^-3,ohm-cm,room temperature,,Table I,,Reported as electrical resistivity
Phase diagram and thermoelectric properties.pdf,,Ag3-xSb1+xTe4,x=0.6,Ag2.4Sb1.6Te4,0,No,,,,,,electrical conductivity,3.5×10^-3,ohm-cm,room temperature,,Table I,,Reported as electrical resistivity
Phase diagram and thermoelectric properties.pdf,,Ag3-xSb1+xTe4,x=0.8,Ag2.2Sb1.8Te4,0,No,,,,,,Seebeck coefficient,0.45,mV/K,650,K,body text,,
Phase diagram and thermoelectric properties.pdf,,Ag3-xSb1+xTe4,x=0.8,Ag2.2Sb1.8Te4,0,No,,,,,,electrical conductivity,6.3×10^-3,ohm-cm,room temperature,,Table I,,Reported as electrical resistivity
Phase diagram and thermoelectric properties.pdf,,Ag3-xSb1+xTe4,x=1.0,Ag2Sb2Te4 (AgSbTe2),0,No,,,,,,Seebeck coefficient,0.73,mV/K,680,K,body text,,
Phase diagram and thermoelectric properties.pdf,,Ag3-xSb1+xTe4,x=1.0,Ag2Sb2Te4 (AgSbTe2),0,No,,,,,,electrical conductivity,1.8×10^-2,ohm-cm,room temperature,,Table I,,Reported as electrical resistivity
Phase diagram and thermoelectric properties.pdf,,Ag3-xSb1+xTe4,x=1.25,Ag1.75Sb2.25Te4,0,No,,,,,,Seebeck coefficient,0.20,mV/K,450,K,body text,,
Phase diagram and thermoelectric properties.pdf,,Ag3-xSb1+xTe4,x=1.25,Ag1.75Sb2.25Te4,0,No,,,,,,electrical conductivity,2.7×10^-2,ohm-cm,room temperature,,Table I,,Reported as electrical resistivity
Phase diagram and thermoelectric properties.pdf,,Ag3-xSb1+xTe4,x=1.5,Ag1.5Sb2.5Te4,0,No,,,,,,electrical conductivity,8.7×10^-3,ohm-cm,room temperature,,Table I,,Reported as electrical resistivity
Phase diagram and thermoelectric properties.pdf,,Ag3-xSb1+xTe4,x=1,Ag2Sb2Te4,0,No,,,,,,Seebeck coefficient,0.73,mV/K,680,K,body text,,
PhysRevB.79.184202.pdf,10.1103/PhysRevB.79.184202,AgSbTe2,AgSbSexTe2-x (x=0.00),AgSbTe2,1,No,Se,0,Te,,Se (0) @ Te site,ZT,0.65,dimensionless,520,K,text,body text,
PhysRevB.79.184202.pdf,10.1103/PhysRevB.79.184202,AgSbTe2,AgSbSexTe2-x (x=0.25),AgSbSe0.25Te1.75,1,No,Se,0.25,Te,,Se (0.25) @ Te site,ZT,0.65,dimensionless,520,K,text,body text,
PhysRevB.79.184202.pdf,10.1103/PhysRevB.79.184202,AgSbTe2,AgSbSe_xTe_2-x (x=0.00),AgSbTe2,1,No,Se,x=0.00,Te,,Se (x=0.00) @ Te site,Seebeck coefficient,100,uV K^-1,300,K,figure,Fig. 5,Visually estimated from Fig. 5
PhysRevB.79.184202.pdf,10.1103/PhysRevB.79.184202,AgSbTe2,AgSbSe_xTe_2-x (x=0.00),AgSbTe2,1,No,Se,x=0.00,Te,,Se (x=0.00) @ Te site,Seebeck coefficient,150,uV K^-1,500,K,figure,Fig. 5,Visually estimated from Fig. 5
PhysRevB.79.184202.pdf,10.1103/PhysRevB.79.184202,AgSbTe2,AgSbSe_xTe_2-x (x=0.00),AgSbTe2,1,No,Se,x=0.00,Te,,Se (x=0.00) @ Te site,electrical conductivity,3.3e4,S m^-1,336,K,figure,Fig. 4,Visually estimated from Fig. 4
PhysRevB.79.184202.pdf,10.1103/PhysRevB.79.184202,AgSbTe2,AgSbSe_xTe_2-x (x=0.25),AgSbSe0.25Te1.75,1,No,Se,x=0.25,Te,,Se (x=0.25) @ Te site,Seebeck coefficient,180,uV K^-1,300,K,figure,Fig. 5,Visually estimated from Fig. 5
PhysRevB.79.184202.pdf,10.1103/PhysRevB.79.184202,AgSbTe2,AgSbSe_xTe_2-x (x=0.25),AgSbSe0.25Te1.75,1,No,Se,x=0.25,Te,,Se (x=0.25) @ Te site,Seebeck coefficient,200,uV K^-1,500,K,figure,Fig. 5,Visually estimated from Fig. 5
PhysRevB.79.184202.pdf,10.1103/PhysRevB.79.184202,AgSbTe2,AgSbSe_xTe_2-x (x=0.50),AgSbSe0.5Te1.5,1,No,Se,x=0.50,Te,,Se (x=0.50) @ Te site,Seebeck coefficient,180,uV K^-1,300,K,figure,Fig. 5,Visually estimated from Fig. 5
PhysRevB.79.184202.pdf,10.1103/PhysRevB.79.184202,AgSbTe2,AgSbSe_xTe_2-x (x=0.50),AgSbSe0.5Te1.5,1,No,Se,x=0.50,Te,,Se (x=0.50) @ Te site,Seebeck coefficient,200,uV K^-1,500,K,figure,Fig. 5,Visually estimated from Fig. 5
PhysRevB.79.184202.pdf,10.1103/PhysRevB.79.184202,AgSbTe2,AgSbSe_xTe_2-x (x=0.75),AgSbSe0.75Te1.25,1,No,Se,x=0.75,Te,,Se (x=0.75) @ Te site,Seebeck coefficient,150,uV K^-1,300,K,figure,Fig. 5,Visually estimated from Fig. 5
PhysRevB.79.184202.pdf,10.1103/PhysRevB.79.184202,AgSbTe2,AgSbSe_xTe_2-x (x=0.75),AgSbSe0.75Te1.25,1,No,Se,x=0.75,Te,,Se (x=0.75) @ Te site,Seebeck coefficient,180,uV K^-1,500,K,figure,Fig. 5,Visually estimated from Fig. 5
PhysRevB.79.184202.pdf,10.1103/PhysRevB.79.184202,AgSbTe2,AgSbSe_xTe_2-x (x=1.00),AgSbSeTe,1,No,Se,x=1.00,Te,,Se (x=1.00) @ Te site,Seebeck coefficient,250,uV K^-1,300,K,figure,Fig. 5,Visually estimated from Fig. 5
PhysRevB.79.184202.pdf,10.1103/PhysRevB.79.184202,AgSbTe2,AgSbSe_xTe_2-x (x=1.00),AgSbSeTe,1,No,Se,x=1.00,Te,,Se (x=1.00) @ Te site,Seebeck coefficient,300,uV K^-1,500,K,figure,Fig. 5,Visually estimated from Fig. 5
PhysRevB.79.184202.pdf,10.1103/PhysRevB.79.184202,AgSbTe2,AgSbSe_xTe_2-x (x=1.25),AgSbSe1.25Te0.75,1,No,Se,x=1.25,Te,,Se (x=1.25) @ Te site,Seebeck coefficient,350,uV K^-1,300,K,figure,Fig. 5,Visually estimated from Fig. 5
PhysRevB.79.184202.pdf,10.1103/PhysRevB.79.184202,AgSbTe2,AgSbSe_xTe_2-x (x=1.25),AgSbSe1.25Te0.75,1,No,Se,x=1.25,Te,,Se (x=1.25) @ Te site,Seebeck coefficient,400,uV K^-1,500,K,figure,Fig. 5,Visually estimated from Fig. 5
PhysRevB.79.184202.pdf,10.1103/PhysRevB.79.184202,AgSbTe2,AgSbSe_xTe_2-x (x=1.50),AgSbSe1.5Te0.5,1,No,Se,x=1.50,Te,,Se (x=1.50) @ Te site,Seebeck coefficient,450,uV K^-1,300,K,figure,Fig. 5,Visually estimated from Fig. 5
PhysRevB.79.184202.pdf,10.1103/PhysRevB.79.184202,AgSbTe2,AgSbSe_xTe_2-x (x=1.50),AgSbSe1.5Te0.5,1,No,Se,x=1.50,Te,,Se (x=1.50) @ Te site,Seebeck coefficient,500,uV K^-1,500,K,figure,Fig. 5,Visually estimated from Fig. 5
PhysRevB.79.184202.pdf,10.1103/PhysRevB.79.184202,AgSbTe2,AgSbSe_xTe_2-x (x=1.75),AgSbSe1.75Te0.25,1,No,Se,x=1.75,Te,,Se (x=1.75) @ Te site,Seebeck coefficient,500,uV K^-1,300,K,figure,Fig. 5,Visually estimated from Fig. 5
PhysRevB.79.184202.pdf,10.1103/PhysRevB.79.184202,AgSbTe2,AgSbSe_xTe_2-x (x=1.75),AgSbSe1.75Te0.25,1,No,Se,x=1.75,Te,,Se (x=1.75) @ Te site,Seebeck coefficient,550,uV K^-1,500,K,figure,Fig. 5,Visually estimated from Fig. 5
PhysRevB.79.184202.pdf,10.1103/PhysRevB.79.184202,AgSbTe2,AgSbSe_xTe_2-x (x=2.00),AgSbSe2,1,No,Se,x=2.00,Te,,Se (x=2.00) @ Te site,Seebeck coefficient,250,uV K^-1,300,K,figure,Fig. 5,Visually estimated from Fig. 5
PhysRevB.79.184202.pdf,10.1103/PhysRevB.79.184202,AgSbTe2,AgSbSe_xTe_2-x (x=2.00),AgSbSe2,1,No,Se,x=2.00,Te,,Se (x=2.00) @ Te site,Seebeck coefficient,300,uV K^-1,500,K,figure,Fig. 5,Visually estimated from Fig. 5
PhysRevB.79.184202.pdf,10.1103/PhysRevB.79.184202,AgSbTe2,AgSbSe0.25Te1.75,AgSbSe0.25Te1.75,1,No,Se,0.25,Te,,Se (0.25) @ Te site,ZT,0.22,dimensionless,300,K,figure,,Visually estimated from Fig. 8
PhysRevB.79.184202.pdf,10.1103/PhysRevB.79.184202,AgSbTe2,AgSbSe0.25Te1.75,AgSbSe0.25Te1.75,1,No,Se,0.25,Te,,Se (0.25) @ Te site,ZT,0.65,dimensionless,520,K,figure,,Visually estimated from Fig. 8
PhysRevB.79.184202.pdf,10.1103/PhysRevB.79.184202,AgSbTe2,AgSbTe2,AgSbTe2,0,No,,,,,,ZT,0.12,dimensionless,300,K,figure,,Visually estimated from Fig. 8
PhysRevB.79.184202.pdf,10.1103/PhysRevB.79.184202,AgSbTe2,AgSbTe2,AgSbTe2,0,No,,,,,,ZT,0.52,dimensionless,520,K,figure,,Visually estimated from Fig. 8
PhysRevB.79.184202.pdf,10.1103/PhysRevB.79.184202,AgSbTe2,AgSbSeTe,AgSbSeTe,1,No,Se,1,Te,,Se (1) @ Te site,ZT,0.08,dimensionless,300,K,figure,,Visually estimated from Fig. 8
PhysRevB.79.184202.pdf,10.1103/PhysRevB.79.184202,AgSbTe2,AgSbSeTe,AgSbSeTe,1,No,Se,1,Te,,Se (1) @ Te site,ZT,0.42,dimensionless,520,K,figure,,Visually estimated from Fig. 8
PhysRevB.79.184202.pdf,10.1103/PhysRevB.79.184202,AgSbTe2,AgSbSe2,AgSbSe2,1,No,Se,2,Te,,Se (2) @ Te site,ZT,0.06,dimensionless,300,K,figure,,Visually estimated from Fig. 8
PhysRevB.79.184202.pdf,10.1103/PhysRevB.79.184202,AgSbTe2,AgSbSe2,AgSbSe2,1,No,Se,2,Te,,Se (2) @ Te site,ZT,0.15,dimensionless,520,K,figure,,Visually estimated from Fig. 8
PhysRevB.79.184202.pdf,10.1103/PhysRevB.79.184202,AgSbTe2,AgSbSe1.75Te0.25,AgSbSe1.75Te0.25,1,No,Se,1.75,Te,,Se (1.75) @ Te site,ZT,0.01,dimensionless,300,K,figure,,Visually estimated from Fig. 8
PhysRevB.79.184202.pdf,10.1103/PhysRevB.79.184202,AgSbTe2,AgSbSe1.75Te0.25,AgSbSe1.75Te0.25,1,No,Se,1.75,Te,,Se (1.75) @ Te site,ZT,0.05,dimensionless,520,K,figure,,Visually estimated from Fig. 8
PhysRevLett.101.155704.pdf,10.1103/PhysRevLett.101.155704,AgSbTe2,Ag0.45Sb0.44Pb0.11Te,Ag0.45Sb0.44Pb0.11Te,2,Yes,Pb,11%,Sb,Sb (11%) @ Ag,Pb (11%) @ Sb site; Sb (11%) @ Ag site,,,,,,,,
PhysRevLett.99.156403.pdf,10.1103/PhysRevLett.99.156403,AgSbTe2,AgSbTe2,AgSbTe2,0,No,,,,,,electrical conductivity,38,S/cm,170,K,body text,"Page 4, column 1",
PhysRevLett.99.156403.pdf,10.1103/PhysRevLett.99.156403,AgSbTe2,AgSbTe2,AgSbTe2,0,No,,,,,,electrical conductivity,19,S/cm,473,K,body text,"Page 4, column 1",
PhysRevLett.99.156403.pdf,10.1103/PhysRevLett.99.156403,AgSbTe2,AgSbTe2,AgSbTe2,0,No,,,,,,electrical conductivity,38,S cm^-1,170,K,figure,Fig. 3b,Visually estimated from Fig. 3b
PhysRevLett.99.156403.pdf,10.1103/PhysRevLett.99.156403,AgSbTe2,AgSbTe2,AgSbTe2,0,No,,,,,,electrical conductivity,19,S cm^-1,473,K,figure,Fig. 3b,Visually estimated from Fig. 3b
Physica Status Solidi  a - 2011 - Yusufu - Thermoelectric properties and microstructures of AgSbTe2‐added p‐type Pb0 16Ge0.pdf,10.1002/pssa.201127194,"AgSbTe2-(Pb,Ge)Te",x=75,(Ag0.5Sb0.5Te)25(Pb0.16Ge0.84Te)75,4,Yes,Ag,0.5,unclear,Sb (0.5) @ unclear; Pb (0.16) @ unclear; Ge (0.84) @ unclear,Ag (0.5) @ unclear site; Sb (0.5) @ unclear site; Pb (0.16) @ unclear site; Ge (0.84) @ unclear site,ZT,0.84,dimensionless,720,K,text,"Page 1, Introduction",
Physica Status Solidi  a - 2011 - Yusufu - Thermoelectric properties and microstructures of AgSbTe2‐added p‐type Pb0 16Ge0.pdf,10.1002/pssa.201127194,"AgSbTe2-(Pb,Ge)Te",x=80,(Ag0.5Sb0.5Te)20(Pb0.16Ge0.84Te)80,4,Yes,Ag,0.5,unclear,Sb (0.5) @ unclear; Pb (0.16) @ unclear; Ge (0.84) @ unclear,Ag (0.5) @ unclear site; Sb (0.5) @ unclear site; Pb (0.16) @ unclear site; Ge (0.84) @ unclear site,ZT,0.84,dimensionless,720,K,text,"Page 1, Introduction",
Physica Status Solidi  a - 2011 - Yusufu - Thermoelectric properties and microstructures of AgSbTe2‐added p‐type Pb0 16Ge0.pdf,10.1002/pssa.201127194,"AgSbTe2-(Pb,Ge)Te",x=85,(Ag0.5Sb0.5Te)15(Pb0.16Ge0.84Te)85,4,Yes,Ag,0.5,unclear,Sb (0.5) @ unclear; Pb (0.16) @ unclear; Ge (0.84) @ unclear,Ag (0.5) @ unclear site; Sb (0.5) @ unclear site; Pb (0.16) @ unclear site; Ge (0.84) @ unclear site,,,,,,,,
Physica Status Solidi  a - 2011 - Yusufu - Thermoelectric properties and microstructures of AgSbTe2‐added p‐type Pb0 16Ge0.pdf,10.1002/pssa.201127194,"AgSbTe2-(Pb,Ge)Te",x=90,(Ag0.5Sb0.5Te)10(Pb0.16Ge0.84Te)90,4,Yes,Ag,0.5,unclear,Sb (0.5) @ unclear; Pb (0.16) @ unclear; Ge (0.84) @ unclear,Ag (0.5) @ unclear site; Sb (0.5) @ unclear site; Pb (0.16) @ unclear site; Ge (0.84) @ unclear site,,,,,,,,
Physica Status Solidi  a - 2011 - Yusufu - Thermoelectric properties and microstructures of AgSbTe2‐added p‐type Pb0 16Ge0.pdf,10.1002/pssa.201127194,"AgSbTe2-(Pb,Ge)Te",(Ag0.5Sb0.5Te)25(Pb0.16Ge0.84Te)75,(Ag0.5Sb0.5Te)25(Pb0.16Ge0.84Te)75,2,Yes,Pb,x=75,unclear,Ge (x=75) @ unclear,Pb (x=75) @ unclear site; Ge (x=75) @ unclear site,Seebeck coefficient,50,uV/K,300,K,figure,Fig. 4b,Visually estimated from figure
Physica Status Solidi  a - 2011 - Yusufu - Thermoelectric properties and microstructures of AgSbTe2‐added p‐type Pb0 16Ge0.pdf,10.1002/pssa.201127194,"AgSbTe2-(Pb,Ge)Te",(Ag0.5Sb0.5Te)25(Pb0.16Ge0.84Te)75,(Ag0.5Sb0.5Te)25(Pb0.16Ge0.84Te)75,2,Yes,Pb,x=75,unclear,Ge (x=75) @ unclear,Pb (x=75) @ unclear site; Ge (x=75) @ unclear site,Seebeck coefficient,100,uV/K,700,K,figure,Fig. 4b,Visually estimated from figure
Physica Status Solidi  a - 2011 - Yusufu - Thermoelectric properties and microstructures of AgSbTe2‐added p‐type Pb0 16Ge0.pdf,10.1002/pssa.201127194,"AgSbTe2-(Pb,Ge)Te",(Ag0.5Sb0.5Te)25(Pb0.16Ge0.84Te)75,(Ag0.5Sb0.5Te)25(Pb0.16Ge0.84Te)75,2,Yes,Pb,x=75,unclear,Ge (x=75) @ unclear,Pb (x=75) @ unclear site; Ge (x=75) @ unclear site,electrical conductivity,1.0,mOhm cm,300,K,figure,Fig. 4a,Visually estimated from figure
Physica Status Solidi  a - 2011 - Yusufu - Thermoelectric properties and microstructures of AgSbTe2‐added p‐type Pb0 16Ge0.pdf,10.1002/pssa.201127194,"AgSbTe2-(Pb,Ge)Te",(Ag0.5Sb0.5Te)25(Pb0.16Ge0.84Te)75,(Ag0.5Sb0.5Te)25(Pb0.16Ge0.84Te)75,2,Yes,Pb,x=75,unclear,Ge (x=75) @ unclear,Pb (x=75) @ unclear site; Ge (x=75) @ unclear site,electrical conductivity,1.1,mOhm cm,700,K,figure,Fig. 4a,Visually estimated from figure
Physica Status Solidi  a - 2011 - Yusufu - Thermoelectric properties and microstructures of AgSbTe2‐added p‐type Pb0 16Ge0.pdf,10.1002/pssa.201127194,"AgSbTe2-(Pb,Ge)Te",(Ag0.5Sb0.5Te)25(Pb0.16Ge0.84Te)75,(Ag0.5Sb0.5Te)25(Pb0.16Ge0.84Te)75,2,Yes,Pb,x=75,unclear,Ge (x=75) @ unclear,Pb (x=75) @ unclear site; Ge (x=75) @ unclear site,thermal conductivity,2.0,W/mK,300,K,figure,Fig. 5a,Visually estimated from figure
Physica Status Solidi  a - 2011 - Yusufu - Thermoelectric properties and microstructures of AgSbTe2‐added p‐type Pb0 16Ge0.pdf,10.1002/pssa.201127194,"AgSbTe2-(Pb,Ge)Te",(Ag0.5Sb0.5Te)25(Pb0.16Ge0.84Te)75,(Ag0.5Sb0.5Te)25(Pb0.16Ge0.84Te)75,2,Yes,Pb,x=75,unclear,Ge (x=75) @ unclear,Pb (x=75) @ unclear site; Ge (x=75) @ unclear site,thermal conductivity,1.8,W/mK,700,K,figure,Fig. 5a,Visually estimated from figure
Physica Status Solidi  a - 2011 - Yusufu - Thermoelectric properties and microstructures of AgSbTe2‐added p‐type Pb0 16Ge0.pdf,10.1002/pssa.201127194,"AgSbTe2-(Pb,Ge)Te",(Ag0.5Sb0.5Te)25(Pb0.16Ge0.84Te)75,(Ag0.5Sb0.5Te)25(Pb0.16Ge0.84Te)75,2,Yes,Pb,x=75,unclear,Ge (x=75) @ unclear,Pb (x=75) @ unclear site; Ge (x=75) @ unclear site,ZT,0.05,dimensionless,300,K,figure,Fig. 5b,Visually estimated from figure
Physica Status Solidi  a - 2011 - Yusufu - Thermoelectric properties and microstructures of AgSbTe2‐added p‐type Pb0 16Ge0.pdf,10.1002/pssa.201127194,"AgSbTe2-(Pb,Ge)Te",(Ag0.5Sb0.5Te)25(Pb0.16Ge0.84Te)75,(Ag0.5Sb0.5Te)25(Pb0.16Ge0.84Te)75,2,Yes,Pb,x=75,unclear,Ge (x=75) @ unclear,Pb (x=75) @ unclear site; Ge (x=75) @ unclear site,ZT,0.6,dimensionless,700,K,figure,Fig. 5b,Visually estimated from figure
Physica Status Solidi  a - 2011 - Yusufu - Thermoelectric properties and microstructures of AgSbTe2‐added p‐type Pb0 16Ge0.pdf,10.1002/pssa.201127194,"AgSbTe2-(Pb,Ge)Te",(Ag0.5Sb0.5Te)20(Pb0.16Ge0.84Te)80,(Ag0.5Sb0.5Te)20(Pb0.16Ge0.84Te)80,2,Yes,Pb,x=80,unclear,Ge (x=80) @ unclear,Pb (x=80) @ unclear site; Ge (x=80) @ unclear site,Seebeck coefficient,60,uV/K,300,K,figure,Fig. 4b,Visually estimated from figure
Physica Status Solidi  a - 2011 - Yusufu - Thermoelectric properties and microstructures of AgSbTe2‐added p‐type Pb0 16Ge0.pdf,10.1002/pssa.201127194,"AgSbTe2-(Pb,Ge)Te",(Ag0.5Sb0.5Te)20(Pb0.16Ge0.84Te)80,(Ag0.5Sb0.5Te)20(Pb0.16Ge0.84Te)80,2,Yes,Pb,x=80,unclear,Ge (x=80) @ unclear,Pb (x=80) @ unclear site; Ge (x=80) @ unclear site,Seebeck coefficient,140,uV/K,700,K,figure,Fig. 4b,Visually estimated from figure
Physica Status Solidi  a - 2011 - Yusufu - Thermoelectric properties and microstructures of AgSbTe2‐added p‐type Pb0 16Ge0.pdf,10.1002/pssa.201127194,"AgSbTe2-(Pb,Ge)Te",(Ag0.5Sb0.5Te)20(Pb0.16Ge0.84Te)80,(Ag0.5Sb0.5Te)20(Pb0.16Ge0.84Te)80,2,Yes,Pb,x=80,unclear,Ge (x=80) @ unclear,Pb (x=80) @ unclear site; Ge (x=80) @ unclear site,electrical conductivity,0.9,mOhm cm,300,K,figure,Fig. 4a,Visually estimated from figure
Physica Status Solidi  a - 2011 - Yusufu - Thermoelectric properties and microstructures of AgSbTe2‐added p‐type Pb0 16Ge0.pdf,10.1002/pssa.201127194,"AgSbTe2-(Pb,Ge)Te",(Ag0.5Sb0.5Te)20(Pb0.16Ge0.84Te)80,(Ag0.5Sb0.5Te)20(Pb0.16Ge0.84Te)80,2,Yes,Pb,x=80,unclear,Ge (x=80) @ unclear,Pb (x=80) @ unclear site; Ge (x=80) @ unclear site,electrical conductivity,0.9,mOhm cm,700,K,figure,Fig. 4a,Visually estimated from figure
Physica Status Solidi  a - 2011 - Yusufu - Thermoelectric properties and microstructures of AgSbTe2‐added p‐type Pb0 16Ge0.pdf,10.1002/pssa.201127194,"AgSbTe2-(Pb,Ge)Te",(Ag0.5Sb0.5Te)20(Pb0.16Ge0.84Te)80,(Ag0.5Sb0.5Te)20(Pb0.16Ge0.84Te)80,2,Yes,Pb,x=80,unclear,Ge (x=80) @ unclear,Pb (x=80) @ unclear site; Ge (x=80) @ unclear site,thermal conductivity,2.1,W/mK,300,K,figure,Fig. 5a,Visually estimated from figure
Physica Status Solidi  a - 2011 - Yusufu - Thermoelectric properties and microstructures of AgSbTe2‐added p‐type Pb0 16Ge0.pdf,10.1002/pssa.201127194,"AgSbTe2-(Pb,Ge)Te",(Ag0.5Sb0.5Te)20(Pb0.16Ge0.84Te)80,(Ag0.5Sb0.5Te)20(Pb0.16Ge0.84Te)80,2,Yes,Pb,x=80,unclear,Ge (x=80) @ unclear,Pb (x=80) @ unclear site; Ge (x=80) @ unclear site,thermal conductivity,1.8,W/mK,700,K,figure,Fig. 5a,Visually estimated from figure
Physica Status Solidi  a - 2011 - Yusufu - Thermoelectric properties and microstructures of AgSbTe2‐added p‐type Pb0 16Ge0.pdf,10.1002/pssa.201127194,"AgSbTe2-(Pb,Ge)Te",(Ag0.5Sb0.5Te)20(Pb0.16Ge0.84Te)80,(Ag0.5Sb0.5Te)20(Pb0.16Ge0.84Te)80,2,Yes,Pb,x=80,unclear,Ge (x=80) @ unclear,Pb (x=80) @ unclear site; Ge (x=80) @ unclear site,ZT,0.08,dimensionless,300,K,figure,Fig. 5b,Visually estimated from figure
Physica Status Solidi  a - 2011 - Yusufu - Thermoelectric properties and microstructures of AgSbTe2‐added p‐type Pb0 16Ge0.pdf,10.1002/pssa.201127194,"AgSbTe2-(Pb,Ge)Te",(Ag0.5Sb0.5Te)20(Pb0.16Ge0.84Te)80,(Ag0.5Sb0.5Te)20(Pb0.16Ge0.84Te)80,2,Yes,Pb,x=80,unclear,Ge (x=80) @ unclear,Pb (x=80) @ unclear site; Ge (x=80) @ unclear site,ZT,0.84,dimensionless,720,K,text,body text,Maximum ZT value
Physica Status Solidi  a - 2011 - Yusufu - Thermoelectric properties and microstructures of AgSbTe2‐added p‐type Pb0 16Ge0.pdf,10.1002/pssa.201127194,"AgSbTe2-(Pb,Ge)Te",(Ag0.5Sb0.5Te)15(Pb0.16Ge0.84Te)85,(Ag0.5Sb0.5Te)15(Pb0.16Ge0.84Te)85,2,Yes,Pb,x=85,unclear,Ge (x=85) @ unclear,Pb (x=85) @ unclear site; Ge (x=85) @ unclear site,Seebeck coefficient,65,uV/K,300,K,figure,Fig. 4b,Visually estimated from figure
Physica Status Solidi  a - 2011 - Yusufu - Thermoelectric properties and microstructures of AgSbTe2‐added p‐type Pb0 16Ge0.pdf,10.1002/pssa.201127194,"AgSbTe2-(Pb,Ge)Te",(Ag0.5Sb0.5Te)15(Pb0.16Ge0.84Te)85,(Ag0.5Sb0.5Te)15(Pb0.16Ge0.84Te)85,2,Yes,Pb,x=85,unclear,Ge (x=85) @ unclear,Pb (x=85) @ unclear site; Ge (x=85) @ unclear site,Seebeck coefficient,120,uV/K,700,K,figure,Fig. 4b,Visually estimated from figure
Physica Status Solidi  a - 2011 - Yusufu - Thermoelectric properties and microstructures of AgSbTe2‐added p‐type Pb0 16Ge0.pdf,10.1002/pssa.201127194,"AgSbTe2-(Pb,Ge)Te",(Ag0.5Sb0.5Te)15(Pb0.16Ge0.84Te)85,(Ag0.5Sb0.5Te)15(Pb0.16Ge0.84Te)85,2,Yes,Pb,x=85,unclear,Ge (x=85) @ unclear,Pb (x=85) @ unclear site; Ge (x=85) @ unclear site,electrical conductivity,0.8,mOhm cm,300,K,figure,Fig. 4a,Visually estimated from figure
Physica Status Solidi  a - 2011 - Yusufu - Thermoelectric properties and microstructures of AgSbTe2‐added p‐type Pb0 16Ge0.pdf,10.1002/pssa.201127194,"AgSbTe2-(Pb,Ge)Te",(Ag0.5Sb0.5Te)15(Pb0.16Ge0.84Te)85,(Ag0.5Sb0.5Te)15(Pb0.16Ge0.84Te)85,2,Yes,Pb,x=85,unclear,Ge (x=85) @ unclear,Pb (x=85) @ unclear site; Ge (x=85) @ unclear site,electrical conductivity,0.9,mOhm cm,700,K,figure,Fig. 4a,Visually estimated from figure
Physica Status Solidi  a - 2011 - Yusufu - Thermoelectric properties and microstructures of AgSbTe2‐added p‐type Pb0 16Ge0.pdf,10.1002/pssa.201127194,"AgSbTe2-(Pb,Ge)Te",(Ag0.5Sb0.5Te)15(Pb0.16Ge0.84Te)85,(Ag0.5Sb0.5Te)15(Pb0.16Ge0.84Te)85,2,Yes,Pb,x=85,unclear,Ge (x=85) @ unclear,Pb (x=85) @ unclear site; Ge (x=85) @ unclear site,thermal conductivity,2.2,W/mK,300,K,figure,Fig. 5a,Visually estimated from figure
Physica Status Solidi  a - 2011 - Yusufu - Thermoelectric properties and microstructures of AgSbTe2‐added p‐type Pb0 16Ge0.pdf,10.1002/pssa.201127194,"AgSbTe2-(Pb,Ge)Te",(Ag0.5Sb0.5Te)15(Pb0.16Ge0.84Te)85,(Ag0.5Sb0.5Te)15(Pb0.16Ge0.84Te)85,2,Yes,Pb,x=85,unclear,Ge (x=85) @ unclear,Pb (x=85) @ unclear site; Ge (x=85) @ unclear site,thermal conductivity,1.9,W/mK,700,K,figure,Fig. 5a,Visually estimated from figure
Physica Status Solidi  a - 2011 - Yusufu - Thermoelectric properties and microstructures of AgSbTe2‐added p‐type Pb0 16Ge0.pdf,10.1002/pssa.201127194,"AgSbTe2-(Pb,Ge)Te",(Ag0.5Sb0.5Te)15(Pb0.16Ge0.84Te)85,(Ag0.5Sb0.5Te)15(Pb0.16Ge0.84Te)85,2,Yes,Pb,x=85,unclear,Ge (x=85) @ unclear,Pb (x=85) @ unclear site; Ge (x=85) @ unclear site,ZT,0.08,dimensionless,300,K,figure,Fig. 5b,Visually estimated from figure
Physica Status Solidi  a - 2011 - Yusufu - Thermoelectric properties and microstructures of AgSbTe2‐added p‐type Pb0 16Ge0.pdf,10.1002/pssa.201127194,"AgSbTe2-(Pb,Ge)Te",(Ag0.5Sb0.5Te)15(Pb0.16Ge0.84Te)85,(Ag0.5Sb0.5Te)15(Pb0.16Ge0.84Te)85,2,Yes,Pb,x=85,unclear,Ge (x=85) @ unclear,Pb (x=85) @ unclear site; Ge (x=85) @ unclear site,ZT,0.75,dimensionless,700,K,figure,Fig. 5b,Visually estimated from figure
Physica Status Solidi  a - 2011 - Yusufu - Thermoelectric properties and microstructures of AgSbTe2‐added p‐type Pb0 16Ge0.pdf,10.1002/pssa.201127194,"AgSbTe2-(Pb,Ge)Te",(Ag0.5Sb0.5Te)10(Pb0.16Ge0.84Te)90,(Ag0.5Sb0.5Te)10(Pb0.16Ge0.84Te)90,2,Yes,Pb,x=90,unclear,Ge (x=90) @ unclear,Pb (x=90) @ unclear site; Ge (x=90) @ unclear site,Seebeck coefficient,70,uV/K,300,K,figure,Fig. 4b,Visually estimated from figure
Physica Status Solidi  a - 2011 - Yusufu - Thermoelectric properties and microstructures of AgSbTe2‐added p‐type Pb0 16Ge0.pdf,10.1002/pssa.201127194,"AgSbTe2-(Pb,Ge)Te",(Ag0.5Sb0.5Te)10(Pb0.16Ge0.84Te)90,(Ag0.5Sb0.5Te)10(Pb0.16Ge0.84Te)90,2,Yes,Pb,x=90,unclear,Ge (x=90) @ unclear,Pb (x=90) @ unclear site; Ge (x=90) @ unclear site,Seebeck coefficient,110,uV/K,700,K,figure,Fig. 4b,Visually estimated from figure
Physica Status Solidi  a - 2011 - Yusufu - Thermoelectric properties and microstructures of AgSbTe2‐added p‐type Pb0 16Ge0.pdf,10.1002/pssa.201127194,"AgSbTe2-(Pb,Ge)Te",(Ag0.5Sb0.5Te)10(Pb0.16Ge0.84Te)90,(Ag0.5Sb0.5Te)10(Pb0.16Ge0.84Te)90,2,Yes,Pb,x=90,unclear,Ge (x=90) @ unclear,Pb (x=90) @ unclear site; Ge (x=90) @ unclear site,electrical conductivity,0.9,mOhm cm,300,K,figure,Fig. 4a,Visually estimated from figure
Physica Status Solidi  a - 2011 - Yusufu - Thermoelectric properties and microstructures of AgSbTe2‐added p‐type Pb0 16Ge0.pdf,10.1002/pssa.201127194,"AgSbTe2-(Pb,Ge)Te",(Ag0.5Sb0.5Te)10(Pb0.16Ge0.84Te)90,(Ag0.5Sb0.5Te)10(Pb0.16Ge0.84Te)90,2,Yes,Pb,x=90,unclear,Ge (x=90) @ unclear,Pb (x=90) @ unclear site; Ge (x=90) @ unclear site,electrical conductivity,0.9,mOhm cm,700,K,figure,Fig. 4a,Visually estimated from figure
Physica Status Solidi  a - 2011 - Yusufu - Thermoelectric properties and microstructures of AgSbTe2‐added p‐type Pb0 16Ge0.pdf,10.1002/pssa.201127194,"AgSbTe2-(Pb,Ge)Te",(Ag0.5Sb0.5Te)10(Pb0.16Ge0.84Te)90,(Ag0.5Sb0.5Te)10(Pb0.16Ge0.84Te)90,2,Yes,Pb,x=90,unclear,Ge (x=90) @ unclear,Pb (x=90) @ unclear site; Ge (x=90) @ unclear site,thermal conductivity,2.3,W/mK,300,K,figure,Fig. 5a,Visually estimated from figure
Physica Status Solidi  a - 2011 - Yusufu - Thermoelectric properties and microstructures of AgSbTe2‐added p‐type Pb0 16Ge0.pdf,10.1002/pssa.201127194,"AgSbTe2-(Pb,Ge)Te",(Ag0.5Sb0.5Te)10(Pb0.16Ge0.84Te)90,(Ag0.5Sb0.5Te)10(Pb0.16Ge0.84Te)90,2,Yes,Pb,x=90,unclear,Ge (x=90) @ unclear,Pb (x=90) @ unclear site; Ge (x=90) @ unclear site,thermal conductivity,2.0,W/mK,700,K,figure,Fig. 5a,Visually estimated from figure
Physica Status Solidi  a - 2011 - Yusufu - Thermoelectric properties and microstructures of AgSbTe2‐added p‐type Pb0 16Ge0.pdf,10.1002/pssa.201127194,"AgSbTe2-(Pb,Ge)Te",(Ag0.5Sb0.5Te)10(Pb0.16Ge0.84Te)90,(Ag0.5Sb0.5Te)10(Pb0.16Ge0.84Te)90,2,Yes,Pb,x=90,unclear,Ge (x=90) @ unclear,Pb (x=90) @ unclear site; Ge (x=90) @ unclear site,ZT,0.1,dimensionless,300,K,figure,Fig. 5b,Visually estimated from figure
Physica Status Solidi  a - 2011 - Yusufu - Thermoelectric properties and microstructures of AgSbTe2‐added p‐type Pb0 16Ge0.pdf,10.1002/pssa.201127194,"AgSbTe2-(Pb,Ge)Te",(Ag0.5Sb0.5Te)10(Pb0.16Ge0.84Te)90,(Ag0.5Sb0.5Te)10(Pb0.16Ge0.84Te)90,2,Yes,Pb,x=90,unclear,Ge (x=90) @ unclear,Pb (x=90) @ unclear site; Ge (x=90) @ unclear site,ZT,0.6,dimensionless,700,K,figure,Fig. 5b,Visually estimated from figure
Preparation and characterization of nanostructured (GeTe)75(AgSbTe2)x(AgSbSe2)y thermoelectric materials.pdf,10.1016/j.synthmet.2020.116606,(GeTe)75(AgSbTe2)x(AgSbSe2)y,TAGSS[000],(GeTe)75(AgSbTe2)25(AgSbSe2)0,0,No,,,,,,Seebeck coefficient,50,μVK−1,325,K,body text,,
Preparation and characterization of nanostructured (GeTe)75(AgSbTe2)x(AgSbSe2)y thermoelectric materials.pdf,10.1016/j.synthmet.2020.116606,(GeTe)75(AgSbTe2)x(AgSbSe2)y,TAGSS[000],(GeTe)75(AgSbTe2)25(AgSbSe2)0,0,No,,,,,,Seebeck coefficient,100,μVK−1,625,K,body text,,
Preparation and characterization of nanostructured (GeTe)75(AgSbTe2)x(AgSbSe2)y thermoelectric materials.pdf,10.1016/j.synthmet.2020.116606,(GeTe)75(AgSbTe2)x(AgSbSe2)y,TAGSS[000],(GeTe)75(AgSbTe2)25(AgSbSe2)0,0,No,,,,,,electrical conductivity,1.8 × 10^5,Sm−1,325,K,body text,,
Preparation and characterization of nanostructured (GeTe)75(AgSbTe2)x(AgSbSe2)y thermoelectric materials.pdf,10.1016/j.synthmet.2020.116606,(GeTe)75(AgSbTe2)x(AgSbSe2)y,TAGSS[000],(GeTe)75(AgSbTe2)25(AgSbSe2)0,0,No,,,,,,electrical conductivity,1.2 × 10^5,Sm−1,625,K,body text,,
Preparation and characterization of nanostructured (GeTe)75(AgSbTe2)x(AgSbSe2)y thermoelectric materials.pdf,10.1016/j.synthmet.2020.116606,(GeTe)75(AgSbTe2)x(AgSbSe2)y,TAGSS[000],(GeTe)75(AgSbTe2)25(AgSbSe2)0,0,No,,,,,,ZT,0.1,dimensionless,325,K,body text,,
Preparation and characterization of nanostructured (GeTe)75(AgSbTe2)x(AgSbSe2)y thermoelectric materials.pdf,10.1016/j.synthmet.2020.116606,(GeTe)75(AgSbTe2)x(AgSbSe2)y,TAGSS[000],(GeTe)75(AgSbTe2)25(AgSbSe2)0,0,No,,,,,,ZT,0.7,dimensionless,625,K,body text,,
Preparation and characterization of nanostructured (GeTe)75(AgSbTe2)x(AgSbSe2)y thermoelectric materials.pdf,10.1016/j.synthmet.2020.116606,(GeTe)75(AgSbTe2)x(AgSbSe2)y,TAGSS[026],(GeTe)75(AgSbTe2)24.74(AgSbSe2)0.26,1,No,Se,0.26,unclear,,Se (0.26) @ unclear site,,,,,,,,
Preparation and characterization of nanostructured (GeTe)75(AgSbTe2)x(AgSbSe2)y thermoelectric materials.pdf,10.1016/j.synthmet.2020.116606,(GeTe)75(AgSbTe2)x(AgSbSe2)y,TAGSS[051],(GeTe)75(AgSbTe2)24.49(AgSbSe2)0.51,1,No,Se,0.51,unclear,,Se (0.51) @ unclear site,Seebeck coefficient,100,μVK−1,325,K,body text,,
Preparation and characterization of nanostructured (GeTe)75(AgSbTe2)x(AgSbSe2)y thermoelectric materials.pdf,10.1016/j.synthmet.2020.116606,(GeTe)75(AgSbTe2)x(AgSbSe2)y,TAGSS[051],(GeTe)75(AgSbTe2)24.49(AgSbSe2)0.51,1,No,Se,0.51,unclear,,Se (0.51) @ unclear site,Seebeck coefficient,160,μVK−1,625,K,body text,,
Preparation and characterization of nanostructured (GeTe)75(AgSbTe2)x(AgSbSe2)y thermoelectric materials.pdf,10.1016/j.synthmet.2020.116606,(GeTe)75(AgSbTe2)x(AgSbSe2)y,TAGSS[125],(GeTe)75(AgSbTe2)23.75(AgSbSe2)1.25,1,No,Se,1.25,unclear,,Se (1.25) @ unclear site,Seebeck coefficient,100,μVK−1,325,K,body text,,
Preparation and characterization of nanostructured (GeTe)75(AgSbTe2)x(AgSbSe2)y thermoelectric materials.pdf,10.1016/j.synthmet.2020.116606,(GeTe)75(AgSbTe2)x(AgSbSe2)y,TAGSS[125],(GeTe)75(AgSbTe2)23.75(AgSbSe2)1.25,1,No,Se,1.25,unclear,,Se (1.25) @ unclear site,thermal conductivity,0.95,Wm−1K−1,325,K,body text,,
Preparation and characterization of nanostructured (GeTe)75(AgSbTe2)x(AgSbSe2)y thermoelectric materials.pdf,10.1016/j.synthmet.2020.116606,(GeTe)75(AgSbTe2)x(AgSbSe2)y,TAGSS[125],(GeTe)75(AgSbTe2)23.75(AgSbSe2)1.25,1,No,Se,1.25,unclear,,Se (1.25) @ unclear site,electrical conductivity,9 × 10^4,Sm−1,325,K,body text,,
Preparation and characterization of nanostructured (GeTe)75(AgSbTe2)x(AgSbSe2)y thermoelectric materials.pdf,10.1016/j.synthmet.2020.116606,(GeTe)75(AgSbTe2)x(AgSbSe2)y,TAGSS[125],(GeTe)75(AgSbTe2)23.75(AgSbSe2)1.25,1,No,Se,1.25,unclear,,Se (1.25) @ unclear site,ZT,0.25,dimensionless,325,K,body text,,
Preparation and characterization of nanostructured (GeTe)75(AgSbTe2)x(AgSbSe2)y thermoelectric materials.pdf,10.1016/j.synthmet.2020.116606,(GeTe)75(AgSbTe2)x(AgSbSe2)y,TAGSS[125],(GeTe)75(AgSbTe2)23.75(AgSbSe2)1.25,1,No,Se,1.25,unclear,,Se (1.25) @ unclear site,ZT,1.2,dimensionless,625,K,body text,,
Preparation and characterization of nanostructured (GeTe)75(AgSbTe2)x(AgSbSe2)y thermoelectric materials.pdf,10.1016/j.synthmet.2020.116606,(GeTe)75(AgSbTe2)x(AgSbSe2)y,TAGSS[625],(GeTe)75(AgSbTe2)18.75(AgSbSe2)6.25,1,No,Se,6.25,unclear,,Se (6.25) @ unclear site,,,,,,,,
Preparation and characterization of nanostructured (GeTe)75(AgSbTe2)x(AgSbSe2)y thermoelectric materials.pdf,10.1016/j.synthmet.2020.116606,(GeTe)75(AgSbTe2)x(AgSbSe2)y,TAGSS[000],(GeTe)75(AgSbTe2)25,0,No,,,,,,Seebeck coefficient,50,uVK-1,325,K,body text,,
Preparation and characterization of nanostructured (GeTe)75(AgSbTe2)x(AgSbSe2)y thermoelectric materials.pdf,10.1016/j.synthmet.2020.116606,(GeTe)75(AgSbTe2)x(AgSbSe2)y,TAGSS[000],(GeTe)75(AgSbTe2)25,0,No,,,,,,Seebeck coefficient,100,uVK-1,625,K,body text,,
Preparation and characterization of nanostructured (GeTe)75(AgSbTe2)x(AgSbSe2)y thermoelectric materials.pdf,10.1016/j.synthmet.2020.116606,(GeTe)75(AgSbTe2)x(AgSbSe2)y,TAGSS[051],(GeTe)75(AgSbTe2)25 doped with Se,1,No,Se,0.51,unclear,,Se (0.51) @ unclear site,,,,,,,,
Preparation and characterization of nanostructured (GeTe)75(AgSbTe2)x(AgSbSe2)y thermoelectric materials.pdf,10.1016/j.synthmet.2020.116606,(GeTe)75(AgSbTe2)x(AgSbSe2)y,TAGSS[125],(GeTe)75(AgSbTe2)25 doped with Se,1,No,Se,1.25,unclear,,Se (1.25) @ unclear site,,,,,,,,
Preparation and characterization of nanostructured (GeTe)75(AgSbTe2)x(AgSbSe2)y thermoelectric materials.pdf,10.1016/j.synthmet.2020.116606,(GeTe)75(AgSbTe2)x(AgSbSe2)y,TAGSS[625],(GeTe)75(AgSbTe2)25 doped with Se,1,No,Se,6.25,unclear,,Se (6.25) @ unclear site,,,,,,,,
Preparation and characterization of nanostructured (GeTe)75(AgSbTe2)x(AgSbSe2)y thermoelectric materials.pdf,10.1016/j.synthmet.2020.116606,(GeTe)75(AgSbTe2)x(AgSbSe2)y,TAGSS[000],(GeTe)75(AgSbTe2)25,1,No,Ge,75 mol%,multiple sites,,Ge (75 mol%) @ multiple sites site,Seebeck coefficient,50,uV/K,325,K,figure,,Visually estimated from Fig. 7b
Preparation and characterization of nanostructured (GeTe)75(AgSbTe2)x(AgSbSe2)y thermoelectric materials.pdf,10.1016/j.synthmet.2020.116606,(GeTe)75(AgSbTe2)x(AgSbSe2)y,TAGSS[000],(GeTe)75(AgSbTe2)25,1,No,Ge,75 mol%,multiple sites,,Ge (75 mol%) @ multiple sites site,electrical conductivity,1.8e5,Sm^-1,325,K,body text,,Explicitly stated in text
Preparation and characterization of nanostructured (GeTe)75(AgSbTe2)x(AgSbSe2)y thermoelectric materials.pdf,10.1016/j.synthmet.2020.116606,(GeTe)75(AgSbTe2)x(AgSbSe2)y,TAGSS[000],(GeTe)75(AgSbTe2)25,1,No,Ge,75 mol%,multiple sites,,Ge (75 mol%) @ multiple sites site,ZT,0.1,dimensionless,325,K,body text,,Explicitly stated in text
Preparation and characterization of nanostructured (GeTe)75(AgSbTe2)x(AgSbSe2)y thermoelectric materials.pdf,10.1016/j.synthmet.2020.116606,(GeTe)75(AgSbTe2)x(AgSbSe2)y,TAGSS[000],(GeTe)75(AgSbTe2)25,1,No,Ge,75 mol%,multiple sites,,Ge (75 mol%) @ multiple sites site,ZT,0.7,dimensionless,625,K,body text,,Explicitly stated in text
Preparation and characterization of nanostructured (GeTe)75(AgSbTe2)x(AgSbSe2)y thermoelectric materials.pdf,10.1016/j.synthmet.2020.116606,(GeTe)75(AgSbTe2)x(AgSbSe2)y,TAGSS[026],(GeTe)75(AgSbTe2)24.74(AgSbSe2)0.26,1,No,Se,0.26,Te,,Se (0.26) @ Te site,Seebeck coefficient,60,uV/K,325,K,figure,,Visually estimated from Fig. 7b
Preparation and characterization of nanostructured (GeTe)75(AgSbTe2)x(AgSbSe2)y thermoelectric materials.pdf,10.1016/j.synthmet.2020.116606,(GeTe)75(AgSbTe2)x(AgSbSe2)y,TAGSS[051],(GeTe)75(AgSbTe2)24.49(AgSbSe2)0.51,1,No,Se,0.51,Te,,Se (0.51) @ Te site,Seebeck coefficient,75,uV/K,325,K,figure,,Visually estimated from Fig. 7b
Preparation and characterization of nanostructured (GeTe)75(AgSbTe2)x(AgSbSe2)y thermoelectric materials.pdf,10.1016/j.synthmet.2020.116606,(GeTe)75(AgSbTe2)x(AgSbSe2)y,TAGSS[125],(GeTe)75(AgSbTe2)23.75(AgSbSe2)1.25,1,No,Se,1.25,Te,,Se (1.25) @ Te site,Seebeck coefficient,85,uV/K,325,K,figure,,Visually estimated from Fig. 7b
Preparation and characterization of nanostructured (GeTe)75(AgSbTe2)x(AgSbSe2)y thermoelectric materials.pdf,10.1016/j.synthmet.2020.116606,(GeTe)75(AgSbTe2)x(AgSbSe2)y,TAGSS[125],(GeTe)75(AgSbTe2)23.75(AgSbSe2)1.25,1,No,Se,1.25,Te,,Se (1.25) @ Te site,ZT,1.2,dimensionless,625,K,body text,,Explicitly stated in text
Preparation and characterization of nanostructured (GeTe)75(AgSbTe2)x(AgSbSe2)y thermoelectric materials.pdf,10.1016/j.synthmet.2020.116606,(GeTe)75(AgSbTe2)x(AgSbSe2)y,TAGSS[625],(GeTe)75(AgSbTe2)18.75(AgSbSe2)6.25,1,No,Se,6.25,Te,,Se (6.25) @ Te site,Seebeck coefficient,80,uV/K,325,K,figure,,Visually estimated from Fig. 7b
Preparation and transport properties of AgSbTe2 by high-pressure and high-temperature.pdf,10.1016/j.jallcom.2006.12.126,AgSbTe2,2.0 GPa,AgSbTe2,0,No,,,,,,power factor,10.3,μW cm−1 K−2,room temperature,,body text,"Page 1, Abstract",
Preparation and transport properties of AgSbTe2 by high-pressure and high-temperature.pdf,10.1016/j.jallcom.2006.12.126,AgSbTe2,3.5 GPa,AgSbTe2,0,No,,,,,,,,,,,,,
Preparation and transport properties of AgSbTe2 by high-pressure and high-temperature.pdf,10.1016/j.jallcom.2006.12.126,AgSbTe2,4.5 GPa,AgSbTe2,0,No,,,,,,,,,,,,,
Preparation and transport properties of AgSbTe2 by high-pressure and high-temperature.pdf,10.1016/j.jallcom.2006.12.126,AgSbTe2,5.2 GPa,AgSbTe2,0,No,,,,,,power factor,10.3,μW cm−1 K−2,room temperature,,body text,"Page 3, Section 3",
Preparation and transport properties of AgSbTe2 by high-pressure and high-temperature.pdf,10.1016/j.jallcom.2006.12.126,AgSbTe2,AgSbTe2 synthesized at 2.0 GPa,AgSbTe2,0,No,,,,,,electrical conductivity,0.2,S/cm,,,figure,,"Visually estimated from Fig. 3, electrical resistivity is ~5 mOhm cm, converted to conductivity."
Preparation and transport properties of AgSbTe2 by high-pressure and high-temperature.pdf,10.1016/j.jallcom.2006.12.126,AgSbTe2,AgSbTe2 synthesized at 2.0 GPa,AgSbTe2,0,No,,,,,,Seebeck coefficient,145,uV/K,,,figure,,Visually estimated from Fig. 4.
Preparation and transport properties of AgSbTe2 by high-pressure and high-temperature.pdf,10.1016/j.jallcom.2006.12.126,AgSbTe2,AgSbTe2 synthesized at 2.0 GPa,AgSbTe2,0,No,,,,,,power factor,4.2,uW cm-1 K-2,,,figure,,Visually estimated from Fig. 5.
Preparation and transport properties of AgSbTe2 by high-pressure and high-temperature.pdf,10.1016/j.jallcom.2006.12.126,AgSbTe2,AgSbTe2 synthesized at 3.5 GPa,AgSbTe2,0,No,,,,,,electrical conductivity,0.5,S/cm,,,figure,,"Visually estimated from Fig. 3, electrical resistivity is ~2 mOhm cm, converted to conductivity."
Preparation and transport properties of AgSbTe2 by high-pressure and high-temperature.pdf,10.1016/j.jallcom.2006.12.126,AgSbTe2,AgSbTe2 synthesized at 3.5 GPa,AgSbTe2,0,No,,,,,,Seebeck coefficient,115,uV/K,,,figure,,Visually estimated from Fig. 4.
Preparation and transport properties of AgSbTe2 by high-pressure and high-temperature.pdf,10.1016/j.jallcom.2006.12.126,AgSbTe2,AgSbTe2 synthesized at 3.5 GPa,AgSbTe2,0,No,,,,,,power factor,6.5,uW cm-1 K-2,,,figure,,Visually estimated from Fig. 5.
Preparation and transport properties of AgSbTe2 by high-pressure and high-temperature.pdf,10.1016/j.jallcom.2006.12.126,AgSbTe2,AgSbTe2 synthesized at 5.2 GPa,AgSbTe2,0,No,,,,,,electrical conductivity,1.25,S/cm,,,figure,,"Visually estimated from Fig. 3, electrical resistivity is ~0.8 mOhm cm, converted to conductivity."
Preparation and transport properties of AgSbTe2 by high-pressure and high-temperature.pdf,10.1016/j.jallcom.2006.12.126,AgSbTe2,AgSbTe2 synthesized at 5.2 GPa,AgSbTe2,0,No,,,,,,Seebeck coefficient,95,uV/K,,,figure,,Visually estimated from Fig. 4.
Preparation and transport properties of AgSbTe2 by high-pressure and high-temperature.pdf,10.1016/j.jallcom.2006.12.126,AgSbTe2,AgSbTe2 synthesized at 5.2 GPa,AgSbTe2,0,No,,,,,,power factor,10.3,uW cm-1 K-2,,,figure,,Visually estimated from Fig. 5.
Rational design of entropy-driven AgSnSbTe3 with enhanced thermoelectric efficiency index for sustainable waste heat recovery.pdf,10.1039/d5se00534e,AgSnSbTe3,AgSnSbTe3 (This work),AgSnSbTe3,0,No,,,,,,electrical conductivity,871.7,S m-1,323,K,body text,,
Rational design of entropy-driven AgSnSbTe3 with enhanced thermoelectric efficiency index for sustainable waste heat recovery.pdf,10.1039/d5se00534e,AgSnSbTe3,AgSnSbTe3 (This work),AgSnSbTe3,0,No,,,,,,electrical conductivity,598.3,S m-1,673,K,body text,,
Rational design of entropy-driven AgSnSbTe3 with enhanced thermoelectric efficiency index for sustainable waste heat recovery.pdf,10.1039/d5se00534e,AgSnSbTe3,AgSnSbTe3 (This work),AgSnSbTe3,0,No,,,,,,Seebeck coefficient,96.6,mV K-1,323,K,body text,,
Rational design of entropy-driven AgSnSbTe3 with enhanced thermoelectric efficiency index for sustainable waste heat recovery.pdf,10.1039/d5se00534e,AgSnSbTe3,AgSnSbTe3 (This work),AgSnSbTe3,0,No,,,,,,Seebeck coefficient,151.4,mV K-1,673,K,body text,,
Rational design of entropy-driven AgSnSbTe3 with enhanced thermoelectric efficiency index for sustainable waste heat recovery.pdf,10.1039/d5se00534e,AgSnSbTe3,AgSnSbTe3 (This work),AgSnSbTe3,0,No,,,,,,ZT,0.8,dimensionless,673,K,body text,,
Rational design of entropy-driven AgSnSbTe3 with enhanced thermoelectric efficiency index for sustainable waste heat recovery.pdf,10.1039/d5se00534e,AgSnSbTe3,AgSnSbTe3 (This work),AgSnSbTe3,0,No,,,,,,thermal conductivity,1.14,W m-1 K-1,300,K,body text,,
Rational design of entropy-driven AgSnSbTe3 with enhanced thermoelectric efficiency index for sustainable waste heat recovery.pdf,10.1039/d5se00534e,AgSnSbTe3,AgSnSbTe3 (This work),AgSnSbTe3,0,No,,,,,,lattice thermal conductivity,0.60,W m-1 K-1,300,K,body text,,
Rational design of entropy-driven AgSnSbTe3 with enhanced thermoelectric efficiency index for sustainable waste heat recovery.pdf,10.1039/d5se00534e,AgSnSbTe3,AgSnSbTe3 (This work),AgSnSbTe3,0,No,,,,,,lattice thermal conductivity,0.48,W m-1 K-1,573,K,body text,,
Rational design of entropy-driven AgSnSbTe3 with enhanced thermoelectric efficiency index for sustainable waste heat recovery.pdf,10.1039/d5se00534e,AgSnSbTe3,AgSnSbTe3,AgSnSbTe3,0,No,,,,,,electrical conductivity,871.7,S m-1,room temperature,,body text,,
Rational design of entropy-driven AgSnSbTe3 with enhanced thermoelectric efficiency index for sustainable waste heat recovery.pdf,10.1039/d5se00534e,AgSnSbTe3,AgSnSbTe3,AgSnSbTe3,0,No,,,,,,electrical conductivity,572,S m-1,323,K,body text,,
Rational design of entropy-driven AgSnSbTe3 with enhanced thermoelectric efficiency index for sustainable waste heat recovery.pdf,10.1039/d5se00534e,AgSnSbTe3,AgSnSbTe3,AgSnSbTe3,0,No,,,,,,electrical conductivity,598.3,S m-1,673,K,body text,,
Rational design of entropy-driven AgSnSbTe3 with enhanced thermoelectric efficiency index for sustainable waste heat recovery.pdf,10.1039/d5se00534e,AgSnSbTe3,AgSnSbTe3,AgSnSbTe3,0,No,,,,,,Seebeck coefficient,96.6,uV K-1,323,K,body text,,
Rational design of entropy-driven AgSnSbTe3 with enhanced thermoelectric efficiency index for sustainable waste heat recovery.pdf,10.1039/d5se00534e,AgSnSbTe3,AgSnSbTe3,AgSnSbTe3,0,No,,,,,,Seebeck coefficient,155.3,uV K-1,593.5,K,body text,,
Rational design of entropy-driven AgSnSbTe3 with enhanced thermoelectric efficiency index for sustainable waste heat recovery.pdf,10.1039/d5se00534e,AgSnSbTe3,AgSnSbTe3,AgSnSbTe3,0,No,,,,,,Seebeck coefficient,151.4,uV K-1,673,K,body text,,
Rational design of entropy-driven AgSnSbTe3 with enhanced thermoelectric efficiency index for sustainable waste heat recovery.pdf,10.1039/d5se00534e,AgSnSbTe3,AgSnSbTe3 (This work),AgSnSbTe3,0,No,,,,,,electrical conductivity,850,S cm-1,300,K,figure,,Visually estimated from Fig. 3a
Rational design of entropy-driven AgSnSbTe3 with enhanced thermoelectric efficiency index for sustainable waste heat recovery.pdf,10.1039/d5se00534e,AgSnSbTe3,AgSnSbTe3 (This work),AgSnSbTe3,0,No,,,,,,electrical conductivity,580,S cm-1,600,K,figure,,Visually estimated from Fig. 3a
Rational design of entropy-driven AgSnSbTe3 with enhanced thermoelectric efficiency index for sustainable waste heat recovery.pdf,10.1039/d5se00534e,AgSnSbTe3,AgSnSbTe3 (This work),AgSnSbTe3,0,No,,,,,,Seebeck coefficient,98,µV K-1,300,K,figure,,Visually estimated from Fig. 3b
Rational design of entropy-driven AgSnSbTe3 with enhanced thermoelectric efficiency index for sustainable waste heat recovery.pdf,10.1039/d5se00534e,AgSnSbTe3,AgSnSbTe3 (This work),AgSnSbTe3,0,No,,,,,,Seebeck coefficient,150,µV K-1,600,K,figure,,Visually estimated from Fig. 3b
Rational design of entropy-driven AgSnSbTe3 with enhanced thermoelectric efficiency index for sustainable waste heat recovery.pdf,10.1039/d5se00534e,AgSnSbTe3,AgSnSbTe3 (This work),AgSnSbTe3,0,No,,,,,,power factor,8.2,µW cm-1 K-2,300,K,figure,,Visually estimated from Fig. 3c
Rational design of entropy-driven AgSnSbTe3 with enhanced thermoelectric efficiency index for sustainable waste heat recovery.pdf,10.1039/d5se00534e,AgSnSbTe3,AgSnSbTe3 (This work),AgSnSbTe3,0,No,,,,,,power factor,13.8,µW cm-1 K-2,600,K,figure,,Visually estimated from Fig. 3c
Rational design of entropy-driven AgSnSbTe3 with enhanced thermoelectric efficiency index for sustainable waste heat recovery.pdf,10.1039/d5se00534e,AgSnSbTe3,AgSnSbTe3 (This work),AgSnSbTe3,0,No,,,,,,thermal conductivity,1.14,W m-1 K-1,300,K,figure,,Visually estimated from Fig. 5a
Rational design of entropy-driven AgSnSbTe3 with enhanced thermoelectric efficiency index for sustainable waste heat recovery.pdf,10.1039/d5se00534e,AgSnSbTe3,AgSnSbTe3 (This work),AgSnSbTe3,0,No,,,,,,thermal conductivity,1.05,W m-1 K-1,600,K,figure,,Visually estimated from Fig. 5a
Rational design of entropy-driven AgSnSbTe3 with enhanced thermoelectric efficiency index for sustainable waste heat recovery.pdf,10.1039/d5se00534e,AgSnSbTe3,AgSnSbTe3 (This work),AgSnSbTe3,0,No,,,,,,lattice thermal conductivity,0.48,W m-1 K-1,300,K,figure,,Visually estimated from Fig. 5b
Rational design of entropy-driven AgSnSbTe3 with enhanced thermoelectric efficiency index for sustainable waste heat recovery.pdf,10.1039/d5se00534e,AgSnSbTe3,AgSnSbTe3 (This work),AgSnSbTe3,0,No,,,,,,lattice thermal conductivity,0.42,W m-1 K-1,600,K,figure,,Visually estimated from Fig. 5b
Rational design of entropy-driven AgSnSbTe3 with enhanced thermoelectric efficiency index for sustainable waste heat recovery.pdf,10.1039/d5se00534e,AgSnSbTe3,AgSnSbTe3 (This work),AgSnSbTe3,0,No,,,,,,ZT,0.05,dimensionless,300,K,figure,Fig. 9a,Visually estimated from Fig. 9a
Rational design of entropy-driven AgSnSbTe3 with enhanced thermoelectric efficiency index for sustainable waste heat recovery.pdf,10.1039/d5se00534e,AgSnSbTe3,AgSnSbTe3 (This work),AgSnSbTe3,0,No,,,,,,ZT,0.2,dimensionless,400,K,figure,Fig. 9a,Visually estimated from Fig. 9a
Rational design of entropy-driven AgSnSbTe3 with enhanced thermoelectric efficiency index for sustainable waste heat recovery.pdf,10.1039/d5se00534e,AgSnSbTe3,AgSnSbTe3 (This work),AgSnSbTe3,0,No,,,,,,ZT,0.35,dimensionless,500,K,figure,Fig. 9a,Visually estimated from Fig. 9a
Rational design of entropy-driven AgSnSbTe3 with enhanced thermoelectric efficiency index for sustainable waste heat recovery.pdf,10.1039/d5se00534e,AgSnSbTe3,AgSnSbTe3 (This work),AgSnSbTe3,0,No,,,,,,ZT,0.55,dimensionless,600,K,figure,Fig. 9a,Visually estimated from Fig. 9a
Rational design of entropy-driven AgSnSbTe3 with enhanced thermoelectric efficiency index for sustainable waste heat recovery.pdf,10.1039/d5se00534e,AgSnSbTe3,AgSnSbTe3 (This work),AgSnSbTe3,0,No,,,,,,ZT,0.8,dimensionless,673,K,figure,Fig. 9a,Visually estimated from Fig. 9a
Reduced cation disorder and rational design of Ag2Te formation via stepwise optimization strategy to achieve high thermoelectric performance in AgSbTe2.pdf,10.1016/j.jmst.2025.08.053,AgSbTe2,AgSbTe2,AgSbTe2,0,No,,,,,,lattice thermal conductivity,0.41,W m-1 K-1,300,K,body text,,
Reduced cation disorder and rational design of Ag2Te formation via stepwise optimization strategy to achieve high thermoelectric performance in AgSbTe2.pdf,10.1016/j.jmst.2025.08.053,AgSbTe2,AgSbTe2,AgSbTe2,0,No,,,,,,electrical conductivity,1.4e4,S m-1,300,K,body text,,
Reduced cation disorder and rational design of Ag2Te formation via stepwise optimization strategy to achieve high thermoelectric performance in AgSbTe2.pdf,10.1016/j.jmst.2025.08.053,AgSbTe2,AgSbTe2,AgSbTe2,0,No,,,,,,Seebeck coefficient,244.7,uV K-1,300,K,body text,,
Reduced cation disorder and rational design of Ag2Te formation via stepwise optimization strategy to achieve high thermoelectric performance in AgSbTe2.pdf,10.1016/j.jmst.2025.08.053,AgSbTe2,AgSbTe2,AgSbTe2,0,No,,,,,,ZT,0.55,dimensionless,300,K,body text,,
Reduced cation disorder and rational design of Ag2Te formation via stepwise optimization strategy to achieve high thermoelectric performance in AgSbTe2.pdf,10.1016/j.jmst.2025.08.053,AgSbTe2,Ag0.97SbTe2,Ag0.97SbTe2,1,No,Ag vacancy,0.03,Ag,,Ag vacancy (0.03) @ Ag site,lattice thermal conductivity,0.36,W m-1 K-1,300,K,body text,,
Reduced cation disorder and rational design of Ag2Te formation via stepwise optimization strategy to achieve high thermoelectric performance in AgSbTe2.pdf,10.1016/j.jmst.2025.08.053,AgSbTe2,Ag0.97SbTe2,Ag0.97SbTe2,1,No,Ag vacancy,0.03,Ag,,Ag vacancy (0.03) @ Ag site,electrical conductivity,2.2e4,S m-1,300,K,body text,,
Reduced cation disorder and rational design of Ag2Te formation via stepwise optimization strategy to achieve high thermoelectric performance in AgSbTe2.pdf,10.1016/j.jmst.2025.08.053,AgSbTe2,Ag0.97SbTe2,Ag0.97SbTe2,1,No,Ag vacancy,0.03,Ag,,Ag vacancy (0.03) @ Ag site,Seebeck coefficient,229.6,uV K-1,300,K,body text,,
Reduced cation disorder and rational design of Ag2Te formation via stepwise optimization strategy to achieve high thermoelectric performance in AgSbTe2.pdf,10.1016/j.jmst.2025.08.053,AgSbTe2,Ag0.97SbTe2,Ag0.97SbTe2,1,No,Ag vacancy,0.03,Ag,,Ag vacancy (0.03) @ Ag site,ZT,0.73,dimensionless,300,K,body text,,
Reduced cation disorder and rational design of Ag2Te formation via stepwise optimization strategy to achieve high thermoelectric performance in AgSbTe2.pdf,10.1016/j.jmst.2025.08.053,AgSbTe2,(Ag0.97SbTe2)0.994(Sb2Te3)0.006,(Ag0.97SbTe2)0.994(Sb2Te3)0.006,2,Yes,Ag vacancy,0.03,Ag,Sb2Te3 (0.006) @ unclear,Ag vacancy (0.03) @ Ag site; Sb2Te3 (0.006) @ unclear site,lattice thermal conductivity,0.19,W m-1 K-1,514,K,body text,,
Reduced cation disorder and rational design of Ag2Te formation via stepwise optimization strategy to achieve high thermoelectric performance in AgSbTe2.pdf,10.1016/j.jmst.2025.08.053,AgSbTe2,(Ag0.97SbTe2)0.994(Sb2Te3)0.006,(Ag0.97SbTe2)0.994(Sb2Te3)0.006,2,Yes,Ag vacancy,0.03,Ag,Sb2Te3 (0.006) @ unclear,Ag vacancy (0.03) @ Ag site; Sb2Te3 (0.006) @ unclear site,electrical conductivity,2.4e4,S m-1,300,K,body text,,
Reduced cation disorder and rational design of Ag2Te formation via stepwise optimization strategy to achieve high thermoelectric performance in AgSbTe2.pdf,10.1016/j.jmst.2025.08.053,AgSbTe2,(Ag0.97SbTe2)0.994(Sb2Te3)0.006,(Ag0.97SbTe2)0.994(Sb2Te3)0.006,2,Yes,Ag vacancy,0.03,Ag,Sb2Te3 (0.006) @ unclear,Ag vacancy (0.03) @ Ag site; Sb2Te3 (0.006) @ unclear site,Seebeck coefficient,243.5,uV K-1,514,K,body text,,
Reduced cation disorder and rational design of Ag2Te formation via stepwise optimization strategy to achieve high thermoelectric performance in AgSbTe2.pdf,10.1016/j.jmst.2025.08.053,AgSbTe2,(Ag0.97SbTe2)0.994(Sb2Te3)0.006,(Ag0.97SbTe2)0.994(Sb2Te3)0.006,2,Yes,Ag vacancy,0.03,Ag,Sb2Te3 (0.006) @ unclear,Ag vacancy (0.03) @ Ag site; Sb2Te3 (0.006) @ unclear site,power factor,18.2,uW cm-1 K-2,514,K,body text,,
Reduced cation disorder and rational design of Ag2Te formation via stepwise optimization strategy to achieve high thermoelectric performance in AgSbTe2.pdf,10.1016/j.jmst.2025.08.053,AgSbTe2,(Ag0.97SbTe2)0.994(Sb2Te3)0.006,(Ag0.97SbTe2)0.994(Sb2Te3)0.006,2,Yes,Ag vacancy,0.03,Ag,Sb2Te3 (0.006) @ unclear,Ag vacancy (0.03) @ Ag site; Sb2Te3 (0.006) @ unclear site,ZT,2.1,dimensionless,514,K,body text,,
Reduced cation disorder and rational design of Ag2Te formation via stepwise optimization strategy to achieve high thermoelectric performance in AgSbTe2.pdf,10.1016/j.jmst.2025.08.053,AgSbTe2,(Ag0.97SbTe2)0.994(Sb2Te3)0.006,(Ag0.97SbTe2)0.994(Sb2Te3)0.006,2,Yes,Ag vacancy,0.03,Ag,Sb2Te3 (0.006) @ unclear,Ag vacancy (0.03) @ Ag site; Sb2Te3 (0.006) @ unclear site,lattice thermal conductivity,0.19,W m-1 K-1,514,K,figure,Fig. 4a,Visually estimated from Fig. 4a
Reduced cation disorder and rational design of Ag2Te formation via stepwise optimization strategy to achieve high thermoelectric performance in AgSbTe2.pdf,10.1016/j.jmst.2025.08.053,AgSbTe2,(Ag0.97SbTe2)0.994(Sb2Te3)0.006,(Ag0.97SbTe2)0.994(Sb2Te3)0.006,2,Yes,Ag vacancy,0.03,Ag,Sb2Te3 (0.006) @ unclear,Ag vacancy (0.03) @ Ag site; Sb2Te3 (0.006) @ unclear site,electrical conductivity,2.4,10^4 S m-1,300,K,figure,Fig. 5b,Visually estimated from Fig. 5b
Reduced cation disorder and rational design of Ag2Te formation via stepwise optimization strategy to achieve high thermoelectric performance in AgSbTe2.pdf,10.1016/j.jmst.2025.08.053,AgSbTe2,(Ag0.97SbTe2)0.994(Sb2Te3)0.006,(Ag0.97SbTe2)0.994(Sb2Te3)0.006,2,Yes,Ag vacancy,0.03,Ag,Sb2Te3 (0.006) @ unclear,Ag vacancy (0.03) @ Ag site; Sb2Te3 (0.006) @ unclear site,Seebeck coefficient,243.5,µV K-1,300,K,figure,Fig. 5c,Visually estimated from Fig. 5c
Reduced cation disorder and rational design of Ag2Te formation via stepwise optimization strategy to achieve high thermoelectric performance in AgSbTe2.pdf,10.1016/j.jmst.2025.08.053,AgSbTe2,(Ag0.97SbTe2)0.994(Sb2Te3)0.006,(Ag0.97SbTe2)0.994(Sb2Te3)0.006,2,Yes,Ag vacancy,0.03,Ag,Sb2Te3 (0.006) @ unclear,Ag vacancy (0.03) @ Ag site; Sb2Te3 (0.006) @ unclear site,power factor,18.2,µW cm-1 K-2,514,K,figure,Fig. 5f,Visually estimated from Fig. 5f
Reduced cation disorder and rational design of Ag2Te formation via stepwise optimization strategy to achieve high thermoelectric performance in AgSbTe2.pdf,10.1016/j.jmst.2025.08.053,AgSbTe2,(Ag0.97SbTe2)0.994(Sb2Te3)0.006,(Ag0.97SbTe2)0.994(Sb2Te3)0.006,2,Yes,Ag vacancy,0.03,Ag,Sb2Te3 (0.006) @ unclear,Ag vacancy (0.03) @ Ag site; Sb2Te3 (0.006) @ unclear site,ZT,2.1,dimensionless,514,K,figure,Fig. 1d,Visually estimated from Fig. 1d
Reduced cation disorder and rational design of Ag2Te formation via stepwise optimization strategy to achieve high thermoelectric performance in AgSbTe2.pdf,10.1016/j.jmst.2025.08.053,AgSbTe2,"AgSbTe2 (x=0, y=0)",AgSbTe2,0,No,,,,,,ZT,0.55,dimensionless,300,K,text,body text,Value at room temperature
Reduced cation disorder and rational design of Ag2Te formation via stepwise optimization strategy to achieve high thermoelectric performance in AgSbTe2.pdf,10.1016/j.jmst.2025.08.053,AgSbTe2,(Ag0.97SbTe2)0.994(Sb2Te3)0.006,(Ag0.97SbTe2)0.994(Sb2Te3)0.006,2,Yes,Ag,0.03,Ag,Sb2Te3 (0.006) @ unclear,Ag (0.03) @ Ag site; Sb2Te3 (0.006) @ unclear site,ZT,0.73,dimensionless,300,K,text,body text,Value at room temperature
Reduced cation disorder and rational design of Ag2Te formation via stepwise optimization strategy to achieve high thermoelectric performance in AgSbTe2.pdf,10.1016/j.jmst.2025.08.053,AgSbTe2,(Ag0.97SbTe2)0.994(Sb2Te3)0.006,(Ag0.97SbTe2)0.994(Sb2Te3)0.006,2,Yes,Ag,0.03,Ag,Sb2Te3 (0.006) @ unclear,Ag (0.03) @ Ag site; Sb2Te3 (0.006) @ unclear site,ZT,2.1,dimensionless,514,K,text,body text,Value at 514 K
Reinvestigation of the influence of Se impurity on the structural and thermoelectric properties of AgSbTe2.pdf,10.1063/1.4731525,AgSbTe2,AgSbTe2,AgSbTe2,1,No,Se,x=0.0,Te,,Se (x=0.0) @ Te site,thermal conductivity,0.39-0.55,Wm-1K-1,,,body text,"Page 4, Figure 5(a) description",
Reinvestigation of the influence of Se impurity on the structural and thermoelectric properties of AgSbTe2.pdf,10.1063/1.4731525,AgSbTe2,AgSbTe1.99Se0.01,AgSbTe1.99Se0.01,1,No,Se,x=0.01,Te,,Se (x=0.01) @ Te site,,,,,,,,
Reinvestigation of the influence of Se impurity on the structural and thermoelectric properties of AgSbTe2.pdf,10.1063/1.4731525,AgSbTe2,AgSbTe1.98Se0.02,AgSbTe1.98Se0.02,1,No,Se,x=0.02,Te,,Se (x=0.02) @ Te site,ZT,1.48,dimensionless,520,K,body text,Page 4,
Reinvestigation of the influence of Se impurity on the structural and thermoelectric properties of AgSbTe2.pdf,10.1063/1.4731525,AgSbTe2,AgSbTe1.96Se0.04,AgSbTe1.96Se0.04,1,No,Se,x=0.04,Te,,Se (x=0.04) @ Te site,,,,,,,,
Reinvestigation of the influence of Se impurity on the structural and thermoelectric properties of AgSbTe2.pdf,10.1063/1.4731525,AgSbTe2,AgSbTe1.9Se0.1,AgSbTe1.9Se0.1,1,No,Se,x=0.1,Te,,Se (x=0.1) @ Te site,,,,,,,,
Reinvestigation of the influence of Se impurity on the structural and thermoelectric properties of AgSbTe2.pdf,10.1063/1.4731525,AgSbTe2,AgSbTe2,AgSbTe2,0,No,,,,,,electrical conductivity,0.6,10^4 Sm^-1,300,K,figure,Fig. 4a,Visually estimated from Fig. 4a
Reinvestigation of the influence of Se impurity on the structural and thermoelectric properties of AgSbTe2.pdf,10.1063/1.4731525,AgSbTe2,AgSbTe2,AgSbTe2,0,No,,,,,,Seebeck coefficient,240,uVK^-1,300,K,figure,Fig. 4b,Visually estimated from Fig. 4b
Reinvestigation of the influence of Se impurity on the structural and thermoelectric properties of AgSbTe2.pdf,10.1063/1.4731525,AgSbTe2,AgSbTe2,AgSbTe2,0,No,,,,,,thermal conductivity,0.45,Wm^-1K^-1,300,K,figure,Fig. 5a,Visually estimated from Fig. 5a
Reinvestigation of the influence of Se impurity on the structural and thermoelectric properties of AgSbTe2.pdf,10.1063/1.4731525,AgSbTe2,AgSbTe2,AgSbTe2,0,No,,,,,,ZT,0.4,dimensionless,300,K,figure,Fig. 5b,Visually estimated from Fig. 5b
Reinvestigation of the influence of Se impurity on the structural and thermoelectric properties of AgSbTe2.pdf,10.1063/1.4731525,AgSbTe2,AgSbTe1.98Se0.02,AgSbTe1.98Se0.02,1,No,Se,x=0.02,Te,,Se (x=0.02) @ Te site,ZT,1.48,dimensionless,520,K,text,body text,Best properties observed in sample with composition AgSbTe2-xSex x=0.02
Small - 2024 - Chen - Cation Modulation in AgSbTe2 Realizes Carrier Optimization  Defect Engineering  and a 7  Single‐Leg.pdf,10.1002/smll.202401723,AgSbTe2,Ag0.96Sb1.04Te2,Ag0.96Sb1.04Te2,0,No,,,,,,electrical conductivity,71.0,S cm-1,303,K,Table 1,,
Small - 2024 - Chen - Cation Modulation in AgSbTe2 Realizes Carrier Optimization  Defect Engineering  and a 7  Single‐Leg.pdf,10.1002/smll.202401723,AgSbTe2,Ag0.96Sb1.04Te2,Ag0.96Sb1.04Te2,0,No,,,,,,Seebeck coefficient,238.2,μV K-1,303,K,Table 1,,
Small - 2024 - Chen - Cation Modulation in AgSbTe2 Realizes Carrier Optimization  Defect Engineering  and a 7  Single‐Leg.pdf,10.1002/smll.202401723,AgSbTe2,Ag0.96Sb1.04Te2,Ag0.96Sb1.04Te2,0,No,,,,,,thermal conductivity,0.58,Wm-1 K-1,303,K,Table 1,,
Small - 2024 - Chen - Cation Modulation in AgSbTe2 Realizes Carrier Optimization  Defect Engineering  and a 7  Single‐Leg.pdf,10.1002/smll.202401723,AgSbTe2,Ag0.96Sb1.04Te2,Ag0.96Sb1.04Te2,0,No,,,,,,ZT,0.35,dimensionless,303-623,K,Table 1,,zTave
Small - 2024 - Chen - Cation Modulation in AgSbTe2 Realizes Carrier Optimization  Defect Engineering  and a 7  Single‐Leg.pdf,10.1002/smll.202401723,AgSbTe2,Ag1.00Sb1.00Te2,Ag1.00Sb1.00Te2,0,No,,,,,,electrical conductivity,219.2,S cm-1,303,K,Table 1,,
Small - 2024 - Chen - Cation Modulation in AgSbTe2 Realizes Carrier Optimization  Defect Engineering  and a 7  Single‐Leg.pdf,10.1002/smll.202401723,AgSbTe2,Ag1.00Sb1.00Te2,Ag1.00Sb1.00Te2,0,No,,,,,,Seebeck coefficient,210.3,μV K-1,303,K,Table 1,,
Small - 2024 - Chen - Cation Modulation in AgSbTe2 Realizes Carrier Optimization  Defect Engineering  and a 7  Single‐Leg.pdf,10.1002/smll.202401723,AgSbTe2,Ag1.00Sb1.00Te2,Ag1.00Sb1.00Te2,0,No,,,,,,thermal conductivity,0.65,Wm-1 K-1,303,K,Table 1,,
Small - 2024 - Chen - Cation Modulation in AgSbTe2 Realizes Carrier Optimization  Defect Engineering  and a 7  Single‐Leg.pdf,10.1002/smll.202401723,AgSbTe2,Ag1.00Sb1.00Te2,Ag1.00Sb1.00Te2,0,No,,,,,,ZT,0.94,dimensionless,303-623,K,Table 1,,zTave
Small - 2024 - Chen - Cation Modulation in AgSbTe2 Realizes Carrier Optimization  Defect Engineering  and a 7  Single‐Leg.pdf,10.1002/smll.202401723,AgSbTe2,Ag1.04Sb0.96Te2,Ag1.04Sb0.96Te2,0,No,,,,,,electrical conductivity,245.4,S cm-1,303,K,Table 1,,
Small - 2024 - Chen - Cation Modulation in AgSbTe2 Realizes Carrier Optimization  Defect Engineering  and a 7  Single‐Leg.pdf,10.1002/smll.202401723,AgSbTe2,Ag1.04Sb0.96Te2,Ag1.04Sb0.96Te2,0,No,,,,,,Seebeck coefficient,193.1,μV K-1,303,K,Table 1,,
Small - 2024 - Chen - Cation Modulation in AgSbTe2 Realizes Carrier Optimization  Defect Engineering  and a 7  Single‐Leg.pdf,10.1002/smll.202401723,AgSbTe2,Ag1.04Sb0.96Te2,Ag1.04Sb0.96Te2,0,No,,,,,,thermal conductivity,0.68,Wm-1 K-1,303,K,Table 1,,
Small - 2024 - Chen - Cation Modulation in AgSbTe2 Realizes Carrier Optimization  Defect Engineering  and a 7  Single‐Leg.pdf,10.1002/smll.202401723,AgSbTe2,Ag1.04Sb0.96Te2,Ag1.04Sb0.96Te2,0,No,,,,,,ZT,1.00,dimensionless,303-623,K,Table 1,,zTave
Small - 2024 - Chen - Cation Modulation in AgSbTe2 Realizes Carrier Optimization  Defect Engineering  and a 7  Single‐Leg.pdf,10.1002/smll.202401723,AgSbTe2,Ag1.04Sb0.96Te2,Ag1.04Sb0.96Te2,0,No,,,,,,ZT,1.5,dimensionless,583,K,body text,,
Small - 2024 - Chen - Cation Modulation in AgSbTe2 Realizes Carrier Optimization  Defect Engineering  and a 7  Single‐Leg.pdf,10.1002/smll.202401723,AgSbTe2,Ag1.02Ge0.02Sb0.96Te2,Ag1.02Ge0.02Sb0.96Te2,1,No,Ge,0.02,Ag,,Ge (0.02) @ Ag site,electrical conductivity,270.7,S cm-1,303,K,Table 1,,
Small - 2024 - Chen - Cation Modulation in AgSbTe2 Realizes Carrier Optimization  Defect Engineering  and a 7  Single‐Leg.pdf,10.1002/smll.202401723,AgSbTe2,Ag1.02Ge0.02Sb0.96Te2,Ag1.02Ge0.02Sb0.96Te2,1,No,Ge,0.02,Ag,,Ge (0.02) @ Ag site,Seebeck coefficient,179.9,μV K-1,303,K,Table 1,,
Small - 2024 - Chen - Cation Modulation in AgSbTe2 Realizes Carrier Optimization  Defect Engineering  and a 7  Single‐Leg.pdf,10.1002/smll.202401723,AgSbTe2,Ag1.02Ge0.02Sb0.96Te2,Ag1.02Ge0.02Sb0.96Te2,1,No,Ge,0.02,Ag,,Ge (0.02) @ Ag site,thermal conductivity,0.62,Wm-1 K-1,303,K,Table 1,,
Small - 2024 - Chen - Cation Modulation in AgSbTe2 Realizes Carrier Optimization  Defect Engineering  and a 7  Single‐Leg.pdf,10.1002/smll.202401723,AgSbTe2,Ag1.02Ge0.02Sb0.96Te2,Ag1.02Ge0.02Sb0.96Te2,1,No,Ge,0.02,Ag,,Ge (0.02) @ Ag site,ZT,1.15,dimensionless,303-623,K,Table 1,,zTave
Small - 2024 - Chen - Cation Modulation in AgSbTe2 Realizes Carrier Optimization  Defect Engineering  and a 7  Single‐Leg.pdf,10.1002/smll.202401723,AgSbTe2,Ag1.02Ge0.02Sb0.96Te2,Ag1.02Ge0.02Sb0.96Te2,1,No,Ge,0.02,Ag,,Ge (0.02) @ Ag site,ZT,1.77,dimensionless,623,K,body text,,
Small - 2024 - Chen - Cation Modulation in AgSbTe2 Realizes Carrier Optimization  Defect Engineering  and a 7  Single‐Leg.pdf,10.1002/smll.202401723,AgSbTe2,Ag0.96Sb1.04Te2,Ag0.96Sb1.04Te2,1,No,Ag,0.96,Ag,,Ag (0.96) @ Ag site,electrical conductivity,71.0,S cm-1,303,K,table,Table 1,
Small - 2024 - Chen - Cation Modulation in AgSbTe2 Realizes Carrier Optimization  Defect Engineering  and a 7  Single‐Leg.pdf,10.1002/smll.202401723,AgSbTe2,Ag0.96Sb1.04Te2,Ag0.96Sb1.04Te2,1,No,Ag,0.96,Ag,,Ag (0.96) @ Ag site,Seebeck coefficient,238.2,uV K-1,303,K,table,Table 1,
Small - 2024 - Chen - Cation Modulation in AgSbTe2 Realizes Carrier Optimization  Defect Engineering  and a 7  Single‐Leg.pdf,10.1002/smll.202401723,AgSbTe2,Ag0.96Sb1.04Te2,Ag0.96Sb1.04Te2,1,No,Ag,0.96,Ag,,Ag (0.96) @ Ag site,thermal conductivity,0.58,Wm-1 K-1,303,K,table,Table 1,
Small - 2024 - Chen - Cation Modulation in AgSbTe2 Realizes Carrier Optimization  Defect Engineering  and a 7  Single‐Leg.pdf,10.1002/smll.202401723,AgSbTe2,Ag0.96Sb1.04Te2,Ag0.96Sb1.04Te2,1,No,Ag,0.96,Ag,,Ag (0.96) @ Ag site,ZT,0.35,dimensionless,303,K,table,Table 1,
Small - 2024 - Chen - Cation Modulation in AgSbTe2 Realizes Carrier Optimization  Defect Engineering  and a 7  Single‐Leg.pdf,10.1002/smll.202401723,AgSbTe2,Ag1.00Sb1.00Te2,Ag1.00Sb1.00Te2,1,No,Ag,1.00,Ag,,Ag (1.00) @ Ag site,electrical conductivity,219.2,S cm-1,303,K,table,Table 1,
Small - 2024 - Chen - Cation Modulation in AgSbTe2 Realizes Carrier Optimization  Defect Engineering  and a 7  Single‐Leg.pdf,10.1002/smll.202401723,AgSbTe2,Ag1.00Sb1.00Te2,Ag1.00Sb1.00Te2,1,No,Ag,1.00,Ag,,Ag (1.00) @ Ag site,Seebeck coefficient,210.3,uV K-1,303,K,table,Table 1,
Small - 2024 - Chen - Cation Modulation in AgSbTe2 Realizes Carrier Optimization  Defect Engineering  and a 7  Single‐Leg.pdf,10.1002/smll.202401723,AgSbTe2,Ag1.00Sb1.00Te2,Ag1.00Sb1.00Te2,1,No,Ag,1.00,Ag,,Ag (1.00) @ Ag site,thermal conductivity,0.65,Wm-1 K-1,303,K,table,Table 1,
Small - 2024 - Chen - Cation Modulation in AgSbTe2 Realizes Carrier Optimization  Defect Engineering  and a 7  Single‐Leg.pdf,10.1002/smll.202401723,AgSbTe2,Ag1.00Sb1.00Te2,Ag1.00Sb1.00Te2,1,No,Ag,1.00,Ag,,Ag (1.00) @ Ag site,ZT,0.94,dimensionless,303,K,table,Table 1,
Small - 2024 - Chen - Cation Modulation in AgSbTe2 Realizes Carrier Optimization  Defect Engineering  and a 7  Single‐Leg.pdf,10.1002/smll.202401723,AgSbTe2,Ag1.04Sb0.96Te2,Ag1.04Sb0.96Te2,1,No,Ag,1.04,Ag,,Ag (1.04) @ Ag site,electrical conductivity,245.4,S cm-1,303,K,table,Table 1,
Small - 2024 - Chen - Cation Modulation in AgSbTe2 Realizes Carrier Optimization  Defect Engineering  and a 7  Single‐Leg.pdf,10.1002/smll.202401723,AgSbTe2,Ag1.04Sb0.96Te2,Ag1.04Sb0.96Te2,1,No,Ag,1.04,Ag,,Ag (1.04) @ Ag site,Seebeck coefficient,193.1,uV K-1,303,K,table,Table 1,
Small - 2024 - Chen - Cation Modulation in AgSbTe2 Realizes Carrier Optimization  Defect Engineering  and a 7  Single‐Leg.pdf,10.1002/smll.202401723,AgSbTe2,Ag1.04Sb0.96Te2,Ag1.04Sb0.96Te2,1,No,Ag,1.04,Ag,,Ag (1.04) @ Ag site,thermal conductivity,0.68,Wm-1 K-1,303,K,table,Table 1,
Small - 2024 - Chen - Cation Modulation in AgSbTe2 Realizes Carrier Optimization  Defect Engineering  and a 7  Single‐Leg.pdf,10.1002/smll.202401723,AgSbTe2,Ag1.04Sb0.96Te2,Ag1.04Sb0.96Te2,1,No,Ag,1.04,Ag,,Ag (1.04) @ Ag site,ZT,1.00,dimensionless,303,K,table,Table 1,
Small - 2024 - Chen - Cation Modulation in AgSbTe2 Realizes Carrier Optimization  Defect Engineering  and a 7  Single‐Leg.pdf,10.1002/smll.202401723,AgSbTe2,Ag1.02Ge0.02Sb0.96Te2,Ag1.02Ge0.02Sb0.96Te2,1,No,Ge,0.02,unclear,,Ge (0.02) @ unclear site,electrical conductivity,270.7,S cm-1,303,K,table,Table 1,
Small - 2024 - Chen - Cation Modulation in AgSbTe2 Realizes Carrier Optimization  Defect Engineering  and a 7  Single‐Leg.pdf,10.1002/smll.202401723,AgSbTe2,Ag1.02Ge0.02Sb0.96Te2,Ag1.02Ge0.02Sb0.96Te2,1,No,Ge,0.02,unclear,,Ge (0.02) @ unclear site,Seebeck coefficient,179.9,uV K-1,303,K,table,Table 1,
Small - 2024 - Chen - Cation Modulation in AgSbTe2 Realizes Carrier Optimization  Defect Engineering  and a 7  Single‐Leg.pdf,10.1002/smll.202401723,AgSbTe2,Ag1.02Ge0.02Sb0.96Te2,Ag1.02Ge0.02Sb0.96Te2,1,No,Ge,0.02,unclear,,Ge (0.02) @ unclear site,thermal conductivity,0.62,Wm-1 K-1,303,K,table,Table 1,
Small - 2024 - Chen - Cation Modulation in AgSbTe2 Realizes Carrier Optimization  Defect Engineering  and a 7  Single‐Leg.pdf,10.1002/smll.202401723,AgSbTe2,Ag1.02Ge0.02Sb0.96Te2,Ag1.02Ge0.02Sb0.96Te2,1,No,Ge,0.02,unclear,,Ge (0.02) @ unclear site,ZT,1.15,dimensionless,303,K,table,Table 1,
Small - 2024 - Chen - Cation Modulation in AgSbTe2 Realizes Carrier Optimization  Defect Engineering  and a 7  Single‐Leg.pdf,10.1002/smll.202401723,AgSbTe2,Ge0.02,AgSb1-xGexTe2 (nominal Ge0.02),1,No,Ge,0.02,Sb,,Ge (0.02) @ Sb site,ZT,1.7,dimensionless,623,K,body text,,
Small - 2024 - Chen - Cation Modulation in AgSbTe2 Realizes Carrier Optimization  Defect Engineering  and a 7  Single‐Leg.pdf,10.1002/smll.202401723,AgSbTe2,Ag1.04,Ag1.04SbTe2,1,No,Ag,1.04,interstitial,,Ag (1.04) @ interstitial site,ZT,1.5,dimensionless,583,K,body text,,
Small - 2025 - Iqbal - Realizing High Wide‐Temperature‐Range Thermoelectric Performance in Ga  I  and S co‐doped AgSbTe2.pdf,10.1002/smll.202506235,AgSbTe2,AgSb0.98Ga0.02Te1.84S0.10I0.06,AgSb0.98Ga0.02Te1.84S0.10I0.06,3,Yes,Ga,0.02,Sb,S (0.10) @ Te; I (0.06) @ Te,Ga (0.02) @ Sb site; S (0.10) @ Te site; I (0.06) @ Te site,ZT,2,dimensionless,625,K,body text,,
Small - 2025 - Iqbal - Realizing High Wide‐Temperature‐Range Thermoelectric Performance in Ga  I  and S co‐doped AgSbTe2.pdf,10.1002/smll.202506235,AgSbTe2,AgSb0.98Ga0.02Te1.84S0.10I0.06,AgSb0.98Ga0.02Te1.84S0.10I0.06,3,Yes,Ga,0.02,Sb,S (0.10) @ Te; I (0.06) @ Te,Ga (0.02) @ Sb site; S (0.10) @ Te site; I (0.06) @ Te site,ZT,0.73,dimensionless,300,K,body text,,
Small - 2025 - Iqbal - Realizing High Wide‐Temperature‐Range Thermoelectric Performance in Ga  I  and S co‐doped AgSbTe2.pdf,10.1002/smll.202506235,AgSbTe2,AgSb0.98Ga0.02Te1.84S0.10I0.06,AgSb0.98Ga0.02Te1.84S0.10I0.06,3,Yes,Ga,0.02,Sb,S (0.10) @ Te; I (0.06) @ Te,Ga (0.02) @ Sb site; S (0.10) @ Te site; I (0.06) @ Te site,lattice thermal conductivity,0.31,W m-1 K-1,575,K,body text,,
Small - 2025 - Iqbal - Realizing High Wide‐Temperature‐Range Thermoelectric Performance in Ga  I  and S co‐doped AgSbTe2.pdf,10.1002/smll.202506235,AgSbTe2,AgSb0.98Ga0.02Te1.84S0.10I0.06,AgSb0.98Ga0.02Te1.84S0.10I0.06,3,Yes,Ga,0.02,Sb,S (0.10) @ Te; I (0.06) @ Te,Ga (0.02) @ Sb site; S (0.10) @ Te site; I (0.06) @ Te site,power factor,17.9,μW cm-1 K-2,625,K,body text,,
Small - 2025 - Iqbal - Realizing High Wide‐Temperature‐Range Thermoelectric Performance in Ga  I  and S co‐doped AgSbTe2.pdf,10.1002/smll.202506235,AgSbTe2,AgSb0.97Ga0.03Te1.76S0.15I0.09,AgSb0.97Ga0.03Te1.76S0.15I0.09,3,Yes,Ga,0.03,Sb,S (0.15) @ Te; I (0.09) @ Te,Ga (0.03) @ Sb site; S (0.15) @ Te site; I (0.09) @ Te site,power factor,15.12,μW cm-1 K-2,,,body text,,Average power factor (PFave)
Small - 2025 - Iqbal - Realizing High Wide‐Temperature‐Range Thermoelectric Performance in Ga  I  and S co‐doped AgSbTe2.pdf,10.1002/smll.202506235,AgSbTe2,AgSb0.98Ga0.02Te1.94I0.06,AgSb0.98Ga0.02Te1.94I0.06,2,Yes,Ga,0.02,Sb,I (0.06) @ Te,Ga (0.02) @ Sb site; I (0.06) @ Te site,power factor,12.96,μW cm-1 K-2,300,K,body text,,
Small - 2025 - Iqbal - Realizing High Wide‐Temperature‐Range Thermoelectric Performance in Ga  I  and S co‐doped AgSbTe2.pdf,10.1002/smll.202506235,AgSbTe2,AgSb0.98Ga0.02Te1.94I0.06,AgSb0.98Ga0.02Te1.94I0.06,2,Yes,Ga,0.02,Sb,I (0.06) @ Te,Ga (0.02) @ Sb site; I (0.06) @ Te site,power factor,17.9,μW cm-1 K-2,625,K,body text,,
Small - 2025 - Iqbal - Realizing High Wide‐Temperature‐Range Thermoelectric Performance in Ga  I  and S co‐doped AgSbTe2.pdf,10.1002/smll.202506235,AgSbTe2,AgSb0.94Ti0.05Te2,AgSb0.94Ti0.05Te2,1,No,Ti,0.05,Sb,,Ti (0.05) @ Sb site,ZT,1.8,dimensionless,673,K,body text,,
Small - 2025 - Iqbal - Realizing High Wide‐Temperature‐Range Thermoelectric Performance in Ga  I  and S co‐doped AgSbTe2.pdf,10.1002/smll.202506235,AgSbTe2,AgSbTe2 (pristine),AgSbTe2,0,No,,,,,,electrical conductivity,160,Scm-1,300,K,figure,Fig. 2A,Visually estimated from Fig. 2A
Small - 2025 - Iqbal - Realizing High Wide‐Temperature‐Range Thermoelectric Performance in Ga  I  and S co‐doped AgSbTe2.pdf,10.1002/smll.202506235,AgSbTe2,AgSbTe2 (pristine),AgSbTe2,0,No,,,,,,Seebeck coefficient,258.6,uV K-1,300,K,figure,Fig. 2C,Visually estimated from Fig. 2C
Small - 2025 - Iqbal - Realizing High Wide‐Temperature‐Range Thermoelectric Performance in Ga  I  and S co‐doped AgSbTe2.pdf,10.1002/smll.202506235,AgSbTe2,AgSbTe2 (pristine),AgSbTe2,0,No,,,,,,power factor,10.92,uWcm-1K-2,300,K,figure,Fig. 2E,Visually estimated from Fig. 2E
Small - 2025 - Iqbal - Realizing High Wide‐Temperature‐Range Thermoelectric Performance in Ga  I  and S co‐doped AgSbTe2.pdf,10.1002/smll.202506235,AgSbTe2,AgSb0.97Ga0.03Te1.76S0.15I0.09,AgSb0.97Ga0.03Te1.76S0.15I0.09,3,Yes,Ga,0.03,Sb,S (0.15) @ Te; I (0.09) @ Te,Ga (0.03) @ Sb site; S (0.15) @ Te site; I (0.09) @ Te site,power factor,17.9,uW cm-1 K-2,625,K,body text,"Page 1, abstract",
Small - 2025 - Iqbal - Realizing High Wide‐Temperature‐Range Thermoelectric Performance in Ga  I  and S co‐doped AgSbTe2.pdf,10.1002/smll.202506235,AgSbTe2,AgSb0.98Ga0.02Te1.84S0.10I0.06,AgSb0.98Ga0.02Te1.84S0.10I0.06,3,Yes,Ga,0.02,Sb,S (0.10) @ Te; I (0.06) @ Te,Ga (0.02) @ Sb site; S (0.10) @ Te site; I (0.06) @ Te site,thermal conductivity,0.31,W m-1K-1,,,body text,"Page 1, abstract",Refers to lattice thermal conductivity
Small - 2025 - Iqbal - Realizing High Wide‐Temperature‐Range Thermoelectric Performance in Ga  I  and S co‐doped AgSbTe2.pdf,10.1002/smll.202506235,AgSbTe2,AgSb0.98Ga0.02Te1.84S0.10I0.06,AgSb0.98Ga0.02Te1.84S0.10I0.06,3,Yes,Ga,0.02,Sb,S (0.10) @ Te; I (0.06) @ Te,Ga (0.02) @ Sb site; S (0.10) @ Te site; I (0.06) @ Te site,power factor,17.9,uWcm-1K-2,625,K,body text,"Page 4, Results and Discussions",
Small - 2025 - Iqbal - Realizing High Wide‐Temperature‐Range Thermoelectric Performance in Ga  I  and S co‐doped AgSbTe2.pdf,10.1002/smll.202506235,AgSbTe2,"AgSb1-xGaxTe2-y-3xSyIx (x=0, y=0)",AgSbTe2,0,No,,,,,,thermal conductivity,0.75,Wm-1K-1,300,K,figure,Fig. 4A,Visually estimated from Fig. 4A
Small - 2025 - Iqbal - Realizing High Wide‐Temperature‐Range Thermoelectric Performance in Ga  I  and S co‐doped AgSbTe2.pdf,10.1002/smll.202506235,AgSbTe2,"AgSb1-xGaxTe2-y-3xSyIx (x=0, y=0)",AgSbTe2,0,No,,,,,,lattice thermal conductivity,0.65,Wm-1K-1,300,K,figure,Fig. 4C,Visually estimated from Fig. 4C
Small - 2025 - Iqbal - Realizing High Wide‐Temperature‐Range Thermoelectric Performance in Ga  I  and S co‐doped AgSbTe2.pdf,10.1002/smll.202506235,AgSbTe2,"AgSb1-xGaxTe2-y-3xSyIx (x=0, y=0)",AgSbTe2,0,No,,,,,,ZT,0.7,dimensionless,300,K,figure,Fig. 6C,Visually estimated from Fig. 6C
Small - 2025 - Iqbal - Realizing High Wide‐Temperature‐Range Thermoelectric Performance in Ga  I  and S co‐doped AgSbTe2.pdf,10.1002/smll.202506235,AgSbTe2,AgSb0.98Ga0.02Te1.84S0.10I0.06,AgSb0.98Ga0.02Te1.84S0.10I0.06,3,Yes,Ga,0.02,Sb,S (0.10) @ Te; I (0.06) @ Te,Ga (0.02) @ Sb site; S (0.10) @ Te site; I (0.06) @ Te site,thermal conductivity,0.55,Wm-1K-1,300,K,figure,Fig. 4A,Visually estimated from Fig. 4A
Small - 2025 - Iqbal - Realizing High Wide‐Temperature‐Range Thermoelectric Performance in Ga  I  and S co‐doped AgSbTe2.pdf,10.1002/smll.202506235,AgSbTe2,AgSb0.98Ga0.02Te1.84S0.10I0.06,AgSb0.98Ga0.02Te1.84S0.10I0.06,3,Yes,Ga,0.02,Sb,S (0.10) @ Te; I (0.06) @ Te,Ga (0.02) @ Sb site; S (0.10) @ Te site; I (0.06) @ Te site,lattice thermal conductivity,0.45,Wm-1K-1,300,K,figure,Fig. 4C,Visually estimated from Fig. 4C
Small - 2025 - Iqbal - Realizing High Wide‐Temperature‐Range Thermoelectric Performance in Ga  I  and S co‐doped AgSbTe2.pdf,10.1002/smll.202506235,AgSbTe2,AgSb0.98Ga0.02Te1.84S0.10I0.06,AgSb0.98Ga0.02Te1.84S0.10I0.06,3,Yes,Ga,0.02,Sb,S (0.10) @ Te; I (0.06) @ Te,Ga (0.02) @ Sb site; S (0.10) @ Te site; I (0.06) @ Te site,ZT,0.73,dimensionless,300,K,text,body text,Explicitly stated in text
Small - 2025 - Iqbal - Realizing High Wide‐Temperature‐Range Thermoelectric Performance in Ga  I  and S co‐doped AgSbTe2.pdf,10.1002/smll.202506235,AgSbTe2,AgSb0.98Ga0.02Te1.84S0.10I0.06,AgSb0.98Ga0.02Te1.84S0.10I0.06,3,Yes,Ga,0.02,Sb,S (0.10) @ Te; I (0.06) @ Te,Ga (0.02) @ Sb site; S (0.10) @ Te site; I (0.06) @ Te site,ZT,1.46,dimensionless,625,K,text,body text,Explicitly stated in text
Small - 2025 - Iqbal - Realizing High Wide‐Temperature‐Range Thermoelectric Performance in Ga  I  and S co‐doped AgSbTe2.pdf,10.1002/smll.202506235,AgSbTe2,AgSb0.98Ga0.02Te1.84I0.06,AgSb0.98Ga0.02Te1.84I0.06,2,Yes,Ga,0.02,Sb,I (0.06) @ Te,Ga (0.02) @ Sb site; I (0.06) @ Te site,ZT,2,dimensionless,625,K,body text,,Peak ZT value
Small - 2026 - Song - Decoupling Electron‐Phonon Transport in AgSbSe2 via Stepwise Cd‐Sb Substitution and Interstitial Se.pdf,10.1002/smll.202514707,AgSbSe2,AgSb0.96Cd0.04Se2.02,AgSb0.96Cd0.04Se2.02,2,Yes,Cd,0.04,Sb,Se (0.02) @ interstitial,Cd (0.04) @ Sb site; Se (0.02) @ interstitial site,electrical conductivity,90,S cm-1,323,K,body text,,
Small - 2026 - Song - Decoupling Electron‐Phonon Transport in AgSbSe2 via Stepwise Cd‐Sb Substitution and Interstitial Se.pdf,10.1002/smll.202514707,AgSbSe2,AgSb0.96Cd0.04Se2.02,AgSb0.96Cd0.04Se2.02,2,Yes,Cd,0.04,Sb,Se (0.02) @ interstitial,Cd (0.04) @ Sb site; Se (0.02) @ interstitial site,power factor,7.84,µW cm-1 K-2,673,K,body text,,
Small - 2026 - Song - Decoupling Electron‐Phonon Transport in AgSbSe2 via Stepwise Cd‐Sb Substitution and Interstitial Se.pdf,10.1002/smll.202514707,AgSbSe2,AgSb0.96Cd0.04Se2.02,AgSb0.96Cd0.04Se2.02,2,Yes,Cd,0.04,Sb,Se (0.02) @ interstitial,Cd (0.04) @ Sb site; Se (0.02) @ interstitial site,lattice thermal conductivity,0.49,W m-1 K-1,323,K,body text,,
Small - 2026 - Song - Decoupling Electron‐Phonon Transport in AgSbSe2 via Stepwise Cd‐Sb Substitution and Interstitial Se.pdf,10.1002/smll.202514707,AgSbSe2,AgSb0.96Cd0.04Se2.02,AgSb0.96Cd0.04Se2.02,2,Yes,Cd,0.04,Sb,Se (0.02) @ interstitial,Cd (0.04) @ Sb site; Se (0.02) @ interstitial site,lattice thermal conductivity,0.35,W m-1 K-1,673,K,body text,,
Small - 2026 - Song - Decoupling Electron‐Phonon Transport in AgSbSe2 via Stepwise Cd‐Sb Substitution and Interstitial Se.pdf,10.1002/smll.202514707,AgSbSe2,AgSb0.96Cd0.04Se2.02,AgSb0.96Cd0.04Se2.02,2,Yes,Cd,0.04,Sb,Se (0.02) @ interstitial,Cd (0.04) @ Sb site; Se (0.02) @ interstitial site,ZT,1.23,dimensionless,673,K,body text,,
Small - 2026 - Song - Decoupling Electron‐Phonon Transport in AgSbSe2 via Stepwise Cd‐Sb Substitution and Interstitial Se.pdf,10.1002/smll.202514707,AgSbSe2,AgSb0.96Cd0.04Se2.02,AgSb0.96Cd0.04Se2.02,2,Yes,Cd,0.04,Sb,Se (0.02) @ interstitial,Cd (0.04) @ Sb site; Se (0.02) @ interstitial site,ZT,0.73,dimensionless,323-673,K,body text,,average zT
Small - 2026 - Song - Decoupling Electron‐Phonon Transport in AgSbSe2 via Stepwise Cd‐Sb Substitution and Interstitial Se.pdf,10.1002/smll.202514707,AgSbSe2,AgSb0.96Cd0.04Se2.02,AgSb0.96Cd0.04Se2.02,2,Yes,Cd,0.04,Sb,Se (0.02) @ interstitial,Cd (0.04) @ Sb site; Se (0.02) @ interstitial site,Seebeck coefficient,240,µV K-1,323,K,body text,,
Small - 2026 - Song - Decoupling Electron‐Phonon Transport in AgSbSe2 via Stepwise Cd‐Sb Substitution and Interstitial Se.pdf,10.1002/smll.202514707,AgSbSe2,AgSb0.96Cd0.04Se2.02,AgSb0.96Cd0.04Se2.02,2,Yes,Cd,0.04,Sb,Se (0.02) @ interstitial,Cd (0.04) @ Sb site; Se (0.02) @ interstitial site,Seebeck coefficient,320,µV K-1,673,K,body text,,
Small - 2026 - Song - Decoupling Electron‐Phonon Transport in AgSbSe2 via Stepwise Cd‐Sb Substitution and Interstitial Se.pdf,10.1002/smll.202514707,AgSbSe2,AgSbSe2,AgSbSe2,0,No,,,,,,ZT,0.3,dimensionless,673,K,figure,Figure 1c,Visually estimated from Figure 1c
Small - 2026 - Song - Decoupling Electron‐Phonon Transport in AgSbSe2 via Stepwise Cd‐Sb Substitution and Interstitial Se.pdf,10.1002/smll.202514707,AgSbSe2,AgSb0.96Cd0.04Se2,AgSb0.96Cd0.04Se2,1,No,Cd,0.04,Sb,,Cd (0.04) @ Sb site,ZT,0.9,dimensionless,673,K,figure,Figure 1c,Visually estimated from Figure 1c
Small - 2026 - Song - Decoupling Electron‐Phonon Transport in AgSbSe2 via Stepwise Cd‐Sb Substitution and Interstitial Se.pdf,10.1002/smll.202514707,AgSbSe2,AgSb0.96Cd0.04Se2.02,AgSb0.96Cd0.04Se2.02,2,Yes,Cd,0.04,Sb,Se (0.02) @ interstitial,Cd (0.04) @ Sb site; Se (0.02) @ interstitial site,ZT,1.23,dimensionless,673,K,figure,Figure 1c,Visually estimated from Figure 1c
Small - 2026 - Song - Decoupling Electron‐Phonon Transport in AgSbSe2 via Stepwise Cd‐Sb Substitution and Interstitial Se.pdf,10.1002/smll.202514707,AgSbSe2,AgSb0.96Cd0.04Se2.02,AgSb0.96Cd0.04Se2.02,2,Yes,Cd,0.04,Sb,Se (2.02) @ interstitial,Cd (0.04) @ Sb site; Se (2.02) @ interstitial site,power factor,7.84,uW cm-1 K-2,673,K,body text,,
Small - 2026 - Song - Decoupling Electron‐Phonon Transport in AgSbSe2 via Stepwise Cd‐Sb Substitution and Interstitial Se.pdf,10.1002/smll.202514707,AgSbSe2,AgSb0.96Cd0.04Se2.02,AgSb0.96Cd0.04Se2.02,2,Yes,Cd,0.04,Sb,Se (2.02) @ interstitial,Cd (0.04) @ Sb site; Se (2.02) @ interstitial site,thermal conductivity,0.49,W m-1 K-1,323,K,body text,,
Small - 2026 - Song - Decoupling Electron‐Phonon Transport in AgSbSe2 via Stepwise Cd‐Sb Substitution and Interstitial Se.pdf,10.1002/smll.202514707,AgSbSe2,AgSb0.96Cd0.04Se2.02,AgSb0.96Cd0.04Se2.02,2,Yes,Cd,0.04,Sb,Se (2.02) @ interstitial,Cd (0.04) @ Sb site; Se (2.02) @ interstitial site,ZT,1.23,dimensionless,673,K,body text,,
Small - 2026 - Song - Decoupling Electron‐Phonon Transport in AgSbSe2 via Stepwise Cd‐Sb Substitution and Interstitial Se.pdf,10.1002/smll.202514707,AgSbSe2,AgSb0.96Cd0.04Se2.02,AgSb0.96Cd0.04Se2.02,2,Yes,Cd,0.04,Sb,Se (2.02) @ interstitial,Cd (0.04) @ Sb site; Se (2.02) @ interstitial site,ZT,1.23,dimensionless,673,K,figure,Fig 6c,Visually estimated from Fig 6c
"State of the art Ag50-xSbxSe50-yTey alloys Their high zT values, microstructures and related phase equilibria.pdf",10.1016/j.actamat.2015.04.011,AgSbTe2-family,25Te(S),Ag25Sb25Se25Te25,0,No,,,,,,Seebeck coefficient,180,lV/K,300,K,Table 1,,
"State of the art Ag50-xSbxSe50-yTey alloys Their high zT values, microstructures and related phase equilibria.pdf",10.1016/j.actamat.2015.04.011,AgSbTe2-family,25Te(S),Ag25Sb25Se25Te25,0,No,,,,,,electrical conductivity,15.625,S/cm,300,K,Table 1,,Calculated from resistivity 64 mOhm cm
"State of the art Ag50-xSbxSe50-yTey alloys Their high zT values, microstructures and related phase equilibria.pdf",10.1016/j.actamat.2015.04.011,AgSbTe2-family,25Te(S),Ag25Sb25Se25Te25,0,No,,,,,,thermal conductivity,0.37,W/mK,300,K,Table 1,,
"State of the art Ag50-xSbxSe50-yTey alloys Their high zT values, microstructures and related phase equilibria.pdf",10.1016/j.actamat.2015.04.011,AgSbTe2-family,25Te(S),Ag25Sb25Se25Te25,0,No,,,,,,lattice thermal conductivity,0.36,W/mK,300,K,Table 1,,
"State of the art Ag50-xSbxSe50-yTey alloys Their high zT values, microstructures and related phase equilibria.pdf",10.1016/j.actamat.2015.04.011,AgSbTe2-family,30Te(S),Ag25Sb25Se20Te30,0,No,,,,,,Seebeck coefficient,161,lV/K,300,K,Table 1,,
"State of the art Ag50-xSbxSe50-yTey alloys Their high zT values, microstructures and related phase equilibria.pdf",10.1016/j.actamat.2015.04.011,AgSbTe2-family,30Te(S),Ag25Sb25Se20Te30,0,No,,,,,,electrical conductivity,35.714,S/cm,300,K,Table 1,,Calculated from resistivity 28 mOhm cm
"State of the art Ag50-xSbxSe50-yTey alloys Their high zT values, microstructures and related phase equilibria.pdf",10.1016/j.actamat.2015.04.011,AgSbTe2-family,30Te(S),Ag25Sb25Se20Te30,0,No,,,,,,thermal conductivity,0.41,W/mK,300,K,Table 1,,
"State of the art Ag50-xSbxSe50-yTey alloys Their high zT values, microstructures and related phase equilibria.pdf",10.1016/j.actamat.2015.04.011,AgSbTe2-family,30Te(S),Ag25Sb25Se20Te30,0,No,,,,,,lattice thermal conductivity,0.39,W/mK,300,K,Table 1,,
"State of the art Ag50-xSbxSe50-yTey alloys Their high zT values, microstructures and related phase equilibria.pdf",10.1016/j.actamat.2015.04.011,AgSbTe2-family,35Te(S),Ag25Sb25Se15Te35,0,No,,,,,,Seebeck coefficient,226,lV/K,300,K,Table 1,,
"State of the art Ag50-xSbxSe50-yTey alloys Their high zT values, microstructures and related phase equilibria.pdf",10.1016/j.actamat.2015.04.011,AgSbTe2-family,35Te(S),Ag25Sb25Se15Te35,0,No,,,,,,electrical conductivity,50,S/cm,300,K,Table 1,,Calculated from resistivity 20 mOhm cm
"State of the art Ag50-xSbxSe50-yTey alloys Their high zT values, microstructures and related phase equilibria.pdf",10.1016/j.actamat.2015.04.011,AgSbTe2-family,35Te(S),Ag25Sb25Se15Te35,0,No,,,,,,thermal conductivity,0.46,W/mK,300,K,Table 1,,
"State of the art Ag50-xSbxSe50-yTey alloys Their high zT values, microstructures and related phase equilibria.pdf",10.1016/j.actamat.2015.04.011,AgSbTe2-family,35Te(S),Ag25Sb25Se15Te35,0,No,,,,,,lattice thermal conductivity,0.44,W/mK,300,K,Table 1,,
"State of the art Ag50-xSbxSe50-yTey alloys Their high zT values, microstructures and related phase equilibria.pdf",10.1016/j.actamat.2015.04.011,AgSbTe2-family,40Te(S),Ag25Sb25Se10Te40,0,No,,,,,,Seebeck coefficient,206,lV/K,300,K,Table 1,,
"State of the art Ag50-xSbxSe50-yTey alloys Their high zT values, microstructures and related phase equilibria.pdf",10.1016/j.actamat.2015.04.011,AgSbTe2-family,40Te(S),Ag25Sb25Se10Te40,0,No,,,,,,electrical conductivity,76.923,S/cm,300,K,Table 1,,Calculated from resistivity 13 mOhm cm
"State of the art Ag50-xSbxSe50-yTey alloys Their high zT values, microstructures and related phase equilibria.pdf",10.1016/j.actamat.2015.04.011,AgSbTe2-family,40Te(S),Ag25Sb25Se10Te40,0,No,,,,,,thermal conductivity,0.53,W/mK,300,K,Table 1,,
"State of the art Ag50-xSbxSe50-yTey alloys Their high zT values, microstructures and related phase equilibria.pdf",10.1016/j.actamat.2015.04.011,AgSbTe2-family,40Te(S),Ag25Sb25Se10Te40,0,No,,,,,,lattice thermal conductivity,0.48,W/mK,300,K,Table 1,,
"State of the art Ag50-xSbxSe50-yTey alloys Their high zT values, microstructures and related phase equilibria.pdf",10.1016/j.actamat.2015.04.011,AgSbTe2-family,40Te(S),Ag25Sb25Se10Te40,0,No,,,,,,ZT,1.4,dimensionless,680,K,body text,,
"State of the art Ag50-xSbxSe50-yTey alloys Their high zT values, microstructures and related phase equilibria.pdf",10.1016/j.actamat.2015.04.011,AgSbTe2-family,45Te(S),Ag25Sb25Se5Te45,0,No,,,,,,Seebeck coefficient,216,lV/K,300,K,Table 1,,
"State of the art Ag50-xSbxSe50-yTey alloys Their high zT values, microstructures and related phase equilibria.pdf",10.1016/j.actamat.2015.04.011,AgSbTe2-family,45Te(S),Ag25Sb25Se5Te45,0,No,,,,,,electrical conductivity,90.909,S/cm,300,K,Table 1,,Calculated from resistivity 11 mOhm cm
"State of the art Ag50-xSbxSe50-yTey alloys Their high zT values, microstructures and related phase equilibria.pdf",10.1016/j.actamat.2015.04.011,AgSbTe2-family,45Te(S),Ag25Sb25Se5Te45,0,No,,,,,,thermal conductivity,0.41,W/mK,300,K,Table 1,,
"State of the art Ag50-xSbxSe50-yTey alloys Their high zT values, microstructures and related phase equilibria.pdf",10.1016/j.actamat.2015.04.011,AgSbTe2-family,45Te(S),Ag25Sb25Se5Te45,0,No,,,,,,lattice thermal conductivity,0.36,W/mK,300,K,Table 1,,
"State of the art Ag50-xSbxSe50-yTey alloys Their high zT values, microstructures and related phase equilibria.pdf",10.1016/j.actamat.2015.04.011,AgSbTe2-family,45Te(S),Ag25Sb25Se5Te45,0,No,,,,,,ZT,1.4,dimensionless,680,K,body text,,
"State of the art Ag50-xSbxSe50-yTey alloys Their high zT values, microstructures and related phase equilibria.pdf",10.1016/j.actamat.2015.04.011,AgSbTe2-family,25Te,Ag20Sb30Se25Te25,0,No,,,,,,Seebeck coefficient,5,lV/K,300,K,Table 1,,
"State of the art Ag50-xSbxSe50-yTey alloys Their high zT values, microstructures and related phase equilibria.pdf",10.1016/j.actamat.2015.04.011,AgSbTe2-family,25Te,Ag20Sb30Se25Te25,0,No,,,,,,electrical conductivity,40,S/cm,300,K,Table 1,,Calculated from resistivity 25 mOhm cm
"State of the art Ag50-xSbxSe50-yTey alloys Their high zT values, microstructures and related phase equilibria.pdf",10.1016/j.actamat.2015.04.011,AgSbTe2-family,25Te,Ag20Sb30Se25Te25,0,No,,,,,,thermal conductivity,0.68,W/mK,300,K,Table 1,,
"State of the art Ag50-xSbxSe50-yTey alloys Their high zT values, microstructures and related phase equilibria.pdf",10.1016/j.actamat.2015.04.011,AgSbTe2-family,25Te,Ag20Sb30Se25Te25,0,No,,,,,,lattice thermal conductivity,0.45,W/mK,300,K,Table 1,,
"State of the art Ag50-xSbxSe50-yTey alloys Their high zT values, microstructures and related phase equilibria.pdf",10.1016/j.actamat.2015.04.011,AgSbTe2-family,30Te,Ag20Sb30Se20Te30,0,No,,,,,,Seebeck coefficient,19,lV/K,300,K,Table 1,,
"State of the art Ag50-xSbxSe50-yTey alloys Their high zT values, microstructures and related phase equilibria.pdf",10.1016/j.actamat.2015.04.011,AgSbTe2-family,30Te,Ag20Sb30Se20Te30,0,No,,,,,,electrical conductivity,58.824,S/cm,300,K,Table 1,,Calculated from resistivity 17 mOhm cm
"State of the art Ag50-xSbxSe50-yTey alloys Their high zT values, microstructures and related phase equilibria.pdf",10.1016/j.actamat.2015.04.011,AgSbTe2-family,30Te,Ag20Sb30Se20Te30,0,No,,,,,,thermal conductivity,0.50,W/mK,300,K,Table 1,,
"State of the art Ag50-xSbxSe50-yTey alloys Their high zT values, microstructures and related phase equilibria.pdf",10.1016/j.actamat.2015.04.011,AgSbTe2-family,30Te,Ag20Sb30Se20Te30,0,No,,,,,,lattice thermal conductivity,0.45,W/mK,300,K,Table 1,,
"State of the art Ag50-xSbxSe50-yTey alloys Their high zT values, microstructures and related phase equilibria.pdf",10.1016/j.actamat.2015.04.011,AgSbTe2-family,35Te,Ag20Sb30Se15Te35,0,No,,,,,,Seebeck coefficient,41,lV/K,300,K,Table 1,,
"State of the art Ag50-xSbxSe50-yTey alloys Their high zT values, microstructures and related phase equilibria.pdf",10.1016/j.actamat.2015.04.011,AgSbTe2-family,35Te,Ag20Sb30Se15Te35,0,No,,,,,,electrical conductivity,83.333,S/cm,300,K,Table 1,,Calculated from resistivity 12 mOhm cm
"State of the art Ag50-xSbxSe50-yTey alloys Their high zT values, microstructures and related phase equilibria.pdf",10.1016/j.actamat.2015.04.011,AgSbTe2-family,35Te,Ag20Sb30Se15Te35,0,No,,,,,,thermal conductivity,0.63,W/mK,300,K,Table 1,,
"State of the art Ag50-xSbxSe50-yTey alloys Their high zT values, microstructures and related phase equilibria.pdf",10.1016/j.actamat.2015.04.011,AgSbTe2-family,35Te,Ag20Sb30Se15Te35,0,No,,,,,,lattice thermal conductivity,0.56,W/mK,300,K,Table 1,,
"State of the art Ag50-xSbxSe50-yTey alloys Their high zT values, microstructures and related phase equilibria.pdf",10.1016/j.actamat.2015.04.011,AgSbTe2-family,40Te,Ag20Sb30Se10Te40,0,No,,,,,,Seebeck coefficient,44,lV/K,300,K,Table 1,,
"State of the art Ag50-xSbxSe50-yTey alloys Their high zT values, microstructures and related phase equilibria.pdf",10.1016/j.actamat.2015.04.011,AgSbTe2-family,40Te,Ag20Sb30Se10Te40,0,No,,,,,,electrical conductivity,100,S/cm,300,K,Table 1,,Calculated from resistivity 10 mOhm cm
"State of the art Ag50-xSbxSe50-yTey alloys Their high zT values, microstructures and related phase equilibria.pdf",10.1016/j.actamat.2015.04.011,AgSbTe2-family,40Te,Ag20Sb30Se10Te40,0,No,,,,,,thermal conductivity,0.68,W/mK,300,K,Table 1,,
"State of the art Ag50-xSbxSe50-yTey alloys Their high zT values, microstructures and related phase equilibria.pdf",10.1016/j.actamat.2015.04.011,AgSbTe2-family,40Te,Ag20Sb30Se10Te40,0,No,,,,,,lattice thermal conductivity,0.61,W/mK,300,K,Table 1,,
"State of the art Ag50-xSbxSe50-yTey alloys Their high zT values, microstructures and related phase equilibria.pdf",10.1016/j.actamat.2015.04.011,AgSbTe2-family,45Te,Ag20Sb30Se5Te45,0,No,,,,,,Seebeck coefficient,70,lV/K,300,K,Table 1,,
"State of the art Ag50-xSbxSe50-yTey alloys Their high zT values, microstructures and related phase equilibria.pdf",10.1016/j.actamat.2015.04.011,AgSbTe2-family,45Te,Ag20Sb30Se5Te45,0,No,,,,,,electrical conductivity,166.667,S/cm,300,K,Table 1,,Calculated from resistivity 6 mOhm cm
"State of the art Ag50-xSbxSe50-yTey alloys Their high zT values, microstructures and related phase equilibria.pdf",10.1016/j.actamat.2015.04.011,AgSbTe2-family,45Te,Ag20Sb30Se5Te45,0,No,,,,,,thermal conductivity,0.75,W/mK,300,K,Table 1,,
"State of the art Ag50-xSbxSe50-yTey alloys Their high zT values, microstructures and related phase equilibria.pdf",10.1016/j.actamat.2015.04.011,AgSbTe2-family,45Te,Ag20Sb30Se5Te45,0,No,,,,,,lattice thermal conductivity,0.64,W/mK,300,K,Table 1,,
"State of the art Ag50-xSbxSe50-yTey alloys Their high zT values, microstructures and related phase equilibria.pdf",10.1016/j.actamat.2015.04.011,AgSbTe2-family,25Te(S),Ag25Sb25Se25Te25,0,No,,,,,,ZT,0.1,dimensionless,300,K,figure,Fig. 1,Visually estimated from Fig. 1
"State of the art Ag50-xSbxSe50-yTey alloys Their high zT values, microstructures and related phase equilibria.pdf",10.1016/j.actamat.2015.04.011,AgSbTe2-family,25Te(S),Ag25Sb25Se25Te25,0,No,,,,,,ZT,0.6,dimensionless,500,K,figure,Fig. 1,Visually estimated from Fig. 1
"State of the art Ag50-xSbxSe50-yTey alloys Their high zT values, microstructures and related phase equilibria.pdf",10.1016/j.actamat.2015.04.011,AgSbTe2-family,25Te(S),Ag25Sb25Se25Te25,0,No,,,,,,ZT,0.8,dimensionless,600,K,figure,Fig. 1,Visually estimated from Fig. 1
"State of the art Ag50-xSbxSe50-yTey alloys Their high zT values, microstructures and related phase equilibria.pdf",10.1016/j.actamat.2015.04.011,AgSbTe2-family,30Te(S),Ag25Sb25Se20Te30,0,No,,,,,,ZT,0.2,dimensionless,300,K,figure,Fig. 1,Visually estimated from Fig. 1
"State of the art Ag50-xSbxSe50-yTey alloys Their high zT values, microstructures and related phase equilibria.pdf",10.1016/j.actamat.2015.04.011,AgSbTe2-family,30Te(S),Ag25Sb25Se20Te30,0,No,,,,,,ZT,0.8,dimensionless,500,K,figure,Fig. 1,Visually estimated from Fig. 1
"State of the art Ag50-xSbxSe50-yTey alloys Their high zT values, microstructures and related phase equilibria.pdf",10.1016/j.actamat.2015.04.011,AgSbTe2-family,30Te(S),Ag25Sb25Se20Te30,0,No,,,,,,ZT,1.2,dimensionless,600,K,figure,Fig. 1,Visually estimated from Fig. 1
"State of the art Ag50-xSbxSe50-yTey alloys Their high zT values, microstructures and related phase equilibria.pdf",10.1016/j.actamat.2015.04.011,AgSbTe2-family,35Te(S),Ag25Sb25Se15Te35,0,No,,,,,,ZT,0.2,dimensionless,300,K,figure,Fig. 1,Visually estimated from Fig. 1
"State of the art Ag50-xSbxSe50-yTey alloys Their high zT values, microstructures and related phase equilibria.pdf",10.1016/j.actamat.2015.04.011,AgSbTe2-family,35Te(S),Ag25Sb25Se15Te35,0,No,,,,,,ZT,0.7,dimensionless,500,K,figure,Fig. 1,Visually estimated from Fig. 1
"State of the art Ag50-xSbxSe50-yTey alloys Their high zT values, microstructures and related phase equilibria.pdf",10.1016/j.actamat.2015.04.011,AgSbTe2-family,35Te(S),Ag25Sb25Se15Te35,0,No,,,,,,ZT,0.9,dimensionless,600,K,figure,Fig. 1,Visually estimated from Fig. 1
"State of the art Ag50-xSbxSe50-yTey alloys Their high zT values, microstructures and related phase equilibria.pdf",10.1016/j.actamat.2015.04.011,AgSbTe2-family,40Te(S),Ag25Sb25Se10Te40,0,No,,,,,,ZT,0.3,dimensionless,300,K,figure,Fig. 1,Visually estimated from Fig. 1
"State of the art Ag50-xSbxSe50-yTey alloys Their high zT values, microstructures and related phase equilibria.pdf",10.1016/j.actamat.2015.04.011,AgSbTe2-family,40Te(S),Ag25Sb25Se10Te40,0,No,,,,,,ZT,0.9,dimensionless,500,K,figure,Fig. 1,Visually estimated from Fig. 1
"State of the art Ag50-xSbxSe50-yTey alloys Their high zT values, microstructures and related phase equilibria.pdf",10.1016/j.actamat.2015.04.011,AgSbTe2-family,40Te(S),Ag25Sb25Se10Te40,0,No,,,,,,ZT,1.4,dimensionless,680,K,figure,Fig. 1,Visually estimated from Fig. 1
"State of the art Ag50-xSbxSe50-yTey alloys Their high zT values, microstructures and related phase equilibria.pdf",10.1016/j.actamat.2015.04.011,AgSbTe2-family,45Te(S),Ag25Sb25Se5Te45,0,No,,,,,,ZT,0.3,dimensionless,300,K,figure,Fig. 1,Visually estimated from Fig. 1
"State of the art Ag50-xSbxSe50-yTey alloys Their high zT values, microstructures and related phase equilibria.pdf",10.1016/j.actamat.2015.04.011,AgSbTe2-family,45Te(S),Ag25Sb25Se5Te45,0,No,,,,,,ZT,0.9,dimensionless,500,K,figure,Fig. 1,Visually estimated from Fig. 1
"State of the art Ag50-xSbxSe50-yTey alloys Their high zT values, microstructures and related phase equilibria.pdf",10.1016/j.actamat.2015.04.011,AgSbTe2-family,45Te(S),Ag25Sb25Se5Te45,0,No,,,,,,ZT,1.4,dimensionless,680,K,figure,Fig. 1,Visually estimated from Fig. 1
"State of the art Ag50-xSbxSe50-yTey alloys Their high zT values, microstructures and related phase equilibria.pdf",10.1016/j.actamat.2015.04.011,AgSbTe2-family,25Te(S),Ag0.25SbTe2,1,No,Ag,0.25,Ag,,Ag (0.25) @ Ag site,electrical conductivity,65,mOhm cm,300,K,figure,Fig. 4a,Visually estimated from Fig. 4a
"State of the art Ag50-xSbxSe50-yTey alloys Their high zT values, microstructures and related phase equilibria.pdf",10.1016/j.actamat.2015.04.011,AgSbTe2-family,25Te(S),Ag0.25SbTe2,1,No,Ag,0.25,Ag,,Ag (0.25) @ Ag site,Seebeck coefficient,180,uV/K,300,K,figure,Fig. 4b,Visually estimated from Fig. 4b
"State of the art Ag50-xSbxSe50-yTey alloys Their high zT values, microstructures and related phase equilibria.pdf",10.1016/j.actamat.2015.04.011,AgSbTe2-family,25Te(S),Ag0.25SbTe2,1,No,Ag,0.25,Ag,,Ag (0.25) @ Ag site,lattice thermal conductivity,0.55,W/mK,300,K,figure,Fig. 4f,Visually estimated from Fig. 4f
"State of the art Ag50-xSbxSe50-yTey alloys Their high zT values, microstructures and related phase equilibria.pdf",10.1016/j.actamat.2015.04.011,AgSbTe2-family,30Te(S),Ag0.30SbTe2,1,No,Ag,0.30,Ag,,Ag (0.30) @ Ag site,electrical conductivity,22,mOhm cm,300,K,figure,Fig. 4a,Visually estimated from Fig. 4a
"State of the art Ag50-xSbxSe50-yTey alloys Their high zT values, microstructures and related phase equilibria.pdf",10.1016/j.actamat.2015.04.011,AgSbTe2-family,30Te(S),Ag0.30SbTe2,1,No,Ag,0.30,Ag,,Ag (0.30) @ Ag site,Seebeck coefficient,200,uV/K,300,K,figure,Fig. 4b,Visually estimated from Fig. 4b
"State of the art Ag50-xSbxSe50-yTey alloys Their high zT values, microstructures and related phase equilibria.pdf",10.1016/j.actamat.2015.04.011,AgSbTe2-family,30Te(S),Ag0.30SbTe2,1,No,Ag,0.30,Ag,,Ag (0.30) @ Ag site,lattice thermal conductivity,0.50,W/mK,300,K,figure,Fig. 4f,Visually estimated from Fig. 4f
"State of the art Ag50-xSbxSe50-yTey alloys Their high zT values, microstructures and related phase equilibria.pdf",10.1016/j.actamat.2015.04.011,AgSbTe2-family,35Te(S),Ag0.35SbTe2,1,No,Ag,0.35,Ag,,Ag (0.35) @ Ag site,electrical conductivity,18,mOhm cm,300,K,figure,Fig. 4a,Visually estimated from Fig. 4a
"State of the art Ag50-xSbxSe50-yTey alloys Their high zT values, microstructures and related phase equilibria.pdf",10.1016/j.actamat.2015.04.011,AgSbTe2-family,35Te(S),Ag0.35SbTe2,1,No,Ag,0.35,Ag,,Ag (0.35) @ Ag site,Seebeck coefficient,220,uV/K,300,K,figure,Fig. 4b,Visually estimated from Fig. 4b
"State of the art Ag50-xSbxSe50-yTey alloys Their high zT values, microstructures and related phase equilibria.pdf",10.1016/j.actamat.2015.04.011,AgSbTe2-family,35Te(S),Ag0.35SbTe2,1,No,Ag,0.35,Ag,,Ag (0.35) @ Ag site,lattice thermal conductivity,0.45,W/mK,300,K,figure,Fig. 4f,Visually estimated from Fig. 4f
"State of the art Ag50-xSbxSe50-yTey alloys Their high zT values, microstructures and related phase equilibria.pdf",10.1016/j.actamat.2015.04.011,AgSbTe2-family,40Te(S),Ag0.40SbTe2,1,No,Ag,0.40,Ag,,Ag (0.40) @ Ag site,electrical conductivity,12,mOhm cm,300,K,figure,Fig. 4a,Visually estimated from Fig. 4a
"State of the art Ag50-xSbxSe50-yTey alloys Their high zT values, microstructures and related phase equilibria.pdf",10.1016/j.actamat.2015.04.011,AgSbTe2-family,40Te(S),Ag0.40SbTe2,1,No,Ag,0.40,Ag,,Ag (0.40) @ Ag site,Seebeck coefficient,240,uV/K,300,K,figure,Fig. 4b,Visually estimated from Fig. 4b
"State of the art Ag50-xSbxSe50-yTey alloys Their high zT values, microstructures and related phase equilibria.pdf",10.1016/j.actamat.2015.04.011,AgSbTe2-family,40Te(S),Ag0.40SbTe2,1,No,Ag,0.40,Ag,,Ag (0.40) @ Ag site,lattice thermal conductivity,0.40,W/mK,300,K,figure,Fig. 4f,Visually estimated from Fig. 4f
"State of the art Ag50-xSbxSe50-yTey alloys Their high zT values, microstructures and related phase equilibria.pdf",10.1016/j.actamat.2015.04.011,AgSbTe2-family,45Te(S),Ag0.45SbTe2,1,No,Ag,0.45,Ag,,Ag (0.45) @ Ag site,electrical conductivity,10,mOhm cm,300,K,figure,Fig. 4a,Visually estimated from Fig. 4a
"State of the art Ag50-xSbxSe50-yTey alloys Their high zT values, microstructures and related phase equilibria.pdf",10.1016/j.actamat.2015.04.011,AgSbTe2-family,45Te(S),Ag0.45SbTe2,1,No,Ag,0.45,Ag,,Ag (0.45) @ Ag site,Seebeck coefficient,250,uV/K,300,K,figure,Fig. 4b,Visually estimated from Fig. 4b
"State of the art Ag50-xSbxSe50-yTey alloys Their high zT values, microstructures and related phase equilibria.pdf",10.1016/j.actamat.2015.04.011,AgSbTe2-family,45Te(S),Ag0.45SbTe2,1,No,Ag,0.45,Ag,,Ag (0.45) @ Ag site,lattice thermal conductivity,0.35,W/mK,300,K,figure,Fig. 4f,Visually estimated from Fig. 4f
Strong anharmonicity induced low lattice thermal conductivity and high thermoelectric performance in system.pdf,10.1063/5.0095121,(Cu1-yInTe2)0.95(AgSbTe2)0.05,(CuInTe2)0.95(AgSbTe2)0.05,(CuInTe2)0.95(AgSbTe2)0.05,2,Yes,Ag,0.05,multiple sites,Sb (0.05) @ multiple sites,Ag (0.05) @ multiple sites site; Sb (0.05) @ multiple sites site,lattice thermal conductivity,0.62,W m-1 K-1,823,K,body text,,
Strong anharmonicity induced low lattice thermal conductivity and high thermoelectric performance in system.pdf,10.1063/5.0095121,(Cu1-yInTe2)0.95(AgSbTe2)0.05,(CuInTe2)0.95(AgSbTe2)0.05,(CuInTe2)0.95(AgSbTe2)0.05,2,Yes,Ag,0.05,multiple sites,Sb (0.05) @ multiple sites,Ag (0.05) @ multiple sites site; Sb (0.05) @ multiple sites site,ZT,1.3,dimensionless,823,K,body text,,
Strong anharmonicity induced low lattice thermal conductivity and high thermoelectric performance in system.pdf,10.1063/5.0095121,(Cu1-yInTe2)0.95(AgSbTe2)0.05,(Cu0.95InTe2)0.95(AgSbTe2)0.05,(Cu0.95InTe2)0.95(AgSbTe2)0.05,1,No,Cu vacancy,y=0.05,Ag,,Cu vacancy (y=0.05) @ Ag site,electrical conductivity,1.0 * 10^4,S m-1,300,K,body text,,
Strong anharmonicity induced low lattice thermal conductivity and high thermoelectric performance in system.pdf,10.1063/5.0095121,(Cu1-yInTe2)0.95(AgSbTe2)0.05,(Cu0.95InTe2)0.95(AgSbTe2)0.05,(Cu0.95InTe2)0.95(AgSbTe2)0.05,1,No,Cu vacancy,y=0.05,Ag,,Cu vacancy (y=0.05) @ Ag site,power factor,1.24,mW m-1 K-2,723,K,body text,,
Strong anharmonicity induced low lattice thermal conductivity and high thermoelectric performance in system.pdf,10.1063/5.0095121,(Cu1-yInTe2)0.95(AgSbTe2)0.05,(Cu0.95InTe2)0.95(AgSbTe2)0.05,(Cu0.95InTe2)0.95(AgSbTe2)0.05,1,No,Cu vacancy,y=0.05,Ag,,Cu vacancy (y=0.05) @ Ag site,lattice thermal conductivity,0.47,W m-1 K-1,823,K,body text,,
Strong anharmonicity induced low lattice thermal conductivity and high thermoelectric performance in system.pdf,10.1063/5.0095121,(Cu1-yInTe2)0.95(AgSbTe2)0.05,(Cu0.95InTe2)0.95(AgSbTe2)0.05,(Cu0.95InTe2)0.95(AgSbTe2)0.05,1,No,Cu vacancy,y=0.05,Ag,,Cu vacancy (y=0.05) @ Ag site,ZT,1.3,dimensionless,823,K,body text,,
Strong anharmonicity induced low lattice thermal conductivity and high thermoelectric performance in system.pdf,10.1063/5.0095121,(Cu1-yInTe2)0.95(AgSbTe2)0.05,(CuInTe2)0.99(AgSbTe2)0.01,(CuInTe2)0.99(AgSbTe2)0.01,2,Yes,Ag,0.01,unclear,Sb (0.01) @ unclear,Ag (0.01) @ unclear site; Sb (0.01) @ unclear site,electrical conductivity,approx 2.5,10^3 S m^-1,300,K,figure,,Visually estimated from Fig. 1(a)
Strong anharmonicity induced low lattice thermal conductivity and high thermoelectric performance in system.pdf,10.1063/5.0095121,(Cu1-yInTe2)0.95(AgSbTe2)0.05,(CuInTe2)0.99(AgSbTe2)0.01,(CuInTe2)0.99(AgSbTe2)0.01,2,Yes,Ag,0.01,unclear,Sb (0.01) @ unclear,Ag (0.01) @ unclear site; Sb (0.01) @ unclear site,Seebeck coefficient,approx 380,uV K^-1,300,K,figure,,Visually estimated from Fig. 1(b)
Strong anharmonicity induced low lattice thermal conductivity and high thermoelectric performance in system.pdf,10.1063/5.0095121,(Cu1-yInTe2)0.95(AgSbTe2)0.05,(CuInTe2)0.99(AgSbTe2)0.01,(CuInTe2)0.99(AgSbTe2)0.01,2,Yes,Ag,0.01,unclear,Sb (0.01) @ unclear,Ag (0.01) @ unclear site; Sb (0.01) @ unclear site,power factor,approx 0.15,mW m^-1 K^-2,300,K,figure,,Visually estimated from Fig. 1(c)
Strong anharmonicity induced low lattice thermal conductivity and high thermoelectric performance in system.pdf,10.1063/5.0095121,(Cu1-yInTe2)0.95(AgSbTe2)0.05,(CuInTe2)0.99(AgSbTe2)0.01,(CuInTe2)0.99(AgSbTe2)0.01,2,Yes,Ag,0.01,unclear,Sb (0.01) @ unclear,Ag (0.01) @ unclear site; Sb (0.01) @ unclear site,total thermal conductivity,approx 4.5,W m^-1 K^-1,300,K,figure,,Visually estimated from Fig. 2(a)
Strong anharmonicity induced low lattice thermal conductivity and high thermoelectric performance in system.pdf,10.1063/5.0095121,(Cu1-yInTe2)0.95(AgSbTe2)0.05,(CuInTe2)0.99(AgSbTe2)0.01,(CuInTe2)0.99(AgSbTe2)0.01,2,Yes,Ag,0.01,unclear,Sb (0.01) @ unclear,Ag (0.01) @ unclear site; Sb (0.01) @ unclear site,lattice thermal conductivity,approx 4.5,W m^-1 K^-1,300,K,figure,,Visually estimated from Fig. 2(b)
Strong anharmonicity induced low lattice thermal conductivity and high thermoelectric performance in system.pdf,10.1063/5.0095121,(Cu1-yInTe2)0.95(AgSbTe2)0.05,(CuInTe2)0.99(AgSbTe2)0.01,(CuInTe2)0.99(AgSbTe2)0.01,2,Yes,Ag,0.01,unclear,Sb (0.01) @ unclear,Ag (0.01) @ unclear site; Sb (0.01) @ unclear site,ZT,approx 0.1,dimensionless,300,K,figure,,Visually estimated from Fig. 2(d)
Strong anharmonicity induced low lattice thermal conductivity and high thermoelectric performance in system.pdf,10.1063/5.0095121,(Cu1-yInTe2)0.95(AgSbTe2)0.05,(CuInTe2)0.97(AgSbTe2)0.03,(CuInTe2)0.97(AgSbTe2)0.03,2,Yes,Ag,0.03,unclear,Sb (0.03) @ unclear,Ag (0.03) @ unclear site; Sb (0.03) @ unclear site,electrical conductivity,approx 3.5,10^3 S m^-1,300,K,figure,,Visually estimated from Fig. 1(a)
Strong anharmonicity induced low lattice thermal conductivity and high thermoelectric performance in system.pdf,10.1063/5.0095121,(Cu1-yInTe2)0.95(AgSbTe2)0.05,(CuInTe2)0.97(AgSbTe2)0.03,(CuInTe2)0.97(AgSbTe2)0.03,2,Yes,Ag,0.03,unclear,Sb (0.03) @ unclear,Ag (0.03) @ unclear site; Sb (0.03) @ unclear site,Seebeck coefficient,approx 320,uV K^-1,300,K,figure,,Visually estimated from Fig. 1(b)
Strong anharmonicity induced low lattice thermal conductivity and high thermoelectric performance in system.pdf,10.1063/5.0095121,(Cu1-yInTe2)0.95(AgSbTe2)0.05,(CuInTe2)0.97(AgSbTe2)0.03,(CuInTe2)0.97(AgSbTe2)0.03,2,Yes,Ag,0.03,unclear,Sb (0.03) @ unclear,Ag (0.03) @ unclear site; Sb (0.03) @ unclear site,power factor,approx 0.2,mW m^-1 K^-2,300,K,figure,,Visually estimated from Fig. 1(c)
Strong anharmonicity induced low lattice thermal conductivity and high thermoelectric performance in system.pdf,10.1063/5.0095121,(Cu1-yInTe2)0.95(AgSbTe2)0.05,(CuInTe2)0.97(AgSbTe2)0.03,(CuInTe2)0.97(AgSbTe2)0.03,2,Yes,Ag,0.03,unclear,Sb (0.03) @ unclear,Ag (0.03) @ unclear site; Sb (0.03) @ unclear site,total thermal conductivity,approx 4.0,W m^-1 K^-1,300,K,figure,,Visually estimated from Fig. 2(a)
Strong anharmonicity induced low lattice thermal conductivity and high thermoelectric performance in system.pdf,10.1063/5.0095121,(Cu1-yInTe2)0.95(AgSbTe2)0.05,(CuInTe2)0.97(AgSbTe2)0.03,(CuInTe2)0.97(AgSbTe2)0.03,2,Yes,Ag,0.03,unclear,Sb (0.03) @ unclear,Ag (0.03) @ unclear site; Sb (0.03) @ unclear site,lattice thermal conductivity,approx 4.0,W m^-1 K^-1,300,K,figure,,Visually estimated from Fig. 2(b)
Strong anharmonicity induced low lattice thermal conductivity and high thermoelectric performance in system.pdf,10.1063/5.0095121,(Cu1-yInTe2)0.95(AgSbTe2)0.05,(CuInTe2)0.97(AgSbTe2)0.03,(CuInTe2)0.97(AgSbTe2)0.03,2,Yes,Ag,0.03,unclear,Sb (0.03) @ unclear,Ag (0.03) @ unclear site; Sb (0.03) @ unclear site,ZT,approx 0.1,dimensionless,300,K,figure,,Visually estimated from Fig. 2(d)
Strong anharmonicity induced low lattice thermal conductivity and high thermoelectric performance in system.pdf,10.1063/5.0095121,(Cu1-yInTe2)0.95(AgSbTe2)0.05,(CuInTe2)0.95(AgSbTe2)0.05,(CuInTe2)0.95(AgSbTe2)0.05,2,Yes,Ag,0.05,unclear,Sb (0.05) @ unclear,Ag (0.05) @ unclear site; Sb (0.05) @ unclear site,electrical conductivity,approx 4.5,10^3 S m^-1,300,K,figure,,Visually estimated from Fig. 1(a)
Strong anharmonicity induced low lattice thermal conductivity and high thermoelectric performance in system.pdf,10.1063/5.0095121,(Cu1-yInTe2)0.95(AgSbTe2)0.05,(CuInTe2)0.95(AgSbTe2)0.05,(CuInTe2)0.95(AgSbTe2)0.05,2,Yes,Ag,0.05,unclear,Sb (0.05) @ unclear,Ag (0.05) @ unclear site; Sb (0.05) @ unclear site,Seebeck coefficient,approx 280,uV K^-1,300,K,figure,,Visually estimated from Fig. 1(b)
Strong anharmonicity induced low lattice thermal conductivity and high thermoelectric performance in system.pdf,10.1063/5.0095121,(Cu1-yInTe2)0.95(AgSbTe2)0.05,(CuInTe2)0.95(AgSbTe2)0.05,(CuInTe2)0.95(AgSbTe2)0.05,2,Yes,Ag,0.05,unclear,Sb (0.05) @ unclear,Ag (0.05) @ unclear site; Sb (0.05) @ unclear site,power factor,approx 0.25,mW m^-1 K^-2,300,K,figure,,Visually estimated from Fig. 1(c)
Strong anharmonicity induced low lattice thermal conductivity and high thermoelectric performance in system.pdf,10.1063/5.0095121,(Cu1-yInTe2)0.95(AgSbTe2)0.05,(CuInTe2)0.95(AgSbTe2)0.05,(CuInTe2)0.95(AgSbTe2)0.05,2,Yes,Ag,0.05,unclear,Sb (0.05) @ unclear,Ag (0.05) @ unclear site; Sb (0.05) @ unclear site,total thermal conductivity,approx 3.5,W m^-1 K^-1,300,K,figure,,Visually estimated from Fig. 2(a)
Strong anharmonicity induced low lattice thermal conductivity and high thermoelectric performance in system.pdf,10.1063/5.0095121,(Cu1-yInTe2)0.95(AgSbTe2)0.05,(CuInTe2)0.95(AgSbTe2)0.05,(CuInTe2)0.95(AgSbTe2)0.05,2,Yes,Ag,0.05,unclear,Sb (0.05) @ unclear,Ag (0.05) @ unclear site; Sb (0.05) @ unclear site,lattice thermal conductivity,approx 3.5,W m^-1 K^-1,300,K,figure,,Visually estimated from Fig. 2(b)
Strong anharmonicity induced low lattice thermal conductivity and high thermoelectric performance in system.pdf,10.1063/5.0095121,(Cu1-yInTe2)0.95(AgSbTe2)0.05,(CuInTe2)0.95(AgSbTe2)0.05,(CuInTe2)0.95(AgSbTe2)0.05,2,Yes,Ag,0.05,unclear,Sb (0.05) @ unclear,Ag (0.05) @ unclear site; Sb (0.05) @ unclear site,ZT,approx 0.1,dimensionless,300,K,figure,,Visually estimated from Fig. 2(d)
Strong anharmonicity induced low lattice thermal conductivity and high thermoelectric performance in system.pdf,10.1063/5.0095121,(Cu1-yInTe2)0.95(AgSbTe2)0.05,(CuInTe2)0.93(AgSbTe2)0.07,(CuInTe2)0.93(AgSbTe2)0.07,2,Yes,Ag,0.07,unclear,Sb (0.07) @ unclear,Ag (0.07) @ unclear site; Sb (0.07) @ unclear site,electrical conductivity,approx 5.5,10^3 S m^-1,300,K,figure,,Visually estimated from Fig. 1(a)
Strong anharmonicity induced low lattice thermal conductivity and high thermoelectric performance in system.pdf,10.1063/5.0095121,(Cu1-yInTe2)0.95(AgSbTe2)0.05,(CuInTe2)0.93(AgSbTe2)0.07,(CuInTe2)0.93(AgSbTe2)0.07,2,Yes,Ag,0.07,unclear,Sb (0.07) @ unclear,Ag (0.07) @ unclear site; Sb (0.07) @ unclear site,Seebeck coefficient,approx 240,uV K^-1,300,K,figure,,Visually estimated from Fig. 1(b)
Strong anharmonicity induced low lattice thermal conductivity and high thermoelectric performance in system.pdf,10.1063/5.0095121,(Cu1-yInTe2)0.95(AgSbTe2)0.05,(CuInTe2)0.93(AgSbTe2)0.07,(CuInTe2)0.93(AgSbTe2)0.07,2,Yes,Ag,0.07,unclear,Sb (0.07) @ unclear,Ag (0.07) @ unclear site; Sb (0.07) @ unclear site,power factor,approx 0.25,mW m^-1 K^-2,300,K,figure,,Visually estimated from Fig. 1(c)
Strong anharmonicity induced low lattice thermal conductivity and high thermoelectric performance in system.pdf,10.1063/5.0095121,(Cu1-yInTe2)0.95(AgSbTe2)0.05,(CuInTe2)0.93(AgSbTe2)0.07,(CuInTe2)0.93(AgSbTe2)0.07,2,Yes,Ag,0.07,unclear,Sb (0.07) @ unclear,Ag (0.07) @ unclear site; Sb (0.07) @ unclear site,total thermal conductivity,approx 3.2,W m^-1 K^-1,300,K,figure,,Visually estimated from Fig. 2(a)
Strong anharmonicity induced low lattice thermal conductivity and high thermoelectric performance in system.pdf,10.1063/5.0095121,(Cu1-yInTe2)0.95(AgSbTe2)0.05,(CuInTe2)0.93(AgSbTe2)0.07,(CuInTe2)0.93(AgSbTe2)0.07,2,Yes,Ag,0.07,unclear,Sb (0.07) @ unclear,Ag (0.07) @ unclear site; Sb (0.07) @ unclear site,lattice thermal conductivity,approx 3.2,W m^-1 K^-1,300,K,figure,,Visually estimated from Fig. 2(b)
Strong anharmonicity induced low lattice thermal conductivity and high thermoelectric performance in system.pdf,10.1063/5.0095121,(Cu1-yInTe2)0.95(AgSbTe2)0.05,(CuInTe2)0.93(AgSbTe2)0.07,(CuInTe2)0.93(AgSbTe2)0.07,2,Yes,Ag,0.07,unclear,Sb (0.07) @ unclear,Ag (0.07) @ unclear site; Sb (0.07) @ unclear site,ZT,approx 0.1,dimensionless,300,K,figure,,Visually estimated from Fig. 2(d)
Strong anharmonicity induced low lattice thermal conductivity and high thermoelectric performance in system.pdf,10.1063/5.0095121,(Cu1-yInTe2)0.95(AgSbTe2)0.05,y=0,"(Cu1-yInTe2)0.95(AgSbTe2)0.05, y=0",1,No,AgSbTe2,0.05,unclear,,AgSbTe2 (0.05) @ unclear site,electrical conductivity,1.32,10^3 S m^-1,,,table,Table II,Room temperature value
Strong anharmonicity induced low lattice thermal conductivity and high thermoelectric performance in system.pdf,10.1063/5.0095121,(Cu1-yInTe2)0.95(AgSbTe2)0.05,y=0,"(Cu1-yInTe2)0.95(AgSbTe2)0.05, y=0",1,No,AgSbTe2,0.05,unclear,,AgSbTe2 (0.05) @ unclear site,Seebeck coefficient,218,uV K^-1,,,table,Table II,Room temperature value
Strong anharmonicity induced low lattice thermal conductivity and high thermoelectric performance in system.pdf,10.1063/5.0095121,(Cu1-yInTe2)0.95(AgSbTe2)0.05,y=0.01,"(Cu1-yInTe2)0.95(AgSbTe2)0.05, y=0.01",1,No,AgSbTe2,0.05,unclear,,AgSbTe2 (0.05) @ unclear site,electrical conductivity,0.93,10^3 S m^-1,,,table,Table II,Room temperature value
Strong anharmonicity induced low lattice thermal conductivity and high thermoelectric performance in system.pdf,10.1063/5.0095121,(Cu1-yInTe2)0.95(AgSbTe2)0.05,y=0.01,"(Cu1-yInTe2)0.95(AgSbTe2)0.05, y=0.01",1,No,AgSbTe2,0.05,unclear,,AgSbTe2 (0.05) @ unclear site,Seebeck coefficient,262,uV K^-1,,,table,Table II,Room temperature value
Strong anharmonicity induced low lattice thermal conductivity and high thermoelectric performance in system.pdf,10.1063/5.0095121,(Cu1-yInTe2)0.95(AgSbTe2)0.05,y=0.02,"(Cu1-yInTe2)0.95(AgSbTe2)0.05, y=0.02",1,No,AgSbTe2,0.05,unclear,,AgSbTe2 (0.05) @ unclear site,electrical conductivity,0.52,10^3 S m^-1,,,table,Table II,Room temperature value
Strong anharmonicity induced low lattice thermal conductivity and high thermoelectric performance in system.pdf,10.1063/5.0095121,(Cu1-yInTe2)0.95(AgSbTe2)0.05,y=0.02,"(Cu1-yInTe2)0.95(AgSbTe2)0.05, y=0.02",1,No,AgSbTe2,0.05,unclear,,AgSbTe2 (0.05) @ unclear site,Seebeck coefficient,317,uV K^-1,,,table,Table II,Room temperature value
Strong anharmonicity induced low lattice thermal conductivity and high thermoelectric performance in system.pdf,10.1063/5.0095121,(Cu1-yInTe2)0.95(AgSbTe2)0.05,y=0.03,"(Cu1-yInTe2)0.95(AgSbTe2)0.05, y=0.03",1,No,AgSbTe2,0.05,unclear,,AgSbTe2 (0.05) @ unclear site,electrical conductivity,0.53,10^3 S m^-1,,,table,Table II,Room temperature value
Strong anharmonicity induced low lattice thermal conductivity and high thermoelectric performance in system.pdf,10.1063/5.0095121,(Cu1-yInTe2)0.95(AgSbTe2)0.05,y=0.03,"(Cu1-yInTe2)0.95(AgSbTe2)0.05, y=0.03",1,No,AgSbTe2,0.05,unclear,,AgSbTe2 (0.05) @ unclear site,Seebeck coefficient,297,uV K^-1,,,table,Table II,Room temperature value
Strong anharmonicity induced low lattice thermal conductivity and high thermoelectric performance in system.pdf,10.1063/5.0095121,(Cu1-yInTe2)0.95(AgSbTe2)0.05,y=0.04,"(Cu1-yInTe2)0.95(AgSbTe2)0.05, y=0.04",1,No,AgSbTe2,0.05,unclear,,AgSbTe2 (0.05) @ unclear site,electrical conductivity,4.41,10^3 S m^-1,,,table,Table II,Room temperature value
Strong anharmonicity induced low lattice thermal conductivity and high thermoelectric performance in system.pdf,10.1063/5.0095121,(Cu1-yInTe2)0.95(AgSbTe2)0.05,y=0.04,"(Cu1-yInTe2)0.95(AgSbTe2)0.05, y=0.04",1,No,AgSbTe2,0.05,unclear,,AgSbTe2 (0.05) @ unclear site,Seebeck coefficient,279,uV K^-1,,,table,Table II,Room temperature value
Strong anharmonicity induced low lattice thermal conductivity and high thermoelectric performance in system.pdf,10.1063/5.0095121,(Cu1-yInTe2)0.95(AgSbTe2)0.05,y=0.05,"(Cu1-yInTe2)0.95(AgSbTe2)0.05, y=0.05",1,No,AgSbTe2,0.05,unclear,,AgSbTe2 (0.05) @ unclear site,electrical conductivity,10.29,10^3 S m^-1,,,table,Table II,Room temperature value
Strong anharmonicity induced low lattice thermal conductivity and high thermoelectric performance in system.pdf,10.1063/5.0095121,(Cu1-yInTe2)0.95(AgSbTe2)0.05,y=0.05,"(Cu1-yInTe2)0.95(AgSbTe2)0.05, y=0.05",1,No,AgSbTe2,0.05,unclear,,AgSbTe2 (0.05) @ unclear site,Seebeck coefficient,236,uV K^-1,,,table,Table II,Room temperature value
Strong anharmonicity induced low lattice thermal conductivity and high thermoelectric performance in system.pdf,10.1063/5.0095121,(Cu1-yInTe2)0.95(AgSbTe2)0.05,y=0.06,"(Cu1-yInTe2)0.95(AgSbTe2)0.05, y=0.06",1,No,AgSbTe2,0.05,unclear,,AgSbTe2 (0.05) @ unclear site,electrical conductivity,8.43,10^3 S m^-1,,,table,Table II,Room temperature value
Strong anharmonicity induced low lattice thermal conductivity and high thermoelectric performance in system.pdf,10.1063/5.0095121,(Cu1-yInTe2)0.95(AgSbTe2)0.05,y=0.06,"(Cu1-yInTe2)0.95(AgSbTe2)0.05, y=0.06",1,No,AgSbTe2,0.05,unclear,,AgSbTe2 (0.05) @ unclear site,Seebeck coefficient,241,uV K^-1,,,table,Table II,Room temperature value
Structural Characterization and Thermoelectric Properties of Br-Doped AgSnm[Sb0.8Bi0.2]Te2+m Systems.pdf,10.3390/ma16155213,AgSnm[Sb0.8Bi0.2]Te2+m,AgSn4[Sb0.8Bi0.2]Te6,AgSn4[Sb0.8Bi0.2]Te6,0,No,,,,,,Seebeck coefficient,+40,µV·K−1,300,K,Table 2,,
Structural Characterization and Thermoelectric Properties of Br-Doped AgSnm[Sb0.8Bi0.2]Te2+m Systems.pdf,10.3390/ma16155213,AgSnm[Sb0.8Bi0.2]Te2+m,AgSn4[Sb0.8Bi0.2]Te6,AgSn4[Sb0.8Bi0.2]Te6,0,No,,,,,,electrical conductivity,1429,S cm−1,300,K,Table 2,,
Structural Characterization and Thermoelectric Properties of Br-Doped AgSnm[Sb0.8Bi0.2]Te2+m Systems.pdf,10.3390/ma16155213,AgSnm[Sb0.8Bi0.2]Te2+m,AgSn4[Sb0.8Bi0.2]Te5.97Br0.03,AgSn4[Sb0.8Bi0.2]Te5.97Br0.03,1,No,Br,0.03,Te,,Br (0.03) @ Te site,Seebeck coefficient,+57,µV·K−1,300,K,Table 2,,
Structural Characterization and Thermoelectric Properties of Br-Doped AgSnm[Sb0.8Bi0.2]Te2+m Systems.pdf,10.3390/ma16155213,AgSnm[Sb0.8Bi0.2]Te2+m,AgSn4[Sb0.8Bi0.2]Te5.97Br0.03,AgSn4[Sb0.8Bi0.2]Te5.97Br0.03,1,No,Br,0.03,Te,,Br (0.03) @ Te site,electrical conductivity,1443,S cm−1,300,K,Table 2,,
Structural Characterization and Thermoelectric Properties of Br-Doped AgSnm[Sb0.8Bi0.2]Te2+m Systems.pdf,10.3390/ma16155213,AgSnm[Sb0.8Bi0.2]Te2+m,AgSn4[Sb0.8Bi0.2]Te5.97Br0.03,AgSn4[Sb0.8Bi0.2]Te5.97Br0.03,1,No,Br,0.03,Te,,Br (0.03) @ Te site,ZT,~0.07,dimensionless,300,K,body text,,
Structural Characterization and Thermoelectric Properties of Br-Doped AgSnm[Sb0.8Bi0.2]Te2+m Systems.pdf,10.3390/ma16155213,AgSnm[Sb0.8Bi0.2]Te2+m,AgSn2[Sb0.8Bi0.2]Te3.97Br0.03,AgSn2[Sb0.8Bi0.2]Te3.97Br0.03,1,No,Br,0.03,Te,,Br (0.03) @ Te site,Seebeck coefficient,+74,µV·K−1,300,K,Table 2,,
Structural Characterization and Thermoelectric Properties of Br-Doped AgSnm[Sb0.8Bi0.2]Te2+m Systems.pdf,10.3390/ma16155213,AgSnm[Sb0.8Bi0.2]Te2+m,AgSn2[Sb0.8Bi0.2]Te3.97Br0.03,AgSn2[Sb0.8Bi0.2]Te3.97Br0.03,1,No,Br,0.03,Te,,Br (0.03) @ Te site,electrical conductivity,685,S cm−1,300,K,Table 2,,
Structural Characterization and Thermoelectric Properties of Br-Doped AgSnm[Sb0.8Bi0.2]Te2+m Systems.pdf,10.3390/ma16155213,AgSnm[Sb0.8Bi0.2]Te2+m,AgSn2[Sb0.8Bi0.2]Te4,AgSn2[Sb0.8Bi0.2]Te4,2,Yes,Sn,m=2,unclear,Bi (0.2) @ Sb,Sn (m=2) @ unclear site; Bi (0.2) @ Sb site,Seebeck coefficient,57,uV K-1,300,K,table,Table 2,
Structural Characterization and Thermoelectric Properties of Br-Doped AgSnm[Sb0.8Bi0.2]Te2+m Systems.pdf,10.3390/ma16155213,AgSnm[Sb0.8Bi0.2]Te2+m,AgSn4[Sb0.8Bi0.2]Te6,AgSn4[Sb0.8Bi0.2]Te6,2,Yes,Sn,m=4,unclear,Bi (0.2) @ Sb,Sn (m=4) @ unclear site; Bi (0.2) @ Sb site,Seebeck coefficient,40,uV K-1,300,K,table,Table 2,
Structural Characterization and Thermoelectric Properties of Br-Doped AgSnm[Sb0.8Bi0.2]Te2+m Systems.pdf,10.3390/ma16155213,AgSnm[Sb0.8Bi0.2]Te2+m,AgSn4[Sb0.8Bi0.2]Te6,AgSn4[Sb0.8Bi0.2]Te6,2,Yes,Sn,m=4,unclear,Bi (0.2) @ Sb,Sn (m=4) @ unclear site; Bi (0.2) @ Sb site,electrical conductivity,1429,S cm-1,300,K,table,Table 2,
Structural Characterization and Thermoelectric Properties of Br-Doped AgSnm[Sb0.8Bi0.2]Te2+m Systems.pdf,10.3390/ma16155213,AgSnm[Sb0.8Bi0.2]Te2+m,AgSn4[Sb0.8Bi0.2]Te5.97Br0.03,AgSn4[Sb0.8Bi0.2]Te5.97Br0.03,3,Yes,Sn,m=4,unclear,Bi (0.2) @ Sb; Br (0.03) @ Te,Sn (m=4) @ unclear site; Bi (0.2) @ Sb site; Br (0.03) @ Te site,Seebeck coefficient,57,uV K-1,300,K,table,Table 2,
Structural Characterization and Thermoelectric Properties of Br-Doped AgSnm[Sb0.8Bi0.2]Te2+m Systems.pdf,10.3390/ma16155213,AgSnm[Sb0.8Bi0.2]Te2+m,AgSn4[Sb0.8Bi0.2]Te5.97Br0.03,AgSn4[Sb0.8Bi0.2]Te5.97Br0.03,3,Yes,Sn,m=4,unclear,Bi (0.2) @ Sb; Br (0.03) @ Te,Sn (m=4) @ unclear site; Bi (0.2) @ Sb site; Br (0.03) @ Te site,electrical conductivity,1443,S cm-1,300,K,table,Table 2,
Structural Characterization and Thermoelectric Properties of Br-Doped AgSnm[Sb0.8Bi0.2]Te2+m Systems.pdf,10.3390/ma16155213,AgSnm[Sb0.8Bi0.2]Te2+m,AgSn2[Sb0.8Bi0.2]Te3.97Br0.03,AgSn2[Sb0.8Bi0.2]Te3.97Br0.03,3,Yes,Sn,m=2,unclear,Bi (0.2) @ Sb; Br (0.03) @ Te,Sn (m=2) @ unclear site; Bi (0.2) @ Sb site; Br (0.03) @ Te site,Seebeck coefficient,74,uV K-1,300,K,table,Table 2,
Structural Characterization and Thermoelectric Properties of Br-Doped AgSnm[Sb0.8Bi0.2]Te2+m Systems.pdf,10.3390/ma16155213,AgSnm[Sb0.8Bi0.2]Te2+m,AgSn2[Sb0.8Bi0.2]Te3.97Br0.03,AgSn2[Sb0.8Bi0.2]Te3.97Br0.03,3,Yes,Sn,m=2,unclear,Bi (0.2) @ Sb; Br (0.03) @ Te,Sn (m=2) @ unclear site; Bi (0.2) @ Sb site; Br (0.03) @ Te site,electrical conductivity,685,S cm-1,300,K,table,Table 2,
"Structural, characterization and electrical properties of AgPbmSbTem+2 compounds synthesized through a solid-state microwave technique.pdf",10.1016/j.ijhydene.2015.12.205,AgSbTe2,AgSbTe2,AgSbTe2,0,No,,,,,,electrical conductivity,482.96,S/cm,300,K,Table 4,,
"Structural, characterization and electrical properties of AgPbmSbTem+2 compounds synthesized through a solid-state microwave technique.pdf",10.1016/j.ijhydene.2015.12.205,AgSbTe2,AgSbTe2,AgSbTe2,0,No,,,,,,Seebeck coefficient,-49.6,mV/K,300,K,Table 4,,
"Structural, characterization and electrical properties of AgPbmSbTem+2 compounds synthesized through a solid-state microwave technique.pdf",10.1016/j.ijhydene.2015.12.205,AgSbTe2,AgPb2SbTe4,AgPb2SbTe4,1,No,Pb,m=2,Ag,,Pb (m=2) @ Ag site,electrical conductivity,81.36,S/cm,300,K,Table 4,,
"Structural, characterization and electrical properties of AgPbmSbTem+2 compounds synthesized through a solid-state microwave technique.pdf",10.1016/j.ijhydene.2015.12.205,AgSbTe2,AgPb2SbTe4,AgPb2SbTe4,1,No,Pb,m=2,Ag,,Pb (m=2) @ Ag site,Seebeck coefficient,-83.2,mV/K,300,K,Table 4,,
"Structural, characterization and electrical properties of AgPbmSbTem+2 compounds synthesized through a solid-state microwave technique.pdf",10.1016/j.ijhydene.2015.12.205,AgSbTe2,AgPb4SbTe6,AgPb4SbTe6,1,No,Pb,m=4,Ag,,Pb (m=4) @ Ag site,electrical conductivity,145.58,S/cm,300,K,Table 4,,
"Structural, characterization and electrical properties of AgPbmSbTem+2 compounds synthesized through a solid-state microwave technique.pdf",10.1016/j.ijhydene.2015.12.205,AgSbTe2,AgPb4SbTe6,AgPb4SbTe6,1,No,Pb,m=4,Ag,,Pb (m=4) @ Ag site,Seebeck coefficient,-6.8,mV/K,300,K,Table 4,,
"Structural, characterization and electrical properties of AgPbmSbTem+2 compounds synthesized through a solid-state microwave technique.pdf",10.1016/j.ijhydene.2015.12.205,AgSbTe2,AgPb6SbTe8,AgPb6SbTe8,1,No,Pb,m=6,Ag,,Pb (m=6) @ Ag site,electrical conductivity,66.17,S/cm,300,K,Table 4,,
"Structural, characterization and electrical properties of AgPbmSbTem+2 compounds synthesized through a solid-state microwave technique.pdf",10.1016/j.ijhydene.2015.12.205,AgSbTe2,AgPb6SbTe8,AgPb6SbTe8,1,No,Pb,m=6,Ag,,Pb (m=6) @ Ag site,Seebeck coefficient,-104,mV/K,300,K,Table 4,,
"Structural, characterization and electrical properties of AgPbmSbTem+2 compounds synthesized through a solid-state microwave technique.pdf",10.1016/j.ijhydene.2015.12.205,AgSbTe2,AgPb8SbTe10,AgPb8SbTe10,1,No,Pb,m=8,Ag,,Pb (m=8) @ Ag site,electrical conductivity,205.94,S/cm,300,K,Table 4,,
"Structural, characterization and electrical properties of AgPbmSbTem+2 compounds synthesized through a solid-state microwave technique.pdf",10.1016/j.ijhydene.2015.12.205,AgSbTe2,AgPb8SbTe10,AgPb8SbTe10,1,No,Pb,m=8,Ag,,Pb (m=8) @ Ag site,Seebeck coefficient,-295.2,mV/K,300,K,Table 4,,
"Structural, characterization and electrical properties of AgPbmSbTem+2 compounds synthesized through a solid-state microwave technique.pdf",10.1016/j.ijhydene.2015.12.205,AgSbTe2,AgPb8SbTe10,AgPb8SbTe10,1,No,Pb,m=8,Ag,,Pb (m=8) @ Ag site,Seebeck coefficient,-419.69,mV/K,338,K,body text,,
"Structural, characterization and electrical properties of AgPbmSbTem+2 compounds synthesized through a solid-state microwave technique.pdf",10.1016/j.ijhydene.2015.12.205,AgSbTe2,AgPb8SbTe10,AgPb8SbTe10,1,No,Pb,m=8,Ag,,Pb (m=8) @ Ag site,power factor,1.87,mW K-2 m-1,310,K,body text,,
"Structural, characterization and electrical properties of AgPbmSbTem+2 compounds synthesized through a solid-state microwave technique.pdf",10.1016/j.ijhydene.2015.12.205,AgSbTe2,AgPb10SbTe12,AgPb10SbTe12,1,No,Pb,m=10,Ag,,Pb (m=10) @ Ag site,electrical conductivity,156.06,S/cm,300,K,Table 4,,
"Structural, characterization and electrical properties of AgPbmSbTem+2 compounds synthesized through a solid-state microwave technique.pdf",10.1016/j.ijhydene.2015.12.205,AgSbTe2,AgPb10SbTe12,AgPb10SbTe12,1,No,Pb,m=10,Ag,,Pb (m=10) @ Ag site,Seebeck coefficient,-146.8,mV/K,300,K,Table 4,,
"Structural, characterization and electrical properties of AgPbmSbTem+2 compounds synthesized through a solid-state microwave technique.pdf",10.1016/j.ijhydene.2015.12.205,AgSbTe2,AgPb0SbTe2,AgSbTe2,1,No,Pb,m=0,unclear,,Pb (m=0) @ unclear site,,,,,,,,
"Structural, characterization and electrical properties of AgPbmSbTem+2 compounds synthesized through a solid-state microwave technique.pdf",10.1016/j.ijhydene.2015.12.205,AgSbTe2,AgPb2SbTe4,AgPb2SbTe4,1,No,Pb,m=2,unclear,,Pb (m=2) @ unclear site,,,,,,,,
"Structural, characterization and electrical properties of AgPbmSbTem+2 compounds synthesized through a solid-state microwave technique.pdf",10.1016/j.ijhydene.2015.12.205,AgSbTe2,AgPb4SbTe6,AgPb4SbTe6,1,No,Pb,m=4,unclear,,Pb (m=4) @ unclear site,,,,,,,,
"Structural, characterization and electrical properties of AgPbmSbTem+2 compounds synthesized through a solid-state microwave technique.pdf",10.1016/j.ijhydene.2015.12.205,AgSbTe2,AgPb6SbTe8,AgPb6SbTe8,1,No,Pb,m=6,unclear,,Pb (m=6) @ unclear site,,,,,,,,
"Structural, characterization and electrical properties of AgPbmSbTem+2 compounds synthesized through a solid-state microwave technique.pdf",10.1016/j.ijhydene.2015.12.205,AgSbTe2,AgPb8SbTe10,AgPb8SbTe10,1,No,Pb,m=8,unclear,,Pb (m=8) @ unclear site,,,,,,,,
"Structural, characterization and electrical properties of AgPbmSbTem+2 compounds synthesized through a solid-state microwave technique.pdf",10.1016/j.ijhydene.2015.12.205,AgSbTe2,AgPb10SbTe12,AgPb10SbTe12,1,No,Pb,m=10,unclear,,Pb (m=10) @ unclear site,,,,,,,,
"Structural, characterization and electrical properties of AgPbmSbTem+2 compounds synthesized through a solid-state microwave technique.pdf",10.1016/j.ijhydene.2015.12.205,AgSbTe2,AgSbTe2 (m=0),AgSbTe2,1,No,none,0,unclear,,none (0) @ unclear site,electrical conductivity,482.96,S/cm,,,table,Table 4,
"Structural, characterization and electrical properties of AgPbmSbTem+2 compounds synthesized through a solid-state microwave technique.pdf",10.1016/j.ijhydene.2015.12.205,AgSbTe2,AgSbTe2 (m=0),AgSbTe2,1,No,none,0,unclear,,none (0) @ unclear site,Seebeck coefficient,-49.6,µV/K,,,table,Table 4,
"Structural, characterization and electrical properties of AgPbmSbTem+2 compounds synthesized through a solid-state microwave technique.pdf",10.1016/j.ijhydene.2015.12.205,AgSbTe2,AgPb2SbTe4 (m=2),AgPb2SbTe4,1,No,Pb,m=2,Ag,,Pb (m=2) @ Ag site,electrical conductivity,81.36,S/cm,,,table,Table 4,
"Structural, characterization and electrical properties of AgPbmSbTem+2 compounds synthesized through a solid-state microwave technique.pdf",10.1016/j.ijhydene.2015.12.205,AgSbTe2,AgPb2SbTe4 (m=2),AgPb2SbTe4,1,No,Pb,m=2,Ag,,Pb (m=2) @ Ag site,Seebeck coefficient,-83.2,µV/K,,,table,Table 4,
"Structural, characterization and electrical properties of AgPbmSbTem+2 compounds synthesized through a solid-state microwave technique.pdf",10.1016/j.ijhydene.2015.12.205,AgSbTe2,AgPb4SbTe6 (m=4),AgPb4SbTe6,1,No,Pb,m=4,Ag,,Pb (m=4) @ Ag site,electrical conductivity,145.58,S/cm,,,table,Table 4,
"Structural, characterization and electrical properties of AgPbmSbTem+2 compounds synthesized through a solid-state microwave technique.pdf",10.1016/j.ijhydene.2015.12.205,AgSbTe2,AgPb4SbTe6 (m=4),AgPb4SbTe6,1,No,Pb,m=4,Ag,,Pb (m=4) @ Ag site,Seebeck coefficient,-6.8,µV/K,,,table,Table 4,
"Structural, characterization and electrical properties of AgPbmSbTem+2 compounds synthesized through a solid-state microwave technique.pdf",10.1016/j.ijhydene.2015.12.205,AgSbTe2,AgPb6SbTe8 (m=6),AgPb6SbTe8,1,No,Pb,m=6,Ag,,Pb (m=6) @ Ag site,electrical conductivity,66.17,S/cm,,,table,Table 4,
"Structural, characterization and electrical properties of AgPbmSbTem+2 compounds synthesized through a solid-state microwave technique.pdf",10.1016/j.ijhydene.2015.12.205,AgSbTe2,AgPb6SbTe8 (m=6),AgPb6SbTe8,1,No,Pb,m=6,Ag,,Pb (m=6) @ Ag site,Seebeck coefficient,-104,µV/K,,,table,Table 4,
"Structural, characterization and electrical properties of AgPbmSbTem+2 compounds synthesized through a solid-state microwave technique.pdf",10.1016/j.ijhydene.2015.12.205,AgSbTe2,AgPb8SbTe10 (m=8),AgPb8SbTe10,1,No,Pb,m=8,Ag,,Pb (m=8) @ Ag site,electrical conductivity,205.94,S/cm,,,table,Table 4,
"Structural, characterization and electrical properties of AgPbmSbTem+2 compounds synthesized through a solid-state microwave technique.pdf",10.1016/j.ijhydene.2015.12.205,AgSbTe2,AgPb8SbTe10 (m=8),AgPb8SbTe10,1,No,Pb,m=8,Ag,,Pb (m=8) @ Ag site,Seebeck coefficient,-295.2,µV/K,,,table,Table 4,
"Structural, characterization and electrical properties of AgPbmSbTem+2 compounds synthesized through a solid-state microwave technique.pdf",10.1016/j.ijhydene.2015.12.205,AgSbTe2,AgPb10SbTe12 (m=10),AgPb10SbTe12,1,No,Pb,m=10,Ag,,Pb (m=10) @ Ag site,electrical conductivity,156.06,S/cm,,,table,Table 4,
"Structural, characterization and electrical properties of AgPbmSbTem+2 compounds synthesized through a solid-state microwave technique.pdf",10.1016/j.ijhydene.2015.12.205,AgSbTe2,AgPb10SbTe12 (m=10),AgPb10SbTe12,1,No,Pb,m=10,Ag,,Pb (m=10) @ Ag site,Seebeck coefficient,-146.8,µV/K,,,table,Table 4,
Synergistic Effect of Mg–Se Co-Doping and Post-Annealing on the Thermoelectric Performance of Polycrystalline AgSbTe2.pdf,10.1021/acsaem.6c01258,AgSbTe2,AgSbTe1.85Se0.15,AgSbTe1.85Se0.15,1,No,Se,15 at%,Te,,Se (15 at%) @ Te site,electrical conductivity,3.4,10^4 S m^-1,300,K,body text,,
Synergistic Effect of Mg–Se Co-Doping and Post-Annealing on the Thermoelectric Performance of Polycrystalline AgSbTe2.pdf,10.1021/acsaem.6c01258,AgSbTe2,AgSbTe1.85Se0.15,AgSbTe1.85Se0.15,1,No,Se,15 at%,Te,,Se (15 at%) @ Te site,thermal conductivity,0.36,W m^-1 K^-1,507,K,body text,,
Synergistic Effect of Mg–Se Co-Doping and Post-Annealing on the Thermoelectric Performance of Polycrystalline AgSbTe2.pdf,10.1021/acsaem.6c01258,AgSbTe2,AgSbTe1.85Se0.15,AgSbTe1.85Se0.15,1,No,Se,15 at%,Te,,Se (15 at%) @ Te site,ZT,1.66,dimensionless,507,K,body text,,
Synergistic Effect of Mg–Se Co-Doping and Post-Annealing on the Thermoelectric Performance of Polycrystalline AgSbTe2.pdf,10.1021/acsaem.6c01258,AgSbTe2,AgSb0.95Mg0.05Te1.85Se0.15,AgSb0.95Mg0.05Te1.85Se0.15,2,Yes,Mg,5 at%,Sb,Se (15 at%) @ Te,Mg (5 at%) @ Sb site; Se (15 at%) @ Te site,electrical conductivity,2.93,10^4 S m^-1,300,K,body text,,
Synergistic Effect of Mg–Se Co-Doping and Post-Annealing on the Thermoelectric Performance of Polycrystalline AgSbTe2.pdf,10.1021/acsaem.6c01258,AgSbTe2,AgSb0.95Mg0.05Te1.85Se0.15,AgSb0.95Mg0.05Te1.85Se0.15,2,Yes,Mg,5 at%,Sb,Se (15 at%) @ Te,Mg (5 at%) @ Sb site; Se (15 at%) @ Te site,Seebeck coefficient,190.7,μV K^-1,300,K,body text,,
Synergistic Effect of Mg–Se Co-Doping and Post-Annealing on the Thermoelectric Performance of Polycrystalline AgSbTe2.pdf,10.1021/acsaem.6c01258,AgSbTe2,AgSb0.95Mg0.05Te1.85Se0.15,AgSb0.95Mg0.05Te1.85Se0.15,2,Yes,Mg,5 at%,Sb,Se (15 at%) @ Te,Mg (5 at%) @ Sb site; Se (15 at%) @ Te site,power factor,14.2,μW cm^-1 K^-2,508,K,body text,,
Synergistic Effect of Mg–Se Co-Doping and Post-Annealing on the Thermoelectric Performance of Polycrystalline AgSbTe2.pdf,10.1021/acsaem.6c01258,AgSbTe2,AgSb0.95Mg0.05Te1.85Se0.15,AgSb0.95Mg0.05Te1.85Se0.15,2,Yes,Mg,5 at%,Sb,Se (15 at%) @ Te,Mg (5 at%) @ Sb site; Se (15 at%) @ Te site,ZT,1.82,dimensionless,560,K,body text,,
Synergistic Effect of Mg–Se Co-Doping and Post-Annealing on the Thermoelectric Performance of Polycrystalline AgSbTe2.pdf,10.1021/acsaem.6c01258,AgSbTe2,AgSb0.95Mg0.05Te1.85Se0.15,AgSb0.95Mg0.05Te1.85Se0.15,2,Yes,Mg,5 at%,Sb,Se (15 at%) @ Te,Mg (5 at%) @ Sb site; Se (15 at%) @ Te site,power factor,19.2,μW cm^-1 K^-2,610,K,body text,,
Synergistic Effect of Mg–Se Co-Doping and Post-Annealing on the Thermoelectric Performance of Polycrystalline AgSbTe2.pdf,10.1021/acsaem.6c01258,AgSbTe2,AgSb0.95Mg0.05Te1.85Se0.15,AgSb0.95Mg0.05Te1.85Se0.15,2,Yes,Mg,5 at%,Sb,Se (15 at%) @ Te,Mg (5 at%) @ Sb site; Se (15 at%) @ Te site,ZT,2.15,dimensionless,560,K,body text,,
Synergistic Effect of Mg–Se Co-Doping and Post-Annealing on the Thermoelectric Performance of Polycrystalline AgSbTe2.pdf,10.1021/acsaem.6c01258,AgSbTe2,AgSbTe2,AgSbTe2,0,No,,,,,,electrical conductivity,0.8,10^4 S m^-1,300,K,figure,Figure 2a,Visually estimated from Figure 2a
Synergistic Effect of Mg–Se Co-Doping and Post-Annealing on the Thermoelectric Performance of Polycrystalline AgSbTe2.pdf,10.1021/acsaem.6c01258,AgSbTe2,AgSbTe2,AgSbTe2,0,No,,,,,,Seebeck coefficient,150,uV K^-1,300,K,figure,Figure 2b,Visually estimated from Figure 2b
Synergistic Effect of Mg–Se Co-Doping and Post-Annealing on the Thermoelectric Performance of Polycrystalline AgSbTe2.pdf,10.1021/acsaem.6c01258,AgSbTe2,AgSbTe2,AgSbTe2,0,No,,,,,,power factor,2,uW cm^-1 K^-2,300,K,figure,Figure 2c,Visually estimated from Figure 2c
Synergistic Effect of Mg–Se Co-Doping and Post-Annealing on the Thermoelectric Performance of Polycrystalline AgSbTe2.pdf,10.1021/acsaem.6c01258,AgSbTe2,AgSbTe2,AgSbTe2,0,No,,,,,,thermal conductivity,0.6,W m^-1 K^-1,300,K,figure,Figure 3a,Visually estimated from Figure 3a
Synergistic Effect of Mg–Se Co-Doping and Post-Annealing on the Thermoelectric Performance of Polycrystalline AgSbTe2.pdf,10.1021/acsaem.6c01258,AgSbTe2,AgSbTe2,AgSbTe2,0,No,,,,,,lattice thermal conductivity,0.4,W m^-1 K^-1,300,K,figure,Figure 3b,Visually estimated from Figure 3b
Synergistic Effect of Mg–Se Co-Doping and Post-Annealing on the Thermoelectric Performance of Polycrystalline AgSbTe2.pdf,10.1021/acsaem.6c01258,AgSbTe2,AgSbTe2,AgSbTe2,0,No,,,,,,ZT,0.2,dimensionless,300,K,figure,Figure 3c,Visually estimated from Figure 3c
Synergistic Effect of Mg–Se Co-Doping and Post-Annealing on the Thermoelectric Performance of Polycrystalline AgSbTe2.pdf,10.1021/acsaem.6c01258,AgSbTe2,AgSbTe1.85Se0.15,AgSbTe1.85Se0.15,1,No,Se,0.15,Te,,Se (0.15) @ Te site,electrical conductivity,2.2,10^4 S m^-1,300,K,figure,Figure 2a,Visually estimated from Figure 2a
Synergistic Effect of Mg–Se Co-Doping and Post-Annealing on the Thermoelectric Performance of Polycrystalline AgSbTe2.pdf,10.1021/acsaem.6c01258,AgSbTe2,AgSbTe1.85Se0.15,AgSbTe1.85Se0.15,1,No,Se,0.15,Te,,Se (0.15) @ Te site,Seebeck coefficient,200,uV K^-1,300,K,figure,Figure 2b,Visually estimated from Figure 2b
Synergistic Effect of Mg–Se Co-Doping and Post-Annealing on the Thermoelectric Performance of Polycrystalline AgSbTe2.pdf,10.1021/acsaem.6c01258,AgSbTe2,AgSbTe1.85Se0.15,AgSbTe1.85Se0.15,1,No,Se,0.15,Te,,Se (0.15) @ Te site,power factor,9,uW cm^-1 K^-2,300,K,figure,Figure 2c,Visually estimated from Figure 2c
Synergistic Effect of Mg–Se Co-Doping and Post-Annealing on the Thermoelectric Performance of Polycrystalline AgSbTe2.pdf,10.1021/acsaem.6c01258,AgSbTe2,AgSbTe1.85Se0.15,AgSbTe1.85Se0.15,1,No,Se,0.15,Te,,Se (0.15) @ Te site,thermal conductivity,0.5,W m^-1 K^-1,300,K,figure,Figure 3a,Visually estimated from Figure 3a
Synergistic Effect of Mg–Se Co-Doping and Post-Annealing on the Thermoelectric Performance of Polycrystalline AgSbTe2.pdf,10.1021/acsaem.6c01258,AgSbTe2,AgSbTe1.85Se0.15,AgSbTe1.85Se0.15,1,No,Se,0.15,Te,,Se (0.15) @ Te site,lattice thermal conductivity,0.35,W m^-1 K^-1,300,K,figure,Figure 3b,Visually estimated from Figure 3b
Synergistic Effect of Mg–Se Co-Doping and Post-Annealing on the Thermoelectric Performance of Polycrystalline AgSbTe2.pdf,10.1021/acsaem.6c01258,AgSbTe2,AgSbTe1.85Se0.15,AgSbTe1.85Se0.15,1,No,Se,0.15,Te,,Se (0.15) @ Te site,ZT,0.4,dimensionless,300,K,figure,Figure 3c,Visually estimated from Figure 3c
Synergistic Effect of Mg–Se Co-Doping and Post-Annealing on the Thermoelectric Performance of Polycrystalline AgSbTe2.pdf,10.1021/acsaem.6c01258,AgSbTe2,Ag0.96Mg0.04SbTe1.85Se0.15,Ag0.96Mg0.04SbTe1.85Se0.15,2,Yes,Mg,0.04,Ag,Se (0.15) @ Te,Mg (0.04) @ Ag site; Se (0.15) @ Te site,electrical conductivity,2.0,10^4 S m^-1,300,K,figure,Figure 2a,Visually estimated from Figure 2a
Synergistic Effect of Mg–Se Co-Doping and Post-Annealing on the Thermoelectric Performance of Polycrystalline AgSbTe2.pdf,10.1021/acsaem.6c01258,AgSbTe2,Ag0.96Mg0.04SbTe1.85Se0.15,Ag0.96Mg0.04SbTe1.85Se0.15,2,Yes,Mg,0.04,Ag,Se (0.15) @ Te,Mg (0.04) @ Ag site; Se (0.15) @ Te site,Seebeck coefficient,220,uV K^-1,300,K,figure,Figure 2b,Visually estimated from Figure 2b
Synergistic Effect of Mg–Se Co-Doping and Post-Annealing on the Thermoelectric Performance of Polycrystalline AgSbTe2.pdf,10.1021/acsaem.6c01258,AgSbTe2,Ag0.96Mg0.04SbTe1.85Se0.15,Ag0.96Mg0.04SbTe1.85Se0.15,2,Yes,Mg,0.04,Ag,Se (0.15) @ Te,Mg (0.04) @ Ag site; Se (0.15) @ Te site,power factor,10,uW cm^-1 K^-2,300,K,figure,Figure 2c,Visually estimated from Figure 2c
Synergistic Effect of Mg–Se Co-Doping and Post-Annealing on the Thermoelectric Performance of Polycrystalline AgSbTe2.pdf,10.1021/acsaem.6c01258,AgSbTe2,Ag0.96Mg0.04SbTe1.85Se0.15,Ag0.96Mg0.04SbTe1.85Se0.15,2,Yes,Mg,0.04,Ag,Se (0.15) @ Te,Mg (0.04) @ Ag site; Se (0.15) @ Te site,thermal conductivity,0.45,W m^-1 K^-1,300,K,figure,Figure 3a,Visually estimated from Figure 3a
Synergistic Effect of Mg–Se Co-Doping and Post-Annealing on the Thermoelectric Performance of Polycrystalline AgSbTe2.pdf,10.1021/acsaem.6c01258,AgSbTe2,Ag0.96Mg0.04SbTe1.85Se0.15,Ag0.96Mg0.04SbTe1.85Se0.15,2,Yes,Mg,0.04,Ag,Se (0.15) @ Te,Mg (0.04) @ Ag site; Se (0.15) @ Te site,lattice thermal conductivity,0.3,W m^-1 K^-1,300,K,figure,Figure 3b,Visually estimated from Figure 3b
Synergistic Effect of Mg–Se Co-Doping and Post-Annealing on the Thermoelectric Performance of Polycrystalline AgSbTe2.pdf,10.1021/acsaem.6c01258,AgSbTe2,Ag0.96Mg0.04SbTe1.85Se0.15,Ag0.96Mg0.04SbTe1.85Se0.15,2,Yes,Mg,0.04,Ag,Se (0.15) @ Te,Mg (0.04) @ Ag site; Se (0.15) @ Te site,ZT,0.5,dimensionless,300,K,figure,Figure 3c,Visually estimated from Figure 3c
Synergistic Effect of Mg–Se Co-Doping and Post-Annealing on the Thermoelectric Performance of Polycrystalline AgSbTe2.pdf,10.1021/acsaem.6c01258,AgSbTe2,Ag0.95Mg0.05SbTe1.85Se0.15,Ag0.95Mg0.05SbTe1.85Se0.15,2,Yes,Mg,0.05,Ag,Se (0.15) @ Te,Mg (0.05) @ Ag site; Se (0.15) @ Te site,electrical conductivity,2.8,10^4 S m^-1,300,K,figure,Figure 2a,Visually estimated from Figure 2a
Synergistic Effect of Mg–Se Co-Doping and Post-Annealing on the Thermoelectric Performance of Polycrystalline AgSbTe2.pdf,10.1021/acsaem.6c01258,AgSbTe2,Ag0.95Mg0.05SbTe1.85Se0.15,Ag0.95Mg0.05SbTe1.85Se0.15,2,Yes,Mg,0.05,Ag,Se (0.15) @ Te,Mg (0.05) @ Ag site; Se (0.15) @ Te site,Seebeck coefficient,190,uV K^-1,300,K,figure,Figure 2b,Visually estimated from Figure 2b
Synergistic Effect of Mg–Se Co-Doping and Post-Annealing on the Thermoelectric Performance of Polycrystalline AgSbTe2.pdf,10.1021/acsaem.6c01258,AgSbTe2,Ag0.95Mg0.05SbTe1.85Se0.15,Ag0.95Mg0.05SbTe1.85Se0.15,2,Yes,Mg,0.05,Ag,Se (0.15) @ Te,Mg (0.05) @ Ag site; Se (0.15) @ Te site,power factor,11,uW cm^-1 K^-2,300,K,figure,Figure 2c,Visually estimated from Figure 2c
Synergistic Effect of Mg–Se Co-Doping and Post-Annealing on the Thermoelectric Performance of Polycrystalline AgSbTe2.pdf,10.1021/acsaem.6c01258,AgSbTe2,Ag0.95Mg0.05SbTe1.85Se0.15,Ag0.95Mg0.05SbTe1.85Se0.15,2,Yes,Mg,0.05,Ag,Se (0.15) @ Te,Mg (0.05) @ Ag site; Se (0.15) @ Te site,thermal conductivity,0.5,W m^-1 K^-1,300,K,figure,Figure 3a,Visually estimated from Figure 3a
Synergistic Effect of Mg–Se Co-Doping and Post-Annealing on the Thermoelectric Performance of Polycrystalline AgSbTe2.pdf,10.1021/acsaem.6c01258,AgSbTe2,Ag0.95Mg0.05SbTe1.85Se0.15,Ag0.95Mg0.05SbTe1.85Se0.15,2,Yes,Mg,0.05,Ag,Se (0.15) @ Te,Mg (0.05) @ Ag site; Se (0.15) @ Te site,lattice thermal conductivity,0.35,W m^-1 K^-1,300,K,figure,Figure 3b,Visually estimated from Figure 3b
Synergistic Effect of Mg–Se Co-Doping and Post-Annealing on the Thermoelectric Performance of Polycrystalline AgSbTe2.pdf,10.1021/acsaem.6c01258,AgSbTe2,Ag0.95Mg0.05SbTe1.85Se0.15,Ag0.95Mg0.05SbTe1.85Se0.15,2,Yes,Mg,0.05,Ag,Se (0.15) @ Te,Mg (0.05) @ Ag site; Se (0.15) @ Te site,ZT,0.6,dimensionless,300,K,figure,Figure 3c,Visually estimated from Figure 3c
Synergistic Effect of Mg–Se Co-Doping and Post-Annealing on the Thermoelectric Performance of Polycrystalline AgSbTe2.pdf,10.1021/acsaem.6c01258,AgSbTe2,Ag0.94Mg0.06SbTe1.85Se0.15,Ag0.94Mg0.06SbTe1.85Se0.15,2,Yes,Mg,0.06,Ag,Se (0.15) @ Te,Mg (0.06) @ Ag site; Se (0.15) @ Te site,electrical conductivity,1.8,10^4 S m^-1,300,K,figure,Figure 2a,Visually estimated from Figure 2a
Synergistic Effect of Mg–Se Co-Doping and Post-Annealing on the Thermoelectric Performance of Polycrystalline AgSbTe2.pdf,10.1021/acsaem.6c01258,AgSbTe2,Ag0.94Mg0.06SbTe1.85Se0.15,Ag0.94Mg0.06SbTe1.85Se0.15,2,Yes,Mg,0.06,Ag,Se (0.15) @ Te,Mg (0.06) @ Ag site; Se (0.15) @ Te site,Seebeck coefficient,210,uV K^-1,300,K,figure,Figure 2b,Visually estimated from Figure 2b
Synergistic Effect of Mg–Se Co-Doping and Post-Annealing on the Thermoelectric Performance of Polycrystalline AgSbTe2.pdf,10.1021/acsaem.6c01258,AgSbTe2,Ag0.94Mg0.06SbTe1.85Se0.15,Ag0.94Mg0.06SbTe1.85Se0.15,2,Yes,Mg,0.06,Ag,Se (0.15) @ Te,Mg (0.06) @ Ag site; Se (0.15) @ Te site,power factor,8,uW cm^-1 K^-2,300,K,figure,Figure 2c,Visually estimated from Figure 2c
Synergistic Effect of Mg–Se Co-Doping and Post-Annealing on the Thermoelectric Performance of Polycrystalline AgSbTe2.pdf,10.1021/acsaem.6c01258,AgSbTe2,Ag0.94Mg0.06SbTe1.85Se0.15,Ag0.94Mg0.06SbTe1.85Se0.15,2,Yes,Mg,0.06,Ag,Se (0.15) @ Te,Mg (0.06) @ Ag site; Se (0.15) @ Te site,thermal conductivity,0.4,W m^-1 K^-1,300,K,figure,Figure 3a,Visually estimated from Figure 3a
Synergistic Effect of Mg–Se Co-Doping and Post-Annealing on the Thermoelectric Performance of Polycrystalline AgSbTe2.pdf,10.1021/acsaem.6c01258,AgSbTe2,Ag0.94Mg0.06SbTe1.85Se0.15,Ag0.94Mg0.06SbTe1.85Se0.15,2,Yes,Mg,0.06,Ag,Se (0.15) @ Te,Mg (0.06) @ Ag site; Se (0.15) @ Te site,lattice thermal conductivity,0.3,W m^-1 K^-1,300,K,figure,Figure 3b,Visually estimated from Figure 3b
Synergistic Effect of Mg–Se Co-Doping and Post-Annealing on the Thermoelectric Performance of Polycrystalline AgSbTe2.pdf,10.1021/acsaem.6c01258,AgSbTe2,Ag0.94Mg0.06SbTe1.85Se0.15,Ag0.94Mg0.06SbTe1.85Se0.15,2,Yes,Mg,0.06,Ag,Se (0.15) @ Te,Mg (0.06) @ Ag site; Se (0.15) @ Te site,ZT,0.5,dimensionless,300,K,figure,Figure 3c,Visually estimated from Figure 3c
Synergistic Effect of Mg–Se Co-Doping and Post-Annealing on the Thermoelectric Performance of Polycrystalline AgSbTe2.pdf,10.1021/acsaem.6c01258,AgSbTe2,AgSb0.95Mg0.05Te1.85Se0.15 (without annealing),AgSb0.95Mg0.05Te1.85Se0.15,2,Yes,Mg,0.05,Sb,Se (0.15) @ Te,Mg (0.05) @ Sb site; Se (0.15) @ Te site,electrical conductivity,2.5,10^4 Sm^-1,300,K,figure,,Visually estimated from Fig 7a
Synergistic Effect of Mg–Se Co-Doping and Post-Annealing on the Thermoelectric Performance of Polycrystalline AgSbTe2.pdf,10.1021/acsaem.6c01258,AgSbTe2,AgSb0.95Mg0.05Te1.85Se0.15 (without annealing),AgSb0.95Mg0.05Te1.85Se0.15,2,Yes,Mg,0.05,Sb,Se (0.15) @ Te,Mg (0.05) @ Sb site; Se (0.15) @ Te site,electrical conductivity,2.8,10^4 Sm^-1,500,K,figure,,Visually estimated from Fig 7a
Synergistic Effect of Mg–Se Co-Doping and Post-Annealing on the Thermoelectric Performance of Polycrystalline AgSbTe2.pdf,10.1021/acsaem.6c01258,AgSbTe2,AgSb0.95Mg0.05Te1.85Se0.15 (without annealing),AgSb0.95Mg0.05Te1.85Se0.15,2,Yes,Mg,0.05,Sb,Se (0.15) @ Te,Mg (0.05) @ Sb site; Se (0.15) @ Te site,Seebeck coefficient,200,uV K^-1,300,K,figure,,Visually estimated from Fig 7b
Synergistic Effect of Mg–Se Co-Doping and Post-Annealing on the Thermoelectric Performance of Polycrystalline AgSbTe2.pdf,10.1021/acsaem.6c01258,AgSbTe2,AgSb0.95Mg0.05Te1.85Se0.15 (without annealing),AgSb0.95Mg0.05Te1.85Se0.15,2,Yes,Mg,0.05,Sb,Se (0.15) @ Te,Mg (0.05) @ Sb site; Se (0.15) @ Te site,Seebeck coefficient,210,uV K^-1,500,K,figure,,Visually estimated from Fig 7b
Synergistic Effect of Mg–Se Co-Doping and Post-Annealing on the Thermoelectric Performance of Polycrystalline AgSbTe2.pdf,10.1021/acsaem.6c01258,AgSbTe2,AgSb0.95Mg0.05Te1.85Se0.15 (without annealing),AgSb0.95Mg0.05Te1.85Se0.15,2,Yes,Mg,0.05,Sb,Se (0.15) @ Te,Mg (0.05) @ Sb site; Se (0.15) @ Te site,power factor,10,uW cm^-1 K^-2,300,K,figure,,Visually estimated from Fig 7c
Synergistic Effect of Mg–Se Co-Doping and Post-Annealing on the Thermoelectric Performance of Polycrystalline AgSbTe2.pdf,10.1021/acsaem.6c01258,AgSbTe2,AgSb0.95Mg0.05Te1.85Se0.15 (without annealing),AgSb0.95Mg0.05Te1.85Se0.15,2,Yes,Mg,0.05,Sb,Se (0.15) @ Te,Mg (0.05) @ Sb site; Se (0.15) @ Te site,power factor,14,uW cm^-1 K^-2,560,K,figure,,Visually estimated from Fig 7c
Synergistic Effect of Mg–Se Co-Doping and Post-Annealing on the Thermoelectric Performance of Polycrystalline AgSbTe2.pdf,10.1021/acsaem.6c01258,AgSbTe2,AgSb0.95Mg0.05Te1.85Se0.15 (without annealing),AgSb0.95Mg0.05Te1.85Se0.15,2,Yes,Mg,0.05,Sb,Se (0.15) @ Te,Mg (0.05) @ Sb site; Se (0.15) @ Te site,thermal conductivity,0.6,W m^-1 K^-1,300,K,figure,,Visually estimated from Fig 7d
Synergistic Effect of Mg–Se Co-Doping and Post-Annealing on the Thermoelectric Performance of Polycrystalline AgSbTe2.pdf,10.1021/acsaem.6c01258,AgSbTe2,AgSb0.95Mg0.05Te1.85Se0.15 (without annealing),AgSb0.95Mg0.05Te1.85Se0.15,2,Yes,Mg,0.05,Sb,Se (0.15) @ Te,Mg (0.05) @ Sb site; Se (0.15) @ Te site,lattice thermal conductivity,0.45,W m^-1 K^-1,300,K,figure,,Visually estimated from Fig 7e
Synergistic Effect of Mg–Se Co-Doping and Post-Annealing on the Thermoelectric Performance of Polycrystalline AgSbTe2.pdf,10.1021/acsaem.6c01258,AgSbTe2,AgSb0.95Mg0.05Te1.85Se0.15 (without annealing),AgSb0.95Mg0.05Te1.85Se0.15,2,Yes,Mg,0.05,Sb,Se (0.15) @ Te,Mg (0.05) @ Sb site; Se (0.15) @ Te site,ZT,0.7,dimensionless,300,K,figure,,Visually estimated from Fig 7f
Synergistic Effect of Mg–Se Co-Doping and Post-Annealing on the Thermoelectric Performance of Polycrystalline AgSbTe2.pdf,10.1021/acsaem.6c01258,AgSbTe2,AgSb0.95Mg0.05Te1.85Se0.15 (without annealing),AgSb0.95Mg0.05Te1.85Se0.15,2,Yes,Mg,0.05,Sb,Se (0.15) @ Te,Mg (0.05) @ Sb site; Se (0.15) @ Te site,ZT,1.5,dimensionless,550,K,figure,,Visually estimated from Fig 7f
Synergistic Effect of Mg–Se Co-Doping and Post-Annealing on the Thermoelectric Performance of Polycrystalline AgSbTe2.pdf,10.1021/acsaem.6c01258,AgSbTe2,AgSb0.95Mg0.05Te1.85Se0.15 (annealed),AgSb0.95Mg0.05Te1.85Se0.15,2,Yes,Mg,0.05,Sb,Se (0.15) @ Te,Mg (0.05) @ Sb site; Se (0.15) @ Te site,electrical conductivity,3.0,10^4 Sm^-1,300,K,figure,,Visually estimated from Fig 7a
Synergistic Effect of Mg–Se Co-Doping and Post-Annealing on the Thermoelectric Performance of Polycrystalline AgSbTe2.pdf,10.1021/acsaem.6c01258,AgSbTe2,AgSb0.95Mg0.05Te1.85Se0.15 (annealed),AgSb0.95Mg0.05Te1.85Se0.15,2,Yes,Mg,0.05,Sb,Se (0.15) @ Te,Mg (0.05) @ Sb site; Se (0.15) @ Te site,electrical conductivity,3.8,10^4 Sm^-1,500,K,figure,,Visually estimated from Fig 7a
Synergistic Effect of Mg–Se Co-Doping and Post-Annealing on the Thermoelectric Performance of Polycrystalline AgSbTe2.pdf,10.1021/acsaem.6c01258,AgSbTe2,AgSb0.95Mg0.05Te1.85Se0.15 (annealed),AgSb0.95Mg0.05Te1.85Se0.15,2,Yes,Mg,0.05,Sb,Se (0.15) @ Te,Mg (0.05) @ Sb site; Se (0.15) @ Te site,Seebeck coefficient,205,uV K^-1,300,K,figure,,Visually estimated from Fig 7b
Synergistic Effect of Mg–Se Co-Doping and Post-Annealing on the Thermoelectric Performance of Polycrystalline AgSbTe2.pdf,10.1021/acsaem.6c01258,AgSbTe2,AgSb0.95Mg0.05Te1.85Se0.15 (annealed),AgSb0.95Mg0.05Te1.85Se0.15,2,Yes,Mg,0.05,Sb,Se (0.15) @ Te,Mg (0.05) @ Sb site; Se (0.15) @ Te site,Seebeck coefficient,215,uV K^-1,500,K,figure,,Visually estimated from Fig 7b
Synergistic Effect of Mg–Se Co-Doping and Post-Annealing on the Thermoelectric Performance of Polycrystalline AgSbTe2.pdf,10.1021/acsaem.6c01258,AgSbTe2,AgSb0.95Mg0.05Te1.85Se0.15 (annealed),AgSb0.95Mg0.05Te1.85Se0.15,2,Yes,Mg,0.05,Sb,Se (0.15) @ Te,Mg (0.05) @ Sb site; Se (0.15) @ Te site,power factor,12,uW cm^-1 K^-2,300,K,figure,,Visually estimated from Fig 7c
Synergistic Effect of Mg–Se Co-Doping and Post-Annealing on the Thermoelectric Performance of Polycrystalline AgSbTe2.pdf,10.1021/acsaem.6c01258,AgSbTe2,AgSb0.95Mg0.05Te1.85Se0.15 (annealed),AgSb0.95Mg0.05Te1.85Se0.15,2,Yes,Mg,0.05,Sb,Se (0.15) @ Te,Mg (0.05) @ Sb site; Se (0.15) @ Te site,power factor,19,uW cm^-1 K^-2,610,K,figure,,Visually estimated from Fig 7c
Synergistic Effect of Mg–Se Co-Doping and Post-Annealing on the Thermoelectric Performance of Polycrystalline AgSbTe2.pdf,10.1021/acsaem.6c01258,AgSbTe2,AgSb0.95Mg0.05Te1.85Se0.15 (annealed),AgSb0.95Mg0.05Te1.85Se0.15,2,Yes,Mg,0.05,Sb,Se (0.15) @ Te,Mg (0.05) @ Sb site; Se (0.15) @ Te site,thermal conductivity,0.65,W m^-1 K^-1,300,K,figure,,Visually estimated from Fig 7d
Synergistic Effect of Mg–Se Co-Doping and Post-Annealing on the Thermoelectric Performance of Polycrystalline AgSbTe2.pdf,10.1021/acsaem.6c01258,AgSbTe2,AgSb0.95Mg0.05Te1.85Se0.15 (annealed),AgSb0.95Mg0.05Te1.85Se0.15,2,Yes,Mg,0.05,Sb,Se (0.15) @ Te,Mg (0.05) @ Sb site; Se (0.15) @ Te site,lattice thermal conductivity,0.5,W m^-1 K^-1,300,K,figure,,Visually estimated from Fig 7e
Synergistic Effect of Mg–Se Co-Doping and Post-Annealing on the Thermoelectric Performance of Polycrystalline AgSbTe2.pdf,10.1021/acsaem.6c01258,AgSbTe2,AgSb0.95Mg0.05Te1.85Se0.15 (annealed),AgSb0.95Mg0.05Te1.85Se0.15,2,Yes,Mg,0.05,Sb,Se (0.15) @ Te,Mg (0.05) @ Sb site; Se (0.15) @ Te site,ZT,0.8,dimensionless,300,K,figure,,Visually estimated from Fig 7f
Synergistic Effect of Mg–Se Co-Doping and Post-Annealing on the Thermoelectric Performance of Polycrystalline AgSbTe2.pdf,10.1021/acsaem.6c01258,AgSbTe2,AgSb0.95Mg0.05Te1.85Se0.15 (annealed),AgSb0.95Mg0.05Te1.85Se0.15,2,Yes,Mg,0.05,Sb,Se (0.15) @ Te,Mg (0.05) @ Sb site; Se (0.15) @ Te site,ZT,2.15,dimensionless,550,K,figure,,Visually estimated from Fig 7f
Synergistic Optimization of Thermoelectric Performance in AgSbTe2 via Ag Vacancy and In Doping.pdf,10.1021/acsaem.6c00054,AgSbTe2,Ag0.97SbTe2,Ag0.97SbTe2,1,No,Ag vacancy,x = 0.03,Ag,,Ag vacancy (x = 0.03) @ Ag site,electrical conductivity,304.38,S cm-1,303,K,text,Section 3.2,
Synergistic Optimization of Thermoelectric Performance in AgSbTe2 via Ag Vacancy and In Doping.pdf,10.1021/acsaem.6c00054,AgSbTe2,Ag0.97SbTe2,Ag0.97SbTe2,1,No,Ag vacancy,x = 0.03,Ag,,Ag vacancy (x = 0.03) @ Ag site,Seebeck coefficient,150.68,μV K-1,303,K,text,Section 3.2,
Synergistic Optimization of Thermoelectric Performance in AgSbTe2 via Ag Vacancy and In Doping.pdf,10.1021/acsaem.6c00054,AgSbTe2,Ag0.97SbTe2,Ag0.97SbTe2,1,No,Ag vacancy,x = 0.03,Ag,,Ag vacancy (x = 0.03) @ Ag site,power factor,0.99,mW m-1 K-2,573,K,text,Section 3.2,
Synergistic Optimization of Thermoelectric Performance in AgSbTe2 via Ag Vacancy and In Doping.pdf,10.1021/acsaem.6c00054,AgSbTe2,Ag0.97SbTe2,Ag0.97SbTe2,1,No,Ag vacancy,x = 0.03,Ag,,Ag vacancy (x = 0.03) @ Ag site,lattice thermal conductivity,0.46,W m-1 K-1,573,K,text,Section 3.2,
Synergistic Optimization of Thermoelectric Performance in AgSbTe2 via Ag Vacancy and In Doping.pdf,10.1021/acsaem.6c00054,AgSbTe2,Ag0.97SbTe2,Ag0.97SbTe2,1,No,Ag vacancy,x = 0.03,Ag,,Ag vacancy (x = 0.03) @ Ag site,ZT,0.81,dimensionless,573,K,text,Section 3.2,
Synergistic Optimization of Thermoelectric Performance in AgSbTe2 via Ag Vacancy and In Doping.pdf,10.1021/acsaem.6c00054,AgSbTe2,Ag0.97Sb0.96In0.04Te2,Ag0.97Sb0.96In0.04Te2,2,Yes,Ag vacancy,x = 0.03,Ag,In (y = 0.04) @ Sb,Ag vacancy (x = 0.03) @ Ag site; In (y = 0.04) @ Sb site,Seebeck coefficient,185,μV K-1,300,K,table,Table 1,
Synergistic Optimization of Thermoelectric Performance in AgSbTe2 via Ag Vacancy and In Doping.pdf,10.1021/acsaem.6c00054,AgSbTe2,Ag0.97Sb0.96In0.04Te2,Ag0.97Sb0.96In0.04Te2,2,Yes,Ag vacancy,x = 0.03,Ag,In (y = 0.04) @ Sb,Ag vacancy (x = 0.03) @ Ag site; In (y = 0.04) @ Sb site,power factor,1.14,mW m-1 K-2,573,K,text,Section 3.4,
Synergistic Optimization of Thermoelectric Performance in AgSbTe2 via Ag Vacancy and In Doping.pdf,10.1021/acsaem.6c00054,AgSbTe2,Ag0.97Sb0.96In0.04Te2,Ag0.97Sb0.96In0.04Te2,2,Yes,Ag vacancy,x = 0.03,Ag,In (y = 0.04) @ Sb,Ag vacancy (x = 0.03) @ Ag site; In (y = 0.04) @ Sb site,lattice thermal conductivity,0.38,W m-1 K-1,573,K,text,Section 3.4,
Synergistic Optimization of Thermoelectric Performance in AgSbTe2 via Ag Vacancy and In Doping.pdf,10.1021/acsaem.6c00054,AgSbTe2,Ag0.97Sb0.96In0.04Te2,Ag0.97Sb0.96In0.04Te2,2,Yes,Ag vacancy,x = 0.03,Ag,In (y = 0.04) @ Sb,Ag vacancy (x = 0.03) @ Ag site; In (y = 0.04) @ Sb site,ZT,1.12,dimensionless,573,K,text,Abstract,
Synergistic Optimization of Thermoelectric Performance in AgSbTe2 via Ag Vacancy and In Doping.pdf,10.1021/acsaem.6c00054,AgSbTe2,Ag1-xSbTe2 (x=0.00),AgSbTe2,1,No,Ag vacancy,x=0.00,Ag,,Ag vacancy (x=0.00) @ Ag site,ZT,0.35,dimensionless,300,K,figure,Figure on page 1,Visually estimated from Figure on page 1
Synergistic Optimization of Thermoelectric Performance in AgSbTe2 via Ag Vacancy and In Doping.pdf,10.1021/acsaem.6c00054,AgSbTe2,Ag1-xSbTe2 (x=0.00),AgSbTe2,1,No,Ag vacancy,x=0.00,Ag,,Ag vacancy (x=0.00) @ Ag site,ZT,0.75,dimensionless,573,K,figure,Figure on page 1,Visually estimated from Figure on page 1
Synergistic Optimization of Thermoelectric Performance in AgSbTe2 via Ag Vacancy and In Doping.pdf,10.1021/acsaem.6c00054,AgSbTe2,Ag0.97SbTe2,Ag0.97SbTe2,1,No,Ag vacancy,x=0.03,Ag,,Ag vacancy (x=0.03) @ Ag site,ZT,0.45,dimensionless,300,K,figure,Figure on page 1,Visually estimated from Figure on page 1
Synergistic Optimization of Thermoelectric Performance in AgSbTe2 via Ag Vacancy and In Doping.pdf,10.1021/acsaem.6c00054,AgSbTe2,Ag0.97SbTe2,Ag0.97SbTe2,1,No,Ag vacancy,x=0.03,Ag,,Ag vacancy (x=0.03) @ Ag site,ZT,0.81,dimensionless,573,K,figure,Figure on page 1,Visually estimated from Figure on page 1
Synergistic Optimization of Thermoelectric Performance in AgSbTe2 via Ag Vacancy and In Doping.pdf,10.1021/acsaem.6c00054,AgSbTe2,Ag0.97Sb0.96In0.04Te2,Ag0.97Sb0.96In0.04Te2,2,Yes,Ag vacancy,x=0.03,Ag,In (y=0.04) @ Sb,Ag vacancy (x=0.03) @ Ag site; In (y=0.04) @ Sb site,ZT,0.52,dimensionless,300,K,figure,Figure on page 1,Visually estimated from Figure on page 1
Synergistic Optimization of Thermoelectric Performance in AgSbTe2 via Ag Vacancy and In Doping.pdf,10.1021/acsaem.6c00054,AgSbTe2,Ag0.97Sb0.96In0.04Te2,Ag0.97Sb0.96In0.04Te2,2,Yes,Ag vacancy,x=0.03,Ag,In (y=0.04) @ Sb,Ag vacancy (x=0.03) @ Ag site; In (y=0.04) @ Sb site,ZT,1.12,dimensionless,573,K,figure,Figure on page 1,Visually estimated from Figure on page 1
Synergistic Optimization of Thermoelectric Performance in AgSbTe2 via Ag Vacancy and In Doping.pdf,10.1021/acsaem.6c00054,AgSbTe2,Ag0.97Sb1-yInyTe2 (y=0.00),Ag0.97SbTe2,1,No,Ag,0.03 deficiency,Ag,,Ag (0.03 deficiency) @ Ag site,ZT,0.81,dimensionless,573,K,figure,Fig. 11b,Visually estimated from Fig. 11b
Synergistic Optimization of Thermoelectric Performance in AgSbTe2 via Ag Vacancy and In Doping.pdf,10.1021/acsaem.6c00054,AgSbTe2,Ag0.97Sb1-yInyTe2 (y=0.01),Ag0.97Sb0.99In0.01Te2,2,Yes,Ag,0.03 deficiency,Ag,In (0.01) @ Sb,Ag (0.03 deficiency) @ Ag site; In (0.01) @ Sb site,ZT,0.95,dimensionless,573,K,figure,Fig. 11a,Visually estimated from Fig. 11a
Synergistic Optimization of Thermoelectric Performance in AgSbTe2 via Ag Vacancy and In Doping.pdf,10.1021/acsaem.6c00054,AgSbTe2,Ag0.97Sb1-yInyTe2 (y=0.02),Ag0.97Sb0.98In0.02Te2,2,Yes,Ag,0.03 deficiency,Ag,In (0.02) @ Sb,Ag (0.03 deficiency) @ Ag site; In (0.02) @ Sb site,ZT,1.02,dimensionless,573,K,figure,Fig. 11a,Visually estimated from Fig. 11a
Synergistic Optimization of Thermoelectric Performance in AgSbTe2 via Ag Vacancy and In Doping.pdf,10.1021/acsaem.6c00054,AgSbTe2,Ag0.97Sb1-yInyTe2 (y=0.03),Ag0.97Sb0.97In0.03Te2,2,Yes,Ag,0.03 deficiency,Ag,In (0.03) @ Sb,Ag (0.03 deficiency) @ Ag site; In (0.03) @ Sb site,ZT,1.08,dimensionless,573,K,figure,Fig. 11a,Visually estimated from Fig. 11a
Synergistic Optimization of Thermoelectric Performance in AgSbTe2 via Ag Vacancy and In Doping.pdf,10.1021/acsaem.6c00054,AgSbTe2,Ag0.97Sb1-yInyTe2 (y=0.04),Ag0.97Sb0.96In0.04Te2,2,Yes,Ag,0.03 deficiency,Ag,In (0.04) @ Sb,Ag (0.03 deficiency) @ Ag site; In (0.04) @ Sb site,ZT,1.12,dimensionless,573,K,figure,Fig. 11a,Visually estimated from Fig. 11a
Synergistic Optimization of Thermoelectric Performance in AgSbTe2 via Ag Vacancy and In Doping.pdf,10.1021/acsaem.6c00054,AgSbTe2,Ag0.97Sb1-yInyTe2 (y=0.05),Ag0.97Sb0.95In0.05Te2,2,Yes,Ag,0.03 deficiency,Ag,In (0.05) @ Sb,Ag (0.03 deficiency) @ Ag site; In (0.05) @ Sb site,ZT,1.05,dimensionless,573,K,figure,Fig. 11a,Visually estimated from Fig. 11a
Synergistic Suppression of Bipolar Effect and Lattice Thermal Conductivity Leading to High Average Figure of Merit in Bi0.4Sb1.6Te3 Materials through Alloying with AgSbTe2.pdf,10.1021/acsami.4c12307,Bi0.4Sb1.6Te3 alloyed with AgSbTe2,Bi0.4Sb1.6Te3 - 0.15 wt % AgSbTe2,Bi0.4Sb1.6Te3 - 0.15 wt % AgSbTe2,1,No,Ag,0.15 wt %,multiple sites,,Ag (0.15 wt %) @ multiple sites site,ZT,1.35,dimensionless,393,K,body text,"page 1, abstract",
Synergistic Suppression of Bipolar Effect and Lattice Thermal Conductivity Leading to High Average Figure of Merit in Bi0.4Sb1.6Te3 Materials through Alloying with AgSbTe2.pdf,10.1021/acsami.4c12307,Bi0.4Sb1.6Te3 alloyed with AgSbTe2,Bi0.4Sb1.6Te3 - 0.15 wt % AgSbTe2,Bi0.4Sb1.6Te3 - 0.15 wt % AgSbTe2,1,No,Ag,0.15 wt %,multiple sites,,Ag (0.15 wt %) @ multiple sites site,ZT,1.25,dimensionless,303-483,K,body text,"page 1, abstract (average zT)",average zT
Synergistic Suppression of Bipolar Effect and Lattice Thermal Conductivity Leading to High Average Figure of Merit in Bi0.4Sb1.6Te3 Materials through Alloying with AgSbTe2.pdf,10.1021/acsami.4c12307,Bi0.4Sb1.6Te3 alloyed with AgSbTe2,Bi0.4Sb1.6Te3 - 0.15 wt % AgSbTe2,Bi0.4Sb1.6Te3 - 0.15 wt % AgSbTe2,1,No,Ag,0.15 wt %,multiple sites,,Ag (0.15 wt %) @ multiple sites site,electrical conductivity,14.1,10^4 S m^-1,303,K,body text,page 5,
Synergistic Suppression of Bipolar Effect and Lattice Thermal Conductivity Leading to High Average Figure of Merit in Bi0.4Sb1.6Te3 Materials through Alloying with AgSbTe2.pdf,10.1021/acsami.4c12307,Bi0.4Sb1.6Te3 alloyed with AgSbTe2,Bi0.4Sb1.6Te3 - 0.15 wt % AgSbTe2,Bi0.4Sb1.6Te3 - 0.15 wt % AgSbTe2,1,No,Ag,0.15 wt %,multiple sites,,Ag (0.15 wt %) @ multiple sites site,power factor,4.91,mW m^-1 K^-2,303,K,body text,page 6,
Synergistic Suppression of Bipolar Effect and Lattice Thermal Conductivity Leading to High Average Figure of Merit in Bi0.4Sb1.6Te3 Materials through Alloying with AgSbTe2.pdf,10.1021/acsami.4c12307,Bi0.4Sb1.6Te3 alloyed with AgSbTe2,commercial,Bi0.4Sb1.6Te3,0,No,,,,,,ZT,1.0,dimensionless,393,K,figure,Fig. 1 (left),Visually estimated from Fig. 1 (left)
Synergistic Suppression of Bipolar Effect and Lattice Thermal Conductivity Leading to High Average Figure of Merit in Bi0.4Sb1.6Te3 Materials through Alloying with AgSbTe2.pdf,10.1021/acsami.4c12307,Bi0.4Sb1.6Te3 alloyed with AgSbTe2,commercial,Bi0.4Sb1.6Te3,0,No,,,,,,thermal conductivity,0.6,W m-1 K-1,480,K,figure,Fig. 1 (right),Visually estimated from Fig. 1 (right)
Synergistic Suppression of Bipolar Effect and Lattice Thermal Conductivity Leading to High Average Figure of Merit in Bi0.4Sb1.6Te3 Materials through Alloying with AgSbTe2.pdf,10.1021/acsami.4c12307,Bi0.4Sb1.6Te3 alloyed with AgSbTe2,x=0,Bi0.4Sb1.6Te3,0,No,,,,,,ZT,1.2,dimensionless,393,K,figure,Fig. 1 (left),Visually estimated from Fig. 1 (left)
Synergistic Suppression of Bipolar Effect and Lattice Thermal Conductivity Leading to High Average Figure of Merit in Bi0.4Sb1.6Te3 Materials through Alloying with AgSbTe2.pdf,10.1021/acsami.4c12307,Bi0.4Sb1.6Te3 alloyed with AgSbTe2,x=0,Bi0.4Sb1.6Te3,0,No,,,,,,electrical conductivity,9.3,10^4 S m-1,303,K,body text,page 62351,
Synergistic Suppression of Bipolar Effect and Lattice Thermal Conductivity Leading to High Average Figure of Merit in Bi0.4Sb1.6Te3 Materials through Alloying with AgSbTe2.pdf,10.1021/acsami.4c12307,Bi0.4Sb1.6Te3 alloyed with AgSbTe2,x=0.15,Bi0.4Sb1.6Te3 + 0.15 wt % AgSbTe2,1,No,AgSbTe2,0.15 wt %,unclear,,AgSbTe2 (0.15 wt %) @ unclear site,ZT,1.35,dimensionless,393,K,body text,page 62347,
Synergistic Suppression of Bipolar Effect and Lattice Thermal Conductivity Leading to High Average Figure of Merit in Bi0.4Sb1.6Te3 Materials through Alloying with AgSbTe2.pdf,10.1021/acsami.4c12307,Bi0.4Sb1.6Te3 alloyed with AgSbTe2,x=0.15,Bi0.4Sb1.6Te3 + 0.15 wt % AgSbTe2,1,No,AgSbTe2,0.15 wt %,unclear,,AgSbTe2 (0.15 wt %) @ unclear site,electrical conductivity,14.1,10^4 S m-1,303,K,body text,page 62351,
Synergistic Suppression of Bipolar Effect and Lattice Thermal Conductivity Leading to High Average Figure of Merit in Bi0.4Sb1.6Te3 Materials through Alloying with AgSbTe2.pdf,10.1021/acsami.4c12307,Bi0.4Sb1.6Te3 alloyed with AgSbTe2,x = 0,Bi0.4Sb1.6Te3,1,No,AgSbTe2,0 wt %,unclear,,AgSbTe2 (0 wt %) @ unclear site,ZT,1.12,dimensionless,363,K,figure,Fig. 10a,Visually estimated from Fig. 10a
Synergistic Suppression of Bipolar Effect and Lattice Thermal Conductivity Leading to High Average Figure of Merit in Bi0.4Sb1.6Te3 Materials through Alloying with AgSbTe2.pdf,10.1021/acsami.4c12307,Bi0.4Sb1.6Te3 alloyed with AgSbTe2,x = 0.10,Bi0.4Sb1.6Te3 - 0.10 wt % AgSbTe2,1,No,AgSbTe2,0.10 wt %,unclear,,AgSbTe2 (0.10 wt %) @ unclear site,ZT,1.22,dimensionless,363,K,figure,Fig. 10a,Visually estimated from Fig. 10a
Synergistic Suppression of Bipolar Effect and Lattice Thermal Conductivity Leading to High Average Figure of Merit in Bi0.4Sb1.6Te3 Materials through Alloying with AgSbTe2.pdf,10.1021/acsami.4c12307,Bi0.4Sb1.6Te3 alloyed with AgSbTe2,x = 0.15,Bi0.4Sb1.6Te3 - 0.15 wt % AgSbTe2,1,No,AgSbTe2,0.15 wt %,unclear,,AgSbTe2 (0.15 wt %) @ unclear site,ZT,1.35,dimensionless,393,K,figure,Fig. 10a,Visually estimated from Fig. 10a
Synergistic Suppression of Bipolar Effect and Lattice Thermal Conductivity Leading to High Average Figure of Merit in Bi0.4Sb1.6Te3 Materials through Alloying with AgSbTe2.pdf,10.1021/acsami.4c12307,Bi0.4Sb1.6Te3 alloyed with AgSbTe2,x = 0.20,Bi0.4Sb1.6Te3 - 0.20 wt % AgSbTe2,1,No,AgSbTe2,0.20 wt %,unclear,,AgSbTe2 (0.20 wt %) @ unclear site,ZT,1.20,dimensionless,393,K,figure,Fig. 10a,Visually estimated from Fig. 10a
Synergistic Suppression of Bipolar Effect and Lattice Thermal Conductivity Leading to High Average Figure of Merit in Bi0.4Sb1.6Te3 Materials through Alloying with AgSbTe2.pdf,10.1021/acsami.4c12307,Bi0.4Sb1.6Te3 alloyed with AgSbTe2,x = 0.25,Bi0.4Sb1.6Te3 - 0.25 wt % AgSbTe2,1,No,AgSbTe2,0.25 wt %,unclear,,AgSbTe2 (0.25 wt %) @ unclear site,ZT,1.25,dimensionless,393,K,figure,Fig. 10a,Visually estimated from Fig. 10a
"Synergistically optimizing charge and phonon transport properties in n-type PbTe via introducing ternary compound AgSb(Se, Te)2.pdf",10.1016/j.jallcom.2019.152463,PbTe,PbTe + 2% AgSbTe2,PbTe + 2% AgSbTe2,3,Yes,Ag,2%,unclear,Sb (2%) @ unclear; Te (2%) @ unclear,Ag (2%) @ unclear site; Sb (2%) @ unclear site; Te (2%) @ unclear site,lattice thermal conductivity,0.62,W m-1 K-1,,,body text,,Minimum lattice thermal conductivity
"Synergistically optimizing charge and phonon transport properties in n-type PbTe via introducing ternary compound AgSb(Se, Te)2.pdf",10.1016/j.jallcom.2019.152463,PbTe,PbTe + 2% AgSbTe2,PbTe + 2% AgSbTe2,3,Yes,Ag,2%,unclear,Sb (2%) @ unclear; Te (2%) @ unclear,Ag (2%) @ unclear site; Sb (2%) @ unclear site; Te (2%) @ unclear site,ZT,1.2,dimensionless,,,body text,,Maximum ZT value
"Synergistically optimizing charge and phonon transport properties in n-type PbTe via introducing ternary compound AgSb(Se, Te)2.pdf",10.1016/j.jallcom.2019.152463,PbTe,PbTe + 2% AgSbSe2,PbTe + 2% AgSbSe2,3,Yes,Ag,2%,unclear,Sb (2%) @ unclear; Se (2%) @ unclear,Ag (2%) @ unclear site; Sb (2%) @ unclear site; Se (2%) @ unclear site,lattice thermal conductivity,0.53,W m-1 K-1,,,body text,,Minimum lattice thermal conductivity
"Synergistically optimizing charge and phonon transport properties in n-type PbTe via introducing ternary compound AgSb(Se, Te)2.pdf",10.1016/j.jallcom.2019.152463,PbTe,PbTe + 2% AgSbSe2,PbTe + 2% AgSbSe2,3,Yes,Ag,2%,unclear,Sb (2%) @ unclear; Se (2%) @ unclear,Ag (2%) @ unclear site; Sb (2%) @ unclear site; Se (2%) @ unclear site,ZT,1.3,dimensionless,,,body text,,Maximum ZT value
"Synergistically optimizing charge and phonon transport properties in n-type PbTe via introducing ternary compound AgSb(Se, Te)2.pdf",10.1016/j.jallcom.2019.152463,PbTe,PbTe + 1% AgSbTe2,PbTe + 1% AgSbTe2,1,No,AgSbTe2,1%,unclear,,AgSbTe2 (1%) @ unclear site,electrical conductivity,1500,Scm-1,300,K,figure,,Visually estimated from Fig. 8a
"Synergistically optimizing charge and phonon transport properties in n-type PbTe via introducing ternary compound AgSb(Se, Te)2.pdf",10.1016/j.jallcom.2019.152463,PbTe,PbTe + 1% AgSbTe2,PbTe + 1% AgSbTe2,1,No,AgSbTe2,1%,unclear,,AgSbTe2 (1%) @ unclear site,Seebeck coefficient,-100,uV/K,300,K,figure,,Visually estimated from Fig. 8b
"Synergistically optimizing charge and phonon transport properties in n-type PbTe via introducing ternary compound AgSb(Se, Te)2.pdf",10.1016/j.jallcom.2019.152463,PbTe,PbTe + 1% AgSbTe2,PbTe + 1% AgSbTe2,1,No,AgSbTe2,1%,unclear,,AgSbTe2 (1%) @ unclear site,power factor,16,uWcm-1K-2,600,K,figure,,Visually estimated from Fig. 8c
"Synergistically optimizing charge and phonon transport properties in n-type PbTe via introducing ternary compound AgSb(Se, Te)2.pdf",10.1016/j.jallcom.2019.152463,PbTe,PbTe + 1% AgSbTe2,PbTe + 1% AgSbTe2,1,No,AgSbTe2,1%,unclear,,AgSbTe2 (1%) @ unclear site,ZT,1.0,dimensionless,700,K,figure,,Visually estimated from Fig. 8f
"Synergistically optimizing charge and phonon transport properties in n-type PbTe via introducing ternary compound AgSb(Se, Te)2.pdf",10.1016/j.jallcom.2019.152463,PbTe,PbTe + 2% AgSbTe2,PbTe + 2% AgSbTe2,1,No,AgSbTe2,2%,unclear,,AgSbTe2 (2%) @ unclear site,electrical conductivity,1000,Scm-1,300,K,figure,,Visually estimated from Fig. 8a
"Synergistically optimizing charge and phonon transport properties in n-type PbTe via introducing ternary compound AgSb(Se, Te)2.pdf",10.1016/j.jallcom.2019.152463,PbTe,PbTe + 2% AgSbTe2,PbTe + 2% AgSbTe2,1,No,AgSbTe2,2%,unclear,,AgSbTe2 (2%) @ unclear site,Seebeck coefficient,-125,uV/K,300,K,figure,,Visually estimated from Fig. 8b
"Synergistically optimizing charge and phonon transport properties in n-type PbTe via introducing ternary compound AgSb(Se, Te)2.pdf",10.1016/j.jallcom.2019.152463,PbTe,PbTe + 2% AgSbTe2,PbTe + 2% AgSbTe2,1,No,AgSbTe2,2%,unclear,,AgSbTe2 (2%) @ unclear site,power factor,18,uWcm-1K-2,650,K,figure,,Visually estimated from Fig. 8c
"Synergistically optimizing charge and phonon transport properties in n-type PbTe via introducing ternary compound AgSb(Se, Te)2.pdf",10.1016/j.jallcom.2019.152463,PbTe,PbTe + 2% AgSbTe2,PbTe + 2% AgSbTe2,1,No,AgSbTe2,2%,unclear,,AgSbTe2 (2%) @ unclear site,ZT,1.3,dimensionless,750,K,figure,,Visually estimated from Fig. 8f
"Synergistically optimizing charge and phonon transport properties in n-type PbTe via introducing ternary compound AgSb(Se, Te)2.pdf",10.1016/j.jallcom.2019.152463,PbTe,PbTe + 3% AgSbTe2,PbTe + 3% AgSbTe2,1,No,AgSbTe2,3%,unclear,,AgSbTe2 (3%) @ unclear site,electrical conductivity,700,Scm-1,300,K,figure,,Visually estimated from Fig. 8a
"Synergistically optimizing charge and phonon transport properties in n-type PbTe via introducing ternary compound AgSb(Se, Te)2.pdf",10.1016/j.jallcom.2019.152463,PbTe,PbTe + 3% AgSbTe2,PbTe + 3% AgSbTe2,1,No,AgSbTe2,3%,unclear,,AgSbTe2 (3%) @ unclear site,Seebeck coefficient,-150,uV/K,300,K,figure,,Visually estimated from Fig. 8b
"Synergistically optimizing charge and phonon transport properties in n-type PbTe via introducing ternary compound AgSb(Se, Te)2.pdf",10.1016/j.jallcom.2019.152463,PbTe,PbTe + 3% AgSbTe2,PbTe + 3% AgSbTe2,1,No,AgSbTe2,3%,unclear,,AgSbTe2 (3%) @ unclear site,power factor,14,uWcm-1K-2,700,K,figure,,Visually estimated from Fig. 8c
"Synergistically optimizing charge and phonon transport properties in n-type PbTe via introducing ternary compound AgSb(Se, Te)2.pdf",10.1016/j.jallcom.2019.152463,PbTe,PbTe + 3% AgSbTe2,PbTe + 3% AgSbTe2,1,No,AgSbTe2,3%,unclear,,AgSbTe2 (3%) @ unclear site,ZT,1.1,dimensionless,750,K,figure,,Visually estimated from Fig. 8f
Synthesis and thermoelectric properties of Mn-doped AgSbTe2 compounds.pdf,10.1088/1674-1056/21/10/106101,Ag0.9Sb1-xMnxTe2.05,x=0.05,Ag0.9Sb1.05Mn0.05Te2.05,1,No,Mn,x=0.05,Sb,,Mn (x=0.05) @ Sb site,,,,,,,,
Synthesis and thermoelectric properties of Mn-doped AgSbTe2 compounds.pdf,10.1088/1674-1056/21/10/106101,Ag0.9Sb1-xMnxTe2.05,x=0.10,Ag0.9Sb1.0Mn0.10Te2.05,1,No,Mn,x=0.10,Sb,,Mn (x=0.10) @ Sb site,ZT,1.2,dimensionless,573,K,body text,"page 2, section 3.1",
Synthesis and thermoelectric properties of Mn-doped AgSbTe2 compounds.pdf,10.1088/1674-1056/21/10/106101,Ag0.9Sb1-xMnxTe2.05,x=0.10,Ag0.9Sb1.0Mn0.10Te2.05,1,No,Mn,x=0.10,Sb,,Mn (x=0.10) @ Sb site,power factor,1.37,10^-3 W m^-1 K^-2,473,K,body text,"page 5, section 3.2",
Synthesis and thermoelectric properties of Mn-doped AgSbTe2 compounds.pdf,10.1088/1674-1056/21/10/106101,Ag0.9Sb1-xMnxTe2.05,x=0.10,Ag0.9Sb1.0Mn0.10Te2.05,1,No,Mn,x=0.10,Sb,,Mn (x=0.10) @ Sb site,lattice thermal conductivity,0.3,W m^-1 K^-1,573,K,body text,"page 5, section 3.3",
Synthesis and thermoelectric properties of Mn-doped AgSbTe2 compounds.pdf,10.1088/1674-1056/21/10/106101,Ag0.9Sb1-xMnxTe2.05,x=0.20,Ag0.9Sb0.9Mn0.20Te2.05,1,No,Mn,x=0.20,Sb,,Mn (x=0.20) @ Sb site,,,,,,,,
Synthesis and thermoelectric properties of Mn-doped AgSbTe2 compounds.pdf,10.1088/1674-1056/21/10/106101,Ag0.9Sb1-xMnxTe2.05,Ag0.9Sb1.1-xMnxTe2.05 (x=0.05),Ag0.9Sb1.05Mn0.05Te2.05,1,No,Mn,x=0.05,Sb,,Mn (x=0.05) @ Sb site,electrical conductivity,1.2,10^4 S/m,325,K,figure,Fig. 4a,Visually estimated from Fig. 4a
Synthesis and thermoelectric properties of Mn-doped AgSbTe2 compounds.pdf,10.1088/1674-1056/21/10/106101,Ag0.9Sb1-xMnxTe2.05,Ag0.9Sb1.1-xMnxTe2.05 (x=0.05),Ag0.9Sb1.05Mn0.05Te2.05,1,No,Mn,x=0.05,Sb,,Mn (x=0.05) @ Sb site,electrical conductivity,1.3,10^4 S/m,475,K,figure,Fig. 4a,Visually estimated from Fig. 4a
Synthesis and thermoelectric properties of Mn-doped AgSbTe2 compounds.pdf,10.1088/1674-1056/21/10/106101,Ag0.9Sb1-xMnxTe2.05,Ag0.9Sb1.1-xMnxTe2.05 (x=0.05),Ag0.9Sb1.05Mn0.05Te2.05,1,No,Mn,x=0.05,Sb,,Mn (x=0.05) @ Sb site,electrical conductivity,1.2,10^4 S/m,575,K,figure,Fig. 4a,Visually estimated from Fig. 4a
Synthesis and thermoelectric properties of Mn-doped AgSbTe2 compounds.pdf,10.1088/1674-1056/21/10/106101,Ag0.9Sb1-xMnxTe2.05,Ag0.9Sb1.1-xMnxTe2.05 (x=0.05),Ag0.9Sb1.05Mn0.05Te2.05,1,No,Mn,x=0.05,Sb,,Mn (x=0.05) @ Sb site,Seebeck coefficient,180,uV/K,325,K,figure,Fig. 4b,Visually estimated from Fig. 4b
Synthesis and thermoelectric properties of Mn-doped AgSbTe2 compounds.pdf,10.1088/1674-1056/21/10/106101,Ag0.9Sb1-xMnxTe2.05,Ag0.9Sb1.1-xMnxTe2.05 (x=0.05),Ag0.9Sb1.05Mn0.05Te2.05,1,No,Mn,x=0.05,Sb,,Mn (x=0.05) @ Sb site,Seebeck coefficient,240,uV/K,475,K,figure,Fig. 4b,Visually estimated from Fig. 4b
Synthesis and thermoelectric properties of Mn-doped AgSbTe2 compounds.pdf,10.1088/1674-1056/21/10/106101,Ag0.9Sb1-xMnxTe2.05,Ag0.9Sb1.1-xMnxTe2.05 (x=0.05),Ag0.9Sb1.05Mn0.05Te2.05,1,No,Mn,x=0.05,Sb,,Mn (x=0.05) @ Sb site,Seebeck coefficient,260,uV/K,575,K,figure,Fig. 4b,Visually estimated from Fig. 4b
Synthesis and thermoelectric properties of Mn-doped AgSbTe2 compounds.pdf,10.1088/1674-1056/21/10/106101,Ag0.9Sb1-xMnxTe2.05,Ag0.9Sb1.1-xMnxTe2.05 (x=0.05),Ag0.9Sb1.05Mn0.05Te2.05,1,No,Mn,x=0.05,Sb,,Mn (x=0.05) @ Sb site,power factor,7,10^-4 W/m*K^2,325,K,figure,Fig. 4c,Visually estimated from Fig. 4c
Synthesis and thermoelectric properties of Mn-doped AgSbTe2 compounds.pdf,10.1088/1674-1056/21/10/106101,Ag0.9Sb1-xMnxTe2.05,Ag0.9Sb1.1-xMnxTe2.05 (x=0.05),Ag0.9Sb1.05Mn0.05Te2.05,1,No,Mn,x=0.05,Sb,,Mn (x=0.05) @ Sb site,power factor,8,10^-4 W/m*K^2,475,K,figure,Fig. 4c,Visually estimated from Fig. 4c
Synthesis and thermoelectric properties of Mn-doped AgSbTe2 compounds.pdf,10.1088/1674-1056/21/10/106101,Ag0.9Sb1-xMnxTe2.05,Ag0.9Sb1.1-xMnxTe2.05 (x=0.05),Ag0.9Sb1.05Mn0.05Te2.05,1,No,Mn,x=0.05,Sb,,Mn (x=0.05) @ Sb site,power factor,9,10^-4 W/m*K^2,575,K,figure,Fig. 4c,Visually estimated from Fig. 4c
Synthesis and thermoelectric properties of Mn-doped AgSbTe2 compounds.pdf,10.1088/1674-1056/21/10/106101,Ag0.9Sb1-xMnxTe2.05,Ag0.9Sb1.1-xMnxTe2.05 (x=0.10),Ag0.9Sb1.0Mn0.1Te2.05,1,No,Mn,x=0.10,Sb,,Mn (x=0.10) @ Sb site,electrical conductivity,3.5,10^4 S/m,325,K,figure,Fig. 4a,Visually estimated from Fig. 4a
Synthesis and thermoelectric properties of Mn-doped AgSbTe2 compounds.pdf,10.1088/1674-1056/21/10/106101,Ag0.9Sb1-xMnxTe2.05,Ag0.9Sb1.1-xMnxTe2.05 (x=0.10),Ag0.9Sb1.0Mn0.1Te2.05,1,No,Mn,x=0.10,Sb,,Mn (x=0.10) @ Sb site,electrical conductivity,2.8,10^4 S/m,475,K,figure,Fig. 4a,Visually estimated from Fig. 4a
Synthesis and thermoelectric properties of Mn-doped AgSbTe2 compounds.pdf,10.1088/1674-1056/21/10/106101,Ag0.9Sb1-xMnxTe2.05,Ag0.9Sb1.1-xMnxTe2.05 (x=0.10),Ag0.9Sb1.0Mn0.1Te2.05,1,No,Mn,x=0.10,Sb,,Mn (x=0.10) @ Sb site,electrical conductivity,2.2,10^4 S/m,575,K,figure,Fig. 4a,Visually estimated from Fig. 4a
Synthesis and thermoelectric properties of Mn-doped AgSbTe2 compounds.pdf,10.1088/1674-1056/21/10/106101,Ag0.9Sb1-xMnxTe2.05,Ag0.9Sb1.1-xMnxTe2.05 (x=0.10),Ag0.9Sb1.0Mn0.1Te2.05,1,No,Mn,x=0.10,Sb,,Mn (x=0.10) @ Sb site,Seebeck coefficient,180,uV/K,325,K,figure,Fig. 4b,Visually estimated from Fig. 4b
Synthesis and thermoelectric properties of Mn-doped AgSbTe2 compounds.pdf,10.1088/1674-1056/21/10/106101,Ag0.9Sb1-xMnxTe2.05,Ag0.9Sb1.1-xMnxTe2.05 (x=0.10),Ag0.9Sb1.0Mn0.1Te2.05,1,No,Mn,x=0.10,Sb,,Mn (x=0.10) @ Sb site,Seebeck coefficient,205,uV/K,475,K,figure,Fig. 4b,Visually estimated from Fig. 4b
Synthesis and thermoelectric properties of Mn-doped AgSbTe2 compounds.pdf,10.1088/1674-1056/21/10/106101,Ag0.9Sb1-xMnxTe2.05,Ag0.9Sb1.1-xMnxTe2.05 (x=0.10),Ag0.9Sb1.0Mn0.1Te2.05,1,No,Mn,x=0.10,Sb,,Mn (x=0.10) @ Sb site,Seebeck coefficient,215,uV/K,575,K,figure,Fig. 4b,Visually estimated from Fig. 4b
Synthesis and thermoelectric properties of Mn-doped AgSbTe2 compounds.pdf,10.1088/1674-1056/21/10/106101,Ag0.9Sb1-xMnxTe2.05,Ag0.9Sb1.1-xMnxTe2.05 (x=0.10),Ag0.9Sb1.0Mn0.1Te2.05,1,No,Mn,x=0.10,Sb,,Mn (x=0.10) @ Sb site,power factor,11.5,10^-4 W/m*K^2,325,K,figure,Fig. 4c,Visually estimated from Fig. 4c
Synthesis and thermoelectric properties of Mn-doped AgSbTe2 compounds.pdf,10.1088/1674-1056/21/10/106101,Ag0.9Sb1-xMnxTe2.05,Ag0.9Sb1.1-xMnxTe2.05 (x=0.10),Ag0.9Sb1.0Mn0.1Te2.05,1,No,Mn,x=0.10,Sb,,Mn (x=0.10) @ Sb site,power factor,13.5,10^-4 W/m*K^2,475,K,figure,Fig. 4c,Visually estimated from Fig. 4c
Synthesis and thermoelectric properties of Mn-doped AgSbTe2 compounds.pdf,10.1088/1674-1056/21/10/106101,Ag0.9Sb1-xMnxTe2.05,Ag0.9Sb1.1-xMnxTe2.05 (x=0.10),Ag0.9Sb1.0Mn0.1Te2.05,1,No,Mn,x=0.10,Sb,,Mn (x=0.10) @ Sb site,power factor,11.5,10^-4 W/m*K^2,575,K,figure,Fig. 4c,Visually estimated from Fig. 4c
Synthesis and thermoelectric properties of Mn-doped AgSbTe2 compounds.pdf,10.1088/1674-1056/21/10/106101,Ag0.9Sb1-xMnxTe2.05,Ag0.9Sb1.1-xMnxTe2.05 (x=0.20),Ag0.9Sb0.9Mn0.2Te2.05,1,No,Mn,x=0.20,Sb,,Mn (x=0.20) @ Sb site,electrical conductivity,2.2,10^4 S/m,325,K,figure,Fig. 4a,Visually estimated from Fig. 4a
Synthesis and thermoelectric properties of Mn-doped AgSbTe2 compounds.pdf,10.1088/1674-1056/21/10/106101,Ag0.9Sb1-xMnxTe2.05,Ag0.9Sb1.1-xMnxTe2.05 (x=0.20),Ag0.9Sb0.9Mn0.2Te2.05,1,No,Mn,x=0.20,Sb,,Mn (x=0.20) @ Sb site,electrical conductivity,1.5,10^4 S/m,475,K,figure,Fig. 4a,Visually estimated from Fig. 4a
Synthesis and thermoelectric properties of Mn-doped AgSbTe2 compounds.pdf,10.1088/1674-1056/21/10/106101,Ag0.9Sb1-xMnxTe2.05,Ag0.9Sb1.1-xMnxTe2.05 (x=0.20),Ag0.9Sb0.9Mn0.2Te2.05,1,No,Mn,x=0.20,Sb,,Mn (x=0.20) @ Sb site,electrical conductivity,1.2,10^4 S/m,575,K,figure,Fig. 4a,Visually estimated from Fig. 4a
Synthesis and thermoelectric properties of Mn-doped AgSbTe2 compounds.pdf,10.1088/1674-1056/21/10/106101,Ag0.9Sb1-xMnxTe2.05,Ag0.9Sb1.1-xMnxTe2.05 (x=0.20),Ag0.9Sb0.9Mn0.2Te2.05,1,No,Mn,x=0.20,Sb,,Mn (x=0.20) @ Sb site,Seebeck coefficient,180,uV/K,325,K,figure,Fig. 4b,Visually estimated from Fig. 4b
Synthesis and thermoelectric properties of Mn-doped AgSbTe2 compounds.pdf,10.1088/1674-1056/21/10/106101,Ag0.9Sb1-xMnxTe2.05,Ag0.9Sb1.1-xMnxTe2.05 (x=0.20),Ag0.9Sb0.9Mn0.2Te2.05,1,No,Mn,x=0.20,Sb,,Mn (x=0.20) @ Sb site,Seebeck coefficient,225,uV/K,475,K,figure,Fig. 4b,Visually estimated from Fig. 4b
Synthesis and thermoelectric properties of Mn-doped AgSbTe2 compounds.pdf,10.1088/1674-1056/21/10/106101,Ag0.9Sb1-xMnxTe2.05,Ag0.9Sb1.1-xMnxTe2.05 (x=0.20),Ag0.9Sb0.9Mn0.2Te2.05,1,No,Mn,x=0.20,Sb,,Mn (x=0.20) @ Sb site,Seebeck coefficient,260,uV/K,575,K,figure,Fig. 4b,Visually estimated from Fig. 4b
Synthesis and thermoelectric properties of Mn-doped AgSbTe2 compounds.pdf,10.1088/1674-1056/21/10/106101,Ag0.9Sb1-xMnxTe2.05,Ag0.9Sb1.1-xMnxTe2.05 (x=0.20),Ag0.9Sb0.9Mn0.2Te2.05,1,No,Mn,x=0.20,Sb,,Mn (x=0.20) @ Sb site,power factor,7,10^-4 W/m*K^2,325,K,figure,Fig. 4c,Visually estimated from Fig. 4c
Synthesis and thermoelectric properties of Mn-doped AgSbTe2 compounds.pdf,10.1088/1674-1056/21/10/106101,Ag0.9Sb1-xMnxTe2.05,Ag0.9Sb1.1-xMnxTe2.05 (x=0.20),Ag0.9Sb0.9Mn0.2Te2.05,1,No,Mn,x=0.20,Sb,,Mn (x=0.20) @ Sb site,power factor,8,10^-4 W/m*K^2,475,K,figure,Fig. 4c,Visually estimated from Fig. 4c
Synthesis and thermoelectric properties of Mn-doped AgSbTe2 compounds.pdf,10.1088/1674-1056/21/10/106101,Ag0.9Sb1-xMnxTe2.05,Ag0.9Sb1.1-xMnxTe2.05 (x=0.20),Ag0.9Sb0.9Mn0.2Te2.05,1,No,Mn,x=0.20,Sb,,Mn (x=0.20) @ Sb site,power factor,8,10^-4 W/m*K^2,575,K,figure,Fig. 4c,Visually estimated from Fig. 4c
Synthesis and thermoelectric properties of Mn-doped AgSbTe2 compounds.pdf,10.1088/1674-1056/21/10/106101,Ag0.9Sb1-xMnxTe2.05,x=0.05,Ag0.9Sb0.95Mn0.05Te2.05,1,No,Mn,x=0.05,Sb,,Mn (x=0.05) @ Sb site,thermal conductivity,0.88,W/m·K,300,K,figure,Fig. 5a,Visually estimated from Fig. 5a
Synthesis and thermoelectric properties of Mn-doped AgSbTe2 compounds.pdf,10.1088/1674-1056/21/10/106101,Ag0.9Sb1-xMnxTe2.05,x=0.05,Ag0.9Sb0.95Mn0.05Te2.05,1,No,Mn,x=0.05,Sb,,Mn (x=0.05) @ Sb site,thermal conductivity,0.98,W/m·K,375,K,figure,Fig. 5a,Visually estimated from Fig. 5a
Synthesis and thermoelectric properties of Mn-doped AgSbTe2 compounds.pdf,10.1088/1674-1056/21/10/106101,Ag0.9Sb1-xMnxTe2.05,x=0.05,Ag0.9Sb0.95Mn0.05Te2.05,1,No,Mn,x=0.05,Sb,,Mn (x=0.05) @ Sb site,thermal conductivity,0.88,W/m·K,475,K,figure,Fig. 5a,Visually estimated from Fig. 5a
Synthesis and thermoelectric properties of Mn-doped AgSbTe2 compounds.pdf,10.1088/1674-1056/21/10/106101,Ag0.9Sb1-xMnxTe2.05,x=0.05,Ag0.9Sb0.95Mn0.05Te2.05,1,No,Mn,x=0.05,Sb,,Mn (x=0.05) @ Sb site,thermal conductivity,0.72,W/m·K,575,K,figure,Fig. 5a,Visually estimated from Fig. 5a
Synthesis and thermoelectric properties of Mn-doped AgSbTe2 compounds.pdf,10.1088/1674-1056/21/10/106101,Ag0.9Sb1-xMnxTe2.05,x=0.05,Ag0.9Sb0.95Mn0.05Te2.05,1,No,Mn,x=0.05,Sb,,Mn (x=0.05) @ Sb site,ZT,0.25,dimensionless,300,K,figure,Fig. 5d,Visually estimated from Fig. 5d
Synthesis and thermoelectric properties of Mn-doped AgSbTe2 compounds.pdf,10.1088/1674-1056/21/10/106101,Ag0.9Sb1-xMnxTe2.05,x=0.05,Ag0.9Sb0.95Mn0.05Te2.05,1,No,Mn,x=0.05,Sb,,Mn (x=0.05) @ Sb site,ZT,0.45,dimensionless,400,K,figure,Fig. 5d,Visually estimated from Fig. 5d
Synthesis and thermoelectric properties of Mn-doped AgSbTe2 compounds.pdf,10.1088/1674-1056/21/10/106101,Ag0.9Sb1-xMnxTe2.05,x=0.05,Ag0.9Sb0.95Mn0.05Te2.05,1,No,Mn,x=0.05,Sb,,Mn (x=0.05) @ Sb site,ZT,0.75,dimensionless,575,K,figure,Fig. 5d,Visually estimated from Fig. 5d
Synthesis and thermoelectric properties of Mn-doped AgSbTe2 compounds.pdf,10.1088/1674-1056/21/10/106101,Ag0.9Sb1-xMnxTe2.05,x=0.10,Ag0.9Sb0.90Mn0.10Te2.05,1,No,Mn,x=0.10,Sb,,Mn (x=0.10) @ Sb site,thermal conductivity,0.78,W/m·K,300,K,figure,Fig. 5a,Visually estimated from Fig. 5a
Synthesis and thermoelectric properties of Mn-doped AgSbTe2 compounds.pdf,10.1088/1674-1056/21/10/106101,Ag0.9Sb1-xMnxTe2.05,x=0.10,Ag0.9Sb0.90Mn0.10Te2.05,1,No,Mn,x=0.10,Sb,,Mn (x=0.10) @ Sb site,thermal conductivity,0.85,W/m·K,375,K,figure,Fig. 5a,Visually estimated from Fig. 5a
Synthesis and thermoelectric properties of Mn-doped AgSbTe2 compounds.pdf,10.1088/1674-1056/21/10/106101,Ag0.9Sb1-xMnxTe2.05,x=0.10,Ag0.9Sb0.90Mn0.10Te2.05,1,No,Mn,x=0.10,Sb,,Mn (x=0.10) @ Sb site,thermal conductivity,0.75,W/m·K,475,K,figure,Fig. 5a,Visually estimated from Fig. 5a
Synthesis and thermoelectric properties of Mn-doped AgSbTe2 compounds.pdf,10.1088/1674-1056/21/10/106101,Ag0.9Sb1-xMnxTe2.05,x=0.10,Ag0.9Sb0.90Mn0.10Te2.05,1,No,Mn,x=0.10,Sb,,Mn (x=0.10) @ Sb site,thermal conductivity,0.52,W/m·K,575,K,figure,Fig. 5a,Visually estimated from Fig. 5a
Synthesis and thermoelectric properties of Mn-doped AgSbTe2 compounds.pdf,10.1088/1674-1056/21/10/106101,Ag0.9Sb1-xMnxTe2.05,x=0.10,Ag0.9Sb0.90Mn0.10Te2.05,1,No,Mn,x=0.10,Sb,,Mn (x=0.10) @ Sb site,ZT,0.28,dimensionless,300,K,figure,Fig. 5d,Visually estimated from Fig. 5d
Synthesis and thermoelectric properties of Mn-doped AgSbTe2 compounds.pdf,10.1088/1674-1056/21/10/106101,Ag0.9Sb1-xMnxTe2.05,x=0.10,Ag0.9Sb0.90Mn0.10Te2.05,1,No,Mn,x=0.10,Sb,,Mn (x=0.10) @ Sb site,ZT,0.65,dimensionless,400,K,figure,Fig. 5d,Visually estimated from Fig. 5d
Synthesis and thermoelectric properties of Mn-doped AgSbTe2 compounds.pdf,10.1088/1674-1056/21/10/106101,Ag0.9Sb1-xMnxTe2.05,x=0.10,Ag0.9Sb0.90Mn0.10Te2.05,1,No,Mn,x=0.10,Sb,,Mn (x=0.10) @ Sb site,ZT,1.2,dimensionless,573,K,text,body text,Explicitly stated in text
Synthesis and thermoelectric properties of Mn-doped AgSbTe2 compounds.pdf,10.1088/1674-1056/21/10/106101,Ag0.9Sb1-xMnxTe2.05,x=0.20,Ag0.9Sb0.80Mn0.20Te2.05,1,No,Mn,x=0.20,Sb,,Mn (x=0.20) @ Sb site,thermal conductivity,1.05,W/m·K,300,K,figure,Fig. 5a,Visually estimated from Fig. 5a
Synthesis and thermoelectric properties of Mn-doped AgSbTe2 compounds.pdf,10.1088/1674-1056/21/10/106101,Ag0.9Sb1-xMnxTe2.05,x=0.20,Ag0.9Sb0.80Mn0.20Te2.05,1,No,Mn,x=0.20,Sb,,Mn (x=0.20) @ Sb site,thermal conductivity,1.08,W/m·K,375,K,figure,Fig. 5a,Visually estimated from Fig. 5a
Synthesis and thermoelectric properties of Mn-doped AgSbTe2 compounds.pdf,10.1088/1674-1056/21/10/106101,Ag0.9Sb1-xMnxTe2.05,x=0.20,Ag0.9Sb0.80Mn0.20Te2.05,1,No,Mn,x=0.20,Sb,,Mn (x=0.20) @ Sb site,thermal conductivity,0.82,W/m·K,475,K,figure,Fig. 5a,Visually estimated from Fig. 5a
Synthesis and thermoelectric properties of Mn-doped AgSbTe2 compounds.pdf,10.1088/1674-1056/21/10/106101,Ag0.9Sb1-xMnxTe2.05,x=0.20,Ag0.9Sb0.80Mn0.20Te2.05,1,No,Mn,x=0.20,Sb,,Mn (x=0.20) @ Sb site,thermal conductivity,0.68,W/m·K,575,K,figure,Fig. 5a,Visually estimated from Fig. 5a
Synthesis and thermoelectric properties of Mn-doped AgSbTe2 compounds.pdf,10.1088/1674-1056/21/10/106101,Ag0.9Sb1-xMnxTe2.05,x=0.20,Ag0.9Sb0.80Mn0.20Te2.05,1,No,Mn,x=0.20,Sb,,Mn (x=0.20) @ Sb site,ZT,0.22,dimensionless,300,K,figure,Fig. 5d,Visually estimated from Fig. 5d
Synthesis and thermoelectric properties of Mn-doped AgSbTe2 compounds.pdf,10.1088/1674-1056/21/10/106101,Ag0.9Sb1-xMnxTe2.05,x=0.20,Ag0.9Sb0.80Mn0.20Te2.05,1,No,Mn,x=0.20,Sb,,Mn (x=0.20) @ Sb site,ZT,0.35,dimensionless,400,K,figure,Fig. 5d,Visually estimated from Fig. 5d
Synthesis and thermoelectric properties of Mn-doped AgSbTe2 compounds.pdf,10.1088/1674-1056/21/10/106101,Ag0.9Sb1-xMnxTe2.05,x=0.20,Ag0.9Sb0.80Mn0.20Te2.05,1,No,Mn,x=0.20,Sb,,Mn (x=0.20) @ Sb site,ZT,0.58,dimensionless,575,K,figure,Fig. 5d,Visually estimated from Fig. 5d
"Thermodynamic, Structural and Thermoelectric Properties of AgSbTe2 Thick Films Developed by Melt Spinning.pdf",10.3390/nano8070474,AgSbTe2,SAT-5,AgSbTe2,0,No,,,,,,power factor,1.3,mW m-1 K-2,500,K,figure,Fig. 4c,
"Thermodynamic, Structural and Thermoelectric Properties of AgSbTe2 Thick Films Developed by Melt Spinning.pdf",10.3390/nano8070474,AgSbTe2,SAT-5,AgSbTe2,0,No,,,,,,ZT,1.40,dimensionless,500,K,text,Section 3.2,
"Thermodynamic, Structural and Thermoelectric Properties of AgSbTe2 Thick Films Developed by Melt Spinning.pdf",10.3390/nano8070474,AgSbTe2,SAT-10,AgSbTe2,0,No,,,,,,power factor,1.3,mW m-1 K-2,500,K,figure,Fig. 4c,
"Thermodynamic, Structural and Thermoelectric Properties of AgSbTe2 Thick Films Developed by Melt Spinning.pdf",10.3390/nano8070474,AgSbTe2,SAT-10,AgSbTe2,0,No,,,,,,ZT,1.40,dimensionless,500,K,text,Section 3.2,
"Thermodynamic, Structural and Thermoelectric Properties of AgSbTe2 Thick Films Developed by Melt Spinning.pdf",10.3390/nano8070474,AgSbTe2,SATS-10,AgSbTe1.98Se0.02,1,No,Se,1%,Te,,Se (1%) @ Te site,power factor,1.3,mW m-1 K-2,500,K,text,Abstract and Section 3.2,
"Thermodynamic, Structural and Thermoelectric Properties of AgSbTe2 Thick Films Developed by Melt Spinning.pdf",10.3390/nano8070474,AgSbTe2,SATS-10,AgSbTe1.98Se0.02,1,No,Se,1%,Te,,Se (1%) @ Te site,ZT,1.35,dimensionless,500,K,text,Section 3.2,
"Thermodynamic, Structural and Thermoelectric Properties of AgSbTe2 Thick Films Developed by Melt Spinning.pdf",10.3390/nano8070474,AgSbTe2,SAT-5,AgSbTe2,0,No,,,,,,electrical conductivity,2.8,10^4 Sm^-1,300,K,figure,,Visually estimated from Fig. 4a
"Thermodynamic, Structural and Thermoelectric Properties of AgSbTe2 Thick Films Developed by Melt Spinning.pdf",10.3390/nano8070474,AgSbTe2,SAT-5,AgSbTe2,0,No,,,,,,electrical conductivity,1.2,10^4 Sm^-1,500,K,figure,,Visually estimated from Fig. 4a
"Thermodynamic, Structural and Thermoelectric Properties of AgSbTe2 Thick Films Developed by Melt Spinning.pdf",10.3390/nano8070474,AgSbTe2,SAT-5,AgSbTe2,0,No,,,,,,Seebeck coefficient,280,uVK^-1,300,K,figure,,Visually estimated from Fig. 4b
"Thermodynamic, Structural and Thermoelectric Properties of AgSbTe2 Thick Films Developed by Melt Spinning.pdf",10.3390/nano8070474,AgSbTe2,SAT-5,AgSbTe2,0,No,,,,,,Seebeck coefficient,270,uVK^-1,500,K,figure,,Visually estimated from Fig. 4b
"Thermodynamic, Structural and Thermoelectric Properties of AgSbTe2 Thick Films Developed by Melt Spinning.pdf",10.3390/nano8070474,AgSbTe2,SAT-5,AgSbTe2,0,No,,,,,,power factor,1.2,mWm^-1K^-2,300,K,figure,,Visually estimated from Fig. 4c
"Thermodynamic, Structural and Thermoelectric Properties of AgSbTe2 Thick Films Developed by Melt Spinning.pdf",10.3390/nano8070474,AgSbTe2,SAT-5,AgSbTe2,0,No,,,,,,power factor,0.8,mWm^-1K^-2,500,K,figure,,Visually estimated from Fig. 4c
"Thermodynamic, Structural and Thermoelectric Properties of AgSbTe2 Thick Films Developed by Melt Spinning.pdf",10.3390/nano8070474,AgSbTe2,SAT-10,AgSbTe2,0,No,,,,,,electrical conductivity,1.3,10^4 Sm^-1,300,K,figure,,Visually estimated from Fig. 4a
"Thermodynamic, Structural and Thermoelectric Properties of AgSbTe2 Thick Films Developed by Melt Spinning.pdf",10.3390/nano8070474,AgSbTe2,SAT-10,AgSbTe2,0,No,,,,,,electrical conductivity,1.8,10^4 Sm^-1,500,K,figure,,Visually estimated from Fig. 4a
"Thermodynamic, Structural and Thermoelectric Properties of AgSbTe2 Thick Films Developed by Melt Spinning.pdf",10.3390/nano8070474,AgSbTe2,SAT-10,AgSbTe2,0,No,,,,,,Seebeck coefficient,240,uVK^-1,300,K,figure,,Visually estimated from Fig. 4b
"Thermodynamic, Structural and Thermoelectric Properties of AgSbTe2 Thick Films Developed by Melt Spinning.pdf",10.3390/nano8070474,AgSbTe2,SAT-10,AgSbTe2,0,No,,,,,,Seebeck coefficient,260,uVK^-1,500,K,figure,,Visually estimated from Fig. 4b
"Thermodynamic, Structural and Thermoelectric Properties of AgSbTe2 Thick Films Developed by Melt Spinning.pdf",10.3390/nano8070474,AgSbTe2,SAT-10,AgSbTe2,0,No,,,,,,power factor,0.8,mWm^-1K^-2,300,K,figure,,Visually estimated from Fig. 4c
"Thermodynamic, Structural and Thermoelectric Properties of AgSbTe2 Thick Films Developed by Melt Spinning.pdf",10.3390/nano8070474,AgSbTe2,SAT-10,AgSbTe2,0,No,,,,,,power factor,1.2,mWm^-1K^-2,500,K,figure,,Visually estimated from Fig. 4c
"Thermodynamic, Structural and Thermoelectric Properties of AgSbTe2 Thick Films Developed by Melt Spinning.pdf",10.3390/nano8070474,AgSbTe2,SATS-10,AgSbTe2-xSex,1,No,Se,1%,Te,,Se (1%) @ Te site,electrical conductivity,1.8,10^4 Sm^-1,300,K,figure,,Visually estimated from Fig. 4a
"Thermodynamic, Structural and Thermoelectric Properties of AgSbTe2 Thick Films Developed by Melt Spinning.pdf",10.3390/nano8070474,AgSbTe2,SATS-10,AgSbTe2-xSex,1,No,Se,1%,Te,,Se (1%) @ Te site,electrical conductivity,2.8,10^4 Sm^-1,500,K,figure,,Visually estimated from Fig. 4a
"Thermodynamic, Structural and Thermoelectric Properties of AgSbTe2 Thick Films Developed by Melt Spinning.pdf",10.3390/nano8070474,AgSbTe2,SATS-10,AgSbTe2-xSex,1,No,Se,1%,Te,,Se (1%) @ Te site,Seebeck coefficient,250,uVK^-1,300,K,figure,,Visually estimated from Fig. 4b
"Thermodynamic, Structural and Thermoelectric Properties of AgSbTe2 Thick Films Developed by Melt Spinning.pdf",10.3390/nano8070474,AgSbTe2,SATS-10,AgSbTe2-xSex,1,No,Se,1%,Te,,Se (1%) @ Te site,Seebeck coefficient,220,uVK^-1,500,K,figure,,Visually estimated from Fig. 4b
"Thermodynamic, Structural and Thermoelectric Properties of AgSbTe2 Thick Films Developed by Melt Spinning.pdf",10.3390/nano8070474,AgSbTe2,SATS-10,AgSbTe2-xSex,1,No,Se,1%,Te,,Se (1%) @ Te site,power factor,1.1,mWm^-1K^-2,300,K,figure,,Visually estimated from Fig. 4c
"Thermodynamic, Structural and Thermoelectric Properties of AgSbTe2 Thick Films Developed by Melt Spinning.pdf",10.3390/nano8070474,AgSbTe2,SATS-10,AgSbTe2-xSex,1,No,Se,1%,Te,,Se (1%) @ Te site,power factor,1.3,mWm^-1K^-2,500,K,figure,,Visually estimated from Fig. 4c
Thermoelectric Properties of the Pseudobinary Alloy (Ag0.365Sb0.558Te)0.975(GeTe)0.025 Prepared by Spark Plasma Sintering.pdf,10.1007/s11664-010-1278-1,AgSbTe2,(Ag0.365Sb0.558Te)0.975(GeTe)0.025,(Ag0.365Sb0.558Te)0.975(GeTe)0.025,2,Yes,Ge,1.3 at.%,Sb,Ge (remaining Ge atoms) @ interstitial,Ge (1.3 at.%) @ Sb site; Ge (remaining Ge atoms) @ interstitial site,ZT,0.69,dimensionless,551,K,text,body text,
Thermoelectric Properties of the Pseudobinary Alloy (Ag0.365Sb0.558Te)0.975(GeTe)0.025 Prepared by Spark Plasma Sintering.pdf,10.1007/s11664-010-1278-1,AgSbTe2,(Ag0.365Sb0.558Te)0.975(GeTe)0.025,(Ag0.365Sb0.558Te)0.975(GeTe)0.025,2,Yes,Ge,1.3 at.%,Sb,Ge (remaining Ge atoms) @ interstitial,Ge (1.3 at.%) @ Sb site; Ge (remaining Ge atoms) @ interstitial site,Seebeck coefficient,131,uV K-1,551,K,text,body text,
Thermoelectric Properties of the Pseudobinary Alloy (Ag0.365Sb0.558Te)0.975(GeTe)0.025 Prepared by Spark Plasma Sintering.pdf,10.1007/s11664-010-1278-1,AgSbTe2,(Ag0.365Sb0.558Te)0.975(GeTe)0.025,(Ag0.365Sb0.558Te)0.975(GeTe)0.025,2,Yes,Ge,1.3 at.%,Sb,Ge (remaining Ge atoms) @ interstitial,Ge (1.3 at.%) @ Sb site; Ge (remaining Ge atoms) @ interstitial site,lattice thermal conductivity,0.304,W m-1 K-1,551,K,text,body text,
Thermoelectric Properties of the Pseudobinary Alloy (Ag0.365Sb0.558Te)0.975(GeTe)0.025 Prepared by Spark Plasma Sintering.pdf,10.1007/s11664-010-1278-1,AgSbTe2,(Ag0.365Sb0.558Te)0.975(GeTe)0.025,(Ag0.365Sb0.558Te)0.975(GeTe)0.025,2,Yes,Ge,1.3 at.%,Sb,Ge (remaining Ge atoms) @ interstitial,Ge (1.3 at.%) @ Sb site; Ge (remaining Ge atoms) @ interstitial site,electronic thermal conductivity,0.42 to 0.51,W m-1 K-1,318 to 551,K,text,body text,
Thermoelectric Properties of the Pseudobinary Alloy (Ag0.365Sb0.558Te)0.975(GeTe)0.025 Prepared by Spark Plasma Sintering.pdf,10.1007/s11664-010-1278-1,AgSbTe2,(Ag0.365Sb0.558Te)0.975(GeTe)0.025,(Ag0.365Sb0.558Te)0.975(GeTe)0.025,2,Yes,Ge,1.3 at.%,Sb,Ge (remaining Ge atoms) @ interstitial,Ge (1.3 at.%) @ Sb site; Ge (remaining Ge atoms) @ interstitial site,total thermal conductivity,0.77 to 0.87,W m-1 K-1,318 to 551,K,text,body text,
Thermoelectric Properties of the Pseudobinary Alloy (Ag0.365Sb0.558Te)0.975(GeTe)0.025 Prepared by Spark Plasma Sintering.pdf,10.1007/s11664-010-1278-1,AgSbTe2,(Ag0.365Sb0.558Te)0.975(GeTe)0.025,(Ag0.365Sb0.558Te)0.975(GeTe)0.025,2,Yes,Ge,0.025,Sb,Ge (0.025) @ interstitial,Ge (0.025) @ Sb site; Ge (0.025) @ interstitial site,Seebeck coefficient,60,uV K^-1,318,K,figure,,Visually estimated from Fig. 3
Thermoelectric Properties of the Pseudobinary Alloy (Ag0.365Sb0.558Te)0.975(GeTe)0.025 Prepared by Spark Plasma Sintering.pdf,10.1007/s11664-010-1278-1,AgSbTe2,(Ag0.365Sb0.558Te)0.975(GeTe)0.025,(Ag0.365Sb0.558Te)0.975(GeTe)0.025,2,Yes,Ge,0.025,Sb,Ge (0.025) @ interstitial,Ge (0.025) @ Sb site; Ge (0.025) @ interstitial site,Seebeck coefficient,131,uV K^-1,551,K,figure,,Visually estimated from Fig. 3
Thermoelectric Properties of the Pseudobinary Alloy (Ag0.365Sb0.558Te)0.975(GeTe)0.025 Prepared by Spark Plasma Sintering.pdf,10.1007/s11664-010-1278-1,AgSbTe2,(Ag0.365Sb0.558Te)0.975(GeTe)0.025,(Ag0.365Sb0.558Te)0.975(GeTe)0.025,2,Yes,Ge,0.025,Sb,Ge (0.025) @ interstitial,Ge (0.025) @ Sb site; Ge (0.025) @ interstitial site,electrical conductivity,8,10^4 Ohm^-1 m^-1,318,K,figure,,Visually estimated from Fig. 4
Thermoelectric Properties of the Pseudobinary Alloy (Ag0.365Sb0.558Te)0.975(GeTe)0.025 Prepared by Spark Plasma Sintering.pdf,10.1007/s11664-010-1278-1,AgSbTe2,(Ag0.365Sb0.558Te)0.975(GeTe)0.025,(Ag0.365Sb0.558Te)0.975(GeTe)0.025,2,Yes,Ge,0.025,Sb,Ge (0.025) @ interstitial,Ge (0.025) @ Sb site; Ge (0.025) @ interstitial site,electrical conductivity,5,10^4 Ohm^-1 m^-1,551,K,figure,,Visually estimated from Fig. 4
Thermoelectric Properties of the Pseudobinary Alloy (Ag0.365Sb0.558Te)0.975(GeTe)0.025 Prepared by Spark Plasma Sintering.pdf,10.1007/s11664-010-1278-1,AgSbTe2,(Ag0.365Sb0.558Te)0.975(GeTe)0.025,(Ag0.365Sb0.558Te)0.975(GeTe)0.025,2,Yes,Ge,0.025,Sb,Ge (0.025) @ interstitial,Ge (0.025) @ Sb site; Ge (0.025) @ interstitial site,lattice thermal conductivity,0.4,W W^-1 K^-1 m^-1,318,K,figure,,Visually estimated from Fig. 5a
Thermoelectric Properties of the Pseudobinary Alloy (Ag0.365Sb0.558Te)0.975(GeTe)0.025 Prepared by Spark Plasma Sintering.pdf,10.1007/s11664-010-1278-1,AgSbTe2,(Ag0.365Sb0.558Te)0.975(GeTe)0.025,(Ag0.365Sb0.558Te)0.975(GeTe)0.025,2,Yes,Ge,0.025,Sb,Ge (0.025) @ interstitial,Ge (0.025) @ Sb site; Ge (0.025) @ interstitial site,lattice thermal conductivity,0.3,W W^-1 K^-1 m^-1,551,K,figure,,Visually estimated from Fig. 5a
Thermoelectric Properties of the Pseudobinary Alloy (Ag0.365Sb0.558Te)0.975(GeTe)0.025 Prepared by Spark Plasma Sintering.pdf,10.1007/s11664-010-1278-1,AgSbTe2,(Ag0.365Sb0.558Te)0.975(GeTe)0.025,(Ag0.365Sb0.558Te)0.975(GeTe)0.025,2,Yes,Ge,0.025,Sb,Ge (0.025) @ interstitial,Ge (0.025) @ Sb site; Ge (0.025) @ interstitial site,ZT,0.15,dimensionless,318,K,figure,,Visually estimated from Fig. 6
Thermoelectric Properties of the Pseudobinary Alloy (Ag0.365Sb0.558Te)0.975(GeTe)0.025 Prepared by Spark Plasma Sintering.pdf,10.1007/s11664-010-1278-1,AgSbTe2,(Ag0.365Sb0.558Te)0.975(GeTe)0.025,(Ag0.365Sb0.558Te)0.975(GeTe)0.025,2,Yes,Ge,0.025,Sb,Ge (0.025) @ interstitial,Ge (0.025) @ Sb site; Ge (0.025) @ interstitial site,ZT,0.69,dimensionless,551,K,figure,,Visually estimated from Fig. 6
Thermoelectric Properties of the Pseudobinary Alloy (Ag0.365Sb0.558Te)0.975(GeTe)0.025 Prepared by Spark Plasma Sintering.pdf,10.1007/s11664-010-1278-1,AgSbTe2,GeTe-added (Ag0.365Sb0.558Te)0.975(GeTe)0.025,(Ag0.365Sb0.558Te)0.975(GeTe)0.025,1,No,GeTe,0.025,unclear,,GeTe (0.025) @ unclear site,ZT,0.69,dimensionless,551,K,body text,,
Thermoelectric properties of (GeTe)1-x[(Ag2Te)0.4(Sb2Te3)0.6]x alloys.pdf,10.1007/s12598-,AgSbTe2-family (GeTe-Ag2Te-Sb2Te3 alloys),x = 0,(GeTe)1-x[(Ag2Te)0.4(Sb2Te3)0.6]x where x=0,0,No,,,,,,Seebeck coefficient,See Fig. 5b,uV/K,,,figure,Fig. 5b,
Thermoelectric properties of (GeTe)1-x[(Ag2Te)0.4(Sb2Te3)0.6]x alloys.pdf,10.1007/s12598-,AgSbTe2-family (GeTe-Ag2Te-Sb2Te3 alloys),x = 0,(GeTe)1-x[(Ag2Te)0.4(Sb2Te3)0.6]x where x=0,0,No,,,,,,electrical conductivity,See Fig. 5a,S/cm,,,figure,Fig. 5a,
Thermoelectric properties of (GeTe)1-x[(Ag2Te)0.4(Sb2Te3)0.6]x alloys.pdf,10.1007/s12598-,AgSbTe2-family (GeTe-Ag2Te-Sb2Te3 alloys),x = 0,(GeTe)1-x[(Ag2Te)0.4(Sb2Te3)0.6]x where x=0,0,No,,,,,,thermal conductivity,See Fig. 5d,W/mK,,,figure,Fig. 5d,
Thermoelectric properties of (GeTe)1-x[(Ag2Te)0.4(Sb2Te3)0.6]x alloys.pdf,10.1007/s12598-,AgSbTe2-family (GeTe-Ag2Te-Sb2Te3 alloys),x = 0,(GeTe)1-x[(Ag2Te)0.4(Sb2Te3)0.6]x where x=0,0,No,,,,,,lattice thermal conductivity,See Fig. 5e,W/mK,,,figure,Fig. 5e,
Thermoelectric properties of (GeTe)1-x[(Ag2Te)0.4(Sb2Te3)0.6]x alloys.pdf,10.1007/s12598-,AgSbTe2-family (GeTe-Ag2Te-Sb2Te3 alloys),x = 0,(GeTe)1-x[(Ag2Te)0.4(Sb2Te3)0.6]x where x=0,0,No,,,,,,power factor,See Fig. 5c,uW/cmK^2,,,figure,Fig. 5c,
Thermoelectric properties of (GeTe)1-x[(Ag2Te)0.4(Sb2Te3)0.6]x alloys.pdf,10.1007/s12598-,AgSbTe2-family (GeTe-Ag2Te-Sb2Te3 alloys),x = 0,(GeTe)1-x[(Ag2Te)0.4(Sb2Te3)0.6]x where x=0,0,No,,,,,,ZT,See Fig. 6a,dimensionless,,,figure,Fig. 6a,
Thermoelectric properties of (GeTe)1-x[(Ag2Te)0.4(Sb2Te3)0.6]x alloys.pdf,10.1007/s12598-,AgSbTe2-family (GeTe-Ag2Te-Sb2Te3 alloys),x = 0.03,(GeTe)0.97[(Ag2Te)0.4(Sb2Te3)0.6]0.03,0,No,,,,,,Seebeck coefficient,See Fig. 5b,uV/K,,,figure,Fig. 5b,
Thermoelectric properties of (GeTe)1-x[(Ag2Te)0.4(Sb2Te3)0.6]x alloys.pdf,10.1007/s12598-,AgSbTe2-family (GeTe-Ag2Te-Sb2Te3 alloys),x = 0.10,(GeTe)0.9[(Ag2Te)0.4(Sb2Te3)0.6]0.1,0,No,,,,,,ZT,1.8,dimensionless,,,text,body text,Peak zT
Thermoelectric properties of (GeTe)1-x[(Ag2Te)0.4(Sb2Te3)0.6]x alloys.pdf,10.1007/s12598-,AgSbTe2-family (GeTe-Ag2Te-Sb2Te3 alloys),x = 0.20,(GeTe)0.8[(Ag2Te)0.4(Sb2Te3)0.6]0.2,0,No,,,,,,ZT,1.8,dimensionless,,,text,body text,Peak zT
Thermoelectric properties of (GeTe)1-x[(Ag2Te)0.4(Sb2Te3)0.6]x alloys.pdf,10.1007/s12598-,AgSbTe2-family (GeTe-Ag2Te-Sb2Te3 alloys),x=0,GeTe,0,No,,,,,,,,,,,,,
Thermoelectric properties of (GeTe)1-x[(Ag2Te)0.4(Sb2Te3)0.6]x alloys.pdf,10.1007/s12598-,AgSbTe2-family (GeTe-Ag2Te-Sb2Te3 alloys),x=0.03,(GeTe)0.97[(Ag2Te)0.4(Sb2Te3)0.6]0.03,2,Yes,Ag,0.03,unclear,Sb (0.03) @ unclear,Ag (0.03) @ unclear site; Sb (0.03) @ unclear site,,,,,,,,
Thermoelectric properties of (GeTe)1-x[(Ag2Te)0.4(Sb2Te3)0.6]x alloys.pdf,10.1007/s12598-,AgSbTe2-family (GeTe-Ag2Te-Sb2Te3 alloys),x=0.04,(GeTe)0.96[(Ag2Te)0.4(Sb2Te3)0.6]0.04,2,Yes,Ag,0.04,unclear,Sb (0.04) @ unclear,Ag (0.04) @ unclear site; Sb (0.04) @ unclear site,,,,,,,,
Thermoelectric properties of (GeTe)1-x[(Ag2Te)0.4(Sb2Te3)0.6]x alloys.pdf,10.1007/s12598-,AgSbTe2-family (GeTe-Ag2Te-Sb2Te3 alloys),x=0.05,(GeTe)0.95[(Ag2Te)0.4(Sb2Te3)0.6]0.05,2,Yes,Ag,0.05,unclear,Sb (0.05) @ unclear,Ag (0.05) @ unclear site; Sb (0.05) @ unclear site,,,,,,,,
Thermoelectric properties of (GeTe)1-x[(Ag2Te)0.4(Sb2Te3)0.6]x alloys.pdf,10.1007/s12598-,AgSbTe2-family (GeTe-Ag2Te-Sb2Te3 alloys),x=0.10,(GeTe)0.90[(Ag2Te)0.4(Sb2Te3)0.6]0.10,2,Yes,Ag,0.10,unclear,Sb (0.10) @ unclear,Ag (0.10) @ unclear site; Sb (0.10) @ unclear site,,,,,,,,
Thermoelectric properties of (GeTe)1-x[(Ag2Te)0.4(Sb2Te3)0.6]x alloys.pdf,10.1007/s12598-,AgSbTe2-family (GeTe-Ag2Te-Sb2Te3 alloys),x=0.15,(GeTe)0.85[(Ag2Te)0.4(Sb2Te3)0.6]0.15,2,Yes,Ag,0.15,unclear,Sb (0.15) @ unclear,Ag (0.15) @ unclear site; Sb (0.15) @ unclear site,,,,,,,,
Thermoelectric properties of (GeTe)1-x[(Ag2Te)0.4(Sb2Te3)0.6]x alloys.pdf,10.1007/s12598-,AgSbTe2-family (GeTe-Ag2Te-Sb2Te3 alloys),x=0.20,(GeTe)0.80[(Ag2Te)0.4(Sb2Te3)0.6]0.20,2,Yes,Ag,0.20,unclear,Sb (0.20) @ unclear,Ag (0.20) @ unclear site; Sb (0.20) @ unclear site,,,,,,,,
Thermoelectric properties of (GeTe)1-x[(Ag2Te)0.4(Sb2Te3)0.6]x alloys.pdf,10.1007/s12598-,AgSbTe2-family (GeTe-Ag2Te-Sb2Te3 alloys),x=0.25,(GeTe)0.75[(Ag2Te)0.4(Sb2Te3)0.6]0.25,2,Yes,Ag,0.25,unclear,Sb (0.25) @ unclear,Ag (0.25) @ unclear site; Sb (0.25) @ unclear site,,,,,,,,
Thermoelectric properties of (GeTe)1-x[(Ag2Te)0.4(Sb2Te3)0.6]x alloys.pdf,10.1007/s12598-,AgSbTe2-family (GeTe-Ag2Te-Sb2Te3 alloys),"(GeTe)1-x[(Ag2Te)0.4(Sb2Te3)0.6]x, x=0.03",(GeTe)0.97(Ag0.8Sb1.2Te3)0.03,2,Yes,Ag,x=0.03,unclear,Sb (x=0.03) @ unclear,Ag (x=0.03) @ unclear site; Sb (x=0.03) @ unclear site,ZT,0.4,dimensionless,300,K,figure,Fig. 6a,Visually estimated from Fig. 6a
Thermoelectric properties of (GeTe)1-x[(Ag2Te)0.4(Sb2Te3)0.6]x alloys.pdf,10.1007/s12598-,AgSbTe2-family (GeTe-Ag2Te-Sb2Te3 alloys),"(GeTe)1-x[(Ag2Te)0.4(Sb2Te3)0.6]x, x=0.03",(GeTe)0.97(Ag0.8Sb1.2Te3)0.03,2,Yes,Ag,x=0.03,unclear,Sb (x=0.03) @ unclear,Ag (x=0.03) @ unclear site; Sb (x=0.03) @ unclear site,ZT,1.2,dimensionless,750,K,figure,Fig. 6a,Visually estimated from Fig. 6a
Thermoelectric properties of (GeTe)1-x[(Ag2Te)0.4(Sb2Te3)0.6]x alloys.pdf,10.1007/s12598-,AgSbTe2-family (GeTe-Ag2Te-Sb2Te3 alloys),"(GeTe)1-x[(Ag2Te)0.4(Sb2Te3)0.6]x, x=0.10",(GeTe)0.9(Ag0.8Sb1.2Te3)0.1,2,Yes,Ag,x=0.10,unclear,Sb (x=0.10) @ unclear,Ag (x=0.10) @ unclear site; Sb (x=0.10) @ unclear site,ZT,0.6,dimensionless,300,K,figure,Fig. 6a,Visually estimated from Fig. 6a
Thermoelectric properties of (GeTe)1-x[(Ag2Te)0.4(Sb2Te3)0.6]x alloys.pdf,10.1007/s12598-,AgSbTe2-family (GeTe-Ag2Te-Sb2Te3 alloys),"(GeTe)1-x[(Ag2Te)0.4(Sb2Te3)0.6]x, x=0.10",(GeTe)0.9(Ag0.8Sb1.2Te3)0.1,2,Yes,Ag,x=0.10,unclear,Sb (x=0.10) @ unclear,Ag (x=0.10) @ unclear site; Sb (x=0.10) @ unclear site,ZT,1.6,dimensionless,750,K,figure,Fig. 6a,Visually estimated from Fig. 6a
Thermoelectric properties of (GeTe)1-x[(Ag2Te)0.4(Sb2Te3)0.6]x alloys.pdf,10.1007/s12598-,AgSbTe2-family (GeTe-Ag2Te-Sb2Te3 alloys),"(GeTe)1-x[(Ag2Te)0.4(Sb2Te3)0.6]x, x=0.20",(GeTe)0.8(Ag0.8Sb1.2Te3)0.2,2,Yes,Ag,x=0.20,unclear,Sb (x=0.20) @ unclear,Ag (x=0.20) @ unclear site; Sb (x=0.20) @ unclear site,ZT,0.8,dimensionless,300,K,figure,Fig. 6a,Visually estimated from Fig. 6a
Thermoelectric properties of (GeTe)1-x[(Ag2Te)0.4(Sb2Te3)0.6]x alloys.pdf,10.1007/s12598-,AgSbTe2-family (GeTe-Ag2Te-Sb2Te3 alloys),"(GeTe)1-x[(Ag2Te)0.4(Sb2Te3)0.6]x, x=0.20",(GeTe)0.8(Ag0.8Sb1.2Te3)0.2,2,Yes,Ag,x=0.20,unclear,Sb (x=0.20) @ unclear,Ag (x=0.20) @ unclear site; Sb (x=0.20) @ unclear site,ZT,1.8,dimensionless,750,K,figure,Fig. 6a,Visually estimated from Fig. 6a
Thermoelectric properties of AgSbTe2 from first-principles calculations.pdf,10.1063/1.4895062,AgSbTe2,pure AgSbTe2,AgSbTe2,0,No,,,,,,Seebeck coefficient,100,uV/K,200,K,figure,Fig. 2,"Visually estimated from Fig. 2, Fd3m structure, Eg=0.008eV, carrier concentration 2.5x10^19 h/cm^3"
Thermoelectric properties of AgSbTe2 from first-principles calculations.pdf,10.1063/1.4895062,AgSbTe2,pure AgSbTe2,AgSbTe2,0,No,,,,,,Seebeck coefficient,200,uV/K,400,K,figure,Fig. 2,"Visually estimated from Fig. 2, Fd3m structure, Eg=0.008eV, carrier concentration 2.5x10^19 h/cm^3"
Thermoelectric properties of AgSbTe2 from first-principles calculations.pdf,10.1063/1.4895062,AgSbTe2,pure AgSbTe2,AgSbTe2,0,No,,,,,,Seebeck coefficient,250,uV/K,600,K,figure,Fig. 2,"Visually estimated from Fig. 2, Fd3m structure, Eg=0.008eV, carrier concentration 2.5x10^19 h/cm^3"
"Thermoelectric properties of p-type (AgSbTe2)x(Pb0.5Sn0.5Te)1 − x (x = 0.05, 0.09, 0.2).pdf",10.1016/j.jallcom.2005.08.033,AgSbTe2-PbTe-SnTe,x=0.05,(AgSbTe2)0.05(Pb0.5Sn0.5Te)0.95,1,No,Sn,0.5 in Pb0.5Sn0.5Te,multiple sites,,Sn (0.5 in Pb0.5Sn0.5Te) @ multiple sites site,ZT,1,dimensionless,700,K,text,Section 4 Summary,
"Thermoelectric properties of p-type (AgSbTe2)x(Pb0.5Sn0.5Te)1 − x (x = 0.05, 0.09, 0.2).pdf",10.1016/j.jallcom.2005.08.033,AgSbTe2-PbTe-SnTe,x=0.09,(AgSbTe2)0.09(Pb0.5Sn0.5Te)0.91,1,No,Sn,0.5 in Pb0.5Sn0.5Te,multiple sites,,Sn (0.5 in Pb0.5Sn0.5Te) @ multiple sites site,ZT,1,dimensionless,700,K,text,Section 4 Summary,
"Thermoelectric properties of p-type (AgSbTe2)x(Pb0.5Sn0.5Te)1 − x (x = 0.05, 0.09, 0.2).pdf",10.1016/j.jallcom.2005.08.033,AgSbTe2-PbTe-SnTe,x=0.2,(AgSbTe2)0.2(Pb0.5Sn0.5Te)0.8,1,No,Sn,0.5 in Pb0.5Sn0.5Te,multiple sites,,Sn (0.5 in Pb0.5Sn0.5Te) @ multiple sites site,thermal conductivity,0.8,W/(m K),,,text,Section 3 Results and discussion,
"Thermoelectric properties of p-type (AgSbTe2)x(Pb0.5Sn0.5Te)1 − x (x = 0.05, 0.09, 0.2).pdf",10.1016/j.jallcom.2005.08.033,AgSbTe2-PbTe-SnTe,x=0.2,(AgSbTe2)0.2(Pb0.5Sn0.5Te)0.8,1,No,Sn,0.5 in Pb0.5Sn0.5Te,multiple sites,,Sn (0.5 in Pb0.5Sn0.5Te) @ multiple sites site,ZT,1,dimensionless,700,K,text,Section 4 Summary,
"Thermoelectric properties of p-type (AgSbTe2)x(Pb0.5Sn0.5Te)1 − x (x = 0.05, 0.09, 0.2).pdf",10.1016/j.jallcom.2005.08.033,AgSbTe2-PbTe-SnTe,x=0.05,(AgSbTe2)0.05(Pb0.5Sn0.5Te)0.95,2,Yes,Pb,0.95 * 0.5,unclear,Sn (0.95 * 0.5) @ unclear,Pb (0.95 * 0.5) @ unclear site; Sn (0.95 * 0.5) @ unclear site,electrical conductivity,1.5e-5,ohm m,300,K,figure,,Visually estimated from Fig 3A
"Thermoelectric properties of p-type (AgSbTe2)x(Pb0.5Sn0.5Te)1 − x (x = 0.05, 0.09, 0.2).pdf",10.1016/j.jallcom.2005.08.033,AgSbTe2-PbTe-SnTe,x=0.05,(AgSbTe2)0.05(Pb0.5Sn0.5Te)0.95,2,Yes,Pb,0.95 * 0.5,unclear,Sn (0.95 * 0.5) @ unclear,Pb (0.95 * 0.5) @ unclear site; Sn (0.95 * 0.5) @ unclear site,Seebeck coefficient,80,uV/K,300,K,figure,,Visually estimated from Fig 3B
"Thermoelectric properties of p-type (AgSbTe2)x(Pb0.5Sn0.5Te)1 − x (x = 0.05, 0.09, 0.2).pdf",10.1016/j.jallcom.2005.08.033,AgSbTe2-PbTe-SnTe,x=0.05,(AgSbTe2)0.05(Pb0.5Sn0.5Te)0.95,2,Yes,Pb,0.95 * 0.5,unclear,Sn (0.95 * 0.5) @ unclear,Pb (0.95 * 0.5) @ unclear site; Sn (0.95 * 0.5) @ unclear site,power factor,0.75,mW/mK^2,300,K,figure,,Visually estimated from Fig 3C
"Thermoelectric properties of p-type (AgSbTe2)x(Pb0.5Sn0.5Te)1 − x (x = 0.05, 0.09, 0.2).pdf",10.1016/j.jallcom.2005.08.033,AgSbTe2-PbTe-SnTe,x=0.05,(AgSbTe2)0.05(Pb0.5Sn0.5Te)0.95,2,Yes,Pb,0.95 * 0.5,unclear,Sn (0.95 * 0.5) @ unclear,Pb (0.95 * 0.5) @ unclear site; Sn (0.95 * 0.5) @ unclear site,thermal conductivity,1.35,Wm^-1K^-1,300,K,figure,,Visually estimated from Fig 5
"Thermoelectric properties of p-type (AgSbTe2)x(Pb0.5Sn0.5Te)1 − x (x = 0.05, 0.09, 0.2).pdf",10.1016/j.jallcom.2005.08.033,AgSbTe2-PbTe-SnTe,x=0.05,(AgSbTe2)0.05(Pb0.5Sn0.5Te)0.95,2,Yes,Pb,0.95 * 0.5,unclear,Sn (0.95 * 0.5) @ unclear,Pb (0.95 * 0.5) @ unclear site; Sn (0.95 * 0.5) @ unclear site,ZT,0.1,dimensionless,300,K,figure,,Visually estimated from Fig 6
"Thermoelectric properties of p-type (AgSbTe2)x(Pb0.5Sn0.5Te)1 − x (x = 0.05, 0.09, 0.2).pdf",10.1016/j.jallcom.2005.08.033,AgSbTe2-PbTe-SnTe,x=0.09,(AgSbTe2)0.09(Pb0.5Sn0.5Te)0.91,2,Yes,Pb,0.91 * 0.5,unclear,Sn (0.91 * 0.5) @ unclear,Pb (0.91 * 0.5) @ unclear site; Sn (0.91 * 0.5) @ unclear site,electrical conductivity,1.8e-5,ohm m,300,K,figure,,Visually estimated from Fig 3A
"Thermoelectric properties of p-type (AgSbTe2)x(Pb0.5Sn0.5Te)1 − x (x = 0.05, 0.09, 0.2).pdf",10.1016/j.jallcom.2005.08.033,AgSbTe2-PbTe-SnTe,x=0.09,(AgSbTe2)0.09(Pb0.5Sn0.5Te)0.91,2,Yes,Pb,0.91 * 0.5,unclear,Sn (0.91 * 0.5) @ unclear,Pb (0.91 * 0.5) @ unclear site; Sn (0.91 * 0.5) @ unclear site,Seebeck coefficient,100,uV/K,300,K,figure,,Visually estimated from Fig 3B
"Thermoelectric properties of p-type (AgSbTe2)x(Pb0.5Sn0.5Te)1 − x (x = 0.05, 0.09, 0.2).pdf",10.1016/j.jallcom.2005.08.033,AgSbTe2-PbTe-SnTe,x=0.09,(AgSbTe2)0.09(Pb0.5Sn0.5Te)0.91,2,Yes,Pb,0.91 * 0.5,unclear,Sn (0.91 * 0.5) @ unclear,Pb (0.91 * 0.5) @ unclear site; Sn (0.91 * 0.5) @ unclear site,power factor,0.85,mW/mK^2,300,K,figure,,Visually estimated from Fig 3C
"Thermoelectric properties of p-type (AgSbTe2)x(Pb0.5Sn0.5Te)1 − x (x = 0.05, 0.09, 0.2).pdf",10.1016/j.jallcom.2005.08.033,AgSbTe2-PbTe-SnTe,x=0.09,(AgSbTe2)0.09(Pb0.5Sn0.5Te)0.91,2,Yes,Pb,0.91 * 0.5,unclear,Sn (0.91 * 0.5) @ unclear,Pb (0.91 * 0.5) @ unclear site; Sn (0.91 * 0.5) @ unclear site,thermal conductivity,0.95,Wm^-1K^-1,300,K,figure,,Visually estimated from Fig 5
"Thermoelectric properties of p-type (AgSbTe2)x(Pb0.5Sn0.5Te)1 − x (x = 0.05, 0.09, 0.2).pdf",10.1016/j.jallcom.2005.08.033,AgSbTe2-PbTe-SnTe,x=0.09,(AgSbTe2)0.09(Pb0.5Sn0.5Te)0.91,2,Yes,Pb,0.91 * 0.5,unclear,Sn (0.91 * 0.5) @ unclear,Pb (0.91 * 0.5) @ unclear site; Sn (0.91 * 0.5) @ unclear site,ZT,0.2,dimensionless,300,K,figure,,Visually estimated from Fig 6
"Thermoelectric properties of p-type (AgSbTe2)x(Pb0.5Sn0.5Te)1 − x (x = 0.05, 0.09, 0.2).pdf",10.1016/j.jallcom.2005.08.033,AgSbTe2-PbTe-SnTe,x=0.2,(AgSbTe2)0.2(Pb0.5Sn0.5Te)0.8,2,Yes,Pb,0.8 * 0.5,unclear,Sn (0.8 * 0.5) @ unclear,Pb (0.8 * 0.5) @ unclear site; Sn (0.8 * 0.5) @ unclear site,electrical conductivity,2.0e-5,ohm m,300,K,figure,,Visually estimated from Fig 3A
"Thermoelectric properties of p-type (AgSbTe2)x(Pb0.5Sn0.5Te)1 − x (x = 0.05, 0.09, 0.2).pdf",10.1016/j.jallcom.2005.08.033,AgSbTe2-PbTe-SnTe,x=0.2,(AgSbTe2)0.2(Pb0.5Sn0.5Te)0.8,2,Yes,Pb,0.8 * 0.5,unclear,Sn (0.8 * 0.5) @ unclear,Pb (0.8 * 0.5) @ unclear site; Sn (0.8 * 0.5) @ unclear site,Seebeck coefficient,120,uV/K,300,K,figure,,Visually estimated from Fig 3B
"Thermoelectric properties of p-type (AgSbTe2)x(Pb0.5Sn0.5Te)1 − x (x = 0.05, 0.09, 0.2).pdf",10.1016/j.jallcom.2005.08.033,AgSbTe2-PbTe-SnTe,x=0.2,(AgSbTe2)0.2(Pb0.5Sn0.5Te)0.8,2,Yes,Pb,0.8 * 0.5,unclear,Sn (0.8 * 0.5) @ unclear,Pb (0.8 * 0.5) @ unclear site; Sn (0.8 * 0.5) @ unclear site,power factor,1.0,mW/mK^2,300,K,figure,,Visually estimated from Fig 3C
"Thermoelectric properties of p-type (AgSbTe2)x(Pb0.5Sn0.5Te)1 − x (x = 0.05, 0.09, 0.2).pdf",10.1016/j.jallcom.2005.08.033,AgSbTe2-PbTe-SnTe,x=0.2,(AgSbTe2)0.2(Pb0.5Sn0.5Te)0.8,2,Yes,Pb,0.8 * 0.5,unclear,Sn (0.8 * 0.5) @ unclear,Pb (0.8 * 0.5) @ unclear site; Sn (0.8 * 0.5) @ unclear site,thermal conductivity,0.85,Wm^-1K^-1,300,K,figure,,Visually estimated from Fig 5
"Thermoelectric properties of p-type (AgSbTe2)x(Pb0.5Sn0.5Te)1 − x (x = 0.05, 0.09, 0.2).pdf",10.1016/j.jallcom.2005.08.033,AgSbTe2-PbTe-SnTe,x=0.2,(AgSbTe2)0.2(Pb0.5Sn0.5Te)0.8,2,Yes,Pb,0.8 * 0.5,unclear,Sn (0.8 * 0.5) @ unclear,Pb (0.8 * 0.5) @ unclear site; Sn (0.8 * 0.5) @ unclear site,ZT,0.3,dimensionless,300,K,figure,,Visually estimated from Fig 6
Thin-film metallic glass an effective diffusion barrier for Se-doped AgSbTe2 thermoelectric modules.pdf,10.1038/srep45177,AgSbTe2,Ag25Sb25Se5Te45,Ag25Sb25Se5Te45,1,No,Se,5 at.%,unclear,,Se (5 at.%) @ unclear site,ZT,1.4,dimensionless,673,K,body text,"Page 2, Results and Discussion section",
Thin-film metallic glass an effective diffusion barrier for Se-doped AgSbTe2 thermoelectric modules.pdf,10.1038/srep45177,AgSbTe2,Ag25Sb25Se5Te45,Ag25Sb25Se5Te45,1,No,Se,5 at.%,Te,,Se (5 at.%) @ Te site,ZT,1.4,dimensionless,673,K,body text,Methods section,
"Transport and mechanical property evaluation of (AgSbTe)1 x(GeTe)x (x ¼ 0.80, 0.82, 0.85, 0.87, 0.90).pdf",10.1016/j.jssc.2009.05.024,AgSbTe2-GeTe,(AgSbTe2)0.20(GeTe)0.80,(Ag0.80SbTe1.90)0.20(GeTe)0.80,0,No,,,,,,thermal conductivity,1.7,W/m K,325,K,Table 1,,
"Transport and mechanical property evaluation of (AgSbTe)1 x(GeTe)x (x ¼ 0.80, 0.82, 0.85, 0.87, 0.90).pdf",10.1016/j.jssc.2009.05.024,AgSbTe2-GeTe,(AgSbTe2)0.20(GeTe)0.80,(Ag0.80SbTe1.90)0.20(GeTe)0.80,0,No,,,,,,Seebeck coefficient,80,mV/K,325,K,Table 1,,
"Transport and mechanical property evaluation of (AgSbTe)1 x(GeTe)x (x ¼ 0.80, 0.82, 0.85, 0.87, 0.90).pdf",10.1016/j.jssc.2009.05.024,AgSbTe2-GeTe,(AgSbTe2)0.20(GeTe)0.80,(Ag0.80SbTe1.90)0.20(GeTe)0.80,0,No,,,,,,electrical conductivity,0.561,mO-cm,325,K,Table 1,,Reported as electrical resistivity
"Transport and mechanical property evaluation of (AgSbTe)1 x(GeTe)x (x ¼ 0.80, 0.82, 0.85, 0.87, 0.90).pdf",10.1016/j.jssc.2009.05.024,AgSbTe2-GeTe,(AgSbTe2)0.20(GeTe)0.80,(Ag0.80SbTe1.90)0.20(GeTe)0.80,0,No,,,,,,ZT,1.0,dimensionless,750,K,body text,,
"Transport and mechanical property evaluation of (AgSbTe)1 x(GeTe)x (x ¼ 0.80, 0.82, 0.85, 0.87, 0.90).pdf",10.1016/j.jssc.2009.05.024,AgSbTe2-GeTe,(AgSbTe2)0.17(GeTe)0.83,(Ag0.84Sb0.99Te2.01)0.17(GeTe)0.83,0,No,,,,,,thermal conductivity,1.8,W/m K,325,K,Table 1,,
"Transport and mechanical property evaluation of (AgSbTe)1 x(GeTe)x (x ¼ 0.80, 0.82, 0.85, 0.87, 0.90).pdf",10.1016/j.jssc.2009.05.024,AgSbTe2-GeTe,(AgSbTe2)0.17(GeTe)0.83,(Ag0.84Sb0.99Te2.01)0.17(GeTe)0.83,0,No,,,,,,Seebeck coefficient,73,mV/K,325,K,Table 1,,
"Transport and mechanical property evaluation of (AgSbTe)1 x(GeTe)x (x ¼ 0.80, 0.82, 0.85, 0.87, 0.90).pdf",10.1016/j.jssc.2009.05.024,AgSbTe2-GeTe,(AgSbTe2)0.17(GeTe)0.83,(Ag0.84Sb0.99Te2.01)0.17(GeTe)0.83,0,No,,,,,,electrical conductivity,0.630,mO-cm,325,K,Table 1,,Reported as electrical resistivity
"Transport and mechanical property evaluation of (AgSbTe)1 x(GeTe)x (x ¼ 0.80, 0.82, 0.85, 0.87, 0.90).pdf",10.1016/j.jssc.2009.05.024,AgSbTe2-GeTe,(AgSbTe2)0.17(GeTe)0.83,(Ag0.84Sb0.99Te2.01)0.17(GeTe)0.83,0,No,,,,,,ZT,0.8,dimensionless,750,K,body text,,
"Transport and mechanical property evaluation of (AgSbTe)1 x(GeTe)x (x ¼ 0.80, 0.82, 0.85, 0.87, 0.90).pdf",10.1016/j.jssc.2009.05.024,AgSbTe2-GeTe,(AgSbTe2)0.15(GeTe)0.85,(Ag0.85Sb1.01Te1.95)0.15(GeTe)0.85,0,No,,,,,,thermal conductivity,1.6,W/m K,325,K,Table 1,,
"Transport and mechanical property evaluation of (AgSbTe)1 x(GeTe)x (x ¼ 0.80, 0.82, 0.85, 0.87, 0.90).pdf",10.1016/j.jssc.2009.05.024,AgSbTe2-GeTe,(AgSbTe2)0.15(GeTe)0.85,(Ag0.85Sb1.01Te1.95)0.15(GeTe)0.85,0,No,,,,,,Seebeck coefficient,100,mV/K,325,K,Table 1,,
"Transport and mechanical property evaluation of (AgSbTe)1 x(GeTe)x (x ¼ 0.80, 0.82, 0.85, 0.87, 0.90).pdf",10.1016/j.jssc.2009.05.024,AgSbTe2-GeTe,(AgSbTe2)0.15(GeTe)0.85,(Ag0.85Sb1.01Te1.95)0.15(GeTe)0.85,0,No,,,,,,electrical conductivity,0.50,mO-cm,325,K,Table 1,,Reported as electrical resistivity
"Transport and mechanical property evaluation of (AgSbTe)1 x(GeTe)x (x ¼ 0.80, 0.82, 0.85, 0.87, 0.90).pdf",10.1016/j.jssc.2009.05.024,AgSbTe2-GeTe,(AgSbTe2)0.15(GeTe)0.85,(Ag0.85Sb1.01Te1.95)0.15(GeTe)0.85,0,No,,,,,,ZT,1.36,dimensionless,700,K,body text,,
"Transport and mechanical property evaluation of (AgSbTe)1 x(GeTe)x (x ¼ 0.80, 0.82, 0.85, 0.87, 0.90).pdf",10.1016/j.jssc.2009.05.024,AgSbTe2-GeTe,(AgSbTe2)0.13(GeTe)0.87,(Ag0.75SbTe2.20)0.13(GeTe)0.88,0,No,,,,,,thermal conductivity,2.0,W/m K,325,K,Table 1,,
"Transport and mechanical property evaluation of (AgSbTe)1 x(GeTe)x (x ¼ 0.80, 0.82, 0.85, 0.87, 0.90).pdf",10.1016/j.jssc.2009.05.024,AgSbTe2-GeTe,(AgSbTe2)0.13(GeTe)0.87,(Ag0.75SbTe2.20)0.13(GeTe)0.88,0,No,,,,,,Seebeck coefficient,62,mV/K,325,K,Table 1,,
"Transport and mechanical property evaluation of (AgSbTe)1 x(GeTe)x (x ¼ 0.80, 0.82, 0.85, 0.87, 0.90).pdf",10.1016/j.jssc.2009.05.024,AgSbTe2-GeTe,(AgSbTe2)0.13(GeTe)0.87,(Ag0.75SbTe2.20)0.13(GeTe)0.88,0,No,,,,,,electrical conductivity,0.439,mO-cm,325,K,Table 1,,Reported as electrical resistivity
"Transport and mechanical property evaluation of (AgSbTe)1 x(GeTe)x (x ¼ 0.80, 0.82, 0.85, 0.87, 0.90).pdf",10.1016/j.jssc.2009.05.024,AgSbTe2-GeTe,(AgSbTe2)0.13(GeTe)0.87,(Ag0.75SbTe2.20)0.13(GeTe)0.88,0,No,,,,,,ZT,0.8,dimensionless,750,K,body text,,
"Transport and mechanical property evaluation of (AgSbTe)1 x(GeTe)x (x ¼ 0.80, 0.82, 0.85, 0.87, 0.90).pdf",10.1016/j.jssc.2009.05.024,AgSbTe2-GeTe,(AgSbTe2)0.10(GeTe)0.90,(AgSb1.04Te2.32)0.10(GeTe)0.90,0,No,,,,,,thermal conductivity,2.2,W/m K,325,K,Table 1,,
"Transport and mechanical property evaluation of (AgSbTe)1 x(GeTe)x (x ¼ 0.80, 0.82, 0.85, 0.87, 0.90).pdf",10.1016/j.jssc.2009.05.024,AgSbTe2-GeTe,(AgSbTe2)0.10(GeTe)0.90,(AgSb1.04Te2.32)0.10(GeTe)0.90,0,No,,,,,,Seebeck coefficient,61,mV/K,325,K,Table 1,,
"Transport and mechanical property evaluation of (AgSbTe)1 x(GeTe)x (x ¼ 0.80, 0.82, 0.85, 0.87, 0.90).pdf",10.1016/j.jssc.2009.05.024,AgSbTe2-GeTe,(AgSbTe2)0.10(GeTe)0.90,(AgSb1.04Te2.32)0.10(GeTe)0.90,0,No,,,,,,electrical conductivity,0.343,mO-cm,325,K,Table 1,,Reported as electrical resistivity
"Transport and mechanical property evaluation of (AgSbTe)1 x(GeTe)x (x ¼ 0.80, 0.82, 0.85, 0.87, 0.90).pdf",10.1016/j.jssc.2009.05.024,AgSbTe2-GeTe,(AgSbTe2)0.10(GeTe)0.90,(AgSb1.04Te2.32)0.10(GeTe)0.90,0,No,,,,,,ZT,0.8,dimensionless,750,K,body text,,
"Transport and mechanical property evaluation of (AgSbTe)1 x(GeTe)x (x ¼ 0.80, 0.82, 0.85, 0.87, 0.90).pdf",10.1016/j.jssc.2009.05.024,AgSbTe2-GeTe,TAGS-80,(AgSbTe2)0.20(GeTe)0.80,1,No,Ge,0.80,multiple sites,,Ge (0.80) @ multiple sites site,ZT,1.36,dimensionless,700,K,body text,,
"Transport and mechanical property evaluation of (AgSbTe)1 x(GeTe)x (x ¼ 0.80, 0.82, 0.85, 0.87, 0.90).pdf",10.1016/j.jssc.2009.05.024,AgSbTe2-GeTe,TAGS-82,(AgSbTe2)0.17(GeTe)0.83,1,No,Ge,0.83,multiple sites,,Ge (0.83) @ multiple sites site,ZT,0.8,dimensionless,750,K,body text,,
"Transport and mechanical property evaluation of (AgSbTe)1 x(GeTe)x (x ¼ 0.80, 0.82, 0.85, 0.87, 0.90).pdf",10.1016/j.jssc.2009.05.024,AgSbTe2-GeTe,TAGS-85,(AgSbTe2)0.15(GeTe)0.85,1,No,Ge,0.85,multiple sites,,Ge (0.85) @ multiple sites site,ZT,1.36,dimensionless,700,K,body text,,
"Transport and mechanical property evaluation of (AgSbTe)1 x(GeTe)x (x ¼ 0.80, 0.82, 0.85, 0.87, 0.90).pdf",10.1016/j.jssc.2009.05.024,AgSbTe2-GeTe,TAGS-87,(AgSbTe2)0.13(GeTe)0.87,1,No,Ge,0.87,multiple sites,,Ge (0.87) @ multiple sites site,ZT,0.8,dimensionless,750,K,body text,,
"Transport and mechanical property evaluation of (AgSbTe)1 x(GeTe)x (x ¼ 0.80, 0.82, 0.85, 0.87, 0.90).pdf",10.1016/j.jssc.2009.05.024,AgSbTe2-GeTe,TAGS-90,(AgSbTe2)0.10(GeTe)0.90,1,No,Ge,0.90,multiple sites,,Ge (0.90) @ multiple sites site,ZT,0.8,dimensionless,750,K,body text,,
Transport properties of (AgSbТe2 )0.7 (PbTe)0.3 thermoelectric compound.pdf,10.1063/10.0014020,AgSbTe2,(AgSbTe2)0.7(PbTe)0.3,(AgSbTe2)0.7(PbTe)0.3,1,No,Pb,0.3,unclear,,Pb (0.3) @ unclear site,,,,,,,,
Transport properties of (AgSbТe2 )0.7 (PbTe)0.3 thermoelectric compound.pdf,10.1063/10.0014020,AgSbTe2,(AgSbTe2)0.7(PbTe)0.3,(AgSbTe2)0.7(PbTe)0.3,1,No,Pb,0.3,multiple sites,,Pb (0.3) @ multiple sites site,Seebeck coefficient,200,uV/K,100,K,figure,,Visually estimated from Fig. 3
Transport properties of (AgSbТe2 )0.7 (PbTe)0.3 thermoelectric compound.pdf,10.1063/10.0014020,AgSbTe2,(AgSbTe2)0.7(PbTe)0.3,(AgSbTe2)0.7(PbTe)0.3,1,No,Pb,0.3,multiple sites,,Pb (0.3) @ multiple sites site,Seebeck coefficient,250,uV/K,200,K,figure,,Visually estimated from Fig. 3
Transport properties of (AgSbТe2 )0.7 (PbTe)0.3 thermoelectric compound.pdf,10.1063/10.0014020,AgSbTe2,(AgSbTe2)0.7(PbTe)0.3,(AgSbTe2)0.7(PbTe)0.3,1,No,Pb,0.3,multiple sites,,Pb (0.3) @ multiple sites site,Seebeck coefficient,300,uV/K,300,K,figure,,Visually estimated from Fig. 3
Transport properties of (AgSbТe2 )0.7 (PbTe)0.3 thermoelectric compound.pdf,10.1063/10.0014020,AgSbTe2,(AgSbTe2)0.7(PbTe)0.3,(AgSbTe2)0.7(PbTe)0.3,1,No,Pb,0.3,multiple sites,,Pb (0.3) @ multiple sites site,Seebeck coefficient,400,uV/K,400,K,figure,,Visually estimated from Fig. 3
Transport properties of (AgSbТe2 )0.7 (PbTe)0.3 thermoelectric compound.pdf,10.1063/10.0014020,AgSbTe2,(AgSbTe2)0.7(PbTe)0.3,(AgSbTe2)0.7(PbTe)0.3,1,No,Pb,0.3,multiple sites,,Pb (0.3) @ multiple sites site,Seebeck coefficient,300,uV/K,500,K,figure,,Visually estimated from Fig. 3
Transport properties of (AgSbТe2 )0.7 (PbTe)0.3 thermoelectric compound.pdf,10.1063/10.0014020,AgSbTe2,(AgSbTe2)0.7(PbTe)0.3,(AgSbTe2)0.7(PbTe)0.3,1,No,Pb,0.3,multiple sites,,Pb (0.3) @ multiple sites site,electrical conductivity,10,Ohm^-1 cm^-1,100,K,figure,,Visually estimated from Fig. 2
Transport properties of (AgSbТe2 )0.7 (PbTe)0.3 thermoelectric compound.pdf,10.1063/10.0014020,AgSbTe2,(AgSbTe2)0.7(PbTe)0.3,(AgSbTe2)0.7(PbTe)0.3,1,No,Pb,0.3,multiple sites,,Pb (0.3) @ multiple sites site,electrical conductivity,15,Ohm^-1 cm^-1,200,K,figure,,Visually estimated from Fig. 2
Transport properties of (AgSbТe2 )0.7 (PbTe)0.3 thermoelectric compound.pdf,10.1063/10.0014020,AgSbTe2,(AgSbTe2)0.7(PbTe)0.3,(AgSbTe2)0.7(PbTe)0.3,1,No,Pb,0.3,multiple sites,,Pb (0.3) @ multiple sites site,electrical conductivity,18,Ohm^-1 cm^-1,300,K,figure,,Visually estimated from Fig. 2
Transport properties of (AgSbТe2 )0.7 (PbTe)0.3 thermoelectric compound.pdf,10.1063/10.0014020,AgSbTe2,(AgSbTe2)0.7(PbTe)0.3,(AgSbTe2)0.7(PbTe)0.3,1,No,Pb,0.3,multiple sites,,Pb (0.3) @ multiple sites site,electrical conductivity,15,Ohm^-1 cm^-1,400,K,figure,,Visually estimated from Fig. 2
Transport properties of (AgSbТe2 )0.7 (PbTe)0.3 thermoelectric compound.pdf,10.1063/10.0014020,AgSbTe2,(AgSbTe2)0.7(PbTe)0.3,(AgSbTe2)0.7(PbTe)0.3,1,No,Pb,0.3,multiple sites,,Pb (0.3) @ multiple sites site,electrical conductivity,15,Ohm^-1 cm^-1,500,K,figure,,Visually estimated from Fig. 2
Transport properties of (AgSbТe2 )0.7 (PbTe)0.3 thermoelectric compound.pdf,10.1063/10.0014020,AgSbTe2,(AgSbTe2)0.7(PbTe)0.3,(AgSbTe2)0.7(PbTe)0.3,1,No,Pb,0.3,multiple sites,,Pb (0.3) @ multiple sites site,thermal conductivity,8,10^-3 W/cm K,100,K,figure,,Visually estimated from Fig. 5
Transport properties of (AgSbТe2 )0.7 (PbTe)0.3 thermoelectric compound.pdf,10.1063/10.0014020,AgSbTe2,(AgSbTe2)0.7(PbTe)0.3,(AgSbTe2)0.7(PbTe)0.3,1,No,Pb,0.3,multiple sites,,Pb (0.3) @ multiple sites site,thermal conductivity,8.2,10^-3 W/cm K,200,K,figure,,Visually estimated from Fig. 5
Transport properties of (AgSbТe2 )0.7 (PbTe)0.3 thermoelectric compound.pdf,10.1063/10.0014020,AgSbTe2,(AgSbTe2)0.7(PbTe)0.3,(AgSbTe2)0.7(PbTe)0.3,1,No,Pb,0.3,multiple sites,,Pb (0.3) @ multiple sites site,thermal conductivity,8.4,10^-3 W/cm K,300,K,figure,,Visually estimated from Fig. 5
Transport properties of (AgSbТe2 )0.7 (PbTe)0.3 thermoelectric compound.pdf,10.1063/10.0014020,AgSbTe2,(AgSbTe2)0.7(PbTe)0.3,(AgSbTe2)0.7(PbTe)0.3,1,No,Pb,0.3,multiple sites,,Pb (0.3) @ multiple sites site,thermal conductivity,8.6,10^-3 W/cm K,400,K,figure,,Visually estimated from Fig. 5
Transport properties of (AgSbТe2 )0.7 (PbTe)0.3 thermoelectric compound.pdf,10.1063/10.0014020,AgSbTe2,(AgSbTe2)0.7(PbTe)0.3,(AgSbTe2)0.7(PbTe)0.3,1,No,Pb,0.3,multiple sites,,Pb (0.3) @ multiple sites site,thermal conductivity,8.8,10^-3 W/cm K,500,K,figure,,Visually estimated from Fig. 5
Ultralow lattice thermal conductivity and enhanced thermoelectric performance enabled by CuInSe2 alloying in AgSbTe2.pdf,10.1016/j.jallcom.2026.188903,(AgSbTe2)1-x(CuInSe2)x,x = 0,AgSbTe2,0,No,,,,,,electrical conductivity,134,S cm-1,300,K,Table 1,,
Ultralow lattice thermal conductivity and enhanced thermoelectric performance enabled by CuInSe2 alloying in AgSbTe2.pdf,10.1016/j.jallcom.2026.188903,(AgSbTe2)1-x(CuInSe2)x,x = 0,AgSbTe2,0,No,,,,,,lattice thermal conductivity,0.65,W m-1 K-1,300,K,body text,,
Ultralow lattice thermal conductivity and enhanced thermoelectric performance enabled by CuInSe2 alloying in AgSbTe2.pdf,10.1016/j.jallcom.2026.188903,(AgSbTe2)1-x(CuInSe2)x,x = 0.01,(AgSbTe2)0.99(CuInSe2)0.01,3,Yes,Cu,0.01,Ag,In (0.01) @ Sb; Se (0.02) @ Te,Cu (0.01) @ Ag site; In (0.01) @ Sb site; Se (0.02) @ Te site,electrical conductivity,184,S cm-1,300,K,Table 1,,
Ultralow lattice thermal conductivity and enhanced thermoelectric performance enabled by CuInSe2 alloying in AgSbTe2.pdf,10.1016/j.jallcom.2026.188903,(AgSbTe2)1-x(CuInSe2)x,x = 0.01,(AgSbTe2)0.99(CuInSe2)0.01,3,Yes,Cu,0.01,Ag,In (0.01) @ Sb; Se (0.02) @ Te,Cu (0.01) @ Ag site; In (0.01) @ Sb site; Se (0.02) @ Te site,electrical conductivity,222,S cm-1,300,K,body text,,
Ultralow lattice thermal conductivity and enhanced thermoelectric performance enabled by CuInSe2 alloying in AgSbTe2.pdf,10.1016/j.jallcom.2026.188903,(AgSbTe2)1-x(CuInSe2)x,x = 0.01,(AgSbTe2)0.99(CuInSe2)0.01,3,Yes,Cu,0.01,Ag,In (0.01) @ Sb; Se (0.02) @ Te,Cu (0.01) @ Ag site; In (0.01) @ Sb site; Se (0.02) @ Te site,electrical conductivity,222,S cm-1,473,K,body text,,
Ultralow lattice thermal conductivity and enhanced thermoelectric performance enabled by CuInSe2 alloying in AgSbTe2.pdf,10.1016/j.jallcom.2026.188903,(AgSbTe2)1-x(CuInSe2)x,x = 0.03,Ag0.97Sb0.97Te1.94Cu0.03In0.03Se0.06,3,Yes,Cu,0.03,Ag,In (0.03) @ Sb; Se (0.06) @ Te,Cu (0.03) @ Ag site; In (0.03) @ Sb site; Se (0.06) @ Te site,electrical conductivity,161,S cm-1,300,K,Table 1,,
Ultralow lattice thermal conductivity and enhanced thermoelectric performance enabled by CuInSe2 alloying in AgSbTe2.pdf,10.1016/j.jallcom.2026.188903,(AgSbTe2)1-x(CuInSe2)x,x = 0.03,Ag0.97Sb0.97Te1.94Cu0.03In0.03Se0.06,3,Yes,Cu,0.03,Ag,In (0.03) @ Sb; Se (0.06) @ Te,Cu (0.03) @ Ag site; In (0.03) @ Sb site; Se (0.06) @ Te site,power factor,14.1,10^-4 W m^-1 K^-2,573-623,K,body text,,
Ultralow lattice thermal conductivity and enhanced thermoelectric performance enabled by CuInSe2 alloying in AgSbTe2.pdf,10.1016/j.jallcom.2026.188903,(AgSbTe2)1-x(CuInSe2)x,x = 0.03,Ag0.97Sb0.97Te1.94Cu0.03In0.03Se0.06,3,Yes,Cu,0.03,Ag,In (0.03) @ Sb; Se (0.06) @ Te,Cu (0.03) @ Ag site; In (0.03) @ Sb site; Se (0.06) @ Te site,lattice thermal conductivity,0.36,W m-1 K-1,623,K,body text,,
Ultralow lattice thermal conductivity and enhanced thermoelectric performance enabled by CuInSe2 alloying in AgSbTe2.pdf,10.1016/j.jallcom.2026.188903,(AgSbTe2)1-x(CuInSe2)x,x = 0.03,Ag0.97Sb0.97Te1.94Cu0.03In0.03Se0.06,3,Yes,Cu,0.03,Ag,In (0.03) @ Sb; Se (0.06) @ Te,Cu (0.03) @ Ag site; In (0.03) @ Sb site; Se (0.06) @ Te site,ZT,1.54,dimensionless,623,K,body text,,
Ultralow lattice thermal conductivity and enhanced thermoelectric performance enabled by CuInSe2 alloying in AgSbTe2.pdf,10.1016/j.jallcom.2026.188903,(AgSbTe2)1-x(CuInSe2)x,x = 0.05,(AgSbTe2)0.95(CuInSe2)0.05,3,Yes,Cu,0.05,Ag,In (0.05) @ Sb; Se (0.10) @ Te,Cu (0.05) @ Ag site; In (0.05) @ Sb site; Se (0.10) @ Te site,electrical conductivity,113,S cm-1,300,K,Table 1,,
Ultralow lattice thermal conductivity and enhanced thermoelectric performance enabled by CuInSe2 alloying in AgSbTe2.pdf,10.1016/j.jallcom.2026.188903,(AgSbTe2)1-x(CuInSe2)x,x=0,AgSbTe2,0,No,,,,,,electrical conductivity,100,S/cm,300,K,figure,Fig. 4a,Visually estimated from Fig. 4a
Ultralow lattice thermal conductivity and enhanced thermoelectric performance enabled by CuInSe2 alloying in AgSbTe2.pdf,10.1016/j.jallcom.2026.188903,(AgSbTe2)1-x(CuInSe2)x,x=0,AgSbTe2,0,No,,,,,,electrical conductivity,180,S/cm,450,K,figure,Fig. 4a,Visually estimated from Fig. 4a
Ultralow lattice thermal conductivity and enhanced thermoelectric performance enabled by CuInSe2 alloying in AgSbTe2.pdf,10.1016/j.jallcom.2026.188903,(AgSbTe2)1-x(CuInSe2)x,x=0,AgSbTe2,0,No,,,,,,electrical conductivity,120,S/cm,600,K,figure,Fig. 4a,Visually estimated from Fig. 4a
Ultralow lattice thermal conductivity and enhanced thermoelectric performance enabled by CuInSe2 alloying in AgSbTe2.pdf,10.1016/j.jallcom.2026.188903,(AgSbTe2)1-x(CuInSe2)x,x=0,AgSbTe2,0,No,,,,,,Seebeck coefficient,240,µV/K,300,K,figure,Fig. 4b,Visually estimated from Fig. 4b
Ultralow lattice thermal conductivity and enhanced thermoelectric performance enabled by CuInSe2 alloying in AgSbTe2.pdf,10.1016/j.jallcom.2026.188903,(AgSbTe2)1-x(CuInSe2)x,x=0,AgSbTe2,0,No,,,,,,Seebeck coefficient,320,µV/K,500,K,figure,Fig. 4b,Visually estimated from Fig. 4b
Ultralow lattice thermal conductivity and enhanced thermoelectric performance enabled by CuInSe2 alloying in AgSbTe2.pdf,10.1016/j.jallcom.2026.188903,(AgSbTe2)1-x(CuInSe2)x,x=0,AgSbTe2,0,No,,,,,,Seebeck coefficient,260,µV/K,600,K,figure,Fig. 4b,Visually estimated from Fig. 4b
Ultralow lattice thermal conductivity and enhanced thermoelectric performance enabled by CuInSe2 alloying in AgSbTe2.pdf,10.1016/j.jallcom.2026.188903,(AgSbTe2)1-x(CuInSe2)x,x=0,AgSbTe2,0,No,,,,,,power factor,8,10^-4 W/mK^2,300,K,figure,Fig. 4e,Visually estimated from Fig. 4e
Ultralow lattice thermal conductivity and enhanced thermoelectric performance enabled by CuInSe2 alloying in AgSbTe2.pdf,10.1016/j.jallcom.2026.188903,(AgSbTe2)1-x(CuInSe2)x,x=0,AgSbTe2,0,No,,,,,,power factor,10,10^-4 W/mK^2,500,K,figure,Fig. 4e,Visually estimated from Fig. 4e
Ultralow lattice thermal conductivity and enhanced thermoelectric performance enabled by CuInSe2 alloying in AgSbTe2.pdf,10.1016/j.jallcom.2026.188903,(AgSbTe2)1-x(CuInSe2)x,x=0,AgSbTe2,0,No,,,,,,power factor,9,10^-4 W/mK^2,600,K,figure,Fig. 4e,Visually estimated from Fig. 4e
Ultralow lattice thermal conductivity and enhanced thermoelectric performance enabled by CuInSe2 alloying in AgSbTe2.pdf,10.1016/j.jallcom.2026.188903,(AgSbTe2)1-x(CuInSe2)x,x=0.01,(AgSbTe2)0.99(CuInSe2)0.01,3,Yes,Cu,0.01,unclear,In (0.01) @ unclear; Se (0.01) @ Te,Cu (0.01) @ unclear site; In (0.01) @ unclear site; Se (0.01) @ Te site,electrical conductivity,140,S/cm,300,K,figure,Fig. 4a,Visually estimated from Fig. 4a
Ultralow lattice thermal conductivity and enhanced thermoelectric performance enabled by CuInSe2 alloying in AgSbTe2.pdf,10.1016/j.jallcom.2026.188903,(AgSbTe2)1-x(CuInSe2)x,x=0.01,(AgSbTe2)0.99(CuInSe2)0.01,3,Yes,Cu,0.01,unclear,In (0.01) @ unclear; Se (0.01) @ Te,Cu (0.01) @ unclear site; In (0.01) @ unclear site; Se (0.01) @ Te site,electrical conductivity,180,S/cm,450,K,figure,Fig. 4a,Visually estimated from Fig. 4a
Ultralow lattice thermal conductivity and enhanced thermoelectric performance enabled by CuInSe2 alloying in AgSbTe2.pdf,10.1016/j.jallcom.2026.188903,(AgSbTe2)1-x(CuInSe2)x,x=0.01,(AgSbTe2)0.99(CuInSe2)0.01,3,Yes,Cu,0.01,unclear,In (0.01) @ unclear; Se (0.01) @ Te,Cu (0.01) @ unclear site; In (0.01) @ unclear site; Se (0.01) @ Te site,electrical conductivity,150,S/cm,600,K,figure,Fig. 4a,Visually estimated from Fig. 4a
Ultralow lattice thermal conductivity and enhanced thermoelectric performance enabled by CuInSe2 alloying in AgSbTe2.pdf,10.1016/j.jallcom.2026.188903,(AgSbTe2)1-x(CuInSe2)x,x=0.01,(AgSbTe2)0.99(CuInSe2)0.01,3,Yes,Cu,0.01,unclear,In (0.01) @ unclear; Se (0.01) @ Te,Cu (0.01) @ unclear site; In (0.01) @ unclear site; Se (0.01) @ Te site,Seebeck coefficient,230,µV/K,300,K,figure,Fig. 4b,Visually estimated from Fig. 4b
Ultralow lattice thermal conductivity and enhanced thermoelectric performance enabled by CuInSe2 alloying in AgSbTe2.pdf,10.1016/j.jallcom.2026.188903,(AgSbTe2)1-x(CuInSe2)x,x=0.01,(AgSbTe2)0.99(CuInSe2)0.01,3,Yes,Cu,0.01,unclear,In (0.01) @ unclear; Se (0.01) @ Te,Cu (0.01) @ unclear site; In (0.01) @ unclear site; Se (0.01) @ Te site,Seebeck coefficient,260,µV/K,500,K,figure,Fig. 4b,Visually estimated from Fig. 4b
Ultralow lattice thermal conductivity and enhanced thermoelectric performance enabled by CuInSe2 alloying in AgSbTe2.pdf,10.1016/j.jallcom.2026.188903,(AgSbTe2)1-x(CuInSe2)x,x=0.01,(AgSbTe2)0.99(CuInSe2)0.01,3,Yes,Cu,0.01,unclear,In (0.01) @ unclear; Se (0.01) @ Te,Cu (0.01) @ unclear site; In (0.01) @ unclear site; Se (0.01) @ Te site,Seebeck coefficient,270,µV/K,600,K,figure,Fig. 4b,Visually estimated from Fig. 4b
Ultralow lattice thermal conductivity and enhanced thermoelectric performance enabled by CuInSe2 alloying in AgSbTe2.pdf,10.1016/j.jallcom.2026.188903,(AgSbTe2)1-x(CuInSe2)x,x=0.01,(AgSbTe2)0.99(CuInSe2)0.01,3,Yes,Cu,0.01,unclear,In (0.01) @ unclear; Se (0.01) @ Te,Cu (0.01) @ unclear site; In (0.01) @ unclear site; Se (0.01) @ Te site,power factor,10,10^-4 W/mK^2,300,K,figure,Fig. 4e,Visually estimated from Fig. 4e
Ultralow lattice thermal conductivity and enhanced thermoelectric performance enabled by CuInSe2 alloying in AgSbTe2.pdf,10.1016/j.jallcom.2026.188903,(AgSbTe2)1-x(CuInSe2)x,x=0.01,(AgSbTe2)0.99(CuInSe2)0.01,3,Yes,Cu,0.01,unclear,In (0.01) @ unclear; Se (0.01) @ Te,Cu (0.01) @ unclear site; In (0.01) @ unclear site; Se (0.01) @ Te site,power factor,13,10^-4 W/mK^2,500,K,figure,Fig. 4e,Visually estimated from Fig. 4e
Ultralow lattice thermal conductivity and enhanced thermoelectric performance enabled by CuInSe2 alloying in AgSbTe2.pdf,10.1016/j.jallcom.2026.188903,(AgSbTe2)1-x(CuInSe2)x,x=0.01,(AgSbTe2)0.99(CuInSe2)0.01,3,Yes,Cu,0.01,unclear,In (0.01) @ unclear; Se (0.01) @ Te,Cu (0.01) @ unclear site; In (0.01) @ unclear site; Se (0.01) @ Te site,power factor,12,10^-4 W/mK^2,600,K,figure,Fig. 4e,Visually estimated from Fig. 4e
Ultralow lattice thermal conductivity and enhanced thermoelectric performance enabled by CuInSe2 alloying in AgSbTe2.pdf,10.1016/j.jallcom.2026.188903,(AgSbTe2)1-x(CuInSe2)x,x=0.03,(AgSbTe2)0.97(CuInSe2)0.03,3,Yes,Cu,0.03,unclear,In (0.03) @ unclear; Se (0.03) @ Te,Cu (0.03) @ unclear site; In (0.03) @ unclear site; Se (0.03) @ Te site,electrical conductivity,160,S/cm,300,K,figure,Fig. 4a,Visually estimated from Fig. 4a
Ultralow lattice thermal conductivity and enhanced thermoelectric performance enabled by CuInSe2 alloying in AgSbTe2.pdf,10.1016/j.jallcom.2026.188903,(AgSbTe2)1-x(CuInSe2)x,x=0.03,(AgSbTe2)0.97(CuInSe2)0.03,3,Yes,Cu,0.03,unclear,In (0.03) @ unclear; Se (0.03) @ Te,Cu (0.03) @ unclear site; In (0.03) @ unclear site; Se (0.03) @ Te site,electrical conductivity,190,S/cm,450,K,figure,Fig. 4a,Visually estimated from Fig. 4a
Ultralow lattice thermal conductivity and enhanced thermoelectric performance enabled by CuInSe2 alloying in AgSbTe2.pdf,10.1016/j.jallcom.2026.188903,(AgSbTe2)1-x(CuInSe2)x,x=0.03,(AgSbTe2)0.97(CuInSe2)0.03,3,Yes,Cu,0.03,unclear,In (0.03) @ unclear; Se (0.03) @ Te,Cu (0.03) @ unclear site; In (0.03) @ unclear site; Se (0.03) @ Te site,electrical conductivity,160,S/cm,600,K,figure,Fig. 4a,Visually estimated from Fig. 4a
Ultralow lattice thermal conductivity and enhanced thermoelectric performance enabled by CuInSe2 alloying in AgSbTe2.pdf,10.1016/j.jallcom.2026.188903,(AgSbTe2)1-x(CuInSe2)x,x=0.03,(AgSbTe2)0.97(CuInSe2)0.03,3,Yes,Cu,0.03,unclear,In (0.03) @ unclear; Se (0.03) @ Te,Cu (0.03) @ unclear site; In (0.03) @ unclear site; Se (0.03) @ Te site,Seebeck coefficient,230,µV/K,300,K,figure,Fig. 4b,Visually estimated from Fig. 4b
Ultralow lattice thermal conductivity and enhanced thermoelectric performance enabled by CuInSe2 alloying in AgSbTe2.pdf,10.1016/j.jallcom.2026.188903,(AgSbTe2)1-x(CuInSe2)x,x=0.03,(AgSbTe2)0.97(CuInSe2)0.03,3,Yes,Cu,0.03,unclear,In (0.03) @ unclear; Se (0.03) @ Te,Cu (0.03) @ unclear site; In (0.03) @ unclear site; Se (0.03) @ Te site,Seebeck coefficient,250,µV/K,500,K,figure,Fig. 4b,Visually estimated from Fig. 4b
Ultralow lattice thermal conductivity and enhanced thermoelectric performance enabled by CuInSe2 alloying in AgSbTe2.pdf,10.1016/j.jallcom.2026.188903,(AgSbTe2)1-x(CuInSe2)x,x=0.03,(AgSbTe2)0.97(CuInSe2)0.03,3,Yes,Cu,0.03,unclear,In (0.03) @ unclear; Se (0.03) @ Te,Cu (0.03) @ unclear site; In (0.03) @ unclear site; Se (0.03) @ Te site,Seebeck coefficient,260,µV/K,600,K,figure,Fig. 4b,Visually estimated from Fig. 4b
Ultralow lattice thermal conductivity and enhanced thermoelectric performance enabled by CuInSe2 alloying in AgSbTe2.pdf,10.1016/j.jallcom.2026.188903,(AgSbTe2)1-x(CuInSe2)x,x=0.03,(AgSbTe2)0.97(CuInSe2)0.03,3,Yes,Cu,0.03,unclear,In (0.03) @ unclear; Se (0.03) @ Te,Cu (0.03) @ unclear site; In (0.03) @ unclear site; Se (0.03) @ Te site,power factor,11,10^-4 W/mK^2,300,K,figure,Fig. 4e,Visually estimated from Fig. 4e
Ultralow lattice thermal conductivity and enhanced thermoelectric performance enabled by CuInSe2 alloying in AgSbTe2.pdf,10.1016/j.jallcom.2026.188903,(AgSbTe2)1-x(CuInSe2)x,x=0.03,(AgSbTe2)0.97(CuInSe2)0.03,3,Yes,Cu,0.03,unclear,In (0.03) @ unclear; Se (0.03) @ Te,Cu (0.03) @ unclear site; In (0.03) @ unclear site; Se (0.03) @ Te site,power factor,14,10^-4 W/mK^2,500,K,figure,Fig. 4e,Visually estimated from Fig. 4e
Ultralow lattice thermal conductivity and enhanced thermoelectric performance enabled by CuInSe2 alloying in AgSbTe2.pdf,10.1016/j.jallcom.2026.188903,(AgSbTe2)1-x(CuInSe2)x,x=0.03,(AgSbTe2)0.97(CuInSe2)0.03,3,Yes,Cu,0.03,unclear,In (0.03) @ unclear; Se (0.03) @ Te,Cu (0.03) @ unclear site; In (0.03) @ unclear site; Se (0.03) @ Te site,power factor,13,10^-4 W/mK^2,600,K,figure,Fig. 4e,Visually estimated from Fig. 4e
Ultralow lattice thermal conductivity and enhanced thermoelectric performance enabled by CuInSe2 alloying in AgSbTe2.pdf,10.1016/j.jallcom.2026.188903,(AgSbTe2)1-x(CuInSe2)x,x=0.05,(AgSbTe2)0.95(CuInSe2)0.05,3,Yes,Cu,0.05,unclear,In (0.05) @ unclear; Se (0.05) @ Te,Cu (0.05) @ unclear site; In (0.05) @ unclear site; Se (0.05) @ Te site,electrical conductivity,120,S/cm,300,K,figure,Fig. 4a,Visually estimated from Fig. 4a
Ultralow lattice thermal conductivity and enhanced thermoelectric performance enabled by CuInSe2 alloying in AgSbTe2.pdf,10.1016/j.jallcom.2026.188903,(AgSbTe2)1-x(CuInSe2)x,x=0.05,(AgSbTe2)0.95(CuInSe2)0.05,3,Yes,Cu,0.05,unclear,In (0.05) @ unclear; Se (0.05) @ Te,Cu (0.05) @ unclear site; In (0.05) @ unclear site; Se (0.05) @ Te site,electrical conductivity,170,S/cm,450,K,figure,Fig. 4a,Visually estimated from Fig. 4a
Ultralow lattice thermal conductivity and enhanced thermoelectric performance enabled by CuInSe2 alloying in AgSbTe2.pdf,10.1016/j.jallcom.2026.188903,(AgSbTe2)1-x(CuInSe2)x,x=0.05,(AgSbTe2)0.95(CuInSe2)0.05,3,Yes,Cu,0.05,unclear,In (0.05) @ unclear; Se (0.05) @ Te,Cu (0.05) @ unclear site; In (0.05) @ unclear site; Se (0.05) @ Te site,electrical conductivity,150,S/cm,600,K,figure,Fig. 4a,Visually estimated from Fig. 4a
Ultralow lattice thermal conductivity and enhanced thermoelectric performance enabled by CuInSe2 alloying in AgSbTe2.pdf,10.1016/j.jallcom.2026.188903,(AgSbTe2)1-x(CuInSe2)x,x=0.05,(AgSbTe2)0.95(CuInSe2)0.05,3,Yes,Cu,0.05,unclear,In (0.05) @ unclear; Se (0.05) @ Te,Cu (0.05) @ unclear site; In (0.05) @ unclear site; Se (0.05) @ Te site,Seebeck coefficient,220,µV/K,300,K,figure,Fig. 4b,Visually estimated from Fig. 4b
Ultralow lattice thermal conductivity and enhanced thermoelectric performance enabled by CuInSe2 alloying in AgSbTe2.pdf,10.1016/j.jallcom.2026.188903,(AgSbTe2)1-x(CuInSe2)x,x=0.05,(AgSbTe2)0.95(CuInSe2)0.05,3,Yes,Cu,0.05,unclear,In (0.05) @ unclear; Se (0.05) @ Te,Cu (0.05) @ unclear site; In (0.05) @ unclear site; Se (0.05) @ Te site,Seebeck coefficient,240,µV/K,500,K,figure,Fig. 4b,Visually estimated from Fig. 4b
Ultralow lattice thermal conductivity and enhanced thermoelectric performance enabled by CuInSe2 alloying in AgSbTe2.pdf,10.1016/j.jallcom.2026.188903,(AgSbTe2)1-x(CuInSe2)x,x=0.05,(AgSbTe2)0.95(CuInSe2)0.05,3,Yes,Cu,0.05,unclear,In (0.05) @ unclear; Se (0.05) @ Te,Cu (0.05) @ unclear site; In (0.05) @ unclear site; Se (0.05) @ Te site,Seebeck coefficient,250,µV/K,600,K,figure,Fig. 4b,Visually estimated from Fig. 4b
Ultralow lattice thermal conductivity and enhanced thermoelectric performance enabled by CuInSe2 alloying in AgSbTe2.pdf,10.1016/j.jallcom.2026.188903,(AgSbTe2)1-x(CuInSe2)x,x=0.05,(AgSbTe2)0.95(CuInSe2)0.05,3,Yes,Cu,0.05,unclear,In (0.05) @ unclear; Se (0.05) @ Te,Cu (0.05) @ unclear site; In (0.05) @ unclear site; Se (0.05) @ Te site,power factor,9,10^-4 W/mK^2,300,K,figure,Fig. 4e,Visually estimated from Fig. 4e
Ultralow lattice thermal conductivity and enhanced thermoelectric performance enabled by CuInSe2 alloying in AgSbTe2.pdf,10.1016/j.jallcom.2026.188903,(AgSbTe2)1-x(CuInSe2)x,x=0.05,(AgSbTe2)0.95(CuInSe2)0.05,3,Yes,Cu,0.05,unclear,In (0.05) @ unclear; Se (0.05) @ Te,Cu (0.05) @ unclear site; In (0.05) @ unclear site; Se (0.05) @ Te site,power factor,12,10^-4 W/mK^2,500,K,figure,Fig. 4e,Visually estimated from Fig. 4e
Ultralow lattice thermal conductivity and enhanced thermoelectric performance enabled by CuInSe2 alloying in AgSbTe2.pdf,10.1016/j.jallcom.2026.188903,(AgSbTe2)1-x(CuInSe2)x,x=0.05,(AgSbTe2)0.95(CuInSe2)0.05,3,Yes,Cu,0.05,unclear,In (0.05) @ unclear; Se (0.05) @ Te,Cu (0.05) @ unclear site; In (0.05) @ unclear site; Se (0.05) @ Te site,power factor,11,10^-4 W/mK^2,600,K,figure,Fig. 4e,Visually estimated from Fig. 4e
Ultralow lattice thermal conductivity and enhanced thermoelectric performance enabled by CuInSe2 alloying in AgSbTe2.pdf,10.1016/j.jallcom.2026.188903,(AgSbTe2)1-x(CuInSe2)x,x=0,AgSbTe2,0,No,,,,,,ZT,0.3,dimensionless,300,K,figure,Fig. 6a,Visually estimated from Fig. 6a
Ultralow lattice thermal conductivity and enhanced thermoelectric performance enabled by CuInSe2 alloying in AgSbTe2.pdf,10.1016/j.jallcom.2026.188903,(AgSbTe2)1-x(CuInSe2)x,x=0,AgSbTe2,0,No,,,,,,ZT,0.9,dimensionless,500,K,figure,Fig. 6a,Visually estimated from Fig. 6a
Ultralow lattice thermal conductivity and enhanced thermoelectric performance enabled by CuInSe2 alloying in AgSbTe2.pdf,10.1016/j.jallcom.2026.188903,(AgSbTe2)1-x(CuInSe2)x,x=0,AgSbTe2,0,No,,,,,,ZT,1.1,dimensionless,623,K,figure,Fig. 6a,Visually estimated from Fig. 6a
Ultralow lattice thermal conductivity and enhanced thermoelectric performance enabled by CuInSe2 alloying in AgSbTe2.pdf,10.1016/j.jallcom.2026.188903,(AgSbTe2)1-x(CuInSe2)x,x=0.01,(AgSbTe2)0.99(CuInSe2)0.01,3,Yes,Cu,x=0.01,Ag,In (x=0.01) @ Sb; Se (x=0.01) @ Te,Cu (x=0.01) @ Ag site; In (x=0.01) @ Sb site; Se (x=0.01) @ Te site,ZT,0.4,dimensionless,300,K,figure,Fig. 6a,Visually estimated from Fig. 6a
Ultralow lattice thermal conductivity and enhanced thermoelectric performance enabled by CuInSe2 alloying in AgSbTe2.pdf,10.1016/j.jallcom.2026.188903,(AgSbTe2)1-x(CuInSe2)x,x=0.01,(AgSbTe2)0.99(CuInSe2)0.01,3,Yes,Cu,x=0.01,Ag,In (x=0.01) @ Sb; Se (x=0.01) @ Te,Cu (x=0.01) @ Ag site; In (x=0.01) @ Sb site; Se (x=0.01) @ Te site,ZT,1.1,dimensionless,500,K,figure,Fig. 6a,Visually estimated from Fig. 6a
Ultralow lattice thermal conductivity and enhanced thermoelectric performance enabled by CuInSe2 alloying in AgSbTe2.pdf,10.1016/j.jallcom.2026.188903,(AgSbTe2)1-x(CuInSe2)x,x=0.01,(AgSbTe2)0.99(CuInSe2)0.01,3,Yes,Cu,x=0.01,Ag,In (x=0.01) @ Sb; Se (x=0.01) @ Te,Cu (x=0.01) @ Ag site; In (x=0.01) @ Sb site; Se (x=0.01) @ Te site,ZT,1.3,dimensionless,623,K,figure,Fig. 6a,Visually estimated from Fig. 6a
Ultralow lattice thermal conductivity and enhanced thermoelectric performance enabled by CuInSe2 alloying in AgSbTe2.pdf,10.1016/j.jallcom.2026.188903,(AgSbTe2)1-x(CuInSe2)x,x=0.03,(AgSbTe2)0.97(CuInSe2)0.03,3,Yes,Cu,x=0.03,Ag,In (x=0.03) @ Sb; Se (x=0.03) @ Te,Cu (x=0.03) @ Ag site; In (x=0.03) @ Sb site; Se (x=0.03) @ Te site,ZT,0.5,dimensionless,300,K,figure,Fig. 6a,Visually estimated from Fig. 6a
Ultralow lattice thermal conductivity and enhanced thermoelectric performance enabled by CuInSe2 alloying in AgSbTe2.pdf,10.1016/j.jallcom.2026.188903,(AgSbTe2)1-x(CuInSe2)x,x=0.03,(AgSbTe2)0.97(CuInSe2)0.03,3,Yes,Cu,x=0.03,Ag,In (x=0.03) @ Sb; Se (x=0.03) @ Te,Cu (x=0.03) @ Ag site; In (x=0.03) @ Sb site; Se (x=0.03) @ Te site,ZT,1.2,dimensionless,500,K,figure,Fig. 6a,Visually estimated from Fig. 6a
Ultralow lattice thermal conductivity and enhanced thermoelectric performance enabled by CuInSe2 alloying in AgSbTe2.pdf,10.1016/j.jallcom.2026.188903,(AgSbTe2)1-x(CuInSe2)x,x=0.03,(AgSbTe2)0.97(CuInSe2)0.03,3,Yes,Cu,x=0.03,Ag,In (x=0.03) @ Sb; Se (x=0.03) @ Te,Cu (x=0.03) @ Ag site; In (x=0.03) @ Sb site; Se (x=0.03) @ Te site,ZT,1.54,dimensionless,623,K,figure,Fig. 6a,Visually estimated from Fig. 6a
Ultralow lattice thermal conductivity and enhanced thermoelectric performance enabled by CuInSe2 alloying in AgSbTe2.pdf,10.1016/j.jallcom.2026.188903,(AgSbTe2)1-x(CuInSe2)x,x=0.05,(AgSbTe2)0.95(CuInSe2)0.05,3,Yes,Cu,x=0.05,Ag,In (x=0.05) @ Sb; Se (x=0.05) @ Te,Cu (x=0.05) @ Ag site; In (x=0.05) @ Sb site; Se (x=0.05) @ Te site,ZT,0.45,dimensionless,300,K,figure,Fig. 6a,Visually estimated from Fig. 6a
Ultralow lattice thermal conductivity and enhanced thermoelectric performance enabled by CuInSe2 alloying in AgSbTe2.pdf,10.1016/j.jallcom.2026.188903,(AgSbTe2)1-x(CuInSe2)x,x=0.05,(AgSbTe2)0.95(CuInSe2)0.05,3,Yes,Cu,x=0.05,Ag,In (x=0.05) @ Sb; Se (x=0.05) @ Te,Cu (x=0.05) @ Ag site; In (x=0.05) @ Sb site; Se (x=0.05) @ Te site,ZT,1.0,dimensionless,500,K,figure,Fig. 6a,Visually estimated from Fig. 6a
Ultralow lattice thermal conductivity and enhanced thermoelectric performance enabled by CuInSe2 alloying in AgSbTe2.pdf,10.1016/j.jallcom.2026.188903,(AgSbTe2)1-x(CuInSe2)x,x=0.05,(AgSbTe2)0.95(CuInSe2)0.05,3,Yes,Cu,x=0.05,Ag,In (x=0.05) @ Sb; Se (x=0.05) @ Te,Cu (x=0.05) @ Ag site; In (x=0.05) @ Sb site; Se (x=0.05) @ Te site,ZT,1.2,dimensionless,623,K,figure,Fig. 6a,Visually estimated from Fig. 6a
Wang_2025_Phys._Scr._100_125919.pdf,10.1088/1402-4896/ae26ec,AgSbTe2,Ag16Sb16Te32,Ag16Sb16Te32,0,No,,,,,,lattice thermal conductivity,0.512,W m-1 K-1,300,K,text,Section 3.2,
Wang_2025_Phys._Scr._100_125919.pdf,10.1088/1402-4896/ae26ec,AgSbTe2,Ag16Sb16Te32,Ag16Sb16Te32,0,No,,,,,,Seebeck coefficient,444,μV K-1,450,K,text,Section 3.3.3,
Wang_2025_Phys._Scr._100_125919.pdf,10.1088/1402-4896/ae26ec,AgSbTe2,Ag16Sb16Te32,Ag16Sb16Te32,0,No,,,,,,electrical conductivity,83.7,S cm-1,300,K,text,Section 3.3.3,
Wang_2025_Phys._Scr._100_125919.pdf,10.1088/1402-4896/ae26ec,AgSbTe2,Ag16Sb16Te32,Ag16Sb16Te32,0,No,,,,,,power factor,12.21,μW cm-1 K-2,450,K,text,Section 3.3.4,
Wang_2025_Phys._Scr._100_125919.pdf,10.1088/1402-4896/ae26ec,AgSbTe2,Ag16Sb16Te32,Ag16Sb16Te32,0,No,,,,,,ZT,1.2,dimensionless,530,K,text,Section 3.4,
Wang_2025_Phys._Scr._100_125919.pdf,10.1088/1402-4896/ae26ec,AgSbTe2,Ag16Sb15V1Te32,Ag16Sb15V1Te32,1,No,V,1,Sb,,V (1) @ Sb site,lattice thermal conductivity,0.444,W m-1 K-1,300,K,text,Section 3.2,
Wang_2025_Phys._Scr._100_125919.pdf,10.1088/1402-4896/ae26ec,AgSbTe2,Ag16Sb15V1Te32,Ag16Sb15V1Te32,1,No,V,1,Sb,,V (1) @ Sb site,Seebeck coefficient,425,μV K-1,700,K,text,Section 3.3.3,
Wang_2025_Phys._Scr._100_125919.pdf,10.1088/1402-4896/ae26ec,AgSbTe2,Ag16Sb15V1Te32,Ag16Sb15V1Te32,1,No,V,1,Sb,,V (1) @ Sb site,ZT,1.49,dimensionless,600,K,text,Section 3.4,
Wang_2025_Phys._Scr._100_125919.pdf,10.1088/1402-4896/ae26ec,AgSbTe2,Ag16Sb15Cr1Te32,Ag16Sb15Cr1Te32,1,No,Cr,1,Sb,,Cr (1) @ Sb site,lattice thermal conductivity,0.415,W m-1 K-1,300,K,text,Section 3.2,
Wang_2025_Phys._Scr._100_125919.pdf,10.1088/1402-4896/ae26ec,AgSbTe2,Ag16Sb15Cr1Te32,Ag16Sb15Cr1Te32,1,No,Cr,1,Sb,,Cr (1) @ Sb site,Seebeck coefficient,637,μV K-1,400,K,text,Section 3.3.3,
Wang_2025_Phys._Scr._100_125919.pdf,10.1088/1402-4896/ae26ec,AgSbTe2,Ag16Sb15Cr1Te32,Ag16Sb15Cr1Te32,1,No,Cr,1,Sb,,Cr (1) @ Sb site,power factor,19.08,μW cm-1 K-2,450,K,text,Section 3.3.4,
Wang_2025_Phys._Scr._100_125919.pdf,10.1088/1402-4896/ae26ec,AgSbTe2,Ag16Sb15Cr1Te32,Ag16Sb15Cr1Te32,1,No,Cr,1,Sb,,Cr (1) @ Sb site,ZT,1.78,dimensionless,500,K,text,Section 3.4,
Wang_2025_Phys._Scr._100_125919.pdf,10.1088/1402-4896/ae26ec,AgSbTe2,Ag16Sb14V1Cr1Te32,Ag16Sb14V1Cr1Te32,2,Yes,V,1,Sb,Cr (1) @ Sb,V (1) @ Sb site; Cr (1) @ Sb site,lattice thermal conductivity,0.391,W m-1 K-1,300,K,text,Section 3.2,
Wang_2025_Phys._Scr._100_125919.pdf,10.1088/1402-4896/ae26ec,AgSbTe2,Ag16Sb14V1Cr1Te32,Ag16Sb14V1Cr1Te32,2,Yes,V,1,Sb,Cr (1) @ Sb,V (1) @ Sb site; Cr (1) @ Sb site,Seebeck coefficient,615,μV K-1,300,K,text,Section 3.3.3,
Wang_2025_Phys._Scr._100_125919.pdf,10.1088/1402-4896/ae26ec,AgSbTe2,Ag16Sb14V1Cr1Te32,Ag16Sb14V1Cr1Te32,2,Yes,V,1,Sb,Cr (1) @ Sb,V (1) @ Sb site; Cr (1) @ Sb site,power factor,10.33,μW cm-1 K-2,600,K,text,Section 3.3.4,
Wang_2025_Phys._Scr._100_125919.pdf,10.1088/1402-4896/ae26ec,AgSbTe2,Ag16Sb14V1Cr1Te32,Ag16Sb14V1Cr1Te32,2,Yes,V,1,Sb,Cr (1) @ Sb,V (1) @ Sb site; Cr (1) @ Sb site,ZT,2.09,dimensionless,600,K,text,Section 3.4,
Wang_2025_Phys._Scr._100_125919.pdf,10.1088/1402-4896/ae26ec,AgSbTe2,Ag16Sb16Te32,Ag16Sb16Te32,0,No,,,,,,lattice thermal conductivity,0.512,W m-1 K-1,300,K,text,"page 4, section 3.2",Value for intrinsic Ag16Sb16Te32 at 300 K
Wang_2025_Phys._Scr._100_125919.pdf,10.1088/1402-4896/ae26ec,AgSbTe2,Ag16Sb15V1Te32,Ag16Sb15V1Te32,1,No,V,1,Sb,,V (1) @ Sb site,lattice thermal conductivity,0.444,W m-1 K-1,300,K,text,"page 4, section 3.2",Value for Ag16Sb15V1Te32 at 300 K
Wang_2025_Phys._Scr._100_125919.pdf,10.1088/1402-4896/ae26ec,AgSbTe2,Ag16Sb15Cr1Te32,Ag16Sb15Cr1Te32,1,No,Cr,1,Sb,,Cr (1) @ Sb site,lattice thermal conductivity,0.415,W m-1 K-1,300,K,text,"page 4, section 3.2",Value for Ag16Sb15Cr1Te32 at 300 K
Wang_2025_Phys._Scr._100_125919.pdf,10.1088/1402-4896/ae26ec,AgSbTe2,Ag16Sb14V1Cr1Te32,Ag16Sb14V1Cr1Te32,2,Yes,V,1,Sb,Cr (1) @ Sb,V (1) @ Sb site; Cr (1) @ Sb site,lattice thermal conductivity,0.391,W m-1 K-1,300,K,text,"page 4, section 3.2",Value for Ag16Sb14V1Cr1Te32 at 300 K
Wang_2025_Phys._Scr._100_125919.pdf,10.1088/1402-4896/ae26ec,AgSbTe2,Ag16Sb16Te32,Ag16Sb16Te32,0,No,,,,,,power factor,12.21,uW cm^-1 K^-2,450,K,figure,Fig. 9,Visually estimated from Fig. 9
Wang_2025_Phys._Scr._100_125919.pdf,10.1088/1402-4896/ae26ec,AgSbTe2,Ag16Sb15V1Te32,Ag16Sb15V1Te32,1,No,V,1,Sb,,V (1) @ Sb site,power factor,10.33,uW cm^-1 K^-2,600,K,figure,Fig. 9,Visually estimated from Fig. 9
Wang_2025_Phys._Scr._100_125919.pdf,10.1088/1402-4896/ae26ec,AgSbTe2,Ag16Sb15Cr1Te32,Ag16Sb15Cr1Te32,1,No,Cr,1,Sb,,Cr (1) @ Sb site,power factor,19.08,uW cm^-1 K^-2,450,K,figure,Fig. 9,Visually estimated from Fig. 9
Wang_2025_Phys._Scr._100_125919.pdf,10.1088/1402-4896/ae26ec,AgSbTe2,Ag16Sb14V1Cr1Te32,Ag16Sb14V1Cr1Te32,2,Yes,V,1,Sb,Cr (1) @ Sb,V (1) @ Sb site; Cr (1) @ Sb site,power factor,10.33,uW cm^-1 K^-2,600,K,figure,Fig. 9,Visually estimated from Fig. 9
Wang_2025_Phys._Scr._100_125919.pdf,10.1088/1402-4896/ae26ec,AgSbTe2,Ag16Sb16Te32,Ag16Sb16Te32,0,No,,,,,,ZT,0.4,dimensionless,300,K,figure,,Visually estimated from Figure 10
Wang_2025_Phys._Scr._100_125919.pdf,10.1088/1402-4896/ae26ec,AgSbTe2,Ag16Sb16Te32,Ag16Sb16Te32,0,No,,,,,,ZT,1.2,dimensionless,600,K,figure,,Visually estimated from Figure 10
Wang_2025_Phys._Scr._100_125919.pdf,10.1088/1402-4896/ae26ec,AgSbTe2,Ag16Sb15V1Te32,Ag16Sb15V1Te32,1,No,V,1,Sb,,V (1) @ Sb site,ZT,0.1,dimensionless,300,K,figure,,Visually estimated from Figure 10
Wang_2025_Phys._Scr._100_125919.pdf,10.1088/1402-4896/ae26ec,AgSbTe2,Ag16Sb15V1Te32,Ag16Sb15V1Te32,1,No,V,1,Sb,,V (1) @ Sb site,ZT,1.5,dimensionless,600,K,figure,,Visually estimated from Figure 10
Wang_2025_Phys._Scr._100_125919.pdf,10.1088/1402-4896/ae26ec,AgSbTe2,Ag16Sb15Cr1Te32,Ag16Sb15Cr1Te32,1,No,Cr,1,Sb,,Cr (1) @ Sb site,ZT,0.1,dimensionless,300,K,figure,,Visually estimated from Figure 10
Wang_2025_Phys._Scr._100_125919.pdf,10.1088/1402-4896/ae26ec,AgSbTe2,Ag16Sb15Cr1Te32,Ag16Sb15Cr1Te32,1,No,Cr,1,Sb,,Cr (1) @ Sb site,ZT,1.5,dimensionless,600,K,figure,,Visually estimated from Figure 10
Wang_2025_Phys._Scr._100_125919.pdf,10.1088/1402-4896/ae26ec,AgSbTe2,Ag16Sb14V1Cr1Te32,Ag16Sb14V1Cr1Te32,2,Yes,V,1,Sb,Cr (1) @ Sb,V (1) @ Sb site; Cr (1) @ Sb site,ZT,0.1,dimensionless,300,K,figure,,Visually estimated from Figure 10
Wang_2025_Phys._Scr._100_125919.pdf,10.1088/1402-4896/ae26ec,AgSbTe2,Ag16Sb14V1Cr1Te32,Ag16Sb14V1Cr1Te32,2,Yes,V,1,Sb,Cr (1) @ Sb,V (1) @ Sb site; Cr (1) @ Sb site,ZT,2.1,dimensionless,600,K,figure,,Visually estimated from Figure 10
ae2c03557.pdf,10.1021/acsaem.2c03557,AgSbSe2,AgSbSe2 (pristine),AgSbSe2,0,No,,,,,,ZT,0.74,dimensionless,723,K,text,"Page 2, Section 1",
ae2c03557.pdf,10.1021/acsaem.2c03557,AgSbSe2,AgSb0.94Pb0.06Se2,AgSb0.94Pb0.06Se2,1,No,Pb,0.06,Sb,,Pb (0.06) @ Sb site,ZT,0.91,dimensionless,673,K,text,"Page 4, Section 3",
ae2c03557.pdf,10.1021/acsaem.2c03557,AgSbSe2,AgSb0.935Pb0.06Se2,AgSb0.935Pb0.06Se2,2,Yes,Pb,0.06,Sb,Sb vacancy (0.005) @ Sb,Pb (0.06) @ Sb site; Sb vacancy (0.005) @ Sb site,power factor,7.5,μW cm−1 K−2,523,K,text,"Page 1, Abstract",
ae2c03557.pdf,10.1021/acsaem.2c03557,AgSbSe2,AgSb0.935Pb0.06Se2,AgSb0.935Pb0.06Se2,2,Yes,Pb,0.06,Sb,Sb vacancy (0.005) @ Sb,Pb (0.06) @ Sb site; Sb vacancy (0.005) @ Sb site,ZT,1.02,dimensionless,723,K,text,"Page 1, Abstract",
ae2c03557.pdf,10.1021/acsaem.2c03557,AgSbSe2,AgSb0.935Pb0.06Se2,AgSb0.935Pb0.06Se2,2,Yes,Pb,0.06,Sb,Sb vacancy (0.005) @ Sb,Pb (0.06) @ Sb site; Sb vacancy (0.005) @ Sb site,lattice thermal conductivity,0.36,Wm−1 K−1,723,K,text,"Page 5, Section 3",
ae2c03557.pdf,10.1021/acsaem.2c03557,AgSbSe2,AgSb0.94Pb0.06Se2,AgSb0.94Pb0.06Se2,1,No,Pb,0.06,Sb,,Pb (0.06) @ Sb site,ZT,1.02,dimensionless,723,K,figure,,Visually estimated from Fig. 1d
ae2c03557.pdf,10.1021/acsaem.2c03557,AgSbSe2,AgSb0.935Pb0.06Se2,AgSb0.935Pb0.06Se2,2,Yes,Pb,0.06,Sb,Sb vacancy (0.005) @ Sb,Pb (0.06) @ Sb site; Sb vacancy (0.005) @ Sb site,power factor,7.5,uW cm-1 K-2,523,K,figure,,Visually estimated from Fig. 5e
ae2c03557.pdf,10.1021/acsaem.2c03557,AgSbSe2,AgSb0.935Pb0.06Se2,AgSb0.935Pb0.06Se2,2,Yes,Pb,0.06,Sb,Sb vacancy (0.005) @ Sb,Pb (0.06) @ Sb site; Sb vacancy (0.005) @ Sb site,ZT,1.02,dimensionless,723,K,figure,,Visually estimated from Fig. 5h
ae5c01632.pdf,10.1021/acsaem.5c01632,AgSbTe2,AgSbTe2,AgSbTe2,0,No,,,,,,Seebeck coefficient,200,μV/K,300,K,text,body text,
ae5c01632.pdf,10.1021/acsaem.5c01632,AgSbTe2,AgSbTe2,AgSbTe2,0,No,,,,,,Seebeck coefficient,230,μV/K,530,K,text,body text,
ae5c01632.pdf,10.1021/acsaem.5c01632,AgSbTe2,AgSbTe2,AgSbTe2,0,No,,,,,,thermal conductivity,0.778,Wm-1 K-1,300,K,text,body text,
ae5c01632.pdf,10.1021/acsaem.5c01632,AgSbTe2,AgSbTe1.95Se0.05,AgSbTe1.95Se0.05,1,No,Se,0.05,Te,,Se (0.05) @ Te site,power factor,15.6,μWcm-1 K-2,470,K,text,body text,
ae5c01632.pdf,10.1021/acsaem.5c01632,AgSbTe2,AgSbTe1.95Se0.05,AgSbTe1.95Se0.05,1,No,Se,0.05,Te,,Se (0.05) @ Te site,thermal conductivity,0.49,Wm-1 K-1,300,K,text,body text,
ae5c01632.pdf,10.1021/acsaem.5c01632,AgSbTe2,AgSbTe1.95Se0.05,AgSbTe1.95Se0.05,1,No,Se,0.05,Te,,Se (0.05) @ Te site,lattice thermal conductivity,0.35,Wm-1 K-1,300,K,text,body text,
ae5c01632.pdf,10.1021/acsaem.5c01632,AgSbTe2,AgSbTe1.9Se0.1,AgSbTe1.9Se0.1,1,No,Se,0.1,Te,,Se (0.1) @ Te site,thermal conductivity,0.48,Wm-1 K-1,525,K,text,body text,
ae5c01632.pdf,10.1021/acsaem.5c01632,AgSbTe2,AgSbTe1.9Se0.1,AgSbTe1.9Se0.1,1,No,Se,0.1,Te,,Se (0.1) @ Te site,ZT,1.60,dimensionless,530,K,text,body text,
ae5c01632.pdf,10.1021/acsaem.5c01632,AgSbTe2,AgSbTe1.9Se0.1,AgSbTe1.9Se0.1,1,No,Se,0.1,Te,,Se (0.1) @ Te site,thermal conductivity,0.44,Wm-1 K-1,300,K,text,body text,
ae5c01632.pdf,10.1021/acsaem.5c01632,AgSbTe2,AgSbTe1.85Se0.15,AgSbTe1.85Se0.15,1,No,Se,0.15,Te,,Se (0.15) @ Te site,thermal conductivity,0.50,Wm-1 K-1,300,K,text,body text,
ae5c01632.pdf,10.1021/acsaem.5c01632,AgSbTe2,AgSbTe1.8Se0.2,AgSbTe1.8Se0.2,1,No,Se,0.2,Te,,Se (0.2) @ Te site,thermal conductivity,0.51,Wm-1 K-1,300,K,text,body text,
ae5c01632.pdf,10.1021/acsaem.5c01632,AgSbTe2,AgSbTe2,AgSbTe2,0,No,,,,,,Seebeck coefficient,220,uV/K,300,K,figure,Fig. 2c,Visually estimated from Fig. 2c
ae5c01632.pdf,10.1021/acsaem.5c01632,AgSbTe2,AgSbTe2,AgSbTe2,0,No,,,,,,electrical conductivity,1.5,10^4 S/m,300,K,figure,Fig. 2a,Visually estimated from Fig. 2a
ae5c01632.pdf,10.1021/acsaem.5c01632,AgSbTe2,AgSbTe2,AgSbTe2,0,No,,,,,,power factor,8,uWcm^-1 K^-2,300,K,figure,Fig. 4a,Visually estimated from Fig. 4a
ae5c01632.pdf,10.1021/acsaem.5c01632,AgSbTe2,AgSbTe2,AgSbTe2,0,No,,,,,,thermal conductivity,0.8,W/m/K,300,K,figure,Fig. 6a,Visually estimated from Fig. 6a
ae5c01632.pdf,10.1021/acsaem.5c01632,AgSbTe2,AgSbTe1.95Se0.05,AgSbTe1.95Se0.05,1,No,Se,x=0.05,Te,,Se (x=0.05) @ Te site,Seebeck coefficient,230,uV/K,300,K,figure,Fig. 2c,Visually estimated from Fig. 2c
ae5c01632.pdf,10.1021/acsaem.5c01632,AgSbTe2,AgSbTe1.95Se0.05,AgSbTe1.95Se0.05,1,No,Se,x=0.05,Te,,Se (x=0.05) @ Te site,electrical conductivity,1.3,10^4 S/m,300,K,figure,Fig. 2a,Visually estimated from Fig. 2a
ae5c01632.pdf,10.1021/acsaem.5c01632,AgSbTe2,AgSbTe1.95Se0.05,AgSbTe1.95Se0.05,1,No,Se,x=0.05,Te,,Se (x=0.05) @ Te site,power factor,9,uWcm^-1 K^-2,300,K,figure,Fig. 4a,Visually estimated from Fig. 4a
ae5c01632.pdf,10.1021/acsaem.5c01632,AgSbTe2,AgSbTe1.95Se0.05,AgSbTe1.95Se0.05,1,No,Se,x=0.05,Te,,Se (x=0.05) @ Te site,thermal conductivity,0.5,W/m/K,300,K,figure,Fig. 6a,Visually estimated from Fig. 6a
ae5c01632.pdf,10.1021/acsaem.5c01632,AgSbTe2,AgSbTe1.9Se0.1,AgSbTe1.9Se0.1,1,No,Se,x=0.1,Te,,Se (x=0.1) @ Te site,Seebeck coefficient,240,uV/K,300,K,figure,Fig. 2c,Visually estimated from Fig. 2c
ae5c01632.pdf,10.1021/acsaem.5c01632,AgSbTe2,AgSbTe1.9Se0.1,AgSbTe1.9Se0.1,1,No,Se,x=0.1,Te,,Se (x=0.1) @ Te site,electrical conductivity,1.2,10^4 S/m,300,K,figure,Fig. 2a,Visually estimated from Fig. 2a
ae5c01632.pdf,10.1021/acsaem.5c01632,AgSbTe2,AgSbTe1.9Se0.1,AgSbTe1.9Se0.1,1,No,Se,x=0.1,Te,,Se (x=0.1) @ Te site,power factor,9.5,uWcm^-1 K^-2,300,K,figure,Fig. 4a,Visually estimated from Fig. 4a
ae5c01632.pdf,10.1021/acsaem.5c01632,AgSbTe2,AgSbTe1.9Se0.1,AgSbTe1.9Se0.1,1,No,Se,x=0.1,Te,,Se (x=0.1) @ Te site,thermal conductivity,0.45,W/m/K,300,K,figure,Fig. 6a,Visually estimated from Fig. 6a
ae5c01632.pdf,10.1021/acsaem.5c01632,AgSbTe2,AgSbTe2,AgSbTe2,0,No,,,,,,ZT,0.8,dimensionless,530,K,body text,page 9874,
ae5c01632.pdf,10.1021/acsaem.5c01632,AgSbTe2,AgSbTe1.95Se0.05,AgSbTe1.95Se0.05,1,No,Se,x=0.05,Te,,Se (x=0.05) @ Te site,,,,,,,,
ae5c01632.pdf,10.1021/acsaem.5c01632,AgSbTe2,AgSbTe1.9Se0.1,AgSbTe1.9Se0.1,1,No,Se,x=0.1,Te,,Se (x=0.1) @ Te site,ZT,1.60,dimensionless,530,K,body text,page 9874,
ae5c01632.pdf,10.1021/acsaem.5c01632,AgSbTe2,AgSbTe1.85Se0.15,AgSbTe1.85Se0.15,1,No,Se,x=0.15,Te,,Se (x=0.15) @ Te site,,,,,,,,
ae5c01632.pdf,10.1021/acsaem.5c01632,AgSbTe2,AgSbTe1.8Se0.2,AgSbTe1.8Se0.2,1,No,Se,x=0.2,Te,,Se (x=0.2) @ Te site,,,,,,,,
ae5c01674.pdf,10.1021/acsaem.5c01674,AgSbTe2,pristine AgSbTe2,AgSbTe2,0,No,,,,,,Seebeck coefficient,224.42,μV/K,325,K,body text,,
ae5c01674.pdf,10.1021/acsaem.5c01674,AgSbTe2,pristine AgSbTe2,AgSbTe2,0,No,,,,,,Seebeck coefficient,229.18,μV/K,525,K,body text,,
ae5c01674.pdf,10.1021/acsaem.5c01674,AgSbTe2,pristine AgSbTe2,AgSbTe2,0,No,,,,,,electrical resistivity,8.91,mΩ·cm,325,K,body text,,
ae5c01674.pdf,10.1021/acsaem.5c01674,AgSbTe2,pristine AgSbTe2,AgSbTe2,0,No,,,,,,electrical resistivity,7.25,mΩ·cm,525,K,body text,,
ae5c01674.pdf,10.1021/acsaem.5c01674,AgSbTe2,pristine AgSbTe2,AgSbTe2,0,No,,,,,,ZT,0.37,dimensionless,325,K,body text,,
ae5c01674.pdf,10.1021/acsaem.5c01674,AgSbTe2,pristine AgSbTe2,AgSbTe2,0,No,,,,,,ZT,0.70,dimensionless,525,K,body text,,
ae5c01674.pdf,10.1021/acsaem.5c01674,AgSbTe2,AgSbTe2/20 wt % HNO3-treated PEDOT:PSS,AgSbTe2/20 wt % PEDOT:PSS,0,No,,,,,,Seebeck coefficient,241.18,μV/K,325,K,body text,,
ae5c01674.pdf,10.1021/acsaem.5c01674,AgSbTe2,AgSbTe2/20 wt % HNO3-treated PEDOT:PSS,AgSbTe2/20 wt % PEDOT:PSS,0,No,,,,,,Seebeck coefficient,238,μV/K,525,K,body text,,
ae5c01674.pdf,10.1021/acsaem.5c01674,AgSbTe2,AgSbTe2/20 wt % HNO3-treated PEDOT:PSS,AgSbTe2/20 wt % PEDOT:PSS,0,No,,,,,,electrical resistivity,8.92,mΩ·cm,325,K,body text,,
ae5c01674.pdf,10.1021/acsaem.5c01674,AgSbTe2,AgSbTe2/20 wt % HNO3-treated PEDOT:PSS,AgSbTe2/20 wt % PEDOT:PSS,0,No,,,,,,electrical resistivity,6.54,mΩ·cm,525,K,body text,,
ae5c01674.pdf,10.1021/acsaem.5c01674,AgSbTe2,AgSbTe2/20 wt % HNO3-treated PEDOT:PSS,AgSbTe2/20 wt % PEDOT:PSS,0,No,,,,,,ZT,0.43,dimensionless,325,K,body text,,
ae5c01674.pdf,10.1021/acsaem.5c01674,AgSbTe2,AgSbTe2/20 wt % HNO3-treated PEDOT:PSS,AgSbTe2/20 wt % PEDOT:PSS,0,No,,,,,,ZT,0.88,dimensionless,525,K,body text,,
ae5c01674.pdf,10.1021/acsaem.5c01674,AgSbTe2,AgSbTe2/40 wt % HNO3-treated PEDOT:PSS,AgSbTe2/40 wt % PEDOT:PSS,0,No,,,,,,Seebeck coefficient,252.06,μV/K,325,K,body text,,
ae5c01674.pdf,10.1021/acsaem.5c01674,AgSbTe2,AgSbTe2/40 wt % HNO3-treated PEDOT:PSS,AgSbTe2/40 wt % PEDOT:PSS,0,No,,,,,,Seebeck coefficient,224.25,μV/K,525,K,body text,,
ae5c01674.pdf,10.1021/acsaem.5c01674,AgSbTe2,AgSbTe2/40 wt % HNO3-treated PEDOT:PSS,AgSbTe2/40 wt % PEDOT:PSS,0,No,,,,,,electrical resistivity,13.22,mΩ·cm,325,K,body text,,
ae5c01674.pdf,10.1021/acsaem.5c01674,AgSbTe2,AgSbTe2/40 wt % HNO3-treated PEDOT:PSS,AgSbTe2/40 wt % PEDOT:PSS,0,No,,,,,,electrical resistivity,6.98,mΩ·cm,525,K,body text,,
ae5c01674.pdf,10.1021/acsaem.5c01674,AgSbTe2,AgSbTe2/40 wt % HNO3-treated PEDOT:PSS,AgSbTe2/40 wt % PEDOT:PSS,0,No,,,,,,ZT,0.34,dimensionless,325,K,body text,,
ae5c01674.pdf,10.1021/acsaem.5c01674,AgSbTe2,AgSbTe2/40 wt % HNO3-treated PEDOT:PSS,AgSbTe2/40 wt % PEDOT:PSS,0,No,,,,,,ZT,0.78,dimensionless,525,K,body text,,
ae5c01674.pdf,10.1021/acsaem.5c01674,AgSbTe2,AgSbTe2/60 wt % HNO3-treated PEDOT:PSS,AgSbTe2/60 wt % PEDOT:PSS,0,No,,,,,,Seebeck coefficient,238.56,μV/K,325,K,body text,,
ae5c01674.pdf,10.1021/acsaem.5c01674,AgSbTe2,AgSbTe2/60 wt % HNO3-treated PEDOT:PSS,AgSbTe2/60 wt % PEDOT:PSS,0,No,,,,,,Seebeck coefficient,224,μV/K,525,K,body text,,
ae5c01674.pdf,10.1021/acsaem.5c01674,AgSbTe2,AgSbTe2/60 wt % HNO3-treated PEDOT:PSS,AgSbTe2/60 wt % PEDOT:PSS,0,No,,,,,,electrical resistivity,15.80,mΩ·cm,325,K,body text,,
ae5c01674.pdf,10.1021/acsaem.5c01674,AgSbTe2,AgSbTe2/60 wt % HNO3-treated PEDOT:PSS,AgSbTe2/60 wt % PEDOT:PSS,0,No,,,,,,electrical resistivity,8.50,mΩ·cm,525,K,body text,,
ae5c01674.pdf,10.1021/acsaem.5c01674,AgSbTe2,AgSbTe2/60 wt % HNO3-treated PEDOT:PSS,AgSbTe2/60 wt % PEDOT:PSS,0,No,,,,,,ZT,0.23,dimensionless,325,K,body text,,
ae5c01674.pdf,10.1021/acsaem.5c01674,AgSbTe2,AgSbTe2/60 wt % HNO3-treated PEDOT:PSS,AgSbTe2/60 wt % PEDOT:PSS,0,No,,,,,,ZT,0.71,dimensionless,525,K,body text,,
ae5c01674.pdf,10.1021/acsaem.5c01674,AgSbTe2,AgSbTe2/20 wt % HNO3-treated PEDOT:PSS,AgSbTe2/20 wt % HNO3-treated PEDOT:PSS,1,No,PEDOT:PSS,20 wt %,unclear,,PEDOT:PSS (20 wt %) @ unclear site,ZT,0.88,dimensionless,525,K,body text,,Peak zT value reported in text.
ae5c01674.pdf,10.1021/acsaem.5c01674,AgSbTe2,AgSbTe2/20 wt % HNO3-treated PEDOT:PSS,AgSbTe2/20 wt % HNO3-treated PEDOT:PSS,1,No,PEDOT:PSS,20 wt %,unclear,,PEDOT:PSS (20 wt %) @ unclear site,electrical conductivity,153.8,S/cm,300,K,body text,,Calculated from reported electrical resistivity of 6.5 mOhm-cm.
ae5c01674.pdf,10.1021/acsaem.5c01674,AgSbTe2,AgSbTe2/20 wt % HNO3-treated PEDOT:PSS,AgSbTe2/20 wt % HNO3-treated PEDOT:PSS,1,No,PEDOT:PSS,20 wt %,unclear,,PEDOT:PSS (20 wt %) @ unclear site,Seebeck coefficient,238.9,uV/K,525,K,body text,,
ae5c01674.pdf,10.1021/acsaem.5c01674,AgSbTe2,AgSbTe2/20 wt % HNO3-treated PEDOT:PSS,AgSbTe2/20 wt % HNO3-treated PEDOT:PSS,1,No,PEDOT:PSS,20 wt %,unclear,,PEDOT:PSS (20 wt %) @ unclear site,thermal conductivity,0.52,W/m-K,525,K,body text,,
ae5c01674.pdf,10.1021/acsaem.5c01674,AgSbTe2,pristine AgSbTe2,AgSbTe2,0,No,,,,,,Seebeck coefficient,224.4,μV/K,325,K,table,Table 2,
ae5c01674.pdf,10.1021/acsaem.5c01674,AgSbTe2,pristine AgSbTe2,AgSbTe2,0,No,,,,,,Seebeck coefficient,224,μV/K,325,K,figure,Fig. 8c,Visually estimated from figure
ae5c01674.pdf,10.1021/acsaem.5c01674,AgSbTe2,pristine AgSbTe2,AgSbTe2,0,No,,,,,,power factor,565.5,μW/m·K^2,325,K,body text,,
ae5c01674.pdf,10.1021/acsaem.5c01674,AgSbTe2,pristine AgSbTe2,AgSbTe2,0,No,,,,,,power factor,724.2,μW/m·K^2,525,K,body text,,
ae5c01674.pdf,10.1021/acsaem.5c01674,AgSbTe2,pristine AgSbTe2,AgSbTe2,0,No,,,,,,ZT,0.3,dimensionless,325,K,figure,Fig. 11d,Visually estimated from figure
ae5c01674.pdf,10.1021/acsaem.5c01674,AgSbTe2,pristine AgSbTe2,AgSbTe2,0,No,,,,,,ZT,0.6,dimensionless,525,K,figure,Fig. 11d,Visually estimated from figure
ae5c01674.pdf,10.1021/acsaem.5c01674,AgSbTe2,AgSbTe2/20 wt % HNO3-treated PEDOT:PSS,AgSbTe2/20 wt % HNO3-treated PEDOT:PSS,1,No,PEDOT:PSS,20 wt %,unclear,,PEDOT:PSS (20 wt %) @ unclear site,Seebeck coefficient,241.2,μV/K,325,K,table,Table 2,
ae5c01674.pdf,10.1021/acsaem.5c01674,AgSbTe2,AgSbTe2/20 wt % HNO3-treated PEDOT:PSS,AgSbTe2/20 wt % HNO3-treated PEDOT:PSS,1,No,PEDOT:PSS,20 wt %,unclear,,PEDOT:PSS (20 wt %) @ unclear site,power factor,654.5,μW/m·K^2,325,K,body text,,
ae5c01674.pdf,10.1021/acsaem.5c01674,AgSbTe2,AgSbTe2/20 wt % HNO3-treated PEDOT:PSS,AgSbTe2/20 wt % HNO3-treated PEDOT:PSS,1,No,PEDOT:PSS,20 wt %,unclear,,PEDOT:PSS (20 wt %) @ unclear site,power factor,872.8,μW/m·K^2,525,K,body text,,
ae5c01674.pdf,10.1021/acsaem.5c01674,AgSbTe2,AgSbTe2/20 wt % HNO3-treated PEDOT:PSS,AgSbTe2/20 wt % HNO3-treated PEDOT:PSS,1,No,PEDOT:PSS,20 wt %,unclear,,PEDOT:PSS (20 wt %) @ unclear site,ZT,0.35,dimensionless,325,K,figure,Fig. 11d,Visually estimated from figure
ae5c01674.pdf,10.1021/acsaem.5c01674,AgSbTe2,AgSbTe2/20 wt % HNO3-treated PEDOT:PSS,AgSbTe2/20 wt % HNO3-treated PEDOT:PSS,1,No,PEDOT:PSS,20 wt %,unclear,,PEDOT:PSS (20 wt %) @ unclear site,ZT,0.75,dimensionless,525,K,figure,Fig. 11d,Visually estimated from figure
ae5c01674.pdf,10.1021/acsaem.5c01674,AgSbTe2,AgSbTe2/40 wt % HNO3-treated PEDOT:PSS,AgSbTe2/40 wt % HNO3-treated PEDOT:PSS,1,No,PEDOT:PSS,40 wt %,unclear,,PEDOT:PSS (40 wt %) @ unclear site,Seebeck coefficient,252.1,μV/K,325,K,table,Table 2,
ae5c01674.pdf,10.1021/acsaem.5c01674,AgSbTe2,AgSbTe2/40 wt % HNO3-treated PEDOT:PSS,AgSbTe2/40 wt % HNO3-treated PEDOT:PSS,1,No,PEDOT:PSS,40 wt %,unclear,,PEDOT:PSS (40 wt %) @ unclear site,power factor,480.3,μW/m·K^2,325,K,body text,,
ae5c01674.pdf,10.1021/acsaem.5c01674,AgSbTe2,AgSbTe2/40 wt % HNO3-treated PEDOT:PSS,AgSbTe2/40 wt % HNO3-treated PEDOT:PSS,1,No,PEDOT:PSS,40 wt %,unclear,,PEDOT:PSS (40 wt %) @ unclear site,power factor,720.6,μW/m·K^2,525,K,body text,,
ae5c01674.pdf,10.1021/acsaem.5c01674,AgSbTe2,AgSbTe2/40 wt % HNO3-treated PEDOT:PSS,AgSbTe2/40 wt % HNO3-treated PEDOT:PSS,1,No,PEDOT:PSS,40 wt %,unclear,,PEDOT:PSS (40 wt %) @ unclear site,ZT,0.32,dimensionless,325,K,figure,Fig. 11d,Visually estimated from figure
ae5c01674.pdf,10.1021/acsaem.5c01674,AgSbTe2,AgSbTe2/40 wt % HNO3-treated PEDOT:PSS,AgSbTe2/40 wt % HNO3-treated PEDOT:PSS,1,No,PEDOT:PSS,40 wt %,unclear,,PEDOT:PSS (40 wt %) @ unclear site,ZT,0.8,dimensionless,525,K,figure,Fig. 11d,Visually estimated from figure
ae5c01674.pdf,10.1021/acsaem.5c01674,AgSbTe2,AgSbTe2/60 wt % HNO3-treated PEDOT:PSS,AgSbTe2/60 wt % HNO3-treated PEDOT:PSS,1,No,PEDOT:PSS,60 wt %,unclear,,PEDOT:PSS (60 wt %) @ unclear site,Seebeck coefficient,235.6,μV/K,325,K,table,Table 2,
ae5c01674.pdf,10.1021/acsaem.5c01674,AgSbTe2,AgSbTe2/60 wt % HNO3-treated PEDOT:PSS,AgSbTe2/60 wt % HNO3-treated PEDOT:PSS,1,No,PEDOT:PSS,60 wt %,unclear,,PEDOT:PSS (60 wt %) @ unclear site,power factor,360.3,μW/m·K^2,325,K,body text,,
ae5c01674.pdf,10.1021/acsaem.5c01674,AgSbTe2,AgSbTe2/60 wt % HNO3-treated PEDOT:PSS,AgSbTe2/60 wt % HNO3-treated PEDOT:PSS,1,No,PEDOT:PSS,60 wt %,unclear,,PEDOT:PSS (60 wt %) @ unclear site,power factor,591.0,μW/m·K^2,525,K,body text,,
ae5c01674.pdf,10.1021/acsaem.5c01674,AgSbTe2,AgSbTe2/60 wt % HNO3-treated PEDOT:PSS,AgSbTe2/60 wt % HNO3-treated PEDOT:PSS,1,No,PEDOT:PSS,60 wt %,unclear,,PEDOT:PSS (60 wt %) @ unclear site,ZT,0.28,dimensionless,325,K,figure,Fig. 11d,Visually estimated from figure
ae5c01674.pdf,10.1021/acsaem.5c01674,AgSbTe2,AgSbTe2/60 wt % HNO3-treated PEDOT:PSS,AgSbTe2/60 wt % HNO3-treated PEDOT:PSS,1,No,PEDOT:PSS,60 wt %,unclear,,PEDOT:PSS (60 wt %) @ unclear site,ZT,0.7,dimensionless,525,K,figure,Fig. 11d,Visually estimated from figure
ae5c01674.pdf,10.1021/acsaem.5c01674,AgSbTe2,Pristine AgSbTe2,AgSbTe2,0,No,,,,,,ZT,0.84,dimensionless,325-525,K,text,body text,Efficiency calculation range
ae5c01674.pdf,10.1021/acsaem.5c01674,AgSbTe2,AgSbTe2/20 wt % HNO3-treated PEDOT:PSS,AgSbTe2/20 wt % HNO3-treated PEDOT:PSS,1,No,PEDOT:PSS,20 wt %,interstitial,,PEDOT:PSS (20 wt %) @ interstitial site,ZT,0.99,dimensionless,325-525,K,text,body text,Efficiency calculation range
ae5c01674.pdf,10.1021/acsaem.5c01674,AgSbTe2,AgSbTe2/40 wt % HNO3-treated PEDOT:PSS,AgSbTe2/40 wt % HNO3-treated PEDOT:PSS,1,No,PEDOT:PSS,40 wt %,interstitial,,PEDOT:PSS (40 wt %) @ interstitial site,ZT,0.85,dimensionless,325-525,K,text,body text,Efficiency calculation range
ae5c01674.pdf,10.1021/acsaem.5c01674,AgSbTe2,AgSbTe2/60 wt % HNO3-treated PEDOT:PSS,AgSbTe2/60 wt % HNO3-treated PEDOT:PSS,1,No,PEDOT:PSS,60 wt %,interstitial,,PEDOT:PSS (60 wt %) @ interstitial site,ZT,0.75,dimensionless,325-525,K,text,body text,Efficiency calculation range
am1c21252.pdf,10.1021/acsami.1c21252,AgSbTe2,SC41,(Ag2Te)0.41(Sb2Te3)0.59,1,No,cation vacancy,nonstoichiometric,Ag,,cation vacancy (nonstoichiometric) @ Ag site,electrical conductivity,122.4,S cm-1,room temperature,,Table 2,,
am1c21252.pdf,10.1021/acsami.1c21252,AgSbTe2,SC41,(Ag2Te)0.41(Sb2Te3)0.59,1,No,cation vacancy,nonstoichiometric,Ag,,cation vacancy (nonstoichiometric) @ Ag site,Seebeck coefficient,243.1,μV K-1,room temperature,,Table 2,,
am1c21252.pdf,10.1021/acsami.1c21252,AgSbTe2,SC42,(Ag2Te)0.42(Sb2Te3)0.58,1,No,cation vacancy,nonstoichiometric,Ag,,cation vacancy (nonstoichiometric) @ Ag site,electrical conductivity,145.7,S cm-1,room temperature,,Table 2,,
am1c21252.pdf,10.1021/acsami.1c21252,AgSbTe2,SC42,(Ag2Te)0.42(Sb2Te3)0.58,1,No,cation vacancy,nonstoichiometric,Ag,,cation vacancy (nonstoichiometric) @ Ag site,Seebeck coefficient,260.5,μV K-1,room temperature,,Table 2,,
am1c21252.pdf,10.1021/acsami.1c21252,AgSbTe2,SC42,(Ag2Te)0.42(Sb2Te3)0.58,1,No,cation vacancy,nonstoichiometric,Ag,,cation vacancy (nonstoichiometric) @ Ag site,ZT,0.52,dimensionless,room temperature,,body text,,
am1c21252.pdf,10.1021/acsami.1c21252,AgSbTe2,SC42,(Ag2Te)0.42(Sb2Te3)0.58,1,No,cation vacancy,nonstoichiometric,Ag,,cation vacancy (nonstoichiometric) @ Ag site,ZT,1.04,dimensionless,500,K,body text,,
am1c21252.pdf,10.1021/acsami.1c21252,AgSbTe2,SC43,(Ag2Te)0.43(Sb2Te3)0.57,1,No,cation vacancy,nonstoichiometric,Ag,,cation vacancy (nonstoichiometric) @ Ag site,electrical conductivity,149.1,S cm-1,room temperature,,Table 2,,
am1c21252.pdf,10.1021/acsami.1c21252,AgSbTe2,SC43,(Ag2Te)0.43(Sb2Te3)0.57,1,No,cation vacancy,nonstoichiometric,Ag,,cation vacancy (nonstoichiometric) @ Ag site,Seebeck coefficient,263.8,μV K-1,room temperature,,Table 2,,
am1c21252.pdf,10.1021/acsami.1c21252,AgSbTe2,Q-SPS41,(Ag2Te)0.41(Sb2Te3)0.59,1,No,cation vacancy,nonstoichiometric,Ag,,cation vacancy (nonstoichiometric) @ Ag site,electrical conductivity,78.5,S cm-1,room temperature,,Table 2,,
am1c21252.pdf,10.1021/acsami.1c21252,AgSbTe2,Q-SPS41,(Ag2Te)0.41(Sb2Te3)0.59,1,No,cation vacancy,nonstoichiometric,Ag,,cation vacancy (nonstoichiometric) @ Ag site,Seebeck coefficient,299.1,μV K-1,room temperature,,Table 2,,
am1c21252.pdf,10.1021/acsami.1c21252,AgSbTe2,Q-SPS42,(Ag2Te)0.42(Sb2Te3)0.58,1,No,cation vacancy,nonstoichiometric,Ag,,cation vacancy (nonstoichiometric) @ Ag site,electrical conductivity,68.0,S cm-1,room temperature,,Table 2,,
am1c21252.pdf,10.1021/acsami.1c21252,AgSbTe2,Q-SPS42,(Ag2Te)0.42(Sb2Te3)0.58,1,No,cation vacancy,nonstoichiometric,Ag,,cation vacancy (nonstoichiometric) @ Ag site,Seebeck coefficient,315.9,μV K-1,room temperature,,Table 2,,
am1c21252.pdf,10.1021/acsami.1c21252,AgSbTe2,Q-SPS42,(Ag2Te)0.42(Sb2Te3)0.58,1,No,cation vacancy,nonstoichiometric,Ag,,cation vacancy (nonstoichiometric) @ Ag site,ZT,0.64,dimensionless,500,K,body text,,
am1c21252.pdf,10.1021/acsami.1c21252,AgSbTe2,Q-SPS43,(Ag2Te)0.43(Sb2Te3)0.57,1,No,cation vacancy,nonstoichiometric,Ag,,cation vacancy (nonstoichiometric) @ Ag site,electrical conductivity,75.1,S cm-1,room temperature,,Table 2,,
am1c21252.pdf,10.1021/acsami.1c21252,AgSbTe2,Q-SPS43,(Ag2Te)0.43(Sb2Te3)0.57,1,No,cation vacancy,nonstoichiometric,Ag,,cation vacancy (nonstoichiometric) @ Ag site,Seebeck coefficient,313.8,μV K-1,room temperature,,Table 2,,
am1c21252.pdf,10.1021/acsami.1c21252,AgSbTe2,SC41,(Ag2Te)0.41(Sb2Te3)0.59,1,No,V_cation,nonstoichiometric,multiple sites,,V_cation (nonstoichiometric) @ multiple sites site,electrical conductivity,122.4,S cm-1,,,table,Table 2,
am1c21252.pdf,10.1021/acsami.1c21252,AgSbTe2,SC41,(Ag2Te)0.41(Sb2Te3)0.59,1,No,V_cation,nonstoichiometric,multiple sites,,V_cation (nonstoichiometric) @ multiple sites site,Seebeck coefficient,243.1,uV K-1,,,table,Table 2,
am1c21252.pdf,10.1021/acsami.1c21252,AgSbTe2,SC42,(Ag2Te)0.42(Sb2Te3)0.58,1,No,V_cation,nonstoichiometric,multiple sites,,V_cation (nonstoichiometric) @ multiple sites site,electrical conductivity,145.7,S cm-1,,,table,Table 2,
am1c21252.pdf,10.1021/acsami.1c21252,AgSbTe2,SC42,(Ag2Te)0.42(Sb2Te3)0.58,1,No,V_cation,nonstoichiometric,multiple sites,,V_cation (nonstoichiometric) @ multiple sites site,Seebeck coefficient,260.5,uV K-1,,,table,Table 2,
am1c21252.pdf,10.1021/acsami.1c21252,AgSbTe2,SC43,(Ag2Te)0.43(Sb2Te3)0.57,1,No,V_cation,nonstoichiometric,multiple sites,,V_cation (nonstoichiometric) @ multiple sites site,electrical conductivity,149.1,S cm-1,,,table,Table 2,
am1c21252.pdf,10.1021/acsami.1c21252,AgSbTe2,SC43,(Ag2Te)0.43(Sb2Te3)0.57,1,No,V_cation,nonstoichiometric,multiple sites,,V_cation (nonstoichiometric) @ multiple sites site,Seebeck coefficient,263.8,uV K-1,,,table,Table 2,
am1c21252.pdf,10.1021/acsami.1c21252,AgSbTe2,Q-SPS41,(Ag2Te)0.41(Sb2Te3)0.59,1,No,V_cation,nonstoichiometric,multiple sites,,V_cation (nonstoichiometric) @ multiple sites site,electrical conductivity,78.5,S cm-1,,,table,Table 2,
am1c21252.pdf,10.1021/acsami.1c21252,AgSbTe2,Q-SPS41,(Ag2Te)0.41(Sb2Te3)0.59,1,No,V_cation,nonstoichiometric,multiple sites,,V_cation (nonstoichiometric) @ multiple sites site,Seebeck coefficient,299.1,uV K-1,,,table,Table 2,
am1c21252.pdf,10.1021/acsami.1c21252,AgSbTe2,Q-SPS42,(Ag2Te)0.42(Sb2Te3)0.58,1,No,V_cation,nonstoichiometric,multiple sites,,V_cation (nonstoichiometric) @ multiple sites site,electrical conductivity,68.0,S cm-1,,,table,Table 2,
am1c21252.pdf,10.1021/acsami.1c21252,AgSbTe2,Q-SPS42,(Ag2Te)0.42(Sb2Te3)0.58,1,No,V_cation,nonstoichiometric,multiple sites,,V_cation (nonstoichiometric) @ multiple sites site,Seebeck coefficient,315.9,uV K-1,,,table,Table 2,
am1c21252.pdf,10.1021/acsami.1c21252,AgSbTe2,Q-SPS43,(Ag2Te)0.43(Sb2Te3)0.57,1,No,V_cation,nonstoichiometric,multiple sites,,V_cation (nonstoichiometric) @ multiple sites site,electrical conductivity,75.1,S cm-1,,,table,Table 2,
am1c21252.pdf,10.1021/acsami.1c21252,AgSbTe2,Q-SPS43,(Ag2Te)0.43(Sb2Te3)0.57,1,No,V_cation,nonstoichiometric,multiple sites,,V_cation (nonstoichiometric) @ multiple sites site,Seebeck coefficient,313.8,uV K-1,,,table,Table 2,
am1c21252.pdf,10.1021/acsami.1c21252,AgSbTe2,SC41,(Ag2Te)x(Sb2Te3)1-x,0,No,,,,,,thermal conductivity,0.60,W m-1 K-1,300,K,figure,Fig. 5a,Visually estimated from Fig. 5a
am1c21252.pdf,10.1021/acsami.1c21252,AgSbTe2,SC41,(Ag2Te)x(Sb2Te3)1-x,0,No,,,,,,thermal conductivity,0.45,W m-1 K-1,500,K,figure,Fig. 5a,Visually estimated from Fig. 5a
am1c21252.pdf,10.1021/acsami.1c21252,AgSbTe2,SC41,(Ag2Te)x(Sb2Te3)1-x,0,No,,,,,,lattice thermal conductivity,0.55,W m-1 K-1,300,K,figure,Fig. 5b,Visually estimated from Fig. 5b
am1c21252.pdf,10.1021/acsami.1c21252,AgSbTe2,SC41,(Ag2Te)x(Sb2Te3)1-x,0,No,,,,,,lattice thermal conductivity,0.40,W m-1 K-1,500,K,figure,Fig. 5b,Visually estimated from Fig. 5b
am1c21252.pdf,10.1021/acsami.1c21252,AgSbTe2,SC41,(Ag2Te)x(Sb2Te3)1-x,0,No,,,,,,ZT,0.5,dimensionless,300,K,figure,Fig. 5c,Visually estimated from Fig. 5c
am1c21252.pdf,10.1021/acsami.1c21252,AgSbTe2,SC41,(Ag2Te)x(Sb2Te3)1-x,0,No,,,,,,ZT,0.7,dimensionless,600,K,figure,Fig. 5c,Visually estimated from Fig. 5c
am1c21252.pdf,10.1021/acsami.1c21252,AgSbTe2,SC42,(Ag2Te)x(Sb2Te3)1-x,0,No,,,,,,thermal conductivity,0.58,W m-1 K-1,300,K,figure,Fig. 5a,Visually estimated from Fig. 5a
am1c21252.pdf,10.1021/acsami.1c21252,AgSbTe2,SC42,(Ag2Te)x(Sb2Te3)1-x,0,No,,,,,,thermal conductivity,0.44,W m-1 K-1,500,K,figure,Fig. 5a,Visually estimated from Fig. 5a
am1c21252.pdf,10.1021/acsami.1c21252,AgSbTe2,SC42,(Ag2Te)x(Sb2Te3)1-x,0,No,,,,,,lattice thermal conductivity,0.52,W m-1 K-1,300,K,figure,Fig. 5b,Visually estimated from Fig. 5b
am1c21252.pdf,10.1021/acsami.1c21252,AgSbTe2,SC42,(Ag2Te)x(Sb2Te3)1-x,0,No,,,,,,lattice thermal conductivity,0.38,W m-1 K-1,500,K,figure,Fig. 5b,Visually estimated from Fig. 5b
am1c21252.pdf,10.1021/acsami.1c21252,AgSbTe2,SC42,(Ag2Te)x(Sb2Te3)1-x,0,No,,,,,,ZT,0.52,dimensionless,300,K,figure,Fig. 5c,Visually estimated from Fig. 5c
am1c21252.pdf,10.1021/acsami.1c21252,AgSbTe2,SC42,(Ag2Te)x(Sb2Te3)1-x,0,No,,,,,,ZT,1.04,dimensionless,500,K,figure,Fig. 5c,Visually estimated from Fig. 5c
am1c21252.pdf,10.1021/acsami.1c21252,AgSbTe2,SC43,(Ag2Te)x(Sb2Te3)1-x,0,No,,,,,,thermal conductivity,0.55,W m-1 K-1,300,K,figure,Fig. 5a,Visually estimated from Fig. 5a
am1c21252.pdf,10.1021/acsami.1c21252,AgSbTe2,SC43,(Ag2Te)x(Sb2Te3)1-x,0,No,,,,,,thermal conductivity,0.43,W m-1 K-1,500,K,figure,Fig. 5a,Visually estimated from Fig. 5a
am1c21252.pdf,10.1021/acsami.1c21252,AgSbTe2,SC43,(Ag2Te)x(Sb2Te3)1-x,0,No,,,,,,lattice thermal conductivity,0.51,W m-1 K-1,300,K,figure,Fig. 5b,Visually estimated from Fig. 5b
am1c21252.pdf,10.1021/acsami.1c21252,AgSbTe2,SC43,(Ag2Te)x(Sb2Te3)1-x,0,No,,,,,,lattice thermal conductivity,0.37,W m-1 K-1,500,K,figure,Fig. 5b,Visually estimated from Fig. 5b
am1c21252.pdf,10.1021/acsami.1c21252,AgSbTe2,SC43,(Ag2Te)x(Sb2Te3)1-x,0,No,,,,,,ZT,0.55,dimensionless,300,K,figure,Fig. 5c,Visually estimated from Fig. 5c
am1c21252.pdf,10.1021/acsami.1c21252,AgSbTe2,SC43,(Ag2Te)x(Sb2Te3)1-x,0,No,,,,,,ZT,0.95,dimensionless,500,K,figure,Fig. 5c,Visually estimated from Fig. 5c
am2c22930.pdf,10.1021/acsami.2c22930,AgSbTe2,AgSbTe2,AgSbTe2,0,No,,,,,,electrical conductivity,15000,S/m,300,K,body text,,
am2c22930.pdf,10.1021/acsami.2c22930,AgSbTe2,AgSbTe2,AgSbTe2,0,No,,,,,,Seebeck coefficient,242,μV/K,300,K,body text,,
am2c22930.pdf,10.1021/acsami.2c22930,AgSbTe2,AgSbTe2,AgSbTe2,0,No,,,,,,Seebeck coefficient,352,μV/K,425,K,body text,,
am2c22930.pdf,10.1021/acsami.2c22930,AgSbTe2,AgSb0.99Mg0.01Te2,AgSb0.99Mg0.01Te2,1,No,Mg,0.01,Sb,,Mg (0.01) @ Sb site,,,,,,,,
am2c22930.pdf,10.1021/acsami.2c22930,AgSbTe2,AgSb0.98Mg0.02Te2,AgSb0.98Mg0.02Te2,1,No,Mg,0.02,Sb,,Mg (0.02) @ Sb site,ZT,1.31,dimensionless,523,K,body text,,
am2c22930.pdf,10.1021/acsami.2c22930,AgSbTe2,AgSb0.98Mg0.02Te2,AgSb0.98Mg0.02Te2,1,No,Mg,0.02,Sb,,Mg (0.02) @ Sb site,Seebeck coefficient,260,μV/K,300,K,body text,,
am2c22930.pdf,10.1021/acsami.2c22930,AgSbTe2,AgSb0.98Mg0.02Te2,AgSb0.98Mg0.02Te2,1,No,Mg,0.02,Sb,,Mg (0.02) @ Sb site,Seebeck coefficient,186,μV/K,573,K,body text,,
am2c22930.pdf,10.1021/acsami.2c22930,AgSbTe2,AgSb0.98Mg0.02Te2,AgSb0.98Mg0.02Te2,1,No,Mg,0.02,Sb,,Mg (0.02) @ Sb site,power factor,14,μW/cm K2,523,K,body text,,
am2c22930.pdf,10.1021/acsami.2c22930,AgSbTe2,AgSb0.98Mg0.02Te2,AgSb0.98Mg0.02Te2,1,No,Mg,0.02,Sb,,Mg (0.02) @ Sb site,thermal conductivity,0.55,W/mK,300,K,body text,,
am2c22930.pdf,10.1021/acsami.2c22930,AgSbTe2,AgSb0.98Mg0.02Te2,AgSb0.98Mg0.02Te2,1,No,Mg,0.02,Sb,,Mg (0.02) @ Sb site,thermal conductivity,0.69,W/mK,573,K,body text,,
am2c22930.pdf,10.1021/acsami.2c22930,AgSbTe2,AgSb0.98Mg0.02Te2,AgSb0.98Mg0.02Te2,1,No,Mg,0.02,Sb,,Mg (0.02) @ Sb site,lattice thermal conductivity,0.37,W/mK,523,K,body text,,
am2c22930.pdf,10.1021/acsami.2c22930,AgSbTe2,AgSb0.97Mg0.03Te2,AgSb0.97Mg0.03Te2,1,No,Mg,0.03,Sb,,Mg (0.03) @ Sb site,electrical conductivity,33000,S/m,300,K,body text,,
am2c22930.pdf,10.1021/acsami.2c22930,AgSbTe2,AgSb0.97Mg0.03Te2,AgSb0.97Mg0.03Te2,1,No,Mg,0.03,Sb,,Mg (0.03) @ Sb site,electrical conductivity,35000,S/m,573,K,body text,,
am2c22930.pdf,10.1021/acsami.2c22930,AgSbTe2,AgSb0.96Mg0.04Te2,AgSb0.96Mg0.04Te2,1,No,Mg,0.04,Sb,,Mg (0.04) @ Sb site,,,,,,,,
am2c22930.pdf,10.1021/acsami.2c22930,AgSbTe2,AgSbTe2,AgSbTe2,0,No,,,,,,Seebeck coefficient,242,uV/K,room temperature,,body text,,
am2c22930.pdf,10.1021/acsami.2c22930,AgSbTe2,AgSbTe2,AgSbTe2,0,No,,,,,,Seebeck coefficient,352,uV/K,425,K,body text,,
am2c22930.pdf,10.1021/acsami.2c22930,AgSbTe2,AgSb0.98Mg0.02Te2,AgSb0.98Mg0.02Te2,1,No,Mg,0.02,Sb,,Mg (0.02) @ Sb site,Seebeck coefficient,260,uV/K,room temperature,,body text,,
am2c22930.pdf,10.1021/acsami.2c22930,AgSbTe2,AgSb0.98Mg0.02Te2,AgSb0.98Mg0.02Te2,1,No,Mg,0.02,Sb,,Mg (0.02) @ Sb site,Seebeck coefficient,186,uV/K,573,K,body text,,
am2c22930.pdf,10.1021/acsami.2c22930,AgSbTe2,AgSb0.97Mg0.03Te2,AgSb0.97Mg0.03Te2,1,No,Mg,0.03,Sb,,Mg (0.03) @ Sb site,electrical conductivity,33000,S/m,room temperature,,body text,,
am2c22930.pdf,10.1021/acsami.2c22930,AgSbTe2,AgSbTe2,AgSbTe2,0,No,,,,,,ZT,0.58,dimensionless,,,figure,Fig. 7b,Visually estimated from Fig. 7b
am2c22930.pdf,10.1021/acsami.2c22930,AgSbTe2,Ag0.99SbTe2,Ag0.99SbTe2,1,No,Mg,x=0.01,Ag,,Mg (x=0.01) @ Ag site,ZT,0.85,dimensionless,,,figure,Fig. 7b,Visually estimated from Fig. 7b
am2c22930.pdf,10.1021/acsami.2c22930,AgSbTe2,Ag0.98SbTe2,Ag0.98SbTe2,1,No,Mg,x=0.02,Ag,,Mg (x=0.02) @ Ag site,ZT,1.31,dimensionless,,,figure,Fig. 7b,Visually estimated from Fig. 7b
am2c22930.pdf,10.1021/acsami.2c22930,AgSbTe2,Ag0.97SbTe2,Ag0.97SbTe2,1,No,Mg,x=0.03,Ag,,Mg (x=0.03) @ Ag site,ZT,0.95,dimensionless,,,figure,Fig. 7b,Visually estimated from Fig. 7b
am2c22930.pdf,10.1021/acsami.2c22930,AgSbTe2,Ag0.96SbTe2,Ag0.96SbTe2,1,No,Mg,x=0.04,Ag,,Mg (x=0.04) @ Ag site,ZT,0.75,dimensionless,,,figure,Fig. 7b,Visually estimated from Fig. 7b
am4c05454.pdf,10.1021/acsami.4c05454,AgSbTe2,AgSbTe2,AgSbTe2,0,No,,,,,,ZT,0.89,dimensionless,523,K,body text,"Page 8, Results section",
am4c05454.pdf,10.1021/acsami.4c05454,AgSbTe2,AgSb0.98Cu0.02Te2,AgSb0.98Cu0.02Te2,1,No,Cu,0.02,Ag,,Cu (0.02) @ Ag site,,,,,,,,
am4c05454.pdf,10.1021/acsami.4c05454,AgSbTe2,AgSb0.96Cu0.04Te2,AgSb0.96Cu0.04Te2,1,No,Cu,0.04,Ag,,Cu (0.04) @ Ag site,ZT,1.44,dimensionless,523,K,body text,"Page 2, Introduction",
am4c05454.pdf,10.1021/acsami.4c05454,AgSbTe2,AgSb0.96Cu0.04Te2,AgSb0.96Cu0.04Te2,1,No,Cu,0.04,Ag,,Cu (0.04) @ Ag site,ZT,1.45,dimensionless,498,K,body text,"Page 8, Results section",
am4c05454.pdf,10.1021/acsami.4c05454,AgSbTe2,AgSb0.96Cu0.04Te2,AgSb0.96Cu0.04Te2,1,No,Cu,0.04,Ag,,Cu (0.04) @ Ag site,power factor,1.35,mW·K-2·m-1,498,K,body text,"Page 6, Electrical Transport Properties",
am4c05454.pdf,10.1021/acsami.4c05454,AgSbTe2,AgSb0.96Cu0.04Te2,AgSb0.96Cu0.04Te2,1,No,Cu,0.04,Ag,,Cu (0.04) @ Ag site,power factor,1.43,mW·K-2·m-1,448,K,body text,"Page 6, Electrical Transport Properties",
am4c05454.pdf,10.1021/acsami.4c05454,AgSbTe2,AgSb0.94Cu0.06Te2,AgSb0.94Cu0.06Te2,1,No,Cu,0.06,Ag,,Cu (0.06) @ Ag site,,,,,,,,
am4c05454.pdf,10.1021/acsami.4c05454,AgSbTe2,AgSb1-xCuxTe2 (x=0),AgSbTe2,1,No,none,0,unclear,,none (0) @ unclear site,electrical conductivity,0.6,10^4 S/m,323,K,figure,,Visually estimated from Fig. 5a
am4c05454.pdf,10.1021/acsami.4c05454,AgSbTe2,AgSb1-xCuxTe2 (x=0),AgSbTe2,1,No,none,0,unclear,,none (0) @ unclear site,electrical conductivity,0.5,10^4 S/m,423,K,figure,,Visually estimated from Fig. 5a
am4c05454.pdf,10.1021/acsami.4c05454,AgSbTe2,AgSb1-xCuxTe2 (x=0),AgSbTe2,1,No,none,0,unclear,,none (0) @ unclear site,electrical conductivity,1.1,10^4 S/m,573,K,figure,,Visually estimated from Fig. 5a
am4c05454.pdf,10.1021/acsami.4c05454,AgSbTe2,AgSb1-xCuxTe2 (x=0),AgSbTe2,1,No,none,0,unclear,,none (0) @ unclear site,Seebeck coefficient,200,10^-6 V/K,323,K,figure,,Visually estimated from Fig. 5c
am4c05454.pdf,10.1021/acsami.4c05454,AgSbTe2,AgSb1-xCuxTe2 (x=0),AgSbTe2,1,No,none,0,unclear,,none (0) @ unclear site,Seebeck coefficient,380,10^-6 V/K,423,K,figure,,Visually estimated from Fig. 5c
am4c05454.pdf,10.1021/acsami.4c05454,AgSbTe2,AgSb1-xCuxTe2 (x=0),AgSbTe2,1,No,none,0,unclear,,none (0) @ unclear site,Seebeck coefficient,280,10^-6 V/K,573,K,figure,,Visually estimated from Fig. 5c
am4c05454.pdf,10.1021/acsami.4c05454,AgSbTe2,AgSb1-xCuxTe2 (x=0),AgSbTe2,1,No,none,0,unclear,,none (0) @ unclear site,power factor,0.7,10^-3 W/K^2m,323,K,figure,,Visually estimated from Fig. 5d
am4c05454.pdf,10.1021/acsami.4c05454,AgSbTe2,AgSb1-xCuxTe2 (x=0),AgSbTe2,1,No,none,0,unclear,,none (0) @ unclear site,power factor,0.7,10^-3 W/K^2m,423,K,figure,,Visually estimated from Fig. 5d
am4c05454.pdf,10.1021/acsami.4c05454,AgSbTe2,AgSb1-xCuxTe2 (x=0),AgSbTe2,1,No,none,0,unclear,,none (0) @ unclear site,power factor,1.0,10^-3 W/K^2m,573,K,figure,,Visually estimated from Fig. 5d
am4c05454.pdf,10.1021/acsami.4c05454,AgSbTe2,AgSb1-xCuxTe2 (x=0.04),Ag0.96Cu0.04Te2,1,No,Cu,0.04,Ag,,Cu (0.04) @ Ag site,electrical conductivity,1.6,10^4 S/m,323,K,figure,,Visually estimated from Fig. 5a
am4c05454.pdf,10.1021/acsami.4c05454,AgSbTe2,AgSb1-xCuxTe2 (x=0.04),Ag0.96Cu0.04Te2,1,No,Cu,0.04,Ag,,Cu (0.04) @ Ag site,electrical conductivity,2.7,10^4 S/m,423,K,figure,,Visually estimated from Fig. 5a
am4c05454.pdf,10.1021/acsami.4c05454,AgSbTe2,AgSb1-xCuxTe2 (x=0.04),Ag0.96Cu0.04Te2,1,No,Cu,0.04,Ag,,Cu (0.04) @ Ag site,electrical conductivity,2.6,10^4 S/m,573,K,figure,,Visually estimated from Fig. 5a
am4c05454.pdf,10.1021/acsami.4c05454,AgSbTe2,AgSb1-xCuxTe2 (x=0.04),Ag0.96Cu0.04Te2,1,No,Cu,0.04,Ag,,Cu (0.04) @ Ag site,Seebeck coefficient,240,10^-6 V/K,323,K,figure,,Visually estimated from Fig. 5c
am4c05454.pdf,10.1021/acsami.4c05454,AgSbTe2,AgSb1-xCuxTe2 (x=0.04),Ag0.96Cu0.04Te2,1,No,Cu,0.04,Ag,,Cu (0.04) @ Ag site,Seebeck coefficient,240,10^-6 V/K,423,K,figure,,Visually estimated from Fig. 5c
am4c05454.pdf,10.1021/acsami.4c05454,AgSbTe2,AgSb1-xCuxTe2 (x=0.04),Ag0.96Cu0.04Te2,1,No,Cu,0.04,Ag,,Cu (0.04) @ Ag site,Seebeck coefficient,220,10^-6 V/K,573,K,figure,,Visually estimated from Fig. 5c
am4c05454.pdf,10.1021/acsami.4c05454,AgSbTe2,AgSb1-xCuxTe2 (x=0.04),Ag0.96Cu0.04Te2,1,No,Cu,0.04,Ag,,Cu (0.04) @ Ag site,power factor,1.0,10^-3 W/K^2m,323,K,figure,,Visually estimated from Fig. 5d
am4c05454.pdf,10.1021/acsami.4c05454,AgSbTe2,AgSb1-xCuxTe2 (x=0.04),Ag0.96Cu0.04Te2,1,No,Cu,0.04,Ag,,Cu (0.04) @ Ag site,power factor,1.4,10^-3 W/K^2m,423,K,figure,,Visually estimated from Fig. 5d
am4c05454.pdf,10.1021/acsami.4c05454,AgSbTe2,AgSb1-xCuxTe2 (x=0.04),Ag0.96Cu0.04Te2,1,No,Cu,0.04,Ag,,Cu (0.04) @ Ag site,power factor,1.1,10^-3 W/K^2m,573,K,figure,,Visually estimated from Fig. 5d
am4c05454.pdf,10.1021/acsami.4c05454,AgSbTe2,AgSb1-xCuxTe2 (x=0),AgSbTe2,0,No,,,,,,ZT,0.5,dimensionless,323,K,figure,Fig. 8,Visually estimated from Fig. 8
am4c05454.pdf,10.1021/acsami.4c05454,AgSbTe2,AgSb1-xCuxTe2 (x=0),AgSbTe2,0,No,,,,,,ZT,1.2,dimensionless,523,K,figure,Fig. 8,Visually estimated from Fig. 8
am4c05454.pdf,10.1021/acsami.4c05454,AgSbTe2,AgSb1-xCuxTe2 (x=0.02),AgSb0.98Cu0.02Te2,1,No,Cu,0.02,Sb,,Cu (0.02) @ Sb site,ZT,0.6,dimensionless,323,K,figure,Fig. 8,Visually estimated from Fig. 8
am4c05454.pdf,10.1021/acsami.4c05454,AgSbTe2,AgSb1-xCuxTe2 (x=0.02),AgSb0.98Cu0.02Te2,1,No,Cu,0.02,Sb,,Cu (0.02) @ Sb site,ZT,1.4,dimensionless,523,K,figure,Fig. 8,Visually estimated from Fig. 8
am4c05454.pdf,10.1021/acsami.4c05454,AgSbTe2,AgSb1-xCuxTe2 (x=0.04),AgSb0.96Cu0.04Te2,1,No,Cu,0.04,Sb,,Cu (0.04) @ Sb site,ZT,0.6,dimensionless,323,K,figure,Fig. 8,Visually estimated from Fig. 8
am4c05454.pdf,10.1021/acsami.4c05454,AgSbTe2,AgSb1-xCuxTe2 (x=0.04),AgSb0.96Cu0.04Te2,1,No,Cu,0.04,Sb,,Cu (0.04) @ Sb site,ZT,1.45,dimensionless,473,K,figure,Fig. 8,Visually estimated from Fig. 8
am4c05454.pdf,10.1021/acsami.4c05454,AgSbTe2,AgSb1-xCuxTe2 (x=0.06),AgSb0.94Cu0.06Te2,1,No,Cu,0.06,Sb,,Cu (0.06) @ Sb site,ZT,0.55,dimensionless,323,K,figure,Fig. 8,Visually estimated from Fig. 8
am4c05454.pdf,10.1021/acsami.4c05454,AgSbTe2,AgSb1-xCuxTe2 (x=0.06),AgSb0.94Cu0.06Te2,1,No,Cu,0.06,Sb,,Cu (0.06) @ Sb site,ZT,1.2,dimensionless,473,K,figure,Fig. 8,Visually estimated from Fig. 8
am4c05873.pdf,10.1021/acsami.4c05873,AgSbTe2,AgSbTe2,AgSbTe2,0,No,,,,,,electrical conductivity,15000,S/m,room temperature,,body text,Page 3,
am4c05873.pdf,10.1021/acsami.4c05873,AgSbTe2,AgSbTe2,AgSbTe2,0,No,,,,,,electrical conductivity,29000,S/m,573,K,body text,Page 3,
am4c05873.pdf,10.1021/acsami.4c05873,AgSbTe2,AgSb0.98Mg0.02Te2,AgSb0.98Mg0.02Te2,1,No,Mg,0.02,Sb,,Mg (0.02) @ Sb site,carrier mobility,45.5,cm2 V-1 S-1,room temperature,,body text,Page 4,
am4c05873.pdf,10.1021/acsami.4c05873,AgSbTe2,AgSb0.96Mg0.02Ti0.02Te2,AgSb0.96Mg0.02Ti0.02Te2,2,Yes,Mg,0.02,Sb,Ti (0.02) @ Sb,Mg (0.02) @ Sb site; Ti (0.02) @ Sb site,power factor,15,μW/(cm K2),523,K,body text,Page 2,
am4c05873.pdf,10.1021/acsami.4c05873,AgSbTe2,AgSb0.96Mg0.02Ti0.02Te2,AgSb0.96Mg0.02Ti0.02Te2,2,Yes,Mg,0.02,Sb,Ti (0.02) @ Sb,Mg (0.02) @ Sb site; Ti (0.02) @ Sb site,lattice thermal conductivity,0.33,W/(m K),523,K,body text,Page 2,
am4c05873.pdf,10.1021/acsami.4c05873,AgSbTe2,AgSb0.96Mg0.02Ti0.02Te2,AgSb0.96Mg0.02Ti0.02Te2,2,Yes,Mg,0.02,Sb,Ti (0.02) @ Sb,Mg (0.02) @ Sb site; Ti (0.02) @ Sb site,ZT,1.45,dimensionless,573,K,body text,Page 2,
am4c05873.pdf,10.1021/acsami.4c05873,AgSbTe2,AgSb0.96Mg0.02Ti0.02Te2,AgSb0.96Mg0.02Ti0.02Te2,2,Yes,Mg,0.02,Sb,Ti (0.02) @ Sb,Mg (0.02) @ Sb site; Ti (0.02) @ Sb site,total thermal conductivity,0.58,W/(m K),room temperature,,body text,Page 6,
am4c05873.pdf,10.1021/acsami.4c05873,AgSbTe2,AgSb0.96Mg0.02Ti0.02Te2,AgSb0.96Mg0.02Ti0.02Te2,2,Yes,Mg,0.02,Sb,Ti (0.02) @ Sb,Mg (0.02) @ Sb site; Ti (0.02) @ Sb site,total thermal conductivity,0.76,W/(m K),573,K,body text,Page 6,
am4c05873.pdf,10.1021/acsami.4c05873,AgSbTe2,AgSb0.94Mg0.02Ti0.04Te2,AgSb0.94Mg0.02Ti0.04Te2,2,Yes,Mg,0.02,Sb,Ti (0.04) @ Sb,Mg (0.02) @ Sb site; Ti (0.04) @ Sb site,carrier mobility,45.5,cm2 V-1 S-1,room temperature,,body text,Page 4,
am4c05873.pdf,10.1021/acsami.4c05873,AgSbTe2,AgSbTe2 (AST),AgSbTe2,0,No,,,,,,electrical conductivity,15000,S/m,300,K,body text,,
am4c05873.pdf,10.1021/acsami.4c05873,AgSbTe2,AgSbTe2 (AST),AgSbTe2,0,No,,,,,,electrical conductivity,29000,S/m,573,K,body text,,
am4c05873.pdf,10.1021/acsami.4c05873,AgSbTe2,Ag0.98-xMg0.02TixTe2 (x=0.03),Ag0.95Mg0.02Ti0.03Te2,2,Yes,Mg,0.02,unclear,Ti (0.03) @ unclear,Mg (0.02) @ unclear site; Ti (0.03) @ unclear site,electrical conductivity,25000,S/m,523,K,body text,,
am4c05873.pdf,10.1021/acsami.4c05873,AgSbTe2,Ag0.98-xMg0.02TixTe2 (x=0.03),Ag0.95Mg0.02Ti0.03Te2,2,Yes,Mg,0.02,unclear,Ti (0.03) @ unclear,Mg (0.02) @ unclear site; Ti (0.03) @ unclear site,electrical conductivity,32000,S/m,573,K,body text,,
am4c05873.pdf,10.1021/acsami.4c05873,AgSbTe2,Ag0.96Mg0.02Ti0.02Te2,Ag0.96Mg0.02Ti0.02Te2,2,Yes,Mg,0.02,unclear,Ti (0.02) @ unclear,Mg (0.02) @ unclear site; Ti (0.02) @ unclear site,power factor,15,uW/(cm K^2),523,K,body text,,
am4c05873.pdf,10.1021/acsami.4c05873,AgSbTe2,Ag0.96Mg0.02Ti0.02Te2,Ag0.96Mg0.02Ti0.02Te2,2,Yes,Mg,0.02,unclear,Ti (0.02) @ unclear,Mg (0.02) @ unclear site; Ti (0.02) @ unclear site,thermal conductivity,0.33,W/(m K),523,K,body text,,
am4c05873.pdf,10.1021/acsami.4c05873,AgSbTe2,Ag0.96Mg0.02Ti0.02Te2,Ag0.96Mg0.02Ti0.02Te2,2,Yes,Mg,0.02,unclear,Ti (0.02) @ unclear,Mg (0.02) @ unclear site; Ti (0.02) @ unclear site,ZT,1.45,dimensionless,573,K,body text,,
am4c05873.pdf,10.1021/acsami.4c05873,AgSbTe2,AgSbTe2,AgSbTe2,0,No,,,,,,ZT,0.6,dimensionless,323,K,figure,Fig. 7,Visually estimated from Fig. 7
am4c05873.pdf,10.1021/acsami.4c05873,AgSbTe2,AgSbTe2,AgSbTe2,0,No,,,,,,ZT,0.8,dimensionless,423,K,figure,Fig. 7,Visually estimated from Fig. 7
am4c05873.pdf,10.1021/acsami.4c05873,AgSbTe2,AgSbTe2,AgSbTe2,0,No,,,,,,ZT,0.9,dimensionless,523,K,figure,Fig. 7,Visually estimated from Fig. 7
am4c05873.pdf,10.1021/acsami.4c05873,AgSbTe2,Ag0.98-xMg0.02TixTe2 (x=0.01),Ag0.97Mg0.02Ti0.01Te2,2,Yes,Mg,0.02,unclear,Ti (0.01) @ unclear,Mg (0.02) @ unclear site; Ti (0.01) @ unclear site,ZT,0.7,dimensionless,323,K,figure,Fig. 7,Visually estimated from Fig. 7
am4c05873.pdf,10.1021/acsami.4c05873,AgSbTe2,Ag0.98-xMg0.02TixTe2 (x=0.01),Ag0.97Mg0.02Ti0.01Te2,2,Yes,Mg,0.02,unclear,Ti (0.01) @ unclear,Mg (0.02) @ unclear site; Ti (0.01) @ unclear site,ZT,1.1,dimensionless,423,K,figure,Fig. 7,Visually estimated from Fig. 7
am4c05873.pdf,10.1021/acsami.4c05873,AgSbTe2,Ag0.98-xMg0.02TixTe2 (x=0.01),Ag0.97Mg0.02Ti0.01Te2,2,Yes,Mg,0.02,unclear,Ti (0.01) @ unclear,Mg (0.02) @ unclear site; Ti (0.01) @ unclear site,ZT,1.2,dimensionless,523,K,figure,Fig. 7,Visually estimated from Fig. 7
am4c05873.pdf,10.1021/acsami.4c05873,AgSbTe2,Ag0.98-xMg0.02TixTe2 (x=0.02),Ag0.96Mg0.02Ti0.02Te2,2,Yes,Mg,0.02,unclear,Ti (0.02) @ unclear,Mg (0.02) @ unclear site; Ti (0.02) @ unclear site,ZT,0.75,dimensionless,323,K,figure,Fig. 7,Visually estimated from Fig. 7
am4c05873.pdf,10.1021/acsami.4c05873,AgSbTe2,Ag0.98-xMg0.02TixTe2 (x=0.02),Ag0.96Mg0.02Ti0.02Te2,2,Yes,Mg,0.02,unclear,Ti (0.02) @ unclear,Mg (0.02) @ unclear site; Ti (0.02) @ unclear site,ZT,1.2,dimensionless,423,K,figure,Fig. 7,Visually estimated from Fig. 7
am4c05873.pdf,10.1021/acsami.4c05873,AgSbTe2,Ag0.98-xMg0.02TixTe2 (x=0.02),Ag0.96Mg0.02Ti0.02Te2,2,Yes,Mg,0.02,unclear,Ti (0.02) @ unclear,Mg (0.02) @ unclear site; Ti (0.02) @ unclear site,ZT,1.45,dimensionless,523,K,figure,Fig. 7,Visually estimated from Fig. 7
am4c05873.pdf,10.1021/acsami.4c05873,AgSbTe2,Ag0.98-xMg0.02TixTe2 (x=0.03),Ag0.95Mg0.02Ti0.03Te2,2,Yes,Mg,0.02,unclear,Ti (0.03) @ unclear,Mg (0.02) @ unclear site; Ti (0.03) @ unclear site,ZT,0.7,dimensionless,323,K,figure,Fig. 7,Visually estimated from Fig. 7
am4c05873.pdf,10.1021/acsami.4c05873,AgSbTe2,Ag0.98-xMg0.02TixTe2 (x=0.03),Ag0.95Mg0.02Ti0.03Te2,2,Yes,Mg,0.02,unclear,Ti (0.03) @ unclear,Mg (0.02) @ unclear site; Ti (0.03) @ unclear site,ZT,1.1,dimensionless,423,K,figure,Fig. 7,Visually estimated from Fig. 7
am4c05873.pdf,10.1021/acsami.4c05873,AgSbTe2,Ag0.98-xMg0.02TixTe2 (x=0.03),Ag0.95Mg0.02Ti0.03Te2,2,Yes,Mg,0.02,unclear,Ti (0.03) @ unclear,Mg (0.02) @ unclear site; Ti (0.03) @ unclear site,ZT,1.3,dimensionless,523,K,figure,Fig. 7,Visually estimated from Fig. 7
am4c05873.pdf,10.1021/acsami.4c05873,AgSbTe2,Ag0.98-xMg0.02TixTe2 (x=0.04),Ag0.94Mg0.02Ti0.04Te2,2,Yes,Mg,0.02,unclear,Ti (0.04) @ unclear,Mg (0.02) @ unclear site; Ti (0.04) @ unclear site,ZT,0.65,dimensionless,323,K,figure,Fig. 7,Visually estimated from Fig. 7
am4c05873.pdf,10.1021/acsami.4c05873,AgSbTe2,Ag0.98-xMg0.02TixTe2 (x=0.04),Ag0.94Mg0.02Ti0.04Te2,2,Yes,Mg,0.02,unclear,Ti (0.04) @ unclear,Mg (0.02) @ unclear site; Ti (0.04) @ unclear site,ZT,1.0,dimensionless,423,K,figure,Fig. 7,Visually estimated from Fig. 7
am4c05873.pdf,10.1021/acsami.4c05873,AgSbTe2,Ag0.98-xMg0.02TixTe2 (x=0.04),Ag0.94Mg0.02Ti0.04Te2,2,Yes,Mg,0.02,unclear,Ti (0.04) @ unclear,Mg (0.02) @ unclear site; Ti (0.04) @ unclear site,ZT,1.15,dimensionless,523,K,figure,Fig. 7,Visually estimated from Fig. 7
am4c06836.pdf,10.1021/acsami.4c06836,AgSbTe2,Ag0.85Sn0.15Sb0.85Ge0.15Te2,Ag0.85Sn0.15Sb0.85Ge0.15Te2,2,Yes,Sn,0.15,Ag,Ge (0.15) @ Sb,Sn (0.15) @ Ag site; Ge (0.15) @ Sb site,power factor,10.8,μW cm-1 K-2,757,K,body text,Abstract and Section 3,
am4c06836.pdf,10.1021/acsami.4c06836,AgSbTe2,Ag0.85Sn0.15Sb0.85Ge0.15Te2,Ag0.85Sn0.15Sb0.85Ge0.15Te2,2,Yes,Sn,0.15,Ag,Ge (0.15) @ Sb,Sn (0.15) @ Ag site; Ge (0.15) @ Sb site,ZT,1.5,dimensionless,757,K,body text,Abstract and Section 3,
am4c06836.pdf,10.1021/acsami.4c06836,AgSbTe2,Ag0.85Sn0.15Sb0.85Ge0.15Te2,Ag0.85Sn0.15Sb0.85Ge0.15Te2,2,Yes,Sn,0.15,Ag,Ge (0.15) @ Sb,Sn (0.15) @ Ag site; Ge (0.15) @ Sb site,lattice thermal conductivity,0.28,W m-1 K-1,757,K,body text,Section 3,
am4c06836.pdf,10.1021/acsami.4c06836,AgSbTe2,"x=0, y=0",AgSbTe2,0,No,,,,,,electrical conductivity,1.5,10^4 S m^-1,300,K,figure,Fig. 5a,Visually estimated from Fig. 5a
am4c06836.pdf,10.1021/acsami.4c06836,AgSbTe2,"x=0, y=0",AgSbTe2,0,No,,,,,,Seebeck coefficient,100,uV K^-1,300,K,figure,Fig. 5b,Visually estimated from Fig. 5b
am4c06836.pdf,10.1021/acsami.4c06836,AgSbTe2,"x=0, y=0",AgSbTe2,0,No,,,,,,power factor,1.5,10^-4 W m^-1 K^-2,300,K,figure,Fig. 5c,Visually estimated from Fig. 5c
am4c06836.pdf,10.1021/acsami.4c06836,AgSbTe2,"x=0.15, y=0.15",Ag0.85Sn0.15Sb0.85Ge0.15Te2,2,Yes,Sn,0.15,Ag,Ge (0.15) @ Sb,Sn (0.15) @ Ag site; Ge (0.15) @ Sb site,electrical conductivity,4.5,10^4 S m^-1,750,K,figure,Fig. 5a,Visually estimated from Fig. 5a
am4c06836.pdf,10.1021/acsami.4c06836,AgSbTe2,"x=0.15, y=0.15",Ag0.85Sn0.15Sb0.85Ge0.15Te2,2,Yes,Sn,0.15,Ag,Ge (0.15) @ Sb,Sn (0.15) @ Ag site; Ge (0.15) @ Sb site,Seebeck coefficient,150,uV K^-1,750,K,figure,Fig. 5b,Visually estimated from Fig. 5b
am4c06836.pdf,10.1021/acsami.4c06836,AgSbTe2,"x=0.15, y=0.15",Ag0.85Sn0.15Sb0.85Ge0.15Te2,2,Yes,Sn,0.15,Ag,Ge (0.15) @ Sb,Sn (0.15) @ Ag site; Ge (0.15) @ Sb site,power factor,10.8,uW cm^-1 K^-2,757,K,figure,Fig. 5c,Visually estimated from Fig. 5c
am4c06836.pdf,10.1021/acsami.4c06836,AgSbTe2,"Ag(1-x)SnxSb(1-y)GeyTe2 (x=0, y=0)",AgSbTe2,0,No,,,,,,lattice thermal conductivity,0.65,W/mK,300,K,figure,Fig. 7a,Visually estimated from Fig. 7a
am4c06836.pdf,10.1021/acsami.4c06836,AgSbTe2,"Ag(1-x)SnxSb(1-y)GeyTe2 (x=0, y=0)",AgSbTe2,0,No,,,,,,lattice thermal conductivity,0.35,W/mK,750,K,figure,Fig. 7a,Visually estimated from Fig. 7a
am4c06836.pdf,10.1021/acsami.4c06836,AgSbTe2,"Ag(1-x)SnxSb(1-y)GeyTe2 (x=0, y=0)",AgSbTe2,0,No,,,,,,ZT,0.15,dimensionless,300,K,figure,Fig. 7c,Visually estimated from Fig. 7c
am4c06836.pdf,10.1021/acsami.4c06836,AgSbTe2,"Ag(1-x)SnxSb(1-y)GeyTe2 (x=0, y=0)",AgSbTe2,0,No,,,,,,ZT,1.1,dimensionless,750,K,figure,Fig. 7c,Visually estimated from Fig. 7c
am4c06836.pdf,10.1021/acsami.4c06836,AgSbTe2,"Ag(1-x)SnxSb(1-y)GeyTe2 (x=0.15, y=0.15)",Ag0.85Sn0.15Sb0.85Ge0.15Te2,2,Yes,Sn,0.15,Ag,Ge (0.15) @ Sb,Sn (0.15) @ Ag site; Ge (0.15) @ Sb site,lattice thermal conductivity,0.45,W/mK,300,K,figure,Fig. 7a,Visually estimated from Fig. 7a
am4c06836.pdf,10.1021/acsami.4c06836,AgSbTe2,"Ag(1-x)SnxSb(1-y)GeyTe2 (x=0.15, y=0.15)",Ag0.85Sn0.15Sb0.85Ge0.15Te2,2,Yes,Sn,0.15,Ag,Ge (0.15) @ Sb,Sn (0.15) @ Ag site; Ge (0.15) @ Sb site,lattice thermal conductivity,0.28,W/mK,757,K,figure,Fig. 7a,Visually estimated from Fig. 7a
am4c06836.pdf,10.1021/acsami.4c06836,AgSbTe2,"Ag(1-x)SnxSb(1-y)GeyTe2 (x=0.15, y=0.15)",Ag0.85Sn0.15Sb0.85Ge0.15Te2,2,Yes,Sn,0.15,Ag,Ge (0.15) @ Sb,Sn (0.15) @ Ag site; Ge (0.15) @ Sb site,ZT,0.3,dimensionless,300,K,figure,Fig. 7c,Visually estimated from Fig. 7c
am4c06836.pdf,10.1021/acsami.4c06836,AgSbTe2,"Ag(1-x)SnxSb(1-y)GeyTe2 (x=0.15, y=0.15)",Ag0.85Sn0.15Sb0.85Ge0.15Te2,2,Yes,Sn,0.15,Ag,Ge (0.15) @ Sb,Sn (0.15) @ Ag site; Ge (0.15) @ Sb site,ZT,1.5,dimensionless,757,K,figure,Fig. 7c,Visually estimated from Fig. 7c
am7b00689.pdf,10.1021/acsami.7b00689,Ag16.7Sb30Te53.3,AQ,Ag16.7Sb30Te53.3,0,No,,,,,,thermal conductivity,0.5,W·m−1·K−1,room temperature,,text,Section 3.1,
am7b00689.pdf,10.1021/acsami.7b00689,Ag16.7Sb30Te53.3,AQ,Ag16.7Sb30Te53.3,0,No,,,,,,Seebeck coefficient,260,μV K−1,room temperature,,text,Section 3.1,
am7b00689.pdf,10.1021/acsami.7b00689,Ag16.7Sb30Te53.3,380 °C/8 h,Ag16.7Sb30Te53.3,0,No,,,,,,thermal conductivity,0.7,W·m−1·K−1,room temperature,,text,Section 3.1,
am7b00689.pdf,10.1021/acsami.7b00689,Ag16.7Sb30Te53.3,380 °C/8 h,Ag16.7Sb30Te53.3,0,No,,,,,,Seebeck coefficient,150,μV K−1,room temperature,,text,Section 3.1,
am7b00689.pdf,10.1021/acsami.7b00689,Ag16.7Sb30Te53.3,380 °C/192 h,Ag16.7Sb30Te53.3,0,No,,,,,,thermal conductivity,0.6,W·m−1·K−1,room temperature,,text,Section 3.1,
am7b00689.pdf,10.1021/acsami.7b00689,Ag16.7Sb30Te53.3,380 °C/192 h,Ag16.7Sb30Te53.3,0,No,,,,,,Seebeck coefficient,150,μV K−1,room temperature,,text,Section 3.1,
am7b00689.pdf,10.1021/acsami.7b00689,Ag16.7Sb30Te53.3,AQ,Ag16.7Sb30Te53.3,0,No,,,,,,thermal conductivity,0.5,W m-1 K-1,25,C,figure,Figure 1a,Visually estimated from Figure 1a
am7b00689.pdf,10.1021/acsami.7b00689,Ag16.7Sb30Te53.3,AQ,Ag16.7Sb30Te53.3,0,No,,,,,,electrical conductivity,50,S/cm,25,C,figure,Figure 1b,Visually estimated from Figure 1b
am7b00689.pdf,10.1021/acsami.7b00689,Ag16.7Sb30Te53.3,AQ,Ag16.7Sb30Te53.3,0,No,,,,,,Seebeck coefficient,260,uV/K,25,C,figure,Figure 1c,Visually estimated from Figure 1c
am7b00689.pdf,10.1021/acsami.7b00689,Ag16.7Sb30Te53.3,380 C/8 h,Ag16.7Sb30Te53.3,0,No,,,,,,thermal conductivity,0.7,W m-1 K-1,25,C,figure,Figure 1a,Visually estimated from Figure 1a
am7b00689.pdf,10.1021/acsami.7b00689,Ag16.7Sb30Te53.3,380 C/8 h,Ag16.7Sb30Te53.3,0,No,,,,,,electrical conductivity,220,S/cm,25,C,figure,Figure 1b,Visually estimated from Figure 1b
am7b00689.pdf,10.1021/acsami.7b00689,Ag16.7Sb30Te53.3,380 C/8 h,Ag16.7Sb30Te53.3,0,No,,,,,,Seebeck coefficient,150,uV/K,25,C,figure,Figure 1c,Visually estimated from Figure 1c
am7b00689.pdf,10.1021/acsami.7b00689,Ag16.7Sb30Te53.3,380 C/192 h,Ag16.7Sb30Te53.3,0,No,,,,,,thermal conductivity,0.6,W m-1 K-1,25,C,figure,Figure 1a,Visually estimated from Figure 1a
am7b00689.pdf,10.1021/acsami.7b00689,Ag16.7Sb30Te53.3,380 C/192 h,Ag16.7Sb30Te53.3,0,No,,,,,,electrical conductivity,80,S/cm,25,C,figure,Figure 1b,Visually estimated from Figure 1b
am7b00689.pdf,10.1021/acsami.7b00689,Ag16.7Sb30Te53.3,380 C/192 h,Ag16.7Sb30Te53.3,0,No,,,,,,Seebeck coefficient,150,uV/K,25,C,figure,Figure 1c,Visually estimated from Figure 1c
am7b00689.pdf,10.1021/acsami.7b00689,Ag16.7Sb30Te53.3,AQ,AgSbTe2,0,No,,,,,,ZT,0.22,dimensionless,50,°C,figure,Figure 10,Visually estimated from Figure 10
am7b00689.pdf,10.1021/acsami.7b00689,Ag16.7Sb30Te53.3,AQ,AgSbTe2,0,No,,,,,,ZT,0.28,dimensionless,100,°C,figure,Figure 10,Visually estimated from Figure 10
am7b00689.pdf,10.1021/acsami.7b00689,Ag16.7Sb30Te53.3,AQ,AgSbTe2,0,No,,,,,,ZT,0.33,dimensionless,150,°C,figure,Figure 10,Visually estimated from Figure 10
am7b00689.pdf,10.1021/acsami.7b00689,Ag16.7Sb30Te53.3,AQ,AgSbTe2,0,No,,,,,,ZT,0.38,dimensionless,200,°C,figure,Figure 10,Visually estimated from Figure 10
am7b00689.pdf,10.1021/acsami.7b00689,Ag16.7Sb30Te53.3,AQ,AgSbTe2,0,No,,,,,,ZT,0.39,dimensionless,250,°C,figure,Figure 10,Visually estimated from Figure 10
am7b00689.pdf,10.1021/acsami.7b00689,Ag16.7Sb30Te53.3,380 °C/8 h,AgSbTe2,0,No,,,,,,ZT,0.19,dimensionless,50,°C,figure,Figure 10,Visually estimated from Figure 10
am7b00689.pdf,10.1021/acsami.7b00689,Ag16.7Sb30Te53.3,380 °C/8 h,AgSbTe2,0,No,,,,,,ZT,0.24,dimensionless,100,°C,figure,Figure 10,Visually estimated from Figure 10
am7b00689.pdf,10.1021/acsami.7b00689,Ag16.7Sb30Te53.3,380 °C/8 h,AgSbTe2,0,No,,,,,,ZT,0.31,dimensionless,150,°C,figure,Figure 10,Visually estimated from Figure 10
am7b00689.pdf,10.1021/acsami.7b00689,Ag16.7Sb30Te53.3,380 °C/8 h,AgSbTe2,0,No,,,,,,ZT,0.37,dimensionless,200,°C,figure,Figure 10,Visually estimated from Figure 10
am7b00689.pdf,10.1021/acsami.7b00689,Ag16.7Sb30Te53.3,380 °C/8 h,AgSbTe2,0,No,,,,,,ZT,0.46,dimensionless,250,°C,figure,Figure 10,Visually estimated from Figure 10
am7b00689.pdf,10.1021/acsami.7b00689,Ag16.7Sb30Te53.3,380 °C/8 h,AgSbTe2,0,No,,,,,,ZT,0.47,dimensionless,300,°C,figure,Figure 10,Visually estimated from Figure 10
am7b00689.pdf,10.1021/acsami.7b00689,Ag16.7Sb30Te53.3,380 °C/192 h,AgSbTe2,0,No,,,,,,ZT,0.09,dimensionless,50,°C,figure,Figure 10,Visually estimated from Figure 10
am7b00689.pdf,10.1021/acsami.7b00689,Ag16.7Sb30Te53.3,380 °C/192 h,AgSbTe2,0,No,,,,,,ZT,0.12,dimensionless,100,°C,figure,Figure 10,Visually estimated from Figure 10
am7b00689.pdf,10.1021/acsami.7b00689,Ag16.7Sb30Te53.3,380 °C/192 h,AgSbTe2,0,No,,,,,,ZT,0.15,dimensionless,150,°C,figure,Figure 10,Visually estimated from Figure 10
am7b00689.pdf,10.1021/acsami.7b00689,Ag16.7Sb30Te53.3,380 °C/192 h,AgSbTe2,0,No,,,,,,ZT,0.19,dimensionless,200,°C,figure,Figure 10,Visually estimated from Figure 10
am7b00689.pdf,10.1021/acsami.7b00689,Ag16.7Sb30Te53.3,380 °C/192 h,AgSbTe2,0,No,,,,,,ZT,0.28,dimensionless,250,°C,figure,Figure 10,Visually estimated from Figure 10
am7b00689.pdf,10.1021/acsami.7b00689,Ag16.7Sb30Te53.3,380 °C/192 h,AgSbTe2,0,No,,,,,,ZT,0.35,dimensionless,300,°C,figure,Figure 10,Visually estimated from Figure 10
applsci-08-00052-v2.pdf,10.3390/app8010052,Ag1-xSb1+xTe2+x,x=0.4,Ag0.6Sb1.4Te2.4,0,No,,,,,,electrical conductivity,> 10^5,S/m,RT,,body text,Section 3.3,
applsci-08-00052-v2.pdf,10.3390/app8010052,Ag1-xSb1+xTe2+x,x=0.3,Ag0.7Sb1.3Te2.3,0,No,,,,,,electrical conductivity,> 10^5,S/m,RT,,body text,Section 3.3,
applsci-08-00052-v2.pdf,10.3390/app8010052,Ag1-xSb1+xTe2+x,x=0.19,Ag0.81Sb1.19Te2.19,0,No,,,,,,electrical conductivity,5.5*10^3 - 8*10^3,S/m,300-610,K,body text,Section 3.4,
applsci-08-00052-v2.pdf,10.3390/app8010052,Ag1-xSb1+xTe2+x,x=0.19,Ag0.81Sb1.19Te2.19,0,No,,,,,,Seebeck coefficient,220-280,µV/K,300-610,K,body text,Section 3.4,
applsci-08-00052-v2.pdf,10.3390/app8010052,Ag1-xSb1+xTe2+x,x=0.19,Ag0.81Sb1.19Te2.19,0,No,,,,,,thermal conductivity,0.55-0.65,W/m*K,300-610,K,body text,Section 3.4,
applsci-08-00052-v2.pdf,10.3390/app8010052,Ag1-xSb1+xTe2+x,x=0.19,Ag0.81Sb1.19Te2.19,0,No,,,,,,ZT,0.4,dimensionless,550,K,body text,Section 3.4,
applsci-08-00052-v2.pdf,10.3390/app8010052,Ag1-xSb1+xTe2+x,x=0.1,Ag0.9Sb1.1Te2.1,0,No,,,,,,ZT,1.2,dimensionless,610,K,body text,Abstract,
applsci-08-00052-v2.pdf,10.3390/app8010052,Ag1-xSb1+xTe2+x,x=0.17,Ag0.83Sb1.17Te2.17,0,No,,,,,,ZT,1.1,dimensionless,610,K,body text,Section 3.3,
applsci-08-00052-v2.pdf,10.3390/app8010052,Ag1-xSb1+xTe2+x,"x=0.4, slowly cooled",Ag0.6Sb1.4Te2.4,1,No,Sb,x=0.4,Ag,,Sb (x=0.4) @ Ag site,electrical conductivity,1.4e5,S/m,300,K,figure,Fig. 5a,Visually estimated from Fig. 5a
applsci-08-00052-v2.pdf,10.3390/app8010052,Ag1-xSb1+xTe2+x,"x=0.4, slowly cooled",Ag0.6Sb1.4Te2.4,1,No,Sb,x=0.4,Ag,,Sb (x=0.4) @ Ag site,Seebeck coefficient,50,uV/K,300,K,figure,Fig. 5b,Visually estimated from Fig. 5b
applsci-08-00052-v2.pdf,10.3390/app8010052,Ag1-xSb1+xTe2+x,"x=0.4, slowly cooled",Ag0.6Sb1.4Te2.4,1,No,Sb,x=0.4,Ag,,Sb (x=0.4) @ Ag site,thermal conductivity,1.2,W/mK,300,K,figure,Fig. 7a,Visually estimated from Fig. 7a
applsci-08-00052-v2.pdf,10.3390/app8010052,Ag1-xSb1+xTe2+x,"x=0.1, slowly cooled",Ag0.9Sb1.1Te2.1,1,No,Sb,x=0.1,Ag,,Sb (x=0.1) @ Ag site,electrical conductivity,1.0e4,S/m,300,K,figure,Fig. 5a,Visually estimated from Fig. 5a
applsci-08-00052-v2.pdf,10.3390/app8010052,Ag1-xSb1+xTe2+x,"x=0.1, slowly cooled",Ag0.9Sb1.1Te2.1,1,No,Sb,x=0.1,Ag,,Sb (x=0.1) @ Ag site,Seebeck coefficient,250,uV/K,300,K,figure,Fig. 5b,Visually estimated from Fig. 5b
applsci-08-00052-v2.pdf,10.3390/app8010052,Ag1-xSb1+xTe2+x,"x=0.1, slowly cooled",Ag0.9Sb1.1Te2.1,1,No,Sb,x=0.1,Ag,,Sb (x=0.1) @ Ag site,thermal conductivity,0.6,W/mK,300,K,figure,Fig. 7a,Visually estimated from Fig. 7a
applsci-08-00052-v2.pdf,10.3390/app8010052,Ag1-xSb1+xTe2+x,"x=0.1, slowly cooled",Ag0.9Sb1.1Te2.1,1,No,Sb,x=0.1,Ag,,Sb (x=0.1) @ Ag site,ZT,1.2,dimensionless,610,K,text,Section 3.3,
applsci-08-00052-v2.pdf,10.3390/app8010052,Ag1-xSb1+xTe2+x,"Ag1-xSb1+xTe2+x, x=0.19 (quenched)",Ag0.81Sb1.19Te2.19,0,No,,,,,,electrical conductivity,5500,S/m,300,K,figure,Figure 10a,Visually estimated from Figure 10a
applsci-08-00052-v2.pdf,10.3390/app8010052,Ag1-xSb1+xTe2+x,"Ag1-xSb1+xTe2+x, x=0.19 (quenched)",Ag0.81Sb1.19Te2.19,0,No,,,,,,electrical conductivity,8000,S/m,600,K,figure,Figure 10a,Visually estimated from Figure 10a
applsci-08-00052-v2.pdf,10.3390/app8010052,Ag1-xSb1+xTe2+x,"Ag1-xSb1+xTe2+x, x=0.19 (quenched)",Ag0.81Sb1.19Te2.19,0,No,,,,,,Seebeck coefficient,220,uV/K,300,K,figure,Figure 10a,Visually estimated from Figure 10a
applsci-08-00052-v2.pdf,10.3390/app8010052,Ag1-xSb1+xTe2+x,"Ag1-xSb1+xTe2+x, x=0.19 (quenched)",Ag0.81Sb1.19Te2.19,0,No,,,,,,Seebeck coefficient,280,uV/K,450,K,figure,Figure 10a,Visually estimated from Figure 10a
applsci-08-00052-v2.pdf,10.3390/app8010052,Ag1-xSb1+xTe2+x,"Ag1-xSb1+xTe2+x, x=0.19 (quenched)",Ag0.81Sb1.19Te2.19,0,No,,,,,,thermal conductivity,0.55,W/mK,300,K,figure,Figure 10b,Visually estimated from Figure 10b
applsci-08-00052-v2.pdf,10.3390/app8010052,Ag1-xSb1+xTe2+x,"Ag1-xSb1+xTe2+x, x=0.19 (quenched)",Ag0.81Sb1.19Te2.19,0,No,,,,,,thermal conductivity,0.65,W/mK,600,K,figure,Figure 10b,Visually estimated from Figure 10b
applsci-08-00052-v2.pdf,10.3390/app8010052,Ag1-xSb1+xTe2+x,"Ag1-xSb1+xTe2+x, x=0.19 (quenched)",Ag0.81Sb1.19Te2.19,0,No,,,,,,ZT,0.35,dimensionless,300,K,figure,Figure 8,Visually estimated from Figure 8 (green squares)
applsci-08-00052-v2.pdf,10.3390/app8010052,Ag1-xSb1+xTe2+x,"Ag1-xSb1+xTe2+x, x=0.19 (quenched)",Ag0.81Sb1.19Te2.19,0,No,,,,,,ZT,0.4,dimensionless,550,K,figure,Figure 8,Visually estimated from Figure 8 (green squares)
c0jm00138d.pdf,10.1039/c0jm00138d,AgSbTe2,x=44,(Ag2Te)0.44(Sb2Te3)0.56,0,No,,,,,,ZT,1.55,dimensionless,533,K,text,Fig. 8(b) and text,The value 1.55 at 533 K is specifically for x=50; the text notes ZT for all samples (x=44-54) reaches maximum at near 550 K.
c0jm00138d.pdf,10.1039/c0jm00138d,AgSbTe2,x=46,(Ag2Te)0.46(Sb2Te3)0.54,0,No,,,,,,,,,,,,,
c0jm00138d.pdf,10.1039/c0jm00138d,AgSbTe2,x=48,(Ag2Te)0.48(Sb2Te3)0.52,0,No,,,,,,power factor,1.5,mW m-1 K-2,400-500,K,text,page 1 and page 5,
c0jm00138d.pdf,10.1039/c0jm00138d,AgSbTe2,x=50,AgSbTe2,0,No,,,,,,power factor,1.5,mW m-1 K-2,400-500,K,text,page 1 and page 5,
c0jm00138d.pdf,10.1039/c0jm00138d,AgSbTe2,x=50,AgSbTe2,0,No,,,,,,thermal conductivity,0.6,W m-1 K-1,400-500,K,text,page 1,
c0jm00138d.pdf,10.1039/c0jm00138d,AgSbTe2,x=50,AgSbTe2,0,No,,,,,,ZT,1.55,dimensionless,533,K,text,page 1 and page 5,
c0jm00138d.pdf,10.1039/c0jm00138d,AgSbTe2,x=50,AgSbTe2,0,No,,,,,,electrical conductivity,3*10^4,S m-1,room temperature,K,text,page 4,
c0jm00138d.pdf,10.1039/c0jm00138d,AgSbTe2,x=50,AgSbTe2,0,No,,,,,,Seebeck coefficient,240,mV K-1,room temperature,K,text,page 5,
c0jm00138d.pdf,10.1039/c0jm00138d,AgSbTe2,x=50,AgSbTe2,0,No,,,,,,thermal conductivity,0.61,W m-1 K-1,room temperature,K,text,page 5,
c0jm00138d.pdf,10.1039/c0jm00138d,AgSbTe2,x=52,(Ag2Te)0.52(Sb2Te3)0.48,0,No,,,,,,,,,,,,,
c0jm00138d.pdf,10.1039/c0jm00138d,AgSbTe2,x=54,(Ag2Te)0.54(Sb2Te3)0.46,0,No,,,,,,,,,,,,,
c0jm00138d.pdf,10.1039/c0jm00138d,AgSbTe2,"(Ag2Te)x(Sb2Te3)100-x, x=44",(Ag2Te)44(Sb2Te3)56,0,No,,,,,,electrical conductivity,3.2,10^4 Sm^-1,300,K,figure,Fig. 7a,Visually estimated from Fig. 7a
c0jm00138d.pdf,10.1039/c0jm00138d,AgSbTe2,"(Ag2Te)x(Sb2Te3)100-x, x=44",(Ag2Te)44(Sb2Te3)56,0,No,,,,,,Seebeck coefficient,200,uV K^-1,300,K,figure,Fig. 7b,Visually estimated from Fig. 7b
c0jm00138d.pdf,10.1039/c0jm00138d,AgSbTe2,"(Ag2Te)x(Sb2Te3)100-x, x=44",(Ag2Te)44(Sb2Te3)56,0,No,,,,,,power factor,1.2,mW m^-1 K^-2,300,K,figure,Fig. 7c,Visually estimated from Fig. 7c
c0jm00138d.pdf,10.1039/c0jm00138d,AgSbTe2,"(Ag2Te)x(Sb2Te3)100-x, x=44",(Ag2Te)44(Sb2Te3)56,0,No,,,,,,thermal conductivity,0.65,Wm^-1 K^-1,300,K,figure,Fig. 8a,Visually estimated from Fig. 8a
c0jm00138d.pdf,10.1039/c0jm00138d,AgSbTe2,"(Ag2Te)x(Sb2Te3)100-x, x=44",(Ag2Te)44(Sb2Te3)56,0,No,,,,,,ZT,0.6,dimensionless,300,K,figure,Fig. 8b,Visually estimated from Fig. 8b
c0jm00138d.pdf,10.1039/c0jm00138d,AgSbTe2,"(Ag2Te)x(Sb2Te3)100-x, x=50",(Ag2Te)50(Sb2Te3)50,0,No,,,,,,electrical conductivity,3.0,10^4 Sm^-1,300,K,figure,Fig. 7a,Visually estimated from Fig. 7a
c0jm00138d.pdf,10.1039/c0jm00138d,AgSbTe2,"(Ag2Te)x(Sb2Te3)100-x, x=50",(Ag2Te)50(Sb2Te3)50,0,No,,,,,,Seebeck coefficient,230,uV K^-1,300,K,figure,Fig. 7b,Visually estimated from Fig. 7b
c0jm00138d.pdf,10.1039/c0jm00138d,AgSbTe2,"(Ag2Te)x(Sb2Te3)100-x, x=50",(Ag2Te)50(Sb2Te3)50,0,No,,,,,,power factor,1.5,mW m^-1 K^-2,500,K,figure,Fig. 7c,Visually estimated from Fig. 7c
c0jm00138d.pdf,10.1039/c0jm00138d,AgSbTe2,"(Ag2Te)x(Sb2Te3)100-x, x=50",(Ag2Te)50(Sb2Te3)50,0,No,,,,,,thermal conductivity,0.6,Wm^-1 K^-1,300,K,figure,Fig. 8a,Visually estimated from Fig. 8a
c0jm00138d.pdf,10.1039/c0jm00138d,AgSbTe2,"(Ag2Te)x(Sb2Te3)100-x, x=50",(Ag2Te)50(Sb2Te3)50,0,No,,,,,,ZT,1.55,dimensionless,533,K,figure,Fig. 8b,Visually estimated from Fig. 8b
c2ee23391f.pdf,10.1039/c2ee23391f,AgSbTe2,Ag0.73Sb1.12Te2,Ag0.73Sb1.12Te2,2,Yes,Ag,0.73,Ag,Sb (1.12) @ Sb,Ag (0.73) @ Ag site; Sb (1.12) @ Sb site,thermal conductivity,0.54,W m-1 K-1,100,K,Table 1,,
c2ee23391f.pdf,10.1039/c2ee23391f,AgSbTe2,AgxNa1-xSbTe2,AgxNa1-xSbTe2,1,No,Na,1-x,Ag,,Na (1-x) @ Ag site,,,,,,,,
c2ee23391f.pdf,10.1039/c2ee23391f,AgSbTe2,Ag0.73Sb1.12Te2,Ag0.73Sb1.12Te2,2,Yes,Ag,0.73,Ag,Sb (1.12) @ Sb,Ag (0.73) @ Ag site; Sb (1.12) @ Sb site,thermal conductivity,0.45,W m-1 K-1,300,K,figure,Fig. 6a,Visually estimated from Fig. 6a
c2ee23391f.pdf,10.1039/c2ee23391f,AgSbTe2,Ag0.73Sb1.12Te2,Ag0.73Sb1.12Te2,2,Yes,Ag,0.73,Ag,Sb (1.12) @ Sb,Ag (0.73) @ Ag site; Sb (1.12) @ Sb site,thermal conductivity,0.65,W m-1 K-1,570,K,figure,Fig. 6a,Visually estimated from Fig. 6a
c2ee23391f.pdf,10.1039/c2ee23391f,AgSbTe2,Ag1-xNaxSbTe2,Ag1-xNaxSbTe2,1,No,Na,"x = 0.5, 0.8, 1",Ag,,"Na (x = 0.5, 0.8, 1) @ Ag site",thermal conductivity,0.5,W m-1 K-1,377,K,figure,Fig. 6b,Visually estimated from Fig. 6b
c8ta01393d.pdf,10.1039/c8ta01393d,GeSe-AgSbTe2,x=0.05,GeSeAg0.05Sb0.05Te0.1,3,Yes,Ag,5%,unclear,Sb (5%) @ unclear; Te (10%) @ unclear,Ag (5%) @ unclear site; Sb (5%) @ unclear site; Te (10%) @ unclear site,electrical conductivity,61213,S m-1,,,body text,,
c8ta01393d.pdf,10.1039/c8ta01393d,GeSe-AgSbTe2,x=0.05,GeSeAg0.05Sb0.05Te0.1,3,Yes,Ag,5%,unclear,Sb (5%) @ unclear; Te (10%) @ unclear,Ag (5%) @ unclear site; Sb (5%) @ unclear site; Te (10%) @ unclear site,Seebeck coefficient,94,mV K-1,301,K,body text,,
c8ta01393d.pdf,10.1039/c8ta01393d,GeSe-AgSbTe2,x=0.05,GeSeAg0.05Sb0.05Te0.1,3,Yes,Ag,5%,unclear,Sb (5%) @ unclear; Te (10%) @ unclear,Ag (5%) @ unclear site; Sb (5%) @ unclear site; Te (10%) @ unclear site,thermal conductivity,1.39,W m-1 K-1,301,K,body text,,
c8ta01393d.pdf,10.1039/c8ta01393d,GeSe-AgSbTe2,x=0.1,GeSeAg0.1Sb0.1Te0.2,3,Yes,Ag,10%,unclear,Sb (10%) @ unclear; Te (20%) @ unclear,Ag (10%) @ unclear site; Sb (10%) @ unclear site; Te (20%) @ unclear site,power factor,684,mW m-1 K-2,301,K,body text,,
c8ta01393d.pdf,10.1039/c8ta01393d,GeSe-AgSbTe2,x=0.15,GeSeAg0.15Sb0.15Te0.3,3,Yes,Ag,15%,unclear,Sb (15%) @ unclear; Te (30%) @ unclear,Ag (15%) @ unclear site; Sb (15%) @ unclear site; Te (30%) @ unclear site,,,,,,,,
c8ta01393d.pdf,10.1039/c8ta01393d,GeSe-AgSbTe2,x=0.2,GeSeAg0.2Sb0.2Te0.4,3,Yes,Ag,20%,unclear,Sb (20%) @ unclear; Te (40%) @ unclear,Ag (20%) @ unclear site; Sb (20%) @ unclear site; Te (40%) @ unclear site,lattice thermal conductivity,0.7,W m-1 K-1,754,K,body text,,
c8ta01393d.pdf,10.1039/c8ta01393d,GeSe-AgSbTe2,x=0.2,GeSeAg0.2Sb0.2Te0.4,3,Yes,Ag,20%,unclear,Sb (20%) @ unclear; Te (40%) @ unclear,Ag (20%) @ unclear site; Sb (20%) @ unclear site; Te (40%) @ unclear site,ZT,1.0,dimensionless,754,K,body text,,
c8ta01393d.pdf,10.1039/c8ta01393d,GeSe-AgSbTe2,x=0.2,GeSeAg0.2Sb0.2Te0.4,3,Yes,Ag,20%,unclear,Sb (20%) @ unclear; Te (40%) @ unclear,Ag (20%) @ unclear site; Sb (20%) @ unclear site; Te (40%) @ unclear site,electrical conductivity,16702,S m-1,301,K,body text,,
c8ta01393d.pdf,10.1039/c8ta01393d,GeSe-AgSbTe2,x=0.2,GeSeAg0.2Sb0.2Te0.4,3,Yes,Ag,20%,unclear,Sb (20%) @ unclear; Te (40%) @ unclear,Ag (20%) @ unclear site; Sb (20%) @ unclear site; Te (40%) @ unclear site,electrical conductivity,24169,S m-1,754,K,body text,,
c8ta01393d.pdf,10.1039/c8ta01393d,GeSe-AgSbTe2,x=0.2,GeSeAg0.2Sb0.2Te0.4,3,Yes,Ag,20%,unclear,Sb (20%) @ unclear; Te (40%) @ unclear,Ag (20%) @ unclear site; Sb (20%) @ unclear site; Te (40%) @ unclear site,Seebeck coefficient,177,mV K-1,301,K,body text,,
c8ta01393d.pdf,10.1039/c8ta01393d,GeSe-AgSbTe2,x=0.2,GeSeAg0.2Sb0.2Te0.4,3,Yes,Ag,20%,unclear,Sb (20%) @ unclear; Te (40%) @ unclear,Ag (20%) @ unclear site; Sb (20%) @ unclear site; Te (40%) @ unclear site,Seebeck coefficient,261,mV K-1,608,K,body text,,
c8ta01393d.pdf,10.1039/c8ta01393d,GeSe-AgSbTe2,x=0.2,GeSeAg0.2Sb0.2Te0.4,3,Yes,Ag,20%,unclear,Sb (20%) @ unclear; Te (40%) @ unclear,Ag (20%) @ unclear site; Sb (20%) @ unclear site; Te (40%) @ unclear site,Seebeck coefficient,231,mV K-1,754,K,body text,,
c8ta01393d.pdf,10.1039/c8ta01393d,GeSe-AgSbTe2,x=0.2,GeSeAg0.2Sb0.2Te0.4,3,Yes,Ag,20%,unclear,Sb (20%) @ unclear; Te (40%) @ unclear,Ag (20%) @ unclear site; Sb (20%) @ unclear site; Te (40%) @ unclear site,power factor,1440,mW m-1 K-2,659,K,body text,,
c8ta01393d.pdf,10.1039/c8ta01393d,GeSe-AgSbTe2,x=0.2,GeSeAg0.2Sb0.2Te0.4,3,Yes,Ag,20%,unclear,Sb (20%) @ unclear; Te (40%) @ unclear,Ag (20%) @ unclear site; Sb (20%) @ unclear site; Te (40%) @ unclear site,ZT,0.96,dimensionless,,,body text,,
c8ta01393d.pdf,10.1039/c8ta01393d,GeSe-AgSbTe2,GeSe-xAgSbTe2 (x=0.05),GeSe-0.05AgSbTe2,3,Yes,Ag,x=0.05,unclear,Sb (x=0.05) @ unclear; Te (x=0.05) @ unclear,Ag (x=0.05) @ unclear site; Sb (x=0.05) @ unclear site; Te (x=0.05) @ unclear site,ZT,0.6,dimensionless,750,K,figure,Fig. 5a,Visually estimated from Fig. 5a
c8ta01393d.pdf,10.1039/c8ta01393d,GeSe-AgSbTe2,GeSe-xAgSbTe2 (x=0.1),GeSe-0.1AgSbTe2,3,Yes,Ag,x=0.1,unclear,Sb (x=0.1) @ unclear; Te (x=0.1) @ unclear,Ag (x=0.1) @ unclear site; Sb (x=0.1) @ unclear site; Te (x=0.1) @ unclear site,ZT,0.8,dimensionless,750,K,figure,Fig. 5a,Visually estimated from Fig. 5a
c8ta01393d.pdf,10.1039/c8ta01393d,GeSe-AgSbTe2,GeSe-xAgSbTe2 (x=0.15),GeSe-0.15AgSbTe2,3,Yes,Ag,x=0.15,unclear,Sb (x=0.15) @ unclear; Te (x=0.15) @ unclear,Ag (x=0.15) @ unclear site; Sb (x=0.15) @ unclear site; Te (x=0.15) @ unclear site,ZT,0.9,dimensionless,750,K,figure,Fig. 5a,Visually estimated from Fig. 5a
c8ta01393d.pdf,10.1039/c8ta01393d,GeSe-AgSbTe2,GeSe-xAgSbTe2 (x=0.2),GeSe-0.2AgSbTe2,3,Yes,Ag,x=0.2,unclear,Sb (x=0.2) @ unclear; Te (x=0.2) @ unclear,Ag (x=0.2) @ unclear site; Sb (x=0.2) @ unclear site; Te (x=0.2) @ unclear site,ZT,0.95,dimensionless,750,K,figure,Fig. 5a,Visually estimated from Fig. 5a
cm101503y.pdf,10.1021/cm101503y,AgSbTe2,AgSbTe2 (x=0),AgSbTe2,0,No,,,,,,ZT,1.37,dimensionless,565,K,body text,,Value for undoped AgSbTe2 at 565 K is compared to Se-doped sample.
cm101503y.pdf,10.1021/cm101503y,AgSbTe2,AgSbSe0.01Te1.99 (x=0.01),AgSbSe0.01Te1.99,1,No,Se,x=0.01,Te,,Se (x=0.01) @ Te site,,,,,,,,
cm101503y.pdf,10.1021/cm101503y,AgSbTe2,AgSbSe0.02Te1.98 (x=0.02),AgSbSe0.02Te1.98,1,No,Se,x=0.02,Te,,Se (x=0.02) @ Te site,ZT,1.37,dimensionless,565,K,body text,,Highest figure of merit observed for this sample.
cm101503y.pdf,10.1021/cm101503y,AgSbTe2,AgSbSe0.04Te1.96 (x=0.04),AgSbSe0.04Te1.96,1,No,Se,x=0.04,Te,,Se (x=0.04) @ Te site,,,,,,,,
cm101503y.pdf,10.1021/cm101503y,AgSbTe2,x=0,AgSbTe2,0,No,,,,,,electrical conductivity,1.5,10^4 S/m,300,K,figure,Fig. 5a,Visually estimated from Fig. 5a
cm101503y.pdf,10.1021/cm101503y,AgSbTe2,x=0,AgSbTe2,0,No,,,,,,electrical conductivity,1.2,10^4 S/m,500,K,figure,Fig. 5a,Visually estimated from Fig. 5a
cm101503y.pdf,10.1021/cm101503y,AgSbTe2,x=0,AgSbTe2,0,No,,,,,,electrical conductivity,1.8,10^4 S/m,700,K,figure,Fig. 5a,Visually estimated from Fig. 5a
cm101503y.pdf,10.1021/cm101503y,AgSbTe2,x=0,AgSbTe2,0,No,,,,,,Seebeck coefficient,250,uV/K,300,K,figure,Fig. 5b,Visually estimated from Fig. 5b
cm101503y.pdf,10.1021/cm101503y,AgSbTe2,x=0,AgSbTe2,0,No,,,,,,Seebeck coefficient,300,uV/K,500,K,figure,Fig. 5b,Visually estimated from Fig. 5b
cm101503y.pdf,10.1021/cm101503y,AgSbTe2,x=0,AgSbTe2,0,No,,,,,,Seebeck coefficient,240,uV/K,700,K,figure,Fig. 5b,Visually estimated from Fig. 5b
cm101503y.pdf,10.1021/cm101503y,AgSbTe2,x=0.02,AgSbSe0.02Te1.98,1,No,Se,x=0.02,Te,,Se (x=0.02) @ Te site,electrical conductivity,1.6,10^4 S/m,300,K,figure,Fig. 5a,Visually estimated from Fig. 5a
cm101503y.pdf,10.1021/cm101503y,AgSbTe2,x=0.02,AgSbSe0.02Te1.98,1,No,Se,x=0.02,Te,,Se (x=0.02) @ Te site,electrical conductivity,2.4,10^4 S/m,550,K,figure,Fig. 5a,Visually estimated from Fig. 5a
cm101503y.pdf,10.1021/cm101503y,AgSbTe2,x=0.02,AgSbSe0.02Te1.98,1,No,Se,x=0.02,Te,,Se (x=0.02) @ Te site,electrical conductivity,2.1,10^4 S/m,700,K,figure,Fig. 5a,Visually estimated from Fig. 5a
cm101503y.pdf,10.1021/cm101503y,AgSbTe2,x=0.02,AgSbSe0.02Te1.98,1,No,Se,x=0.02,Te,,Se (x=0.02) @ Te site,Seebeck coefficient,260,uV/K,300,K,figure,Fig. 5b,Visually estimated from Fig. 5b
cm101503y.pdf,10.1021/cm101503y,AgSbTe2,x=0.02,AgSbSe0.02Te1.98,1,No,Se,x=0.02,Te,,Se (x=0.02) @ Te site,Seebeck coefficient,230,uV/K,500,K,figure,Fig. 5b,Visually estimated from Fig. 5b
cm101503y.pdf,10.1021/cm101503y,AgSbTe2,x=0.02,AgSbSe0.02Te1.98,1,No,Se,x=0.02,Te,,Se (x=0.02) @ Te site,Seebeck coefficient,235,uV/K,700,K,figure,Fig. 5b,Visually estimated from Fig. 5b
cm101503y.pdf,10.1021/cm101503y,AgSbTe2,x=0.00,AgSbTe2,0,No,,,,,,ZT,0.6,dimensionless,300,K,figure,,Visually estimated from Fig. 7
cm101503y.pdf,10.1021/cm101503y,AgSbTe2,x=0.00,AgSbTe2,0,No,,,,,,ZT,1.1,dimensionless,650,K,figure,,Visually estimated from Fig. 7
cm101503y.pdf,10.1021/cm101503y,AgSbTe2,x=0.01,AgSbSe0.01Te1.99,1,No,Se,x=0.01,Te,,Se (x=0.01) @ Te site,ZT,0.6,dimensionless,300,K,figure,,Visually estimated from Fig. 7
cm101503y.pdf,10.1021/cm101503y,AgSbTe2,x=0.01,AgSbSe0.01Te1.99,1,No,Se,x=0.01,Te,,Se (x=0.01) @ Te site,ZT,1.2,dimensionless,650,K,figure,,Visually estimated from Fig. 7
cm101503y.pdf,10.1021/cm101503y,AgSbTe2,x=0.02,AgSbSe0.02Te1.98,1,No,Se,x=0.02,Te,,Se (x=0.02) @ Te site,ZT,0.6,dimensionless,300,K,figure,,Visually estimated from Fig. 7
cm101503y.pdf,10.1021/cm101503y,AgSbTe2,x=0.02,AgSbSe0.02Te1.98,1,No,Se,x=0.02,Te,,Se (x=0.02) @ Te site,ZT,1.37,dimensionless,565,K,figure,,Visually estimated from Fig. 7; value also mentioned in text
cm101503y.pdf,10.1021/cm101503y,AgSbTe2,x=0.04,AgSbSe0.04Te1.96,1,No,Se,x=0.04,Te,,Se (x=0.04) @ Te site,ZT,0.55,dimensionless,300,K,figure,,Visually estimated from Fig. 7
cm101503y.pdf,10.1021/cm101503y,AgSbTe2,x=0.04,AgSbSe0.04Te1.96,1,No,Se,x=0.04,Te,,Se (x=0.04) @ Te site,ZT,1.25,dimensionless,600,K,figure,,Visually estimated from Fig. 7
cm5c01646.pdf,10.1021/acs.chemmater.5c01646,AgSbTe2,AST,AgSbTe2,0,No,,,,,,electrical conductivity,96.72,S cm-1,300,K,Table 1,,
cm5c01646.pdf,10.1021/acs.chemmater.5c01646,AgSbTe2,AST,AgSbTe2,0,No,,,,,,Seebeck coefficient,267,μVK-1,300,K,Table 1,,
cm5c01646.pdf,10.1021/acs.chemmater.5c01646,AgSbTe2,AST,AgSbTe2,0,No,,,,,,power factor,0.69,Wm-1K-2,300,K,body text,,
cm5c01646.pdf,10.1021/acs.chemmater.5c01646,AgSbTe2,AST,AgSbTe2,0,No,,,,,,ZT,0.61,dimensionless,,,body text,,peak zT
cm5c01646.pdf,10.1021/acs.chemmater.5c01646,AgSbTe2,AST,AgSbTe2,0,No,,,,,,ZT,0.56,dimensionless,,,body text,,average zT
cm5c01646.pdf,10.1021/acs.chemmater.5c01646,AgSbTe2,AST + 0.02,AgSbTe2 + 0.02 wt % B,1,No,B,0.02 wt %,unclear,,B (0.02 wt %) @ unclear site,electrical conductivity,159.10,S cm-1,300,K,Table 1,,
cm5c01646.pdf,10.1021/acs.chemmater.5c01646,AgSbTe2,AST + 0.02,AgSbTe2 + 0.02 wt % B,1,No,B,0.02 wt %,unclear,,B (0.02 wt %) @ unclear site,Seebeck coefficient,238,μVK-1,300,K,Table 1,,
cm5c01646.pdf,10.1021/acs.chemmater.5c01646,AgSbTe2,AST + 0.025,AgSbTe2 + 0.025 wt % B,1,No,B,0.025 wt %,unclear,,B (0.025 wt %) @ unclear site,electrical conductivity,170.75,S cm-1,300,K,Table 1,,
cm5c01646.pdf,10.1021/acs.chemmater.5c01646,AgSbTe2,AST + 0.025,AgSbTe2 + 0.025 wt % B,1,No,B,0.025 wt %,unclear,,B (0.025 wt %) @ unclear site,Seebeck coefficient,248,μVK-1,300,K,Table 1,,
cm5c01646.pdf,10.1021/acs.chemmater.5c01646,AgSbTe2,AST + 0.025,AgSbTe2 + 0.025 wt % B,1,No,B,0.025 wt %,unclear,,B (0.025 wt %) @ unclear site,power factor,1.05,Wm-1K-2,300,K,body text,,
cm5c01646.pdf,10.1021/acs.chemmater.5c01646,AgSbTe2,AST + 0.03,AgSbTe2 + 0.03 wt % B,1,No,B,0.03 wt %,unclear,,B (0.03 wt %) @ unclear site,electrical conductivity,123.77,S cm-1,300,K,Table 1,,
cm5c01646.pdf,10.1021/acs.chemmater.5c01646,AgSbTe2,AST + 0.03,AgSbTe2 + 0.03 wt % B,1,No,B,0.03 wt %,unclear,,B (0.03 wt %) @ unclear site,Seebeck coefficient,245,μVK-1,300,K,Table 1,,
cm5c01646.pdf,10.1021/acs.chemmater.5c01646,AgSbTe2,NS-AST + 0.025,Ag0.91Sb1.09Te2.09 + 0.025 wt % B,1,No,B,0.025 wt %,unclear,,B (0.025 wt %) @ unclear site,electrical conductivity,163.60,S cm-1,300,K,Table 1,,
cm5c01646.pdf,10.1021/acs.chemmater.5c01646,AgSbTe2,NS-AST + 0.025,Ag0.91Sb1.09Te2.09 + 0.025 wt % B,1,No,B,0.025 wt %,unclear,,B (0.025 wt %) @ unclear site,Seebeck coefficient,273,μVK-1,300,K,Table 1,,
cm5c01646.pdf,10.1021/acs.chemmater.5c01646,AgSbTe2,NS-AST + 0.025,Ag0.91Sb1.09Te2.09 + 0.025 wt % B,1,No,B,0.025 wt %,unclear,,B (0.025 wt %) @ unclear site,power factor,1.22,Wm-1K-2,300-625,K,body text,,average value
cm5c01646.pdf,10.1021/acs.chemmater.5c01646,AgSbTe2,NS-AST + 0.025,Ag0.91Sb1.09Te2.09 + 0.025 wt % B,1,No,B,0.025 wt %,unclear,,B (0.025 wt %) @ unclear site,ZT,1.35,dimensionless,573,K,body text,,peak zT
cm5c01646.pdf,10.1021/acs.chemmater.5c01646,AgSbTe2,NS-AST + 0.025,Ag0.91Sb1.09Te2.09 + 0.025 wt % B,1,No,B,0.025 wt %,unclear,,B (0.025 wt %) @ unclear site,ZT,1.03,dimensionless,,,body text,,average zT
cm5c01646.pdf,10.1021/acs.chemmater.5c01646,AgSbTe2,NS-AST + 0.025,Ag0.91Sb1.09Te2.09 + 0.025 wt % B,1,No,B,0.025 wt %,unclear,,B (0.025 wt %) @ unclear site,thermal conductivity,0.58,Wm-1K-1,300,K,body text,,
cm5c01646.pdf,10.1021/acs.chemmater.5c01646,AgSbTe2,NS-AST + 0.025,Ag0.91Sb1.09Te2.09 + 0.025 wt % B,1,No,B,0.025 wt %,unclear,,B (0.025 wt %) @ unclear site,lattice thermal conductivity,0.50,Wm-1K-1,450,K,body text,,
cm5c01646.pdf,10.1021/acs.chemmater.5c01646,AgSbTe2,AST,AgSbTe2,0,No,,,,,,electrical conductivity,96.72,S/cm,300,K,table,Table 1,
cm5c01646.pdf,10.1021/acs.chemmater.5c01646,AgSbTe2,AST,AgSbTe2,0,No,,,,,,Seebeck coefficient,267,uV/K,300,K,table,Table 1,
cm5c01646.pdf,10.1021/acs.chemmater.5c01646,AgSbTe2,AST + 0.02,AgSbTe2 + 0.02 wt % B,1,No,B,0.02 wt %,unclear,,B (0.02 wt %) @ unclear site,electrical conductivity,159.10,S/cm,300,K,table,Table 1,
cm5c01646.pdf,10.1021/acs.chemmater.5c01646,AgSbTe2,AST + 0.02,AgSbTe2 + 0.02 wt % B,1,No,B,0.02 wt %,unclear,,B (0.02 wt %) @ unclear site,Seebeck coefficient,238,uV/K,300,K,table,Table 1,
cm5c01646.pdf,10.1021/acs.chemmater.5c01646,AgSbTe2,AST + 0.025,AgSbTe2 + 0.025 wt % B,1,No,B,0.025 wt %,unclear,,B (0.025 wt %) @ unclear site,electrical conductivity,170.75,S/cm,300,K,table,Table 1,
cm5c01646.pdf,10.1021/acs.chemmater.5c01646,AgSbTe2,AST + 0.025,AgSbTe2 + 0.025 wt % B,1,No,B,0.025 wt %,unclear,,B (0.025 wt %) @ unclear site,Seebeck coefficient,248,uV/K,300,K,table,Table 1,
cm5c01646.pdf,10.1021/acs.chemmater.5c01646,AgSbTe2,AST + 0.03,AgSbTe2 + 0.03 wt % B,1,No,B,0.03 wt %,unclear,,B (0.03 wt %) @ unclear site,electrical conductivity,123.77,S/cm,300,K,table,Table 1,
cm5c01646.pdf,10.1021/acs.chemmater.5c01646,AgSbTe2,AST + 0.03,AgSbTe2 + 0.03 wt % B,1,No,B,0.03 wt %,unclear,,B (0.03 wt %) @ unclear site,Seebeck coefficient,245,uV/K,300,K,table,Table 1,
cm5c01646.pdf,10.1021/acs.chemmater.5c01646,AgSbTe2,NS-AST + 0.025,Ag0.91Sb1.09Te2.09 + 0.025 wt % B,1,No,B,0.025 wt %,unclear,,B (0.025 wt %) @ unclear site,electrical conductivity,163.60,S/cm,300,K,table,Table 1,
cm5c01646.pdf,10.1021/acs.chemmater.5c01646,AgSbTe2,NS-AST + 0.025,Ag0.91Sb1.09Te2.09 + 0.025 wt % B,1,No,B,0.025 wt %,unclear,,B (0.025 wt %) @ unclear site,Seebeck coefficient,273,uV/K,300,K,table,Table 1,
cm5c01646.pdf,10.1021/acs.chemmater.5c01646,AgSbTe2,AST,AgSbTe2,0,No,,,,,,ZT,0.6,dimensionless,600,K,figure,Figure 8a,Visually estimated from Figure 8a
cm5c01646.pdf,10.1021/acs.chemmater.5c01646,AgSbTe2,AST + 0.02,AgSbTe2 + 0.02 wt % B,1,No,B,0.02 wt %,unclear,,B (0.02 wt %) @ unclear site,ZT,0.8,dimensionless,600,K,figure,Figure 8a,Visually estimated from Figure 8a
cm5c01646.pdf,10.1021/acs.chemmater.5c01646,AgSbTe2,AST + 0.025,AgSbTe2 + 0.025 wt % B,1,No,B,0.025 wt %,unclear,,B (0.025 wt %) @ unclear site,ZT,0.9,dimensionless,600,K,figure,Figure 8a,Visually estimated from Figure 8a
cm5c01646.pdf,10.1021/acs.chemmater.5c01646,AgSbTe2,AST + 0.03,AgSbTe2 + 0.03 wt % B,1,No,B,0.03 wt %,unclear,,B (0.03 wt %) @ unclear site,ZT,0.95,dimensionless,600,K,figure,Figure 8a,Visually estimated from Figure 8a
cm5c01646.pdf,10.1021/acs.chemmater.5c01646,AgSbTe2,NS-AST + 0.025,Ag0.91Sb1.09Te2.09 + 0.025 wt % B,1,No,B,0.025 wt %,unclear,,B (0.025 wt %) @ unclear site,ZT,1.35,dimensionless,600,K,figure,Figure 8a,Visually estimated from Figure 8a
d3ee01033c.pdf,10.1039/d3ee01033c,AgSbTe2,AgSbTe2,AgSbTe2,0,No,,,,,,lattice thermal conductivity,0.5,W m-1 K-1,300,K,text,page 6,
d3ee01033c.pdf,10.1039/d3ee01033c,AgSbTe2,AgSbTe2,AgSbTe2,0,No,,,,,,electrical conductivity,104,S cm-1,300,K,text,page 7,
d3ee01033c.pdf,10.1039/d3ee01033c,AgSbTe2,AgSbTe2,AgSbTe2,0,No,,,,,,Seebeck coefficient,275,mV K-1,300,K,text,page 7,
d3ee01033c.pdf,10.1039/d3ee01033c,AgSbTe2,AgSbTe2,AgSbTe2,0,No,,,,,,power factor,8,mW cm-1 K-2,300,K,text,page 7,
d3ee01033c.pdf,10.1039/d3ee01033c,AgSbTe2,Ag0.98SbTe2,Ag0.98SbTe2,1,No,Ag vacancy,2 mol%,Ag,,Ag vacancy (2 mol%) @ Ag site,lattice thermal conductivity,0.33,W m-1 K-1,300,K,text,page 6,
d3ee01033c.pdf,10.1039/d3ee01033c,AgSbTe2,Ag0.98SbTe2,Ag0.98SbTe2,1,No,Ag vacancy,2 mol%,Ag,,Ag vacancy (2 mol%) @ Ag site,lattice thermal conductivity,0.24,W m-1 K-1,573,K,text,page 6,
d3ee01033c.pdf,10.1039/d3ee01033c,AgSbTe2,Ag0.98SbTe2,Ag0.98SbTe2,1,No,Ag vacancy,2 mol%,Ag,,Ag vacancy (2 mol%) @ Ag site,electrical conductivity,235,S cm-1,300,K,text,page 7,
d3ee01033c.pdf,10.1039/d3ee01033c,AgSbTe2,Ag0.98SbTe2,Ag0.98SbTe2,1,No,Ag vacancy,2 mol%,Ag,,Ag vacancy (2 mol%) @ Ag site,electrical conductivity,186,S cm-1,573,K,text,page 7,
d3ee01033c.pdf,10.1039/d3ee01033c,AgSbTe2,Ag0.98SbTe2,Ag0.98SbTe2,1,No,Ag vacancy,2 mol%,Ag,,Ag vacancy (2 mol%) @ Ag site,Seebeck coefficient,235,mV K-1,300,K,text,page 7,
d3ee01033c.pdf,10.1039/d3ee01033c,AgSbTe2,Ag0.98SbTe2,Ag0.98SbTe2,1,No,Ag vacancy,2 mol%,Ag,,Ag vacancy (2 mol%) @ Ag site,power factor,13,mW cm-1 K-2,300,K,text,page 7,
d3ee01033c.pdf,10.1039/d3ee01033c,AgSbTe2,Ag0.98SbTe2,Ag0.98SbTe2,1,No,Ag vacancy,2 mol%,Ag,,Ag vacancy (2 mol%) @ Ag site,power factor,16,mW cm-1 K-2,573,K,text,page 7,
d3ee01033c.pdf,10.1039/d3ee01033c,AgSbTe2,Ag0.98SbTe2,Ag0.98SbTe2,1,No,Ag vacancy,2 mol%,Ag,,Ag vacancy (2 mol%) @ Ag site,ZT,2.3,dimensionless,573,K,text,page 6,
d3ee01033c.pdf,10.1039/d3ee01033c,AgSbTe2,AgSbTe2,AgSbTe2,1,No,Ag vacancy,0,Ag,,Ag vacancy (0) @ Ag site,Seebeck coefficient,25,µV/K,0,K,figure,Fig. 2b,Visually estimated from Fig. 2b
d3ee01033c.pdf,10.1039/d3ee01033c,AgSbTe2,AgSbTe2,AgSbTe2,1,No,Ag vacancy,0,Ag,,Ag vacancy (0) @ Ag site,Seebeck coefficient,225,µV/K,300,K,figure,Fig. 2b,Visually estimated from Fig. 2b
d3ee01033c.pdf,10.1039/d3ee01033c,AgSbTe2,Ag0.98SbTe2,Ag0.98SbTe2,1,No,Ag vacancy,0.02,Ag,,Ag vacancy (0.02) @ Ag site,Seebeck coefficient,25,µV/K,0,K,figure,Fig. 2b,Visually estimated from Fig. 2b
d3ee01033c.pdf,10.1039/d3ee01033c,AgSbTe2,Ag0.98SbTe2,Ag0.98SbTe2,1,No,Ag vacancy,0.02,Ag,,Ag vacancy (0.02) @ Ag site,Seebeck coefficient,175,µV/K,300,K,figure,Fig. 2b,Visually estimated from Fig. 2b
d3ee01033c.pdf,10.1039/d3ee01033c,AgSbTe2,AgSbTe2,AgSbTe2,0,No,,,,,,lattice thermal conductivity,0.5,W/m.K,300,K,figure,Fig. 4a,Visually estimated from Fig. 4a
d3ee01033c.pdf,10.1039/d3ee01033c,AgSbTe2,AgSbTe2,AgSbTe2,0,No,,,,,,electrical conductivity,100,S/cm,300,K,figure,Fig. 4b,Visually estimated from Fig. 4b
d3ee01033c.pdf,10.1039/d3ee01033c,AgSbTe2,AgSbTe2,AgSbTe2,0,No,,,,,,Seebeck coefficient,275,uV/K,300,K,figure,Fig. 4c,Visually estimated from Fig. 4c
d3ee01033c.pdf,10.1039/d3ee01033c,AgSbTe2,AgSbTe2,AgSbTe2,0,No,,,,,,ZT,0.5,dimensionless,300,K,figure,Fig. 4d,Visually estimated from Fig. 4d
d3ee01033c.pdf,10.1039/d3ee01033c,AgSbTe2,Ag0.99SbTe2,Ag0.99SbTe2,1,No,Ag vacancy,0.01,Ag,,Ag vacancy (0.01) @ Ag site,lattice thermal conductivity,0.4,W/m.K,300,K,figure,Fig. 4a,Visually estimated from Fig. 4a
d3ee01033c.pdf,10.1039/d3ee01033c,AgSbTe2,Ag0.99SbTe2,Ag0.99SbTe2,1,No,Ag vacancy,0.01,Ag,,Ag vacancy (0.01) @ Ag site,electrical conductivity,150,S/cm,300,K,figure,Fig. 4b,Visually estimated from Fig. 4b
d3ee01033c.pdf,10.1039/d3ee01033c,AgSbTe2,Ag0.99SbTe2,Ag0.99SbTe2,1,No,Ag vacancy,0.01,Ag,,Ag vacancy (0.01) @ Ag site,Seebeck coefficient,250,uV/K,300,K,figure,Fig. 4c,Visually estimated from Fig. 4c
d3ee01033c.pdf,10.1039/d3ee01033c,AgSbTe2,Ag0.99SbTe2,Ag0.99SbTe2,1,No,Ag vacancy,0.01,Ag,,Ag vacancy (0.01) @ Ag site,ZT,0.7,dimensionless,300,K,figure,Fig. 4d,Visually estimated from Fig. 4d
d3ee01033c.pdf,10.1039/d3ee01033c,AgSbTe2,Ag0.98SbTe2,Ag0.98SbTe2,1,No,Ag vacancy,0.02,Ag,,Ag vacancy (0.02) @ Ag site,lattice thermal conductivity,0.33,W/m.K,300,K,figure,Fig. 4a,Visually estimated from Fig. 4a
d3ee01033c.pdf,10.1039/d3ee01033c,AgSbTe2,Ag0.98SbTe2,Ag0.98SbTe2,1,No,Ag vacancy,0.02,Ag,,Ag vacancy (0.02) @ Ag site,electrical conductivity,235,S/cm,300,K,figure,Fig. 4b,Visually estimated from Fig. 4b
d3ee01033c.pdf,10.1039/d3ee01033c,AgSbTe2,Ag0.98SbTe2,Ag0.98SbTe2,1,No,Ag vacancy,0.02,Ag,,Ag vacancy (0.02) @ Ag site,Seebeck coefficient,235,uV/K,300,K,figure,Fig. 4c,Visually estimated from Fig. 4c
d3ee01033c.pdf,10.1039/d3ee01033c,AgSbTe2,Ag0.98SbTe2,Ag0.98SbTe2,1,No,Ag vacancy,0.02,Ag,,Ag vacancy (0.02) @ Ag site,ZT,0.8,dimensionless,300,K,figure,Fig. 4d,Visually estimated from Fig. 4d
d3ee01033c.pdf,10.1039/d3ee01033c,AgSbTe2,Ag0.97SbTe2,Ag0.97SbTe2,1,No,Ag vacancy,0.03,Ag,,Ag vacancy (0.03) @ Ag site,lattice thermal conductivity,0.3,W/m.K,300,K,figure,Fig. 4a,Visually estimated from Fig. 4a
d3ee01033c.pdf,10.1039/d3ee01033c,AgSbTe2,Ag0.97SbTe2,Ag0.97SbTe2,1,No,Ag vacancy,0.03,Ag,,Ag vacancy (0.03) @ Ag site,electrical conductivity,250,S/cm,300,K,figure,Fig. 4b,Visually estimated from Fig. 4b
d3ee01033c.pdf,10.1039/d3ee01033c,AgSbTe2,Ag0.97SbTe2,Ag0.97SbTe2,1,No,Ag vacancy,0.03,Ag,,Ag vacancy (0.03) @ Ag site,Seebeck coefficient,210,uV/K,300,K,figure,Fig. 4c,Visually estimated from Fig. 4c
d3ee01033c.pdf,10.1039/d3ee01033c,AgSbTe2,Ag0.97SbTe2,Ag0.97SbTe2,1,No,Ag vacancy,0.03,Ag,,Ag vacancy (0.03) @ Ag site,ZT,0.7,dimensionless,300,K,figure,Fig. 4d,Visually estimated from Fig. 4d
d3nr04584f.pdf,10.1039/d3nr04584f,AgSbTe2,Ag0.91Sb1.09Te2.09,Ag0.91Sb1.09Te2.09,1,No,Ag deficiency,0.09,Ag,,Ag deficiency (0.09) @ Ag site,ZT,1.7,dimensionless,573,K,body text,"Page 2, Results and discussion",
d3nr04584f.pdf,10.1039/d3nr04584f,AgSbTe2,Ag0.91Sb1.09Te2.09,Ag0.91Sb1.09Te2.09,1,No,Ag deficiency,0.09,Ag,,Ag deficiency (0.09) @ Ag site,ZT,0.75,dimensionless,room temperature,K,body text,"Page 1, Introduction",
d3nr04584f.pdf,10.1039/d3nr04584f,AgSbTe2,Ag0.91Sb1.09Te2.09,Ag0.91Sb1.09Te2.09,1,No,Ag deficiency,0.09,Ag,,Ag deficiency (0.09) @ Ag site,power factor,1600,μW m-1 K-2,300-623,K,body text,"Page 4, Results and discussion",
d3nr04584f.pdf,10.1039/d3nr04584f,AgSbTe2,Ag0.91Sb1.09Te2.09,Ag0.91Sb1.09Te2.09,3,Yes,Ag,0.91,Ag,Sb (1.09) @ Sb; Te (2.09) @ Te,Ag (0.91) @ Ag site; Sb (1.09) @ Sb site; Te (2.09) @ Te site,Seebeck coefficient,300,uV/K,500,K,figure,Fig. 3a,Visually estimated from Fig. 3a
d3nr04584f.pdf,10.1039/d3nr04584f,AgSbTe2,Ag0.91Sb1.09Te2.09,Ag0.91Sb1.09Te2.09,3,Yes,Ag,0.91,Ag,Sb (1.09) @ Sb; Te (2.09) @ Te,Ag (0.91) @ Ag site; Sb (1.09) @ Sb site; Te (2.09) @ Te site,power factor,1600,uW/mK^2,500,K,figure,Fig. 3d,Visually estimated from Fig. 3d
d3nr04584f.pdf,10.1039/d3nr04584f,AgSbTe2,AgSbTe2,AgSbTe2,0,No,,,,,,Seebeck coefficient,250,uV/K,500,K,figure,Fig. 3a,Visually estimated from Fig. 3a
d3nr04584f.pdf,10.1039/d3nr04584f,AgSbTe2,AgSbTe2,AgSbTe2,0,No,,,,,,power factor,800,uW/mK^2,500,K,figure,Fig. 3d,Visually estimated from Fig. 3d
d3nr04584f.pdf,10.1039/d3nr04584f,AgSbTe2,Ag0.91Sb1.09Te2.09,Ag0.91Sb1.09Te2.09,3,Yes,Ag,0.91,Ag,Sb (1.09) @ Sb; Te (2.09) @ Te,Ag (0.91) @ Ag site; Sb (1.09) @ Sb site; Te (2.09) @ Te site,ZT,1.7,dimensionless,573,K,body text,,Value explicitly stated in conclusions section.
d4ce00915k.pdf,10.1039/d4ce00915k,AgSbTe2,Ag2Se/AgSbSe2 nanocomposite,(Ag2Se)0.98(2AgSbSe2)0.02,1,No,AgSbSe2,2 mol%,interstitial,,AgSbSe2 (2 mol%) @ interstitial site,ZT,0.93,dimensionless,375,K,text,Table 2,
d4ce00915k.pdf,10.1039/d4ce00915k,AgSbTe2,Ag2Se/AgSbSe2 nanocomposite,(Ag2Se)0.98(2AgSbSe2)0.02,1,No,AgSbSe2,2 mol%,interstitial,,AgSbSe2 (2 mol%) @ interstitial site,Seebeck coefficient,-150,μV K-1,375,K,text,Table 2,
d4ce00915k.pdf,10.1039/d4ce00915k,AgSbTe2,Ag0.98(2AgSbSe2)0.02,Ag0.98(2AgSbSe2)0.02,3,Yes,Ag,0.98,multiple sites,Sb (0.02) @ multiple sites; Se (0.02) @ multiple sites,Ag (0.98) @ multiple sites site; Sb (0.02) @ multiple sites site; Se (0.02) @ multiple sites site,ZT,0.8,dimensionless,300-375,K,figure,,Visually estimated from Fig. 4(c) top right inset plot
d4ce00915k.pdf,10.1039/d4ce00915k,AgSbTe2,(Ag2Se)0.98(2AgSbSe2)0.02,(Ag2Se)0.98(2AgSbSe2)0.02,1,No,Sb,0.02,unclear,,Sb (0.02) @ unclear site,Seebeck coefficient,-150,uV K-1,,,table,Table 2,
d4ce00915k.pdf,10.1039/d4ce00915k,AgSbTe2,(Ag2Se)0.98(2AgSbSe2)0.02,(Ag2Se)0.98(2AgSbSe2)0.02,1,No,Sb,0.02,unclear,,Sb (0.02) @ unclear site,ZT,0.93,dimensionless,375,K,table,Table 2,
d4cp01171f.pdf,10.1039/d4cp01171f,AgSbTe2,Ag0.927Sb1.07Te2.005,Ag0.927Sb1.07Te2.005,2,Yes,Ag,0.927,Ag,Sb (1.07) @ Sb,Ag (0.927) @ Ag site; Sb (1.07) @ Sb site,Seebeck coefficient,251,mV K-1,300,K,body text,,
d4cp01171f.pdf,10.1039/d4cp01171f,AgSbTe2,Ag0.927Sb1.07Te2.005,Ag0.927Sb1.07Te2.005,2,Yes,Ag,0.927,Ag,Sb (1.07) @ Sb,Ag (0.927) @ Ag site; Sb (1.07) @ Sb site,power factor,741,mW m-1 K-2,300,K,body text,,
d4cp01171f.pdf,10.1039/d4cp01171f,AgSbTe2,Ag0.927Sb1.07Te2.005,Ag0.927Sb1.07Te2.005,2,Yes,Ag,0.927,Ag,Sb (1.07) @ Sb,Ag (0.927) @ Ag site; Sb (1.07) @ Sb site,thermal conductivity,0.2,W m-1 K-1,300,K,body text,,
d4cp01171f.pdf,10.1039/d4cp01171f,AgSbTe2,Ag0.927Sb1.07Te2.005,Ag0.927Sb1.07Te2.005,2,Yes,Ag,0.927,Ag,Sb (1.07) @ Sb,Ag (0.927) @ Ag site; Sb (1.07) @ Sb site,ZT,1.1,dimensionless,300,K,body text,,
d4cp01171f.pdf,10.1039/d4cp01171f,AgSbTe2,Ag0.927Sb1.07Te2.005,Ag0.927Sb1.07Te2.005,2,Yes,Ag,0.927,Ag,Sb (1.07) @ Sb,Ag (0.927) @ Ag site; Sb (1.07) @ Sb site,Seebeck coefficient,251,mV K-1,300,K,table,Table 2,
d4cp01171f.pdf,10.1039/d4cp01171f,AgSbTe2,Ag0.927Sb1.07Te2.005,Ag0.927Sb1.07Te2.005,2,Yes,Ag,0.927,Ag,Sb (1.07) @ Sb,Ag (0.927) @ Ag site; Sb (1.07) @ Sb site,Seebeck coefficient,251,µV K-1,300,K,body text,,
d4cp01171f.pdf,10.1039/d4cp01171f,AgSbTe2,Ag0.927Sb1.07Te2.005,Ag0.927Sb1.07Te2.005,2,Yes,Ag,0.927,Ag,Sb (1.07) @ Sb,Ag (0.927) @ Ag site; Sb (1.07) @ Sb site,Seebeck coefficient,0,µV K-1,0,K,figure,Fig. 5c,Visually estimated from Fig. 5c
d4cp01171f.pdf,10.1039/d4cp01171f,AgSbTe2,Ag0.927Sb1.07Te2.005,Ag0.927Sb1.07Te2.005,2,Yes,Ag,0.927,Ag,Sb (1.07) @ Sb,Ag (0.927) @ Ag site; Sb (1.07) @ Sb site,Seebeck coefficient,50,µV K-1,50,K,figure,Fig. 5c,Visually estimated from Fig. 5c
d4cp01171f.pdf,10.1039/d4cp01171f,AgSbTe2,Ag0.927Sb1.07Te2.005,Ag0.927Sb1.07Te2.005,2,Yes,Ag,0.927,Ag,Sb (1.07) @ Sb,Ag (0.927) @ Ag site; Sb (1.07) @ Sb site,Seebeck coefficient,100,µV K-1,100,K,figure,Fig. 5c,Visually estimated from Fig. 5c
d4cp01171f.pdf,10.1039/d4cp01171f,AgSbTe2,Ag0.927Sb1.07Te2.005,Ag0.927Sb1.07Te2.005,2,Yes,Ag,0.927,Ag,Sb (1.07) @ Sb,Ag (0.927) @ Ag site; Sb (1.07) @ Sb site,Seebeck coefficient,150,µV K-1,150,K,figure,Fig. 5c,Visually estimated from Fig. 5c
d4cp01171f.pdf,10.1039/d4cp01171f,AgSbTe2,Ag0.927Sb1.07Te2.005,Ag0.927Sb1.07Te2.005,2,Yes,Ag,0.927,Ag,Sb (1.07) @ Sb,Ag (0.927) @ Ag site; Sb (1.07) @ Sb site,Seebeck coefficient,200,µV K-1,200,K,figure,Fig. 5c,Visually estimated from Fig. 5c
d4cp01171f.pdf,10.1039/d4cp01171f,AgSbTe2,Ag0.927Sb1.07Te2.005,Ag0.927Sb1.07Te2.005,2,Yes,Ag,0.927,Ag,Sb (1.07) @ Sb,Ag (0.927) @ Ag site; Sb (1.07) @ Sb site,Seebeck coefficient,250,µV K-1,300,K,figure,Fig. 5c,Visually estimated from Fig. 5c
d4cp01171f.pdf,10.1039/d4cp01171f,AgSbTe2,Ag0.927Sb1.07Te2.005,Ag0.927Sb1.07Te2.005,2,Yes,Ag,0.927,Ag,Sb (1.07) @ Sb,Ag (0.927) @ Ag site; Sb (1.07) @ Sb site,electrical conductivity,4.17,S/m,0,K,figure,Fig. 5b,Visually estimated from Fig. 5b (ln sigma vs 1/T^1/4 plot)
d4cp01171f.pdf,10.1039/d4cp01171f,AgSbTe2,Ag0.927Sb1.07Te2.005,Ag0.927Sb1.07Te2.005,2,Yes,Ag,0.927,Ag,Sb (1.07) @ Sb,Ag (0.927) @ Ag site; Sb (1.07) @ Sb site,electrical conductivity,4.05,S/m,300,K,figure,Fig. 5b,Visually estimated from Fig. 5b (ln sigma vs 1/T^1/4 plot)
d4cp01171f.pdf,10.1039/d4cp01171f,AgSbTe2,Ag0.927Sb1.07Te2.005,Ag0.927Sb1.07Te2.005,0,No,,,,,,power factor,747,μW m^-1 K^-2,300,K,body text,,Reported as room temperature value.
d4cp01171f.pdf,10.1039/d4cp01171f,AgSbTe2,Ag0.927Sb1.07Te2.005,Ag0.927Sb1.07Te2.005,0,No,,,,,,ZT,1.1,dimensionless,300,K,body text,,Reported as room temperature value.
d5dt01185j.pdf,10.1039/d5dt01185j,Ba2.75Pb1.1Sb4.1Se10-deltaTe_delta,Ba2.75Pb1.1Sb4.1Se8Te2,Ba2.75Pb1.1Sb4.1Se8Te2,1,No,Te,δ = 2,Te,,Te (δ = 2) @ Te site,electrical resistivity,40.1,Ω.cm,300,K,body text,,
d5dt01185j.pdf,10.1039/d5dt01185j,Ba2.75Pb1.1Sb4.1Se10-deltaTe_delta,Ba2.75Pb1.1Sb4.1Se8Te2,Ba2.75Pb1.1Sb4.1Se8Te2,1,No,Te,δ = 2,Te,,Te (δ = 2) @ Te site,electrical resistivity,2.5,Ω.cm,773,K,body text,,
d5dt01185j.pdf,10.1039/d5dt01185j,Ba2.75Pb1.1Sb4.1Se10-deltaTe_delta,Ba2.75Pb1.1Sb4.1Se8Te2,Ba2.75Pb1.1Sb4.1Se8Te2,1,No,Te,δ = 2,Te,,Te (δ = 2) @ Te site,Seebeck coefficient,69.6,μV K−1,300,K,body text,,
d5dt01185j.pdf,10.1039/d5dt01185j,Ba2.75Pb1.1Sb4.1Se10-deltaTe_delta,Ba2.75Pb1.1Sb4.1Se8Te2,Ba2.75Pb1.1Sb4.1Se8Te2,1,No,Te,δ = 2,Te,,Te (δ = 2) @ Te site,Seebeck coefficient,104,μV K−1,773,K,body text,,
d5dt01185j.pdf,10.1039/d5dt01185j,Ba2.75Pb1.1Sb4.1Se10-deltaTe_delta,Ba2.75Pb1.1Sb4.1Se8Te2,Ba2.75Pb1.1Sb4.1Se8Te2,1,No,Te,δ = 2,Te,,Te (δ = 2) @ Te site,power factor,0.012,μW m−1 K−2,300,K,body text,,
d5dt01185j.pdf,10.1039/d5dt01185j,Ba2.75Pb1.1Sb4.1Se10-deltaTe_delta,Ba2.75Pb1.1Sb4.1Se8Te2,Ba2.75Pb1.1Sb4.1Se8Te2,1,No,Te,δ = 2,Te,,Te (δ = 2) @ Te site,power factor,0.44,μW m−1 K−2,773,K,body text,,
d5dt01185j.pdf,10.1039/d5dt01185j,Ba2.75Pb1.1Sb4.1Se10-deltaTe_delta,Ba2.75Pb1.1Sb4.1Se7Te3,Ba2.75Pb1.1Sb4.1Se7Te3,1,No,Te,δ = 3,Te,,Te (δ = 3) @ Te site,power factor,4.65,μW m−1 K−2,300,K,body text,,
d5dt01185j.pdf,10.1039/d5dt01185j,Ba2.75Pb1.1Sb4.1Se10-deltaTe_delta,Ba2.75Pb1.1Sb4.1Se7Te3,Ba2.75Pb1.1Sb4.1Se7Te3,1,No,Te,δ = 3,Te,,Te (δ = 3) @ Te site,power factor,32.44,μW m−1 K−2,773,K,body text,,
d5dt01185j.pdf,10.1039/d5dt01185j,Ba2.75Pb1.1Sb4.1Se10-deltaTe_delta,Ba2.75Pb1.1Sb4.1Se6Te4,Ba2.75Pb1.1Sb4.1Se6Te4,1,No,Te,δ = 4,Te,,Te (δ = 4) @ Te site,ZT,0.09,dimensionless,773,K,body text,,
d5dt01185j.pdf,10.1039/d5dt01185j,Ba2.75Pb1.1Sb4.1Se10-deltaTe_delta,Ba2.75Pb1.1Sb4.1Se6Te4,Ba2.75Pb1.1Sb4.1Se6Te4,1,No,Te,δ = 4,Te,,Te (δ = 4) @ Te site,power factor,4.85,μW m−1 K−2,300,K,body text,,
d5dt01185j.pdf,10.1039/d5dt01185j,Ba2.75Pb1.1Sb4.1Se10-deltaTe_delta,Ba2.75Pb1.1Sb4.1Se6Te4,Ba2.75Pb1.1Sb4.1Se6Te4,1,No,Te,δ = 4,Te,,Te (δ = 4) @ Te site,power factor,34.42,μW m−1 K−2,773,K,body text,,
d5dt01185j.pdf,10.1039/d5dt01185j,Ba2.75Pb1.1Sb4.1Se10-deltaTe_delta,Ba2.75Pb1.1Sb4.1Se8Te2,Ba2.75Pb1.1Sb4.1Se8Te2,1,No,Te,delta=2,Te,,Te (delta=2) @ Te site,Seebeck coefficient,69.6,uV K-1,300,K,body text,,
d5dt01185j.pdf,10.1039/d5dt01185j,Ba2.75Pb1.1Sb4.1Se10-deltaTe_delta,Ba2.75Pb1.1Sb4.1Se8Te2,Ba2.75Pb1.1Sb4.1Se8Te2,1,No,Te,delta=2,Te,,Te (delta=2) @ Te site,Seebeck coefficient,104,uV K-1,773,K,body text,,
d5dt01185j.pdf,10.1039/d5dt01185j,Ba2.75Pb1.1Sb4.1Se10-deltaTe_delta,Ba2.75Pb1.1Sb4.1Se8Te2,Ba2.75Pb1.1Sb4.1Se8Te2,1,No,Te,delta=2,Te,,Te (delta=2) @ Te site,electrical conductivity,40.1,Ohm cm,300,K,body text,,Reported as electrical resistivity
d5dt01185j.pdf,10.1039/d5dt01185j,Ba2.75Pb1.1Sb4.1Se10-deltaTe_delta,Ba2.75Pb1.1Sb4.1Se8Te2,Ba2.75Pb1.1Sb4.1Se8Te2,1,No,Te,delta=2,Te,,Te (delta=2) @ Te site,electrical conductivity,2.5,Ohm cm,773,K,body text,,Reported as electrical resistivity
d5dt01185j.pdf,10.1039/d5dt01185j,Ba2.75Pb1.1Sb4.1Se10-deltaTe_delta,Ba2.75Pb1.1Sb4.1Se8Te2,Ba2.75Pb1.1Sb4.1Se8Te2,1,No,Te,delta=2,Te,,Te (delta=2) @ Te site,power factor,0.012,uW m-1 K-2,300,K,body text,,
d5dt01185j.pdf,10.1039/d5dt01185j,Ba2.75Pb1.1Sb4.1Se10-deltaTe_delta,Ba2.75Pb1.1Sb4.1Se8Te2,Ba2.75Pb1.1Sb4.1Se8Te2,1,No,Te,delta=2,Te,,Te (delta=2) @ Te site,power factor,0.44,uW m-1 K-2,773,K,body text,,
d5dt01185j.pdf,10.1039/d5dt01185j,Ba2.75Pb1.1Sb4.1Se10-deltaTe_delta,Ba2.75Pb1.1Sb4.1Se7Te3,Ba2.75Pb1.1Sb4.1Se7Te3,1,No,Te,delta=3,Te,,Te (delta=3) @ Te site,power factor,4.65,uW m-1 K-2,300,K,body text,,
d5dt01185j.pdf,10.1039/d5dt01185j,Ba2.75Pb1.1Sb4.1Se10-deltaTe_delta,Ba2.75Pb1.1Sb4.1Se7Te3,Ba2.75Pb1.1Sb4.1Se7Te3,1,No,Te,delta=3,Te,,Te (delta=3) @ Te site,power factor,32.44,uW m-1 K-2,773,K,body text,,
d5dt01185j.pdf,10.1039/d5dt01185j,Ba2.75Pb1.1Sb4.1Se10-deltaTe_delta,Ba2.75Pb1.1Sb4.1Se6Te4,Ba2.75Pb1.1Sb4.1Se6Te4,1,No,Te,delta=4,Te,,Te (delta=4) @ Te site,power factor,4.85,uW m-1 K-2,300,K,body text,,
d5dt01185j.pdf,10.1039/d5dt01185j,Ba2.75Pb1.1Sb4.1Se10-deltaTe_delta,Ba2.75Pb1.1Sb4.1Se6Te4,Ba2.75Pb1.1Sb4.1Se6Te4,1,No,Te,delta=4,Te,,Te (delta=4) @ Te site,power factor,34.42,uW m-1 K-2,773,K,body text,,
ed81045f677092e8679784819bd15f32.pdf,10.30546/209501.2024.1.3.077,AgSbTe2-PbTe,(AgSbTe2)0.8(PbTe)0.2,(AgSbTe2)0.8(PbTe)0.2,1,No,Pb,0.2,unclear,,Pb (0.2) @ unclear site,electrical conductivity,variable,(Ohm.cm)-1,,,figure,Fig. 1,Temperature range 80-550 K
ed81045f677092e8679784819bd15f32.pdf,10.30546/209501.2024.1.3.077,AgSbTe2-PbTe,(AgSbTe2)0.8(PbTe)0.2,(AgSbTe2)0.8(PbTe)0.2,1,No,Pb,0.2,unclear,,Pb (0.2) @ unclear site,Seebeck coefficient,variable,uV/K,,,figure,Fig. 2,Temperature range 80-550 K
ed81045f677092e8679784819bd15f32.pdf,10.30546/209501.2024.1.3.077,AgSbTe2-PbTe,(AgSbTe2)0.8(PbTe)0.2,(AgSbTe2)0.8(PbTe)0.2,1,No,Pb,0.2,multiple sites,,Pb (0.2) @ multiple sites site,electrical conductivity,50,Ohm^-1 cm^-1,80,K,figure,Fig. 1,Visually estimated from Fig. 1
ed81045f677092e8679784819bd15f32.pdf,10.30546/209501.2024.1.3.077,AgSbTe2-PbTe,(AgSbTe2)0.8(PbTe)0.2,(AgSbTe2)0.8(PbTe)0.2,1,No,Pb,0.2,multiple sites,,Pb (0.2) @ multiple sites site,electrical conductivity,58,Ohm^-1 cm^-1,200,K,figure,Fig. 1,Visually estimated from Fig. 1
ed81045f677092e8679784819bd15f32.pdf,10.30546/209501.2024.1.3.077,AgSbTe2-PbTe,(AgSbTe2)0.8(PbTe)0.2,(AgSbTe2)0.8(PbTe)0.2,1,No,Pb,0.2,multiple sites,,Pb (0.2) @ multiple sites site,electrical conductivity,52,Ohm^-1 cm^-1,300,K,figure,Fig. 1,Visually estimated from Fig. 1
ed81045f677092e8679784819bd15f32.pdf,10.30546/209501.2024.1.3.077,AgSbTe2-PbTe,(AgSbTe2)0.8(PbTe)0.2,(AgSbTe2)0.8(PbTe)0.2,1,No,Pb,0.2,multiple sites,,Pb (0.2) @ multiple sites site,electrical conductivity,35,Ohm^-1 cm^-1,450,K,figure,Fig. 1,Visually estimated from Fig. 1
ed81045f677092e8679784819bd15f32.pdf,10.30546/209501.2024.1.3.077,AgSbTe2-PbTe,(AgSbTe2)0.8(PbTe)0.2,(AgSbTe2)0.8(PbTe)0.2,1,No,Pb,0.2,multiple sites,,Pb (0.2) @ multiple sites site,electrical conductivity,44,Ohm^-1 cm^-1,530,K,figure,Fig. 1,Visually estimated from Fig. 1
ed81045f677092e8679784819bd15f32.pdf,10.30546/209501.2024.1.3.077,AgSbTe2-PbTe,(AgSbTe2)0.8(PbTe)0.2,(AgSbTe2)0.8(PbTe)0.2,1,No,Pb,0.2,multiple sites,,Pb (0.2) @ multiple sites site,Seebeck coefficient,55,uV/K,80,K,figure,Fig. 2,Visually estimated from Fig. 2
ed81045f677092e8679784819bd15f32.pdf,10.30546/209501.2024.1.3.077,AgSbTe2-PbTe,(AgSbTe2)0.8(PbTe)0.2,(AgSbTe2)0.8(PbTe)0.2,1,No,Pb,0.2,multiple sites,,Pb (0.2) @ multiple sites site,Seebeck coefficient,60,uV/K,200,K,figure,Fig. 2,Visually estimated from Fig. 2
ed81045f677092e8679784819bd15f32.pdf,10.30546/209501.2024.1.3.077,AgSbTe2-PbTe,(AgSbTe2)0.8(PbTe)0.2,(AgSbTe2)0.8(PbTe)0.2,1,No,Pb,0.2,multiple sites,,Pb (0.2) @ multiple sites site,Seebeck coefficient,65,uV/K,300,K,figure,Fig. 2,Visually estimated from Fig. 2
ed81045f677092e8679784819bd15f32.pdf,10.30546/209501.2024.1.3.077,AgSbTe2-PbTe,(AgSbTe2)0.8(PbTe)0.2,(AgSbTe2)0.8(PbTe)0.2,1,No,Pb,0.2,multiple sites,,Pb (0.2) @ multiple sites site,Seebeck coefficient,122,uV/K,410,K,figure,Fig. 2,Visually estimated from Fig. 2
ed81045f677092e8679784819bd15f32.pdf,10.30546/209501.2024.1.3.077,AgSbTe2-PbTe,(AgSbTe2)0.8(PbTe)0.2,(AgSbTe2)0.8(PbTe)0.2,1,No,Pb,0.2,multiple sites,,Pb (0.2) @ multiple sites site,Seebeck coefficient,105,uV/K,530,K,figure,Fig. 2,Visually estimated from Fig. 2
el3c01653.pdf,10.1021/acsaelm.3c01653,AgSbTe2,Ag0.7Sb1.12Te2,Ag0.7Sb1.12Te2,2,Yes,Ag vacancy,0.3,Ag,Sb (0.12) @ Ag,Ag vacancy (0.3) @ Ag site; Sb (0.12) @ Ag site,Seebeck coefficient,157,μV K-1,750,K,body text,,
el3c01653.pdf,10.1021/acsaelm.3c01653,AgSbTe2,Ag0.7Sb1.12Te2,Ag0.7Sb1.12Te2,2,Yes,Ag vacancy,0.3,Ag,Sb (0.12) @ Ag,Ag vacancy (0.3) @ Ag site; Sb (0.12) @ Ag site,electrical resistivity,1.2e-5 to 2.9e-5,Ω m,300 to 750,K,body text,,
el3c01653.pdf,10.1021/acsaelm.3c01653,AgSbTe2,Ag0.7Sb1.12Te2,Ag0.7Sb1.12Te2,2,Yes,Ag vacancy,0.3,Ag,Sb (0.12) @ Ag,Ag vacancy (0.3) @ Ag site; Sb (0.12) @ Ag site,power factor,0.9,mW m-1 K-2,750,K,body text,,
el3c01653.pdf,10.1021/acsaelm.3c01653,AgSbTe2,Ag0.7Sb1.12Te2,Ag0.7Sb1.12Te2,2,Yes,Ag vacancy,0.3,Ag,Sb (0.12) @ Ag,Ag vacancy (0.3) @ Ag site; Sb (0.12) @ Ag site,thermal conductivity,0.50,W m-1 K-1,773,K,body text,,
el3c01653.pdf,10.1021/acsaelm.3c01653,AgSbTe2,Ag0.7Sb1.12Te2,Ag0.7Sb1.12Te2,2,Yes,Ag vacancy,0.3,Ag,Sb (0.12) @ Ag,Ag vacancy (0.3) @ Ag site; Sb (0.12) @ Ag site,ZT,1.25,dimensionless,750,K,body text,,
el3c01653.pdf,10.1021/acsaelm.3c01653,AgSbTe2,Ag0.7Sb1.12Te1.95Se0.05,Ag0.7Sb1.12Te1.95Se0.05,3,Yes,Ag vacancy,0.3,Ag,Sb (0.12) @ Ag; Se (0.05) @ Te,Ag vacancy (0.3) @ Ag site; Sb (0.12) @ Ag site; Se (0.05) @ Te site,Seebeck coefficient,209,μV K-1,750,K,body text,,
el3c01653.pdf,10.1021/acsaelm.3c01653,AgSbTe2,Ag0.7Sb1.12Te1.95Se0.05,Ag0.7Sb1.12Te1.95Se0.05,3,Yes,Ag vacancy,0.3,Ag,Sb (0.12) @ Ag; Se (0.05) @ Te,Ag vacancy (0.3) @ Ag site; Sb (0.12) @ Ag site; Se (0.05) @ Te site,electrical resistivity,2.3e-5 to 5.1e-5,Ω m,300 to 750,K,body text,,
el3c01653.pdf,10.1021/acsaelm.3c01653,AgSbTe2,Ag0.7Sb1.12Te1.95Se0.05,Ag0.7Sb1.12Te1.95Se0.05,3,Yes,Ag vacancy,0.3,Ag,Sb (0.12) @ Ag; Se (0.05) @ Te,Ag vacancy (0.3) @ Ag site; Sb (0.12) @ Ag site; Se (0.05) @ Te site,power factor,0.9,mW m-1 K-2,750,K,body text,,
el3c01653.pdf,10.1021/acsaelm.3c01653,AgSbTe2,Ag0.7Sb1.12Te1.95Se0.05,Ag0.7Sb1.12Te1.95Se0.05,3,Yes,Ag vacancy,0.3,Ag,Sb (0.12) @ Ag; Se (0.05) @ Te,Ag vacancy (0.3) @ Ag site; Sb (0.12) @ Ag site; Se (0.05) @ Te site,thermal conductivity,0.64,W m-1 K-1,773,K,body text,,
el3c01653.pdf,10.1021/acsaelm.3c01653,AgSbTe2,Ag0.7Sb1.12Te1.95Se0.05,Ag0.7Sb1.12Te1.95Se0.05,3,Yes,Ag vacancy,0.3,Ag,Sb (0.12) @ Ag; Se (0.05) @ Te,Ag vacancy (0.3) @ Ag site; Sb (0.12) @ Ag site; Se (0.05) @ Te site,ZT,1.01,dimensionless,750,K,body text,,
el3c01653.pdf,10.1021/acsaelm.3c01653,AgSbTe2,Ag0.7Sb1.12Te2,Ag0.7Sb1.12Te2,2,Yes,Ag,0.7,Ag,Sb (1.12) @ Sb,Ag (0.7) @ Ag site; Sb (1.12) @ Sb site,Seebeck coefficient,150,uV/K,300,K,figure,Fig. 6a,Visually estimated from Fig. 6a
el3c01653.pdf,10.1021/acsaelm.3c01653,AgSbTe2,Ag0.7Sb1.12Te2,Ag0.7Sb1.12Te2,2,Yes,Ag,0.7,Ag,Sb (1.12) @ Sb,Ag (0.7) @ Ag site; Sb (1.12) @ Sb site,Seebeck coefficient,250,uV/K,750,K,figure,Fig. 6a,Visually estimated from Fig. 6a
el3c01653.pdf,10.1021/acsaelm.3c01653,AgSbTe2,Ag0.7Sb1.12Te2,Ag0.7Sb1.12Te2,2,Yes,Ag,0.7,Ag,Sb (1.12) @ Sb,Ag (0.7) @ Ag site; Sb (1.12) @ Sb site,power factor,0.6,mW/mK^2,300,K,figure,Fig. 6c,Visually estimated from Fig. 6c
el3c01653.pdf,10.1021/acsaelm.3c01653,AgSbTe2,Ag0.7Sb1.12Te2,Ag0.7Sb1.12Te2,2,Yes,Ag,0.7,Ag,Sb (1.12) @ Sb,Ag (0.7) @ Ag site; Sb (1.12) @ Sb site,power factor,0.9,mW/mK^2,750,K,figure,Fig. 6c,Visually estimated from Fig. 6c
el3c01653.pdf,10.1021/acsaelm.3c01653,AgSbTe2,Ag0.7Sb1.12Te1.95Se0.05,Ag0.7Sb1.12Te1.95Se0.05,3,Yes,Ag,0.7,Ag,Sb (1.12) @ Sb; Se (0.05) @ Te,Ag (0.7) @ Ag site; Sb (1.12) @ Sb site; Se (0.05) @ Te site,Seebeck coefficient,100,uV/K,300,K,figure,Fig. 6a,Visually estimated from Fig. 6a
el3c01653.pdf,10.1021/acsaelm.3c01653,AgSbTe2,Ag0.7Sb1.12Te1.95Se0.05,Ag0.7Sb1.12Te1.95Se0.05,3,Yes,Ag,0.7,Ag,Sb (1.12) @ Sb; Se (0.05) @ Te,Ag (0.7) @ Ag site; Sb (1.12) @ Sb site; Se (0.05) @ Te site,Seebeck coefficient,180,uV/K,750,K,figure,Fig. 6a,Visually estimated from Fig. 6a
el3c01653.pdf,10.1021/acsaelm.3c01653,AgSbTe2,Ag0.7Sb1.12Te1.95Se0.05,Ag0.7Sb1.12Te1.95Se0.05,3,Yes,Ag,0.7,Ag,Sb (1.12) @ Sb; Se (0.05) @ Te,Ag (0.7) @ Ag site; Sb (1.12) @ Sb site; Se (0.05) @ Te site,power factor,0.4,mW/mK^2,300,K,figure,Fig. 6c,Visually estimated from Fig. 6c
el3c01653.pdf,10.1021/acsaelm.3c01653,AgSbTe2,Ag0.7Sb1.12Te1.95Se0.05,Ag0.7Sb1.12Te1.95Se0.05,3,Yes,Ag,0.7,Ag,Sb (1.12) @ Sb; Se (0.05) @ Te,Ag (0.7) @ Ag site; Sb (1.12) @ Sb site; Se (0.05) @ Te site,power factor,0.8,mW/mK^2,750,K,figure,Fig. 6c,Visually estimated from Fig. 6c
el3c01653.pdf,10.1021/acsaelm.3c01653,AgSbTe2,AgSbTe2,AgSbTe2,0,No,,,,,,thermal conductivity,0.45,W mK,300,K,figure,Fig. 7b,Visually estimated from Fig. 7b
el3c01653.pdf,10.1021/acsaelm.3c01653,AgSbTe2,AgSbTe2,AgSbTe2,0,No,,,,,,thermal conductivity,0.40,W mK,500,K,figure,Fig. 7b,Visually estimated from Fig. 7b
el3c01653.pdf,10.1021/acsaelm.3c01653,AgSbTe2,AgSbTe2,AgSbTe2,0,No,,,,,,thermal conductivity,0.45,W mK,773,K,figure,Fig. 7b,Visually estimated from Fig. 7b
el3c01653.pdf,10.1021/acsaelm.3c01653,AgSbTe2,AgSbTe2,AgSbTe2,0,No,,,,,,ZT,0.15,dimensionless,300,K,figure,Fig. 8,Visually estimated from Fig. 8
el3c01653.pdf,10.1021/acsaelm.3c01653,AgSbTe2,AgSbTe2,AgSbTe2,0,No,,,,,,ZT,0.40,dimensionless,500,K,figure,Fig. 8,Visually estimated from Fig. 8
el3c01653.pdf,10.1021/acsaelm.3c01653,AgSbTe2,AgSbTe2,AgSbTe2,0,No,,,,,,ZT,0.55,dimensionless,773,K,figure,Fig. 8,Visually estimated from Fig. 8
el3c01653.pdf,10.1021/acsaelm.3c01653,AgSbTe2,Ag0.7Sb1.12Te2,Ag0.7Sb1.12Te2,1,No,Ag,0.7,Ag,,Ag (0.7) @ Ag site,thermal conductivity,0.80,W mK,300,K,figure,Fig. 7b,Visually estimated from Fig. 7b
el3c01653.pdf,10.1021/acsaelm.3c01653,AgSbTe2,Ag0.7Sb1.12Te2,Ag0.7Sb1.12Te2,1,No,Ag,0.7,Ag,,Ag (0.7) @ Ag site,thermal conductivity,0.55,W mK,500,K,figure,Fig. 7b,Visually estimated from Fig. 7b
el3c01653.pdf,10.1021/acsaelm.3c01653,AgSbTe2,Ag0.7Sb1.12Te2,Ag0.7Sb1.12Te2,1,No,Ag,0.7,Ag,,Ag (0.7) @ Ag site,thermal conductivity,0.50,W mK,773,K,figure,Fig. 7b,Visually estimated from Fig. 7b
el3c01653.pdf,10.1021/acsaelm.3c01653,AgSbTe2,Ag0.7Sb1.12Te2,Ag0.7Sb1.12Te2,1,No,Ag,0.7,Ag,,Ag (0.7) @ Ag site,ZT,0.25,dimensionless,300,K,figure,Fig. 8,Visually estimated from Fig. 8
el3c01653.pdf,10.1021/acsaelm.3c01653,AgSbTe2,Ag0.7Sb1.12Te2,Ag0.7Sb1.12Te2,1,No,Ag,0.7,Ag,,Ag (0.7) @ Ag site,ZT,0.70,dimensionless,500,K,figure,Fig. 8,Visually estimated from Fig. 8
el3c01653.pdf,10.1021/acsaelm.3c01653,AgSbTe2,Ag0.7Sb1.12Te2,Ag0.7Sb1.12Te2,1,No,Ag,0.7,Ag,,Ag (0.7) @ Ag site,ZT,1.25,dimensionless,750,K,figure,Fig. 8,Visually estimated from Fig. 8
el3c01653.pdf,10.1021/acsaelm.3c01653,AgSbTe2,Ag0.7Sb1.12Te1.95Se0.05,Ag0.7Sb1.12Te1.95Se0.05,2,Yes,Ag,0.7,Ag,Se (0.05) @ Te,Ag (0.7) @ Ag site; Se (0.05) @ Te site,thermal conductivity,0.95,W mK,300,K,figure,Fig. 7b,Visually estimated from Fig. 7b
el3c01653.pdf,10.1021/acsaelm.3c01653,AgSbTe2,Ag0.7Sb1.12Te1.95Se0.05,Ag0.7Sb1.12Te1.95Se0.05,2,Yes,Ag,0.7,Ag,Se (0.05) @ Te,Ag (0.7) @ Ag site; Se (0.05) @ Te site,thermal conductivity,0.80,W mK,500,K,figure,Fig. 7b,Visually estimated from Fig. 7b
el3c01653.pdf,10.1021/acsaelm.3c01653,AgSbTe2,Ag0.7Sb1.12Te1.95Se0.05,Ag0.7Sb1.12Te1.95Se0.05,2,Yes,Ag,0.7,Ag,Se (0.05) @ Te,Ag (0.7) @ Ag site; Se (0.05) @ Te site,thermal conductivity,0.65,W mK,773,K,figure,Fig. 7b,Visually estimated from Fig. 7b
el3c01653.pdf,10.1021/acsaelm.3c01653,AgSbTe2,Ag0.7Sb1.12Te1.95Se0.05,Ag0.7Sb1.12Te1.95Se0.05,2,Yes,Ag,0.7,Ag,Se (0.05) @ Te,Ag (0.7) @ Ag site; Se (0.05) @ Te site,ZT,0.20,dimensionless,300,K,figure,Fig. 8,Visually estimated from Fig. 8
el3c01653.pdf,10.1021/acsaelm.3c01653,AgSbTe2,Ag0.7Sb1.12Te1.95Se0.05,Ag0.7Sb1.12Te1.95Se0.05,2,Yes,Ag,0.7,Ag,Se (0.05) @ Te,Ag (0.7) @ Ag site; Se (0.05) @ Te site,ZT,0.60,dimensionless,500,K,figure,Fig. 8,Visually estimated from Fig. 8
el3c01653.pdf,10.1021/acsaelm.3c01653,AgSbTe2,Ag0.7Sb1.12Te1.95Se0.05,Ag0.7Sb1.12Te1.95Se0.05,2,Yes,Ag,0.7,Ag,Se (0.05) @ Te,Ag (0.7) @ Ag site; Se (0.05) @ Te site,ZT,1.01,dimensionless,750,K,figure,Fig. 8,Visually estimated from Fig. 8
ja1c07522.pdf,10.1021/jacs.1c07522,AgSbTe2,ATMS,AgMnSbTe3,1,No,Mn,equimolar ratio,multiple sites,,Mn (equimolar ratio) @ multiple sites site,power factor,12.2,μW cm-1 K-2,823,K,text,Abstract,
ja1c07522.pdf,10.1021/jacs.1c07522,AgSbTe2,ATMS,AgMnSbTe3,1,No,Mn,equimolar ratio,multiple sites,,Mn (equimolar ratio) @ multiple sites site,lattice thermal conductivity,0.34,W m-1 K-1,823,K,text,Abstract,
ja1c07522.pdf,10.1021/jacs.1c07522,AgSbTe2,ATMS,AgMnSbTe3,1,No,Mn,equimolar ratio,multiple sites,,Mn (equimolar ratio) @ multiple sites site,ZT,1.46,dimensionless,823,K,text,Abstract,
ja1c07522.pdf,10.1021/jacs.1c07522,AgSbTe2,ATMS,AgMnSbTe3,1,No,Mn,equimolar ratio,multiple sites,,Mn (equimolar ratio) @ multiple sites site,ZT,0.87,dimensionless,400-823,K,text,Abstract,average ZT
ja1c07522.pdf,10.1021/jacs.1c07522,AgSbTe2,ATMS,AgMnSbTe3,1,No,Mn,equimolar ratio,multiple sites,,Mn (equimolar ratio) @ multiple sites site,electrical conductivity,158.4,S/cm,300,K,text,"Results and Discussion, Section 3",
ja1c07522.pdf,10.1021/jacs.1c07522,AgSbTe2,ATMS,AgMnSbTe3,1,No,Mn,equimolar ratio,multiple sites,,Mn (equimolar ratio) @ multiple sites site,electrical conductivity,91.1,S/cm,623,K,text,"Results and Discussion, Section 3",
ja1c07522.pdf,10.1021/jacs.1c07522,AgSbTe2,ATMS,AgMnSbTe3,1,No,Mn,equimolar ratio,multiple sites,,Mn (equimolar ratio) @ multiple sites site,electrical conductivity,242,S/cm,823,K,text,"Results and Discussion, Section 3",
ja1c07522.pdf,10.1021/jacs.1c07522,AgSbTe2,ATMS,AgMnSbTe3,1,No,Mn,equimolar ratio,multiple sites,,Mn (equimolar ratio) @ multiple sites site,Seebeck coefficient,197,μV/K,300,K,text,"Results and Discussion, Section 3",
ja1c07522.pdf,10.1021/jacs.1c07522,AgSbTe2,ATMS,AgMnSbTe3,1,No,Mn,equimolar ratio,multiple sites,,Mn (equimolar ratio) @ multiple sites site,Seebeck coefficient,289,μV/K,573,K,text,"Results and Discussion, Section 3",
ja1c07522.pdf,10.1021/jacs.1c07522,AgSbTe2,ATMS,AgMnSbTe3,1,No,Mn,equimolar ratio,multiple sites,,Mn (equimolar ratio) @ multiple sites site,Seebeck coefficient,225,μV/K,823,K,text,"Results and Discussion, Section 3",
ja1c07522.pdf,10.1021/jacs.1c07522,AgSbTe2,ATMS,AgMnSbTe3,1,No,Mn,equimolar ratio,multiple sites,,Mn (equimolar ratio) @ multiple sites site,power factor,6.1,μW cm-1 K-2,300,K,text,"Results and Discussion, Section 3",
ja1c07522.pdf,10.1021/jacs.1c07522,AgSbTe2,ATMS,AgMnSbTe3,1,No,Mn,equimolar ratio,multiple sites,,Mn (equimolar ratio) @ multiple sites site,thermal conductivity,0.7,W m-1 K-1,300,K,text,"Results and Discussion, Section 3",
ja1c07522.pdf,10.1021/jacs.1c07522,AgSbTe2,ATMS,AgMnSbTe3,1,No,Mn,equimolar ratio,multiple sites,,Mn (equimolar ratio) @ multiple sites site,thermal conductivity,0.57,W m-1 K-1,623,K,text,"Results and Discussion, Section 3",
ja1c07522.pdf,10.1021/jacs.1c07522,AgSbTe2,ATMS,AgMnSbTe3,1,No,Mn,equimolar ratio,multiple sites,,Mn (equimolar ratio) @ multiple sites site,lattice thermal conductivity,0.62,W m-1 K-1,300,K,text,"Results and Discussion, Section 3",
ja1c07522.pdf,10.1021/jacs.1c07522,AgSbTe2,ATMS,AgMnSbTe3,1,No,Mn,equimolar ratio,multiple sites,,Mn (equimolar ratio) @ multiple sites site,ZT,0.27,dimensionless,300,K,text,"Results and Discussion, Section 3",
ja1c07522.pdf,10.1021/jacs.1c07522,AgSbTe2,AgMnSbTe3 (m=1),AgMnSbTe3,1,No,Mn,equimolar ratio,multiple sites,,Mn (equimolar ratio) @ multiple sites site,electrical conductivity,120,Scm^-1,823,K,figure,Figure 4A,Visually estimated from Figure 4A
ja1c07522.pdf,10.1021/jacs.1c07522,AgSbTe2,AgMnSbTe3 (m=1),AgMnSbTe3,1,No,Mn,equimolar ratio,multiple sites,,Mn (equimolar ratio) @ multiple sites site,Seebeck coefficient,240,uVK^-1,823,K,figure,Figure 4B,Visually estimated from Figure 4B
ja1c07522.pdf,10.1021/jacs.1c07522,AgSbTe2,AgMnSbTe3 (m=1),AgMnSbTe3,1,No,Mn,equimolar ratio,multiple sites,,Mn (equimolar ratio) @ multiple sites site,power factor,12.2,uW cm^-1 K^-2,823,K,figure,Figure 4C,Visually estimated from Figure 4C
ja1c07522.pdf,10.1021/jacs.1c07522,AgSbTe2,AgMnSbTe3 (m=1),AgMnSbTe3,1,No,Mn,equimolar ratio,multiple sites,,Mn (equimolar ratio) @ multiple sites site,thermal conductivity,0.7,Wm^-1K^-1,823,K,figure,Figure 4D,Visually estimated from Figure 4D
ja1c07522.pdf,10.1021/jacs.1c07522,AgSbTe2,AgMnSbTe3 (m=1),AgMnSbTe3,1,No,Mn,equimolar ratio,multiple sites,,Mn (equimolar ratio) @ multiple sites site,lattice thermal conductivity,0.34,Wm^-1K^-1,823,K,figure,Figure 4E,Visually estimated from Figure 4E
ja1c07522.pdf,10.1021/jacs.1c07522,AgSbTe2,AgMnSbTe3 (m=1),AgMnSbTe3,1,No,Mn,equimolar ratio,multiple sites,,Mn (equimolar ratio) @ multiple sites site,ZT,1.46,dimensionless,823,K,figure,Figure 4F,Visually estimated from Figure 4F
ja1c07522.pdf,10.1021/jacs.1c07522,AgSbTe2,AgMnSbTe2 (m=1),AgMnSbTe2,1,No,Mn,equimolar,multiple sites,,Mn (equimolar) @ multiple sites site,Seebeck coefficient,197,uV/K,300,K,body text,,
ja1c07522.pdf,10.1021/jacs.1c07522,AgSbTe2,AgMnSbTe2 (m=1),AgMnSbTe2,1,No,Mn,equimolar,multiple sites,,Mn (equimolar) @ multiple sites site,Seebeck coefficient,289,uV/K,573,K,body text,,
ja1c07522.pdf,10.1021/jacs.1c07522,AgSbTe2,AgMnSbTe2 (m=1),AgMnSbTe2,1,No,Mn,equimolar,multiple sites,,Mn (equimolar) @ multiple sites site,Seebeck coefficient,225,uV/K,823,K,body text,,
ja1c07522.pdf,10.1021/jacs.1c07522,AgSbTe2,AgMnSbTe2 (m=1),AgMnSbTe2,1,No,Mn,equimolar,multiple sites,,Mn (equimolar) @ multiple sites site,power factor,6.1,uW cm-1 K-2,300,K,body text,,
ja1c07522.pdf,10.1021/jacs.1c07522,AgSbTe2,AgMnSbTe2 (m=1),AgMnSbTe2,1,No,Mn,equimolar,multiple sites,,Mn (equimolar) @ multiple sites site,power factor,12.2,uW cm-1 K-2,823,K,body text,,
ja1c07522.pdf,10.1021/jacs.1c07522,AgSbTe2,AgMnSbTe2 (m=1),AgMnSbTe2,1,No,Mn,equimolar,multiple sites,,Mn (equimolar) @ multiple sites site,thermal conductivity,0.7,W m-1 K-1,300,K,body text,,
ja1c07522.pdf,10.1021/jacs.1c07522,AgSbTe2,AgMnSbTe2 (m=1),AgMnSbTe2,1,No,Mn,equimolar,multiple sites,,Mn (equimolar) @ multiple sites site,thermal conductivity,0.57,W m-1 K-1,623,K,body text,,
ja1c07522.pdf,10.1021/jacs.1c07522,AgSbTe2,AgMnSbTe2 (m=1),AgMnSbTe2,1,No,Mn,equimolar,multiple sites,,Mn (equimolar) @ multiple sites site,lattice thermal conductivity,0.62,W m-1 K-1,300,K,body text,,
ja1c07522.pdf,10.1021/jacs.1c07522,AgSbTe2,AgMnSbTe2 (m=1),AgMnSbTe2,1,No,Mn,equimolar,multiple sites,,Mn (equimolar) @ multiple sites site,lattice thermal conductivity,0.34,W m-1 K-1,823,K,body text,,
ja1c07522.pdf,10.1021/jacs.1c07522,AgSbTe2,AgMnSbTe2 (m=1),AgMnSbTe2,1,No,Mn,equimolar,multiple sites,,Mn (equimolar) @ multiple sites site,ZT,0.27,dimensionless,300,K,body text,,
ja1c07522.pdf,10.1021/jacs.1c07522,AgSbTe2,AgMnSbTe2 (m=1),AgMnSbTe2,1,No,Mn,equimolar,multiple sites,,Mn (equimolar) @ multiple sites site,ZT,0.87,dimensionless,823,K,body text,,
ja1c08931.pdf,10.1021/jacs.1c08931,(SnSe)0.5(AgSbTe2)0.5,pristine (SnSe)0.5(AgSbSe2)0.5,(SnSe)0.5(AgSbSe2)0.5,0,No,,,,,,electrical conductivity,66,S/cm,295,K,body text,,
ja1c08931.pdf,10.1021/jacs.1c08931,(SnSe)0.5(AgSbTe2)0.5,pristine (SnSe)0.5(AgSbSe2)0.5,(SnSe)0.5(AgSbSe2)0.5,0,No,,,,,,electrical conductivity,90,S/cm,725,K,body text,,
ja1c08931.pdf,10.1021/jacs.1c08931,(SnSe)0.5(AgSbTe2)0.5,pristine (SnSe)0.5(AgSbSe2)0.5,(SnSe)0.5(AgSbSe2)0.5,0,No,,,,,,Seebeck coefficient,194,μV/K,295,K,body text,,
ja1c08931.pdf,10.1021/jacs.1c08931,(SnSe)0.5(AgSbTe2)0.5,pristine (SnSe)0.5(AgSbSe2)0.5,(SnSe)0.5(AgSbSe2)0.5,0,No,,,,,,Seebeck coefficient,242,μV/K,725,K,body text,,
ja1c08931.pdf,10.1021/jacs.1c08931,(SnSe)0.5(AgSbTe2)0.5,pristine (SnSe)0.5(AgSbSe2)0.5,(SnSe)0.5(AgSbSe2)0.5,0,No,,,,,,power factor,5.27,μW/cm·K2,725,K,body text,,
ja1c08931.pdf,10.1021/jacs.1c08931,(SnSe)0.5(AgSbTe2)0.5,pristine (SnSe)0.5(AgSbSe2)0.5,(SnSe)0.5(AgSbSe2)0.5,0,No,,,,,,ZT,0.77,dimensionless,725,K,body text,,
ja1c08931.pdf,10.1021/jacs.1c08931,(SnSe)0.5(AgSbTe2)0.5,pristine (SnSe)0.5(AgSbSe2)0.5,(SnSe)0.5(AgSbSe2)0.5,0,No,,,,,,thermal conductivity,0.52,W/(m·K),295,K,body text,,
ja1c08931.pdf,10.1021/jacs.1c08931,(SnSe)0.5(AgSbTe2)0.5,pristine (SnSe)0.5(AgSbSe2)0.5,(SnSe)0.5(AgSbSe2)0.5,0,No,,,,,,thermal conductivity,0.45,W/(m·K),579,K,body text,,
ja1c08931.pdf,10.1021/jacs.1c08931,(SnSe)0.5(AgSbTe2)0.5,pristine (SnSe)0.5(AgSbSe2)0.5,(SnSe)0.5(AgSbSe2)0.5,0,No,,,,,,lattice thermal conductivity,0.49,W/(m·K),295,K,body text,,
ja1c08931.pdf,10.1021/jacs.1c08931,(SnSe)0.5(AgSbTe2)0.5,pristine (SnSe)0.5(AgSbSe2)0.5,(SnSe)0.5(AgSbSe2)0.5,0,No,,,,,,lattice thermal conductivity,0.39,W/(m·K),725,K,body text,,
ja1c08931.pdf,10.1021/jacs.1c08931,(SnSe)0.5(AgSbTe2)0.5,(SnSe)0.5(AgSb1-xGexSe2)0.5 (x = 0.06),(SnSe)0.5(AgSb0.94Ge0.06Se2)0.5,1,No,Ge,6 mol %,Sb,,Ge (6 mol %) @ Sb site,power factor,7.88,μW/cm·K2,706,K,body text,,
ja1c08931.pdf,10.1021/jacs.1c08931,(SnSe)0.5(AgSbTe2)0.5,(SnSe)0.5(AgSb1-xGexSe2)0.5 (x = 0.06),(SnSe)0.5(AgSb0.94Ge0.06Se2)0.5,1,No,Ge,6 mol %,Sb,,Ge (6 mol %) @ Sb site,ZT,1.05,dimensionless,706,K,body text,,
ja1c08931.pdf,10.1021/jacs.1c08931,(SnSe)0.5(AgSbTe2)0.5,(SnSe)0.5(AgSb1-xGexSe2)0.5 (x = 0.08),(SnSe)0.5(AgSb0.92Ge0.08Se2)0.5,1,No,Ge,x = 0.08,Sb,,Ge (x = 0.08) @ Sb site,electrical conductivity,361,S/cm,room temperature,K,body text,,
ja1c08931.pdf,10.1021/jacs.1c08931,(SnSe)0.5(AgSbTe2)0.5,(SnSe)0.5(AgSb1-xGexSe2)0.5 (x = 0.08),(SnSe)0.5(AgSb0.92Ge0.08Se2)0.5,1,No,Ge,x = 0.08,Sb,,Ge (x = 0.08) @ Sb site,Seebeck coefficient,78,μV/K,room temperature,K,body text,,
ja1c08931.pdf,10.1021/jacs.1c08931,(SnSe)0.5(AgSbTe2)0.5,(SnSe)0.5(AgSb1-xGexSe2)0.5 (x = 0.10),(SnSe)0.5(AgSb0.9Ge0.1Se2)0.5,1,No,Ge,x = 0.10,Sb,,Ge (x = 0.10) @ Sb site,thermal conductivity,0.80,W/(m·K),room temperature,K,body text,,
ja1c08931.pdf,10.1021/jacs.1c08931,(SnSe)0.5(AgSbTe2)0.5,(SnSe)0.5(AgSbSe2)0.5,(SnSe)0.5(AgSbSe2)0.5,0,No,,,,,,thermal conductivity,0.52,W/(m·K),295,K,figure,Figure 1c,Visually estimated from Figure 1c
ja1c08931.pdf,10.1021/jacs.1c08931,(SnSe)0.5(AgSbTe2)0.5,(SnSe)0.5(AgSbSe2)0.5,(SnSe)0.5(AgSbSe2)0.5,0,No,,,,,,thermal conductivity,0.45,W/(m·K),579,K,figure,Figure 1c,Visually estimated from Figure 1c
ja1c08931.pdf,10.1021/jacs.1c08931,(SnSe)0.5(AgSbTe2)0.5,(SnSe)0.5(AgSbSe2)0.5,(SnSe)0.5(AgSbSe2)0.5,0,No,,,,,,lattice thermal conductivity,0.49,W/(m·K),295,K,figure,Figure 1c,Visually estimated from Figure 1c
ja1c08931.pdf,10.1021/jacs.1c08931,(SnSe)0.5(AgSbTe2)0.5,(SnSe)0.5(AgSbSe2)0.5,(SnSe)0.5(AgSbSe2)0.5,0,No,,,,,,lattice thermal conductivity,0.39,W/(m·K),579,K,figure,Figure 1c,Visually estimated from Figure 1c
ja1c08931.pdf,10.1021/jacs.1c08931,(SnSe)0.5(AgSbTe2)0.5,"(SnSe)0.5(AgSb1-xGexTe2)0.5, x=0.0",(SnSe)0.5(AgSbTe2)0.5,1,No,Ge,x=0.0,Sb,,Ge (x=0.0) @ Sb site,electrical conductivity,66,S/cm,,,body text,,
ja1c08931.pdf,10.1021/jacs.1c08931,(SnSe)0.5(AgSbTe2)0.5,"(SnSe)0.5(AgSb1-xGexTe2)0.5, x=0.0",(SnSe)0.5(AgSbTe2)0.5,1,No,Ge,x=0.0,Sb,,Ge (x=0.0) @ Sb site,Seebeck coefficient,194,uV/K,295,K,body text,,
ja1c08931.pdf,10.1021/jacs.1c08931,(SnSe)0.5(AgSbTe2)0.5,"(SnSe)0.5(AgSb1-xGexTe2)0.5, x=0.0",(SnSe)0.5(AgSbTe2)0.5,1,No,Ge,x=0.0,Sb,,Ge (x=0.0) @ Sb site,Seebeck coefficient,242,uV/K,725,K,body text,,
ja1c08931.pdf,10.1021/jacs.1c08931,(SnSe)0.5(AgSbTe2)0.5,"(SnSe)0.5(AgSb1-xGexTe2)0.5, x=0.0",(SnSe)0.5(AgSbTe2)0.5,1,No,Ge,x=0.0,Sb,,Ge (x=0.0) @ Sb site,power factor,5.27,uW/cmK2,725,K,body text,,
ja1c08931.pdf,10.1021/jacs.1c08931,(SnSe)0.5(AgSbTe2)0.5,"(SnSe)0.5(AgSb1-xGexTe2)0.5, x=0.0",(SnSe)0.5(AgSbTe2)0.5,1,No,Ge,x=0.0,Sb,,Ge (x=0.0) @ Sb site,ZT,0.77,dimensionless,725,K,body text,,
ja1c08931.pdf,10.1021/jacs.1c08931,(SnSe)0.5(AgSbTe2)0.5,"(SnSe)0.5(AgSb1-xGexTe2)0.5, x=0.08",(SnSe)0.5(AgSb0.92Ge0.08Te2)0.5,1,No,Ge,x=0.08,Sb,,Ge (x=0.08) @ Sb site,electrical conductivity,361,S/cm,,,body text,,
ja1c08931.pdf,10.1021/jacs.1c08931,(SnSe)0.5(AgSbTe2)0.5,"(SnSe)0.5(AgSb1-xGexTe2)0.5, x=0.08",(SnSe)0.5(AgSb0.92Ge0.08Te2)0.5,1,No,Ge,x=0.08,Sb,,Ge (x=0.08) @ Sb site,Seebeck coefficient,78,uV/K,,,body text,,
ja1c08931.pdf,10.1021/jacs.1c08931,(SnSe)0.5(AgSbTe2)0.5,"(SnSe)0.5(AgSb1-xGexTe2)0.5, x=0.06",(SnSe)0.5(AgSb0.94Ge0.06Te2)0.5,1,No,Ge,x=0.06,Sb,,Ge (x=0.06) @ Sb site,power factor,7.88,uW/cmK2,706,K,body text,,
ja1c08931.pdf,10.1021/jacs.1c08931,(SnSe)0.5(AgSbTe2)0.5,"(SnSe)0.5(AgSb1-xGexTe2)0.5, x=0.06",(SnSe)0.5(AgSb0.94Ge0.06Te2)0.5,1,No,Ge,x=0.06,Sb,,Ge (x=0.06) @ Sb site,ZT,1.05,dimensionless,706,K,body text,,
ja309626q.pdf,10.1021/ja309626q,PbmSb2nTem+3n,Pb2Sb5.22Te9.83,Pb2Sb5.22Te9.83,1,No,Sb,Sb/Pb ratio of 2.61,multiple sites,,Sb (Sb/Pb ratio of 2.61) @ multiple sites site,,,,,,,,
ja309626q.pdf,10.1021/ja309626q,PbmSb2nTem+3n,Pb2.84Sb2Te5.84,Pb2.84Sb2Te5.84,1,No,Sb,nominal Pb2Sb2Te5,multiple sites,,Sb (nominal Pb2Sb2Te5) @ multiple sites site,,,,,,,,
ja309626q.pdf,10.1021/ja309626q,PbmSb2nTem+3n,Pb3.00Sb2Te6.00,Pb3.00Sb2Te6.00,1,No,Sb,nominal Pb3Sb2Te6,multiple sites,,Sb (nominal Pb3Sb2Te6) @ multiple sites site,,,,,,,,
ja309626q.pdf,10.1021/ja309626q,PbmSb2nTem+3n,Pb4.36Sb2Te7.36,Pb4.36Sb2Te7.36,1,No,Sb,nominal Pb4Sb2Te7,multiple sites,,Sb (nominal Pb4Sb2Te7) @ multiple sites site,,,,,,,,
ja309626q.pdf,10.1021/ja309626q,PbmSb2nTem+3n,Pb6.42Sb2Te9.42,Pb6.42Sb2Te9.42,1,No,Sb,nominal Pb6Sb2Te9,multiple sites,,Sb (nominal Pb6Sb2Te9) @ multiple sites site,,,,,,,,
ja309626q.pdf,10.1021/ja309626q,PbmSb2nTem+3n,Pb8.32Sb2Te11.32,Pb8.32Sb2Te11.32,1,No,Sb,nominal Pb8Sb2Te11,multiple sites,,Sb (nominal Pb8Sb2Te11) @ multiple sites site,,,,,,,,
ja309626q.pdf,10.1021/ja309626q,PbmSb2nTem+3n,Pb10.44Sb2Te13.44,Pb10.44Sb2Te13.44,1,No,Sb,nominal Pb10Sb2Te13,multiple sites,,Sb (nominal Pb10Sb2Te13) @ multiple sites site,,,,,,,,
ja3c09643.pdf,10.1021/jacs.3c09643,AgSbTe2,AgSbTe2,AgSbTe2,0,No,,,,,,lattice thermal conductivity,0.49,W m-1 K-1,297,K,body text,Page 6,
ja3c09643.pdf,10.1021/jacs.3c09643,AgSbTe2,AgSbTe2,AgSbTe2,0,No,,,,,,ZT,0.9,dimensionless,570,K,body text,Page 6,
ja3c09643.pdf,10.1021/jacs.3c09643,AgSbTe2,AgSb0.96Hg0.04Te2,AgSb0.96Hg0.04Te2,1,No,Hg,4 mol %,Sb,,Hg (4 mol %) @ Sb site,lattice thermal conductivity,0.32,W m-1 K-1,297,K,body text,Page 1,
ja3c09643.pdf,10.1021/jacs.3c09643,AgSbTe2,AgSb0.96Hg0.04Te2,AgSb0.96Hg0.04Te2,1,No,Hg,4 mol %,Sb,,Hg (4 mol %) @ Sb site,ZT,2.4,dimensionless,570,K,body text,Page 1,
ja3c09643.pdf,10.1021/jacs.3c09643,AgSbTe2,AgSb0.96Hg0.04Te2,AgSb0.96Hg0.04Te2,1,No,Hg,4 mol %,Sb,,Hg (4 mol %) @ Sb site,electrical conductivity,212,S cm-1,297,K,body text,Page 5,
ja3c09643.pdf,10.1021/jacs.3c09643,AgSbTe2,AgSb0.96Hg0.04Te2,AgSb0.96Hg0.04Te2,1,No,Hg,4 mol %,Sb,,Hg (4 mol %) @ Sb site,Seebeck coefficient,240,μV K-1,297,K,body text,Page 5,
ja3c09643.pdf,10.1021/jacs.3c09643,AgSbTe2,AgSb0.96Hg0.04Te2,AgSb0.96Hg0.04Te2,1,No,Hg,4 mol %,Sb,,Hg (4 mol %) @ Sb site,power factor,12.2,μW cm-1 K-2,297,K,body text,Page 6,
ja3c09643.pdf,10.1021/jacs.3c09643,AgSbTe2,AgSb0.96Hg0.04Te2,AgSb0.96Hg0.04Te2,1,No,Hg,4 mol %,Sb,,Hg (4 mol %) @ Sb site,power factor,18.6,μW cm-1 K-2,570,K,body text,Page 6,
ja3c09643.pdf,10.1021/jacs.3c09643,AgSbTe2,AgSbTe2,AgSbTe2,0,No,,,,,,electrical conductivity,104,S cm-1,300,K,figure,Figure 5a,Visually estimated from Figure 5a
ja3c09643.pdf,10.1021/jacs.3c09643,AgSbTe2,AgSbTe2,AgSbTe2,0,No,,,,,,Seebeck coefficient,273,uV K-1,300,K,figure,Figure 5b,Visually estimated from Figure 5b
ja3c09643.pdf,10.1021/jacs.3c09643,AgSbTe2,AgSbTe2,AgSbTe2,0,No,,,,,,power factor,8,uW cm-1 K-2,300,K,figure,Figure 5c,Visually estimated from Figure 5c
ja3c09643.pdf,10.1021/jacs.3c09643,AgSbTe2,AgSbTe2,AgSbTe2,0,No,,,,,,lattice thermal conductivity,0.45,W m-1 K-1,300,K,figure,Figure 5d,Visually estimated from Figure 5d
ja3c09643.pdf,10.1021/jacs.3c09643,AgSbTe2,AgSb0.96Hg0.04Te2,AgSb0.96Hg0.04Te2,1,No,Hg,4 mol %,Sb,,Hg (4 mol %) @ Sb site,electrical conductivity,212,S cm-1,300,K,figure,Figure 5a,Visually estimated from Figure 5a
ja3c09643.pdf,10.1021/jacs.3c09643,AgSbTe2,AgSb0.96Hg0.04Te2,AgSb0.96Hg0.04Te2,1,No,Hg,4 mol %,Sb,,Hg (4 mol %) @ Sb site,Seebeck coefficient,240,uV K-1,300,K,figure,Figure 5b,Visually estimated from Figure 5b
ja3c09643.pdf,10.1021/jacs.3c09643,AgSbTe2,AgSb0.96Hg0.04Te2,AgSb0.96Hg0.04Te2,1,No,Hg,4 mol %,Sb,,Hg (4 mol %) @ Sb site,power factor,12,uW cm-1 K-2,300,K,figure,Figure 5c,Visually estimated from Figure 5c
ja3c09643.pdf,10.1021/jacs.3c09643,AgSbTe2,AgSb0.96Hg0.04Te2,AgSb0.96Hg0.04Te2,1,No,Hg,4 mol %,Sb,,Hg (4 mol %) @ Sb site,lattice thermal conductivity,0.32,W m-1 K-1,300,K,figure,Figure 5d,Visually estimated from Figure 5d
ja3c09643.pdf,10.1021/jacs.3c09643,AgSbTe2,AgSb0.98Hg0.02Te2,AgSb0.98Hg0.02Te2,1,No,Hg,2 mol %,Sb,,Hg (2 mol %) @ Sb site,electrical conductivity,160,S cm-1,300,K,figure,Figure 5a,Visually estimated from Figure 5a
ja3c09643.pdf,10.1021/jacs.3c09643,AgSbTe2,AgSb0.98Hg0.02Te2,AgSb0.98Hg0.02Te2,1,No,Hg,2 mol %,Sb,,Hg (2 mol %) @ Sb site,Seebeck coefficient,250,uV K-1,300,K,figure,Figure 5b,Visually estimated from Figure 5b
ja3c09643.pdf,10.1021/jacs.3c09643,AgSbTe2,AgSb0.98Hg0.02Te2,AgSb0.98Hg0.02Te2,1,No,Hg,2 mol %,Sb,,Hg (2 mol %) @ Sb site,power factor,10,uW cm-1 K-2,300,K,figure,Figure 5c,Visually estimated from Figure 5c
ja3c09643.pdf,10.1021/jacs.3c09643,AgSbTe2,AgSb0.98Hg0.02Te2,AgSb0.98Hg0.02Te2,1,No,Hg,2 mol %,Sb,,Hg (2 mol %) @ Sb site,lattice thermal conductivity,0.38,W m-1 K-1,300,K,figure,Figure 5d,Visually estimated from Figure 5d
ja3c09643.pdf,10.1021/jacs.3c09643,AgSbTe2,AgSb0.94Hg0.06Te2,AgSb0.94Hg0.06Te2,1,No,Hg,6 mol %,Sb,,Hg (6 mol %) @ Sb site,electrical conductivity,180,S cm-1,300,K,figure,Figure 5a,Visually estimated from Figure 5a
ja3c09643.pdf,10.1021/jacs.3c09643,AgSbTe2,AgSb0.94Hg0.06Te2,AgSb0.94Hg0.06Te2,1,No,Hg,6 mol %,Sb,,Hg (6 mol %) @ Sb site,Seebeck coefficient,245,uV K-1,300,K,figure,Figure 5b,Visually estimated from Figure 5b
ja3c09643.pdf,10.1021/jacs.3c09643,AgSbTe2,AgSb0.94Hg0.06Te2,AgSb0.94Hg0.06Te2,1,No,Hg,6 mol %,Sb,,Hg (6 mol %) @ Sb site,power factor,11,uW cm-1 K-2,300,K,figure,Figure 5c,Visually estimated from Figure 5c
ja3c09643.pdf,10.1021/jacs.3c09643,AgSbTe2,AgSb0.94Hg0.06Te2,AgSb0.94Hg0.06Te2,1,No,Hg,6 mol %,Sb,,Hg (6 mol %) @ Sb site,lattice thermal conductivity,0.35,W m-1 K-1,300,K,figure,Figure 5d,Visually estimated from Figure 5d
ja3c09643.pdf,10.1021/jacs.3c09643,AgSbTe2,AgSbTe2,AgSbTe2,0,No,,,,,,ZT,0.8,dimensionless,570,K,figure,,Visually estimated from Figure 6a
ja3c09643.pdf,10.1021/jacs.3c09643,AgSbTe2,AgSb0.98Hg0.02Te2,AgSb0.98Hg0.02Te2,1,No,Hg,0.02,Sb,,Hg (0.02) @ Sb site,ZT,1.6,dimensionless,570,K,figure,,Visually estimated from Figure 6a
ja3c09643.pdf,10.1021/jacs.3c09643,AgSbTe2,AgSb0.96Hg0.04Te2,AgSb0.96Hg0.04Te2,1,No,Hg,0.04,Sb,,Hg (0.04) @ Sb site,ZT,2.4,dimensionless,570,K,figure,,Visually estimated from Figure 6a
ja3c09643.pdf,10.1021/jacs.3c09643,AgSbTe2,AgSb0.94Hg0.06Te2,AgSb0.94Hg0.06Te2,1,No,Hg,0.06,Sb,,Hg (0.06) @ Sb site,ZT,2.0,dimensionless,570,K,figure,,Visually estimated from Figure 6a
ja6c00040.pdf,10.1021/jacs.6c00040,AgSbTe2,nanocrystalline Ag0.8Sb1.2Te2.2,Ag0.8Sb1.2Te2.2,0,No,,,,,,Seebeck coefficient,330,μV/K,300,K,text,body text,
ja6c00040.pdf,10.1021/jacs.6c00040,AgSbTe2,nanocrystalline Ag0.8Sb1.2Te2.2,Ag0.8Sb1.2Te2.2,0,No,,,,,,Seebeck coefficient,300,μV/K,575,K,text,body text,
ja6c00040.pdf,10.1021/jacs.6c00040,AgSbTe2,nanocrystalline Ag0.8Sb1.2Te2.2,Ag0.8Sb1.2Te2.2,0,No,,,,,,ZT,1.2,dimensionless,575,K,text,body text,
ja6c00040.pdf,10.1021/jacs.6c00040,AgSbTe2,nanocrystalline Ag0.8Sb1.2Te2.2,Ag0.8Sb1.2Te2.2,0,No,,,,,,lattice thermal conductivity,0.1,W/m K,30,K,text,body text,
ja6c00040.pdf,10.1021/jacs.6c00040,AgSbTe2,nanocrystalline Ag0.8Sb1.2Te2.2,Ag0.8Sb1.2Te2.2,0,No,,,,,,lattice thermal conductivity,0.2,W/m K,575,K,text,body text,
ja6c00040.pdf,10.1021/jacs.6c00040,AgSbTe2,nanocrystalline Ag0.8Sb1.2Te2.2,Ag0.8Sb1.2Te2.2,0,No,,,,,,electrical conductivity,25,S/cm,300,K,text,body text,
ja6c00040.pdf,10.1021/jacs.6c00040,AgSbTe2,nanocrystalline Ag0.8Sb1.2Te2.2,Ag0.8Sb1.2Te2.2,0,No,,,,,,electrical conductivity,50,S/cm,575,K,text,body text,
ja6c00040.pdf,10.1021/jacs.6c00040,AgSbTe2,bulk Ag0.8Sb1.2Te2.2,Ag0.8Sb1.2Te2.2,0,No,,,,,,Seebeck coefficient,180,μV/K,300,K,text,body text,
ja6c00040.pdf,10.1021/jacs.6c00040,AgSbTe2,bulk Ag0.8Sb1.2Te2.2,Ag0.8Sb1.2Te2.2,0,No,,,,,,ZT,0.66,dimensionless,575,K,text,body text,
ja6c00040.pdf,10.1021/jacs.6c00040,AgSbTe2,bulk Ag0.8Sb1.2Te2.2,Ag0.8Sb1.2Te2.2,0,No,,,,,,electrical conductivity,210,S/cm,300,K,text,body text,
ja6c00040.pdf,10.1021/jacs.6c00040,AgSbTe2,bulk Ag0.8Sb1.2Te2.2,Ag0.8Sb1.2Te2.2,0,No,,,,,,electrical conductivity,110,S/cm,575,K,text,body text,
ja6c00040.pdf,10.1021/jacs.6c00040,AgSbTe2,nanocrystalline Ag0.8Sb1.2Te2.2,Ag0.8Sb1.2Te2.2,3,Yes,Ag,0.8,Ag,Sb (1.2) @ Sb; Te (2.2) @ Te,Ag (0.8) @ Ag site; Sb (1.2) @ Sb site; Te (2.2) @ Te site,electrical conductivity,25,S/cm,300,K,figure,Figure 4a,Visually estimated from Figure 4a
ja6c00040.pdf,10.1021/jacs.6c00040,AgSbTe2,nanocrystalline Ag0.8Sb1.2Te2.2,Ag0.8Sb1.2Te2.2,3,Yes,Ag,0.8,Ag,Sb (1.2) @ Sb; Te (2.2) @ Te,Ag (0.8) @ Ag site; Sb (1.2) @ Sb site; Te (2.2) @ Te site,electrical conductivity,50,S/cm,575,K,figure,Figure 4a,Visually estimated from Figure 4a
ja6c00040.pdf,10.1021/jacs.6c00040,AgSbTe2,nanocrystalline Ag0.8Sb1.2Te2.2,Ag0.8Sb1.2Te2.2,3,Yes,Ag,0.8,Ag,Sb (1.2) @ Sb; Te (2.2) @ Te,Ag (0.8) @ Ag site; Sb (1.2) @ Sb site; Te (2.2) @ Te site,Seebeck coefficient,330,uV/K,300,K,figure,Figure 4b,Visually estimated from Figure 4b
ja6c00040.pdf,10.1021/jacs.6c00040,AgSbTe2,nanocrystalline Ag0.8Sb1.2Te2.2,Ag0.8Sb1.2Te2.2,3,Yes,Ag,0.8,Ag,Sb (1.2) @ Sb; Te (2.2) @ Te,Ag (0.8) @ Ag site; Sb (1.2) @ Sb site; Te (2.2) @ Te site,Seebeck coefficient,280,uV/K,575,K,figure,Figure 4b,Visually estimated from Figure 4b
ja6c00040.pdf,10.1021/jacs.6c00040,AgSbTe2,nanocrystalline Ag0.8Sb1.2Te2.2,Ag0.8Sb1.2Te2.2,3,Yes,Ag,0.8,Ag,Sb (1.2) @ Sb; Te (2.2) @ Te,Ag (0.8) @ Ag site; Sb (1.2) @ Sb site; Te (2.2) @ Te site,lattice thermal conductivity,0.19,W/m K,300-575,K,figure,Figure 4c,Visually estimated from Figure 4c
ja6c00040.pdf,10.1021/jacs.6c00040,AgSbTe2,nanocrystalline Ag0.8Sb1.2Te2.2,Ag0.8Sb1.2Te2.2,3,Yes,Ag,0.8,Ag,Sb (1.2) @ Sb; Te (2.2) @ Te,Ag (0.8) @ Ag site; Sb (1.2) @ Sb site; Te (2.2) @ Te site,ZT,0.4,dimensionless,300,K,figure,Figure 4d,Visually estimated from Figure 4d
ja6c00040.pdf,10.1021/jacs.6c00040,AgSbTe2,nanocrystalline Ag0.8Sb1.2Te2.2,Ag0.8Sb1.2Te2.2,3,Yes,Ag,0.8,Ag,Sb (1.2) @ Sb; Te (2.2) @ Te,Ag (0.8) @ Ag site; Sb (1.2) @ Sb site; Te (2.2) @ Te site,ZT,1.2,dimensionless,575,K,figure,Figure 4d,Visually estimated from Figure 4d
ja6c00040.pdf,10.1021/jacs.6c00040,AgSbTe2,bulk Ag0.8Sb1.2Te2.2,Ag0.8Sb1.2Te2.2,3,Yes,Ag,0.8,Ag,Sb (1.2) @ Sb; Te (2.2) @ Te,Ag (0.8) @ Ag site; Sb (1.2) @ Sb site; Te (2.2) @ Te site,electrical conductivity,210,S/cm,300,K,figure,Figure 4a,Visually estimated from Figure 4a
ja6c00040.pdf,10.1021/jacs.6c00040,AgSbTe2,bulk Ag0.8Sb1.2Te2.2,Ag0.8Sb1.2Te2.2,3,Yes,Ag,0.8,Ag,Sb (1.2) @ Sb; Te (2.2) @ Te,Ag (0.8) @ Ag site; Sb (1.2) @ Sb site; Te (2.2) @ Te site,electrical conductivity,110,S/cm,575,K,figure,Figure 4a,Visually estimated from Figure 4a
ja6c00040.pdf,10.1021/jacs.6c00040,AgSbTe2,bulk Ag0.8Sb1.2Te2.2,Ag0.8Sb1.2Te2.2,3,Yes,Ag,0.8,Ag,Sb (1.2) @ Sb; Te (2.2) @ Te,Ag (0.8) @ Ag site; Sb (1.2) @ Sb site; Te (2.2) @ Te site,Seebeck coefficient,180,uV/K,300,K,figure,Figure 4b,Visually estimated from Figure 4b
ja6c00040.pdf,10.1021/jacs.6c00040,AgSbTe2,bulk Ag0.8Sb1.2Te2.2,Ag0.8Sb1.2Te2.2,3,Yes,Ag,0.8,Ag,Sb (1.2) @ Sb; Te (2.2) @ Te,Ag (0.8) @ Ag site; Sb (1.2) @ Sb site; Te (2.2) @ Te site,Seebeck coefficient,240,uV/K,575,K,figure,Figure 4b,Visually estimated from Figure 4b
ja6c00040.pdf,10.1021/jacs.6c00040,AgSbTe2,bulk Ag0.8Sb1.2Te2.2,Ag0.8Sb1.2Te2.2,3,Yes,Ag,0.8,Ag,Sb (1.2) @ Sb; Te (2.2) @ Te,Ag (0.8) @ Ag site; Sb (1.2) @ Sb site; Te (2.2) @ Te site,ZT,0.2,dimensionless,300,K,figure,Figure 4d,Visually estimated from Figure 4d
ja6c00040.pdf,10.1021/jacs.6c00040,AgSbTe2,bulk Ag0.8Sb1.2Te2.2,Ag0.8Sb1.2Te2.2,3,Yes,Ag,0.8,Ag,Sb (1.2) @ Sb; Te (2.2) @ Te,Ag (0.8) @ Ag site; Sb (1.2) @ Sb site; Te (2.2) @ Te site,ZT,0.6,dimensionless,575,K,figure,Figure 4d,Visually estimated from Figure 4d
jp4c04467.pdf,10.1021/acs.jpcc.4c04467,AgSbTe2,AgSbTe2,AgSbTe2,0,No,,,,,,electrical conductivity,164,S cm-1,300,K,body text,,
jp4c04467.pdf,10.1021/acs.jpcc.4c04467,AgSbTe2,AgSbTe2,AgSbTe2,0,No,,,,,,Seebeck coefficient,197,μV K-1,300,K,body text,,
jp4c04467.pdf,10.1021/acs.jpcc.4c04467,AgSbTe2,AgSbTe1.96S0.04,AgSbTe1.96S0.04,1,No,S,x = 0.04,Te,,S (x = 0.04) @ Te site,,,,,,,,
jp4c04467.pdf,10.1021/acs.jpcc.4c04467,AgSbTe2,AgSbTe1.94S0.06,AgSbTe1.94S0.06,1,No,S,x = 0.06,Te,,S (x = 0.06) @ Te site,electrical conductivity,192,S cm-1,300,K,body text,,
jp4c04467.pdf,10.1021/acs.jpcc.4c04467,AgSbTe2,AgSbTe1.94S0.06,AgSbTe1.94S0.06,1,No,S,x = 0.06,Te,,S (x = 0.06) @ Te site,Seebeck coefficient,189,μV K-1,300,K,body text,,
jp4c04467.pdf,10.1021/acs.jpcc.4c04467,AgSbTe2,AgSbTe1.92S0.08,AgSbTe1.92S0.08,1,No,S,x = 0.08,Te,,S (x = 0.08) @ Te site,ZT,1.31,dimensionless,573,K,body text,,
jp4c04467.pdf,10.1021/acs.jpcc.4c04467,AgSbTe2,AgSbTe1.92S0.08,AgSbTe1.92S0.08,1,No,S,x = 0.08,Te,,S (x = 0.08) @ Te site,power factor,10.73,μW cm-1 K-1,573,K,body text,,
jp4c04467.pdf,10.1021/acs.jpcc.4c04467,AgSbTe2,AgSbTe1.92S0.08,AgSbTe1.92S0.08,1,No,S,x = 0.08,Te,,S (x = 0.08) @ Te site,thermal conductivity,0.45,W m-1 K-1,523,K,body text,,
jp4c04467.pdf,10.1021/acs.jpcc.4c04467,AgSbTe2,AgSbTe1.92S0.08,AgSbTe1.92S0.08,1,No,S,x = 0.08,Te,,S (x = 0.08) @ Te site,lattice thermal conductivity,0.32,W m-1 K-1,573,K,body text,,
jp4c04467.pdf,10.1021/acs.jpcc.4c04467,AgSbTe2,AgSbTe1.9S0.1,AgSbTe1.9S0.1,1,No,S,x = 0.1,Te,,S (x = 0.1) @ Te site,,,,,,,,
jp4c04467.pdf,10.1021/acs.jpcc.4c04467,AgSbTe2,AgSbTe2,AgSbTe2,0,No,,,,,,electrical conductivity,164,S cm-1,300,K,body text,page 14242,
jp4c04467.pdf,10.1021/acs.jpcc.4c04467,AgSbTe2,AgSbTe1.96S0.04,AgSbTe1.96S0.04,1,No,S,0.04,Te,,S (0.04) @ Te site,,,,,,,,
jp4c04467.pdf,10.1021/acs.jpcc.4c04467,AgSbTe2,AgSbTe1.94S0.06,AgSbTe1.94S0.06,1,No,S,0.06,Te,,S (0.06) @ Te site,electrical conductivity,192,S cm-1,300,K,body text,page 14242,
jp4c04467.pdf,10.1021/acs.jpcc.4c04467,AgSbTe2,AgSbTe1.92S0.08,AgSbTe1.92S0.08,1,No,S,0.08,Te,,S (0.08) @ Te site,,,,,,,,
jp4c04467.pdf,10.1021/acs.jpcc.4c04467,AgSbTe2,AgSbTe1.9S0.1,AgSbTe1.9S0.1,1,No,S,0.1,Te,,S (0.1) @ Te site,,,,,,,,
jp4c04467.pdf,10.1021/acs.jpcc.4c04467,AgSbTe2,AgSbTe2,AgSbTe2,0,No,,,,,,ZT,0.3,dimensionless,300,K,figure,Fig. 6a,Visually estimated from Fig. 6a
jp4c04467.pdf,10.1021/acs.jpcc.4c04467,AgSbTe2,AgSbTe2,AgSbTe2,0,No,,,,,,ZT,1.05,dimensionless,600,K,figure,Fig. 6a,Visually estimated from Fig. 6a
jp4c04467.pdf,10.1021/acs.jpcc.4c04467,AgSbTe2,AgSbTe1.96S0.04,AgSbTe1.96S0.04,1,No,S,x=0.04,Te,,S (x=0.04) @ Te site,ZT,0.3,dimensionless,300,K,figure,Fig. 6a,Visually estimated from Fig. 6a
jp4c04467.pdf,10.1021/acs.jpcc.4c04467,AgSbTe2,AgSbTe1.96S0.04,AgSbTe1.96S0.04,1,No,S,x=0.04,Te,,S (x=0.04) @ Te site,ZT,1.15,dimensionless,600,K,figure,Fig. 6a,Visually estimated from Fig. 6a
jp4c04467.pdf,10.1021/acs.jpcc.4c04467,AgSbTe2,AgSbTe1.94S0.06,AgSbTe1.94S0.06,1,No,S,x=0.06,Te,,S (x=0.06) @ Te site,ZT,0.3,dimensionless,300,K,figure,Fig. 6a,Visually estimated from Fig. 6a
jp4c04467.pdf,10.1021/acs.jpcc.4c04467,AgSbTe2,AgSbTe1.94S0.06,AgSbTe1.94S0.06,1,No,S,x=0.06,Te,,S (x=0.06) @ Te site,ZT,1.2,dimensionless,600,K,figure,Fig. 6a,Visually estimated from Fig. 6a
jp4c04467.pdf,10.1021/acs.jpcc.4c04467,AgSbTe2,AgSbTe1.92S0.08,AgSbTe1.92S0.08,1,No,S,x=0.08,Te,,S (x=0.08) @ Te site,ZT,0.35,dimensionless,300,K,figure,Fig. 6a,Visually estimated from Fig. 6a
jp4c04467.pdf,10.1021/acs.jpcc.4c04467,AgSbTe2,AgSbTe1.92S0.08,AgSbTe1.92S0.08,1,No,S,x=0.08,Te,,S (x=0.08) @ Te site,ZT,1.3,dimensionless,600,K,figure,Fig. 6a,Visually estimated from Fig. 6a
jp4c04467.pdf,10.1021/acs.jpcc.4c04467,AgSbTe2,AgSbTe1.9S0.1,AgSbTe1.9S0.1,1,No,S,x=0.1,Te,,S (x=0.1) @ Te site,ZT,0.3,dimensionless,300,K,figure,Fig. 6a,Visually estimated from Fig. 6a
jp4c04467.pdf,10.1021/acs.jpcc.4c04467,AgSbTe2,AgSbTe1.9S0.1,AgSbTe1.9S0.1,1,No,S,x=0.1,Te,,S (x=0.1) @ Te site,ZT,1.25,dimensionless,600,K,figure,Fig. 6a,Visually estimated from Fig. 6a
materials-15-02843.pdf,10.3390/ma15082843,AgSbTe2-family,AgSb0.94Cd0.06Te2,AgSb0.94Cd0.06Te2,1,No,Cd,0.06,Sb,,Cd (0.06) @ Sb site,ZT,2.36,dimensionless,700,K,table,Table 2,
materials-15-02843.pdf,10.3390/ma15082843,AgSbTe2-family,AgSbTe1.85Se0.15,AgSbTe1.85Se0.15,1,No,Se,0.15,Te,,Se (0.15) @ Te site,ZT,2.39,dimensionless,700,K,table,Table 2,
materials-15-02843.pdf,10.3390/ma15082843,AgSbTe2-family,Ag0.94Cd0.06Te2,Ag0.94Cd0.06Te2,1,No,Cd,0.06,Ag,,Cd (0.06) @ Ag site,,,,,,,,
materials-15-02843.pdf,10.3390/ma15082843,AgSbTe2-family,AgSbTe1.85Se0.15,AgSbTe1.85Se0.15,1,No,Se,0.15,Te,,Se (0.15) @ Te site,,,,,,,,
materials-15-02843.pdf,10.3390/ma15082843,AgSbTe2-family,9-AgSbTe2,AgSbTe2,1,No,carrier concentration,10^20 e-/cm^3,unclear,,carrier concentration (10^20 e-/cm^3) @ unclear site,Seebeck coefficient,150,uV/K,300,K,figure,Fig. 2c,Visually estimated from Fig. 2c
materials-15-02843.pdf,10.3390/ma15082843,AgSbTe2-family,9-AgSbTe2,AgSbTe2,1,No,carrier concentration,10^20 e-/cm^3,unclear,,carrier concentration (10^20 e-/cm^3) @ unclear site,Seebeck coefficient,250,uV/K,600,K,figure,Fig. 2c,Visually estimated from Fig. 2c
materials-15-02843.pdf,10.3390/ma15082843,AgSbTe2-family,9-AgSbTe2,AgSbTe2,1,No,carrier concentration,10^20 e-/cm^3,unclear,,carrier concentration (10^20 e-/cm^3) @ unclear site,Seebeck coefficient,300,uV/K,900,K,figure,Fig. 2c,Visually estimated from Fig. 2c
materials-15-02843.pdf,10.3390/ma15082843,AgSbTe2-family,AgSb0.94Cd0.06Te2,AgSb0.94Cd0.06Te2,1,No,Cd,6 mol%,Sb,,Cd (6 mol%) @ Sb site,ZT,2.36,dimensionless,700,K,table,Table 2,
materials-15-02843.pdf,10.3390/ma15082843,AgSbTe2-family,AgSb0.94Cd0.06Te2,AgSb0.94Cd0.06Te2,1,No,Cd,6 mol%,Sb,,Cd (6 mol%) @ Sb site,Seebeck coefficient,250,uV/K,300,K,figure,,Visually estimated from Fig. 8a
materials-15-02843.pdf,10.3390/ma15082843,AgSbTe2-family,AgSb0.94Cd0.06Te2,AgSb0.94Cd0.06Te2,1,No,Cd,6 mol%,Sb,,Cd (6 mol%) @ Sb site,Seebeck coefficient,350,uV/K,900,K,figure,,Visually estimated from Fig. 8a
materials-15-02843.pdf,10.3390/ma15082843,AgSbTe2-family,AgSb0.94Cd0.06Te2,AgSb0.94Cd0.06Te2,1,No,Cd,6 mol%,Sb,,Cd (6 mol%) @ Sb site,electrical conductivity,4.5,10^18 1/ohm.cm.s,300,K,figure,,Visually estimated from Fig. 8b
materials-15-02843.pdf,10.3390/ma15082843,AgSbTe2-family,AgSb0.94Cd0.06Te2,AgSb0.94Cd0.06Te2,1,No,Cd,6 mol%,Sb,,Cd (6 mol%) @ Sb site,electrical conductivity,5.0,10^18 1/ohm.cm.s,900,K,figure,,Visually estimated from Fig. 8b
materials-15-02843.pdf,10.3390/ma15082843,AgSbTe2-family,AgSb0.94Cd0.06Te2,AgSb0.94Cd0.06Te2,1,No,Cd,6 mol%,Sb,,Cd (6 mol%) @ Sb site,thermal conductivity,1.0,10^14 W/m.K.s,300,K,figure,,Visually estimated from Fig. 8c
materials-15-02843.pdf,10.3390/ma15082843,AgSbTe2-family,AgSb0.94Cd0.06Te2,AgSb0.94Cd0.06Te2,1,No,Cd,6 mol%,Sb,,Cd (6 mol%) @ Sb site,thermal conductivity,4.5,10^14 W/m.K.s,900,K,figure,,Visually estimated from Fig. 8c
materials-15-02843.pdf,10.3390/ma15082843,AgSbTe2-family,AgSb0.94Cd0.06Te2,AgSb0.94Cd0.06Te2,1,No,Cd,6 mol%,Sb,,Cd (6 mol%) @ Sb site,power factor,1.5,10^11 W/cm.K^2.s,300,K,figure,,Visually estimated from Fig. 8d
materials-15-02843.pdf,10.3390/ma15082843,AgSbTe2-family,AgSb0.94Cd0.06Te2,AgSb0.94Cd0.06Te2,1,No,Cd,6 mol%,Sb,,Cd (6 mol%) @ Sb site,power factor,4.5,10^11 W/cm.K^2.s,900,K,figure,,Visually estimated from Fig. 8d
materials-15-02843.pdf,10.3390/ma15082843,AgSbTe2-family,AgSbTe1.85Se0.15,AgSbTe1.85Se0.15,1,No,Se,0.15,Te,,Se (0.15) @ Te site,Seebeck coefficient,200,uV/K,300,K,figure,,Visually estimated from Fig. 8a
materials-15-02843.pdf,10.3390/ma15082843,AgSbTe2-family,AgSbTe1.85Se0.15,AgSbTe1.85Se0.15,1,No,Se,0.15,Te,,Se (0.15) @ Te site,Seebeck coefficient,300,uV/K,900,K,figure,,Visually estimated from Fig. 8a
materials-15-02843.pdf,10.3390/ma15082843,AgSbTe2-family,AgSbTe1.85Se0.15,AgSbTe1.85Se0.15,1,No,Se,0.15,Te,,Se (0.15) @ Te site,electrical conductivity,8.5,10^18 1/ohm.cm.s,300,K,figure,,Visually estimated from Fig. 8b
materials-15-02843.pdf,10.3390/ma15082843,AgSbTe2-family,AgSbTe1.85Se0.15,AgSbTe1.85Se0.15,1,No,Se,0.15,Te,,Se (0.15) @ Te site,electrical conductivity,4.5,10^18 1/ohm.cm.s,900,K,figure,,Visually estimated from Fig. 8b
materials-15-02843.pdf,10.3390/ma15082843,AgSbTe2-family,AgSbTe1.85Se0.15,AgSbTe1.85Se0.15,1,No,Se,0.15,Te,,Se (0.15) @ Te site,thermal conductivity,0.8,10^14 W/m.K.s,300,K,figure,,Visually estimated from Fig. 8c
materials-15-02843.pdf,10.3390/ma15082843,AgSbTe2-family,AgSbTe1.85Se0.15,AgSbTe1.85Se0.15,1,No,Se,0.15,Te,,Se (0.15) @ Te site,thermal conductivity,3.5,10^14 W/m.K.s,900,K,figure,,Visually estimated from Fig. 8c
materials-15-02843.pdf,10.3390/ma15082843,AgSbTe2-family,AgSbTe1.85Se0.15,AgSbTe1.85Se0.15,1,No,Se,0.15,Te,,Se (0.15) @ Te site,power factor,2.5,10^11 W/cm.K^2.s,300,K,figure,,Visually estimated from Fig. 8d
materials-15-02843.pdf,10.3390/ma15082843,AgSbTe2-family,AgSbTe1.85Se0.15,AgSbTe1.85Se0.15,1,No,Se,0.15,Te,,Se (0.15) @ Te site,power factor,5.5,10^11 W/cm.K^2.s,900,K,figure,,Visually estimated from Fig. 8d
nanomaterials-12-03910.pdf,10.3390/nano12213910,AgSbTe2,AgSbTe2 (arc-melted),AgSbTe2,0,No,,,,,,electrical conductivity,3.57e3 to 3.85e3,S/cm,300-770,K,body text,,Calculated from resistivity values of 2.6e-4 to 2.8e-4 Ohm*m
nanomaterials-12-03910.pdf,10.3390/nano12213910,AgSbTe2,AgSbTe2 (arc-melted),AgSbTe2,0,No,,,,,,Seebeck coefficient,200 to 340,uV/K,300-700,K,body text,,
nanomaterials-12-03910.pdf,10.3390/nano12213910,AgSbTe2,AgSbTe2 (arc-melted),AgSbTe2,0,No,,,,,,power factor,0.4,mW/m*K^2,540-640,K,body text,,
nanomaterials-12-03910.pdf,10.3390/nano12213910,AgSbTe2,AgSbTe2 (arc-melted),AgSbTe2,0,No,,,,,,thermal conductivity,0.4,W/m*K,300-770,K,body text,,Almost constant value
nanomaterials-12-03910.pdf,10.3390/nano12213910,AgSbTe2,AgSbTe2 (arc-melted),AgSbTe2,0,No,,,,,,lattice thermal conductivity,0.32,W/m*K,623,K,body text,,
nanomaterials-12-03910.pdf,10.3390/nano12213910,AgSbTe2,AgSbTe2 (arc-melted),AgSbTe2,0,No,,,,,,ZT,0.6,dimensionless,680,K,body text,,
nanomaterials-12-03910.pdf,10.3390/nano12213910,AgSbTe2,arc-melted AgSbTe2,AgSbTe2,0,No,,,,,,Seebeck coefficient,200,uV K-1,300,K,figure,Fig. 4b,Visually estimated from Fig. 4b
nanomaterials-12-03910.pdf,10.3390/nano12213910,AgSbTe2,arc-melted AgSbTe2,AgSbTe2,0,No,,,,,,Seebeck coefficient,340,uV K-1,540,K,figure,Fig. 4b,Visually estimated from Fig. 4b
nanomaterials-12-03910.pdf,10.3390/nano12213910,AgSbTe2,arc-melted AgSbTe2,AgSbTe2,0,No,,,,,,power factor,0.15,mW m-1 K-2,300,K,figure,Fig. 4c,Visually estimated from Fig. 4c
nanomaterials-12-03910.pdf,10.3390/nano12213910,AgSbTe2,arc-melted AgSbTe2,AgSbTe2,0,No,,,,,,power factor,0.38,mW m-1 K-2,550,K,figure,Fig. 4c,Visually estimated from Fig. 4c
nanomaterials-12-03910.pdf,10.3390/nano12213910,AgSbTe2,arc-melted AgSbTe2,AgSbTe2,0,No,,,,,,ZT,0.1,dimensionless,300,K,figure,Fig. 6b,Visually estimated from Fig. 6b
nanomaterials-12-03910.pdf,10.3390/nano12213910,AgSbTe2,arc-melted AgSbTe2,AgSbTe2,0,No,,,,,,ZT,0.6,dimensionless,680,K,figure,Fig. 6b,Visually estimated from Fig. 6b
nnano.2013.95.pdf,10.1038/NNANO.2013.95,AgSbTe2,AgSbTe2 (x=0),AgSbTe2,1,No,Ag,deviation x=0,unclear,,Ag (deviation x=0) @ unclear site,,,,,,,,
nnano.2013.95.pdf,10.1038/NNANO.2013.95,AgSbTe2,AgSbTe2 (x=0.1),Ag1-xSb1+xTe2+x (x=0.1),1,No,Ag/Sb,x=0.1,multiple sites,,Ag/Sb (x=0.1) @ multiple sites site,,,,,,,,
nnano.2013.95.pdf,10.1038/NNANO.2013.95,AgSbTe2,AgSbTe2 (x=0.2),Ag0.8Sb1.2Te2.2,1,No,Ag/Sb,x=0.2,multiple sites,,Ag/Sb (x=0.2) @ multiple sites site,lattice thermal conductivity,0.24,W m-1 K-1,300,K,Table 1,,TA [001] branch
nnano.2013.95.pdf,10.1038/NNANO.2013.95,AgSbTe2,AgSbTe2 (x=0.2),Ag0.8Sb1.2Te2.2,1,No,Ag/Sb,x=0.2,multiple sites,,Ag/Sb (x=0.2) @ multiple sites site,lattice thermal conductivity,0.53,W m-1 K-1,300,K,Table 1,,TA [110] branch
nnano.2013.95.pdf,10.1038/NNANO.2013.95,AgSbTe2,AgSbTe2 (x=0.2),Ag0.8Sb1.2Te2.2,1,No,Ag/Sb,x=0.2,multiple sites,,Ag/Sb (x=0.2) @ multiple sites site,lattice thermal conductivity,0.20,W m-1 K-1,300,K,Table 1,,TA [111] branch
nnano.2013.95.pdf,10.1038/NNANO.2013.95,AgSbTe2,AgSbTe2 (x=0.2),Ag0.8Sb1.2Te2.2,1,No,Ag/Sb,x=0.2,multiple sites,,Ag/Sb (x=0.2) @ multiple sites site,lattice thermal conductivity,0.13,W m-1 K-1,300,K,Table 1,,LA [001] branch
nnano.2013.95.pdf,10.1038/NNANO.2013.95,AgSbTe2,AgSbTe2 (x=0.2),Ag0.8Sb1.2Te2.2,1,No,Ag/Sb,x=0.2,multiple sites,,Ag/Sb (x=0.2) @ multiple sites site,lattice thermal conductivity,0.21,W m-1 K-1,300,K,Table 1,,LA [110] branch
nnano.2013.95.pdf,10.1038/NNANO.2013.95,AgSbTe2,AgSbTe2 (x=0.2),Ag0.8Sb1.2Te2.2,1,No,Ag/Sb,x=0.2,multiple sites,,Ag/Sb (x=0.2) @ multiple sites site,lattice thermal conductivity,0.12,W m-1 K-1,300,K,Table 1,,LA [111] branch
nnano.2013.95.pdf,10.1038/NNANO.2013.95,AgSbTe2,AgSbTe2 (x=0),AgSbTe2,0,No,,,,,,thermal conductivity,0.7,W m^-1 K^-1,,,body text,,Value stated as approximately 0.7 W m^-1 K^-1 for AgSbTe2.
nnano.2013.95.pdf,10.1038/NNANO.2013.95,AgSbTe2,Ag0.8Sb1.2Te2.2,Ag0.8Sb1.2Te2.2,0,No,,,,,,lattice thermal conductivity,0.6,W m^-1 K^-1,100,K,figure,,Visually estimated from Fig. 4b at 100 K.
nnano.2013.95.pdf,10.1038/NNANO.2013.95,AgSbTe2,Ag0.8Sb1.2Te2.2,Ag0.8Sb1.2Te2.2,0,No,,,,,,lattice thermal conductivity,0.55,W m^-1 K^-1,200,K,figure,,Visually estimated from Fig. 4b at 200 K.
nnano.2013.95.pdf,10.1038/NNANO.2013.95,AgSbTe2,Ag0.8Sb1.2Te2.2,Ag0.8Sb1.2Te2.2,0,No,,,,,,lattice thermal conductivity,0.5,W m^-1 K^-1,300,K,figure,,Visually estimated from Fig. 4b at 300 K.
nz1c01184.pdf,10.1021/acsenergylett.1c01184,AgSbTe2,6 mol % Cd-doped AgSbTe2,AgSb1-xCdxTe2 (x=0.06),1,No,Cd,6 mol %,Sb,,Cd (6 mol %) @ Sb site,ZT,2.6,dimensionless,573,K,text,Abstract and page 9,
nz1c01184.pdf,10.1021/acsenergylett.1c01184,AgSbTe2,6 mol % Cd-doped AgSbTe2,AgSb1-xCdxTe2 (x=0.06),1,No,Cd,6 mol %,Sb,,Cd (6 mol %) @ Sb site,electrical conductivity,222,S cm-1,300,K,text,page 9,
nz1c01184.pdf,10.1021/acsenergylett.1c01184,AgSbTe2,6 mol % Cd-doped AgSbTe2,AgSb1-xCdxTe2 (x=0.06),1,No,Cd,6 mol %,Sb,,Cd (6 mol %) @ Sb site,power factor,18.3,μW cm-1 K-2,543,K,text,page 9,
nz1c01184.pdf,10.1021/acsenergylett.1c01184,AgSbTe2,6 mol % Cd-doped AgSbTe2,AgSb1-xCdxTe2 (x=0.06),1,No,Cd,6 mol %,Sb,,Cd (6 mol %) @ Sb site,lattice thermal conductivity,0.16,W m-1 K-1,300,K,text,page 9,
nz1c01184.pdf,10.1021/acsenergylett.1c01184,AgSbTe2,AgSb0.96Zn0.04Te2,AgSb0.96Zn0.04Te2,1,No,Zn,0.04,Sb,,Zn (0.04) @ Sb site,electrical conductivity,160,S cm-1,300,K,text,page 7,
nz1c01184.pdf,10.1021/acsenergylett.1c01184,AgSbTe2,AgSb0.96Zn0.04Te2,AgSb0.96Zn0.04Te2,1,No,Zn,0.04,Sb,,Zn (0.04) @ Sb site,power factor,17.3,μW cm-1 K-2,585,K,text,page 7,
nz1c01184.pdf,10.1021/acsenergylett.1c01184,AgSbTe2,AgSb0.96Zn0.04Te2,AgSb0.96Zn0.04Te2,1,No,Zn,0.04,Sb,,Zn (0.04) @ Sb site,ZT,1.9,dimensionless,585,K,text,page 7,
nz1c01184.pdf,10.1021/acsenergylett.1c01184,AgSbTe2,AgSbTe1.98Se0.02,AgSbTe1.98Se0.02,1,No,Se,0.02,Te,,Se (0.02) @ Te site,ZT,1.35,dimensionless,600,K,text,page 6,
nz1c01184.pdf,10.1021/acsenergylett.1c01184,AgSbTe2,AgSbTe1.85Se0.15,AgSbTe1.85Se0.15,1,No,Se,0.15,Te,,Se (0.15) @ Te site,power factor,14.5,μW cm-1 K-2,550,K,text,page 6,
nz1c01184.pdf,10.1021/acsenergylett.1c01184,AgSbTe2,AgSbTe1.85Se0.15,AgSbTe1.85Se0.15,1,No,Se,0.15,Te,,Se (0.15) @ Te site,ZT,2.1,dimensionless,550,K,text,page 6,
nz1c01184.pdf,10.1021/acsenergylett.1c01184,AgSbTe2,AgSb0.93In0.07Te2,AgSb0.93In0.07Te2,1,No,In,0.07,Sb,,In (0.07) @ Sb site,ZT,1.35,dimensionless,650,K,text,page 6,
nz1c01184.pdf,10.1021/acsenergylett.1c01184,AgSbTe2,AgSb0.95Bi0.05Te2,AgSb0.95Bi0.05Te2,1,No,Bi,0.05,Sb,,Bi (0.05) @ Sb site,ZT,1.04,dimensionless,570,K,text,page 6,
nz1c01184.pdf,10.1021/acsenergylett.1c01184,AgSbTe2,AgSb0.99La0.01Te2,AgSb0.99La0.01Te2,1,No,La,0.01,Sb,,La (0.01) @ Sb site,ZT,1.50,dimensionless,573,K,text,page 6,
nz1c01184.pdf,10.1021/acsenergylett.1c01184,AgSbTe2,Ag0.95Sb0.95Mn0.10Te2,Ag0.95Sb0.95Mn0.10Te2,1,No,Mn,0.10,multiple sites,,Mn (0.10) @ multiple sites site,ZT,0.74,dimensionless,550,K,text,page 7,
nz1c01184.pdf,10.1021/acsenergylett.1c01184,AgSbTe2,Na0.02Ag0.98SbTe2.02,Na0.02Ag0.98SbTe2.02,1,No,Na,0.02,Ag,,Na (0.02) @ Ag site,ZT,1.5,dimensionless,570,K,text,page 7,
nz1c01184.pdf,10.1021/acsenergylett.1c01184,AgSbTe2,Ag0.94Cd0.06Te2,Ag0.94Cd0.06Te2,1,No,Cd,6 mol %,Sb,,Cd (6 mol %) @ Sb site,ZT,1.2,dimensionless,300,K,figure,Fig. 1b,Visually estimated from Fig. 1b
nz1c01184.pdf,10.1021/acsenergylett.1c01184,AgSbTe2,Ag0.94Cd0.06Te2,Ag0.94Cd0.06Te2,1,No,Cd,6 mol %,Sb,,Cd (6 mol %) @ Sb site,ZT,1.8,dimensionless,400,K,figure,Fig. 1b,Visually estimated from Fig. 1b
nz1c01184.pdf,10.1021/acsenergylett.1c01184,AgSbTe2,Ag0.94Cd0.06Te2,Ag0.94Cd0.06Te2,1,No,Cd,6 mol %,Sb,,Cd (6 mol %) @ Sb site,ZT,2.3,dimensionless,500,K,figure,Fig. 1b,Visually estimated from Fig. 1b
nz1c01184.pdf,10.1021/acsenergylett.1c01184,AgSbTe2,Ag0.94Cd0.06Te2,Ag0.94Cd0.06Te2,1,No,Cd,6 mol %,Sb,,Cd (6 mol %) @ Sb site,ZT,2.6,dimensionless,573,K,figure,Fig. 1b,Visually estimated from Fig. 1b
nz1c01184.pdf,10.1021/acsenergylett.1c01184,AgSbTe2,Ag0.96Zn0.04Te2,Ag0.96Zn0.04Te2,1,No,Zn,4 mol %,Sb,,Zn (4 mol %) @ Sb site,ZT,0.8,dimensionless,300,K,figure,Fig. 1b,Visually estimated from Fig. 1b
nz1c01184.pdf,10.1021/acsenergylett.1c01184,AgSbTe2,Ag0.96Zn0.04Te2,Ag0.96Zn0.04Te2,1,No,Zn,4 mol %,Sb,,Zn (4 mol %) @ Sb site,ZT,1.2,dimensionless,400,K,figure,Fig. 1b,Visually estimated from Fig. 1b
nz1c01184.pdf,10.1021/acsenergylett.1c01184,AgSbTe2,Ag0.96Zn0.04Te2,Ag0.96Zn0.04Te2,1,No,Zn,4 mol %,Sb,,Zn (4 mol %) @ Sb site,ZT,1.5,dimensionless,500,K,figure,Fig. 1b,Visually estimated from Fig. 1b
nz1c01184.pdf,10.1021/acsenergylett.1c01184,AgSbTe2,Ag0.96Zn0.04Te2,Ag0.96Zn0.04Te2,1,No,Zn,4 mol %,Sb,,Zn (4 mol %) @ Sb site,ZT,1.6,dimensionless,600,K,figure,Fig. 1b,Visually estimated from Fig. 1b
nz1c01184.pdf,10.1021/acsenergylett.1c01184,AgSbTe2,AgSbTe2,AgSbTe2,0,No,,,,,,electrical conductivity,130,S cm-1,300,K,body text,,
nz1c01184.pdf,10.1021/acsenergylett.1c01184,AgSbTe2,AgSbTe2,AgSbTe2,0,No,,,,,,ZT,1,dimensionless,450,K,body text,,
nz1c01184.pdf,10.1021/acsenergylett.1c01184,AgSbTe2,AgSb1-xCd xTe2 (x=0.02),AgSb0.98Cd0.02Te2,1,No,Cd,2 mol %,Sb,,Cd (2 mol %) @ Sb site,electrical conductivity,150,S cm-1,300,K,figure,Fig. 7a,Visually estimated from Fig. 7a
nz1c01184.pdf,10.1021/acsenergylett.1c01184,AgSbTe2,AgSb1-xCd xTe2 (x=0.02),AgSb0.98Cd0.02Te2,1,No,Cd,2 mol %,Sb,,Cd (2 mol %) @ Sb site,Seebeck coefficient,240,uV/K,300,K,figure,Fig. 7b,Visually estimated from Fig. 7b
nz1c01184.pdf,10.1021/acsenergylett.1c01184,AgSbTe2,AgSb1-xCd xTe2 (x=0.02),AgSb0.98Cd0.02Te2,1,No,Cd,2 mol %,Sb,,Cd (2 mol %) @ Sb site,power factor,10,uW cm-1 K-2,300,K,figure,Fig. 7c,Visually estimated from Fig. 7c
nz1c01184.pdf,10.1021/acsenergylett.1c01184,AgSbTe2,AgSb1-xCd xTe2 (x=0.02),AgSb0.98Cd0.02Te2,1,No,Cd,2 mol %,Sb,,Cd (2 mol %) @ Sb site,ZT,1.1,dimensionless,300,K,figure,Fig. 7f,Visually estimated from Fig. 7f
nz1c01184.pdf,10.1021/acsenergylett.1c01184,AgSbTe2,AgSb1-xCd xTe2 (x=0.06),AgSb0.94Cd0.06Te2,1,No,Cd,6 mol %,Sb,,Cd (6 mol %) @ Sb site,electrical conductivity,222,S cm-1,300,K,body text,,
nz1c01184.pdf,10.1021/acsenergylett.1c01184,AgSbTe2,AgSb1-xCd xTe2 (x=0.06),AgSb0.94Cd0.06Te2,1,No,Cd,6 mol %,Sb,,Cd (6 mol %) @ Sb site,power factor,18.3,uW cm-1 K-2,543,K,body text,,
nz1c01184.pdf,10.1021/acsenergylett.1c01184,AgSbTe2,AgSb1-xCd xTe2 (x=0.06),AgSb0.94Cd0.06Te2,1,No,Cd,6 mol %,Sb,,Cd (6 mol %) @ Sb site,ZT,2.6,dimensionless,573,K,body text,,
nz6b00639.pdf,10.1021/acsenergylett.6b00639,AgSbTe2,AgSbTe2,AgSbTe2,0,No,,,,,,electrical conductivity,136,S/cm,300,K,body text,,
nz6b00639.pdf,10.1021/acsenergylett.6b00639,AgSbTe2,AgSbTe2,AgSbTe2,0,No,,,,,,Seebeck coefficient,264,μV/K,300,K,body text,,
nz6b00639.pdf,10.1021/acsenergylett.6b00639,AgSbTe2,AgSbTe2,AgSbTe2,0,No,,,,,,Seebeck coefficient,360,μV/K,438,K,body text,,
nz6b00639.pdf,10.1021/acsenergylett.6b00639,AgSbTe2,AgSbTe2,AgSbTe2,0,No,,,,,,power factor,9.6,μW cm-1 K-2,300,K,body text,,
nz6b00639.pdf,10.1021/acsenergylett.6b00639,AgSbTe2,AgSbTe2,AgSbTe2,0,No,,,,,,power factor,7.9,μW cm-1 K-2,610,K,body text,,
nz6b00639.pdf,10.1021/acsenergylett.6b00639,AgSbTe2,AgSb0.98Zn0.02Te2,AgSb0.98Zn0.02Te2,1,No,Zn,0.02,Sb,,Zn (0.02) @ Sb site,,,,,,,,
nz6b00639.pdf,10.1021/acsenergylett.6b00639,AgSbTe2,AgSb0.96Zn0.04Te2,AgSb0.96Zn0.04Te2,1,No,Zn,0.04,Sb,,Zn (0.04) @ Sb site,ZT,1.9,dimensionless,585,K,body text,,
nz6b00639.pdf,10.1021/acsenergylett.6b00639,AgSbTe2,AgSb0.96Zn0.04Te2,AgSb0.96Zn0.04Te2,1,No,Zn,0.04,Sb,,Zn (0.04) @ Sb site,electrical conductivity,160,S/cm,300,K,body text,,
nz6b00639.pdf,10.1021/acsenergylett.6b00639,AgSbTe2,AgSb0.96Zn0.04Te2,AgSb0.96Zn0.04Te2,1,No,Zn,0.04,Sb,,Zn (0.04) @ Sb site,electrical conductivity,145,S/cm,475,K,body text,,
nz6b00639.pdf,10.1021/acsenergylett.6b00639,AgSbTe2,AgSb0.96Zn0.04Te2,AgSb0.96Zn0.04Te2,1,No,Zn,0.04,Sb,,Zn (0.04) @ Sb site,electrical conductivity,227,S/cm,632,K,body text,,
nz6b00639.pdf,10.1021/acsenergylett.6b00639,AgSbTe2,AgSb0.96Zn0.04Te2,AgSb0.96Zn0.04Te2,1,No,Zn,0.04,Sb,,Zn (0.04) @ Sb site,Seebeck coefficient,235,μV/K,300,K,body text,,
nz6b00639.pdf,10.1021/acsenergylett.6b00639,AgSbTe2,AgSb0.96Zn0.04Te2,AgSb0.96Zn0.04Te2,1,No,Zn,0.04,Sb,,Zn (0.04) @ Sb site,Seebeck coefficient,275,μV/K,610,K,body text,,
nz6b00639.pdf,10.1021/acsenergylett.6b00639,AgSbTe2,AgSb0.96Zn0.04Te2,AgSb0.96Zn0.04Te2,1,No,Zn,0.04,Sb,,Zn (0.04) @ Sb site,power factor,11.5,μW cm-1 K-2,300,K,body text,,
nz6b00639.pdf,10.1021/acsenergylett.6b00639,AgSbTe2,AgSb0.96Zn0.04Te2,AgSb0.96Zn0.04Te2,1,No,Zn,0.04,Sb,,Zn (0.04) @ Sb site,power factor,17.3,μW cm-1 K-2,585,K,body text,,
nz6b00639.pdf,10.1021/acsenergylett.6b00639,AgSbTe2,AgSb0.96Zn0.04Te2,AgSb0.96Zn0.04Te2,1,No,Zn,0.04,Sb,,Zn (0.04) @ Sb site,lattice thermal conductivity,0.36,W/mK,600,K,body text,,
nz6b00639.pdf,10.1021/acsenergylett.6b00639,AgSbTe2,AgSb0.94Zn0.06Te2,AgSb0.94Zn0.06Te2,1,No,Zn,0.06,Sb,,Zn (0.06) @ Sb site,,,,,,,,
nz6b00639.pdf,10.1021/acsenergylett.6b00639,AgSbTe2,AgSbTe2,AgSbTe2,0,No,,,,,,Seebeck coefficient,264,µV/K,300,K,body text,,
nz6b00639.pdf,10.1021/acsenergylett.6b00639,AgSbTe2,AgSbTe2,AgSbTe2,0,No,,,,,,Seebeck coefficient,360,µV/K,438,K,body text,,
nz6b00639.pdf,10.1021/acsenergylett.6b00639,AgSbTe2,Ag0.98Zn0.02Te2,Ag0.98Zn0.02Te2,1,No,Zn,0.02,Sb,,Zn (0.02) @ Sb site,,,,,,,,
nz6b00639.pdf,10.1021/acsenergylett.6b00639,AgSbTe2,Ag0.96Zn0.04Te2,Ag0.96Zn0.04Te2,1,No,Zn,0.04,Sb,,Zn (0.04) @ Sb site,electrical conductivity,145,S/cm,300,K,body text,,
nz6b00639.pdf,10.1021/acsenergylett.6b00639,AgSbTe2,Ag0.96Zn0.04Te2,Ag0.96Zn0.04Te2,1,No,Zn,0.04,Sb,,Zn (0.04) @ Sb site,electrical conductivity,145,S/cm,475,K,body text,,
nz6b00639.pdf,10.1021/acsenergylett.6b00639,AgSbTe2,Ag0.96Zn0.04Te2,Ag0.96Zn0.04Te2,1,No,Zn,0.04,Sb,,Zn (0.04) @ Sb site,electrical conductivity,227,S/cm,632,K,body text,,
nz6b00639.pdf,10.1021/acsenergylett.6b00639,AgSbTe2,Ag0.96Zn0.04Te2,Ag0.96Zn0.04Te2,1,No,Zn,0.04,Sb,,Zn (0.04) @ Sb site,Seebeck coefficient,275,µV/K,300,K,body text,,
nz6b00639.pdf,10.1021/acsenergylett.6b00639,AgSbTe2,Ag0.96Zn0.04Te2,Ag0.96Zn0.04Te2,1,No,Zn,0.04,Sb,,Zn (0.04) @ Sb site,Seebeck coefficient,235,µV/K,610,K,body text,,
nz6b00639.pdf,10.1021/acsenergylett.6b00639,AgSbTe2,Ag0.96Zn0.04Te2,Ag0.96Zn0.04Te2,1,No,Zn,0.04,Sb,,Zn (0.04) @ Sb site,power factor,11.5,µW cm-1 K-2,300,K,body text,,
nz6b00639.pdf,10.1021/acsenergylett.6b00639,AgSbTe2,Ag0.96Zn0.04Te2,Ag0.96Zn0.04Te2,1,No,Zn,0.04,Sb,,Zn (0.04) @ Sb site,power factor,17.3,µW cm-1 K-2,585,K,body text,,
nz6b00639.pdf,10.1021/acsenergylett.6b00639,AgSbTe2,Ag0.96Zn0.04Te2,Ag0.96Zn0.04Te2,1,No,Zn,0.04,Sb,,Zn (0.04) @ Sb site,ZT,1.9,dimensionless,585,K,body text,,
nz6b00639.pdf,10.1021/acsenergylett.6b00639,AgSbTe2,Ag0.94Zn0.06Te2,Ag0.94Zn0.06Te2,1,No,Zn,0.06,Sb,,Zn (0.06) @ Sb site,,,,,,,,
nz6b00639.pdf,10.1021/acsenergylett.6b00639,AgSbTe2,AgSb1-xZnxTe2 (x=0.04),AgSb0.96Zn0.04Te2,1,No,Zn,0.04,Sb,,Zn (0.04) @ Sb site,ZT,1.9,dimensionless,585,K,body text,page 354,
nz8b00137.pdf,10.1021/acsenergylett.8b00137,AgSnmSbTe2+m,AgSn5SbTe7,AgSn5SbTe7,1,No,I,0.6 atom %,Te,,I (0.6 atom %) @ Te site,ZT,1.2,dimensionless,800,K,text,Abstract,
nz8b00137.pdf,10.1021/acsenergylett.8b00137,AgSnmSbTe2+m,AgSn5SbTe7,AgSn5SbTe7,1,No,I,0.6 atom %,Te,,I (0.6 atom %) @ Te site,lattice thermal conductivity,0.4,W m-1 K-1,800,K,text,Abstract,
nz8b00137.pdf,10.1021/acsenergylett.8b00137,AgSnmSbTe2+m,m=50,AgSn50SbTe52,0,No,,,,,,electrical conductivity,62,cm2 V-1 s-1,room temperature,K,table,Table 1,Reported as carrier mobility
nz8b00137.pdf,10.1021/acsenergylett.8b00137,AgSnmSbTe2+m,m=50,AgSn50SbTe52,0,No,,,,,,electrical conductivity,5.4,10^20 cm-3,room temperature,K,table,Table 1,Reported as Hall carrier concentration
nz8b00137.pdf,10.1021/acsenergylett.8b00137,AgSnmSbTe2+m,m=25,AgSn25SbTe27,0,No,,,,,,electrical conductivity,35,cm2 V-1 s-1,room temperature,K,table,Table 1,Reported as carrier mobility
nz8b00137.pdf,10.1021/acsenergylett.8b00137,AgSnmSbTe2+m,m=25,AgSn25SbTe27,0,No,,,,,,electrical conductivity,7.8,10^20 cm-3,room temperature,K,table,Table 1,Reported as Hall carrier concentration
nz8b00137.pdf,10.1021/acsenergylett.8b00137,AgSnmSbTe2+m,m=20,AgSn20SbTe22,0,No,,,,,,electrical conductivity,32,cm2 V-1 s-1,room temperature,K,table,Table 1,Reported as carrier mobility
nz8b00137.pdf,10.1021/acsenergylett.8b00137,AgSnmSbTe2+m,m=20,AgSn20SbTe22,0,No,,,,,,electrical conductivity,8.3,10^20 cm-3,room temperature,K,table,Table 1,Reported as Hall carrier concentration
nz8b00137.pdf,10.1021/acsenergylett.8b00137,AgSnmSbTe2+m,m=15,AgSn15SbTe17,0,No,,,,,,electrical conductivity,26,cm2 V-1 s-1,room temperature,K,table,Table 1,Reported as carrier mobility
nz8b00137.pdf,10.1021/acsenergylett.8b00137,AgSnmSbTe2+m,m=15,AgSn15SbTe17,0,No,,,,,,electrical conductivity,9.1,10^20 cm-3,room temperature,K,table,Table 1,Reported as Hall carrier concentration
nz8b00137.pdf,10.1021/acsenergylett.8b00137,AgSnmSbTe2+m,m=5,AgSn5SbTe7,0,No,,,,,,electrical conductivity,10,cm2 V-1 s-1,room temperature,K,table,Table 1,Reported as carrier mobility
nz8b00137.pdf,10.1021/acsenergylett.8b00137,AgSnmSbTe2+m,m=5,AgSn5SbTe7,0,No,,,,,,electrical conductivity,14.5,10^20 cm-3,room temperature,K,table,Table 1,Reported as Hall carrier concentration
nz8b00137.pdf,10.1021/acsenergylett.8b00137,AgSnmSbTe2+m,AgSnmSbTe2+m (m=50),AgSn50SbTe52,2,Yes,Ag,m=50,Sn,Sb (m=50) @ Sn,Ag (m=50) @ Sn site; Sb (m=50) @ Sn site,electrical conductivity,6500,S/cm,300,K,figure,,Visually estimated from Fig. 2a
nz8b00137.pdf,10.1021/acsenergylett.8b00137,AgSnmSbTe2+m,AgSnmSbTe2+m (m=50),AgSn50SbTe52,2,Yes,Ag,m=50,Sn,Sb (m=50) @ Sn,Ag (m=50) @ Sn site; Sb (m=50) @ Sn site,Seebeck coefficient,45,uV/K,300,K,figure,,Visually estimated from Fig. 2b
nz8b00137.pdf,10.1021/acsenergylett.8b00137,AgSnmSbTe2+m,AgSnmSbTe2+m (m=50),AgSn50SbTe52,2,Yes,Ag,m=50,Sn,Sb (m=50) @ Sn,Ag (m=50) @ Sn site; Sb (m=50) @ Sn site,ZT,0.2,dimensionless,300,K,figure,,Visually estimated from Fig. 5b
nz8b00137.pdf,10.1021/acsenergylett.8b00137,AgSnmSbTe2+m,AgSnmSbTe2+m (m=5),AgSn5SbTe7,2,Yes,Ag,m=5,Sn,Sb (m=5) @ Sn,Ag (m=5) @ Sn site; Sb (m=5) @ Sn site,electrical conductivity,2500,S/cm,300,K,figure,,Visually estimated from Fig. 2a
nz8b00137.pdf,10.1021/acsenergylett.8b00137,AgSnmSbTe2+m,AgSnmSbTe2+m (m=5),AgSn5SbTe7,2,Yes,Ag,m=5,Sn,Sb (m=5) @ Sn,Ag (m=5) @ Sn site; Sb (m=5) @ Sn site,Seebeck coefficient,110,uV/K,300,K,figure,,Visually estimated from Fig. 2b
nz8b00137.pdf,10.1021/acsenergylett.8b00137,AgSnmSbTe2+m,AgSnmSbTe2+m (m=5),AgSn5SbTe7,2,Yes,Ag,m=5,Sn,Sb (m=5) @ Sn,Ag (m=5) @ Sn site; Sb (m=5) @ Sn site,ZT,0.4,dimensionless,300,K,figure,,Visually estimated from Fig. 5b
nz8b00137.pdf,10.1021/acsenergylett.8b00137,AgSnmSbTe2+m,AgSnmSbTe2+m (m=5),AgSn5SbTe7,2,Yes,Ag,m=5,Sn,Sb (m=5) @ Sn,Ag (m=5) @ Sn site; Sb (m=5) @ Sn site,ZT,1.2,dimensionless,800,K,body text,,Explicitly stated in abstract and body text
s10854-025-15118-x.pdf,10.1007/s10854-025-15118-x,AgSbTe2,MQ-450,AgSbTe2,0,No,,,,,,Seebeck coefficient,235,μV·K⁻1,300,K,body text,Page 1,
s10854-025-15118-x.pdf,10.1007/s10854-025-15118-x,AgSbTe2,MQ-450,AgSbTe2,0,No,,,,,,power factor,13.16,μW·cm⁻1·K⁻2,600,K,body text,Page 1,
s10854-025-15118-x.pdf,10.1007/s10854-025-15118-x,AgSbTe2,MQ-450,AgSbTe2,0,No,,,,,,thermal conductivity,0.40,W·m⁻1·K⁻1,500,K,body text,Page 1,
s10854-025-15118-x.pdf,10.1007/s10854-025-15118-x,AgSbTe2,MQ-450,AgSbTe2,0,No,,,,,,lattice thermal conductivity,0.20–0.46,W·m⁻1·K⁻1,not specified,,body text,Page 1,
s10854-025-15118-x.pdf,10.1007/s10854-025-15118-x,AgSbTe2,MQ-450,AgSbTe2,0,No,,,,,,ZT,1.67,dimensionless,600,K,body text,Page 1,
s10854-025-15118-x.pdf,10.1007/s10854-025-15118-x,AgSbTe2,MQ-450,AgSbTe2,0,No,,,,,,electrical conductivity,1.79 × 10^4,S·m⁻1,300,K,body text,Page 5,
s10854-025-15118-x.pdf,10.1007/s10854-025-15118-x,AgSbTe2,MQ-450,AgSbTe2,0,No,,,,,,Seebeck coefficient,295,μV·K⁻1,500,K,body text,Page 5,
s10854-025-15118-x.pdf,10.1007/s10854-025-15118-x,AgSbTe2,MQ-450,AgSbTe2,0,No,,,,,,power factor,9.52,μW·cm⁻1·K⁻2,300,K,body text,Page 5,
s10854-025-15118-x.pdf,10.1007/s10854-025-15118-x,AgSbTe2,MQ-450,AgSbTe2,0,No,,,,,,thermal conductivity,0.54,W·m⁻1·K⁻1,300,K,body text,Page 7,
s10854-025-15118-x.pdf,10.1007/s10854-025-15118-x,AgSbTe2,MQ-450,AgSbTe2,0,No,,,,,,lattice thermal conductivity,0.46,W·m⁻1·K⁻1,300,K,body text,Page 7,
s10854-025-15118-x.pdf,10.1007/s10854-025-15118-x,AgSbTe2,MQ-350,AgSbTe2,0,No,,,,,,power factor,2.79,μW·cm⁻1·K⁻2,300,K,body text,Page 5,
s10854-025-15118-x.pdf,10.1007/s10854-025-15118-x,AgSbTe2,MQ-350,AgSbTe2,0,No,,,,,,lattice thermal conductivity,0.20,W·m⁻1·K⁻1,300,K,body text,Page 8,
s10854-025-15118-x.pdf,10.1007/s10854-025-15118-x,AgSbTe2,BM-400,AgSbTe2,0,No,,,,,,electrical conductivity,37.80,cm²·V⁻1·s⁻1,300,K,body text,Page 7,Reported as weighted mobility
s10854-025-15118-x.pdf,10.1007/s10854-025-15118-x,AgSbTe2,MQ-450,AgSbTe2,0,No,,,,,,Seebeck coefficient,235,μV·K-1,300,K,body text,,Value explicitly stated in text.
s10854-025-15118-x.pdf,10.1007/s10854-025-15118-x,AgSbTe2,MQ-450,AgSbTe2,0,No,,,,,,Seebeck coefficient,295,μV·K-1,500,K,body text,,Value explicitly stated in text.
s10854-025-15118-x.pdf,10.1007/s10854-025-15118-x,AgSbTe2,MQ-450,AgSbTe2,0,No,,,,,,power factor,9.52,μW·cm-1·K-2,300,K,body text,,Value explicitly stated in text.
s10854-025-15118-x.pdf,10.1007/s10854-025-15118-x,AgSbTe2,MQ-450,AgSbTe2,0,No,,,,,,electrical conductivity,1.79 x 10^4,S·m-1,300,K,body text,,Value explicitly stated in text.
s10854-025-15118-x.pdf,10.1007/s10854-025-15118-x,AgSbTe2,MQ-350,AgSbTe2,0,No,,,,,,power factor,2.79,μW·cm-1·K-2,300,K,body text,,Value explicitly stated in text.
s10854-025-15118-x.pdf,10.1007/s10854-025-15118-x,AgSbTe2,MQ-450,AgSbTe2,0,No,,,,,,ZT,1.67,dimensionless,600,K,figure,Fig. 6,Visually estimated from Fig. 6
s10854-025-15118-x.pdf,10.1007/s10854-025-15118-x,AgSbTe2,BM-450,AgSbTe2,0,No,,,,,,ZT,1.38,dimensionless,600,K,figure,Fig. 7d,Visually estimated from Fig. 7d
s10854-026-17196-x.pdf,10.1007/s10854-026-17196-x,AgSbTe2,AST-AS,AgSbTe2,0,No,,,,,,Seebeck coefficient,404.5,µVK−1,300,K,body text,Table 6,
s10854-026-17196-x.pdf,10.1007/s10854-026-17196-x,AgSbTe2,AST-AS,AgSbTe2,0,No,,,,,,electrical conductivity,0.06,× 104 S m−1,300,K,body text,Table 6,
s10854-026-17196-x.pdf,10.1007/s10854-026-17196-x,AgSbTe2,AST-AS,AgSbTe2,0,No,,,,,,power factor,106.6,µW m−1 K−2,300,K,body text,Table 6,
s10854-026-17196-x.pdf,10.1007/s10854-026-17196-x,AgSbTe2,AST-50,AgSbTe2,0,No,,,,,,Seebeck coefficient,303.0,µVK−1,300,K,body text,Table 6,
s10854-026-17196-x.pdf,10.1007/s10854-026-17196-x,AgSbTe2,AST-50,AgSbTe2,0,No,,,,,,electrical conductivity,0.19,× 104 S m−1,300,K,body text,Table 6,
s10854-026-17196-x.pdf,10.1007/s10854-026-17196-x,AgSbTe2,AST-50,AgSbTe2,0,No,,,,,,power factor,171.5,µW m−1 K−2,300,K,body text,Table 6,
s10854-026-17196-x.pdf,10.1007/s10854-026-17196-x,AgSbTe2,AST-70,AgSbTe2,0,No,,,,,,Seebeck coefficient,200.2,µVK−1,300,K,body text,Table 6,
s10854-026-17196-x.pdf,10.1007/s10854-026-17196-x,AgSbTe2,AST-70,AgSbTe2,0,No,,,,,,electrical conductivity,2.95,× 104 S m−1,300,K,body text,Table 6,
s10854-026-17196-x.pdf,10.1007/s10854-026-17196-x,AgSbTe2,AST-70,AgSbTe2,0,No,,,,,,power factor,1179.2,µW m−1 K−2,300,K,body text,Table 6,
s10854-026-17196-x.pdf,10.1007/s10854-026-17196-x,AgSbTe2,AST-90,AgSbTe2,0,No,,,,,,Seebeck coefficient,175.2,µVK−1,300,K,body text,Table 6,
s10854-026-17196-x.pdf,10.1007/s10854-026-17196-x,AgSbTe2,AST-90,AgSbTe2,0,No,,,,,,electrical conductivity,4.12,× 104 S m−1,300,K,body text,Table 6,
s10854-026-17196-x.pdf,10.1007/s10854-026-17196-x,AgSbTe2,AST-90,AgSbTe2,0,No,,,,,,power factor,1264.6,µW m−1 K−2,300,K,body text,Table 6,
s10854-026-17196-x.pdf,10.1007/s10854-026-17196-x,AgSbTe2,AST-110,AgSbTe2,0,No,,,,,,Seebeck coefficient,122.0,µVK−1,300,K,body text,Table 6,
s10854-026-17196-x.pdf,10.1007/s10854-026-17196-x,AgSbTe2,AST-110,AgSbTe2,0,No,,,,,,electrical conductivity,3.09,× 104 S m−1,300,K,body text,Table 6,
s10854-026-17196-x.pdf,10.1007/s10854-026-17196-x,AgSbTe2,AST-110,AgSbTe2,0,No,,,,,,power factor,460.3,µW m−1 K−2,300,K,body text,Table 6,
s10854-026-17196-x.pdf,10.1007/s10854-026-17196-x,AgSbTe2,AST-AS,AgSbTe2,0,No,,,,,,Seebeck coefficient,404.5,µVK^-1,300,K,body text,Abstract,
s10854-026-17196-x.pdf,10.1007/s10854-026-17196-x,AgSbTe2,AST-90,AgSbTe2,0,No,,,,,,electrical conductivity,4.12 * 10^4,S m^-1,300,K,body text,Abstract,Reported as room temperature value post annealing at 90 C
s10854-026-17196-x.pdf,10.1007/s10854-026-17196-x,AgSbTe2,AST-90,AgSbTe2,0,No,,,,,,power factor,1264.6,µW m^-1 K^-2,300,K,body text,Abstract,Reported as room temperature value post annealing at 90 C
s11664-009-0669-7.pdf,10.1007/s11664-009-0669-7,AgSbTe2,AgSbTe2:2% AgTe,AgSbTe2 doped with 2 at.% excess AgTe,1,No,Ag,2 at.%,unclear,,Ag (2 at.%) @ unclear site,ZT,0.5,dimensionless,,,text,body text,Value for undoped AgSbTe2 at 400 K
s11664-009-0669-7.pdf,10.1007/s11664-009-0669-7,AgSbTe2,AgSbTe2:2% AgTe,AgSbTe2 doped with 2 at.% excess AgTe,1,No,Ag,2 at.%,unclear,,Ag (2 at.%) @ unclear site,ZT,1.05,dimensionless,400,K,text,body text,Value for TlTe doped sample
s11664-009-0669-7.pdf,10.1007/s11664-009-0669-7,AgSbTe2,AgSbTe2:2% AgTe,AgSbTe2 doped with 2 at.% excess AgTe,1,No,Ag,2 at.%,unclear,,Ag (2 at.%) @ unclear site,ZT,1.2,dimensionless,400,K,text,body text,Value for NaSe doped sample
s11664-009-0669-7.pdf,10.1007/s11664-009-0669-7,AgSbTe2,AgSbTe2:2% AgTe,AgSbTe2 doped with 2 at.% excess AgTe,1,No,Ag,2 at.%,unclear,,Ag (2 at.%) @ unclear site,ZT,0.87,dimensionless,400,K,text,body text,Value for NaTe doped sample
s11664-009-0669-7.pdf,10.1007/s11664-009-0669-7,AgSbTe2,undoped AgSbTe2,AgSbTe2,0,No,,,,,,ZT,0.5,dimensionless,400,K,figure,Fig. 4,Visually estimated from Fig. 4
s11664-009-0669-7.pdf,10.1007/s11664-009-0669-7,AgSbTe2,2% AgTe doped AgSbTe2,AgSbTe2 + 2% AgTe,2,Yes,Ag,2%,unclear,Te (2%) @ unclear,Ag (2%) @ unclear site; Te (2%) @ unclear site,ZT,0.55,dimensionless,400,K,figure,Fig. 4,Visually estimated from Fig. 4
s11664-009-0669-7.pdf,10.1007/s11664-009-0669-7,AgSbTe2,1% NaSe0.5Te0.5 doped AgSbTe2,AgSbTe2 + 1% NaSe0.5Te0.5,3,Yes,Na,1%,unclear,Se (0.5%) @ unclear; Te (0.5%) @ unclear,Na (1%) @ unclear site; Se (0.5%) @ unclear site; Te (0.5%) @ unclear site,ZT,1.2,dimensionless,400,K,figure,Fig. 4,Visually estimated from Fig. 4
s11664-009-0669-7.pdf,10.1007/s11664-009-0669-7,AgSbTe2,1% NaTe doped AgSbTe2,AgSbTe2 + 1% NaTe,2,Yes,Na,1%,unclear,Te (1%) @ unclear,Na (1%) @ unclear site; Te (1%) @ unclear site,ZT,0.87,dimensionless,400,K,figure,Fig. 4,Visually estimated from Fig. 4
s11664-009-0669-7.pdf,10.1007/s11664-009-0669-7,AgSbTe2,1.5% TlTe doped AgSbTe2,AgSbTe2 + 1.5% TlTe,2,Yes,Tl,1.5%,Sb,Te (1.5%) @ unclear,Tl (1.5%) @ Sb site; Te (1.5%) @ unclear site,ZT,1.05,dimensionless,400,K,figure,Fig. 4,Visually estimated from Fig. 4
s11664-009-0669-7.pdf,10.1007/s11664-009-0669-7,AgSbTe2,1% BiTe doped AgSbTe2,AgSbTe2 + 1% BiTe,2,Yes,Bi,1%,Sb,Te (1%) @ unclear,Bi (1%) @ Sb site; Te (1%) @ unclear site,ZT,0.45,dimensionless,400,K,figure,Fig. 4,Visually estimated from Fig. 4
s11664-009-0669-7.pdf,10.1007/s11664-009-0669-7,AgSbTe2,1% excess Pb doped AgSbTe2,AgSbTe2 + 1% Pb,1,No,Pb,1%,Ag,,Pb (1%) @ Ag site,ZT,0.45,dimensionless,400,K,figure,Fig. 4,Visually estimated from Fig. 4
s11664-014-3145-y.pdf,10.1007/s11664-014-3145-y,AgSbTe2,La0.125Ag0.875SbTe2,La0.125Ag0.875SbTe2,1,No,La,0.125,Ag,,La (0.125) @ Ag site,thermal conductivity,0.92,W m-1 K-1,573,K,body text,"Page 1, Results section",Ternary alloy (pure AgSbTe2) Series A
s11664-014-3145-y.pdf,10.1007/s11664-014-3145-y,AgSbTe2,La0.125Ag0.875SbTe2,La0.125Ag0.875SbTe2,1,No,La,0.125,Ag,,La (0.125) @ Ag site,thermal conductivity,0.71,W m-1 K-1,573,K,body text,"Page 1, Results section",Quaternary alloy (La-doped) Series A
s11664-014-3145-y.pdf,10.1007/s11664-014-3145-y,AgSbTe2,Series A pure AST,AgSbTe2,0,No,,,,,,thermal conductivity,0.7,Wm^-1K^-1,300,K,figure,Fig. 6a,Visually estimated from Fig. 6a
s11664-014-3145-y.pdf,10.1007/s11664-014-3145-y,AgSbTe2,Series A pure AST,AgSbTe2,0,No,,,,,,thermal conductivity,0.75,Wm^-1K^-1,400,K,figure,Fig. 6a,Visually estimated from Fig. 6a
s11664-014-3145-y.pdf,10.1007/s11664-014-3145-y,AgSbTe2,Series A pure AST,AgSbTe2,0,No,,,,,,thermal conductivity,0.85,Wm^-1K^-1,500,K,figure,Fig. 6a,Visually estimated from Fig. 6a
s11664-014-3145-y.pdf,10.1007/s11664-014-3145-y,AgSbTe2,Series A pure AST,AgSbTe2,0,No,,,,,,thermal conductivity,0.95,Wm^-1K^-1,600,K,figure,Fig. 6a,Visually estimated from Fig. 6a
s11664-014-3145-y.pdf,10.1007/s11664-014-3145-y,AgSbTe2,Series A pure AST,AgSbTe2,0,No,,,,,,thermal conductivity,0.75,Wm^-1K^-1,650,K,figure,Fig. 6a,Visually estimated from Fig. 6a
s11664-014-3145-y.pdf,10.1007/s11664-014-3145-y,AgSbTe2,Series A pure AST,AgSbTe2,0,No,,,,,,thermal conductivity,0.85,Wm^-1K^-1,700,K,figure,Fig. 6a,Visually estimated from Fig. 6a
s11664-014-3145-y.pdf,10.1007/s11664-014-3145-y,AgSbTe2,Series A La-doped AST,La-doped AgSbTe2,1,No,La,unspecified,Ag,,La (unspecified) @ Ag site,thermal conductivity,0.85,Wm^-1K^-1,300,K,figure,Fig. 6a,Visually estimated from Fig. 6a
s11664-014-3145-y.pdf,10.1007/s11664-014-3145-y,AgSbTe2,Series A La-doped AST,La-doped AgSbTe2,1,No,La,unspecified,Ag,,La (unspecified) @ Ag site,thermal conductivity,0.85,Wm^-1K^-1,400,K,figure,Fig. 6a,Visually estimated from Fig. 6a
s11664-014-3145-y.pdf,10.1007/s11664-014-3145-y,AgSbTe2,Series A La-doped AST,La-doped AgSbTe2,1,No,La,unspecified,Ag,,La (unspecified) @ Ag site,thermal conductivity,0.9,Wm^-1K^-1,500,K,figure,Fig. 6a,Visually estimated from Fig. 6a
s11664-014-3145-y.pdf,10.1007/s11664-014-3145-y,AgSbTe2,Series A La-doped AST,La-doped AgSbTe2,1,No,La,unspecified,Ag,,La (unspecified) @ Ag site,thermal conductivity,1.0,Wm^-1K^-1,600,K,figure,Fig. 6a,Visually estimated from Fig. 6a
s11664-014-3145-y.pdf,10.1007/s11664-014-3145-y,AgSbTe2,Series A La-doped AST,La-doped AgSbTe2,1,No,La,unspecified,Ag,,La (unspecified) @ Ag site,thermal conductivity,0.85,Wm^-1K^-1,650,K,figure,Fig. 6a,Visually estimated from Fig. 6a
s11664-014-3145-y.pdf,10.1007/s11664-014-3145-y,AgSbTe2,Series A La-doped AST,La-doped AgSbTe2,1,No,La,unspecified,Ag,,La (unspecified) @ Ag site,thermal conductivity,0.95,Wm^-1K^-1,700,K,figure,Fig. 6a,Visually estimated from Fig. 6a
s11664-014-3145-y.pdf,10.1007/s11664-014-3145-y,AgSbTe2,Series B pure AST,AgSbTe2,0,No,,,,,,thermal conductivity,0.85,Wm^-1K^-1,300,K,figure,Fig. 6b,Visually estimated from Fig. 6b
s11664-014-3145-y.pdf,10.1007/s11664-014-3145-y,AgSbTe2,Series B pure AST,AgSbTe2,0,No,,,,,,thermal conductivity,0.75,Wm^-1K^-1,400,K,figure,Fig. 6b,Visually estimated from Fig. 6b
s11664-014-3145-y.pdf,10.1007/s11664-014-3145-y,AgSbTe2,Series B pure AST,AgSbTe2,0,No,,,,,,thermal conductivity,0.75,Wm^-1K^-1,500,K,figure,Fig. 6b,Visually estimated from Fig. 6b
s11664-014-3145-y.pdf,10.1007/s11664-014-3145-y,AgSbTe2,Series B pure AST,AgSbTe2,0,No,,,,,,thermal conductivity,0.85,Wm^-1K^-1,600,K,figure,Fig. 6b,Visually estimated from Fig. 6b
s11664-014-3145-y.pdf,10.1007/s11664-014-3145-y,AgSbTe2,Series B pure AST,AgSbTe2,0,No,,,,,,thermal conductivity,0.85,Wm^-1K^-1,700,K,figure,Fig. 6b,Visually estimated from Fig. 6b
s11664-014-3145-y.pdf,10.1007/s11664-014-3145-y,AgSbTe2,Series B La-doped AST,La-doped AgSbTe2,1,No,La,unspecified,Ag,,La (unspecified) @ Ag site,thermal conductivity,0.7,Wm^-1K^-1,300,K,figure,Fig. 6b,Visually estimated from Fig. 6b
s11664-014-3145-y.pdf,10.1007/s11664-014-3145-y,AgSbTe2,Series B La-doped AST,La-doped AgSbTe2,1,No,La,unspecified,Ag,,La (unspecified) @ Ag site,thermal conductivity,0.6,Wm^-1K^-1,400,K,figure,Fig. 6b,Visually estimated from Fig. 6b
s11664-014-3145-y.pdf,10.1007/s11664-014-3145-y,AgSbTe2,Series B La-doped AST,La-doped AgSbTe2,1,No,La,unspecified,Ag,,La (unspecified) @ Ag site,thermal conductivity,0.6,Wm^-1K^-1,500,K,figure,Fig. 6b,Visually estimated from Fig. 6b
s11664-014-3145-y.pdf,10.1007/s11664-014-3145-y,AgSbTe2,Series B La-doped AST,La-doped AgSbTe2,1,No,La,unspecified,Ag,,La (unspecified) @ Ag site,thermal conductivity,0.7,Wm^-1K^-1,600,K,figure,Fig. 6b,Visually estimated from Fig. 6b
s11664-014-3145-y.pdf,10.1007/s11664-014-3145-y,AgSbTe2,Series B La-doped AST,La-doped AgSbTe2,1,No,La,unspecified,Ag,,La (unspecified) @ Ag site,thermal conductivity,0.9,Wm^-1K^-1,700,K,figure,Fig. 6b,Visually estimated from Fig. 6b
s11664-014-3145-y.pdf,10.1007/s11664-014-3145-y,AgSbTe2,La0.125Ag0.875SbTe2,La0.125Ag0.875SbTe2,1,No,La,0.125,Ag,,La (0.125) @ Ag site,,,,,,,,
s11664-015-3682-z.pdf,10.1007/s11664-015-3682-z,AgSbTe2,Pristine AgSbTe2 (Melt-SPS),AgSbTe2,0,No,,,,,,,,,,,,,
s11664-015-3682-z.pdf,10.1007/s11664-015-3682-z,AgSbTe2,Pristine AgSbTe2 (MS-SPS),AgSbTe2,0,No,,,,,,,,,,,,,
s11664-015-3682-z.pdf,10.1007/s11664-015-3682-z,AgSbTe2,Se-doped AgSbTe2,AgSbSe0.02Te1.98,1,No,Se,1%,Te,,Se (1%) @ Te site,,,,,,,,
s11664-015-4102-0.pdf,10.1007/s11664-015-4102-0,AgSbTe2,AgSbTe2,AgSbTe2,0,No,,,,,,Seebeck coefficient,270,uV K-1,574,K,figure,Fig. 7,
s11664-015-4102-0.pdf,10.1007/s11664-015-4102-0,AgSbTe2,AgSbTe2,AgSbTe2,0,No,,,,,,electrical conductivity,1.5 * 10^4,S m-1,323,K,body text,page 4,
s11664-015-4102-0.pdf,10.1007/s11664-015-4102-0,AgSbTe2,AgSbTe2,AgSbTe2,0,No,,,,,,thermal conductivity,0.7,W m-1 K-1,323-623,K,body text,page 4,
s11664-015-4102-0.pdf,10.1007/s11664-015-4102-0,AgSbTe2,AgSbTe2,AgSbTe2,0,No,,,,,,ZT,0.65,dimensionless,575,K,body text,page 5,
s11664-015-4102-0.pdf,10.1007/s11664-015-4102-0,AgSbTe2,AgSbTe1.98Se0.02,AgSbTe1.98Se0.02,1,No,Se,0.02,Te,,Se (0.02) @ Te site,electrical conductivity,1.6 * 10^4,S m-1,323,K,body text,page 6,
s11664-015-4102-0.pdf,10.1007/s11664-015-4102-0,AgSbTe2,AgSbTe1.98Se0.02,AgSbTe1.98Se0.02,1,No,Se,0.02,Te,,Se (0.02) @ Te site,Seebeck coefficient,278,uV K-1,563,K,body text,page 6,
s11664-015-4102-0.pdf,10.1007/s11664-015-4102-0,AgSbTe2,AgSbTe1.98Se0.02,AgSbTe1.98Se0.02,1,No,Se,0.02,Te,,Se (0.02) @ Te site,thermal conductivity,0.55,W m-1 K-1,424,K,body text,page 7,
s11664-015-4102-0.pdf,10.1007/s11664-015-4102-0,AgSbTe2,AgSbTe1.98Se0.02,AgSbTe1.98Se0.02,1,No,Se,0.02,Te,,Se (0.02) @ Te site,ZT,1.07,dimensionless,563,K,body text,page 7,
s11664-015-4102-0.pdf,10.1007/s11664-015-4102-0,AgSbTe2,AgSbTe2,AgSbTe2,0,No,,,,,,electrical conductivity,4000,S m^-1,300,K,figure,Fig. 6,"Visually estimated from Fig. 6, measurement 1"
s11664-015-4102-0.pdf,10.1007/s11664-015-4102-0,AgSbTe2,AgSbTe2,AgSbTe2,0,No,,,,,,electrical conductivity,6000,S m^-1,400,K,figure,Fig. 6,"Visually estimated from Fig. 6, measurement 1"
s11664-015-4102-0.pdf,10.1007/s11664-015-4102-0,AgSbTe2,AgSbTe2,AgSbTe2,0,No,,,,,,electrical conductivity,7000,S m^-1,600,K,figure,Fig. 6,"Visually estimated from Fig. 6, measurement 1"
s11664-015-4102-0.pdf,10.1007/s11664-015-4102-0,AgSbTe2,AgSbTe2,AgSbTe2,0,No,,,,,,Seebeck coefficient,220,uV K^-1,300,K,figure,Fig. 7,"Visually estimated from Fig. 7, measurement 1"
s11664-015-4102-0.pdf,10.1007/s11664-015-4102-0,AgSbTe2,AgSbTe2,AgSbTe2,0,No,,,,,,Seebeck coefficient,340,uV K^-1,400,K,figure,Fig. 7,"Visually estimated from Fig. 7, measurement 1"
s11664-015-4102-0.pdf,10.1007/s11664-015-4102-0,AgSbTe2,AgSbTe2,AgSbTe2,0,No,,,,,,Seebeck coefficient,280,uV K^-1,600,K,figure,Fig. 7,"Visually estimated from Fig. 7, measurement 1"
s11664-015-4102-0.pdf,10.1007/s11664-015-4102-0,AgSbTe2,AgSbTe2,AgSbTe2,0,No,,,,,,ZT,0.2,dimensionless,300,K,figure,Fig. 9,"Visually estimated from Fig. 9, measurement 1"
s11664-015-4102-0.pdf,10.1007/s11664-015-4102-0,AgSbTe2,AgSbTe2,AgSbTe2,0,No,,,,,,ZT,0.4,dimensionless,400,K,figure,Fig. 9,"Visually estimated from Fig. 9, measurement 1"
s11664-015-4102-0.pdf,10.1007/s11664-015-4102-0,AgSbTe2,AgSbTe2,AgSbTe2,0,No,,,,,,ZT,0.5,dimensionless,600,K,figure,Fig. 9,"Visually estimated from Fig. 9, measurement 1"
s11664-015-4102-0.pdf,10.1007/s11664-015-4102-0,AgSbTe2,AgSbTe2,AgSbTe2,0,No,,,,,,thermal conductivity,0.7,W m^-1 K^-1,300,K,figure,Fig. 8,"Visually estimated from Fig. 8, total thermal conductivity"
s11664-015-4102-0.pdf,10.1007/s11664-015-4102-0,AgSbTe2,AgSbTe2,AgSbTe2,0,No,,,,,,thermal conductivity,0.7,W m^-1 K^-1,600,K,figure,Fig. 8,"Visually estimated from Fig. 8, total thermal conductivity"
s11664-015-4102-0.pdf,10.1007/s11664-015-4102-0,AgSbTe2,AgSbTe1.98Se0.02,AgSbTe1.98Se0.02,1,No,Se,0.02,Te,,Se (0.02) @ Te site,electrical conductivity,16000,Sm^-1,323,K,body text,,Value explicitly stated in text
s11664-015-4102-0.pdf,10.1007/s11664-015-4102-0,AgSbTe2,AgSbTe1.98Se0.02,AgSbTe1.98Se0.02,1,No,Se,0.02,Te,,Se (0.02) @ Te site,Seebeck coefficient,278,uV K^-1,563,K,body text,,Value explicitly stated in text
s11664-015-4102-0.pdf,10.1007/s11664-015-4102-0,AgSbTe2,AgSbTe1.98Se0.02,AgSbTe1.98Se0.02,1,No,Se,0.02,Te,,Se (0.02) @ Te site,thermal conductivity,0.55,W m^-1 K^-1,424,K,body text,,Value explicitly stated in text
s11664-015-4102-0.pdf,10.1007/s11664-015-4102-0,AgSbTe2,AgSbTe1.98Se0.02,AgSbTe1.98Se0.02,1,No,Se,0.02,Te,,Se (0.02) @ Te site,ZT,1.07,dimensionless,563,K,body text,,Value explicitly stated in text
s11664-024-11310-7.pdf,10.1007/s11664-024-11310-7,AgSbTe2,Ag0.7Sb1.12Te2,Ag0.7Sb1.12Te2,2,Yes,Ag,0.7,Ag,Sb (1.12) @ Sb,Ag (0.7) @ Ag site; Sb (1.12) @ Sb site,power factor,0.6,W m-1 K-2,750,K,table,Table IV,
s11664-024-11310-7.pdf,10.1007/s11664-024-11310-7,AgSbTe2,Ag0.7Sb1.12Te2,Ag0.7Sb1.12Te2,2,Yes,Ag,0.7,Ag,Sb (1.12) @ Sb,Ag (0.7) @ Ag site; Sb (1.12) @ Sb site,ZT,0.61,dimensionless,750,K,table,Table IV,
s11664-024-11310-7.pdf,10.1007/s11664-024-11310-7,AgSbTe2,AgSbTe2 (Hg doped),AgSbTe2,1,No,Hg,unspecified,unclear,,Hg (unspecified) @ unclear site,ZT,unspecified,dimensionless,570,K,table,Table IV,
s11664-024-11310-7.pdf,10.1007/s11664-024-11310-7,AgSbTe2,Ga-doped AgSbTe2,Ga-doped AgSbTe2,1,No,Ga,unspecified,unclear,,Ga (unspecified) @ unclear site,,,,,,,,
s11664-024-11310-7.pdf,10.1007/s11664-024-11310-7,AgSbTe2,(GeTe)m(AgSbTe2)100-m,(GeTe)m(AgSbTe2)100-m,1,No,GeTe,m,multiple sites,,GeTe (m) @ multiple sites site,,,,,,,,
s11664-024-11310-7.pdf,10.1007/s11664-024-11310-7,AgSbTe2,Cu2-yAgxTe0.6S0.2Se0.2,Cu2-yAgxTe0.6S0.2Se0.2,2,Yes,Ag,y,unclear,Ag (x) @ unclear,Ag (y) @ unclear site; Ag (x) @ unclear site,electrical conductivity,visually estimated from Fig. 8d,S/cm,,,figure,,"Visually estimated from Fig. 8d, showing temperature dependence for Cu2-yAgxTe0.6S0.2Se0.2 samples."
s11664-024-11310-7.pdf,10.1007/s11664-024-11310-7,AgSbTe2,Cu2-yAgxTe0.6S0.2Se0.2,Cu2-yAgxTe0.6S0.2Se0.2,2,Yes,Ag,y,unclear,Ag (x) @ unclear,Ag (y) @ unclear site; Ag (x) @ unclear site,Seebeck coefficient,visually estimated from Fig. 8d,uV/K,,,figure,,"Visually estimated from Fig. 8d, showing temperature dependence for Cu2-yAgxTe0.6S0.2Se0.2 samples."
s11664-024-11310-7.pdf,10.1007/s11664-024-11310-7,AgSbTe2,Cu2-yAgxTe0.6S0.2Se0.2,Cu2-yAgxTe0.6S0.2Se0.2,2,Yes,Ag,y,unclear,Ag (x) @ unclear,Ag (y) @ unclear site; Ag (x) @ unclear site,power factor,visually estimated from Fig. 8d,uW/cmK^2,,,figure,,"Visually estimated from Fig. 8d, showing temperature dependence for Cu2-yAgxTe0.6S0.2Se0.2 samples."
s11664-024-11310-7.pdf,10.1007/s11664-024-11310-7,AgSbTe2,Cu2-yAgxTe0.6S0.2Se0.2,Cu2-yAgxTe0.6S0.2Se0.2,2,Yes,Ag,y,unclear,Ag (x) @ unclear,Ag (y) @ unclear site; Ag (x) @ unclear site,thermal conductivity,visually estimated from Fig. 8d,W/mK,,,figure,,"Visually estimated from Fig. 8d, showing temperature dependence for Cu2-yAgxTe0.6S0.2Se0.2 samples."
s11664-024-11310-7.pdf,10.1007/s11664-024-11310-7,AgSbTe2,Cu2-yAgxTe0.6S0.2Se0.2,Cu2-yAgxTe0.6S0.2Se0.2,2,Yes,Ag,y,unclear,Ag (x) @ unclear,Ag (y) @ unclear site; Ag (x) @ unclear site,ZT,visually estimated from Fig. 8d,dimensionless,,,figure,,"Visually estimated from Fig. 8d, showing temperature dependence for Cu2-yAgxTe0.6S0.2Se0.2 samples."
s11664-024-11310-7.pdf,10.1007/s11664-024-11310-7,AgSbTe2,Ag0.7Sb1.12Te2,Ag0.7Sb1.12Te2,1,No,Sb,1.12,unclear,,Sb (1.12) @ unclear site,power factor,0.6,W m^-1 K^-2,750,K,table,Table IV,
s11664-024-11310-7.pdf,10.1007/s11664-024-11310-7,AgSbTe2,Ag0.7Sb1.12Te2,Ag0.7Sb1.12Te2,1,No,Sb,1.12,unclear,,Sb (1.12) @ unclear site,ZT,0.61,dimensionless,750,K,table,Table IV,
s11664-024-11310-7.pdf,10.1007/s11664-024-11310-7,AgSbTe2,AgSbTe2,AgSbTe2,1,No,Hg,not specified,unclear,,Hg (not specified) @ unclear site,ZT,not specified,dimensionless,570,K,table,Table IV,"The table lists AgSbTe2 with Hg doping at 570 K, but no numerical value for ZT is provided."
s12613-011-0446-5.pdf,10.1007/s12613-011-0446-5,Ag0.84Sb1.15Te2.16,Ag0.84Sb1.15Ce0.01Te2.16,Ag0.84Sb1.15Ce0.01Te2.16,1,No,Ce,0.01,Sb,,Ce (0.01) @ Sb site,electrical conductivity,2.5×10^4,S·m−1,673,K,body text,,
s12613-011-0446-5.pdf,10.1007/s12613-011-0446-5,Ag0.84Sb1.15Te2.16,Ag0.84Sb1.15Yb0.01Te2.16,Ag0.84Sb1.15Yb0.01Te2.16,1,No,Yb,0.01,Sb,,Yb (0.01) @ Sb site,electrical conductivity,2.3×10^4,S·m−1,673,K,body text,,
s12613-011-0446-5.pdf,10.1007/s12613-011-0446-5,Ag0.84Sb1.15Te2.16,Ag0.84Sb1.15Cu0.01Te2.16,Ag0.84Sb1.15Cu0.01Te2.16,1,No,Cu,0.01,Sb,,Cu (0.01) @ Sb site,,,,,,,,
s12613-011-0446-5.pdf,10.1007/s12613-011-0446-5,Ag0.84Sb1.15Te2.16,AgSbTe2,Ag0.84Sb1.15Te2.16,0,No,,,,,,electrical conductivity,2.6,10^4 S/m,300,K,figure,,Visually estimated from Fig. 2(a)
s12613-011-0446-5.pdf,10.1007/s12613-011-0446-5,Ag0.84Sb1.15Te2.16,AgSbTe2,Ag0.84Sb1.15Te2.16,0,No,,,,,,Seebeck coefficient,290,uV/K,300,K,figure,,Visually estimated from Fig. 2(b)
s12613-011-0446-5.pdf,10.1007/s12613-011-0446-5,Ag0.84Sb1.15Te2.16,AgSbTe2,Ag0.84Sb1.15Te2.16,0,No,,,,,,power factor,2.1,10^-3 W/mK^2,300,K,figure,,Visually estimated from Fig. 2(c)
s12613-011-0446-5.pdf,10.1007/s12613-011-0446-5,Ag0.84Sb1.15Te2.16,AgSbTe2,Ag0.84Sb1.15Te2.16,0,No,,,,,,thermal conductivity,0.7,W/mK,300,K,figure,,Visually estimated from Fig. 3(a)
s12613-011-0446-5.pdf,10.1007/s12613-011-0446-5,Ag0.84Sb1.15Te2.16,AgSbTe2,Ag0.84Sb1.15Te2.16,0,No,,,,,,lattice thermal conductivity,0.6,W/mK,300,K,figure,,Visually estimated from Fig. 3(b)
s12613-011-0446-5.pdf,10.1007/s12613-011-0446-5,Ag0.84Sb1.15Te2.16,AgSbTe2,Ag0.84Sb1.15Te2.16,0,No,,,,,,ZT,0.8,dimensionless,300,K,figure,,Visually estimated from Fig. 4
s12613-011-0446-5.pdf,10.1007/s12613-011-0446-5,Ag0.84Sb1.15Te2.16,AgSbTe2-Ce,Ag0.84Sb1.15Ce0.01Te2.16,1,No,Ce,0.01,Sb,,Ce (0.01) @ Sb site,electrical conductivity,2.2,10^4 S/m,300,K,figure,,Visually estimated from Fig. 2(a)
s12613-011-0446-5.pdf,10.1007/s12613-011-0446-5,Ag0.84Sb1.15Te2.16,AgSbTe2-Ce,Ag0.84Sb1.15Ce0.01Te2.16,1,No,Ce,0.01,Sb,,Ce (0.01) @ Sb site,Seebeck coefficient,285,uV/K,300,K,figure,,Visually estimated from Fig. 2(b)
s12613-011-0446-5.pdf,10.1007/s12613-011-0446-5,Ag0.84Sb1.15Te2.16,AgSbTe2-Ce,Ag0.84Sb1.15Ce0.01Te2.16,1,No,Ce,0.01,Sb,,Ce (0.01) @ Sb site,power factor,1.8,10^-3 W/mK^2,300,K,figure,,Visually estimated from Fig. 2(c)
s12613-011-0446-5.pdf,10.1007/s12613-011-0446-5,Ag0.84Sb1.15Te2.16,AgSbTe2-Ce,Ag0.84Sb1.15Ce0.01Te2.16,1,No,Ce,0.01,Sb,,Ce (0.01) @ Sb site,thermal conductivity,0.85,W/mK,300,K,figure,,Visually estimated from Fig. 3(a)
s12613-011-0446-5.pdf,10.1007/s12613-011-0446-5,Ag0.84Sb1.15Te2.16,AgSbTe2-Ce,Ag0.84Sb1.15Ce0.01Te2.16,1,No,Ce,0.01,Sb,,Ce (0.01) @ Sb site,lattice thermal conductivity,0.8,W/mK,300,K,figure,,Visually estimated from Fig. 3(b)
s12613-011-0446-5.pdf,10.1007/s12613-011-0446-5,Ag0.84Sb1.15Te2.16,AgSbTe2-Ce,Ag0.84Sb1.15Ce0.01Te2.16,1,No,Ce,0.01,Sb,,Ce (0.01) @ Sb site,ZT,0.6,dimensionless,300,K,figure,,Visually estimated from Fig. 4
s12613-011-0446-5.pdf,10.1007/s12613-011-0446-5,Ag0.84Sb1.15Te2.16,AgSbTe2-Yb,Ag0.84Sb1.15Yb0.01Te2.16,1,No,Yb,0.01,Sb,,Yb (0.01) @ Sb site,electrical conductivity,2.1,10^4 S/m,300,K,figure,,Visually estimated from Fig. 2(a)
s12613-011-0446-5.pdf,10.1007/s12613-011-0446-5,Ag0.84Sb1.15Te2.16,AgSbTe2-Yb,Ag0.84Sb1.15Yb0.01Te2.16,1,No,Yb,0.01,Sb,,Yb (0.01) @ Sb site,Seebeck coefficient,280,uV/K,300,K,figure,,Visually estimated from Fig. 2(b)
s12613-011-0446-5.pdf,10.1007/s12613-011-0446-5,Ag0.84Sb1.15Te2.16,AgSbTe2-Yb,Ag0.84Sb1.15Yb0.01Te2.16,1,No,Yb,0.01,Sb,,Yb (0.01) @ Sb site,power factor,1.7,10^-3 W/mK^2,300,K,figure,,Visually estimated from Fig. 2(c)
s12613-011-0446-5.pdf,10.1007/s12613-011-0446-5,Ag0.84Sb1.15Te2.16,AgSbTe2-Yb,Ag0.84Sb1.15Yb0.01Te2.16,1,No,Yb,0.01,Sb,,Yb (0.01) @ Sb site,thermal conductivity,0.8,W/mK,300,K,figure,,Visually estimated from Fig. 3(a)
s12613-011-0446-5.pdf,10.1007/s12613-011-0446-5,Ag0.84Sb1.15Te2.16,AgSbTe2-Yb,Ag0.84Sb1.15Yb0.01Te2.16,1,No,Yb,0.01,Sb,,Yb (0.01) @ Sb site,lattice thermal conductivity,0.75,W/mK,300,K,figure,,Visually estimated from Fig. 3(b)
s12613-011-0446-5.pdf,10.1007/s12613-011-0446-5,Ag0.84Sb1.15Te2.16,AgSbTe2-Yb,Ag0.84Sb1.15Yb0.01Te2.16,1,No,Yb,0.01,Sb,,Yb (0.01) @ Sb site,ZT,0.55,dimensionless,300,K,figure,,Visually estimated from Fig. 4
s12613-011-0446-5.pdf,10.1007/s12613-011-0446-5,Ag0.84Sb1.15Te2.16,AgSbTe2-Cu,Ag0.84Sb1.15Cu0.01Te2.16,1,No,Cu,0.01,Sb,,Cu (0.01) @ Sb site,electrical conductivity,2.0,10^4 S/m,300,K,figure,,Visually estimated from Fig. 2(a)
s12613-011-0446-5.pdf,10.1007/s12613-011-0446-5,Ag0.84Sb1.15Te2.16,AgSbTe2-Cu,Ag0.84Sb1.15Cu0.01Te2.16,1,No,Cu,0.01,Sb,,Cu (0.01) @ Sb site,Seebeck coefficient,230,uV/K,300,K,figure,,Visually estimated from Fig. 2(b)
s12613-011-0446-5.pdf,10.1007/s12613-011-0446-5,Ag0.84Sb1.15Te2.16,AgSbTe2-Cu,Ag0.84Sb1.15Cu0.01Te2.16,1,No,Cu,0.01,Sb,,Cu (0.01) @ Sb site,power factor,1.3,10^-3 W/mK^2,300,K,figure,,Visually estimated from Fig. 2(c)
s12613-011-0446-5.pdf,10.1007/s12613-011-0446-5,Ag0.84Sb1.15Te2.16,AgSbTe2-Cu,Ag0.84Sb1.15Cu0.01Te2.16,1,No,Cu,0.01,Sb,,Cu (0.01) @ Sb site,thermal conductivity,0.75,W/mK,300,K,figure,,Visually estimated from Fig. 3(a)
s12613-011-0446-5.pdf,10.1007/s12613-011-0446-5,Ag0.84Sb1.15Te2.16,AgSbTe2-Cu,Ag0.84Sb1.15Cu0.01Te2.16,1,No,Cu,0.01,Sb,,Cu (0.01) @ Sb site,lattice thermal conductivity,0.7,W/mK,300,K,figure,,Visually estimated from Fig. 3(b)
s12613-011-0446-5.pdf,10.1007/s12613-011-0446-5,Ag0.84Sb1.15Te2.16,AgSbTe2-Cu,Ag0.84Sb1.15Cu0.01Te2.16,1,No,Cu,0.01,Sb,,Cu (0.01) @ Sb site,ZT,0.45,dimensionless,300,K,figure,,Visually estimated from Fig. 4
s40843-024-3152-0.pdf,10.1007/s40843-024-3152-0,AgSbTe2,Ag0.9Sb1.1Te2.1,Ag0.9Sb1.1Te2.1,3,Yes,Ag,0.9,Ag,Sb (1.1) @ Sb; Te (2.1) @ Te,Ag (0.9) @ Ag site; Sb (1.1) @ Sb site; Te (2.1) @ Te site,electrical conductivity,not explicitly stated,not explicitly stated,,,body text,,Room-temperature electrical conductivity measured after aging at different temperatures; values are plotted in Fig. 2e but not explicitly listed as numbers.
s40843-024-3152-0.pdf,10.1007/s40843-024-3152-0,AgSbTe2,Ag0.9Sb1.1Te2.1,Ag0.9Sb1.1Te2.1,3,Yes,Ag,0.9,Ag,Sb (1.1) @ Sb; Te (2.1) @ Te,Ag (0.9) @ Ag site; Sb (1.1) @ Sb site; Te (2.1) @ Te site,Seebeck coefficient,not explicitly stated,not explicitly stated,,,body text,,Room-temperature Seebeck coefficient measured after aging at different temperatures; values are plotted in Fig. 2e but not explicitly listed as numbers.
s40843-024-3152-0.pdf,10.1007/s40843-024-3152-0,AgSbTe2,Ag0.9Sb1.1Te2.1,Ag0.9Sb1.1Te2.1,3,Yes,Ag,0.9,Ag,Sb (1.1) @ Sb; Te (2.1) @ Te,Ag (0.9) @ Ag site; Sb (1.1) @ Sb site; Te (2.1) @ Te site,ZT,1.5,dimensionless,600,K,body text,,Calculated zT at 600 K under rate 1# (fast).
s40843-024-3152-0.pdf,10.1007/s40843-024-3152-0,AgSbTe2,Ag0.9Sb1.1Te2.1,Ag0.9Sb1.1Te2.1,3,Yes,Ag,0.9,Ag,Sb (1.1) @ Sb; Te (2.1) @ Te,Ag (0.9) @ Ag site; Sb (1.1) @ Sb site; Te (2.1) @ Te site,ZT,1.0,dimensionless,600,K,body text,,Calculated zT at 600 K under rate 2# (slow).
s40843-024-3152-0.pdf,10.1007/s40843-024-3152-0,AgSbTe2,Ag0.9Sb1.1Te2.1,Ag0.9Sb1.1Te2.1,3,Yes,Ag,0.9,Ag,Sb (1.1) @ Sb; Te (2.1) @ Te,Ag (0.9) @ Ag site; Sb (1.1) @ Sb site; Te (2.1) @ Te site,electrical conductivity,8,10^4 S m^-1,300,K,figure,Fig. 2e,Visually estimated from Fig. 2e for the as-prepared sample.
s40843-024-3152-0.pdf,10.1007/s40843-024-3152-0,AgSbTe2,Ag0.9Sb1.1Te2.1,Ag0.9Sb1.1Te2.1,3,Yes,Ag,0.9,Ag,Sb (1.1) @ Sb; Te (2.1) @ Te,Ag (0.9) @ Ag site; Sb (1.1) @ Sb site; Te (2.1) @ Te site,Seebeck coefficient,250,uV K^-1,300,K,figure,Fig. 2e,Visually estimated from Fig. 2e for the as-prepared sample.
s41467-024-55280-0.pdf,10.1038/s41467-024-55280-0,AgSbTe2,AgSbTe2,AgSbTe2,0,No,,,,,,Seebeck coefficient,270,µV/K,300,K,body text,,
s41467-024-55280-0.pdf,10.1038/s41467-024-55280-0,AgSbTe2,AgSbTe2,AgSbTe2,0,No,,,,,,Seebeck coefficient,389,µV/K,465,K,body text,,
s41467-024-55280-0.pdf,10.1038/s41467-024-55280-0,AgSbTe2,AgSbTe2,AgSbTe2,0,No,,,,,,electrical conductivity,89,S/cm,300,K,body text,,
s41467-024-55280-0.pdf,10.1038/s41467-024-55280-0,AgSbTe2,AgSbTe2,AgSbTe2,0,No,,,,,,thermal conductivity,0.55,W/m·K,300,K,body text,,
s41467-024-55280-0.pdf,10.1038/s41467-024-55280-0,AgSbTe2,AgSbTe2,AgSbTe2,0,No,,,,,,thermal conductivity,0.48,W/m·K,450,K,body text,,
s41467-024-55280-0.pdf,10.1038/s41467-024-55280-0,AgSbTe2,AgSb0.94Sn0.06Te2,AgSb0.94Sn0.06Te2,1,No,Sn,6 mol%,Sb,,Sn (6 mol%) @ Sb site,electrical conductivity,231,S/cm,300,K,body text,,
s41467-024-55280-0.pdf,10.1038/s41467-024-55280-0,AgSbTe2,AgSb0.94Sn0.06Te2,AgSb0.94Sn0.06Te2,1,No,Sn,6 mol%,Sb,,Sn (6 mol%) @ Sb site,power factor,27,µWcm−1K−2,673,K,body text,,
s41467-024-55280-0.pdf,10.1038/s41467-024-55280-0,AgSbTe2,AgSb0.94Sn0.06Te2,AgSb0.94Sn0.06Te2,1,No,Sn,6 mol%,Sb,,Sn (6 mol%) @ Sb site,ZT,2.5,dimensionless,673,K,body text,,
s41467-024-55280-0.pdf,10.1038/s41467-024-55280-0,AgSbTe2,AgSb0.94Sn0.06Te2,AgSb0.94Sn0.06Te2,1,No,Sn,6 mol%,Sb,,Sn (6 mol%) @ Sb site,lattice thermal conductivity,0.41,W m−1 K−1,470,K,body text,,
s41467-024-55280-0.pdf,10.1038/s41467-024-55280-0,AgSbTe2,Pristine AgSbTe2,AgSbTe2,0,No,,,,,,Seebeck coefficient,270,μV/K,300,K,body text,,
s41467-024-55280-0.pdf,10.1038/s41467-024-55280-0,AgSbTe2,Pristine AgSbTe2,AgSbTe2,0,No,,,,,,Seebeck coefficient,389,μV/K,465,K,body text,,
s41467-024-55280-0.pdf,10.1038/s41467-024-55280-0,AgSbTe2,Pristine AgSbTe2,AgSbTe2,0,No,,,,,,electrical conductivity,89,S/cm,300,K,body text,,
s41467-024-55280-0.pdf,10.1038/s41467-024-55280-0,AgSbTe2,Ag0.94Sn0.06Te2,AgSb0.94Sn0.06Te2,1,No,Sn,6 mol%,Sb,,Sn (6 mol%) @ Sb site,electrical conductivity,231,S/cm,300,K,body text,,
s41467-024-55280-0.pdf,10.1038/s41467-024-55280-0,AgSbTe2,AgSbTe2,AgSbTe2,0,No,,,,,,Seebeck coefficient,240,uV/K,300,K,figure,Fig. 4d,Visually estimated from Fig. 4d
s41467-024-55280-0.pdf,10.1038/s41467-024-55280-0,AgSbTe2,AgSbTe2,AgSbTe2,0,No,,,,,,Seebeck coefficient,380,uV/K,500,K,figure,Fig. 4d,Visually estimated from Fig. 4d
s41467-024-55280-0.pdf,10.1038/s41467-024-55280-0,AgSbTe2,AgSbTe2,AgSbTe2,0,No,,,,,,Seebeck coefficient,300,uV/K,673,K,figure,Fig. 4d,Visually estimated from Fig. 4d
s41467-024-55280-0.pdf,10.1038/s41467-024-55280-0,AgSbTe2,AgSbTe2,AgSbTe2,0,No,,,,,,ZT,0.4,dimensionless,300,K,figure,Fig. 4i,Visually estimated from Fig. 4i
s41467-024-55280-0.pdf,10.1038/s41467-024-55280-0,AgSbTe2,AgSbTe2,AgSbTe2,0,No,,,,,,ZT,0.7,dimensionless,673,K,figure,Fig. 4i,Visually estimated from Fig. 4i
s41467-024-55280-0.pdf,10.1038/s41467-024-55280-0,AgSbTe2,AgSb0.97Sn0.03Te2,AgSb0.97Sn0.03Te2,1,No,Sn,0.03,Sb,,Sn (0.03) @ Sb site,Seebeck coefficient,230,uV/K,300,K,figure,Fig. 4d,Visually estimated from Fig. 4d
s41467-024-55280-0.pdf,10.1038/s41467-024-55280-0,AgSbTe2,AgSb0.97Sn0.03Te2,AgSb0.97Sn0.03Te2,1,No,Sn,0.03,Sb,,Sn (0.03) @ Sb site,Seebeck coefficient,310,uV/K,673,K,figure,Fig. 4d,Visually estimated from Fig. 4d
s41467-024-55280-0.pdf,10.1038/s41467-024-55280-0,AgSbTe2,AgSb0.97Sn0.03Te2,AgSb0.97Sn0.03Te2,1,No,Sn,0.03,Sb,,Sn (0.03) @ Sb site,ZT,0.5,dimensionless,300,K,figure,Fig. 4i,Visually estimated from Fig. 4i
s41467-024-55280-0.pdf,10.1038/s41467-024-55280-0,AgSbTe2,AgSb0.97Sn0.03Te2,AgSb0.97Sn0.03Te2,1,No,Sn,0.03,Sb,,Sn (0.03) @ Sb site,ZT,2.1,dimensionless,673,K,figure,Fig. 4i,Visually estimated from Fig. 4i
s41467-024-55280-0.pdf,10.1038/s41467-024-55280-0,AgSbTe2,AgSb0.94Sn0.06Te2,AgSb0.94Sn0.06Te2,1,No,Sn,0.06,Sb,,Sn (0.06) @ Sb site,Seebeck coefficient,200,uV/K,300,K,figure,Fig. 4d,Visually estimated from Fig. 4d
s41467-024-55280-0.pdf,10.1038/s41467-024-55280-0,AgSbTe2,AgSb0.94Sn0.06Te2,AgSb0.94Sn0.06Te2,1,No,Sn,0.06,Sb,,Sn (0.06) @ Sb site,Seebeck coefficient,310,uV/K,673,K,figure,Fig. 4d,Visually estimated from Fig. 4d
s41467-024-55280-0.pdf,10.1038/s41467-024-55280-0,AgSbTe2,AgSb0.94Sn0.06Te2,AgSb0.94Sn0.06Te2,1,No,Sn,0.06,Sb,,Sn (0.06) @ Sb site,ZT,0.6,dimensionless,300,K,figure,Fig. 4i,Visually estimated from Fig. 4i
s41467-024-55280-0.pdf,10.1038/s41467-024-55280-0,AgSbTe2,AgSb0.94Sn0.06Te2,AgSb0.94Sn0.06Te2,1,No,Sn,0.06,Sb,,Sn (0.06) @ Sb site,ZT,2.5,dimensionless,673,K,figure,Fig. 4i,Visually estimated from Fig. 4i
s41467-024-55280-0.pdf,10.1038/s41467-024-55280-0,AgSbTe2,AgSb0.9Sn0.1Te2,AgSb0.9Sn0.1Te2,1,No,Sn,0.1,Sb,,Sn (0.1) @ Sb site,Seebeck coefficient,180,uV/K,300,K,figure,Fig. 4d,Visually estimated from Fig. 4d
s41467-024-55280-0.pdf,10.1038/s41467-024-55280-0,AgSbTe2,AgSb0.9Sn0.1Te2,AgSb0.9Sn0.1Te2,1,No,Sn,0.1,Sb,,Sn (0.1) @ Sb site,Seebeck coefficient,300,uV/K,673,K,figure,Fig. 4d,Visually estimated from Fig. 4d
s41467-024-55280-0.pdf,10.1038/s41467-024-55280-0,AgSbTe2,AgSb0.9Sn0.1Te2,AgSb0.9Sn0.1Te2,1,No,Sn,0.1,Sb,,Sn (0.1) @ Sb site,ZT,0.5,dimensionless,300,K,figure,Fig. 4i,Visually estimated from Fig. 4i
s41467-024-55280-0.pdf,10.1038/s41467-024-55280-0,AgSbTe2,AgSb0.9Sn0.1Te2,AgSb0.9Sn0.1Te2,1,No,Sn,0.1,Sb,,Sn (0.1) @ Sb site,ZT,1.5,dimensionless,673,K,figure,Fig. 4i,Visually estimated from Fig. 4i
s43578-025-01619-2.pdf,10.1557/s43578-025-01619-2,AgSbTe2,GeSe-15%AgSbTe2,GeSe-15%AgSbTe2,1,No,AgSbTe2,15%,unclear,,AgSbTe2 (15%) @ unclear site,ZT,0.05,dimensionless,300,K,figure,,Visually estimated from Fig. 6B
s43578-025-01619-2.pdf,10.1557/s43578-025-01619-2,AgSbTe2,GeSe-15%AgSbTe2,GeSe-15%AgSbTe2,1,No,AgSbTe2,15%,unclear,,AgSbTe2 (15%) @ unclear site,ZT,0.15,dimensionless,350,K,figure,,Visually estimated from Fig. 6B
s43578-025-01619-2.pdf,10.1557/s43578-025-01619-2,AgSbTe2,GeSe-15%AgSbTe2,GeSe-15%AgSbTe2,1,No,AgSbTe2,15%,unclear,,AgSbTe2 (15%) @ unclear site,ZT,0.25,dimensionless,400,K,figure,,Visually estimated from Fig. 6B
s43578-025-01619-2.pdf,10.1557/s43578-025-01619-2,AgSbTe2,GeSe-15%AgSbTe2,GeSe-15%AgSbTe2,1,No,AgSbTe2,15%,unclear,,AgSbTe2 (15%) @ unclear site,ZT,0.35,dimensionless,450,K,figure,,Visually estimated from Fig. 6B
s43578-025-01619-2.pdf,10.1557/s43578-025-01619-2,AgSbTe2,GeSe-15%AgSbTe2,GeSe-15%AgSbTe2,1,No,AgSbTe2,15%,unclear,,AgSbTe2 (15%) @ unclear site,ZT,0.45,dimensionless,500,K,figure,,Visually estimated from Fig. 6B
s43578-025-01619-2.pdf,10.1557/s43578-025-01619-2,AgSbTe2,GeSe-15%AgSbTe2,GeSe-15%AgSbTe2,1,No,AgSbTe2,15%,unclear,,AgSbTe2 (15%) @ unclear site,ZT,0.55,dimensionless,550,K,figure,,Visually estimated from Fig. 6B
s43578-025-01619-2.pdf,10.1557/s43578-025-01619-2,AgSbTe2,GeSe-15%AgSbTe2,GeSe-15%AgSbTe2,1,No,AgSbTe2,15%,unclear,,AgSbTe2 (15%) @ unclear site,ZT,0.65,dimensionless,600,K,figure,,Visually estimated from Fig. 6B
s43578-025-01619-2.pdf,10.1557/s43578-025-01619-2,AgSbTe2,GeSe-15%AgSbTe2,GeSe-15%AgSbTe2,1,No,AgSbTe2,15%,unclear,,AgSbTe2 (15%) @ unclear site,ZT,0.75,dimensionless,650,K,figure,,Visually estimated from Fig. 6B
s43578-025-01619-2.pdf,10.1557/s43578-025-01619-2,AgSbTe2,GeSe-15%AgSbTe2,GeSe-15%AgSbTe2,1,No,AgSbTe2,15%,unclear,,AgSbTe2 (15%) @ unclear site,ZT,0.85,dimensionless,700,K,figure,,Visually estimated from Fig. 6B
science.1092963.pdf,,AgPb_mSbTe_2+m,AgPb10SbTe12,AgPb10SbTe12,2,Yes,Ag,nominal,Ag,Sb (nominal) @ Sb,Ag (nominal) @ Ag site; Sb (nominal) @ Sb site,electrical conductivity,520,S/cm,300,K,body text,,
science.1092963.pdf,,AgPb_mSbTe_2+m,AgPb10SbTe12,AgPb10SbTe12,2,Yes,Ag,nominal,Ag,Sb (nominal) @ Sb,Ag (nominal) @ Ag site; Sb (nominal) @ Sb site,Seebeck coefficient,-154,uV/K,300,K,body text,,
science.1092963.pdf,,AgPb_mSbTe_2+m,AgPb10SbTe12,AgPb10SbTe12,2,Yes,Ag,nominal,Ag,Sb (nominal) @ Sb,Ag (nominal) @ Ag site; Sb (nominal) @ Sb site,power factor,12.3,uW/cm K2,300,K,body text,,
science.1092963.pdf,,AgPb_mSbTe_2+m,AgPb10SbTe12,AgPb10SbTe12,2,Yes,Ag,nominal,Ag,Sb (nominal) @ Sb,Ag (nominal) @ Ag site; Sb (nominal) @ Sb site,electrical conductivity,135,S/cm,700,K,body text,,
science.1092963.pdf,,AgPb_mSbTe_2+m,AgPb10SbTe12,AgPb10SbTe12,2,Yes,Ag,nominal,Ag,Sb (nominal) @ Sb,Ag (nominal) @ Ag site; Sb (nominal) @ Sb site,Seebeck coefficient,-290,uV/K,700,K,body text,,
science.1092963.pdf,,AgPb_mSbTe_2+m,AgPb10SbTe12,AgPb10SbTe12,2,Yes,Ag,nominal,Ag,Sb (nominal) @ Sb,Ag (nominal) @ Ag site; Sb (nominal) @ Sb site,power factor,11.4,uW/cm K2,700,K,body text,,
science.1092963.pdf,,AgPb_mSbTe_2+m,AgPb10SbTe12,AgPb10SbTe12,2,Yes,Ag,nominal,Ag,Sb (nominal) @ Sb,Ag (nominal) @ Ag site; Sb (nominal) @ Sb site,thermal conductivity,1.30,W/m K,300,K,body text,,
science.1092963.pdf,,AgPb_mSbTe_2+m,AgPb10SbTe12,AgPb10SbTe12,2,Yes,Ag,nominal,Ag,Sb (nominal) @ Sb,Ag (nominal) @ Ag site; Sb (nominal) @ Sb site,ZT,1,dimensionless,700,K,body text,,
science.1092963.pdf,,AgPb_mSbTe_2+m,Ag1-xPb10Sb(Bi)Te12,Ag1-xPb10Sb(Bi)Te12,1,No,Ag,1-x,Ag,,Ag (1-x) @ Ag site,electrical conductivity,740,S/cm,300,K,body text,,
science.1092963.pdf,,AgPb_mSbTe_2+m,Ag1-xPb10Sb(Bi)Te12,Ag1-xPb10Sb(Bi)Te12,1,No,Ag,1-x,Ag,,Ag (1-x) @ Ag site,power factor,17.0,uW/cm K2,300,K,body text,,
science.1092963.pdf,,AgPb_mSbTe_2+m,Ag1-xPb18SbTe20,Ag1-xPb18SbTe20,1,No,Ag,1-x,Ag,,Ag (1-x) @ Ag site,electrical conductivity,1850,S/cm,300,K,body text,,
science.1092963.pdf,,AgPb_mSbTe_2+m,Ag1-xPb18SbTe20,Ag1-xPb18SbTe20,1,No,Ag,1-x,Ag,,Ag (1-x) @ Ag site,Seebeck coefficient,-135,uV/K,300,K,body text,,
science.1092963.pdf,,AgPb_mSbTe_2+m,Ag1-xPb18SbTe20,Ag1-xPb18SbTe20,1,No,Ag,1-x,Ag,,Ag (1-x) @ Ag site,Seebeck coefficient,-335,uV/K,700,K,body text,,
science.1092963.pdf,,AgPb_mSbTe_2+m,Ag1-xPb18SbTe20,Ag1-xPb18SbTe20,1,No,Ag,1-x,Ag,,Ag (1-x) @ Ag site,power factor,28.0,uW/cm K2,700,K,body text,,
science.1092963.pdf,,AgPb_mSbTe_2+m,Ag1-xPb18SbTe20,Ag1-xPb18SbTe20,1,No,Ag,1-x,Ag,,Ag (1-x) @ Ag site,thermal conductivity,2.3,W/m K,300,K,body text,,
science.1092963.pdf,,AgPb_mSbTe_2+m,Ag1-xPb18SbTe20,Ag1-xPb18SbTe20,1,No,Ag,1-x,Ag,,Ag (1-x) @ Ag site,ZT,2.1,dimensionless,800,K,body text,,
science.1092963.pdf,,AgPb_mSbTe_2+m,AgPb10SbTe12,AgPb10SbTe12,1,No,Pb,m=10,multiple sites,,Pb (m=10) @ multiple sites site,electrical conductivity,2000,S/cm,300,K,figure,Fig. 2A,Visually estimated from Fig. 2A
science.1092963.pdf,,AgPb_mSbTe_2+m,AgPb10SbTe12,AgPb10SbTe12,1,No,Pb,m=10,multiple sites,,Pb (m=10) @ multiple sites site,electrical conductivity,500,S/cm,700,K,figure,Fig. 2A,Visually estimated from Fig. 2A
science.1092963.pdf,,AgPb_mSbTe_2+m,AgPb10SbTe12,AgPb10SbTe12,1,No,Pb,m=10,multiple sites,,Pb (m=10) @ multiple sites site,Seebeck coefficient,-50,uV/K,300,K,figure,Fig. 2A,Visually estimated from Fig. 2A
science.1092963.pdf,,AgPb_mSbTe_2+m,AgPb10SbTe12,AgPb10SbTe12,1,No,Pb,m=10,multiple sites,,Pb (m=10) @ multiple sites site,Seebeck coefficient,-250,uV/K,700,K,figure,Fig. 2A,Visually estimated from Fig. 2A
science.1092963.pdf,,AgPb_mSbTe_2+m,AgPb10SbTe12,AgPb10SbTe12,1,No,Pb,m=10,multiple sites,,Pb (m=10) @ multiple sites site,thermal conductivity,2.0,W/mK,300,K,figure,Fig. 2B,Visually estimated from Fig. 2B
science.1092963.pdf,,AgPb_mSbTe_2+m,AgPb10SbTe12,AgPb10SbTe12,1,No,Pb,m=10,multiple sites,,Pb (m=10) @ multiple sites site,thermal conductivity,1.0,W/mK,700,K,figure,Fig. 2B,Visually estimated from Fig. 2B
science.1092963.pdf,,AgPb_mSbTe_2+m,AgPb10SbTe12,AgPb10SbTe12,1,No,Pb,m=10,multiple sites,,Pb (m=10) @ multiple sites site,ZT,0.4,dimensionless,300,K,figure,Fig. 2C,Visually estimated from Fig. 2C
science.1092963.pdf,,AgPb_mSbTe_2+m,AgPb10SbTe12,AgPb10SbTe12,1,No,Pb,m=10,multiple sites,,Pb (m=10) @ multiple sites site,ZT,1.1,dimensionless,700,K,figure,Fig. 2C,Visually estimated from Fig. 2C
science.1092963.pdf,,AgPb_mSbTe_2+m,AgPb18SbTe20,AgPb18SbTe20,1,No,Pb,m=18,multiple sites,,Pb (m=18) @ multiple sites site,electrical conductivity,1850,S/cm,300,K,figure,Fig. 3A,Visually estimated from Fig. 3A
science.1092963.pdf,,AgPb_mSbTe_2+m,AgPb18SbTe20,AgPb18SbTe20,1,No,Pb,m=18,multiple sites,,Pb (m=18) @ multiple sites site,electrical conductivity,400,S/cm,800,K,figure,Fig. 3A,Visually estimated from Fig. 3A
science.1092963.pdf,,AgPb_mSbTe_2+m,AgPb18SbTe20,AgPb18SbTe20,1,No,Pb,m=18,multiple sites,,Pb (m=18) @ multiple sites site,Seebeck coefficient,-135,uV/K,300,K,figure,Fig. 3A,Visually estimated from Fig. 3A
science.1092963.pdf,,AgPb_mSbTe_2+m,AgPb18SbTe20,AgPb18SbTe20,1,No,Pb,m=18,multiple sites,,Pb (m=18) @ multiple sites site,Seebeck coefficient,-335,uV/K,700,K,figure,Fig. 3A,Visually estimated from Fig. 3A
science.1092963.pdf,,AgPb_mSbTe_2+m,AgPb18SbTe20,AgPb18SbTe20,1,No,Pb,m=18,multiple sites,,Pb (m=18) @ multiple sites site,thermal conductivity,2.2,W/mK,300,K,figure,Fig. 3B,Visually estimated from Fig. 3B
science.1092963.pdf,,AgPb_mSbTe_2+m,AgPb18SbTe20,AgPb18SbTe20,1,No,Pb,m=18,multiple sites,,Pb (m=18) @ multiple sites site,thermal conductivity,0.9,W/mK,800,K,figure,Fig. 3B,Visually estimated from Fig. 3B
science.1092963.pdf,,AgPb_mSbTe_2+m,AgPb18SbTe20,AgPb18SbTe20,1,No,Pb,m=18,multiple sites,,Pb (m=18) @ multiple sites site,ZT,0.5,dimensionless,300,K,figure,Fig. 3C,Visually estimated from Fig. 3C
science.1092963.pdf,,AgPb_mSbTe_2+m,AgPb18SbTe20,AgPb18SbTe20,1,No,Pb,m=18,multiple sites,,Pb (m=18) @ multiple sites site,ZT,2.1,dimensionless,800,K,figure,Fig. 3C,Visually estimated from Fig. 3C
science.abb3517.pdf,,AgSbTe2,Pristine AgSbTe2,AgSbTe2,0,No,,,,,,Seebeck coefficient,260,mV K-1,300,K,body text,,
science.abb3517.pdf,,AgSbTe2,Pristine AgSbTe2,AgSbTe2,0,No,,,,,,thermal conductivity,0.5,W m-1 K-1,300,K,body text,,
science.abb3517.pdf,,AgSbTe2,Pristine AgSbTe2,AgSbTe2,0,No,,,,,,electrical conductivity,121,S cm-1,300,K,body text,,
science.abb3517.pdf,,AgSbTe2,Pristine AgSbTe2,AgSbTe2,0,No,,,,,,Seebeck coefficient,279,mV K-1,300,K,body text,,
science.abb3517.pdf,,AgSbTe2,Pristine AgSbTe2,AgSbTe2,0,No,,,,,,power factor,9.5,mW cm-1 K-2,300,K,body text,,
science.abb3517.pdf,,AgSbTe2,Pristine AgSbTe2,AgSbTe2,0,No,,,,,,total thermal conductivity,0.55,W m-1 K-1,300,K,body text,,
science.abb3517.pdf,,AgSbTe2,Pristine AgSbTe2,AgSbTe2,0,No,,,,,,ZT,0.6,dimensionless,300,K,body text,,
science.abb3517.pdf,,AgSbTe2,6 mol % Cd-doped AgSbTe2,AgSb0.94Cd0.06Te2,1,No,Cd,6 mol %,Sb,,Cd (6 mol %) @ Sb site,ZT,1.5,dimensionless,300,K,body text,,
science.abb3517.pdf,,AgSbTe2,6 mol % Cd-doped AgSbTe2,AgSb0.94Cd0.06Te2,1,No,Cd,6 mol %,Sb,,Cd (6 mol %) @ Sb site,ZT,2.6,dimensionless,573,K,body text,,
science.abb3517.pdf,,AgSbTe2,6 mol % Cd-doped AgSbTe2,AgSb0.94Cd0.06Te2,1,No,Cd,6 mol %,Sb,,Cd (6 mol %) @ Sb site,electrical conductivity,222,S cm-1,300,K,body text,,
science.abb3517.pdf,,AgSbTe2,6 mol % Cd-doped AgSbTe2,AgSb0.94Cd0.06Te2,1,No,Cd,6 mol %,Sb,,Cd (6 mol %) @ Sb site,Seebeck coefficient,248,mV K-1,300,K,body text,,
science.abb3517.pdf,,AgSbTe2,6 mol % Cd-doped AgSbTe2,AgSb0.94Cd0.06Te2,1,No,Cd,6 mol %,Sb,,Cd (6 mol %) @ Sb site,power factor,13.6,mW cm-1 K-2,300,K,body text,,
science.abb3517.pdf,,AgSbTe2,6 mol % Cd-doped AgSbTe2,AgSb0.94Cd0.06Te2,1,No,Cd,6 mol %,Sb,,Cd (6 mol %) @ Sb site,power factor,18.3,mW cm-1 K-2,543,K,body text,,
science.abb3517.pdf,,AgSbTe2,6 mol % Cd-doped AgSbTe2,AgSb0.94Cd0.06Te2,1,No,Cd,6 mol %,Sb,,Cd (6 mol %) @ Sb site,total thermal conductivity,0.28,W m-1 K-1,300,K,body text,,
science.abb3517.pdf,,AgSbTe2,6 mol % Cd-doped AgSbTe2,AgSb0.94Cd0.06Te2,1,No,Cd,6 mol %,Sb,,Cd (6 mol %) @ Sb site,lattice thermal conductivity,0.16,W m-1 K-1,300,K,body text,,
science.abb3517.pdf,,AgSbTe2,AgSbTe2,AgSbTe2,0,No,,,,,,electrical conductivity,120,S/cm,300,K,figure,Fig. 4A,Visually estimated from Fig. 4A
science.abb3517.pdf,,AgSbTe2,AgSbTe2,AgSbTe2,0,No,,,,,,Seebeck coefficient,280,uV/K,300,K,figure,Fig. 4B,Visually estimated from Fig. 4B
science.abb3517.pdf,,AgSbTe2,AgSbTe2,AgSbTe2,0,No,,,,,,power factor,9,uW/cmK2,300,K,figure,Fig. 4C,Visually estimated from Fig. 4C
science.abb3517.pdf,,AgSbTe2,AgSbTe2,AgSbTe2,0,No,,,,,,thermal conductivity,0.55,W/mK,300,K,figure,Fig. 4D,Visually estimated from Fig. 4D
science.abb3517.pdf,,AgSbTe2,AgSbTe2,AgSbTe2,0,No,,,,,,lattice thermal conductivity,0.45,W/mK,300,K,figure,Fig. 4E,Visually estimated from Fig. 4E
science.abb3517.pdf,,AgSbTe2,AgSbTe2,AgSbTe2,0,No,,,,,,ZT,0.7,dimensionless,300,K,figure,Fig. 4F,Visually estimated from Fig. 4F
science.abb3517.pdf,,AgSbTe2,AgSb0.98Cd0.02Te2,AgSb0.98Cd0.02Te2,1,No,Cd,2 mol %,Sb,,Cd (2 mol %) @ Sb site,electrical conductivity,180,S/cm,300,K,figure,Fig. 4A,Visually estimated from Fig. 4A
science.abb3517.pdf,,AgSbTe2,AgSb0.98Cd0.02Te2,AgSb0.98Cd0.02Te2,1,No,Cd,2 mol %,Sb,,Cd (2 mol %) @ Sb site,Seebeck coefficient,260,uV/K,300,K,figure,Fig. 4B,Visually estimated from Fig. 4B
science.abb3517.pdf,,AgSbTe2,AgSb0.98Cd0.02Te2,AgSb0.98Cd0.02Te2,1,No,Cd,2 mol %,Sb,,Cd (2 mol %) @ Sb site,power factor,12,uW/cmK2,300,K,figure,Fig. 4C,Visually estimated from Fig. 4C
science.abb3517.pdf,,AgSbTe2,AgSb0.98Cd0.02Te2,AgSb0.98Cd0.02Te2,1,No,Cd,2 mol %,Sb,,Cd (2 mol %) @ Sb site,thermal conductivity,0.4,W/mK,300,K,figure,Fig. 4D,Visually estimated from Fig. 4D
science.abb3517.pdf,,AgSbTe2,AgSb0.98Cd0.02Te2,AgSb0.98Cd0.02Te2,1,No,Cd,2 mol %,Sb,,Cd (2 mol %) @ Sb site,lattice thermal conductivity,0.3,W/mK,300,K,figure,Fig. 4E,Visually estimated from Fig. 4E
science.abb3517.pdf,,AgSbTe2,AgSb0.98Cd0.02Te2,AgSb0.98Cd0.02Te2,1,No,Cd,2 mol %,Sb,,Cd (2 mol %) @ Sb site,ZT,1.1,dimensionless,300,K,figure,Fig. 4F,Visually estimated from Fig. 4F
science.abb3517.pdf,,AgSbTe2,AgSb0.94Cd0.06Te2,AgSb0.94Cd0.06Te2,1,No,Cd,6 mol %,Sb,,Cd (6 mol %) @ Sb site,electrical conductivity,220,S/cm,300,K,figure,Fig. 4A,Visually estimated from Fig. 4A
science.abb3517.pdf,,AgSbTe2,AgSb0.94Cd0.06Te2,AgSb0.94Cd0.06Te2,1,No,Cd,6 mol %,Sb,,Cd (6 mol %) @ Sb site,Seebeck coefficient,250,uV/K,300,K,figure,Fig. 4B,Visually estimated from Fig. 4B
science.abb3517.pdf,,AgSbTe2,AgSb0.94Cd0.06Te2,AgSb0.94Cd0.06Te2,1,No,Cd,6 mol %,Sb,,Cd (6 mol %) @ Sb site,power factor,14,uW/cmK2,300,K,figure,Fig. 4C,Visually estimated from Fig. 4C
science.abb3517.pdf,,AgSbTe2,AgSb0.94Cd0.06Te2,AgSb0.94Cd0.06Te2,1,No,Cd,6 mol %,Sb,,Cd (6 mol %) @ Sb site,thermal conductivity,0.35,W/mK,300,K,figure,Fig. 4D,Visually estimated from Fig. 4D
science.abb3517.pdf,,AgSbTe2,AgSb0.94Cd0.06Te2,AgSb0.94Cd0.06Te2,1,No,Cd,6 mol %,Sb,,Cd (6 mol %) @ Sb site,lattice thermal conductivity,0.2,W/mK,300,K,figure,Fig. 4E,Visually estimated from Fig. 4E
science.abb3517.pdf,,AgSbTe2,AgSb0.94Cd0.06Te2,AgSb0.94Cd0.06Te2,1,No,Cd,6 mol %,Sb,,Cd (6 mol %) @ Sb site,ZT,1.5,dimensionless,300,K,figure,Fig. 4F,Visually estimated from Fig. 4F
science.abb3517.pdf,,AgSbTe2,6 mol % Cd-doped AgSbTe2,AgSbTe2:Cd,1,No,Cd,6 mol %,unclear,,Cd (6 mol %) @ unclear site,ZT,0.6,dimensionless,room temperature,,body text,,Value explicitly stated in text.
science.abb3517.pdf,,AgSbTe2,6 mol % Cd-doped AgSbTe2,AgSbTe2:Cd,1,No,Cd,6 mol %,unclear,,Cd (6 mol %) @ unclear site,ZT,2.6,dimensionless,573,K,body text,,Maximum ZT value explicitly stated in text.
sectional-analysis-of-thermoelectric-performance-in-agsbte2-ingots-processed-by-horizontal-zone-melting.pdf,10.1142/S0217979226502358,AgSbTe2,Part I (Front section),AgSbTe2,0,No,,,,,,ZT,0.82,dimensionless,307.8,K,body text,Section 3.3 and 4,
sectional-analysis-of-thermoelectric-performance-in-agsbte2-ingots-processed-by-horizontal-zone-melting.pdf,10.1142/S0217979226502358,AgSbTe2,Part II (Middle section),AgSbTe2,0,No,,,,,,,,,,,,,
sectional-analysis-of-thermoelectric-performance-in-agsbte2-ingots-processed-by-horizontal-zone-melting.pdf,10.1142/S0217979226502358,AgSbTe2,Part III (Terminal section),AgSbTe2,0,No,,,,,,ZT,0.82,dimensionless,307.8,K,body text,Section 3.3 and 4,
sectional-analysis-of-thermoelectric-performance-in-agsbte2-ingots-processed-by-horizontal-zone-melting.pdf,10.1142/S0217979226502358,AgSbTe2,Part I,AgSbTe2,0,No,,,,,,thermal conductivity,0.6,W m^-1 K^-1,80,K,figure,Fig. 2,Visually estimated from Fig. 2
sectional-analysis-of-thermoelectric-performance-in-agsbte2-ingots-processed-by-horizontal-zone-melting.pdf,10.1142/S0217979226502358,AgSbTe2,Part I,AgSbTe2,0,No,,,,,,thermal conductivity,0.65,W m^-1 K^-1,300,K,figure,Fig. 2,Visually estimated from Fig. 2
sectional-analysis-of-thermoelectric-performance-in-agsbte2-ingots-processed-by-horizontal-zone-melting.pdf,10.1142/S0217979226502358,AgSbTe2,Part II,AgSbTe2,0,No,,,,,,thermal conductivity,0.68,W m^-1 K^-1,80,K,figure,Fig. 2,Visually estimated from Fig. 2
sectional-analysis-of-thermoelectric-performance-in-agsbte2-ingots-processed-by-horizontal-zone-melting.pdf,10.1142/S0217979226502358,AgSbTe2,Part II,AgSbTe2,0,No,,,,,,thermal conductivity,0.8,W m^-1 K^-1,300,K,figure,Fig. 2,Visually estimated from Fig. 2
sectional-analysis-of-thermoelectric-performance-in-agsbte2-ingots-processed-by-horizontal-zone-melting.pdf,10.1142/S0217979226502358,AgSbTe2,Part III,AgSbTe2,0,No,,,,,,thermal conductivity,0.58,W m^-1 K^-1,80,K,figure,Fig. 2,Visually estimated from Fig. 2
sectional-analysis-of-thermoelectric-performance-in-agsbte2-ingots-processed-by-horizontal-zone-melting.pdf,10.1142/S0217979226502358,AgSbTe2,Part III,AgSbTe2,0,No,,,,,,thermal conductivity,0.62,W m^-1 K^-1,300,K,figure,Fig. 2,Visually estimated from Fig. 2
sectional-analysis-of-thermoelectric-performance-in-agsbte2-ingots-processed-by-horizontal-zone-melting.pdf,10.1142/S0217979226502358,AgSbTe2,Part I,AgSbTe2,0,No,,,,,,electrical conductivity,310,S cm-1,80,K,figure,Fig. 3,Visually estimated from Fig. 3
sectional-analysis-of-thermoelectric-performance-in-agsbte2-ingots-processed-by-horizontal-zone-melting.pdf,10.1142/S0217979226502358,AgSbTe2,Part I,AgSbTe2,0,No,,,,,,electrical conductivity,180,S cm-1,300,K,figure,Fig. 3,Visually estimated from Fig. 3
sectional-analysis-of-thermoelectric-performance-in-agsbte2-ingots-processed-by-horizontal-zone-melting.pdf,10.1142/S0217979226502358,AgSbTe2,Part I,AgSbTe2,0,No,,,,,,Seebeck coefficient,90,µV/K,80,K,figure,Fig. 4,Visually estimated from Fig. 4
sectional-analysis-of-thermoelectric-performance-in-agsbte2-ingots-processed-by-horizontal-zone-melting.pdf,10.1142/S0217979226502358,AgSbTe2,Part I,AgSbTe2,0,No,,,,,,Seebeck coefficient,220,µV/K,300,K,figure,Fig. 4,Visually estimated from Fig. 4
sectional-analysis-of-thermoelectric-performance-in-agsbte2-ingots-processed-by-horizontal-zone-melting.pdf,10.1142/S0217979226502358,AgSbTe2,Part I,AgSbTe2,0,No,,,,,,ZT,0.05,dimensionless,80,K,figure,Fig. 5,Visually estimated from Fig. 5
sectional-analysis-of-thermoelectric-performance-in-agsbte2-ingots-processed-by-horizontal-zone-melting.pdf,10.1142/S0217979226502358,AgSbTe2,Part I,AgSbTe2,0,No,,,,,,ZT,0.4,dimensionless,300,K,figure,Fig. 5,Visually estimated from Fig. 5
sectional-analysis-of-thermoelectric-performance-in-agsbte2-ingots-processed-by-horizontal-zone-melting.pdf,10.1142/S0217979226502358,AgSbTe2,Part II,AgSbTe2,0,No,,,,,,electrical conductivity,220,S cm-1,80,K,figure,Fig. 3,Visually estimated from Fig. 3
sectional-analysis-of-thermoelectric-performance-in-agsbte2-ingots-processed-by-horizontal-zone-melting.pdf,10.1142/S0217979226502358,AgSbTe2,Part II,AgSbTe2,0,No,,,,,,electrical conductivity,165,S cm-1,300,K,figure,Fig. 3,Visually estimated from Fig. 3
sectional-analysis-of-thermoelectric-performance-in-agsbte2-ingots-processed-by-horizontal-zone-melting.pdf,10.1142/S0217979226502358,AgSbTe2,Part II,AgSbTe2,0,No,,,,,,Seebeck coefficient,135,µV/K,80,K,figure,Fig. 4,Visually estimated from Fig. 4
sectional-analysis-of-thermoelectric-performance-in-agsbte2-ingots-processed-by-horizontal-zone-melting.pdf,10.1142/S0217979226502358,AgSbTe2,Part II,AgSbTe2,0,No,,,,,,Seebeck coefficient,300,µV/K,300,K,figure,Fig. 4,Visually estimated from Fig. 4
sectional-analysis-of-thermoelectric-performance-in-agsbte2-ingots-processed-by-horizontal-zone-melting.pdf,10.1142/S0217979226502358,AgSbTe2,Part II,AgSbTe2,0,No,,,,,,ZT,0.08,dimensionless,80,K,figure,Fig. 5,Visually estimated from Fig. 5
sectional-analysis-of-thermoelectric-performance-in-agsbte2-ingots-processed-by-horizontal-zone-melting.pdf,10.1142/S0217979226502358,AgSbTe2,Part II,AgSbTe2,0,No,,,,,,ZT,0.6,dimensionless,300,K,figure,Fig. 5,Visually estimated from Fig. 5
sectional-analysis-of-thermoelectric-performance-in-agsbte2-ingots-processed-by-horizontal-zone-melting.pdf,10.1142/S0217979226502358,AgSbTe2,Part III,AgSbTe2,0,No,,,,,,electrical conductivity,180,S cm-1,80,K,figure,Fig. 3,Visually estimated from Fig. 3
sectional-analysis-of-thermoelectric-performance-in-agsbte2-ingots-processed-by-horizontal-zone-melting.pdf,10.1142/S0217979226502358,AgSbTe2,Part III,AgSbTe2,0,No,,,,,,electrical conductivity,155,S cm-1,300,K,figure,Fig. 3,Visually estimated from Fig. 3
sectional-analysis-of-thermoelectric-performance-in-agsbte2-ingots-processed-by-horizontal-zone-melting.pdf,10.1142/S0217979226502358,AgSbTe2,Part III,AgSbTe2,0,No,,,,,,Seebeck coefficient,190,µV/K,80,K,figure,Fig. 4,Visually estimated from Fig. 4
sectional-analysis-of-thermoelectric-performance-in-agsbte2-ingots-processed-by-horizontal-zone-melting.pdf,10.1142/S0217979226502358,AgSbTe2,Part III,AgSbTe2,0,No,,,,,,Seebeck coefficient,330,µV/K,300,K,figure,Fig. 4,Visually estimated from Fig. 4
sectional-analysis-of-thermoelectric-performance-in-agsbte2-ingots-processed-by-horizontal-zone-melting.pdf,10.1142/S0217979226502358,AgSbTe2,Part III,AgSbTe2,0,No,,,,,,ZT,0.1,dimensionless,80,K,figure,Fig. 5,Visually estimated from Fig. 5
sectional-analysis-of-thermoelectric-performance-in-agsbte2-ingots-processed-by-horizontal-zone-melting.pdf,10.1142/S0217979226502358,AgSbTe2,Part III,AgSbTe2,0,No,,,,,,ZT,0.82,dimensionless,307.8,K,body text,page 2650235-7,Peak ZT value reported in text
ssrn-4526442.pdf,,AgSbTe2,AgSbTe2 (pristine),AgSbTe2,0,No,,,,,,Seebeck coefficient,260,uV K-1,300,K,text,"Page 2, Introduction",
ssrn-4526442.pdf,,AgSbTe2,AgSbTe2 (pristine),AgSbTe2,0,No,,,,,,thermal conductivity,0.6,W m-1 K-1,300,K,text,"Page 2, Introduction",
ssrn-4526442.pdf,,AgSbTe2,AgSbTe2 (pristine),AgSbTe2,0,No,,,,,,electrical conductivity,1.2 * 10^4,S m-1,300,K,text,Page 6,
ssrn-4526442.pdf,,AgSbTe2,AgSbTe2 (pristine),AgSbTe2,0,No,,,,,,power factor,0.81,mW m-1 K-2,300,K,text,Page 6,
ssrn-4526442.pdf,,AgSbTe2,AgSb0.95Ti0.05Te2,AgSb0.95Ti0.05Te2,1,No,Ti,0.05,Sb,,Ti (0.05) @ Sb site,electrical conductivity,1.6 * 10^4,S m-1,300,K,text,Page 6,
ssrn-4526442.pdf,,AgSbTe2,AgSb0.95Ti0.05Te2,AgSb0.95Ti0.05Te2,1,No,Ti,0.05,Sb,,Ti (0.05) @ Sb site,power factor,1.2,mW m-1 K-2,523,K,text,Page 6,
ssrn-4526442.pdf,,AgSbTe2,AgSb0.95Ti0.05Te2,AgSb0.95Ti0.05Te2,1,No,Ti,0.05,Sb,,Ti (0.05) @ Sb site,lattice thermal conductivity,0.32,W m-1 K-1,523,K,text,Page 8,
ssrn-4526442.pdf,,AgSbTe2,AgSb0.95Ti0.05Te2,AgSb0.95Ti0.05Te2,1,No,Ti,0.05,Sb,,Ti (0.05) @ Sb site,ZT,1.4,dimensionless,573,K,text,Page 8,
ssrn-4526442.pdf,,AgSbTe2,AgSb0.94Ti0.05Te2,AgSb0.94Ti0.05Te2,2,Yes,Ti,0.05,Sb,Sb vacancy (0.01) @ Sb,Ti (0.05) @ Sb site; Sb vacancy (0.01) @ Sb site,power factor,1.42,mW m-1 K-2,323-623,K,text,"Page 3, Abstract",
ssrn-4526442.pdf,,AgSbTe2,AgSb0.94Ti0.05Te2,AgSb0.94Ti0.05Te2,2,Yes,Ti,0.05,Sb,Sb vacancy (0.01) @ Sb,Ti (0.05) @ Sb site; Sb vacancy (0.01) @ Sb site,lattice thermal conductivity,0.31,W m-1 K-1,,,text,"Page 3, Abstract",
ssrn-4526442.pdf,,AgSbTe2,AgSb0.94Ti0.05Te2,AgSb0.94Ti0.05Te2,2,Yes,Ti,0.05,Sb,Sb vacancy (0.01) @ Sb,Ti (0.05) @ Sb site; Sb vacancy (0.01) @ Sb site,ZT,1.8,dimensionless,673,K,text,"Page 3, Abstract",
ssrn-4526442.pdf,,AgSbTe2,AgSb0.94Ti0.05Te2,AgSb0.94Ti0.05Te2,2,Yes,Ti,0.05,Sb,Sb vacancy (0.01) @ Sb,Ti (0.05) @ Sb site; Sb vacancy (0.01) @ Sb site,electrical conductivity,2.3 * 10^4,S m-1,300,K,text,Page 10,
ssrn-4526442.pdf,,AgSbTe2,AgSb0.94Ti0.05Te2,AgSb0.94Ti0.05Te2,2,Yes,Ti,0.05,Sb,Sb vacancy (0.01) @ Sb,Ti (0.05) @ Sb site; Sb vacancy (0.01) @ Sb site,power factor,1.5,W m-1 K-1,573,K,text,Page 10,
ssrn-4526442.pdf,,AgSbTe2,AgSb0.94Ti0.05Te2,AgSb0.94Ti0.05Te2,2,Yes,Ti,0.05,Sb,Sb vacancy (0.01) @ Sb,Ti (0.05) @ Sb site; Sb vacancy (0.01) @ Sb site,lattice thermal conductivity,0.30,W m-1 K-1,523,K,text,Page 13,
ssrn-4526442.pdf,,AgSbTe2,AgSb1-xTixTe2 (x=0),AgSbTe2,1,No,Ti,0,Sb,,Ti (0) @ Sb site,electrical conductivity,1.2,10^4 S m^-1,300,K,body text,page 1,
ssrn-4526442.pdf,,AgSbTe2,AgSb1-xTixTe2 (x=0),AgSbTe2,1,No,Ti,0,Sb,,Ti (0) @ Sb site,power factor,0.81,mW m^-1 K^-2,300,K,body text,page 1,
ssrn-4526442.pdf,,AgSbTe2,AgSb1-xTixTe2 (x=0.05),AgSb0.95Ti0.05Te2,1,No,Ti,0.05,Sb,,Ti (0.05) @ Sb site,electrical conductivity,1.6,10^4 S m^-1,300,K,body text,page 1,
ssrn-4526442.pdf,,AgSbTe2,AgSb1-xTixTe2 (x=0.05),AgSb0.95Ti0.05Te2,1,No,Ti,0.05,Sb,,Ti (0.05) @ Sb site,power factor,1.2,mW m^-1 K^-2,523,K,body text,page 1,
ssrn-4526442.pdf,,AgSbTe2,AgSb1-xTixTe2 (x=0.05),AgSb0.95Ti0.05Te2,1,No,Ti,0.05,Sb,,Ti (0.05) @ Sb site,lattice thermal conductivity,0.32,W m^-1 K^-1,523,K,body text,page 3,
ssrn-4526442.pdf,,AgSbTe2,AgSb1-xTixTe2 (x=0.05),AgSb0.95Ti0.05Te2,1,No,Ti,0.05,Sb,,Ti (0.05) @ Sb site,ZT,1.4,dimensionless,573,K,body text,page 3,
ssrn-4526442.pdf,,AgSbTe2,AgSb0.94Ti0.05Te2,AgSb0.94Ti0.05Te2,1,No,Ti,0.05,Sb,,Ti (0.05) @ Sb site,electrical conductivity,2.3,10^4 S m^-1,300,K,body text,page 5,
ssrn-4526442.pdf,,AgSbTe2,AgSb0.94Ti0.05Te2,AgSb0.94Ti0.05Te2,1,No,Ti,0.05,Sb,,Ti (0.05) @ Sb site,power factor,1.5,W m^-1 K^-1,573,K,body text,page 5,
ssrn-4526442.pdf,,AgSbTe2,AgSb0.95Ti0.05Te2,AgSb0.95Ti0.05Te2,1,No,Ti,0.05,Sb,,Ti (0.05) @ Sb site,Seebeck coefficient,260,uV K-1,323,K,figure,Fig. 6a,Visually estimated from Fig. 6a
ssrn-4526442.pdf,,AgSbTe2,AgSb0.95Ti0.05Te2,AgSb0.95Ti0.05Te2,1,No,Ti,0.05,Sb,,Ti (0.05) @ Sb site,electrical conductivity,1.5,10^4 S m-1,323,K,figure,Fig. 6b,Visually estimated from Fig. 6b
ssrn-4526442.pdf,,AgSbTe2,AgSb0.95Ti0.05Te2,AgSb0.95Ti0.05Te2,1,No,Ti,0.05,Sb,,Ti (0.05) @ Sb site,power factor,1.0,mW m-1 K-2,323,K,figure,Fig. 6c,Visually estimated from Fig. 6c
ssrn-4526442.pdf,,AgSbTe2,AgSb0.95Ti0.05Te2,AgSb0.95Ti0.05Te2,1,No,Ti,0.05,Sb,,Ti (0.05) @ Sb site,thermal conductivity,0.52,W m-1 K-1,300,K,text,body text,Explicitly stated in text
ssrn-4526442.pdf,,AgSbTe2,AgSb0.95Ti0.05Te2,AgSb0.95Ti0.05Te2,1,No,Ti,0.05,Sb,,Ti (0.05) @ Sb site,lattice thermal conductivity,0.30,W m-1 K-1,523,K,text,body text,Explicitly stated in text
ssrn-4526442.pdf,,AgSbTe2,AgSb0.95Ti0.05Te2,AgSb0.95Ti0.05Te2,1,No,Ti,0.05,Sb,,Ti (0.05) @ Sb site,ZT,1.8,dimensionless,623,K,text,body text,Explicitly stated in text
ssrn-6617408.pdf,,SnTe-AgSbTe2 (s-AST),s-AST,AgSbTe2,2,Yes,Ag,1,multiple sites,Sb (1) @ multiple sites,Ag (1) @ multiple sites site; Sb (1) @ multiple sites site,electrical conductivity,121.9,S cm-1,317,K,body text,,
ssrn-6617408.pdf,,SnTe-AgSbTe2 (s-AST),s-AST,AgSbTe2,2,Yes,Ag,1,multiple sites,Sb (1) @ multiple sites,Ag (1) @ multiple sites site; Sb (1) @ multiple sites site,electrical conductivity,78.2,S cm-1,614,K,body text,,
ssrn-6617408.pdf,,SnTe-AgSbTe2 (s-AST),s-AST,AgSbTe2,2,Yes,Ag,1,multiple sites,Sb (1) @ multiple sites,Ag (1) @ multiple sites site; Sb (1) @ multiple sites site,Seebeck coefficient,231.2,μV K-1,537,K,body text,,
ssrn-6617408.pdf,,SnTe-AgSbTe2 (s-AST),s-AST,AgSbTe2,2,Yes,Ag,1,multiple sites,Sb (1) @ multiple sites,Ag (1) @ multiple sites site; Sb (1) @ multiple sites site,thermal conductivity,0.45,W m-1 K-1,537,K,body text,,
ssrn-6617408.pdf,,SnTe-AgSbTe2 (s-AST),s-AST,AgSbTe2,2,Yes,Ag,1,multiple sites,Sb (1) @ multiple sites,Ag (1) @ multiple sites site; Sb (1) @ multiple sites site,lattice thermal conductivity,0.35,W m-1 K-1,537,K,body text,,
ssrn-6617408.pdf,,SnTe-AgSbTe2 (s-AST),s-AST,AgSbTe2,2,Yes,Ag,1,multiple sites,Sb (1) @ multiple sites,Ag (1) @ multiple sites site; Sb (1) @ multiple sites site,ZT,0.86,dimensionless,614,K,body text,,
ssrn-6617408.pdf,,SnTe-AgSbTe2 (s-AST),SnTe-8% s-AST,SnTe-8% AgSbTe2,2,Yes,Ag,8%,Ag,Sb (8%) @ Sb,Ag (8%) @ Ag site; Sb (8%) @ Sb site,Seebeck coefficient,172.3,μV K-1,823,K,body text,,
ssrn-6617408.pdf,,SnTe-AgSbTe2 (s-AST),SnTe-8% s-AST,SnTe-8% AgSbTe2,2,Yes,Ag,8%,Ag,Sb (8%) @ Sb,Ag (8%) @ Ag site; Sb (8%) @ Sb site,power factor,2.79,mW m-1K-2,823,K,body text,,
ssrn-6617408.pdf,,SnTe-AgSbTe2 (s-AST),SnTe-8% s-AST,SnTe-8% AgSbTe2,2,Yes,Ag,8%,Ag,Sb (8%) @ Sb,Ag (8%) @ Ag site; Sb (8%) @ Sb site,thermal conductivity,1.79,W m-1 K-1,823,K,body text,,
ssrn-6617408.pdf,,SnTe-AgSbTe2 (s-AST),SnTe-8% s-AST,SnTe-8% AgSbTe2,2,Yes,Ag,8%,Ag,Sb (8%) @ Sb,Ag (8%) @ Ag site; Sb (8%) @ Sb site,lattice thermal conductivity,0.45,W m-1 K-1,750,K,body text,,
ssrn-6617408.pdf,,SnTe-AgSbTe2 (s-AST),SnTe-8% s-AST,SnTe-8% AgSbTe2,2,Yes,Ag,8%,Ag,Sb (8%) @ Sb,Ag (8%) @ Ag site; Sb (8%) @ Sb site,ZT,1.28,dimensionless,823,K,body text,,
ssrn-6617408.pdf,,SnTe-AgSbTe2 (s-AST),s-AST,AgSbTe2 containing Sb2O3 impurities,1,No,Sb2O3,minor,unclear,,Sb2O3 (minor) @ unclear site,electrical conductivity,121.9,S cm-1,317,K,body text,,
ssrn-6617408.pdf,,SnTe-AgSbTe2 (s-AST),s-AST,AgSbTe2 containing Sb2O3 impurities,1,No,Sb2O3,minor,unclear,,Sb2O3 (minor) @ unclear site,electrical conductivity,78.2,S cm-1,614,K,body text,,
ssrn-6617408.pdf,,SnTe-AgSbTe2 (s-AST),s-AST,AgSbTe2 containing Sb2O3 impurities,1,No,Sb2O3,minor,unclear,,Sb2O3 (minor) @ unclear site,Seebeck coefficient,231.2,uV K-1,537,K,body text,,
ssrn-6617408.pdf,,SnTe-AgSbTe2 (s-AST),s-AST,AgSbTe2 containing Sb2O3 impurities,1,No,Sb2O3,minor,unclear,,Sb2O3 (minor) @ unclear site,thermal conductivity,0.51,W m-1 K-1,room temperature,K,body text,,
ssrn-6617408.pdf,,SnTe-AgSbTe2 (s-AST),s-AST,AgSbTe2 containing Sb2O3 impurities,1,No,Sb2O3,minor,unclear,,Sb2O3 (minor) @ unclear site,thermal conductivity,0.45,W m-1 K-1,537,K,body text,,
ssrn-6617408.pdf,,SnTe-AgSbTe2 (s-AST),s-AST,AgSbTe2 containing Sb2O3 impurities,1,No,Sb2O3,minor,unclear,,Sb2O3 (minor) @ unclear site,lattice thermal conductivity,0.35,W m-1 K-1,,,body text,,
ssrn-6617408.pdf,,SnTe-AgSbTe2 (s-AST),s-AST,AgSbTe2 containing Sb2O3 impurities,1,No,Sb2O3,minor,unclear,,Sb2O3 (minor) @ unclear site,ZT,0.86,dimensionless,614,K,body text,,
ssrn-6617408.pdf,,SnTe-AgSbTe2 (s-AST),s-AST pellet,AgSbTe2,0,No,,,,,,electrical conductivity,125,S cm^-1,300,K,figure,Figure 2a,Visually estimated from Figure 2a
ssrn-6617408.pdf,,SnTe-AgSbTe2 (s-AST),s-AST pellet,AgSbTe2,0,No,,,,,,electrical conductivity,80,S cm^-1,600,K,figure,Figure 2a,Visually estimated from Figure 2a
ssrn-6617408.pdf,,SnTe-AgSbTe2 (s-AST),s-AST pellet,AgSbTe2,0,No,,,,,,Seebeck coefficient,150,uV K^-1,300,K,figure,Figure 2b,Visually estimated from Figure 2b
ssrn-6617408.pdf,,SnTe-AgSbTe2 (s-AST),s-AST pellet,AgSbTe2,0,No,,,,,,Seebeck coefficient,230,uV K^-1,600,K,figure,Figure 2b,Visually estimated from Figure 2b
ssrn-6617408.pdf,,SnTe-AgSbTe2 (s-AST),s-AST pellet,AgSbTe2,0,No,,,,,,thermal conductivity,0.5,W m^-1 K^-1,300,K,figure,Figure 2c,Visually estimated from Figure 2c (K_tot)
ssrn-6617408.pdf,,SnTe-AgSbTe2 (s-AST),s-AST pellet,AgSbTe2,0,No,,,,,,thermal conductivity,0.48,W m^-1 K^-1,600,K,figure,Figure 2c,Visually estimated from Figure 2c (K_tot)
ssrn-6617408.pdf,,SnTe-AgSbTe2 (s-AST),s-AST pellet,AgSbTe2,0,No,,,,,,lattice thermal conductivity,0.45,W m^-1 K^-1,300,K,figure,Figure 2c,Visually estimated from Figure 2c (K_lat)
ssrn-6617408.pdf,,SnTe-AgSbTe2 (s-AST),s-AST pellet,AgSbTe2,0,No,,,,,,lattice thermal conductivity,0.4,W m^-1 K^-1,600,K,figure,Figure 2c,Visually estimated from Figure 2c (K_lat)
ssrn-6617408.pdf,,SnTe-AgSbTe2 (s-AST),s-AST pellet,AgSbTe2,0,No,,,,,,ZT,0.1,dimensionless,300,K,figure,Figure 2d,Visually estimated from Figure 2d
ssrn-6617408.pdf,,SnTe-AgSbTe2 (s-AST),s-AST pellet,AgSbTe2,0,No,,,,,,ZT,0.85,dimensionless,600,K,figure,Figure 2d,Visually estimated from Figure 2d
ssrn-6617408.pdf,,SnTe-AgSbTe2 (s-AST),SnTe-3% s-AST,SnTe-3% AgSbTe2,1,No,AgSbTe2,3%,unclear,,AgSbTe2 (3%) @ unclear site,electrical conductivity,3.0,10^5 S m^-1,300,K,figure,,Visually estimated from Fig. 5a
ssrn-6617408.pdf,,SnTe-AgSbTe2 (s-AST),SnTe-3% s-AST,SnTe-3% AgSbTe2,1,No,AgSbTe2,3%,unclear,,AgSbTe2 (3%) @ unclear site,Seebeck coefficient,50,uV K^-1,300,K,figure,,Visually estimated from Fig. 5b
ssrn-6617408.pdf,,SnTe-AgSbTe2 (s-AST),SnTe-3% s-AST,SnTe-3% AgSbTe2,1,No,AgSbTe2,3%,unclear,,AgSbTe2 (3%) @ unclear site,power factor,0.5,mW m^-1 K^-2,300,K,figure,,Visually estimated from Fig. 5c
ssrn-6617408.pdf,,SnTe-AgSbTe2 (s-AST),SnTe-3% s-AST,SnTe-3% AgSbTe2,1,No,AgSbTe2,3%,unclear,,AgSbTe2 (3%) @ unclear site,thermal conductivity,3.6,W m^-1 K^-1,300,K,figure,,Visually estimated from Fig. 6a
ssrn-6617408.pdf,,SnTe-AgSbTe2 (s-AST),SnTe-3% s-AST,SnTe-3% AgSbTe2,1,No,AgSbTe2,3%,unclear,,AgSbTe2 (3%) @ unclear site,lattice thermal conductivity,1.4,W m^-1 K^-1,300,K,figure,,Visually estimated from Fig. 6b
ssrn-6617408.pdf,,SnTe-AgSbTe2 (s-AST),SnTe-3% s-AST,SnTe-3% AgSbTe2,1,No,AgSbTe2,3%,unclear,,AgSbTe2 (3%) @ unclear site,ZT,0.05,dimensionless,300,K,figure,,Visually estimated from Fig. 6d
ssrn-6617408.pdf,,SnTe-AgSbTe2 (s-AST),SnTe-8% s-AST,SnTe-8% AgSbTe2,1,No,AgSbTe2,8%,unclear,,AgSbTe2 (8%) @ unclear site,ZT,1.28,dimensionless,823,K,body text,,Peak ZT value mentioned in text
ssrn-6617408.pdf,,SnTe-AgSbTe2 (s-AST),SnTe-8% s-AST,SnTe-8% AgSbTe2,1,No,AgSbTe2,8%,unclear,,AgSbTe2 (8%) @ unclear site,lattice thermal conductivity,0.45,W m^-1 K^-1,750,K,body text,,Minimum value mentioned in text
