doi,source_pdf,base_composition,sample_id,full_formula,num_dopants,is_codoped,primary_dopant_element,primary_dopant_ratio,primary_dopant_site,codopant_elements,all_dopants_detail,power_factor,seebeck_coefficient,electrical_conductivity,ZT,temperature
10.1016/j.electacta.2016.02.206,1-s2.0-S0013468616305072-main.pdf,AgSbTe2,Ag15Sb27Te58 (amorphous thin film),Ag15Sb27Te58,0,No,,,,,,,1270 mV/K,,,room temperature
10.1016/j.electacta.2016.02.206,1-s2.0-S0013468616305072-main.pdf,AgSbTe2,Ag25Sb25Te50 (stoichiometric nanocrystalline thin film),Ag25Sb25Te50,0,No,,,,,,553 mW/mK2,,,,room temperature
10.1016/j.electacta.2016.02.206,1-s2.0-S0013468616305072-main.pdf,AgSbTe2,AgxSbyTez (nanocrystalline thin films range),AgxSbyTez,0,No,,,,,,90–553 mW/mK2,170 to 405 mV/K,,,room temperature
10.1016/j.electacta.2016.02.206,1-s2.0-S0013468616305072-main.pdf,AgSbTe2,"Bulk Ag20.2Sb27.9Te51.9 [Table 1, Ref 17]",Ag20.2Sb27.9Te51.9,0,No,,,,,,2340.97 mW/m.K2,295 mV/K,269 S/cm,,room temperature
10.1016/j.electacta.2016.02.206,1-s2.0-S0013468616305072-main.pdf,AgSbTe2,"Bulk AgSbTe2 [Table 1, Ref 12]",AgSbTe2,0,No,,,,,,385.33 mW/m.K2,170 mV/K,133.33 S/cm,,room temperature
10.1016/j.matlet.2008.02.039,1-s2.0-S0167577X08002243-main.pdf,AgSbTe2,"(AgSbTe2)1-x(Ag2Te)x, x=0",AgSbTe2,1,No,Ag2Te,x=0,unclear,,Ag2Te (x=0) @ unclear site,3.5 10^-4 W/mK^2,140 uV/K | 80 uV/K,1.72 mOhm*cm (resistivity),,room temperature K
10.1016/j.matlet.2008.02.039,1-s2.0-S0167577X08002243-main.pdf,AgSbTe2,"(AgSbTe2)1-x(Ag2Te)x, x=0.05",(AgSbTe2)0.95(Ag2Te)0.05,1,No,Ag2Te,x=0.05,unclear,,Ag2Te (x=0.05) @ unclear site,4.2 10^-4 W/mK^2,132 uV/K | 75 uV/K,,,room temperature K
10.1016/j.matlet.2008.02.039,1-s2.0-S0167577X08002243-main.pdf,AgSbTe2,"(AgSbTe2)1-x(Ag2Te)x, x=0.1",(AgSbTe2)0.9(Ag2Te)0.1,1,No,Ag2Te,x=0.1,unclear,,Ag2Te (x=0.1) @ unclear site,3.8 10^-4 W/mK^2,120 uV/K | 65 uV/K,,,room temperature K
10.1016/j.matlet.2008.02.039,1-s2.0-S0167577X08002243-main.pdf,AgSbTe2,"(AgSbTe2)1-x(Ag2Te)x, x=0.2",(AgSbTe2)0.8(Ag2Te)0.2,1,No,Ag2Te,x=0.2,unclear,,Ag2Te (x=0.2) @ unclear site,3.2 10^-4 W/mK^2,110 uV/K | 60 uV/K,,,room temperature K
10.1016/j.matlet.2008.02.039,1-s2.0-S0167577X08002243-main.pdf,AgSbTe2,AgSbTe2 (x=0),AgSbTe2,0,No,,,,,,,,172.4 S/cm,,room temperature K
10.1016/j.jallcom.2010.03.170,1-s2.0-S0925838810006912-main.pdf,AgxSb2-xTe3-x,Ag0.78Sb1.22Te2.22,Ag0.78Sb1.22Te2.22,0,No,,,,,,,188 uV K^-1,3.48 10^4 Sm^-1,,300 K
10.1016/j.jallcom.2010.03.170,1-s2.0-S0925838810006912-main.pdf,AgxSb2-xTe3-x,Ag0.78Sb1.22Te2.22,Ag0.78Sb1.22Te2.22,1,No,Ag,0.78,Ag,,Ag (0.78) @ Ag site,,188 uV K-1,3.48 10^4 Sm-1,,not reported
10.1016/j.jallcom.2010.03.170,1-s2.0-S0925838810006912-main.pdf,AgxSb2-xTe3-x,Ag0.81Sb1.19Te2.19,Ag0.81Sb1.19Te2.19,0,No,,,,,,,231 uV K^-1,2.63 10^4 Sm^-1,,300 K
10.1016/j.jallcom.2010.03.170,1-s2.0-S0925838810006912-main.pdf,AgxSb2-xTe3-x,Ag0.81Sb1.19Te2.19,Ag0.81Sb1.19Te2.19,1,No,Ag,0.81,Ag,,Ag (0.81) @ Ag site,,231 uV K-1,2.63 10^4 Sm-1,,not reported
10.1016/j.jallcom.2010.03.170,1-s2.0-S0925838810006912-main.pdf,AgxSb2-xTe3-x,Ag0.84Sb1.16Te2.16,Ag0.84Sb1.16Te2.16,0,No,,,,,,2.35 10^-3 W m^-1 K^-2,295 uV K^-1,2.69 10^4 Sm^-1,,300 K
10.1016/j.jallcom.2010.03.170,1-s2.0-S0925838810006912-main.pdf,AgxSb2-xTe3-x,Ag0.84Sb1.16Te2.16,Ag0.84Sb1.16Te2.16,0,No,,,,,,,,,1.53 dimensionless,500 K
10.1016/j.jallcom.2010.03.170,1-s2.0-S0925838810006912-main.pdf,AgxSb2-xTe3-x,Ag0.84Sb1.16Te2.16,Ag0.84Sb1.16Te2.16,1,No,Ag,0.84,Ag,,Ag (0.84) @ Ag site,,295 uV K-1,2.69 10^4 Sm-1,,not reported
10.1016/j.jallcom.2010.03.170,1-s2.0-S0925838810006912-main.pdf,AgxSb2-xTe3-x,Ag0.87Sb1.13Te2.13,Ag0.87Sb1.13Te2.13,0,No,,,,,,,250 uV K^-1,2.79 10^4 Sm^-1,,300 K
10.1016/j.jallcom.2010.03.170,1-s2.0-S0925838810006912-main.pdf,AgxSb2-xTe3-x,Ag0.87Sb1.13Te2.13,Ag0.87Sb1.13Te2.13,1,No,Ag,0.87,Ag,,Ag (0.87) @ Ag site,,250 uV K-1,2.79 10^4 Sm-1,,not reported
10.1016/j.jallcom.2010.03.170,1-s2.0-S0925838810006912-main.pdf,AgxSb2-xTe3-x,Ag0.90Sb1.10Te2.10,Ag0.90Sb1.10Te2.10,0,No,,,,,,,281 uV K^-1,2.33 10^4 Sm^-1,,300 K
10.1016/j.jallcom.2010.03.170,1-s2.0-S0925838810006912-main.pdf,AgxSb2-xTe3-x,Ag0.90Sb1.10Te2.10,Ag0.90Sb1.10Te2.10,0,No,,,,,,,,,1.53 dimensionless,673 K
10.1016/j.jallcom.2010.03.170,1-s2.0-S0925838810006912-main.pdf,AgxSb2-xTe3-x,Ag0.90Sb1.10Te2.10,Ag0.90Sb1.10Te2.10,1,No,Ag,0.90,Ag,,Ag (0.90) @ Ag site,,281 uV K-1,2.33 10^4 Sm-1,,not reported
10.1016/j.jallcom.2010.03.170,1-s2.0-S0925838810006912-main.pdf,AgxSb2-xTe3-x,Ag0.93Sb1.07Te2.07,Ag0.93Sb1.07Te2.07,0,No,,,,,,,254 uV K^-1,1.89 10^4 Sm^-1,,300 K
10.1016/j.jallcom.2010.03.170,1-s2.0-S0925838810006912-main.pdf,AgxSb2-xTe3-x,Ag0.93Sb1.07Te2.07,Ag0.93Sb1.07Te2.07,1,No,Ag,0.93,Ag,,Ag (0.93) @ Ag site,,254 uV K-1,1.89 10^4 Sm-1,,not reported
10.1016/j.jallcom.2019.04.294,1-s2.0-S0925838819316007-main.pdf,TlSbTe2,Tl0.98In0.02SbTe2,Tl0.98In0.02SbTe2,1,No,In,0.02,Tl,,In (0.02) @ Tl site,,141 mV K-1,490 U-1cm-1,,372 K
10.1016/j.jallcom.2019.04.294,1-s2.0-S0925838819316007-main.pdf,TlSbTe2,Tl0.98In0.02SbTe2,Tl0.98In0.02SbTe2,1,No,In,0.02,Tl,,In (0.02) @ Tl site,,,,0.61 dimensionless,480 K
10.1016/j.jallcom.2019.04.294,1-s2.0-S0925838819316007-main.pdf,TlSbTe2,Tl0.98In0.02SbTe2,Tl0.98In0.02SbTe2,1,No,In,0.02,Tl,,In (0.02) @ Tl site,,,118 U-1cm-1,,620 K
10.1016/j.jallcom.2019.04.294,1-s2.0-S0925838819316007-main.pdf,TlSbTe2,Tl0.98In0.02SbTe2,Tl0.98In0.02SbTe2,1,No,In,0.02,Tl,,In (0.02) @ Tl site,,227 mV K-1,,,623 K
10.1016/j.jallcom.2019.04.294,1-s2.0-S0925838819316007-main.pdf,TlSbTe2,Tl0.98Yb0.02SbTe2,Tl0.98Yb0.02SbTe2,1,No,Yb,0.02,Tl,,Yb (0.02) @ Tl site,,100 μV K-1,1000 Ω-1cm-1,,300 K
10.1016/j.jallcom.2019.04.294,1-s2.0-S0925838819316007-main.pdf,TlSbTe2,Tl0.98Yb0.02SbTe2,Tl0.98Yb0.02SbTe2,1,No,Yb,0.02,Tl,,Yb (0.02) @ Tl site,,213 mV K-1,218 U-1cm-1,0.85 dimensionless,625 K
10.1016/j.jallcom.2019.04.294,1-s2.0-S0925838819316007-main.pdf,TlSbTe2,TlSb0.98In0.02Te2,TlSb0.98In0.02Te2,1,No,In,0.02,Sb,,In (0.02) @ Sb site,,,695 U-1cm-1,,379 K
10.1016/j.jallcom.2019.04.294,1-s2.0-S0925838819316007-main.pdf,TlSbTe2,TlSb0.98In0.02Te2,TlSb0.98In0.02Te2,1,No,In,0.02,Sb,,In (0.02) @ Sb site,,,,0.77 dimensionless,622 K
10.1016/j.jallcom.2019.04.294,1-s2.0-S0925838819316007-main.pdf,TlSbTe2,TlSb0.98In0.02Te2,TlSb0.98In0.02Te2,1,No,In,0.02,Sb,,In (0.02) @ Sb site,,,155 U-1cm-1,,675 K
10.1016/j.jallcom.2019.04.294,1-s2.0-S0925838819316007-main.pdf,TlSbTe2,TlSb0.98In0.02Te2,TlSb0.98In0.02Te2,1,No,In,0.02,Sb,,In (0.02) @ Sb site,,113 mV K-1 | 235 mV K-1,,,not specified K
10.1016/j.jallcom.2026.187461,1-s2.0-S092583882601529X-main.pdf,Te(1-x)(AgSbTe2)x,"Te(1-x)(AgSbTe2)x, x=0.005",Te0.995(AgSbTe2)0.005,2,Yes,Ag,0.5%,unclear,Sb (0.5%) @ Te,Ag (0.5%) @ unclear site; Sb (0.5%) @ Te site,,149 μV/K,2.2 mΩ⋅cm,,300 K
10.1016/j.jallcom.2026.187461,1-s2.0-S092583882601529X-main.pdf,Te(1-x)(AgSbTe2)x,"Te(1-x)(AgSbTe2)x, x=0.005",Te0.995(AgSbTe2)0.005,2,Yes,Ag,0.5%,unclear,Sb (0.5%) @ Te,Ag (0.5%) @ unclear site; Sb (0.5%) @ Te site,13.8 μW cm−1 K−2,,,,475 K
10.1016/j.jallcom.2026.187461,1-s2.0-S092583882601529X-main.pdf,Te(1-x)(AgSbTe2)x,"Te(1-x)(AgSbTe2)x, x=0.005",Te0.995(AgSbTe2)0.005,2,Yes,Ag,0.5%,unclear,Sb (0.5%) @ Te,Ag (0.5%) @ unclear site; Sb (0.5%) @ Te site,,250 μV/K,8 mΩ⋅cm,,650 K
10.1016/j.jallcom.2026.187461,1-s2.0-S092583882601529X-main.pdf,Te(1-x)(AgSbTe2)x,"Te(1-x)(AgSbTe2)x, x=0.01",Te0.99(AgSbTe2)0.01,2,Yes,Ag,1.0%,unclear,Sb (1.0%) @ Te,Ag (1.0%) @ unclear site; Sb (1.0%) @ Te site,,,,0.85 dimensionless,650 K
10.1016/j.jallcom.2026.187461,1-s2.0-S092583882601529X-main.pdf,Te(1-x)(AgSbTe2)x,x=0%,Te,0,No,,,,,,2 µW cm^-1 K^-2,350 µV/K,0.2 mΩ·cm,,300 K
10.1016/j.jallcom.2026.187461,1-s2.0-S092583882601529X-main.pdf,Te(1-x)(AgSbTe2)x,x=0%,Te,0,No,,,,,,,150 µV/K,,,650 K
10.1016/j.jallcom.2026.187461,1-s2.0-S092583882601529X-main.pdf,Te(1-x)(AgSbTe2)x,x=0.5%,Te0.995(AgSbTe2)0.005,2,Yes,Ag,0.5%,unclear,Sb (0.5%) @ unclear,Ag (0.5%) @ unclear site; Sb (0.5%) @ unclear site,,150 µV/K,,,300 K
10.1016/j.jallcom.2026.187461,1-s2.0-S092583882601529X-main.pdf,Te(1-x)(AgSbTe2)x,x=0.5%,Te0.995(AgSbTe2)0.005,2,Yes,Ag,0.5%,unclear,Sb (0.5%) @ unclear,Ag (0.5%) @ unclear site; Sb (0.5%) @ unclear site,13.8 µW cm^-1 K^-2,,,,450 K
10.1016/j.jallcom.2026.187461,1-s2.0-S092583882601529X-main.pdf,Te(1-x)(AgSbTe2)x,x=0.5%,Te0.995(AgSbTe2)0.005,2,Yes,Ag,0.5%,unclear,Sb (0.5%) @ unclear,Ag (0.5%) @ unclear site; Sb (0.5%) @ unclear site,,250 µV/K,,,650 K
10.1016/j.jallcom.2026.187461,1-s2.0-S092583882601529X-main.pdf,Te(1-x)(AgSbTe2)x,x=0.5%,Te(0.995)(AgSbTe2)0.005,1,No,AgSbTe2,0.5%,Te,,AgSbTe2 (0.5%) @ Te site,,,,0.85 dimensionless,650 K
10.1016/j.jallcom.2026.187461,1-s2.0-S092583882601529X-main.pdf,Te(1-x)(AgSbTe2)x,x=1.0%,Te(0.99)(AgSbTe2)0.01,1,No,AgSbTe2,1.0%,Te,,AgSbTe2 (1.0%) @ Te site,,,,0.85 dimensionless,650 K
10.1016/j.jallcom.2026.187461,1-s2.0-S092583882601529X-main.pdf,Te(1-x)(AgSbTe2)x,x=1.5%,Te(0.985)(AgSbTe2)0.015,1,No,AgSbTe2,1.5%,Te,,AgSbTe2 (1.5%) @ Te site,,,,0.80 dimensionless,650 K
10.1016/j.jallcom.2026.187461,1-s2.0-S092583882601529X-main.pdf,Te(1-x)(AgSbTe2)x,x=2.0%,Te(0.98)(AgSbTe2)0.02,1,No,AgSbTe2,2.0%,Te,,AgSbTe2 (2.0%) @ Te site,,,,0.75 dimensionless,650 K
10.1016/j.actamat.2012.07.057,1-s2.0-S1359645412005150-main.pdf,AgSbTe2,3 at.% Pb,Ag20Sb27Te50Pb3,1,No,Pb,3 at.%,Sb,,Pb (3 at.%) @ Sb site,,,,0.7-0.8 dimensionless,425 K
10.1016/j.actamat.2012.07.057,1-s2.0-S1359645412005150-main.pdf,AgSbTe2,4 at.% Pb,Ag20Sb26Te50Pb4,1,No,Pb,4 at.%,Sb,,Pb (4 at.%) @ Sb site,,,,0.7-0.8 dimensionless,425 K
10.1016/j.actamat.2012.07.057,1-s2.0-S1359645412005150-main.pdf,AgSbTe2,5 at.% Pb,Ag20Sb25Te50Pb5,1,No,Pb,5 at.%,Sb,,Pb (5 at.%) @ Sb site,,,,0.7-0.8 dimensionless,425 K
10.1016/j.actamat.2012.07.057,1-s2.0-S1359645412005150-main.pdf,AgSbTe2,5 at.% Pb (annealed),Ag20Sb25Te50Pb5,1,No,Pb,5 at.%,Sb,,Pb (5 at.%) @ Sb site,,,,0.4 dimensionless,425 K
10.1016/j.actamat.2012.07.057,1-s2.0-S1359645412005150-main.pdf,AgSbTe2,6 at.% Pb,Ag20Sb24Te50Pb6,1,No,Pb,6 at.%,Sb,,Pb (6 at.%) @ Sb site,,,,0.7-0.8 dimensionless,425 K
10.1016/j.actamat.2012.07.057,1-s2.0-S1359645412005150-main.pdf,AgSbTe2,Pb-doped AgSbTe2 (3 at.%),PbxAgSbTe2 (x=0.03),1,No,Pb,3 at.%,unclear,,Pb (3 at.%) @ unclear site,,300 uV/K,60 m ohm cm,0.3 dimensionless,300 K
10.1016/j.actamat.2012.07.057,1-s2.0-S1359645412005150-main.pdf,AgSbTe2,Pb-doped AgSbTe2 (3 at.%),PbxAgSbTe2 (x=0.03),1,No,Pb,3 at.%,unclear,,Pb (3 at.%) @ unclear site,,150 uV/K,15 m ohm cm,0.2 dimensionless,650 K
10.1016/j.actamat.2012.07.057,1-s2.0-S1359645412005150-main.pdf,AgSbTe2,Pb-doped AgSbTe2 (5 at.%),PbxAgSbTe2 (x=0.05),1,No,Pb,5 at.%,unclear,,Pb (5 at.%) @ unclear site,,,,0.8 dimensionless,425 K
10.1016/j.actamat.2012.07.057,1-s2.0-S1359645412005150-main.pdf,AgSbTe2,"Pb-doped AgSbTe2 (5 at.%, annealed)",PbxAgSbTe2 (x=0.05),1,No,Pb,5 at.%,unclear,,Pb (5 at.%) @ unclear site,,,,0.4 dimensionless,425 K
10.1016/j.actamat.2021.117443,1-s2.0-S1359645421008223-main.pdf,AgSbTe2,HT523,AgSb0.998Ce0.002Te2,1,No,Ce,0.2 mol%,unclear,,Ce (0.2 mol%) @ unclear site,,88.4 μV/K,3.73e4 S/cm,,300 K
10.1016/j.actamat.2021.117443,1-s2.0-S1359645421008223-main.pdf,AgSbTe2,HT523,AgSb0.998Ce0.002Te2,1,No,Ce,0.2 mol%,unclear,,Ce (0.2 mol%) @ unclear site,,,,1.31 dimensionless,673 K
10.1016/j.actamat.2021.117443,1-s2.0-S1359645421008223-main.pdf,AgSbTe2,HT523,0.2 mol% Ce-doped AgSbTe2,1,No,Ce,0.2 mol%,unclear,,Ce (0.2 mol%) @ unclear site,,,,1.31 dimensionless,673 K
10.1016/j.actamat.2021.117443,1-s2.0-S1359645421008223-main.pdf,AgSbTe2,HT523,0.2 mol% Ce-doped AgSbTe2,1,No,Ce,0.2 mol%,unclear,,Ce (0.2 mol%) @ unclear site,,88.4 uV/K,3.73e4 S/m,,not reported
10.1016/j.actamat.2021.117443,1-s2.0-S1359645421008223-main.pdf,AgSbTe2,HT573,AgSb0.998Ce0.002Te2,1,No,Ce,0.2 mol%,unclear,,Ce (0.2 mol%) @ unclear site,,85.5 μV/K,3.58e4 S/cm,,300 K
10.1016/j.actamat.2021.117443,1-s2.0-S1359645421008223-main.pdf,AgSbTe2,HT573,AgSb0.998Ce0.002Te2,1,No,Ce,0.2 mol%,unclear,,Ce (0.2 mol%) @ unclear site,,,,1.27 dimensionless,673 K
10.1016/j.actamat.2021.117443,1-s2.0-S1359645421008223-main.pdf,AgSbTe2,HT573,0.2 mol% Ce-doped AgSbTe2,1,No,Ce,0.2 mol%,unclear,,Ce (0.2 mol%) @ unclear site,,,,1.27 dimensionless,673 K
10.1016/j.actamat.2021.117443,1-s2.0-S1359645421008223-main.pdf,AgSbTe2,HT573,0.2 mol% Ce-doped AgSbTe2,1,No,Ce,0.2 mol%,unclear,,Ce (0.2 mol%) @ unclear site,,85.5 uV/K,3.58e4 S/m,,not reported
10.1016/j.actamat.2021.117443,1-s2.0-S1359645421008223-main.pdf,AgSbTe2,HT673,AgSb0.998Ce0.002Te2,1,No,Ce,0.2 mol%,unclear,,Ce (0.2 mol%) @ unclear site,0.96 mW/m·K2,,,,298 K
10.1016/j.actamat.2021.117443,1-s2.0-S1359645421008223-main.pdf,AgSbTe2,HT673,AgSb0.998Ce0.002Te2,1,No,Ce,0.2 mol%,unclear,,Ce (0.2 mol%) @ unclear site,,274 μV/K,1.33e4 S/cm,,300 K
10.1016/j.actamat.2021.117443,1-s2.0-S1359645421008223-main.pdf,AgSbTe2,HT673,AgSb0.998Ce0.002Te2,1,No,Ce,0.2 mol%,unclear,,Ce (0.2 mol%) @ unclear site,1.39 mW/m·K2,,,,573 K
10.1016/j.actamat.2021.117443,1-s2.0-S1359645421008223-main.pdf,AgSbTe2,HT673,AgSb0.998Ce0.002Te2,1,No,Ce,0.2 mol%,unclear,,Ce (0.2 mol%) @ unclear site,1.41 mW/m·K2,,,1.49 dimensionless,673 K
10.1016/j.actamat.2021.117443,1-s2.0-S1359645421008223-main.pdf,AgSbTe2,HT673,0.2 mol% Ce-doped AgSbTe2,1,No,Ce,0.2 mol%,unclear,,Ce (0.2 mol%) @ unclear site,,,,1.49 dimensionless,673 K
10.1016/j.actamat.2021.117443,1-s2.0-S1359645421008223-main.pdf,AgSbTe2,HT673,0.2 mol% Ce-doped AgSbTe2,1,No,Ce,0.2 mol%,unclear,,Ce (0.2 mol%) @ unclear site,,274 uV/K,1.33e4 S/m,,not reported
10.1016/j.actamat.2021.117443,1-s2.0-S1359645421008223-main.pdf,AgSbTe2,as-sintered,AgSb0.998Ce0.002Te2,1,No,Ce,0.2 mol%,unclear,,Ce (0.2 mol%) @ unclear site,,127 μV/K,3.02e4 S/cm,,300 K
10.1016/j.actamat.2021.117443,1-s2.0-S1359645421008223-main.pdf,AgSbTe2,as-sintered,AgSb0.998Ce0.002Te2,1,No,Ce,0.2 mol%,unclear,,Ce (0.2 mol%) @ unclear site,,,,1.5 dimensionless,673 K
10.1016/j.actamat.2021.117443,1-s2.0-S1359645421008223-main.pdf,AgSbTe2,as-sintered,0.2 mol% Ce-doped AgSbTe2,1,No,Ce,0.2 mol%,unclear,,Ce (0.2 mol%) @ unclear site,,,,0.5 dimensionless,673 K
10.1016/j.actamat.2021.117443,1-s2.0-S1359645421008223-main.pdf,AgSbTe2,as-sintered,0.2 mol% Ce-doped AgSbTe2,1,No,Ce,0.2 mol%,unclear,,Ce (0.2 mol%) @ unclear site,,127 uV/K,3.02e4 S/m,,not reported
10.1016/j.actamat.2022.117681,1-s2.0-S1359645422000684-main.pdf,(Sn1-xPbxSe)0.6(AgSbTe2)0.4,(Sn0.9Pb0.1Se)0.6(AgSbTe2)0.4,(Sn0.9Pb0.1Se)0.6(AgSbTe2)0.4,1,No,Pb,10%,Sn,,Pb (10%) @ Sn site,,,,1.20 dimensionless,723 K
10.1016/j.actamat.2022.117681,1-s2.0-S1359645422000684-main.pdf,(Sn1-xPbxSe)0.6(AgSbTe2)0.4,(SnSe)0.6(AgSbTe2)0.4,(SnSe)0.6(AgSbTe2)0.4,0,No,,,,,,9.0 μWcm-1K-2,100 uV K-1,600 S cm-1,,300 K
10.1016/j.actamat.2022.117681,1-s2.0-S1359645422000684-main.pdf,(Sn1-xPbxSe)0.6(AgSbTe2)0.4,(SnSe)0.6(AgSbTe2)0.4,(SnSe)0.6(AgSbTe2)0.4,0,No,,,,,,13 μWcm-1K-2,,,0.94 dimensionless,723 K
10.1016/j.actamat.2022.117681,1-s2.0-S1359645422000684-main.pdf,(Sn1-xPbxSe)0.6(AgSbTe2)0.4,"(SnSe)1-m(AgSbTe2)m, m=0%",SnSe,0,No,,,,,,0.5 uW cm-1 K-2,500 uV K-1,100 S cm-1,0.1 dimensionless,300 K
10.1016/j.actamat.2022.117681,1-s2.0-S1359645422000684-main.pdf,(Sn1-xPbxSe)0.6(AgSbTe2)0.4,x=0%,"(Sn1-xPbxSe)0.6(AgSbTe2)0.4, x=0",0,No,,,,,,,150 uV K-1,650 S cm-1,,300 K
10.1016/j.actamat.2022.117681,1-s2.0-S1359645422000684-main.pdf,(Sn1-xPbxSe)0.6(AgSbTe2)0.4,x=0%,"(Sn1-xPbxSe)0.6(AgSbTe2)0.4, x=0",0,No,,,,,,12.5 uW cm-1K-2,,,,600 K
10.1016/j.actamat.2022.117681,1-s2.0-S1359645422000684-main.pdf,(Sn1-xPbxSe)0.6(AgSbTe2)0.4,x=0%,"(Sn1-xPbxSe)0.6(AgSbTe2)0.4, x=0",0,No,,,,,,,,,0.8 dimensionless,773 K
10.1016/j.actamat.2022.117681,1-s2.0-S1359645422000684-main.pdf,(Sn1-xPbxSe)0.6(AgSbTe2)0.4,x=0%,"(Sn1-xPbxSe)0.6(AgSbTe2)0.4, x=0",0,No,,,,,,,200 uV K-1,300 S cm-1,,800 K
10.1016/j.actamat.2022.117681,1-s2.0-S1359645422000684-main.pdf,(Sn1-xPbxSe)0.6(AgSbTe2)0.4,x=10%,"(Sn1-xPbxSe)0.6(AgSbTe2)0.4, x=0.10",1,No,Pb,10%,Sn,,Pb (10%) @ Sn site,,,,1.2 dimensionless,723 K
10.1016/j.actamat.2025.120985,1-s2.0-S1359645425002769-main.pdf,AgSbTe2,QA-AgSbTe2 (A = 0 h),AgSbTe2,0,No,,,,,,,240 uV K^-1,1.21e4 S m-1 | 1.40e4 S m-1 | 8.24e3 S m-1,,300 K
10.1016/j.actamat.2025.120985,1-s2.0-S1359645425002769-main.pdf,AgSbTe2,QA-AgSbTe2 (A = 0 h),AgSbTe2,1,No,Ag vacancy,0 h annealing,Ag,,Ag vacancy (0 h annealing) @ Ag site,,,,0.6 dimensionless,300 K
10.1016/j.actamat.2025.120985,1-s2.0-S1359645425002769-main.pdf,AgSbTe2,QA-AgSbTe2 (A = 0 h),AgSbTe2,1,No,Ag vacancy,0 h annealing,Ag,,Ag vacancy (0 h annealing) @ Ag site,,,,0.8 dimensionless,400 K
10.1016/j.actamat.2025.120985,1-s2.0-S1359645425002769-main.pdf,AgSbTe2,QA-AgSbTe2 (A = 0 h),AgSbTe2,1,No,Ag vacancy,0 h annealing,Ag,,Ag vacancy (0 h annealing) @ Ag site,,,,0.9 dimensionless,500 K
10.1016/j.actamat.2025.120985,1-s2.0-S1359645425002769-main.pdf,AgSbTe2,QA-AgSbTe2 (A = 0 h),AgSbTe2,0,No,,,,,,7.11 uW cm-1 K-2 | 8.22 uW cm-1 K-2,298.37 uV K-1,,1.18 dimensionless,548 K
10.1016/j.actamat.2025.120985,1-s2.0-S1359645425002769-main.pdf,AgSbTe2,QA-AgSbTe2 (A = 0 h),AgSbTe2,1,No,Ag vacancy,0 h annealing,Ag,,Ag vacancy (0 h annealing) @ Ag site,,,,0.9 dimensionless,600 K
10.1016/j.actamat.2025.120985,1-s2.0-S1359645425002769-main.pdf,AgSbTe2,QA-AgSbTe2 (A = 0 h),AgSbTe2,0,No,,,,,,,,,0.94 dimensionless,300-633 K
10.1016/j.actamat.2025.120985,1-s2.0-S1359645425002769-main.pdf,AgSbTe2,QA-AgSbTe2 (A = 12 h),AgSbTe2,1,No,Ag vacancy,12 h annealing,Ag,,Ag vacancy (12 h annealing) @ Ag site,,,,0.5 dimensionless,300 K
10.1016/j.actamat.2025.120985,1-s2.0-S1359645425002769-main.pdf,AgSbTe2,QA-AgSbTe2 (A = 12 h),AgSbTe2,1,No,Ag vacancy,12 h annealing,Ag,,Ag vacancy (12 h annealing) @ Ag site,,,,0.8 dimensionless,400 K
10.1016/j.actamat.2025.120985,1-s2.0-S1359645425002769-main.pdf,AgSbTe2,QA-AgSbTe2 (A = 12 h),AgSbTe2,1,No,Ag vacancy,12 h annealing,Ag,,Ag vacancy (12 h annealing) @ Ag site,,,,1.0 dimensionless,500 K
10.1016/j.actamat.2025.120985,1-s2.0-S1359645425002769-main.pdf,AgSbTe2,QA-AgSbTe2 (A = 12 h),AgSbTe2,1,No,Ag vacancy,12 h annealing,Ag,,Ag vacancy (12 h annealing) @ Ag site,,,,1.1 dimensionless,600 K
10.1016/j.actamat.2025.120985,1-s2.0-S1359645425002769-main.pdf,AgSbTe2,QA-AgSbTe2 (A = 24 h),AgSbTe2,0,No,,,,,,,,1.4 10^4 S m^-1,,300 K
10.1016/j.actamat.2025.120985,1-s2.0-S1359645425002769-main.pdf,AgSbTe2,QA-AgSbTe2 (A = 24 h),AgSbTe2,1,No,Ag vacancy,24 h annealing,Ag,,Ag vacancy (24 h annealing) @ Ag site,,,,0.6 dimensionless,300 K
10.1016/j.actamat.2025.120985,1-s2.0-S1359645425002769-main.pdf,AgSbTe2,QA-AgSbTe2 (A = 24 h),AgSbTe2,1,No,Ag vacancy,24 h annealing,Ag,,Ag vacancy (24 h annealing) @ Ag site,,,,0.9 dimensionless,400 K
10.1016/j.actamat.2025.120985,1-s2.0-S1359645425002769-main.pdf,AgSbTe2,QA-AgSbTe2 (A = 24 h),AgSbTe2,1,No,Ag vacancy,24 h annealing,Ag,,Ag vacancy (24 h annealing) @ Ag site,,,,1.1 dimensionless,500 K
10.1016/j.actamat.2025.120985,1-s2.0-S1359645425002769-main.pdf,AgSbTe2,QA-AgSbTe2 (A = 24 h),AgSbTe2,0,No,,,,,,8.22 uW cm^-1 K^-2,298.37 uV K^-1,,1.18 dimensionless,548 K
10.1016/j.actamat.2025.120985,1-s2.0-S1359645425002769-main.pdf,AgSbTe2,QA-AgSbTe2 (A = 24 h),AgSbTe2,1,No,Ag vacancy,24 h annealing,Ag,,Ag vacancy (24 h annealing) @ Ag site,,,,1.2 dimensionless,600 K
10.1016/j.actamat.2025.120985,1-s2.0-S1359645425002769-main.pdf,AgSbTe2,QA-AgSbTe2 (A = 36 h),AgSbTe2,1,No,Ag vacancy,36 h annealing,Ag,,Ag vacancy (36 h annealing) @ Ag site,,,,0.5 dimensionless,300 K
10.1016/j.actamat.2025.120985,1-s2.0-S1359645425002769-main.pdf,AgSbTe2,QA-AgSbTe2 (A = 36 h),AgSbTe2,1,No,Ag vacancy,36 h annealing,Ag,,Ag vacancy (36 h annealing) @ Ag site,,,,0.7 dimensionless,400 K
10.1016/j.actamat.2025.120985,1-s2.0-S1359645425002769-main.pdf,AgSbTe2,QA-AgSbTe2 (A = 36 h),AgSbTe2,1,No,Ag vacancy,36 h annealing,Ag,,Ag vacancy (36 h annealing) @ Ag site,,,,0.8 dimensionless,500 K
10.1016/j.actamat.2025.120985,1-s2.0-S1359645425002769-main.pdf,AgSbTe2,QA-AgSbTe2 (A = 36 h),AgSbTe2,1,No,Ag vacancy,36 h annealing,Ag,,Ag vacancy (36 h annealing) @ Ag site,,,,0.8 dimensionless,600 K
10.1016/j.actamat.2025.120985,1-s2.0-S1359645425002769-main.pdf,AgSbTe2,QA-AgSbTe2 (A = 48 h),AgSbTe2,1,No,Ag vacancy,48 h annealing,Ag,,Ag vacancy (48 h annealing) @ Ag site,,,,0.4 dimensionless,300 K
10.1016/j.actamat.2025.120985,1-s2.0-S1359645425002769-main.pdf,AgSbTe2,QA-AgSbTe2 (A = 48 h),AgSbTe2,1,No,Ag vacancy,48 h annealing,Ag,,Ag vacancy (48 h annealing) @ Ag site,,,,0.6 dimensionless,400 K
10.1016/j.actamat.2025.120985,1-s2.0-S1359645425002769-main.pdf,AgSbTe2,QA-AgSbTe2 (A = 48 h),AgSbTe2,1,No,Ag vacancy,48 h annealing,Ag,,Ag vacancy (48 h annealing) @ Ag site,,,,0.7 dimensionless,500 K
10.1016/j.actamat.2025.120985,1-s2.0-S1359645425002769-main.pdf,AgSbTe2,QA-AgSbTe2 (A = 48 h),AgSbTe2,1,No,Ag vacancy,48 h annealing,Ag,,Ag vacancy (48 h annealing) @ Ag site,,,,0.7 dimensionless,600 K
10.1016/j.nanoen.2022.108118,1-s2.0-S221128552201196X-main.pdf,AgSbTe2,AgSbTe2,AgSbTe2,0,No,,,,,,1320 uW/mK^2,248 uV/K,0.185 S/cm,,473 K
10.1016/j.nanoen.2022.108118,1-s2.0-S221128552201196X-main.pdf,AgSbTe2,AgSbTe2,AgSbTe2,0,No,,,,,,1920 uW/mK^2,240 uV/K,0.32 S/cm,,623 K
10.1016/j.nanoen.2022.108118,1-s2.0-S221128552201196X-main.pdf,AgSbTe2,Fast Cooling,AgSbTe2,0,No,,,,,,700 uW/mK^2,280 uV/K,,,325 K
10.1016/j.nanoen.2022.108118,1-s2.0-S221128552201196X-main.pdf,AgSbTe2,Fast Cooling,AgSbTe2,0,No,,,,,,,310 uV/K,,,375 K
10.1016/j.nanoen.2022.108118,1-s2.0-S221128552201196X-main.pdf,AgSbTe2,Fast Cooling,AgSbTe2,0,No,,,,,,750 uW/mK^2,340 uV/K,,,425 K
10.1016/j.nanoen.2022.108118,1-s2.0-S221128552201196X-main.pdf,AgSbTe2,Fast Cooling,AgSbTe2,0,No,,,,,,,360 uV/K,,,475 K
10.1016/j.nanoen.2022.108118,1-s2.0-S221128552201196X-main.pdf,AgSbTe2,Fast Cooling,AgSbTe2,0,No,,,,,,750 uW/mK^2,320 uV/K,,,525 K
10.1016/j.nanoen.2022.108118,1-s2.0-S221128552201196X-main.pdf,AgSbTe2,Fast Cooling,AgSbTe2,0,No,,,,,,,280 uV/K,,,575 K
10.1016/j.nanoen.2022.108118,1-s2.0-S221128552201196X-main.pdf,AgSbTe2,Fast Cooling,AgSbTe2,0,No,,,,,,650 uW/mK^2,250 uV/K,,,625 K
10.1016/j.nanoen.2022.108118,1-s2.0-S221128552201196X-main.pdf,AgSbTe2,Quenched,AgSbTe2,0,No,,,,,,800 uW/mK^2,245 uV/K,,,325 K
10.1016/j.nanoen.2022.108118,1-s2.0-S221128552201196X-main.pdf,AgSbTe2,Quenched,AgSbTe2,0,No,,,,,,1200 uW/mK^2,250 uV/K,,,425 K
10.1016/j.nanoen.2022.108118,1-s2.0-S221128552201196X-main.pdf,AgSbTe2,Quenched,AgSbTe2,0,No,,,,,,1600 uW/mK^2,240 uV/K,,,525 K
10.1016/j.nanoen.2022.108118,1-s2.0-S221128552201196X-main.pdf,AgSbTe2,Quenched,AgSbTe2,0,No,,,,,,1600 uW/mK^2,230 uV/K,,,625 K
10.1016/j.nanoen.2022.108118,1-s2.0-S221128552201196X-main.pdf,AgSbTe2,Slow Cooling,AgSbTe2,0,No,,,,,,400 uW/mK^2,115 uV/K,,,325 K
10.1016/j.nanoen.2022.108118,1-s2.0-S221128552201196X-main.pdf,AgSbTe2,Slow Cooling,AgSbTe2,0,No,,,,,,,130 uV/K,,,375 K
10.1016/j.nanoen.2022.108118,1-s2.0-S221128552201196X-main.pdf,AgSbTe2,Slow Cooling,AgSbTe2,0,No,,,,,,500 uW/mK^2,145 uV/K,,,425 K
10.1016/j.nanoen.2022.108118,1-s2.0-S221128552201196X-main.pdf,AgSbTe2,Slow Cooling,AgSbTe2,0,No,,,,,,,150 uV/K,,,475 K
10.1016/j.nanoen.2022.108118,1-s2.0-S221128552201196X-main.pdf,AgSbTe2,Slow Cooling,AgSbTe2,0,No,,,,,,600 uW/mK^2,160 uV/K,,,525 K
10.1016/j.nanoen.2022.108118,1-s2.0-S221128552201196X-main.pdf,AgSbTe2,Slow Cooling,AgSbTe2,0,No,,,,,,,165 uV/K,,,575 K
10.1016/j.nanoen.2022.108118,1-s2.0-S221128552201196X-main.pdf,AgSbTe2,Slow Cooling,AgSbTe2,0,No,,,,,,650 uW/mK^2,175 uV/K,,,625 K
10.1016/j.nanoen.2022.108118,1-s2.0-S221128552201196X-main.pdf,AgSbTe2,fast-cooled,AgSbTe2,0,No,,,,,,not explicitly provided not explicitly provided,not explicitly provided not explicitly provided,not explicitly provided not explicitly provided,,not reported
10.1016/j.nanoen.2022.108118,1-s2.0-S221128552201196X-main.pdf,AgSbTe2,quenched,AgSbTe2,0,No,,,,,,,,,1.15 dimensionless,623 K
10.1016/j.nanoen.2022.108118,1-s2.0-S221128552201196X-main.pdf,AgSbTe2,quenched,AgSbTe2,0,No,,,,,,not explicitly provided not explicitly provided,not explicitly provided not explicitly provided,not explicitly provided not explicitly provided,,not reported
10.1016/j.nanoen.2022.108118,1-s2.0-S221128552201196X-main.pdf,AgSbTe2,slow-cooled,AgSbTe2,0,No,,,,,,not explicitly provided not explicitly provided,not explicitly provided not explicitly provided,not explicitly provided not explicitly provided,,not reported
10.1016/j.jmat.2016.05.001,1-s2.0-S2352847816300041-main.pdf,SnCd0.05Te-x%AgSbSe2,SnCd0.05Te,SnCd0.05Te,1,No,Cd,0.05,unclear,,Cd (0.05) @ unclear site,4 uW/cm*K^2,45 uV/K,2800 S/cm,0.08 dimensionless,300 K
10.1016/j.jmat.2016.05.001,1-s2.0-S2352847816300041-main.pdf,SnCd0.05Te-x%AgSbSe2,SnCd0.05Te,SnCd0.05Te,1,No,Cd,5%,unclear,,Cd (5%) @ unclear site,21 mW/cm K2,,,,700 K
10.1016/j.jmat.2016.05.001,1-s2.0-S2352847816300041-main.pdf,SnCd0.05Te-x%AgSbSe2,SnCd0.05Te,SnCd0.05Te,1,No,Cd,0.05,unclear,,Cd (0.05) @ unclear site,,,,0.92 dimensionless,820 K
10.1016/j.jmat.2016.05.001,1-s2.0-S2352847816300041-main.pdf,SnCd0.05Te-x%AgSbSe2,SnCd0.05Te + 3% AgSbSe2,SnCd0.05Te-0.03AgSbSe2,2,Yes,Cd,5%,unclear,AgSbSe2 (3%) @ multiple sites,Cd (5%) @ unclear site; AgSbSe2 (3%) @ multiple sites site,,,,0.92 dimensionless,820 K
10.1016/j.jmat.2016.05.001,1-s2.0-S2352847816300041-main.pdf,SnCd0.05Te-x%AgSbSe2,SnCd0.05Te-12%AgSbSe2,SnCd0.05Te-12%AgSbSe2,2,Yes,Cd,0.05,unclear,AgSbSe2 (12%) @ unclear,Cd (0.05) @ unclear site; AgSbSe2 (12%) @ unclear site,,,,0.05 dimensionless,300 K
10.1016/j.jmat.2016.05.001,1-s2.0-S2352847816300041-main.pdf,SnCd0.05Te-x%AgSbSe2,SnCd0.05Te-12%AgSbSe2,SnCd0.05Te-12%AgSbSe2,2,Yes,Cd,0.05,unclear,AgSbSe2 (12%) @ unclear,Cd (0.05) @ unclear site; AgSbSe2 (12%) @ unclear site,,,,0.72 dimensionless,820 K
10.1016/j.jmat.2016.05.001,1-s2.0-S2352847816300041-main.pdf,SnCd0.05Te-x%AgSbSe2,SnCd0.05Te-15%AgSbSe2,SnCd0.05Te-15%AgSbSe2,2,Yes,Cd,0.05,unclear,AgSbSe2 (15%) @ unclear,Cd (0.05) @ unclear site; AgSbSe2 (15%) @ unclear site,,,,0.04 dimensionless,300 K
10.1016/j.jmat.2016.05.001,1-s2.0-S2352847816300041-main.pdf,SnCd0.05Te-x%AgSbSe2,SnCd0.05Te-15%AgSbSe2,SnCd0.05Te-15%AgSbSe2,2,Yes,Cd,0.05,unclear,AgSbSe2 (15%) @ unclear,Cd (0.05) @ unclear site; AgSbSe2 (15%) @ unclear site,,,,0.68 dimensionless,820 K
10.1016/j.jmat.2016.05.001,1-s2.0-S2352847816300041-main.pdf,SnCd0.05Te-x%AgSbSe2,SnCd0.05Te-3%AgSbSe2,SnCd0.05Te-3%AgSbSe2,2,Yes,Cd,0.05,unclear,AgSbSe2 (3%) @ unclear,Cd (0.05) @ unclear site; AgSbSe2 (3%) @ unclear site,5 uW/cm*K^2,50 uV/K,2700 S/cm,0.09 dimensionless,300 K
10.1016/j.jmat.2016.05.001,1-s2.0-S2352847816300041-main.pdf,SnCd0.05Te-x%AgSbSe2,SnCd0.05Te-3%AgSbSe2,SnCd0.05Te-3%AgSbSe2,2,Yes,Cd,0.05,unclear,AgSbSe2 (3%) @ unclear,Cd (0.05) @ unclear site; AgSbSe2 (3%) @ unclear site,,,,0.93 dimensionless,820 K
10.1016/j.jmat.2016.05.001,1-s2.0-S2352847816300041-main.pdf,SnCd0.05Te-x%AgSbSe2,SnCd0.05Te-6%AgSbSe2,SnCd0.05Te-6%AgSbSe2,2,Yes,Cd,0.05,unclear,AgSbSe2 (6%) @ unclear,Cd (0.05) @ unclear site; AgSbSe2 (6%) @ unclear site,,,,0.07 dimensionless,300 K
10.1016/j.jmat.2016.05.001,1-s2.0-S2352847816300041-main.pdf,SnCd0.05Te-x%AgSbSe2,SnCd0.05Te-6%AgSbSe2,SnCd0.05Te-6%AgSbSe2,2,Yes,Cd,0.05,unclear,AgSbSe2 (6%) @ unclear,Cd (0.05) @ unclear site; AgSbSe2 (6%) @ unclear site,,,,0.82 dimensionless,820 K
10.1016/j.jmat.2016.05.001,1-s2.0-S2352847816300041-main.pdf,SnCd0.05Te-x%AgSbSe2,SnCd0.05Te-9%AgSbSe2,SnCd0.05Te-9%AgSbSe2,2,Yes,Cd,0.05,unclear,AgSbSe2 (9%) @ unclear,Cd (0.05) @ unclear site; AgSbSe2 (9%) @ unclear site,,,,0.06 dimensionless,300 K
10.1016/j.jmat.2016.05.001,1-s2.0-S2352847816300041-main.pdf,SnCd0.05Te-x%AgSbSe2,SnCd0.05Te-9%AgSbSe2,SnCd0.05Te-9%AgSbSe2,2,Yes,Cd,0.05,unclear,AgSbSe2 (9%) @ unclear,Cd (0.05) @ unclear site; AgSbSe2 (9%) @ unclear site,,,,0.78 dimensionless,820 K
10.1016/j.jmat.2022.07.005,1-s2.0-S235284782200096X-main.pdf,AgSbTe2,Ag0.9Sb1.1Te2.1,Ag0.9Sb1.1Te2.1,1,No,Ag-deficiency,x=0.9,Ag,,Ag-deficiency (x=0.9) @ Ag site,,,,0.5 dimensionless,300 K
10.1016/j.jmat.2022.07.005,1-s2.0-S235284782200096X-main.pdf,AgSbTe2,Ag0.9Sb1.1Te2.1,Ag0.9Sb1.1Te2.1,3,Yes,Ag,0.9,Ag,Sb (1.1) @ Sb; Te (2.1) @ Te,Ag (0.9) @ Ag site; Sb (1.1) @ Sb site; Te (2.1) @ Te site,2 uW/cm*K^2,100 uV/K,2.5 10^4 S/m,,300 K
10.1016/j.jmat.2022.07.005,1-s2.0-S235284782200096X-main.pdf,AgSbTe2,Ag0.9Sb1.1Te2.1,Ag0.9Sb1.1Te2.1,1,No,Ag-deficiency,x=0.9,Ag,,Ag-deficiency (x=0.9) @ Ag site,,,,1.1 dimensionless,475 K
10.1016/j.jmat.2022.07.005,1-s2.0-S235284782200096X-main.pdf,AgSbTe2,Ag0.9Sb1.1Te2.1,Ag0.9Sb1.1Te2.1,3,Yes,Ag,0.9,Ag,Sb (1.1) @ Sb; Te (2.1) @ Te,Ag (0.9) @ Ag site; Sb (1.1) @ Sb site; Te (2.1) @ Te site,12 uW/cm*K^2,250 uV/K,2.0 10^4 S/m,,500 K
10.1016/j.jmat.2022.07.005,1-s2.0-S235284782200096X-main.pdf,AgSbTe2,Ag0.9Sb1.1Te2.1,Ag0.9Sb1.1Te2.1,1,No,Ag-deficiency,x=0.9,Ag,,Ag-deficiency (x=0.9) @ Ag site,,,,0.84 dimensionless,300-473 K
10.1016/j.jmat.2022.07.005,1-s2.0-S235284782200096X-main.pdf,AgSbTe2,AgSb2-xTe3-x (x=0.7),Ag0.7Sb1.3Te2.3,0,No,,,,,,,80 uV K^-1,10.0 10^4 S m^-1,0.15 dimensionless,300 K
10.1016/j.jmat.2022.07.005,1-s2.0-S235284782200096X-main.pdf,AgSbTe2,AgSb2-xTe3-x (x=0.8),Ag0.8Sb1.2Te2.2,0,No,,,,,,,130 uV K^-1,6.0 10^4 S m^-1,0.3 dimensionless,300 K
10.1016/j.jmat.2022.07.005,1-s2.0-S235284782200096X-main.pdf,AgSbTe2,AgSb2-xTe3-x (x=0.9),Ag0.9Sb1.1Te2.1,0,No,,,,,,,200 uV K^-1,2.0 10^4 S m^-1,0.6 dimensionless,300 K
10.1016/j.jmat.2022.07.005,1-s2.0-S235284782200096X-main.pdf,AgSbTe2,AgSb2-xTe3-x (x=1.0),AgSbTe2,0,No,,,,,,,250 uV K^-1,0.5 10^4 S m^-1,0.5 dimensionless,300 K
10.1016/j.mtphys.2020.100298,1-s2.0-S254252932030122X-main.pdf,Sn1-2x(AgSb)xSe1-2xTe2x,Sn1-2x(AgSb)xSe1-2xTe2x (x=0.0),SnSe,0,No,,,,,,,,,0.1 dimensionless,300 K
10.1016/j.mtphys.2020.100298,1-s2.0-S254252932030122X-main.pdf,Sn1-2x(AgSb)xSe1-2xTe2x,Sn1-2x(AgSb)xSe1-2xTe2x (x=0.0),SnSe,0,No,,,,,,,,,0.2 dimensionless,600 K
10.1016/j.mtphys.2020.100298,1-s2.0-S254252932030122X-main.pdf,Sn1-2x(AgSb)xSe1-2xTe2x,Sn1-2x(AgSb)xSe1-2xTe2x (x=0.0),SnSe,0,No,,,,,,,,,0.3 dimensionless,800 K
10.1016/j.mtphys.2020.100298,1-s2.0-S254252932030122X-main.pdf,Sn1-2x(AgSb)xSe1-2xTe2x,Sn1-2x(AgSb)xSe1-2xTe2x (x=0.15),Sn0.7(AgSb)0.15Se0.7Te0.3,0,No,,,,,,,,,0.2 dimensionless,300 K
10.1016/j.mtphys.2020.100298,1-s2.0-S254252932030122X-main.pdf,Sn1-2x(AgSb)xSe1-2xTe2x,Sn1-2x(AgSb)xSe1-2xTe2x (x=0.15),Sn0.7(AgSb)0.15Se0.7Te0.3,0,No,,,,,,,,,0.6 dimensionless,600 K
10.1016/j.mtphys.2020.100298,1-s2.0-S254252932030122X-main.pdf,Sn1-2x(AgSb)xSe1-2xTe2x,Sn1-2x(AgSb)xSe1-2xTe2x (x=0.15),Sn0.7(AgSb)0.15Se0.7Te0.3,0,No,,,,,,,,,0.8 dimensionless,800 K
10.1016/j.mtphys.2020.100298,1-s2.0-S254252932030122X-main.pdf,Sn1-2x(AgSb)xSe1-2xTe2x,Sn1-2x(AgSb)xSe1-2xTe2x (x=0.2),Sn0.6(AgSb)0.2Se0.6Te0.4,0,No,,,,,,,,,0.3 dimensionless,300 K
10.1016/j.mtphys.2020.100298,1-s2.0-S254252932030122X-main.pdf,Sn1-2x(AgSb)xSe1-2xTe2x,Sn1-2x(AgSb)xSe1-2xTe2x (x=0.2),Sn0.6(AgSb)0.2Se0.6Te0.4,0,No,,,,,,,,,0.7 dimensionless,600 K
10.1016/j.mtphys.2020.100298,1-s2.0-S254252932030122X-main.pdf,Sn1-2x(AgSb)xSe1-2xTe2x,Sn1-2x(AgSb)xSe1-2xTe2x (x=0.2),Sn0.6(AgSb)0.2Se0.6Te0.4,0,No,,,,,,,,,0.9 dimensionless,800 K
10.1016/j.mtphys.2020.100298,1-s2.0-S254252932030122X-main.pdf,Sn1-2x(AgSb)xSe1-2xTe2x,Sn1-2x(AgSb)xSe1-2xTe2x (x=0.25),Sn0.5(AgSb)0.25Se0.5Te0.5,0,No,,,,,,,,,0.4 dimensionless,300 K
10.1016/j.mtphys.2020.100298,1-s2.0-S254252932030122X-main.pdf,Sn1-2x(AgSb)xSe1-2xTe2x,Sn1-2x(AgSb)xSe1-2xTe2x (x=0.25),Sn0.5(AgSb)0.25Se0.5Te0.5,0,No,,,,,,,,,0.8 dimensionless,600 K
10.1016/j.mtphys.2020.100298,1-s2.0-S254252932030122X-main.pdf,Sn1-2x(AgSb)xSe1-2xTe2x,Sn1-2x(AgSb)xSe1-2xTe2x (x=0.25),Sn0.5(AgSb)0.25Se0.5Te0.5,0,No,,,,,,,,,1.0 dimensionless,800 K
10.1016/j.mtphys.2020.100298,1-s2.0-S254252932030122X-main.pdf,Sn1-2x(AgSb)xSe1-2xTe2x,Sn1-2x(AgSb)xSe1-2xTe2x (x=0.3),Sn0.4(AgSb)0.3Se0.4Te0.6,0,No,,,,,,,,,0.3 dimensionless,300 K
10.1016/j.mtphys.2020.100298,1-s2.0-S254252932030122X-main.pdf,Sn1-2x(AgSb)xSe1-2xTe2x,Sn1-2x(AgSb)xSe1-2xTe2x (x=0.3),Sn0.4(AgSb)0.3Se0.4Te0.6,0,No,,,,,,,,,0.7 dimensionless,600 K
10.1016/j.mtphys.2020.100298,1-s2.0-S254252932030122X-main.pdf,Sn1-2x(AgSb)xSe1-2xTe2x,Sn1-2x(AgSb)xSe1-2xTe2x (x=0.3),Sn0.4(AgSb)0.3Se0.4Te0.6,0,No,,,,,,,,,0.8 dimensionless,800 K
10.1016/j.mtphys.2020.100298,1-s2.0-S254252932030122X-main.pdf,Sn1-2x(AgSb)xSe1-2xTe2x,x=0.15,Sn0.7Ag0.15Sb0.15Se0.7Te0.3,3,Yes,Ag,x=0.15,Ag,Sb (x=0.15) @ Sb; Te (2x=0.30) @ Te,Ag (x=0.15) @ Ag site; Sb (x=0.15) @ Sb site; Te (2x=0.30) @ Te site,,72 mV K-1,,,300 K
10.1016/j.mtphys.2020.100298,1-s2.0-S254252932030122X-main.pdf,Sn1-2x(AgSb)xSe1-2xTe2x,x=0.15,Sn0.7Ag0.15Sb0.15Se0.7Te0.3,3,Yes,Ag,0.15,multiple sites,Sb (0.15) @ multiple sites; Te (0.3) @ multiple sites,Ag (0.15) @ multiple sites site; Sb (0.15) @ multiple sites site; Te (0.3) @ multiple sites site,,72 uV K-1,,,300 K
10.1016/j.mtphys.2020.100298,1-s2.0-S254252932030122X-main.pdf,Sn1-2x(AgSb)xSe1-2xTe2x,x=0.15,Sn0.7Ag0.15Sb0.15Se0.7Te0.3,3,Yes,Ag,x=0.15,Ag,Sb (x=0.15) @ Sb; Te (2x=0.30) @ Te,Ag (x=0.15) @ Ag site; Sb (x=0.15) @ Sb site; Te (2x=0.30) @ Te site,,137 mV K-1,,,790 K
10.1016/j.mtphys.2020.100298,1-s2.0-S254252932030122X-main.pdf,Sn1-2x(AgSb)xSe1-2xTe2x,x=0.15,Sn0.7Ag0.15Sb0.15Se0.7Te0.3,3,Yes,Ag,0.15,multiple sites,Sb (0.15) @ multiple sites; Te (0.3) @ multiple sites,Ag (0.15) @ multiple sites site; Sb (0.15) @ multiple sites site; Te (0.3) @ multiple sites site,,136 uV K-1,,,790 K
10.1016/j.mtphys.2020.100298,1-s2.0-S254252932030122X-main.pdf,Sn1-2x(AgSb)xSe1-2xTe2x,x=0.15,Sn0.7Ag0.15Sb0.15Se0.7Te0.3,3,Yes,Ag,x=0.15,Ag,Sb (x=0.15) @ Sb; Te (2x=0.30) @ Te,Ag (x=0.15) @ Ag site; Sb (x=0.15) @ Sb site; Te (2x=0.30) @ Te site,,136 mV K-1,,,820 K
10.1016/j.mtphys.2020.100298,1-s2.0-S254252932030122X-main.pdf,Sn1-2x(AgSb)xSe1-2xTe2x,x=0.25,Sn0.5Ag0.25Sb0.25Se0.5Te0.5,3,Yes,Ag,x=0.25,Ag,Sb (x=0.25) @ Sb; Te (2x=0.50) @ Te,Ag (x=0.25) @ Ag site; Sb (x=0.25) @ Sb site; Te (2x=0.50) @ Te site,5.2 mW cm-1 K-2,,,,300 K
10.1016/j.mtphys.2020.100298,1-s2.0-S254252932030122X-main.pdf,Sn1-2x(AgSb)xSe1-2xTe2x,x=0.25,Sn0.5Ag0.25Sb0.25Se0.5Te0.5,3,Yes,Ag,x=0.25,Ag,Sb (x=0.25) @ Sb; Te (2x=0.50) @ Te,Ag (x=0.25) @ Ag site; Sb (x=0.25) @ Sb site; Te (2x=0.50) @ Te site,11.3 mW cm-1 K-2,,,1.00 dimensionless,820 K
10.1016/j.mtphys.2020.100298,1-s2.0-S254252932030122X-main.pdf,Sn1-2x(AgSb)xSe1-2xTe2x,x=0.25,Sn0.5Ag0.25Sb0.25Se0.5Te0.5,3,Yes,Ag,0.25,multiple sites,Sb (0.25) @ multiple sites; Te (0.5) @ multiple sites,Ag (0.25) @ multiple sites site; Sb (0.25) @ multiple sites site; Te (0.5) @ multiple sites site,11.3 uW cm-1 K-2,,,1.00 dimensionless,820 K
10.1016/j.mtphys.2020.100298,1-s2.0-S254252932030122X-main.pdf,Sn1-2x(AgSb)xSe1-2xTe2x,x=0.25,Sn0.5Ag0.25Sb0.25Se0.5Te0.5,3,Yes,Ag,x=0.25,Ag,Sb (x=0.25) @ Sb; Te (2x=0.50) @ Te,Ag (x=0.25) @ Ag site; Sb (x=0.25) @ Sb site; Te (2x=0.50) @ Te site,,,,0.70 dimensionless,300-820 K
10.1016/j.mtphys.2025.101692,1-s2.0-S2542529325000483-main.pdf,AgSbTe2,(AgSb0.98Cd0.02Te2)0.9(Bi2Te3)0.1,(AgSb0.98Cd0.02Te2)0.9(Bi2Te3)0.1,1,No,Cd,0.02,Sb,,Cd (0.02) @ Sb site,,,,0.93 dimensionless,450 K
10.1016/j.mtphys.2025.101692,1-s2.0-S2542529325000483-main.pdf,AgSbTe2,"(AgSb1-yCdyTe2)0.9(Bi2Te3)0.1, y=0.00",(AgSbTe2)0.9(Bi2Te3)0.1,2,Yes,Bi,0.1,multiple sites,Cd (y=0.00) @ Sb,Bi (0.1) @ multiple sites site; Cd (y=0.00) @ Sb site,3.5 uW*cm^-1*K^-2,220 uV/K,25 mOhm*cm,0.3 dimensionless,300 K
10.1016/j.mtphys.2025.101692,1-s2.0-S2542529325000483-main.pdf,AgSbTe2,"(AgSb1-yCdyTe2)0.9(Bi2Te3)0.1, y=0.00",(AgSbTe2)0.9(Bi2Te3)0.1,2,Yes,Bi,0.1,multiple sites,Cd (y=0.00) @ Sb,Bi (0.1) @ multiple sites site; Cd (y=0.00) @ Sb site,6.5 uW*cm^-1*K^-2,300 uV/K,26 mOhm*cm,0.6 dimensionless,450 K
10.1016/j.mtphys.2025.101692,1-s2.0-S2542529325000483-main.pdf,AgSbTe2,"(AgSb1-yCdyTe2)0.9(Bi2Te3)0.1, y=0.02",(AgSb0.98Cd0.02Te2)0.9(Bi2Te3)0.1,2,Yes,Bi,0.1,multiple sites,Cd (y=0.02) @ Sb,Bi (0.1) @ multiple sites site; Cd (y=0.02) @ Sb site,4.5 uW*cm^-1*K^-2,210 uV/K,18 mOhm*cm,0.4 dimensionless,300 K
10.1016/j.mtphys.2025.101692,1-s2.0-S2542529325000483-main.pdf,AgSbTe2,"(AgSb1-yCdyTe2)0.9(Bi2Te3)0.1, y=0.02",(AgSb0.98Cd0.02Te2)0.9(Bi2Te3)0.1,2,Yes,Bi,0.1,multiple sites,Cd (y=0.02) @ Sb,Bi (0.1) @ multiple sites site; Cd (y=0.02) @ Sb site,8.5 uW*cm^-1*K^-2,270 uV/K,22 mOhm*cm,0.9 dimensionless,450 K
10.1016/j.tramat.2025.100125,1-s2.0-S305091492500127X-main.pdf,AgSbTe2,(Ag0.9Sb1.1)0.9Pb0.2Te2.0Se0.1,(Ag0.9Sb1.1)0.9Pb0.2Te2.0Se0.1,2,Yes,Pb,0.2,Ag,Se (0.1) @ Te,Pb (0.2) @ Ag site; Se (0.1) @ Te site,,,,1.5 dimensionless,600 K
10.1016/j.tramat.2025.100125,1-s2.0-S305091492500127X-main.pdf,AgSbTe2,Ag0.9Sb1.1-0.9Pb0.1Te2.1,Ag0.9Sb1.1-0.9Pb0.1Te2.1,1,No,Pb,0.1,Sb,,Pb (0.1) @ Sb site,,,,0.4 dimensionless,300 K
10.1016/j.tramat.2025.100125,1-s2.0-S305091492500127X-main.pdf,AgSbTe2,Ag0.9Sb1.1-0.9Pb0.1Te2.1,Ag0.9Sb1.1-0.9Pb0.1Te2.1,1,No,Pb,0.1,Sb,,Pb (0.1) @ Sb site,,,,0.8 dimensionless,400 K
10.1016/j.tramat.2025.100125,1-s2.0-S305091492500127X-main.pdf,AgSbTe2,Ag0.9Sb1.1-0.9Pb0.1Te2.1,Ag0.9Sb1.1-0.9Pb0.1Te2.1,1,No,Pb,0.1,Sb,,Pb (0.1) @ Sb site,,,,1.2 dimensionless,500 K
10.1016/j.tramat.2025.100125,1-s2.0-S305091492500127X-main.pdf,AgSbTe2,Ag0.9Sb1.1-0.9Pb0.1Te2.1,Ag0.9Sb1.1-0.9Pb0.1Te2.1,1,No,Pb,0.1,Sb,,Pb (0.1) @ Sb site,,,,1.5 dimensionless,600 K
10.1016/j.tramat.2025.100125,1-s2.0-S305091492500127X-main.pdf,AgSbTe2,Ag0.9Sb1.1-0.9Pb0.2Te2.0Se0.1,Ag0.9Sb1.1-0.9Pb0.2Te2.0Se0.1,2,Yes,Pb,0.2,Sb,Se (0.1) @ Te,Pb (0.2) @ Sb site; Se (0.1) @ Te site,,,,0.5 dimensionless,300 K
10.1016/j.tramat.2025.100125,1-s2.0-S305091492500127X-main.pdf,AgSbTe2,Ag0.9Sb1.1-0.9Pb0.2Te2.0Se0.1,Ag0.9Sb1.1-0.9Pb0.2Te2.0Se0.1,2,Yes,Pb,0.2,Sb,Se (0.1) @ Te,Pb (0.2) @ Sb site; Se (0.1) @ Te site,,,,0.9 dimensionless,400 K
10.1016/j.tramat.2025.100125,1-s2.0-S305091492500127X-main.pdf,AgSbTe2,Ag0.9Sb1.1-0.9Pb0.2Te2.0Se0.1,Ag0.9Sb1.1-0.9Pb0.2Te2.0Se0.1,2,Yes,Pb,0.2,Sb,Se (0.1) @ Te,Pb (0.2) @ Sb site; Se (0.1) @ Te site,,,,1.2 dimensionless,500 K
10.1016/j.tramat.2025.100125,1-s2.0-S305091492500127X-main.pdf,AgSbTe2,Ag0.9Sb1.1-0.9Pb0.2Te2.0Se0.1,Ag0.9Sb1.1-0.9Pb0.2Te2.0Se0.1,2,Yes,Pb,0.2,Sb,Se (0.1) @ Te,Pb (0.2) @ Sb site; Se (0.1) @ Te site,,,,1.5 dimensionless,600 K
10.1016/j.tramat.2025.100125,1-s2.0-S305091492500127X-main.pdf,AgSbTe2,Ag0.9Sb1.1-0.9Pb0.2Te2.1,Ag0.9Sb1.1-0.9Pb0.2Te2.1,1,No,Pb,0.2,Sb,,Pb (0.2) @ Sb site,,,,0.4 dimensionless,300 K
10.1016/j.tramat.2025.100125,1-s2.0-S305091492500127X-main.pdf,AgSbTe2,Ag0.9Sb1.1-0.9Pb0.2Te2.1,Ag0.9Sb1.1-0.9Pb0.2Te2.1,1,No,Pb,0.2,Sb,,Pb (0.2) @ Sb site,,,,0.8 dimensionless,400 K
10.1016/j.tramat.2025.100125,1-s2.0-S305091492500127X-main.pdf,AgSbTe2,Ag0.9Sb1.1-0.9Pb0.2Te2.1,Ag0.9Sb1.1-0.9Pb0.2Te2.1,1,No,Pb,0.2,Sb,,Pb (0.2) @ Sb site,,,,1.1 dimensionless,500 K
10.1016/j.tramat.2025.100125,1-s2.0-S305091492500127X-main.pdf,AgSbTe2,Ag0.9Sb1.1-0.9Pb0.2Te2.1,Ag0.9Sb1.1-0.9Pb0.2Te2.1,1,No,Pb,0.2,Sb,,Pb (0.2) @ Sb site,,,,1.4 dimensionless,600 K
10.1016/j.tramat.2025.100125,1-s2.0-S305091492500127X-main.pdf,AgSbTe2,Ag0.9Sb1.1Pb0.2Te2.0Se0.1,Ag0.9Sb1.1Pb0.2Te2.0Se0.1,2,Yes,Pb,0.2,Ag,Se (0.1) @ Te,Pb (0.2) @ Ag site; Se (0.1) @ Te site,,,,0.2 dimensionless,300 K
10.1016/j.tramat.2025.100125,1-s2.0-S305091492500127X-main.pdf,AgSbTe2,Ag0.9Sb1.1Pb0.2Te2.0Se0.1,Ag0.9Sb1.1Pb0.2Te2.0Se0.1,2,Yes,Pb,0.2,Ag,Se (0.1) @ Te,Pb (0.2) @ Ag site; Se (0.1) @ Te site,,,,0.6 dimensionless,400 K
10.1016/j.tramat.2025.100125,1-s2.0-S305091492500127X-main.pdf,AgSbTe2,Ag0.9Sb1.1Pb0.2Te2.0Se0.1,Ag0.9Sb1.1Pb0.2Te2.0Se0.1,2,Yes,Pb,0.2,Ag,Se (0.1) @ Te,Pb (0.2) @ Ag site; Se (0.1) @ Te site,,,,1.1 dimensionless,500 K
10.1016/j.tramat.2025.100125,1-s2.0-S305091492500127X-main.pdf,AgSbTe2,Ag0.9Sb1.1Pb0.2Te2.0Se0.1,Ag0.9Sb1.1Pb0.2Te2.0Se0.1,2,Yes,Pb,0.2,Ag,Se (0.1) @ Te,Pb (0.2) @ Ag site; Se (0.1) @ Te site,,,,1.5 dimensionless,600 K
10.1016/j.tramat.2025.100125,1-s2.0-S305091492500127X-main.pdf,AgSbTe2,Ag0.9Sb1.1Te2.1,Ag0.9Sb1.1Te2.1,0,No,,,,,,,,,0.1 dimensionless | 0.4 dimensionless,300 K
10.1016/j.tramat.2025.100125,1-s2.0-S305091492500127X-main.pdf,AgSbTe2,Ag0.9Sb1.1Te2.1,Ag0.9Sb1.1Te2.1,0,No,,,,,,,,,0.4 dimensionless | 0.7 dimensionless,400 K
10.1016/j.tramat.2025.100125,1-s2.0-S305091492500127X-main.pdf,AgSbTe2,Ag0.9Sb1.1Te2.1,Ag0.9Sb1.1Te2.1,0,No,,,,,,,,,0.7 dimensionless | 1.0 dimensionless,500 K
10.1016/j.tramat.2025.100125,1-s2.0-S305091492500127X-main.pdf,AgSbTe2,Ag0.9Sb1.1Te2.1,Ag0.9Sb1.1Te2.1,0,No,,,,,,,,,1.5 dimensionless,600 K
10.1063/1.3029774,202106_1_online.pdf,AgSbTe2,AST4456,Ag0.83Sb1.06Te2,0,No,,,,,,,,,0.95 dimensionless,423 K
10.1063/1.3029774,202106_1_online.pdf,AgSbTe2,AST4654,Ag0.88Sb1.04Te2,0,No,,,,,,,,,0.82 dimensionless,673 K
10.1063/1.3029774,202106_1_online.pdf,AgSbTe2,AST5050,AgSbTe2,0,No,,,,,,,264 micro-V/K,100 micro-ohm m,,300 K
10.1063/1.3029774,202106_1_online.pdf,AgSbTe2,AST5050,AgSbTe2,0,No,,,,,,,281 micro-V/K,,,423 K
10.1063/1.3029774,202106_1_online.pdf,AgSbTe2,AST5050,AgSbTe2,0,No,,,,,,,,79 micro-ohm m,,473 K
10.1063/1.3029774,202106_1_online.pdf,AgSbTe2,AST5050,AgSbTe2,0,No,,,,,,,260 micro-V/K,67 micro-ohm m,1.59 dimensionless,673 K
10.1063/1.3029774,202106_1_online.pdf,AgSbTe2,Ag0.83Sb1.06Te2,Ag0.83Sb1.06Te2,0,No,,,,,,,,,0.95 dimensionless,423 K
10.1063/1.3029774,202106_1_online.pdf,AgSbTe2,Ag0.83Sb1.06Te2,Ag0.83Sb1.06Te2,0,No,,,,,,,200-220 uV/K,,,not reported
10.1063/1.3029774,202106_1_online.pdf,AgSbTe2,Ag0.83Sb1.06Te2,Ag0.83Sb1.06Te2,0,No,,,,,,,140-180 uV/K,,,500-650 K
10.1063/1.3029774,202106_1_online.pdf,AgSbTe2,Ag0.88Sb1.04Te2,Ag0.88Sb1.04Te2,0,No,,,,,,,,,0.82 dimensionless,423 K
10.1063/1.3029774,202106_1_online.pdf,AgSbTe2,Ag0.88Sb1.04Te2,Ag0.88Sb1.04Te2,0,No,,,,,,,200-220 uV/K,,,not reported
10.1063/1.3029774,202106_1_online.pdf,AgSbTe2,Ag0.88Sb1.04Te2,Ag0.88Sb1.04Te2,0,No,,,,,,,140-180 uV/K,,,500-650 K
10.1063/1.3029774,202106_1_online.pdf,AgSbTe2,Ag0.94Sb1.02Te2,Ag0.94Sb1.02Te2,0,No,,,,,,,200-220 uV/K,,,not reported
10.1063/1.3029774,202106_1_online.pdf,AgSbTe2,Ag0.94Sb1.02Te2,Ag0.94Sb1.02Te2,0,No,,,,,,,140-180 uV/K,,,500-650 K
10.1063/1.3029774,202106_1_online.pdf,AgSbTe2,AgSbTe2,AgSbTe2,0,No,,,,,,,281 uV/K,,,423 K
10.1063/1.3029774,202106_1_online.pdf,AgSbTe2,AgSbTe2,AgSbTe2,0,No,,,,,,,260 uV/K,,1.59 dimensionless,673 K
10.1063/1.3029774,202106_1_online.pdf,AgSbTe2,AgSbTe2,AgSbTe2,0,No,,,,,,,260 uV/K,1.1*10^-4 ohm*m,,not reported
10.1063/1.3029774,202106_1_online.pdf,AgSbTe2,AgSbTe2,AgSbTe2,0,No,,,,,,,264 uV/K,,,room temperature
,2305.19217v1.pdf,Sb2Te3,AST1,Sb2Te3-Ag0.9,1,No,Ag,0.9 atomic %,Sb,,Ag (0.9 atomic %) @ Sb site,2.00 mW m^-1 K^-2,120.59 uV/K,1378.69 S/cm,,not reported
,2305.19217v1.pdf,Sb2Te3,AST2,Sb2Te3-Ag1.7,1,No,Ag,1.7 atomic %,Sb,,Ag (1.7 atomic %) @ Sb site,1.97 mW m^-1 K^-2,101.02 uV/K,1932.79 S/cm,,not reported
,2305.19217v1.pdf,Sb2Te3,AST3,Sb2Te3-AgSbTe2 (x=5.90),1,No,Ag,5.90 atomic percentage,multiple sites,,Ag (5.90 atomic percentage) @ multiple sites site,,,,2.26 dimensionless,375 K
,2305.19217v1.pdf,Sb2Te3,AST3,Sb2Te3-Ag5.9,1,No,Ag,5.9 atomic %,Sb,,Ag (5.9 atomic %) @ Sb site,2.06 mW m^-1 K^-2,291.65 uV/K,242.97 S/cm,,not reported
,2305.19217v1.pdf,Sb2Te3,AST4,Sb2Te3-AgSbTe2 (x=7.00),1,No,Ag,7.00 atomic percentage,multiple sites,,Ag (7.00 atomic percentage) @ multiple sites site,,,,1.85 dimensionless,375 K
,2305.19217v1.pdf,Sb2Te3,AST4,Sb2Te3-AgSbTe2 (x=7.00),1,No,Ag,7.00 atomic percentage,multiple sites,,Ag (7.00 atomic percentage) @ multiple sites site,7.17 mW m-1 K-2,,,,435 K
,2305.19217v1.pdf,Sb2Te3,AST4,Sb2Te3-Ag7.0,1,No,Ag,7.0 atomic %,Sb,,Ag (7.0 atomic %) @ Sb site,1.31 mW m^-1 K^-2,310.80 uV/K,135.77 S/cm,,not reported
,2305.19217v1.pdf,Sb2Te3,ST,Sb2Te3,0,No,,,,,,4.91 mW m-1 K-2,,,,385 K
,2305.19217v1.pdf,Sb2Te3,ST,Sb2Te3,0,No,,,,,,2.96 mW m^-1 K^-2,165.33 uV/K,1083.65 S/cm,,not reported
,28.pdf,AgSbTe2,Undoped AgSbTe2,AgSbTe2,0,No,,,,,,,68 µV·K-1,332 S·cm-1,,room temperature
,28.pdf,AgSbTe2,undoped AgSbTe2,AgSbTe2,0,No,,,,,,,68 uV/K,332 S/cm,,not reported
10.1002/adfm.202404886,Adv Funct Materials - 2024 - Kim - Enhancement of Phase Stability and Thermoelectric Performance of Meta‐Stable AgSbTe2 by.pdf,AgSbTe2,4) Thigh T.C. AgSbTe2,AgSbTe2,0,No,,,,,,,,,1.7 dimensionless,643 K
10.1002/adfm.202404886,Adv Funct Materials - 2024 - Kim - Enhancement of Phase Stability and Thermoelectric Performance of Meta‐Stable AgSbTe2 by.pdf,AgSbTe2,Thigh T. C. AgSbTe2,AgSbTe2,0,No,,,,,,,195 μV K-1,,,300 K
10.1002/adfm.202404886,Adv Funct Materials - 2024 - Kim - Enhancement of Phase Stability and Thermoelectric Performance of Meta‐Stable AgSbTe2 by.pdf,AgSbTe2,Thigh T. C. AgSbTe2,AgSbTe2,0,No,,,,,,,,,1.7 dimensionless,643 K
10.1002/adfm.202404886,Adv Funct Materials - 2024 - Kim - Enhancement of Phase Stability and Thermoelectric Performance of Meta‐Stable AgSbTe2 by.pdf,AgSbTe2,Thigh T.C. AgSbTe2,AgSbTe2,0,No,,,,,,,350 μV K-1,,,500 K
10.1002/adfm.202404886,Adv Funct Materials - 2024 - Kim - Enhancement of Phase Stability and Thermoelectric Performance of Meta‐Stable AgSbTe2 by.pdf,AgSbTe2,Thigh T.C. AgSbTe2,AgSbTe2,0,No,,,,,,1.5 mW/mK2,,,,550 K
10.1002/adfm.202404886,Adv Funct Materials - 2024 - Kim - Enhancement of Phase Stability and Thermoelectric Performance of Meta‐Stable AgSbTe2 by.pdf,AgSbTe2,Tmid T.C. AgSbTe2,AgSbTe2,0,No,,,,,,,300 μV K-1,,,450 K
10.1002/adfm.202404886,Adv Funct Materials - 2024 - Kim - Enhancement of Phase Stability and Thermoelectric Performance of Meta‐Stable AgSbTe2 by.pdf,AgSbTe2,Tmid T.C. AgSbTe2,AgSbTe2,0,No,,,,,,1.2 mW/mK2,,,,500 K
10.1002/adfm.202404886,Adv Funct Materials - 2024 - Kim - Enhancement of Phase Stability and Thermoelectric Performance of Meta‐Stable AgSbTe2 by.pdf,AgSbTe2,initial AgSbTe2,AgSbTe2,0,No,,,,,,,280 μV K-1,101.01 S cm-1,0.35 dimensionless,300 K
10.1002/adfm.202404886,Adv Funct Materials - 2024 - Kim - Enhancement of Phase Stability and Thermoelectric Performance of Meta‐Stable AgSbTe2 by.pdf,AgSbTe2,initial AgSbTe2,AgSbTe2,0,No,,,,,,,,,0.8 dimensionless,643 K
10.1002/adfm.202400679,Adv Funct Materials - 2024 - Zhang - Dual Alloying Enables High Thermoelectric Performance in AgSbTe2 by Manipulating.pdf,AgSbTe2,(AgSbTe2)0.98(AgAlSe2)0.02,(AgSbTe2)0.98(AgAlSe2)0.02,2,Yes,Al,0.02,multiple sites,Se (0.02) @ multiple sites,Al (0.02) @ multiple sites site; Se (0.02) @ multiple sites site,13.5 μW cm-1 K-2,,270 S cm-1,,300 K
10.1002/adfm.202400679,Adv Funct Materials - 2024 - Zhang - Dual Alloying Enables High Thermoelectric Performance in AgSbTe2 by Manipulating.pdf,AgSbTe2,(AgSbTe2)0.98(AgAlSe2)0.02,(AgSbTe2)0.98(AgAlSe2)0.02,2,Yes,Al,x=0.02,unclear,Se (x=0.02) @ unclear,Al (x=0.02) @ unclear site; Se (x=0.02) @ unclear site,,,270 S cm-1,,300 K
10.1002/adfm.202400679,Adv Funct Materials - 2024 - Zhang - Dual Alloying Enables High Thermoelectric Performance in AgSbTe2 by Manipulating.pdf,AgSbTe2,(AgSbTe2)0.98(AgAlSe2)0.02,(AgSbTe2)0.98(AgAlSe2)0.02,2,Yes,Al,0.02,multiple sites,Se (0.02) @ multiple sites,Al (0.02) @ multiple sites site; Se (0.02) @ multiple sites site,,,,0.77 dimensionless,323 K
10.1002/adfm.202400679,Adv Funct Materials - 2024 - Zhang - Dual Alloying Enables High Thermoelectric Performance in AgSbTe2 by Manipulating.pdf,AgSbTe2,(AgSbTe2)0.98(AgAlSe2)0.02,(AgSbTe2)0.98(AgAlSe2)0.02,2,Yes,Al,0.02,multiple sites,Se (0.02) @ multiple sites,Al (0.02) @ multiple sites site; Se (0.02) @ multiple sites site,16 μW cm-1 K-2,,,,523 K
10.1002/adfm.202400679,Adv Funct Materials - 2024 - Zhang - Dual Alloying Enables High Thermoelectric Performance in AgSbTe2 by Manipulating.pdf,AgSbTe2,(AgSbTe2)0.98(AgAlSe2)0.02,(AgSbTe2)0.98(AgAlSe2)0.02,2,Yes,Al,0.02,multiple sites,Se (0.02) @ multiple sites,Al (0.02) @ multiple sites site; Se (0.02) @ multiple sites site,,,,1.90 dimensionless,623 K
10.1002/adfm.202400679,Adv Funct Materials - 2024 - Zhang - Dual Alloying Enables High Thermoelectric Performance in AgSbTe2 by Manipulating.pdf,AgSbTe2,(AgSbTe2)0.98(AgAlSe2)0.02,(AgSbTe2)0.98(AgAlSe2)0.02,2,Yes,Al,x=0.02,unclear,Se (x=0.02) @ unclear,Al (x=0.02) @ unclear site; Se (x=0.02) @ unclear site,,,,1.90 dimensionless,623 K
10.1002/adfm.202400679,Adv Funct Materials - 2024 - Zhang - Dual Alloying Enables High Thermoelectric Performance in AgSbTe2 by Manipulating.pdf,AgSbTe2,AgSbTe2,AgSbTe2,0,No,,,,,,8.7 μW cm-1 K-2,230 μV K-1,158 S cm-1,0.46 dimensionless,300 K
10.1002/adfm.202400679,Adv Funct Materials - 2024 - Zhang - Dual Alloying Enables High Thermoelectric Performance in AgSbTe2 by Manipulating.pdf,AgSbTe2,AgSbTe2,AgSbTe2,0,No,,,,,,,,,0.46 dimensionless,323 K
10.1002/adfm.202400679,Adv Funct Materials - 2024 - Zhang - Dual Alloying Enables High Thermoelectric Performance in AgSbTe2 by Manipulating.pdf,AgSbTe2,x=0.02,(AgSbTe2)0.98(AgAlSe2)0.02,2,Yes,Al,0.02,unclear,Se (0.02) @ unclear,Al (0.02) @ unclear site; Se (0.02) @ unclear site,,,,0.77 dimensionless,300 K
10.1002/adfm.202400679,Adv Funct Materials - 2024 - Zhang - Dual Alloying Enables High Thermoelectric Performance in AgSbTe2 by Manipulating.pdf,AgSbTe2,x=0.02,(AgSbTe2)0.98(AgAlSe2)0.02,2,Yes,Al,0.02,unclear,Se (0.02) @ unclear,Al (0.02) @ unclear site; Se (0.02) @ unclear site,,,,1.9 dimensionless,623 K
10.1002/adfm.202502367,Adv Funct Materials - 2025 - Li - Supercompliant Lattice Boosts n‐type AgSbTe2 Thermoelectrics.pdf,AgSbTe2,Ag0.1Na0.9Sb0.6Bi0.4Te2,Ag0.1Na0.9Sb0.6Bi0.4Te2,2,Yes,Na,0.9,Ag,Bi (0.4) @ Sb,Na (0.9) @ Ag site; Bi (0.4) @ Sb site,,100 uV/K,20 S/cm,0.05 dimensionless,300 K
10.1002/adfm.202502367,Adv Funct Materials - 2025 - Li - Supercompliant Lattice Boosts n‐type AgSbTe2 Thermoelectrics.pdf,AgSbTe2,Ag0.7Na0.4Sb0.6Bi0.4Te2,Ag0.7Na0.4Sb0.6Bi0.4Te2,2,Yes,Na,0.4,Ag,Bi (0.4) @ Sb,Na (0.4) @ Ag site; Bi (0.4) @ Sb site,,-250 uV/K,10 S/cm,0.05 dimensionless,300 K
10.1002/adfm.202502367,Adv Funct Materials - 2025 - Li - Supercompliant Lattice Boosts n‐type AgSbTe2 Thermoelectrics.pdf,AgSbTe2,Ag0.8Na0.2Sb0.6Bi0.4Te2,Ag0.8Na0.2Sb0.6Bi0.4Te2,2,Yes,Na,0.2,Ag,Bi (0.4) @ Sb,Na (0.2) @ Ag site; Bi (0.4) @ Sb site,,50 uV/K,10 S/cm,0.05 dimensionless,300 K
10.1002/adfm.202502367,Adv Funct Materials - 2025 - Li - Supercompliant Lattice Boosts n‐type AgSbTe2 Thermoelectrics.pdf,AgSbTe2,Ag0.8Na0.3Sb0.6Bi0.4Te2,Ag0.8Na0.3Sb0.6Bi0.4Te2,2,Yes,Na,10 at.% (excessive),interstitial,Bi (40 at.%) @ Sb,Na (10 at.% (excessive)) @ interstitial site; Bi (40 at.%) @ Sb site,,,11 S·cm-1,,300 K
10.1002/adfm.202502367,Adv Funct Materials - 2025 - Li - Supercompliant Lattice Boosts n‐type AgSbTe2 Thermoelectrics.pdf,AgSbTe2,Ag0.8Na0.3Sb0.6Bi0.4Te2,Ag0.8Na0.3Sb0.6Bi0.4Te2,2,Yes,Na,0.3,Ag,Bi (0.4) @ Sb,Na (0.3) @ Ag site; Bi (0.4) @ Sb site,,-150 uV/K,10 S/cm,0.05 dimensionless,300 K
10.1002/adfm.202502367,Adv Funct Materials - 2025 - Li - Supercompliant Lattice Boosts n‐type AgSbTe2 Thermoelectrics.pdf,AgSbTe2,Ag0.8Na0.3Sb0.6Bi0.4Te2,Ag0.8Na0.3Sb0.6Bi0.4Te2,2,Yes,Na,10 at.% (excessive),interstitial,Bi (40 at.%) @ Sb,Na (10 at.% (excessive)) @ interstitial site; Bi (40 at.%) @ Sb site,,,76 S·cm-1,0.4 dimensionless,573 K
10.1002/adfm.202502367,Adv Funct Materials - 2025 - Li - Supercompliant Lattice Boosts n‐type AgSbTe2 Thermoelectrics.pdf,AgSbTe2,Ag0.8Na0.3Sb0.6Bi0.4Te2,Ag0.8Na0.3Sb0.6Bi0.4Te2,2,Yes,Na,0.3,interstitial,Bi (0.4) @ Sb,Na (0.3) @ interstitial site; Bi (0.4) @ Sb site,,,,0.4 dimensionless,573 K
10.1002/adfm.202502367,Adv Funct Materials - 2025 - Li - Supercompliant Lattice Boosts n‐type AgSbTe2 Thermoelectrics.pdf,AgSbTe2,Ag0.8Na0.3Sb0.6Bi0.4Te2,Ag0.8Na0.3Sb0.6Bi0.4Te2,2,Yes,Na,10 at.% (excessive),interstitial,Bi (40 at.%) @ Sb,Na (10 at.% (excessive)) @ interstitial site; Bi (40 at.%) @ Sb site,,,,0.45 dimensionless,near-room-temperature
10.1002/adfm.202502367,Adv Funct Materials - 2025 - Li - Supercompliant Lattice Boosts n‐type AgSbTe2 Thermoelectrics.pdf,AgSbTe2,Ag0.8Na0.3Sb0.6Bi0.4Te2,Ag0.8Na0.3Sb0.6Bi0.4Te2,2,Yes,Na,0.3,interstitial,Bi (0.4) @ Sb,Na (0.3) @ interstitial site; Bi (0.4) @ Sb site,,,,0.45 dimensionless,near-room-temperature
10.1002/adfm.202502367,Adv Funct Materials - 2025 - Li - Supercompliant Lattice Boosts n‐type AgSbTe2 Thermoelectrics.pdf,AgSbTe2,n-type Ag0.8Na0.3Sb0.6Bi0.4Te2,Ag0.8Na0.3Sb0.6Bi0.4Te2,2,Yes,Na,0.3,Ag,Bi (0.4) @ Sb,Na (0.3) @ Ag site; Bi (0.4) @ Sb site,,,,0.45 dimensionless,not reported
10.1002/adfm.77083,Adv Funct Materials - 2026 - Abdellaoui - Stacking Fault Complexions in AgSbTe2 Thermoelectrics With Enhanced Electrical.pdf,AgSbTe2,Ag16.7Sb30Te53.3,Ag16.7Sb30Te53.3,3,Yes,Ag,depleted,Ag,Sb (enriched) @ Sb; Te (enriched) @ Te,Ag (depleted) @ Ag site; Sb (enriched) @ Sb site; Te (enriched) @ Te site,,,105.1 S/cm | 87.2 S/cm | 88.4 S/cm,,not reported
10.1002/adfm.77083,Adv Funct Materials - 2026 - Abdellaoui - Stacking Fault Complexions in AgSbTe2 Thermoelectrics With Enhanced Electrical.pdf,AgSbTe2,Ag16.7Sb30Te53.3,Ag16.7Sb30Te53.3,0,No,,,,,,,,88.4 S/cm,,not reported
10.1002/adfm.75160,Adv Funct Materials - 2026 - Zhang - Improving Stability of High‐Performance AgSbTe2 Thermoelectrics by Lattice Regulation.pdf,AgSbTe2,AgSb0.97Pb0.03Te2,AgSb0.97Pb0.03Te2,1,No,Pb,0.03,Sb,,Pb (0.03) @ Sb site,,,,1.7 dimensionless,650 K
10.1002/adfm.75160,Adv Funct Materials - 2026 - Zhang - Improving Stability of High‐Performance AgSbTe2 Thermoelectrics by Lattice Regulation.pdf,AgSbTe2,AgSb1-xPbxTe2 (x=0),AgSbTe2,1,No,Pb,x=0,Sb,,Pb (x=0) @ Sb site,,250 uV/K,5 mOhm*cm,0.5 dimensionless,300 K
10.1002/adfm.75160,Adv Funct Materials - 2026 - Zhang - Improving Stability of High‐Performance AgSbTe2 Thermoelectrics by Lattice Regulation.pdf,AgSbTe2,AgSb1-xPbxTe2 (x=0.03),AgSb0.97Pb0.03Te2,1,No,Pb,x=0.03,Sb,,Pb (x=0.03) @ Sb site,,240 uV/K,6 mOhm*cm,0.6 dimensionless,300 K
10.1002/adfm.75160,Adv Funct Materials - 2026 - Zhang - Improving Stability of High‐Performance AgSbTe2 Thermoelectrics by Lattice Regulation.pdf,AgSbTe2,AgSb1-xPbxTe2 (x=0.03),AgSb0.97Pb0.03Te2,1,No,Pb,x=0.03,Sb,,Pb (x=0.03) @ Sb site,,,,1.7 dimensionless,650 K
10.1002/adfm.75160,Adv Funct Materials - 2026 - Zhang - Improving Stability of High‐Performance AgSbTe2 Thermoelectrics by Lattice Regulation.pdf,AgSbTe2,AgSbTe2,AgSbTe2,0,No,,,,,,,,,1.7 dimensionless,650 K
10.1002/aenm.201100460,Advanced Energy Materials - 2011 - Chen - SnTe AgSbTe2 Thermoelectric Alloys.pdf,Ag0.366Sb0.558Te,(Ag0.366Sb0.558Te)1-x(SnTe)x,(Ag0.366Sb0.558Te)1-x(SnTe)x,1,No,Sn,x,multiple sites,,Sn (x) @ multiple sites site,,,,0.8 dimensionless | 0.9 dimensionless,500 K
10.1002/aenm.201100460,Advanced Energy Materials - 2011 - Chen - SnTe AgSbTe2 Thermoelectric Alloys.pdf,Ag0.366Sb0.558Te,(Ag0.366Sb0.558Te)1-x(SnTe)x,(Ag0.366Sb0.558Te)1-x(SnTe)x,1,No,Sn,x,multiple sites,,Sn (x) @ multiple sites site,,,,0.8 dimensionless | 0.9 dimensionless,> 500 K
10.1002/aenm.201100613,Advanced Energy Materials - 2011 - Han - Lead‐Free Thermoelectrics  High Figure of Merit in p‐type AgSnmSbTem 2.pdf,AgSnmSbTem+2,AgSn4SbTe6,AgSn4SbTe6,2,Yes,Ag,m=4,unclear,Sb (m=4) @ unclear,Ag (m=4) @ unclear site; Sb (m=4) @ unclear site,,,,1.00 dimensionless,710 K
10.1002/aenm.201100613,Advanced Energy Materials - 2011 - Han - Lead‐Free Thermoelectrics  High Figure of Merit in p‐type AgSnmSbTem 2.pdf,AgSnmSbTem+2,AgSn5SbTe7,AgSn5SbTe7,2,Yes,Ag,m=5,unclear,Sb (m=5) @ unclear,Ag (m=5) @ unclear site; Sb (m=5) @ unclear site,23 μW cm-1 K-2,,,0.92 dimensionless,710 K
10.1002/aenm.201100613,Advanced Energy Materials - 2011 - Han - Lead‐Free Thermoelectrics  High Figure of Merit in p‐type AgSnmSbTem 2.pdf,AgSnmSbTem+2,m=10,AgSn10SbTe12,0,No,,,,,,,90 uV K-1,800 S cm-1,0.05 dimensionless,300 K
10.1002/aenm.201100613,Advanced Energy Materials - 2011 - Han - Lead‐Free Thermoelectrics  High Figure of Merit in p‐type AgSnmSbTem 2.pdf,AgSnmSbTem+2,m=2,AgSn2SbTe4,0,No,,,,,,,60 uV K-1,1500 S cm-1,0.15 dimensionless,300 K
10.1002/aenm.201100613,Advanced Energy Materials - 2011 - Han - Lead‐Free Thermoelectrics  High Figure of Merit in p‐type AgSnmSbTem 2.pdf,AgSnmSbTem+2,m=4,AgSn4SbTe6,0,No,,,,,,,70 uV K-1,1200 S cm-1,0.1 dimensionless,300 K
10.1002/aenm.201100613,Advanced Energy Materials - 2011 - Han - Lead‐Free Thermoelectrics  High Figure of Merit in p‐type AgSnmSbTem 2.pdf,AgSnmSbTem+2,m=5,AgSn5SbTe7,0,No,,,,,,,80 uV K-1,1000 S cm-1,0.08 dimensionless,300 K
10.1002/aenm.201702333,Advanced Energy Materials - 2017 - Hong - Achieving zT   2 in p‐Type AgSbTe2 xSex Alloys via Exploring the Extra Light.pdf,AgSbTe2,AgSbTe1.85Se0.15,AgSbTe1.85Se0.15,1,No,Se,x=0.15,Te,,Se (x=0.15) @ Te site,14.5 µW cm-1 K-2,,,,550 K
10.1002/aenm.201702333,Advanced Energy Materials - 2017 - Hong - Achieving zT   2 in p‐Type AgSbTe2 xSex Alloys via Exploring the Extra Light.pdf,AgSbTe2,AgSbTe1.85Se0.15 (x=0.15),AgSbTe1.85Se0.15,1,No,Se,x=0.15,Te,,Se (x=0.15) @ Te site,,,,0.55 dimensionless,300 K
10.1002/aenm.201702333,Advanced Energy Materials - 2017 - Hong - Achieving zT   2 in p‐Type AgSbTe2 xSex Alloys via Exploring the Extra Light.pdf,AgSbTe2,AgSbTe1.85Se0.15 (x=0.15),AgSbTe1.85Se0.15,1,No,Se,x=0.15,Te,,Se (x=0.15) @ Te site,,,,2.0 dimensionless,600 K
10.1002/aenm.201702333,Advanced Energy Materials - 2017 - Hong - Achieving zT   2 in p‐Type AgSbTe2 xSex Alloys via Exploring the Extra Light.pdf,AgSbTe2,AgSbTe1.8Se0.2,AgSbTe1.8Se0.2,1,No,Se,x=0.2,Te,,Se (x=0.2) @ Te site,,,140 S cm-1,,300-773 K
10.1002/aenm.201702333,Advanced Energy Materials - 2017 - Hong - Achieving zT   2 in p‐Type AgSbTe2 xSex Alloys via Exploring the Extra Light.pdf,AgSbTe2,AgSbTe1.8Se0.2 (x=0.2),AgSbTe1.8Se0.2,1,No,Se,x=0.2,Te,,Se (x=0.2) @ Te site,,,,0.6 dimensionless,300 K
10.1002/aenm.201702333,Advanced Energy Materials - 2017 - Hong - Achieving zT   2 in p‐Type AgSbTe2 xSex Alloys via Exploring the Extra Light.pdf,AgSbTe2,AgSbTe1.8Se0.2 (x=0.2),AgSbTe1.8Se0.2,1,No,Se,x=0.2,Te,,Se (x=0.2) @ Te site,,,,1.8 dimensionless,600 K
10.1002/aenm.201702333,Advanced Energy Materials - 2017 - Hong - Achieving zT   2 in p‐Type AgSbTe2 xSex Alloys via Exploring the Extra Light.pdf,AgSbTe2,AgSbTe1.95Se0.05 (x=0.05),AgSbTe1.95Se0.05,1,No,Se,x=0.05,Te,,Se (x=0.05) @ Te site,,,,0.45 dimensionless,300 K
10.1002/aenm.201702333,Advanced Energy Materials - 2017 - Hong - Achieving zT   2 in p‐Type AgSbTe2 xSex Alloys via Exploring the Extra Light.pdf,AgSbTe2,AgSbTe1.95Se0.05 (x=0.05),AgSbTe1.95Se0.05,1,No,Se,x=0.05,Te,,Se (x=0.05) @ Te site,,,,1.4 dimensionless,600 K
10.1002/aenm.201702333,Advanced Energy Materials - 2017 - Hong - Achieving zT   2 in p‐Type AgSbTe2 xSex Alloys via Exploring the Extra Light.pdf,AgSbTe2,AgSbTe1.9Se0.1,AgSbTe1.9Se0.1,1,No,Se,x=0.1,Te,,Se (x=0.1) @ Te site,,324 µV K-1,,,550 K
10.1002/aenm.201702333,Advanced Energy Materials - 2017 - Hong - Achieving zT   2 in p‐Type AgSbTe2 xSex Alloys via Exploring the Extra Light.pdf,AgSbTe2,AgSbTe1.9Se0.1 (x=0.1),AgSbTe1.9Se0.1,1,No,Se,x=0.1,Te,,Se (x=0.1) @ Te site,,,,0.5 dimensionless,300 K
10.1002/aenm.201702333,Advanced Energy Materials - 2017 - Hong - Achieving zT   2 in p‐Type AgSbTe2 xSex Alloys via Exploring the Extra Light.pdf,AgSbTe2,AgSbTe1.9Se0.1 (x=0.1),AgSbTe1.9Se0.1,1,No,Se,x=0.1,Te,,Se (x=0.1) @ Te site,,,,1.6 dimensionless,600 K
10.1002/aenm.201702333,Advanced Energy Materials - 2017 - Hong - Achieving zT   2 in p‐Type AgSbTe2 xSex Alloys via Exploring the Extra Light.pdf,AgSbTe2,AgSbTe2,AgSbTe2,0,No,,,,,,,305 µV K-1,,,450 K
10.1002/aenm.201702333,Advanced Energy Materials - 2017 - Hong - Achieving zT   2 in p‐Type AgSbTe2 xSex Alloys via Exploring the Extra Light.pdf,AgSbTe2,AgSbTe2,AgSbTe2,0,No,,,,,,8.3 µW cm-1 K-2,,,,550 K
10.1002/aenm.201702333,Advanced Energy Materials - 2017 - Hong - Achieving zT   2 in p‐Type AgSbTe2 xSex Alloys via Exploring the Extra Light.pdf,AgSbTe2,AgSbTe2 (x=0),AgSbTe2,1,No,Se,x=0,Te,,Se (x=0) @ Te site,,,,0.4 dimensionless,300 K
10.1002/aenm.201702333,Advanced Energy Materials - 2017 - Hong - Achieving zT   2 in p‐Type AgSbTe2 xSex Alloys via Exploring the Extra Light.pdf,AgSbTe2,AgSbTe2 (x=0),AgSbTe2,1,No,Se,x=0,Te,,Se (x=0) @ Te site,,,,1.2 dimensionless,600 K
10.1002/aenm.202505258,Advanced Energy Materials - 2026 - Li - Rare‐Earth Yttrium Doping Advances High‐Performance AgSbTe2 Thermoelectrics.pdf,AgSbTe2,AgSb0.97Y0.03Te2,AgSb0.97Y0.03Te2,1,No,Y,0.03,Sb,,Y (0.03) @ Sb site,12.5 uW cm-1 K-2,252 uV K-1,205 S cm-1,0.72 dimensionless,300 K
10.1002/aenm.202505258,Advanced Energy Materials - 2026 - Li - Rare‐Earth Yttrium Doping Advances High‐Performance AgSbTe2 Thermoelectrics.pdf,AgSbTe2,AgSb0.98Y0.02Te2,AgSb0.98Y0.02Te2,1,No,Y,0.02,Sb,,Y (0.02) @ Sb site,13 uW cm-1 K-2,255 uV K-1,210 S cm-1,0.75 dimensionless,300 K
10.1002/aenm.202505258,Advanced Energy Materials - 2026 - Li - Rare‐Earth Yttrium Doping Advances High‐Performance AgSbTe2 Thermoelectrics.pdf,AgSbTe2,AgSb0.98Y0.02Te2 (x=0.02),AgSb0.98Y0.02Te2,1,No,Y,2%,Sb,,Y (2%) @ Sb site,,266 µV K-1,,,373 K
10.1002/aenm.202505258,Advanced Energy Materials - 2026 - Li - Rare‐Earth Yttrium Doping Advances High‐Performance AgSbTe2 Thermoelectrics.pdf,AgSbTe2,AgSb0.98Y0.02Te2 (x=0.02),AgSb0.98Y0.02Te2,1,No,Y,2%,Sb,,Y (2%) @ Sb site,17.7 µW cm-1 K-2,,,,523 K
10.1002/aenm.202505258,Advanced Energy Materials - 2026 - Li - Rare‐Earth Yttrium Doping Advances High‐Performance AgSbTe2 Thermoelectrics.pdf,AgSbTe2,AgSb0.98Y0.02Te2 (x=0.02),AgSb0.98Y0.02Te2,1,No,Y,2%,Sb,,Y (2%) @ Sb site,,,292 S cm-1,,525 K
10.1002/aenm.202505258,Advanced Energy Materials - 2026 - Li - Rare‐Earth Yttrium Doping Advances High‐Performance AgSbTe2 Thermoelectrics.pdf,AgSbTe2,AgSb0.98Y0.02Te2 (x=0.02),AgSb0.98Y0.02Te2,1,No,Y,2%,Sb,,Y (2%) @ Sb site,,,,1.92 dimensionless,623 K
10.1002/aenm.202505258,Advanced Energy Materials - 2026 - Li - Rare‐Earth Yttrium Doping Advances High‐Performance AgSbTe2 Thermoelectrics.pdf,AgSbTe2,AgSb0.99Y0.01Te2,AgSb0.99Y0.01Te2,1,No,Y,0.01,Sb,,Y (0.01) @ Sb site,12 uW cm-1 K-2,250 uV K-1,200 S cm-1,0.7 dimensionless,300 K
10.1002/aenm.202505258,Advanced Energy Materials - 2026 - Li - Rare‐Earth Yttrium Doping Advances High‐Performance AgSbTe2 Thermoelectrics.pdf,AgSbTe2,AgSb0.99Y0.01Te2 (x=0.01),AgSb0.99Y0.01Te2,1,No,Y,1%,Sb,,Y (1%) @ Sb site,,,209 S cm-1,,298 K
10.1002/aenm.202505258,Advanced Energy Materials - 2026 - Li - Rare‐Earth Yttrium Doping Advances High‐Performance AgSbTe2 Thermoelectrics.pdf,AgSbTe2,AgSbTe2,AgSbTe2,0,No,,,,,,9 uW cm-1 K-2,240 uV K-1,160 S cm-1,0.6 dimensionless,300 K
10.1002/aenm.202505258,Advanced Energy Materials - 2026 - Li - Rare‐Earth Yttrium Doping Advances High‐Performance AgSbTe2 Thermoelectrics.pdf,AgSbTe2,AgSbTe2 (x=0.00),AgSbTe2,0,No,,,,,,,,160 S cm-1,,298 K
10.1002/aenm.202505258,Advanced Energy Materials - 2026 - Li - Rare‐Earth Yttrium Doping Advances High‐Performance AgSbTe2 Thermoelectrics.pdf,AgSbTe2,AgSbTe2 (x=0.00),AgSbTe2,0,No,,,,,,,280 µV K-1,,,423 K
10.1002/adma.200502770,Advanced Materials - 2006 - Androulakis - Nanostructuring and High Thermoelectric Efficiency in p‐Type Ag Pb1   ySny mSbTe2.pdf,Ag(Pb1-ySny)mSbTe2+m,Ag0.5Pb6Sn2Sb0.2Te10,Ag0.5Pb6Sn2Sb0.2Te10,3,Yes,Pb,6,unclear,Sn (2) @ unclear; Sb (0.2) @ unclear,Pb (6) @ unclear site; Sn (2) @ unclear site; Sb (0.2) @ unclear site,,50 uV/K,1000 S/cm,,300 K
10.1002/adma.200502770,Advanced Materials - 2006 - Androulakis - Nanostructuring and High Thermoelectric Efficiency in p‐Type Ag Pb1   ySny mSbTe2.pdf,Ag(Pb1-ySny)mSbTe2+m,Ag0.5Pb6Sn2Sb0.2Te10,Ag0.5Pb6Sn2Sb0.2Te10,3,Yes,Pb,1-y,Ag,Sn (y) @ Ag; Sb (0.2) @ Ag,Pb (1-y) @ Ag site; Sn (y) @ Ag site; Sb (0.2) @ Ag site,,,,1.45 dimensionless,627 K
10.1002/adma.200502770,Advanced Materials - 2006 - Androulakis - Nanostructuring and High Thermoelectric Efficiency in p‐Type Ag Pb1   ySny mSbTe2.pdf,Ag(Pb1-ySny)mSbTe2+m,Ag0.5Pb6Sn2Sb0.2Te10,Ag0.5Pb6Sn2Sb0.2Te10,3,Yes,Pb,6,unclear,Sn (2) @ unclear; Sb (0.2) @ unclear,Pb (6) @ unclear site; Sn (2) @ unclear site; Sb (0.2) @ unclear site,,,,1.45 dimensionless,627 K
10.1002/adma.200502770,Advanced Materials - 2006 - Androulakis - Nanostructuring and High Thermoelectric Efficiency in p‐Type Ag Pb1   ySny mSbTe2.pdf,Ag(Pb1-ySny)mSbTe2+m,Ag0.5Pb6Sn2Sb0.2Te10,Ag0.5Pb6Sn2Sb0.2Te10,3,Yes,Pb,1-y,Ag,Sn (y) @ Ag; Sb (0.2) @ Ag,Pb (1-y) @ Ag site; Sn (y) @ Ag site; Sb (0.2) @ Ag site,,,200 S cm-1,,700 K
10.1002/adma.200502770,Advanced Materials - 2006 - Androulakis - Nanostructuring and High Thermoelectric Efficiency in p‐Type Ag Pb1   ySny mSbTe2.pdf,Ag(Pb1-ySny)mSbTe2+m,Ag0.5Pb6Sn2Sb0.2Te10,Ag0.5Pb6Sn2Sb0.2Te10,3,Yes,Pb,1-y,Ag,Sn (y) @ Ag; Sb (0.2) @ Ag,Pb (1-y) @ Ag site; Sn (y) @ Ag site; Sb (0.2) @ Ag site,,,1000 S cm-1,,room temperature
10.1002/adma.202208994,Advanced Materials - 2022 - Zhang - Defect‐Engineering‐Stabilized AgSbTe2 with High Thermoelectric Performance.pdf,AgSbTe2,AgSbTe1.85Se0.1S0.05,AgSbTe1.85Se0.1S0.05,2,Yes,Se,0.1,Te,S (0.05) @ Te,Se (0.1) @ Te site; S (0.05) @ Te site,1.3 mWm^-1K^-2,230 uV/K,244 S cm-1,,300 K
10.1002/adma.202208994,Advanced Materials - 2022 - Zhang - Defect‐Engineering‐Stabilized AgSbTe2 with High Thermoelectric Performance.pdf,AgSbTe2,AgSbTe1.85Se0.1S0.05,AgSbTe1.85Se0.1S0.05,2,Yes,Se,0.1,Te,S (0.05) @ Te,Se (0.1) @ Te site; S (0.05) @ Te site,2.1 mW m-1 K-2,,,2.3 dimensionless,673 K
10.1002/adma.202208994,Advanced Materials - 2022 - Zhang - Defect‐Engineering‐Stabilized AgSbTe2 with High Thermoelectric Performance.pdf,AgSbTe2,AgSbTe1.8Se0.1S0.1,AgSbTe1.8Se0.1S0.1,2,Yes,Se,0.1,Te,S (0.1) @ Te,Se (0.1) @ Te site; S (0.1) @ Te site,1.1 mWm^-1K^-2,230 uV/K,1.9 x10^4 S/m,,300 K
10.1002/adma.202208994,Advanced Materials - 2022 - Zhang - Defect‐Engineering‐Stabilized AgSbTe2 with High Thermoelectric Performance.pdf,AgSbTe2,AgSbTe1.8Se0.1S0.1,AgSbTe1.8Se0.1S0.1,2,Yes,Se,0.1,Te,S (0.1) @ Te,Se (0.1) @ Te site; S (0.1) @ Te site,,,,2.1 dimensionless,673 K
10.1002/adma.202208994,Advanced Materials - 2022 - Zhang - Defect‐Engineering‐Stabilized AgSbTe2 with High Thermoelectric Performance.pdf,AgSbTe2,AgSbTe1.9Se0.05S0.05,AgSbTe1.9Se0.05S0.05,2,Yes,Se,0.05,Te,S (0.05) @ Te,Se (0.05) @ Te site; S (0.05) @ Te site,0.65 mWm^-1K^-2,230 uV/K,1.1 x10^4 S/m,,300 K
10.1002/adma.202208994,Advanced Materials - 2022 - Zhang - Defect‐Engineering‐Stabilized AgSbTe2 with High Thermoelectric Performance.pdf,AgSbTe2,AgSbTe1.9Se0.05S0.05,AgSbTe1.9Se0.05S0.05,2,Yes,Se,0.05,Te,S (0.05) @ Te,Se (0.05) @ Te site; S (0.05) @ Te site,,,,1.8 dimensionless,673 K
10.1002/adma.202208994,Advanced Materials - 2022 - Zhang - Defect‐Engineering‐Stabilized AgSbTe2 with High Thermoelectric Performance.pdf,AgSbTe2,AgSbTe2,AgSbTe2,0,No,,,,,,0.6 mWm^-1K^-2,240 uV/K,0.8 x10^4 S/m,,300 K
10.1002/adma.202208994,Advanced Materials - 2022 - Zhang - Defect‐Engineering‐Stabilized AgSbTe2 with High Thermoelectric Performance.pdf,AgSbTe2,AgSbTe2,AgSbTe2,0,No,,,,,,,,,0.6 dimensionless,673 K
10.1002/adma.202208994,Advanced Materials - 2022 - Zhang - Defect‐Engineering‐Stabilized AgSbTe2 with High Thermoelectric Performance.pdf,AgSbTe2,Pristine AgSbTe2,AgSbTe2,0,No,,,,,,,,89 S cm-1,,300 K
10.1002/adma.202208994,Advanced Materials - 2022 - Zhang - Defect‐Engineering‐Stabilized AgSbTe2 with High Thermoelectric Performance.pdf,AgSbTe2,Pristine AgSbTe2,AgSbTe2,0,No,,,,,,,,,0.6 dimensionless,673 K
10.1002/adma.202307058,Advanced Materials - 2023 - Taneja - High Thermoelectric Performance in Phonon‐Glass Electron‐Crystal Like AgSbTe2.pdf,AgSbTe2,AgSb0.96Yb0.04Te2,AgSb0.96Yb0.04Te2,1,No,Yb,4 mol%,Sb,,Yb (4 mol%) @ Sb site,,280 µV/K,278 Scm-1,,300 K
10.1002/adma.202307058,Advanced Materials - 2023 - Taneja - High Thermoelectric Performance in Phonon‐Glass Electron‐Crystal Like AgSbTe2.pdf,AgSbTe2,AgSb0.96Yb0.04Te2,AgSb0.96Yb0.04Te2,1,No,Yb,0.04,Sb,,Yb (0.04) @ Sb site,,,,0.8 dimensionless,300 K
10.1002/adma.202307058,Advanced Materials - 2023 - Taneja - High Thermoelectric Performance in Phonon‐Glass Electron‐Crystal Like AgSbTe2.pdf,AgSbTe2,AgSb0.96Yb0.04Te2,AgSb0.96Yb0.04Te2,1,No,Yb,4 mol%,Sb,,Yb (4 mol%) @ Sb site,,330 µV/K,250 S/cm,,400 K
10.1002/adma.202307058,Advanced Materials - 2023 - Taneja - High Thermoelectric Performance in Phonon‐Glass Electron‐Crystal Like AgSbTe2.pdf,AgSbTe2,AgSb0.96Yb0.04Te2,AgSb0.96Yb0.04Te2,1,No,Yb,4 mol%,Sb,,Yb (4 mol%) @ Sb site,,350 µV/K,260 S/cm,,500 K
10.1002/adma.202307058,Advanced Materials - 2023 - Taneja - High Thermoelectric Performance in Phonon‐Glass Electron‐Crystal Like AgSbTe2.pdf,AgSbTe2,AgSb0.96Yb0.04Te2,AgSb0.96Yb0.04Te2,1,No,Yb,4 mol%,Sb,,Yb (4 mol%) @ Sb site,18.93 μWcm-1 K-2,,,2.4 dimensionless,573 K
10.1002/adma.202307058,Advanced Materials - 2023 - Taneja - High Thermoelectric Performance in Phonon‐Glass Electron‐Crystal Like AgSbTe2.pdf,AgSbTe2,AgSb0.96Yb0.04Te2,AgSb0.96Yb0.04Te2,1,No,Yb,0.04,Sb,,Yb (0.04) @ Sb site,,,,2.4 dimensionless,573 K
10.1002/adma.202307058,Advanced Materials - 2023 - Taneja - High Thermoelectric Performance in Phonon‐Glass Electron‐Crystal Like AgSbTe2.pdf,AgSbTe2,AgSb0.98Yb0.02Te2,AgSb0.98Yb0.02Te2,1,No,Yb,0.02,Sb,,Yb (0.02) @ Sb site,,,,0.7 dimensionless,300 K
10.1002/adma.202307058,Advanced Materials - 2023 - Taneja - High Thermoelectric Performance in Phonon‐Glass Electron‐Crystal Like AgSbTe2.pdf,AgSbTe2,AgSb0.98Yb0.02Te2,AgSb0.98Yb0.02Te2,1,No,Yb,2 mol%,Sb,,Yb (2 mol%) @ Sb site,,280 µV/K,180 S/cm,,300 K
10.1002/adma.202307058,Advanced Materials - 2023 - Taneja - High Thermoelectric Performance in Phonon‐Glass Electron‐Crystal Like AgSbTe2.pdf,AgSbTe2,AgSb0.98Yb0.02Te2,AgSb0.98Yb0.02Te2,1,No,Yb,2 mol%,Sb,,Yb (2 mol%) @ Sb site,,320 µV/K,200 S/cm,,400 K
10.1002/adma.202307058,Advanced Materials - 2023 - Taneja - High Thermoelectric Performance in Phonon‐Glass Electron‐Crystal Like AgSbTe2.pdf,AgSbTe2,AgSb0.98Yb0.02Te2,AgSb0.98Yb0.02Te2,1,No,Yb,0.02,Sb,,Yb (0.02) @ Sb site,,,,1.8 dimensionless,500 K
10.1002/adma.202307058,Advanced Materials - 2023 - Taneja - High Thermoelectric Performance in Phonon‐Glass Electron‐Crystal Like AgSbTe2.pdf,AgSbTe2,AgSb0.98Yb0.02Te2,AgSb0.98Yb0.02Te2,1,No,Yb,2 mol%,Sb,,Yb (2 mol%) @ Sb site,,330 µV/K,210 S/cm,,500 K
10.1002/adma.202307058,Advanced Materials - 2023 - Taneja - High Thermoelectric Performance in Phonon‐Glass Electron‐Crystal Like AgSbTe2.pdf,AgSbTe2,AgSbTe2,AgSbTe2,0,No,,,,,,,250 µV/K,104 Scm-1,0.6 dimensionless,300 K
10.1002/adma.202307058,Advanced Materials - 2023 - Taneja - High Thermoelectric Performance in Phonon‐Glass Electron‐Crystal Like AgSbTe2.pdf,AgSbTe2,AgSbTe2,AgSbTe2,0,No,,,,,,,300 µV/K,200 S/cm,,400 K
10.1002/adma.202307058,Advanced Materials - 2023 - Taneja - High Thermoelectric Performance in Phonon‐Glass Electron‐Crystal Like AgSbTe2.pdf,AgSbTe2,AgSbTe2,AgSbTe2,0,No,,,,,,,320 µV/K,220 S/cm,1.2 dimensionless,500 K
10.1002/adma.202409275,Advanced Materials - 2024 - Li - High‐Performance AgSbTe2 Thermoelectrics  Advances  Challenges  and Perspectives.pdf,AgSbTe2,Ag0.98SbTe2,Ag0.98SbTe2,1,No,Ag vacancy,0.02,Ag,,Ag vacancy (0.02) @ Ag site,,,68 S cm-1,2.3 dimensionless,573 K
10.1002/adma.202409275,Advanced Materials - 2024 - Li - High‐Performance AgSbTe2 Thermoelectrics  Advances  Challenges  and Perspectives.pdf,AgSbTe2,AgSb0.94Cd0.06Te2,AgSb0.94Cd0.06Te2,1,No,Cd,0.06,Sb,,Cd (0.06) @ Sb site,17.83 μW cm-1 K-2,264 μV K-1,251 S cm-1,2.6 dimensionless,573 K
10.1002/adma.202409275,Advanced Materials - 2024 - Li - High‐Performance AgSbTe2 Thermoelectrics  Advances  Challenges  and Perspectives.pdf,AgSbTe2,AgSb0.96Hg0.04Te2,AgSb0.96Hg0.04Te2,1,No,Hg,0.04,Sb,,Hg (0.04) @ Sb site,,,,2.4 dimensionless,570 K
10.1002/adma.202409275,Advanced Materials - 2024 - Li - High‐Performance AgSbTe2 Thermoelectrics  Advances  Challenges  and Perspectives.pdf,AgSbTe2,AgSb1-xHgxTe2 (x=0.02),AgSb0.98Hg0.02Te2,1,No,Hg,x=0.02,Sb,,Hg (x=0.02) @ Sb site,,,,1.8 dimensionless,not reported
10.1002/adma.202409275,Advanced Materials - 2024 - Li - High‐Performance AgSbTe2 Thermoelectrics  Advances  Challenges  and Perspectives.pdf,AgSbTe2,AgSb1-xHgxTe2 (x=0.04),AgSb0.96Hg0.04Te2,1,No,Hg,x=0.04,Sb,,Hg (x=0.04) @ Sb site,,,,2.4 dimensionless,not reported
10.1002/adma.202409275,Advanced Materials - 2024 - Li - High‐Performance AgSbTe2 Thermoelectrics  Advances  Challenges  and Perspectives.pdf,AgSbTe2,AgSbTe1.85Se0.1S0.05,AgSbTe1.85Se0.1S0.05,2,Yes,Se,0.1,Te,S (0.05) @ Te,Se (0.1) @ Te site; S (0.05) @ Te site,,,,2.3 dimensionless,673 K
10.1002/advs.202204624,Advanced Science - 2022 - Tee - Thermoelectric Silver‐Based Chalcogenides.pdf,AgSbTe2,Ag0.025In0.025SnTe1.05,Ag0.025In0.025SnTe1.05,2,Yes,Ag,0.025,unclear,In (0.025) @ unclear,Ag (0.025) @ unclear site; In (0.025) @ unclear site,,,,1.8 dimensionless,856 K
10.1002/advs.202204624,Advanced Science - 2022 - Tee - Thermoelectric Silver‐Based Chalcogenides.pdf,AgSbTe2,Ag0.2Cu0.89In0.09Te1.05,Ag0.2Cu0.89In0.09Te1.05,2,Yes,Cu,0.89,Ag,In (0.09) @ unclear,Cu (0.89) @ Ag site; In (0.09) @ unclear site,,,,1.6 dimensionless,850 K
10.1002/advs.202204624,Advanced Science - 2022 - Tee - Thermoelectric Silver‐Based Chalcogenides.pdf,AgSbTe2,AgMnSbTe3,AgMnSbTe3,1,No,Mn,not specified,unclear,,Mn (not specified) @ unclear site,,,,1.46 dimensionless,823 K
10.1002/advs.202204624,Advanced Science - 2022 - Tee - Thermoelectric Silver‐Based Chalcogenides.pdf,AgSbTe2,AgSb0.94Cd0.06Te2,AgSb0.94Cd0.06Te2,1,No,Cd,0.06,Sb,,Cd (0.06) @ Sb site,,,,2.6 dimensionless,573 K
10.1002/advs.202204624,Advanced Science - 2022 - Tee - Thermoelectric Silver‐Based Chalcogenides.pdf,AgSbTe2,AgSb0.96Cd0.06Te2,AgSb0.96Cd0.06Te2,1,No,Cd,0.06,Sb,,Cd (0.06) @ Sb site,,,,2.6 dimensionless,573 K
10.1002/advs.202204624,Advanced Science - 2022 - Tee - Thermoelectric Silver‐Based Chalcogenides.pdf,AgSbTe2,AgSb0.96Zn0.04Te2,AgSb0.96Zn0.04Te2,1,No,Zn,0.04,Sb,,Zn (0.04) @ Sb site,,,,1.9 dimensionless,584 K
10.1002/advs.202204624,Advanced Science - 2022 - Tee - Thermoelectric Silver‐Based Chalcogenides.pdf,AgSbTe2,AgSnSbSe1.5Te1.5,AgSnSbSe1.5Te1.5,1,No,Sn,not specified,unclear,,Sn (not specified) @ unclear site,,,,1.14 dimensionless,723 K
10.1002/anie.2554196,Angew Chem Int Ed - 2026 - Han - Lead‐Doping Enabled Band Engineering and Phonon Transport Modulation  Key to.pdf,AgSbTe2,Ag0.96Pb0.04Te2,Ag0.96Pb0.04Te2,1,No,Pb,0.04,Sb,,Pb (0.04) @ Sb site,,,186 S cm-1,,300 K
10.1002/anie.2554196,Angew Chem Int Ed - 2026 - Han - Lead‐Doping Enabled Band Engineering and Phonon Transport Modulation  Key to.pdf,AgSbTe2,Ag0.96Pb0.04Te2,Ag0.96Pb0.04Te2,1,No,Pb,0.04,Sb,,Pb (0.04) @ Sb site,18.14 uW cm-1 K-2,260 uV K-1,276 S cm-1,,623 K
10.1002/anie.2554196,Angew Chem Int Ed - 2026 - Han - Lead‐Doping Enabled Band Engineering and Phonon Transport Modulation  Key to.pdf,AgSbTe2,AgSb0.94Pb0.06Te2,AgSb0.94Pb0.06Te2,1,No,Pb,0.06,Sb,,Pb (0.06) @ Sb site,,,,0.5 dimensionless,300 K
10.1002/anie.2554196,Angew Chem Int Ed - 2026 - Han - Lead‐Doping Enabled Band Engineering and Phonon Transport Modulation  Key to.pdf,AgSbTe2,AgSb0.94Pb0.06Te2,AgSb0.94Pb0.06Te2,1,No,Pb,0.06,Sb,,Pb (0.06) @ Sb site,,,,1.7 dimensionless,623 K
10.1002/anie.2554196,Angew Chem Int Ed - 2026 - Han - Lead‐Doping Enabled Band Engineering and Phonon Transport Modulation  Key to.pdf,AgSbTe2,AgSb0.96Pb0.04Te2,AgSb0.96Pb0.04Te2,1,No,Pb,0.04,Sb,,Pb (0.04) @ Sb site,12.9 µW cm-1 K-2,263 µV K-1,186 S cm-1,0.7 dimensionless,300 K
10.1002/anie.2554196,Angew Chem Int Ed - 2026 - Han - Lead‐Doping Enabled Band Engineering and Phonon Transport Modulation  Key to.pdf,AgSbTe2,AgSb0.96Pb0.04Te2,AgSb0.96Pb0.04Te2,1,No,Pb,0.04,Sb,,Pb (0.04) @ Sb site,18.14 µW cm-1 K-2,260 µV K-1,276 S cm-1,2.0 dimensionless,623 K
10.1002/anie.2554196,Angew Chem Int Ed - 2026 - Han - Lead‐Doping Enabled Band Engineering and Phonon Transport Modulation  Key to.pdf,AgSbTe2,AgSb0.98Pb0.02Te2,AgSb0.98Pb0.02Te2,1,No,Pb,0.02,Sb,,Pb (0.02) @ Sb site,,,,0.3 dimensionless,300 K
10.1002/anie.2554196,Angew Chem Int Ed - 2026 - Han - Lead‐Doping Enabled Band Engineering and Phonon Transport Modulation  Key to.pdf,AgSbTe2,AgSb0.98Pb0.02Te2,AgSb0.98Pb0.02Te2,1,No,Pb,0.02,Sb,,Pb (0.02) @ Sb site,,,,1.4 dimensionless,623 K
10.1002/anie.2554196,Angew Chem Int Ed - 2026 - Han - Lead‐Doping Enabled Band Engineering and Phonon Transport Modulation  Key to.pdf,AgSbTe2,AgSbTe2,AgSbTe2,0,No,,,,,,8.27 µW cm-1 K-2,237 µV K-1,146 S cm-1,0.4 dimensionless,300 K
10.1002/anie.2554196,Angew Chem Int Ed - 2026 - Han - Lead‐Doping Enabled Band Engineering and Phonon Transport Modulation  Key to.pdf,AgSbTe2,AgSbTe2,AgSbTe2,0,No,,,,,,,337 µV K-1,,,427 K
10.1002/anie.2554196,Angew Chem Int Ed - 2026 - Han - Lead‐Doping Enabled Band Engineering and Phonon Transport Modulation  Key to.pdf,AgSbTe2,AgSbTe2,AgSbTe2,0,No,,,,,,,,111 S cm-1,0.8 dimensionless,623 K
10.1002/anie.2554196,Angew Chem Int Ed - 2026 - Han - Lead‐Doping Enabled Band Engineering and Phonon Transport Modulation  Key to.pdf,AgSbTe2,AgSbTe2 (x=0),AgSbTe2,0,No,,,,,,,237 uV K-1,146 S cm-1,,300 K
10.1002/anie.2554196,Angew Chem Int Ed - 2026 - Han - Lead‐Doping Enabled Band Engineering and Phonon Transport Modulation  Key to.pdf,AgSbTe2,AgSbTe2 (x=0),AgSbTe2,0,No,,,,,,,337 uV K-1,,,427 K
10.1002/andp.201900561,Annalen der Physik - 2020 - Liu - Evaluation of Thermoelectric Properties of Ag0 366Sb0 558Te.pdf,Ag0.366SbTe2,Ag0.366(Sb1-xSnx)0.558Te,Ag0.366(Sb1-xSnx)0.558Te,1,No,Sn,x=0 to 0.16,Sb,,Sn (x=0 to 0.16) @ Sb site,,250 uV/K,10 mOhm*cm,,300 K
10.1002/andp.201900561,Annalen der Physik - 2020 - Liu - Evaluation of Thermoelectric Properties of Ag0 366Sb0 558Te.pdf,Ag0.366SbTe2,Ag0.366(Sb1-xSnx)0.558Te,Ag0.366(Sb1-xSnx)0.558Te,1,No,Sn,x=0 to 0.16,Sb,,Sn (x=0 to 0.16) @ Sb site,,,18 mOhm*cm,,500 K
10.1002/andp.201900561,Annalen der Physik - 2020 - Liu - Evaluation of Thermoelectric Properties of Ag0 366Sb0 558Te.pdf,Ag0.366SbTe2,Ag0.366(Sb1-xSnx)0.558Te,Ag0.366(Sb1-xSnx)0.558Te,1,No,Sn,x=0 to 0.16,Sb,,Sn (x=0 to 0.16) @ Sb site,,150 uV/K,,,700 K
10.1002/andp.201900561,Annalen der Physik - 2020 - Liu - Evaluation of Thermoelectric Properties of Ag0 366Sb0 558Te.pdf,Ag0.366SbTe2,Ag0.366(Sb1-xSnx)0.558Te (x=0),Ag0.366Sb0.558Te,1,No,none,0,unclear,,none (0) @ unclear site,,,,1.3 dimensionless,not reported
10.1002/andp.201900561,Annalen der Physik - 2020 - Liu - Evaluation of Thermoelectric Properties of Ag0 366Sb0 558Te.pdf,Ag0.366SbTe2,"Ag0.366(Sb1-xSnx)0.558Te, x=0",Ag0.366Sb0.558Te,1,No,Sn,x=0,Sb,,Sn (x=0) @ Sb site,,,,0.4 dimensionless,300 K
10.1002/andp.201900561,Annalen der Physik - 2020 - Liu - Evaluation of Thermoelectric Properties of Ag0 366Sb0 558Te.pdf,Ag0.366SbTe2,"Ag0.366(Sb1-xSnx)0.558Te, x=0",Ag0.366Sb0.558Te,1,No,Sn,x=0,Sb,,Sn (x=0) @ Sb site,,,,0.45 dimensionless,700 K
10.1002/andp.201900561,Annalen der Physik - 2020 - Liu - Evaluation of Thermoelectric Properties of Ag0 366Sb0 558Te.pdf,Ag0.366SbTe2,"Ag0.366(Sb1-xSnx)0.558Te, x=0.09",Ag0.366(Sb0.91Sn0.09)0.558Te,1,No,Sn,x=0.09,Sb,,Sn (x=0.09) @ Sb site,,,,0.25 dimensionless,300 K
10.1002/andp.201900561,Annalen der Physik - 2020 - Liu - Evaluation of Thermoelectric Properties of Ag0 366Sb0 558Te.pdf,Ag0.366SbTe2,"Ag0.366(Sb1-xSnx)0.558Te, x=0.09",Ag0.366(Sb0.91Sn0.09)0.558Te,1,No,Sn,x=0.09,Sb,,Sn (x=0.09) @ Sb site,,,,1.25 dimensionless,650 K
10.1016/j.mtphys.2021.100505,Band convergence and nanostructure modulations lead to high thermoelectric performance in SnPb0.04Te-y_ AgSbTe2.pdf,SnPb0.04Te-y%AgSbTe2,SnPb0.04Te-0%AgSbTe2,SnPb0.04Te,0,No,,,,,,,,,0.2 dimensionless | 0.4 dimensionless,not reported
10.1016/j.mtphys.2021.100505,Band convergence and nanostructure modulations lead to high thermoelectric performance in SnPb0.04Te-y_ AgSbTe2.pdf,SnPb0.04Te-y%AgSbTe2,SnPb0.04Te-12%AgSbTe2,SnPb0.04Te-12%AgSbTe2,2,Yes,Ag,12%,Sn,Sb (12%) @ Sn,Ag (12%) @ Sn site; Sb (12%) @ Sn site,25.5 mW cm-1 K-2,,,1.1 dimensionless,823 K
10.1016/j.mtphys.2021.100505,Band convergence and nanostructure modulations lead to high thermoelectric performance in SnPb0.04Te-y_ AgSbTe2.pdf,SnPb0.04Te-y%AgSbTe2,SnPb0.04Te-12%AgSbTe2,SnPb0.04Te-12%AgSbTe2,0,No,,,,,,,,,0.4 dimensionless | 1.1 dimensionless,not reported
10.1016/j.mtphys.2021.100505,Band convergence and nanostructure modulations lead to high thermoelectric performance in SnPb0.04Te-y_ AgSbTe2.pdf,SnPb0.04Te-y%AgSbTe2,SnPb0.04Te-15%AgSbTe2,SnPb0.04Te-15%AgSbTe2,0,No,,,,,,,,,0.35 dimensionless | 0.95 dimensionless,not reported
10.1016/j.mtphys.2021.100505,Band convergence and nanostructure modulations lead to high thermoelectric performance in SnPb0.04Te-y_ AgSbTe2.pdf,SnPb0.04Te-y%AgSbTe2,SnPb0.04Te-18%AgSbTe2,SnPb0.04Te-18%AgSbTe2,0,No,,,,,,,,,0.3 dimensionless | 0.85 dimensionless,not reported
10.1016/j.mtphys.2021.100505,Band convergence and nanostructure modulations lead to high thermoelectric performance in SnPb0.04Te-y_ AgSbTe2.pdf,SnPb0.04Te-y%AgSbTe2,SnPb0.04Te-21%AgSbTe2,SnPb0.04Te-21%AgSbTe2,0,No,,,,,,,,,0.25 dimensionless | 0.8 dimensionless,not reported
10.1016/j.mtphys.2021.100505,Band convergence and nanostructure modulations lead to high thermoelectric performance in SnPb0.04Te-y_ AgSbTe2.pdf,SnPb0.04Te-y%AgSbTe2,SnPb0.04Te-25%AgSbTe2,SnPb0.04Te-25%AgSbTe2,2,Yes,Ag,25%,Sn,Sb (25%) @ Sn,Ag (25%) @ Sn site; Sb (25%) @ Sn site,,70.9 mV K-1,1736 S cm-1,,300 K
10.1016/j.mtphys.2021.100505,Band convergence and nanostructure modulations lead to high thermoelectric performance in SnPb0.04Te-y_ AgSbTe2.pdf,SnPb0.04Te-y%AgSbTe2,SnPb0.04Te-25%AgSbTe2,SnPb0.04Te-25%AgSbTe2,0,No,,,,,,,,,0.2 dimensionless | 0.7 dimensionless,not reported
10.1016/j.mtphys.2021.100505,Band convergence and nanostructure modulations lead to high thermoelectric performance in SnPb0.04Te-y_ AgSbTe2.pdf,SnPb0.04Te-y%AgSbTe2,SnPb0.04Te-3%AgSbTe2,SnPb0.04Te-3%AgSbTe2,0,No,,,,,,,,,0.25 dimensionless | 0.6 dimensionless,not reported
10.1016/j.mtphys.2021.100505,Band convergence and nanostructure modulations lead to high thermoelectric performance in SnPb0.04Te-y_ AgSbTe2.pdf,SnPb0.04Te-y%AgSbTe2,SnPb0.04Te-6%AgSbTe2,SnPb0.04Te-6%AgSbTe2,0,No,,,,,,,,,0.3 dimensionless | 0.75 dimensionless,not reported
10.1016/j.mtphys.2021.100505,Band convergence and nanostructure modulations lead to high thermoelectric performance in SnPb0.04Te-y_ AgSbTe2.pdf,SnPb0.04Te-y%AgSbTe2,SnPb0.04Te-9%AgSbTe2,SnPb0.04Te-9%AgSbTe2,0,No,,,,,,,,,0.35 dimensionless | 0.9 dimensionless,not reported
10.1016/j.mtphys.2021.100505,Band convergence and nanostructure modulations lead to high thermoelectric performance in SnPb0.04Te-y_ AgSbTe2.pdf,SnPb0.04Te-y%AgSbTe2,SnPb0.04Te-y%AgSbTe2 (y=0 to 25),SnPb0.04Te-y%AgSbTe2,2,Yes,Ag,y%,unclear,Sb (y%) @ unclear,Ag (y%) @ unclear site; Sb (y%) @ unclear site,10.5 uW cm-1 K-2,-24.4 uV K-1 | -70.9 uV K-1,1736 S cm-1 | 7180 S cm-1,,300 K
10.1016/j.mtphys.2021.100505,Band convergence and nanostructure modulations lead to high thermoelectric performance in SnPb0.04Te-y_ AgSbTe2.pdf,SnPb0.04Te-y%AgSbTe2,SnPb0.04Te-y%AgSbTe2 (y=0 to 25),SnPb0.04Te-y%AgSbTe2,2,Yes,Ag,y%,unclear,Sb (y%) @ unclear,Ag (y%) @ unclear site; Sb (y%) @ unclear site,25.5 uW cm-1 K-2,,,,823 K
10.1088/1402-4896/ad3c74,Band convergence strategy to improve thermoelectric performance in Ti-Doped AgSbTe2.pdf,AgSbTe2,Ag1.05Sb0.98Ti0.02Te2,Ag1.05Sb0.98Ti0.02Te2,1,No,Ti,0.02,Sb,,Ti (0.02) @ Sb site,,270 μV/K,,,473 K
10.1088/1402-4896/ad3c74,Band convergence strategy to improve thermoelectric performance in Ti-Doped AgSbTe2.pdf,AgSbTe2,Ag1.05Sb0.99Ti0.01Te2,Ag1.05Sb0.99Ti0.01Te2,1,No,Ti,0.01,Sb,,Ti (0.01) @ Sb site,,,,1.28 dimensionless,523 K
10.1088/1402-4896/ad3c74,Band convergence strategy to improve thermoelectric performance in Ti-Doped AgSbTe2.pdf,AgSbTe2,Ag1.05Sb0.99Ti0.01Te2,Ag1.05Sb0.99Ti0.01Te2,1,No,Ti,x=0.01,Sb,,Ti (x=0.01) @ Sb site,,,,1.28 dimensionless,523 K
10.1088/1402-4896/ad3c74,Band convergence strategy to improve thermoelectric performance in Ti-Doped AgSbTe2.pdf,AgSbTe2,Ag1.05Sb0.99Ti0.01Te2,Ag1.05Sb0.99Ti0.01Te2,1,No,Ti,0.01,Sb,,Ti (0.01) @ Sb site,,,,0.97 dimensionless,323-548 K
10.1088/1402-4896/ad3c74,Band convergence strategy to improve thermoelectric performance in Ti-Doped AgSbTe2.pdf,AgSbTe2,Ag1.05SbTe2,Ag1.05SbTe2,0,No,,,,,,,245 μV/K | 246 μV/K,,,473 K
10.1088/1402-4896/ad3c74,Band convergence strategy to improve thermoelectric performance in Ti-Doped AgSbTe2.pdf,AgSbTe2,Ag1.05SbTe2,Ag1.05SbTe2,0,No,,,,,,,,,1.05 dimensionless,523 K
10.1016/j.mtphys.2024.101358,"Carrier optimization and reduced thermal conductivity leading to enhanced thermoelectric performance in (Mg, S) co-doped AgSbTe2.pdf",AgSbTe2,AgSb0.97Mg0.03Te1.90S0.10,AgSb0.97Mg0.03Te1.90S0.10,2,Yes,Mg,3 atomic %,Sb,S (y = 0.10) @ Te,Mg (3 atomic %) @ Sb site; S (y = 0.10) @ Te site,14.24 μW cm-1 K-2,207.60 μV/K,,,300 K
10.1016/j.mtphys.2024.101358,"Carrier optimization and reduced thermal conductivity leading to enhanced thermoelectric performance in (Mg, S) co-doped AgSbTe2.pdf",AgSbTe2,AgSb0.97Mg0.03Te1.90S0.10,AgSb0.97Mg0.03Te1.90S0.10,2,Yes,Mg,3 atomic %,Sb,S (y = 0.10) @ Te,Mg (3 atomic %) @ Sb site; S (y = 0.10) @ Te site,17.21 μW cm-1 K-2,,,1.96 dimensionless,600 K
10.1016/j.mtphys.2024.101358,"Carrier optimization and reduced thermal conductivity leading to enhanced thermoelectric performance in (Mg, S) co-doped AgSbTe2.pdf",AgSbTe2,AgSb0.97Mg0.03Te1.9S0.10,AgSb0.97Mg0.03Te1.9S0.10,2,Yes,Mg,3 at.%,Sb,S (0.10) @ Te,Mg (3 at.%) @ Sb site; S (0.10) @ Te site,17.21 µW cm^-1 K^-2,,,,600 K
10.1016/j.mtphys.2024.101358,"Carrier optimization and reduced thermal conductivity leading to enhanced thermoelectric performance in (Mg, S) co-doped AgSbTe2.pdf",AgSbTe2,AgSb0.97Mg0.03Te1.9S0.10,AgSb0.97Mg0.03Te1.9S0.10,2,Yes,Mg,3 at.%,Sb,S (0.10) @ Te,Mg (3 at.%) @ Sb site; S (0.10) @ Te site,,207.60 µV K^-1,,,not reported
10.1016/j.mtphys.2024.101358,"Carrier optimization and reduced thermal conductivity leading to enhanced thermoelectric performance in (Mg, S) co-doped AgSbTe2.pdf",AgSbTe2,AgSb0.97Mg0.03Te2,AgSb0.97Mg0.03Te2,1,No,Mg,3 atomic %,Sb,,Mg (3 atomic %) @ Sb site,,212.02 μV/K,335.7 S cm-1,,300 K
10.1016/j.mtphys.2024.101358,"Carrier optimization and reduced thermal conductivity leading to enhanced thermoelectric performance in (Mg, S) co-doped AgSbTe2.pdf",AgSbTe2,AgSb0.97Mg0.03Te2,AgSb0.97Mg0.03Te2,1,No,Mg,3 at.%,Sb,,Mg (3 at.%) @ Sb site,,212.02 µV K^-1,,,not reported
10.1016/j.mtphys.2024.101358,"Carrier optimization and reduced thermal conductivity leading to enhanced thermoelectric performance in (Mg, S) co-doped AgSbTe2.pdf",AgSbTe2,"AgSb1-xMgxTe2-ySy (x=0, y=0)",AgSbTe2,0,No,,,,,,,,,0.6 dimensionless,300 K
10.1016/j.mtphys.2024.101358,"Carrier optimization and reduced thermal conductivity leading to enhanced thermoelectric performance in (Mg, S) co-doped AgSbTe2.pdf",AgSbTe2,"AgSb1-xMgxTe2-ySy (x=0, y=0)",AgSbTe2,0,No,,,,,,,,,1.0 dimensionless,600 K
10.1016/j.mtphys.2024.101358,"Carrier optimization and reduced thermal conductivity leading to enhanced thermoelectric performance in (Mg, S) co-doped AgSbTe2.pdf",AgSbTe2,"AgSb1-xMgxTe2-ySy (x=0.03, y=0.05)",AgSb0.97Mg0.03Te1.95S0.05,2,Yes,Mg,0.03,Sb,S (0.05) @ Te,Mg (0.03) @ Sb site; S (0.05) @ Te site,,,,0.8 dimensionless,300 K
10.1016/j.mtphys.2024.101358,"Carrier optimization and reduced thermal conductivity leading to enhanced thermoelectric performance in (Mg, S) co-doped AgSbTe2.pdf",AgSbTe2,"AgSb1-xMgxTe2-ySy (x=0.03, y=0.05)",AgSb0.97Mg0.03Te1.95S0.05,2,Yes,Mg,0.03,Sb,S (0.05) @ Te,Mg (0.03) @ Sb site; S (0.05) @ Te site,,,,1.8 dimensionless,600 K
10.1016/j.mtphys.2024.101358,"Carrier optimization and reduced thermal conductivity leading to enhanced thermoelectric performance in (Mg, S) co-doped AgSbTe2.pdf",AgSbTe2,AgSbTe2 (Disordered),AgSbTe2,0,No,,,,,,,239 µV K^-1,,,not reported
10.1007/s43207-026-00585-7,Carrier scattering mechanism change in Se and S co-doped AgSbTe2 thermoelectric materials.pdf,AgSbTe2,AgSbTe1.85Se0.1S0.05,AgSbTe1.85Se0.1S0.05,2,Yes,Se,0.1,Te,S (0.05) @ Te,Se (0.1) @ Te site; S (0.05) @ Te site,2.0 mW/mK^2,,,1.8 dimensionless,570 K
10.1007/s43207-026-00585-7,Carrier scattering mechanism change in Se and S co-doped AgSbTe2 thermoelectric materials.pdf,AgSbTe2,AgSbTe1.85Se0.1S0.05,AgSbTe1.85Se0.1S0.05,2,Yes,Se,0.1,unclear,S (0.05) @ unclear,Se (0.1) @ unclear site; S (0.05) @ unclear site,,,,2.3 dimensionless,673 K
10.1007/s43207-026-00585-7,Carrier scattering mechanism change in Se and S co-doped AgSbTe2 thermoelectric materials.pdf,AgSbTe2,AgSbTe1.8Se0.1S0.1,AgSbTe1.8Se0.1S0.1,2,Yes,Se,0.1,Te,S (0.1) @ Te,Se (0.1) @ Te site; S (0.1) @ Te site,2.2 mW/mK^2,,,2.0 dimensionless,570 K
10.1007/s43207-026-00585-7,Carrier scattering mechanism change in Se and S co-doped AgSbTe2 thermoelectric materials.pdf,AgSbTe2,AgSbTe1.9Se0.05S0.05,AgSbTe1.9Se0.05S0.05,2,Yes,Se,0.05,Te,S (0.05) @ Te,Se (0.05) @ Te site; S (0.05) @ Te site,1.6 mW/mK^2,,,1.5 dimensionless,570 K
10.1007/s43207-026-00585-7,Carrier scattering mechanism change in Se and S co-doped AgSbTe2 thermoelectric materials.pdf,AgSbTe2,AgSbTe2,AgSbTe2,0,No,,,,,,1.2 mW/mK^2,,,0.8 dimensionless,570 K
10.1021/acs.inorgchem.9b00852,Charge Compensation Modulation of the Thermoelectric Properties in AgSbTe2 via Mn Amphoteric Doping.pdf,AgSbTe2,5 mol % MnAg-MnSb amphoteric doping,Ag1-ySb1-xMnx+yTe2,2,Yes,Mn,5 mol %,Ag,Mn (5 mol %) @ Sb,Mn (5 mol %) @ Ag site; Mn (5 mol %) @ Sb site,1400 μW m-1 K-2,,,0.74 dimensionless,550 K
10.1021/acs.inorgchem.9b00852,Charge Compensation Modulation of the Thermoelectric Properties in AgSbTe2 via Mn Amphoteric Doping.pdf,AgSbTe2,MnSb monodoped (x=0.07),AgSb1-xMnxTe2 (x=0.07),1,No,Mn,7 mol %,Sb,,Mn (7 mol %) @ Sb site,,58 μV K-1,12.17 10^4 S m-1,,300 K
10.1021/acs.inorgchem.9b00852,Charge Compensation Modulation of the Thermoelectric Properties in AgSbTe2 via Mn Amphoteric Doping.pdf,AgSbTe2,MnSb monodoped (x=0.07),AgSb1-xMnxTe2 (x=0.07),1,No,Mn,7 mol %,Sb,,Mn (7 mol %) @ Sb site,,133 μV K-1,,0.62 dimensionless,550 K
10.1021/acs.inorgchem.9b00852,Charge Compensation Modulation of the Thermoelectric Properties in AgSbTe2 via Mn Amphoteric Doping.pdf,AgSbTe2,Mn_ag y=0.05,Ag0.95Mn0.05SbTe2,1,No,Mn,0.05,Ag,,Mn (0.05) @ Ag site,,,,0.58 dimensionless,550 K
10.1021/acs.inorgchem.9b00852,Charge Compensation Modulation of the Thermoelectric Properties in AgSbTe2 via Mn Amphoteric Doping.pdf,AgSbTe2,"Mn_ag-Mn_sb x=0.05, y=0.05",Ag0.95Mn0.05Sb0.95Mn0.05Te2,2,Yes,Mn,0.05,Ag,Mn (0.05) @ Sb,Mn (0.05) @ Ag site; Mn (0.05) @ Sb site,,,,0.74 dimensionless,550 K
10.1021/acs.inorgchem.9b00852,Charge Compensation Modulation of the Thermoelectric Properties in AgSbTe2 via Mn Amphoteric Doping.pdf,AgSbTe2,Mn_sb x=0.01,AgSb0.99Mn0.01Te2,1,No,Mn,0.01,Sb,,Mn (0.01) @ Sb site,,,,0.55 dimensionless,550 K
10.1021/acs.inorgchem.9b00852,Charge Compensation Modulation of the Thermoelectric Properties in AgSbTe2 via Mn Amphoteric Doping.pdf,AgSbTe2,Mn_sb x=0.05,AgSb0.95Mn0.05Te2,1,No,Mn,0.05,Sb,,Mn (0.05) @ Sb site,,,,0.65 dimensionless,550 K
10.1021/acs.inorgchem.9b00852,Charge Compensation Modulation of the Thermoelectric Properties in AgSbTe2 via Mn Amphoteric Doping.pdf,AgSbTe2,Mn_sb x=0.07,AgSb0.93Mn0.07Te2,1,No,Mn,0.07,Sb,,Mn (0.07) @ Sb site,,,,0.68 dimensionless,550 K
10.1021/acs.inorgchem.9b00852,Charge Compensation Modulation of the Thermoelectric Properties in AgSbTe2 via Mn Amphoteric Doping.pdf,AgSbTe2,Pristine,AgSbTe2,0,No,,,,,,,,,0.5 dimensionless,550 K
10.1021/acs.inorgchem.9b00852,Charge Compensation Modulation of the Thermoelectric Properties in AgSbTe2 via Mn Amphoteric Doping.pdf,AgSbTe2,Pristine AgSbTe2,AgSbTe2,0,No,,,,,,,82 μV K-1,3.84 10^4 S m-1,,300 K
10.1021/acs.inorgchem.9b00852,Charge Compensation Modulation of the Thermoelectric Properties in AgSbTe2 via Mn Amphoteric Doping.pdf,AgSbTe2,Pristine AgSbTe2,AgSbTe2,0,No,,,,,,,165 μV K-1,,0.48 dimensionless,550 K
10.1088/0022-3727/45/11/115302,Chen_2012_J._Phys._D__Appl._Phys._45_115302.pdf,Ag0.366Sb0.558Te,"(Ag0.366Sb0.558Te)1-x(GeTe)x, x=0",Ag0.366Sb0.558Te,0,No,,,,,,plotted W/mK^2,plotted uV/K,plotted S/m,plotted dimensionless,not reported
10.1088/0022-3727/45/11/115302,Chen_2012_J._Phys._D__Appl._Phys._45_115302.pdf,Ag0.366Sb0.558Te,"(Ag0.366Sb0.558Te)1-x(GeTe)x, x=0.02",(Ag0.366Sb0.558Te)0.98(GeTe)0.02,1,No,GeTe,x=0.02,unclear,,GeTe (x=0.02) @ unclear site,plotted W/mK^2,plotted uV/K,plotted S/m,plotted dimensionless,not reported
10.1088/0022-3727/45/11/115302,Chen_2012_J._Phys._D__Appl._Phys._45_115302.pdf,Ag0.366Sb0.558Te,"(Ag0.366Sb0.558Te)1-x(GeTe)x, x=0.04",(Ag0.366Sb0.558Te)0.96(GeTe)0.04,1,No,GeTe,x=0.04,unclear,,GeTe (x=0.04) @ unclear site,plotted W/mK^2,plotted uV/K,plotted S/m,plotted dimensionless,not reported
10.1088/0022-3727/45/11/115302,Chen_2012_J._Phys._D__Appl._Phys._45_115302.pdf,Ag0.366Sb0.558Te,"(Ag0.366Sb0.558Te)1-x(GeTe)x, x=0.06",(Ag0.366Sb0.558Te)0.94(GeTe)0.06,1,No,GeTe,x=0.06,unclear,,GeTe (x=0.06) @ unclear site,plotted W/mK^2,plotted uV/K,plotted S/m,plotted dimensionless,not reported
10.1088/0022-3727/45/11/115302,Chen_2012_J._Phys._D__Appl._Phys._45_115302.pdf,Ag0.366Sb0.558Te,"(Ag0.366Sb0.558Te)1-x(GeTe)x, x=0.08",(Ag0.366Sb0.558Te)0.92(GeTe)0.08,1,No,GeTe,x=0.08,unclear,,GeTe (x=0.08) @ unclear site,plotted W/mK^2,plotted uV/K,plotted S/m,plotted dimensionless,not reported
10.1088/0022-3727/45/11/115302,Chen_2012_J._Phys._D__Appl._Phys._45_115302.pdf,Ag0.366Sb0.558Te,0% GeTe,"(Ag0.366Sb0.558Te)1-x(GeTe)x, x=0",1,No,Ge,0%,unclear,,Ge (0%) @ unclear site,,400 uV/K,4000 Sm^-1,0.15 dimensionless,300 K
10.1088/0022-3727/45/11/115302,Chen_2012_J._Phys._D__Appl._Phys._45_115302.pdf,Ag0.366Sb0.558Te,0% GeTe,"(Ag0.366Sb0.558Te)1-x(GeTe)x, x=0",1,No,Ge,0%,unclear,,Ge (0%) @ unclear site,5.5 uW/cmK^2,450 uV/K,,0.55 dimensionless,500 K
10.1088/0022-3727/45/11/115302,Chen_2012_J._Phys._D__Appl._Phys._45_115302.pdf,Ag0.366Sb0.558Te,0% GeTe,"(Ag0.366Sb0.558Te)1-x(GeTe)x, x=0",1,No,Ge,0%,unclear,,Ge (0%) @ unclear site,,,4000 Sm^-1,,600 K
10.1088/0022-3727/45/11/115302,Chen_2012_J._Phys._D__Appl._Phys._45_115302.pdf,Ag0.366Sb0.558Te,1% GeTe,"(Ag0.366Sb0.558Te)1-x(GeTe)x, x=1%",1,No,Ge,1%,unclear,,Ge (1%) @ unclear site,,200 uV/K,12000 Sm^-1,0.15 dimensionless,300 K
10.1088/0022-3727/45/11/115302,Chen_2012_J._Phys._D__Appl._Phys._45_115302.pdf,Ag0.366Sb0.558Te,1% GeTe,"(Ag0.366Sb0.558Te)1-x(GeTe)x, x=1%",1,No,Ge,1%,unclear,,Ge (1%) @ unclear site,4.5 uW/cmK^2,250 uV/K,,0.4 dimensionless,500 K
10.1088/0022-3727/45/11/115302,Chen_2012_J._Phys._D__Appl._Phys._45_115302.pdf,Ag0.366Sb0.558Te,1% GeTe,"(Ag0.366Sb0.558Te)1-x(GeTe)x, x=1%",1,No,Ge,1%,unclear,,Ge (1%) @ unclear site,,,10000 Sm^-1,,600 K
10.1088/0022-3727/45/11/115302,Chen_2012_J._Phys._D__Appl._Phys._45_115302.pdf,Ag0.366Sb0.558Te,8% GeTe,"(Ag0.366Sb0.558Te)1-x(GeTe)x, x=8%",1,No,Ge,8%,unclear,,Ge (8%) @ unclear site,,100 uV/K,13000 Sm^-1,0.1 dimensionless,300 K
10.1088/0022-3727/45/11/115302,Chen_2012_J._Phys._D__Appl._Phys._45_115302.pdf,Ag0.366Sb0.558Te,8% GeTe,"(Ag0.366Sb0.558Te)1-x(GeTe)x, x=8%",1,No,Ge,8%,unclear,,Ge (8%) @ unclear site,3.5 uW/cmK^2,150 uV/K,,0.2 dimensionless,500 K
10.1088/0022-3727/45/11/115302,Chen_2012_J._Phys._D__Appl._Phys._45_115302.pdf,Ag0.366Sb0.558Te,8% GeTe,"(Ag0.366Sb0.558Te)1-x(GeTe)x, x=8%",1,No,Ge,8%,unclear,,Ge (8%) @ unclear site,,,12000 Sm^-1,,600 K
10.1016/j.jallcom.2026.189224,"Contrasting roles of small-radius metals (Cu, Zn, Ni) in enhancing the thermoelectric properties of AgSbTe2.pdf",AgSbTe2,AgSb0.97Cu0.03Te2,AgSb0.97Cu0.03Te2,1,No,Cu,0.03,Sb,,Cu (0.03) @ Sb site,16.19 μW cm-1 K-2,254 μV K-1,268 S cm-1,,300 K
10.1016/j.jallcom.2026.189224,"Contrasting roles of small-radius metals (Cu, Zn, Ni) in enhancing the thermoelectric properties of AgSbTe2.pdf",AgSbTe2,AgSb0.97Cu0.03Te2,AgSb0.97Cu0.03Te2,1,No,Cu,0.03,Sb,,Cu (0.03) @ Sb site,,,,1.67 dimensionless,623 K
10.1016/j.jallcom.2026.189224,"Contrasting roles of small-radius metals (Cu, Zn, Ni) in enhancing the thermoelectric properties of AgSbTe2.pdf",AgSbTe2,AgSb0.97Cu0.03Te2,AgSb0.97Cu0.03Te2,1,No,Cu,0.03,Sb,,Cu (0.03) @ Sb site,14.75 μW cm-1 K-2,,,,300-623 K
10.1016/j.jallcom.2026.189224,"Contrasting roles of small-radius metals (Cu, Zn, Ni) in enhancing the thermoelectric properties of AgSbTe2.pdf",AgSbTe2,AgSb0.985Ni0.015Te2,AgSb0.985Ni0.015Te2,1,No,Ni,0.015,Sb,,Ni (0.015) @ Sb site,13.14 μW cm-1 K-2,228 μV K-1,165 S cm-1,,300 K
10.1016/j.jallcom.2026.189224,"Contrasting roles of small-radius metals (Cu, Zn, Ni) in enhancing the thermoelectric properties of AgSbTe2.pdf",AgSbTe2,AgSb0.985Ni0.015Te2,AgSb0.985Ni0.015Te2,1,No,Ni,0.015,Sb,,Ni (0.015) @ Sb site,13.1 μW cm-1 K-2,,,,623 K
10.1016/j.jallcom.2026.189224,"Contrasting roles of small-radius metals (Cu, Zn, Ni) in enhancing the thermoelectric properties of AgSbTe2.pdf",AgSbTe2,AgSb0.985Ni0.015Te2,AgSb0.985Ni0.015Te2,1,No,Ni,0.015,Sb,,Ni (0.015) @ Sb site,11.38 μW cm-1 K-2,,,,300-623 K
10.1016/j.jallcom.2026.189224,"Contrasting roles of small-radius metals (Cu, Zn, Ni) in enhancing the thermoelectric properties of AgSbTe2.pdf",AgSbTe2,AgSb0.98Zn0.02Te2,AgSb0.98Zn0.02Te2,1,No,Zn,0.02,Sb,,Zn (0.02) @ Sb site,15.67 μW cm-1 K-2,250 μV K-1,130 S cm-1,,300 K
10.1016/j.jallcom.2026.189224,"Contrasting roles of small-radius metals (Cu, Zn, Ni) in enhancing the thermoelectric properties of AgSbTe2.pdf",AgSbTe2,AgSb0.98Zn0.02Te2,AgSb0.98Zn0.02Te2,1,No,Zn,0.02,Sb,,Zn (0.02) @ Sb site,13.25 μW cm-1 K-2,,,,300-623 K
10.1016/j.jallcom.2026.189224,"Contrasting roles of small-radius metals (Cu, Zn, Ni) in enhancing the thermoelectric properties of AgSbTe2.pdf",AgSbTe2,AgSbTe2,AgSbTe2,0,No,,,,,,9.21 μW cm-1 K-2,242 μV K-1,138 S cm-1,,300 K
10.1016/j.jallcom.2026.189224,"Contrasting roles of small-radius metals (Cu, Zn, Ni) in enhancing the thermoelectric properties of AgSbTe2.pdf",AgSbTe2,AgSbTe2,AgSbTe2,0,No,,,,,,8.86 μW cm-1 K-2,,,,300-623 K
10.1088/0953-8984/23/13/135305,Drymiotis_2011_J._Phys.__Condens._Matter_23_135305.pdf,Cu0.2Ag2.8SbSeTe2,Cu0.2Ag2.8SbSeTe2,Cu0.2Ag2.8SbSeTe2,1,No,Cu,0.2,unclear,,Cu (0.2) @ unclear site,,,,1.5 dimensionless | 1.75 dimensionless,680 K
10.1088/0953-8984/23/13/135305,Drymiotis_2011_J._Phys.__Condens._Matter_23_135305.pdf,Cu0.2Ag2.8SbSeTe2,quenched Cu0.2Ag2.8SbSeTe2,Cu0.2Ag2.8SbSeTe2,0,No,,,,,,,,3.8 mΩ cm,1.5 dimensionless,680 K
10.1088/0953-8984/23/13/135305,Drymiotis_2011_J._Phys.__Condens._Matter_23_135305.pdf,Cu0.2Ag2.8SbSeTe2,slow-cooled Cu0.2Ag2.8SbSeTe2,Cu0.2Ag2.8SbSeTe2,0,No,,,,,,,,3.3 mΩ cm,1.75 dimensionless,680 K
10.1088/0953-8984/23/13/135305,Drymiotis_2011_J._Phys.__Condens._Matter_23_135305.pdf,Cu0.2Ag2.8SbSeTe2,slow-cooled Cu0.2Ag2.8SbSeTe2,Cu0.2Ag2.8SbSeTe2,0,No,,,,,,,230 μV K-1,,,700 K
10.1088/1674-1056/27/4/048102,Du_2018_Chinese_Phys._B_27_048102.pdf,AgSbTe2-family,(GeTe)80(AgSbSe2)20,(GeTe)80(AgSbSe2)20,1,No,AgSbSe2,20%,multiple sites,,AgSbSe2 (20%) @ multiple sites site,,,,1.9 dimensionless,660 K
10.1088/1674-1056/27/4/048102,Du_2018_Chinese_Phys._B_27_048102.pdf,AgSbTe2-family,(GeTe)80(AgSbSe2)20,(GeTe)80(AgSbSe2)20,1,No,AgSbSe2,20 mol%,unclear,,AgSbSe2 (20 mol%) @ unclear site,,150 μV/K,1000 S/cm,1.2 dimensionless,700 K
10.1088/1674-1056/27/4/048102,Du_2018_Chinese_Phys._B_27_048102.pdf,AgSbTe2-family,(GeTe)80(AgSbSe2)20,(GeTe)80(AgSbSe2)20,1,No,AgSbSe2,20%,multiple sites,,AgSbSe2 (20%) @ multiple sites site,,,,1.4 dimensionless,300-700 K
10.1007/s11664-014-3076-7,Effect of Ce Substitution for Sb on the Thermoelectric Properties of AgSbTe2 Compound.pdf,AgSbTe2,AgCe0.005Sb0.995Te2.01,AgCe0.005Sb0.995Te2.01,1,No,Ce,x = 0.005,Sb,,Ce (x = 0.005) @ Sb site,,230 uV K^-1,1.7 10^4 S m^-1,0.45 dimensionless,300 K
10.1007/s11664-014-3076-7,Effect of Ce Substitution for Sb on the Thermoelectric Properties of AgSbTe2 Compound.pdf,AgSbTe2,AgCe0.005Sb0.995Te2.01,AgCe0.005Sb0.995Te2.01,1,No,Ce,x = 0.005,Sb,,Ce (x = 0.005) @ Sb site,,250 uV K^-1,1.8 10^4 S m^-1,1.05 dimensionless,500 K
10.1007/s11664-014-3076-7,Effect of Ce Substitution for Sb on the Thermoelectric Properties of AgSbTe2 Compound.pdf,AgSbTe2,AgCe0.01Sb0.98Te2.01,Ag0.92Ce0.007Sb1.06Te2.01,1,No,Ce,0.01,Sb,,Ce (0.01) @ Sb site,,,,1.20 dimensionless,615 K
10.1007/s11664-014-3076-7,Effect of Ce Substitution for Sb on the Thermoelectric Properties of AgSbTe2 Compound.pdf,AgSbTe2,AgCe0.01Sb0.99Te2.01,AgCe0.01Sb0.99Te2.01,1,No,Ce,x = 0.01,Sb,,Ce (x = 0.01) @ Sb site,,235 uV K^-1,1.6 10^4 S m^-1,0.48 dimensionless,300 K
10.1007/s11664-014-3076-7,Effect of Ce Substitution for Sb on the Thermoelectric Properties of AgSbTe2 Compound.pdf,AgSbTe2,AgCe0.01Sb0.99Te2.01,AgCe0.01Sb0.99Te2.01,1,No,Ce,x = 0.01,Sb,,Ce (x = 0.01) @ Sb site,,,,1.0 dimensionless,475 K
10.1007/s11664-014-3076-7,Effect of Ce Substitution for Sb on the Thermoelectric Properties of AgSbTe2 Compound.pdf,AgSbTe2,AgCe0.01Sb0.99Te2.01,AgCe0.01Sb0.99Te2.01,1,No,Ce,x = 0.01,Sb,,Ce (x = 0.01) @ Sb site,,255 uV K^-1,1.7 10^4 S m^-1,1.0 dimensionless,500 K
10.1007/s11664-014-3076-7,Effect of Ce Substitution for Sb on the Thermoelectric Properties of AgSbTe2 Compound.pdf,AgSbTe2,AgCe0.03Sb0.97Te2.01,AgCe0.03Sb0.97Te2.01,1,No,Ce,x = 0.03,Sb,,Ce (x = 0.03) @ Sb site,,225 uV K^-1,1.5 10^4 S m^-1,0.42 dimensionless,300 K
10.1007/s11664-014-3076-7,Effect of Ce Substitution for Sb on the Thermoelectric Properties of AgSbTe2 Compound.pdf,AgSbTe2,AgCe0.03Sb0.97Te2.01,AgCe0.03Sb0.97Te2.01,1,No,Ce,x = 0.03,Sb,,Ce (x = 0.03) @ Sb site,,245 uV K^-1,1.6 10^4 S m^-1,0.95 dimensionless,500 K
10.1007/s11664-014-3076-7,Effect of Ce Substitution for Sb on the Thermoelectric Properties of AgSbTe2 Compound.pdf,AgSbTe2,AgSbTe2,AgSbTe2,0,No,,,,,,,260 uV K^-1,1.0 10^4 S m^-1,0.55 dimensionless,300 K
10.1007/s11664-014-3076-7,Effect of Ce Substitution for Sb on the Thermoelectric Properties of AgSbTe2 Compound.pdf,AgSbTe2,AgSbTe2,AgSbTe2,0,No,,,,,,,300 uV K^-1,1.4 10^4 S m^-1,1.25 dimensionless,500 K
10.1007/s11664-014-3076-7,Effect of Ce Substitution for Sb on the Thermoelectric Properties of AgSbTe2 Compound.pdf,AgSbTe2,AgSbTe2.01,Ag0.98Sb1.02Te2.01,0,No,,,,,,,,,1.40 dimensionless,560 K
10.1007/s11664-014-3076-7,Effect of Ce Substitution for Sb on the Thermoelectric Properties of AgSbTe2 Compound.pdf,AgSbTe2,AgSbTe2.01,AgSbTe2.01,0,No,,,,,,,,,1.40 dimensionless,560 K
10.3938/jkps.68.164,Effect of La-doping on AgSbTe2 thermoelectric compounds.pdf,AgSbTe2,Ag(Sb0.99La0.01)Te2,Ag(Sb0.99La0.01)Te2,1,No,La,0.01,Sb,,La (0.01) @ Sb site,,,,1.50 dimensionless,573 K
10.3938/jkps.68.164,Effect of La-doping on AgSbTe2 thermoelectric compounds.pdf,AgSbTe2,AgSbTe2,AgSbTe2,0,No,,,,,,,,,1.39 dimensionless,673 K
10.3938/jkps.68.164,Effect of La-doping on AgSbTe2 thermoelectric compounds.pdf,AgSbTe2,x=0,AgSbTe2,0,No,,,,,,,,,1.39 dimensionless,673 K
10.3938/jkps.68.164,Effect of La-doping on AgSbTe2 thermoelectric compounds.pdf,AgSbTe2,x=0,AgSbTe2,0,No,,,,,,,85.72 μV/K,44.25 10^3 S/m,,room temperature
10.3938/jkps.68.164,Effect of La-doping on AgSbTe2 thermoelectric compounds.pdf,AgSbTe2,x=0.01,Ag(Sb0.99La0.01)Te2,1,No,La,0.01,Sb,,La (0.01) @ Sb site,,,,1.50 dimensionless,573 K
10.3938/jkps.68.164,Effect of La-doping on AgSbTe2 thermoelectric compounds.pdf,AgSbTe2,x=0.01,Ag(Sb0.99La0.01)Te2,1,No,La,0.01,Sb,,La (0.01) @ Sb site,,227.57 μV/K,19.37 10^3 S/m,,room temperature
10.3938/jkps.68.164,Effect of La-doping on AgSbTe2 thermoelectric compounds.pdf,AgSbTe2,x=0.02,Ag(Sb0.98La0.02)Te2,1,No,La,0.02,Sb,,La (0.02) @ Sb site,,278.77 μV/K,3.83 10^3 S/m,,room temperature
10.3938/jkps.68.164,Effect of La-doping on AgSbTe2 thermoelectric compounds.pdf,AgSbTe2,x=0.02,Ag(Sb0.98La0.02)Te2,1,No,La,0.02,Sb,,La (0.02) @ Sb site,,358 μV/K,,,not reported
10.3938/jkps.68.164,Effect of La-doping on AgSbTe2 thermoelectric compounds.pdf,AgSbTe2,x=0.03,Ag(Sb0.97La0.03)Te2,1,No,La,0.03,Sb,,La (0.03) @ Sb site,,214.90 μV/K,6.06 10^3 S/m,,room temperature
10.3938/jkps.68.164,Effect of La-doping on AgSbTe2 thermoelectric compounds.pdf,AgSbTe2,x=0.05,Ag(Sb0.95La0.05)Te2,1,No,La,0.05,Sb,,La (0.05) @ Sb site,,240.91 μV/K,6.14 10^3 S/m,,room temperature
10.1109/NMDC.2011.6155313,Effects_of_nano-domains_on_thermoelectric_properties_in_telluride_system.pdf,AgSbTe2,AgSbTe2,AgSbTe2,0,No,,,,,,1.23 mW/m K^2 | 1.23 mW/m·K^2,253 uV/K,19.23 S/cm | 19230.77 S/m,1.47 dimensionless,623 K
10.1007/s13391-011-0914-0,Electron transport properties of La-doped AgSbTe2 thermoelectric compounds.pdf,AgSbTe2,x=0,AgSbTe2,0,No,,,,,,,85.72 µV/K,22.6 µΩm,,room temperature
10.1007/s13391-011-0914-0,Electron transport properties of La-doped AgSbTe2 thermoelectric compounds.pdf,AgSbTe2,x=0,AgSbTe2,0,No,,,,,,,85.72 uV/K,44.25 S/cm,,not reported
10.1007/s13391-011-0914-0,Electron transport properties of La-doped AgSbTe2 thermoelectric compounds.pdf,AgSbTe2,x=0.01,Ag(Sb0.99La0.01)Te2,1,No,La,0.01,Sb,,La (0.01) @ Sb site,,227.57 µV/K,51.64 µΩm,,room temperature
10.1007/s13391-011-0914-0,Electron transport properties of La-doped AgSbTe2 thermoelectric compounds.pdf,AgSbTe2,x=0.01,Ag(Sb0.99La0.01)Te2,1,No,La,0.01,Sb,,La (0.01) @ Sb site,,227.57 uV/K,,,not reported
10.1007/s13391-011-0914-0,Electron transport properties of La-doped AgSbTe2 thermoelectric compounds.pdf,AgSbTe2,x=0.02,Ag(Sb0.98La0.02)Te2,1,No,La,0.02,Sb,,La (0.02) @ Sb site,,358 µV/K,,,150 °C
10.1007/s13391-011-0914-0,Electron transport properties of La-doped AgSbTe2 thermoelectric compounds.pdf,AgSbTe2,x=0.02,Ag(Sb0.98La0.02)Te2,1,No,La,0.02,Sb,,La (0.02) @ Sb site,,358 uV/K,,,150 C
10.1007/s13391-011-0914-0,Electron transport properties of La-doped AgSbTe2 thermoelectric compounds.pdf,AgSbTe2,x=0.02,Ag(Sb0.98La0.02)Te2,1,No,La,0.02,Sb,,La (0.02) @ Sb site,,278.77 µV/K,261.05 µΩm,,room temperature
10.1007/s13391-011-0914-0,Electron transport properties of La-doped AgSbTe2 thermoelectric compounds.pdf,AgSbTe2,x=0.02,Ag(Sb0.98La0.02)Te2,1,No,La,0.02,Sb,,La (0.02) @ Sb site,,278.77 uV/K,,,not reported
10.1007/s13391-011-0914-0,Electron transport properties of La-doped AgSbTe2 thermoelectric compounds.pdf,AgSbTe2,x=0.03,Ag(Sb0.97La0.03)Te2,1,No,La,0.03,Sb,,La (0.03) @ Sb site,,214.9 µV/K,164.95 µΩm,,room temperature
10.1007/s13391-011-0914-0,Electron transport properties of La-doped AgSbTe2 thermoelectric compounds.pdf,AgSbTe2,x=0.03,Ag(Sb0.97La0.03)Te2,1,No,La,0.03,Sb,,La (0.03) @ Sb site,,214.9 uV/K,,,not reported
10.1007/s13391-011-0914-0,Electron transport properties of La-doped AgSbTe2 thermoelectric compounds.pdf,AgSbTe2,x=0.05,Ag(Sb0.95La0.05)Te2,1,No,La,0.05,Sb,,La (0.05) @ Sb site,,240.91 µV/K,162.87 µΩm,,room temperature
10.1007/s13391-011-0914-0,Electron transport properties of La-doped AgSbTe2 thermoelectric compounds.pdf,AgSbTe2,x=0.05,Ag(Sb0.95La0.05)Te2,1,No,La,0.05,Sb,,La (0.05) @ Sb site,,240.91 uV/K,,,not reported
10.1021/acsami.4c20502,Enhanced Thermoelectric Properties of AgSb1–xPbxBiySe2 Achieved via Microwave Smelting Combined with Spark Plasma Sintering.pdf,AgSbSe2,AgSb0.955Pb0.045Bi0.025Se2,AgSb0.955Pb0.045Bi0.025Se2,2,Yes,Pb,0.045,Sb,Bi (0.025) @ Sb,Pb (0.045) @ Sb site; Bi (0.025) @ Sb site,420 uW m^-1 K^-2,165 uV/K,150 S/cm,0.25 dimensionless,300 K
10.1021/acsami.4c20502,Enhanced Thermoelectric Properties of AgSb1–xPbxBiySe2 Achieved via Microwave Smelting Combined with Spark Plasma Sintering.pdf,AgSbSe2,AgSb0.955Pb0.045Bi0.025Se2,AgSb0.955Pb0.045Bi0.025Se2,2,Yes,Pb,0.045,Sb,Bi (0.025) @ unclear,Pb (0.045) @ Sb site; Bi (0.025) @ unclear site,720 μWK-2 m-1 | 731 μWK-2 m-1,,,1.23 dimensionless,723 K
10.1021/acsami.4c20502,Enhanced Thermoelectric Properties of AgSb1–xPbxBiySe2 Achieved via Microwave Smelting Combined with Spark Plasma Sintering.pdf,AgSbSe2,"AgSb1-xPbxBiSe2 (x=0, y=0)",AgSbTe2,0,No,,,,,,280 uW m^-1 K^-2,225 uV/K,55 S/cm,0.2 dimensionless,300 K
10.1021/acsami.4c20502,Enhanced Thermoelectric Properties of AgSb1–xPbxBiySe2 Achieved via Microwave Smelting Combined with Spark Plasma Sintering.pdf,AgSbSe2,AgSb1-xPbxSe2 (x=0),AgSbSe2,0,No,,,,,,280 uW m-1 K-2,200 uV K-1,50 S cm-1,0.15 dimensionless,300 K
10.1021/acsami.4c20502,Enhanced Thermoelectric Properties of AgSb1–xPbxBiySe2 Achieved via Microwave Smelting Combined with Spark Plasma Sintering.pdf,AgSbSe2,AgSb1-xPbxSe2 (x=0.00),AgSbSe2,0,No,,,,,,,224.598 μV K-1,,,300 K
10.1021/acsami.4c20502,Enhanced Thermoelectric Properties of AgSb1–xPbxBiySe2 Achieved via Microwave Smelting Combined with Spark Plasma Sintering.pdf,AgSbSe2,AgSb1-xPbxSe2 (x=0.00),AgSbSe2,0,No,,,,,,,284.391 μV K-1,,,673 K
10.1021/acsami.4c20502,Enhanced Thermoelectric Properties of AgSb1–xPbxBiySe2 Achieved via Microwave Smelting Combined with Spark Plasma Sintering.pdf,AgSbSe2,AgSb1-xPbxSe2 (x=0.05),AgSb0.95Pb0.05Se2,1,No,Pb,0.05,Sb,,Pb (0.05) @ Sb site,,167.111 μV K-1,,,300 K
10.1021/acsami.4c20502,Enhanced Thermoelectric Properties of AgSb1–xPbxBiySe2 Achieved via Microwave Smelting Combined with Spark Plasma Sintering.pdf,AgSbSe2,AgSb1-xPbxSe2 (x=0.05),AgSb0.95Pb0.05Se2,1,No,Pb,x=0.05,Sb,,Pb (x=0.05) @ Sb site,350 uW m-1 K-2,180 uV K-1,105 S cm-1,0.20 dimensionless,300 K
10.1021/acsami.4c20502,Enhanced Thermoelectric Properties of AgSb1–xPbxBiySe2 Achieved via Microwave Smelting Combined with Spark Plasma Sintering.pdf,AgSbSe2,AgSb1-xPbxSe2 (x=0.05),AgSb0.95Pb0.05Se2,1,No,Pb,0.05,Sb,,Pb (0.05) @ Sb site,,252.554 μV K-1,,,673 K
10.1016/j.ceramint.2022.06.092,Enhanced thermoelectric composite performance from graphene nanosheets additives in AgSbTe2 matrix.pdf,AgSbTe2,0 vol% graphene,AgSbTe2,0,No,,,,,,6 uWcm^-1K^-2,210 uV/K,1.5 10^4 S/m,,300 K
10.1016/j.ceramint.2022.06.092,Enhanced thermoelectric composite performance from graphene nanosheets additives in AgSbTe2 matrix.pdf,AgSbTe2,0 vol% graphene/AgSbTe2,AgSbTe2,0,No,,,,,,,,1.6 10^4 S/m,,room temperature
10.1016/j.ceramint.2022.06.092,Enhanced thermoelectric composite performance from graphene nanosheets additives in AgSbTe2 matrix.pdf,AgSbTe2,0 vol% graphene/AgSbTe2,AgSbTe2,0,No,,,,,,,,,0.74 dimensionless,500K
10.1016/j.ceramint.2022.06.092,Enhanced thermoelectric composite performance from graphene nanosheets additives in AgSbTe2 matrix.pdf,AgSbTe2,0.6 vol% graphene,AgSbTe2 + 0.6 vol% graphene,1,No,graphene,0.6 vol%,interstitial,,graphene (0.6 vol%) @ interstitial site,7 uWcm^-1K^-2,185 uV/K,1.8 10^4 S/m,,300 K
10.1016/j.ceramint.2022.06.092,Enhanced thermoelectric composite performance from graphene nanosheets additives in AgSbTe2 matrix.pdf,AgSbTe2,0.6 vol% graphene/AgSbTe2,AgSbTe2 + 0.6 vol% graphene,1,No,graphene,0.6 vol%,interstitial,,graphene (0.6 vol%) @ interstitial site,,,,0.40 dimensionless,300 K
10.1016/j.ceramint.2022.06.092,Enhanced thermoelectric composite performance from graphene nanosheets additives in AgSbTe2 matrix.pdf,AgSbTe2,0.6 vol% graphene/AgSbTe2,AgSbTe2 + 0.6 vol% graphene,1,No,graphene,0.6 vol%,interstitial,,graphene (0.6 vol%) @ interstitial site,,,,1.05 dimensionless,500 K
10.1016/j.ceramint.2022.06.092,Enhanced thermoelectric composite performance from graphene nanosheets additives in AgSbTe2 matrix.pdf,AgSbTe2,0.9 vol% graphene,AgSbTe2 + 0.9 vol% graphene,1,No,graphene,0.9 vol%,interstitial,,graphene (0.9 vol%) @ interstitial site,8 uWcm^-1K^-2,205 uV/K,2.4 10^4 S/m,,300 K
10.1016/j.ceramint.2022.06.092,Enhanced thermoelectric composite performance from graphene nanosheets additives in AgSbTe2 matrix.pdf,AgSbTe2,0.9 vol% graphene/AgSbTe2,AgSbTe2 + 0.9 vol% graphene,1,No,graphene,0.9 vol%,interstitial,,graphene (0.9 vol%) @ interstitial site,,,,0.45 dimensionless,300 K
10.1016/j.ceramint.2022.06.092,Enhanced thermoelectric composite performance from graphene nanosheets additives in AgSbTe2 matrix.pdf,AgSbTe2,0.9 vol% graphene/AgSbTe2,AgSbTe2 + 0.9 vol% graphene,1,No,graphene,0.9 vol%,interstitial,,graphene (0.9 vol%) @ interstitial site,,,,1.25 dimensionless,500 K
10.1016/j.ceramint.2022.06.092,Enhanced thermoelectric composite performance from graphene nanosheets additives in AgSbTe2 matrix.pdf,AgSbTe2,0.9 vol% graphene/AgSbTe2,0.9 vol% graphene/AgSbTe2,1,No,graphene,0.9 vol%,interstitial,,graphene (0.9 vol%) @ interstitial site,,,2.5 10^4 S/m,,room temperature
10.1016/j.ceramint.2022.06.092,Enhanced thermoelectric composite performance from graphene nanosheets additives in AgSbTe2 matrix.pdf,AgSbTe2,0.9 vol% graphene/AgSbTe2,0.9 vol% graphene/AgSbTe2,1,No,graphene,0.9 vol%,interstitial,,graphene (0.9 vol%) @ interstitial site,13 μW cm^-1 K^-2,,,1.25 dimensionless,500K
10.1016/j.ceramint.2022.06.092,Enhanced thermoelectric composite performance from graphene nanosheets additives in AgSbTe2 matrix.pdf,AgSbTe2,1.2 vol% graphene,AgSbTe2 + 1.2 vol% graphene,1,No,graphene,1.2 vol%,interstitial,,graphene (1.2 vol%) @ interstitial site,7.5 uWcm^-1K^-2,200 uV/K,1.9 10^4 S/m,,300 K
10.1016/j.ceramint.2022.06.092,Enhanced thermoelectric composite performance from graphene nanosheets additives in AgSbTe2 matrix.pdf,AgSbTe2,1.2 vol% graphene/AgSbTe2,AgSbTe2 + 1.2 vol% graphene,1,No,graphene,1.2 vol%,interstitial,,graphene (1.2 vol%) @ interstitial site,,,,0.42 dimensionless,300 K
10.1016/j.ceramint.2022.06.092,Enhanced thermoelectric composite performance from graphene nanosheets additives in AgSbTe2 matrix.pdf,AgSbTe2,1.2 vol% graphene/AgSbTe2,AgSbTe2 + 1.2 vol% graphene,1,No,graphene,1.2 vol%,interstitial,,graphene (1.2 vol%) @ interstitial site,,,,1.15 dimensionless,500 K
10.1016/j.ceramint.2022.06.092,Enhanced thermoelectric composite performance from graphene nanosheets additives in AgSbTe2 matrix.pdf,AgSbTe2,AgSbTe2,AgSbTe2,0,No,,,,,,,,,0.35 dimensionless,300 K
10.1016/j.ceramint.2022.06.092,Enhanced thermoelectric composite performance from graphene nanosheets additives in AgSbTe2 matrix.pdf,AgSbTe2,AgSbTe2,AgSbTe2,0,No,,,,,,,,,0.85 dimensionless,500 K
10.1016/j.jssc.2010.10.036,Enhanced thermoelectric performance and novel nanopores in AgSbTe2 prepared by melt spinning.pdf,AgSbTe2,MS-SPS,AgSbTe2,0,No,,,,,,,285 mV K^-1,,,390 K
10.1016/j.jssc.2010.10.036,Enhanced thermoelectric performance and novel nanopores in AgSbTe2 prepared by melt spinning.pdf,AgSbTe2,MS-SPS,AgSbTe2,0,No,,,,,,,,,1.65 dimensionless,570 K
10.1016/j.jssc.2010.10.036,Enhanced thermoelectric performance and novel nanopores in AgSbTe2 prepared by melt spinning.pdf,AgSbTe2,MS-SPS,AgSbTe2,0,No,,,,,,1.3 mW K^-2 m^-1,,2.0 * 10^4 S m^-1,,665 K
10.1063/5.0255308,Enhanced thermoelectric performance in AgSbTe2 with extremely low thermal conductivity via grain boundary defects.pdf,AgSbTe2,AgSb0.97Fe0.03Te2.01,AgSb0.97Fe0.03Te2.01,1,No,Fe,0.03,Sb,,Fe (0.03) @ Sb site,,,,1.8 dimensionless,623 K
10.1063/5.0255308,Enhanced thermoelectric performance in AgSbTe2 with extremely low thermal conductivity via grain boundary defects.pdf,AgSbTe2,AgSb1-xFe_xTe2.01 (x=0),AgSbTe2.01,1,No,Fe,0,unclear,,Fe (0) @ unclear site,8 uW cm^-1 K^-2,280 uV/K,100 S/cm,,323 K
10.1063/5.0255308,Enhanced thermoelectric performance in AgSbTe2 with extremely low thermal conductivity via grain boundary defects.pdf,AgSbTe2,AgSb1-xFe_xTe2.01 (x=0),AgSbTe2.01,1,No,Fe,0,unclear,,Fe (0) @ unclear site,10 uW cm^-1 K^-2,240 uV/K,150 S/cm,,623 K
10.1063/5.0255308,Enhanced thermoelectric performance in AgSbTe2 with extremely low thermal conductivity via grain boundary defects.pdf,AgSbTe2,AgSb1-xFe_xTe2.01 (x=0.01),AgSb0.99Fe0.01Te2.01,1,No,Fe,0.01,Sb,,Fe (0.01) @ Sb site,10 uW cm^-1 K^-2,290 uV/K,120 S/cm,,323 K
10.1063/5.0255308,Enhanced thermoelectric performance in AgSbTe2 with extremely low thermal conductivity via grain boundary defects.pdf,AgSbTe2,AgSb1-xFe_xTe2.01 (x=0.01),AgSb0.99Fe0.01Te2.01,1,No,Fe,0.01,Sb,,Fe (0.01) @ Sb site,14 uW cm^-1 K^-2,260 uV/K,200 S/cm,,623 K
10.1063/5.0255308,Enhanced thermoelectric performance in AgSbTe2 with extremely low thermal conductivity via grain boundary defects.pdf,AgSbTe2,AgSb1-xFe_xTe2.01 (x=0.03),AgSb0.97Fe0.03Te2.01,1,No,Fe,0.03,Sb,,Fe (0.03) @ Sb site,12 uW cm^-1 K^-2,280 uV/K,150 S/cm,,323 K
10.1063/5.0255308,Enhanced thermoelectric performance in AgSbTe2 with extremely low thermal conductivity via grain boundary defects.pdf,AgSbTe2,AgSb1-xFe_xTe2.01 (x=0.03),AgSb0.97Fe0.03Te2.01,1,No,Fe,0.03,Sb,,Fe (0.03) @ Sb site,16 uW cm^-1 K^-2,270 uV/K,250 S/cm,1.8 dimensionless,623 K
10.1063/5.0255308,Enhanced thermoelectric performance in AgSbTe2 with extremely low thermal conductivity via grain boundary defects.pdf,AgSbTe2,AgSb1-xFexTe2.01 (x=0),AgSbTe2.01,0,No,,,,,,8.5 uW cm-1 K-2,,,,323 K
10.1063/5.0255308,Enhanced thermoelectric performance in AgSbTe2 with extremely low thermal conductivity via grain boundary defects.pdf,AgSbTe2,AgSb1-xFexTe2.01 (x=0),AgSbTe2.01,0,No,,,,,,,,91 S/cm,,523 K
10.1063/5.0255308,Enhanced thermoelectric performance in AgSbTe2 with extremely low thermal conductivity via grain boundary defects.pdf,AgSbTe2,AgSb1-xFexTe2.01 (x=0.01),AgSb0.99Fe0.01Te2.01,1,No,Fe,x=0.01,Sb,,Fe (x=0.01) @ Sb site,,285 uV/K,,,300 K
10.1063/5.0255308,Enhanced thermoelectric performance in AgSbTe2 with extremely low thermal conductivity via grain boundary defects.pdf,AgSbTe2,AgSb1-xFexTe2.01 (x=0.03),AgSb0.97Fe0.03Te2.01,1,No,Fe,x=0.03,Sb,,Fe (x=0.03) @ Sb site,12.0 uW cm-1 K-2,,,,323 K
10.1063/5.0255308,Enhanced thermoelectric performance in AgSbTe2 with extremely low thermal conductivity via grain boundary defects.pdf,AgSbTe2,AgSb1-xFexTe2.01 (x=0.03),AgSb0.97Fe0.03Te2.01,1,No,Fe,x=0.03,Sb,,Fe (x=0.03) @ Sb site,16.5 uW cm-1 K-2,,264 S/cm,,523 K
10.1063/5.0255308,Enhanced thermoelectric performance in AgSbTe2 with extremely low thermal conductivity via grain boundary defects.pdf,AgSbTe2,AgSb1-xFexTe2.01 (x=0.03),AgSb0.97Fe0.03Te2.01,1,No,Fe,x=0.03,Sb,,Fe (x=0.03) @ Sb site,,,,1.8 dimensionless,623 K
10.1063/1.4828478,Enhanced thermoelectric performance in Bi-doped p-type AgSbTe2 compounds.pdf,AgSbTe2,"Ag(Sb1-xBix)Te2, x=0",AgSbTe2,1,No,Bi,0,Sb,,Bi (0) @ Sb site,,164 uVK^-1,3.6 10^4 Sm^-1,,300 K
10.1063/1.4828478,Enhanced thermoelectric performance in Bi-doped p-type AgSbTe2 compounds.pdf,AgSbTe2,"Ag(Sb1-xBix)Te2, x=0",AgSbTe2,1,No,Bi,0,Sb,,Bi (0) @ Sb site,,,,0.9 dimensionless,570 K
10.1063/1.4828478,Enhanced thermoelectric performance in Bi-doped p-type AgSbTe2 compounds.pdf,AgSbTe2,"Ag(Sb1-xBix)Te2, x=0.03",AgBi0.03Sb0.97Te2,1,No,Bi,0.03,Sb,,Bi (0.03) @ Sb site,,244 uVK^-1,1.10 10^4 Sm^-1,,300 K
10.1063/1.4828478,Enhanced thermoelectric performance in Bi-doped p-type AgSbTe2 compounds.pdf,AgSbTe2,"Ag(Sb1-xBix)Te2, x=0.03",AgBi0.03Sb0.97Te2,1,No,Bi,0.03,Sb,,Bi (0.03) @ Sb site,,,,0.6 dimensionless,570 K
10.1063/1.4828478,Enhanced thermoelectric performance in Bi-doped p-type AgSbTe2 compounds.pdf,AgSbTe2,"Ag(Sb1-xBix)Te2, x=0.05",AgBi0.05Sb0.95Te2,1,No,Bi,0.05,Sb,,Bi (0.05) @ Sb site,,201 uVK^-1,2.02 10^4 Sm^-1,,300 K
10.1063/1.4828478,Enhanced thermoelectric performance in Bi-doped p-type AgSbTe2 compounds.pdf,AgSbTe2,"Ag(Sb1-xBix)Te2, x=0.05",AgBi0.05Sb0.95Te2,1,No,Bi,0.05,Sb,,Bi (0.05) @ Sb site,,,,1.04 dimensionless,570 K
10.1063/1.4828478,Enhanced thermoelectric performance in Bi-doped p-type AgSbTe2 compounds.pdf,AgSbTe2,"Ag(Sb1-xBix)Te2, x=0.07",AgBi0.07Sb0.93Te2,1,No,Bi,0.07,Sb,,Bi (0.07) @ Sb site,,222 uVK^-1,1.26 10^4 Sm^-1,,300 K
10.1063/1.4828478,Enhanced thermoelectric performance in Bi-doped p-type AgSbTe2 compounds.pdf,AgSbTe2,"Ag(Sb1-xBix)Te2, x=0.07",AgBi0.07Sb0.93Te2,1,No,Bi,0.07,Sb,,Bi (0.07) @ Sb site,,,,0.75 dimensionless,570 K
10.1063/1.4828478,Enhanced thermoelectric performance in Bi-doped p-type AgSbTe2 compounds.pdf,AgSbTe2,"Ag(Sb1-xBix)Te2, x=0.1",AgBi0.1Sb0.9Te2,1,No,Bi,0.1,Sb,,Bi (0.1) @ Sb site,,172 uVK^-1,0.85 10^4 Sm^-1,,300 K
10.1063/1.4828478,Enhanced thermoelectric performance in Bi-doped p-type AgSbTe2 compounds.pdf,AgSbTe2,"Ag(Sb1-xBix)Te2, x=0.1",AgBi0.1Sb0.9Te2,1,No,Bi,0.1,Sb,,Bi (0.1) @ Sb site,,,,0.5 dimensionless,570 K
10.1063/1.4828478,Enhanced thermoelectric performance in Bi-doped p-type AgSbTe2 compounds.pdf,AgSbTe2,AgBi0.03Sb0.97Te2,AgBi0.03Sb0.97Te2,1,No,Bi,0.03,Sb,,Bi (0.03) @ Sb site,,244 uVK-1,1.10 10^4 Sm-1,,300 K
10.1063/1.4828478,Enhanced thermoelectric performance in Bi-doped p-type AgSbTe2 compounds.pdf,AgSbTe2,AgBi0.05Sb0.95Te2,AgBi0.05Sb0.95Te2,1,No,Bi,0.05,Sb,,Bi (0.05) @ Sb site,,201 uVK-1,2.02 10^4 Sm-1,,300 K
10.1063/1.4828478,Enhanced thermoelectric performance in Bi-doped p-type AgSbTe2 compounds.pdf,AgSbTe2,AgBi0.05Sb0.95Te2,AgBi0.05Sb0.95Te2,1,No,Bi,0.05,Sb,,Bi (0.05) @ Sb site,,,,1.04 dimensionless,570 K
10.1063/1.4828478,Enhanced thermoelectric performance in Bi-doped p-type AgSbTe2 compounds.pdf,AgSbTe2,AgBi0.07Sb0.93Te2,AgBi0.07Sb0.93Te2,1,No,Bi,0.07,Sb,,Bi (0.07) @ Sb site,,222 uVK-1,1.26 10^4 Sm-1,,300 K
10.1063/1.4828478,Enhanced thermoelectric performance in Bi-doped p-type AgSbTe2 compounds.pdf,AgSbTe2,AgBi0.1Sb0.9Te2,AgBi0.1Sb0.9Te2,1,No,Bi,0.1,Sb,,Bi (0.1) @ Sb site,,172 uVK-1,0.85 10^4 Sm-1,,300 K
10.1063/1.4828478,Enhanced thermoelectric performance in Bi-doped p-type AgSbTe2 compounds.pdf,AgSbTe2,AgSbTe2,AgSbTe2,0,No,,,,,,,164 uVK-1,3.6 10^4 Sm-1,,300 K
10.1016/j.jallcom.2010.10.131,Enhanced thermoelectric performance in Na-doped p-type nonstoichiometric AgSbTe2 compound.pdf,AgSbTe2,Ag0.98Na0.02SbTe2.02,Ag0.98Na0.02SbTe2.02,1,No,Na,0.02,Ag,,Na (0.02) @ Ag site,1.27 W m-1 K-2,,,,300 K
10.1016/j.jallcom.2010.10.131,Enhanced thermoelectric performance in Na-doped p-type nonstoichiometric AgSbTe2 compound.pdf,AgSbTe2,Ag0.98Na0.02SbTe2.02,Ag0.98Na0.02SbTe2.02,1,No,Na,0.02,Ag,,Na (0.02) @ Ag site,,,2.5e4 S m-1,,620 K
10.1016/j.jallcom.2010.10.131,Enhanced thermoelectric performance in Na-doped p-type nonstoichiometric AgSbTe2 compound.pdf,AgSbTe2,Ag0.99Na0.01SbTe2.02,Ag0.99Na0.01SbTe2.02,1,No,Na,0.01,Ag,,Na (0.01) @ Ag site,,,,1.50 dimensionless,650 K
10.1016/j.jallcom.2010.10.131,Enhanced thermoelectric performance in Na-doped p-type nonstoichiometric AgSbTe2 compound.pdf,AgSbTe2,AgSbTe2,AgSbTe2,0,No,,,,,,,250 uV K^-1,1.5 10^4 Sm^-1,0.45 dimensionless,300 K
10.1016/j.jallcom.2010.10.131,Enhanced thermoelectric performance in Na-doped p-type nonstoichiometric AgSbTe2 compound.pdf,AgSbTe2,AgSbTe2,AgSbTe2,0,No,,,,,,,,,1.15 dimensionless,650 K
10.1016/j.jallcom.2010.10.131,Enhanced thermoelectric performance in Na-doped p-type nonstoichiometric AgSbTe2 compound.pdf,AgSbTe2,Na0.01Ag0.99SbTe2,Na0.01Ag0.99SbTe2,1,No,Na,0.01,Ag,,Na (0.01) @ Ag site,,265 uV K^-1,1.2 10^4 Sm^-1,0.4 dimensionless,300 K
10.1016/j.jallcom.2010.10.131,Enhanced thermoelectric performance in Na-doped p-type nonstoichiometric AgSbTe2 compound.pdf,AgSbTe2,Na0.01Ag0.99SbTe2.02,Na0.01Ag0.99SbTe2.02,2,Yes,Na,0.01,Ag,Te (0.02) @ interstitial,Na (0.01) @ Ag site; Te (0.02) @ interstitial site,,255 uV K^-1,1.8 10^4 Sm^-1,0.5 dimensionless,300 K
10.1016/j.jallcom.2010.10.131,Enhanced thermoelectric performance in Na-doped p-type nonstoichiometric AgSbTe2 compound.pdf,AgSbTe2,Na0.02Ag0.98SbTe2,Na0.02Ag0.98SbTe2,1,No,Na,0.02,Ag,,Na (0.02) @ Ag site,1.27 W m-1 K-2,275 uV K^-1,1.0 10^4 Sm^-1,0.35 dimensionless,300 K
10.1016/j.jallcom.2010.10.131,Enhanced thermoelectric performance in Na-doped p-type nonstoichiometric AgSbTe2 compound.pdf,AgSbTe2,Na0.02Ag0.98SbTe2.02,Na0.02Ag0.98SbTe2.02,2,Yes,Na,0.02,Ag,Te (0.02) @ interstitial,Na (0.02) @ Ag site; Te (0.02) @ interstitial site,,240 uV K^-1,2.2 10^4 Sm^-1,0.55 dimensionless,300 K
10.1016/j.ceramint.2020.08.182,Enhanced thermoelectric performance of p-type sintered BiSbTe-based composites with AgSbTe2 addition.pdf,BST (Bi0.5Sb1.5Te3) with AgSbTe2 addition,BST-0 wt% AgSbTe2,Bi0.48Sb1.52Te3,1,No,AgSbTe2,0 wt%,unclear,,AgSbTe2 (0 wt%) @ unclear site,36 μW cm-1 K-2,205 μV K-1,850 S cm-1,,300 K
10.1016/j.ceramint.2020.08.182,Enhanced thermoelectric performance of p-type sintered BiSbTe-based composites with AgSbTe2 addition.pdf,BST (Bi0.5Sb1.5Te3) with AgSbTe2 addition,BST-0 wt% AgSbTe2,Bi0.48Sb1.52Te3,1,No,AgSbTe2,0 wt%,unclear,,AgSbTe2 (0 wt%) @ unclear site,,,,0.8 dimensionless,325 K
10.1016/j.ceramint.2020.08.182,Enhanced thermoelectric performance of p-type sintered BiSbTe-based composites with AgSbTe2 addition.pdf,BST (Bi0.5Sb1.5Te3) with AgSbTe2 addition,BST-0 wt% AgSbTe2,Bi0.48Sb1.52Te3,1,No,Ag,0 wt%,unclear,,Ag (0 wt%) @ unclear site,36 uW cm-1 K-2,205 uV K-1,850 S cm-1,0.8 dimensionless,not reported
10.1016/j.ceramint.2020.08.182,Enhanced thermoelectric performance of p-type sintered BiSbTe-based composites with AgSbTe2 addition.pdf,BST (Bi0.5Sb1.5Te3) with AgSbTe2 addition,BST-0.05 wt% AgSbTe2,Bi0.48Sb1.52Te3-0.05 wt% AgSbTe2,1,No,AgSbTe2,0.05 wt%,multiple sites,,AgSbTe2 (0.05 wt%) @ multiple sites site,,201 μV K-1,,,300 K
10.1016/j.ceramint.2020.08.182,Enhanced thermoelectric performance of p-type sintered BiSbTe-based composites with AgSbTe2 addition.pdf,BST (Bi0.5Sb1.5Te3) with AgSbTe2 addition,BST-0.05 wt% AgSbTe2,Bi0.48Sb1.52Te3 + 0.05 wt% AgSbTe2,1,No,Ag,0.05 wt%,multiple sites,,Ag (0.05 wt%) @ multiple sites site,,201 uV K-1,,,not reported
10.1016/j.ceramint.2020.08.182,Enhanced thermoelectric performance of p-type sintered BiSbTe-based composites with AgSbTe2 addition.pdf,BST (Bi0.5Sb1.5Te3) with AgSbTe2 addition,BST-0.1 wt% AgSbTe2,Bi0.48Sb1.52Te3-0.1 wt% AgSbTe2,1,No,AgSbTe2,0.1 wt%,multiple sites,,AgSbTe2 (0.1 wt%) @ multiple sites site,46 μW cm-1 K-2,,,,300 K
10.1016/j.ceramint.2020.08.182,Enhanced thermoelectric performance of p-type sintered BiSbTe-based composites with AgSbTe2 addition.pdf,BST (Bi0.5Sb1.5Te3) with AgSbTe2 addition,BST-0.1 wt% AgSbTe2,Bi0.5Sb1.5Te3 + 0.1 wt% AgSbTe2,1,No,AgSbTe2,0.1 wt%,unclear,,AgSbTe2 (0.1 wt%) @ unclear site,,190 uV K-1,1100 S cm-1,0.9 dimensionless,300 K
10.1016/j.ceramint.2020.08.182,Enhanced thermoelectric performance of p-type sintered BiSbTe-based composites with AgSbTe2 addition.pdf,BST (Bi0.5Sb1.5Te3) with AgSbTe2 addition,BST-0.1 wt% AgSbTe2,Bi0.48Sb1.52Te3-0.1 wt% AgSbTe2,1,No,AgSbTe2,0.1 wt%,multiple sites,,AgSbTe2 (0.1 wt%) @ multiple sites site,,,,1.15 dimensionless,325 K
10.1016/j.ceramint.2020.08.182,Enhanced thermoelectric performance of p-type sintered BiSbTe-based composites with AgSbTe2 addition.pdf,BST (Bi0.5Sb1.5Te3) with AgSbTe2 addition,BST-0.1 wt% AgSbTe2,Bi0.5Sb1.5Te3 + 0.1 wt% AgSbTe2,1,No,AgSbTe2,0.1 wt%,unclear,,AgSbTe2 (0.1 wt%) @ unclear site,,,,1.15 dimensionless,325 K
10.1016/j.ceramint.2020.08.182,Enhanced thermoelectric performance of p-type sintered BiSbTe-based composites with AgSbTe2 addition.pdf,BST (Bi0.5Sb1.5Te3) with AgSbTe2 addition,BST-0.1 wt% AgSbTe2,Bi0.48Sb1.52Te3 + 0.1 wt% AgSbTe2,1,No,Ag,0.1 wt%,multiple sites,,Ag (0.1 wt%) @ multiple sites site,46 uW cm-1 K-2,,,1.15 dimensionless,not reported
10.1016/j.ceramint.2020.08.182,Enhanced thermoelectric performance of p-type sintered BiSbTe-based composites with AgSbTe2 addition.pdf,BST (Bi0.5Sb1.5Te3) with AgSbTe2 addition,BST-0.2 wt% AgSbTe2,Bi0.48Sb1.52Te3-0.2 wt% AgSbTe2,1,No,AgSbTe2,0.2 wt%,multiple sites,,AgSbTe2 (0.2 wt%) @ multiple sites site,,182 μV K-1,1270 S cm-1,,300 K
10.1016/j.ceramint.2020.08.182,Enhanced thermoelectric performance of p-type sintered BiSbTe-based composites with AgSbTe2 addition.pdf,BST (Bi0.5Sb1.5Te3) with AgSbTe2 addition,BST-0.2 wt% AgSbTe2,Bi0.48Sb1.52Te3 + 0.2 wt% AgSbTe2,1,No,Ag,0.2 wt%,multiple sites,,Ag (0.2 wt%) @ multiple sites site,,182 uV K-1,,,not reported
10.1063/1.3106102,Enhanced thermoelectric performance of.pdf,AgSbTe2,AgSbTe2 synthesized by HPHT,AgSbTe2,0,No,,,,,,0.0008 W/mK^2,155 uV/K,34000 ohm^-1 m^-1 | 44000 ohm^-1 m^-1,0.35 dimensionless,300 K
10.1063/1.3106102,Enhanced thermoelectric performance of.pdf,AgSbTe2,AgSbTe2 synthesized by HPHT,AgSbTe2,0,No,,,,,,0.00155 W/mK^2,215 uV/K,,1.07 dimensionless,513 K
10.1063/1.3106102,Enhanced thermoelectric performance of.pdf,AgSbTe2,HPHT synthesized AgSbTe2,AgSbTe2,0,No,,,,,,,,,0.48 dimensionless,300 K
10.1063/1.3106102,Enhanced thermoelectric performance of.pdf,AgSbTe2,HPHT synthesized AgSbTe2,AgSbTe2,0,No,,,,,,,,,1.07 dimensionless,513 K
10.1038/s41598-017-04885-1,Enhanced thermoelectric properties of AgSbTe2 obtained by controlling heterophases with Ce doping.pdf,AgSbTe2,Ag1-xCexTe2 (x=0.002),Ag0.998Ce0.002SbTe2,1,No,Ce,x=0.002,Ag,,Ce (x=0.002) @ Ag site,,,,1.5 dimensionless,673 K
10.1038/s41598-017-04885-1,Enhanced thermoelectric properties of AgSbTe2 obtained by controlling heterophases with Ce doping.pdf,AgSbTe2,AgSbTe2,AgSbTe2,0,No,,,,,,,250 uV/K,,0.4 dimensionless,300 K
10.1038/s41598-017-04885-1,Enhanced thermoelectric properties of AgSbTe2 obtained by controlling heterophases with Ce doping.pdf,AgSbTe2,AgSbTe2,AgSbTe2,0,No,,,,,,,,,0.92 dimensionless,673 K
10.1038/s41598-017-04885-1,Enhanced thermoelectric properties of AgSbTe2 obtained by controlling heterophases with Ce doping.pdf,AgSbTe2,x = 0.002,AgSb0.998Ce0.002Te2,1,No,Ce,x = 0.002,Sb,,Ce (x = 0.002) @ Sb site,1.55 mW/m·K2,,,1.5 dimensionless,673 K
10.1038/s41598-017-04885-1,Enhanced thermoelectric properties of AgSbTe2 obtained by controlling heterophases with Ce doping.pdf,AgSbTe2,x=0.001,Ag0.999Ce0.001SbTe2,1,No,Ce,x=0.001,unclear,,Ce (x=0.001) @ unclear site,,200 uV/K,,0.5 dimensionless,300 K
10.1038/s41598-017-04885-1,Enhanced thermoelectric properties of AgSbTe2 obtained by controlling heterophases with Ce doping.pdf,AgSbTe2,x=0.001,Ag0.999Ce0.001SbTe2,1,No,Ce,x=0.001,unclear,,Ce (x=0.001) @ unclear site,,,,1.2 dimensionless,673 K
10.1038/s41598-017-04885-1,Enhanced thermoelectric properties of AgSbTe2 obtained by controlling heterophases with Ce doping.pdf,AgSbTe2,x=0.002,Ag0.998Ce0.002SbTe2,1,No,Ce,x=0.002,unclear,,Ce (x=0.002) @ unclear site,,180 uV/K,,0.6 dimensionless,300 K
10.1038/s41598-017-04885-1,Enhanced thermoelectric properties of AgSbTe2 obtained by controlling heterophases with Ce doping.pdf,AgSbTe2,x=0.002,Ag0.998Ce0.002SbTe2,1,No,Ce,x=0.002,unclear,,Ce (x=0.002) @ unclear site,,,,1.5 dimensionless,673 K
10.1038/s41598-017-04885-1,Enhanced thermoelectric properties of AgSbTe2 obtained by controlling heterophases with Ce doping.pdf,AgSbTe2,x=0.003,Ag0.997Ce0.003SbTe2,1,No,Ce,x=0.003,unclear,,Ce (x=0.003) @ unclear site,,150 uV/K,,0.55 dimensionless,300 K
10.1038/s41598-017-04885-1,Enhanced thermoelectric properties of AgSbTe2 obtained by controlling heterophases with Ce doping.pdf,AgSbTe2,x=0.003,Ag0.997Ce0.003SbTe2,1,No,Ce,x=0.003,unclear,,Ce (x=0.003) @ unclear site,,,,1.3 dimensionless,673 K
10.1038/s41598-017-04885-1,Enhanced thermoelectric properties of AgSbTe2 obtained by controlling heterophases with Ce doping.pdf,AgSbTe2,x=0.004,Ag0.996Ce0.004SbTe2,1,No,Ce,x=0.004,unclear,,Ce (x=0.004) @ unclear site,,130 uV/K,,0.5 dimensionless,300 K
10.1038/s41598-017-04885-1,Enhanced thermoelectric properties of AgSbTe2 obtained by controlling heterophases with Ce doping.pdf,AgSbTe2,x=0.004,Ag0.996Ce0.004SbTe2,1,No,Ce,x=0.004,unclear,,Ce (x=0.004) @ unclear site,,,,1.2 dimensionless,673 K
10.1007/s40843-022-2211-8,Entropy engineering enhances the thermoelectric performance and microhardness of (GeTe)1−x(AgSb0.5Bi0.5Te2)x.pdf,GeTe-AgSbTe2-AgBiTe2 system,(GeTe)0.70(AgSb0.5Bi0.5Te2)0.30,(GeTe)0.70(AgSb0.5Bi0.5Te2)0.30,1,No,Bi,50% of Sb,Sb,,Bi (50% of Sb) @ Sb site,,245.6 μV K^-1,27.4 10^3 S m^-1,,300 K
10.1007/s40843-022-2211-8,Entropy engineering enhances the thermoelectric performance and microhardness of (GeTe)1−x(AgSb0.5Bi0.5Te2)x.pdf,GeTe-AgSbTe2-AgBiTe2 system,(GeTe)0.80(AgSb0.5Bi0.5Te2)0.20,(GeTe)0.80(AgSb0.5Bi0.5Te2)0.20,1,No,Bi,50% of Sb,Sb,,Bi (50% of Sb) @ Sb site,,,,1.60 dimensionless,723 K
10.1007/s40843-022-2211-8,Entropy engineering enhances the thermoelectric performance and microhardness of (GeTe)1−x(AgSb0.5Bi0.5Te2)x.pdf,GeTe-AgSbTe2-AgBiTe2 system,(GeTe)0.80(AgSb0.5Bi0.5Te2)0.20,(GeTe)0.80(AgSb0.5Bi0.5Te2)0.20,3,Yes,Ag,0.10,multiple sites,Sb (0.05) @ multiple sites; Bi (0.05) @ multiple sites,Ag (0.10) @ multiple sites site; Sb (0.05) @ multiple sites site; Bi (0.05) @ multiple sites site,,,,1.60 dimensionless,723 K
10.1007/s40843-022-2211-8,Entropy engineering enhances the thermoelectric performance and microhardness of (GeTe)1−x(AgSb0.5Bi0.5Te2)x.pdf,GeTe-AgSbTe2-AgBiTe2 system,(GeTe)0.80(AgSb0.5Bi0.5Te2)0.20,(GeTe)0.80(AgSb0.5Bi0.5Te2)0.20,2,Yes,Ge,0.80,multiple sites,Bi (0.5) @ Sb,Ge (0.80) @ multiple sites site; Bi (0.5) @ Sb site,,,,1.60 dimensionless,723 K
10.1007/s40843-022-2211-8,Entropy engineering enhances the thermoelectric performance and microhardness of (GeTe)1−x(AgSb0.5Bi0.5Te2)x.pdf,GeTe-AgSbTe2-AgBiTe2 system,(GeTe)0.80(AgSb0.5Bi0.5Te2)0.20,(GeTe)0.80(AgSb0.5Bi0.5Te2)0.20,1,No,Bi,50% of Sb,Sb,,Bi (50% of Sb) @ Sb site,,,,1.23 dimensionless,300-773 K
10.1007/s40843-022-2211-8,Entropy engineering enhances the thermoelectric performance and microhardness of (GeTe)1−x(AgSb0.5Bi0.5Te2)x.pdf,GeTe-AgSbTe2-AgBiTe2 system,(GeTe)0.80(AgSb0.5Bi0.5Te2)0.20,(GeTe)0.80(AgSb0.5Bi0.5Te2)0.20,2,Yes,Ge,0.80,multiple sites,Bi (0.5) @ Sb,Ge (0.80) @ multiple sites site; Bi (0.5) @ Sb site,,,,1.23 dimensionless,300-773 K
10.1063/1.5018477,Excellent thermoelectric performance achieved over broad temperature plateau in indium-doped SnTe-AgSbTe2 alloys.pdf,SnTe-AgSbTe2,(Sn0.995In0.005Te)0.8(Ag0.366Sb0.558Te)0.2,(Sn0.995In0.005Te)0.8(Ag0.366Sb0.558Te)0.2,3,Yes,In,0.5%,Sn,Ag (alloyed) @ Sn; Sb (alloyed) @ Sn,In (0.5%) @ Sn site; Ag (alloyed) @ Sn site; Sb (alloyed) @ Sn site,,,,1.3 dimensionless,873 K
10.1063/1.5018477,Excellent thermoelectric performance achieved over broad temperature plateau in indium-doped SnTe-AgSbTe2 alloys.pdf,SnTe-AgSbTe2,"(Sn0.995In0.005Te)1-x(Ag0.366Sb0.558Te)x, x=0.05",(Sn0.995In0.005Te)0.95(Ag0.366Sb0.558Te)0.05,3,Yes,In,0.005,Sn,Ag (0.05 * 0.366) @ multiple sites; Sb (0.05 * 0.558) @ multiple sites,In (0.005) @ Sn site; Ag (0.05 * 0.366) @ multiple sites site; Sb (0.05 * 0.558) @ multiple sites site,22 uW cm^-1 K^-2,160 uV K^-1,1.5 10^3 S cm^-1,0.9 dimensionless,873 K
10.1063/1.5018477,Excellent thermoelectric performance achieved over broad temperature plateau in indium-doped SnTe-AgSbTe2 alloys.pdf,SnTe-AgSbTe2,"(Sn0.995In0.005Te)1-x(Ag0.366Sb0.558Te)x, x=0.20",(Sn0.995In0.005Te)0.8(Ag0.366Sb0.558Te)0.2,3,Yes,In,0.005,Sn,Ag (0.2 * 0.366) @ multiple sites; Sb (0.2 * 0.558) @ multiple sites,In (0.005) @ Sn site; Ag (0.2 * 0.366) @ multiple sites site; Sb (0.2 * 0.558) @ multiple sites site,28 uW cm^-1 K^-2,175 uV K^-1,0.8 10^3 S cm^-1,1.3 dimensionless,873 K
10.1063/1.5018477,Excellent thermoelectric performance achieved over broad temperature plateau in indium-doped SnTe-AgSbTe2 alloys.pdf,SnTe-AgSbTe2,Sn0.995In0.005Te,Sn0.995In0.005Te,1,No,In,0.5%,Sn,,In (0.5%) @ Sn site,,,,0.89 dimensionless,873 K
10.1016/j.jallcom.2015.07.290,First-principles calculation of semiclassical thermoelectric properties of (AgSbSe2)n(AgSbTe2)n superlattices.pdf,AgSbTe2,AgSbTe2_bulk,AgSbTe2,3,Yes,hole,2 x 10^19 cm^-3,unclear,hole (70 x 10^19 cm^-3) @ unclear; hole (1 x 10^19 cm^-3) @ unclear,hole (2 x 10^19 cm^-3) @ unclear site; hole (70 x 10^19 cm^-3) @ unclear site; hole (1 x 10^19 cm^-3) @ unclear site,,100 uV/K,1.2 10^19 /Ohmms,,400 K
10.1016/j.jallcom.2015.07.290,First-principles calculation of semiclassical thermoelectric properties of (AgSbSe2)n(AgSbTe2)n superlattices.pdf,AgSbTe2,AgSbTe2_bulk,AgSbTe2,3,Yes,hole,2 x 10^19 cm^-3,unclear,hole (70 x 10^19 cm^-3) @ unclear; hole (1 x 10^19 cm^-3) @ unclear,hole (2 x 10^19 cm^-3) @ unclear site; hole (70 x 10^19 cm^-3) @ unclear site; hole (1 x 10^19 cm^-3) @ unclear site,,150 uV/K,2.4 10^19 /Ohmms,,600 K
10.1016/j.jallcom.2015.07.290,First-principles calculation of semiclassical thermoelectric properties of (AgSbSe2)n(AgSbTe2)n superlattices.pdf,AgSbTe2,bulk AgSbTe2,AgSbTe2,1,No,hole,70 * 10^19 cm^-3,unclear,,hole (70 * 10^19 cm^-3) @ unclear site,,1.3 ZT,,,720 K
10.1039/d5ta10429g,Ge-induced cation ordering for enhanced thermoelectric performance in AgSbTe2.pdf,AgSbTe2,AgSb0.92Ge0.08Te2 (x=0.08),AgSb0.92Ge0.08Te2,1,No,Ge,x=0.08,Sb,,Ge (x=0.08) @ Sb site,,,,0.75 dimensionless,300 K
10.1039/d5ta10429g,Ge-induced cation ordering for enhanced thermoelectric performance in AgSbTe2.pdf,AgSbTe2,AgSb0.92Ge0.08Te2 (x=0.08),AgSb0.92Ge0.08Te2,1,No,Ge,x=0.08,Sb,,Ge (x=0.08) @ Sb site,,,,1.1 dimensionless,675 K
10.1039/d5ta10429g,Ge-induced cation ordering for enhanced thermoelectric performance in AgSbTe2.pdf,AgSbTe2,AgSb0.94Ge0.06Te2,AgSb0.94Ge0.06Te2,1,No,Ge,0.06,Sb,,Ge (0.06) @ Sb site,1.19 mW m K-2,294 mV K-1,,,300 K
10.1039/d5ta10429g,Ge-induced cation ordering for enhanced thermoelectric performance in AgSbTe2.pdf,AgSbTe2,AgSb0.94Ge0.06Te2,AgSb0.94Ge0.06Te2,1,No,Ge,0.06,Sb,,Ge (0.06) @ Sb site,,,,1.31 dimensionless,673 K
10.1039/d5ta10429g,Ge-induced cation ordering for enhanced thermoelectric performance in AgSbTe2.pdf,AgSbTe2,AgSb0.94Ge0.06Te2 (x=0.06),AgSb0.94Ge0.06Te2,1,No,Ge,x=0.06,Sb,,Ge (x=0.06) @ Sb site,,,,0.8 dimensionless,300 K
10.1039/d5ta10429g,Ge-induced cation ordering for enhanced thermoelectric performance in AgSbTe2.pdf,AgSbTe2,AgSb0.94Ge0.06Te2 (x=0.06),AgSb0.94Ge0.06Te2,1,No,Ge,x=0.06,Sb,,Ge (x=0.06) @ Sb site,,,,1.3 dimensionless,675 K
10.1039/d5ta10429g,Ge-induced cation ordering for enhanced thermoelectric performance in AgSbTe2.pdf,AgSbTe2,AgSb0.96Ge0.04Te2,AgSb0.96Ge0.04Te2,1,No,Ge,0.04,Sb,,Ge (0.04) @ Sb site,,,188 S cm-1,,300 K
10.1039/d5ta10429g,Ge-induced cation ordering for enhanced thermoelectric performance in AgSbTe2.pdf,AgSbTe2,AgSb0.96Ge0.04Te2 (x=0.04),AgSb0.96Ge0.04Te2,1,No,Ge,x=0.04,Sb,,Ge (x=0.04) @ Sb site,,,,0.7 dimensionless,300 K
10.1039/d5ta10429g,Ge-induced cation ordering for enhanced thermoelectric performance in AgSbTe2.pdf,AgSbTe2,AgSb0.96Ge0.04Te2 (x=0.04),AgSb0.96Ge0.04Te2,1,No,Ge,x=0.04,Sb,,Ge (x=0.04) @ Sb site,,,,1.15 dimensionless,675 K
10.1039/d5ta10429g,Ge-induced cation ordering for enhanced thermoelectric performance in AgSbTe2.pdf,AgSbTe2,AgSb1-xGexTe2 (x=0.00),AgSbTe2,1,No,Ge,0,Sb,,Ge (0) @ Sb site,1.1 mW/mK^2,330 uV/K,119 S/cm,,300 K
10.1039/d5ta10429g,Ge-induced cation ordering for enhanced thermoelectric performance in AgSbTe2.pdf,AgSbTe2,AgSb1-xGexTe2 (x=0.04),AgSb0.96Ge0.04Te2,1,No,Ge,0.04,Sb,,Ge (0.04) @ Sb site,1.2 mW/mK^2,315 uV/K,188 S/cm,,300 K
10.1039/d5ta10429g,Ge-induced cation ordering for enhanced thermoelectric performance in AgSbTe2.pdf,AgSbTe2,AgSb1-xGexTe2 (x=0.06),AgSb0.94Ge0.06Te2,1,No,Ge,0.06,Sb,,Ge (0.06) @ Sb site,1.15 mW/mK^2,330 uV/K,130 S/cm,,300 K
10.1039/d5ta10429g,Ge-induced cation ordering for enhanced thermoelectric performance in AgSbTe2.pdf,AgSbTe2,AgSb1-xGexTe2 (x=0.08),AgSb0.92Ge0.08Te2,1,No,Ge,0.08,Sb,,Ge (0.08) @ Sb site,0.85 mW/mK^2,300 uV/K,120 S/cm,,300 K
10.1039/d5ta10429g,Ge-induced cation ordering for enhanced thermoelectric performance in AgSbTe2.pdf,AgSbTe2,AgSbTe2,AgSbTe2,0,No,,,,,,0.83 mW m K-2,265 mV K-1,119 S cm-1,,300 K
10.1039/d5ta10429g,Ge-induced cation ordering for enhanced thermoelectric performance in AgSbTe2.pdf,AgSbTe2,AgSbTe2 (x=0.00),AgSbTe2,0,No,,,,,,,,,0.6 dimensionless,300 K
10.1039/d5ta10429g,Ge-induced cation ordering for enhanced thermoelectric performance in AgSbTe2.pdf,AgSbTe2,AgSbTe2 (x=0.00),AgSbTe2,0,No,,,,,,,,,1.0 dimensionless,675 K
10.1088/0953-8984/22/3/035801,Glassy thermal conductivity in the two-phase CuxAg3−xSbSeTe2 alloy and high temperature thermoelectric behavior.pdf,AgSbTe2,CuxAg3-xSbSeTe2 (x=0),Ag3SbSeTe2,1,No,Cu,x=0,unclear,,Cu (x=0) @ unclear site,,2.5e-4 V/K,,,700 K
10.1007/s11664-010-1383-1,High Power Factor of HPHT-Sintered GeTe-AgSbTe2 Alloys.pdf,TAGS-85 (GeTe-AgSbTe2 alloy),A,TAGS-85,0,No,,,,,,1.5 10^-3 W m^-1 K^-2,90 uV/K,28 10^4 S/m,,300 K
10.1007/s11664-010-1383-1,High Power Factor of HPHT-Sintered GeTe-AgSbTe2 Alloys.pdf,TAGS-85 (GeTe-AgSbTe2 alloy),A,TAGS-85,0,No,,,,,,2.2 10^-3 W m^-1 K^-2,210 uV/K,6 10^4 S/m,,700 K
10.1007/s11664-010-1383-1,High Power Factor of HPHT-Sintered GeTe-AgSbTe2 Alloys.pdf,TAGS-85 (GeTe-AgSbTe2 alloy),A,(GeTe)0.85(AgSbTe2)0.15,0,No,,,,,,2.81 10^-3 W m^-1 K^-2,,,,not reported
10.1007/s11664-010-1383-1,High Power Factor of HPHT-Sintered GeTe-AgSbTe2 Alloys.pdf,TAGS-85 (GeTe-AgSbTe2 alloy),B,TAGS-85,0,No,,,,,,1.5 10^-3 W m^-1 K^-2,90 uV/K,28 10^4 S/m,,300 K
10.1007/s11664-010-1383-1,High Power Factor of HPHT-Sintered GeTe-AgSbTe2 Alloys.pdf,TAGS-85 (GeTe-AgSbTe2 alloy),B,(GeTe)0.85(AgSbTe2)0.15,0,No,,,,,,,214 uV K^-1,,,650 K
10.1007/s11664-010-1383-1,High Power Factor of HPHT-Sintered GeTe-AgSbTe2 Alloys.pdf,TAGS-85 (GeTe-AgSbTe2 alloy),B,TAGS-85,0,No,,,,,,3.3 10^-3 W m^-1 K^-2,215 uV/K,7 10^4 S/m,,700 K
10.1007/s11664-010-1383-1,High Power Factor of HPHT-Sintered GeTe-AgSbTe2 Alloys.pdf,TAGS-85 (GeTe-AgSbTe2 alloy),B,(GeTe)0.85(AgSbTe2)0.15,0,No,,,,,,3.25 10^-3 W m^-1 K^-2,,,,not reported
10.1007/s11664-010-1383-1,High Power Factor of HPHT-Sintered GeTe-AgSbTe2 Alloys.pdf,TAGS-85 (GeTe-AgSbTe2 alloy),C,TAGS-85,0,No,,,,,,1.5 10^-3 W m^-1 K^-2,90 uV/K,28 10^4 S/m,,300 K
10.1007/s11664-010-1383-1,High Power Factor of HPHT-Sintered GeTe-AgSbTe2 Alloys.pdf,TAGS-85 (GeTe-AgSbTe2 alloy),C,TAGS-85,0,No,,,,,,3.5 10^-3 W m^-1 K^-2,210 uV/K,6 10^4 S/m,,700 K
10.1007/s11664-010-1383-1,High Power Factor of HPHT-Sintered GeTe-AgSbTe2 Alloys.pdf,TAGS-85 (GeTe-AgSbTe2 alloy),C,(GeTe)0.85(AgSbTe2)0.15,0,No,,,,,,3.85 10^-3 W m^-1 K^-2,,,,not reported
10.1007/s11664-010-1383-1,High Power Factor of HPHT-Sintered GeTe-AgSbTe2 Alloys.pdf,TAGS-85 (GeTe-AgSbTe2 alloy),D,TAGS-85,0,No,,,,,,1.5 10^-3 W m^-1 K^-2,60 uV/K,29 10^4 S/m,,300 K
10.1007/s11664-010-1383-1,High Power Factor of HPHT-Sintered GeTe-AgSbTe2 Alloys.pdf,TAGS-85 (GeTe-AgSbTe2 alloy),D,(GeTe)0.85(AgSbTe2)0.15,0,No,,,,,,,,22.8 10^4 S m^-1,,650 K
10.1007/s11664-010-1383-1,High Power Factor of HPHT-Sintered GeTe-AgSbTe2 Alloys.pdf,TAGS-85 (GeTe-AgSbTe2 alloy),D,TAGS-85,0,No,,,,,,4.2 10^-3 W m^-1 K^-2,140 uV/K,23 10^4 S/m,,700 K
10.1007/s11664-010-1383-1,High Power Factor of HPHT-Sintered GeTe-AgSbTe2 Alloys.pdf,TAGS-85 (GeTe-AgSbTe2 alloy),D,(GeTe)0.85(AgSbTe2)0.15,0,No,,,,,,4.32 10^-3 W m^-1 K^-2,,,,not reported
10.1007/s11664-010-1383-1,High Power Factor of HPHT-Sintered GeTe-AgSbTe2 Alloys.pdf,TAGS-85 (GeTe-AgSbTe2 alloy),E,TAGS-85,0,No,,,,,,1.5 10^-3 W m^-1 K^-2,60 uV/K,29 10^4 S/m,,300 K
10.1007/s11664-010-1383-1,High Power Factor of HPHT-Sintered GeTe-AgSbTe2 Alloys.pdf,TAGS-85 (GeTe-AgSbTe2 alloy),E,TAGS-85,0,No,,,,,,3.5 10^-3 W m^-1 K^-2,140 uV/K,15 10^4 S/m,,700 K
10.1007/s11664-010-1383-1,High Power Factor of HPHT-Sintered GeTe-AgSbTe2 Alloys.pdf,TAGS-85 (GeTe-AgSbTe2 alloy),E,(GeTe)0.85(AgSbTe2)0.15,0,No,,,,,,3.71 10^-3 W m^-1 K^-2,,,,not reported
10.1007/s11664-010-1383-1,High Power Factor of HPHT-Sintered GeTe-AgSbTe2 Alloys.pdf,TAGS-85 (GeTe-AgSbTe2 alloy),F,(GeTe)0.85(AgSbTe2)0.15,0,No,,,,,,3.14 10^-3 W m^-1 K^-2,,,,not reported
10.1007/s11664-010-1383-1,High Power Factor of HPHT-Sintered GeTe-AgSbTe2 Alloys.pdf,TAGS-85 (GeTe-AgSbTe2 alloy),TAGS-85,(GeTe)0.85(AgSbTe2)0.15,0,No,,,,,,2.81 10^-3 W m^-1 K^-2 | 3.14 10^-3 W m^-1 K^-2 | 3.25 10^-3 W m^-1 K^-2 | 3.71 10^-3 W m^-1 K^-2 | 3.85 10^-3 W m^-1 K^-2 | 4.32 10^-3 W m^-1 K^-2,,,,not reported
10.1007/s11664-011-1620-2,Impact of In Situ Generated Ag2Te Nanoparticles on the Microstructure and Thermoelectric Properties of AgSbTe2 Compounds.pdf,AgSbTe2,x=44,(Ag2Te)44(Sb2Te3)56,1,No,Ag2Te,x=44,unclear,,Ag2Te (x=44) @ unclear site,,,,0.6 dimensionless,593 K
10.1007/s11664-011-1620-2,Impact of In Situ Generated Ag2Te Nanoparticles on the Microstructure and Thermoelectric Properties of AgSbTe2 Compounds.pdf,AgSbTe2,x=44,(Ag2Te)0.44(Sb2Te3)0.56,1,No,Ag2Te,x=44,unclear,,Ag2Te (x=44) @ unclear site,,,,maximum dimensionless,not reported
10.1007/s11664-011-1620-2,Impact of In Situ Generated Ag2Te Nanoparticles on the Microstructure and Thermoelectric Properties of AgSbTe2 Compounds.pdf,AgSbTe2,x=44,(Ag2Te)44(Sb2Te3)56,1,No,Ag2Te,x=44,unclear,,Ag2Te (x=44) @ unclear site,,180 uV/K,3.4 10^4 S/m,,not reported
10.1007/s11664-011-1620-2,Impact of In Situ Generated Ag2Te Nanoparticles on the Microstructure and Thermoelectric Properties of AgSbTe2 Compounds.pdf,AgSbTe2,x=50,(Ag2Te)0.50(Sb2Te3)0.50,1,No,Ag2Te,x=50,unclear,,Ag2Te (x=50) @ unclear site,,,,1.22 dimensionless,593 K
10.1007/s11664-011-1620-2,Impact of In Situ Generated Ag2Te Nanoparticles on the Microstructure and Thermoelectric Properties of AgSbTe2 Compounds.pdf,AgSbTe2,x=50,(Ag2Te)50(Sb2Te3)50,1,No,Ag2Te,x=50,unclear,,Ag2Te (x=50) @ unclear site,,,,1.22 dimensionless,593 K
,Improved Thermoelectric Properties in Structure Controlled Ag-Sb-Te System.pdf,AgSbTe2,Ag0.208Sb0.275Te0.517 (A),Ag0.208Sb0.275Te0.517,0,No,,,,,,,,,2.0 10^-3 /K,620 K
,Improved Thermoelectric Properties in Structure Controlled Ag-Sb-Te System.pdf,AgSbTe2,Ag0.208Sb0.275Te0.517 (A),Ag0.208Sb0.275Te0.517,0,No,,,,,,4.50 10^-4 W/(K^2m),270 µV/K,6.17 10^4 S/m,0.65 dimensionless,room temperature
,Improved Thermoelectric Properties in Structure Controlled Ag-Sb-Te System.pdf,AgSbTe2,Ag0.208Sb0.275Te0.517 (A),Ag0.208Sb0.275Te0.517,0,No,,,,,,,270 uV/K,,0.65 dimensionless,not reported
,Improved Thermoelectric Properties in Structure Controlled Ag-Sb-Te System.pdf,AgSbTe2,Ag0.208Sb0.275Te0.517 (B),Ag0.208Sb0.275Te0.517,0,No,,,,,,,,,1.7 10^-3 /K,585 K
,Improved Thermoelectric Properties in Structure Controlled Ag-Sb-Te System.pdf,AgSbTe2,Ag0.208Sb0.275Te0.517 (B),Ag0.208Sb0.275Te0.517,0,No,,,,,,6.91 10^-4 W/(K^2m),123 µV/K,45.66 10^4 S/m,0.71 dimensionless,room temperature
,Improved Thermoelectric Properties in Structure Controlled Ag-Sb-Te System.pdf,AgSbTe2,Ag0.208Sb0.275Te0.517 (B),Ag0.208Sb0.275Te0.517,0,No,,,,,,,123 uV/K,,0.71 dimensionless,not reported
10.1039/d5ta09240j,Impurity band engineering and hierarchical defect scattering enable high zT in Co-doped AgSbTe2.pdf,AgSbTe2,AgSb0.97Co0.03Te2,AgSb0.97Co0.03Te2,1,No,Co,x=0.03,Sb,,Co (x=0.03) @ Sb site,,80 mV K-1,325 S cm-1,,298 K
10.1039/d5ta09240j,Impurity band engineering and hierarchical defect scattering enable high zT in Co-doped AgSbTe2.pdf,AgSbTe2,AgSb0.97Co0.03Te2,AgSb0.97Co0.03Te2,1,No,Co,x=0.03,Sb,,Co (x=0.03) @ Sb site,,220 mV K-1,,1.6 dimensionless,648 K
10.1039/d5ta09240j,Impurity band engineering and hierarchical defect scattering enable high zT in Co-doped AgSbTe2.pdf,AgSbTe2,AgSb1-xCoxTe2 (x=0),AgSbTe2,0,No,,,,,,2 uW cm-1 K-2,200 uV K-1,225 S cm-1,0.2 dimensionless,298 K
10.1039/d5ta09240j,Impurity band engineering and hierarchical defect scattering enable high zT in Co-doped AgSbTe2.pdf,AgSbTe2,AgSb1-xCoxTe2 (x=0.03),AgSb0.97Co0.03Te2,1,No,Co,x=0.03,Sb,,Co (x=0.03) @ Sb site,4 uW cm-1 K-2,80 uV K-1,325 S cm-1,,298 K
10.1039/d5ta09240j,Impurity band engineering and hierarchical defect scattering enable high zT in Co-doped AgSbTe2.pdf,AgSbTe2,AgSb1-xCoxTe2 (x=0.03),AgSb0.97Co0.03Te2,1,No,Co,x=0.03,Sb,,Co (x=0.03) @ Sb site,,,,1.6 dimensionless,648 K
10.1039/d5ta09240j,Impurity band engineering and hierarchical defect scattering enable high zT in Co-doped AgSbTe2.pdf,AgSbTe2,AgSbTe2 (pristine),AgSbTe2,0,No,,,,,,,200 mV K-1,225 S cm-1,,298 K
10.1039/d5ta09240j,Impurity band engineering and hierarchical defect scattering enable high zT in Co-doped AgSbTe2.pdf,AgSbTe2,AgSbTe2 (pristine),AgSbTe2,0,No,,,,,,,250 mV K-1,,,623 K
10.1039/d5ta09240j,Impurity band engineering and hierarchical defect scattering enable high zT in Co-doped AgSbTe2.pdf,AgSbTe2,AgSbTe2 (pristine),AgSbTe2,0,No,,,,,,,225 mV K-1,,1.2 dimensionless,648 K
10.1016/j.tramat.2025.100062,Impurity phase elimination enabled high thermoelectric and mechanical performance in GeTe alloyed with AgSbSe2.pdf,GeTe-AgSbTe2,(GeTe)80(Ag0.8Sb1.2Se2)20,(GeTe)80(Ag0.8Sb1.2Se2)20,2,Yes,Ag,0.8,Ag,Sb (1.2) @ Sb,Ag (0.8) @ Ag site; Sb (1.2) @ Sb site,,,,0.39 dimensionless,300 K
10.1016/j.tramat.2025.100062,Impurity phase elimination enabled high thermoelectric and mechanical performance in GeTe alloyed with AgSbSe2.pdf,GeTe-AgSbTe2,(GeTe)80(Ag0.8Sb1.2Se2)20,(GeTe)80(Ag0.8Sb1.2Se2)20,2,Yes,Ag,0.8,Ag,Sb (1.2) @ Sb,Ag (0.8) @ Ag site; Sb (1.2) @ Sb site,,,,1.41 dimensionless,698 K
10.1016/j.tramat.2025.100062,Impurity phase elimination enabled high thermoelectric and mechanical performance in GeTe alloyed with AgSbSe2.pdf,GeTe-AgSbTe2,(GeTe)80(AgSbSe2)20,(GeTe)80(AgSbSe2)20,3,Yes,Ag,AgSbSe2 alloying,Ag,Sb (AgSbSe2 alloying) @ Sb; Se (AgSbSe2 alloying) @ Te,Ag (AgSbSe2 alloying) @ Ag site; Sb (AgSbSe2 alloying) @ Sb site; Se (AgSbSe2 alloying) @ Te site,,153.60 μV/K,,0.35 dimensionless,300 K
10.1016/j.tramat.2025.100062,Impurity phase elimination enabled high thermoelectric and mechanical performance in GeTe alloyed with AgSbSe2.pdf,GeTe-AgSbTe2,(GeTe)80(AgSbSe2)20,(GeTe)80(AgSbSe2)20,3,Yes,Ag,AgSbSe2 alloying,Ag,Sb (AgSbSe2 alloying) @ Sb; Se (AgSbSe2 alloying) @ Te,Ag (AgSbSe2 alloying) @ Ag site; Sb (AgSbSe2 alloying) @ Sb site; Se (AgSbSe2 alloying) @ Te site,,,,1.52 dimensionless,698 K
10.1016/j.tramat.2025.100062,Impurity phase elimination enabled high thermoelectric and mechanical performance in GeTe alloyed with AgSbSe2.pdf,GeTe-AgSbTe2,(GeTe)80(AgSbSe2)20,(GeTe)80(AgSbSe2)20,3,Yes,Ag,AgSbSe2 alloying,Ag,Sb (AgSbSe2 alloying) @ Sb; Se (AgSbSe2 alloying) @ Te,Ag (AgSbSe2 alloying) @ Ag site; Sb (AgSbSe2 alloying) @ Sb site; Se (AgSbSe2 alloying) @ Te site,18.8 μW cm−1 K−1,,,,748 K
10.1016/j.tramat.2025.100062,Impurity phase elimination enabled high thermoelectric and mechanical performance in GeTe alloyed with AgSbSe2.pdf,GeTe-AgSbTe2,(GeTe)80(AgSbTe2)20,(GeTe)80(AgSbTe2)20,2,Yes,Ag,20 mol%,unclear,Sb (20 mol%) @ unclear,Ag (20 mol%) @ unclear site; Sb (20 mol%) @ unclear site,,,,1.41 dimensionless,698 K
10.1016/j.tramat.2025.100062,Impurity phase elimination enabled high thermoelectric and mechanical performance in GeTe alloyed with AgSbSe2.pdf,GeTe-AgSbTe2,(GeTe)80(AgSbTe2)20,(GeTe)80(AgSbTe2)20,2,Yes,Ag,20 mol%,unclear,Sb (20 mol%) @ unclear,Ag (20 mol%) @ unclear site; Sb (20 mol%) @ unclear site,18.8 uW cm-1 K-1,,,,748 K
10.1039/c3ta14547f,Influence of In doping on the thermoelectric properties of an AgSbTe2 compound with enhanced figure of merit.pdf,AgSbTe2,Ag(Sb0.93In0.07)Te2,Ag(Sb0.93In0.07)Te2,1,No,In,0.07,Sb,,In (0.07) @ Sb site,,230 mV K^-1,2.1 10^4 S m^-1,,300 K
10.1039/c3ta14547f,Influence of In doping on the thermoelectric properties of an AgSbTe2 compound with enhanced figure of merit.pdf,AgSbTe2,Ag(Sb0.93In0.07)Te2,Ag(Sb0.93In0.07)Te2,1,No,In,0.07,Sb,,In (0.07) @ Sb site,1.35 10^-3 W m^-1 K^-2,,,,450 K
10.1039/c3ta14547f,Influence of In doping on the thermoelectric properties of an AgSbTe2 compound with enhanced figure of merit.pdf,AgSbTe2,Ag(Sb0.93In0.07)Te2,Ag(Sb0.93In0.07)Te2,1,No,In,0.07,Sb,,In (0.07) @ Sb site,,,,1.35 dimensionless,650 K
10.1039/c3ta14547f,Influence of In doping on the thermoelectric properties of an AgSbTe2 compound with enhanced figure of merit.pdf,AgSbTe2,Ag(Sb0.93In0.07)Te2 (x=0.07),Ag(Sb0.93In0.07)Te2,1,No,In,x=0.07,Sb,,In (x=0.07) @ Sb site,1.25 mWm^-1K^-2,250 uV K^-1,2.1 10^4 S m^-1,0.55 dimensionless,300 K
10.1039/c3ta14547f,Influence of In doping on the thermoelectric properties of an AgSbTe2 compound with enhanced figure of merit.pdf,AgSbTe2,Ag(Sb0.95In0.05)Te2,Ag(Sb0.95In0.05)Te2,1,No,In,0.05,Sb,,In (0.05) @ Sb site,,212 mV K^-1,2.3 10^4 S m^-1,,300 K
10.1039/c3ta14547f,Influence of In doping on the thermoelectric properties of an AgSbTe2 compound with enhanced figure of merit.pdf,AgSbTe2,Ag(Sb0.95In0.05)Te2 (x=0.05),Ag(Sb0.95In0.05)Te2,1,No,In,x=0.05,Sb,,In (x=0.05) @ Sb site,1.2 mWm^-1K^-2,230 uV K^-1,2.3 10^4 S m^-1,0.52 dimensionless,300 K
10.1039/c3ta14547f,Influence of In doping on the thermoelectric properties of an AgSbTe2 compound with enhanced figure of merit.pdf,AgSbTe2,Ag(Sb0.97In0.03)Te2,Ag(Sb0.97In0.03)Te2,1,No,In,0.03,Sb,,In (0.03) @ Sb site,,190 mV K^-1,2.7 10^4 S m^-1,,300 K
10.1039/c3ta14547f,Influence of In doping on the thermoelectric properties of an AgSbTe2 compound with enhanced figure of merit.pdf,AgSbTe2,Ag(Sb0.97In0.03)Te2 (x=0.03),Ag(Sb0.97In0.03)Te2,1,No,In,x=0.03,Sb,,In (x=0.03) @ Sb site,1.15 mWm^-1K^-2,210 uV K^-1,2.7 10^4 S m^-1,0.5 dimensionless,300 K
10.1039/c3ta14547f,Influence of In doping on the thermoelectric properties of an AgSbTe2 compound with enhanced figure of merit.pdf,AgSbTe2,AgSbTe2,AgSbTe2,0,No,,,,,,,165 mV K^-1,3.6 10^4 S m^-1,,300 K
10.1039/c3ta14547f,Influence of In doping on the thermoelectric properties of an AgSbTe2 compound with enhanced figure of merit.pdf,AgSbTe2,AgSbTe2 (x=0),AgSbTe2,0,No,,,,,,1.05 mWm^-1K^-2,170 uV K^-1,3.8 10^4 S m^-1,0.45 dimensionless,300 K
10.1088/0268-1242/29/12/124009,Influence of mechanochemical syntheses and compacting methods on the thermoelectric properties of nanostructured AgSnmSbTe2+m (TAST-m).pdf,AgSbTe2-doped SnTe,TAST-10,SnTe doped with AgSbTe2,2,Yes,Ag,10 mol%,unclear,Sb (10 mol%) @ unclear,Ag (10 mol%) @ unclear site; Sb (10 mol%) @ unclear site,,60 uV K^-1,1500 S cm^-1,0.1 dimensionless,300 K
10.1088/0268-1242/29/12/124009,Influence of mechanochemical syntheses and compacting methods on the thermoelectric properties of nanostructured AgSnmSbTe2+m (TAST-m).pdf,AgSbTe2-doped SnTe,TAST-20,SnTe doped with AgSbTe2,2,Yes,Ag,20 mol%,unclear,Sb (20 mol%) @ unclear,Ag (20 mol%) @ unclear site; Sb (20 mol%) @ unclear site,,,,0.6 dimensionless,700 K
10.1063/1.4896435,Influence of nanoscale Ag2 Te precipitates on the thermoelectric properties of the Sn doped P-type AgSbTe2 compound.pdf,AgSbTe2,Ag(Sb0.93Sn0.07)Te2,Ag0.96Sb0.94Sn0.064Te1.98,1,No,Sn,x = 0.07,Sb,,Sn (x = 0.07) @ Sb site,,121 μV K^-1,1.016 10^4 S m^-1,,not reported
10.1063/1.4896435,Influence of nanoscale Ag2 Te precipitates on the thermoelectric properties of the Sn doped P-type AgSbTe2 compound.pdf,AgSbTe2,Ag(Sb0.95Sn0.05)Te2,Ag0.97Sb0.96Sn0.048Te1.99,1,No,Sn,x = 0.05,Sb,,Sn (x = 0.05) @ Sb site,,156 μV K^-1,1.45 10^4 S m^-1,,not reported
10.1063/1.4896435,Influence of nanoscale Ag2 Te precipitates on the thermoelectric properties of the Sn doped P-type AgSbTe2 compound.pdf,AgSbTe2,Ag(Sb0.97Sn0.03)Te2,Ag0.99Sb0.98Sn0.027Te2,1,No,Sn,x = 0.03,Sb,,Sn (x = 0.03) @ Sb site,,,3 10^4 S m^-1,,543 K
10.1063/1.4896435,Influence of nanoscale Ag2 Te precipitates on the thermoelectric properties of the Sn doped P-type AgSbTe2 compound.pdf,AgSbTe2,Ag(Sb0.97Sn0.03)Te2,Ag0.99Sb0.98Sn0.027Te2,1,No,Sn,x = 0.03,Sb,,Sn (x = 0.03) @ Sb site,1.38 mW m^-1 K^-2,,,1.1 dimensionless,600 K
10.1063/1.4896435,Influence of nanoscale Ag2 Te precipitates on the thermoelectric properties of the Sn doped P-type AgSbTe2 compound.pdf,AgSbTe2,Ag(Sb0.97Sn0.03)Te2,Ag0.99Sb0.98Sn0.027Te2,1,No,Sn,x = 0.03,Sb,,Sn (x = 0.03) @ Sb site,,179 μV K^-1,2.09 10^4 S m^-1,,not reported
10.1063/1.4896435,Influence of nanoscale Ag2 Te precipitates on the thermoelectric properties of the Sn doped P-type AgSbTe2 compound.pdf,AgSbTe2,Ag(Sb0.99Sn0.01)Te2,AgSb0.99Sn0.01Te2,1,No,Sn,x = 0.01,Sb,,Sn (x = 0.01) @ Sb site,,209 μV K^-1,0.7 10^4 S m^-1,,not reported
10.1063/1.4896435,Influence of nanoscale Ag2 Te precipitates on the thermoelectric properties of the Sn doped P-type AgSbTe2 compound.pdf,AgSbTe2,Ag(Sb1-xSnx)Te2 (x = 0.03),Ag(Sb0.97Sn0.03)Te2,1,No,Sn,x = 0.03,Sb,,Sn (x = 0.03) @ Sb site,,,3 10^4 S m^-1,,543 K
10.1063/1.4896435,Influence of nanoscale Ag2 Te precipitates on the thermoelectric properties of the Sn doped P-type AgSbTe2 compound.pdf,AgSbTe2,"Ag(Sb1-xSnx)Te2, x=0.01",AgSb0.99Sn0.01Te2,1,No,Sn,x=0.01,Sb,,Sn (x=0.01) @ Sb site,0.25 mW m^-1 K^-2,180 uV K^-1,0.7 10^4 S m^-1,0.2 dimensionless,300 K
10.1063/1.4896435,Influence of nanoscale Ag2 Te precipitates on the thermoelectric properties of the Sn doped P-type AgSbTe2 compound.pdf,AgSbTe2,"Ag(Sb1-xSnx)Te2, x=0.03",AgSb0.97Sn0.03Te2,1,No,Sn,x=0.03,Sb,,Sn (x=0.03) @ Sb site,0.7 mW m^-1 K^-2,160 uV K^-1,2.8 10^4 S m^-1,0.35 dimensionless,300 K
10.1063/1.4896435,Influence of nanoscale Ag2 Te precipitates on the thermoelectric properties of the Sn doped P-type AgSbTe2 compound.pdf,AgSbTe2,"Ag(Sb1-xSnx)Te2, x=0.05",AgSb0.95Sn0.05Te2,1,No,Sn,x=0.05,Sb,,Sn (x=0.05) @ Sb site,0.3 mW m^-1 K^-2,140 uV K^-1,1.2 10^4 S m^-1,0.2 dimensionless,300 K
10.1063/1.4896435,Influence of nanoscale Ag2 Te precipitates on the thermoelectric properties of the Sn doped P-type AgSbTe2 compound.pdf,AgSbTe2,"Ag(Sb1-xSnx)Te2, x=0.07",AgSb0.93Sn0.07Te2,1,No,Sn,x=0.07,Sb,,Sn (x=0.07) @ Sb site,0.25 mW m^-1 K^-2,130 uV K^-1,1.1 10^4 S m^-1,0.2 dimensionless,300 K
10.1063/1.4896435,Influence of nanoscale Ag2 Te precipitates on the thermoelectric properties of the Sn doped P-type AgSbTe2 compound.pdf,AgSbTe2,AgSbTe2,AgSbTe2,0,No,,,,,,,165 μV K^-1,3.6 10^4 S m^-1,,not reported
10.1039/c3ta15147f,Ioffe–Regel limit and lattice thermal conductivity reduction of high performance (AgSbTe2)15(GeTe)85 thermoelectric materials.pdf,(AgSbTe2)15(GeTe)85,0.4 AQ,(Ag0.4SbTe0.2+1.5)15(GeTe)85,2,Yes,Ag,0.4,unclear,Sb (1) @ unclear,Ag (0.4) @ unclear site; Sb (1) @ unclear site,,,6.3 cm2 V-1 s-1,,300 K
10.1039/c3ta15147f,Ioffe–Regel limit and lattice thermal conductivity reduction of high performance (AgSbTe2)15(GeTe)85 thermoelectric materials.pdf,(AgSbTe2)15(GeTe)85,0.4 AQ,(Ag0.4SbTe2/2+1.5)15(GeTe)85,1,No,Ag,0.4,unclear,,Ag (0.4) @ unclear site,16 uW cm^-1 K^-2,120 uV K^-1,14 10^4 Sm^-1,0.3 dimensionless,300 K
10.1039/c3ta15147f,Ioffe–Regel limit and lattice thermal conductivity reduction of high performance (AgSbTe2)15(GeTe)85 thermoelectric materials.pdf,(AgSbTe2)15(GeTe)85,0.4 MS,(Ag0.4SbTe0.2+1.5)15(GeTe)85,2,Yes,Ag,0.4,unclear,Sb (1) @ unclear,Ag (0.4) @ unclear site; Sb (1) @ unclear site,,,6.4 cm2 V-1 s-1,,300 K
10.1039/c3ta15147f,Ioffe–Regel limit and lattice thermal conductivity reduction of high performance (AgSbTe2)15(GeTe)85 thermoelectric materials.pdf,(AgSbTe2)15(GeTe)85,0.4 MS,(Ag0.4SbTe2/2+1.5)15(GeTe)85,1,No,Ag,0.4,unclear,,Ag (0.4) @ unclear site,12 uW cm^-1 K^-2,140 uV K^-1,4 10^4 Sm^-1,0.3 dimensionless,300 K
10.1039/c3ta15147f,Ioffe–Regel limit and lattice thermal conductivity reduction of high performance (AgSbTe2)15(GeTe)85 thermoelectric materials.pdf,(AgSbTe2)15(GeTe)85,0.6 AQ,(Ag0.6SbTe0.3+1.5)15(GeTe)85,2,Yes,Ag,0.6,unclear,Sb (1) @ unclear,Ag (0.6) @ unclear site; Sb (1) @ unclear site,,,7.7 cm2 V-1 s-1,,300 K
10.1039/c3ta15147f,Ioffe–Regel limit and lattice thermal conductivity reduction of high performance (AgSbTe2)15(GeTe)85 thermoelectric materials.pdf,(AgSbTe2)15(GeTe)85,0.6 MS,(Ag0.6SbTe0.3+1.5)15(GeTe)85,2,Yes,Ag,0.6,unclear,Sb (1) @ unclear,Ag (0.6) @ unclear site; Sb (1) @ unclear site,,,7.0 cm2 V-1 s-1,,300 K
10.1039/c3ta15147f,Ioffe–Regel limit and lattice thermal conductivity reduction of high performance (AgSbTe2)15(GeTe)85 thermoelectric materials.pdf,(AgSbTe2)15(GeTe)85,0.8 AQ,(Ag0.8SbTe0.4+1.5)15(GeTe)85,2,Yes,Ag,0.8,unclear,Sb (1) @ unclear,Ag (0.8) @ unclear site; Sb (1) @ unclear site,,,7.1 cm2 V-1 s-1,,300 K
10.1039/c3ta15147f,Ioffe–Regel limit and lattice thermal conductivity reduction of high performance (AgSbTe2)15(GeTe)85 thermoelectric materials.pdf,(AgSbTe2)15(GeTe)85,0.8 MS,(Ag0.8SbTe0.4+1.5)15(GeTe)85,2,Yes,Ag,0.8,unclear,Sb (1) @ unclear,Ag (0.8) @ unclear site; Sb (1) @ unclear site,,,6.7 cm2 V-1 s-1,,300 K
10.1039/c3ta15147f,Ioffe–Regel limit and lattice thermal conductivity reduction of high performance (AgSbTe2)15(GeTe)85 thermoelectric materials.pdf,(AgSbTe2)15(GeTe)85,1.0 AQ,(Ag1.0SbTe0.5+1.5)15(GeTe)85,2,Yes,Ag,1.0,unclear,Sb (1) @ unclear,Ag (1.0) @ unclear site; Sb (1) @ unclear site,,,5.0 cm2 V-1 s-1,,300 K
10.1039/c3ta15147f,Ioffe–Regel limit and lattice thermal conductivity reduction of high performance (AgSbTe2)15(GeTe)85 thermoelectric materials.pdf,(AgSbTe2)15(GeTe)85,1.0 MS,(Ag1.0SbTe0.5+1.5)15(GeTe)85,2,Yes,Ag,1.0,unclear,Sb (1) @ unclear,Ag (1.0) @ unclear site; Sb (1) @ unclear site,,,6.5 cm2 V-1 s-1,,300 K
10.1039/c3ta15147f,Ioffe–Regel limit and lattice thermal conductivity reduction of high performance (AgSbTe2)15(GeTe)85 thermoelectric materials.pdf,(AgSbTe2)15(GeTe)85,1.2 AQ,(Ag1.2SbTe0.6+1.5)15(GeTe)85,2,Yes,Ag,1.2,unclear,Sb (1) @ unclear,Ag (1.2) @ unclear site; Sb (1) @ unclear site,,,5.3 cm2 V-1 s-1,,300 K
10.1039/c3ta15147f,Ioffe–Regel limit and lattice thermal conductivity reduction of high performance (AgSbTe2)15(GeTe)85 thermoelectric materials.pdf,(AgSbTe2)15(GeTe)85,1.2 MS,(Ag1.2SbTe0.6+1.5)15(GeTe)85,2,Yes,Ag,1.2,unclear,Sb (1) @ unclear,Ag (1.2) @ unclear site; Sb (1) @ unclear site,,,5.5 cm2 V-1 s-1,,300 K
,Irie_1963_Jpn._J._Appl._Phys._2_72.pdf,AgSbTe2,AgSbTe2-AgBiTe2 system,AgSbTe2-AgBiTe2,1,No,Bi,0-50 mol%,Sb,,Bi (0-50 mol%) @ Sb site,,250 uV/C,180 ohm^-1 cm^-1,,not reported
,Irie_1963_Jpn._J._Appl._Phys._2_72.pdf,AgSbTe2,AgSbTe2-PbTe system,AgSbTe2-PbTe,1,No,Pb,0-100 mol%,multiple sites,,Pb (0-100 mol%) @ multiple sites site,,300 uV/C,10 ohm^-1 cm^-1,,not reported
,Irie_1963_Jpn._J._Appl._Phys._2_72.pdf,AgSbTe2,AgSbTe2-SnTe system,AgSbTe2-SnTe,1,No,Sn,0-100 mol%,multiple sites,,Sn (0-100 mol%) @ multiple sites site,,250 uV/C,1200 ohm^-1 cm^-1,,not reported
10.1134/S1063782625602201,Kinetik Properties of (AgSbТe2)0.8(PbTe)0.2.pdf,AgSbTe2,(AgSbTe2)0.8(PbTe)0.2,(AgSbTe2)0.8(PbTe)0.2,1,No,Pb,0.2,unclear,,Pb (0.2) @ unclear site,,55 uV/K,50 Ohm^-1cm^-1,,80 K
10.1134/S1063782625602201,Kinetik Properties of (AgSbТe2)0.8(PbTe)0.2.pdf,AgSbTe2,(AgSbTe2)0.8(PbTe)0.2,(AgSbTe2)0.8(PbTe)0.2,1,No,Pb,0.2,unclear,,Pb (0.2) @ unclear site,,60 uV/K,58 Ohm^-1cm^-1,,200 K
10.1134/S1063782625602201,Kinetik Properties of (AgSbТe2)0.8(PbTe)0.2.pdf,AgSbTe2,(AgSbTe2)0.8(PbTe)0.2,(AgSbTe2)0.8(PbTe)0.2,1,No,Pb,0.2,unclear,,Pb (0.2) @ unclear site,,125 uV/K,35 Ohm^-1cm^-1,,410 K
10.1134/S1063782625602201,Kinetik Properties of (AgSbТe2)0.8(PbTe)0.2.pdf,AgSbTe2,(AgSbTe2)0.8(PbTe)0.2,(AgSbTe2)0.8(PbTe)0.2,1,No,Pb,0.2,unclear,,Pb (0.2) @ unclear site,,,46 Ohm^-1cm^-1,,500 K
10.1134/S1063782625602201,Kinetik Properties of (AgSbТe2)0.8(PbTe)0.2.pdf,AgSbTe2,(AgSbTe2)0.8(PbTe)0.2,(AgSbTe2)0.8(PbTe)0.2,1,No,Pb,0.2,unclear,,Pb (0.2) @ unclear site,,105 uV/K,,,550 K
10.1134/S1063782625602201,Kinetik Properties of (AgSbТe2)0.8(PbTe)0.2.pdf,AgSbTe2,(AgSbTe2)0.8(PbTe)0.2,(AgSbTe2)0.8(PbTe)0.2,1,No,Pb,0.2,multiple sites,,Pb (0.2) @ multiple sites site,,50-150 uV/K,30-60 Ohm^-1 cm^-1,,not reported
10.1021/jacs.3c09655,Large Mobility Enables Higher Thermoelectric Cooling and Power Generation Performance in n‑type AgPb18+xSbTe20 Crystals.pdf,AgPb18+xSbTe20,AgPb18+xSbTe20,AgPb18+xSbTe20,1,No,Pb,18+x,unclear,,Pb (18+x) @ unclear site,,,,0.6 dimensionless,303 K
10.1021/jacs.3c09655,Large Mobility Enables Higher Thermoelectric Cooling and Power Generation Performance in n‑type AgPb18+xSbTe20 Crystals.pdf,AgPb18+xSbTe20,AgPb18+xSbTe20,AgPb18+xSbTe20,1,No,Pb,18+x,unclear,,Pb (18+x) @ unclear site,,,,1.2 dimensionless,623 K
10.1021/jacs.3c09655,Large Mobility Enables Higher Thermoelectric Cooling and Power Generation Performance in n‑type AgPb18+xSbTe20 Crystals.pdf,AgPb18+xSbTe20,AgPb18.4SbTe20,AgPb18.4SbTe20,1,No,Pb,18.4,unclear,,Pb (18.4) @ unclear site,37.8 μW cm-1 K-2,-172.3 μV/K,,0.6 dimensionless,303 K
10.1021/jacs.3c09655,Large Mobility Enables Higher Thermoelectric Cooling and Power Generation Performance in n‑type AgPb18+xSbTe20 Crystals.pdf,AgPb18+xSbTe20,AgPb18.4SbTe20,AgPb18.4SbTe20,1,No,Pb,18.4,unclear,,Pb (18.4) @ unclear site,,,,1.2 dimensionless,623 K
10.1021/jacs.3c09655,Large Mobility Enables Higher Thermoelectric Cooling and Power Generation Performance in n‑type AgPb18+xSbTe20 Crystals.pdf,AgPb18+xSbTe20,AgPb18.4SbTe20 crystal,AgPb18.4SbTe20,1,No,Pb,18.4,unclear,,Pb (18.4) @ unclear site,,,,0.6 dimensionless,303 K
10.1021/jacs.3c09655,Large Mobility Enables Higher Thermoelectric Cooling and Power Generation Performance in n‑type AgPb18+xSbTe20 Crystals.pdf,AgPb18+xSbTe20,AgPb18.4SbTe20 crystal,AgPb18.4SbTe20,1,No,Pb,18.4,unclear,,Pb (18.4) @ unclear site,,,,1.2 dimensionless,623 K
10.1021/jacs.3c09655,Large Mobility Enables Higher Thermoelectric Cooling and Power Generation Performance in n‑type AgPb18+xSbTe20 Crystals.pdf,AgPb18+xSbTe20,AgPb18.5SbTe20,AgPb18.5SbTe20,1,No,Pb,18.5,unclear,,Pb (18.5) @ unclear site,38.2 μW cm-1 K-2,,1333.6 S cm-1,,303 K
10.1021/jacs.3c09655,Large Mobility Enables Higher Thermoelectric Cooling and Power Generation Performance in n‑type AgPb18+xSbTe20 Crystals.pdf,AgPb18+xSbTe20,AgPb18SbTe20,AgPb18SbTe20,1,No,Pb,18,unclear,,Pb (18) @ unclear site,21.3 μW cm-1 K-2,-202.4 μV/K,520.5 S cm-1,,303 K
10.1021/jacs.3c09655,Large Mobility Enables Higher Thermoelectric Cooling and Power Generation Performance in n‑type AgPb18+xSbTe20 Crystals.pdf,AgPb18+xSbTe20,Polycrystalline AgPb18.4SbTe20,AgPb18.4SbTe20,1,No,Pb,18.4,unclear,,Pb (18.4) @ unclear site,8.0 μW cm-1 K-2,,186.0 S cm-1,0.2 dimensionless,303 K
10.1021/jacs.3c09655,Large Mobility Enables Higher Thermoelectric Cooling and Power Generation Performance in n‑type AgPb18+xSbTe20 Crystals.pdf,AgPb18+xSbTe20,polycrystalline AgPb18.4SbTe20,AgPb18.4SbTe20,1,No,Pb,18.4,unclear,,Pb (18.4) @ unclear site,,,,0.2 dimensionless,303 K
10.1016/j.actamat.2017.01.053,"Large-scale production of (GeTe)x(AgSbTe2)100−x (x=75, 80, 85, 90) with enhanced thermoelectric properties via gas-atomization and spark plasma sintering.pdf",(GeTe)x(AgSbTe2)100-x,TAGS-75,(GeTe)75(AgSbTe2)25,1,No,Ge,75 mol%,multiple sites,,Ge (75 mol%) @ multiple sites site,1.2 10^-3 Wm^-1K^-2,80 μVK^-1,18 10^4 Ω^-1m^-1,0.3 dimensionless,300 K
10.1016/j.actamat.2017.01.053,"Large-scale production of (GeTe)x(AgSbTe2)100−x (x=75, 80, 85, 90) with enhanced thermoelectric properties via gas-atomization and spark plasma sintering.pdf",(GeTe)x(AgSbTe2)100-x,TAGS-75,(GeTe)75(AgSbTe2)25,0,No,,,,,,,,,0.93 dimensionless,623-723 K
10.1016/j.actamat.2017.01.053,"Large-scale production of (GeTe)x(AgSbTe2)100−x (x=75, 80, 85, 90) with enhanced thermoelectric properties via gas-atomization and spark plasma sintering.pdf",(GeTe)x(AgSbTe2)100-x,TAGS-80,(GeTe)80(AgSbTe2)20,1,No,Ge,80 mol%,multiple sites,,Ge (80 mol%) @ multiple sites site,,,22.91 10^4 Ω^-1m^-1,,300 K
10.1016/j.actamat.2017.01.053,"Large-scale production of (GeTe)x(AgSbTe2)100−x (x=75, 80, 85, 90) with enhanced thermoelectric properties via gas-atomization and spark plasma sintering.pdf",(GeTe)x(AgSbTe2)100-x,TAGS-80,(GeTe)80(AgSbTe2)20,0,No,,,,,,,241 uV/K,,,598 K
10.1016/j.actamat.2017.01.053,"Large-scale production of (GeTe)x(AgSbTe2)100−x (x=75, 80, 85, 90) with enhanced thermoelectric properties via gas-atomization and spark plasma sintering.pdf",(GeTe)x(AgSbTe2)100-x,TAGS-80,(GeTe)80(AgSbTe2)20,1,No,Ge,80 mol%,multiple sites,,Ge (80 mol%) @ multiple sites site,,241 μVK^-1,,,598 K
10.1016/j.actamat.2017.01.053,"Large-scale production of (GeTe)x(AgSbTe2)100−x (x=75, 80, 85, 90) with enhanced thermoelectric properties via gas-atomization and spark plasma sintering.pdf",(GeTe)x(AgSbTe2)100-x,TAGS-80,(GeTe)80(AgSbTe2)20,0,No,,,,,,,,,1.48 dimensionless,623-723 K
10.1016/j.actamat.2017.01.053,"Large-scale production of (GeTe)x(AgSbTe2)100−x (x=75, 80, 85, 90) with enhanced thermoelectric properties via gas-atomization and spark plasma sintering.pdf",(GeTe)x(AgSbTe2)100-x,TAGS-80,(GeTe)80(AgSbTe2)20,1,No,Ge,80 mol%,multiple sites,,Ge (80 mol%) @ multiple sites site,,,,1.48 dimensionless,623-723 K
10.1016/j.actamat.2017.01.053,"Large-scale production of (GeTe)x(AgSbTe2)100−x (x=75, 80, 85, 90) with enhanced thermoelectric properties via gas-atomization and spark plasma sintering.pdf",(GeTe)x(AgSbTe2)100-x,TAGS-85,(GeTe)85(AgSbTe2)15,0,No,,,,,,,,,0.86 dimensionless,623-723 K
10.1016/j.actamat.2017.01.053,"Large-scale production of (GeTe)x(AgSbTe2)100−x (x=75, 80, 85, 90) with enhanced thermoelectric properties via gas-atomization and spark plasma sintering.pdf",(GeTe)x(AgSbTe2)100-x,TAGS-85,(GeTe)85(AgSbTe2)15,1,No,Ge,85 mol%,multiple sites,,Ge (85 mol%) @ multiple sites site,,,,0.93 dimensionless,623-723 K
10.1016/j.actamat.2017.01.053,"Large-scale production of (GeTe)x(AgSbTe2)100−x (x=75, 80, 85, 90) with enhanced thermoelectric properties via gas-atomization and spark plasma sintering.pdf",(GeTe)x(AgSbTe2)100-x,TAGS-90,(GeTe)90(AgSbTe2)10,0,No,,,,,,,,22.91 10^4 U^-1m^-1,,300 K
10.1016/j.actamat.2017.01.053,"Large-scale production of (GeTe)x(AgSbTe2)100−x (x=75, 80, 85, 90) with enhanced thermoelectric properties via gas-atomization and spark plasma sintering.pdf",(GeTe)x(AgSbTe2)100-x,TAGS-90,(GeTe)90(AgSbTe2)10,0,No,,,,,,,,,1.56 dimensionless,623 K
10.1016/j.actamat.2017.01.053,"Large-scale production of (GeTe)x(AgSbTe2)100−x (x=75, 80, 85, 90) with enhanced thermoelectric properties via gas-atomization and spark plasma sintering.pdf",(GeTe)x(AgSbTe2)100-x,TAGS-90,(GeTe)90(AgSbTe2)10,0,No,,,,,,4.176 10^-3 Wm^-1K^-2,,,,698 K
10.1016/j.actamat.2017.01.053,"Large-scale production of (GeTe)x(AgSbTe2)100−x (x=75, 80, 85, 90) with enhanced thermoelectric properties via gas-atomization and spark plasma sintering.pdf",(GeTe)x(AgSbTe2)100-x,TAGS-90,(GeTe)90(AgSbTe2)10,0,No,,,,,,,,14.68 10^4 U^-1m^-1,,723 K
10.1016/j.actamat.2017.01.053,"Large-scale production of (GeTe)x(AgSbTe2)100−x (x=75, 80, 85, 90) with enhanced thermoelectric properties via gas-atomization and spark plasma sintering.pdf",(GeTe)x(AgSbTe2)100-x,TAGS-90,(GeTe)90(AgSbTe2)10,1,No,Ge,90 mol%,multiple sites,,Ge (90 mol%) @ multiple sites site,,,,1.56 dimensionless,623-723 K
10.1063/1.5109465,Low lattice thermal conductivity by alloying SnTe with AgSbTe2 and CaTe-MnTe.pdf,SnTe-AgSbTe2,(Sn0.85Mn0.15)0.85(AgSbTe2)0.075,(Sn0.85Mn0.15)0.85(AgSbTe2)0.075,1,No,Mn,0.15,unclear,,Mn (0.15) @ unclear site,,150 uV/K,,,723 K
10.1063/1.5109465,Low lattice thermal conductivity by alloying SnTe with AgSbTe2 and CaTe-MnTe.pdf,SnTe-AgSbTe2,(Sn0.85Mn0.15)0.85(AgSbTe2)0.075,(Sn0.85Mn0.15)0.85(AgSbTe2)0.075,1,No,Mn,0.15,unclear,,Mn (0.15) @ unclear site,,145 uV/K,0.9 mOhm-cm,0.8 dimensionless,800 K
10.1063/1.5109465,Low lattice thermal conductivity by alloying SnTe with AgSbTe2 and CaTe-MnTe.pdf,SnTe-AgSbTe2,(Sn0.95Ca0.05)0.75(AgSbTe2)0.125,(Sn0.95Ca0.05)0.75(AgSbTe2)0.125,1,No,Ca,0.05,unclear,,Ca (0.05) @ unclear site,,140 uV/K,,,723 K
10.1063/1.5109465,Low lattice thermal conductivity by alloying SnTe with AgSbTe2 and CaTe-MnTe.pdf,SnTe-AgSbTe2,(Sn0.95Ca0.05)0.75(AgSbTe2)0.125,(Sn0.95Ca0.05)0.75(AgSbTe2)0.125,1,No,Ca,0.05,unclear,,Ca (0.05) @ unclear site,,130 uV/K,1.0 mOhm-cm,0.7 dimensionless,800 K
10.1016/j.physb.2026.418712,Low solubility and transport consequences of Eu addition in AgSbTe2 thermoelectrics.pdf,AgSbTe2,0 wt% Eu,AgSbTe2,0,No,,,,,,0.8 Wm^-1K^-2,250 uV/K,1.6 10^4 S/m,0.6 dimensionless,300 K
10.1016/j.physb.2026.418712,Low solubility and transport consequences of Eu addition in AgSbTe2 thermoelectrics.pdf,AgSbTe2,0 wt% Eu,AgSbTe2,0,No,,,,,,0.9 Wm^-1K^-2,350 uV/K,,,500 K
10.1016/j.physb.2026.418712,Low solubility and transport consequences of Eu addition in AgSbTe2 thermoelectrics.pdf,AgSbTe2,0 wt% Eu,AgSbTe2,0,No,,,,,,,,0.6 10^4 S/m,1.2 dimensionless,600 K
10.1016/j.physb.2026.418712,Low solubility and transport consequences of Eu addition in AgSbTe2 thermoelectrics.pdf,AgSbTe2,0 wt% Eu,AgSbTe2,0,No,,,,,,,,1.70 × 10^4 Ω^-1m^-1,,not reported
10.1016/j.physb.2026.418712,Low solubility and transport consequences of Eu addition in AgSbTe2 thermoelectrics.pdf,AgSbTe2,2 wt% Eu,AgSbTe2:Eu (2 wt%),1,No,Eu,2 wt%,unclear,,Eu (2 wt%) @ unclear site,,,0.41 × 10^4 Ω^-1m^-1,,not reported
10.1016/j.physb.2026.418712,Low solubility and transport consequences of Eu addition in AgSbTe2 thermoelectrics.pdf,AgSbTe2,4 wt% Eu,AgSbTe2:Eu,1,No,Eu,4 wt%,unclear,,Eu (4 wt%) @ unclear site,0.2 Wm^-1K^-2,200 uV/K,0.4 10^4 S/m,0.1 dimensionless,300 K
10.1016/j.physb.2026.418712,Low solubility and transport consequences of Eu addition in AgSbTe2 thermoelectrics.pdf,AgSbTe2,4 wt% Eu,AgSbTe2:Eu,1,No,Eu,4 wt%,unclear,,Eu (4 wt%) @ unclear site,0.3 Wm^-1K^-2,350 uV/K,,,500 K
10.1016/j.physb.2026.418712,Low solubility and transport consequences of Eu addition in AgSbTe2 thermoelectrics.pdf,AgSbTe2,4 wt% Eu,AgSbTe2:Eu,1,No,Eu,4 wt%,unclear,,Eu (4 wt%) @ unclear site,,,0.6 10^4 S/m,0.2 dimensionless,600 K
10.1016/j.physb.2026.418712,Low solubility and transport consequences of Eu addition in AgSbTe2 thermoelectrics.pdf,AgSbTe2,4 wt% Eu,AgSbTe2:Eu (4 wt%),1,No,Eu,4 wt%,unclear,,Eu (4 wt%) @ unclear site,,,0.37 × 10^4 Ω^-1m^-1,,not reported
10.1016/j.physb.2026.418712,Low solubility and transport consequences of Eu addition in AgSbTe2 thermoelectrics.pdf,AgSbTe2,6 wt% Eu,AgSbTe2:Eu (6 wt%),1,No,Eu,6 wt%,unclear,,Eu (6 wt%) @ unclear site,,,0.34 × 10^4 Ω^-1m^-1,,not reported
10.1016/j.physb.2026.418712,Low solubility and transport consequences of Eu addition in AgSbTe2 thermoelectrics.pdf,AgSbTe2,8 wt% Eu,AgSbTe2:Eu (8 wt%),1,No,Eu,8 wt%,unclear,,Eu (8 wt%) @ unclear site,,,0.70 × 10^4 Ω^-1m^-1,,not reported
10.1088/0957-4484/19/24/245707,Nanostructures in high-performance (GeTe)x(AgSbTe2)100−x thermoelectric materials.pdf,AgSbTe2,TAGS-75,(GeTe)75(AgSbTe2)25,1,No,Ge,75 mol%,multiple sites,,Ge (75 mol%) @ multiple sites site,,160 10^-6 VK^-1,4.5 10^4 Sm^-1,0.3 dimensionless,300 K
10.1088/0957-4484/19/24/245707,Nanostructures in high-performance (GeTe)x(AgSbTe2)100−x thermoelectric materials.pdf,AgSbTe2,TAGS-75,(GeTe)75(AgSbTe2)25,1,No,Ge,75 mol%,multiple sites,,Ge (75 mol%) @ multiple sites site,,240 10^-6 VK^-1,,,600 K
10.1088/0957-4484/19/24/245707,Nanostructures in high-performance (GeTe)x(AgSbTe2)100−x thermoelectric materials.pdf,AgSbTe2,TAGS-75,(GeTe)0.75(AgSbTe2)0.25,0,No,,,,,,,,,1.53 dimensionless,720 K
10.1088/0957-4484/19/24/245707,Nanostructures in high-performance (GeTe)x(AgSbTe2)100−x thermoelectric materials.pdf,AgSbTe2,TAGS-75,(GeTe)75(AgSbTe2)25,1,No,Ge,75 mol%,multiple sites,,Ge (75 mol%) @ multiple sites site,,,3.5 10^4 Sm^-1,1.53 dimensionless,720 K
10.1088/0957-4484/19/24/245707,Nanostructures in high-performance (GeTe)x(AgSbTe2)100−x thermoelectric materials.pdf,AgSbTe2,TAGS-80,(GeTe)80(AgSbTe2)20,1,No,Ge,80 mol%,multiple sites,,Ge (80 mol%) @ multiple sites site,,180 10^-6 VK^-1,3.5 10^4 Sm^-1,0.3 dimensionless,300 K
10.1088/0957-4484/19/24/245707,Nanostructures in high-performance (GeTe)x(AgSbTe2)100−x thermoelectric materials.pdf,AgSbTe2,TAGS-80,(GeTe)80(AgSbTe2)20,1,No,Ge,80 mol%,multiple sites,,Ge (80 mol%) @ multiple sites site,,250 10^-6 VK^-1,,,600 K
10.1088/0957-4484/19/24/245707,Nanostructures in high-performance (GeTe)x(AgSbTe2)100−x thermoelectric materials.pdf,AgSbTe2,TAGS-80,(GeTe)0.80(AgSbTe2)0.20,0,No,,,,,,,,,1.50 dimensionless,720 K
10.1088/0957-4484/19/24/245707,Nanostructures in high-performance (GeTe)x(AgSbTe2)100−x thermoelectric materials.pdf,AgSbTe2,TAGS-80,(GeTe)80(AgSbTe2)20,1,No,Ge,80 mol%,multiple sites,,Ge (80 mol%) @ multiple sites site,,,3.0 10^4 Sm^-1,1.50 dimensionless,720 K
10.1088/0957-4484/19/24/245707,Nanostructures in high-performance (GeTe)x(AgSbTe2)100−x thermoelectric materials.pdf,AgSbTe2,TAGS-85,(GeTe)85(AgSbTe2)15,1,No,Ge,85 mol%,multiple sites,,Ge (85 mol%) @ multiple sites site,,110 10^-6 VK^-1,8.0 10^4 Sm^-1,0.2 dimensionless,300 K
10.1088/0957-4484/19/24/245707,Nanostructures in high-performance (GeTe)x(AgSbTe2)100−x thermoelectric materials.pdf,AgSbTe2,TAGS-85,(GeTe)0.85(AgSbTe2)0.15,0,No,,,,,,,,,1.50 dimensionless,720 K
10.1088/0957-4484/19/24/245707,Nanostructures in high-performance (GeTe)x(AgSbTe2)100−x thermoelectric materials.pdf,AgSbTe2,TAGS-85,(GeTe)85(AgSbTe2)15,1,No,Ge,85 mol%,multiple sites,,Ge (85 mol%) @ multiple sites site,,200 10^-6 VK^-1,7.0 10^4 Sm^-1,1.50 dimensionless,720 K
10.1088/0957-4484/19/24/245707,Nanostructures in high-performance (GeTe)x(AgSbTe2)100−x thermoelectric materials.pdf,AgSbTe2,TAGS-90,(GeTe)90(AgSbTe2)10,1,No,Ge,90 mol%,multiple sites,,Ge (90 mol%) @ multiple sites site,,60 10^-6 VK^-1,18.0 10^4 Sm^-1,0.3 dimensionless,300 K
10.1088/0957-4484/19/24/245707,Nanostructures in high-performance (GeTe)x(AgSbTe2)100−x thermoelectric materials.pdf,AgSbTe2,TAGS-90,(GeTe)0.90(AgSbTe2)0.10,0,No,,,,,,,,,0.50 dimensionless | 0.55 dimensionless,720 K
10.1088/0957-4484/19/24/245707,Nanostructures in high-performance (GeTe)x(AgSbTe2)100−x thermoelectric materials.pdf,AgSbTe2,TAGS-90,(GeTe)90(AgSbTe2)10,1,No,Ge,90 mol%,multiple sites,,Ge (90 mol%) @ multiple sites site,,70 10^-6 VK^-1,15.0 10^4 Sm^-1,0.55 dimensionless,720 K
10.1021/acsami.6c05111,Optimized Carrier Concentration and Reduced Thermal Conductivity in Cu-Deficient CuGaTe2 Alloyed with AgSbTe2 for Superior Thermoelectric Performance.pdf,Cu0.96GaTe2-AgSbTe2,(Cu0.96GaTe2)0.89(AgSbTe2)0.11,(Cu0.96GaTe2)0.89(AgSbTe2)0.11,1,No,AgSbTe2,0.11,multiple sites,,AgSbTe2 (0.11) @ multiple sites site,,,65.63 S cm-1,,303 K
10.1021/acsami.6c05111,Optimized Carrier Concentration and Reduced Thermal Conductivity in Cu-Deficient CuGaTe2 Alloyed with AgSbTe2 for Superior Thermoelectric Performance.pdf,Cu0.96GaTe2-AgSbTe2,(Cu0.96GaTe2)0.89(AgSbTe2)0.11,(Cu0.96GaTe2)0.89(AgSbTe2)0.11,2,Yes,Ag,x=0.11,unclear,Sb (x=0.11) @ unclear,Ag (x=0.11) @ unclear site; Sb (x=0.11) @ unclear site,,,,1.26 dimensionless,723 K
10.1021/acsami.6c05111,Optimized Carrier Concentration and Reduced Thermal Conductivity in Cu-Deficient CuGaTe2 Alloyed with AgSbTe2 for Superior Thermoelectric Performance.pdf,Cu0.96GaTe2-AgSbTe2,(Cu0.96GaTe2)0.9(AgSbTe2)0.1,(Cu0.96GaTe2)0.9(AgSbTe2)0.1,1,No,AgSbTe2,0.1,multiple sites,,AgSbTe2 (0.1) @ multiple sites site,,,,1.39 dimensionless,743 K
10.1021/acsami.6c05111,Optimized Carrier Concentration and Reduced Thermal Conductivity in Cu-Deficient CuGaTe2 Alloyed with AgSbTe2 for Superior Thermoelectric Performance.pdf,Cu0.96GaTe2-AgSbTe2,(Cu0.96GaTe2)0.90(AgSbTe2)0.10,(Cu0.96GaTe2)0.90(AgSbTe2)0.10,2,Yes,Ag,x=0.10,unclear,Sb (x=0.10) @ unclear,Ag (x=0.10) @ unclear site; Sb (x=0.10) @ unclear site,,,,1.39 dimensionless,743 K
10.1021/acsami.6c05111,Optimized Carrier Concentration and Reduced Thermal Conductivity in Cu-Deficient CuGaTe2 Alloyed with AgSbTe2 for Superior Thermoelectric Performance.pdf,Cu0.96GaTe2-AgSbTe2,(Cu0.96GaTe2)0.92(AgSbTe2)0.08,(Cu0.96GaTe2)0.92(AgSbTe2)0.08,2,Yes,Ag,x=0.08,unclear,Sb (x=0.08) @ unclear,Ag (x=0.08) @ unclear site; Sb (x=0.08) @ unclear site,,,,1.18 dimensionless,723 K
10.1021/acsami.6c05111,Optimized Carrier Concentration and Reduced Thermal Conductivity in Cu-Deficient CuGaTe2 Alloyed with AgSbTe2 for Superior Thermoelectric Performance.pdf,Cu0.96GaTe2-AgSbTe2,(Cu0.96GaTe2)0.94(AgSbTe2)0.06,(Cu0.96GaTe2)0.94(AgSbTe2)0.06,2,Yes,Ag,x=0.06,unclear,Sb (x=0.06) @ unclear,Ag (x=0.06) @ unclear site; Sb (x=0.06) @ unclear site,,,,1.12 dimensionless,723 K
10.1021/acsami.6c05111,Optimized Carrier Concentration and Reduced Thermal Conductivity in Cu-Deficient CuGaTe2 Alloyed with AgSbTe2 for Superior Thermoelectric Performance.pdf,Cu0.96GaTe2-AgSbTe2,(Cu0.96GaTe2)0.96(AgSbTe2)0.04,(Cu0.96GaTe2)0.96(AgSbTe2)0.04,2,Yes,Ag,x=0.04,unclear,Sb (x=0.04) @ unclear,Ag (x=0.04) @ unclear site; Sb (x=0.04) @ unclear site,,,,0.99 dimensionless,723 K
10.1021/acsami.6c05111,Optimized Carrier Concentration and Reduced Thermal Conductivity in Cu-Deficient CuGaTe2 Alloyed with AgSbTe2 for Superior Thermoelectric Performance.pdf,Cu0.96GaTe2-AgSbTe2,(Cu0.96GaTe2)0.98(AgSbTe2)0.02,(Cu0.96GaTe2)0.98(AgSbTe2)0.02,2,Yes,Ag,x=0.02,unclear,Sb (x=0.02) @ unclear,Ag (x=0.02) @ unclear site; Sb (x=0.02) @ unclear site,,,,0.82 dimensionless,723 K
10.1021/acsami.6c05111,Optimized Carrier Concentration and Reduced Thermal Conductivity in Cu-Deficient CuGaTe2 Alloyed with AgSbTe2 for Superior Thermoelectric Performance.pdf,Cu0.96GaTe2-AgSbTe2,"(Cu0.96GaTe2)1-x(AgSbTe2)x, x=0",(Cu0.96GaTe2)1-x(AgSbTe2)x,2,Yes,Ag,x=0,unclear,Sb (x=0) @ unclear,Ag (x=0) @ unclear site; Sb (x=0) @ unclear site,0.05 mW/mK^2,100 µV/K,50 S/cm,,300 K
10.1021/acsami.6c05111,Optimized Carrier Concentration and Reduced Thermal Conductivity in Cu-Deficient CuGaTe2 Alloyed with AgSbTe2 for Superior Thermoelectric Performance.pdf,Cu0.96GaTe2-AgSbTe2,"(Cu0.96GaTe2)1-x(AgSbTe2)x, x=0.02",(Cu0.96GaTe2)0.98(AgSbTe2)0.02,2,Yes,Ag,x=0.02,unclear,Sb (x=0.02) @ unclear,Ag (x=0.02) @ unclear site; Sb (x=0.02) @ unclear site,0.1 mW/mK^2,120 µV/K,60 S/cm,,300 K
10.1021/acsami.6c05111,Optimized Carrier Concentration and Reduced Thermal Conductivity in Cu-Deficient CuGaTe2 Alloyed with AgSbTe2 for Superior Thermoelectric Performance.pdf,Cu0.96GaTe2-AgSbTe2,"(Cu0.96GaTe2)1-x(AgSbTe2)x, x=0.04",(Cu0.96GaTe2)0.96(AgSbTe2)0.04,2,Yes,Ag,x=0.04,unclear,Sb (x=0.04) @ unclear,Ag (x=0.04) @ unclear site; Sb (x=0.04) @ unclear site,0.15 mW/mK^2,130 µV/K,70 S/cm,,300 K
10.1021/acsami.6c05111,Optimized Carrier Concentration and Reduced Thermal Conductivity in Cu-Deficient CuGaTe2 Alloyed with AgSbTe2 for Superior Thermoelectric Performance.pdf,Cu0.96GaTe2-AgSbTe2,"(Cu0.96GaTe2)1-x(AgSbTe2)x, x=0.06",(Cu0.96GaTe2)0.94(AgSbTe2)0.06,2,Yes,Ag,x=0.06,unclear,Sb (x=0.06) @ unclear,Ag (x=0.06) @ unclear site; Sb (x=0.06) @ unclear site,0.2 mW/mK^2,140 µV/K,80 S/cm,,300 K
10.1021/acsami.6c05111,Optimized Carrier Concentration and Reduced Thermal Conductivity in Cu-Deficient CuGaTe2 Alloyed with AgSbTe2 for Superior Thermoelectric Performance.pdf,Cu0.96GaTe2-AgSbTe2,"(Cu0.96GaTe2)1-x(AgSbTe2)x, x=0.08",(Cu0.96GaTe2)0.92(AgSbTe2)0.08,2,Yes,Ag,x=0.08,unclear,Sb (x=0.08) @ unclear,Ag (x=0.08) @ unclear site; Sb (x=0.08) @ unclear site,0.25 mW/mK^2,150 µV/K,90 S/cm,,300 K
10.1021/acsami.6c05111,Optimized Carrier Concentration and Reduced Thermal Conductivity in Cu-Deficient CuGaTe2 Alloyed with AgSbTe2 for Superior Thermoelectric Performance.pdf,Cu0.96GaTe2-AgSbTe2,"(Cu0.96GaTe2)1-x(AgSbTe2)x, x=0.10",(Cu0.96GaTe2)0.9(AgSbTe2)0.1,2,Yes,Ag,x=0.10,unclear,Sb (x=0.10) @ unclear,Ag (x=0.10) @ unclear site; Sb (x=0.10) @ unclear site,0.3 mW/mK^2,160 µV/K,100 S/cm,,300 K
10.1021/acsami.6c05111,Optimized Carrier Concentration and Reduced Thermal Conductivity in Cu-Deficient CuGaTe2 Alloyed with AgSbTe2 for Superior Thermoelectric Performance.pdf,Cu0.96GaTe2-AgSbTe2,"(Cu0.96GaTe2)1-x(AgSbTe2)x, x=0.11",(Cu0.96GaTe2)0.89(AgSbTe2)0.11,2,Yes,Ag,x=0.11,unclear,Sb (x=0.11) @ unclear,Ag (x=0.11) @ unclear site; Sb (x=0.11) @ unclear site,0.35 mW/mK^2,170 µV/K,110 S/cm,,300 K
10.1021/acsami.6c05111,Optimized Carrier Concentration and Reduced Thermal Conductivity in Cu-Deficient CuGaTe2 Alloyed with AgSbTe2 for Superior Thermoelectric Performance.pdf,Cu0.96GaTe2-AgSbTe2,Cu0.96GaTe2,Cu0.96GaTe2,1,No,Cu vacancy,0.04,Ag,,Cu vacancy (0.04) @ Ag site,,,26.85 S cm-1,,303 K
10.1007/s13391-014-4152-0,Optimized Thermoelectric Properties of AgSbTe2 through Adjustment of.pdf,AgSbTe2,AST-423-150,AgSbTe2,0,No,,,,,,,146 μVK−1,3.69 10^4 S/m,0.31 dimensionless,300 K
10.1007/s13391-014-4152-0,Optimized Thermoelectric Properties of AgSbTe2 through Adjustment of.pdf,AgSbTe2,AST-423-150,AgSbTe2,0,No,,,,,,,,,0.8 dimensionless,450 K
10.1007/s13391-014-4152-0,Optimized Thermoelectric Properties of AgSbTe2 through Adjustment of.pdf,AgSbTe2,AST-423-300,AgSbTe2,0,No,,,,,,,114 μVK−1,,0.25 dimensionless,300 K
10.1007/s13391-014-4152-0,Optimized Thermoelectric Properties of AgSbTe2 through Adjustment of.pdf,AgSbTe2,AST-423-300,AgSbTe2,0,No,,,,,,,,,0.75 dimensionless,450 K
10.1007/s13391-014-4152-0,Optimized Thermoelectric Properties of AgSbTe2 through Adjustment of.pdf,AgSbTe2,AST-423-500,AgSbTe2,0,No,,,,,,,117 μVK−1,,0.3 dimensionless,300 K
10.1007/s13391-014-4152-0,Optimized Thermoelectric Properties of AgSbTe2 through Adjustment of.pdf,AgSbTe2,AST-423-500,AgSbTe2,0,No,,,,,,,,,0.86 dimensionless,475 K
10.1007/s13391-014-4152-0,Optimized Thermoelectric Properties of AgSbTe2 through Adjustment of.pdf,AgSbTe2,AST-473-150,AgSbTe2,0,No,,,,,,,131 μVK−1,,0.2 dimensionless,300 K
10.1007/s13391-014-4152-0,Optimized Thermoelectric Properties of AgSbTe2 through Adjustment of.pdf,AgSbTe2,AST-473-150,AgSbTe2,0,No,,,,,,,,,0.7 dimensionless,450 K
10.1007/s13391-014-4152-0,Optimized Thermoelectric Properties of AgSbTe2 through Adjustment of.pdf,AgSbTe2,AST-473-300,AgSbTe2,0,No,,,,,,,96 μVK−1,,0.25 dimensionless,300 K
10.1007/s13391-014-4152-0,Optimized Thermoelectric Properties of AgSbTe2 through Adjustment of.pdf,AgSbTe2,AST-473-300,AgSbTe2,0,No,,,,,,,,,0.75 dimensionless,450 K
10.1007/s13391-014-4152-0,Optimized Thermoelectric Properties of AgSbTe2 through Adjustment of.pdf,AgSbTe2,AST-473-500,AgSbTe2,0,No,,,,,,,95 μVK−1,,0.3 dimensionless,300 K
10.1007/s13391-014-4152-0,Optimized Thermoelectric Properties of AgSbTe2 through Adjustment of.pdf,AgSbTe2,AST-473-500,AgSbTe2,0,No,,,,,,1.62 10^-3 W m^-1 K^-2,,,,418 K
10.1007/s13391-014-4152-0,Optimized Thermoelectric Properties of AgSbTe2 through Adjustment of.pdf,AgSbTe2,AST-473-500,AgSbTe2,0,No,,,,,,,,,0.7 dimensionless,450 K
10.1039/c3ta13729e,Peng2014.pdf,Yb0.2Co4Sb12,Matrix,Yb0.2Co4Sb12,0,No,,,,,,,-152 mV K-1,34.2 S cm-1,0.08 dimensionless,300 K
10.1039/c3ta13729e,Peng2014.pdf,Yb0.2Co4Sb12,Matrix-2 wt% AgSbTe2,Yb0.2Co4Sb12-2 wt% AgSbTe2,1,No,Te,less than y = 0.02,Sb,,Te (less than y = 0.02) @ Sb site,,-167 mV K-1,,0.23 dimensionless,300 K
10.1039/c3ta13729e,Peng2014.pdf,Yb0.2Co4Sb12,Matrix-2 wt% AgSbTe2,Yb0.2Co4Sb12-2 wt% AgSbTe2,1,No,AgSbTe2,2 wt%,interstitial,,AgSbTe2 (2 wt%) @ interstitial site,,,,0.23 dimensionless,300 K
10.1039/c3ta13729e,Peng2014.pdf,Yb0.2Co4Sb12,Matrix-4 wt% AgSbTe2,Yb0.2Co4Sb12-4 wt% AgSbTe2,1,No,Te,less than y = 0.02,Sb,,Te (less than y = 0.02) @ Sb site,,-202 mV K-1,,0.49 dimensionless,300 K
10.1039/c3ta13729e,Peng2014.pdf,Yb0.2Co4Sb12,Matrix-4 wt% AgSbTe2,Yb0.2Co4Sb12-4 wt% AgSbTe2,1,No,AgSbTe2,4 wt%,interstitial,,AgSbTe2 (4 wt%) @ interstitial site,,,,0.49 dimensionless,300 K
10.1039/c3ta13729e,Peng2014.pdf,Yb0.2Co4Sb12,Matrix-6 wt% AgSbTe2,Yb0.2Co4Sb12-6 wt% AgSbTe2,1,No,Te,less than y = 0.02,Sb,,Te (less than y = 0.02) @ Sb site,,-228 mV K-1,,0.51 dimensionless,300 K
10.1039/c3ta13729e,Peng2014.pdf,Yb0.2Co4Sb12,Matrix-6 wt% AgSbTe2,Yb0.2Co4Sb12-6 wt% AgSbTe2,1,No,AgSbTe2,6 wt%,interstitial,,AgSbTe2 (6 wt%) @ interstitial site,,,,0.51 dimensionless,300 K
10.1039/c3ta13729e,Peng2014.pdf,Yb0.2Co4Sb12,Matrix-8 wt% AgSbTe2,Yb0.2Co4Sb12-8 wt% AgSbTe2,1,No,Te,less than y = 0.02,Sb,,Te (less than y = 0.02) @ Sb site,,-176 mV K-1,,0.31 dimensionless,300 K
10.1039/c3ta13729e,Peng2014.pdf,Yb0.2Co4Sb12,Matrix-8 wt% AgSbTe2,Yb0.2Co4Sb12-8 wt% AgSbTe2,1,No,AgSbTe2,8 wt%,interstitial,,AgSbTe2 (8 wt%) @ interstitial site,,,,0.31 dimensionless,300 K
10.1039/c3ta13729e,Peng2014.pdf,Yb0.2Co4Sb12,matrix-2 wt% AgSbTe2,Yb0.2Co4Sb12-2 wt% AgSbTe2,1,No,Te,y < 0.02,Sb,,Te (y < 0.02) @ Sb site,,-180 uV/K,,,300 K
10.1039/c3ta13729e,Peng2014.pdf,Yb0.2Co4Sb12,matrix-4 wt% AgSbTe2,Yb0.2Co4Sb12-4 wt% AgSbTe2,1,No,Te,y < 0.02,Sb,,Te (y < 0.02) @ Sb site,,-200 uV/K,,,300 K
10.1039/c3ta13729e,Peng2014.pdf,Yb0.2Co4Sb12,matrix-6 wt% AgSbTe2,Yb0.2Co4Sb12-6 wt% AgSbTe2,1,No,Te,y < 0.02,Sb,,Te (y < 0.02) @ Sb site,,-228 uV/K,,,300 K
10.1039/c3ta13729e,Peng2014.pdf,Yb0.2Co4Sb12,matrix-8 wt% AgSbTe2,Yb0.2Co4Sb12-8 wt% AgSbTe2,1,No,Te,y < 0.02,Sb,,Te (y < 0.02) @ Sb site,,-170 uV/K,,,300 K
10.1016/j.actamat.2010.04.007,"Phase compositions, nanoscale microstructures and thermoelectric properties in Ag2−ySbyTe1+y alloys with precipitated Sb2Te3 plates.pdf",Ag2-ySbTe1+y,Ag0.62Sb1.38Te2.38,Ag0.62Sb1.38Te2.38,0,No,,,,,,,60 uV K^-1,14 10^4 Sm^-1,,300 K
10.1016/j.actamat.2010.04.007,"Phase compositions, nanoscale microstructures and thermoelectric properties in Ag2−ySbyTe1+y alloys with precipitated Sb2Te3 plates.pdf",Ag2-ySbTe1+y,Ag0.62Sb1.38Te2.38,Ag0.62Sb1.38Te2.38,0,No,,,,,,,170 uV K^-1,3 10^4 Sm^-1,,670 K
10.1016/j.actamat.2010.04.007,"Phase compositions, nanoscale microstructures and thermoelectric properties in Ag2−ySbyTe1+y alloys with precipitated Sb2Te3 plates.pdf",Ag2-ySbTe1+y,Ag0.65Sb1.35Te2.35,Ag0.65Sb1.35Te2.35,0,No,,,,,,,70 uV K^-1,12 10^4 Sm^-1,,300 K
10.1016/j.actamat.2010.04.007,"Phase compositions, nanoscale microstructures and thermoelectric properties in Ag2−ySbyTe1+y alloys with precipitated Sb2Te3 plates.pdf",Ag2-ySbTe1+y,Ag0.65Sb1.35Te2.35,Ag0.65Sb1.35Te2.35,1,No,Sb,1.35,unclear,,Sb (1.35) @ unclear site,1.70 * 10^-3 W m-1 K-2,,,,600 K
10.1016/j.actamat.2010.04.007,"Phase compositions, nanoscale microstructures and thermoelectric properties in Ag2−ySbyTe1+y alloys with precipitated Sb2Te3 plates.pdf",Ag2-ySbTe1+y,Ag0.65Sb1.35Te2.35,Ag0.65Sb1.35Te2.35,0,No,,,,,,,180 uV K^-1,3 10^4 Sm^-1,,670 K
10.1016/j.actamat.2010.04.007,"Phase compositions, nanoscale microstructures and thermoelectric properties in Ag2−ySbyTe1+y alloys with precipitated Sb2Te3 plates.pdf",Ag2-ySbTe1+y,Ag0.68Sb1.32Te2.32,Ag0.68Sb1.32Te2.32,0,No,,,,,,,80 uV K^-1,8 10^4 Sm^-1,,300 K
10.1016/j.actamat.2010.04.007,"Phase compositions, nanoscale microstructures and thermoelectric properties in Ag2−ySbyTe1+y alloys with precipitated Sb2Te3 plates.pdf",Ag2-ySbTe1+y,Ag0.68Sb1.32Te2.32,Ag0.68Sb1.32Te2.32,0,No,,,,,,,210 uV K^-1,3 10^4 Sm^-1,,670 K
10.1016/j.actamat.2010.04.007,"Phase compositions, nanoscale microstructures and thermoelectric properties in Ag2−ySbyTe1+y alloys with precipitated Sb2Te3 plates.pdf",Ag2-ySbTe1+y,Ag0.71Sb1.29Te2.29,Ag0.71Sb1.29Te2.29,0,No,,,,,,,90 uV K^-1,6 10^4 Sm^-1,,300 K
10.1016/j.actamat.2010.04.007,"Phase compositions, nanoscale microstructures and thermoelectric properties in Ag2−ySbyTe1+y alloys with precipitated Sb2Te3 plates.pdf",Ag2-ySbTe1+y,Ag0.71Sb1.29Te2.29,Ag0.71Sb1.29Te2.29,1,No,Sb,1.29,unclear,,Sb (1.29) @ unclear site,,,,1.37 dimensionless,600 K
10.1016/j.actamat.2010.04.007,"Phase compositions, nanoscale microstructures and thermoelectric properties in Ag2−ySbyTe1+y alloys with precipitated Sb2Te3 plates.pdf",Ag2-ySbTe1+y,Ag0.71Sb1.29Te2.29,Ag0.71Sb1.29Te2.29,0,No,,,,,,,240 uV K^-1,3 10^4 Sm^-1,,670 K
10.1016/j.actamat.2010.04.007,"Phase compositions, nanoscale microstructures and thermoelectric properties in Ag2−ySbyTe1+y alloys with precipitated Sb2Te3 plates.pdf",Ag2-ySbTe1+y,Ag0.71Sb1.29Te2.29,Ag0.71Sb1.29Te2.29,1,No,Sb,1.29,unclear,,Sb (1.29) @ unclear site,,250 uV K-1,,,not reported
10.1016/j.actamat.2010.04.007,"Phase compositions, nanoscale microstructures and thermoelectric properties in Ag2−ySbyTe1+y alloys with precipitated Sb2Te3 plates.pdf",Ag2-ySbTe1+y,Ag0.74Sb1.26Te2.26,Ag0.74Sb1.26Te2.26,0,No,,,,,,,100 uV K^-1,4 10^4 Sm^-1,,300 K
10.1016/j.actamat.2010.04.007,"Phase compositions, nanoscale microstructures and thermoelectric properties in Ag2−ySbyTe1+y alloys with precipitated Sb2Te3 plates.pdf",Ag2-ySbTe1+y,Ag0.74Sb1.26Te2.26,Ag0.74Sb1.26Te2.26,0,No,,,,,,,260 uV K^-1,3 10^4 Sm^-1,,670 K
10.1016/j.actamat.2010.04.007,"Phase compositions, nanoscale microstructures and thermoelectric properties in Ag2−ySbyTe1+y alloys with precipitated Sb2Te3 plates.pdf",Ag2-ySbTe1+y,y=1.26,Ag2-ySbTe1+y (y=1.26),0,No,,,,,,,,,0.4 dimensionless,300 K
10.1016/j.actamat.2010.04.007,"Phase compositions, nanoscale microstructures and thermoelectric properties in Ag2−ySbyTe1+y alloys with precipitated Sb2Te3 plates.pdf",Ag2-ySbTe1+y,y=1.26,Ag2-ySbTe1+y (y=1.26),0,No,,,,,,,,,1.2 dimensionless,675 K
10.1016/j.actamat.2010.04.007,"Phase compositions, nanoscale microstructures and thermoelectric properties in Ag2−ySbyTe1+y alloys with precipitated Sb2Te3 plates.pdf",Ag2-ySbTe1+y,y=1.29,Ag2-ySbTe1+y (y=1.29),0,No,,,,,,,,,0.3 dimensionless,300 K
10.1016/j.actamat.2010.04.007,"Phase compositions, nanoscale microstructures and thermoelectric properties in Ag2−ySbyTe1+y alloys with precipitated Sb2Te3 plates.pdf",Ag2-ySbTe1+y,y=1.29,Ag2-ySbTe1+y (y=1.29),0,No,,,,,,,,,1.35 dimensionless,600 K
,Phase diagram and thermoelectric properties.pdf,Ag3-xSb1+xTe4,x=0.2,Ag2.8Sb1.2Te4,0,No,,,,,,,variable mV/K,,,not reported
,Phase diagram and thermoelectric properties.pdf,Ag3-xSb1+xTe4,x=0.4,Ag2.6Sb1.4Te4,0,No,,,,,,,,3.5×10^-3 ohm-cm,,room temperature
,Phase diagram and thermoelectric properties.pdf,Ag3-xSb1+xTe4,x=0.6,Ag2.4Sb1.6Te4,0,No,,,,,,,,3.5×10^-3 ohm-cm,,room temperature
,Phase diagram and thermoelectric properties.pdf,Ag3-xSb1+xTe4,x=0.8,Ag2.2Sb1.8Te4,0,No,,,,,,,0.45 mV/K,,,650 K
,Phase diagram and thermoelectric properties.pdf,Ag3-xSb1+xTe4,x=0.8,Ag2.2Sb1.8Te4,0,No,,,,,,,,6.3×10^-3 ohm-cm,,room temperature
,Phase diagram and thermoelectric properties.pdf,Ag3-xSb1+xTe4,x=1,Ag2Sb2Te4,0,No,,,,,,,0.73 mV/K,,,680 K
,Phase diagram and thermoelectric properties.pdf,Ag3-xSb1+xTe4,x=1.0,Ag2Sb2Te4 (AgSbTe2),0,No,,,,,,,0.73 mV/K,,,680 K
,Phase diagram and thermoelectric properties.pdf,Ag3-xSb1+xTe4,x=1.0,Ag2Sb2Te4 (AgSbTe2),0,No,,,,,,,,1.8×10^-2 ohm-cm,,room temperature
,Phase diagram and thermoelectric properties.pdf,Ag3-xSb1+xTe4,x=1.25,Ag1.75Sb2.25Te4,0,No,,,,,,,0.20 mV/K,,,450 K
,Phase diagram and thermoelectric properties.pdf,Ag3-xSb1+xTe4,x=1.25,Ag1.75Sb2.25Te4,0,No,,,,,,,,2.7×10^-2 ohm-cm,,room temperature
,Phase diagram and thermoelectric properties.pdf,Ag3-xSb1+xTe4,x=1.5,Ag1.5Sb2.5Te4,0,No,,,,,,,,8.7×10^-3 ohm-cm,,room temperature
10.1103/PhysRevB.79.184202,PhysRevB.79.184202.pdf,AgSbTe2,AgSbSe0.25Te1.75,AgSbSe0.25Te1.75,1,No,Se,0.25,Te,,Se (0.25) @ Te site,,,,0.22 dimensionless,300 K
10.1103/PhysRevB.79.184202,PhysRevB.79.184202.pdf,AgSbTe2,AgSbSe0.25Te1.75,AgSbSe0.25Te1.75,1,No,Se,0.25,Te,,Se (0.25) @ Te site,,,,0.65 dimensionless,520 K
10.1103/PhysRevB.79.184202,PhysRevB.79.184202.pdf,AgSbTe2,AgSbSe1.75Te0.25,AgSbSe1.75Te0.25,1,No,Se,1.75,Te,,Se (1.75) @ Te site,,,,0.01 dimensionless,300 K
10.1103/PhysRevB.79.184202,PhysRevB.79.184202.pdf,AgSbTe2,AgSbSe1.75Te0.25,AgSbSe1.75Te0.25,1,No,Se,1.75,Te,,Se (1.75) @ Te site,,,,0.05 dimensionless,520 K
10.1103/PhysRevB.79.184202,PhysRevB.79.184202.pdf,AgSbTe2,AgSbSe2,AgSbSe2,1,No,Se,2,Te,,Se (2) @ Te site,,,,0.06 dimensionless,300 K
10.1103/PhysRevB.79.184202,PhysRevB.79.184202.pdf,AgSbTe2,AgSbSe2,AgSbSe2,1,No,Se,2,Te,,Se (2) @ Te site,,,,0.15 dimensionless,520 K
10.1103/PhysRevB.79.184202,PhysRevB.79.184202.pdf,AgSbTe2,AgSbSeTe,AgSbSeTe,1,No,Se,1,Te,,Se (1) @ Te site,,,,0.08 dimensionless,300 K
10.1103/PhysRevB.79.184202,PhysRevB.79.184202.pdf,AgSbTe2,AgSbSeTe,AgSbSeTe,1,No,Se,1,Te,,Se (1) @ Te site,,,,0.42 dimensionless,520 K
10.1103/PhysRevB.79.184202,PhysRevB.79.184202.pdf,AgSbTe2,AgSbSe_xTe_2-x (x=0.00),AgSbTe2,1,No,Se,x=0.00,Te,,Se (x=0.00) @ Te site,,100 uV K^-1,,,300 K
10.1103/PhysRevB.79.184202,PhysRevB.79.184202.pdf,AgSbTe2,AgSbSe_xTe_2-x (x=0.00),AgSbTe2,1,No,Se,x=0.00,Te,,Se (x=0.00) @ Te site,,,3.3e4 S m^-1,,336 K
10.1103/PhysRevB.79.184202,PhysRevB.79.184202.pdf,AgSbTe2,AgSbSe_xTe_2-x (x=0.00),AgSbTe2,1,No,Se,x=0.00,Te,,Se (x=0.00) @ Te site,,150 uV K^-1,,,500 K
10.1103/PhysRevB.79.184202,PhysRevB.79.184202.pdf,AgSbTe2,AgSbSe_xTe_2-x (x=0.25),AgSbSe0.25Te1.75,1,No,Se,x=0.25,Te,,Se (x=0.25) @ Te site,,180 uV K^-1,,,300 K
10.1103/PhysRevB.79.184202,PhysRevB.79.184202.pdf,AgSbTe2,AgSbSe_xTe_2-x (x=0.25),AgSbSe0.25Te1.75,1,No,Se,x=0.25,Te,,Se (x=0.25) @ Te site,,200 uV K^-1,,,500 K
10.1103/PhysRevB.79.184202,PhysRevB.79.184202.pdf,AgSbTe2,AgSbSe_xTe_2-x (x=0.50),AgSbSe0.5Te1.5,1,No,Se,x=0.50,Te,,Se (x=0.50) @ Te site,,180 uV K^-1,,,300 K
10.1103/PhysRevB.79.184202,PhysRevB.79.184202.pdf,AgSbTe2,AgSbSe_xTe_2-x (x=0.50),AgSbSe0.5Te1.5,1,No,Se,x=0.50,Te,,Se (x=0.50) @ Te site,,200 uV K^-1,,,500 K
10.1103/PhysRevB.79.184202,PhysRevB.79.184202.pdf,AgSbTe2,AgSbSe_xTe_2-x (x=0.75),AgSbSe0.75Te1.25,1,No,Se,x=0.75,Te,,Se (x=0.75) @ Te site,,150 uV K^-1,,,300 K
10.1103/PhysRevB.79.184202,PhysRevB.79.184202.pdf,AgSbTe2,AgSbSe_xTe_2-x (x=0.75),AgSbSe0.75Te1.25,1,No,Se,x=0.75,Te,,Se (x=0.75) @ Te site,,180 uV K^-1,,,500 K
10.1103/PhysRevB.79.184202,PhysRevB.79.184202.pdf,AgSbTe2,AgSbSe_xTe_2-x (x=1.00),AgSbSeTe,1,No,Se,x=1.00,Te,,Se (x=1.00) @ Te site,,250 uV K^-1,,,300 K
10.1103/PhysRevB.79.184202,PhysRevB.79.184202.pdf,AgSbTe2,AgSbSe_xTe_2-x (x=1.00),AgSbSeTe,1,No,Se,x=1.00,Te,,Se (x=1.00) @ Te site,,300 uV K^-1,,,500 K
10.1103/PhysRevB.79.184202,PhysRevB.79.184202.pdf,AgSbTe2,AgSbSe_xTe_2-x (x=1.25),AgSbSe1.25Te0.75,1,No,Se,x=1.25,Te,,Se (x=1.25) @ Te site,,350 uV K^-1,,,300 K
10.1103/PhysRevB.79.184202,PhysRevB.79.184202.pdf,AgSbTe2,AgSbSe_xTe_2-x (x=1.25),AgSbSe1.25Te0.75,1,No,Se,x=1.25,Te,,Se (x=1.25) @ Te site,,400 uV K^-1,,,500 K
10.1103/PhysRevB.79.184202,PhysRevB.79.184202.pdf,AgSbTe2,AgSbSe_xTe_2-x (x=1.50),AgSbSe1.5Te0.5,1,No,Se,x=1.50,Te,,Se (x=1.50) @ Te site,,450 uV K^-1,,,300 K
10.1103/PhysRevB.79.184202,PhysRevB.79.184202.pdf,AgSbTe2,AgSbSe_xTe_2-x (x=1.50),AgSbSe1.5Te0.5,1,No,Se,x=1.50,Te,,Se (x=1.50) @ Te site,,500 uV K^-1,,,500 K
10.1103/PhysRevB.79.184202,PhysRevB.79.184202.pdf,AgSbTe2,AgSbSe_xTe_2-x (x=1.75),AgSbSe1.75Te0.25,1,No,Se,x=1.75,Te,,Se (x=1.75) @ Te site,,500 uV K^-1,,,300 K
10.1103/PhysRevB.79.184202,PhysRevB.79.184202.pdf,AgSbTe2,AgSbSe_xTe_2-x (x=1.75),AgSbSe1.75Te0.25,1,No,Se,x=1.75,Te,,Se (x=1.75) @ Te site,,550 uV K^-1,,,500 K
10.1103/PhysRevB.79.184202,PhysRevB.79.184202.pdf,AgSbTe2,AgSbSe_xTe_2-x (x=2.00),AgSbSe2,1,No,Se,x=2.00,Te,,Se (x=2.00) @ Te site,,250 uV K^-1,,,300 K
10.1103/PhysRevB.79.184202,PhysRevB.79.184202.pdf,AgSbTe2,AgSbSe_xTe_2-x (x=2.00),AgSbSe2,1,No,Se,x=2.00,Te,,Se (x=2.00) @ Te site,,300 uV K^-1,,,500 K
10.1103/PhysRevB.79.184202,PhysRevB.79.184202.pdf,AgSbTe2,AgSbSexTe2-x (x=0.00),AgSbTe2,1,No,Se,0,Te,,Se (0) @ Te site,,,,0.65 dimensionless,520 K
10.1103/PhysRevB.79.184202,PhysRevB.79.184202.pdf,AgSbTe2,AgSbSexTe2-x (x=0.25),AgSbSe0.25Te1.75,1,No,Se,0.25,Te,,Se (0.25) @ Te site,,,,0.65 dimensionless,520 K
10.1103/PhysRevB.79.184202,PhysRevB.79.184202.pdf,AgSbTe2,AgSbTe2,AgSbTe2,0,No,,,,,,,,,0.12 dimensionless,300 K
10.1103/PhysRevB.79.184202,PhysRevB.79.184202.pdf,AgSbTe2,AgSbTe2,AgSbTe2,0,No,,,,,,,,,0.52 dimensionless,520 K
10.1103/PhysRevLett.99.156403,PhysRevLett.99.156403.pdf,AgSbTe2,AgSbTe2,AgSbTe2,0,No,,,,,,,,38 S/cm,,170 K
10.1103/PhysRevLett.99.156403,PhysRevLett.99.156403.pdf,AgSbTe2,AgSbTe2,AgSbTe2,0,No,,,,,,,,19 S/cm,,473 K
10.1002/pssa.201127194,Physica Status Solidi  a - 2011 - Yusufu - Thermoelectric properties and microstructures of AgSbTe2‐added p‐type Pb0 16Ge0.pdf,"AgSbTe2-(Pb,Ge)Te",(Ag0.5Sb0.5Te)10(Pb0.16Ge0.84Te)90,(Ag0.5Sb0.5Te)10(Pb0.16Ge0.84Te)90,2,Yes,Pb,x=90,unclear,Ge (x=90) @ unclear,Pb (x=90) @ unclear site; Ge (x=90) @ unclear site,,70 uV/K,0.9 mOhm cm,0.1 dimensionless,300 K
10.1002/pssa.201127194,Physica Status Solidi  a - 2011 - Yusufu - Thermoelectric properties and microstructures of AgSbTe2‐added p‐type Pb0 16Ge0.pdf,"AgSbTe2-(Pb,Ge)Te",(Ag0.5Sb0.5Te)10(Pb0.16Ge0.84Te)90,(Ag0.5Sb0.5Te)10(Pb0.16Ge0.84Te)90,2,Yes,Pb,x=90,unclear,Ge (x=90) @ unclear,Pb (x=90) @ unclear site; Ge (x=90) @ unclear site,,110 uV/K,0.9 mOhm cm,0.6 dimensionless,700 K
10.1002/pssa.201127194,Physica Status Solidi  a - 2011 - Yusufu - Thermoelectric properties and microstructures of AgSbTe2‐added p‐type Pb0 16Ge0.pdf,"AgSbTe2-(Pb,Ge)Te",(Ag0.5Sb0.5Te)15(Pb0.16Ge0.84Te)85,(Ag0.5Sb0.5Te)15(Pb0.16Ge0.84Te)85,2,Yes,Pb,x=85,unclear,Ge (x=85) @ unclear,Pb (x=85) @ unclear site; Ge (x=85) @ unclear site,,65 uV/K,0.8 mOhm cm,0.08 dimensionless,300 K
10.1002/pssa.201127194,Physica Status Solidi  a - 2011 - Yusufu - Thermoelectric properties and microstructures of AgSbTe2‐added p‐type Pb0 16Ge0.pdf,"AgSbTe2-(Pb,Ge)Te",(Ag0.5Sb0.5Te)15(Pb0.16Ge0.84Te)85,(Ag0.5Sb0.5Te)15(Pb0.16Ge0.84Te)85,2,Yes,Pb,x=85,unclear,Ge (x=85) @ unclear,Pb (x=85) @ unclear site; Ge (x=85) @ unclear site,,120 uV/K,0.9 mOhm cm,0.75 dimensionless,700 K
10.1002/pssa.201127194,Physica Status Solidi  a - 2011 - Yusufu - Thermoelectric properties and microstructures of AgSbTe2‐added p‐type Pb0 16Ge0.pdf,"AgSbTe2-(Pb,Ge)Te",(Ag0.5Sb0.5Te)20(Pb0.16Ge0.84Te)80,(Ag0.5Sb0.5Te)20(Pb0.16Ge0.84Te)80,2,Yes,Pb,x=80,unclear,Ge (x=80) @ unclear,Pb (x=80) @ unclear site; Ge (x=80) @ unclear site,,60 uV/K,0.9 mOhm cm,0.08 dimensionless,300 K
10.1002/pssa.201127194,Physica Status Solidi  a - 2011 - Yusufu - Thermoelectric properties and microstructures of AgSbTe2‐added p‐type Pb0 16Ge0.pdf,"AgSbTe2-(Pb,Ge)Te",(Ag0.5Sb0.5Te)20(Pb0.16Ge0.84Te)80,(Ag0.5Sb0.5Te)20(Pb0.16Ge0.84Te)80,2,Yes,Pb,x=80,unclear,Ge (x=80) @ unclear,Pb (x=80) @ unclear site; Ge (x=80) @ unclear site,,140 uV/K,0.9 mOhm cm,,700 K
10.1002/pssa.201127194,Physica Status Solidi  a - 2011 - Yusufu - Thermoelectric properties and microstructures of AgSbTe2‐added p‐type Pb0 16Ge0.pdf,"AgSbTe2-(Pb,Ge)Te",(Ag0.5Sb0.5Te)20(Pb0.16Ge0.84Te)80,(Ag0.5Sb0.5Te)20(Pb0.16Ge0.84Te)80,2,Yes,Pb,x=80,unclear,Ge (x=80) @ unclear,Pb (x=80) @ unclear site; Ge (x=80) @ unclear site,,,,0.84 dimensionless,720 K
10.1002/pssa.201127194,Physica Status Solidi  a - 2011 - Yusufu - Thermoelectric properties and microstructures of AgSbTe2‐added p‐type Pb0 16Ge0.pdf,"AgSbTe2-(Pb,Ge)Te",(Ag0.5Sb0.5Te)25(Pb0.16Ge0.84Te)75,(Ag0.5Sb0.5Te)25(Pb0.16Ge0.84Te)75,2,Yes,Pb,x=75,unclear,Ge (x=75) @ unclear,Pb (x=75) @ unclear site; Ge (x=75) @ unclear site,,50 uV/K,1.0 mOhm cm,0.05 dimensionless,300 K
10.1002/pssa.201127194,Physica Status Solidi  a - 2011 - Yusufu - Thermoelectric properties and microstructures of AgSbTe2‐added p‐type Pb0 16Ge0.pdf,"AgSbTe2-(Pb,Ge)Te",(Ag0.5Sb0.5Te)25(Pb0.16Ge0.84Te)75,(Ag0.5Sb0.5Te)25(Pb0.16Ge0.84Te)75,2,Yes,Pb,x=75,unclear,Ge (x=75) @ unclear,Pb (x=75) @ unclear site; Ge (x=75) @ unclear site,,100 uV/K,1.1 mOhm cm,0.6 dimensionless,700 K
10.1002/pssa.201127194,Physica Status Solidi  a - 2011 - Yusufu - Thermoelectric properties and microstructures of AgSbTe2‐added p‐type Pb0 16Ge0.pdf,"AgSbTe2-(Pb,Ge)Te",x=75,(Ag0.5Sb0.5Te)25(Pb0.16Ge0.84Te)75,4,Yes,Ag,0.5,unclear,Sb (0.5) @ unclear; Pb (0.16) @ unclear; Ge (0.84) @ unclear,Ag (0.5) @ unclear site; Sb (0.5) @ unclear site; Pb (0.16) @ unclear site; Ge (0.84) @ unclear site,,,,0.84 dimensionless,720 K
10.1002/pssa.201127194,Physica Status Solidi  a - 2011 - Yusufu - Thermoelectric properties and microstructures of AgSbTe2‐added p‐type Pb0 16Ge0.pdf,"AgSbTe2-(Pb,Ge)Te",x=80,(Ag0.5Sb0.5Te)20(Pb0.16Ge0.84Te)80,4,Yes,Ag,0.5,unclear,Sb (0.5) @ unclear; Pb (0.16) @ unclear; Ge (0.84) @ unclear,Ag (0.5) @ unclear site; Sb (0.5) @ unclear site; Pb (0.16) @ unclear site; Ge (0.84) @ unclear site,,,,0.84 dimensionless,720 K
10.1016/j.synthmet.2020.116606,Preparation and characterization of nanostructured (GeTe)75(AgSbTe2)x(AgSbSe2)y thermoelectric materials.pdf,(GeTe)75(AgSbTe2)x(AgSbSe2)y,TAGSS[000],(GeTe)75(AgSbTe2)25(AgSbSe2)0,0,No,,,,,,,50 μVK−1,1.8 × 10^5 Sm−1,0.1 dimensionless,325 K
10.1016/j.synthmet.2020.116606,Preparation and characterization of nanostructured (GeTe)75(AgSbTe2)x(AgSbSe2)y thermoelectric materials.pdf,(GeTe)75(AgSbTe2)x(AgSbSe2)y,TAGSS[000],(GeTe)75(AgSbTe2)25,0,No,,,,,,,50 uVK-1,,,325 K
10.1016/j.synthmet.2020.116606,Preparation and characterization of nanostructured (GeTe)75(AgSbTe2)x(AgSbSe2)y thermoelectric materials.pdf,(GeTe)75(AgSbTe2)x(AgSbSe2)y,TAGSS[000],(GeTe)75(AgSbTe2)25,1,No,Ge,75 mol%,multiple sites,,Ge (75 mol%) @ multiple sites site,,50 uV/K,1.8e5 Sm^-1,0.1 dimensionless,325 K
10.1016/j.synthmet.2020.116606,Preparation and characterization of nanostructured (GeTe)75(AgSbTe2)x(AgSbSe2)y thermoelectric materials.pdf,(GeTe)75(AgSbTe2)x(AgSbSe2)y,TAGSS[000],(GeTe)75(AgSbTe2)25(AgSbSe2)0,0,No,,,,,,,100 μVK−1,1.2 × 10^5 Sm−1,0.7 dimensionless,625 K
10.1016/j.synthmet.2020.116606,Preparation and characterization of nanostructured (GeTe)75(AgSbTe2)x(AgSbSe2)y thermoelectric materials.pdf,(GeTe)75(AgSbTe2)x(AgSbSe2)y,TAGSS[000],(GeTe)75(AgSbTe2)25,0,No,,,,,,,100 uVK-1,,,625 K
10.1016/j.synthmet.2020.116606,Preparation and characterization of nanostructured (GeTe)75(AgSbTe2)x(AgSbSe2)y thermoelectric materials.pdf,(GeTe)75(AgSbTe2)x(AgSbSe2)y,TAGSS[000],(GeTe)75(AgSbTe2)25,1,No,Ge,75 mol%,multiple sites,,Ge (75 mol%) @ multiple sites site,,,,0.7 dimensionless,625 K
10.1016/j.synthmet.2020.116606,Preparation and characterization of nanostructured (GeTe)75(AgSbTe2)x(AgSbSe2)y thermoelectric materials.pdf,(GeTe)75(AgSbTe2)x(AgSbSe2)y,TAGSS[026],(GeTe)75(AgSbTe2)24.74(AgSbSe2)0.26,1,No,Se,0.26,Te,,Se (0.26) @ Te site,,60 uV/K,,,325 K
10.1016/j.synthmet.2020.116606,Preparation and characterization of nanostructured (GeTe)75(AgSbTe2)x(AgSbSe2)y thermoelectric materials.pdf,(GeTe)75(AgSbTe2)x(AgSbSe2)y,TAGSS[051],(GeTe)75(AgSbTe2)24.49(AgSbSe2)0.51,1,No,Se,0.51,unclear,,Se (0.51) @ unclear site,,100 μVK−1,,,325 K
10.1016/j.synthmet.2020.116606,Preparation and characterization of nanostructured (GeTe)75(AgSbTe2)x(AgSbSe2)y thermoelectric materials.pdf,(GeTe)75(AgSbTe2)x(AgSbSe2)y,TAGSS[051],(GeTe)75(AgSbTe2)24.49(AgSbSe2)0.51,1,No,Se,0.51,Te,,Se (0.51) @ Te site,,75 uV/K,,,325 K
10.1016/j.synthmet.2020.116606,Preparation and characterization of nanostructured (GeTe)75(AgSbTe2)x(AgSbSe2)y thermoelectric materials.pdf,(GeTe)75(AgSbTe2)x(AgSbSe2)y,TAGSS[051],(GeTe)75(AgSbTe2)24.49(AgSbSe2)0.51,1,No,Se,0.51,unclear,,Se (0.51) @ unclear site,,160 μVK−1,,,625 K
10.1016/j.synthmet.2020.116606,Preparation and characterization of nanostructured (GeTe)75(AgSbTe2)x(AgSbSe2)y thermoelectric materials.pdf,(GeTe)75(AgSbTe2)x(AgSbSe2)y,TAGSS[125],(GeTe)75(AgSbTe2)23.75(AgSbSe2)1.25,1,No,Se,1.25,unclear,,Se (1.25) @ unclear site,,100 μVK−1,9 × 10^4 Sm−1,0.25 dimensionless,325 K
10.1016/j.synthmet.2020.116606,Preparation and characterization of nanostructured (GeTe)75(AgSbTe2)x(AgSbSe2)y thermoelectric materials.pdf,(GeTe)75(AgSbTe2)x(AgSbSe2)y,TAGSS[125],(GeTe)75(AgSbTe2)23.75(AgSbSe2)1.25,1,No,Se,1.25,Te,,Se (1.25) @ Te site,,85 uV/K,,,325 K
10.1016/j.synthmet.2020.116606,Preparation and characterization of nanostructured (GeTe)75(AgSbTe2)x(AgSbSe2)y thermoelectric materials.pdf,(GeTe)75(AgSbTe2)x(AgSbSe2)y,TAGSS[125],(GeTe)75(AgSbTe2)23.75(AgSbSe2)1.25,1,No,Se,1.25,unclear,,Se (1.25) @ unclear site,,,,1.2 dimensionless,625 K
10.1016/j.synthmet.2020.116606,Preparation and characterization of nanostructured (GeTe)75(AgSbTe2)x(AgSbSe2)y thermoelectric materials.pdf,(GeTe)75(AgSbTe2)x(AgSbSe2)y,TAGSS[125],(GeTe)75(AgSbTe2)23.75(AgSbSe2)1.25,1,No,Se,1.25,Te,,Se (1.25) @ Te site,,,,1.2 dimensionless,625 K
10.1016/j.synthmet.2020.116606,Preparation and characterization of nanostructured (GeTe)75(AgSbTe2)x(AgSbSe2)y thermoelectric materials.pdf,(GeTe)75(AgSbTe2)x(AgSbSe2)y,TAGSS[625],(GeTe)75(AgSbTe2)18.75(AgSbSe2)6.25,1,No,Se,6.25,Te,,Se (6.25) @ Te site,,80 uV/K,,,325 K
10.1016/j.jallcom.2006.12.126,Preparation and transport properties of AgSbTe2 by high-pressure and high-temperature.pdf,AgSbTe2,2.0 GPa,AgSbTe2,0,No,,,,,,10.3 μW cm−1 K−2,,,,room temperature
10.1016/j.jallcom.2006.12.126,Preparation and transport properties of AgSbTe2 by high-pressure and high-temperature.pdf,AgSbTe2,5.2 GPa,AgSbTe2,0,No,,,,,,10.3 μW cm−1 K−2,,,,room temperature
10.1016/j.jallcom.2006.12.126,Preparation and transport properties of AgSbTe2 by high-pressure and high-temperature.pdf,AgSbTe2,AgSbTe2 synthesized at 2.0 GPa,AgSbTe2,0,No,,,,,,4.2 uW cm-1 K-2,145 uV/K,0.2 S/cm,,not reported
10.1016/j.jallcom.2006.12.126,Preparation and transport properties of AgSbTe2 by high-pressure and high-temperature.pdf,AgSbTe2,AgSbTe2 synthesized at 3.5 GPa,AgSbTe2,0,No,,,,,,6.5 uW cm-1 K-2,115 uV/K,0.5 S/cm,,not reported
10.1016/j.jallcom.2006.12.126,Preparation and transport properties of AgSbTe2 by high-pressure and high-temperature.pdf,AgSbTe2,AgSbTe2 synthesized at 5.2 GPa,AgSbTe2,0,No,,,,,,10.3 uW cm-1 K-2,95 uV/K,1.25 S/cm,,not reported
10.1039/d5se00534e,Rational design of entropy-driven AgSnSbTe3 with enhanced thermoelectric efficiency index for sustainable waste heat recovery.pdf,AgSnSbTe3,AgSnSbTe3,AgSnSbTe3,0,No,,,,,,,96.6 uV K-1,572 S m-1,,323 K
10.1039/d5se00534e,Rational design of entropy-driven AgSnSbTe3 with enhanced thermoelectric efficiency index for sustainable waste heat recovery.pdf,AgSnSbTe3,AgSnSbTe3,AgSnSbTe3,0,No,,,,,,,155.3 uV K-1,,,593.5 K
10.1039/d5se00534e,Rational design of entropy-driven AgSnSbTe3 with enhanced thermoelectric efficiency index for sustainable waste heat recovery.pdf,AgSnSbTe3,AgSnSbTe3,AgSnSbTe3,0,No,,,,,,,151.4 uV K-1,598.3 S m-1,,673 K
10.1039/d5se00534e,Rational design of entropy-driven AgSnSbTe3 with enhanced thermoelectric efficiency index for sustainable waste heat recovery.pdf,AgSnSbTe3,AgSnSbTe3,AgSnSbTe3,0,No,,,,,,,,871.7 S m-1,,room temperature
10.1039/d5se00534e,Rational design of entropy-driven AgSnSbTe3 with enhanced thermoelectric efficiency index for sustainable waste heat recovery.pdf,AgSnSbTe3,AgSnSbTe3 (This work),AgSnSbTe3,0,No,,,,,,8.2 µW cm-1 K-2,98 µV K-1,850 S cm-1,0.05 dimensionless,300 K
10.1039/d5se00534e,Rational design of entropy-driven AgSnSbTe3 with enhanced thermoelectric efficiency index for sustainable waste heat recovery.pdf,AgSnSbTe3,AgSnSbTe3 (This work),AgSnSbTe3,0,No,,,,,,,96.6 mV K-1,871.7 S m-1,,323 K
10.1039/d5se00534e,Rational design of entropy-driven AgSnSbTe3 with enhanced thermoelectric efficiency index for sustainable waste heat recovery.pdf,AgSnSbTe3,AgSnSbTe3 (This work),AgSnSbTe3,0,No,,,,,,,,,0.2 dimensionless,400 K
10.1039/d5se00534e,Rational design of entropy-driven AgSnSbTe3 with enhanced thermoelectric efficiency index for sustainable waste heat recovery.pdf,AgSnSbTe3,AgSnSbTe3 (This work),AgSnSbTe3,0,No,,,,,,,,,0.35 dimensionless,500 K
10.1039/d5se00534e,Rational design of entropy-driven AgSnSbTe3 with enhanced thermoelectric efficiency index for sustainable waste heat recovery.pdf,AgSnSbTe3,AgSnSbTe3 (This work),AgSnSbTe3,0,No,,,,,,13.8 µW cm-1 K-2,150 µV K-1,580 S cm-1,0.55 dimensionless,600 K
10.1039/d5se00534e,Rational design of entropy-driven AgSnSbTe3 with enhanced thermoelectric efficiency index for sustainable waste heat recovery.pdf,AgSnSbTe3,AgSnSbTe3 (This work),AgSnSbTe3,0,No,,,,,,,151.4 mV K-1,598.3 S m-1,0.8 dimensionless,673 K
10.1016/j.jmst.2025.08.053,Reduced cation disorder and rational design of Ag2Te formation via stepwise optimization strategy to achieve high thermoelectric performance in AgSbTe2.pdf,AgSbTe2,(Ag0.97SbTe2)0.994(Sb2Te3)0.006,(Ag0.97SbTe2)0.994(Sb2Te3)0.006,2,Yes,Ag vacancy,0.03,Ag,Sb2Te3 (0.006) @ unclear,Ag vacancy (0.03) @ Ag site; Sb2Te3 (0.006) @ unclear site,,243.5 µV K-1,2.4e4 S m-1,,300 K
10.1016/j.jmst.2025.08.053,Reduced cation disorder and rational design of Ag2Te formation via stepwise optimization strategy to achieve high thermoelectric performance in AgSbTe2.pdf,AgSbTe2,(Ag0.97SbTe2)0.994(Sb2Te3)0.006,(Ag0.97SbTe2)0.994(Sb2Te3)0.006,2,Yes,Ag,0.03,Ag,Sb2Te3 (0.006) @ unclear,Ag (0.03) @ Ag site; Sb2Te3 (0.006) @ unclear site,,,,0.73 dimensionless,300 K
10.1016/j.jmst.2025.08.053,Reduced cation disorder and rational design of Ag2Te formation via stepwise optimization strategy to achieve high thermoelectric performance in AgSbTe2.pdf,AgSbTe2,(Ag0.97SbTe2)0.994(Sb2Te3)0.006,(Ag0.97SbTe2)0.994(Sb2Te3)0.006,2,Yes,Ag vacancy,0.03,Ag,Sb2Te3 (0.006) @ unclear,Ag vacancy (0.03) @ Ag site; Sb2Te3 (0.006) @ unclear site,18.2 uW cm-1 K-2,243.5 uV K-1,,2.1 dimensionless,514 K
10.1016/j.jmst.2025.08.053,Reduced cation disorder and rational design of Ag2Te formation via stepwise optimization strategy to achieve high thermoelectric performance in AgSbTe2.pdf,AgSbTe2,(Ag0.97SbTe2)0.994(Sb2Te3)0.006,(Ag0.97SbTe2)0.994(Sb2Te3)0.006,2,Yes,Ag,0.03,Ag,Sb2Te3 (0.006) @ unclear,Ag (0.03) @ Ag site; Sb2Te3 (0.006) @ unclear site,,,,2.1 dimensionless,514 K
10.1016/j.jmst.2025.08.053,Reduced cation disorder and rational design of Ag2Te formation via stepwise optimization strategy to achieve high thermoelectric performance in AgSbTe2.pdf,AgSbTe2,Ag0.97SbTe2,Ag0.97SbTe2,1,No,Ag vacancy,0.03,Ag,,Ag vacancy (0.03) @ Ag site,,229.6 uV K-1,2.2e4 S m-1,0.73 dimensionless,300 K
10.1016/j.jmst.2025.08.053,Reduced cation disorder and rational design of Ag2Te formation via stepwise optimization strategy to achieve high thermoelectric performance in AgSbTe2.pdf,AgSbTe2,AgSbTe2,AgSbTe2,0,No,,,,,,,244.7 uV K-1,1.4e4 S m-1,0.55 dimensionless,300 K
10.1016/j.jmst.2025.08.053,Reduced cation disorder and rational design of Ag2Te formation via stepwise optimization strategy to achieve high thermoelectric performance in AgSbTe2.pdf,AgSbTe2,"AgSbTe2 (x=0, y=0)",AgSbTe2,0,No,,,,,,,,,0.55 dimensionless,300 K
10.1063/1.4731525,Reinvestigation of the influence of Se impurity on the structural and thermoelectric properties of AgSbTe2.pdf,AgSbTe2,AgSbTe1.98Se0.02,AgSbTe1.98Se0.02,1,No,Se,x=0.02,Te,,Se (x=0.02) @ Te site,,,,1.48 dimensionless,520 K
10.1063/1.4731525,Reinvestigation of the influence of Se impurity on the structural and thermoelectric properties of AgSbTe2.pdf,AgSbTe2,AgSbTe2,AgSbTe2,0,No,,,,,,,240 uVK^-1,0.6 10^4 Sm^-1,0.4 dimensionless,300 K
10.1002/smll.202401723,Small - 2024 - Chen - Cation Modulation in AgSbTe2 Realizes Carrier Optimization  Defect Engineering  and a 7  Single‐Leg.pdf,AgSbTe2,Ag0.96Sb1.04Te2,Ag0.96Sb1.04Te2,0,No,,,,,,,238.2 μV K-1,71.0 S cm-1,,303 K
10.1002/smll.202401723,Small - 2024 - Chen - Cation Modulation in AgSbTe2 Realizes Carrier Optimization  Defect Engineering  and a 7  Single‐Leg.pdf,AgSbTe2,Ag0.96Sb1.04Te2,Ag0.96Sb1.04Te2,1,No,Ag,0.96,Ag,,Ag (0.96) @ Ag site,,238.2 uV K-1,71.0 S cm-1,0.35 dimensionless,303 K
10.1002/smll.202401723,Small - 2024 - Chen - Cation Modulation in AgSbTe2 Realizes Carrier Optimization  Defect Engineering  and a 7  Single‐Leg.pdf,AgSbTe2,Ag0.96Sb1.04Te2,Ag0.96Sb1.04Te2,0,No,,,,,,,,,0.35 dimensionless,303-623 K
10.1002/smll.202401723,Small - 2024 - Chen - Cation Modulation in AgSbTe2 Realizes Carrier Optimization  Defect Engineering  and a 7  Single‐Leg.pdf,AgSbTe2,Ag1.00Sb1.00Te2,Ag1.00Sb1.00Te2,0,No,,,,,,,210.3 μV K-1,219.2 S cm-1,,303 K
10.1002/smll.202401723,Small - 2024 - Chen - Cation Modulation in AgSbTe2 Realizes Carrier Optimization  Defect Engineering  and a 7  Single‐Leg.pdf,AgSbTe2,Ag1.00Sb1.00Te2,Ag1.00Sb1.00Te2,1,No,Ag,1.00,Ag,,Ag (1.00) @ Ag site,,210.3 uV K-1,219.2 S cm-1,0.94 dimensionless,303 K
10.1002/smll.202401723,Small - 2024 - Chen - Cation Modulation in AgSbTe2 Realizes Carrier Optimization  Defect Engineering  and a 7  Single‐Leg.pdf,AgSbTe2,Ag1.00Sb1.00Te2,Ag1.00Sb1.00Te2,0,No,,,,,,,,,0.94 dimensionless,303-623 K
10.1002/smll.202401723,Small - 2024 - Chen - Cation Modulation in AgSbTe2 Realizes Carrier Optimization  Defect Engineering  and a 7  Single‐Leg.pdf,AgSbTe2,Ag1.02Ge0.02Sb0.96Te2,Ag1.02Ge0.02Sb0.96Te2,1,No,Ge,0.02,Ag,,Ge (0.02) @ Ag site,,179.9 μV K-1,270.7 S cm-1,,303 K
10.1002/smll.202401723,Small - 2024 - Chen - Cation Modulation in AgSbTe2 Realizes Carrier Optimization  Defect Engineering  and a 7  Single‐Leg.pdf,AgSbTe2,Ag1.02Ge0.02Sb0.96Te2,Ag1.02Ge0.02Sb0.96Te2,1,No,Ge,0.02,unclear,,Ge (0.02) @ unclear site,,179.9 uV K-1,270.7 S cm-1,1.15 dimensionless,303 K
10.1002/smll.202401723,Small - 2024 - Chen - Cation Modulation in AgSbTe2 Realizes Carrier Optimization  Defect Engineering  and a 7  Single‐Leg.pdf,AgSbTe2,Ag1.02Ge0.02Sb0.96Te2,Ag1.02Ge0.02Sb0.96Te2,1,No,Ge,0.02,Ag,,Ge (0.02) @ Ag site,,,,1.77 dimensionless,623 K
10.1002/smll.202401723,Small - 2024 - Chen - Cation Modulation in AgSbTe2 Realizes Carrier Optimization  Defect Engineering  and a 7  Single‐Leg.pdf,AgSbTe2,Ag1.02Ge0.02Sb0.96Te2,Ag1.02Ge0.02Sb0.96Te2,1,No,Ge,0.02,Ag,,Ge (0.02) @ Ag site,,,,1.15 dimensionless,303-623 K
10.1002/smll.202401723,Small - 2024 - Chen - Cation Modulation in AgSbTe2 Realizes Carrier Optimization  Defect Engineering  and a 7  Single‐Leg.pdf,AgSbTe2,Ag1.04,Ag1.04SbTe2,1,No,Ag,1.04,interstitial,,Ag (1.04) @ interstitial site,,,,1.5 dimensionless,583 K
10.1002/smll.202401723,Small - 2024 - Chen - Cation Modulation in AgSbTe2 Realizes Carrier Optimization  Defect Engineering  and a 7  Single‐Leg.pdf,AgSbTe2,Ag1.04Sb0.96Te2,Ag1.04Sb0.96Te2,0,No,,,,,,,193.1 μV K-1,245.4 S cm-1,,303 K
10.1002/smll.202401723,Small - 2024 - Chen - Cation Modulation in AgSbTe2 Realizes Carrier Optimization  Defect Engineering  and a 7  Single‐Leg.pdf,AgSbTe2,Ag1.04Sb0.96Te2,Ag1.04Sb0.96Te2,1,No,Ag,1.04,Ag,,Ag (1.04) @ Ag site,,193.1 uV K-1,245.4 S cm-1,1.00 dimensionless,303 K
10.1002/smll.202401723,Small - 2024 - Chen - Cation Modulation in AgSbTe2 Realizes Carrier Optimization  Defect Engineering  and a 7  Single‐Leg.pdf,AgSbTe2,Ag1.04Sb0.96Te2,Ag1.04Sb0.96Te2,0,No,,,,,,,,,1.5 dimensionless,583 K
10.1002/smll.202401723,Small - 2024 - Chen - Cation Modulation in AgSbTe2 Realizes Carrier Optimization  Defect Engineering  and a 7  Single‐Leg.pdf,AgSbTe2,Ag1.04Sb0.96Te2,Ag1.04Sb0.96Te2,0,No,,,,,,,,,1.00 dimensionless,303-623 K
10.1002/smll.202401723,Small - 2024 - Chen - Cation Modulation in AgSbTe2 Realizes Carrier Optimization  Defect Engineering  and a 7  Single‐Leg.pdf,AgSbTe2,Ge0.02,AgSb1-xGexTe2 (nominal Ge0.02),1,No,Ge,0.02,Sb,,Ge (0.02) @ Sb site,,,,1.7 dimensionless,623 K
10.1002/smll.202506235,Small - 2025 - Iqbal - Realizing High Wide‐Temperature‐Range Thermoelectric Performance in Ga  I  and S co‐doped AgSbTe2.pdf,AgSbTe2,AgSb0.94Ti0.05Te2,AgSb0.94Ti0.05Te2,1,No,Ti,0.05,Sb,,Ti (0.05) @ Sb site,,,,1.8 dimensionless,673 K
10.1002/smll.202506235,Small - 2025 - Iqbal - Realizing High Wide‐Temperature‐Range Thermoelectric Performance in Ga  I  and S co‐doped AgSbTe2.pdf,AgSbTe2,AgSb0.97Ga0.03Te1.76S0.15I0.09,AgSb0.97Ga0.03Te1.76S0.15I0.09,3,Yes,Ga,0.03,Sb,S (0.15) @ Te; I (0.09) @ Te,Ga (0.03) @ Sb site; S (0.15) @ Te site; I (0.09) @ Te site,17.9 uW cm-1 K-2,,,,625 K
10.1002/smll.202506235,Small - 2025 - Iqbal - Realizing High Wide‐Temperature‐Range Thermoelectric Performance in Ga  I  and S co‐doped AgSbTe2.pdf,AgSbTe2,AgSb0.97Ga0.03Te1.76S0.15I0.09,AgSb0.97Ga0.03Te1.76S0.15I0.09,3,Yes,Ga,0.03,Sb,S (0.15) @ Te; I (0.09) @ Te,Ga (0.03) @ Sb site; S (0.15) @ Te site; I (0.09) @ Te site,15.12 μW cm-1 K-2,,,,not reported
10.1002/smll.202506235,Small - 2025 - Iqbal - Realizing High Wide‐Temperature‐Range Thermoelectric Performance in Ga  I  and S co‐doped AgSbTe2.pdf,AgSbTe2,AgSb0.98Ga0.02Te1.84I0.06,AgSb0.98Ga0.02Te1.84I0.06,2,Yes,Ga,0.02,Sb,I (0.06) @ Te,Ga (0.02) @ Sb site; I (0.06) @ Te site,,,,2 dimensionless,625 K
10.1002/smll.202506235,Small - 2025 - Iqbal - Realizing High Wide‐Temperature‐Range Thermoelectric Performance in Ga  I  and S co‐doped AgSbTe2.pdf,AgSbTe2,AgSb0.98Ga0.02Te1.84S0.10I0.06,AgSb0.98Ga0.02Te1.84S0.10I0.06,3,Yes,Ga,0.02,Sb,S (0.10) @ Te; I (0.06) @ Te,Ga (0.02) @ Sb site; S (0.10) @ Te site; I (0.06) @ Te site,,,,0.73 dimensionless,300 K
10.1002/smll.202506235,Small - 2025 - Iqbal - Realizing High Wide‐Temperature‐Range Thermoelectric Performance in Ga  I  and S co‐doped AgSbTe2.pdf,AgSbTe2,AgSb0.98Ga0.02Te1.84S0.10I0.06,AgSb0.98Ga0.02Te1.84S0.10I0.06,3,Yes,Ga,0.02,Sb,S (0.10) @ Te; I (0.06) @ Te,Ga (0.02) @ Sb site; S (0.10) @ Te site; I (0.06) @ Te site,17.9 μW cm-1 K-2,,,1.46 dimensionless | 2 dimensionless,625 K
10.1002/smll.202506235,Small - 2025 - Iqbal - Realizing High Wide‐Temperature‐Range Thermoelectric Performance in Ga  I  and S co‐doped AgSbTe2.pdf,AgSbTe2,AgSb0.98Ga0.02Te1.94I0.06,AgSb0.98Ga0.02Te1.94I0.06,2,Yes,Ga,0.02,Sb,I (0.06) @ Te,Ga (0.02) @ Sb site; I (0.06) @ Te site,12.96 μW cm-1 K-2,,,,300 K
10.1002/smll.202506235,Small - 2025 - Iqbal - Realizing High Wide‐Temperature‐Range Thermoelectric Performance in Ga  I  and S co‐doped AgSbTe2.pdf,AgSbTe2,AgSb0.98Ga0.02Te1.94I0.06,AgSb0.98Ga0.02Te1.94I0.06,2,Yes,Ga,0.02,Sb,I (0.06) @ Te,Ga (0.02) @ Sb site; I (0.06) @ Te site,17.9 μW cm-1 K-2,,,,625 K
10.1002/smll.202506235,Small - 2025 - Iqbal - Realizing High Wide‐Temperature‐Range Thermoelectric Performance in Ga  I  and S co‐doped AgSbTe2.pdf,AgSbTe2,"AgSb1-xGaxTe2-y-3xSyIx (x=0, y=0)",AgSbTe2,0,No,,,,,,,,,0.7 dimensionless,300 K
10.1002/smll.202506235,Small - 2025 - Iqbal - Realizing High Wide‐Temperature‐Range Thermoelectric Performance in Ga  I  and S co‐doped AgSbTe2.pdf,AgSbTe2,AgSbTe2 (pristine),AgSbTe2,0,No,,,,,,10.92 uWcm-1K-2,258.6 uV K-1,160 Scm-1,,300 K
10.1002/smll.202514707,Small - 2026 - Song - Decoupling Electron‐Phonon Transport in AgSbSe2 via Stepwise Cd‐Sb Substitution and Interstitial Se.pdf,AgSbSe2,AgSb0.96Cd0.04Se2,AgSb0.96Cd0.04Se2,1,No,Cd,0.04,Sb,,Cd (0.04) @ Sb site,,,,0.9 dimensionless,673 K
10.1002/smll.202514707,Small - 2026 - Song - Decoupling Electron‐Phonon Transport in AgSbSe2 via Stepwise Cd‐Sb Substitution and Interstitial Se.pdf,AgSbSe2,AgSb0.96Cd0.04Se2.02,AgSb0.96Cd0.04Se2.02,2,Yes,Cd,0.04,Sb,Se (0.02) @ interstitial,Cd (0.04) @ Sb site; Se (0.02) @ interstitial site,,240 µV K-1,90 S cm-1,,323 K
10.1002/smll.202514707,Small - 2026 - Song - Decoupling Electron‐Phonon Transport in AgSbSe2 via Stepwise Cd‐Sb Substitution and Interstitial Se.pdf,AgSbSe2,AgSb0.96Cd0.04Se2.02,AgSb0.96Cd0.04Se2.02,2,Yes,Cd,0.04,Sb,Se (0.02) @ interstitial,Cd (0.04) @ Sb site; Se (0.02) @ interstitial site,7.84 µW cm-1 K-2,320 µV K-1,,1.23 dimensionless,673 K
10.1002/smll.202514707,Small - 2026 - Song - Decoupling Electron‐Phonon Transport in AgSbSe2 via Stepwise Cd‐Sb Substitution and Interstitial Se.pdf,AgSbSe2,AgSb0.96Cd0.04Se2.02,AgSb0.96Cd0.04Se2.02,2,Yes,Cd,0.04,Sb,Se (2.02) @ interstitial,Cd (0.04) @ Sb site; Se (2.02) @ interstitial site,7.84 uW cm-1 K-2,,,1.23 dimensionless,673 K
10.1002/smll.202514707,Small - 2026 - Song - Decoupling Electron‐Phonon Transport in AgSbSe2 via Stepwise Cd‐Sb Substitution and Interstitial Se.pdf,AgSbSe2,AgSb0.96Cd0.04Se2.02,AgSb0.96Cd0.04Se2.02,2,Yes,Cd,0.04,Sb,Se (0.02) @ interstitial,Cd (0.04) @ Sb site; Se (0.02) @ interstitial site,,,,0.73 dimensionless,323-673 K
10.1002/smll.202514707,Small - 2026 - Song - Decoupling Electron‐Phonon Transport in AgSbSe2 via Stepwise Cd‐Sb Substitution and Interstitial Se.pdf,AgSbSe2,AgSbSe2,AgSbSe2,0,No,,,,,,,,,0.3 dimensionless,673 K
10.1016/j.actamat.2015.04.011,"State of the art Ag50-xSbxSe50-yTey alloys Their high zT values, microstructures and related phase equilibria.pdf",AgSbTe2-family,25Te,Ag20Sb30Se25Te25,0,No,,,,,,,5 lV/K,40 S/cm,,300 K
10.1016/j.actamat.2015.04.011,"State of the art Ag50-xSbxSe50-yTey alloys Their high zT values, microstructures and related phase equilibria.pdf",AgSbTe2-family,25Te(S),Ag25Sb25Se25Te25,0,No,,,,,,,180 lV/K,15.625 S/cm,0.1 dimensionless,300 K
10.1016/j.actamat.2015.04.011,"State of the art Ag50-xSbxSe50-yTey alloys Their high zT values, microstructures and related phase equilibria.pdf",AgSbTe2-family,25Te(S),Ag0.25SbTe2,1,No,Ag,0.25,Ag,,Ag (0.25) @ Ag site,,180 uV/K,65 mOhm cm,,300 K
10.1016/j.actamat.2015.04.011,"State of the art Ag50-xSbxSe50-yTey alloys Their high zT values, microstructures and related phase equilibria.pdf",AgSbTe2-family,25Te(S),Ag25Sb25Se25Te25,0,No,,,,,,,,,0.6 dimensionless,500 K
10.1016/j.actamat.2015.04.011,"State of the art Ag50-xSbxSe50-yTey alloys Their high zT values, microstructures and related phase equilibria.pdf",AgSbTe2-family,25Te(S),Ag25Sb25Se25Te25,0,No,,,,,,,,,0.8 dimensionless,600 K
10.1016/j.actamat.2015.04.011,"State of the art Ag50-xSbxSe50-yTey alloys Their high zT values, microstructures and related phase equilibria.pdf",AgSbTe2-family,30Te,Ag20Sb30Se20Te30,0,No,,,,,,,19 lV/K,58.824 S/cm,,300 K
10.1016/j.actamat.2015.04.011,"State of the art Ag50-xSbxSe50-yTey alloys Their high zT values, microstructures and related phase equilibria.pdf",AgSbTe2-family,30Te(S),Ag25Sb25Se20Te30,0,No,,,,,,,161 lV/K,35.714 S/cm,0.2 dimensionless,300 K
10.1016/j.actamat.2015.04.011,"State of the art Ag50-xSbxSe50-yTey alloys Their high zT values, microstructures and related phase equilibria.pdf",AgSbTe2-family,30Te(S),Ag0.30SbTe2,1,No,Ag,0.30,Ag,,Ag (0.30) @ Ag site,,200 uV/K,22 mOhm cm,,300 K
10.1016/j.actamat.2015.04.011,"State of the art Ag50-xSbxSe50-yTey alloys Their high zT values, microstructures and related phase equilibria.pdf",AgSbTe2-family,30Te(S),Ag25Sb25Se20Te30,0,No,,,,,,,,,0.8 dimensionless,500 K
10.1016/j.actamat.2015.04.011,"State of the art Ag50-xSbxSe50-yTey alloys Their high zT values, microstructures and related phase equilibria.pdf",AgSbTe2-family,30Te(S),Ag25Sb25Se20Te30,0,No,,,,,,,,,1.2 dimensionless,600 K
10.1016/j.actamat.2015.04.011,"State of the art Ag50-xSbxSe50-yTey alloys Their high zT values, microstructures and related phase equilibria.pdf",AgSbTe2-family,35Te,Ag20Sb30Se15Te35,0,No,,,,,,,41 lV/K,83.333 S/cm,,300 K
10.1016/j.actamat.2015.04.011,"State of the art Ag50-xSbxSe50-yTey alloys Their high zT values, microstructures and related phase equilibria.pdf",AgSbTe2-family,35Te(S),Ag25Sb25Se15Te35,0,No,,,,,,,226 lV/K,50 S/cm,0.2 dimensionless,300 K
10.1016/j.actamat.2015.04.011,"State of the art Ag50-xSbxSe50-yTey alloys Their high zT values, microstructures and related phase equilibria.pdf",AgSbTe2-family,35Te(S),Ag0.35SbTe2,1,No,Ag,0.35,Ag,,Ag (0.35) @ Ag site,,220 uV/K,18 mOhm cm,,300 K
10.1016/j.actamat.2015.04.011,"State of the art Ag50-xSbxSe50-yTey alloys Their high zT values, microstructures and related phase equilibria.pdf",AgSbTe2-family,35Te(S),Ag25Sb25Se15Te35,0,No,,,,,,,,,0.7 dimensionless,500 K
10.1016/j.actamat.2015.04.011,"State of the art Ag50-xSbxSe50-yTey alloys Their high zT values, microstructures and related phase equilibria.pdf",AgSbTe2-family,35Te(S),Ag25Sb25Se15Te35,0,No,,,,,,,,,0.9 dimensionless,600 K
10.1016/j.actamat.2015.04.011,"State of the art Ag50-xSbxSe50-yTey alloys Their high zT values, microstructures and related phase equilibria.pdf",AgSbTe2-family,40Te,Ag20Sb30Se10Te40,0,No,,,,,,,44 lV/K,100 S/cm,,300 K
10.1016/j.actamat.2015.04.011,"State of the art Ag50-xSbxSe50-yTey alloys Their high zT values, microstructures and related phase equilibria.pdf",AgSbTe2-family,40Te(S),Ag25Sb25Se10Te40,0,No,,,,,,,206 lV/K,76.923 S/cm,0.3 dimensionless,300 K
10.1016/j.actamat.2015.04.011,"State of the art Ag50-xSbxSe50-yTey alloys Their high zT values, microstructures and related phase equilibria.pdf",AgSbTe2-family,40Te(S),Ag0.40SbTe2,1,No,Ag,0.40,Ag,,Ag (0.40) @ Ag site,,240 uV/K,12 mOhm cm,,300 K
10.1016/j.actamat.2015.04.011,"State of the art Ag50-xSbxSe50-yTey alloys Their high zT values, microstructures and related phase equilibria.pdf",AgSbTe2-family,40Te(S),Ag25Sb25Se10Te40,0,No,,,,,,,,,0.9 dimensionless,500 K
10.1016/j.actamat.2015.04.011,"State of the art Ag50-xSbxSe50-yTey alloys Their high zT values, microstructures and related phase equilibria.pdf",AgSbTe2-family,40Te(S),Ag25Sb25Se10Te40,0,No,,,,,,,,,1.4 dimensionless,680 K
10.1016/j.actamat.2015.04.011,"State of the art Ag50-xSbxSe50-yTey alloys Their high zT values, microstructures and related phase equilibria.pdf",AgSbTe2-family,45Te,Ag20Sb30Se5Te45,0,No,,,,,,,70 lV/K,166.667 S/cm,,300 K
10.1016/j.actamat.2015.04.011,"State of the art Ag50-xSbxSe50-yTey alloys Their high zT values, microstructures and related phase equilibria.pdf",AgSbTe2-family,45Te(S),Ag25Sb25Se5Te45,0,No,,,,,,,216 lV/K,90.909 S/cm,0.3 dimensionless,300 K
10.1016/j.actamat.2015.04.011,"State of the art Ag50-xSbxSe50-yTey alloys Their high zT values, microstructures and related phase equilibria.pdf",AgSbTe2-family,45Te(S),Ag0.45SbTe2,1,No,Ag,0.45,Ag,,Ag (0.45) @ Ag site,,250 uV/K,10 mOhm cm,,300 K
10.1016/j.actamat.2015.04.011,"State of the art Ag50-xSbxSe50-yTey alloys Their high zT values, microstructures and related phase equilibria.pdf",AgSbTe2-family,45Te(S),Ag25Sb25Se5Te45,0,No,,,,,,,,,0.9 dimensionless,500 K
10.1016/j.actamat.2015.04.011,"State of the art Ag50-xSbxSe50-yTey alloys Their high zT values, microstructures and related phase equilibria.pdf",AgSbTe2-family,45Te(S),Ag25Sb25Se5Te45,0,No,,,,,,,,,1.4 dimensionless,680 K
10.1063/5.0095121,Strong anharmonicity induced low lattice thermal conductivity and high thermoelectric performance in system.pdf,(Cu1-yInTe2)0.95(AgSbTe2)0.05,(Cu0.95InTe2)0.95(AgSbTe2)0.05,(Cu0.95InTe2)0.95(AgSbTe2)0.05,1,No,Cu vacancy,y=0.05,Ag,,Cu vacancy (y=0.05) @ Ag site,,,1.0 * 10^4 S m-1,,300 K
10.1063/5.0095121,Strong anharmonicity induced low lattice thermal conductivity and high thermoelectric performance in system.pdf,(Cu1-yInTe2)0.95(AgSbTe2)0.05,(Cu0.95InTe2)0.95(AgSbTe2)0.05,(Cu0.95InTe2)0.95(AgSbTe2)0.05,1,No,Cu vacancy,y=0.05,Ag,,Cu vacancy (y=0.05) @ Ag site,1.24 mW m-1 K-2,,,,723 K
10.1063/5.0095121,Strong anharmonicity induced low lattice thermal conductivity and high thermoelectric performance in system.pdf,(Cu1-yInTe2)0.95(AgSbTe2)0.05,(Cu0.95InTe2)0.95(AgSbTe2)0.05,(Cu0.95InTe2)0.95(AgSbTe2)0.05,1,No,Cu vacancy,y=0.05,Ag,,Cu vacancy (y=0.05) @ Ag site,,,,1.3 dimensionless,823 K
10.1063/5.0095121,Strong anharmonicity induced low lattice thermal conductivity and high thermoelectric performance in system.pdf,(Cu1-yInTe2)0.95(AgSbTe2)0.05,(CuInTe2)0.93(AgSbTe2)0.07,(CuInTe2)0.93(AgSbTe2)0.07,2,Yes,Ag,0.07,unclear,Sb (0.07) @ unclear,Ag (0.07) @ unclear site; Sb (0.07) @ unclear site,approx 0.25 mW m^-1 K^-2,approx 240 uV K^-1,approx 5.5 10^3 S m^-1,approx 0.1 dimensionless,300 K
10.1063/5.0095121,Strong anharmonicity induced low lattice thermal conductivity and high thermoelectric performance in system.pdf,(Cu1-yInTe2)0.95(AgSbTe2)0.05,(CuInTe2)0.95(AgSbTe2)0.05,(CuInTe2)0.95(AgSbTe2)0.05,2,Yes,Ag,0.05,unclear,Sb (0.05) @ unclear,Ag (0.05) @ unclear site; Sb (0.05) @ unclear site,approx 0.25 mW m^-1 K^-2,approx 280 uV K^-1,approx 4.5 10^3 S m^-1,approx 0.1 dimensionless,300 K
10.1063/5.0095121,Strong anharmonicity induced low lattice thermal conductivity and high thermoelectric performance in system.pdf,(Cu1-yInTe2)0.95(AgSbTe2)0.05,(CuInTe2)0.95(AgSbTe2)0.05,(CuInTe2)0.95(AgSbTe2)0.05,2,Yes,Ag,0.05,multiple sites,Sb (0.05) @ multiple sites,Ag (0.05) @ multiple sites site; Sb (0.05) @ multiple sites site,,,,1.3 dimensionless,823 K
10.1063/5.0095121,Strong anharmonicity induced low lattice thermal conductivity and high thermoelectric performance in system.pdf,(Cu1-yInTe2)0.95(AgSbTe2)0.05,(CuInTe2)0.97(AgSbTe2)0.03,(CuInTe2)0.97(AgSbTe2)0.03,2,Yes,Ag,0.03,unclear,Sb (0.03) @ unclear,Ag (0.03) @ unclear site; Sb (0.03) @ unclear site,approx 0.2 mW m^-1 K^-2,approx 320 uV K^-1,approx 3.5 10^3 S m^-1,approx 0.1 dimensionless,300 K
10.1063/5.0095121,Strong anharmonicity induced low lattice thermal conductivity and high thermoelectric performance in system.pdf,(Cu1-yInTe2)0.95(AgSbTe2)0.05,(CuInTe2)0.99(AgSbTe2)0.01,(CuInTe2)0.99(AgSbTe2)0.01,2,Yes,Ag,0.01,unclear,Sb (0.01) @ unclear,Ag (0.01) @ unclear site; Sb (0.01) @ unclear site,approx 0.15 mW m^-1 K^-2,approx 380 uV K^-1,approx 2.5 10^3 S m^-1,approx 0.1 dimensionless,300 K
10.1063/5.0095121,Strong anharmonicity induced low lattice thermal conductivity and high thermoelectric performance in system.pdf,(Cu1-yInTe2)0.95(AgSbTe2)0.05,y=0,"(Cu1-yInTe2)0.95(AgSbTe2)0.05, y=0",1,No,AgSbTe2,0.05,unclear,,AgSbTe2 (0.05) @ unclear site,,218 uV K^-1,1.32 10^3 S m^-1,,not reported
10.1063/5.0095121,Strong anharmonicity induced low lattice thermal conductivity and high thermoelectric performance in system.pdf,(Cu1-yInTe2)0.95(AgSbTe2)0.05,y=0.01,"(Cu1-yInTe2)0.95(AgSbTe2)0.05, y=0.01",1,No,AgSbTe2,0.05,unclear,,AgSbTe2 (0.05) @ unclear site,,262 uV K^-1,0.93 10^3 S m^-1,,not reported
10.1063/5.0095121,Strong anharmonicity induced low lattice thermal conductivity and high thermoelectric performance in system.pdf,(Cu1-yInTe2)0.95(AgSbTe2)0.05,y=0.02,"(Cu1-yInTe2)0.95(AgSbTe2)0.05, y=0.02",1,No,AgSbTe2,0.05,unclear,,AgSbTe2 (0.05) @ unclear site,,317 uV K^-1,0.52 10^3 S m^-1,,not reported
10.1063/5.0095121,Strong anharmonicity induced low lattice thermal conductivity and high thermoelectric performance in system.pdf,(Cu1-yInTe2)0.95(AgSbTe2)0.05,y=0.03,"(Cu1-yInTe2)0.95(AgSbTe2)0.05, y=0.03",1,No,AgSbTe2,0.05,unclear,,AgSbTe2 (0.05) @ unclear site,,297 uV K^-1,0.53 10^3 S m^-1,,not reported
10.1063/5.0095121,Strong anharmonicity induced low lattice thermal conductivity and high thermoelectric performance in system.pdf,(Cu1-yInTe2)0.95(AgSbTe2)0.05,y=0.04,"(Cu1-yInTe2)0.95(AgSbTe2)0.05, y=0.04",1,No,AgSbTe2,0.05,unclear,,AgSbTe2 (0.05) @ unclear site,,279 uV K^-1,4.41 10^3 S m^-1,,not reported
10.1063/5.0095121,Strong anharmonicity induced low lattice thermal conductivity and high thermoelectric performance in system.pdf,(Cu1-yInTe2)0.95(AgSbTe2)0.05,y=0.05,"(Cu1-yInTe2)0.95(AgSbTe2)0.05, y=0.05",1,No,AgSbTe2,0.05,unclear,,AgSbTe2 (0.05) @ unclear site,,236 uV K^-1,10.29 10^3 S m^-1,,not reported
10.1063/5.0095121,Strong anharmonicity induced low lattice thermal conductivity and high thermoelectric performance in system.pdf,(Cu1-yInTe2)0.95(AgSbTe2)0.05,y=0.06,"(Cu1-yInTe2)0.95(AgSbTe2)0.05, y=0.06",1,No,AgSbTe2,0.05,unclear,,AgSbTe2 (0.05) @ unclear site,,241 uV K^-1,8.43 10^3 S m^-1,,not reported
10.3390/ma16155213,Structural Characterization and Thermoelectric Properties of Br-Doped AgSnm[Sb0.8Bi0.2]Te2+m Systems.pdf,AgSnm[Sb0.8Bi0.2]Te2+m,AgSn2[Sb0.8Bi0.2]Te3.97Br0.03,AgSn2[Sb0.8Bi0.2]Te3.97Br0.03,1,No,Br,0.03,Te,,Br (0.03) @ Te site,,+74 µV·K−1,685 S cm−1,,300 K
10.3390/ma16155213,Structural Characterization and Thermoelectric Properties of Br-Doped AgSnm[Sb0.8Bi0.2]Te2+m Systems.pdf,AgSnm[Sb0.8Bi0.2]Te2+m,AgSn2[Sb0.8Bi0.2]Te3.97Br0.03,AgSn2[Sb0.8Bi0.2]Te3.97Br0.03,3,Yes,Sn,m=2,unclear,Bi (0.2) @ Sb; Br (0.03) @ Te,Sn (m=2) @ unclear site; Bi (0.2) @ Sb site; Br (0.03) @ Te site,,74 uV K-1,685 S cm-1,,300 K
10.3390/ma16155213,Structural Characterization and Thermoelectric Properties of Br-Doped AgSnm[Sb0.8Bi0.2]Te2+m Systems.pdf,AgSnm[Sb0.8Bi0.2]Te2+m,AgSn2[Sb0.8Bi0.2]Te4,AgSn2[Sb0.8Bi0.2]Te4,2,Yes,Sn,m=2,unclear,Bi (0.2) @ Sb,Sn (m=2) @ unclear site; Bi (0.2) @ Sb site,,57 uV K-1,,,300 K
10.3390/ma16155213,Structural Characterization and Thermoelectric Properties of Br-Doped AgSnm[Sb0.8Bi0.2]Te2+m Systems.pdf,AgSnm[Sb0.8Bi0.2]Te2+m,AgSn4[Sb0.8Bi0.2]Te5.97Br0.03,AgSn4[Sb0.8Bi0.2]Te5.97Br0.03,1,No,Br,0.03,Te,,Br (0.03) @ Te site,,+57 µV·K−1,1443 S cm−1,~0.07 dimensionless,300 K
10.3390/ma16155213,Structural Characterization and Thermoelectric Properties of Br-Doped AgSnm[Sb0.8Bi0.2]Te2+m Systems.pdf,AgSnm[Sb0.8Bi0.2]Te2+m,AgSn4[Sb0.8Bi0.2]Te5.97Br0.03,AgSn4[Sb0.8Bi0.2]Te5.97Br0.03,3,Yes,Sn,m=4,unclear,Bi (0.2) @ Sb; Br (0.03) @ Te,Sn (m=4) @ unclear site; Bi (0.2) @ Sb site; Br (0.03) @ Te site,,57 uV K-1,1443 S cm-1,,300 K
10.3390/ma16155213,Structural Characterization and Thermoelectric Properties of Br-Doped AgSnm[Sb0.8Bi0.2]Te2+m Systems.pdf,AgSnm[Sb0.8Bi0.2]Te2+m,AgSn4[Sb0.8Bi0.2]Te6,AgSn4[Sb0.8Bi0.2]Te6,0,No,,,,,,,+40 µV·K−1,1429 S cm−1,,300 K
10.3390/ma16155213,Structural Characterization and Thermoelectric Properties of Br-Doped AgSnm[Sb0.8Bi0.2]Te2+m Systems.pdf,AgSnm[Sb0.8Bi0.2]Te2+m,AgSn4[Sb0.8Bi0.2]Te6,AgSn4[Sb0.8Bi0.2]Te6,2,Yes,Sn,m=4,unclear,Bi (0.2) @ Sb,Sn (m=4) @ unclear site; Bi (0.2) @ Sb site,,40 uV K-1,1429 S cm-1,,300 K
10.1016/j.ijhydene.2015.12.205,"Structural, characterization and electrical properties of AgPbmSbTem+2 compounds synthesized through a solid-state microwave technique.pdf",AgSbTe2,AgPb10SbTe12,AgPb10SbTe12,1,No,Pb,m=10,Ag,,Pb (m=10) @ Ag site,,-146.8 mV/K,156.06 S/cm,,300 K
10.1016/j.ijhydene.2015.12.205,"Structural, characterization and electrical properties of AgPbmSbTem+2 compounds synthesized through a solid-state microwave technique.pdf",AgSbTe2,AgPb10SbTe12 (m=10),AgPb10SbTe12,1,No,Pb,m=10,Ag,,Pb (m=10) @ Ag site,,-146.8 µV/K,156.06 S/cm,,not reported
10.1016/j.ijhydene.2015.12.205,"Structural, characterization and electrical properties of AgPbmSbTem+2 compounds synthesized through a solid-state microwave technique.pdf",AgSbTe2,AgPb2SbTe4,AgPb2SbTe4,1,No,Pb,m=2,Ag,,Pb (m=2) @ Ag site,,-83.2 mV/K,81.36 S/cm,,300 K
10.1016/j.ijhydene.2015.12.205,"Structural, characterization and electrical properties of AgPbmSbTem+2 compounds synthesized through a solid-state microwave technique.pdf",AgSbTe2,AgPb2SbTe4 (m=2),AgPb2SbTe4,1,No,Pb,m=2,Ag,,Pb (m=2) @ Ag site,,-83.2 µV/K,81.36 S/cm,,not reported
10.1016/j.ijhydene.2015.12.205,"Structural, characterization and electrical properties of AgPbmSbTem+2 compounds synthesized through a solid-state microwave technique.pdf",AgSbTe2,AgPb4SbTe6,AgPb4SbTe6,1,No,Pb,m=4,Ag,,Pb (m=4) @ Ag site,,-6.8 mV/K,145.58 S/cm,,300 K
10.1016/j.ijhydene.2015.12.205,"Structural, characterization and electrical properties of AgPbmSbTem+2 compounds synthesized through a solid-state microwave technique.pdf",AgSbTe2,AgPb4SbTe6 (m=4),AgPb4SbTe6,1,No,Pb,m=4,Ag,,Pb (m=4) @ Ag site,,-6.8 µV/K,145.58 S/cm,,not reported
10.1016/j.ijhydene.2015.12.205,"Structural, characterization and electrical properties of AgPbmSbTem+2 compounds synthesized through a solid-state microwave technique.pdf",AgSbTe2,AgPb6SbTe8,AgPb6SbTe8,1,No,Pb,m=6,Ag,,Pb (m=6) @ Ag site,,-104 mV/K,66.17 S/cm,,300 K
10.1016/j.ijhydene.2015.12.205,"Structural, characterization and electrical properties of AgPbmSbTem+2 compounds synthesized through a solid-state microwave technique.pdf",AgSbTe2,AgPb6SbTe8 (m=6),AgPb6SbTe8,1,No,Pb,m=6,Ag,,Pb (m=6) @ Ag site,,-104 µV/K,66.17 S/cm,,not reported
10.1016/j.ijhydene.2015.12.205,"Structural, characterization and electrical properties of AgPbmSbTem+2 compounds synthesized through a solid-state microwave technique.pdf",AgSbTe2,AgPb8SbTe10,AgPb8SbTe10,1,No,Pb,m=8,Ag,,Pb (m=8) @ Ag site,,-295.2 mV/K,205.94 S/cm,,300 K
10.1016/j.ijhydene.2015.12.205,"Structural, characterization and electrical properties of AgPbmSbTem+2 compounds synthesized through a solid-state microwave technique.pdf",AgSbTe2,AgPb8SbTe10,AgPb8SbTe10,1,No,Pb,m=8,Ag,,Pb (m=8) @ Ag site,1.87 mW K-2 m-1,,,,310 K
10.1016/j.ijhydene.2015.12.205,"Structural, characterization and electrical properties of AgPbmSbTem+2 compounds synthesized through a solid-state microwave technique.pdf",AgSbTe2,AgPb8SbTe10,AgPb8SbTe10,1,No,Pb,m=8,Ag,,Pb (m=8) @ Ag site,,-419.69 mV/K,,,338 K
10.1016/j.ijhydene.2015.12.205,"Structural, characterization and electrical properties of AgPbmSbTem+2 compounds synthesized through a solid-state microwave technique.pdf",AgSbTe2,AgPb8SbTe10 (m=8),AgPb8SbTe10,1,No,Pb,m=8,Ag,,Pb (m=8) @ Ag site,,-295.2 µV/K,205.94 S/cm,,not reported
10.1016/j.ijhydene.2015.12.205,"Structural, characterization and electrical properties of AgPbmSbTem+2 compounds synthesized through a solid-state microwave technique.pdf",AgSbTe2,AgSbTe2,AgSbTe2,0,No,,,,,,,-49.6 mV/K,482.96 S/cm,,300 K
10.1016/j.ijhydene.2015.12.205,"Structural, characterization and electrical properties of AgPbmSbTem+2 compounds synthesized through a solid-state microwave technique.pdf",AgSbTe2,AgSbTe2 (m=0),AgSbTe2,1,No,none,0,unclear,,none (0) @ unclear site,,-49.6 µV/K,482.96 S/cm,,not reported
10.1021/acsaem.6c01258,Synergistic Effect of Mg–Se Co-Doping and Post-Annealing on the Thermoelectric Performance of Polycrystalline AgSbTe2.pdf,AgSbTe2,Ag0.94Mg0.06SbTe1.85Se0.15,Ag0.94Mg0.06SbTe1.85Se0.15,2,Yes,Mg,0.06,Ag,Se (0.15) @ Te,Mg (0.06) @ Ag site; Se (0.15) @ Te site,8 uW cm^-1 K^-2,210 uV K^-1,1.8 10^4 S m^-1,0.5 dimensionless,300 K
10.1021/acsaem.6c01258,Synergistic Effect of Mg–Se Co-Doping and Post-Annealing on the Thermoelectric Performance of Polycrystalline AgSbTe2.pdf,AgSbTe2,Ag0.95Mg0.05SbTe1.85Se0.15,Ag0.95Mg0.05SbTe1.85Se0.15,2,Yes,Mg,0.05,Ag,Se (0.15) @ Te,Mg (0.05) @ Ag site; Se (0.15) @ Te site,11 uW cm^-1 K^-2,190 uV K^-1,2.8 10^4 S m^-1,0.6 dimensionless,300 K
10.1021/acsaem.6c01258,Synergistic Effect of Mg–Se Co-Doping and Post-Annealing on the Thermoelectric Performance of Polycrystalline AgSbTe2.pdf,AgSbTe2,Ag0.96Mg0.04SbTe1.85Se0.15,Ag0.96Mg0.04SbTe1.85Se0.15,2,Yes,Mg,0.04,Ag,Se (0.15) @ Te,Mg (0.04) @ Ag site; Se (0.15) @ Te site,10 uW cm^-1 K^-2,220 uV K^-1,2.0 10^4 S m^-1,0.5 dimensionless,300 K
10.1021/acsaem.6c01258,Synergistic Effect of Mg–Se Co-Doping and Post-Annealing on the Thermoelectric Performance of Polycrystalline AgSbTe2.pdf,AgSbTe2,AgSb0.95Mg0.05Te1.85Se0.15,AgSb0.95Mg0.05Te1.85Se0.15,2,Yes,Mg,5 at%,Sb,Se (15 at%) @ Te,Mg (5 at%) @ Sb site; Se (15 at%) @ Te site,,190.7 μV K^-1,2.93 10^4 S m^-1,,300 K
10.1021/acsaem.6c01258,Synergistic Effect of Mg–Se Co-Doping and Post-Annealing on the Thermoelectric Performance of Polycrystalline AgSbTe2.pdf,AgSbTe2,AgSb0.95Mg0.05Te1.85Se0.15,AgSb0.95Mg0.05Te1.85Se0.15,2,Yes,Mg,5 at%,Sb,Se (15 at%) @ Te,Mg (5 at%) @ Sb site; Se (15 at%) @ Te site,14.2 μW cm^-1 K^-2,,,,508 K
10.1021/acsaem.6c01258,Synergistic Effect of Mg–Se Co-Doping and Post-Annealing on the Thermoelectric Performance of Polycrystalline AgSbTe2.pdf,AgSbTe2,AgSb0.95Mg0.05Te1.85Se0.15,AgSb0.95Mg0.05Te1.85Se0.15,2,Yes,Mg,5 at%,Sb,Se (15 at%) @ Te,Mg (5 at%) @ Sb site; Se (15 at%) @ Te site,,,,1.82 dimensionless | 2.15 dimensionless,560 K
10.1021/acsaem.6c01258,Synergistic Effect of Mg–Se Co-Doping and Post-Annealing on the Thermoelectric Performance of Polycrystalline AgSbTe2.pdf,AgSbTe2,AgSb0.95Mg0.05Te1.85Se0.15,AgSb0.95Mg0.05Te1.85Se0.15,2,Yes,Mg,5 at%,Sb,Se (15 at%) @ Te,Mg (5 at%) @ Sb site; Se (15 at%) @ Te site,19.2 μW cm^-1 K^-2,,,,610 K
10.1021/acsaem.6c01258,Synergistic Effect of Mg–Se Co-Doping and Post-Annealing on the Thermoelectric Performance of Polycrystalline AgSbTe2.pdf,AgSbTe2,AgSb0.95Mg0.05Te1.85Se0.15 (annealed),AgSb0.95Mg0.05Te1.85Se0.15,2,Yes,Mg,0.05,Sb,Se (0.15) @ Te,Mg (0.05) @ Sb site; Se (0.15) @ Te site,12 uW cm^-1 K^-2,205 uV K^-1,3.0 10^4 Sm^-1,0.8 dimensionless,300 K
10.1021/acsaem.6c01258,Synergistic Effect of Mg–Se Co-Doping and Post-Annealing on the Thermoelectric Performance of Polycrystalline AgSbTe2.pdf,AgSbTe2,AgSb0.95Mg0.05Te1.85Se0.15 (annealed),AgSb0.95Mg0.05Te1.85Se0.15,2,Yes,Mg,0.05,Sb,Se (0.15) @ Te,Mg (0.05) @ Sb site; Se (0.15) @ Te site,,215 uV K^-1,3.8 10^4 Sm^-1,,500 K
10.1021/acsaem.6c01258,Synergistic Effect of Mg–Se Co-Doping and Post-Annealing on the Thermoelectric Performance of Polycrystalline AgSbTe2.pdf,AgSbTe2,AgSb0.95Mg0.05Te1.85Se0.15 (annealed),AgSb0.95Mg0.05Te1.85Se0.15,2,Yes,Mg,0.05,Sb,Se (0.15) @ Te,Mg (0.05) @ Sb site; Se (0.15) @ Te site,,,,2.15 dimensionless,550 K
10.1021/acsaem.6c01258,Synergistic Effect of Mg–Se Co-Doping and Post-Annealing on the Thermoelectric Performance of Polycrystalline AgSbTe2.pdf,AgSbTe2,AgSb0.95Mg0.05Te1.85Se0.15 (annealed),AgSb0.95Mg0.05Te1.85Se0.15,2,Yes,Mg,0.05,Sb,Se (0.15) @ Te,Mg (0.05) @ Sb site; Se (0.15) @ Te site,19 uW cm^-1 K^-2,,,,610 K
10.1021/acsaem.6c01258,Synergistic Effect of Mg–Se Co-Doping and Post-Annealing on the Thermoelectric Performance of Polycrystalline AgSbTe2.pdf,AgSbTe2,AgSb0.95Mg0.05Te1.85Se0.15 (without annealing),AgSb0.95Mg0.05Te1.85Se0.15,2,Yes,Mg,0.05,Sb,Se (0.15) @ Te,Mg (0.05) @ Sb site; Se (0.15) @ Te site,10 uW cm^-1 K^-2,200 uV K^-1,2.5 10^4 Sm^-1,0.7 dimensionless,300 K
10.1021/acsaem.6c01258,Synergistic Effect of Mg–Se Co-Doping and Post-Annealing on the Thermoelectric Performance of Polycrystalline AgSbTe2.pdf,AgSbTe2,AgSb0.95Mg0.05Te1.85Se0.15 (without annealing),AgSb0.95Mg0.05Te1.85Se0.15,2,Yes,Mg,0.05,Sb,Se (0.15) @ Te,Mg (0.05) @ Sb site; Se (0.15) @ Te site,,210 uV K^-1,2.8 10^4 Sm^-1,,500 K
10.1021/acsaem.6c01258,Synergistic Effect of Mg–Se Co-Doping and Post-Annealing on the Thermoelectric Performance of Polycrystalline AgSbTe2.pdf,AgSbTe2,AgSb0.95Mg0.05Te1.85Se0.15 (without annealing),AgSb0.95Mg0.05Te1.85Se0.15,2,Yes,Mg,0.05,Sb,Se (0.15) @ Te,Mg (0.05) @ Sb site; Se (0.15) @ Te site,,,,1.5 dimensionless,550 K
10.1021/acsaem.6c01258,Synergistic Effect of Mg–Se Co-Doping and Post-Annealing on the Thermoelectric Performance of Polycrystalline AgSbTe2.pdf,AgSbTe2,AgSb0.95Mg0.05Te1.85Se0.15 (without annealing),AgSb0.95Mg0.05Te1.85Se0.15,2,Yes,Mg,0.05,Sb,Se (0.15) @ Te,Mg (0.05) @ Sb site; Se (0.15) @ Te site,14 uW cm^-1 K^-2,,,,560 K
10.1021/acsaem.6c01258,Synergistic Effect of Mg–Se Co-Doping and Post-Annealing on the Thermoelectric Performance of Polycrystalline AgSbTe2.pdf,AgSbTe2,AgSbTe1.85Se0.15,AgSbTe1.85Se0.15,1,No,Se,15 at%,Te,,Se (15 at%) @ Te site,,,3.4 10^4 S m^-1,,300 K
10.1021/acsaem.6c01258,Synergistic Effect of Mg–Se Co-Doping and Post-Annealing on the Thermoelectric Performance of Polycrystalline AgSbTe2.pdf,AgSbTe2,AgSbTe1.85Se0.15,AgSbTe1.85Se0.15,1,No,Se,0.15,Te,,Se (0.15) @ Te site,9 uW cm^-1 K^-2,200 uV K^-1,2.2 10^4 S m^-1,0.4 dimensionless,300 K
10.1021/acsaem.6c01258,Synergistic Effect of Mg–Se Co-Doping and Post-Annealing on the Thermoelectric Performance of Polycrystalline AgSbTe2.pdf,AgSbTe2,AgSbTe1.85Se0.15,AgSbTe1.85Se0.15,1,No,Se,15 at%,Te,,Se (15 at%) @ Te site,,,,1.66 dimensionless,507 K
10.1021/acsaem.6c01258,Synergistic Effect of Mg–Se Co-Doping and Post-Annealing on the Thermoelectric Performance of Polycrystalline AgSbTe2.pdf,AgSbTe2,AgSbTe2,AgSbTe2,0,No,,,,,,2 uW cm^-1 K^-2,150 uV K^-1,0.8 10^4 S m^-1,0.2 dimensionless,300 K
10.1021/acsaem.6c00054,Synergistic Optimization of Thermoelectric Performance in AgSbTe2 via Ag Vacancy and In Doping.pdf,AgSbTe2,Ag0.97Sb0.96In0.04Te2,Ag0.97Sb0.96In0.04Te2,2,Yes,Ag vacancy,x = 0.03,Ag,In (y = 0.04) @ Sb,Ag vacancy (x = 0.03) @ Ag site; In (y = 0.04) @ Sb site,,185 μV K-1,,,300 K
10.1021/acsaem.6c00054,Synergistic Optimization of Thermoelectric Performance in AgSbTe2 via Ag Vacancy and In Doping.pdf,AgSbTe2,Ag0.97Sb0.96In0.04Te2,Ag0.97Sb0.96In0.04Te2,2,Yes,Ag vacancy,x=0.03,Ag,In (y=0.04) @ Sb,Ag vacancy (x=0.03) @ Ag site; In (y=0.04) @ Sb site,,,,0.52 dimensionless,300 K
10.1021/acsaem.6c00054,Synergistic Optimization of Thermoelectric Performance in AgSbTe2 via Ag Vacancy and In Doping.pdf,AgSbTe2,Ag0.97Sb0.96In0.04Te2,Ag0.97Sb0.96In0.04Te2,2,Yes,Ag vacancy,x = 0.03,Ag,In (y = 0.04) @ Sb,Ag vacancy (x = 0.03) @ Ag site; In (y = 0.04) @ Sb site,1.14 mW m-1 K-2,,,1.12 dimensionless,573 K
10.1021/acsaem.6c00054,Synergistic Optimization of Thermoelectric Performance in AgSbTe2 via Ag Vacancy and In Doping.pdf,AgSbTe2,Ag0.97Sb0.96In0.04Te2,Ag0.97Sb0.96In0.04Te2,2,Yes,Ag vacancy,x=0.03,Ag,In (y=0.04) @ Sb,Ag vacancy (x=0.03) @ Ag site; In (y=0.04) @ Sb site,,,,1.12 dimensionless,573 K
10.1021/acsaem.6c00054,Synergistic Optimization of Thermoelectric Performance in AgSbTe2 via Ag Vacancy and In Doping.pdf,AgSbTe2,Ag0.97Sb1-yInyTe2 (y=0.00),Ag0.97SbTe2,1,No,Ag,0.03 deficiency,Ag,,Ag (0.03 deficiency) @ Ag site,,,,0.81 dimensionless,573 K
10.1021/acsaem.6c00054,Synergistic Optimization of Thermoelectric Performance in AgSbTe2 via Ag Vacancy and In Doping.pdf,AgSbTe2,Ag0.97Sb1-yInyTe2 (y=0.01),Ag0.97Sb0.99In0.01Te2,2,Yes,Ag,0.03 deficiency,Ag,In (0.01) @ Sb,Ag (0.03 deficiency) @ Ag site; In (0.01) @ Sb site,,,,0.95 dimensionless,573 K
10.1021/acsaem.6c00054,Synergistic Optimization of Thermoelectric Performance in AgSbTe2 via Ag Vacancy and In Doping.pdf,AgSbTe2,Ag0.97Sb1-yInyTe2 (y=0.02),Ag0.97Sb0.98In0.02Te2,2,Yes,Ag,0.03 deficiency,Ag,In (0.02) @ Sb,Ag (0.03 deficiency) @ Ag site; In (0.02) @ Sb site,,,,1.02 dimensionless,573 K
10.1021/acsaem.6c00054,Synergistic Optimization of Thermoelectric Performance in AgSbTe2 via Ag Vacancy and In Doping.pdf,AgSbTe2,Ag0.97Sb1-yInyTe2 (y=0.03),Ag0.97Sb0.97In0.03Te2,2,Yes,Ag,0.03 deficiency,Ag,In (0.03) @ Sb,Ag (0.03 deficiency) @ Ag site; In (0.03) @ Sb site,,,,1.08 dimensionless,573 K
10.1021/acsaem.6c00054,Synergistic Optimization of Thermoelectric Performance in AgSbTe2 via Ag Vacancy and In Doping.pdf,AgSbTe2,Ag0.97Sb1-yInyTe2 (y=0.04),Ag0.97Sb0.96In0.04Te2,2,Yes,Ag,0.03 deficiency,Ag,In (0.04) @ Sb,Ag (0.03 deficiency) @ Ag site; In (0.04) @ Sb site,,,,1.12 dimensionless,573 K
10.1021/acsaem.6c00054,Synergistic Optimization of Thermoelectric Performance in AgSbTe2 via Ag Vacancy and In Doping.pdf,AgSbTe2,Ag0.97Sb1-yInyTe2 (y=0.05),Ag0.97Sb0.95In0.05Te2,2,Yes,Ag,0.03 deficiency,Ag,In (0.05) @ Sb,Ag (0.03 deficiency) @ Ag site; In (0.05) @ Sb site,,,,1.05 dimensionless,573 K
10.1021/acsaem.6c00054,Synergistic Optimization of Thermoelectric Performance in AgSbTe2 via Ag Vacancy and In Doping.pdf,AgSbTe2,Ag0.97SbTe2,Ag0.97SbTe2,1,No,Ag vacancy,x=0.03,Ag,,Ag vacancy (x=0.03) @ Ag site,,,,0.45 dimensionless,300 K
10.1021/acsaem.6c00054,Synergistic Optimization of Thermoelectric Performance in AgSbTe2 via Ag Vacancy and In Doping.pdf,AgSbTe2,Ag0.97SbTe2,Ag0.97SbTe2,1,No,Ag vacancy,x = 0.03,Ag,,Ag vacancy (x = 0.03) @ Ag site,,150.68 μV K-1,304.38 S cm-1,,303 K
10.1021/acsaem.6c00054,Synergistic Optimization of Thermoelectric Performance in AgSbTe2 via Ag Vacancy and In Doping.pdf,AgSbTe2,Ag0.97SbTe2,Ag0.97SbTe2,1,No,Ag vacancy,x = 0.03,Ag,,Ag vacancy (x = 0.03) @ Ag site,0.99 mW m-1 K-2,,,0.81 dimensionless,573 K
10.1021/acsaem.6c00054,Synergistic Optimization of Thermoelectric Performance in AgSbTe2 via Ag Vacancy and In Doping.pdf,AgSbTe2,Ag0.97SbTe2,Ag0.97SbTe2,1,No,Ag vacancy,x=0.03,Ag,,Ag vacancy (x=0.03) @ Ag site,,,,0.81 dimensionless,573 K
10.1021/acsaem.6c00054,Synergistic Optimization of Thermoelectric Performance in AgSbTe2 via Ag Vacancy and In Doping.pdf,AgSbTe2,Ag1-xSbTe2 (x=0.00),AgSbTe2,1,No,Ag vacancy,x=0.00,Ag,,Ag vacancy (x=0.00) @ Ag site,,,,0.35 dimensionless,300 K
10.1021/acsaem.6c00054,Synergistic Optimization of Thermoelectric Performance in AgSbTe2 via Ag Vacancy and In Doping.pdf,AgSbTe2,Ag1-xSbTe2 (x=0.00),AgSbTe2,1,No,Ag vacancy,x=0.00,Ag,,Ag vacancy (x=0.00) @ Ag site,,,,0.75 dimensionless,573 K
10.1021/acsami.4c12307,Synergistic Suppression of Bipolar Effect and Lattice Thermal Conductivity Leading to High Average Figure of Merit in Bi0.4Sb1.6Te3 Materials through Alloying with AgSbTe2.pdf,Bi0.4Sb1.6Te3 alloyed with AgSbTe2,Bi0.4Sb1.6Te3 - 0.15 wt % AgSbTe2,Bi0.4Sb1.6Te3 - 0.15 wt % AgSbTe2,1,No,Ag,0.15 wt %,multiple sites,,Ag (0.15 wt %) @ multiple sites site,4.91 mW m^-1 K^-2,,14.1 10^4 S m^-1,,303 K
10.1021/acsami.4c12307,Synergistic Suppression of Bipolar Effect and Lattice Thermal Conductivity Leading to High Average Figure of Merit in Bi0.4Sb1.6Te3 Materials through Alloying with AgSbTe2.pdf,Bi0.4Sb1.6Te3 alloyed with AgSbTe2,Bi0.4Sb1.6Te3 - 0.15 wt % AgSbTe2,Bi0.4Sb1.6Te3 - 0.15 wt % AgSbTe2,1,No,Ag,0.15 wt %,multiple sites,,Ag (0.15 wt %) @ multiple sites site,,,,1.35 dimensionless,393 K
10.1021/acsami.4c12307,Synergistic Suppression of Bipolar Effect and Lattice Thermal Conductivity Leading to High Average Figure of Merit in Bi0.4Sb1.6Te3 Materials through Alloying with AgSbTe2.pdf,Bi0.4Sb1.6Te3 alloyed with AgSbTe2,Bi0.4Sb1.6Te3 - 0.15 wt % AgSbTe2,Bi0.4Sb1.6Te3 - 0.15 wt % AgSbTe2,1,No,Ag,0.15 wt %,multiple sites,,Ag (0.15 wt %) @ multiple sites site,,,,1.25 dimensionless,303-483 K
10.1021/acsami.4c12307,Synergistic Suppression of Bipolar Effect and Lattice Thermal Conductivity Leading to High Average Figure of Merit in Bi0.4Sb1.6Te3 Materials through Alloying with AgSbTe2.pdf,Bi0.4Sb1.6Te3 alloyed with AgSbTe2,commercial,Bi0.4Sb1.6Te3,0,No,,,,,,,,,1.0 dimensionless,393 K
10.1021/acsami.4c12307,Synergistic Suppression of Bipolar Effect and Lattice Thermal Conductivity Leading to High Average Figure of Merit in Bi0.4Sb1.6Te3 Materials through Alloying with AgSbTe2.pdf,Bi0.4Sb1.6Te3 alloyed with AgSbTe2,x = 0,Bi0.4Sb1.6Te3,1,No,AgSbTe2,0 wt %,unclear,,AgSbTe2 (0 wt %) @ unclear site,,,,1.12 dimensionless,363 K
10.1021/acsami.4c12307,Synergistic Suppression of Bipolar Effect and Lattice Thermal Conductivity Leading to High Average Figure of Merit in Bi0.4Sb1.6Te3 Materials through Alloying with AgSbTe2.pdf,Bi0.4Sb1.6Te3 alloyed with AgSbTe2,x = 0.10,Bi0.4Sb1.6Te3 - 0.10 wt % AgSbTe2,1,No,AgSbTe2,0.10 wt %,unclear,,AgSbTe2 (0.10 wt %) @ unclear site,,,,1.22 dimensionless,363 K
10.1021/acsami.4c12307,Synergistic Suppression of Bipolar Effect and Lattice Thermal Conductivity Leading to High Average Figure of Merit in Bi0.4Sb1.6Te3 Materials through Alloying with AgSbTe2.pdf,Bi0.4Sb1.6Te3 alloyed with AgSbTe2,x = 0.15,Bi0.4Sb1.6Te3 - 0.15 wt % AgSbTe2,1,No,AgSbTe2,0.15 wt %,unclear,,AgSbTe2 (0.15 wt %) @ unclear site,,,,1.35 dimensionless,393 K
10.1021/acsami.4c12307,Synergistic Suppression of Bipolar Effect and Lattice Thermal Conductivity Leading to High Average Figure of Merit in Bi0.4Sb1.6Te3 Materials through Alloying with AgSbTe2.pdf,Bi0.4Sb1.6Te3 alloyed with AgSbTe2,x = 0.20,Bi0.4Sb1.6Te3 - 0.20 wt % AgSbTe2,1,No,AgSbTe2,0.20 wt %,unclear,,AgSbTe2 (0.20 wt %) @ unclear site,,,,1.20 dimensionless,393 K
10.1021/acsami.4c12307,Synergistic Suppression of Bipolar Effect and Lattice Thermal Conductivity Leading to High Average Figure of Merit in Bi0.4Sb1.6Te3 Materials through Alloying with AgSbTe2.pdf,Bi0.4Sb1.6Te3 alloyed with AgSbTe2,x = 0.25,Bi0.4Sb1.6Te3 - 0.25 wt % AgSbTe2,1,No,AgSbTe2,0.25 wt %,unclear,,AgSbTe2 (0.25 wt %) @ unclear site,,,,1.25 dimensionless,393 K
10.1021/acsami.4c12307,Synergistic Suppression of Bipolar Effect and Lattice Thermal Conductivity Leading to High Average Figure of Merit in Bi0.4Sb1.6Te3 Materials through Alloying with AgSbTe2.pdf,Bi0.4Sb1.6Te3 alloyed with AgSbTe2,x=0,Bi0.4Sb1.6Te3,0,No,,,,,,,,9.3 10^4 S m-1,,303 K
10.1021/acsami.4c12307,Synergistic Suppression of Bipolar Effect and Lattice Thermal Conductivity Leading to High Average Figure of Merit in Bi0.4Sb1.6Te3 Materials through Alloying with AgSbTe2.pdf,Bi0.4Sb1.6Te3 alloyed with AgSbTe2,x=0,Bi0.4Sb1.6Te3,0,No,,,,,,,,,1.2 dimensionless,393 K
10.1021/acsami.4c12307,Synergistic Suppression of Bipolar Effect and Lattice Thermal Conductivity Leading to High Average Figure of Merit in Bi0.4Sb1.6Te3 Materials through Alloying with AgSbTe2.pdf,Bi0.4Sb1.6Te3 alloyed with AgSbTe2,x=0.15,Bi0.4Sb1.6Te3 + 0.15 wt % AgSbTe2,1,No,AgSbTe2,0.15 wt %,unclear,,AgSbTe2 (0.15 wt %) @ unclear site,,,14.1 10^4 S m-1,,303 K
10.1021/acsami.4c12307,Synergistic Suppression of Bipolar Effect and Lattice Thermal Conductivity Leading to High Average Figure of Merit in Bi0.4Sb1.6Te3 Materials through Alloying with AgSbTe2.pdf,Bi0.4Sb1.6Te3 alloyed with AgSbTe2,x=0.15,Bi0.4Sb1.6Te3 + 0.15 wt % AgSbTe2,1,No,AgSbTe2,0.15 wt %,unclear,,AgSbTe2 (0.15 wt %) @ unclear site,,,,1.35 dimensionless,393 K
10.1016/j.jallcom.2019.152463,"Synergistically optimizing charge and phonon transport properties in n-type PbTe via introducing ternary compound AgSb(Se, Te)2.pdf",PbTe,PbTe + 1% AgSbTe2,PbTe + 1% AgSbTe2,1,No,AgSbTe2,1%,unclear,,AgSbTe2 (1%) @ unclear site,,-100 uV/K,1500 Scm-1,,300 K
10.1016/j.jallcom.2019.152463,"Synergistically optimizing charge and phonon transport properties in n-type PbTe via introducing ternary compound AgSb(Se, Te)2.pdf",PbTe,PbTe + 1% AgSbTe2,PbTe + 1% AgSbTe2,1,No,AgSbTe2,1%,unclear,,AgSbTe2 (1%) @ unclear site,16 uWcm-1K-2,,,,600 K
10.1016/j.jallcom.2019.152463,"Synergistically optimizing charge and phonon transport properties in n-type PbTe via introducing ternary compound AgSb(Se, Te)2.pdf",PbTe,PbTe + 1% AgSbTe2,PbTe + 1% AgSbTe2,1,No,AgSbTe2,1%,unclear,,AgSbTe2 (1%) @ unclear site,,,,1.0 dimensionless,700 K
10.1016/j.jallcom.2019.152463,"Synergistically optimizing charge and phonon transport properties in n-type PbTe via introducing ternary compound AgSb(Se, Te)2.pdf",PbTe,PbTe + 2% AgSbSe2,PbTe + 2% AgSbSe2,3,Yes,Ag,2%,unclear,Sb (2%) @ unclear; Se (2%) @ unclear,Ag (2%) @ unclear site; Sb (2%) @ unclear site; Se (2%) @ unclear site,,,,1.3 dimensionless,not reported
10.1016/j.jallcom.2019.152463,"Synergistically optimizing charge and phonon transport properties in n-type PbTe via introducing ternary compound AgSb(Se, Te)2.pdf",PbTe,PbTe + 2% AgSbTe2,PbTe + 2% AgSbTe2,1,No,AgSbTe2,2%,unclear,,AgSbTe2 (2%) @ unclear site,,-125 uV/K,1000 Scm-1,,300 K
10.1016/j.jallcom.2019.152463,"Synergistically optimizing charge and phonon transport properties in n-type PbTe via introducing ternary compound AgSb(Se, Te)2.pdf",PbTe,PbTe + 2% AgSbTe2,PbTe + 2% AgSbTe2,1,No,AgSbTe2,2%,unclear,,AgSbTe2 (2%) @ unclear site,18 uWcm-1K-2,,,,650 K
10.1016/j.jallcom.2019.152463,"Synergistically optimizing charge and phonon transport properties in n-type PbTe via introducing ternary compound AgSb(Se, Te)2.pdf",PbTe,PbTe + 2% AgSbTe2,PbTe + 2% AgSbTe2,1,No,AgSbTe2,2%,unclear,,AgSbTe2 (2%) @ unclear site,,,,1.3 dimensionless,750 K
10.1016/j.jallcom.2019.152463,"Synergistically optimizing charge and phonon transport properties in n-type PbTe via introducing ternary compound AgSb(Se, Te)2.pdf",PbTe,PbTe + 2% AgSbTe2,PbTe + 2% AgSbTe2,3,Yes,Ag,2%,unclear,Sb (2%) @ unclear; Te (2%) @ unclear,Ag (2%) @ unclear site; Sb (2%) @ unclear site; Te (2%) @ unclear site,,,,1.2 dimensionless,not reported
10.1016/j.jallcom.2019.152463,"Synergistically optimizing charge and phonon transport properties in n-type PbTe via introducing ternary compound AgSb(Se, Te)2.pdf",PbTe,PbTe + 3% AgSbTe2,PbTe + 3% AgSbTe2,1,No,AgSbTe2,3%,unclear,,AgSbTe2 (3%) @ unclear site,,-150 uV/K,700 Scm-1,,300 K
10.1016/j.jallcom.2019.152463,"Synergistically optimizing charge and phonon transport properties in n-type PbTe via introducing ternary compound AgSb(Se, Te)2.pdf",PbTe,PbTe + 3% AgSbTe2,PbTe + 3% AgSbTe2,1,No,AgSbTe2,3%,unclear,,AgSbTe2 (3%) @ unclear site,14 uWcm-1K-2,,,,700 K
10.1016/j.jallcom.2019.152463,"Synergistically optimizing charge and phonon transport properties in n-type PbTe via introducing ternary compound AgSb(Se, Te)2.pdf",PbTe,PbTe + 3% AgSbTe2,PbTe + 3% AgSbTe2,1,No,AgSbTe2,3%,unclear,,AgSbTe2 (3%) @ unclear site,,,,1.1 dimensionless,750 K
10.1088/1674-1056/21/10/106101,Synthesis and thermoelectric properties of Mn-doped AgSbTe2 compounds.pdf,Ag0.9Sb1-xMnxTe2.05,Ag0.9Sb1.1-xMnxTe2.05 (x=0.05),Ag0.9Sb1.05Mn0.05Te2.05,1,No,Mn,x=0.05,Sb,,Mn (x=0.05) @ Sb site,7 10^-4 W/m*K^2,180 uV/K,1.2 10^4 S/m,,325 K
10.1088/1674-1056/21/10/106101,Synthesis and thermoelectric properties of Mn-doped AgSbTe2 compounds.pdf,Ag0.9Sb1-xMnxTe2.05,Ag0.9Sb1.1-xMnxTe2.05 (x=0.05),Ag0.9Sb1.05Mn0.05Te2.05,1,No,Mn,x=0.05,Sb,,Mn (x=0.05) @ Sb site,8 10^-4 W/m*K^2,240 uV/K,1.3 10^4 S/m,,475 K
10.1088/1674-1056/21/10/106101,Synthesis and thermoelectric properties of Mn-doped AgSbTe2 compounds.pdf,Ag0.9Sb1-xMnxTe2.05,Ag0.9Sb1.1-xMnxTe2.05 (x=0.05),Ag0.9Sb1.05Mn0.05Te2.05,1,No,Mn,x=0.05,Sb,,Mn (x=0.05) @ Sb site,9 10^-4 W/m*K^2,260 uV/K,1.2 10^4 S/m,,575 K
10.1088/1674-1056/21/10/106101,Synthesis and thermoelectric properties of Mn-doped AgSbTe2 compounds.pdf,Ag0.9Sb1-xMnxTe2.05,Ag0.9Sb1.1-xMnxTe2.05 (x=0.10),Ag0.9Sb1.0Mn0.1Te2.05,1,No,Mn,x=0.10,Sb,,Mn (x=0.10) @ Sb site,11.5 10^-4 W/m*K^2,180 uV/K,3.5 10^4 S/m,,325 K
10.1088/1674-1056/21/10/106101,Synthesis and thermoelectric properties of Mn-doped AgSbTe2 compounds.pdf,Ag0.9Sb1-xMnxTe2.05,Ag0.9Sb1.1-xMnxTe2.05 (x=0.10),Ag0.9Sb1.0Mn0.1Te2.05,1,No,Mn,x=0.10,Sb,,Mn (x=0.10) @ Sb site,13.5 10^-4 W/m*K^2,205 uV/K,2.8 10^4 S/m,,475 K
10.1088/1674-1056/21/10/106101,Synthesis and thermoelectric properties of Mn-doped AgSbTe2 compounds.pdf,Ag0.9Sb1-xMnxTe2.05,Ag0.9Sb1.1-xMnxTe2.05 (x=0.10),Ag0.9Sb1.0Mn0.1Te2.05,1,No,Mn,x=0.10,Sb,,Mn (x=0.10) @ Sb site,11.5 10^-4 W/m*K^2,215 uV/K,2.2 10^4 S/m,,575 K
10.1088/1674-1056/21/10/106101,Synthesis and thermoelectric properties of Mn-doped AgSbTe2 compounds.pdf,Ag0.9Sb1-xMnxTe2.05,Ag0.9Sb1.1-xMnxTe2.05 (x=0.20),Ag0.9Sb0.9Mn0.2Te2.05,1,No,Mn,x=0.20,Sb,,Mn (x=0.20) @ Sb site,7 10^-4 W/m*K^2,180 uV/K,2.2 10^4 S/m,,325 K
10.1088/1674-1056/21/10/106101,Synthesis and thermoelectric properties of Mn-doped AgSbTe2 compounds.pdf,Ag0.9Sb1-xMnxTe2.05,Ag0.9Sb1.1-xMnxTe2.05 (x=0.20),Ag0.9Sb0.9Mn0.2Te2.05,1,No,Mn,x=0.20,Sb,,Mn (x=0.20) @ Sb site,8 10^-4 W/m*K^2,225 uV/K,1.5 10^4 S/m,,475 K
10.1088/1674-1056/21/10/106101,Synthesis and thermoelectric properties of Mn-doped AgSbTe2 compounds.pdf,Ag0.9Sb1-xMnxTe2.05,Ag0.9Sb1.1-xMnxTe2.05 (x=0.20),Ag0.9Sb0.9Mn0.2Te2.05,1,No,Mn,x=0.20,Sb,,Mn (x=0.20) @ Sb site,8 10^-4 W/m*K^2,260 uV/K,1.2 10^4 S/m,,575 K
10.1088/1674-1056/21/10/106101,Synthesis and thermoelectric properties of Mn-doped AgSbTe2 compounds.pdf,Ag0.9Sb1-xMnxTe2.05,x=0.05,Ag0.9Sb0.95Mn0.05Te2.05,1,No,Mn,x=0.05,Sb,,Mn (x=0.05) @ Sb site,,,,0.25 dimensionless,300 K
10.1088/1674-1056/21/10/106101,Synthesis and thermoelectric properties of Mn-doped AgSbTe2 compounds.pdf,Ag0.9Sb1-xMnxTe2.05,x=0.05,Ag0.9Sb0.95Mn0.05Te2.05,1,No,Mn,x=0.05,Sb,,Mn (x=0.05) @ Sb site,,,,0.45 dimensionless,400 K
10.1088/1674-1056/21/10/106101,Synthesis and thermoelectric properties of Mn-doped AgSbTe2 compounds.pdf,Ag0.9Sb1-xMnxTe2.05,x=0.05,Ag0.9Sb0.95Mn0.05Te2.05,1,No,Mn,x=0.05,Sb,,Mn (x=0.05) @ Sb site,,,,0.75 dimensionless,575 K
10.1088/1674-1056/21/10/106101,Synthesis and thermoelectric properties of Mn-doped AgSbTe2 compounds.pdf,Ag0.9Sb1-xMnxTe2.05,x=0.10,Ag0.9Sb0.90Mn0.10Te2.05,1,No,Mn,x=0.10,Sb,,Mn (x=0.10) @ Sb site,,,,0.28 dimensionless,300 K
10.1088/1674-1056/21/10/106101,Synthesis and thermoelectric properties of Mn-doped AgSbTe2 compounds.pdf,Ag0.9Sb1-xMnxTe2.05,x=0.10,Ag0.9Sb0.90Mn0.10Te2.05,1,No,Mn,x=0.10,Sb,,Mn (x=0.10) @ Sb site,,,,0.65 dimensionless,400 K
10.1088/1674-1056/21/10/106101,Synthesis and thermoelectric properties of Mn-doped AgSbTe2 compounds.pdf,Ag0.9Sb1-xMnxTe2.05,x=0.10,Ag0.9Sb1.0Mn0.10Te2.05,1,No,Mn,x=0.10,Sb,,Mn (x=0.10) @ Sb site,1.37 10^-3 W m^-1 K^-2,,,,473 K
10.1088/1674-1056/21/10/106101,Synthesis and thermoelectric properties of Mn-doped AgSbTe2 compounds.pdf,Ag0.9Sb1-xMnxTe2.05,x=0.10,Ag0.9Sb1.0Mn0.10Te2.05,1,No,Mn,x=0.10,Sb,,Mn (x=0.10) @ Sb site,,,,1.2 dimensionless,573 K
10.1088/1674-1056/21/10/106101,Synthesis and thermoelectric properties of Mn-doped AgSbTe2 compounds.pdf,Ag0.9Sb1-xMnxTe2.05,x=0.10,Ag0.9Sb0.90Mn0.10Te2.05,1,No,Mn,x=0.10,Sb,,Mn (x=0.10) @ Sb site,,,,1.2 dimensionless,573 K
10.1088/1674-1056/21/10/106101,Synthesis and thermoelectric properties of Mn-doped AgSbTe2 compounds.pdf,Ag0.9Sb1-xMnxTe2.05,x=0.20,Ag0.9Sb0.80Mn0.20Te2.05,1,No,Mn,x=0.20,Sb,,Mn (x=0.20) @ Sb site,,,,0.22 dimensionless,300 K
10.1088/1674-1056/21/10/106101,Synthesis and thermoelectric properties of Mn-doped AgSbTe2 compounds.pdf,Ag0.9Sb1-xMnxTe2.05,x=0.20,Ag0.9Sb0.80Mn0.20Te2.05,1,No,Mn,x=0.20,Sb,,Mn (x=0.20) @ Sb site,,,,0.35 dimensionless,400 K
10.1088/1674-1056/21/10/106101,Synthesis and thermoelectric properties of Mn-doped AgSbTe2 compounds.pdf,Ag0.9Sb1-xMnxTe2.05,x=0.20,Ag0.9Sb0.80Mn0.20Te2.05,1,No,Mn,x=0.20,Sb,,Mn (x=0.20) @ Sb site,,,,0.58 dimensionless,575 K
10.3390/nano8070474,"Thermodynamic, Structural and Thermoelectric Properties of AgSbTe2 Thick Films Developed by Melt Spinning.pdf",AgSbTe2,SAT-10,AgSbTe2,0,No,,,,,,0.8 mWm^-1K^-2,240 uVK^-1,1.3 10^4 Sm^-1,,300 K
10.3390/nano8070474,"Thermodynamic, Structural and Thermoelectric Properties of AgSbTe2 Thick Films Developed by Melt Spinning.pdf",AgSbTe2,SAT-10,AgSbTe2,0,No,,,,,,1.2 mWm^-1K^-2 | 1.3 mW m-1 K-2,260 uVK^-1,1.8 10^4 Sm^-1,1.40 dimensionless,500 K
10.3390/nano8070474,"Thermodynamic, Structural and Thermoelectric Properties of AgSbTe2 Thick Films Developed by Melt Spinning.pdf",AgSbTe2,SAT-5,AgSbTe2,0,No,,,,,,1.2 mWm^-1K^-2,280 uVK^-1,2.8 10^4 Sm^-1,,300 K
10.3390/nano8070474,"Thermodynamic, Structural and Thermoelectric Properties of AgSbTe2 Thick Films Developed by Melt Spinning.pdf",AgSbTe2,SAT-5,AgSbTe2,0,No,,,,,,0.8 mWm^-1K^-2 | 1.3 mW m-1 K-2,270 uVK^-1,1.2 10^4 Sm^-1,1.40 dimensionless,500 K
10.3390/nano8070474,"Thermodynamic, Structural and Thermoelectric Properties of AgSbTe2 Thick Films Developed by Melt Spinning.pdf",AgSbTe2,SATS-10,AgSbTe2-xSex,1,No,Se,1%,Te,,Se (1%) @ Te site,1.1 mWm^-1K^-2,250 uVK^-1,1.8 10^4 Sm^-1,,300 K
10.3390/nano8070474,"Thermodynamic, Structural and Thermoelectric Properties of AgSbTe2 Thick Films Developed by Melt Spinning.pdf",AgSbTe2,SATS-10,AgSbTe1.98Se0.02,1,No,Se,1%,Te,,Se (1%) @ Te site,1.3 mW m-1 K-2,,,1.35 dimensionless,500 K
10.3390/nano8070474,"Thermodynamic, Structural and Thermoelectric Properties of AgSbTe2 Thick Films Developed by Melt Spinning.pdf",AgSbTe2,SATS-10,AgSbTe2-xSex,1,No,Se,1%,Te,,Se (1%) @ Te site,1.3 mWm^-1K^-2,220 uVK^-1,2.8 10^4 Sm^-1,,500 K
10.1007/s11664-010-1278-1,Thermoelectric Properties of the Pseudobinary Alloy (Ag0.365Sb0.558Te)0.975(GeTe)0.025 Prepared by Spark Plasma Sintering.pdf,AgSbTe2,(Ag0.365Sb0.558Te)0.975(GeTe)0.025,(Ag0.365Sb0.558Te)0.975(GeTe)0.025,2,Yes,Ge,0.025,Sb,Ge (0.025) @ interstitial,Ge (0.025) @ Sb site; Ge (0.025) @ interstitial site,,60 uV K^-1,8 10^4 Ohm^-1 m^-1,0.15 dimensionless,318 K
10.1007/s11664-010-1278-1,Thermoelectric Properties of the Pseudobinary Alloy (Ag0.365Sb0.558Te)0.975(GeTe)0.025 Prepared by Spark Plasma Sintering.pdf,AgSbTe2,(Ag0.365Sb0.558Te)0.975(GeTe)0.025,(Ag0.365Sb0.558Te)0.975(GeTe)0.025,2,Yes,Ge,1.3 at.%,Sb,Ge (remaining Ge atoms) @ interstitial,Ge (1.3 at.%) @ Sb site; Ge (remaining Ge atoms) @ interstitial site,,131 uV K-1,,0.69 dimensionless,551 K
10.1007/s11664-010-1278-1,Thermoelectric Properties of the Pseudobinary Alloy (Ag0.365Sb0.558Te)0.975(GeTe)0.025 Prepared by Spark Plasma Sintering.pdf,AgSbTe2,(Ag0.365Sb0.558Te)0.975(GeTe)0.025,(Ag0.365Sb0.558Te)0.975(GeTe)0.025,2,Yes,Ge,0.025,Sb,Ge (0.025) @ interstitial,Ge (0.025) @ Sb site; Ge (0.025) @ interstitial site,,131 uV K^-1,5 10^4 Ohm^-1 m^-1,0.69 dimensionless,551 K
10.1007/s11664-010-1278-1,Thermoelectric Properties of the Pseudobinary Alloy (Ag0.365Sb0.558Te)0.975(GeTe)0.025 Prepared by Spark Plasma Sintering.pdf,AgSbTe2,GeTe-added (Ag0.365Sb0.558Te)0.975(GeTe)0.025,(Ag0.365Sb0.558Te)0.975(GeTe)0.025,1,No,GeTe,0.025,unclear,,GeTe (0.025) @ unclear site,,,,0.69 dimensionless,551 K
10.1007/s12598-,Thermoelectric properties of (GeTe)1-x[(Ag2Te)0.4(Sb2Te3)0.6]x alloys.pdf,AgSbTe2-family (GeTe-Ag2Te-Sb2Te3 alloys),"(GeTe)1-x[(Ag2Te)0.4(Sb2Te3)0.6]x, x=0.03",(GeTe)0.97(Ag0.8Sb1.2Te3)0.03,2,Yes,Ag,x=0.03,unclear,Sb (x=0.03) @ unclear,Ag (x=0.03) @ unclear site; Sb (x=0.03) @ unclear site,,,,0.4 dimensionless,300 K
10.1007/s12598-,Thermoelectric properties of (GeTe)1-x[(Ag2Te)0.4(Sb2Te3)0.6]x alloys.pdf,AgSbTe2-family (GeTe-Ag2Te-Sb2Te3 alloys),"(GeTe)1-x[(Ag2Te)0.4(Sb2Te3)0.6]x, x=0.03",(GeTe)0.97(Ag0.8Sb1.2Te3)0.03,2,Yes,Ag,x=0.03,unclear,Sb (x=0.03) @ unclear,Ag (x=0.03) @ unclear site; Sb (x=0.03) @ unclear site,,,,1.2 dimensionless,750 K
10.1007/s12598-,Thermoelectric properties of (GeTe)1-x[(Ag2Te)0.4(Sb2Te3)0.6]x alloys.pdf,AgSbTe2-family (GeTe-Ag2Te-Sb2Te3 alloys),"(GeTe)1-x[(Ag2Te)0.4(Sb2Te3)0.6]x, x=0.10",(GeTe)0.9(Ag0.8Sb1.2Te3)0.1,2,Yes,Ag,x=0.10,unclear,Sb (x=0.10) @ unclear,Ag (x=0.10) @ unclear site; Sb (x=0.10) @ unclear site,,,,0.6 dimensionless,300 K
10.1007/s12598-,Thermoelectric properties of (GeTe)1-x[(Ag2Te)0.4(Sb2Te3)0.6]x alloys.pdf,AgSbTe2-family (GeTe-Ag2Te-Sb2Te3 alloys),"(GeTe)1-x[(Ag2Te)0.4(Sb2Te3)0.6]x, x=0.10",(GeTe)0.9(Ag0.8Sb1.2Te3)0.1,2,Yes,Ag,x=0.10,unclear,Sb (x=0.10) @ unclear,Ag (x=0.10) @ unclear site; Sb (x=0.10) @ unclear site,,,,1.6 dimensionless,750 K
10.1007/s12598-,Thermoelectric properties of (GeTe)1-x[(Ag2Te)0.4(Sb2Te3)0.6]x alloys.pdf,AgSbTe2-family (GeTe-Ag2Te-Sb2Te3 alloys),"(GeTe)1-x[(Ag2Te)0.4(Sb2Te3)0.6]x, x=0.20",(GeTe)0.8(Ag0.8Sb1.2Te3)0.2,2,Yes,Ag,x=0.20,unclear,Sb (x=0.20) @ unclear,Ag (x=0.20) @ unclear site; Sb (x=0.20) @ unclear site,,,,0.8 dimensionless,300 K
10.1007/s12598-,Thermoelectric properties of (GeTe)1-x[(Ag2Te)0.4(Sb2Te3)0.6]x alloys.pdf,AgSbTe2-family (GeTe-Ag2Te-Sb2Te3 alloys),"(GeTe)1-x[(Ag2Te)0.4(Sb2Te3)0.6]x, x=0.20",(GeTe)0.8(Ag0.8Sb1.2Te3)0.2,2,Yes,Ag,x=0.20,unclear,Sb (x=0.20) @ unclear,Ag (x=0.20) @ unclear site; Sb (x=0.20) @ unclear site,,,,1.8 dimensionless,750 K
10.1007/s12598-,Thermoelectric properties of (GeTe)1-x[(Ag2Te)0.4(Sb2Te3)0.6]x alloys.pdf,AgSbTe2-family (GeTe-Ag2Te-Sb2Te3 alloys),x = 0,(GeTe)1-x[(Ag2Te)0.4(Sb2Te3)0.6]x where x=0,0,No,,,,,,See Fig. 5c uW/cmK^2,See Fig. 5b uV/K,See Fig. 5a S/cm,See Fig. 6a dimensionless,not reported
10.1007/s12598-,Thermoelectric properties of (GeTe)1-x[(Ag2Te)0.4(Sb2Te3)0.6]x alloys.pdf,AgSbTe2-family (GeTe-Ag2Te-Sb2Te3 alloys),x = 0.03,(GeTe)0.97[(Ag2Te)0.4(Sb2Te3)0.6]0.03,0,No,,,,,,,See Fig. 5b uV/K,,,not reported
10.1007/s12598-,Thermoelectric properties of (GeTe)1-x[(Ag2Te)0.4(Sb2Te3)0.6]x alloys.pdf,AgSbTe2-family (GeTe-Ag2Te-Sb2Te3 alloys),x = 0.10,(GeTe)0.9[(Ag2Te)0.4(Sb2Te3)0.6]0.1,0,No,,,,,,,,,1.8 dimensionless,not reported
10.1007/s12598-,Thermoelectric properties of (GeTe)1-x[(Ag2Te)0.4(Sb2Te3)0.6]x alloys.pdf,AgSbTe2-family (GeTe-Ag2Te-Sb2Te3 alloys),x = 0.20,(GeTe)0.8[(Ag2Te)0.4(Sb2Te3)0.6]0.2,0,No,,,,,,,,,1.8 dimensionless,not reported
10.1063/1.4895062,Thermoelectric properties of AgSbTe2 from first-principles calculations.pdf,AgSbTe2,pure AgSbTe2,AgSbTe2,0,No,,,,,,,100 uV/K,,,200 K
10.1063/1.4895062,Thermoelectric properties of AgSbTe2 from first-principles calculations.pdf,AgSbTe2,pure AgSbTe2,AgSbTe2,0,No,,,,,,,200 uV/K,,,400 K
10.1063/1.4895062,Thermoelectric properties of AgSbTe2 from first-principles calculations.pdf,AgSbTe2,pure AgSbTe2,AgSbTe2,0,No,,,,,,,250 uV/K,,,600 K
10.1016/j.jallcom.2005.08.033,"Thermoelectric properties of p-type (AgSbTe2)x(Pb0.5Sn0.5Te)1 − x (x = 0.05, 0.09, 0.2).pdf",AgSbTe2-PbTe-SnTe,x=0.05,(AgSbTe2)0.05(Pb0.5Sn0.5Te)0.95,2,Yes,Pb,0.95 * 0.5,unclear,Sn (0.95 * 0.5) @ unclear,Pb (0.95 * 0.5) @ unclear site; Sn (0.95 * 0.5) @ unclear site,0.75 mW/mK^2,80 uV/K,1.5e-5 ohm m,0.1 dimensionless,300 K
10.1016/j.jallcom.2005.08.033,"Thermoelectric properties of p-type (AgSbTe2)x(Pb0.5Sn0.5Te)1 − x (x = 0.05, 0.09, 0.2).pdf",AgSbTe2-PbTe-SnTe,x=0.05,(AgSbTe2)0.05(Pb0.5Sn0.5Te)0.95,1,No,Sn,0.5 in Pb0.5Sn0.5Te,multiple sites,,Sn (0.5 in Pb0.5Sn0.5Te) @ multiple sites site,,,,1 dimensionless,700 K
10.1016/j.jallcom.2005.08.033,"Thermoelectric properties of p-type (AgSbTe2)x(Pb0.5Sn0.5Te)1 − x (x = 0.05, 0.09, 0.2).pdf",AgSbTe2-PbTe-SnTe,x=0.09,(AgSbTe2)0.09(Pb0.5Sn0.5Te)0.91,2,Yes,Pb,0.91 * 0.5,unclear,Sn (0.91 * 0.5) @ unclear,Pb (0.91 * 0.5) @ unclear site; Sn (0.91 * 0.5) @ unclear site,0.85 mW/mK^2,100 uV/K,1.8e-5 ohm m,0.2 dimensionless,300 K
10.1016/j.jallcom.2005.08.033,"Thermoelectric properties of p-type (AgSbTe2)x(Pb0.5Sn0.5Te)1 − x (x = 0.05, 0.09, 0.2).pdf",AgSbTe2-PbTe-SnTe,x=0.09,(AgSbTe2)0.09(Pb0.5Sn0.5Te)0.91,1,No,Sn,0.5 in Pb0.5Sn0.5Te,multiple sites,,Sn (0.5 in Pb0.5Sn0.5Te) @ multiple sites site,,,,1 dimensionless,700 K
10.1016/j.jallcom.2005.08.033,"Thermoelectric properties of p-type (AgSbTe2)x(Pb0.5Sn0.5Te)1 − x (x = 0.05, 0.09, 0.2).pdf",AgSbTe2-PbTe-SnTe,x=0.2,(AgSbTe2)0.2(Pb0.5Sn0.5Te)0.8,2,Yes,Pb,0.8 * 0.5,unclear,Sn (0.8 * 0.5) @ unclear,Pb (0.8 * 0.5) @ unclear site; Sn (0.8 * 0.5) @ unclear site,1.0 mW/mK^2,120 uV/K,2.0e-5 ohm m,0.3 dimensionless,300 K
10.1016/j.jallcom.2005.08.033,"Thermoelectric properties of p-type (AgSbTe2)x(Pb0.5Sn0.5Te)1 − x (x = 0.05, 0.09, 0.2).pdf",AgSbTe2-PbTe-SnTe,x=0.2,(AgSbTe2)0.2(Pb0.5Sn0.5Te)0.8,1,No,Sn,0.5 in Pb0.5Sn0.5Te,multiple sites,,Sn (0.5 in Pb0.5Sn0.5Te) @ multiple sites site,,,,1 dimensionless,700 K
10.1038/srep45177,Thin-film metallic glass an effective diffusion barrier for Se-doped AgSbTe2 thermoelectric modules.pdf,AgSbTe2,Ag25Sb25Se5Te45,Ag25Sb25Se5Te45,1,No,Se,5 at.%,unclear,,Se (5 at.%) @ unclear site,,,,1.4 dimensionless,673 K
10.1038/srep45177,Thin-film metallic glass an effective diffusion barrier for Se-doped AgSbTe2 thermoelectric modules.pdf,AgSbTe2,Ag25Sb25Se5Te45,Ag25Sb25Se5Te45,1,No,Se,5 at.%,Te,,Se (5 at.%) @ Te site,,,,1.4 dimensionless,673 K
10.1016/j.jssc.2009.05.024,"Transport and mechanical property evaluation of (AgSbTe)1 x(GeTe)x (x ¼ 0.80, 0.82, 0.85, 0.87, 0.90).pdf",AgSbTe2-GeTe,(AgSbTe2)0.10(GeTe)0.90,(AgSb1.04Te2.32)0.10(GeTe)0.90,0,No,,,,,,,61 mV/K,0.343 mO-cm,,325 K
10.1016/j.jssc.2009.05.024,"Transport and mechanical property evaluation of (AgSbTe)1 x(GeTe)x (x ¼ 0.80, 0.82, 0.85, 0.87, 0.90).pdf",AgSbTe2-GeTe,(AgSbTe2)0.10(GeTe)0.90,(AgSb1.04Te2.32)0.10(GeTe)0.90,0,No,,,,,,,,,0.8 dimensionless,750 K
10.1016/j.jssc.2009.05.024,"Transport and mechanical property evaluation of (AgSbTe)1 x(GeTe)x (x ¼ 0.80, 0.82, 0.85, 0.87, 0.90).pdf",AgSbTe2-GeTe,(AgSbTe2)0.13(GeTe)0.87,(Ag0.75SbTe2.20)0.13(GeTe)0.88,0,No,,,,,,,62 mV/K,0.439 mO-cm,,325 K
10.1016/j.jssc.2009.05.024,"Transport and mechanical property evaluation of (AgSbTe)1 x(GeTe)x (x ¼ 0.80, 0.82, 0.85, 0.87, 0.90).pdf",AgSbTe2-GeTe,(AgSbTe2)0.13(GeTe)0.87,(Ag0.75SbTe2.20)0.13(GeTe)0.88,0,No,,,,,,,,,0.8 dimensionless,750 K
10.1016/j.jssc.2009.05.024,"Transport and mechanical property evaluation of (AgSbTe)1 x(GeTe)x (x ¼ 0.80, 0.82, 0.85, 0.87, 0.90).pdf",AgSbTe2-GeTe,(AgSbTe2)0.15(GeTe)0.85,(Ag0.85Sb1.01Te1.95)0.15(GeTe)0.85,0,No,,,,,,,100 mV/K,0.50 mO-cm,,325 K
10.1016/j.jssc.2009.05.024,"Transport and mechanical property evaluation of (AgSbTe)1 x(GeTe)x (x ¼ 0.80, 0.82, 0.85, 0.87, 0.90).pdf",AgSbTe2-GeTe,(AgSbTe2)0.15(GeTe)0.85,(Ag0.85Sb1.01Te1.95)0.15(GeTe)0.85,0,No,,,,,,,,,1.36 dimensionless,700 K
10.1016/j.jssc.2009.05.024,"Transport and mechanical property evaluation of (AgSbTe)1 x(GeTe)x (x ¼ 0.80, 0.82, 0.85, 0.87, 0.90).pdf",AgSbTe2-GeTe,(AgSbTe2)0.17(GeTe)0.83,(Ag0.84Sb0.99Te2.01)0.17(GeTe)0.83,0,No,,,,,,,73 mV/K,0.630 mO-cm,,325 K
10.1016/j.jssc.2009.05.024,"Transport and mechanical property evaluation of (AgSbTe)1 x(GeTe)x (x ¼ 0.80, 0.82, 0.85, 0.87, 0.90).pdf",AgSbTe2-GeTe,(AgSbTe2)0.17(GeTe)0.83,(Ag0.84Sb0.99Te2.01)0.17(GeTe)0.83,0,No,,,,,,,,,0.8 dimensionless,750 K
10.1016/j.jssc.2009.05.024,"Transport and mechanical property evaluation of (AgSbTe)1 x(GeTe)x (x ¼ 0.80, 0.82, 0.85, 0.87, 0.90).pdf",AgSbTe2-GeTe,(AgSbTe2)0.20(GeTe)0.80,(Ag0.80SbTe1.90)0.20(GeTe)0.80,0,No,,,,,,,80 mV/K,0.561 mO-cm,,325 K
10.1016/j.jssc.2009.05.024,"Transport and mechanical property evaluation of (AgSbTe)1 x(GeTe)x (x ¼ 0.80, 0.82, 0.85, 0.87, 0.90).pdf",AgSbTe2-GeTe,(AgSbTe2)0.20(GeTe)0.80,(Ag0.80SbTe1.90)0.20(GeTe)0.80,0,No,,,,,,,,,1.0 dimensionless,750 K
10.1016/j.jssc.2009.05.024,"Transport and mechanical property evaluation of (AgSbTe)1 x(GeTe)x (x ¼ 0.80, 0.82, 0.85, 0.87, 0.90).pdf",AgSbTe2-GeTe,TAGS-80,(AgSbTe2)0.20(GeTe)0.80,1,No,Ge,0.80,multiple sites,,Ge (0.80) @ multiple sites site,,,,1.36 dimensionless,700 K
10.1016/j.jssc.2009.05.024,"Transport and mechanical property evaluation of (AgSbTe)1 x(GeTe)x (x ¼ 0.80, 0.82, 0.85, 0.87, 0.90).pdf",AgSbTe2-GeTe,TAGS-82,(AgSbTe2)0.17(GeTe)0.83,1,No,Ge,0.83,multiple sites,,Ge (0.83) @ multiple sites site,,,,0.8 dimensionless,750 K
10.1016/j.jssc.2009.05.024,"Transport and mechanical property evaluation of (AgSbTe)1 x(GeTe)x (x ¼ 0.80, 0.82, 0.85, 0.87, 0.90).pdf",AgSbTe2-GeTe,TAGS-85,(AgSbTe2)0.15(GeTe)0.85,1,No,Ge,0.85,multiple sites,,Ge (0.85) @ multiple sites site,,,,1.36 dimensionless,700 K
10.1016/j.jssc.2009.05.024,"Transport and mechanical property evaluation of (AgSbTe)1 x(GeTe)x (x ¼ 0.80, 0.82, 0.85, 0.87, 0.90).pdf",AgSbTe2-GeTe,TAGS-87,(AgSbTe2)0.13(GeTe)0.87,1,No,Ge,0.87,multiple sites,,Ge (0.87) @ multiple sites site,,,,0.8 dimensionless,750 K
10.1016/j.jssc.2009.05.024,"Transport and mechanical property evaluation of (AgSbTe)1 x(GeTe)x (x ¼ 0.80, 0.82, 0.85, 0.87, 0.90).pdf",AgSbTe2-GeTe,TAGS-90,(AgSbTe2)0.10(GeTe)0.90,1,No,Ge,0.90,multiple sites,,Ge (0.90) @ multiple sites site,,,,0.8 dimensionless,750 K
10.1063/10.0014020,Transport properties of (AgSbТe2 )0.7 (PbTe)0.3 thermoelectric compound.pdf,AgSbTe2,(AgSbTe2)0.7(PbTe)0.3,(AgSbTe2)0.7(PbTe)0.3,1,No,Pb,0.3,multiple sites,,Pb (0.3) @ multiple sites site,,200 uV/K,10 Ohm^-1 cm^-1,,100 K
10.1063/10.0014020,Transport properties of (AgSbТe2 )0.7 (PbTe)0.3 thermoelectric compound.pdf,AgSbTe2,(AgSbTe2)0.7(PbTe)0.3,(AgSbTe2)0.7(PbTe)0.3,1,No,Pb,0.3,multiple sites,,Pb (0.3) @ multiple sites site,,250 uV/K,15 Ohm^-1 cm^-1,,200 K
10.1063/10.0014020,Transport properties of (AgSbТe2 )0.7 (PbTe)0.3 thermoelectric compound.pdf,AgSbTe2,(AgSbTe2)0.7(PbTe)0.3,(AgSbTe2)0.7(PbTe)0.3,1,No,Pb,0.3,multiple sites,,Pb (0.3) @ multiple sites site,,300 uV/K,18 Ohm^-1 cm^-1,,300 K
10.1063/10.0014020,Transport properties of (AgSbТe2 )0.7 (PbTe)0.3 thermoelectric compound.pdf,AgSbTe2,(AgSbTe2)0.7(PbTe)0.3,(AgSbTe2)0.7(PbTe)0.3,1,No,Pb,0.3,multiple sites,,Pb (0.3) @ multiple sites site,,400 uV/K,15 Ohm^-1 cm^-1,,400 K
10.1063/10.0014020,Transport properties of (AgSbТe2 )0.7 (PbTe)0.3 thermoelectric compound.pdf,AgSbTe2,(AgSbTe2)0.7(PbTe)0.3,(AgSbTe2)0.7(PbTe)0.3,1,No,Pb,0.3,multiple sites,,Pb (0.3) @ multiple sites site,,300 uV/K,15 Ohm^-1 cm^-1,,500 K
10.1016/j.jallcom.2026.188903,Ultralow lattice thermal conductivity and enhanced thermoelectric performance enabled by CuInSe2 alloying in AgSbTe2.pdf,(AgSbTe2)1-x(CuInSe2)x,x = 0,AgSbTe2,0,No,,,,,,,,134 S cm-1,,300 K
10.1016/j.jallcom.2026.188903,Ultralow lattice thermal conductivity and enhanced thermoelectric performance enabled by CuInSe2 alloying in AgSbTe2.pdf,(AgSbTe2)1-x(CuInSe2)x,x = 0.01,(AgSbTe2)0.99(CuInSe2)0.01,3,Yes,Cu,0.01,Ag,In (0.01) @ Sb; Se (0.02) @ Te,Cu (0.01) @ Ag site; In (0.01) @ Sb site; Se (0.02) @ Te site,,,184 S cm-1 | 222 S cm-1,,300 K
10.1016/j.jallcom.2026.188903,Ultralow lattice thermal conductivity and enhanced thermoelectric performance enabled by CuInSe2 alloying in AgSbTe2.pdf,(AgSbTe2)1-x(CuInSe2)x,x = 0.01,(AgSbTe2)0.99(CuInSe2)0.01,3,Yes,Cu,0.01,Ag,In (0.01) @ Sb; Se (0.02) @ Te,Cu (0.01) @ Ag site; In (0.01) @ Sb site; Se (0.02) @ Te site,,,222 S cm-1,,473 K
10.1016/j.jallcom.2026.188903,Ultralow lattice thermal conductivity and enhanced thermoelectric performance enabled by CuInSe2 alloying in AgSbTe2.pdf,(AgSbTe2)1-x(CuInSe2)x,x = 0.03,Ag0.97Sb0.97Te1.94Cu0.03In0.03Se0.06,3,Yes,Cu,0.03,Ag,In (0.03) @ Sb; Se (0.06) @ Te,Cu (0.03) @ Ag site; In (0.03) @ Sb site; Se (0.06) @ Te site,,,161 S cm-1,,300 K
10.1016/j.jallcom.2026.188903,Ultralow lattice thermal conductivity and enhanced thermoelectric performance enabled by CuInSe2 alloying in AgSbTe2.pdf,(AgSbTe2)1-x(CuInSe2)x,x = 0.03,Ag0.97Sb0.97Te1.94Cu0.03In0.03Se0.06,3,Yes,Cu,0.03,Ag,In (0.03) @ Sb; Se (0.06) @ Te,Cu (0.03) @ Ag site; In (0.03) @ Sb site; Se (0.06) @ Te site,,,,1.54 dimensionless,623 K
10.1016/j.jallcom.2026.188903,Ultralow lattice thermal conductivity and enhanced thermoelectric performance enabled by CuInSe2 alloying in AgSbTe2.pdf,(AgSbTe2)1-x(CuInSe2)x,x = 0.03,Ag0.97Sb0.97Te1.94Cu0.03In0.03Se0.06,3,Yes,Cu,0.03,Ag,In (0.03) @ Sb; Se (0.06) @ Te,Cu (0.03) @ Ag site; In (0.03) @ Sb site; Se (0.06) @ Te site,14.1 10^-4 W m^-1 K^-2,,,,573-623 K
10.1016/j.jallcom.2026.188903,Ultralow lattice thermal conductivity and enhanced thermoelectric performance enabled by CuInSe2 alloying in AgSbTe2.pdf,(AgSbTe2)1-x(CuInSe2)x,x = 0.05,(AgSbTe2)0.95(CuInSe2)0.05,3,Yes,Cu,0.05,Ag,In (0.05) @ Sb; Se (0.10) @ Te,Cu (0.05) @ Ag site; In (0.05) @ Sb site; Se (0.10) @ Te site,,,113 S cm-1,,300 K
10.1016/j.jallcom.2026.188903,Ultralow lattice thermal conductivity and enhanced thermoelectric performance enabled by CuInSe2 alloying in AgSbTe2.pdf,(AgSbTe2)1-x(CuInSe2)x,x=0,AgSbTe2,0,No,,,,,,8 10^-4 W/mK^2,240 µV/K,100 S/cm,0.3 dimensionless,300 K
10.1016/j.jallcom.2026.188903,Ultralow lattice thermal conductivity and enhanced thermoelectric performance enabled by CuInSe2 alloying in AgSbTe2.pdf,(AgSbTe2)1-x(CuInSe2)x,x=0,AgSbTe2,0,No,,,,,,,,180 S/cm,,450 K
10.1016/j.jallcom.2026.188903,Ultralow lattice thermal conductivity and enhanced thermoelectric performance enabled by CuInSe2 alloying in AgSbTe2.pdf,(AgSbTe2)1-x(CuInSe2)x,x=0,AgSbTe2,0,No,,,,,,10 10^-4 W/mK^2,320 µV/K,,0.9 dimensionless,500 K
10.1016/j.jallcom.2026.188903,Ultralow lattice thermal conductivity and enhanced thermoelectric performance enabled by CuInSe2 alloying in AgSbTe2.pdf,(AgSbTe2)1-x(CuInSe2)x,x=0,AgSbTe2,0,No,,,,,,9 10^-4 W/mK^2,260 µV/K,120 S/cm,,600 K
10.1016/j.jallcom.2026.188903,Ultralow lattice thermal conductivity and enhanced thermoelectric performance enabled by CuInSe2 alloying in AgSbTe2.pdf,(AgSbTe2)1-x(CuInSe2)x,x=0,AgSbTe2,0,No,,,,,,,,,1.1 dimensionless,623 K
10.1016/j.jallcom.2026.188903,Ultralow lattice thermal conductivity and enhanced thermoelectric performance enabled by CuInSe2 alloying in AgSbTe2.pdf,(AgSbTe2)1-x(CuInSe2)x,x=0.01,(AgSbTe2)0.99(CuInSe2)0.01,3,Yes,Cu,0.01,unclear,In (0.01) @ unclear; Se (0.01) @ Te,Cu (0.01) @ unclear site; In (0.01) @ unclear site; Se (0.01) @ Te site,10 10^-4 W/mK^2,230 µV/K,140 S/cm,,300 K
10.1016/j.jallcom.2026.188903,Ultralow lattice thermal conductivity and enhanced thermoelectric performance enabled by CuInSe2 alloying in AgSbTe2.pdf,(AgSbTe2)1-x(CuInSe2)x,x=0.01,(AgSbTe2)0.99(CuInSe2)0.01,3,Yes,Cu,x=0.01,Ag,In (x=0.01) @ Sb; Se (x=0.01) @ Te,Cu (x=0.01) @ Ag site; In (x=0.01) @ Sb site; Se (x=0.01) @ Te site,,,,0.4 dimensionless,300 K
10.1016/j.jallcom.2026.188903,Ultralow lattice thermal conductivity and enhanced thermoelectric performance enabled by CuInSe2 alloying in AgSbTe2.pdf,(AgSbTe2)1-x(CuInSe2)x,x=0.01,(AgSbTe2)0.99(CuInSe2)0.01,3,Yes,Cu,0.01,unclear,In (0.01) @ unclear; Se (0.01) @ Te,Cu (0.01) @ unclear site; In (0.01) @ unclear site; Se (0.01) @ Te site,,,180 S/cm,,450 K
10.1016/j.jallcom.2026.188903,Ultralow lattice thermal conductivity and enhanced thermoelectric performance enabled by CuInSe2 alloying in AgSbTe2.pdf,(AgSbTe2)1-x(CuInSe2)x,x=0.01,(AgSbTe2)0.99(CuInSe2)0.01,3,Yes,Cu,0.01,unclear,In (0.01) @ unclear; Se (0.01) @ Te,Cu (0.01) @ unclear site; In (0.01) @ unclear site; Se (0.01) @ Te site,13 10^-4 W/mK^2,260 µV/K,,,500 K
10.1016/j.jallcom.2026.188903,Ultralow lattice thermal conductivity and enhanced thermoelectric performance enabled by CuInSe2 alloying in AgSbTe2.pdf,(AgSbTe2)1-x(CuInSe2)x,x=0.01,(AgSbTe2)0.99(CuInSe2)0.01,3,Yes,Cu,x=0.01,Ag,In (x=0.01) @ Sb; Se (x=0.01) @ Te,Cu (x=0.01) @ Ag site; In (x=0.01) @ Sb site; Se (x=0.01) @ Te site,,,,1.1 dimensionless,500 K
10.1016/j.jallcom.2026.188903,Ultralow lattice thermal conductivity and enhanced thermoelectric performance enabled by CuInSe2 alloying in AgSbTe2.pdf,(AgSbTe2)1-x(CuInSe2)x,x=0.01,(AgSbTe2)0.99(CuInSe2)0.01,3,Yes,Cu,0.01,unclear,In (0.01) @ unclear; Se (0.01) @ Te,Cu (0.01) @ unclear site; In (0.01) @ unclear site; Se (0.01) @ Te site,12 10^-4 W/mK^2,270 µV/K,150 S/cm,,600 K
10.1016/j.jallcom.2026.188903,Ultralow lattice thermal conductivity and enhanced thermoelectric performance enabled by CuInSe2 alloying in AgSbTe2.pdf,(AgSbTe2)1-x(CuInSe2)x,x=0.01,(AgSbTe2)0.99(CuInSe2)0.01,3,Yes,Cu,x=0.01,Ag,In (x=0.01) @ Sb; Se (x=0.01) @ Te,Cu (x=0.01) @ Ag site; In (x=0.01) @ Sb site; Se (x=0.01) @ Te site,,,,1.3 dimensionless,623 K
10.1016/j.jallcom.2026.188903,Ultralow lattice thermal conductivity and enhanced thermoelectric performance enabled by CuInSe2 alloying in AgSbTe2.pdf,(AgSbTe2)1-x(CuInSe2)x,x=0.03,(AgSbTe2)0.97(CuInSe2)0.03,3,Yes,Cu,0.03,unclear,In (0.03) @ unclear; Se (0.03) @ Te,Cu (0.03) @ unclear site; In (0.03) @ unclear site; Se (0.03) @ Te site,11 10^-4 W/mK^2,230 µV/K,160 S/cm,,300 K
10.1016/j.jallcom.2026.188903,Ultralow lattice thermal conductivity and enhanced thermoelectric performance enabled by CuInSe2 alloying in AgSbTe2.pdf,(AgSbTe2)1-x(CuInSe2)x,x=0.03,(AgSbTe2)0.97(CuInSe2)0.03,3,Yes,Cu,x=0.03,Ag,In (x=0.03) @ Sb; Se (x=0.03) @ Te,Cu (x=0.03) @ Ag site; In (x=0.03) @ Sb site; Se (x=0.03) @ Te site,,,,0.5 dimensionless,300 K
10.1016/j.jallcom.2026.188903,Ultralow lattice thermal conductivity and enhanced thermoelectric performance enabled by CuInSe2 alloying in AgSbTe2.pdf,(AgSbTe2)1-x(CuInSe2)x,x=0.03,(AgSbTe2)0.97(CuInSe2)0.03,3,Yes,Cu,0.03,unclear,In (0.03) @ unclear; Se (0.03) @ Te,Cu (0.03) @ unclear site; In (0.03) @ unclear site; Se (0.03) @ Te site,,,190 S/cm,,450 K
10.1016/j.jallcom.2026.188903,Ultralow lattice thermal conductivity and enhanced thermoelectric performance enabled by CuInSe2 alloying in AgSbTe2.pdf,(AgSbTe2)1-x(CuInSe2)x,x=0.03,(AgSbTe2)0.97(CuInSe2)0.03,3,Yes,Cu,0.03,unclear,In (0.03) @ unclear; Se (0.03) @ Te,Cu (0.03) @ unclear site; In (0.03) @ unclear site; Se (0.03) @ Te site,14 10^-4 W/mK^2,250 µV/K,,,500 K
10.1016/j.jallcom.2026.188903,Ultralow lattice thermal conductivity and enhanced thermoelectric performance enabled by CuInSe2 alloying in AgSbTe2.pdf,(AgSbTe2)1-x(CuInSe2)x,x=0.03,(AgSbTe2)0.97(CuInSe2)0.03,3,Yes,Cu,x=0.03,Ag,In (x=0.03) @ Sb; Se (x=0.03) @ Te,Cu (x=0.03) @ Ag site; In (x=0.03) @ Sb site; Se (x=0.03) @ Te site,,,,1.2 dimensionless,500 K
10.1016/j.jallcom.2026.188903,Ultralow lattice thermal conductivity and enhanced thermoelectric performance enabled by CuInSe2 alloying in AgSbTe2.pdf,(AgSbTe2)1-x(CuInSe2)x,x=0.03,(AgSbTe2)0.97(CuInSe2)0.03,3,Yes,Cu,0.03,unclear,In (0.03) @ unclear; Se (0.03) @ Te,Cu (0.03) @ unclear site; In (0.03) @ unclear site; Se (0.03) @ Te site,13 10^-4 W/mK^2,260 µV/K,160 S/cm,,600 K
10.1016/j.jallcom.2026.188903,Ultralow lattice thermal conductivity and enhanced thermoelectric performance enabled by CuInSe2 alloying in AgSbTe2.pdf,(AgSbTe2)1-x(CuInSe2)x,x=0.03,(AgSbTe2)0.97(CuInSe2)0.03,3,Yes,Cu,x=0.03,Ag,In (x=0.03) @ Sb; Se (x=0.03) @ Te,Cu (x=0.03) @ Ag site; In (x=0.03) @ Sb site; Se (x=0.03) @ Te site,,,,1.54 dimensionless,623 K
10.1016/j.jallcom.2026.188903,Ultralow lattice thermal conductivity and enhanced thermoelectric performance enabled by CuInSe2 alloying in AgSbTe2.pdf,(AgSbTe2)1-x(CuInSe2)x,x=0.05,(AgSbTe2)0.95(CuInSe2)0.05,3,Yes,Cu,0.05,unclear,In (0.05) @ unclear; Se (0.05) @ Te,Cu (0.05) @ unclear site; In (0.05) @ unclear site; Se (0.05) @ Te site,9 10^-4 W/mK^2,220 µV/K,120 S/cm,,300 K
10.1016/j.jallcom.2026.188903,Ultralow lattice thermal conductivity and enhanced thermoelectric performance enabled by CuInSe2 alloying in AgSbTe2.pdf,(AgSbTe2)1-x(CuInSe2)x,x=0.05,(AgSbTe2)0.95(CuInSe2)0.05,3,Yes,Cu,x=0.05,Ag,In (x=0.05) @ Sb; Se (x=0.05) @ Te,Cu (x=0.05) @ Ag site; In (x=0.05) @ Sb site; Se (x=0.05) @ Te site,,,,0.45 dimensionless,300 K
10.1016/j.jallcom.2026.188903,Ultralow lattice thermal conductivity and enhanced thermoelectric performance enabled by CuInSe2 alloying in AgSbTe2.pdf,(AgSbTe2)1-x(CuInSe2)x,x=0.05,(AgSbTe2)0.95(CuInSe2)0.05,3,Yes,Cu,0.05,unclear,In (0.05) @ unclear; Se (0.05) @ Te,Cu (0.05) @ unclear site; In (0.05) @ unclear site; Se (0.05) @ Te site,,,170 S/cm,,450 K
10.1016/j.jallcom.2026.188903,Ultralow lattice thermal conductivity and enhanced thermoelectric performance enabled by CuInSe2 alloying in AgSbTe2.pdf,(AgSbTe2)1-x(CuInSe2)x,x=0.05,(AgSbTe2)0.95(CuInSe2)0.05,3,Yes,Cu,0.05,unclear,In (0.05) @ unclear; Se (0.05) @ Te,Cu (0.05) @ unclear site; In (0.05) @ unclear site; Se (0.05) @ Te site,12 10^-4 W/mK^2,240 µV/K,,,500 K
10.1016/j.jallcom.2026.188903,Ultralow lattice thermal conductivity and enhanced thermoelectric performance enabled by CuInSe2 alloying in AgSbTe2.pdf,(AgSbTe2)1-x(CuInSe2)x,x=0.05,(AgSbTe2)0.95(CuInSe2)0.05,3,Yes,Cu,x=0.05,Ag,In (x=0.05) @ Sb; Se (x=0.05) @ Te,Cu (x=0.05) @ Ag site; In (x=0.05) @ Sb site; Se (x=0.05) @ Te site,,,,1.0 dimensionless,500 K
10.1016/j.jallcom.2026.188903,Ultralow lattice thermal conductivity and enhanced thermoelectric performance enabled by CuInSe2 alloying in AgSbTe2.pdf,(AgSbTe2)1-x(CuInSe2)x,x=0.05,(AgSbTe2)0.95(CuInSe2)0.05,3,Yes,Cu,0.05,unclear,In (0.05) @ unclear; Se (0.05) @ Te,Cu (0.05) @ unclear site; In (0.05) @ unclear site; Se (0.05) @ Te site,11 10^-4 W/mK^2,250 µV/K,150 S/cm,,600 K
10.1016/j.jallcom.2026.188903,Ultralow lattice thermal conductivity and enhanced thermoelectric performance enabled by CuInSe2 alloying in AgSbTe2.pdf,(AgSbTe2)1-x(CuInSe2)x,x=0.05,(AgSbTe2)0.95(CuInSe2)0.05,3,Yes,Cu,x=0.05,Ag,In (x=0.05) @ Sb; Se (x=0.05) @ Te,Cu (x=0.05) @ Ag site; In (x=0.05) @ Sb site; Se (x=0.05) @ Te site,,,,1.2 dimensionless,623 K
10.1088/1402-4896/ae26ec,Wang_2025_Phys._Scr._100_125919.pdf,AgSbTe2,Ag16Sb14V1Cr1Te32,Ag16Sb14V1Cr1Te32,2,Yes,V,1,Sb,Cr (1) @ Sb,V (1) @ Sb site; Cr (1) @ Sb site,,615 μV K-1,,0.1 dimensionless,300 K
10.1088/1402-4896/ae26ec,Wang_2025_Phys._Scr._100_125919.pdf,AgSbTe2,Ag16Sb14V1Cr1Te32,Ag16Sb14V1Cr1Te32,2,Yes,V,1,Sb,Cr (1) @ Sb,V (1) @ Sb site; Cr (1) @ Sb site,10.33 μW cm-1 K-2,,,2.09 dimensionless,600 K
10.1088/1402-4896/ae26ec,Wang_2025_Phys._Scr._100_125919.pdf,AgSbTe2,Ag16Sb15Cr1Te32,Ag16Sb15Cr1Te32,1,No,Cr,1,Sb,,Cr (1) @ Sb site,,,,0.1 dimensionless,300 K
10.1088/1402-4896/ae26ec,Wang_2025_Phys._Scr._100_125919.pdf,AgSbTe2,Ag16Sb15Cr1Te32,Ag16Sb15Cr1Te32,1,No,Cr,1,Sb,,Cr (1) @ Sb site,,637 μV K-1,,,400 K
10.1088/1402-4896/ae26ec,Wang_2025_Phys._Scr._100_125919.pdf,AgSbTe2,Ag16Sb15Cr1Te32,Ag16Sb15Cr1Te32,1,No,Cr,1,Sb,,Cr (1) @ Sb site,19.08 μW cm-1 K-2,,,,450 K
10.1088/1402-4896/ae26ec,Wang_2025_Phys._Scr._100_125919.pdf,AgSbTe2,Ag16Sb15Cr1Te32,Ag16Sb15Cr1Te32,1,No,Cr,1,Sb,,Cr (1) @ Sb site,,,,1.78 dimensionless,500 K
10.1088/1402-4896/ae26ec,Wang_2025_Phys._Scr._100_125919.pdf,AgSbTe2,Ag16Sb15Cr1Te32,Ag16Sb15Cr1Te32,1,No,Cr,1,Sb,,Cr (1) @ Sb site,,,,1.5 dimensionless,600 K
10.1088/1402-4896/ae26ec,Wang_2025_Phys._Scr._100_125919.pdf,AgSbTe2,Ag16Sb15V1Te32,Ag16Sb15V1Te32,1,No,V,1,Sb,,V (1) @ Sb site,,,,0.1 dimensionless,300 K
10.1088/1402-4896/ae26ec,Wang_2025_Phys._Scr._100_125919.pdf,AgSbTe2,Ag16Sb15V1Te32,Ag16Sb15V1Te32,1,No,V,1,Sb,,V (1) @ Sb site,10.33 uW cm^-1 K^-2,,,1.49 dimensionless,600 K
10.1088/1402-4896/ae26ec,Wang_2025_Phys._Scr._100_125919.pdf,AgSbTe2,Ag16Sb15V1Te32,Ag16Sb15V1Te32,1,No,V,1,Sb,,V (1) @ Sb site,,425 μV K-1,,,700 K
10.1088/1402-4896/ae26ec,Wang_2025_Phys._Scr._100_125919.pdf,AgSbTe2,Ag16Sb16Te32,Ag16Sb16Te32,0,No,,,,,,,,83.7 S cm-1,0.4 dimensionless,300 K
10.1088/1402-4896/ae26ec,Wang_2025_Phys._Scr._100_125919.pdf,AgSbTe2,Ag16Sb16Te32,Ag16Sb16Te32,0,No,,,,,,12.21 μW cm-1 K-2,444 μV K-1,,,450 K
10.1088/1402-4896/ae26ec,Wang_2025_Phys._Scr._100_125919.pdf,AgSbTe2,Ag16Sb16Te32,Ag16Sb16Te32,0,No,,,,,,,,,1.2 dimensionless,530 K
10.1088/1402-4896/ae26ec,Wang_2025_Phys._Scr._100_125919.pdf,AgSbTe2,Ag16Sb16Te32,Ag16Sb16Te32,0,No,,,,,,,,,1.2 dimensionless,600 K
10.1021/acsaem.2c03557,ae2c03557.pdf,AgSbSe2,AgSb0.935Pb0.06Se2,AgSb0.935Pb0.06Se2,2,Yes,Pb,0.06,Sb,Sb vacancy (0.005) @ Sb,Pb (0.06) @ Sb site; Sb vacancy (0.005) @ Sb site,7.5 μW cm−1 K−2,,,,523 K
10.1021/acsaem.2c03557,ae2c03557.pdf,AgSbSe2,AgSb0.935Pb0.06Se2,AgSb0.935Pb0.06Se2,2,Yes,Pb,0.06,Sb,Sb vacancy (0.005) @ Sb,Pb (0.06) @ Sb site; Sb vacancy (0.005) @ Sb site,,,,1.02 dimensionless,723 K
10.1021/acsaem.2c03557,ae2c03557.pdf,AgSbSe2,AgSb0.94Pb0.06Se2,AgSb0.94Pb0.06Se2,1,No,Pb,0.06,Sb,,Pb (0.06) @ Sb site,,,,0.91 dimensionless,673 K
10.1021/acsaem.2c03557,ae2c03557.pdf,AgSbSe2,AgSb0.94Pb0.06Se2,AgSb0.94Pb0.06Se2,1,No,Pb,0.06,Sb,,Pb (0.06) @ Sb site,,,,1.02 dimensionless,723 K
10.1021/acsaem.2c03557,ae2c03557.pdf,AgSbSe2,AgSbSe2 (pristine),AgSbSe2,0,No,,,,,,,,,0.74 dimensionless,723 K
10.1021/acsaem.5c01632,ae5c01632.pdf,AgSbTe2,AgSbTe1.95Se0.05,AgSbTe1.95Se0.05,1,No,Se,x=0.05,Te,,Se (x=0.05) @ Te site,9 uWcm^-1 K^-2,230 uV/K,1.3 10^4 S/m,,300 K
10.1021/acsaem.5c01632,ae5c01632.pdf,AgSbTe2,AgSbTe1.95Se0.05,AgSbTe1.95Se0.05,1,No,Se,0.05,Te,,Se (0.05) @ Te site,15.6 μWcm-1 K-2,,,,470 K
10.1021/acsaem.5c01632,ae5c01632.pdf,AgSbTe2,AgSbTe1.9Se0.1,AgSbTe1.9Se0.1,1,No,Se,x=0.1,Te,,Se (x=0.1) @ Te site,9.5 uWcm^-1 K^-2,240 uV/K,1.2 10^4 S/m,,300 K
10.1021/acsaem.5c01632,ae5c01632.pdf,AgSbTe2,AgSbTe1.9Se0.1,AgSbTe1.9Se0.1,1,No,Se,0.1,Te,,Se (0.1) @ Te site,,,,1.60 dimensionless,530 K
10.1021/acsaem.5c01632,ae5c01632.pdf,AgSbTe2,AgSbTe1.9Se0.1,AgSbTe1.9Se0.1,1,No,Se,x=0.1,Te,,Se (x=0.1) @ Te site,,,,1.60 dimensionless,530 K
10.1021/acsaem.5c01632,ae5c01632.pdf,AgSbTe2,AgSbTe2,AgSbTe2,0,No,,,,,,8 uWcm^-1 K^-2,200 μV/K,1.5 10^4 S/m,,300 K
10.1021/acsaem.5c01632,ae5c01632.pdf,AgSbTe2,AgSbTe2,AgSbTe2,0,No,,,,,,,230 μV/K,,0.8 dimensionless,530 K
10.1021/acsaem.5c01674,ae5c01674.pdf,AgSbTe2,AgSbTe2/20 wt % HNO3-treated PEDOT:PSS,AgSbTe2/20 wt % HNO3-treated PEDOT:PSS,1,No,PEDOT:PSS,20 wt %,unclear,,PEDOT:PSS (20 wt %) @ unclear site,,,153.8 S/cm,,300 K
10.1021/acsaem.5c01674,ae5c01674.pdf,AgSbTe2,AgSbTe2/20 wt % HNO3-treated PEDOT:PSS,AgSbTe2/20 wt % PEDOT:PSS,0,No,,,,,,,241.18 μV/K,,0.43 dimensionless,325 K
10.1021/acsaem.5c01674,ae5c01674.pdf,AgSbTe2,AgSbTe2/20 wt % HNO3-treated PEDOT:PSS,AgSbTe2/20 wt % HNO3-treated PEDOT:PSS,1,No,PEDOT:PSS,20 wt %,unclear,,PEDOT:PSS (20 wt %) @ unclear site,654.5 μW/m·K^2,241.2 μV/K,,0.35 dimensionless,325 K
10.1021/acsaem.5c01674,ae5c01674.pdf,AgSbTe2,AgSbTe2/20 wt % HNO3-treated PEDOT:PSS,AgSbTe2/20 wt % PEDOT:PSS,0,No,,,,,,,238 μV/K,,0.88 dimensionless,525 K
10.1021/acsaem.5c01674,ae5c01674.pdf,AgSbTe2,AgSbTe2/20 wt % HNO3-treated PEDOT:PSS,AgSbTe2/20 wt % HNO3-treated PEDOT:PSS,1,No,PEDOT:PSS,20 wt %,unclear,,PEDOT:PSS (20 wt %) @ unclear site,872.8 μW/m·K^2,238.9 uV/K,,0.88 dimensionless,525 K
10.1021/acsaem.5c01674,ae5c01674.pdf,AgSbTe2,AgSbTe2/20 wt % HNO3-treated PEDOT:PSS,AgSbTe2/20 wt % HNO3-treated PEDOT:PSS,1,No,PEDOT:PSS,20 wt %,interstitial,,PEDOT:PSS (20 wt %) @ interstitial site,,,,0.99 dimensionless,325-525 K
10.1021/acsaem.5c01674,ae5c01674.pdf,AgSbTe2,AgSbTe2/40 wt % HNO3-treated PEDOT:PSS,AgSbTe2/40 wt % PEDOT:PSS,0,No,,,,,,,252.06 μV/K,,0.34 dimensionless,325 K
10.1021/acsaem.5c01674,ae5c01674.pdf,AgSbTe2,AgSbTe2/40 wt % HNO3-treated PEDOT:PSS,AgSbTe2/40 wt % HNO3-treated PEDOT:PSS,1,No,PEDOT:PSS,40 wt %,unclear,,PEDOT:PSS (40 wt %) @ unclear site,480.3 μW/m·K^2,252.1 μV/K,,0.32 dimensionless,325 K
10.1021/acsaem.5c01674,ae5c01674.pdf,AgSbTe2,AgSbTe2/40 wt % HNO3-treated PEDOT:PSS,AgSbTe2/40 wt % PEDOT:PSS,0,No,,,,,,,224.25 μV/K,,0.78 dimensionless,525 K
10.1021/acsaem.5c01674,ae5c01674.pdf,AgSbTe2,AgSbTe2/40 wt % HNO3-treated PEDOT:PSS,AgSbTe2/40 wt % HNO3-treated PEDOT:PSS,1,No,PEDOT:PSS,40 wt %,unclear,,PEDOT:PSS (40 wt %) @ unclear site,720.6 μW/m·K^2,,,0.8 dimensionless,525 K
10.1021/acsaem.5c01674,ae5c01674.pdf,AgSbTe2,AgSbTe2/40 wt % HNO3-treated PEDOT:PSS,AgSbTe2/40 wt % HNO3-treated PEDOT:PSS,1,No,PEDOT:PSS,40 wt %,interstitial,,PEDOT:PSS (40 wt %) @ interstitial site,,,,0.85 dimensionless,325-525 K
10.1021/acsaem.5c01674,ae5c01674.pdf,AgSbTe2,AgSbTe2/60 wt % HNO3-treated PEDOT:PSS,AgSbTe2/60 wt % PEDOT:PSS,0,No,,,,,,,238.56 μV/K,,0.23 dimensionless,325 K
10.1021/acsaem.5c01674,ae5c01674.pdf,AgSbTe2,AgSbTe2/60 wt % HNO3-treated PEDOT:PSS,AgSbTe2/60 wt % HNO3-treated PEDOT:PSS,1,No,PEDOT:PSS,60 wt %,unclear,,PEDOT:PSS (60 wt %) @ unclear site,360.3 μW/m·K^2,235.6 μV/K,,0.28 dimensionless,325 K
10.1021/acsaem.5c01674,ae5c01674.pdf,AgSbTe2,AgSbTe2/60 wt % HNO3-treated PEDOT:PSS,AgSbTe2/60 wt % PEDOT:PSS,0,No,,,,,,,224 μV/K,,0.71 dimensionless,525 K
10.1021/acsaem.5c01674,ae5c01674.pdf,AgSbTe2,AgSbTe2/60 wt % HNO3-treated PEDOT:PSS,AgSbTe2/60 wt % HNO3-treated PEDOT:PSS,1,No,PEDOT:PSS,60 wt %,unclear,,PEDOT:PSS (60 wt %) @ unclear site,591.0 μW/m·K^2,,,0.7 dimensionless,525 K
10.1021/acsaem.5c01674,ae5c01674.pdf,AgSbTe2,AgSbTe2/60 wt % HNO3-treated PEDOT:PSS,AgSbTe2/60 wt % HNO3-treated PEDOT:PSS,1,No,PEDOT:PSS,60 wt %,interstitial,,PEDOT:PSS (60 wt %) @ interstitial site,,,,0.75 dimensionless,325-525 K
10.1021/acsaem.5c01674,ae5c01674.pdf,AgSbTe2,Pristine AgSbTe2,AgSbTe2,0,No,,,,,,,,,0.84 dimensionless,325-525 K
10.1021/acsaem.5c01674,ae5c01674.pdf,AgSbTe2,pristine AgSbTe2,AgSbTe2,0,No,,,,,,565.5 μW/m·K^2,224.4 μV/K | 224.42 μV/K,,0.37 dimensionless,325 K
10.1021/acsaem.5c01674,ae5c01674.pdf,AgSbTe2,pristine AgSbTe2,AgSbTe2,0,No,,,,,,724.2 μW/m·K^2,229.18 μV/K,,0.70 dimensionless,525 K
10.1021/acsami.1c21252,am1c21252.pdf,AgSbTe2,Q-SPS41,(Ag2Te)0.41(Sb2Te3)0.59,1,No,cation vacancy,nonstoichiometric,Ag,,cation vacancy (nonstoichiometric) @ Ag site,,299.1 μV K-1,78.5 S cm-1,,room temperature
10.1021/acsami.1c21252,am1c21252.pdf,AgSbTe2,Q-SPS41,(Ag2Te)0.41(Sb2Te3)0.59,1,No,V_cation,nonstoichiometric,multiple sites,,V_cation (nonstoichiometric) @ multiple sites site,,299.1 uV K-1,78.5 S cm-1,,not reported
10.1021/acsami.1c21252,am1c21252.pdf,AgSbTe2,Q-SPS42,(Ag2Te)0.42(Sb2Te3)0.58,1,No,cation vacancy,nonstoichiometric,Ag,,cation vacancy (nonstoichiometric) @ Ag site,,,,0.64 dimensionless,500 K
10.1021/acsami.1c21252,am1c21252.pdf,AgSbTe2,Q-SPS42,(Ag2Te)0.42(Sb2Te3)0.58,1,No,cation vacancy,nonstoichiometric,Ag,,cation vacancy (nonstoichiometric) @ Ag site,,315.9 μV K-1,68.0 S cm-1,,room temperature
10.1021/acsami.1c21252,am1c21252.pdf,AgSbTe2,Q-SPS42,(Ag2Te)0.42(Sb2Te3)0.58,1,No,V_cation,nonstoichiometric,multiple sites,,V_cation (nonstoichiometric) @ multiple sites site,,315.9 uV K-1,68.0 S cm-1,,not reported
10.1021/acsami.1c21252,am1c21252.pdf,AgSbTe2,Q-SPS43,(Ag2Te)0.43(Sb2Te3)0.57,1,No,cation vacancy,nonstoichiometric,Ag,,cation vacancy (nonstoichiometric) @ Ag site,,313.8 μV K-1,75.1 S cm-1,,room temperature
10.1021/acsami.1c21252,am1c21252.pdf,AgSbTe2,Q-SPS43,(Ag2Te)0.43(Sb2Te3)0.57,1,No,V_cation,nonstoichiometric,multiple sites,,V_cation (nonstoichiometric) @ multiple sites site,,313.8 uV K-1,75.1 S cm-1,,not reported
10.1021/acsami.1c21252,am1c21252.pdf,AgSbTe2,SC41,(Ag2Te)x(Sb2Te3)1-x,0,No,,,,,,,,,0.5 dimensionless,300 K
10.1021/acsami.1c21252,am1c21252.pdf,AgSbTe2,SC41,(Ag2Te)x(Sb2Te3)1-x,0,No,,,,,,,,,0.7 dimensionless,600 K
10.1021/acsami.1c21252,am1c21252.pdf,AgSbTe2,SC41,(Ag2Te)0.41(Sb2Te3)0.59,1,No,cation vacancy,nonstoichiometric,Ag,,cation vacancy (nonstoichiometric) @ Ag site,,243.1 μV K-1,122.4 S cm-1,,room temperature
10.1021/acsami.1c21252,am1c21252.pdf,AgSbTe2,SC41,(Ag2Te)0.41(Sb2Te3)0.59,1,No,V_cation,nonstoichiometric,multiple sites,,V_cation (nonstoichiometric) @ multiple sites site,,243.1 uV K-1,122.4 S cm-1,,not reported
10.1021/acsami.1c21252,am1c21252.pdf,AgSbTe2,SC42,(Ag2Te)x(Sb2Te3)1-x,0,No,,,,,,,,,0.52 dimensionless,300 K
10.1021/acsami.1c21252,am1c21252.pdf,AgSbTe2,SC42,(Ag2Te)0.42(Sb2Te3)0.58,1,No,cation vacancy,nonstoichiometric,Ag,,cation vacancy (nonstoichiometric) @ Ag site,,,,1.04 dimensionless,500 K
10.1021/acsami.1c21252,am1c21252.pdf,AgSbTe2,SC42,(Ag2Te)x(Sb2Te3)1-x,0,No,,,,,,,,,1.04 dimensionless,500 K
10.1021/acsami.1c21252,am1c21252.pdf,AgSbTe2,SC42,(Ag2Te)0.42(Sb2Te3)0.58,1,No,cation vacancy,nonstoichiometric,Ag,,cation vacancy (nonstoichiometric) @ Ag site,,260.5 μV K-1,145.7 S cm-1,0.52 dimensionless,room temperature
10.1021/acsami.1c21252,am1c21252.pdf,AgSbTe2,SC42,(Ag2Te)0.42(Sb2Te3)0.58,1,No,V_cation,nonstoichiometric,multiple sites,,V_cation (nonstoichiometric) @ multiple sites site,,260.5 uV K-1,145.7 S cm-1,,not reported
10.1021/acsami.1c21252,am1c21252.pdf,AgSbTe2,SC43,(Ag2Te)x(Sb2Te3)1-x,0,No,,,,,,,,,0.55 dimensionless,300 K
10.1021/acsami.1c21252,am1c21252.pdf,AgSbTe2,SC43,(Ag2Te)x(Sb2Te3)1-x,0,No,,,,,,,,,0.95 dimensionless,500 K
10.1021/acsami.1c21252,am1c21252.pdf,AgSbTe2,SC43,(Ag2Te)0.43(Sb2Te3)0.57,1,No,cation vacancy,nonstoichiometric,Ag,,cation vacancy (nonstoichiometric) @ Ag site,,263.8 μV K-1,149.1 S cm-1,,room temperature
10.1021/acsami.1c21252,am1c21252.pdf,AgSbTe2,SC43,(Ag2Te)0.43(Sb2Te3)0.57,1,No,V_cation,nonstoichiometric,multiple sites,,V_cation (nonstoichiometric) @ multiple sites site,,263.8 uV K-1,149.1 S cm-1,,not reported
10.1021/acsami.2c22930,am2c22930.pdf,AgSbTe2,Ag0.96SbTe2,Ag0.96SbTe2,1,No,Mg,x=0.04,Ag,,Mg (x=0.04) @ Ag site,,,,0.75 dimensionless,not reported
10.1021/acsami.2c22930,am2c22930.pdf,AgSbTe2,Ag0.97SbTe2,Ag0.97SbTe2,1,No,Mg,x=0.03,Ag,,Mg (x=0.03) @ Ag site,,,,0.95 dimensionless,not reported
10.1021/acsami.2c22930,am2c22930.pdf,AgSbTe2,Ag0.98SbTe2,Ag0.98SbTe2,1,No,Mg,x=0.02,Ag,,Mg (x=0.02) @ Ag site,,,,1.31 dimensionless,not reported
10.1021/acsami.2c22930,am2c22930.pdf,AgSbTe2,Ag0.99SbTe2,Ag0.99SbTe2,1,No,Mg,x=0.01,Ag,,Mg (x=0.01) @ Ag site,,,,0.85 dimensionless,not reported
10.1021/acsami.2c22930,am2c22930.pdf,AgSbTe2,AgSb0.97Mg0.03Te2,AgSb0.97Mg0.03Te2,1,No,Mg,0.03,Sb,,Mg (0.03) @ Sb site,,,33000 S/m,,300 K
10.1021/acsami.2c22930,am2c22930.pdf,AgSbTe2,AgSb0.97Mg0.03Te2,AgSb0.97Mg0.03Te2,1,No,Mg,0.03,Sb,,Mg (0.03) @ Sb site,,,35000 S/m,,573 K
10.1021/acsami.2c22930,am2c22930.pdf,AgSbTe2,AgSb0.97Mg0.03Te2,AgSb0.97Mg0.03Te2,1,No,Mg,0.03,Sb,,Mg (0.03) @ Sb site,,,33000 S/m,,room temperature
10.1021/acsami.2c22930,am2c22930.pdf,AgSbTe2,AgSb0.98Mg0.02Te2,AgSb0.98Mg0.02Te2,1,No,Mg,0.02,Sb,,Mg (0.02) @ Sb site,,260 μV/K,,,300 K
10.1021/acsami.2c22930,am2c22930.pdf,AgSbTe2,AgSb0.98Mg0.02Te2,AgSb0.98Mg0.02Te2,1,No,Mg,0.02,Sb,,Mg (0.02) @ Sb site,14 μW/cm K2,,,1.31 dimensionless,523 K
10.1021/acsami.2c22930,am2c22930.pdf,AgSbTe2,AgSb0.98Mg0.02Te2,AgSb0.98Mg0.02Te2,1,No,Mg,0.02,Sb,,Mg (0.02) @ Sb site,,186 μV/K,,,573 K
10.1021/acsami.2c22930,am2c22930.pdf,AgSbTe2,AgSb0.98Mg0.02Te2,AgSb0.98Mg0.02Te2,1,No,Mg,0.02,Sb,,Mg (0.02) @ Sb site,,260 uV/K,,,room temperature
10.1021/acsami.2c22930,am2c22930.pdf,AgSbTe2,AgSbTe2,AgSbTe2,0,No,,,,,,,242 μV/K,15000 S/m,,300 K
10.1021/acsami.2c22930,am2c22930.pdf,AgSbTe2,AgSbTe2,AgSbTe2,0,No,,,,,,,352 μV/K,,,425 K
10.1021/acsami.2c22930,am2c22930.pdf,AgSbTe2,AgSbTe2,AgSbTe2,0,No,,,,,,,242 uV/K,,,room temperature
10.1021/acsami.2c22930,am2c22930.pdf,AgSbTe2,AgSbTe2,AgSbTe2,0,No,,,,,,,,,0.58 dimensionless,not reported
10.1021/acsami.4c05454,am4c05454.pdf,AgSbTe2,AgSb0.96Cu0.04Te2,AgSb0.96Cu0.04Te2,1,No,Cu,0.04,Ag,,Cu (0.04) @ Ag site,1.43 mW·K-2·m-1,,,,448 K
10.1021/acsami.4c05454,am4c05454.pdf,AgSbTe2,AgSb0.96Cu0.04Te2,AgSb0.96Cu0.04Te2,1,No,Cu,0.04,Ag,,Cu (0.04) @ Ag site,1.35 mW·K-2·m-1,,,1.45 dimensionless,498 K
10.1021/acsami.4c05454,am4c05454.pdf,AgSbTe2,AgSb0.96Cu0.04Te2,AgSb0.96Cu0.04Te2,1,No,Cu,0.04,Ag,,Cu (0.04) @ Ag site,,,,1.44 dimensionless,523 K
10.1021/acsami.4c05454,am4c05454.pdf,AgSbTe2,AgSb1-xCuxTe2 (x=0),AgSbTe2,1,No,none,0,unclear,,none (0) @ unclear site,0.7 10^-3 W/K^2m,200 10^-6 V/K,0.6 10^4 S/m,,323 K
10.1021/acsami.4c05454,am4c05454.pdf,AgSbTe2,AgSb1-xCuxTe2 (x=0),AgSbTe2,0,No,,,,,,,,,0.5 dimensionless,323 K
10.1021/acsami.4c05454,am4c05454.pdf,AgSbTe2,AgSb1-xCuxTe2 (x=0),AgSbTe2,1,No,none,0,unclear,,none (0) @ unclear site,0.7 10^-3 W/K^2m,380 10^-6 V/K,0.5 10^4 S/m,,423 K
10.1021/acsami.4c05454,am4c05454.pdf,AgSbTe2,AgSb1-xCuxTe2 (x=0),AgSbTe2,0,No,,,,,,,,,1.2 dimensionless,523 K
10.1021/acsami.4c05454,am4c05454.pdf,AgSbTe2,AgSb1-xCuxTe2 (x=0),AgSbTe2,1,No,none,0,unclear,,none (0) @ unclear site,1.0 10^-3 W/K^2m,280 10^-6 V/K,1.1 10^4 S/m,,573 K
10.1021/acsami.4c05454,am4c05454.pdf,AgSbTe2,AgSb1-xCuxTe2 (x=0.02),AgSb0.98Cu0.02Te2,1,No,Cu,0.02,Sb,,Cu (0.02) @ Sb site,,,,0.6 dimensionless,323 K
10.1021/acsami.4c05454,am4c05454.pdf,AgSbTe2,AgSb1-xCuxTe2 (x=0.02),AgSb0.98Cu0.02Te2,1,No,Cu,0.02,Sb,,Cu (0.02) @ Sb site,,,,1.4 dimensionless,523 K
10.1021/acsami.4c05454,am4c05454.pdf,AgSbTe2,AgSb1-xCuxTe2 (x=0.04),Ag0.96Cu0.04Te2,1,No,Cu,0.04,Ag,,Cu (0.04) @ Ag site,1.0 10^-3 W/K^2m,240 10^-6 V/K,1.6 10^4 S/m,,323 K
10.1021/acsami.4c05454,am4c05454.pdf,AgSbTe2,AgSb1-xCuxTe2 (x=0.04),AgSb0.96Cu0.04Te2,1,No,Cu,0.04,Sb,,Cu (0.04) @ Sb site,,,,0.6 dimensionless,323 K
10.1021/acsami.4c05454,am4c05454.pdf,AgSbTe2,AgSb1-xCuxTe2 (x=0.04),Ag0.96Cu0.04Te2,1,No,Cu,0.04,Ag,,Cu (0.04) @ Ag site,1.4 10^-3 W/K^2m,240 10^-6 V/K,2.7 10^4 S/m,,423 K
10.1021/acsami.4c05454,am4c05454.pdf,AgSbTe2,AgSb1-xCuxTe2 (x=0.04),AgSb0.96Cu0.04Te2,1,No,Cu,0.04,Sb,,Cu (0.04) @ Sb site,,,,1.45 dimensionless,473 K
10.1021/acsami.4c05454,am4c05454.pdf,AgSbTe2,AgSb1-xCuxTe2 (x=0.04),Ag0.96Cu0.04Te2,1,No,Cu,0.04,Ag,,Cu (0.04) @ Ag site,1.1 10^-3 W/K^2m,220 10^-6 V/K,2.6 10^4 S/m,,573 K
10.1021/acsami.4c05454,am4c05454.pdf,AgSbTe2,AgSb1-xCuxTe2 (x=0.06),AgSb0.94Cu0.06Te2,1,No,Cu,0.06,Sb,,Cu (0.06) @ Sb site,,,,0.55 dimensionless,323 K
10.1021/acsami.4c05454,am4c05454.pdf,AgSbTe2,AgSb1-xCuxTe2 (x=0.06),AgSb0.94Cu0.06Te2,1,No,Cu,0.06,Sb,,Cu (0.06) @ Sb site,,,,1.2 dimensionless,473 K
10.1021/acsami.4c05454,am4c05454.pdf,AgSbTe2,AgSbTe2,AgSbTe2,0,No,,,,,,,,,0.89 dimensionless,523 K
10.1021/acsami.4c05873,am4c05873.pdf,AgSbTe2,Ag0.96Mg0.02Ti0.02Te2,Ag0.96Mg0.02Ti0.02Te2,2,Yes,Mg,0.02,unclear,Ti (0.02) @ unclear,Mg (0.02) @ unclear site; Ti (0.02) @ unclear site,15 uW/(cm K^2),,,,523 K
10.1021/acsami.4c05873,am4c05873.pdf,AgSbTe2,Ag0.96Mg0.02Ti0.02Te2,Ag0.96Mg0.02Ti0.02Te2,2,Yes,Mg,0.02,unclear,Ti (0.02) @ unclear,Mg (0.02) @ unclear site; Ti (0.02) @ unclear site,,,,1.45 dimensionless,573 K
10.1021/acsami.4c05873,am4c05873.pdf,AgSbTe2,Ag0.98-xMg0.02TixTe2 (x=0.01),Ag0.97Mg0.02Ti0.01Te2,2,Yes,Mg,0.02,unclear,Ti (0.01) @ unclear,Mg (0.02) @ unclear site; Ti (0.01) @ unclear site,,,,0.7 dimensionless,323 K
10.1021/acsami.4c05873,am4c05873.pdf,AgSbTe2,Ag0.98-xMg0.02TixTe2 (x=0.01),Ag0.97Mg0.02Ti0.01Te2,2,Yes,Mg,0.02,unclear,Ti (0.01) @ unclear,Mg (0.02) @ unclear site; Ti (0.01) @ unclear site,,,,1.1 dimensionless,423 K
10.1021/acsami.4c05873,am4c05873.pdf,AgSbTe2,Ag0.98-xMg0.02TixTe2 (x=0.01),Ag0.97Mg0.02Ti0.01Te2,2,Yes,Mg,0.02,unclear,Ti (0.01) @ unclear,Mg (0.02) @ unclear site; Ti (0.01) @ unclear site,,,,1.2 dimensionless,523 K
10.1021/acsami.4c05873,am4c05873.pdf,AgSbTe2,Ag0.98-xMg0.02TixTe2 (x=0.02),Ag0.96Mg0.02Ti0.02Te2,2,Yes,Mg,0.02,unclear,Ti (0.02) @ unclear,Mg (0.02) @ unclear site; Ti (0.02) @ unclear site,,,,0.75 dimensionless,323 K
10.1021/acsami.4c05873,am4c05873.pdf,AgSbTe2,Ag0.98-xMg0.02TixTe2 (x=0.02),Ag0.96Mg0.02Ti0.02Te2,2,Yes,Mg,0.02,unclear,Ti (0.02) @ unclear,Mg (0.02) @ unclear site; Ti (0.02) @ unclear site,,,,1.2 dimensionless,423 K
10.1021/acsami.4c05873,am4c05873.pdf,AgSbTe2,Ag0.98-xMg0.02TixTe2 (x=0.02),Ag0.96Mg0.02Ti0.02Te2,2,Yes,Mg,0.02,unclear,Ti (0.02) @ unclear,Mg (0.02) @ unclear site; Ti (0.02) @ unclear site,,,,1.45 dimensionless,523 K
10.1021/acsami.4c05873,am4c05873.pdf,AgSbTe2,Ag0.98-xMg0.02TixTe2 (x=0.03),Ag0.95Mg0.02Ti0.03Te2,2,Yes,Mg,0.02,unclear,Ti (0.03) @ unclear,Mg (0.02) @ unclear site; Ti (0.03) @ unclear site,,,,0.7 dimensionless,323 K
10.1021/acsami.4c05873,am4c05873.pdf,AgSbTe2,Ag0.98-xMg0.02TixTe2 (x=0.03),Ag0.95Mg0.02Ti0.03Te2,2,Yes,Mg,0.02,unclear,Ti (0.03) @ unclear,Mg (0.02) @ unclear site; Ti (0.03) @ unclear site,,,,1.1 dimensionless,423 K
10.1021/acsami.4c05873,am4c05873.pdf,AgSbTe2,Ag0.98-xMg0.02TixTe2 (x=0.03),Ag0.95Mg0.02Ti0.03Te2,2,Yes,Mg,0.02,unclear,Ti (0.03) @ unclear,Mg (0.02) @ unclear site; Ti (0.03) @ unclear site,,,25000 S/m,1.3 dimensionless,523 K
10.1021/acsami.4c05873,am4c05873.pdf,AgSbTe2,Ag0.98-xMg0.02TixTe2 (x=0.03),Ag0.95Mg0.02Ti0.03Te2,2,Yes,Mg,0.02,unclear,Ti (0.03) @ unclear,Mg (0.02) @ unclear site; Ti (0.03) @ unclear site,,,32000 S/m,,573 K
10.1021/acsami.4c05873,am4c05873.pdf,AgSbTe2,Ag0.98-xMg0.02TixTe2 (x=0.04),Ag0.94Mg0.02Ti0.04Te2,2,Yes,Mg,0.02,unclear,Ti (0.04) @ unclear,Mg (0.02) @ unclear site; Ti (0.04) @ unclear site,,,,0.65 dimensionless,323 K
10.1021/acsami.4c05873,am4c05873.pdf,AgSbTe2,Ag0.98-xMg0.02TixTe2 (x=0.04),Ag0.94Mg0.02Ti0.04Te2,2,Yes,Mg,0.02,unclear,Ti (0.04) @ unclear,Mg (0.02) @ unclear site; Ti (0.04) @ unclear site,,,,1.0 dimensionless,423 K
10.1021/acsami.4c05873,am4c05873.pdf,AgSbTe2,Ag0.98-xMg0.02TixTe2 (x=0.04),Ag0.94Mg0.02Ti0.04Te2,2,Yes,Mg,0.02,unclear,Ti (0.04) @ unclear,Mg (0.02) @ unclear site; Ti (0.04) @ unclear site,,,,1.15 dimensionless,523 K
10.1021/acsami.4c05873,am4c05873.pdf,AgSbTe2,AgSb0.96Mg0.02Ti0.02Te2,AgSb0.96Mg0.02Ti0.02Te2,2,Yes,Mg,0.02,Sb,Ti (0.02) @ Sb,Mg (0.02) @ Sb site; Ti (0.02) @ Sb site,15 μW/(cm K2),,,,523 K
10.1021/acsami.4c05873,am4c05873.pdf,AgSbTe2,AgSb0.96Mg0.02Ti0.02Te2,AgSb0.96Mg0.02Ti0.02Te2,2,Yes,Mg,0.02,Sb,Ti (0.02) @ Sb,Mg (0.02) @ Sb site; Ti (0.02) @ Sb site,,,,1.45 dimensionless,573 K
10.1021/acsami.4c05873,am4c05873.pdf,AgSbTe2,AgSbTe2,AgSbTe2,0,No,,,,,,,,,0.6 dimensionless,323 K
10.1021/acsami.4c05873,am4c05873.pdf,AgSbTe2,AgSbTe2,AgSbTe2,0,No,,,,,,,,,0.8 dimensionless,423 K
10.1021/acsami.4c05873,am4c05873.pdf,AgSbTe2,AgSbTe2,AgSbTe2,0,No,,,,,,,,,0.9 dimensionless,523 K
10.1021/acsami.4c05873,am4c05873.pdf,AgSbTe2,AgSbTe2,AgSbTe2,0,No,,,,,,,,29000 S/m,,573 K
10.1021/acsami.4c05873,am4c05873.pdf,AgSbTe2,AgSbTe2,AgSbTe2,0,No,,,,,,,,15000 S/m,,room temperature
10.1021/acsami.4c05873,am4c05873.pdf,AgSbTe2,AgSbTe2 (AST),AgSbTe2,0,No,,,,,,,,15000 S/m,,300 K
10.1021/acsami.4c05873,am4c05873.pdf,AgSbTe2,AgSbTe2 (AST),AgSbTe2,0,No,,,,,,,,29000 S/m,,573 K
10.1021/acsami.4c06836,am4c06836.pdf,AgSbTe2,"Ag(1-x)SnxSb(1-y)GeyTe2 (x=0, y=0)",AgSbTe2,0,No,,,,,,,,,0.15 dimensionless,300 K
10.1021/acsami.4c06836,am4c06836.pdf,AgSbTe2,"Ag(1-x)SnxSb(1-y)GeyTe2 (x=0, y=0)",AgSbTe2,0,No,,,,,,,,,1.1 dimensionless,750 K
10.1021/acsami.4c06836,am4c06836.pdf,AgSbTe2,"Ag(1-x)SnxSb(1-y)GeyTe2 (x=0.15, y=0.15)",Ag0.85Sn0.15Sb0.85Ge0.15Te2,2,Yes,Sn,0.15,Ag,Ge (0.15) @ Sb,Sn (0.15) @ Ag site; Ge (0.15) @ Sb site,,,,0.3 dimensionless,300 K
10.1021/acsami.4c06836,am4c06836.pdf,AgSbTe2,"Ag(1-x)SnxSb(1-y)GeyTe2 (x=0.15, y=0.15)",Ag0.85Sn0.15Sb0.85Ge0.15Te2,2,Yes,Sn,0.15,Ag,Ge (0.15) @ Sb,Sn (0.15) @ Ag site; Ge (0.15) @ Sb site,,,,1.5 dimensionless,757 K
10.1021/acsami.4c06836,am4c06836.pdf,AgSbTe2,Ag0.85Sn0.15Sb0.85Ge0.15Te2,Ag0.85Sn0.15Sb0.85Ge0.15Te2,2,Yes,Sn,0.15,Ag,Ge (0.15) @ Sb,Sn (0.15) @ Ag site; Ge (0.15) @ Sb site,10.8 μW cm-1 K-2,,,1.5 dimensionless,757 K
10.1021/acsami.4c06836,am4c06836.pdf,AgSbTe2,"x=0, y=0",AgSbTe2,0,No,,,,,,1.5 10^-4 W m^-1 K^-2,100 uV K^-1,1.5 10^4 S m^-1,,300 K
10.1021/acsami.4c06836,am4c06836.pdf,AgSbTe2,"x=0.15, y=0.15",Ag0.85Sn0.15Sb0.85Ge0.15Te2,2,Yes,Sn,0.15,Ag,Ge (0.15) @ Sb,Sn (0.15) @ Ag site; Ge (0.15) @ Sb site,,150 uV K^-1,4.5 10^4 S m^-1,,750 K
10.1021/acsami.4c06836,am4c06836.pdf,AgSbTe2,"x=0.15, y=0.15",Ag0.85Sn0.15Sb0.85Ge0.15Te2,2,Yes,Sn,0.15,Ag,Ge (0.15) @ Sb,Sn (0.15) @ Ag site; Ge (0.15) @ Sb site,10.8 uW cm^-1 K^-2,,,,757 K
10.1021/acsami.7b00689,am7b00689.pdf,Ag16.7Sb30Te53.3,380 C/192 h,Ag16.7Sb30Te53.3,0,No,,,,,,,150 uV/K,80 S/cm,,25 C
10.1021/acsami.7b00689,am7b00689.pdf,Ag16.7Sb30Te53.3,380 C/8 h,Ag16.7Sb30Te53.3,0,No,,,,,,,150 uV/K,220 S/cm,,25 C
10.1021/acsami.7b00689,am7b00689.pdf,Ag16.7Sb30Te53.3,380 °C/192 h,AgSbTe2,0,No,,,,,,,,,0.09 dimensionless,50 °C
10.1021/acsami.7b00689,am7b00689.pdf,Ag16.7Sb30Te53.3,380 °C/192 h,AgSbTe2,0,No,,,,,,,,,0.12 dimensionless,100 °C
10.1021/acsami.7b00689,am7b00689.pdf,Ag16.7Sb30Te53.3,380 °C/192 h,AgSbTe2,0,No,,,,,,,,,0.15 dimensionless,150 °C
10.1021/acsami.7b00689,am7b00689.pdf,Ag16.7Sb30Te53.3,380 °C/192 h,AgSbTe2,0,No,,,,,,,,,0.19 dimensionless,200 °C
10.1021/acsami.7b00689,am7b00689.pdf,Ag16.7Sb30Te53.3,380 °C/192 h,AgSbTe2,0,No,,,,,,,,,0.28 dimensionless,250 °C
10.1021/acsami.7b00689,am7b00689.pdf,Ag16.7Sb30Te53.3,380 °C/192 h,AgSbTe2,0,No,,,,,,,,,0.35 dimensionless,300 °C
10.1021/acsami.7b00689,am7b00689.pdf,Ag16.7Sb30Te53.3,380 °C/192 h,Ag16.7Sb30Te53.3,0,No,,,,,,,150 μV K−1,,,room temperature
10.1021/acsami.7b00689,am7b00689.pdf,Ag16.7Sb30Te53.3,380 °C/8 h,AgSbTe2,0,No,,,,,,,,,0.19 dimensionless,50 °C
10.1021/acsami.7b00689,am7b00689.pdf,Ag16.7Sb30Te53.3,380 °C/8 h,AgSbTe2,0,No,,,,,,,,,0.24 dimensionless,100 °C
10.1021/acsami.7b00689,am7b00689.pdf,Ag16.7Sb30Te53.3,380 °C/8 h,AgSbTe2,0,No,,,,,,,,,0.31 dimensionless,150 °C
10.1021/acsami.7b00689,am7b00689.pdf,Ag16.7Sb30Te53.3,380 °C/8 h,AgSbTe2,0,No,,,,,,,,,0.37 dimensionless,200 °C
10.1021/acsami.7b00689,am7b00689.pdf,Ag16.7Sb30Te53.3,380 °C/8 h,AgSbTe2,0,No,,,,,,,,,0.46 dimensionless,250 °C
10.1021/acsami.7b00689,am7b00689.pdf,Ag16.7Sb30Te53.3,380 °C/8 h,AgSbTe2,0,No,,,,,,,,,0.47 dimensionless,300 °C
10.1021/acsami.7b00689,am7b00689.pdf,Ag16.7Sb30Te53.3,380 °C/8 h,Ag16.7Sb30Te53.3,0,No,,,,,,,150 μV K−1,,,room temperature
10.1021/acsami.7b00689,am7b00689.pdf,Ag16.7Sb30Te53.3,AQ,Ag16.7Sb30Te53.3,0,No,,,,,,,260 uV/K,50 S/cm,,25 C
10.1021/acsami.7b00689,am7b00689.pdf,Ag16.7Sb30Te53.3,AQ,AgSbTe2,0,No,,,,,,,,,0.22 dimensionless,50 °C
10.1021/acsami.7b00689,am7b00689.pdf,Ag16.7Sb30Te53.3,AQ,AgSbTe2,0,No,,,,,,,,,0.28 dimensionless,100 °C
10.1021/acsami.7b00689,am7b00689.pdf,Ag16.7Sb30Te53.3,AQ,AgSbTe2,0,No,,,,,,,,,0.33 dimensionless,150 °C
10.1021/acsami.7b00689,am7b00689.pdf,Ag16.7Sb30Te53.3,AQ,AgSbTe2,0,No,,,,,,,,,0.38 dimensionless,200 °C
10.1021/acsami.7b00689,am7b00689.pdf,Ag16.7Sb30Te53.3,AQ,AgSbTe2,0,No,,,,,,,,,0.39 dimensionless,250 °C
10.1021/acsami.7b00689,am7b00689.pdf,Ag16.7Sb30Te53.3,AQ,Ag16.7Sb30Te53.3,0,No,,,,,,,260 μV K−1,,,room temperature
10.3390/app8010052,applsci-08-00052-v2.pdf,Ag1-xSb1+xTe2+x,"Ag1-xSb1+xTe2+x, x=0.19 (quenched)",Ag0.81Sb1.19Te2.19,0,No,,,,,,,220 uV/K,5500 S/m,0.35 dimensionless,300 K
10.3390/app8010052,applsci-08-00052-v2.pdf,Ag1-xSb1+xTe2+x,"Ag1-xSb1+xTe2+x, x=0.19 (quenched)",Ag0.81Sb1.19Te2.19,0,No,,,,,,,280 uV/K,,,450 K
10.3390/app8010052,applsci-08-00052-v2.pdf,Ag1-xSb1+xTe2+x,"Ag1-xSb1+xTe2+x, x=0.19 (quenched)",Ag0.81Sb1.19Te2.19,0,No,,,,,,,,,0.4 dimensionless,550 K
10.3390/app8010052,applsci-08-00052-v2.pdf,Ag1-xSb1+xTe2+x,"Ag1-xSb1+xTe2+x, x=0.19 (quenched)",Ag0.81Sb1.19Te2.19,0,No,,,,,,,,8000 S/m,,600 K
10.3390/app8010052,applsci-08-00052-v2.pdf,Ag1-xSb1+xTe2+x,x=0.1,Ag0.9Sb1.1Te2.1,0,No,,,,,,,,,1.2 dimensionless,610 K
10.3390/app8010052,applsci-08-00052-v2.pdf,Ag1-xSb1+xTe2+x,"x=0.1, slowly cooled",Ag0.9Sb1.1Te2.1,1,No,Sb,x=0.1,Ag,,Sb (x=0.1) @ Ag site,,250 uV/K,1.0e4 S/m,,300 K
10.3390/app8010052,applsci-08-00052-v2.pdf,Ag1-xSb1+xTe2+x,"x=0.1, slowly cooled",Ag0.9Sb1.1Te2.1,1,No,Sb,x=0.1,Ag,,Sb (x=0.1) @ Ag site,,,,1.2 dimensionless,610 K
10.3390/app8010052,applsci-08-00052-v2.pdf,Ag1-xSb1+xTe2+x,x=0.17,Ag0.83Sb1.17Te2.17,0,No,,,,,,,,,1.1 dimensionless,610 K
10.3390/app8010052,applsci-08-00052-v2.pdf,Ag1-xSb1+xTe2+x,x=0.19,Ag0.81Sb1.19Te2.19,0,No,,,,,,,,,0.4 dimensionless,550 K
10.3390/app8010052,applsci-08-00052-v2.pdf,Ag1-xSb1+xTe2+x,x=0.19,Ag0.81Sb1.19Te2.19,0,No,,,,,,,220-280 µV/K,5.5*10^3 - 8*10^3 S/m,,300-610 K
10.3390/app8010052,applsci-08-00052-v2.pdf,Ag1-xSb1+xTe2+x,x=0.3,Ag0.7Sb1.3Te2.3,0,No,,,,,,,,> 10^5 S/m,,RT
10.3390/app8010052,applsci-08-00052-v2.pdf,Ag1-xSb1+xTe2+x,x=0.4,Ag0.6Sb1.4Te2.4,0,No,,,,,,,,> 10^5 S/m,,RT
10.3390/app8010052,applsci-08-00052-v2.pdf,Ag1-xSb1+xTe2+x,"x=0.4, slowly cooled",Ag0.6Sb1.4Te2.4,1,No,Sb,x=0.4,Ag,,Sb (x=0.4) @ Ag site,,50 uV/K,1.4e5 S/m,,300 K
10.1039/c0jm00138d,c0jm00138d.pdf,AgSbTe2,"(Ag2Te)x(Sb2Te3)100-x, x=44",(Ag2Te)44(Sb2Te3)56,0,No,,,,,,1.2 mW m^-1 K^-2,200 uV K^-1,3.2 10^4 Sm^-1,0.6 dimensionless,300 K
10.1039/c0jm00138d,c0jm00138d.pdf,AgSbTe2,"(Ag2Te)x(Sb2Te3)100-x, x=50",(Ag2Te)50(Sb2Te3)50,0,No,,,,,,,230 uV K^-1,3.0 10^4 Sm^-1,,300 K
10.1039/c0jm00138d,c0jm00138d.pdf,AgSbTe2,"(Ag2Te)x(Sb2Te3)100-x, x=50",(Ag2Te)50(Sb2Te3)50,0,No,,,,,,1.5 mW m^-1 K^-2,,,,500 K
10.1039/c0jm00138d,c0jm00138d.pdf,AgSbTe2,"(Ag2Te)x(Sb2Te3)100-x, x=50",(Ag2Te)50(Sb2Te3)50,0,No,,,,,,,,,1.55 dimensionless,533 K
10.1039/c0jm00138d,c0jm00138d.pdf,AgSbTe2,x=44,(Ag2Te)0.44(Sb2Te3)0.56,0,No,,,,,,,,,1.55 dimensionless,533 K
10.1039/c0jm00138d,c0jm00138d.pdf,AgSbTe2,x=48,(Ag2Te)0.48(Sb2Te3)0.52,0,No,,,,,,1.5 mW m-1 K-2,,,,400-500 K
10.1039/c0jm00138d,c0jm00138d.pdf,AgSbTe2,x=50,AgSbTe2,0,No,,,,,,,,,1.55 dimensionless,533 K
10.1039/c0jm00138d,c0jm00138d.pdf,AgSbTe2,x=50,AgSbTe2,0,No,,,,,,1.5 mW m-1 K-2,,,,400-500 K
10.1039/c0jm00138d,c0jm00138d.pdf,AgSbTe2,x=50,AgSbTe2,0,No,,,,,,,240 mV K-1,3*10^4 S m-1,,room temperature K
10.1039/c8ta01393d,c8ta01393d.pdf,GeSe-AgSbTe2,GeSe-xAgSbTe2 (x=0.05),GeSe-0.05AgSbTe2,3,Yes,Ag,x=0.05,unclear,Sb (x=0.05) @ unclear; Te (x=0.05) @ unclear,Ag (x=0.05) @ unclear site; Sb (x=0.05) @ unclear site; Te (x=0.05) @ unclear site,,,,0.6 dimensionless,750 K
10.1039/c8ta01393d,c8ta01393d.pdf,GeSe-AgSbTe2,GeSe-xAgSbTe2 (x=0.1),GeSe-0.1AgSbTe2,3,Yes,Ag,x=0.1,unclear,Sb (x=0.1) @ unclear; Te (x=0.1) @ unclear,Ag (x=0.1) @ unclear site; Sb (x=0.1) @ unclear site; Te (x=0.1) @ unclear site,,,,0.8 dimensionless,750 K
10.1039/c8ta01393d,c8ta01393d.pdf,GeSe-AgSbTe2,GeSe-xAgSbTe2 (x=0.15),GeSe-0.15AgSbTe2,3,Yes,Ag,x=0.15,unclear,Sb (x=0.15) @ unclear; Te (x=0.15) @ unclear,Ag (x=0.15) @ unclear site; Sb (x=0.15) @ unclear site; Te (x=0.15) @ unclear site,,,,0.9 dimensionless,750 K
10.1039/c8ta01393d,c8ta01393d.pdf,GeSe-AgSbTe2,GeSe-xAgSbTe2 (x=0.2),GeSe-0.2AgSbTe2,3,Yes,Ag,x=0.2,unclear,Sb (x=0.2) @ unclear; Te (x=0.2) @ unclear,Ag (x=0.2) @ unclear site; Sb (x=0.2) @ unclear site; Te (x=0.2) @ unclear site,,,,0.95 dimensionless,750 K
10.1039/c8ta01393d,c8ta01393d.pdf,GeSe-AgSbTe2,x=0.05,GeSeAg0.05Sb0.05Te0.1,3,Yes,Ag,5%,unclear,Sb (5%) @ unclear; Te (10%) @ unclear,Ag (5%) @ unclear site; Sb (5%) @ unclear site; Te (10%) @ unclear site,,94 mV K-1,,,301 K
10.1039/c8ta01393d,c8ta01393d.pdf,GeSe-AgSbTe2,x=0.05,GeSeAg0.05Sb0.05Te0.1,3,Yes,Ag,5%,unclear,Sb (5%) @ unclear; Te (10%) @ unclear,Ag (5%) @ unclear site; Sb (5%) @ unclear site; Te (10%) @ unclear site,,,61213 S m-1,,not reported
10.1039/c8ta01393d,c8ta01393d.pdf,GeSe-AgSbTe2,x=0.1,GeSeAg0.1Sb0.1Te0.2,3,Yes,Ag,10%,unclear,Sb (10%) @ unclear; Te (20%) @ unclear,Ag (10%) @ unclear site; Sb (10%) @ unclear site; Te (20%) @ unclear site,684 mW m-1 K-2,,,,301 K
10.1039/c8ta01393d,c8ta01393d.pdf,GeSe-AgSbTe2,x=0.2,GeSeAg0.2Sb0.2Te0.4,3,Yes,Ag,20%,unclear,Sb (20%) @ unclear; Te (40%) @ unclear,Ag (20%) @ unclear site; Sb (20%) @ unclear site; Te (40%) @ unclear site,,177 mV K-1,16702 S m-1,,301 K
10.1039/c8ta01393d,c8ta01393d.pdf,GeSe-AgSbTe2,x=0.2,GeSeAg0.2Sb0.2Te0.4,3,Yes,Ag,20%,unclear,Sb (20%) @ unclear; Te (40%) @ unclear,Ag (20%) @ unclear site; Sb (20%) @ unclear site; Te (40%) @ unclear site,,261 mV K-1,,,608 K
10.1039/c8ta01393d,c8ta01393d.pdf,GeSe-AgSbTe2,x=0.2,GeSeAg0.2Sb0.2Te0.4,3,Yes,Ag,20%,unclear,Sb (20%) @ unclear; Te (40%) @ unclear,Ag (20%) @ unclear site; Sb (20%) @ unclear site; Te (40%) @ unclear site,1440 mW m-1 K-2,,,,659 K
10.1039/c8ta01393d,c8ta01393d.pdf,GeSe-AgSbTe2,x=0.2,GeSeAg0.2Sb0.2Te0.4,3,Yes,Ag,20%,unclear,Sb (20%) @ unclear; Te (40%) @ unclear,Ag (20%) @ unclear site; Sb (20%) @ unclear site; Te (40%) @ unclear site,,231 mV K-1,24169 S m-1,1.0 dimensionless,754 K
10.1039/c8ta01393d,c8ta01393d.pdf,GeSe-AgSbTe2,x=0.2,GeSeAg0.2Sb0.2Te0.4,3,Yes,Ag,20%,unclear,Sb (20%) @ unclear; Te (40%) @ unclear,Ag (20%) @ unclear site; Sb (20%) @ unclear site; Te (40%) @ unclear site,,,,0.96 dimensionless,not reported
10.1021/cm101503y,cm101503y.pdf,AgSbTe2,AgSbSe0.02Te1.98 (x=0.02),AgSbSe0.02Te1.98,1,No,Se,x=0.02,Te,,Se (x=0.02) @ Te site,,,,1.37 dimensionless,565 K
10.1021/cm101503y,cm101503y.pdf,AgSbTe2,AgSbTe2 (x=0),AgSbTe2,0,No,,,,,,,,,1.37 dimensionless,565 K
10.1021/cm101503y,cm101503y.pdf,AgSbTe2,x=0,AgSbTe2,0,No,,,,,,,250 uV/K,1.5 10^4 S/m,,300 K
10.1021/cm101503y,cm101503y.pdf,AgSbTe2,x=0,AgSbTe2,0,No,,,,,,,300 uV/K,1.2 10^4 S/m,,500 K
10.1021/cm101503y,cm101503y.pdf,AgSbTe2,x=0,AgSbTe2,0,No,,,,,,,240 uV/K,1.8 10^4 S/m,,700 K
10.1021/cm101503y,cm101503y.pdf,AgSbTe2,x=0.00,AgSbTe2,0,No,,,,,,,,,0.6 dimensionless,300 K
10.1021/cm101503y,cm101503y.pdf,AgSbTe2,x=0.00,AgSbTe2,0,No,,,,,,,,,1.1 dimensionless,650 K
10.1021/cm101503y,cm101503y.pdf,AgSbTe2,x=0.01,AgSbSe0.01Te1.99,1,No,Se,x=0.01,Te,,Se (x=0.01) @ Te site,,,,0.6 dimensionless,300 K
10.1021/cm101503y,cm101503y.pdf,AgSbTe2,x=0.01,AgSbSe0.01Te1.99,1,No,Se,x=0.01,Te,,Se (x=0.01) @ Te site,,,,1.2 dimensionless,650 K
10.1021/cm101503y,cm101503y.pdf,AgSbTe2,x=0.02,AgSbSe0.02Te1.98,1,No,Se,x=0.02,Te,,Se (x=0.02) @ Te site,,260 uV/K,1.6 10^4 S/m,0.6 dimensionless,300 K
10.1021/cm101503y,cm101503y.pdf,AgSbTe2,x=0.02,AgSbSe0.02Te1.98,1,No,Se,x=0.02,Te,,Se (x=0.02) @ Te site,,230 uV/K,,,500 K
10.1021/cm101503y,cm101503y.pdf,AgSbTe2,x=0.02,AgSbSe0.02Te1.98,1,No,Se,x=0.02,Te,,Se (x=0.02) @ Te site,,,2.4 10^4 S/m,,550 K
10.1021/cm101503y,cm101503y.pdf,AgSbTe2,x=0.02,AgSbSe0.02Te1.98,1,No,Se,x=0.02,Te,,Se (x=0.02) @ Te site,,,,1.37 dimensionless,565 K
10.1021/cm101503y,cm101503y.pdf,AgSbTe2,x=0.02,AgSbSe0.02Te1.98,1,No,Se,x=0.02,Te,,Se (x=0.02) @ Te site,,235 uV/K,2.1 10^4 S/m,,700 K
10.1021/cm101503y,cm101503y.pdf,AgSbTe2,x=0.04,AgSbSe0.04Te1.96,1,No,Se,x=0.04,Te,,Se (x=0.04) @ Te site,,,,0.55 dimensionless,300 K
10.1021/cm101503y,cm101503y.pdf,AgSbTe2,x=0.04,AgSbSe0.04Te1.96,1,No,Se,x=0.04,Te,,Se (x=0.04) @ Te site,,,,1.25 dimensionless,600 K
10.1021/acs.chemmater.5c01646,cm5c01646.pdf,AgSbTe2,AST,AgSbTe2,0,No,,,,,,0.69 Wm-1K-2,267 uV/K | 267 μVK-1,96.72 S cm-1 | 96.72 S/cm,,300 K
10.1021/acs.chemmater.5c01646,cm5c01646.pdf,AgSbTe2,AST,AgSbTe2,0,No,,,,,,,,,0.6 dimensionless,600 K
10.1021/acs.chemmater.5c01646,cm5c01646.pdf,AgSbTe2,AST,AgSbTe2,0,No,,,,,,,,,0.56 dimensionless | 0.61 dimensionless,not reported
10.1021/acs.chemmater.5c01646,cm5c01646.pdf,AgSbTe2,AST + 0.02,AgSbTe2 + 0.02 wt % B,1,No,B,0.02 wt %,unclear,,B (0.02 wt %) @ unclear site,,238 uV/K | 238 μVK-1,159.10 S cm-1 | 159.10 S/cm,,300 K
10.1021/acs.chemmater.5c01646,cm5c01646.pdf,AgSbTe2,AST + 0.02,AgSbTe2 + 0.02 wt % B,1,No,B,0.02 wt %,unclear,,B (0.02 wt %) @ unclear site,,,,0.8 dimensionless,600 K
10.1021/acs.chemmater.5c01646,cm5c01646.pdf,AgSbTe2,AST + 0.025,AgSbTe2 + 0.025 wt % B,1,No,B,0.025 wt %,unclear,,B (0.025 wt %) @ unclear site,1.05 Wm-1K-2,248 uV/K | 248 μVK-1,170.75 S cm-1 | 170.75 S/cm,,300 K
10.1021/acs.chemmater.5c01646,cm5c01646.pdf,AgSbTe2,AST + 0.025,AgSbTe2 + 0.025 wt % B,1,No,B,0.025 wt %,unclear,,B (0.025 wt %) @ unclear site,,,,0.9 dimensionless,600 K
10.1021/acs.chemmater.5c01646,cm5c01646.pdf,AgSbTe2,AST + 0.03,AgSbTe2 + 0.03 wt % B,1,No,B,0.03 wt %,unclear,,B (0.03 wt %) @ unclear site,,245 uV/K | 245 μVK-1,123.77 S cm-1 | 123.77 S/cm,,300 K
10.1021/acs.chemmater.5c01646,cm5c01646.pdf,AgSbTe2,AST + 0.03,AgSbTe2 + 0.03 wt % B,1,No,B,0.03 wt %,unclear,,B (0.03 wt %) @ unclear site,,,,0.95 dimensionless,600 K
10.1021/acs.chemmater.5c01646,cm5c01646.pdf,AgSbTe2,NS-AST + 0.025,Ag0.91Sb1.09Te2.09 + 0.025 wt % B,1,No,B,0.025 wt %,unclear,,B (0.025 wt %) @ unclear site,,273 uV/K | 273 μVK-1,163.60 S cm-1 | 163.60 S/cm,,300 K
10.1021/acs.chemmater.5c01646,cm5c01646.pdf,AgSbTe2,NS-AST + 0.025,Ag0.91Sb1.09Te2.09 + 0.025 wt % B,1,No,B,0.025 wt %,unclear,,B (0.025 wt %) @ unclear site,,,,1.35 dimensionless,573 K
10.1021/acs.chemmater.5c01646,cm5c01646.pdf,AgSbTe2,NS-AST + 0.025,Ag0.91Sb1.09Te2.09 + 0.025 wt % B,1,No,B,0.025 wt %,unclear,,B (0.025 wt %) @ unclear site,,,,1.35 dimensionless,600 K
10.1021/acs.chemmater.5c01646,cm5c01646.pdf,AgSbTe2,NS-AST + 0.025,Ag0.91Sb1.09Te2.09 + 0.025 wt % B,1,No,B,0.025 wt %,unclear,,B (0.025 wt %) @ unclear site,1.22 Wm-1K-2,,,,300-625 K
10.1021/acs.chemmater.5c01646,cm5c01646.pdf,AgSbTe2,NS-AST + 0.025,Ag0.91Sb1.09Te2.09 + 0.025 wt % B,1,No,B,0.025 wt %,unclear,,B (0.025 wt %) @ unclear site,,,,1.03 dimensionless,not reported
10.1039/d3ee01033c,d3ee01033c.pdf,AgSbTe2,Ag0.97SbTe2,Ag0.97SbTe2,1,No,Ag vacancy,0.03,Ag,,Ag vacancy (0.03) @ Ag site,,210 uV/K,250 S/cm,0.7 dimensionless,300 K
10.1039/d3ee01033c,d3ee01033c.pdf,AgSbTe2,Ag0.98SbTe2,Ag0.98SbTe2,1,No,Ag vacancy,0.02,Ag,,Ag vacancy (0.02) @ Ag site,,25 µV/K,,,0 K
10.1039/d3ee01033c,d3ee01033c.pdf,AgSbTe2,Ag0.98SbTe2,Ag0.98SbTe2,1,No,Ag vacancy,2 mol%,Ag,,Ag vacancy (2 mol%) @ Ag site,13 mW cm-1 K-2,235 mV K-1,235 S cm-1,,300 K
10.1039/d3ee01033c,d3ee01033c.pdf,AgSbTe2,Ag0.98SbTe2,Ag0.98SbTe2,1,No,Ag vacancy,0.02,Ag,,Ag vacancy (0.02) @ Ag site,,175 µV/K | 235 uV/K,235 S/cm,0.8 dimensionless,300 K
10.1039/d3ee01033c,d3ee01033c.pdf,AgSbTe2,Ag0.98SbTe2,Ag0.98SbTe2,1,No,Ag vacancy,2 mol%,Ag,,Ag vacancy (2 mol%) @ Ag site,16 mW cm-1 K-2,,186 S cm-1,2.3 dimensionless,573 K
10.1039/d3ee01033c,d3ee01033c.pdf,AgSbTe2,Ag0.99SbTe2,Ag0.99SbTe2,1,No,Ag vacancy,0.01,Ag,,Ag vacancy (0.01) @ Ag site,,250 uV/K,150 S/cm,0.7 dimensionless,300 K
10.1039/d3ee01033c,d3ee01033c.pdf,AgSbTe2,AgSbTe2,AgSbTe2,1,No,Ag vacancy,0,Ag,,Ag vacancy (0) @ Ag site,,25 µV/K,,,0 K
10.1039/d3ee01033c,d3ee01033c.pdf,AgSbTe2,AgSbTe2,AgSbTe2,0,No,,,,,,8 mW cm-1 K-2,275 mV K-1,104 S cm-1,0.5 dimensionless,300 K
10.1039/d3ee01033c,d3ee01033c.pdf,AgSbTe2,AgSbTe2,AgSbTe2,1,No,Ag vacancy,0,Ag,,Ag vacancy (0) @ Ag site,,225 µV/K,,,300 K
10.1039/d3nr04584f,d3nr04584f.pdf,AgSbTe2,Ag0.91Sb1.09Te2.09,Ag0.91Sb1.09Te2.09,3,Yes,Ag,0.91,Ag,Sb (1.09) @ Sb; Te (2.09) @ Te,Ag (0.91) @ Ag site; Sb (1.09) @ Sb site; Te (2.09) @ Te site,1600 uW/mK^2,300 uV/K,,,500 K
10.1039/d3nr04584f,d3nr04584f.pdf,AgSbTe2,Ag0.91Sb1.09Te2.09,Ag0.91Sb1.09Te2.09,1,No,Ag deficiency,0.09,Ag,,Ag deficiency (0.09) @ Ag site,,,,1.7 dimensionless,573 K
10.1039/d3nr04584f,d3nr04584f.pdf,AgSbTe2,Ag0.91Sb1.09Te2.09,Ag0.91Sb1.09Te2.09,3,Yes,Ag,0.91,Ag,Sb (1.09) @ Sb; Te (2.09) @ Te,Ag (0.91) @ Ag site; Sb (1.09) @ Sb site; Te (2.09) @ Te site,,,,1.7 dimensionless,573 K
10.1039/d3nr04584f,d3nr04584f.pdf,AgSbTe2,Ag0.91Sb1.09Te2.09,Ag0.91Sb1.09Te2.09,1,No,Ag deficiency,0.09,Ag,,Ag deficiency (0.09) @ Ag site,,,,0.75 dimensionless,room temperature K
10.1039/d3nr04584f,d3nr04584f.pdf,AgSbTe2,Ag0.91Sb1.09Te2.09,Ag0.91Sb1.09Te2.09,1,No,Ag deficiency,0.09,Ag,,Ag deficiency (0.09) @ Ag site,1600 μW m-1 K-2,,,,300-623 K
10.1039/d3nr04584f,d3nr04584f.pdf,AgSbTe2,AgSbTe2,AgSbTe2,0,No,,,,,,800 uW/mK^2,250 uV/K,,,500 K
10.1039/d4ce00915k,d4ce00915k.pdf,AgSbTe2,(Ag2Se)0.98(2AgSbSe2)0.02,(Ag2Se)0.98(2AgSbSe2)0.02,1,No,Sb,0.02,unclear,,Sb (0.02) @ unclear site,,,,0.93 dimensionless,375 K
10.1039/d4ce00915k,d4ce00915k.pdf,AgSbTe2,(Ag2Se)0.98(2AgSbSe2)0.02,(Ag2Se)0.98(2AgSbSe2)0.02,1,No,Sb,0.02,unclear,,Sb (0.02) @ unclear site,,-150 uV K-1,,,not reported
10.1039/d4ce00915k,d4ce00915k.pdf,AgSbTe2,Ag0.98(2AgSbSe2)0.02,Ag0.98(2AgSbSe2)0.02,3,Yes,Ag,0.98,multiple sites,Sb (0.02) @ multiple sites; Se (0.02) @ multiple sites,Ag (0.98) @ multiple sites site; Sb (0.02) @ multiple sites site; Se (0.02) @ multiple sites site,,,,0.8 dimensionless,300-375 K
10.1039/d4ce00915k,d4ce00915k.pdf,AgSbTe2,Ag2Se/AgSbSe2 nanocomposite,(Ag2Se)0.98(2AgSbSe2)0.02,1,No,AgSbSe2,2 mol%,interstitial,,AgSbSe2 (2 mol%) @ interstitial site,,-150 μV K-1,,0.93 dimensionless,375 K
10.1039/d4cp01171f,d4cp01171f.pdf,AgSbTe2,Ag0.927Sb1.07Te2.005,Ag0.927Sb1.07Te2.005,2,Yes,Ag,0.927,Ag,Sb (1.07) @ Sb,Ag (0.927) @ Ag site; Sb (1.07) @ Sb site,,0 µV K-1,4.17 S/m,,0 K
10.1039/d4cp01171f,d4cp01171f.pdf,AgSbTe2,Ag0.927Sb1.07Te2.005,Ag0.927Sb1.07Te2.005,2,Yes,Ag,0.927,Ag,Sb (1.07) @ Sb,Ag (0.927) @ Ag site; Sb (1.07) @ Sb site,,50 µV K-1,,,50 K
10.1039/d4cp01171f,d4cp01171f.pdf,AgSbTe2,Ag0.927Sb1.07Te2.005,Ag0.927Sb1.07Te2.005,2,Yes,Ag,0.927,Ag,Sb (1.07) @ Sb,Ag (0.927) @ Ag site; Sb (1.07) @ Sb site,,100 µV K-1,,,100 K
10.1039/d4cp01171f,d4cp01171f.pdf,AgSbTe2,Ag0.927Sb1.07Te2.005,Ag0.927Sb1.07Te2.005,2,Yes,Ag,0.927,Ag,Sb (1.07) @ Sb,Ag (0.927) @ Ag site; Sb (1.07) @ Sb site,,150 µV K-1,,,150 K
10.1039/d4cp01171f,d4cp01171f.pdf,AgSbTe2,Ag0.927Sb1.07Te2.005,Ag0.927Sb1.07Te2.005,2,Yes,Ag,0.927,Ag,Sb (1.07) @ Sb,Ag (0.927) @ Ag site; Sb (1.07) @ Sb site,,200 µV K-1,,,200 K
10.1039/d4cp01171f,d4cp01171f.pdf,AgSbTe2,Ag0.927Sb1.07Te2.005,Ag0.927Sb1.07Te2.005,2,Yes,Ag,0.927,Ag,Sb (1.07) @ Sb,Ag (0.927) @ Ag site; Sb (1.07) @ Sb site,741 mW m-1 K-2,251 mV K-1 | 251 µV K-1,4.05 S/m,1.1 dimensionless,300 K
10.1039/d4cp01171f,d4cp01171f.pdf,AgSbTe2,Ag0.927Sb1.07Te2.005,Ag0.927Sb1.07Te2.005,0,No,,,,,,747 μW m^-1 K^-2,,,1.1 dimensionless,300 K
10.1039/d5dt01185j,d5dt01185j.pdf,Ba2.75Pb1.1Sb4.1Se10-deltaTe_delta,Ba2.75Pb1.1Sb4.1Se6Te4,Ba2.75Pb1.1Sb4.1Se6Te4,1,No,Te,δ = 4,Te,,Te (δ = 4) @ Te site,4.85 μW m−1 K−2,,,,300 K
10.1039/d5dt01185j,d5dt01185j.pdf,Ba2.75Pb1.1Sb4.1Se10-deltaTe_delta,Ba2.75Pb1.1Sb4.1Se6Te4,Ba2.75Pb1.1Sb4.1Se6Te4,1,No,Te,delta=4,Te,,Te (delta=4) @ Te site,4.85 uW m-1 K-2,,,,300 K
10.1039/d5dt01185j,d5dt01185j.pdf,Ba2.75Pb1.1Sb4.1Se10-deltaTe_delta,Ba2.75Pb1.1Sb4.1Se6Te4,Ba2.75Pb1.1Sb4.1Se6Te4,1,No,Te,δ = 4,Te,,Te (δ = 4) @ Te site,34.42 μW m−1 K−2,,,0.09 dimensionless,773 K
10.1039/d5dt01185j,d5dt01185j.pdf,Ba2.75Pb1.1Sb4.1Se10-deltaTe_delta,Ba2.75Pb1.1Sb4.1Se6Te4,Ba2.75Pb1.1Sb4.1Se6Te4,1,No,Te,delta=4,Te,,Te (delta=4) @ Te site,34.42 uW m-1 K-2,,,,773 K
10.1039/d5dt01185j,d5dt01185j.pdf,Ba2.75Pb1.1Sb4.1Se10-deltaTe_delta,Ba2.75Pb1.1Sb4.1Se7Te3,Ba2.75Pb1.1Sb4.1Se7Te3,1,No,Te,δ = 3,Te,,Te (δ = 3) @ Te site,4.65 μW m−1 K−2,,,,300 K
10.1039/d5dt01185j,d5dt01185j.pdf,Ba2.75Pb1.1Sb4.1Se10-deltaTe_delta,Ba2.75Pb1.1Sb4.1Se7Te3,Ba2.75Pb1.1Sb4.1Se7Te3,1,No,Te,delta=3,Te,,Te (delta=3) @ Te site,4.65 uW m-1 K-2,,,,300 K
10.1039/d5dt01185j,d5dt01185j.pdf,Ba2.75Pb1.1Sb4.1Se10-deltaTe_delta,Ba2.75Pb1.1Sb4.1Se7Te3,Ba2.75Pb1.1Sb4.1Se7Te3,1,No,Te,δ = 3,Te,,Te (δ = 3) @ Te site,32.44 μW m−1 K−2,,,,773 K
10.1039/d5dt01185j,d5dt01185j.pdf,Ba2.75Pb1.1Sb4.1Se10-deltaTe_delta,Ba2.75Pb1.1Sb4.1Se7Te3,Ba2.75Pb1.1Sb4.1Se7Te3,1,No,Te,delta=3,Te,,Te (delta=3) @ Te site,32.44 uW m-1 K-2,,,,773 K
10.1039/d5dt01185j,d5dt01185j.pdf,Ba2.75Pb1.1Sb4.1Se10-deltaTe_delta,Ba2.75Pb1.1Sb4.1Se8Te2,Ba2.75Pb1.1Sb4.1Se8Te2,1,No,Te,δ = 2,Te,,Te (δ = 2) @ Te site,0.012 μW m−1 K−2,69.6 μV K−1,,,300 K
10.1039/d5dt01185j,d5dt01185j.pdf,Ba2.75Pb1.1Sb4.1Se10-deltaTe_delta,Ba2.75Pb1.1Sb4.1Se8Te2,Ba2.75Pb1.1Sb4.1Se8Te2,1,No,Te,delta=2,Te,,Te (delta=2) @ Te site,0.012 uW m-1 K-2,69.6 uV K-1,40.1 Ohm cm,,300 K
10.1039/d5dt01185j,d5dt01185j.pdf,Ba2.75Pb1.1Sb4.1Se10-deltaTe_delta,Ba2.75Pb1.1Sb4.1Se8Te2,Ba2.75Pb1.1Sb4.1Se8Te2,1,No,Te,δ = 2,Te,,Te (δ = 2) @ Te site,0.44 μW m−1 K−2,104 μV K−1,,,773 K
10.1039/d5dt01185j,d5dt01185j.pdf,Ba2.75Pb1.1Sb4.1Se10-deltaTe_delta,Ba2.75Pb1.1Sb4.1Se8Te2,Ba2.75Pb1.1Sb4.1Se8Te2,1,No,Te,delta=2,Te,,Te (delta=2) @ Te site,0.44 uW m-1 K-2,104 uV K-1,2.5 Ohm cm,,773 K
10.30546/209501.2024.1.3.077,ed81045f677092e8679784819bd15f32.pdf,AgSbTe2-PbTe,(AgSbTe2)0.8(PbTe)0.2,(AgSbTe2)0.8(PbTe)0.2,1,No,Pb,0.2,multiple sites,,Pb (0.2) @ multiple sites site,,55 uV/K,50 Ohm^-1 cm^-1,,80 K
10.30546/209501.2024.1.3.077,ed81045f677092e8679784819bd15f32.pdf,AgSbTe2-PbTe,(AgSbTe2)0.8(PbTe)0.2,(AgSbTe2)0.8(PbTe)0.2,1,No,Pb,0.2,multiple sites,,Pb (0.2) @ multiple sites site,,60 uV/K,58 Ohm^-1 cm^-1,,200 K
10.30546/209501.2024.1.3.077,ed81045f677092e8679784819bd15f32.pdf,AgSbTe2-PbTe,(AgSbTe2)0.8(PbTe)0.2,(AgSbTe2)0.8(PbTe)0.2,1,No,Pb,0.2,multiple sites,,Pb (0.2) @ multiple sites site,,65 uV/K,52 Ohm^-1 cm^-1,,300 K
10.30546/209501.2024.1.3.077,ed81045f677092e8679784819bd15f32.pdf,AgSbTe2-PbTe,(AgSbTe2)0.8(PbTe)0.2,(AgSbTe2)0.8(PbTe)0.2,1,No,Pb,0.2,multiple sites,,Pb (0.2) @ multiple sites site,,122 uV/K,,,410 K
10.30546/209501.2024.1.3.077,ed81045f677092e8679784819bd15f32.pdf,AgSbTe2-PbTe,(AgSbTe2)0.8(PbTe)0.2,(AgSbTe2)0.8(PbTe)0.2,1,No,Pb,0.2,multiple sites,,Pb (0.2) @ multiple sites site,,,35 Ohm^-1 cm^-1,,450 K
10.30546/209501.2024.1.3.077,ed81045f677092e8679784819bd15f32.pdf,AgSbTe2-PbTe,(AgSbTe2)0.8(PbTe)0.2,(AgSbTe2)0.8(PbTe)0.2,1,No,Pb,0.2,multiple sites,,Pb (0.2) @ multiple sites site,,105 uV/K,44 Ohm^-1 cm^-1,,530 K
10.30546/209501.2024.1.3.077,ed81045f677092e8679784819bd15f32.pdf,AgSbTe2-PbTe,(AgSbTe2)0.8(PbTe)0.2,(AgSbTe2)0.8(PbTe)0.2,1,No,Pb,0.2,unclear,,Pb (0.2) @ unclear site,,variable uV/K,variable (Ohm.cm)-1,,not reported
10.1021/acsaelm.3c01653,el3c01653.pdf,AgSbTe2,Ag0.7Sb1.12Te1.95Se0.05,Ag0.7Sb1.12Te1.95Se0.05,3,Yes,Ag,0.7,Ag,Sb (1.12) @ Sb; Se (0.05) @ Te,Ag (0.7) @ Ag site; Sb (1.12) @ Sb site; Se (0.05) @ Te site,0.4 mW/mK^2,100 uV/K,,,300 K
10.1021/acsaelm.3c01653,el3c01653.pdf,AgSbTe2,Ag0.7Sb1.12Te1.95Se0.05,Ag0.7Sb1.12Te1.95Se0.05,2,Yes,Ag,0.7,Ag,Se (0.05) @ Te,Ag (0.7) @ Ag site; Se (0.05) @ Te site,,,,0.20 dimensionless,300 K
10.1021/acsaelm.3c01653,el3c01653.pdf,AgSbTe2,Ag0.7Sb1.12Te1.95Se0.05,Ag0.7Sb1.12Te1.95Se0.05,2,Yes,Ag,0.7,Ag,Se (0.05) @ Te,Ag (0.7) @ Ag site; Se (0.05) @ Te site,,,,0.60 dimensionless,500 K
10.1021/acsaelm.3c01653,el3c01653.pdf,AgSbTe2,Ag0.7Sb1.12Te1.95Se0.05,Ag0.7Sb1.12Te1.95Se0.05,3,Yes,Ag vacancy,0.3,Ag,Sb (0.12) @ Ag; Se (0.05) @ Te,Ag vacancy (0.3) @ Ag site; Sb (0.12) @ Ag site; Se (0.05) @ Te site,0.9 mW m-1 K-2,209 μV K-1,,1.01 dimensionless,750 K
10.1021/acsaelm.3c01653,el3c01653.pdf,AgSbTe2,Ag0.7Sb1.12Te1.95Se0.05,Ag0.7Sb1.12Te1.95Se0.05,3,Yes,Ag,0.7,Ag,Sb (1.12) @ Sb; Se (0.05) @ Te,Ag (0.7) @ Ag site; Sb (1.12) @ Sb site; Se (0.05) @ Te site,0.8 mW/mK^2,180 uV/K,,,750 K
10.1021/acsaelm.3c01653,el3c01653.pdf,AgSbTe2,Ag0.7Sb1.12Te1.95Se0.05,Ag0.7Sb1.12Te1.95Se0.05,2,Yes,Ag,0.7,Ag,Se (0.05) @ Te,Ag (0.7) @ Ag site; Se (0.05) @ Te site,,,,1.01 dimensionless,750 K
10.1021/acsaelm.3c01653,el3c01653.pdf,AgSbTe2,Ag0.7Sb1.12Te2,Ag0.7Sb1.12Te2,2,Yes,Ag,0.7,Ag,Sb (1.12) @ Sb,Ag (0.7) @ Ag site; Sb (1.12) @ Sb site,0.6 mW/mK^2,150 uV/K,,,300 K
10.1021/acsaelm.3c01653,el3c01653.pdf,AgSbTe2,Ag0.7Sb1.12Te2,Ag0.7Sb1.12Te2,1,No,Ag,0.7,Ag,,Ag (0.7) @ Ag site,,,,0.25 dimensionless,300 K
10.1021/acsaelm.3c01653,el3c01653.pdf,AgSbTe2,Ag0.7Sb1.12Te2,Ag0.7Sb1.12Te2,1,No,Ag,0.7,Ag,,Ag (0.7) @ Ag site,,,,0.70 dimensionless,500 K
10.1021/acsaelm.3c01653,el3c01653.pdf,AgSbTe2,Ag0.7Sb1.12Te2,Ag0.7Sb1.12Te2,2,Yes,Ag vacancy,0.3,Ag,Sb (0.12) @ Ag,Ag vacancy (0.3) @ Ag site; Sb (0.12) @ Ag site,0.9 mW m-1 K-2,157 μV K-1,,1.25 dimensionless,750 K
10.1021/acsaelm.3c01653,el3c01653.pdf,AgSbTe2,Ag0.7Sb1.12Te2,Ag0.7Sb1.12Te2,2,Yes,Ag,0.7,Ag,Sb (1.12) @ Sb,Ag (0.7) @ Ag site; Sb (1.12) @ Sb site,0.9 mW/mK^2,250 uV/K,,,750 K
10.1021/acsaelm.3c01653,el3c01653.pdf,AgSbTe2,Ag0.7Sb1.12Te2,Ag0.7Sb1.12Te2,1,No,Ag,0.7,Ag,,Ag (0.7) @ Ag site,,,,1.25 dimensionless,750 K
10.1021/acsaelm.3c01653,el3c01653.pdf,AgSbTe2,AgSbTe2,AgSbTe2,0,No,,,,,,,,,0.15 dimensionless,300 K
10.1021/acsaelm.3c01653,el3c01653.pdf,AgSbTe2,AgSbTe2,AgSbTe2,0,No,,,,,,,,,0.40 dimensionless,500 K
10.1021/acsaelm.3c01653,el3c01653.pdf,AgSbTe2,AgSbTe2,AgSbTe2,0,No,,,,,,,,,0.55 dimensionless,773 K
10.1021/jacs.1c07522,ja1c07522.pdf,AgSbTe2,ATMS,AgMnSbTe3,1,No,Mn,equimolar ratio,multiple sites,,Mn (equimolar ratio) @ multiple sites site,6.1 μW cm-1 K-2,197 μV/K,158.4 S/cm,0.27 dimensionless,300 K
10.1021/jacs.1c07522,ja1c07522.pdf,AgSbTe2,ATMS,AgMnSbTe3,1,No,Mn,equimolar ratio,multiple sites,,Mn (equimolar ratio) @ multiple sites site,,289 μV/K,,,573 K
10.1021/jacs.1c07522,ja1c07522.pdf,AgSbTe2,ATMS,AgMnSbTe3,1,No,Mn,equimolar ratio,multiple sites,,Mn (equimolar ratio) @ multiple sites site,,,91.1 S/cm,,623 K
10.1021/jacs.1c07522,ja1c07522.pdf,AgSbTe2,ATMS,AgMnSbTe3,1,No,Mn,equimolar ratio,multiple sites,,Mn (equimolar ratio) @ multiple sites site,12.2 μW cm-1 K-2,225 μV/K,242 S/cm,1.46 dimensionless,823 K
10.1021/jacs.1c07522,ja1c07522.pdf,AgSbTe2,ATMS,AgMnSbTe3,1,No,Mn,equimolar ratio,multiple sites,,Mn (equimolar ratio) @ multiple sites site,,,,0.87 dimensionless,400-823 K
10.1021/jacs.1c07522,ja1c07522.pdf,AgSbTe2,AgMnSbTe2 (m=1),AgMnSbTe2,1,No,Mn,equimolar,multiple sites,,Mn (equimolar) @ multiple sites site,6.1 uW cm-1 K-2,197 uV/K,,0.27 dimensionless,300 K
10.1021/jacs.1c07522,ja1c07522.pdf,AgSbTe2,AgMnSbTe2 (m=1),AgMnSbTe2,1,No,Mn,equimolar,multiple sites,,Mn (equimolar) @ multiple sites site,,289 uV/K,,,573 K
10.1021/jacs.1c07522,ja1c07522.pdf,AgSbTe2,AgMnSbTe2 (m=1),AgMnSbTe2,1,No,Mn,equimolar,multiple sites,,Mn (equimolar) @ multiple sites site,12.2 uW cm-1 K-2,225 uV/K,,0.87 dimensionless,823 K
10.1021/jacs.1c07522,ja1c07522.pdf,AgSbTe2,AgMnSbTe3 (m=1),AgMnSbTe3,1,No,Mn,equimolar ratio,multiple sites,,Mn (equimolar ratio) @ multiple sites site,12.2 uW cm^-1 K^-2,240 uVK^-1,120 Scm^-1,1.46 dimensionless,823 K
10.1021/jacs.1c08931,ja1c08931.pdf,(SnSe)0.5(AgSbTe2)0.5,(SnSe)0.5(AgSb1-xGexSe2)0.5 (x = 0.06),(SnSe)0.5(AgSb0.94Ge0.06Se2)0.5,1,No,Ge,6 mol %,Sb,,Ge (6 mol %) @ Sb site,7.88 μW/cm·K2,,,1.05 dimensionless,706 K
10.1021/jacs.1c08931,ja1c08931.pdf,(SnSe)0.5(AgSbTe2)0.5,(SnSe)0.5(AgSb1-xGexSe2)0.5 (x = 0.08),(SnSe)0.5(AgSb0.92Ge0.08Se2)0.5,1,No,Ge,x = 0.08,Sb,,Ge (x = 0.08) @ Sb site,,78 μV/K,361 S/cm,,room temperature K
10.1021/jacs.1c08931,ja1c08931.pdf,(SnSe)0.5(AgSbTe2)0.5,"(SnSe)0.5(AgSb1-xGexTe2)0.5, x=0.0",(SnSe)0.5(AgSbTe2)0.5,1,No,Ge,x=0.0,Sb,,Ge (x=0.0) @ Sb site,,194 uV/K,,,295 K
10.1021/jacs.1c08931,ja1c08931.pdf,(SnSe)0.5(AgSbTe2)0.5,"(SnSe)0.5(AgSb1-xGexTe2)0.5, x=0.0",(SnSe)0.5(AgSbTe2)0.5,1,No,Ge,x=0.0,Sb,,Ge (x=0.0) @ Sb site,5.27 uW/cmK2,242 uV/K,,0.77 dimensionless,725 K
10.1021/jacs.1c08931,ja1c08931.pdf,(SnSe)0.5(AgSbTe2)0.5,"(SnSe)0.5(AgSb1-xGexTe2)0.5, x=0.0",(SnSe)0.5(AgSbTe2)0.5,1,No,Ge,x=0.0,Sb,,Ge (x=0.0) @ Sb site,,,66 S/cm,,not reported
10.1021/jacs.1c08931,ja1c08931.pdf,(SnSe)0.5(AgSbTe2)0.5,"(SnSe)0.5(AgSb1-xGexTe2)0.5, x=0.06",(SnSe)0.5(AgSb0.94Ge0.06Te2)0.5,1,No,Ge,x=0.06,Sb,,Ge (x=0.06) @ Sb site,7.88 uW/cmK2,,,1.05 dimensionless,706 K
10.1021/jacs.1c08931,ja1c08931.pdf,(SnSe)0.5(AgSbTe2)0.5,"(SnSe)0.5(AgSb1-xGexTe2)0.5, x=0.08",(SnSe)0.5(AgSb0.92Ge0.08Te2)0.5,1,No,Ge,x=0.08,Sb,,Ge (x=0.08) @ Sb site,,78 uV/K,361 S/cm,,not reported
10.1021/jacs.1c08931,ja1c08931.pdf,(SnSe)0.5(AgSbTe2)0.5,pristine (SnSe)0.5(AgSbSe2)0.5,(SnSe)0.5(AgSbSe2)0.5,0,No,,,,,,,194 μV/K,66 S/cm,,295 K
10.1021/jacs.1c08931,ja1c08931.pdf,(SnSe)0.5(AgSbTe2)0.5,pristine (SnSe)0.5(AgSbSe2)0.5,(SnSe)0.5(AgSbSe2)0.5,0,No,,,,,,5.27 μW/cm·K2,242 μV/K,90 S/cm,0.77 dimensionless,725 K
10.1021/jacs.3c09643,ja3c09643.pdf,AgSbTe2,AgSb0.94Hg0.06Te2,AgSb0.94Hg0.06Te2,1,No,Hg,6 mol %,Sb,,Hg (6 mol %) @ Sb site,11 uW cm-1 K-2,245 uV K-1,180 S cm-1,,300 K
10.1021/jacs.3c09643,ja3c09643.pdf,AgSbTe2,AgSb0.94Hg0.06Te2,AgSb0.94Hg0.06Te2,1,No,Hg,0.06,Sb,,Hg (0.06) @ Sb site,,,,2.0 dimensionless,570 K
10.1021/jacs.3c09643,ja3c09643.pdf,AgSbTe2,AgSb0.96Hg0.04Te2,AgSb0.96Hg0.04Te2,1,No,Hg,4 mol %,Sb,,Hg (4 mol %) @ Sb site,12.2 μW cm-1 K-2,240 μV K-1,212 S cm-1,,297 K
10.1021/jacs.3c09643,ja3c09643.pdf,AgSbTe2,AgSb0.96Hg0.04Te2,AgSb0.96Hg0.04Te2,1,No,Hg,4 mol %,Sb,,Hg (4 mol %) @ Sb site,12 uW cm-1 K-2,240 uV K-1,212 S cm-1,,300 K
10.1021/jacs.3c09643,ja3c09643.pdf,AgSbTe2,AgSb0.96Hg0.04Te2,AgSb0.96Hg0.04Te2,1,No,Hg,4 mol %,Sb,,Hg (4 mol %) @ Sb site,18.6 μW cm-1 K-2,,,2.4 dimensionless,570 K
10.1021/jacs.3c09643,ja3c09643.pdf,AgSbTe2,AgSb0.96Hg0.04Te2,AgSb0.96Hg0.04Te2,1,No,Hg,0.04,Sb,,Hg (0.04) @ Sb site,,,,2.4 dimensionless,570 K
10.1021/jacs.3c09643,ja3c09643.pdf,AgSbTe2,AgSb0.98Hg0.02Te2,AgSb0.98Hg0.02Te2,1,No,Hg,2 mol %,Sb,,Hg (2 mol %) @ Sb site,10 uW cm-1 K-2,250 uV K-1,160 S cm-1,,300 K
10.1021/jacs.3c09643,ja3c09643.pdf,AgSbTe2,AgSb0.98Hg0.02Te2,AgSb0.98Hg0.02Te2,1,No,Hg,0.02,Sb,,Hg (0.02) @ Sb site,,,,1.6 dimensionless,570 K
10.1021/jacs.3c09643,ja3c09643.pdf,AgSbTe2,AgSbTe2,AgSbTe2,0,No,,,,,,8 uW cm-1 K-2,273 uV K-1,104 S cm-1,,300 K
10.1021/jacs.3c09643,ja3c09643.pdf,AgSbTe2,AgSbTe2,AgSbTe2,0,No,,,,,,,,,0.9 dimensionless,570 K
10.1021/jacs.6c00040,ja6c00040.pdf,AgSbTe2,bulk Ag0.8Sb1.2Te2.2,Ag0.8Sb1.2Te2.2,0,No,,,,,,,180 μV/K,210 S/cm,,300 K
10.1021/jacs.6c00040,ja6c00040.pdf,AgSbTe2,bulk Ag0.8Sb1.2Te2.2,Ag0.8Sb1.2Te2.2,3,Yes,Ag,0.8,Ag,Sb (1.2) @ Sb; Te (2.2) @ Te,Ag (0.8) @ Ag site; Sb (1.2) @ Sb site; Te (2.2) @ Te site,,180 uV/K,210 S/cm,0.2 dimensionless,300 K
10.1021/jacs.6c00040,ja6c00040.pdf,AgSbTe2,bulk Ag0.8Sb1.2Te2.2,Ag0.8Sb1.2Te2.2,0,No,,,,,,,,110 S/cm,0.66 dimensionless,575 K
10.1021/jacs.6c00040,ja6c00040.pdf,AgSbTe2,bulk Ag0.8Sb1.2Te2.2,Ag0.8Sb1.2Te2.2,3,Yes,Ag,0.8,Ag,Sb (1.2) @ Sb; Te (2.2) @ Te,Ag (0.8) @ Ag site; Sb (1.2) @ Sb site; Te (2.2) @ Te site,,240 uV/K,110 S/cm,0.6 dimensionless,575 K
10.1021/jacs.6c00040,ja6c00040.pdf,AgSbTe2,nanocrystalline Ag0.8Sb1.2Te2.2,Ag0.8Sb1.2Te2.2,0,No,,,,,,,330 μV/K,25 S/cm,,300 K
10.1021/jacs.6c00040,ja6c00040.pdf,AgSbTe2,nanocrystalline Ag0.8Sb1.2Te2.2,Ag0.8Sb1.2Te2.2,3,Yes,Ag,0.8,Ag,Sb (1.2) @ Sb; Te (2.2) @ Te,Ag (0.8) @ Ag site; Sb (1.2) @ Sb site; Te (2.2) @ Te site,,330 uV/K,25 S/cm,0.4 dimensionless,300 K
10.1021/jacs.6c00040,ja6c00040.pdf,AgSbTe2,nanocrystalline Ag0.8Sb1.2Te2.2,Ag0.8Sb1.2Te2.2,0,No,,,,,,,300 μV/K,50 S/cm,1.2 dimensionless,575 K
10.1021/jacs.6c00040,ja6c00040.pdf,AgSbTe2,nanocrystalline Ag0.8Sb1.2Te2.2,Ag0.8Sb1.2Te2.2,3,Yes,Ag,0.8,Ag,Sb (1.2) @ Sb; Te (2.2) @ Te,Ag (0.8) @ Ag site; Sb (1.2) @ Sb site; Te (2.2) @ Te site,,280 uV/K,50 S/cm,1.2 dimensionless,575 K
10.1021/acs.jpcc.4c04467,jp4c04467.pdf,AgSbTe2,AgSbTe1.92S0.08,AgSbTe1.92S0.08,1,No,S,x=0.08,Te,,S (x=0.08) @ Te site,,,,0.35 dimensionless,300 K
10.1021/acs.jpcc.4c04467,jp4c04467.pdf,AgSbTe2,AgSbTe1.92S0.08,AgSbTe1.92S0.08,1,No,S,x = 0.08,Te,,S (x = 0.08) @ Te site,10.73 μW cm-1 K-1,,,1.31 dimensionless,573 K
10.1021/acs.jpcc.4c04467,jp4c04467.pdf,AgSbTe2,AgSbTe1.92S0.08,AgSbTe1.92S0.08,1,No,S,x=0.08,Te,,S (x=0.08) @ Te site,,,,1.3 dimensionless,600 K
10.1021/acs.jpcc.4c04467,jp4c04467.pdf,AgSbTe2,AgSbTe1.94S0.06,AgSbTe1.94S0.06,1,No,S,x = 0.06,Te,,S (x = 0.06) @ Te site,,189 μV K-1,192 S cm-1,,300 K
10.1021/acs.jpcc.4c04467,jp4c04467.pdf,AgSbTe2,AgSbTe1.94S0.06,AgSbTe1.94S0.06,1,No,S,0.06,Te,,S (0.06) @ Te site,,,192 S cm-1,,300 K
10.1021/acs.jpcc.4c04467,jp4c04467.pdf,AgSbTe2,AgSbTe1.94S0.06,AgSbTe1.94S0.06,1,No,S,x=0.06,Te,,S (x=0.06) @ Te site,,,,0.3 dimensionless,300 K
10.1021/acs.jpcc.4c04467,jp4c04467.pdf,AgSbTe2,AgSbTe1.94S0.06,AgSbTe1.94S0.06,1,No,S,x=0.06,Te,,S (x=0.06) @ Te site,,,,1.2 dimensionless,600 K
10.1021/acs.jpcc.4c04467,jp4c04467.pdf,AgSbTe2,AgSbTe1.96S0.04,AgSbTe1.96S0.04,1,No,S,x=0.04,Te,,S (x=0.04) @ Te site,,,,0.3 dimensionless,300 K
10.1021/acs.jpcc.4c04467,jp4c04467.pdf,AgSbTe2,AgSbTe1.96S0.04,AgSbTe1.96S0.04,1,No,S,x=0.04,Te,,S (x=0.04) @ Te site,,,,1.15 dimensionless,600 K
10.1021/acs.jpcc.4c04467,jp4c04467.pdf,AgSbTe2,AgSbTe1.9S0.1,AgSbTe1.9S0.1,1,No,S,x=0.1,Te,,S (x=0.1) @ Te site,,,,0.3 dimensionless,300 K
10.1021/acs.jpcc.4c04467,jp4c04467.pdf,AgSbTe2,AgSbTe1.9S0.1,AgSbTe1.9S0.1,1,No,S,x=0.1,Te,,S (x=0.1) @ Te site,,,,1.25 dimensionless,600 K
10.1021/acs.jpcc.4c04467,jp4c04467.pdf,AgSbTe2,AgSbTe2,AgSbTe2,0,No,,,,,,,197 μV K-1,164 S cm-1,0.3 dimensionless,300 K
10.1021/acs.jpcc.4c04467,jp4c04467.pdf,AgSbTe2,AgSbTe2,AgSbTe2,0,No,,,,,,,,,1.05 dimensionless,600 K
10.3390/ma15082843,materials-15-02843.pdf,AgSbTe2-family,9-AgSbTe2,AgSbTe2,1,No,carrier concentration,10^20 e-/cm^3,unclear,,carrier concentration (10^20 e-/cm^3) @ unclear site,,150 uV/K,,,300 K
10.3390/ma15082843,materials-15-02843.pdf,AgSbTe2-family,9-AgSbTe2,AgSbTe2,1,No,carrier concentration,10^20 e-/cm^3,unclear,,carrier concentration (10^20 e-/cm^3) @ unclear site,,250 uV/K,,,600 K
10.3390/ma15082843,materials-15-02843.pdf,AgSbTe2-family,9-AgSbTe2,AgSbTe2,1,No,carrier concentration,10^20 e-/cm^3,unclear,,carrier concentration (10^20 e-/cm^3) @ unclear site,,300 uV/K,,,900 K
10.3390/ma15082843,materials-15-02843.pdf,AgSbTe2-family,AgSb0.94Cd0.06Te2,AgSb0.94Cd0.06Te2,1,No,Cd,6 mol%,Sb,,Cd (6 mol%) @ Sb site,1.5 10^11 W/cm.K^2.s,250 uV/K,4.5 10^18 1/ohm.cm.s,,300 K
10.3390/ma15082843,materials-15-02843.pdf,AgSbTe2-family,AgSb0.94Cd0.06Te2,AgSb0.94Cd0.06Te2,1,No,Cd,0.06,Sb,,Cd (0.06) @ Sb site,,,,2.36 dimensionless,700 K
10.3390/ma15082843,materials-15-02843.pdf,AgSbTe2-family,AgSb0.94Cd0.06Te2,AgSb0.94Cd0.06Te2,1,No,Cd,6 mol%,Sb,,Cd (6 mol%) @ Sb site,,,,2.36 dimensionless,700 K
10.3390/ma15082843,materials-15-02843.pdf,AgSbTe2-family,AgSb0.94Cd0.06Te2,AgSb0.94Cd0.06Te2,1,No,Cd,6 mol%,Sb,,Cd (6 mol%) @ Sb site,4.5 10^11 W/cm.K^2.s,350 uV/K,5.0 10^18 1/ohm.cm.s,,900 K
10.3390/ma15082843,materials-15-02843.pdf,AgSbTe2-family,AgSbTe1.85Se0.15,AgSbTe1.85Se0.15,1,No,Se,0.15,Te,,Se (0.15) @ Te site,2.5 10^11 W/cm.K^2.s,200 uV/K,8.5 10^18 1/ohm.cm.s,,300 K
10.3390/ma15082843,materials-15-02843.pdf,AgSbTe2-family,AgSbTe1.85Se0.15,AgSbTe1.85Se0.15,1,No,Se,0.15,Te,,Se (0.15) @ Te site,,,,2.39 dimensionless,700 K
10.3390/ma15082843,materials-15-02843.pdf,AgSbTe2-family,AgSbTe1.85Se0.15,AgSbTe1.85Se0.15,1,No,Se,0.15,Te,,Se (0.15) @ Te site,5.5 10^11 W/cm.K^2.s,300 uV/K,4.5 10^18 1/ohm.cm.s,,900 K
10.3390/nano12213910,nanomaterials-12-03910.pdf,AgSbTe2,AgSbTe2 (arc-melted),AgSbTe2,0,No,,,,,,,,,0.6 dimensionless,680 K
10.3390/nano12213910,nanomaterials-12-03910.pdf,AgSbTe2,AgSbTe2 (arc-melted),AgSbTe2,0,No,,,,,,,,3.57e3 to 3.85e3 S/cm,,300-770 K
10.3390/nano12213910,nanomaterials-12-03910.pdf,AgSbTe2,AgSbTe2 (arc-melted),AgSbTe2,0,No,,,,,,,200 to 340 uV/K,,,300-700 K
10.3390/nano12213910,nanomaterials-12-03910.pdf,AgSbTe2,AgSbTe2 (arc-melted),AgSbTe2,0,No,,,,,,0.4 mW/m*K^2,,,,540-640 K
10.3390/nano12213910,nanomaterials-12-03910.pdf,AgSbTe2,arc-melted AgSbTe2,AgSbTe2,0,No,,,,,,0.15 mW m-1 K-2,200 uV K-1,,0.1 dimensionless,300 K
10.3390/nano12213910,nanomaterials-12-03910.pdf,AgSbTe2,arc-melted AgSbTe2,AgSbTe2,0,No,,,,,,,340 uV K-1,,,540 K
10.3390/nano12213910,nanomaterials-12-03910.pdf,AgSbTe2,arc-melted AgSbTe2,AgSbTe2,0,No,,,,,,0.38 mW m-1 K-2,,,,550 K
10.3390/nano12213910,nanomaterials-12-03910.pdf,AgSbTe2,arc-melted AgSbTe2,AgSbTe2,0,No,,,,,,,,,0.6 dimensionless,680 K
10.1021/acsenergylett.1c01184,nz1c01184.pdf,AgSbTe2,6 mol % Cd-doped AgSbTe2,AgSb1-xCdxTe2 (x=0.06),1,No,Cd,6 mol %,Sb,,Cd (6 mol %) @ Sb site,,,222 S cm-1,,300 K
10.1021/acsenergylett.1c01184,nz1c01184.pdf,AgSbTe2,6 mol % Cd-doped AgSbTe2,AgSb1-xCdxTe2 (x=0.06),1,No,Cd,6 mol %,Sb,,Cd (6 mol %) @ Sb site,18.3 μW cm-1 K-2,,,,543 K
10.1021/acsenergylett.1c01184,nz1c01184.pdf,AgSbTe2,6 mol % Cd-doped AgSbTe2,AgSb1-xCdxTe2 (x=0.06),1,No,Cd,6 mol %,Sb,,Cd (6 mol %) @ Sb site,,,,2.6 dimensionless,573 K
10.1021/acsenergylett.1c01184,nz1c01184.pdf,AgSbTe2,Ag0.94Cd0.06Te2,Ag0.94Cd0.06Te2,1,No,Cd,6 mol %,Sb,,Cd (6 mol %) @ Sb site,,,,1.2 dimensionless,300 K
10.1021/acsenergylett.1c01184,nz1c01184.pdf,AgSbTe2,Ag0.94Cd0.06Te2,Ag0.94Cd0.06Te2,1,No,Cd,6 mol %,Sb,,Cd (6 mol %) @ Sb site,,,,1.8 dimensionless,400 K
10.1021/acsenergylett.1c01184,nz1c01184.pdf,AgSbTe2,Ag0.94Cd0.06Te2,Ag0.94Cd0.06Te2,1,No,Cd,6 mol %,Sb,,Cd (6 mol %) @ Sb site,,,,2.3 dimensionless,500 K
10.1021/acsenergylett.1c01184,nz1c01184.pdf,AgSbTe2,Ag0.94Cd0.06Te2,Ag0.94Cd0.06Te2,1,No,Cd,6 mol %,Sb,,Cd (6 mol %) @ Sb site,,,,2.6 dimensionless,573 K
10.1021/acsenergylett.1c01184,nz1c01184.pdf,AgSbTe2,Ag0.95Sb0.95Mn0.10Te2,Ag0.95Sb0.95Mn0.10Te2,1,No,Mn,0.10,multiple sites,,Mn (0.10) @ multiple sites site,,,,0.74 dimensionless,550 K
10.1021/acsenergylett.1c01184,nz1c01184.pdf,AgSbTe2,Ag0.96Zn0.04Te2,Ag0.96Zn0.04Te2,1,No,Zn,4 mol %,Sb,,Zn (4 mol %) @ Sb site,,,,0.8 dimensionless,300 K
10.1021/acsenergylett.1c01184,nz1c01184.pdf,AgSbTe2,Ag0.96Zn0.04Te2,Ag0.96Zn0.04Te2,1,No,Zn,4 mol %,Sb,,Zn (4 mol %) @ Sb site,,,,1.2 dimensionless,400 K
10.1021/acsenergylett.1c01184,nz1c01184.pdf,AgSbTe2,Ag0.96Zn0.04Te2,Ag0.96Zn0.04Te2,1,No,Zn,4 mol %,Sb,,Zn (4 mol %) @ Sb site,,,,1.5 dimensionless,500 K
10.1021/acsenergylett.1c01184,nz1c01184.pdf,AgSbTe2,Ag0.96Zn0.04Te2,Ag0.96Zn0.04Te2,1,No,Zn,4 mol %,Sb,,Zn (4 mol %) @ Sb site,,,,1.6 dimensionless,600 K
10.1021/acsenergylett.1c01184,nz1c01184.pdf,AgSbTe2,AgSb0.93In0.07Te2,AgSb0.93In0.07Te2,1,No,In,0.07,Sb,,In (0.07) @ Sb site,,,,1.35 dimensionless,650 K
10.1021/acsenergylett.1c01184,nz1c01184.pdf,AgSbTe2,AgSb0.95Bi0.05Te2,AgSb0.95Bi0.05Te2,1,No,Bi,0.05,Sb,,Bi (0.05) @ Sb site,,,,1.04 dimensionless,570 K
10.1021/acsenergylett.1c01184,nz1c01184.pdf,AgSbTe2,AgSb0.96Zn0.04Te2,AgSb0.96Zn0.04Te2,1,No,Zn,0.04,Sb,,Zn (0.04) @ Sb site,,,160 S cm-1,,300 K
10.1021/acsenergylett.1c01184,nz1c01184.pdf,AgSbTe2,AgSb0.96Zn0.04Te2,AgSb0.96Zn0.04Te2,1,No,Zn,0.04,Sb,,Zn (0.04) @ Sb site,17.3 μW cm-1 K-2,,,1.9 dimensionless,585 K
10.1021/acsenergylett.1c01184,nz1c01184.pdf,AgSbTe2,AgSb0.99La0.01Te2,AgSb0.99La0.01Te2,1,No,La,0.01,Sb,,La (0.01) @ Sb site,,,,1.50 dimensionless,573 K
10.1021/acsenergylett.1c01184,nz1c01184.pdf,AgSbTe2,AgSb1-xCd xTe2 (x=0.02),AgSb0.98Cd0.02Te2,1,No,Cd,2 mol %,Sb,,Cd (2 mol %) @ Sb site,10 uW cm-1 K-2,240 uV/K,150 S cm-1,1.1 dimensionless,300 K
10.1021/acsenergylett.1c01184,nz1c01184.pdf,AgSbTe2,AgSb1-xCd xTe2 (x=0.06),AgSb0.94Cd0.06Te2,1,No,Cd,6 mol %,Sb,,Cd (6 mol %) @ Sb site,,,222 S cm-1,,300 K
10.1021/acsenergylett.1c01184,nz1c01184.pdf,AgSbTe2,AgSb1-xCd xTe2 (x=0.06),AgSb0.94Cd0.06Te2,1,No,Cd,6 mol %,Sb,,Cd (6 mol %) @ Sb site,18.3 uW cm-1 K-2,,,,543 K
10.1021/acsenergylett.1c01184,nz1c01184.pdf,AgSbTe2,AgSb1-xCd xTe2 (x=0.06),AgSb0.94Cd0.06Te2,1,No,Cd,6 mol %,Sb,,Cd (6 mol %) @ Sb site,,,,2.6 dimensionless,573 K
10.1021/acsenergylett.1c01184,nz1c01184.pdf,AgSbTe2,AgSbTe1.85Se0.15,AgSbTe1.85Se0.15,1,No,Se,0.15,Te,,Se (0.15) @ Te site,14.5 μW cm-1 K-2,,,2.1 dimensionless,550 K
10.1021/acsenergylett.1c01184,nz1c01184.pdf,AgSbTe2,AgSbTe1.98Se0.02,AgSbTe1.98Se0.02,1,No,Se,0.02,Te,,Se (0.02) @ Te site,,,,1.35 dimensionless,600 K
10.1021/acsenergylett.1c01184,nz1c01184.pdf,AgSbTe2,AgSbTe2,AgSbTe2,0,No,,,,,,,,130 S cm-1,,300 K
10.1021/acsenergylett.1c01184,nz1c01184.pdf,AgSbTe2,AgSbTe2,AgSbTe2,0,No,,,,,,,,,1 dimensionless,450 K
10.1021/acsenergylett.1c01184,nz1c01184.pdf,AgSbTe2,Na0.02Ag0.98SbTe2.02,Na0.02Ag0.98SbTe2.02,1,No,Na,0.02,Ag,,Na (0.02) @ Ag site,,,,1.5 dimensionless,570 K
10.1021/acsenergylett.6b00639,nz6b00639.pdf,AgSbTe2,Ag0.96Zn0.04Te2,Ag0.96Zn0.04Te2,1,No,Zn,0.04,Sb,,Zn (0.04) @ Sb site,11.5 µW cm-1 K-2,275 µV/K,145 S/cm,,300 K
10.1021/acsenergylett.6b00639,nz6b00639.pdf,AgSbTe2,Ag0.96Zn0.04Te2,Ag0.96Zn0.04Te2,1,No,Zn,0.04,Sb,,Zn (0.04) @ Sb site,,,145 S/cm,,475 K
10.1021/acsenergylett.6b00639,nz6b00639.pdf,AgSbTe2,Ag0.96Zn0.04Te2,Ag0.96Zn0.04Te2,1,No,Zn,0.04,Sb,,Zn (0.04) @ Sb site,17.3 µW cm-1 K-2,,,1.9 dimensionless,585 K
10.1021/acsenergylett.6b00639,nz6b00639.pdf,AgSbTe2,Ag0.96Zn0.04Te2,Ag0.96Zn0.04Te2,1,No,Zn,0.04,Sb,,Zn (0.04) @ Sb site,,235 µV/K,,,610 K
10.1021/acsenergylett.6b00639,nz6b00639.pdf,AgSbTe2,Ag0.96Zn0.04Te2,Ag0.96Zn0.04Te2,1,No,Zn,0.04,Sb,,Zn (0.04) @ Sb site,,,227 S/cm,,632 K
10.1021/acsenergylett.6b00639,nz6b00639.pdf,AgSbTe2,AgSb0.96Zn0.04Te2,AgSb0.96Zn0.04Te2,1,No,Zn,0.04,Sb,,Zn (0.04) @ Sb site,11.5 μW cm-1 K-2,235 μV/K,160 S/cm,,300 K
10.1021/acsenergylett.6b00639,nz6b00639.pdf,AgSbTe2,AgSb0.96Zn0.04Te2,AgSb0.96Zn0.04Te2,1,No,Zn,0.04,Sb,,Zn (0.04) @ Sb site,,,145 S/cm,,475 K
10.1021/acsenergylett.6b00639,nz6b00639.pdf,AgSbTe2,AgSb0.96Zn0.04Te2,AgSb0.96Zn0.04Te2,1,No,Zn,0.04,Sb,,Zn (0.04) @ Sb site,17.3 μW cm-1 K-2,,,1.9 dimensionless,585 K
10.1021/acsenergylett.6b00639,nz6b00639.pdf,AgSbTe2,AgSb0.96Zn0.04Te2,AgSb0.96Zn0.04Te2,1,No,Zn,0.04,Sb,,Zn (0.04) @ Sb site,,275 μV/K,,,610 K
10.1021/acsenergylett.6b00639,nz6b00639.pdf,AgSbTe2,AgSb0.96Zn0.04Te2,AgSb0.96Zn0.04Te2,1,No,Zn,0.04,Sb,,Zn (0.04) @ Sb site,,,227 S/cm,,632 K
10.1021/acsenergylett.6b00639,nz6b00639.pdf,AgSbTe2,AgSb1-xZnxTe2 (x=0.04),AgSb0.96Zn0.04Te2,1,No,Zn,0.04,Sb,,Zn (0.04) @ Sb site,,,,1.9 dimensionless,585 K
10.1021/acsenergylett.6b00639,nz6b00639.pdf,AgSbTe2,AgSbTe2,AgSbTe2,0,No,,,,,,9.6 μW cm-1 K-2,264 μV/K,136 S/cm,,300 K
10.1021/acsenergylett.6b00639,nz6b00639.pdf,AgSbTe2,AgSbTe2,AgSbTe2,0,No,,,,,,,360 μV/K,,,438 K
10.1021/acsenergylett.6b00639,nz6b00639.pdf,AgSbTe2,AgSbTe2,AgSbTe2,0,No,,,,,,7.9 μW cm-1 K-2,,,,610 K
10.1021/acsenergylett.8b00137,nz8b00137.pdf,AgSnmSbTe2+m,AgSn5SbTe7,AgSn5SbTe7,1,No,I,0.6 atom %,Te,,I (0.6 atom %) @ Te site,,,,1.2 dimensionless,800 K
10.1021/acsenergylett.8b00137,nz8b00137.pdf,AgSnmSbTe2+m,AgSnmSbTe2+m (m=5),AgSn5SbTe7,2,Yes,Ag,m=5,Sn,Sb (m=5) @ Sn,Ag (m=5) @ Sn site; Sb (m=5) @ Sn site,,110 uV/K,2500 S/cm,0.4 dimensionless,300 K
10.1021/acsenergylett.8b00137,nz8b00137.pdf,AgSnmSbTe2+m,AgSnmSbTe2+m (m=5),AgSn5SbTe7,2,Yes,Ag,m=5,Sn,Sb (m=5) @ Sn,Ag (m=5) @ Sn site; Sb (m=5) @ Sn site,,,,1.2 dimensionless,800 K
10.1021/acsenergylett.8b00137,nz8b00137.pdf,AgSnmSbTe2+m,AgSnmSbTe2+m (m=50),AgSn50SbTe52,2,Yes,Ag,m=50,Sn,Sb (m=50) @ Sn,Ag (m=50) @ Sn site; Sb (m=50) @ Sn site,,45 uV/K,6500 S/cm,0.2 dimensionless,300 K
10.1021/acsenergylett.8b00137,nz8b00137.pdf,AgSnmSbTe2+m,m=15,AgSn15SbTe17,0,No,,,,,,,,26 cm2 V-1 s-1 | 9.1 10^20 cm-3,,room temperature K
10.1021/acsenergylett.8b00137,nz8b00137.pdf,AgSnmSbTe2+m,m=20,AgSn20SbTe22,0,No,,,,,,,,32 cm2 V-1 s-1 | 8.3 10^20 cm-3,,room temperature K
10.1021/acsenergylett.8b00137,nz8b00137.pdf,AgSnmSbTe2+m,m=25,AgSn25SbTe27,0,No,,,,,,,,35 cm2 V-1 s-1 | 7.8 10^20 cm-3,,room temperature K
10.1021/acsenergylett.8b00137,nz8b00137.pdf,AgSnmSbTe2+m,m=5,AgSn5SbTe7,0,No,,,,,,,,10 cm2 V-1 s-1 | 14.5 10^20 cm-3,,room temperature K
10.1021/acsenergylett.8b00137,nz8b00137.pdf,AgSnmSbTe2+m,m=50,AgSn50SbTe52,0,No,,,,,,,,5.4 10^20 cm-3 | 62 cm2 V-1 s-1,,room temperature K
10.1007/s10854-025-15118-x,s10854-025-15118-x.pdf,AgSbTe2,BM-400,AgSbTe2,0,No,,,,,,,,37.80 cm²·V⁻1·s⁻1,,300 K
10.1007/s10854-025-15118-x,s10854-025-15118-x.pdf,AgSbTe2,BM-450,AgSbTe2,0,No,,,,,,,,,1.38 dimensionless,600 K
10.1007/s10854-025-15118-x,s10854-025-15118-x.pdf,AgSbTe2,MQ-350,AgSbTe2,0,No,,,,,,2.79 μW·cm-1·K-2 | 2.79 μW·cm⁻1·K⁻2,,,,300 K
10.1007/s10854-025-15118-x,s10854-025-15118-x.pdf,AgSbTe2,MQ-450,AgSbTe2,0,No,,,,,,9.52 μW·cm-1·K-2 | 9.52 μW·cm⁻1·K⁻2,235 μV·K-1 | 235 μV·K⁻1,1.79 x 10^4 S·m-1 | 1.79 × 10^4 S·m⁻1,,300 K
10.1007/s10854-025-15118-x,s10854-025-15118-x.pdf,AgSbTe2,MQ-450,AgSbTe2,0,No,,,,,,,295 μV·K-1 | 295 μV·K⁻1,,,500 K
10.1007/s10854-025-15118-x,s10854-025-15118-x.pdf,AgSbTe2,MQ-450,AgSbTe2,0,No,,,,,,13.16 μW·cm⁻1·K⁻2,,,1.67 dimensionless,600 K
10.1007/s10854-026-17196-x,s10854-026-17196-x.pdf,AgSbTe2,AST-110,AgSbTe2,0,No,,,,,,460.3 µW m−1 K−2,122.0 µVK−1,3.09 × 104 S m−1,,300 K
10.1007/s10854-026-17196-x,s10854-026-17196-x.pdf,AgSbTe2,AST-50,AgSbTe2,0,No,,,,,,171.5 µW m−1 K−2,303.0 µVK−1,0.19 × 104 S m−1,,300 K
10.1007/s10854-026-17196-x,s10854-026-17196-x.pdf,AgSbTe2,AST-70,AgSbTe2,0,No,,,,,,1179.2 µW m−1 K−2,200.2 µVK−1,2.95 × 104 S m−1,,300 K
10.1007/s10854-026-17196-x,s10854-026-17196-x.pdf,AgSbTe2,AST-90,AgSbTe2,0,No,,,,,,1264.6 µW m−1 K−2,175.2 µVK−1,4.12 * 10^4 S m^-1 | 4.12 × 104 S m−1,,300 K
10.1007/s10854-026-17196-x,s10854-026-17196-x.pdf,AgSbTe2,AST-AS,AgSbTe2,0,No,,,,,,106.6 µW m−1 K−2,404.5 µVK−1,0.06 × 104 S m−1,,300 K
10.1007/s11664-009-0669-7,s11664-009-0669-7.pdf,AgSbTe2,1% BiTe doped AgSbTe2,AgSbTe2 + 1% BiTe,2,Yes,Bi,1%,Sb,Te (1%) @ unclear,Bi (1%) @ Sb site; Te (1%) @ unclear site,,,,0.45 dimensionless,400 K
10.1007/s11664-009-0669-7,s11664-009-0669-7.pdf,AgSbTe2,1% NaSe0.5Te0.5 doped AgSbTe2,AgSbTe2 + 1% NaSe0.5Te0.5,3,Yes,Na,1%,unclear,Se (0.5%) @ unclear; Te (0.5%) @ unclear,Na (1%) @ unclear site; Se (0.5%) @ unclear site; Te (0.5%) @ unclear site,,,,1.2 dimensionless,400 K
10.1007/s11664-009-0669-7,s11664-009-0669-7.pdf,AgSbTe2,1% NaTe doped AgSbTe2,AgSbTe2 + 1% NaTe,2,Yes,Na,1%,unclear,Te (1%) @ unclear,Na (1%) @ unclear site; Te (1%) @ unclear site,,,,0.87 dimensionless,400 K
10.1007/s11664-009-0669-7,s11664-009-0669-7.pdf,AgSbTe2,1% excess Pb doped AgSbTe2,AgSbTe2 + 1% Pb,1,No,Pb,1%,Ag,,Pb (1%) @ Ag site,,,,0.45 dimensionless,400 K
10.1007/s11664-009-0669-7,s11664-009-0669-7.pdf,AgSbTe2,1.5% TlTe doped AgSbTe2,AgSbTe2 + 1.5% TlTe,2,Yes,Tl,1.5%,Sb,Te (1.5%) @ unclear,Tl (1.5%) @ Sb site; Te (1.5%) @ unclear site,,,,1.05 dimensionless,400 K
10.1007/s11664-009-0669-7,s11664-009-0669-7.pdf,AgSbTe2,2% AgTe doped AgSbTe2,AgSbTe2 + 2% AgTe,2,Yes,Ag,2%,unclear,Te (2%) @ unclear,Ag (2%) @ unclear site; Te (2%) @ unclear site,,,,0.55 dimensionless,400 K
10.1007/s11664-009-0669-7,s11664-009-0669-7.pdf,AgSbTe2,AgSbTe2:2% AgTe,AgSbTe2 doped with 2 at.% excess AgTe,1,No,Ag,2 at.%,unclear,,Ag (2 at.%) @ unclear site,,,,0.87 dimensionless | 1.05 dimensionless | 1.2 dimensionless,400 K
10.1007/s11664-009-0669-7,s11664-009-0669-7.pdf,AgSbTe2,AgSbTe2:2% AgTe,AgSbTe2 doped with 2 at.% excess AgTe,1,No,Ag,2 at.%,unclear,,Ag (2 at.%) @ unclear site,,,,0.5 dimensionless,not reported
10.1007/s11664-009-0669-7,s11664-009-0669-7.pdf,AgSbTe2,undoped AgSbTe2,AgSbTe2,0,No,,,,,,,,,0.5 dimensionless,400 K
10.1007/s11664-015-4102-0,s11664-015-4102-0.pdf,AgSbTe2,AgSbTe1.98Se0.02,AgSbTe1.98Se0.02,1,No,Se,0.02,Te,,Se (0.02) @ Te site,,,1.6 * 10^4 S m-1 | 16000 Sm^-1,,323 K
10.1007/s11664-015-4102-0,s11664-015-4102-0.pdf,AgSbTe2,AgSbTe1.98Se0.02,AgSbTe1.98Se0.02,1,No,Se,0.02,Te,,Se (0.02) @ Te site,,278 uV K-1,,1.07 dimensionless,563 K
10.1007/s11664-015-4102-0,s11664-015-4102-0.pdf,AgSbTe2,AgSbTe2,AgSbTe2,0,No,,,,,,,220 uV K^-1,4000 S m^-1,0.2 dimensionless,300 K
10.1007/s11664-015-4102-0,s11664-015-4102-0.pdf,AgSbTe2,AgSbTe2,AgSbTe2,0,No,,,,,,,,1.5 * 10^4 S m-1,,323 K
10.1007/s11664-015-4102-0,s11664-015-4102-0.pdf,AgSbTe2,AgSbTe2,AgSbTe2,0,No,,,,,,,340 uV K^-1,6000 S m^-1,0.4 dimensionless,400 K
10.1007/s11664-015-4102-0,s11664-015-4102-0.pdf,AgSbTe2,AgSbTe2,AgSbTe2,0,No,,,,,,,270 uV K-1,,,574 K
10.1007/s11664-015-4102-0,s11664-015-4102-0.pdf,AgSbTe2,AgSbTe2,AgSbTe2,0,No,,,,,,,,,0.65 dimensionless,575 K
10.1007/s11664-015-4102-0,s11664-015-4102-0.pdf,AgSbTe2,AgSbTe2,AgSbTe2,0,No,,,,,,,280 uV K^-1,7000 S m^-1,0.5 dimensionless,600 K
10.1007/s11664-024-11310-7,s11664-024-11310-7.pdf,AgSbTe2,Ag0.7Sb1.12Te2,Ag0.7Sb1.12Te2,2,Yes,Ag,0.7,Ag,Sb (1.12) @ Sb,Ag (0.7) @ Ag site; Sb (1.12) @ Sb site,0.6 W m-1 K-2,,,0.61 dimensionless,750 K
10.1007/s11664-024-11310-7,s11664-024-11310-7.pdf,AgSbTe2,Ag0.7Sb1.12Te2,Ag0.7Sb1.12Te2,1,No,Sb,1.12,unclear,,Sb (1.12) @ unclear site,0.6 W m^-1 K^-2,,,0.61 dimensionless,750 K
10.1007/s11664-024-11310-7,s11664-024-11310-7.pdf,AgSbTe2,AgSbTe2,AgSbTe2,1,No,Hg,not specified,unclear,,Hg (not specified) @ unclear site,,,,not specified dimensionless,570 K
10.1007/s11664-024-11310-7,s11664-024-11310-7.pdf,AgSbTe2,AgSbTe2 (Hg doped),AgSbTe2,1,No,Hg,unspecified,unclear,,Hg (unspecified) @ unclear site,,,,unspecified dimensionless,570 K
10.1007/s11664-024-11310-7,s11664-024-11310-7.pdf,AgSbTe2,Cu2-yAgxTe0.6S0.2Se0.2,Cu2-yAgxTe0.6S0.2Se0.2,2,Yes,Ag,y,unclear,Ag (x) @ unclear,Ag (y) @ unclear site; Ag (x) @ unclear site,visually estimated from Fig. 8d uW/cmK^2,visually estimated from Fig. 8d uV/K,visually estimated from Fig. 8d S/cm,visually estimated from Fig. 8d dimensionless,not reported
10.1007/s12613-011-0446-5,s12613-011-0446-5.pdf,Ag0.84Sb1.15Te2.16,Ag0.84Sb1.15Ce0.01Te2.16,Ag0.84Sb1.15Ce0.01Te2.16,1,No,Ce,0.01,Sb,,Ce (0.01) @ Sb site,,,2.5×10^4 S·m−1,,673 K
10.1007/s12613-011-0446-5,s12613-011-0446-5.pdf,Ag0.84Sb1.15Te2.16,Ag0.84Sb1.15Yb0.01Te2.16,Ag0.84Sb1.15Yb0.01Te2.16,1,No,Yb,0.01,Sb,,Yb (0.01) @ Sb site,,,2.3×10^4 S·m−1,,673 K
10.1007/s12613-011-0446-5,s12613-011-0446-5.pdf,Ag0.84Sb1.15Te2.16,AgSbTe2,Ag0.84Sb1.15Te2.16,0,No,,,,,,2.1 10^-3 W/mK^2,290 uV/K,2.6 10^4 S/m,0.8 dimensionless,300 K
10.1007/s12613-011-0446-5,s12613-011-0446-5.pdf,Ag0.84Sb1.15Te2.16,AgSbTe2-Ce,Ag0.84Sb1.15Ce0.01Te2.16,1,No,Ce,0.01,Sb,,Ce (0.01) @ Sb site,1.8 10^-3 W/mK^2,285 uV/K,2.2 10^4 S/m,0.6 dimensionless,300 K
10.1007/s12613-011-0446-5,s12613-011-0446-5.pdf,Ag0.84Sb1.15Te2.16,AgSbTe2-Cu,Ag0.84Sb1.15Cu0.01Te2.16,1,No,Cu,0.01,Sb,,Cu (0.01) @ Sb site,1.3 10^-3 W/mK^2,230 uV/K,2.0 10^4 S/m,0.45 dimensionless,300 K
10.1007/s12613-011-0446-5,s12613-011-0446-5.pdf,Ag0.84Sb1.15Te2.16,AgSbTe2-Yb,Ag0.84Sb1.15Yb0.01Te2.16,1,No,Yb,0.01,Sb,,Yb (0.01) @ Sb site,1.7 10^-3 W/mK^2,280 uV/K,2.1 10^4 S/m,0.55 dimensionless,300 K
10.1007/s40843-024-3152-0,s40843-024-3152-0.pdf,AgSbTe2,Ag0.9Sb1.1Te2.1,Ag0.9Sb1.1Te2.1,3,Yes,Ag,0.9,Ag,Sb (1.1) @ Sb; Te (2.1) @ Te,Ag (0.9) @ Ag site; Sb (1.1) @ Sb site; Te (2.1) @ Te site,,250 uV K^-1,8 10^4 S m^-1,,300 K
10.1007/s40843-024-3152-0,s40843-024-3152-0.pdf,AgSbTe2,Ag0.9Sb1.1Te2.1,Ag0.9Sb1.1Te2.1,3,Yes,Ag,0.9,Ag,Sb (1.1) @ Sb; Te (2.1) @ Te,Ag (0.9) @ Ag site; Sb (1.1) @ Sb site; Te (2.1) @ Te site,,,,1.0 dimensionless | 1.5 dimensionless,600 K
10.1007/s40843-024-3152-0,s40843-024-3152-0.pdf,AgSbTe2,Ag0.9Sb1.1Te2.1,Ag0.9Sb1.1Te2.1,3,Yes,Ag,0.9,Ag,Sb (1.1) @ Sb; Te (2.1) @ Te,Ag (0.9) @ Ag site; Sb (1.1) @ Sb site; Te (2.1) @ Te site,,not explicitly stated not explicitly stated,not explicitly stated not explicitly stated,,not reported
10.1038/s41467-024-55280-0,s41467-024-55280-0.pdf,AgSbTe2,Ag0.94Sn0.06Te2,AgSb0.94Sn0.06Te2,1,No,Sn,6 mol%,Sb,,Sn (6 mol%) @ Sb site,,,231 S/cm,,300 K
10.1038/s41467-024-55280-0,s41467-024-55280-0.pdf,AgSbTe2,AgSb0.94Sn0.06Te2,AgSb0.94Sn0.06Te2,1,No,Sn,6 mol%,Sb,,Sn (6 mol%) @ Sb site,,,231 S/cm,,300 K
10.1038/s41467-024-55280-0,s41467-024-55280-0.pdf,AgSbTe2,AgSb0.94Sn0.06Te2,AgSb0.94Sn0.06Te2,1,No,Sn,0.06,Sb,,Sn (0.06) @ Sb site,,200 uV/K,,0.6 dimensionless,300 K
10.1038/s41467-024-55280-0,s41467-024-55280-0.pdf,AgSbTe2,AgSb0.94Sn0.06Te2,AgSb0.94Sn0.06Te2,1,No,Sn,6 mol%,Sb,,Sn (6 mol%) @ Sb site,27 µWcm−1K−2,,,2.5 dimensionless,673 K
10.1038/s41467-024-55280-0,s41467-024-55280-0.pdf,AgSbTe2,AgSb0.94Sn0.06Te2,AgSb0.94Sn0.06Te2,1,No,Sn,0.06,Sb,,Sn (0.06) @ Sb site,,310 uV/K,,2.5 dimensionless,673 K
10.1038/s41467-024-55280-0,s41467-024-55280-0.pdf,AgSbTe2,AgSb0.97Sn0.03Te2,AgSb0.97Sn0.03Te2,1,No,Sn,0.03,Sb,,Sn (0.03) @ Sb site,,230 uV/K,,0.5 dimensionless,300 K
10.1038/s41467-024-55280-0,s41467-024-55280-0.pdf,AgSbTe2,AgSb0.97Sn0.03Te2,AgSb0.97Sn0.03Te2,1,No,Sn,0.03,Sb,,Sn (0.03) @ Sb site,,310 uV/K,,2.1 dimensionless,673 K
10.1038/s41467-024-55280-0,s41467-024-55280-0.pdf,AgSbTe2,AgSb0.9Sn0.1Te2,AgSb0.9Sn0.1Te2,1,No,Sn,0.1,Sb,,Sn (0.1) @ Sb site,,180 uV/K,,0.5 dimensionless,300 K
10.1038/s41467-024-55280-0,s41467-024-55280-0.pdf,AgSbTe2,AgSb0.9Sn0.1Te2,AgSb0.9Sn0.1Te2,1,No,Sn,0.1,Sb,,Sn (0.1) @ Sb site,,300 uV/K,,1.5 dimensionless,673 K
10.1038/s41467-024-55280-0,s41467-024-55280-0.pdf,AgSbTe2,AgSbTe2,AgSbTe2,0,No,,,,,,,270 µV/K,89 S/cm,0.4 dimensionless,300 K
10.1038/s41467-024-55280-0,s41467-024-55280-0.pdf,AgSbTe2,AgSbTe2,AgSbTe2,0,No,,,,,,,389 µV/K,,,465 K
10.1038/s41467-024-55280-0,s41467-024-55280-0.pdf,AgSbTe2,AgSbTe2,AgSbTe2,0,No,,,,,,,380 uV/K,,,500 K
10.1038/s41467-024-55280-0,s41467-024-55280-0.pdf,AgSbTe2,AgSbTe2,AgSbTe2,0,No,,,,,,,300 uV/K,,0.7 dimensionless,673 K
10.1038/s41467-024-55280-0,s41467-024-55280-0.pdf,AgSbTe2,Pristine AgSbTe2,AgSbTe2,0,No,,,,,,,270 μV/K,89 S/cm,,300 K
10.1038/s41467-024-55280-0,s41467-024-55280-0.pdf,AgSbTe2,Pristine AgSbTe2,AgSbTe2,0,No,,,,,,,389 μV/K,,,465 K
10.1557/s43578-025-01619-2,s43578-025-01619-2.pdf,AgSbTe2,GeSe-15%AgSbTe2,GeSe-15%AgSbTe2,1,No,AgSbTe2,15%,unclear,,AgSbTe2 (15%) @ unclear site,,,,0.05 dimensionless,300 K
10.1557/s43578-025-01619-2,s43578-025-01619-2.pdf,AgSbTe2,GeSe-15%AgSbTe2,GeSe-15%AgSbTe2,1,No,AgSbTe2,15%,unclear,,AgSbTe2 (15%) @ unclear site,,,,0.15 dimensionless,350 K
10.1557/s43578-025-01619-2,s43578-025-01619-2.pdf,AgSbTe2,GeSe-15%AgSbTe2,GeSe-15%AgSbTe2,1,No,AgSbTe2,15%,unclear,,AgSbTe2 (15%) @ unclear site,,,,0.25 dimensionless,400 K
10.1557/s43578-025-01619-2,s43578-025-01619-2.pdf,AgSbTe2,GeSe-15%AgSbTe2,GeSe-15%AgSbTe2,1,No,AgSbTe2,15%,unclear,,AgSbTe2 (15%) @ unclear site,,,,0.35 dimensionless,450 K
10.1557/s43578-025-01619-2,s43578-025-01619-2.pdf,AgSbTe2,GeSe-15%AgSbTe2,GeSe-15%AgSbTe2,1,No,AgSbTe2,15%,unclear,,AgSbTe2 (15%) @ unclear site,,,,0.45 dimensionless,500 K
10.1557/s43578-025-01619-2,s43578-025-01619-2.pdf,AgSbTe2,GeSe-15%AgSbTe2,GeSe-15%AgSbTe2,1,No,AgSbTe2,15%,unclear,,AgSbTe2 (15%) @ unclear site,,,,0.55 dimensionless,550 K
10.1557/s43578-025-01619-2,s43578-025-01619-2.pdf,AgSbTe2,GeSe-15%AgSbTe2,GeSe-15%AgSbTe2,1,No,AgSbTe2,15%,unclear,,AgSbTe2 (15%) @ unclear site,,,,0.65 dimensionless,600 K
10.1557/s43578-025-01619-2,s43578-025-01619-2.pdf,AgSbTe2,GeSe-15%AgSbTe2,GeSe-15%AgSbTe2,1,No,AgSbTe2,15%,unclear,,AgSbTe2 (15%) @ unclear site,,,,0.75 dimensionless,650 K
10.1557/s43578-025-01619-2,s43578-025-01619-2.pdf,AgSbTe2,GeSe-15%AgSbTe2,GeSe-15%AgSbTe2,1,No,AgSbTe2,15%,unclear,,AgSbTe2 (15%) @ unclear site,,,,0.85 dimensionless,700 K
,science.1092963.pdf,AgPb_mSbTe_2+m,Ag1-xPb10Sb(Bi)Te12,Ag1-xPb10Sb(Bi)Te12,1,No,Ag,1-x,Ag,,Ag (1-x) @ Ag site,17.0 uW/cm K2,,740 S/cm,,300 K
,science.1092963.pdf,AgPb_mSbTe_2+m,Ag1-xPb18SbTe20,Ag1-xPb18SbTe20,1,No,Ag,1-x,Ag,,Ag (1-x) @ Ag site,,-135 uV/K,1850 S/cm,,300 K
,science.1092963.pdf,AgPb_mSbTe_2+m,Ag1-xPb18SbTe20,Ag1-xPb18SbTe20,1,No,Ag,1-x,Ag,,Ag (1-x) @ Ag site,28.0 uW/cm K2,-335 uV/K,,,700 K
,science.1092963.pdf,AgPb_mSbTe_2+m,Ag1-xPb18SbTe20,Ag1-xPb18SbTe20,1,No,Ag,1-x,Ag,,Ag (1-x) @ Ag site,,,,2.1 dimensionless,800 K
,science.1092963.pdf,AgPb_mSbTe_2+m,AgPb10SbTe12,AgPb10SbTe12,2,Yes,Ag,nominal,Ag,Sb (nominal) @ Sb,Ag (nominal) @ Ag site; Sb (nominal) @ Sb site,12.3 uW/cm K2,-154 uV/K,520 S/cm,,300 K
,science.1092963.pdf,AgPb_mSbTe_2+m,AgPb10SbTe12,AgPb10SbTe12,1,No,Pb,m=10,multiple sites,,Pb (m=10) @ multiple sites site,,-50 uV/K,2000 S/cm,0.4 dimensionless,300 K
,science.1092963.pdf,AgPb_mSbTe_2+m,AgPb10SbTe12,AgPb10SbTe12,2,Yes,Ag,nominal,Ag,Sb (nominal) @ Sb,Ag (nominal) @ Ag site; Sb (nominal) @ Sb site,11.4 uW/cm K2,-290 uV/K,135 S/cm,1 dimensionless,700 K
,science.1092963.pdf,AgPb_mSbTe_2+m,AgPb10SbTe12,AgPb10SbTe12,1,No,Pb,m=10,multiple sites,,Pb (m=10) @ multiple sites site,,-250 uV/K,500 S/cm,1.1 dimensionless,700 K
,science.1092963.pdf,AgPb_mSbTe_2+m,AgPb18SbTe20,AgPb18SbTe20,1,No,Pb,m=18,multiple sites,,Pb (m=18) @ multiple sites site,,-135 uV/K,1850 S/cm,0.5 dimensionless,300 K
,science.1092963.pdf,AgPb_mSbTe_2+m,AgPb18SbTe20,AgPb18SbTe20,1,No,Pb,m=18,multiple sites,,Pb (m=18) @ multiple sites site,,-335 uV/K,,,700 K
,science.1092963.pdf,AgPb_mSbTe_2+m,AgPb18SbTe20,AgPb18SbTe20,1,No,Pb,m=18,multiple sites,,Pb (m=18) @ multiple sites site,,,400 S/cm,2.1 dimensionless,800 K
,science.abb3517.pdf,AgSbTe2,6 mol % Cd-doped AgSbTe2,AgSb0.94Cd0.06Te2,1,No,Cd,6 mol %,Sb,,Cd (6 mol %) @ Sb site,13.6 mW cm-1 K-2,248 mV K-1,222 S cm-1,1.5 dimensionless,300 K
,science.abb3517.pdf,AgSbTe2,6 mol % Cd-doped AgSbTe2,AgSb0.94Cd0.06Te2,1,No,Cd,6 mol %,Sb,,Cd (6 mol %) @ Sb site,18.3 mW cm-1 K-2,,,,543 K
,science.abb3517.pdf,AgSbTe2,6 mol % Cd-doped AgSbTe2,AgSb0.94Cd0.06Te2,1,No,Cd,6 mol %,Sb,,Cd (6 mol %) @ Sb site,,,,2.6 dimensionless,573 K
,science.abb3517.pdf,AgSbTe2,6 mol % Cd-doped AgSbTe2,AgSbTe2:Cd,1,No,Cd,6 mol %,unclear,,Cd (6 mol %) @ unclear site,,,,2.6 dimensionless,573 K
,science.abb3517.pdf,AgSbTe2,6 mol % Cd-doped AgSbTe2,AgSbTe2:Cd,1,No,Cd,6 mol %,unclear,,Cd (6 mol %) @ unclear site,,,,0.6 dimensionless,room temperature
,science.abb3517.pdf,AgSbTe2,AgSb0.94Cd0.06Te2,AgSb0.94Cd0.06Te2,1,No,Cd,6 mol %,Sb,,Cd (6 mol %) @ Sb site,14 uW/cmK2,250 uV/K,220 S/cm,1.5 dimensionless,300 K
,science.abb3517.pdf,AgSbTe2,AgSb0.98Cd0.02Te2,AgSb0.98Cd0.02Te2,1,No,Cd,2 mol %,Sb,,Cd (2 mol %) @ Sb site,12 uW/cmK2,260 uV/K,180 S/cm,1.1 dimensionless,300 K
,science.abb3517.pdf,AgSbTe2,AgSbTe2,AgSbTe2,0,No,,,,,,9 uW/cmK2,280 uV/K,120 S/cm,0.7 dimensionless,300 K
,science.abb3517.pdf,AgSbTe2,Pristine AgSbTe2,AgSbTe2,0,No,,,,,,9.5 mW cm-1 K-2,260 mV K-1 | 279 mV K-1,121 S cm-1,0.6 dimensionless,300 K
10.1142/S0217979226502358,sectional-analysis-of-thermoelectric-performance-in-agsbte2-ingots-processed-by-horizontal-zone-melting.pdf,AgSbTe2,Part I,AgSbTe2,0,No,,,,,,,90 µV/K,310 S cm-1,0.05 dimensionless,80 K
10.1142/S0217979226502358,sectional-analysis-of-thermoelectric-performance-in-agsbte2-ingots-processed-by-horizontal-zone-melting.pdf,AgSbTe2,Part I,AgSbTe2,0,No,,,,,,,220 µV/K,180 S cm-1,0.4 dimensionless,300 K
10.1142/S0217979226502358,sectional-analysis-of-thermoelectric-performance-in-agsbte2-ingots-processed-by-horizontal-zone-melting.pdf,AgSbTe2,Part I (Front section),AgSbTe2,0,No,,,,,,,,,0.82 dimensionless,307.8 K
10.1142/S0217979226502358,sectional-analysis-of-thermoelectric-performance-in-agsbte2-ingots-processed-by-horizontal-zone-melting.pdf,AgSbTe2,Part II,AgSbTe2,0,No,,,,,,,135 µV/K,220 S cm-1,0.08 dimensionless,80 K
10.1142/S0217979226502358,sectional-analysis-of-thermoelectric-performance-in-agsbte2-ingots-processed-by-horizontal-zone-melting.pdf,AgSbTe2,Part II,AgSbTe2,0,No,,,,,,,300 µV/K,165 S cm-1,0.6 dimensionless,300 K
10.1142/S0217979226502358,sectional-analysis-of-thermoelectric-performance-in-agsbte2-ingots-processed-by-horizontal-zone-melting.pdf,AgSbTe2,Part III,AgSbTe2,0,No,,,,,,,190 µV/K,180 S cm-1,0.1 dimensionless,80 K
10.1142/S0217979226502358,sectional-analysis-of-thermoelectric-performance-in-agsbte2-ingots-processed-by-horizontal-zone-melting.pdf,AgSbTe2,Part III,AgSbTe2,0,No,,,,,,,330 µV/K,155 S cm-1,,300 K
10.1142/S0217979226502358,sectional-analysis-of-thermoelectric-performance-in-agsbte2-ingots-processed-by-horizontal-zone-melting.pdf,AgSbTe2,Part III,AgSbTe2,0,No,,,,,,,,,0.82 dimensionless,307.8 K
10.1142/S0217979226502358,sectional-analysis-of-thermoelectric-performance-in-agsbte2-ingots-processed-by-horizontal-zone-melting.pdf,AgSbTe2,Part III (Terminal section),AgSbTe2,0,No,,,,,,,,,0.82 dimensionless,307.8 K
,ssrn-4526442.pdf,AgSbTe2,AgSb0.94Ti0.05Te2,AgSb0.94Ti0.05Te2,2,Yes,Ti,0.05,Sb,Sb vacancy (0.01) @ Sb,Ti (0.05) @ Sb site; Sb vacancy (0.01) @ Sb site,,,2.3 * 10^4 S m-1,,300 K
,ssrn-4526442.pdf,AgSbTe2,AgSb0.94Ti0.05Te2,AgSb0.94Ti0.05Te2,1,No,Ti,0.05,Sb,,Ti (0.05) @ Sb site,,,2.3 10^4 S m^-1,,300 K
,ssrn-4526442.pdf,AgSbTe2,AgSb0.94Ti0.05Te2,AgSb0.94Ti0.05Te2,2,Yes,Ti,0.05,Sb,Sb vacancy (0.01) @ Sb,Ti (0.05) @ Sb site; Sb vacancy (0.01) @ Sb site,1.5 W m-1 K-1,,,,573 K
,ssrn-4526442.pdf,AgSbTe2,AgSb0.94Ti0.05Te2,AgSb0.94Ti0.05Te2,1,No,Ti,0.05,Sb,,Ti (0.05) @ Sb site,1.5 W m^-1 K^-1,,,,573 K
,ssrn-4526442.pdf,AgSbTe2,AgSb0.94Ti0.05Te2,AgSb0.94Ti0.05Te2,2,Yes,Ti,0.05,Sb,Sb vacancy (0.01) @ Sb,Ti (0.05) @ Sb site; Sb vacancy (0.01) @ Sb site,,,,1.8 dimensionless,673 K
,ssrn-4526442.pdf,AgSbTe2,AgSb0.94Ti0.05Te2,AgSb0.94Ti0.05Te2,2,Yes,Ti,0.05,Sb,Sb vacancy (0.01) @ Sb,Ti (0.05) @ Sb site; Sb vacancy (0.01) @ Sb site,1.42 mW m-1 K-2,,,,323-623 K
,ssrn-4526442.pdf,AgSbTe2,AgSb0.95Ti0.05Te2,AgSb0.95Ti0.05Te2,1,No,Ti,0.05,Sb,,Ti (0.05) @ Sb site,,,1.6 * 10^4 S m-1,,300 K
,ssrn-4526442.pdf,AgSbTe2,AgSb0.95Ti0.05Te2,AgSb0.95Ti0.05Te2,1,No,Ti,0.05,Sb,,Ti (0.05) @ Sb site,1.0 mW m-1 K-2,260 uV K-1,1.5 10^4 S m-1,,323 K
,ssrn-4526442.pdf,AgSbTe2,AgSb0.95Ti0.05Te2,AgSb0.95Ti0.05Te2,1,No,Ti,0.05,Sb,,Ti (0.05) @ Sb site,1.2 mW m-1 K-2,,,,523 K
,ssrn-4526442.pdf,AgSbTe2,AgSb0.95Ti0.05Te2,AgSb0.95Ti0.05Te2,1,No,Ti,0.05,Sb,,Ti (0.05) @ Sb site,,,,1.4 dimensionless,573 K
,ssrn-4526442.pdf,AgSbTe2,AgSb0.95Ti0.05Te2,AgSb0.95Ti0.05Te2,1,No,Ti,0.05,Sb,,Ti (0.05) @ Sb site,,,,1.8 dimensionless,623 K
,ssrn-4526442.pdf,AgSbTe2,AgSb1-xTixTe2 (x=0),AgSbTe2,1,No,Ti,0,Sb,,Ti (0) @ Sb site,0.81 mW m^-1 K^-2,,1.2 10^4 S m^-1,,300 K
,ssrn-4526442.pdf,AgSbTe2,AgSb1-xTixTe2 (x=0.05),AgSb0.95Ti0.05Te2,1,No,Ti,0.05,Sb,,Ti (0.05) @ Sb site,,,1.6 10^4 S m^-1,,300 K
,ssrn-4526442.pdf,AgSbTe2,AgSb1-xTixTe2 (x=0.05),AgSb0.95Ti0.05Te2,1,No,Ti,0.05,Sb,,Ti (0.05) @ Sb site,1.2 mW m^-1 K^-2,,,,523 K
,ssrn-4526442.pdf,AgSbTe2,AgSb1-xTixTe2 (x=0.05),AgSb0.95Ti0.05Te2,1,No,Ti,0.05,Sb,,Ti (0.05) @ Sb site,,,,1.4 dimensionless,573 K
,ssrn-4526442.pdf,AgSbTe2,AgSbTe2 (pristine),AgSbTe2,0,No,,,,,,0.81 mW m-1 K-2,260 uV K-1,1.2 * 10^4 S m-1,,300 K
,ssrn-6617408.pdf,SnTe-AgSbTe2 (s-AST),SnTe-3% s-AST,SnTe-3% AgSbTe2,1,No,AgSbTe2,3%,unclear,,AgSbTe2 (3%) @ unclear site,0.5 mW m^-1 K^-2,50 uV K^-1,3.0 10^5 S m^-1,0.05 dimensionless,300 K
,ssrn-6617408.pdf,SnTe-AgSbTe2 (s-AST),SnTe-8% s-AST,SnTe-8% AgSbTe2,2,Yes,Ag,8%,Ag,Sb (8%) @ Sb,Ag (8%) @ Ag site; Sb (8%) @ Sb site,2.79 mW m-1K-2,172.3 μV K-1,,1.28 dimensionless,823 K
,ssrn-6617408.pdf,SnTe-AgSbTe2 (s-AST),SnTe-8% s-AST,SnTe-8% AgSbTe2,1,No,AgSbTe2,8%,unclear,,AgSbTe2 (8%) @ unclear site,,,,1.28 dimensionless,823 K
,ssrn-6617408.pdf,SnTe-AgSbTe2 (s-AST),s-AST,AgSbTe2,2,Yes,Ag,1,multiple sites,Sb (1) @ multiple sites,Ag (1) @ multiple sites site; Sb (1) @ multiple sites site,,,121.9 S cm-1,,317 K
,ssrn-6617408.pdf,SnTe-AgSbTe2 (s-AST),s-AST,AgSbTe2 containing Sb2O3 impurities,1,No,Sb2O3,minor,unclear,,Sb2O3 (minor) @ unclear site,,,121.9 S cm-1,,317 K
,ssrn-6617408.pdf,SnTe-AgSbTe2 (s-AST),s-AST,AgSbTe2,2,Yes,Ag,1,multiple sites,Sb (1) @ multiple sites,Ag (1) @ multiple sites site; Sb (1) @ multiple sites site,,231.2 μV K-1,,,537 K
,ssrn-6617408.pdf,SnTe-AgSbTe2 (s-AST),s-AST,AgSbTe2 containing Sb2O3 impurities,1,No,Sb2O3,minor,unclear,,Sb2O3 (minor) @ unclear site,,231.2 uV K-1,,,537 K
,ssrn-6617408.pdf,SnTe-AgSbTe2 (s-AST),s-AST,AgSbTe2,2,Yes,Ag,1,multiple sites,Sb (1) @ multiple sites,Ag (1) @ multiple sites site; Sb (1) @ multiple sites site,,,78.2 S cm-1,0.86 dimensionless,614 K
,ssrn-6617408.pdf,SnTe-AgSbTe2 (s-AST),s-AST,AgSbTe2 containing Sb2O3 impurities,1,No,Sb2O3,minor,unclear,,Sb2O3 (minor) @ unclear site,,,78.2 S cm-1,0.86 dimensionless,614 K
,ssrn-6617408.pdf,SnTe-AgSbTe2 (s-AST),s-AST pellet,AgSbTe2,0,No,,,,,,,150 uV K^-1,125 S cm^-1,0.1 dimensionless,300 K
,ssrn-6617408.pdf,SnTe-AgSbTe2 (s-AST),s-AST pellet,AgSbTe2,0,No,,,,,,,230 uV K^-1,80 S cm^-1,0.85 dimensionless,600 K
