source_pdf,doi,base_composition,sample_id,full_formula,num_dopants,is_codoped,primary_dopant_element,primary_dopant_pct,primary_dopant_site,codopant_elements,all_dopants_detail,source_type,source_detail,notes,temperature_K,target_value,unit
1-s2.0-S0013468616305072-main.pdf,10.1016/j.electacta.2016.02.206,AgSbTe2,"Bulk AgSbTe2 [Table 1, Ref 12]",AgSbTe2,0,No,,,,,,table,Table 1,,,133.33,S/cm
1-s2.0-S0013468616305072-main.pdf,10.1016/j.electacta.2016.02.206,AgSbTe2,"Bulk Ag20.2Sb27.9Te51.9 [Table 1, Ref 17]",Ag20.2Sb27.9Te51.9,0,No,,,,,,table,Table 1,,,269.0,S/cm
1-s2.0-S0167577X08002243-main.pdf,10.1016/j.matlet.2008.02.039,AgSbTe2,AgSbTe2 (x=0),AgSbTe2,0,No,,,,,,text,Calculated from resistivity 5.8x10^-3 Ohm cm at 2.0 GPa,Resistivity of 5.8x10^-3 Ohm cm reported at 2.0 GPa,,172.4,S/cm
1-s2.0-S0925838810006912-main.pdf,10.1016/j.jallcom.2010.03.170,AgxSb2-xTe3-x,Ag0.78Sb1.22Te2.22,Ag0.78Sb1.22Te2.22,0,No,,,,,,Table 1,,,300.0,348.0,S/cm
1-s2.0-S0925838810006912-main.pdf,10.1016/j.jallcom.2010.03.170,AgxSb2-xTe3-x,Ag0.81Sb1.19Te2.19,Ag0.81Sb1.19Te2.19,0,No,,,,,,Table 1,,,300.0,263.0,S/cm
1-s2.0-S0925838810006912-main.pdf,10.1016/j.jallcom.2010.03.170,AgxSb2-xTe3-x,Ag0.84Sb1.16Te2.16,Ag0.84Sb1.16Te2.16,0,No,,,,,,Table 1,,,300.0,269.0,S/cm
1-s2.0-S0925838810006912-main.pdf,10.1016/j.jallcom.2010.03.170,AgxSb2-xTe3-x,Ag0.87Sb1.13Te2.13,Ag0.87Sb1.13Te2.13,0,No,,,,,,Table 1,,,300.0,279.0,S/cm
1-s2.0-S0925838810006912-main.pdf,10.1016/j.jallcom.2010.03.170,AgxSb2-xTe3-x,Ag0.90Sb1.10Te2.10,Ag0.90Sb1.10Te2.10,0,No,,,,,,Table 1,,,300.0,233.0,S/cm
1-s2.0-S0925838810006912-main.pdf,10.1016/j.jallcom.2010.03.170,AgxSb2-xTe3-x,Ag0.93Sb1.07Te2.07,Ag0.93Sb1.07Te2.07,0,No,,,,,,Table 1,,,300.0,189.0,S/cm
1-s2.0-S0925838810006912-main.pdf,10.1016/j.jallcom.2010.03.170,AgxSb2-xTe3-x,Ag0.78Sb1.22Te2.22,Ag0.78Sb1.22Te2.22,1,No,Ag,0.78,Ag,,Ag (0.78) @ Ag site,table,Table 1,Room temperature value,,348.0,S/cm
1-s2.0-S0925838810006912-main.pdf,10.1016/j.jallcom.2010.03.170,AgxSb2-xTe3-x,Ag0.81Sb1.19Te2.19,Ag0.81Sb1.19Te2.19,1,No,Ag,0.81,Ag,,Ag (0.81) @ Ag site,table,Table 1,Room temperature value,,263.0,S/cm
1-s2.0-S0925838810006912-main.pdf,10.1016/j.jallcom.2010.03.170,AgxSb2-xTe3-x,Ag0.84Sb1.16Te2.16,Ag0.84Sb1.16Te2.16,1,No,Ag,0.84,Ag,,Ag (0.84) @ Ag site,table,Table 1,Room temperature value,,269.0,S/cm
1-s2.0-S0925838810006912-main.pdf,10.1016/j.jallcom.2010.03.170,AgxSb2-xTe3-x,Ag0.87Sb1.13Te2.13,Ag0.87Sb1.13Te2.13,1,No,Ag,0.87,Ag,,Ag (0.87) @ Ag site,table,Table 1,Room temperature value,,279.0,S/cm
1-s2.0-S0925838810006912-main.pdf,10.1016/j.jallcom.2010.03.170,AgxSb2-xTe3-x,Ag0.90Sb1.10Te2.10,Ag0.90Sb1.10Te2.10,1,No,Ag,0.90,Ag,,Ag (0.90) @ Ag site,table,Table 1,Room temperature value,,233.0,S/cm
1-s2.0-S0925838810006912-main.pdf,10.1016/j.jallcom.2010.03.170,AgxSb2-xTe3-x,Ag0.93Sb1.07Te2.07,Ag0.93Sb1.07Te2.07,1,No,Ag,0.93,Ag,,Ag (0.93) @ Ag site,table,Table 1,Room temperature value,,189.0,S/cm
1-s2.0-S092583882601529X-main.pdf,10.1016/j.jallcom.2026.187461,Te(1-x)(AgSbTe2)x,"Te(1-x)(AgSbTe2)x, x=0.005",Te0.995(AgSbTe2)0.005,2,Yes,Ag,0.5%,unclear,Sb (0.5%) @ Te,Ag (0.5%) @ unclear site; Sb (0.5%) @ Te site,body text,,Reported as resistivity,300.0,454.5454545454545,S/cm
1-s2.0-S092583882601529X-main.pdf,10.1016/j.jallcom.2026.187461,Te(1-x)(AgSbTe2)x,"Te(1-x)(AgSbTe2)x, x=0.005",Te0.995(AgSbTe2)0.005,2,Yes,Ag,0.5%,unclear,Sb (0.5%) @ Te,Ag (0.5%) @ unclear site; Sb (0.5%) @ Te site,body text,,Reported as resistivity,650.0,125.0,S/cm
1-s2.0-S092583882601529X-main.pdf,10.1016/j.jallcom.2026.187461,Te(1-x)(AgSbTe2)x,x=0%,Te,0,No,,,,,,figure,Fig. 2b,"Visually estimated from Fig. 2b (plotted as resistivity, 1/rho)",300.0,5000.0,S/cm
1-s2.0-S1359645412005150-main.pdf,10.1016/j.actamat.2012.07.057,AgSbTe2,Pb-doped AgSbTe2 (3 at.%),PbxAgSbTe2 (x=0.03),1,No,Pb,3 at.%,unclear,,Pb (3 at.%) @ unclear site,figure,,Visually estimated from Fig. 5b (Resistivity),300.0,16.666666666666668,S/cm
1-s2.0-S1359645412005150-main.pdf,10.1016/j.actamat.2012.07.057,AgSbTe2,Pb-doped AgSbTe2 (3 at.%),PbxAgSbTe2 (x=0.03),1,No,Pb,3 at.%,unclear,,Pb (3 at.%) @ unclear site,figure,,Visually estimated from Fig. 5b (Resistivity),650.0,66.66666666666667,S/cm
1-s2.0-S1359645421008223-main.pdf,10.1016/j.actamat.2021.117443,AgSbTe2,as-sintered,AgSb0.998Ce0.002Te2,1,No,Ce,0.2 mol%,unclear,,Ce (0.2 mol%) @ unclear site,Table 1,,Calculated from resistivity 3.31e-5 Ohm*m,300.0,30200.0,S/cm
1-s2.0-S1359645421008223-main.pdf,10.1016/j.actamat.2021.117443,AgSbTe2,HT523,AgSb0.998Ce0.002Te2,1,No,Ce,0.2 mol%,unclear,,Ce (0.2 mol%) @ unclear site,Table 1,,Calculated from resistivity 2.68e-5 Ohm*m,300.0,37300.0,S/cm
1-s2.0-S1359645421008223-main.pdf,10.1016/j.actamat.2021.117443,AgSbTe2,HT573,AgSb0.998Ce0.002Te2,1,No,Ce,0.2 mol%,unclear,,Ce (0.2 mol%) @ unclear site,Table 1,,Calculated from resistivity 2.79e-5 Ohm*m,300.0,35800.0,S/cm
1-s2.0-S1359645421008223-main.pdf,10.1016/j.actamat.2021.117443,AgSbTe2,HT673,AgSb0.998Ce0.002Te2,1,No,Ce,0.2 mol%,unclear,,Ce (0.2 mol%) @ unclear site,Table 1,,Calculated from resistivity 7.54e-5 Ohm*m,300.0,13300.0,S/cm
1-s2.0-S1359645421008223-main.pdf,10.1016/j.actamat.2021.117443,AgSbTe2,as-sintered,0.2 mol% Ce-doped AgSbTe2,1,No,Ce,0.2 mol%,unclear,,Ce (0.2 mol%) @ unclear site,table,Table 1,Calculated from rho = 3.31e-5 Ohm.m at 300 K,,302.0,S/cm
1-s2.0-S1359645421008223-main.pdf,10.1016/j.actamat.2021.117443,AgSbTe2,HT523,0.2 mol% Ce-doped AgSbTe2,1,No,Ce,0.2 mol%,unclear,,Ce (0.2 mol%) @ unclear site,table,Table 1,Calculated from rho = 2.68e-5 Ohm.m at 300 K,,373.0,S/cm
1-s2.0-S1359645421008223-main.pdf,10.1016/j.actamat.2021.117443,AgSbTe2,HT573,0.2 mol% Ce-doped AgSbTe2,1,No,Ce,0.2 mol%,unclear,,Ce (0.2 mol%) @ unclear site,table,Table 1,Calculated from rho = 2.79e-5 Ohm.m at 300 K,,358.0,S/cm
1-s2.0-S1359645421008223-main.pdf,10.1016/j.actamat.2021.117443,AgSbTe2,HT673,0.2 mol% Ce-doped AgSbTe2,1,No,Ce,0.2 mol%,unclear,,Ce (0.2 mol%) @ unclear site,table,Table 1,Calculated from rho = 7.54e-5 Ohm.m at 300 K,,133.0,S/cm
1-s2.0-S1359645422000684-main.pdf,10.1016/j.actamat.2022.117681,(Sn1-xPbxSe)0.6(AgSbTe2)0.4,"(SnSe)1-m(AgSbTe2)m, m=0%",SnSe,0,No,,,,,,figure,,Visually estimated from Fig. 4a,300.0,100.0,S/cm
1-s2.0-S1359645422000684-main.pdf,10.1016/j.actamat.2022.117681,(Sn1-xPbxSe)0.6(AgSbTe2)0.4,(SnSe)0.6(AgSbTe2)0.4,(SnSe)0.6(AgSbTe2)0.4,0,No,,,,,,figure,,Visually estimated from Fig. 4a,300.0,600.0,S/cm
1-s2.0-S1359645422000684-main.pdf,10.1016/j.actamat.2022.117681,(Sn1-xPbxSe)0.6(AgSbTe2)0.4,x=0%,"(Sn1-xPbxSe)0.6(AgSbTe2)0.4, x=0",0,No,,,,,,figure,,Visually estimated from Fig. 8a,300.0,650.0,S/cm
1-s2.0-S1359645422000684-main.pdf,10.1016/j.actamat.2022.117681,(Sn1-xPbxSe)0.6(AgSbTe2)0.4,x=0%,"(Sn1-xPbxSe)0.6(AgSbTe2)0.4, x=0",0,No,,,,,,figure,,Visually estimated from Fig. 8a,800.0,300.0,S/cm
1-s2.0-S1359645425002769-main.pdf,10.1016/j.actamat.2025.120985,AgSbTe2,QA-AgSbTe2 (A = 0 h),AgSbTe2,0,No,,,,,,body text,,,300.0,121.0,S/cm
1-s2.0-S1359645425002769-main.pdf,10.1016/j.actamat.2025.120985,AgSbTe2,QA-AgSbTe2 (A = 0 h),AgSbTe2,0,No,,,,,,body text,,Value for A = 48 h,300.0,82.4,S/cm
1-s2.0-S1359645425002769-main.pdf,10.1016/j.actamat.2025.120985,AgSbTe2,QA-AgSbTe2 (A = 0 h),AgSbTe2,0,No,,,,,,body text,,Value for A = 24 h,300.0,140.0,S/cm
1-s2.0-S1359645425002769-main.pdf,10.1016/j.actamat.2025.120985,AgSbTe2,QA-AgSbTe2 (A = 0 h),AgSbTe2,0,No,,,,,,figure,Fig. 3a,Visually estimated from Fig. 3a,300.0,120.0,S/cm
1-s2.0-S1359645425002769-main.pdf,10.1016/j.actamat.2025.120985,AgSbTe2,QA-AgSbTe2 (A = 24 h),AgSbTe2,0,No,,,,,,figure,Fig. 3a,Visually estimated from Fig. 3a,300.0,140.0,S/cm
1-s2.0-S221128552201196X-main.pdf,10.1016/j.nanoen.2022.108118,AgSbTe2,AgSbTe2,AgSbTe2,0,No,,,,,,figure,Fig. 8a,Visually estimated from Fig. 8a. Note: The plot shows resistivity (rho) in mOhm.cm. Value 5.4 mOhm.cm corresponds to ~0.185 S/cm.,473.0,0.185,S/cm
1-s2.0-S221128552201196X-main.pdf,10.1016/j.nanoen.2022.108118,AgSbTe2,AgSbTe2,AgSbTe2,0,No,,,,,,figure,Fig. 8d,Visually estimated from Fig. 8d. Note: The plot shows resistivity (rho) in mOhm.cm. Value 3.1 mOhm.cm corresponds to ~0.32 S/cm.,623.0,0.32,S/cm
1-s2.0-S2352847816300041-main.pdf,10.1016/j.jmat.2016.05.001,SnCd0.05Te-x%AgSbSe2,SnCd0.05Te,SnCd0.05Te,1,No,Cd,0.05,unclear,,Cd (0.05) @ unclear site,figure,Fig. 3a,Visually estimated from Fig. 3a,300.0,2800.0,S/cm
1-s2.0-S2352847816300041-main.pdf,10.1016/j.jmat.2016.05.001,SnCd0.05Te-x%AgSbSe2,SnCd0.05Te-3%AgSbSe2,SnCd0.05Te-3%AgSbSe2,2,Yes,Cd,0.05,unclear,AgSbSe2 (3%) @ unclear,Cd (0.05) @ unclear site; AgSbSe2 (3%) @ unclear site,figure,Fig. 3a,Visually estimated from Fig. 3a,300.0,2700.0,S/cm
1-s2.0-S235284782200096X-main.pdf,10.1016/j.jmat.2022.07.005,AgSbTe2,Ag0.9Sb1.1Te2.1,Ag0.9Sb1.1Te2.1,3,Yes,Ag,0.9,Ag,Sb (1.1) @ Sb; Te (2.1) @ Te,Ag (0.9) @ Ag site; Sb (1.1) @ Sb site; Te (2.1) @ Te site,figure,,Visually estimated from Fig. 4a,300.0,250.0,S/cm
1-s2.0-S235284782200096X-main.pdf,10.1016/j.jmat.2022.07.005,AgSbTe2,Ag0.9Sb1.1Te2.1,Ag0.9Sb1.1Te2.1,3,Yes,Ag,0.9,Ag,Sb (1.1) @ Sb; Te (2.1) @ Te,Ag (0.9) @ Ag site; Sb (1.1) @ Sb site; Te (2.1) @ Te site,figure,,Visually estimated from Fig. 4a,500.0,200.0,S/cm
1-s2.0-S235284782200096X-main.pdf,10.1016/j.jmat.2022.07.005,AgSbTe2,AgSb2-xTe3-x (x=1.0),AgSbTe2,0,No,,,,,,figure,,Visually estimated from Fig. 6a,300.0,50.0,S/cm
1-s2.0-S235284782200096X-main.pdf,10.1016/j.jmat.2022.07.005,AgSbTe2,AgSb2-xTe3-x (x=0.9),Ag0.9Sb1.1Te2.1,0,No,,,,,,figure,,Visually estimated from Fig. 6a,300.0,200.0,S/cm
1-s2.0-S235284782200096X-main.pdf,10.1016/j.jmat.2022.07.005,AgSbTe2,AgSb2-xTe3-x (x=0.8),Ag0.8Sb1.2Te2.2,0,No,,,,,,figure,,Visually estimated from Fig. 6a,300.0,600.0,S/cm
1-s2.0-S235284782200096X-main.pdf,10.1016/j.jmat.2022.07.005,AgSbTe2,AgSb2-xTe3-x (x=0.7),Ag0.7Sb1.3Te2.3,0,No,,,,,,figure,,Visually estimated from Fig. 6a,300.0,1000.0,S/cm
1-s2.0-S2542529325000483-main.pdf,10.1016/j.mtphys.2025.101692,AgSbTe2,"(AgSb1-yCdyTe2)0.9(Bi2Te3)0.1, y=0.00",(AgSbTe2)0.9(Bi2Te3)0.1,2,Yes,Bi,0.1,multiple sites,Cd (y=0.00) @ Sb,Bi (0.1) @ multiple sites site; Cd (y=0.00) @ Sb site,figure,,Visually estimated from Fig. 3b,300.0,40.0,S/cm
1-s2.0-S2542529325000483-main.pdf,10.1016/j.mtphys.2025.101692,AgSbTe2,"(AgSb1-yCdyTe2)0.9(Bi2Te3)0.1, y=0.00",(AgSbTe2)0.9(Bi2Te3)0.1,2,Yes,Bi,0.1,multiple sites,Cd (y=0.00) @ Sb,Bi (0.1) @ multiple sites site; Cd (y=0.00) @ Sb site,figure,,Visually estimated from Fig. 3b,450.0,38.46153846153846,S/cm
1-s2.0-S2542529325000483-main.pdf,10.1016/j.mtphys.2025.101692,AgSbTe2,"(AgSb1-yCdyTe2)0.9(Bi2Te3)0.1, y=0.02",(AgSb0.98Cd0.02Te2)0.9(Bi2Te3)0.1,2,Yes,Bi,0.1,multiple sites,Cd (y=0.02) @ Sb,Bi (0.1) @ multiple sites site; Cd (y=0.02) @ Sb site,figure,,Visually estimated from Fig. 3b,300.0,55.55555555555555,S/cm
1-s2.0-S2542529325000483-main.pdf,10.1016/j.mtphys.2025.101692,AgSbTe2,"(AgSb1-yCdyTe2)0.9(Bi2Te3)0.1, y=0.02",(AgSb0.98Cd0.02Te2)0.9(Bi2Te3)0.1,2,Yes,Bi,0.1,multiple sites,Cd (y=0.02) @ Sb,Bi (0.1) @ multiple sites site; Cd (y=0.02) @ Sb site,figure,,Visually estimated from Fig. 3b,450.0,45.45454545454546,S/cm
202106_1_online.pdf,10.1063/1.3029774,AgSbTe2,AgSbTe2,AgSbTe2,0,No,,,,,,body text,,Reported as electrical resistivity,,90.9090909090909,S/cm
202106_1_online.pdf,10.1063/1.3029774,AgSbTe2,AST5050,AgSbTe2,0,No,,,,,,body text,,Reported as resistivity,300.0,100.00000000000001,S/cm
202106_1_online.pdf,10.1063/1.3029774,AgSbTe2,AST5050,AgSbTe2,0,No,,,,,,body text,,Reported as resistivity,473.0,126.58227848101268,S/cm
202106_1_online.pdf,10.1063/1.3029774,AgSbTe2,AST5050,AgSbTe2,0,No,,,,,,body text,,Reported as resistivity,673.0,149.2537313432836,S/cm
2305.19217v1.pdf,,Sb2Te3,ST,Sb2Te3,0,No,,,,,,table,Table 1,Room temperature value,,1083.65,S/cm
2305.19217v1.pdf,,Sb2Te3,AST1,Sb2Te3-Ag0.9,1,No,Ag,0.9 atomic %,Sb,,Ag (0.9 atomic %) @ Sb site,table,Table 1,Room temperature value,,1378.69,S/cm
2305.19217v1.pdf,,Sb2Te3,AST2,Sb2Te3-Ag1.7,1,No,Ag,1.7 atomic %,Sb,,Ag (1.7 atomic %) @ Sb site,table,Table 1,Room temperature value,,1932.79,S/cm
2305.19217v1.pdf,,Sb2Te3,AST3,Sb2Te3-Ag5.9,1,No,Ag,5.9 atomic %,Sb,,Ag (5.9 atomic %) @ Sb site,table,Table 1,Room temperature value,,242.97,S/cm
2305.19217v1.pdf,,Sb2Te3,AST4,Sb2Te3-Ag7.0,1,No,Ag,7.0 atomic %,Sb,,Ag (7.0 atomic %) @ Sb site,table,Table 1,Room temperature value,,135.77,S/cm
28.pdf,,AgSbTe2,Undoped AgSbTe2,AgSbTe2,0,No,,,,,,table,Table 2,,,332.0,S/cm
28.pdf,,AgSbTe2,undoped AgSbTe2,AgSbTe2,0,No,,,,,,table,Table 2,,,332.0,S/cm
Adv Funct Materials - 2024 - Kim - Enhancement of Phase Stability and Thermoelectric Performance of Meta‐Stable AgSbTe2 by.pdf,10.1002/adfm.202404886,AgSbTe2,initial AgSbTe2,AgSbTe2,0,No,,,,,,body text,"Page 4, calculated from resistivity 9.9 mΩ cm",,300.0,101.01,S/cm
Adv Funct Materials - 2024 - Kim - Enhancement of Phase Stability and Thermoelectric Performance of Meta‐Stable AgSbTe2 by.pdf,10.1002/adfm.202404886,AgSbTe2,initial AgSbTe2,AgSbTe2,0,No,,,,,,figure,Figure 4a,"Visually estimated from Figure 4a, resistivity value at 300 K",300.0,100.0,S/cm
Adv Funct Materials - 2024 - Zhang - Dual Alloying Enables High Thermoelectric Performance in AgSbTe2 by Manipulating.pdf,10.1002/adfm.202400679,AgSbTe2,AgSbTe2,AgSbTe2,0,No,,,,,,body text,,,300.0,158.0,S/cm
Adv Funct Materials - 2024 - Zhang - Dual Alloying Enables High Thermoelectric Performance in AgSbTe2 by Manipulating.pdf,10.1002/adfm.202400679,AgSbTe2,(AgSbTe2)0.98(AgAlSe2)0.02,(AgSbTe2)0.98(AgAlSe2)0.02,2,Yes,Al,0.02,multiple sites,Se (0.02) @ multiple sites,Al (0.02) @ multiple sites site; Se (0.02) @ multiple sites site,body text,,,300.0,270.0,S/cm
Adv Funct Materials - 2025 - Li - Supercompliant Lattice Boosts n‐type AgSbTe2 Thermoelectrics.pdf,10.1002/adfm.202502367,AgSbTe2,Ag0.8Na0.3Sb0.6Bi0.4Te2,Ag0.8Na0.3Sb0.6Bi0.4Te2,2,Yes,Na,10 at.% (excessive),interstitial,Bi (40 at.%) @ Sb,Na (10 at.% (excessive)) @ interstitial site; Bi (40 at.%) @ Sb site,body text,,,300.0,11.0,S/cm
Adv Funct Materials - 2025 - Li - Supercompliant Lattice Boosts n‐type AgSbTe2 Thermoelectrics.pdf,10.1002/adfm.202502367,AgSbTe2,Ag0.8Na0.3Sb0.6Bi0.4Te2,Ag0.8Na0.3Sb0.6Bi0.4Te2,2,Yes,Na,10 at.% (excessive),interstitial,Bi (40 at.%) @ Sb,Na (10 at.% (excessive)) @ interstitial site; Bi (40 at.%) @ Sb site,body text,,,573.0,76.0,S/cm
Adv Funct Materials - 2025 - Li - Supercompliant Lattice Boosts n‐type AgSbTe2 Thermoelectrics.pdf,10.1002/adfm.202502367,AgSbTe2,Ag0.1Na0.9Sb0.6Bi0.4Te2,Ag0.1Na0.9Sb0.6Bi0.4Te2,2,Yes,Na,0.9,Ag,Bi (0.4) @ Sb,Na (0.9) @ Ag site; Bi (0.4) @ Sb site,figure,,Visually estimated from Fig. 4b,300.0,20.0,S/cm
Adv Funct Materials - 2025 - Li - Supercompliant Lattice Boosts n‐type AgSbTe2 Thermoelectrics.pdf,10.1002/adfm.202502367,AgSbTe2,Ag0.8Na0.2Sb0.6Bi0.4Te2,Ag0.8Na0.2Sb0.6Bi0.4Te2,2,Yes,Na,0.2,Ag,Bi (0.4) @ Sb,Na (0.2) @ Ag site; Bi (0.4) @ Sb site,figure,,Visually estimated from Fig. 4b,300.0,10.0,S/cm
Adv Funct Materials - 2025 - Li - Supercompliant Lattice Boosts n‐type AgSbTe2 Thermoelectrics.pdf,10.1002/adfm.202502367,AgSbTe2,Ag0.8Na0.3Sb0.6Bi0.4Te2,Ag0.8Na0.3Sb0.6Bi0.4Te2,2,Yes,Na,0.3,Ag,Bi (0.4) @ Sb,Na (0.3) @ Ag site; Bi (0.4) @ Sb site,figure,,Visually estimated from Fig. 4b,300.0,10.0,S/cm
Adv Funct Materials - 2025 - Li - Supercompliant Lattice Boosts n‐type AgSbTe2 Thermoelectrics.pdf,10.1002/adfm.202502367,AgSbTe2,Ag0.7Na0.4Sb0.6Bi0.4Te2,Ag0.7Na0.4Sb0.6Bi0.4Te2,2,Yes,Na,0.4,Ag,Bi (0.4) @ Sb,Na (0.4) @ Ag site; Bi (0.4) @ Sb site,figure,,Visually estimated from Fig. 4b,300.0,10.0,S/cm
Adv Funct Materials - 2026 - Abdellaoui - Stacking Fault Complexions in AgSbTe2 Thermoelectrics With Enhanced Electrical.pdf,10.1002/adfm.77083,AgSbTe2,Ag16.7Sb30Te53.3,Ag16.7Sb30Te53.3,3,Yes,Ag,depleted,Ag,Sb (enriched) @ Sb; Te (enriched) @ Te,Ag (depleted) @ Ag site; Sb (enriched) @ Sb site; Te (enriched) @ Te site,body text,,Measured across LAGBs (containing stacking faults),,105.1,S/cm
Adv Funct Materials - 2026 - Abdellaoui - Stacking Fault Complexions in AgSbTe2 Thermoelectrics With Enhanced Electrical.pdf,10.1002/adfm.77083,AgSbTe2,Ag16.7Sb30Te53.3,Ag16.7Sb30Te53.3,3,Yes,Ag,depleted,Ag,Sb (enriched) @ Sb; Te (enriched) @ Te,Ag (depleted) @ Ag site; Sb (enriched) @ Sb site; Te (enriched) @ Te site,body text,,Measured in grain interior,,87.2,S/cm
Adv Funct Materials - 2026 - Abdellaoui - Stacking Fault Complexions in AgSbTe2 Thermoelectrics With Enhanced Electrical.pdf,10.1002/adfm.77083,AgSbTe2,Ag16.7Sb30Te53.3,Ag16.7Sb30Te53.3,3,Yes,Ag,depleted,Ag,Sb (enriched) @ Sb; Te (enriched) @ Te,Ag (depleted) @ Ag site; Sb (enriched) @ Sb site; Te (enriched) @ Te site,body text,,Bulk electrical conductivity measured by Van der Pauw,,88.4,S/cm
Adv Funct Materials - 2026 - Zhang - Improving Stability of High‐Performance AgSbTe2 Thermoelectrics by Lattice Regulation.pdf,10.1002/adfm.75160,AgSbTe2,AgSb1-xPbxTe2 (x=0),AgSbTe2,1,No,Pb,x=0,Sb,,Pb (x=0) @ Sb site,figure,,Visually estimated from Fig. 5b,300.0,200.0,S/cm
Adv Funct Materials - 2026 - Zhang - Improving Stability of High‐Performance AgSbTe2 Thermoelectrics by Lattice Regulation.pdf,10.1002/adfm.75160,AgSbTe2,AgSb1-xPbxTe2 (x=0.03),AgSb0.97Pb0.03Te2,1,No,Pb,x=0.03,Sb,,Pb (x=0.03) @ Sb site,figure,,Visually estimated from Fig. 5b,300.0,166.66666666666666,S/cm
Advanced Energy Materials - 2011 - Han - Lead‐Free Thermoelectrics  High Figure of Merit in p‐type AgSnmSbTem 2.pdf,10.1002/aenm.201100613,AgSnmSbTem+2,m=2,AgSn2SbTe4,0,No,,,,,,figure,Fig. 3a,Visually estimated from Fig. 3a,300.0,1500.0,S/cm
Advanced Energy Materials - 2011 - Han - Lead‐Free Thermoelectrics  High Figure of Merit in p‐type AgSnmSbTem 2.pdf,10.1002/aenm.201100613,AgSnmSbTem+2,m=4,AgSn4SbTe6,0,No,,,,,,figure,Fig. 3a,Visually estimated from Fig. 3a,300.0,1200.0,S/cm
Advanced Energy Materials - 2011 - Han - Lead‐Free Thermoelectrics  High Figure of Merit in p‐type AgSnmSbTem 2.pdf,10.1002/aenm.201100613,AgSnmSbTem+2,m=5,AgSn5SbTe7,0,No,,,,,,figure,Fig. 3a,Visually estimated from Fig. 3a,300.0,1000.0,S/cm
Advanced Energy Materials - 2011 - Han - Lead‐Free Thermoelectrics  High Figure of Merit in p‐type AgSnmSbTem 2.pdf,10.1002/aenm.201100613,AgSnmSbTem+2,m=10,AgSn10SbTe12,0,No,,,,,,figure,Fig. 3a,Visually estimated from Fig. 3a,300.0,800.0,S/cm
Advanced Energy Materials - 2017 - Hong - Achieving zT   2 in p‐Type AgSbTe2 xSex Alloys via Exploring the Extra Light.pdf,10.1002/aenm.201702333,AgSbTe2,AgSbTe1.8Se0.2,AgSbTe1.8Se0.2,1,No,Se,x=0.2,Te,,Se (x=0.2) @ Te site,body text,Section 2.1,,,140.0,S/cm
Advanced Energy Materials - 2026 - Li - Rare‐Earth Yttrium Doping Advances High‐Performance AgSbTe2 Thermoelectrics.pdf,10.1002/aenm.202505258,AgSbTe2,AgSbTe2 (x=0.00),AgSbTe2,0,No,,,,,,text,Page 4,,298.0,160.0,S/cm
Advanced Energy Materials - 2026 - Li - Rare‐Earth Yttrium Doping Advances High‐Performance AgSbTe2 Thermoelectrics.pdf,10.1002/aenm.202505258,AgSbTe2,AgSb0.99Y0.01Te2 (x=0.01),AgSb0.99Y0.01Te2,1,No,Y,1%,Sb,,Y (1%) @ Sb site,text,Page 4,,298.0,209.0,S/cm
Advanced Energy Materials - 2026 - Li - Rare‐Earth Yttrium Doping Advances High‐Performance AgSbTe2 Thermoelectrics.pdf,10.1002/aenm.202505258,AgSbTe2,AgSb0.98Y0.02Te2 (x=0.02),AgSb0.98Y0.02Te2,1,No,Y,2%,Sb,,Y (2%) @ Sb site,text,Page 4,,525.0,292.0,S/cm
Advanced Energy Materials - 2026 - Li - Rare‐Earth Yttrium Doping Advances High‐Performance AgSbTe2 Thermoelectrics.pdf,10.1002/aenm.202505258,AgSbTe2,AgSbTe2,AgSbTe2,0,No,,,,,,figure,,Visually estimated from Fig. 4a,300.0,160.0,S/cm
Advanced Energy Materials - 2026 - Li - Rare‐Earth Yttrium Doping Advances High‐Performance AgSbTe2 Thermoelectrics.pdf,10.1002/aenm.202505258,AgSbTe2,AgSb0.99Y0.01Te2,AgSb0.99Y0.01Te2,1,No,Y,0.01,Sb,,Y (0.01) @ Sb site,figure,,Visually estimated from Fig. 4a,300.0,200.0,S/cm
Advanced Energy Materials - 2026 - Li - Rare‐Earth Yttrium Doping Advances High‐Performance AgSbTe2 Thermoelectrics.pdf,10.1002/aenm.202505258,AgSbTe2,AgSb0.98Y0.02Te2,AgSb0.98Y0.02Te2,1,No,Y,0.02,Sb,,Y (0.02) @ Sb site,figure,,Visually estimated from Fig. 4a,300.0,210.0,S/cm
Advanced Energy Materials - 2026 - Li - Rare‐Earth Yttrium Doping Advances High‐Performance AgSbTe2 Thermoelectrics.pdf,10.1002/aenm.202505258,AgSbTe2,AgSb0.97Y0.03Te2,AgSb0.97Y0.03Te2,1,No,Y,0.03,Sb,,Y (0.03) @ Sb site,figure,,Visually estimated from Fig. 4a,300.0,205.0,S/cm
Advanced Materials - 2006 - Androulakis - Nanostructuring and High Thermoelectric Efficiency in p‐Type Ag Pb1   ySny mSbTe2.pdf,10.1002/adma.200502770,Ag(Pb1-ySny)mSbTe2+m,Ag0.5Pb6Sn2Sb0.2Te10,Ag0.5Pb6Sn2Sb0.2Te10,3,Yes,Pb,1-y,Ag,Sn (y) @ Ag; Sb (0.2) @ Ag,Pb (1-y) @ Ag site; Sn (y) @ Ag site; Sb (0.2) @ Ag site,text,"Page 2, body text",,,1000.0,S/cm
Advanced Materials - 2006 - Androulakis - Nanostructuring and High Thermoelectric Efficiency in p‐Type Ag Pb1   ySny mSbTe2.pdf,10.1002/adma.200502770,Ag(Pb1-ySny)mSbTe2+m,Ag0.5Pb6Sn2Sb0.2Te10,Ag0.5Pb6Sn2Sb0.2Te10,3,Yes,Pb,1-y,Ag,Sn (y) @ Ag; Sb (0.2) @ Ag,Pb (1-y) @ Ag site; Sn (y) @ Ag site; Sb (0.2) @ Ag site,text,"Page 2, body text",,700.0,200.0,S/cm
Advanced Materials - 2006 - Androulakis - Nanostructuring and High Thermoelectric Efficiency in p‐Type Ag Pb1   ySny mSbTe2.pdf,10.1002/adma.200502770,Ag(Pb1-ySny)mSbTe2+m,Ag0.5Pb6Sn2Sb0.2Te10,Ag0.5Pb6Sn2Sb0.2Te10,3,Yes,Pb,6,unclear,Sn (2) @ unclear; Sb (0.2) @ unclear,Pb (6) @ unclear site; Sn (2) @ unclear site; Sb (0.2) @ unclear site,figure,Fig. 1a,Visually estimated from Fig. 1a,300.0,1000.0,S/cm
Advanced Materials - 2022 - Zhang - Defect‐Engineering‐Stabilized AgSbTe2 with High Thermoelectric Performance.pdf,10.1002/adma.202208994,AgSbTe2,Pristine AgSbTe2,AgSbTe2,0,No,,,,,,text,"Page 4, Results and Discussion",,300.0,89.0,S/cm
Advanced Materials - 2022 - Zhang - Defect‐Engineering‐Stabilized AgSbTe2 with High Thermoelectric Performance.pdf,10.1002/adma.202208994,AgSbTe2,AgSbTe1.85Se0.1S0.05,AgSbTe1.85Se0.1S0.05,2,Yes,Se,0.1,Te,S (0.05) @ Te,Se (0.1) @ Te site; S (0.05) @ Te site,text,"Page 4, Results and Discussion",,300.0,244.0,S/cm
Advanced Materials - 2022 - Zhang - Defect‐Engineering‐Stabilized AgSbTe2 with High Thermoelectric Performance.pdf,10.1002/adma.202208994,AgSbTe2,AgSbTe2,AgSbTe2,0,No,,,,,,figure,Fig. 4A,Visually estimated from Fig. 4A,300.0,80.0,S/cm
Advanced Materials - 2022 - Zhang - Defect‐Engineering‐Stabilized AgSbTe2 with High Thermoelectric Performance.pdf,10.1002/adma.202208994,AgSbTe2,AgSbTe1.9Se0.05S0.05,AgSbTe1.9Se0.05S0.05,2,Yes,Se,0.05,Te,S (0.05) @ Te,Se (0.05) @ Te site; S (0.05) @ Te site,figure,Fig. 4A,Visually estimated from Fig. 4A,300.0,110.0,S/cm
Advanced Materials - 2022 - Zhang - Defect‐Engineering‐Stabilized AgSbTe2 with High Thermoelectric Performance.pdf,10.1002/adma.202208994,AgSbTe2,AgSbTe1.85Se0.1S0.05,AgSbTe1.85Se0.1S0.05,2,Yes,Se,0.1,Te,S (0.05) @ Te,Se (0.1) @ Te site; S (0.05) @ Te site,figure,Fig. 4A,Visually estimated from Fig. 4A,300.0,240.0,S/cm
Advanced Materials - 2022 - Zhang - Defect‐Engineering‐Stabilized AgSbTe2 with High Thermoelectric Performance.pdf,10.1002/adma.202208994,AgSbTe2,AgSbTe1.8Se0.1S0.1,AgSbTe1.8Se0.1S0.1,2,Yes,Se,0.1,Te,S (0.1) @ Te,Se (0.1) @ Te site; S (0.1) @ Te site,figure,Fig. 4A,Visually estimated from Fig. 4A,300.0,190.0,S/cm
Advanced Materials - 2023 - Taneja - High Thermoelectric Performance in Phonon‐Glass Electron‐Crystal Like AgSbTe2.pdf,10.1002/adma.202307058,AgSbTe2,AgSbTe2,AgSbTe2,0,No,,,,,,body text,,,300.0,104.0,S/cm
Advanced Materials - 2023 - Taneja - High Thermoelectric Performance in Phonon‐Glass Electron‐Crystal Like AgSbTe2.pdf,10.1002/adma.202307058,AgSbTe2,AgSb0.96Yb0.04Te2,AgSb0.96Yb0.04Te2,1,No,Yb,4 mol%,Sb,,Yb (4 mol%) @ Sb site,body text,,,300.0,278.0,S/cm
Advanced Materials - 2023 - Taneja - High Thermoelectric Performance in Phonon‐Glass Electron‐Crystal Like AgSbTe2.pdf,10.1002/adma.202307058,AgSbTe2,AgSbTe2,AgSbTe2,0,No,,,,,,figure,Fig. 5a,Visually estimated from Fig. 5a,300.0,150.0,S/cm
Advanced Materials - 2023 - Taneja - High Thermoelectric Performance in Phonon‐Glass Electron‐Crystal Like AgSbTe2.pdf,10.1002/adma.202307058,AgSbTe2,AgSbTe2,AgSbTe2,0,No,,,,,,figure,Fig. 5a,Visually estimated from Fig. 5a,400.0,200.0,S/cm
Advanced Materials - 2023 - Taneja - High Thermoelectric Performance in Phonon‐Glass Electron‐Crystal Like AgSbTe2.pdf,10.1002/adma.202307058,AgSbTe2,AgSbTe2,AgSbTe2,0,No,,,,,,figure,Fig. 5a,Visually estimated from Fig. 5a,500.0,220.0,S/cm
Advanced Materials - 2023 - Taneja - High Thermoelectric Performance in Phonon‐Glass Electron‐Crystal Like AgSbTe2.pdf,10.1002/adma.202307058,AgSbTe2,AgSb0.98Yb0.02Te2,AgSb0.98Yb0.02Te2,1,No,Yb,2 mol%,Sb,,Yb (2 mol%) @ Sb site,figure,Fig. 5a,Visually estimated from Fig. 5a,300.0,180.0,S/cm
Advanced Materials - 2023 - Taneja - High Thermoelectric Performance in Phonon‐Glass Electron‐Crystal Like AgSbTe2.pdf,10.1002/adma.202307058,AgSbTe2,AgSb0.98Yb0.02Te2,AgSb0.98Yb0.02Te2,1,No,Yb,2 mol%,Sb,,Yb (2 mol%) @ Sb site,figure,Fig. 5a,Visually estimated from Fig. 5a,400.0,200.0,S/cm
Advanced Materials - 2023 - Taneja - High Thermoelectric Performance in Phonon‐Glass Electron‐Crystal Like AgSbTe2.pdf,10.1002/adma.202307058,AgSbTe2,AgSb0.98Yb0.02Te2,AgSb0.98Yb0.02Te2,1,No,Yb,2 mol%,Sb,,Yb (2 mol%) @ Sb site,figure,Fig. 5a,Visually estimated from Fig. 5a,500.0,210.0,S/cm
Advanced Materials - 2023 - Taneja - High Thermoelectric Performance in Phonon‐Glass Electron‐Crystal Like AgSbTe2.pdf,10.1002/adma.202307058,AgSbTe2,AgSb0.96Yb0.04Te2,AgSb0.96Yb0.04Te2,1,No,Yb,4 mol%,Sb,,Yb (4 mol%) @ Sb site,figure,Fig. 5a,Visually estimated from Fig. 5a,300.0,280.0,S/cm
Advanced Materials - 2023 - Taneja - High Thermoelectric Performance in Phonon‐Glass Electron‐Crystal Like AgSbTe2.pdf,10.1002/adma.202307058,AgSbTe2,AgSb0.96Yb0.04Te2,AgSb0.96Yb0.04Te2,1,No,Yb,4 mol%,Sb,,Yb (4 mol%) @ Sb site,figure,Fig. 5a,Visually estimated from Fig. 5a,400.0,250.0,S/cm
Advanced Materials - 2023 - Taneja - High Thermoelectric Performance in Phonon‐Glass Electron‐Crystal Like AgSbTe2.pdf,10.1002/adma.202307058,AgSbTe2,AgSb0.96Yb0.04Te2,AgSb0.96Yb0.04Te2,1,No,Yb,4 mol%,Sb,,Yb (4 mol%) @ Sb site,figure,Fig. 5a,Visually estimated from Fig. 5a,500.0,260.0,S/cm
Advanced Materials - 2024 - Li - High‐Performance AgSbTe2 Thermoelectrics  Advances  Challenges  and Perspectives.pdf,10.1002/adma.202409275,AgSbTe2,AgSb0.94Cd0.06Te2,AgSb0.94Cd0.06Te2,1,No,Cd,0.06,Sb,,Cd (0.06) @ Sb site,Table 1,,,573.0,251.0,S/cm
Advanced Materials - 2024 - Li - High‐Performance AgSbTe2 Thermoelectrics  Advances  Challenges  and Perspectives.pdf,10.1002/adma.202409275,AgSbTe2,Ag0.98SbTe2,Ag0.98SbTe2,1,No,Ag vacancy,0.02,Ag,,Ag vacancy (0.02) @ Ag site,body text,,,573.0,68.0,S/cm
Angew Chem Int Ed - 2026 - Han - Lead‐Doping Enabled Band Engineering and Phonon Transport Modulation  Key to.pdf,10.1002/anie.2554196,AgSbTe2,AgSbTe2,AgSbTe2,0,No,,,,,,body text,Page 4,,300.0,146.0,S/cm
Angew Chem Int Ed - 2026 - Han - Lead‐Doping Enabled Band Engineering and Phonon Transport Modulation  Key to.pdf,10.1002/anie.2554196,AgSbTe2,AgSbTe2,AgSbTe2,0,No,,,,,,body text,Page 5,,623.0,111.0,S/cm
Angew Chem Int Ed - 2026 - Han - Lead‐Doping Enabled Band Engineering and Phonon Transport Modulation  Key to.pdf,10.1002/anie.2554196,AgSbTe2,AgSb0.96Pb0.04Te2,AgSb0.96Pb0.04Te2,1,No,Pb,0.04,Sb,,Pb (0.04) @ Sb site,body text,Page 1,,623.0,276.0,S/cm
Angew Chem Int Ed - 2026 - Han - Lead‐Doping Enabled Band Engineering and Phonon Transport Modulation  Key to.pdf,10.1002/anie.2554196,AgSbTe2,AgSb0.96Pb0.04Te2,AgSb0.96Pb0.04Te2,1,No,Pb,0.04,Sb,,Pb (0.04) @ Sb site,body text,Page 4,,300.0,186.0,S/cm
Angew Chem Int Ed - 2026 - Han - Lead‐Doping Enabled Band Engineering and Phonon Transport Modulation  Key to.pdf,10.1002/anie.2554196,AgSbTe2,AgSbTe2 (x=0),AgSbTe2,0,No,,,,,,body text,,,300.0,146.0,S/cm
Angew Chem Int Ed - 2026 - Han - Lead‐Doping Enabled Band Engineering and Phonon Transport Modulation  Key to.pdf,10.1002/anie.2554196,AgSbTe2,Ag0.96Pb0.04Te2,Ag0.96Pb0.04Te2,1,No,Pb,0.04,Sb,,Pb (0.04) @ Sb site,body text,,,300.0,186.0,S/cm
Angew Chem Int Ed - 2026 - Han - Lead‐Doping Enabled Band Engineering and Phonon Transport Modulation  Key to.pdf,10.1002/anie.2554196,AgSbTe2,Ag0.96Pb0.04Te2,Ag0.96Pb0.04Te2,1,No,Pb,0.04,Sb,,Pb (0.04) @ Sb site,body text,,,623.0,276.0,S/cm
Annalen der Physik - 2020 - Liu - Evaluation of Thermoelectric Properties of Ag0 366Sb0 558Te.pdf,10.1002/andp.201900561,Ag0.366SbTe2,Ag0.366(Sb1-xSnx)0.558Te,Ag0.366(Sb1-xSnx)0.558Te,1,No,Sn,x=0 to 0.16,Sb,,Sn (x=0 to 0.16) @ Sb site,figure,Fig. 5b,Visually estimated for x=0 at 300K (resistivity plotted),300.0,100.0,S/cm
Annalen der Physik - 2020 - Liu - Evaluation of Thermoelectric Properties of Ag0 366Sb0 558Te.pdf,10.1002/andp.201900561,Ag0.366SbTe2,Ag0.366(Sb1-xSnx)0.558Te,Ag0.366(Sb1-xSnx)0.558Te,1,No,Sn,x=0 to 0.16,Sb,,Sn (x=0 to 0.16) @ Sb site,figure,Fig. 5b,Visually estimated for x=0 at 500K (resistivity plotted),500.0,55.55555555555555,S/cm
Band convergence and nanostructure modulations lead to high thermoelectric performance in SnPb0.04Te-y_ AgSbTe2.pdf,10.1016/j.mtphys.2021.100505,SnPb0.04Te-y%AgSbTe2,SnPb0.04Te-25%AgSbTe2,SnPb0.04Te-25%AgSbTe2,2,Yes,Ag,25%,Sn,Sb (25%) @ Sn,Ag (25%) @ Sn site; Sb (25%) @ Sn site,body text,"Page 2, Section 2",,300.0,1736.0,S/cm
Band convergence and nanostructure modulations lead to high thermoelectric performance in SnPb0.04Te-y_ AgSbTe2.pdf,10.1016/j.mtphys.2021.100505,SnPb0.04Te-y%AgSbTe2,SnPb0.04Te-y%AgSbTe2 (y=0 to 25),SnPb0.04Te-y%AgSbTe2,2,Yes,Ag,y%,unclear,Sb (y%) @ unclear,Ag (y%) @ unclear site; Sb (y%) @ unclear site,body text,page 2,Value for y=0 sample at 300 K,300.0,7180.0,S/cm
Band convergence and nanostructure modulations lead to high thermoelectric performance in SnPb0.04Te-y_ AgSbTe2.pdf,10.1016/j.mtphys.2021.100505,SnPb0.04Te-y%AgSbTe2,SnPb0.04Te-y%AgSbTe2 (y=0 to 25),SnPb0.04Te-y%AgSbTe2,2,Yes,Ag,y%,unclear,Sb (y%) @ unclear,Ag (y%) @ unclear site; Sb (y%) @ unclear site,body text,page 2,Value for y=25 sample at 300 K,300.0,1736.0,S/cm
"Carrier optimization and reduced thermal conductivity leading to enhanced thermoelectric performance in (Mg, S) co-doped AgSbTe2.pdf",10.1016/j.mtphys.2024.101358,AgSbTe2,AgSb0.97Mg0.03Te2,AgSb0.97Mg0.03Te2,1,No,Mg,3 atomic %,Sb,,Mg (3 atomic %) @ Sb site,body text,,,300.0,335.7,S/cm
Charge Compensation Modulation of the Thermoelectric Properties in AgSbTe2 via Mn Amphoteric Doping.pdf,10.1021/acs.inorgchem.9b00852,AgSbTe2,Pristine AgSbTe2,AgSbTe2,0,No,,,,,,body text,"Page 3, Results and Discussion",,300.0,384.0,S/cm
Charge Compensation Modulation of the Thermoelectric Properties in AgSbTe2 via Mn Amphoteric Doping.pdf,10.1021/acs.inorgchem.9b00852,AgSbTe2,MnSb monodoped (x=0.07),AgSb1-xMnxTe2 (x=0.07),1,No,Mn,7 mol %,Sb,,Mn (7 mol %) @ Sb site,body text,"Page 3, Results and Discussion",,300.0,1217.0,S/cm
Chen_2012_J._Phys._D__Appl._Phys._45_115302.pdf,10.1088/0022-3727/45/11/115302,Ag0.366Sb0.558Te,0% GeTe,"(Ag0.366Sb0.558Te)1-x(GeTe)x, x=0",1,No,Ge,0%,unclear,,Ge (0%) @ unclear site,figure,Fig. 3b,Visually estimated from Fig. 3b,300.0,40.0,S/cm
Chen_2012_J._Phys._D__Appl._Phys._45_115302.pdf,10.1088/0022-3727/45/11/115302,Ag0.366Sb0.558Te,0% GeTe,"(Ag0.366Sb0.558Te)1-x(GeTe)x, x=0",1,No,Ge,0%,unclear,,Ge (0%) @ unclear site,figure,Fig. 3b,Visually estimated from Fig. 3b,600.0,40.0,S/cm
Chen_2012_J._Phys._D__Appl._Phys._45_115302.pdf,10.1088/0022-3727/45/11/115302,Ag0.366Sb0.558Te,1% GeTe,"(Ag0.366Sb0.558Te)1-x(GeTe)x, x=1%",1,No,Ge,1%,unclear,,Ge (1%) @ unclear site,figure,Fig. 3b,Visually estimated from Fig. 3b,300.0,120.0,S/cm
Chen_2012_J._Phys._D__Appl._Phys._45_115302.pdf,10.1088/0022-3727/45/11/115302,Ag0.366Sb0.558Te,1% GeTe,"(Ag0.366Sb0.558Te)1-x(GeTe)x, x=1%",1,No,Ge,1%,unclear,,Ge (1%) @ unclear site,figure,Fig. 3b,Visually estimated from Fig. 3b,600.0,100.0,S/cm
Chen_2012_J._Phys._D__Appl._Phys._45_115302.pdf,10.1088/0022-3727/45/11/115302,Ag0.366Sb0.558Te,8% GeTe,"(Ag0.366Sb0.558Te)1-x(GeTe)x, x=8%",1,No,Ge,8%,unclear,,Ge (8%) @ unclear site,figure,Fig. 3b,Visually estimated from Fig. 3b,300.0,130.0,S/cm
Chen_2012_J._Phys._D__Appl._Phys._45_115302.pdf,10.1088/0022-3727/45/11/115302,Ag0.366Sb0.558Te,8% GeTe,"(Ag0.366Sb0.558Te)1-x(GeTe)x, x=8%",1,No,Ge,8%,unclear,,Ge (8%) @ unclear site,figure,Fig. 3b,Visually estimated from Fig. 3b,600.0,120.0,S/cm
"Contrasting roles of small-radius metals (Cu, Zn, Ni) in enhancing the thermoelectric properties of AgSbTe2.pdf",10.1016/j.jallcom.2026.189224,AgSbTe2,AgSbTe2,AgSbTe2,0,No,,,,,,Table 1,,,300.0,138.0,S/cm
"Contrasting roles of small-radius metals (Cu, Zn, Ni) in enhancing the thermoelectric properties of AgSbTe2.pdf",10.1016/j.jallcom.2026.189224,AgSbTe2,AgSb0.97Cu0.03Te2,AgSb0.97Cu0.03Te2,1,No,Cu,0.03,Sb,,Cu (0.03) @ Sb site,Table 1,,,300.0,268.0,S/cm
"Contrasting roles of small-radius metals (Cu, Zn, Ni) in enhancing the thermoelectric properties of AgSbTe2.pdf",10.1016/j.jallcom.2026.189224,AgSbTe2,AgSb0.98Zn0.02Te2,AgSb0.98Zn0.02Te2,1,No,Zn,0.02,Sb,,Zn (0.02) @ Sb site,Table 1,,,300.0,130.0,S/cm
"Contrasting roles of small-radius metals (Cu, Zn, Ni) in enhancing the thermoelectric properties of AgSbTe2.pdf",10.1016/j.jallcom.2026.189224,AgSbTe2,AgSb0.985Ni0.015Te2,AgSb0.985Ni0.015Te2,1,No,Ni,0.015,Sb,,Ni (0.015) @ Sb site,Table 1,,,300.0,165.0,S/cm
Drymiotis_2011_J._Phys.__Condens._Matter_23_135305.pdf,10.1088/0953-8984/23/13/135305,Cu0.2Ag2.8SbSeTe2,slow-cooled Cu0.2Ag2.8SbSeTe2,Cu0.2Ag2.8SbSeTe2,0,No,,,,,,body text,,Reported as resistivity of 3.3 mΩ cm,680.0,303.03030303030306,S/cm
Drymiotis_2011_J._Phys.__Condens._Matter_23_135305.pdf,10.1088/0953-8984/23/13/135305,Cu0.2Ag2.8SbSeTe2,quenched Cu0.2Ag2.8SbSeTe2,Cu0.2Ag2.8SbSeTe2,0,No,,,,,,body text,,Reported as resistivity of 3.8 mΩ cm,680.0,263.1578947368421,S/cm
Du_2018_Chinese_Phys._B_27_048102.pdf,10.1088/1674-1056/27/4/048102,AgSbTe2-family,(GeTe)80(AgSbSe2)20,(GeTe)80(AgSbSe2)20,1,No,AgSbSe2,20 mol%,unclear,,AgSbSe2 (20 mol%) @ unclear site,figure,Fig. 5b,Visually estimated from Fig. 5b,700.0,1000.0,S/cm
Effect of Ce Substitution for Sb on the Thermoelectric Properties of AgSbTe2 Compound.pdf,10.1007/s11664-014-3076-7,AgSbTe2,AgSbTe2,AgSbTe2,0,No,,,,,,figure,Fig. 4a,Visually estimated from Fig. 4a,300.0,100.0,S/cm
Effect of Ce Substitution for Sb on the Thermoelectric Properties of AgSbTe2 Compound.pdf,10.1007/s11664-014-3076-7,AgSbTe2,AgSbTe2,AgSbTe2,0,No,,,,,,figure,Fig. 4a,Visually estimated from Fig. 4a,500.0,140.0,S/cm
Effect of Ce Substitution for Sb on the Thermoelectric Properties of AgSbTe2 Compound.pdf,10.1007/s11664-014-3076-7,AgSbTe2,AgCe0.005Sb0.995Te2.01,AgCe0.005Sb0.995Te2.01,1,No,Ce,x = 0.005,Sb,,Ce (x = 0.005) @ Sb site,figure,Fig. 4a,Visually estimated from Fig. 4a,300.0,170.0,S/cm
Effect of Ce Substitution for Sb on the Thermoelectric Properties of AgSbTe2 Compound.pdf,10.1007/s11664-014-3076-7,AgSbTe2,AgCe0.005Sb0.995Te2.01,AgCe0.005Sb0.995Te2.01,1,No,Ce,x = 0.005,Sb,,Ce (x = 0.005) @ Sb site,figure,Fig. 4a,Visually estimated from Fig. 4a,500.0,180.0,S/cm
Effect of Ce Substitution for Sb on the Thermoelectric Properties of AgSbTe2 Compound.pdf,10.1007/s11664-014-3076-7,AgSbTe2,AgCe0.01Sb0.99Te2.01,AgCe0.01Sb0.99Te2.01,1,No,Ce,x = 0.01,Sb,,Ce (x = 0.01) @ Sb site,figure,Fig. 4a,Visually estimated from Fig. 4a,300.0,160.0,S/cm
Effect of Ce Substitution for Sb on the Thermoelectric Properties of AgSbTe2 Compound.pdf,10.1007/s11664-014-3076-7,AgSbTe2,AgCe0.01Sb0.99Te2.01,AgCe0.01Sb0.99Te2.01,1,No,Ce,x = 0.01,Sb,,Ce (x = 0.01) @ Sb site,figure,Fig. 4a,Visually estimated from Fig. 4a,500.0,170.0,S/cm
Effect of Ce Substitution for Sb on the Thermoelectric Properties of AgSbTe2 Compound.pdf,10.1007/s11664-014-3076-7,AgSbTe2,AgCe0.03Sb0.97Te2.01,AgCe0.03Sb0.97Te2.01,1,No,Ce,x = 0.03,Sb,,Ce (x = 0.03) @ Sb site,figure,Fig. 4a,Visually estimated from Fig. 4a,300.0,150.0,S/cm
Effect of Ce Substitution for Sb on the Thermoelectric Properties of AgSbTe2 Compound.pdf,10.1007/s11664-014-3076-7,AgSbTe2,AgCe0.03Sb0.97Te2.01,AgCe0.03Sb0.97Te2.01,1,No,Ce,x = 0.03,Sb,,Ce (x = 0.03) @ Sb site,figure,Fig. 4a,Visually estimated from Fig. 4a,500.0,160.0,S/cm
Effect of La-doping on AgSbTe2 thermoelectric compounds.pdf,10.3938/jkps.68.164,AgSbTe2,x=0,AgSbTe2,0,No,,,,,,Table 1,,,,442.5,S/cm
Effect of La-doping on AgSbTe2 thermoelectric compounds.pdf,10.3938/jkps.68.164,AgSbTe2,x=0.01,Ag(Sb0.99La0.01)Te2,1,No,La,0.01,Sb,,La (0.01) @ Sb site,Table 1,,,,193.70000000000002,S/cm
Effect of La-doping on AgSbTe2 thermoelectric compounds.pdf,10.3938/jkps.68.164,AgSbTe2,x=0.02,Ag(Sb0.98La0.02)Te2,1,No,La,0.02,Sb,,La (0.02) @ Sb site,Table 1,,,,38.300000000000004,S/cm
Effect of La-doping on AgSbTe2 thermoelectric compounds.pdf,10.3938/jkps.68.164,AgSbTe2,x=0.03,Ag(Sb0.97La0.03)Te2,1,No,La,0.03,Sb,,La (0.03) @ Sb site,Table 1,,,,60.6,S/cm
Effect of La-doping on AgSbTe2 thermoelectric compounds.pdf,10.3938/jkps.68.164,AgSbTe2,x=0.05,Ag(Sb0.95La0.05)Te2,1,No,La,0.05,Sb,,La (0.05) @ Sb site,Table 1,,,,61.4,S/cm
Effects_of_nano-domains_on_thermoelectric_properties_in_telluride_system.pdf,10.1109/NMDC.2011.6155313,AgSbTe2,AgSbTe2,AgSbTe2,0,No,,,,,,table,Table I,Calculated from resistivity 52 uOhm m,623.0,192.3077,S/cm
Effects_of_nano-domains_on_thermoelectric_properties_in_telluride_system.pdf,10.1109/NMDC.2011.6155313,AgSbTe2,AgSbTe2,AgSbTe2,0,No,,,,,,table,Calculated from resistivity 52 μOhm·m in Table I,,623.0,19.23,S/cm
Electron transport properties of La-doped AgSbTe2 thermoelectric compounds.pdf,10.1007/s13391-011-0914-0,AgSbTe2,x=0,AgSbTe2,0,No,,,,,,Table 2,,Reported as electrical resistivity,,442.47787610619474,S/cm
Electron transport properties of La-doped AgSbTe2 thermoelectric compounds.pdf,10.1007/s13391-011-0914-0,AgSbTe2,x=0.01,Ag(Sb0.99La0.01)Te2,1,No,La,0.01,Sb,,La (0.01) @ Sb site,Table 2,,Reported as electrical resistivity,,193.64833462432222,S/cm
Electron transport properties of La-doped AgSbTe2 thermoelectric compounds.pdf,10.1007/s13391-011-0914-0,AgSbTe2,x=0.02,Ag(Sb0.98La0.02)Te2,1,No,La,0.02,Sb,,La (0.02) @ Sb site,Table 2,,Reported as electrical resistivity,,38.306837770542046,S/cm
Electron transport properties of La-doped AgSbTe2 thermoelectric compounds.pdf,10.1007/s13391-011-0914-0,AgSbTe2,x=0.03,Ag(Sb0.97La0.03)Te2,1,No,La,0.03,Sb,,La (0.03) @ Sb site,Table 2,,Reported as electrical resistivity,,60.62443164595334,S/cm
Electron transport properties of La-doped AgSbTe2 thermoelectric compounds.pdf,10.1007/s13391-011-0914-0,AgSbTe2,x=0.05,Ag(Sb0.95La0.05)Te2,1,No,La,0.05,Sb,,La (0.05) @ Sb site,Table 2,,Reported as electrical resistivity,,61.3986615091791,S/cm
Electron transport properties of La-doped AgSbTe2 thermoelectric compounds.pdf,10.1007/s13391-011-0914-0,AgSbTe2,x=0,AgSbTe2,0,No,,,,,,table,Table 2,"Calculated from resistivity 22.6 uOhm m (1/22.6e-8 Ohm m = 4424778 S/m = 44247 S/cm). Wait, unit is uOhm m. 1/22.6e-8 = 4.42e6 S/m = 44247 S/cm. Actually, table says 22.6 uOhm m. Room temperature.",,44.25,S/cm
Enhanced Thermoelectric Properties of AgSb1–xPbxBiySe2 Achieved via Microwave Smelting Combined with Spark Plasma Sintering.pdf,10.1021/acsami.4c20502,AgSbSe2,AgSb1-xPbxSe2 (x=0),AgSbSe2,0,No,,,,,,figure,Figure 2a,Visually estimated from Figure 2a,300.0,50.0,S/cm
Enhanced Thermoelectric Properties of AgSb1–xPbxBiySe2 Achieved via Microwave Smelting Combined with Spark Plasma Sintering.pdf,10.1021/acsami.4c20502,AgSbSe2,AgSb1-xPbxSe2 (x=0.05),AgSb0.95Pb0.05Se2,1,No,Pb,x=0.05,Sb,,Pb (x=0.05) @ Sb site,figure,Figure 2a,Visually estimated from Figure 2a,300.0,105.0,S/cm
Enhanced Thermoelectric Properties of AgSb1–xPbxBiySe2 Achieved via Microwave Smelting Combined with Spark Plasma Sintering.pdf,10.1021/acsami.4c20502,AgSbSe2,"AgSb1-xPbxBiSe2 (x=0, y=0)",AgSbTe2,0,No,,,,,,figure,Fig. 6a,Visually estimated from Fig. 6a,300.0,55.0,S/cm
Enhanced Thermoelectric Properties of AgSb1–xPbxBiySe2 Achieved via Microwave Smelting Combined with Spark Plasma Sintering.pdf,10.1021/acsami.4c20502,AgSbSe2,AgSb0.955Pb0.045Bi0.025Se2,AgSb0.955Pb0.045Bi0.025Se2,2,Yes,Pb,0.045,Sb,Bi (0.025) @ Sb,Pb (0.045) @ Sb site; Bi (0.025) @ Sb site,figure,Fig. 6a,Visually estimated from Fig. 6a,300.0,150.0,S/cm
Enhanced thermoelectric composite performance from graphene nanosheets additives in AgSbTe2 matrix.pdf,10.1016/j.ceramint.2022.06.092,AgSbTe2,0 vol% graphene/AgSbTe2,AgSbTe2,0,No,,,,,,body text,Page 1,,,160.0,S/cm
Enhanced thermoelectric composite performance from graphene nanosheets additives in AgSbTe2 matrix.pdf,10.1016/j.ceramint.2022.06.092,AgSbTe2,0.9 vol% graphene/AgSbTe2,0.9 vol% graphene/AgSbTe2,1,No,graphene,0.9 vol%,interstitial,,graphene (0.9 vol%) @ interstitial site,body text,Page 1,,,250.0,S/cm
Enhanced thermoelectric composite performance from graphene nanosheets additives in AgSbTe2 matrix.pdf,10.1016/j.ceramint.2022.06.092,AgSbTe2,0 vol% graphene,AgSbTe2,0,No,,,,,,figure,Fig. 7a,Visually estimated from Fig. 7a,300.0,150.0,S/cm
Enhanced thermoelectric composite performance from graphene nanosheets additives in AgSbTe2 matrix.pdf,10.1016/j.ceramint.2022.06.092,AgSbTe2,0.6 vol% graphene,AgSbTe2 + 0.6 vol% graphene,1,No,graphene,0.6 vol%,interstitial,,graphene (0.6 vol%) @ interstitial site,figure,Fig. 7a,Visually estimated from Fig. 7a,300.0,180.0,S/cm
Enhanced thermoelectric composite performance from graphene nanosheets additives in AgSbTe2 matrix.pdf,10.1016/j.ceramint.2022.06.092,AgSbTe2,0.9 vol% graphene,AgSbTe2 + 0.9 vol% graphene,1,No,graphene,0.9 vol%,interstitial,,graphene (0.9 vol%) @ interstitial site,figure,Fig. 7a,Visually estimated from Fig. 7a,300.0,240.0,S/cm
Enhanced thermoelectric composite performance from graphene nanosheets additives in AgSbTe2 matrix.pdf,10.1016/j.ceramint.2022.06.092,AgSbTe2,1.2 vol% graphene,AgSbTe2 + 1.2 vol% graphene,1,No,graphene,1.2 vol%,interstitial,,graphene (1.2 vol%) @ interstitial site,figure,Fig. 7a,Visually estimated from Fig. 7a,300.0,190.0,S/cm
Enhanced thermoelectric performance and novel nanopores in AgSbTe2 prepared by melt spinning.pdf,10.1016/j.jssc.2010.10.036,AgSbTe2,MS-SPS,AgSbTe2,0,No,,,,,,body text,Section 3.2,,665.0,200.0,S/cm
Enhanced thermoelectric performance in AgSbTe2 with extremely low thermal conductivity via grain boundary defects.pdf,10.1063/5.0255308,AgSbTe2,AgSb1-xFexTe2.01 (x=0),AgSbTe2.01,0,No,,,,,,body text,Page 4,,523.0,91.0,S/cm
Enhanced thermoelectric performance in AgSbTe2 with extremely low thermal conductivity via grain boundary defects.pdf,10.1063/5.0255308,AgSbTe2,AgSb1-xFexTe2.01 (x=0.03),AgSb0.97Fe0.03Te2.01,1,No,Fe,x=0.03,Sb,,Fe (x=0.03) @ Sb site,body text,Page 4,,523.0,264.0,S/cm
Enhanced thermoelectric performance in AgSbTe2 with extremely low thermal conductivity via grain boundary defects.pdf,10.1063/5.0255308,AgSbTe2,AgSb1-xFe_xTe2.01 (x=0),AgSbTe2.01,1,No,Fe,0,unclear,,Fe (0) @ unclear site,figure,,Visually estimated from Fig. 1(a),323.0,100.0,S/cm
Enhanced thermoelectric performance in AgSbTe2 with extremely low thermal conductivity via grain boundary defects.pdf,10.1063/5.0255308,AgSbTe2,AgSb1-xFe_xTe2.01 (x=0),AgSbTe2.01,1,No,Fe,0,unclear,,Fe (0) @ unclear site,figure,,Visually estimated from Fig. 1(a),623.0,150.0,S/cm
Enhanced thermoelectric performance in AgSbTe2 with extremely low thermal conductivity via grain boundary defects.pdf,10.1063/5.0255308,AgSbTe2,AgSb1-xFe_xTe2.01 (x=0.01),AgSb0.99Fe0.01Te2.01,1,No,Fe,0.01,Sb,,Fe (0.01) @ Sb site,figure,,Visually estimated from Fig. 1(a),323.0,120.0,S/cm
Enhanced thermoelectric performance in AgSbTe2 with extremely low thermal conductivity via grain boundary defects.pdf,10.1063/5.0255308,AgSbTe2,AgSb1-xFe_xTe2.01 (x=0.01),AgSb0.99Fe0.01Te2.01,1,No,Fe,0.01,Sb,,Fe (0.01) @ Sb site,figure,,Visually estimated from Fig. 1(a),623.0,200.0,S/cm
Enhanced thermoelectric performance in AgSbTe2 with extremely low thermal conductivity via grain boundary defects.pdf,10.1063/5.0255308,AgSbTe2,AgSb1-xFe_xTe2.01 (x=0.03),AgSb0.97Fe0.03Te2.01,1,No,Fe,0.03,Sb,,Fe (0.03) @ Sb site,figure,,Visually estimated from Fig. 1(a),323.0,150.0,S/cm
Enhanced thermoelectric performance in AgSbTe2 with extremely low thermal conductivity via grain boundary defects.pdf,10.1063/5.0255308,AgSbTe2,AgSb1-xFe_xTe2.01 (x=0.03),AgSb0.97Fe0.03Te2.01,1,No,Fe,0.03,Sb,,Fe (0.03) @ Sb site,figure,,Visually estimated from Fig. 1(a),623.0,250.0,S/cm
Enhanced thermoelectric performance in Bi-doped p-type AgSbTe2 compounds.pdf,10.1063/1.4828478,AgSbTe2,AgSbTe2,AgSbTe2,0,No,,,,,,Table 1,,,300.0,360.0,S/cm
Enhanced thermoelectric performance in Bi-doped p-type AgSbTe2 compounds.pdf,10.1063/1.4828478,AgSbTe2,AgBi0.03Sb0.97Te2,AgBi0.03Sb0.97Te2,1,No,Bi,0.03,Sb,,Bi (0.03) @ Sb site,Table 1,,,300.0,110.0,S/cm
Enhanced thermoelectric performance in Bi-doped p-type AgSbTe2 compounds.pdf,10.1063/1.4828478,AgSbTe2,AgBi0.05Sb0.95Te2,AgBi0.05Sb0.95Te2,1,No,Bi,0.05,Sb,,Bi (0.05) @ Sb site,Table 1,,,300.0,202.0,S/cm
Enhanced thermoelectric performance in Bi-doped p-type AgSbTe2 compounds.pdf,10.1063/1.4828478,AgSbTe2,AgBi0.07Sb0.93Te2,AgBi0.07Sb0.93Te2,1,No,Bi,0.07,Sb,,Bi (0.07) @ Sb site,Table 1,,,300.0,126.0,S/cm
Enhanced thermoelectric performance in Bi-doped p-type AgSbTe2 compounds.pdf,10.1063/1.4828478,AgSbTe2,AgBi0.1Sb0.9Te2,AgBi0.1Sb0.9Te2,1,No,Bi,0.1,Sb,,Bi (0.1) @ Sb site,Table 1,,,300.0,85.0,S/cm
Enhanced thermoelectric performance in Bi-doped p-type AgSbTe2 compounds.pdf,10.1063/1.4828478,AgSbTe2,"Ag(Sb1-xBix)Te2, x=0",AgSbTe2,1,No,Bi,0,Sb,,Bi (0) @ Sb site,table,Table I,,300.0,360.0,S/cm
Enhanced thermoelectric performance in Bi-doped p-type AgSbTe2 compounds.pdf,10.1063/1.4828478,AgSbTe2,"Ag(Sb1-xBix)Te2, x=0.03",AgBi0.03Sb0.97Te2,1,No,Bi,0.03,Sb,,Bi (0.03) @ Sb site,table,Table I,,300.0,110.0,S/cm
Enhanced thermoelectric performance in Bi-doped p-type AgSbTe2 compounds.pdf,10.1063/1.4828478,AgSbTe2,"Ag(Sb1-xBix)Te2, x=0.05",AgBi0.05Sb0.95Te2,1,No,Bi,0.05,Sb,,Bi (0.05) @ Sb site,table,Table I,,300.0,202.0,S/cm
Enhanced thermoelectric performance in Bi-doped p-type AgSbTe2 compounds.pdf,10.1063/1.4828478,AgSbTe2,"Ag(Sb1-xBix)Te2, x=0.07",AgBi0.07Sb0.93Te2,1,No,Bi,0.07,Sb,,Bi (0.07) @ Sb site,table,Table I,,300.0,126.0,S/cm
Enhanced thermoelectric performance in Bi-doped p-type AgSbTe2 compounds.pdf,10.1063/1.4828478,AgSbTe2,"Ag(Sb1-xBix)Te2, x=0.1",AgBi0.1Sb0.9Te2,1,No,Bi,0.1,Sb,,Bi (0.1) @ Sb site,table,Table I,,300.0,85.0,S/cm
Enhanced thermoelectric performance in Na-doped p-type nonstoichiometric AgSbTe2 compound.pdf,10.1016/j.jallcom.2010.10.131,AgSbTe2,Ag0.98Na0.02SbTe2.02,Ag0.98Na0.02SbTe2.02,1,No,Na,0.02,Ag,,Na (0.02) @ Ag site,body text,,,620.0,250.0,S/cm
Enhanced thermoelectric performance in Na-doped p-type nonstoichiometric AgSbTe2 compound.pdf,10.1016/j.jallcom.2010.10.131,AgSbTe2,AgSbTe2,AgSbTe2,0,No,,,,,,figure,Fig. 5a,Visually estimated from Fig. 5a,300.0,150.0,S/cm
Enhanced thermoelectric performance in Na-doped p-type nonstoichiometric AgSbTe2 compound.pdf,10.1016/j.jallcom.2010.10.131,AgSbTe2,Na0.01Ag0.99SbTe2,Na0.01Ag0.99SbTe2,1,No,Na,0.01,Ag,,Na (0.01) @ Ag site,figure,Fig. 5a,Visually estimated from Fig. 5a,300.0,120.0,S/cm
Enhanced thermoelectric performance in Na-doped p-type nonstoichiometric AgSbTe2 compound.pdf,10.1016/j.jallcom.2010.10.131,AgSbTe2,Na0.02Ag0.98SbTe2,Na0.02Ag0.98SbTe2,1,No,Na,0.02,Ag,,Na (0.02) @ Ag site,figure,Fig. 5a,Visually estimated from Fig. 5a,300.0,100.0,S/cm
Enhanced thermoelectric performance in Na-doped p-type nonstoichiometric AgSbTe2 compound.pdf,10.1016/j.jallcom.2010.10.131,AgSbTe2,Na0.01Ag0.99SbTe2.02,Na0.01Ag0.99SbTe2.02,2,Yes,Na,0.01,Ag,Te (0.02) @ interstitial,Na (0.01) @ Ag site; Te (0.02) @ interstitial site,figure,Fig. 5a,Visually estimated from Fig. 5a,300.0,180.0,S/cm
Enhanced thermoelectric performance in Na-doped p-type nonstoichiometric AgSbTe2 compound.pdf,10.1016/j.jallcom.2010.10.131,AgSbTe2,Na0.02Ag0.98SbTe2.02,Na0.02Ag0.98SbTe2.02,2,Yes,Na,0.02,Ag,Te (0.02) @ interstitial,Na (0.02) @ Ag site; Te (0.02) @ interstitial site,figure,Fig. 5a,Visually estimated from Fig. 5a,300.0,220.0,S/cm
Enhanced thermoelectric performance of p-type sintered BiSbTe-based composites with AgSbTe2 addition.pdf,10.1016/j.ceramint.2020.08.182,BST (Bi0.5Sb1.5Te3) with AgSbTe2 addition,BST-0 wt% AgSbTe2,Bi0.48Sb1.52Te3,1,No,AgSbTe2,0 wt%,unclear,,AgSbTe2 (0 wt%) @ unclear site,body text,,,300.0,850.0,S/cm
Enhanced thermoelectric performance of p-type sintered BiSbTe-based composites with AgSbTe2 addition.pdf,10.1016/j.ceramint.2020.08.182,BST (Bi0.5Sb1.5Te3) with AgSbTe2 addition,BST-0.2 wt% AgSbTe2,Bi0.48Sb1.52Te3-0.2 wt% AgSbTe2,1,No,AgSbTe2,0.2 wt%,multiple sites,,AgSbTe2 (0.2 wt%) @ multiple sites site,body text,,,300.0,1270.0,S/cm
Enhanced thermoelectric performance of p-type sintered BiSbTe-based composites with AgSbTe2 addition.pdf,10.1016/j.ceramint.2020.08.182,BST (Bi0.5Sb1.5Te3) with AgSbTe2 addition,BST-0 wt% AgSbTe2,Bi0.48Sb1.52Te3,1,No,Ag,0 wt%,unclear,,Ag (0 wt%) @ unclear site,body text,,Room temperature value,,850.0,S/cm
Enhanced thermoelectric performance of p-type sintered BiSbTe-based composites with AgSbTe2 addition.pdf,10.1016/j.ceramint.2020.08.182,BST (Bi0.5Sb1.5Te3) with AgSbTe2 addition,BST-0.1 wt% AgSbTe2,Bi0.5Sb1.5Te3 + 0.1 wt% AgSbTe2,1,No,AgSbTe2,0.1 wt%,unclear,,AgSbTe2 (0.1 wt%) @ unclear site,figure,Fig. 6a,Visually estimated from Fig. 6a,300.0,1100.0,S/cm
Entropy engineering enhances the thermoelectric performance and microhardness of (GeTe)1−x(AgSb0.5Bi0.5Te2)x.pdf,10.1007/s40843-022-2211-8,GeTe-AgSbTe2-AgBiTe2 system,(GeTe)0.70(AgSb0.5Bi0.5Te2)0.30,(GeTe)0.70(AgSb0.5Bi0.5Te2)0.30,1,No,Bi,50% of Sb,Sb,,Bi (50% of Sb) @ Sb site,body text,,,300.0,274.0,S/cm
Excellent thermoelectric performance achieved over broad temperature plateau in indium-doped SnTe-AgSbTe2 alloys.pdf,10.1063/1.5018477,SnTe-AgSbTe2,"(Sn0.995In0.005Te)1-x(Ag0.366Sb0.558Te)x, x=0.05",(Sn0.995In0.005Te)0.95(Ag0.366Sb0.558Te)0.05,3,Yes,In,0.005,Sn,Ag (0.05 * 0.366) @ multiple sites; Sb (0.05 * 0.558) @ multiple sites,In (0.005) @ Sn site; Ag (0.05 * 0.366) @ multiple sites site; Sb (0.05 * 0.558) @ multiple sites site,figure,,Visually estimated from Fig. 4b,873.0,1500.0,S/cm
Excellent thermoelectric performance achieved over broad temperature plateau in indium-doped SnTe-AgSbTe2 alloys.pdf,10.1063/1.5018477,SnTe-AgSbTe2,"(Sn0.995In0.005Te)1-x(Ag0.366Sb0.558Te)x, x=0.20",(Sn0.995In0.005Te)0.8(Ag0.366Sb0.558Te)0.2,3,Yes,In,0.005,Sn,Ag (0.2 * 0.366) @ multiple sites; Sb (0.2 * 0.558) @ multiple sites,In (0.005) @ Sn site; Ag (0.2 * 0.366) @ multiple sites site; Sb (0.2 * 0.558) @ multiple sites site,figure,,Visually estimated from Fig. 4b,873.0,800.0,S/cm
Ge-induced cation ordering for enhanced thermoelectric performance in AgSbTe2.pdf,10.1039/d5ta10429g,AgSbTe2,AgSbTe2,AgSbTe2,0,No,,,,,,text,Results and discussion section,,300.0,119.0,S/cm
Ge-induced cation ordering for enhanced thermoelectric performance in AgSbTe2.pdf,10.1039/d5ta10429g,AgSbTe2,AgSb0.96Ge0.04Te2,AgSb0.96Ge0.04Te2,1,No,Ge,0.04,Sb,,Ge (0.04) @ Sb site,text,Results and discussion section,,300.0,188.0,S/cm
Ge-induced cation ordering for enhanced thermoelectric performance in AgSbTe2.pdf,10.1039/d5ta10429g,AgSbTe2,AgSb1-xGexTe2 (x=0.00),AgSbTe2,1,No,Ge,0,Sb,,Ge (0) @ Sb site,figure,,Visually estimated from Fig. 3a,300.0,119.0,S/cm
Ge-induced cation ordering for enhanced thermoelectric performance in AgSbTe2.pdf,10.1039/d5ta10429g,AgSbTe2,AgSb1-xGexTe2 (x=0.04),AgSb0.96Ge0.04Te2,1,No,Ge,0.04,Sb,,Ge (0.04) @ Sb site,figure,,Visually estimated from Fig. 3a,300.0,188.0,S/cm
Ge-induced cation ordering for enhanced thermoelectric performance in AgSbTe2.pdf,10.1039/d5ta10429g,AgSbTe2,AgSb1-xGexTe2 (x=0.06),AgSb0.94Ge0.06Te2,1,No,Ge,0.06,Sb,,Ge (0.06) @ Sb site,figure,,Visually estimated from Fig. 3a,300.0,130.0,S/cm
Ge-induced cation ordering for enhanced thermoelectric performance in AgSbTe2.pdf,10.1039/d5ta10429g,AgSbTe2,AgSb1-xGexTe2 (x=0.08),AgSb0.92Ge0.08Te2,1,No,Ge,0.08,Sb,,Ge (0.08) @ Sb site,figure,,Visually estimated from Fig. 3a,300.0,120.0,S/cm
High Power Factor of HPHT-Sintered GeTe-AgSbTe2 Alloys.pdf,10.1007/s11664-010-1383-1,TAGS-85 (GeTe-AgSbTe2 alloy),D,(GeTe)0.85(AgSbTe2)0.15,0,No,,,,,,body text,,,650.0,2280.0,S/cm
High Power Factor of HPHT-Sintered GeTe-AgSbTe2 Alloys.pdf,10.1007/s11664-010-1383-1,TAGS-85 (GeTe-AgSbTe2 alloy),A,TAGS-85,0,No,,,,,,figure,Fig. 4,Visually estimated from Fig. 4,300.0,2800.0,S/cm
High Power Factor of HPHT-Sintered GeTe-AgSbTe2 Alloys.pdf,10.1007/s11664-010-1383-1,TAGS-85 (GeTe-AgSbTe2 alloy),A,TAGS-85,0,No,,,,,,figure,Fig. 4,Visually estimated from Fig. 4,700.0,600.0,S/cm
High Power Factor of HPHT-Sintered GeTe-AgSbTe2 Alloys.pdf,10.1007/s11664-010-1383-1,TAGS-85 (GeTe-AgSbTe2 alloy),B,TAGS-85,0,No,,,,,,figure,Fig. 4,Visually estimated from Fig. 4,300.0,2800.0,S/cm
High Power Factor of HPHT-Sintered GeTe-AgSbTe2 Alloys.pdf,10.1007/s11664-010-1383-1,TAGS-85 (GeTe-AgSbTe2 alloy),B,TAGS-85,0,No,,,,,,figure,Fig. 4,Visually estimated from Fig. 4,700.0,700.0,S/cm
High Power Factor of HPHT-Sintered GeTe-AgSbTe2 Alloys.pdf,10.1007/s11664-010-1383-1,TAGS-85 (GeTe-AgSbTe2 alloy),C,TAGS-85,0,No,,,,,,figure,Fig. 4,Visually estimated from Fig. 4,300.0,2800.0,S/cm
High Power Factor of HPHT-Sintered GeTe-AgSbTe2 Alloys.pdf,10.1007/s11664-010-1383-1,TAGS-85 (GeTe-AgSbTe2 alloy),C,TAGS-85,0,No,,,,,,figure,Fig. 4,Visually estimated from Fig. 4,700.0,600.0,S/cm
High Power Factor of HPHT-Sintered GeTe-AgSbTe2 Alloys.pdf,10.1007/s11664-010-1383-1,TAGS-85 (GeTe-AgSbTe2 alloy),D,TAGS-85,0,No,,,,,,figure,Fig. 4,Visually estimated from Fig. 4,300.0,2900.0,S/cm
High Power Factor of HPHT-Sintered GeTe-AgSbTe2 Alloys.pdf,10.1007/s11664-010-1383-1,TAGS-85 (GeTe-AgSbTe2 alloy),D,TAGS-85,0,No,,,,,,figure,Fig. 4,Visually estimated from Fig. 4,700.0,2300.0,S/cm
High Power Factor of HPHT-Sintered GeTe-AgSbTe2 Alloys.pdf,10.1007/s11664-010-1383-1,TAGS-85 (GeTe-AgSbTe2 alloy),E,TAGS-85,0,No,,,,,,figure,Fig. 4,Visually estimated from Fig. 4,300.0,2900.0,S/cm
High Power Factor of HPHT-Sintered GeTe-AgSbTe2 Alloys.pdf,10.1007/s11664-010-1383-1,TAGS-85 (GeTe-AgSbTe2 alloy),E,TAGS-85,0,No,,,,,,figure,Fig. 4,Visually estimated from Fig. 4,700.0,1500.0,S/cm
Impact of In Situ Generated Ag2Te Nanoparticles on the Microstructure and Thermoelectric Properties of AgSbTe2 Compounds.pdf,10.1007/s11664-011-1620-2,AgSbTe2,x=44,(Ag2Te)44(Sb2Te3)56,1,No,Ag2Te,x=44,unclear,,Ag2Te (x=44) @ unclear site,figure,,Visually estimated from Fig. 3a at 300 K,,340.0,S/cm
Improved Thermoelectric Properties in Structure Controlled Ag-Sb-Te System.pdf,,AgSbTe2,Ag0.208Sb0.275Te0.517 (A),Ag0.208Sb0.275Te0.517,0,No,,,,,,Table 1,,Calculated from resistivity 16.2e-5 Ohm*m,,617.0,S/cm
Improved Thermoelectric Properties in Structure Controlled Ag-Sb-Te System.pdf,,AgSbTe2,Ag0.208Sb0.275Te0.517 (B),Ag0.208Sb0.275Te0.517,0,No,,,,,,Table 1,,Calculated from resistivity 2.19e-5 Ohm*m,,4565.999999999999,S/cm
Impurity band engineering and hierarchical defect scattering enable high zT in Co-doped AgSbTe2.pdf,10.1039/d5ta09240j,AgSbTe2,AgSbTe2 (pristine),AgSbTe2,0,No,,,,,,body text,,,298.0,225.0,S/cm
Impurity band engineering and hierarchical defect scattering enable high zT in Co-doped AgSbTe2.pdf,10.1039/d5ta09240j,AgSbTe2,AgSb0.97Co0.03Te2,AgSb0.97Co0.03Te2,1,No,Co,x=0.03,Sb,,Co (x=0.03) @ Sb site,body text,,,298.0,325.0,S/cm
Impurity band engineering and hierarchical defect scattering enable high zT in Co-doped AgSbTe2.pdf,10.1039/d5ta09240j,AgSbTe2,AgSb1-xCoxTe2 (x=0),AgSbTe2,0,No,,,,,,figure,Fig. 6a,Visually estimated from Fig. 6a,298.0,225.0,S/cm
Impurity band engineering and hierarchical defect scattering enable high zT in Co-doped AgSbTe2.pdf,10.1039/d5ta09240j,AgSbTe2,AgSb1-xCoxTe2 (x=0.03),AgSb0.97Co0.03Te2,1,No,Co,x=0.03,Sb,,Co (x=0.03) @ Sb site,figure,Fig. 6a,Visually estimated from Fig. 6a,298.0,325.0,S/cm
Influence of In doping on the thermoelectric properties of an AgSbTe2 compound with enhanced figure of merit.pdf,10.1039/c3ta14547f,AgSbTe2,AgSbTe2,AgSbTe2,0,No,,,,,,Table 1,,,300.0,360.0,S/cm
Influence of In doping on the thermoelectric properties of an AgSbTe2 compound with enhanced figure of merit.pdf,10.1039/c3ta14547f,AgSbTe2,Ag(Sb0.97In0.03)Te2,Ag(Sb0.97In0.03)Te2,1,No,In,0.03,Sb,,In (0.03) @ Sb site,Table 1,,,300.0,270.0,S/cm
Influence of In doping on the thermoelectric properties of an AgSbTe2 compound with enhanced figure of merit.pdf,10.1039/c3ta14547f,AgSbTe2,Ag(Sb0.95In0.05)Te2,Ag(Sb0.95In0.05)Te2,1,No,In,0.05,Sb,,In (0.05) @ Sb site,Table 1,,,300.0,230.0,S/cm
Influence of In doping on the thermoelectric properties of an AgSbTe2 compound with enhanced figure of merit.pdf,10.1039/c3ta14547f,AgSbTe2,Ag(Sb0.93In0.07)Te2,Ag(Sb0.93In0.07)Te2,1,No,In,0.07,Sb,,In (0.07) @ Sb site,Table 1,,,300.0,210.0,S/cm
Influence of In doping on the thermoelectric properties of an AgSbTe2 compound with enhanced figure of merit.pdf,10.1039/c3ta14547f,AgSbTe2,AgSbTe2 (x=0),AgSbTe2,0,No,,,,,,figure,Fig. 3a,Visually estimated from Fig. 3a,300.0,380.0,S/cm
Influence of In doping on the thermoelectric properties of an AgSbTe2 compound with enhanced figure of merit.pdf,10.1039/c3ta14547f,AgSbTe2,Ag(Sb0.97In0.03)Te2 (x=0.03),Ag(Sb0.97In0.03)Te2,1,No,In,x=0.03,Sb,,In (x=0.03) @ Sb site,figure,Fig. 3a,Visually estimated from Fig. 3a,300.0,270.0,S/cm
Influence of In doping on the thermoelectric properties of an AgSbTe2 compound with enhanced figure of merit.pdf,10.1039/c3ta14547f,AgSbTe2,Ag(Sb0.95In0.05)Te2 (x=0.05),Ag(Sb0.95In0.05)Te2,1,No,In,x=0.05,Sb,,In (x=0.05) @ Sb site,figure,Fig. 3a,Visually estimated from Fig. 3a,300.0,230.0,S/cm
Influence of In doping on the thermoelectric properties of an AgSbTe2 compound with enhanced figure of merit.pdf,10.1039/c3ta14547f,AgSbTe2,Ag(Sb0.93In0.07)Te2 (x=0.07),Ag(Sb0.93In0.07)Te2,1,No,In,x=0.07,Sb,,In (x=0.07) @ Sb site,figure,Fig. 3a,Visually estimated from Fig. 3a,300.0,210.0,S/cm
Influence of mechanochemical syntheses and compacting methods on the thermoelectric properties of nanostructured AgSnmSbTe2+m (TAST-m).pdf,10.1088/0268-1242/29/12/124009,AgSbTe2-doped SnTe,TAST-10,SnTe doped with AgSbTe2,2,Yes,Ag,10 mol%,unclear,Sb (10 mol%) @ unclear,Ag (10 mol%) @ unclear site; Sb (10 mol%) @ unclear site,figure,,"Visually estimated from Fig 10, TAST-10, CPA",300.0,1500.0,S/cm
Influence of nanoscale Ag2 Te precipitates on the thermoelectric properties of the Sn doped P-type AgSbTe2 compound.pdf,10.1063/1.4896435,AgSbTe2,AgSbTe2,AgSbTe2,0,No,,,,,,Table 1,,,,360.0,S/cm
Influence of nanoscale Ag2 Te precipitates on the thermoelectric properties of the Sn doped P-type AgSbTe2 compound.pdf,10.1063/1.4896435,AgSbTe2,Ag(Sb0.99Sn0.01)Te2,AgSb0.99Sn0.01Te2,1,No,Sn,x = 0.01,Sb,,Sn (x = 0.01) @ Sb site,Table 1,,,,70.0,S/cm
Influence of nanoscale Ag2 Te precipitates on the thermoelectric properties of the Sn doped P-type AgSbTe2 compound.pdf,10.1063/1.4896435,AgSbTe2,Ag(Sb0.97Sn0.03)Te2,Ag0.99Sb0.98Sn0.027Te2,1,No,Sn,x = 0.03,Sb,,Sn (x = 0.03) @ Sb site,Table 1,,,,209.0,S/cm
Influence of nanoscale Ag2 Te precipitates on the thermoelectric properties of the Sn doped P-type AgSbTe2 compound.pdf,10.1063/1.4896435,AgSbTe2,Ag(Sb0.97Sn0.03)Te2,Ag0.99Sb0.98Sn0.027Te2,1,No,Sn,x = 0.03,Sb,,Sn (x = 0.03) @ Sb site,body text,,,543.0,300.0,S/cm
Influence of nanoscale Ag2 Te precipitates on the thermoelectric properties of the Sn doped P-type AgSbTe2 compound.pdf,10.1063/1.4896435,AgSbTe2,Ag(Sb0.95Sn0.05)Te2,Ag0.97Sb0.96Sn0.048Te1.99,1,No,Sn,x = 0.05,Sb,,Sn (x = 0.05) @ Sb site,Table 1,,,,145.0,S/cm
Influence of nanoscale Ag2 Te precipitates on the thermoelectric properties of the Sn doped P-type AgSbTe2 compound.pdf,10.1063/1.4896435,AgSbTe2,Ag(Sb0.93Sn0.07)Te2,Ag0.96Sb0.94Sn0.064Te1.98,1,No,Sn,x = 0.07,Sb,,Sn (x = 0.07) @ Sb site,Table 1,,,,101.60000000000001,S/cm
Influence of nanoscale Ag2 Te precipitates on the thermoelectric properties of the Sn doped P-type AgSbTe2 compound.pdf,10.1063/1.4896435,AgSbTe2,Ag(Sb1-xSnx)Te2 (x = 0.03),Ag(Sb0.97Sn0.03)Te2,1,No,Sn,x = 0.03,Sb,,Sn (x = 0.03) @ Sb site,body text,,,543.0,300.0,S/cm
Influence of nanoscale Ag2 Te precipitates on the thermoelectric properties of the Sn doped P-type AgSbTe2 compound.pdf,10.1063/1.4896435,AgSbTe2,"Ag(Sb1-xSnx)Te2, x=0.01",AgSb0.99Sn0.01Te2,1,No,Sn,x=0.01,Sb,,Sn (x=0.01) @ Sb site,figure,,Visually estimated from Fig. 4a,300.0,70.0,S/cm
Influence of nanoscale Ag2 Te precipitates on the thermoelectric properties of the Sn doped P-type AgSbTe2 compound.pdf,10.1063/1.4896435,AgSbTe2,"Ag(Sb1-xSnx)Te2, x=0.03",AgSb0.97Sn0.03Te2,1,No,Sn,x=0.03,Sb,,Sn (x=0.03) @ Sb site,figure,,Visually estimated from Fig. 4a,300.0,280.0,S/cm
Influence of nanoscale Ag2 Te precipitates on the thermoelectric properties of the Sn doped P-type AgSbTe2 compound.pdf,10.1063/1.4896435,AgSbTe2,"Ag(Sb1-xSnx)Te2, x=0.05",AgSb0.95Sn0.05Te2,1,No,Sn,x=0.05,Sb,,Sn (x=0.05) @ Sb site,figure,,Visually estimated from Fig. 4a,300.0,120.0,S/cm
Influence of nanoscale Ag2 Te precipitates on the thermoelectric properties of the Sn doped P-type AgSbTe2 compound.pdf,10.1063/1.4896435,AgSbTe2,"Ag(Sb1-xSnx)Te2, x=0.07",AgSb0.93Sn0.07Te2,1,No,Sn,x=0.07,Sb,,Sn (x=0.07) @ Sb site,figure,,Visually estimated from Fig. 4a,300.0,110.0,S/cm
Ioffe–Regel limit and lattice thermal conductivity reduction of high performance (AgSbTe2)15(GeTe)85 thermoelectric materials.pdf,10.1039/c3ta15147f,(AgSbTe2)15(GeTe)85,0.4 AQ,(Ag0.4SbTe2/2+1.5)15(GeTe)85,1,No,Ag,0.4,unclear,,Ag (0.4) @ unclear site,figure,Fig. 1a,Visually estimated from Fig. 1a,300.0,1400.0,S/cm
Ioffe–Regel limit and lattice thermal conductivity reduction of high performance (AgSbTe2)15(GeTe)85 thermoelectric materials.pdf,10.1039/c3ta15147f,(AgSbTe2)15(GeTe)85,0.4 MS,(Ag0.4SbTe2/2+1.5)15(GeTe)85,1,No,Ag,0.4,unclear,,Ag (0.4) @ unclear site,figure,Fig. 3a,Visually estimated from Fig. 3a,300.0,400.0,S/cm
Large Mobility Enables Higher Thermoelectric Cooling and Power Generation Performance in n‑type AgPb18+xSbTe20 Crystals.pdf,10.1021/jacs.3c09655,AgPb18+xSbTe20,AgPb18SbTe20,AgPb18SbTe20,1,No,Pb,18,unclear,,Pb (18) @ unclear site,body text,,,303.0,520.5,S/cm
Large Mobility Enables Higher Thermoelectric Cooling and Power Generation Performance in n‑type AgPb18+xSbTe20 Crystals.pdf,10.1021/jacs.3c09655,AgPb18+xSbTe20,AgPb18.5SbTe20,AgPb18.5SbTe20,1,No,Pb,18.5,unclear,,Pb (18.5) @ unclear site,body text,,,303.0,1333.6,S/cm
Large Mobility Enables Higher Thermoelectric Cooling and Power Generation Performance in n‑type AgPb18+xSbTe20 Crystals.pdf,10.1021/jacs.3c09655,AgPb18+xSbTe20,Polycrystalline AgPb18.4SbTe20,AgPb18.4SbTe20,1,No,Pb,18.4,unclear,,Pb (18.4) @ unclear site,body text,,,303.0,186.0,S/cm
Low lattice thermal conductivity by alloying SnTe with AgSbTe2 and CaTe-MnTe.pdf,10.1063/1.5109465,SnTe-AgSbTe2,(Sn0.95Ca0.05)0.75(AgSbTe2)0.125,(Sn0.95Ca0.05)0.75(AgSbTe2)0.125,1,No,Ca,0.05,unclear,,Ca (0.05) @ unclear site,figure,,Visually estimated from Fig. 3b (resistivity),800.0,1000.0,S/cm
Low lattice thermal conductivity by alloying SnTe with AgSbTe2 and CaTe-MnTe.pdf,10.1063/1.5109465,SnTe-AgSbTe2,(Sn0.85Mn0.15)0.85(AgSbTe2)0.075,(Sn0.85Mn0.15)0.85(AgSbTe2)0.075,1,No,Mn,0.15,unclear,,Mn (0.15) @ unclear site,figure,,Visually estimated from Fig. 3b (resistivity),800.0,1111.111111111111,S/cm
Low solubility and transport consequences of Eu addition in AgSbTe2 thermoelectrics.pdf,10.1016/j.physb.2026.418712,AgSbTe2,0 wt% Eu,AgSbTe2,0,No,,,,,,figure,Fig. 3b,Visually estimated from Fig. 3b,300.0,160.0,S/cm
Low solubility and transport consequences of Eu addition in AgSbTe2 thermoelectrics.pdf,10.1016/j.physb.2026.418712,AgSbTe2,0 wt% Eu,AgSbTe2,0,No,,,,,,figure,Fig. 3b,Visually estimated from Fig. 3b,600.0,60.0,S/cm
Low solubility and transport consequences of Eu addition in AgSbTe2 thermoelectrics.pdf,10.1016/j.physb.2026.418712,AgSbTe2,4 wt% Eu,AgSbTe2:Eu,1,No,Eu,4 wt%,unclear,,Eu (4 wt%) @ unclear site,figure,Fig. 3b,Visually estimated from Fig. 3b,300.0,40.0,S/cm
Low solubility and transport consequences of Eu addition in AgSbTe2 thermoelectrics.pdf,10.1016/j.physb.2026.418712,AgSbTe2,4 wt% Eu,AgSbTe2:Eu,1,No,Eu,4 wt%,unclear,,Eu (4 wt%) @ unclear site,figure,Fig. 3b,Visually estimated from Fig. 3b,600.0,60.0,S/cm
Nanostructures in high-performance (GeTe)x(AgSbTe2)100−x thermoelectric materials.pdf,10.1088/0957-4484/19/24/245707,AgSbTe2,TAGS-75,(GeTe)75(AgSbTe2)25,1,No,Ge,75 mol%,multiple sites,,Ge (75 mol%) @ multiple sites site,figure,,Visually estimated from Fig. 2(a),300.0,450.0,S/cm
Nanostructures in high-performance (GeTe)x(AgSbTe2)100−x thermoelectric materials.pdf,10.1088/0957-4484/19/24/245707,AgSbTe2,TAGS-75,(GeTe)75(AgSbTe2)25,1,No,Ge,75 mol%,multiple sites,,Ge (75 mol%) @ multiple sites site,figure,,Visually estimated from Fig. 2(a),720.0,350.0,S/cm
Nanostructures in high-performance (GeTe)x(AgSbTe2)100−x thermoelectric materials.pdf,10.1088/0957-4484/19/24/245707,AgSbTe2,TAGS-80,(GeTe)80(AgSbTe2)20,1,No,Ge,80 mol%,multiple sites,,Ge (80 mol%) @ multiple sites site,figure,,Visually estimated from Fig. 2(a),300.0,350.0,S/cm
Nanostructures in high-performance (GeTe)x(AgSbTe2)100−x thermoelectric materials.pdf,10.1088/0957-4484/19/24/245707,AgSbTe2,TAGS-80,(GeTe)80(AgSbTe2)20,1,No,Ge,80 mol%,multiple sites,,Ge (80 mol%) @ multiple sites site,figure,,Visually estimated from Fig. 2(a),720.0,300.0,S/cm
Nanostructures in high-performance (GeTe)x(AgSbTe2)100−x thermoelectric materials.pdf,10.1088/0957-4484/19/24/245707,AgSbTe2,TAGS-85,(GeTe)85(AgSbTe2)15,1,No,Ge,85 mol%,multiple sites,,Ge (85 mol%) @ multiple sites site,figure,,Visually estimated from Fig. 2(a),300.0,800.0,S/cm
Nanostructures in high-performance (GeTe)x(AgSbTe2)100−x thermoelectric materials.pdf,10.1088/0957-4484/19/24/245707,AgSbTe2,TAGS-85,(GeTe)85(AgSbTe2)15,1,No,Ge,85 mol%,multiple sites,,Ge (85 mol%) @ multiple sites site,figure,,Visually estimated from Fig. 2(a),720.0,700.0,S/cm
Nanostructures in high-performance (GeTe)x(AgSbTe2)100−x thermoelectric materials.pdf,10.1088/0957-4484/19/24/245707,AgSbTe2,TAGS-90,(GeTe)90(AgSbTe2)10,1,No,Ge,90 mol%,multiple sites,,Ge (90 mol%) @ multiple sites site,figure,,Visually estimated from Fig. 2(a),300.0,1800.0,S/cm
Nanostructures in high-performance (GeTe)x(AgSbTe2)100−x thermoelectric materials.pdf,10.1088/0957-4484/19/24/245707,AgSbTe2,TAGS-90,(GeTe)90(AgSbTe2)10,1,No,Ge,90 mol%,multiple sites,,Ge (90 mol%) @ multiple sites site,figure,,Visually estimated from Fig. 2(a),720.0,1500.0,S/cm
Optimized Carrier Concentration and Reduced Thermal Conductivity in Cu-Deficient CuGaTe2 Alloyed with AgSbTe2 for Superior Thermoelectric Performance.pdf,10.1021/acsami.6c05111,Cu0.96GaTe2-AgSbTe2,Cu0.96GaTe2,Cu0.96GaTe2,1,No,Cu vacancy,0.04,Ag,,Cu vacancy (0.04) @ Ag site,body text,,,303.0,26.85,S/cm
Optimized Carrier Concentration and Reduced Thermal Conductivity in Cu-Deficient CuGaTe2 Alloyed with AgSbTe2 for Superior Thermoelectric Performance.pdf,10.1021/acsami.6c05111,Cu0.96GaTe2-AgSbTe2,(Cu0.96GaTe2)0.89(AgSbTe2)0.11,(Cu0.96GaTe2)0.89(AgSbTe2)0.11,1,No,AgSbTe2,0.11,multiple sites,,AgSbTe2 (0.11) @ multiple sites site,body text,,,303.0,65.63,S/cm
Optimized Carrier Concentration and Reduced Thermal Conductivity in Cu-Deficient CuGaTe2 Alloyed with AgSbTe2 for Superior Thermoelectric Performance.pdf,10.1021/acsami.6c05111,Cu0.96GaTe2-AgSbTe2,"(Cu0.96GaTe2)1-x(AgSbTe2)x, x=0",(Cu0.96GaTe2)1-x(AgSbTe2)x,2,Yes,Ag,x=0,unclear,Sb (x=0) @ unclear,Ag (x=0) @ unclear site; Sb (x=0) @ unclear site,figure,,Visually estimated from Fig. 5a,300.0,50.0,S/cm
Optimized Carrier Concentration and Reduced Thermal Conductivity in Cu-Deficient CuGaTe2 Alloyed with AgSbTe2 for Superior Thermoelectric Performance.pdf,10.1021/acsami.6c05111,Cu0.96GaTe2-AgSbTe2,"(Cu0.96GaTe2)1-x(AgSbTe2)x, x=0.02",(Cu0.96GaTe2)0.98(AgSbTe2)0.02,2,Yes,Ag,x=0.02,unclear,Sb (x=0.02) @ unclear,Ag (x=0.02) @ unclear site; Sb (x=0.02) @ unclear site,figure,,Visually estimated from Fig. 5a,300.0,60.0,S/cm
Optimized Carrier Concentration and Reduced Thermal Conductivity in Cu-Deficient CuGaTe2 Alloyed with AgSbTe2 for Superior Thermoelectric Performance.pdf,10.1021/acsami.6c05111,Cu0.96GaTe2-AgSbTe2,"(Cu0.96GaTe2)1-x(AgSbTe2)x, x=0.04",(Cu0.96GaTe2)0.96(AgSbTe2)0.04,2,Yes,Ag,x=0.04,unclear,Sb (x=0.04) @ unclear,Ag (x=0.04) @ unclear site; Sb (x=0.04) @ unclear site,figure,,Visually estimated from Fig. 5a,300.0,70.0,S/cm
Optimized Carrier Concentration and Reduced Thermal Conductivity in Cu-Deficient CuGaTe2 Alloyed with AgSbTe2 for Superior Thermoelectric Performance.pdf,10.1021/acsami.6c05111,Cu0.96GaTe2-AgSbTe2,"(Cu0.96GaTe2)1-x(AgSbTe2)x, x=0.06",(Cu0.96GaTe2)0.94(AgSbTe2)0.06,2,Yes,Ag,x=0.06,unclear,Sb (x=0.06) @ unclear,Ag (x=0.06) @ unclear site; Sb (x=0.06) @ unclear site,figure,,Visually estimated from Fig. 5a,300.0,80.0,S/cm
Optimized Carrier Concentration and Reduced Thermal Conductivity in Cu-Deficient CuGaTe2 Alloyed with AgSbTe2 for Superior Thermoelectric Performance.pdf,10.1021/acsami.6c05111,Cu0.96GaTe2-AgSbTe2,"(Cu0.96GaTe2)1-x(AgSbTe2)x, x=0.08",(Cu0.96GaTe2)0.92(AgSbTe2)0.08,2,Yes,Ag,x=0.08,unclear,Sb (x=0.08) @ unclear,Ag (x=0.08) @ unclear site; Sb (x=0.08) @ unclear site,figure,,Visually estimated from Fig. 5a,300.0,90.0,S/cm
Optimized Carrier Concentration and Reduced Thermal Conductivity in Cu-Deficient CuGaTe2 Alloyed with AgSbTe2 for Superior Thermoelectric Performance.pdf,10.1021/acsami.6c05111,Cu0.96GaTe2-AgSbTe2,"(Cu0.96GaTe2)1-x(AgSbTe2)x, x=0.10",(Cu0.96GaTe2)0.9(AgSbTe2)0.1,2,Yes,Ag,x=0.10,unclear,Sb (x=0.10) @ unclear,Ag (x=0.10) @ unclear site; Sb (x=0.10) @ unclear site,figure,,Visually estimated from Fig. 5a,300.0,100.0,S/cm
Optimized Carrier Concentration and Reduced Thermal Conductivity in Cu-Deficient CuGaTe2 Alloyed with AgSbTe2 for Superior Thermoelectric Performance.pdf,10.1021/acsami.6c05111,Cu0.96GaTe2-AgSbTe2,"(Cu0.96GaTe2)1-x(AgSbTe2)x, x=0.11",(Cu0.96GaTe2)0.89(AgSbTe2)0.11,2,Yes,Ag,x=0.11,unclear,Sb (x=0.11) @ unclear,Ag (x=0.11) @ unclear site; Sb (x=0.11) @ unclear site,figure,,Visually estimated from Fig. 5a,300.0,110.0,S/cm
Optimized Thermoelectric Properties of AgSbTe2 through Adjustment of.pdf,10.1007/s13391-014-4152-0,AgSbTe2,AST-423-150,AgSbTe2,0,No,,,,,,Table 1,,Calculated from resistivity 2.71 x 10^-5 Ohm m,300.0,369.0,S/cm
Peng2014.pdf,10.1039/c3ta13729e,Yb0.2Co4Sb12,Matrix,Yb0.2Co4Sb12,0,No,,,,,,Table 1,,Calculated from resistivity 29.2 mOhm m,300.0,34.2,S/cm
"Phase compositions, nanoscale microstructures and thermoelectric properties in Ag2−ySbyTe1+y alloys with precipitated Sb2Te3 plates.pdf",10.1016/j.actamat.2010.04.007,Ag2-ySbTe1+y,Ag0.74Sb1.26Te2.26,Ag0.74Sb1.26Te2.26,0,No,,,,,,figure,Fig. 4a,Visually estimated from Fig. 4a,300.0,400.0,S/cm
"Phase compositions, nanoscale microstructures and thermoelectric properties in Ag2−ySbyTe1+y alloys with precipitated Sb2Te3 plates.pdf",10.1016/j.actamat.2010.04.007,Ag2-ySbTe1+y,Ag0.74Sb1.26Te2.26,Ag0.74Sb1.26Te2.26,0,No,,,,,,figure,Fig. 4a,Visually estimated from Fig. 4a,670.0,300.0,S/cm
"Phase compositions, nanoscale microstructures and thermoelectric properties in Ag2−ySbyTe1+y alloys with precipitated Sb2Te3 plates.pdf",10.1016/j.actamat.2010.04.007,Ag2-ySbTe1+y,Ag0.71Sb1.29Te2.29,Ag0.71Sb1.29Te2.29,0,No,,,,,,figure,Fig. 4a,Visually estimated from Fig. 4a,300.0,600.0,S/cm
"Phase compositions, nanoscale microstructures and thermoelectric properties in Ag2−ySbyTe1+y alloys with precipitated Sb2Te3 plates.pdf",10.1016/j.actamat.2010.04.007,Ag2-ySbTe1+y,Ag0.71Sb1.29Te2.29,Ag0.71Sb1.29Te2.29,0,No,,,,,,figure,Fig. 4a,Visually estimated from Fig. 4a,670.0,300.0,S/cm
"Phase compositions, nanoscale microstructures and thermoelectric properties in Ag2−ySbyTe1+y alloys with precipitated Sb2Te3 plates.pdf",10.1016/j.actamat.2010.04.007,Ag2-ySbTe1+y,Ag0.68Sb1.32Te2.32,Ag0.68Sb1.32Te2.32,0,No,,,,,,figure,Fig. 4a,Visually estimated from Fig. 4a,300.0,800.0,S/cm
"Phase compositions, nanoscale microstructures and thermoelectric properties in Ag2−ySbyTe1+y alloys with precipitated Sb2Te3 plates.pdf",10.1016/j.actamat.2010.04.007,Ag2-ySbTe1+y,Ag0.68Sb1.32Te2.32,Ag0.68Sb1.32Te2.32,0,No,,,,,,figure,Fig. 4a,Visually estimated from Fig. 4a,670.0,300.0,S/cm
"Phase compositions, nanoscale microstructures and thermoelectric properties in Ag2−ySbyTe1+y alloys with precipitated Sb2Te3 plates.pdf",10.1016/j.actamat.2010.04.007,Ag2-ySbTe1+y,Ag0.65Sb1.35Te2.35,Ag0.65Sb1.35Te2.35,0,No,,,,,,figure,Fig. 4a,Visually estimated from Fig. 4a,300.0,1200.0,S/cm
"Phase compositions, nanoscale microstructures and thermoelectric properties in Ag2−ySbyTe1+y alloys with precipitated Sb2Te3 plates.pdf",10.1016/j.actamat.2010.04.007,Ag2-ySbTe1+y,Ag0.65Sb1.35Te2.35,Ag0.65Sb1.35Te2.35,0,No,,,,,,figure,Fig. 4a,Visually estimated from Fig. 4a,670.0,300.0,S/cm
"Phase compositions, nanoscale microstructures and thermoelectric properties in Ag2−ySbyTe1+y alloys with precipitated Sb2Te3 plates.pdf",10.1016/j.actamat.2010.04.007,Ag2-ySbTe1+y,Ag0.62Sb1.38Te2.38,Ag0.62Sb1.38Te2.38,0,No,,,,,,figure,Fig. 4a,Visually estimated from Fig. 4a,300.0,1400.0,S/cm
"Phase compositions, nanoscale microstructures and thermoelectric properties in Ag2−ySbyTe1+y alloys with precipitated Sb2Te3 plates.pdf",10.1016/j.actamat.2010.04.007,Ag2-ySbTe1+y,Ag0.62Sb1.38Te2.38,Ag0.62Sb1.38Te2.38,0,No,,,,,,figure,Fig. 4a,Visually estimated from Fig. 4a,670.0,300.0,S/cm
Phase diagram and thermoelectric properties.pdf,,Ag3-xSb1+xTe4,x=0.4,Ag2.6Sb1.4Te4,0,No,,,,,,Table I,,Reported as electrical resistivity,,285.7142857142857,S/cm
Phase diagram and thermoelectric properties.pdf,,Ag3-xSb1+xTe4,x=0.6,Ag2.4Sb1.6Te4,0,No,,,,,,Table I,,Reported as electrical resistivity,,285.7142857142857,S/cm
Phase diagram and thermoelectric properties.pdf,,Ag3-xSb1+xTe4,x=0.8,Ag2.2Sb1.8Te4,0,No,,,,,,Table I,,Reported as electrical resistivity,,158.73015873015873,S/cm
Phase diagram and thermoelectric properties.pdf,,Ag3-xSb1+xTe4,x=1.0,Ag2Sb2Te4 (AgSbTe2),0,No,,,,,,Table I,,Reported as electrical resistivity,,55.55555555555555,S/cm
Phase diagram and thermoelectric properties.pdf,,Ag3-xSb1+xTe4,x=1.25,Ag1.75Sb2.25Te4,0,No,,,,,,Table I,,Reported as electrical resistivity,,37.03703703703703,S/cm
Phase diagram and thermoelectric properties.pdf,,Ag3-xSb1+xTe4,x=1.5,Ag1.5Sb2.5Te4,0,No,,,,,,Table I,,Reported as electrical resistivity,,114.9425287356322,S/cm
PhysRevB.79.184202.pdf,10.1103/PhysRevB.79.184202,AgSbTe2,AgSbSe_xTe_2-x (x=0.00),AgSbTe2,1,No,Se,x=0.00,Te,,Se (x=0.00) @ Te site,figure,Fig. 4,Visually estimated from Fig. 4,336.0,330.0,S/cm
PhysRevLett.99.156403.pdf,10.1103/PhysRevLett.99.156403,AgSbTe2,AgSbTe2,AgSbTe2,0,No,,,,,,body text,"Page 4, column 1",,170.0,38.0,S/cm
PhysRevLett.99.156403.pdf,10.1103/PhysRevLett.99.156403,AgSbTe2,AgSbTe2,AgSbTe2,0,No,,,,,,body text,"Page 4, column 1",,473.0,19.0,S/cm
Physica Status Solidi  a - 2011 - Yusufu - Thermoelectric properties and microstructures of AgSbTe2‐added p‐type Pb0 16Ge0.pdf,10.1002/pssa.201127194,"AgSbTe2-(Pb,Ge)Te",(Ag0.5Sb0.5Te)25(Pb0.16Ge0.84Te)75,(Ag0.5Sb0.5Te)25(Pb0.16Ge0.84Te)75,2,Yes,Pb,x=75,unclear,Ge (x=75) @ unclear,Pb (x=75) @ unclear site; Ge (x=75) @ unclear site,figure,Fig. 4a,Visually estimated from figure,300.0,1000.0,S/cm
Physica Status Solidi  a - 2011 - Yusufu - Thermoelectric properties and microstructures of AgSbTe2‐added p‐type Pb0 16Ge0.pdf,10.1002/pssa.201127194,"AgSbTe2-(Pb,Ge)Te",(Ag0.5Sb0.5Te)25(Pb0.16Ge0.84Te)75,(Ag0.5Sb0.5Te)25(Pb0.16Ge0.84Te)75,2,Yes,Pb,x=75,unclear,Ge (x=75) @ unclear,Pb (x=75) @ unclear site; Ge (x=75) @ unclear site,figure,Fig. 4a,Visually estimated from figure,700.0,909.090909090909,S/cm
Physica Status Solidi  a - 2011 - Yusufu - Thermoelectric properties and microstructures of AgSbTe2‐added p‐type Pb0 16Ge0.pdf,10.1002/pssa.201127194,"AgSbTe2-(Pb,Ge)Te",(Ag0.5Sb0.5Te)20(Pb0.16Ge0.84Te)80,(Ag0.5Sb0.5Te)20(Pb0.16Ge0.84Te)80,2,Yes,Pb,x=80,unclear,Ge (x=80) @ unclear,Pb (x=80) @ unclear site; Ge (x=80) @ unclear site,figure,Fig. 4a,Visually estimated from figure,300.0,1111.111111111111,S/cm
Physica Status Solidi  a - 2011 - Yusufu - Thermoelectric properties and microstructures of AgSbTe2‐added p‐type Pb0 16Ge0.pdf,10.1002/pssa.201127194,"AgSbTe2-(Pb,Ge)Te",(Ag0.5Sb0.5Te)20(Pb0.16Ge0.84Te)80,(Ag0.5Sb0.5Te)20(Pb0.16Ge0.84Te)80,2,Yes,Pb,x=80,unclear,Ge (x=80) @ unclear,Pb (x=80) @ unclear site; Ge (x=80) @ unclear site,figure,Fig. 4a,Visually estimated from figure,700.0,1111.111111111111,S/cm
Physica Status Solidi  a - 2011 - Yusufu - Thermoelectric properties and microstructures of AgSbTe2‐added p‐type Pb0 16Ge0.pdf,10.1002/pssa.201127194,"AgSbTe2-(Pb,Ge)Te",(Ag0.5Sb0.5Te)15(Pb0.16Ge0.84Te)85,(Ag0.5Sb0.5Te)15(Pb0.16Ge0.84Te)85,2,Yes,Pb,x=85,unclear,Ge (x=85) @ unclear,Pb (x=85) @ unclear site; Ge (x=85) @ unclear site,figure,Fig. 4a,Visually estimated from figure,300.0,1250.0,S/cm
Physica Status Solidi  a - 2011 - Yusufu - Thermoelectric properties and microstructures of AgSbTe2‐added p‐type Pb0 16Ge0.pdf,10.1002/pssa.201127194,"AgSbTe2-(Pb,Ge)Te",(Ag0.5Sb0.5Te)15(Pb0.16Ge0.84Te)85,(Ag0.5Sb0.5Te)15(Pb0.16Ge0.84Te)85,2,Yes,Pb,x=85,unclear,Ge (x=85) @ unclear,Pb (x=85) @ unclear site; Ge (x=85) @ unclear site,figure,Fig. 4a,Visually estimated from figure,700.0,1111.111111111111,S/cm
Physica Status Solidi  a - 2011 - Yusufu - Thermoelectric properties and microstructures of AgSbTe2‐added p‐type Pb0 16Ge0.pdf,10.1002/pssa.201127194,"AgSbTe2-(Pb,Ge)Te",(Ag0.5Sb0.5Te)10(Pb0.16Ge0.84Te)90,(Ag0.5Sb0.5Te)10(Pb0.16Ge0.84Te)90,2,Yes,Pb,x=90,unclear,Ge (x=90) @ unclear,Pb (x=90) @ unclear site; Ge (x=90) @ unclear site,figure,Fig. 4a,Visually estimated from figure,300.0,1111.111111111111,S/cm
Physica Status Solidi  a - 2011 - Yusufu - Thermoelectric properties and microstructures of AgSbTe2‐added p‐type Pb0 16Ge0.pdf,10.1002/pssa.201127194,"AgSbTe2-(Pb,Ge)Te",(Ag0.5Sb0.5Te)10(Pb0.16Ge0.84Te)90,(Ag0.5Sb0.5Te)10(Pb0.16Ge0.84Te)90,2,Yes,Pb,x=90,unclear,Ge (x=90) @ unclear,Pb (x=90) @ unclear site; Ge (x=90) @ unclear site,figure,Fig. 4a,Visually estimated from figure,700.0,1111.111111111111,S/cm
Preparation and characterization of nanostructured (GeTe)75(AgSbTe2)x(AgSbSe2)y thermoelectric materials.pdf,10.1016/j.synthmet.2020.116606,(GeTe)75(AgSbTe2)x(AgSbSe2)y,TAGSS[000],(GeTe)75(AgSbTe2)25(AgSbSe2)0,0,No,,,,,,body text,,,325.0,1800.0,S/cm
Preparation and characterization of nanostructured (GeTe)75(AgSbTe2)x(AgSbSe2)y thermoelectric materials.pdf,10.1016/j.synthmet.2020.116606,(GeTe)75(AgSbTe2)x(AgSbSe2)y,TAGSS[000],(GeTe)75(AgSbTe2)25(AgSbSe2)0,0,No,,,,,,body text,,,625.0,1200.0,S/cm
Preparation and characterization of nanostructured (GeTe)75(AgSbTe2)x(AgSbSe2)y thermoelectric materials.pdf,10.1016/j.synthmet.2020.116606,(GeTe)75(AgSbTe2)x(AgSbSe2)y,TAGSS[125],(GeTe)75(AgSbTe2)23.75(AgSbSe2)1.25,1,No,Se,1.25,unclear,,Se (1.25) @ unclear site,body text,,,325.0,900.0,S/cm
Preparation and characterization of nanostructured (GeTe)75(AgSbTe2)x(AgSbSe2)y thermoelectric materials.pdf,10.1016/j.synthmet.2020.116606,(GeTe)75(AgSbTe2)x(AgSbSe2)y,TAGSS[000],(GeTe)75(AgSbTe2)25,1,No,Ge,75 mol%,multiple sites,,Ge (75 mol%) @ multiple sites site,body text,,Explicitly stated in text,325.0,1800.0,S/cm
Preparation and transport properties of AgSbTe2 by high-pressure and high-temperature.pdf,10.1016/j.jallcom.2006.12.126,AgSbTe2,AgSbTe2 synthesized at 2.0 GPa,AgSbTe2,0,No,,,,,,figure,,"Visually estimated from Fig. 3, electrical resistivity is ~5 mOhm cm, converted to conductivity.",,0.2,S/cm
Preparation and transport properties of AgSbTe2 by high-pressure and high-temperature.pdf,10.1016/j.jallcom.2006.12.126,AgSbTe2,AgSbTe2 synthesized at 3.5 GPa,AgSbTe2,0,No,,,,,,figure,,"Visually estimated from Fig. 3, electrical resistivity is ~2 mOhm cm, converted to conductivity.",,0.5,S/cm
Preparation and transport properties of AgSbTe2 by high-pressure and high-temperature.pdf,10.1016/j.jallcom.2006.12.126,AgSbTe2,AgSbTe2 synthesized at 5.2 GPa,AgSbTe2,0,No,,,,,,figure,,"Visually estimated from Fig. 3, electrical resistivity is ~0.8 mOhm cm, converted to conductivity.",,1.25,S/cm
Rational design of entropy-driven AgSnSbTe3 with enhanced thermoelectric efficiency index for sustainable waste heat recovery.pdf,10.1039/d5se00534e,AgSnSbTe3,AgSnSbTe3 (This work),AgSnSbTe3,0,No,,,,,,body text,,,323.0,8.717,S/cm
Rational design of entropy-driven AgSnSbTe3 with enhanced thermoelectric efficiency index for sustainable waste heat recovery.pdf,10.1039/d5se00534e,AgSnSbTe3,AgSnSbTe3 (This work),AgSnSbTe3,0,No,,,,,,body text,,,673.0,5.983,S/cm
Rational design of entropy-driven AgSnSbTe3 with enhanced thermoelectric efficiency index for sustainable waste heat recovery.pdf,10.1039/d5se00534e,AgSnSbTe3,AgSnSbTe3,AgSnSbTe3,0,No,,,,,,body text,,,,8.717,S/cm
Rational design of entropy-driven AgSnSbTe3 with enhanced thermoelectric efficiency index for sustainable waste heat recovery.pdf,10.1039/d5se00534e,AgSnSbTe3,AgSnSbTe3,AgSnSbTe3,0,No,,,,,,body text,,,323.0,5.72,S/cm
Rational design of entropy-driven AgSnSbTe3 with enhanced thermoelectric efficiency index for sustainable waste heat recovery.pdf,10.1039/d5se00534e,AgSnSbTe3,AgSnSbTe3,AgSnSbTe3,0,No,,,,,,body text,,,673.0,5.983,S/cm
Rational design of entropy-driven AgSnSbTe3 with enhanced thermoelectric efficiency index for sustainable waste heat recovery.pdf,10.1039/d5se00534e,AgSnSbTe3,AgSnSbTe3 (This work),AgSnSbTe3,0,No,,,,,,figure,,Visually estimated from Fig. 3a,300.0,850.0,S/cm
Rational design of entropy-driven AgSnSbTe3 with enhanced thermoelectric efficiency index for sustainable waste heat recovery.pdf,10.1039/d5se00534e,AgSnSbTe3,AgSnSbTe3 (This work),AgSnSbTe3,0,No,,,,,,figure,,Visually estimated from Fig. 3a,600.0,580.0,S/cm
Reduced cation disorder and rational design of Ag2Te formation via stepwise optimization strategy to achieve high thermoelectric performance in AgSbTe2.pdf,10.1016/j.jmst.2025.08.053,AgSbTe2,AgSbTe2,AgSbTe2,0,No,,,,,,body text,,,300.0,140.0,S/cm
Reduced cation disorder and rational design of Ag2Te formation via stepwise optimization strategy to achieve high thermoelectric performance in AgSbTe2.pdf,10.1016/j.jmst.2025.08.053,AgSbTe2,Ag0.97SbTe2,Ag0.97SbTe2,1,No,Ag vacancy,0.03,Ag,,Ag vacancy (0.03) @ Ag site,body text,,,300.0,220.0,S/cm
Reduced cation disorder and rational design of Ag2Te formation via stepwise optimization strategy to achieve high thermoelectric performance in AgSbTe2.pdf,10.1016/j.jmst.2025.08.053,AgSbTe2,(Ag0.97SbTe2)0.994(Sb2Te3)0.006,(Ag0.97SbTe2)0.994(Sb2Te3)0.006,2,Yes,Ag vacancy,0.03,Ag,Sb2Te3 (0.006) @ unclear,Ag vacancy (0.03) @ Ag site; Sb2Te3 (0.006) @ unclear site,body text,,,300.0,240.0,S/cm
Reinvestigation of the influence of Se impurity on the structural and thermoelectric properties of AgSbTe2.pdf,10.1063/1.4731525,AgSbTe2,AgSbTe2,AgSbTe2,0,No,,,,,,figure,Fig. 4a,Visually estimated from Fig. 4a,300.0,60.0,S/cm
Small - 2024 - Chen - Cation Modulation in AgSbTe2 Realizes Carrier Optimization  Defect Engineering  and a 7  Single‐Leg.pdf,10.1002/smll.202401723,AgSbTe2,Ag0.96Sb1.04Te2,Ag0.96Sb1.04Te2,0,No,,,,,,Table 1,,,303.0,71.0,S/cm
Small - 2024 - Chen - Cation Modulation in AgSbTe2 Realizes Carrier Optimization  Defect Engineering  and a 7  Single‐Leg.pdf,10.1002/smll.202401723,AgSbTe2,Ag1.00Sb1.00Te2,Ag1.00Sb1.00Te2,0,No,,,,,,Table 1,,,303.0,219.2,S/cm
Small - 2024 - Chen - Cation Modulation in AgSbTe2 Realizes Carrier Optimization  Defect Engineering  and a 7  Single‐Leg.pdf,10.1002/smll.202401723,AgSbTe2,Ag1.04Sb0.96Te2,Ag1.04Sb0.96Te2,0,No,,,,,,Table 1,,,303.0,245.4,S/cm
Small - 2024 - Chen - Cation Modulation in AgSbTe2 Realizes Carrier Optimization  Defect Engineering  and a 7  Single‐Leg.pdf,10.1002/smll.202401723,AgSbTe2,Ag1.02Ge0.02Sb0.96Te2,Ag1.02Ge0.02Sb0.96Te2,1,No,Ge,0.02,Ag,,Ge (0.02) @ Ag site,Table 1,,,303.0,270.7,S/cm
Small - 2025 - Iqbal - Realizing High Wide‐Temperature‐Range Thermoelectric Performance in Ga  I  and S co‐doped AgSbTe2.pdf,10.1002/smll.202506235,AgSbTe2,AgSbTe2 (pristine),AgSbTe2,0,No,,,,,,figure,Fig. 2A,Visually estimated from Fig. 2A,300.0,160.0,S/cm
Small - 2026 - Song - Decoupling Electron‐Phonon Transport in AgSbSe2 via Stepwise Cd‐Sb Substitution and Interstitial Se.pdf,10.1002/smll.202514707,AgSbSe2,AgSb0.96Cd0.04Se2.02,AgSb0.96Cd0.04Se2.02,2,Yes,Cd,0.04,Sb,Se (0.02) @ interstitial,Cd (0.04) @ Sb site; Se (0.02) @ interstitial site,body text,,,323.0,90.0,S/cm
"State of the art Ag50-xSbxSe50-yTey alloys Their high zT values, microstructures and related phase equilibria.pdf",10.1016/j.actamat.2015.04.011,AgSbTe2-family,25Te(S),Ag25Sb25Se25Te25,0,No,,,,,,Table 1,,Calculated from resistivity 64 mOhm cm,300.0,15.625,S/cm
"State of the art Ag50-xSbxSe50-yTey alloys Their high zT values, microstructures and related phase equilibria.pdf",10.1016/j.actamat.2015.04.011,AgSbTe2-family,30Te(S),Ag25Sb25Se20Te30,0,No,,,,,,Table 1,,Calculated from resistivity 28 mOhm cm,300.0,35.714,S/cm
"State of the art Ag50-xSbxSe50-yTey alloys Their high zT values, microstructures and related phase equilibria.pdf",10.1016/j.actamat.2015.04.011,AgSbTe2-family,35Te(S),Ag25Sb25Se15Te35,0,No,,,,,,Table 1,,Calculated from resistivity 20 mOhm cm,300.0,50.0,S/cm
"State of the art Ag50-xSbxSe50-yTey alloys Their high zT values, microstructures and related phase equilibria.pdf",10.1016/j.actamat.2015.04.011,AgSbTe2-family,40Te(S),Ag25Sb25Se10Te40,0,No,,,,,,Table 1,,Calculated from resistivity 13 mOhm cm,300.0,76.923,S/cm
"State of the art Ag50-xSbxSe50-yTey alloys Their high zT values, microstructures and related phase equilibria.pdf",10.1016/j.actamat.2015.04.011,AgSbTe2-family,45Te(S),Ag25Sb25Se5Te45,0,No,,,,,,Table 1,,Calculated from resistivity 11 mOhm cm,300.0,90.909,S/cm
"State of the art Ag50-xSbxSe50-yTey alloys Their high zT values, microstructures and related phase equilibria.pdf",10.1016/j.actamat.2015.04.011,AgSbTe2-family,25Te,Ag20Sb30Se25Te25,0,No,,,,,,Table 1,,Calculated from resistivity 25 mOhm cm,300.0,40.0,S/cm
"State of the art Ag50-xSbxSe50-yTey alloys Their high zT values, microstructures and related phase equilibria.pdf",10.1016/j.actamat.2015.04.011,AgSbTe2-family,30Te,Ag20Sb30Se20Te30,0,No,,,,,,Table 1,,Calculated from resistivity 17 mOhm cm,300.0,58.824,S/cm
"State of the art Ag50-xSbxSe50-yTey alloys Their high zT values, microstructures and related phase equilibria.pdf",10.1016/j.actamat.2015.04.011,AgSbTe2-family,35Te,Ag20Sb30Se15Te35,0,No,,,,,,Table 1,,Calculated from resistivity 12 mOhm cm,300.0,83.333,S/cm
"State of the art Ag50-xSbxSe50-yTey alloys Their high zT values, microstructures and related phase equilibria.pdf",10.1016/j.actamat.2015.04.011,AgSbTe2-family,40Te,Ag20Sb30Se10Te40,0,No,,,,,,Table 1,,Calculated from resistivity 10 mOhm cm,300.0,100.0,S/cm
"State of the art Ag50-xSbxSe50-yTey alloys Their high zT values, microstructures and related phase equilibria.pdf",10.1016/j.actamat.2015.04.011,AgSbTe2-family,45Te,Ag20Sb30Se5Te45,0,No,,,,,,Table 1,,Calculated from resistivity 6 mOhm cm,300.0,166.667,S/cm
"State of the art Ag50-xSbxSe50-yTey alloys Their high zT values, microstructures and related phase equilibria.pdf",10.1016/j.actamat.2015.04.011,AgSbTe2-family,25Te(S),Ag0.25SbTe2,1,No,Ag,0.25,Ag,,Ag (0.25) @ Ag site,figure,Fig. 4a,Visually estimated from Fig. 4a,300.0,15.384615384615383,S/cm
"State of the art Ag50-xSbxSe50-yTey alloys Their high zT values, microstructures and related phase equilibria.pdf",10.1016/j.actamat.2015.04.011,AgSbTe2-family,30Te(S),Ag0.30SbTe2,1,No,Ag,0.30,Ag,,Ag (0.30) @ Ag site,figure,Fig. 4a,Visually estimated from Fig. 4a,300.0,45.45454545454546,S/cm
"State of the art Ag50-xSbxSe50-yTey alloys Their high zT values, microstructures and related phase equilibria.pdf",10.1016/j.actamat.2015.04.011,AgSbTe2-family,35Te(S),Ag0.35SbTe2,1,No,Ag,0.35,Ag,,Ag (0.35) @ Ag site,figure,Fig. 4a,Visually estimated from Fig. 4a,300.0,55.55555555555555,S/cm
"State of the art Ag50-xSbxSe50-yTey alloys Their high zT values, microstructures and related phase equilibria.pdf",10.1016/j.actamat.2015.04.011,AgSbTe2-family,40Te(S),Ag0.40SbTe2,1,No,Ag,0.40,Ag,,Ag (0.40) @ Ag site,figure,Fig. 4a,Visually estimated from Fig. 4a,300.0,83.33333333333333,S/cm
"State of the art Ag50-xSbxSe50-yTey alloys Their high zT values, microstructures and related phase equilibria.pdf",10.1016/j.actamat.2015.04.011,AgSbTe2-family,45Te(S),Ag0.45SbTe2,1,No,Ag,0.45,Ag,,Ag (0.45) @ Ag site,figure,Fig. 4a,Visually estimated from Fig. 4a,300.0,100.0,S/cm
Strong anharmonicity induced low lattice thermal conductivity and high thermoelectric performance in system.pdf,10.1063/5.0095121,(Cu1-yInTe2)0.95(AgSbTe2)0.05,(Cu0.95InTe2)0.95(AgSbTe2)0.05,(Cu0.95InTe2)0.95(AgSbTe2)0.05,1,No,Cu vacancy,y=0.05,Ag,,Cu vacancy (y=0.05) @ Ag site,body text,,,300.0,100.0,S/cm
Strong anharmonicity induced low lattice thermal conductivity and high thermoelectric performance in system.pdf,10.1063/5.0095121,(Cu1-yInTe2)0.95(AgSbTe2)0.05,(CuInTe2)0.99(AgSbTe2)0.01,(CuInTe2)0.99(AgSbTe2)0.01,2,Yes,Ag,0.01,unclear,Sb (0.01) @ unclear,Ag (0.01) @ unclear site; Sb (0.01) @ unclear site,figure,,Visually estimated from Fig. 1(a),300.0,25.0,S/cm
Strong anharmonicity induced low lattice thermal conductivity and high thermoelectric performance in system.pdf,10.1063/5.0095121,(Cu1-yInTe2)0.95(AgSbTe2)0.05,(CuInTe2)0.97(AgSbTe2)0.03,(CuInTe2)0.97(AgSbTe2)0.03,2,Yes,Ag,0.03,unclear,Sb (0.03) @ unclear,Ag (0.03) @ unclear site; Sb (0.03) @ unclear site,figure,,Visually estimated from Fig. 1(a),300.0,35.0,S/cm
Strong anharmonicity induced low lattice thermal conductivity and high thermoelectric performance in system.pdf,10.1063/5.0095121,(Cu1-yInTe2)0.95(AgSbTe2)0.05,(CuInTe2)0.95(AgSbTe2)0.05,(CuInTe2)0.95(AgSbTe2)0.05,2,Yes,Ag,0.05,unclear,Sb (0.05) @ unclear,Ag (0.05) @ unclear site; Sb (0.05) @ unclear site,figure,,Visually estimated from Fig. 1(a),300.0,45.0,S/cm
Strong anharmonicity induced low lattice thermal conductivity and high thermoelectric performance in system.pdf,10.1063/5.0095121,(Cu1-yInTe2)0.95(AgSbTe2)0.05,(CuInTe2)0.93(AgSbTe2)0.07,(CuInTe2)0.93(AgSbTe2)0.07,2,Yes,Ag,0.07,unclear,Sb (0.07) @ unclear,Ag (0.07) @ unclear site; Sb (0.07) @ unclear site,figure,,Visually estimated from Fig. 1(a),300.0,55.0,S/cm
Strong anharmonicity induced low lattice thermal conductivity and high thermoelectric performance in system.pdf,10.1063/5.0095121,(Cu1-yInTe2)0.95(AgSbTe2)0.05,y=0,"(Cu1-yInTe2)0.95(AgSbTe2)0.05, y=0",1,No,AgSbTe2,0.05,unclear,,AgSbTe2 (0.05) @ unclear site,table,Table II,Room temperature value,,13.200000000000001,S/cm
Strong anharmonicity induced low lattice thermal conductivity and high thermoelectric performance in system.pdf,10.1063/5.0095121,(Cu1-yInTe2)0.95(AgSbTe2)0.05,y=0.01,"(Cu1-yInTe2)0.95(AgSbTe2)0.05, y=0.01",1,No,AgSbTe2,0.05,unclear,,AgSbTe2 (0.05) @ unclear site,table,Table II,Room temperature value,,9.3,S/cm
Strong anharmonicity induced low lattice thermal conductivity and high thermoelectric performance in system.pdf,10.1063/5.0095121,(Cu1-yInTe2)0.95(AgSbTe2)0.05,y=0.02,"(Cu1-yInTe2)0.95(AgSbTe2)0.05, y=0.02",1,No,AgSbTe2,0.05,unclear,,AgSbTe2 (0.05) @ unclear site,table,Table II,Room temperature value,,5.2,S/cm
Strong anharmonicity induced low lattice thermal conductivity and high thermoelectric performance in system.pdf,10.1063/5.0095121,(Cu1-yInTe2)0.95(AgSbTe2)0.05,y=0.03,"(Cu1-yInTe2)0.95(AgSbTe2)0.05, y=0.03",1,No,AgSbTe2,0.05,unclear,,AgSbTe2 (0.05) @ unclear site,table,Table II,Room temperature value,,5.3,S/cm
Strong anharmonicity induced low lattice thermal conductivity and high thermoelectric performance in system.pdf,10.1063/5.0095121,(Cu1-yInTe2)0.95(AgSbTe2)0.05,y=0.04,"(Cu1-yInTe2)0.95(AgSbTe2)0.05, y=0.04",1,No,AgSbTe2,0.05,unclear,,AgSbTe2 (0.05) @ unclear site,table,Table II,Room temperature value,,44.1,S/cm
Strong anharmonicity induced low lattice thermal conductivity and high thermoelectric performance in system.pdf,10.1063/5.0095121,(Cu1-yInTe2)0.95(AgSbTe2)0.05,y=0.05,"(Cu1-yInTe2)0.95(AgSbTe2)0.05, y=0.05",1,No,AgSbTe2,0.05,unclear,,AgSbTe2 (0.05) @ unclear site,table,Table II,Room temperature value,,102.9,S/cm
Strong anharmonicity induced low lattice thermal conductivity and high thermoelectric performance in system.pdf,10.1063/5.0095121,(Cu1-yInTe2)0.95(AgSbTe2)0.05,y=0.06,"(Cu1-yInTe2)0.95(AgSbTe2)0.05, y=0.06",1,No,AgSbTe2,0.05,unclear,,AgSbTe2 (0.05) @ unclear site,table,Table II,Room temperature value,,84.3,S/cm
Structural Characterization and Thermoelectric Properties of Br-Doped AgSnm[Sb0.8Bi0.2]Te2+m Systems.pdf,10.3390/ma16155213,AgSnm[Sb0.8Bi0.2]Te2+m,AgSn4[Sb0.8Bi0.2]Te6,AgSn4[Sb0.8Bi0.2]Te6,0,No,,,,,,Table 2,,,300.0,1429.0,S/cm
Structural Characterization and Thermoelectric Properties of Br-Doped AgSnm[Sb0.8Bi0.2]Te2+m Systems.pdf,10.3390/ma16155213,AgSnm[Sb0.8Bi0.2]Te2+m,AgSn4[Sb0.8Bi0.2]Te5.97Br0.03,AgSn4[Sb0.8Bi0.2]Te5.97Br0.03,1,No,Br,0.03,Te,,Br (0.03) @ Te site,Table 2,,,300.0,1443.0,S/cm
Structural Characterization and Thermoelectric Properties of Br-Doped AgSnm[Sb0.8Bi0.2]Te2+m Systems.pdf,10.3390/ma16155213,AgSnm[Sb0.8Bi0.2]Te2+m,AgSn2[Sb0.8Bi0.2]Te3.97Br0.03,AgSn2[Sb0.8Bi0.2]Te3.97Br0.03,1,No,Br,0.03,Te,,Br (0.03) @ Te site,Table 2,,,300.0,685.0,S/cm
"Structural, characterization and electrical properties of AgPbmSbTem+2 compounds synthesized through a solid-state microwave technique.pdf",10.1016/j.ijhydene.2015.12.205,AgSbTe2,AgSbTe2,AgSbTe2,0,No,,,,,,Table 4,,,300.0,482.96,S/cm
"Structural, characterization and electrical properties of AgPbmSbTem+2 compounds synthesized through a solid-state microwave technique.pdf",10.1016/j.ijhydene.2015.12.205,AgSbTe2,AgPb2SbTe4,AgPb2SbTe4,1,No,Pb,m=2,Ag,,Pb (m=2) @ Ag site,Table 4,,,300.0,81.36,S/cm
"Structural, characterization and electrical properties of AgPbmSbTem+2 compounds synthesized through a solid-state microwave technique.pdf",10.1016/j.ijhydene.2015.12.205,AgSbTe2,AgPb4SbTe6,AgPb4SbTe6,1,No,Pb,m=4,Ag,,Pb (m=4) @ Ag site,Table 4,,,300.0,145.58,S/cm
"Structural, characterization and electrical properties of AgPbmSbTem+2 compounds synthesized through a solid-state microwave technique.pdf",10.1016/j.ijhydene.2015.12.205,AgSbTe2,AgPb6SbTe8,AgPb6SbTe8,1,No,Pb,m=6,Ag,,Pb (m=6) @ Ag site,Table 4,,,300.0,66.17,S/cm
"Structural, characterization and electrical properties of AgPbmSbTem+2 compounds synthesized through a solid-state microwave technique.pdf",10.1016/j.ijhydene.2015.12.205,AgSbTe2,AgPb8SbTe10,AgPb8SbTe10,1,No,Pb,m=8,Ag,,Pb (m=8) @ Ag site,Table 4,,,300.0,205.94,S/cm
"Structural, characterization and electrical properties of AgPbmSbTem+2 compounds synthesized through a solid-state microwave technique.pdf",10.1016/j.ijhydene.2015.12.205,AgSbTe2,AgPb10SbTe12,AgPb10SbTe12,1,No,Pb,m=10,Ag,,Pb (m=10) @ Ag site,Table 4,,,300.0,156.06,S/cm
"Structural, characterization and electrical properties of AgPbmSbTem+2 compounds synthesized through a solid-state microwave technique.pdf",10.1016/j.ijhydene.2015.12.205,AgSbTe2,AgSbTe2 (m=0),AgSbTe2,1,No,none,0,unclear,,none (0) @ unclear site,table,Table 4,,,482.96,S/cm
"Structural, characterization and electrical properties of AgPbmSbTem+2 compounds synthesized through a solid-state microwave technique.pdf",10.1016/j.ijhydene.2015.12.205,AgSbTe2,AgPb2SbTe4 (m=2),AgPb2SbTe4,1,No,Pb,m=2,Ag,,Pb (m=2) @ Ag site,table,Table 4,,,81.36,S/cm
"Structural, characterization and electrical properties of AgPbmSbTem+2 compounds synthesized through a solid-state microwave technique.pdf",10.1016/j.ijhydene.2015.12.205,AgSbTe2,AgPb4SbTe6 (m=4),AgPb4SbTe6,1,No,Pb,m=4,Ag,,Pb (m=4) @ Ag site,table,Table 4,,,145.58,S/cm
"Structural, characterization and electrical properties of AgPbmSbTem+2 compounds synthesized through a solid-state microwave technique.pdf",10.1016/j.ijhydene.2015.12.205,AgSbTe2,AgPb6SbTe8 (m=6),AgPb6SbTe8,1,No,Pb,m=6,Ag,,Pb (m=6) @ Ag site,table,Table 4,,,66.17,S/cm
"Structural, characterization and electrical properties of AgPbmSbTem+2 compounds synthesized through a solid-state microwave technique.pdf",10.1016/j.ijhydene.2015.12.205,AgSbTe2,AgPb8SbTe10 (m=8),AgPb8SbTe10,1,No,Pb,m=8,Ag,,Pb (m=8) @ Ag site,table,Table 4,,,205.94,S/cm
"Structural, characterization and electrical properties of AgPbmSbTem+2 compounds synthesized through a solid-state microwave technique.pdf",10.1016/j.ijhydene.2015.12.205,AgSbTe2,AgPb10SbTe12 (m=10),AgPb10SbTe12,1,No,Pb,m=10,Ag,,Pb (m=10) @ Ag site,table,Table 4,,,156.06,S/cm
Synergistic Effect of Mg–Se Co-Doping and Post-Annealing on the Thermoelectric Performance of Polycrystalline AgSbTe2.pdf,10.1021/acsaem.6c01258,AgSbTe2,AgSbTe1.85Se0.15,AgSbTe1.85Se0.15,1,No,Se,15 at%,Te,,Se (15 at%) @ Te site,body text,,,300.0,340.0,S/cm
Synergistic Effect of Mg–Se Co-Doping and Post-Annealing on the Thermoelectric Performance of Polycrystalline AgSbTe2.pdf,10.1021/acsaem.6c01258,AgSbTe2,AgSb0.95Mg0.05Te1.85Se0.15,AgSb0.95Mg0.05Te1.85Se0.15,2,Yes,Mg,5 at%,Sb,Se (15 at%) @ Te,Mg (5 at%) @ Sb site; Se (15 at%) @ Te site,body text,,,300.0,293.0,S/cm
Synergistic Effect of Mg–Se Co-Doping and Post-Annealing on the Thermoelectric Performance of Polycrystalline AgSbTe2.pdf,10.1021/acsaem.6c01258,AgSbTe2,AgSbTe2,AgSbTe2,0,No,,,,,,figure,Figure 2a,Visually estimated from Figure 2a,300.0,80.0,S/cm
Synergistic Effect of Mg–Se Co-Doping and Post-Annealing on the Thermoelectric Performance of Polycrystalline AgSbTe2.pdf,10.1021/acsaem.6c01258,AgSbTe2,AgSbTe1.85Se0.15,AgSbTe1.85Se0.15,1,No,Se,0.15,Te,,Se (0.15) @ Te site,figure,Figure 2a,Visually estimated from Figure 2a,300.0,220.0,S/cm
Synergistic Effect of Mg–Se Co-Doping and Post-Annealing on the Thermoelectric Performance of Polycrystalline AgSbTe2.pdf,10.1021/acsaem.6c01258,AgSbTe2,Ag0.96Mg0.04SbTe1.85Se0.15,Ag0.96Mg0.04SbTe1.85Se0.15,2,Yes,Mg,0.04,Ag,Se (0.15) @ Te,Mg (0.04) @ Ag site; Se (0.15) @ Te site,figure,Figure 2a,Visually estimated from Figure 2a,300.0,200.0,S/cm
Synergistic Effect of Mg–Se Co-Doping and Post-Annealing on the Thermoelectric Performance of Polycrystalline AgSbTe2.pdf,10.1021/acsaem.6c01258,AgSbTe2,Ag0.95Mg0.05SbTe1.85Se0.15,Ag0.95Mg0.05SbTe1.85Se0.15,2,Yes,Mg,0.05,Ag,Se (0.15) @ Te,Mg (0.05) @ Ag site; Se (0.15) @ Te site,figure,Figure 2a,Visually estimated from Figure 2a,300.0,280.0,S/cm
Synergistic Effect of Mg–Se Co-Doping and Post-Annealing on the Thermoelectric Performance of Polycrystalline AgSbTe2.pdf,10.1021/acsaem.6c01258,AgSbTe2,Ag0.94Mg0.06SbTe1.85Se0.15,Ag0.94Mg0.06SbTe1.85Se0.15,2,Yes,Mg,0.06,Ag,Se (0.15) @ Te,Mg (0.06) @ Ag site; Se (0.15) @ Te site,figure,Figure 2a,Visually estimated from Figure 2a,300.0,180.0,S/cm
Synergistic Effect of Mg–Se Co-Doping and Post-Annealing on the Thermoelectric Performance of Polycrystalline AgSbTe2.pdf,10.1021/acsaem.6c01258,AgSbTe2,AgSb0.95Mg0.05Te1.85Se0.15 (without annealing),AgSb0.95Mg0.05Te1.85Se0.15,2,Yes,Mg,0.05,Sb,Se (0.15) @ Te,Mg (0.05) @ Sb site; Se (0.15) @ Te site,figure,,Visually estimated from Fig 7a,300.0,250.0,S/cm
Synergistic Effect of Mg–Se Co-Doping and Post-Annealing on the Thermoelectric Performance of Polycrystalline AgSbTe2.pdf,10.1021/acsaem.6c01258,AgSbTe2,AgSb0.95Mg0.05Te1.85Se0.15 (without annealing),AgSb0.95Mg0.05Te1.85Se0.15,2,Yes,Mg,0.05,Sb,Se (0.15) @ Te,Mg (0.05) @ Sb site; Se (0.15) @ Te site,figure,,Visually estimated from Fig 7a,500.0,280.0,S/cm
Synergistic Effect of Mg–Se Co-Doping and Post-Annealing on the Thermoelectric Performance of Polycrystalline AgSbTe2.pdf,10.1021/acsaem.6c01258,AgSbTe2,AgSb0.95Mg0.05Te1.85Se0.15 (annealed),AgSb0.95Mg0.05Te1.85Se0.15,2,Yes,Mg,0.05,Sb,Se (0.15) @ Te,Mg (0.05) @ Sb site; Se (0.15) @ Te site,figure,,Visually estimated from Fig 7a,300.0,300.0,S/cm
Synergistic Effect of Mg–Se Co-Doping and Post-Annealing on the Thermoelectric Performance of Polycrystalline AgSbTe2.pdf,10.1021/acsaem.6c01258,AgSbTe2,AgSb0.95Mg0.05Te1.85Se0.15 (annealed),AgSb0.95Mg0.05Te1.85Se0.15,2,Yes,Mg,0.05,Sb,Se (0.15) @ Te,Mg (0.05) @ Sb site; Se (0.15) @ Te site,figure,,Visually estimated from Fig 7a,500.0,380.0,S/cm
Synergistic Optimization of Thermoelectric Performance in AgSbTe2 via Ag Vacancy and In Doping.pdf,10.1021/acsaem.6c00054,AgSbTe2,Ag0.97SbTe2,Ag0.97SbTe2,1,No,Ag vacancy,x = 0.03,Ag,,Ag vacancy (x = 0.03) @ Ag site,text,Section 3.2,,303.0,304.38,S/cm
Synergistic Suppression of Bipolar Effect and Lattice Thermal Conductivity Leading to High Average Figure of Merit in Bi0.4Sb1.6Te3 Materials through Alloying with AgSbTe2.pdf,10.1021/acsami.4c12307,Bi0.4Sb1.6Te3 alloyed with AgSbTe2,Bi0.4Sb1.6Te3 - 0.15 wt % AgSbTe2,Bi0.4Sb1.6Te3 - 0.15 wt % AgSbTe2,1,No,Ag,0.15 wt %,multiple sites,,Ag (0.15 wt %) @ multiple sites site,body text,page 5,,303.0,1410.0,S/cm
Synergistic Suppression of Bipolar Effect and Lattice Thermal Conductivity Leading to High Average Figure of Merit in Bi0.4Sb1.6Te3 Materials through Alloying with AgSbTe2.pdf,10.1021/acsami.4c12307,Bi0.4Sb1.6Te3 alloyed with AgSbTe2,x=0,Bi0.4Sb1.6Te3,0,No,,,,,,body text,page 62351,,303.0,930.0,S/cm
Synergistic Suppression of Bipolar Effect and Lattice Thermal Conductivity Leading to High Average Figure of Merit in Bi0.4Sb1.6Te3 Materials through Alloying with AgSbTe2.pdf,10.1021/acsami.4c12307,Bi0.4Sb1.6Te3 alloyed with AgSbTe2,x=0.15,Bi0.4Sb1.6Te3 + 0.15 wt % AgSbTe2,1,No,AgSbTe2,0.15 wt %,unclear,,AgSbTe2 (0.15 wt %) @ unclear site,body text,page 62351,,303.0,1410.0,S/cm
"Synergistically optimizing charge and phonon transport properties in n-type PbTe via introducing ternary compound AgSb(Se, Te)2.pdf",10.1016/j.jallcom.2019.152463,PbTe,PbTe + 1% AgSbTe2,PbTe + 1% AgSbTe2,1,No,AgSbTe2,1%,unclear,,AgSbTe2 (1%) @ unclear site,figure,,Visually estimated from Fig. 8a,300.0,1500.0,S/cm
"Synergistically optimizing charge and phonon transport properties in n-type PbTe via introducing ternary compound AgSb(Se, Te)2.pdf",10.1016/j.jallcom.2019.152463,PbTe,PbTe + 2% AgSbTe2,PbTe + 2% AgSbTe2,1,No,AgSbTe2,2%,unclear,,AgSbTe2 (2%) @ unclear site,figure,,Visually estimated from Fig. 8a,300.0,1000.0,S/cm
"Synergistically optimizing charge and phonon transport properties in n-type PbTe via introducing ternary compound AgSb(Se, Te)2.pdf",10.1016/j.jallcom.2019.152463,PbTe,PbTe + 3% AgSbTe2,PbTe + 3% AgSbTe2,1,No,AgSbTe2,3%,unclear,,AgSbTe2 (3%) @ unclear site,figure,,Visually estimated from Fig. 8a,300.0,700.0,S/cm
Synthesis and thermoelectric properties of Mn-doped AgSbTe2 compounds.pdf,10.1088/1674-1056/21/10/106101,Ag0.9Sb1-xMnxTe2.05,Ag0.9Sb1.1-xMnxTe2.05 (x=0.05),Ag0.9Sb1.05Mn0.05Te2.05,1,No,Mn,x=0.05,Sb,,Mn (x=0.05) @ Sb site,figure,Fig. 4a,Visually estimated from Fig. 4a,325.0,120.0,S/cm
Synthesis and thermoelectric properties of Mn-doped AgSbTe2 compounds.pdf,10.1088/1674-1056/21/10/106101,Ag0.9Sb1-xMnxTe2.05,Ag0.9Sb1.1-xMnxTe2.05 (x=0.05),Ag0.9Sb1.05Mn0.05Te2.05,1,No,Mn,x=0.05,Sb,,Mn (x=0.05) @ Sb site,figure,Fig. 4a,Visually estimated from Fig. 4a,475.0,130.0,S/cm
Synthesis and thermoelectric properties of Mn-doped AgSbTe2 compounds.pdf,10.1088/1674-1056/21/10/106101,Ag0.9Sb1-xMnxTe2.05,Ag0.9Sb1.1-xMnxTe2.05 (x=0.05),Ag0.9Sb1.05Mn0.05Te2.05,1,No,Mn,x=0.05,Sb,,Mn (x=0.05) @ Sb site,figure,Fig. 4a,Visually estimated from Fig. 4a,575.0,120.0,S/cm
Synthesis and thermoelectric properties of Mn-doped AgSbTe2 compounds.pdf,10.1088/1674-1056/21/10/106101,Ag0.9Sb1-xMnxTe2.05,Ag0.9Sb1.1-xMnxTe2.05 (x=0.10),Ag0.9Sb1.0Mn0.1Te2.05,1,No,Mn,x=0.10,Sb,,Mn (x=0.10) @ Sb site,figure,Fig. 4a,Visually estimated from Fig. 4a,325.0,350.0,S/cm
Synthesis and thermoelectric properties of Mn-doped AgSbTe2 compounds.pdf,10.1088/1674-1056/21/10/106101,Ag0.9Sb1-xMnxTe2.05,Ag0.9Sb1.1-xMnxTe2.05 (x=0.10),Ag0.9Sb1.0Mn0.1Te2.05,1,No,Mn,x=0.10,Sb,,Mn (x=0.10) @ Sb site,figure,Fig. 4a,Visually estimated from Fig. 4a,475.0,280.0,S/cm
Synthesis and thermoelectric properties of Mn-doped AgSbTe2 compounds.pdf,10.1088/1674-1056/21/10/106101,Ag0.9Sb1-xMnxTe2.05,Ag0.9Sb1.1-xMnxTe2.05 (x=0.10),Ag0.9Sb1.0Mn0.1Te2.05,1,No,Mn,x=0.10,Sb,,Mn (x=0.10) @ Sb site,figure,Fig. 4a,Visually estimated from Fig. 4a,575.0,220.0,S/cm
Synthesis and thermoelectric properties of Mn-doped AgSbTe2 compounds.pdf,10.1088/1674-1056/21/10/106101,Ag0.9Sb1-xMnxTe2.05,Ag0.9Sb1.1-xMnxTe2.05 (x=0.20),Ag0.9Sb0.9Mn0.2Te2.05,1,No,Mn,x=0.20,Sb,,Mn (x=0.20) @ Sb site,figure,Fig. 4a,Visually estimated from Fig. 4a,325.0,220.0,S/cm
Synthesis and thermoelectric properties of Mn-doped AgSbTe2 compounds.pdf,10.1088/1674-1056/21/10/106101,Ag0.9Sb1-xMnxTe2.05,Ag0.9Sb1.1-xMnxTe2.05 (x=0.20),Ag0.9Sb0.9Mn0.2Te2.05,1,No,Mn,x=0.20,Sb,,Mn (x=0.20) @ Sb site,figure,Fig. 4a,Visually estimated from Fig. 4a,475.0,150.0,S/cm
Synthesis and thermoelectric properties of Mn-doped AgSbTe2 compounds.pdf,10.1088/1674-1056/21/10/106101,Ag0.9Sb1-xMnxTe2.05,Ag0.9Sb1.1-xMnxTe2.05 (x=0.20),Ag0.9Sb0.9Mn0.2Te2.05,1,No,Mn,x=0.20,Sb,,Mn (x=0.20) @ Sb site,figure,Fig. 4a,Visually estimated from Fig. 4a,575.0,120.0,S/cm
"Thermodynamic, Structural and Thermoelectric Properties of AgSbTe2 Thick Films Developed by Melt Spinning.pdf",10.3390/nano8070474,AgSbTe2,SAT-5,AgSbTe2,0,No,,,,,,figure,,Visually estimated from Fig. 4a,300.0,280.0,S/cm
"Thermodynamic, Structural and Thermoelectric Properties of AgSbTe2 Thick Films Developed by Melt Spinning.pdf",10.3390/nano8070474,AgSbTe2,SAT-5,AgSbTe2,0,No,,,,,,figure,,Visually estimated from Fig. 4a,500.0,120.0,S/cm
"Thermodynamic, Structural and Thermoelectric Properties of AgSbTe2 Thick Films Developed by Melt Spinning.pdf",10.3390/nano8070474,AgSbTe2,SAT-10,AgSbTe2,0,No,,,,,,figure,,Visually estimated from Fig. 4a,300.0,130.0,S/cm
"Thermodynamic, Structural and Thermoelectric Properties of AgSbTe2 Thick Films Developed by Melt Spinning.pdf",10.3390/nano8070474,AgSbTe2,SAT-10,AgSbTe2,0,No,,,,,,figure,,Visually estimated from Fig. 4a,500.0,180.0,S/cm
"Thermodynamic, Structural and Thermoelectric Properties of AgSbTe2 Thick Films Developed by Melt Spinning.pdf",10.3390/nano8070474,AgSbTe2,SATS-10,AgSbTe2-xSex,1,No,Se,1%,Te,,Se (1%) @ Te site,figure,,Visually estimated from Fig. 4a,300.0,180.0,S/cm
"Thermodynamic, Structural and Thermoelectric Properties of AgSbTe2 Thick Films Developed by Melt Spinning.pdf",10.3390/nano8070474,AgSbTe2,SATS-10,AgSbTe2-xSex,1,No,Se,1%,Te,,Se (1%) @ Te site,figure,,Visually estimated from Fig. 4a,500.0,280.0,S/cm
Thermoelectric properties of (GeTe)1-x[(Ag2Te)0.4(Sb2Te3)0.6]x alloys.pdf,10.1007/s12598-,AgSbTe2-family (GeTe-Ag2Te-Sb2Te3 alloys),x = 0,(GeTe)1-x[(Ag2Te)0.4(Sb2Te3)0.6]x where x=0,0,No,,,,,,figure,Fig. 5a,,,5.0,S/cm
"Thermoelectric properties of p-type (AgSbTe2)x(Pb0.5Sn0.5Te)1 − x (x = 0.05, 0.09, 0.2).pdf",10.1016/j.jallcom.2005.08.033,AgSbTe2-PbTe-SnTe,x=0.05,(AgSbTe2)0.05(Pb0.5Sn0.5Te)0.95,2,Yes,Pb,0.95 * 0.5,unclear,Sn (0.95 * 0.5) @ unclear,Pb (0.95 * 0.5) @ unclear site; Sn (0.95 * 0.5) @ unclear site,figure,,Visually estimated from Fig 3A,300.0,666.6666666666666,S/cm
"Thermoelectric properties of p-type (AgSbTe2)x(Pb0.5Sn0.5Te)1 − x (x = 0.05, 0.09, 0.2).pdf",10.1016/j.jallcom.2005.08.033,AgSbTe2-PbTe-SnTe,x=0.09,(AgSbTe2)0.09(Pb0.5Sn0.5Te)0.91,2,Yes,Pb,0.91 * 0.5,unclear,Sn (0.91 * 0.5) @ unclear,Pb (0.91 * 0.5) @ unclear site; Sn (0.91 * 0.5) @ unclear site,figure,,Visually estimated from Fig 3A,300.0,555.5555555555555,S/cm
"Thermoelectric properties of p-type (AgSbTe2)x(Pb0.5Sn0.5Te)1 − x (x = 0.05, 0.09, 0.2).pdf",10.1016/j.jallcom.2005.08.033,AgSbTe2-PbTe-SnTe,x=0.2,(AgSbTe2)0.2(Pb0.5Sn0.5Te)0.8,2,Yes,Pb,0.8 * 0.5,unclear,Sn (0.8 * 0.5) @ unclear,Pb (0.8 * 0.5) @ unclear site; Sn (0.8 * 0.5) @ unclear site,figure,,Visually estimated from Fig 3A,300.0,500.0,S/cm
Ultralow lattice thermal conductivity and enhanced thermoelectric performance enabled by CuInSe2 alloying in AgSbTe2.pdf,10.1016/j.jallcom.2026.188903,(AgSbTe2)1-x(CuInSe2)x,x = 0,AgSbTe2,0,No,,,,,,Table 1,,,300.0,134.0,S/cm
Ultralow lattice thermal conductivity and enhanced thermoelectric performance enabled by CuInSe2 alloying in AgSbTe2.pdf,10.1016/j.jallcom.2026.188903,(AgSbTe2)1-x(CuInSe2)x,x = 0.01,(AgSbTe2)0.99(CuInSe2)0.01,3,Yes,Cu,0.01,Ag,In (0.01) @ Sb; Se (0.02) @ Te,Cu (0.01) @ Ag site; In (0.01) @ Sb site; Se (0.02) @ Te site,Table 1,,,300.0,184.0,S/cm
Ultralow lattice thermal conductivity and enhanced thermoelectric performance enabled by CuInSe2 alloying in AgSbTe2.pdf,10.1016/j.jallcom.2026.188903,(AgSbTe2)1-x(CuInSe2)x,x = 0.01,(AgSbTe2)0.99(CuInSe2)0.01,3,Yes,Cu,0.01,Ag,In (0.01) @ Sb; Se (0.02) @ Te,Cu (0.01) @ Ag site; In (0.01) @ Sb site; Se (0.02) @ Te site,body text,,,300.0,222.0,S/cm
Ultralow lattice thermal conductivity and enhanced thermoelectric performance enabled by CuInSe2 alloying in AgSbTe2.pdf,10.1016/j.jallcom.2026.188903,(AgSbTe2)1-x(CuInSe2)x,x = 0.01,(AgSbTe2)0.99(CuInSe2)0.01,3,Yes,Cu,0.01,Ag,In (0.01) @ Sb; Se (0.02) @ Te,Cu (0.01) @ Ag site; In (0.01) @ Sb site; Se (0.02) @ Te site,body text,,,473.0,222.0,S/cm
Ultralow lattice thermal conductivity and enhanced thermoelectric performance enabled by CuInSe2 alloying in AgSbTe2.pdf,10.1016/j.jallcom.2026.188903,(AgSbTe2)1-x(CuInSe2)x,x = 0.03,Ag0.97Sb0.97Te1.94Cu0.03In0.03Se0.06,3,Yes,Cu,0.03,Ag,In (0.03) @ Sb; Se (0.06) @ Te,Cu (0.03) @ Ag site; In (0.03) @ Sb site; Se (0.06) @ Te site,Table 1,,,300.0,161.0,S/cm
Ultralow lattice thermal conductivity and enhanced thermoelectric performance enabled by CuInSe2 alloying in AgSbTe2.pdf,10.1016/j.jallcom.2026.188903,(AgSbTe2)1-x(CuInSe2)x,x = 0.05,(AgSbTe2)0.95(CuInSe2)0.05,3,Yes,Cu,0.05,Ag,In (0.05) @ Sb; Se (0.10) @ Te,Cu (0.05) @ Ag site; In (0.05) @ Sb site; Se (0.10) @ Te site,Table 1,,,300.0,113.0,S/cm
Ultralow lattice thermal conductivity and enhanced thermoelectric performance enabled by CuInSe2 alloying in AgSbTe2.pdf,10.1016/j.jallcom.2026.188903,(AgSbTe2)1-x(CuInSe2)x,x=0,AgSbTe2,0,No,,,,,,figure,Fig. 4a,Visually estimated from Fig. 4a,300.0,100.0,S/cm
Ultralow lattice thermal conductivity and enhanced thermoelectric performance enabled by CuInSe2 alloying in AgSbTe2.pdf,10.1016/j.jallcom.2026.188903,(AgSbTe2)1-x(CuInSe2)x,x=0,AgSbTe2,0,No,,,,,,figure,Fig. 4a,Visually estimated from Fig. 4a,450.0,180.0,S/cm
Ultralow lattice thermal conductivity and enhanced thermoelectric performance enabled by CuInSe2 alloying in AgSbTe2.pdf,10.1016/j.jallcom.2026.188903,(AgSbTe2)1-x(CuInSe2)x,x=0,AgSbTe2,0,No,,,,,,figure,Fig. 4a,Visually estimated from Fig. 4a,600.0,120.0,S/cm
Ultralow lattice thermal conductivity and enhanced thermoelectric performance enabled by CuInSe2 alloying in AgSbTe2.pdf,10.1016/j.jallcom.2026.188903,(AgSbTe2)1-x(CuInSe2)x,x=0.01,(AgSbTe2)0.99(CuInSe2)0.01,3,Yes,Cu,0.01,unclear,In (0.01) @ unclear; Se (0.01) @ Te,Cu (0.01) @ unclear site; In (0.01) @ unclear site; Se (0.01) @ Te site,figure,Fig. 4a,Visually estimated from Fig. 4a,300.0,140.0,S/cm
Ultralow lattice thermal conductivity and enhanced thermoelectric performance enabled by CuInSe2 alloying in AgSbTe2.pdf,10.1016/j.jallcom.2026.188903,(AgSbTe2)1-x(CuInSe2)x,x=0.01,(AgSbTe2)0.99(CuInSe2)0.01,3,Yes,Cu,0.01,unclear,In (0.01) @ unclear; Se (0.01) @ Te,Cu (0.01) @ unclear site; In (0.01) @ unclear site; Se (0.01) @ Te site,figure,Fig. 4a,Visually estimated from Fig. 4a,450.0,180.0,S/cm
Ultralow lattice thermal conductivity and enhanced thermoelectric performance enabled by CuInSe2 alloying in AgSbTe2.pdf,10.1016/j.jallcom.2026.188903,(AgSbTe2)1-x(CuInSe2)x,x=0.01,(AgSbTe2)0.99(CuInSe2)0.01,3,Yes,Cu,0.01,unclear,In (0.01) @ unclear; Se (0.01) @ Te,Cu (0.01) @ unclear site; In (0.01) @ unclear site; Se (0.01) @ Te site,figure,Fig. 4a,Visually estimated from Fig. 4a,600.0,150.0,S/cm
Ultralow lattice thermal conductivity and enhanced thermoelectric performance enabled by CuInSe2 alloying in AgSbTe2.pdf,10.1016/j.jallcom.2026.188903,(AgSbTe2)1-x(CuInSe2)x,x=0.03,(AgSbTe2)0.97(CuInSe2)0.03,3,Yes,Cu,0.03,unclear,In (0.03) @ unclear; Se (0.03) @ Te,Cu (0.03) @ unclear site; In (0.03) @ unclear site; Se (0.03) @ Te site,figure,Fig. 4a,Visually estimated from Fig. 4a,300.0,160.0,S/cm
Ultralow lattice thermal conductivity and enhanced thermoelectric performance enabled by CuInSe2 alloying in AgSbTe2.pdf,10.1016/j.jallcom.2026.188903,(AgSbTe2)1-x(CuInSe2)x,x=0.03,(AgSbTe2)0.97(CuInSe2)0.03,3,Yes,Cu,0.03,unclear,In (0.03) @ unclear; Se (0.03) @ Te,Cu (0.03) @ unclear site; In (0.03) @ unclear site; Se (0.03) @ Te site,figure,Fig. 4a,Visually estimated from Fig. 4a,450.0,190.0,S/cm
Ultralow lattice thermal conductivity and enhanced thermoelectric performance enabled by CuInSe2 alloying in AgSbTe2.pdf,10.1016/j.jallcom.2026.188903,(AgSbTe2)1-x(CuInSe2)x,x=0.03,(AgSbTe2)0.97(CuInSe2)0.03,3,Yes,Cu,0.03,unclear,In (0.03) @ unclear; Se (0.03) @ Te,Cu (0.03) @ unclear site; In (0.03) @ unclear site; Se (0.03) @ Te site,figure,Fig. 4a,Visually estimated from Fig. 4a,600.0,160.0,S/cm
Ultralow lattice thermal conductivity and enhanced thermoelectric performance enabled by CuInSe2 alloying in AgSbTe2.pdf,10.1016/j.jallcom.2026.188903,(AgSbTe2)1-x(CuInSe2)x,x=0.05,(AgSbTe2)0.95(CuInSe2)0.05,3,Yes,Cu,0.05,unclear,In (0.05) @ unclear; Se (0.05) @ Te,Cu (0.05) @ unclear site; In (0.05) @ unclear site; Se (0.05) @ Te site,figure,Fig. 4a,Visually estimated from Fig. 4a,300.0,120.0,S/cm
Ultralow lattice thermal conductivity and enhanced thermoelectric performance enabled by CuInSe2 alloying in AgSbTe2.pdf,10.1016/j.jallcom.2026.188903,(AgSbTe2)1-x(CuInSe2)x,x=0.05,(AgSbTe2)0.95(CuInSe2)0.05,3,Yes,Cu,0.05,unclear,In (0.05) @ unclear; Se (0.05) @ Te,Cu (0.05) @ unclear site; In (0.05) @ unclear site; Se (0.05) @ Te site,figure,Fig. 4a,Visually estimated from Fig. 4a,450.0,170.0,S/cm
Ultralow lattice thermal conductivity and enhanced thermoelectric performance enabled by CuInSe2 alloying in AgSbTe2.pdf,10.1016/j.jallcom.2026.188903,(AgSbTe2)1-x(CuInSe2)x,x=0.05,(AgSbTe2)0.95(CuInSe2)0.05,3,Yes,Cu,0.05,unclear,In (0.05) @ unclear; Se (0.05) @ Te,Cu (0.05) @ unclear site; In (0.05) @ unclear site; Se (0.05) @ Te site,figure,Fig. 4a,Visually estimated from Fig. 4a,600.0,150.0,S/cm
Wang_2025_Phys._Scr._100_125919.pdf,10.1088/1402-4896/ae26ec,AgSbTe2,Ag16Sb16Te32,Ag16Sb16Te32,0,No,,,,,,text,Section 3.3.3,,300.0,83.7,S/cm
ae5c01632.pdf,10.1021/acsaem.5c01632,AgSbTe2,AgSbTe2,AgSbTe2,0,No,,,,,,figure,Fig. 2a,Visually estimated from Fig. 2a,300.0,150.0,S/cm
ae5c01632.pdf,10.1021/acsaem.5c01632,AgSbTe2,AgSbTe1.95Se0.05,AgSbTe1.95Se0.05,1,No,Se,x=0.05,Te,,Se (x=0.05) @ Te site,figure,Fig. 2a,Visually estimated from Fig. 2a,300.0,130.0,S/cm
ae5c01632.pdf,10.1021/acsaem.5c01632,AgSbTe2,AgSbTe1.9Se0.1,AgSbTe1.9Se0.1,1,No,Se,x=0.1,Te,,Se (x=0.1) @ Te site,figure,Fig. 2a,Visually estimated from Fig. 2a,300.0,120.0,S/cm
ae5c01674.pdf,10.1021/acsaem.5c01674,AgSbTe2,AgSbTe2/20 wt % HNO3-treated PEDOT:PSS,AgSbTe2/20 wt % HNO3-treated PEDOT:PSS,1,No,PEDOT:PSS,20 wt %,unclear,,PEDOT:PSS (20 wt %) @ unclear site,body text,,Calculated from reported electrical resistivity of 6.5 mOhm-cm.,300.0,153.8,S/cm
am1c21252.pdf,10.1021/acsami.1c21252,AgSbTe2,SC41,(Ag2Te)0.41(Sb2Te3)0.59,1,No,cation vacancy,nonstoichiometric,Ag,,cation vacancy (nonstoichiometric) @ Ag site,Table 2,,,,122.4,S/cm
am1c21252.pdf,10.1021/acsami.1c21252,AgSbTe2,SC42,(Ag2Te)0.42(Sb2Te3)0.58,1,No,cation vacancy,nonstoichiometric,Ag,,cation vacancy (nonstoichiometric) @ Ag site,Table 2,,,,145.7,S/cm
am1c21252.pdf,10.1021/acsami.1c21252,AgSbTe2,SC43,(Ag2Te)0.43(Sb2Te3)0.57,1,No,cation vacancy,nonstoichiometric,Ag,,cation vacancy (nonstoichiometric) @ Ag site,Table 2,,,,149.1,S/cm
am1c21252.pdf,10.1021/acsami.1c21252,AgSbTe2,Q-SPS41,(Ag2Te)0.41(Sb2Te3)0.59,1,No,cation vacancy,nonstoichiometric,Ag,,cation vacancy (nonstoichiometric) @ Ag site,Table 2,,,,78.5,S/cm
am1c21252.pdf,10.1021/acsami.1c21252,AgSbTe2,Q-SPS42,(Ag2Te)0.42(Sb2Te3)0.58,1,No,cation vacancy,nonstoichiometric,Ag,,cation vacancy (nonstoichiometric) @ Ag site,Table 2,,,,68.0,S/cm
am1c21252.pdf,10.1021/acsami.1c21252,AgSbTe2,Q-SPS43,(Ag2Te)0.43(Sb2Te3)0.57,1,No,cation vacancy,nonstoichiometric,Ag,,cation vacancy (nonstoichiometric) @ Ag site,Table 2,,,,75.1,S/cm
am2c22930.pdf,10.1021/acsami.2c22930,AgSbTe2,AgSbTe2,AgSbTe2,0,No,,,,,,body text,,,300.0,150.0,S/cm
am2c22930.pdf,10.1021/acsami.2c22930,AgSbTe2,AgSb0.97Mg0.03Te2,AgSb0.97Mg0.03Te2,1,No,Mg,0.03,Sb,,Mg (0.03) @ Sb site,body text,,,300.0,330.0,S/cm
am2c22930.pdf,10.1021/acsami.2c22930,AgSbTe2,AgSb0.97Mg0.03Te2,AgSb0.97Mg0.03Te2,1,No,Mg,0.03,Sb,,Mg (0.03) @ Sb site,body text,,,573.0,350.0,S/cm
am2c22930.pdf,10.1021/acsami.2c22930,AgSbTe2,AgSb0.97Mg0.03Te2,AgSb0.97Mg0.03Te2,1,No,Mg,0.03,Sb,,Mg (0.03) @ Sb site,body text,,,,330.0,S/cm
am4c05454.pdf,10.1021/acsami.4c05454,AgSbTe2,AgSb1-xCuxTe2 (x=0),AgSbTe2,1,No,none,0,unclear,,none (0) @ unclear site,figure,,Visually estimated from Fig. 5a,323.0,60.0,S/cm
am4c05454.pdf,10.1021/acsami.4c05454,AgSbTe2,AgSb1-xCuxTe2 (x=0),AgSbTe2,1,No,none,0,unclear,,none (0) @ unclear site,figure,,Visually estimated from Fig. 5a,423.0,50.0,S/cm
am4c05454.pdf,10.1021/acsami.4c05454,AgSbTe2,AgSb1-xCuxTe2 (x=0),AgSbTe2,1,No,none,0,unclear,,none (0) @ unclear site,figure,,Visually estimated from Fig. 5a,573.0,110.0,S/cm
am4c05454.pdf,10.1021/acsami.4c05454,AgSbTe2,AgSb1-xCuxTe2 (x=0.04),Ag0.96Cu0.04Te2,1,No,Cu,0.04,Ag,,Cu (0.04) @ Ag site,figure,,Visually estimated from Fig. 5a,323.0,160.0,S/cm
am4c05454.pdf,10.1021/acsami.4c05454,AgSbTe2,AgSb1-xCuxTe2 (x=0.04),Ag0.96Cu0.04Te2,1,No,Cu,0.04,Ag,,Cu (0.04) @ Ag site,figure,,Visually estimated from Fig. 5a,423.0,270.0,S/cm
am4c05454.pdf,10.1021/acsami.4c05454,AgSbTe2,AgSb1-xCuxTe2 (x=0.04),Ag0.96Cu0.04Te2,1,No,Cu,0.04,Ag,,Cu (0.04) @ Ag site,figure,,Visually estimated from Fig. 5a,573.0,260.0,S/cm
am4c05873.pdf,10.1021/acsami.4c05873,AgSbTe2,AgSbTe2,AgSbTe2,0,No,,,,,,body text,Page 3,,,150.0,S/cm
am4c05873.pdf,10.1021/acsami.4c05873,AgSbTe2,AgSbTe2,AgSbTe2,0,No,,,,,,body text,Page 3,,573.0,290.0,S/cm
am4c05873.pdf,10.1021/acsami.4c05873,AgSbTe2,AgSbTe2 (AST),AgSbTe2,0,No,,,,,,body text,,,300.0,150.0,S/cm
am4c05873.pdf,10.1021/acsami.4c05873,AgSbTe2,AgSbTe2 (AST),AgSbTe2,0,No,,,,,,body text,,,573.0,290.0,S/cm
am4c05873.pdf,10.1021/acsami.4c05873,AgSbTe2,Ag0.98-xMg0.02TixTe2 (x=0.03),Ag0.95Mg0.02Ti0.03Te2,2,Yes,Mg,0.02,unclear,Ti (0.03) @ unclear,Mg (0.02) @ unclear site; Ti (0.03) @ unclear site,body text,,,523.0,250.0,S/cm
am4c05873.pdf,10.1021/acsami.4c05873,AgSbTe2,Ag0.98-xMg0.02TixTe2 (x=0.03),Ag0.95Mg0.02Ti0.03Te2,2,Yes,Mg,0.02,unclear,Ti (0.03) @ unclear,Mg (0.02) @ unclear site; Ti (0.03) @ unclear site,body text,,,573.0,320.0,S/cm
am4c06836.pdf,10.1021/acsami.4c06836,AgSbTe2,"x=0, y=0",AgSbTe2,0,No,,,,,,figure,Fig. 5a,Visually estimated from Fig. 5a,300.0,150.0,S/cm
am4c06836.pdf,10.1021/acsami.4c06836,AgSbTe2,"x=0.15, y=0.15",Ag0.85Sn0.15Sb0.85Ge0.15Te2,2,Yes,Sn,0.15,Ag,Ge (0.15) @ Sb,Sn (0.15) @ Ag site; Ge (0.15) @ Sb site,figure,Fig. 5a,Visually estimated from Fig. 5a,750.0,450.0,S/cm
am7b00689.pdf,10.1021/acsami.7b00689,Ag16.7Sb30Te53.3,AQ,Ag16.7Sb30Te53.3,0,No,,,,,,figure,Figure 1b,Visually estimated from Figure 1b,298.15,50.0,S/cm
am7b00689.pdf,10.1021/acsami.7b00689,Ag16.7Sb30Te53.3,380 C/8 h,Ag16.7Sb30Te53.3,0,No,,,,,,figure,Figure 1b,Visually estimated from Figure 1b,298.15,220.0,S/cm
am7b00689.pdf,10.1021/acsami.7b00689,Ag16.7Sb30Te53.3,380 C/192 h,Ag16.7Sb30Te53.3,0,No,,,,,,figure,Figure 1b,Visually estimated from Figure 1b,298.15,80.0,S/cm
applsci-08-00052-v2.pdf,10.3390/app8010052,Ag1-xSb1+xTe2+x,x=0.4,Ag0.6Sb1.4Te2.4,0,No,,,,,,body text,Section 3.3,,,0.1,S/cm
applsci-08-00052-v2.pdf,10.3390/app8010052,Ag1-xSb1+xTe2+x,x=0.3,Ag0.7Sb1.3Te2.3,0,No,,,,,,body text,Section 3.3,,,0.1,S/cm
applsci-08-00052-v2.pdf,10.3390/app8010052,Ag1-xSb1+xTe2+x,x=0.19,Ag0.81Sb1.19Te2.19,0,No,,,,,,body text,Section 3.4,,,55.0,S/cm
applsci-08-00052-v2.pdf,10.3390/app8010052,Ag1-xSb1+xTe2+x,"x=0.4, slowly cooled",Ag0.6Sb1.4Te2.4,1,No,Sb,x=0.4,Ag,,Sb (x=0.4) @ Ag site,figure,Fig. 5a,Visually estimated from Fig. 5a,300.0,1400.0,S/cm
applsci-08-00052-v2.pdf,10.3390/app8010052,Ag1-xSb1+xTe2+x,"x=0.1, slowly cooled",Ag0.9Sb1.1Te2.1,1,No,Sb,x=0.1,Ag,,Sb (x=0.1) @ Ag site,figure,Fig. 5a,Visually estimated from Fig. 5a,300.0,100.0,S/cm
applsci-08-00052-v2.pdf,10.3390/app8010052,Ag1-xSb1+xTe2+x,"Ag1-xSb1+xTe2+x, x=0.19 (quenched)",Ag0.81Sb1.19Te2.19,0,No,,,,,,figure,Figure 10a,Visually estimated from Figure 10a,300.0,55.0,S/cm
applsci-08-00052-v2.pdf,10.3390/app8010052,Ag1-xSb1+xTe2+x,"Ag1-xSb1+xTe2+x, x=0.19 (quenched)",Ag0.81Sb1.19Te2.19,0,No,,,,,,figure,Figure 10a,Visually estimated from Figure 10a,600.0,80.0,S/cm
c0jm00138d.pdf,10.1039/c0jm00138d,AgSbTe2,x=50,AgSbTe2,0,No,,,,,,text,page 4,,,300.0,S/cm
c0jm00138d.pdf,10.1039/c0jm00138d,AgSbTe2,"(Ag2Te)x(Sb2Te3)100-x, x=44",(Ag2Te)44(Sb2Te3)56,0,No,,,,,,figure,Fig. 7a,Visually estimated from Fig. 7a,300.0,320.0,S/cm
c0jm00138d.pdf,10.1039/c0jm00138d,AgSbTe2,"(Ag2Te)x(Sb2Te3)100-x, x=50",(Ag2Te)50(Sb2Te3)50,0,No,,,,,,figure,Fig. 7a,Visually estimated from Fig. 7a,300.0,300.0,S/cm
c8ta01393d.pdf,10.1039/c8ta01393d,GeSe-AgSbTe2,x=0.05,GeSeAg0.05Sb0.05Te0.1,3,Yes,Ag,5%,unclear,Sb (5%) @ unclear; Te (10%) @ unclear,Ag (5%) @ unclear site; Sb (5%) @ unclear site; Te (10%) @ unclear site,body text,,,,612.13,S/cm
c8ta01393d.pdf,10.1039/c8ta01393d,GeSe-AgSbTe2,x=0.2,GeSeAg0.2Sb0.2Te0.4,3,Yes,Ag,20%,unclear,Sb (20%) @ unclear; Te (40%) @ unclear,Ag (20%) @ unclear site; Sb (20%) @ unclear site; Te (40%) @ unclear site,body text,,,301.0,167.02,S/cm
c8ta01393d.pdf,10.1039/c8ta01393d,GeSe-AgSbTe2,x=0.2,GeSeAg0.2Sb0.2Te0.4,3,Yes,Ag,20%,unclear,Sb (20%) @ unclear; Te (40%) @ unclear,Ag (20%) @ unclear site; Sb (20%) @ unclear site; Te (40%) @ unclear site,body text,,,754.0,241.69,S/cm
cm101503y.pdf,10.1021/cm101503y,AgSbTe2,x=0,AgSbTe2,0,No,,,,,,figure,Fig. 5a,Visually estimated from Fig. 5a,300.0,150.0,S/cm
cm101503y.pdf,10.1021/cm101503y,AgSbTe2,x=0,AgSbTe2,0,No,,,,,,figure,Fig. 5a,Visually estimated from Fig. 5a,500.0,120.0,S/cm
cm101503y.pdf,10.1021/cm101503y,AgSbTe2,x=0,AgSbTe2,0,No,,,,,,figure,Fig. 5a,Visually estimated from Fig. 5a,700.0,180.0,S/cm
cm101503y.pdf,10.1021/cm101503y,AgSbTe2,x=0.02,AgSbSe0.02Te1.98,1,No,Se,x=0.02,Te,,Se (x=0.02) @ Te site,figure,Fig. 5a,Visually estimated from Fig. 5a,300.0,160.0,S/cm
cm101503y.pdf,10.1021/cm101503y,AgSbTe2,x=0.02,AgSbSe0.02Te1.98,1,No,Se,x=0.02,Te,,Se (x=0.02) @ Te site,figure,Fig. 5a,Visually estimated from Fig. 5a,550.0,240.0,S/cm
cm101503y.pdf,10.1021/cm101503y,AgSbTe2,x=0.02,AgSbSe0.02Te1.98,1,No,Se,x=0.02,Te,,Se (x=0.02) @ Te site,figure,Fig. 5a,Visually estimated from Fig. 5a,700.0,210.0,S/cm
cm5c01646.pdf,10.1021/acs.chemmater.5c01646,AgSbTe2,AST,AgSbTe2,0,No,,,,,,Table 1,,,300.0,96.72,S/cm
cm5c01646.pdf,10.1021/acs.chemmater.5c01646,AgSbTe2,AST + 0.02,AgSbTe2 + 0.02 wt % B,1,No,B,0.02 wt %,unclear,,B (0.02 wt %) @ unclear site,Table 1,,,300.0,159.1,S/cm
cm5c01646.pdf,10.1021/acs.chemmater.5c01646,AgSbTe2,AST + 0.025,AgSbTe2 + 0.025 wt % B,1,No,B,0.025 wt %,unclear,,B (0.025 wt %) @ unclear site,Table 1,,,300.0,170.75,S/cm
cm5c01646.pdf,10.1021/acs.chemmater.5c01646,AgSbTe2,AST + 0.03,AgSbTe2 + 0.03 wt % B,1,No,B,0.03 wt %,unclear,,B (0.03 wt %) @ unclear site,Table 1,,,300.0,123.77,S/cm
cm5c01646.pdf,10.1021/acs.chemmater.5c01646,AgSbTe2,NS-AST + 0.025,Ag0.91Sb1.09Te2.09 + 0.025 wt % B,1,No,B,0.025 wt %,unclear,,B (0.025 wt %) @ unclear site,Table 1,,,300.0,163.6,S/cm
d3ee01033c.pdf,10.1039/d3ee01033c,AgSbTe2,AgSbTe2,AgSbTe2,0,No,,,,,,text,page 7,,300.0,104.0,S/cm
d3ee01033c.pdf,10.1039/d3ee01033c,AgSbTe2,Ag0.98SbTe2,Ag0.98SbTe2,1,No,Ag vacancy,2 mol%,Ag,,Ag vacancy (2 mol%) @ Ag site,text,page 7,,300.0,235.0,S/cm
d3ee01033c.pdf,10.1039/d3ee01033c,AgSbTe2,Ag0.98SbTe2,Ag0.98SbTe2,1,No,Ag vacancy,2 mol%,Ag,,Ag vacancy (2 mol%) @ Ag site,text,page 7,,573.0,186.0,S/cm
d3ee01033c.pdf,10.1039/d3ee01033c,AgSbTe2,AgSbTe2,AgSbTe2,0,No,,,,,,figure,Fig. 4b,Visually estimated from Fig. 4b,300.0,100.0,S/cm
d3ee01033c.pdf,10.1039/d3ee01033c,AgSbTe2,Ag0.99SbTe2,Ag0.99SbTe2,1,No,Ag vacancy,0.01,Ag,,Ag vacancy (0.01) @ Ag site,figure,Fig. 4b,Visually estimated from Fig. 4b,300.0,150.0,S/cm
d3ee01033c.pdf,10.1039/d3ee01033c,AgSbTe2,Ag0.97SbTe2,Ag0.97SbTe2,1,No,Ag vacancy,0.03,Ag,,Ag vacancy (0.03) @ Ag site,figure,Fig. 4b,Visually estimated from Fig. 4b,300.0,250.0,S/cm
d4cp01171f.pdf,10.1039/d4cp01171f,AgSbTe2,Ag0.927Sb1.07Te2.005,Ag0.927Sb1.07Te2.005,2,Yes,Ag,0.927,Ag,Sb (1.07) @ Sb,Ag (0.927) @ Ag site; Sb (1.07) @ Sb site,figure,Fig. 5b,Visually estimated from Fig. 5b (ln sigma vs 1/T^1/4 plot),0.0,0.0417,S/cm
d4cp01171f.pdf,10.1039/d4cp01171f,AgSbTe2,Ag0.927Sb1.07Te2.005,Ag0.927Sb1.07Te2.005,2,Yes,Ag,0.927,Ag,Sb (1.07) @ Sb,Ag (0.927) @ Ag site; Sb (1.07) @ Sb site,figure,Fig. 5b,Visually estimated from Fig. 5b (ln sigma vs 1/T^1/4 plot),300.0,0.0405,S/cm
d5dt01185j.pdf,10.1039/d5dt01185j,Ba2.75Pb1.1Sb4.1Se10-deltaTe_delta,Ba2.75Pb1.1Sb4.1Se8Te2,Ba2.75Pb1.1Sb4.1Se8Te2,1,No,Te,delta=2,Te,,Te (delta=2) @ Te site,body text,,Reported as electrical resistivity,300.0,0.024937655860349125,S/cm
d5dt01185j.pdf,10.1039/d5dt01185j,Ba2.75Pb1.1Sb4.1Se10-deltaTe_delta,Ba2.75Pb1.1Sb4.1Se8Te2,Ba2.75Pb1.1Sb4.1Se8Te2,1,No,Te,delta=2,Te,,Te (delta=2) @ Te site,body text,,Reported as electrical resistivity,773.0,0.4,S/cm
ja1c07522.pdf,10.1021/jacs.1c07522,AgSbTe2,ATMS,AgMnSbTe3,1,No,Mn,equimolar ratio,multiple sites,,Mn (equimolar ratio) @ multiple sites site,text,"Results and Discussion, Section 3",,300.0,158.4,S/cm
ja1c07522.pdf,10.1021/jacs.1c07522,AgSbTe2,ATMS,AgMnSbTe3,1,No,Mn,equimolar ratio,multiple sites,,Mn (equimolar ratio) @ multiple sites site,text,"Results and Discussion, Section 3",,623.0,91.1,S/cm
ja1c07522.pdf,10.1021/jacs.1c07522,AgSbTe2,ATMS,AgMnSbTe3,1,No,Mn,equimolar ratio,multiple sites,,Mn (equimolar ratio) @ multiple sites site,text,"Results and Discussion, Section 3",,823.0,242.0,S/cm
ja1c07522.pdf,10.1021/jacs.1c07522,AgSbTe2,AgMnSbTe3 (m=1),AgMnSbTe3,1,No,Mn,equimolar ratio,multiple sites,,Mn (equimolar ratio) @ multiple sites site,figure,Figure 4A,Visually estimated from Figure 4A,823.0,120.0,S/cm
ja1c08931.pdf,10.1021/jacs.1c08931,(SnSe)0.5(AgSbTe2)0.5,pristine (SnSe)0.5(AgSbSe2)0.5,(SnSe)0.5(AgSbSe2)0.5,0,No,,,,,,body text,,,295.0,66.0,S/cm
ja1c08931.pdf,10.1021/jacs.1c08931,(SnSe)0.5(AgSbTe2)0.5,pristine (SnSe)0.5(AgSbSe2)0.5,(SnSe)0.5(AgSbSe2)0.5,0,No,,,,,,body text,,,725.0,90.0,S/cm
ja1c08931.pdf,10.1021/jacs.1c08931,(SnSe)0.5(AgSbTe2)0.5,(SnSe)0.5(AgSb1-xGexSe2)0.5 (x = 0.08),(SnSe)0.5(AgSb0.92Ge0.08Se2)0.5,1,No,Ge,x = 0.08,Sb,,Ge (x = 0.08) @ Sb site,body text,,,,361.0,S/cm
ja1c08931.pdf,10.1021/jacs.1c08931,(SnSe)0.5(AgSbTe2)0.5,"(SnSe)0.5(AgSb1-xGexTe2)0.5, x=0.0",(SnSe)0.5(AgSbTe2)0.5,1,No,Ge,x=0.0,Sb,,Ge (x=0.0) @ Sb site,body text,,,,66.0,S/cm
ja1c08931.pdf,10.1021/jacs.1c08931,(SnSe)0.5(AgSbTe2)0.5,"(SnSe)0.5(AgSb1-xGexTe2)0.5, x=0.08",(SnSe)0.5(AgSb0.92Ge0.08Te2)0.5,1,No,Ge,x=0.08,Sb,,Ge (x=0.08) @ Sb site,body text,,,,361.0,S/cm
ja3c09643.pdf,10.1021/jacs.3c09643,AgSbTe2,AgSb0.96Hg0.04Te2,AgSb0.96Hg0.04Te2,1,No,Hg,4 mol %,Sb,,Hg (4 mol %) @ Sb site,body text,Page 5,,297.0,212.0,S/cm
ja3c09643.pdf,10.1021/jacs.3c09643,AgSbTe2,AgSbTe2,AgSbTe2,0,No,,,,,,figure,Figure 5a,Visually estimated from Figure 5a,300.0,104.0,S/cm
ja3c09643.pdf,10.1021/jacs.3c09643,AgSbTe2,AgSb0.96Hg0.04Te2,AgSb0.96Hg0.04Te2,1,No,Hg,4 mol %,Sb,,Hg (4 mol %) @ Sb site,figure,Figure 5a,Visually estimated from Figure 5a,300.0,212.0,S/cm
ja3c09643.pdf,10.1021/jacs.3c09643,AgSbTe2,AgSb0.98Hg0.02Te2,AgSb0.98Hg0.02Te2,1,No,Hg,2 mol %,Sb,,Hg (2 mol %) @ Sb site,figure,Figure 5a,Visually estimated from Figure 5a,300.0,160.0,S/cm
ja3c09643.pdf,10.1021/jacs.3c09643,AgSbTe2,AgSb0.94Hg0.06Te2,AgSb0.94Hg0.06Te2,1,No,Hg,6 mol %,Sb,,Hg (6 mol %) @ Sb site,figure,Figure 5a,Visually estimated from Figure 5a,300.0,180.0,S/cm
ja6c00040.pdf,10.1021/jacs.6c00040,AgSbTe2,nanocrystalline Ag0.8Sb1.2Te2.2,Ag0.8Sb1.2Te2.2,0,No,,,,,,text,body text,,300.0,25.0,S/cm
ja6c00040.pdf,10.1021/jacs.6c00040,AgSbTe2,nanocrystalline Ag0.8Sb1.2Te2.2,Ag0.8Sb1.2Te2.2,0,No,,,,,,text,body text,,575.0,50.0,S/cm
ja6c00040.pdf,10.1021/jacs.6c00040,AgSbTe2,bulk Ag0.8Sb1.2Te2.2,Ag0.8Sb1.2Te2.2,0,No,,,,,,text,body text,,300.0,210.0,S/cm
ja6c00040.pdf,10.1021/jacs.6c00040,AgSbTe2,bulk Ag0.8Sb1.2Te2.2,Ag0.8Sb1.2Te2.2,0,No,,,,,,text,body text,,575.0,110.0,S/cm
jp4c04467.pdf,10.1021/acs.jpcc.4c04467,AgSbTe2,AgSbTe2,AgSbTe2,0,No,,,,,,body text,,,300.0,164.0,S/cm
jp4c04467.pdf,10.1021/acs.jpcc.4c04467,AgSbTe2,AgSbTe1.94S0.06,AgSbTe1.94S0.06,1,No,S,x = 0.06,Te,,S (x = 0.06) @ Te site,body text,,,300.0,192.0,S/cm
nanomaterials-12-03910.pdf,10.3390/nano12213910,AgSbTe2,AgSbTe2 (arc-melted),AgSbTe2,0,No,,,,,,body text,,Calculated from resistivity values of 2.6e-4 to 2.8e-4 Ohm*m,,3.425,S/cm
nz1c01184.pdf,10.1021/acsenergylett.1c01184,AgSbTe2,6 mol % Cd-doped AgSbTe2,AgSb1-xCdxTe2 (x=0.06),1,No,Cd,6 mol %,Sb,,Cd (6 mol %) @ Sb site,text,page 9,,300.0,222.0,S/cm
nz1c01184.pdf,10.1021/acsenergylett.1c01184,AgSbTe2,AgSb0.96Zn0.04Te2,AgSb0.96Zn0.04Te2,1,No,Zn,0.04,Sb,,Zn (0.04) @ Sb site,text,page 7,,300.0,160.0,S/cm
nz1c01184.pdf,10.1021/acsenergylett.1c01184,AgSbTe2,AgSbTe2,AgSbTe2,0,No,,,,,,body text,,,300.0,130.0,S/cm
nz1c01184.pdf,10.1021/acsenergylett.1c01184,AgSbTe2,AgSb1-xCd xTe2 (x=0.02),AgSb0.98Cd0.02Te2,1,No,Cd,2 mol %,Sb,,Cd (2 mol %) @ Sb site,figure,Fig. 7a,Visually estimated from Fig. 7a,300.0,150.0,S/cm
nz1c01184.pdf,10.1021/acsenergylett.1c01184,AgSbTe2,AgSb1-xCd xTe2 (x=0.06),AgSb0.94Cd0.06Te2,1,No,Cd,6 mol %,Sb,,Cd (6 mol %) @ Sb site,body text,,,300.0,222.0,S/cm
nz6b00639.pdf,10.1021/acsenergylett.6b00639,AgSbTe2,AgSbTe2,AgSbTe2,0,No,,,,,,body text,,,300.0,136.0,S/cm
nz6b00639.pdf,10.1021/acsenergylett.6b00639,AgSbTe2,AgSb0.96Zn0.04Te2,AgSb0.96Zn0.04Te2,1,No,Zn,0.04,Sb,,Zn (0.04) @ Sb site,body text,,,300.0,160.0,S/cm
nz6b00639.pdf,10.1021/acsenergylett.6b00639,AgSbTe2,AgSb0.96Zn0.04Te2,AgSb0.96Zn0.04Te2,1,No,Zn,0.04,Sb,,Zn (0.04) @ Sb site,body text,,,475.0,145.0,S/cm
nz6b00639.pdf,10.1021/acsenergylett.6b00639,AgSbTe2,AgSb0.96Zn0.04Te2,AgSb0.96Zn0.04Te2,1,No,Zn,0.04,Sb,,Zn (0.04) @ Sb site,body text,,,632.0,227.0,S/cm
nz6b00639.pdf,10.1021/acsenergylett.6b00639,AgSbTe2,Ag0.96Zn0.04Te2,Ag0.96Zn0.04Te2,1,No,Zn,0.04,Sb,,Zn (0.04) @ Sb site,body text,,,300.0,145.0,S/cm
nz6b00639.pdf,10.1021/acsenergylett.6b00639,AgSbTe2,Ag0.96Zn0.04Te2,Ag0.96Zn0.04Te2,1,No,Zn,0.04,Sb,,Zn (0.04) @ Sb site,body text,,,475.0,145.0,S/cm
nz6b00639.pdf,10.1021/acsenergylett.6b00639,AgSbTe2,Ag0.96Zn0.04Te2,Ag0.96Zn0.04Te2,1,No,Zn,0.04,Sb,,Zn (0.04) @ Sb site,body text,,,632.0,227.0,S/cm
nz8b00137.pdf,10.1021/acsenergylett.8b00137,AgSnmSbTe2+m,AgSnmSbTe2+m (m=50),AgSn50SbTe52,2,Yes,Ag,m=50,Sn,Sb (m=50) @ Sn,Ag (m=50) @ Sn site; Sb (m=50) @ Sn site,figure,,Visually estimated from Fig. 2a,300.0,6500.0,S/cm
nz8b00137.pdf,10.1021/acsenergylett.8b00137,AgSnmSbTe2+m,AgSnmSbTe2+m (m=5),AgSn5SbTe7,2,Yes,Ag,m=5,Sn,Sb (m=5) @ Sn,Ag (m=5) @ Sn site; Sb (m=5) @ Sn site,figure,,Visually estimated from Fig. 2a,300.0,2500.0,S/cm
s10854-025-15118-x.pdf,10.1007/s10854-025-15118-x,AgSbTe2,MQ-450,AgSbTe2,0,No,,,,,,body text,,Value explicitly stated in text.,300.0,179.0,S/cm
s10854-026-17196-x.pdf,10.1007/s10854-026-17196-x,AgSbTe2,AST-AS,AgSbTe2,0,No,,,,,,body text,Table 6,,300.0,6.0,S/cm
s10854-026-17196-x.pdf,10.1007/s10854-026-17196-x,AgSbTe2,AST-50,AgSbTe2,0,No,,,,,,body text,Table 6,,300.0,19.0,S/cm
s10854-026-17196-x.pdf,10.1007/s10854-026-17196-x,AgSbTe2,AST-70,AgSbTe2,0,No,,,,,,body text,Table 6,,300.0,295.0,S/cm
s10854-026-17196-x.pdf,10.1007/s10854-026-17196-x,AgSbTe2,AST-90,AgSbTe2,0,No,,,,,,body text,Table 6,,300.0,412.0,S/cm
s10854-026-17196-x.pdf,10.1007/s10854-026-17196-x,AgSbTe2,AST-110,AgSbTe2,0,No,,,,,,body text,Table 6,,300.0,309.0,S/cm
s11664-015-4102-0.pdf,10.1007/s11664-015-4102-0,AgSbTe2,AgSbTe2,AgSbTe2,0,No,,,,,,body text,page 4,,323.0,150.0,S/cm
s11664-015-4102-0.pdf,10.1007/s11664-015-4102-0,AgSbTe2,AgSbTe1.98Se0.02,AgSbTe1.98Se0.02,1,No,Se,0.02,Te,,Se (0.02) @ Te site,body text,page 6,,323.0,160.0,S/cm
s11664-015-4102-0.pdf,10.1007/s11664-015-4102-0,AgSbTe2,AgSbTe2,AgSbTe2,0,No,,,,,,figure,Fig. 6,"Visually estimated from Fig. 6, measurement 1",300.0,40.0,S/cm
s11664-015-4102-0.pdf,10.1007/s11664-015-4102-0,AgSbTe2,AgSbTe2,AgSbTe2,0,No,,,,,,figure,Fig. 6,"Visually estimated from Fig. 6, measurement 1",400.0,60.0,S/cm
s11664-015-4102-0.pdf,10.1007/s11664-015-4102-0,AgSbTe2,AgSbTe2,AgSbTe2,0,No,,,,,,figure,Fig. 6,"Visually estimated from Fig. 6, measurement 1",600.0,70.0,S/cm
s11664-024-11310-7.pdf,10.1007/s11664-024-11310-7,AgSbTe2,Cu2-yAgxTe0.6S0.2Se0.2,Cu2-yAgxTe0.6S0.2Se0.2,2,Yes,Ag,y,unclear,Ag (x) @ unclear,Ag (y) @ unclear site; Ag (x) @ unclear site,figure,,"Visually estimated from Fig. 8d, showing temperature dependence for Cu2-yAgxTe0.6S0.2Se0.2 samples.",,8.0,S/cm
s12613-011-0446-5.pdf,10.1007/s12613-011-0446-5,Ag0.84Sb1.15Te2.16,Ag0.84Sb1.15Ce0.01Te2.16,Ag0.84Sb1.15Ce0.01Te2.16,1,No,Ce,0.01,Sb,,Ce (0.01) @ Sb site,body text,,,673.0,250.0,S/cm
s12613-011-0446-5.pdf,10.1007/s12613-011-0446-5,Ag0.84Sb1.15Te2.16,Ag0.84Sb1.15Yb0.01Te2.16,Ag0.84Sb1.15Yb0.01Te2.16,1,No,Yb,0.01,Sb,,Yb (0.01) @ Sb site,body text,,,673.0,230.0,S/cm
s12613-011-0446-5.pdf,10.1007/s12613-011-0446-5,Ag0.84Sb1.15Te2.16,AgSbTe2,Ag0.84Sb1.15Te2.16,0,No,,,,,,figure,,Visually estimated from Fig. 2(a),300.0,260.0,S/cm
s12613-011-0446-5.pdf,10.1007/s12613-011-0446-5,Ag0.84Sb1.15Te2.16,AgSbTe2-Ce,Ag0.84Sb1.15Ce0.01Te2.16,1,No,Ce,0.01,Sb,,Ce (0.01) @ Sb site,figure,,Visually estimated from Fig. 2(a),300.0,220.0,S/cm
s12613-011-0446-5.pdf,10.1007/s12613-011-0446-5,Ag0.84Sb1.15Te2.16,AgSbTe2-Yb,Ag0.84Sb1.15Yb0.01Te2.16,1,No,Yb,0.01,Sb,,Yb (0.01) @ Sb site,figure,,Visually estimated from Fig. 2(a),300.0,210.0,S/cm
s12613-011-0446-5.pdf,10.1007/s12613-011-0446-5,Ag0.84Sb1.15Te2.16,AgSbTe2-Cu,Ag0.84Sb1.15Cu0.01Te2.16,1,No,Cu,0.01,Sb,,Cu (0.01) @ Sb site,figure,,Visually estimated from Fig. 2(a),300.0,200.0,S/cm
s40843-024-3152-0.pdf,10.1007/s40843-024-3152-0,AgSbTe2,Ag0.9Sb1.1Te2.1,Ag0.9Sb1.1Te2.1,3,Yes,Ag,0.9,Ag,Sb (1.1) @ Sb; Te (2.1) @ Te,Ag (0.9) @ Ag site; Sb (1.1) @ Sb site; Te (2.1) @ Te site,figure,Fig. 2e,Visually estimated from Fig. 2e for the as-prepared sample.,300.0,800.0,S/cm
s41467-024-55280-0.pdf,10.1038/s41467-024-55280-0,AgSbTe2,AgSbTe2,AgSbTe2,0,No,,,,,,body text,,,300.0,89.0,S/cm
s41467-024-55280-0.pdf,10.1038/s41467-024-55280-0,AgSbTe2,AgSb0.94Sn0.06Te2,AgSb0.94Sn0.06Te2,1,No,Sn,6 mol%,Sb,,Sn (6 mol%) @ Sb site,body text,,,300.0,231.0,S/cm
s41467-024-55280-0.pdf,10.1038/s41467-024-55280-0,AgSbTe2,Pristine AgSbTe2,AgSbTe2,0,No,,,,,,body text,,,300.0,89.0,S/cm
s41467-024-55280-0.pdf,10.1038/s41467-024-55280-0,AgSbTe2,Ag0.94Sn0.06Te2,AgSb0.94Sn0.06Te2,1,No,Sn,6 mol%,Sb,,Sn (6 mol%) @ Sb site,body text,,,300.0,231.0,S/cm
science.1092963.pdf,,AgPb_mSbTe_2+m,AgPb10SbTe12,AgPb10SbTe12,2,Yes,Ag,nominal,Ag,Sb (nominal) @ Sb,Ag (nominal) @ Ag site; Sb (nominal) @ Sb site,body text,,,300.0,520.0,S/cm
science.1092963.pdf,,AgPb_mSbTe_2+m,AgPb10SbTe12,AgPb10SbTe12,2,Yes,Ag,nominal,Ag,Sb (nominal) @ Sb,Ag (nominal) @ Ag site; Sb (nominal) @ Sb site,body text,,,700.0,135.0,S/cm
science.1092963.pdf,,AgPb_mSbTe_2+m,Ag1-xPb10Sb(Bi)Te12,Ag1-xPb10Sb(Bi)Te12,1,No,Ag,1-x,Ag,,Ag (1-x) @ Ag site,body text,,,300.0,740.0,S/cm
science.1092963.pdf,,AgPb_mSbTe_2+m,Ag1-xPb18SbTe20,Ag1-xPb18SbTe20,1,No,Ag,1-x,Ag,,Ag (1-x) @ Ag site,body text,,,300.0,1850.0,S/cm
science.1092963.pdf,,AgPb_mSbTe_2+m,AgPb10SbTe12,AgPb10SbTe12,1,No,Pb,m=10,multiple sites,,Pb (m=10) @ multiple sites site,figure,Fig. 2A,Visually estimated from Fig. 2A,300.0,2000.0,S/cm
science.1092963.pdf,,AgPb_mSbTe_2+m,AgPb10SbTe12,AgPb10SbTe12,1,No,Pb,m=10,multiple sites,,Pb (m=10) @ multiple sites site,figure,Fig. 2A,Visually estimated from Fig. 2A,700.0,500.0,S/cm
science.1092963.pdf,,AgPb_mSbTe_2+m,AgPb18SbTe20,AgPb18SbTe20,1,No,Pb,m=18,multiple sites,,Pb (m=18) @ multiple sites site,figure,Fig. 3A,Visually estimated from Fig. 3A,300.0,1850.0,S/cm
science.1092963.pdf,,AgPb_mSbTe_2+m,AgPb18SbTe20,AgPb18SbTe20,1,No,Pb,m=18,multiple sites,,Pb (m=18) @ multiple sites site,figure,Fig. 3A,Visually estimated from Fig. 3A,800.0,400.0,S/cm
science.abb3517.pdf,,AgSbTe2,Pristine AgSbTe2,AgSbTe2,0,No,,,,,,body text,,,300.0,121.0,S/cm
science.abb3517.pdf,,AgSbTe2,6 mol % Cd-doped AgSbTe2,AgSb0.94Cd0.06Te2,1,No,Cd,6 mol %,Sb,,Cd (6 mol %) @ Sb site,body text,,,300.0,222.0,S/cm
science.abb3517.pdf,,AgSbTe2,AgSbTe2,AgSbTe2,0,No,,,,,,figure,Fig. 4A,Visually estimated from Fig. 4A,300.0,120.0,S/cm
science.abb3517.pdf,,AgSbTe2,AgSb0.98Cd0.02Te2,AgSb0.98Cd0.02Te2,1,No,Cd,2 mol %,Sb,,Cd (2 mol %) @ Sb site,figure,Fig. 4A,Visually estimated from Fig. 4A,300.0,180.0,S/cm
science.abb3517.pdf,,AgSbTe2,AgSb0.94Cd0.06Te2,AgSb0.94Cd0.06Te2,1,No,Cd,6 mol %,Sb,,Cd (6 mol %) @ Sb site,figure,Fig. 4A,Visually estimated from Fig. 4A,300.0,220.0,S/cm
sectional-analysis-of-thermoelectric-performance-in-agsbte2-ingots-processed-by-horizontal-zone-melting.pdf,10.1142/S0217979226502358,AgSbTe2,Part I,AgSbTe2,0,No,,,,,,figure,Fig. 3,Visually estimated from Fig. 3,80.0,310.0,S/cm
sectional-analysis-of-thermoelectric-performance-in-agsbte2-ingots-processed-by-horizontal-zone-melting.pdf,10.1142/S0217979226502358,AgSbTe2,Part I,AgSbTe2,0,No,,,,,,figure,Fig. 3,Visually estimated from Fig. 3,300.0,180.0,S/cm
sectional-analysis-of-thermoelectric-performance-in-agsbte2-ingots-processed-by-horizontal-zone-melting.pdf,10.1142/S0217979226502358,AgSbTe2,Part II,AgSbTe2,0,No,,,,,,figure,Fig. 3,Visually estimated from Fig. 3,80.0,220.0,S/cm
sectional-analysis-of-thermoelectric-performance-in-agsbte2-ingots-processed-by-horizontal-zone-melting.pdf,10.1142/S0217979226502358,AgSbTe2,Part II,AgSbTe2,0,No,,,,,,figure,Fig. 3,Visually estimated from Fig. 3,300.0,165.0,S/cm
sectional-analysis-of-thermoelectric-performance-in-agsbte2-ingots-processed-by-horizontal-zone-melting.pdf,10.1142/S0217979226502358,AgSbTe2,Part III,AgSbTe2,0,No,,,,,,figure,Fig. 3,Visually estimated from Fig. 3,80.0,180.0,S/cm
sectional-analysis-of-thermoelectric-performance-in-agsbte2-ingots-processed-by-horizontal-zone-melting.pdf,10.1142/S0217979226502358,AgSbTe2,Part III,AgSbTe2,0,No,,,,,,figure,Fig. 3,Visually estimated from Fig. 3,300.0,155.0,S/cm
ssrn-4526442.pdf,,AgSbTe2,AgSbTe2 (pristine),AgSbTe2,0,No,,,,,,text,Page 6,,300.0,120.0,S/cm
ssrn-4526442.pdf,,AgSbTe2,AgSb0.95Ti0.05Te2,AgSb0.95Ti0.05Te2,1,No,Ti,0.05,Sb,,Ti (0.05) @ Sb site,text,Page 6,,300.0,160.0,S/cm
ssrn-4526442.pdf,,AgSbTe2,AgSb0.94Ti0.05Te2,AgSb0.94Ti0.05Te2,2,Yes,Ti,0.05,Sb,Sb vacancy (0.01) @ Sb,Ti (0.05) @ Sb site; Sb vacancy (0.01) @ Sb site,text,Page 10,,300.0,230.0,S/cm
ssrn-4526442.pdf,,AgSbTe2,AgSb1-xTixTe2 (x=0),AgSbTe2,1,No,Ti,0,Sb,,Ti (0) @ Sb site,body text,page 1,,300.0,120.0,S/cm
ssrn-4526442.pdf,,AgSbTe2,AgSb1-xTixTe2 (x=0.05),AgSb0.95Ti0.05Te2,1,No,Ti,0.05,Sb,,Ti (0.05) @ Sb site,body text,page 1,,300.0,160.0,S/cm
ssrn-4526442.pdf,,AgSbTe2,AgSb0.95Ti0.05Te2,AgSb0.95Ti0.05Te2,1,No,Ti,0.05,Sb,,Ti (0.05) @ Sb site,figure,Fig. 6b,Visually estimated from Fig. 6b,323.0,150.0,S/cm
ssrn-6617408.pdf,,SnTe-AgSbTe2 (s-AST),s-AST,AgSbTe2,2,Yes,Ag,1,multiple sites,Sb (1) @ multiple sites,Ag (1) @ multiple sites site; Sb (1) @ multiple sites site,body text,,,317.0,121.9,S/cm
ssrn-6617408.pdf,,SnTe-AgSbTe2 (s-AST),s-AST,AgSbTe2,2,Yes,Ag,1,multiple sites,Sb (1) @ multiple sites,Ag (1) @ multiple sites site; Sb (1) @ multiple sites site,body text,,,614.0,78.2,S/cm
ssrn-6617408.pdf,,SnTe-AgSbTe2 (s-AST),s-AST,AgSbTe2 containing Sb2O3 impurities,1,No,Sb2O3,minor,unclear,,Sb2O3 (minor) @ unclear site,body text,,,317.0,121.9,S/cm
ssrn-6617408.pdf,,SnTe-AgSbTe2 (s-AST),s-AST,AgSbTe2 containing Sb2O3 impurities,1,No,Sb2O3,minor,unclear,,Sb2O3 (minor) @ unclear site,body text,,,614.0,78.2,S/cm
ssrn-6617408.pdf,,SnTe-AgSbTe2 (s-AST),s-AST pellet,AgSbTe2,0,No,,,,,,figure,Figure 2a,Visually estimated from Figure 2a,300.0,125.0,S/cm
ssrn-6617408.pdf,,SnTe-AgSbTe2 (s-AST),s-AST pellet,AgSbTe2,0,No,,,,,,figure,Figure 2a,Visually estimated from Figure 2a,600.0,80.0,S/cm
ssrn-6617408.pdf,,SnTe-AgSbTe2 (s-AST),SnTe-3% s-AST,SnTe-3% AgSbTe2,1,No,AgSbTe2,3%,unclear,,AgSbTe2 (3%) @ unclear site,figure,,Visually estimated from Fig. 5a,300.0,3000.0,S/cm
