source_pdf,doi,base_composition,sample_id,full_formula,primary_dopant_element,primary_dopant_pct,primary_dopant_site,codopant_elements,all_dopants_detail,source_type,source_detail,notes,target_value,unit,_formula_reconstructed,MagpieData minimum Number,MagpieData maximum Number,MagpieData range Number,MagpieData mean Number,MagpieData avg_dev Number,MagpieData mode Number,MagpieData minimum MendeleevNumber,MagpieData maximum MendeleevNumber,MagpieData range MendeleevNumber,MagpieData mean MendeleevNumber,MagpieData avg_dev MendeleevNumber,MagpieData mode MendeleevNumber,MagpieData minimum AtomicWeight,MagpieData maximum AtomicWeight,MagpieData range AtomicWeight,MagpieData mean AtomicWeight,MagpieData avg_dev AtomicWeight,MagpieData mode AtomicWeight,MagpieData minimum MeltingT,MagpieData maximum MeltingT,MagpieData range MeltingT,MagpieData mean MeltingT,MagpieData avg_dev MeltingT,MagpieData mode MeltingT,MagpieData minimum Column,MagpieData maximum Column,MagpieData range Column,MagpieData mean Column,MagpieData avg_dev Column,MagpieData mode Column,MagpieData minimum Row,MagpieData maximum Row,MagpieData range Row,MagpieData mean Row,MagpieData avg_dev Row,MagpieData mode Row,MagpieData minimum CovalentRadius,MagpieData maximum CovalentRadius,MagpieData range CovalentRadius,MagpieData mean CovalentRadius,MagpieData avg_dev CovalentRadius,MagpieData mode CovalentRadius,MagpieData minimum Electronegativity,MagpieData maximum Electronegativity,MagpieData range Electronegativity,MagpieData mean Electronegativity,MagpieData avg_dev Electronegativity,MagpieData mode Electronegativity,MagpieData minimum NsValence,MagpieData maximum NsValence,MagpieData range NsValence,MagpieData mean NsValence,MagpieData avg_dev NsValence,MagpieData mode NsValence,MagpieData minimum NpValence,MagpieData maximum NpValence,MagpieData range NpValence,MagpieData mean NpValence,MagpieData avg_dev NpValence,MagpieData mode NpValence,MagpieData minimum NdValence,MagpieData maximum NdValence,MagpieData range NdValence,MagpieData mean NdValence,MagpieData avg_dev NdValence,MagpieData mode NdValence,MagpieData minimum NfValence,MagpieData maximum NfValence,MagpieData range NfValence,MagpieData mean NfValence,MagpieData avg_dev NfValence,MagpieData mode NfValence,MagpieData minimum NValence,MagpieData maximum NValence,MagpieData range NValence,MagpieData mean NValence,MagpieData avg_dev NValence,MagpieData mode NValence,MagpieData minimum NsUnfilled,MagpieData maximum NsUnfilled,MagpieData range NsUnfilled,MagpieData mean NsUnfilled,MagpieData avg_dev NsUnfilled,MagpieData mode NsUnfilled,MagpieData minimum NpUnfilled,MagpieData maximum NpUnfilled,MagpieData range NpUnfilled,MagpieData mean NpUnfilled,MagpieData avg_dev NpUnfilled,MagpieData mode NpUnfilled,MagpieData minimum NdUnfilled,MagpieData maximum NdUnfilled,MagpieData range NdUnfilled,MagpieData mean NdUnfilled,MagpieData avg_dev NdUnfilled,MagpieData mode NdUnfilled,MagpieData minimum NfUnfilled,MagpieData maximum NfUnfilled,MagpieData range NfUnfilled,MagpieData mean NfUnfilled,MagpieData avg_dev NfUnfilled,MagpieData mode NfUnfilled,MagpieData minimum NUnfilled,MagpieData maximum NUnfilled,MagpieData range NUnfilled,MagpieData mean NUnfilled,MagpieData avg_dev NUnfilled,MagpieData mode NUnfilled,MagpieData minimum GSvolume_pa,MagpieData maximum GSvolume_pa,MagpieData range GSvolume_pa,MagpieData mean GSvolume_pa,MagpieData avg_dev GSvolume_pa,MagpieData mode GSvolume_pa,MagpieData minimum GSbandgap,MagpieData maximum GSbandgap,MagpieData range GSbandgap,MagpieData mean GSbandgap,MagpieData avg_dev GSbandgap,MagpieData mode GSbandgap,MagpieData minimum GSmagmom,MagpieData maximum GSmagmom,MagpieData range GSmagmom,MagpieData mean GSmagmom,MagpieData avg_dev GSmagmom,MagpieData mode GSmagmom,MagpieData minimum SpaceGroupNumber,MagpieData maximum SpaceGroupNumber,MagpieData range SpaceGroupNumber,MagpieData mean SpaceGroupNumber,MagpieData avg_dev SpaceGroupNumber,MagpieData mode SpaceGroupNumber,avg s valence electrons,avg p valence electrons,avg d valence electrons,avg f valence electrons,frac s valence electrons,frac p valence electrons,frac d valence electrons,frac f valence electrons,mixing_entropy,ionic_character,dopant_concentration,num_dopants,is_codoped,frac_Ag,frac_Sb,frac_Te,temperature_K,dopant_host_charge_mismatch,dopant_host_radius_mismatch
1-s2.0-S0167577X08002243-main.pdf,10.1016/j.matlet.2008.02.039,AgSbTe2,"(AgSbTe2)1-x(Ag2Te)x, x=0",AgSbTe2,Ag2Te,x=0,unclear,,Ag2Te (x=0) @ unclear site,figure,Fig. 4,Visually estimated from Fig. 4 at 2.0 GPa,3.5,uW/cm.K2,False,47.0,52.0,5.0,50.5,1.75,52.0,65.0,90.0,25.0,82.5,8.75,90.0,107.8682,127.6,19.731799999999993,121.20705,6.669425,127.6,722.66,1234.93,512.2700000000001,896.0074999999999,173.34750000000003,722.66,11.0,16.0,5.0,14.5,1.75,16.0,5.0,5.0,0.0,5.0,0.0,5.0,138.0,145.0,7.0,140.0,2.5,138.0,1.93,2.1,0.17000000000000015,2.045,0.05750000000000005,2.1,1.0,2.0,1.0,1.75,0.375,2.0,0.0,4.0,4.0,2.75,1.375,4.0,10.0,10.0,0.0,10.0,0.0,10.0,0.0,0.0,0.0,0.0,0.0,0.0,11.0,16.0,5.0,14.5,1.75,16.0,0.0,1.0,1.0,0.25,0.375,0.0,0.0,3.0,3.0,1.75,0.875,2.0,0.0,0.0,0.0,0.0,0.0,0.0,0.0,0.0,0.0,0.0,0.0,0.0,1.0,3.0,2.0,2.0,0.5,2.0,16.33,34.7633333333,18.4333333333,29.35416666665,6.512083333324999,34.7633333333,0.0,0.464,0.464,0.232,0.232,0.464,0.0,0.0,0.0,0.0,0.0,0.0,152.0,225.0,73.0,173.75,25.625,152.0,1.75,2.75,10.0,0.0,0.1206896551724138,0.1896551724137931,0.6896551724137931,0.0,8.644719482306641,0.11200000000000014,0.0,1.0,0.0,0.25,0.25,0.5,425.0,,
1-s2.0-S0167577X08002243-main.pdf,10.1016/j.matlet.2008.02.039,AgSbTe2,"(AgSbTe2)1-x(Ag2Te)x, x=0.05",(AgSbTe2)0.95(Ag2Te)0.05,Ag2Te,x=0.05,unclear,,Ag2Te (x=0.05) @ unclear site,figure,Fig. 4,Visually estimated from Fig. 4 at 2.0 GPa,4.2,uW/cm.K2,False,47.0,52.0,5.0,50.430379746835435,1.8237461945201128,52.0,65.0,90.0,25.0,82.15189873417721,9.118730972600547,90.0,107.8682,127.6,19.731799999999993,120.95028101265822,6.955030411792982,127.6,722.66,1234.93,512.2700000000001,902.3935443037974,177.4584361480532,722.66,11.0,16.0,5.0,14.430379746835442,1.8237461945201094,16.0,5.0,5.0,0.0,5.0,0.0,5.0,138.0,145.0,7.0,140.10126582278477,2.604390322063752,138.0,1.93,2.1,0.17000000000000015,2.042784810126582,0.05996154462425909,2.1,1.0,2.0,1.0,1.7341772151898733,0.39032206377183143,2.0,0.0,4.0,4.0,2.6962025316455693,1.4334241307482776,4.0,10.0,10.0,0.0,10.0,0.0,10.0,0.0,0.0,0.0,0.0,0.0,0.0,11.0,16.0,5.0,14.430379746835442,1.8237461945201094,16.0,0.0,1.0,1.0,0.26582278481012656,0.3903220637718315,0.0,0.0,3.0,3.0,1.7088607594936709,0.908508251882711,2.0,0.0,0.0,0.0,0.0,0.0,0.0,0.0,0.0,0.0,0.0,0.0,0.0,1.0,3.0,2.0,1.9746835443037971,0.5181861881108798,2.0,16.33,34.7633333333,18.4333333333,29.092911392388608,6.785345297219258,34.7633333333,0.0,0.464,0.464,0.2290632911392405,0.23196282647011696,0.464,0.0,0.0,0.0,0.0,0.0,0.0,152.0,225.0,73.0,174.77215189873414,26.703412914597003,152.0,1.7341772151898733,2.6962025316455693,10.0,0.0,0.12017543859649123,0.1868421052631579,0.6929824561403509,0.0,8.675264444989203,0.114425727411945,0.05,1.0,0.0,0.26582278481012656,0.24050632911392403,0.49367088607594933,425.0,,
1-s2.0-S0167577X08002243-main.pdf,10.1016/j.matlet.2008.02.039,AgSbTe2,"(AgSbTe2)1-x(Ag2Te)x, x=0.1",(AgSbTe2)0.9(Ag2Te)0.1,Ag2Te,x=0.1,unclear,,Ag2Te (x=0.1) @ unclear site,figure,Fig. 4,Visually estimated from Fig. 4 at 2.0 GPa,3.8,uW/cm.K2,False,47.0,52.0,5.0,50.35897435897436,1.894806048652203,52.0,65.0,90.0,25.0,81.79487179487178,9.474030243261018,90.0,107.8682,127.6,19.731799999999993,120.6869282051282,7.231077449046682,127.6,722.66,1234.93,512.2700000000001,908.9433333333334,183.88991452991456,722.66,11.0,16.0,5.0,14.358974358974358,1.894806048652203,16.0,5.0,5.0,0.0,4.999999999999999,8.881784197001252e-16,5.0,138.0,145.0,7.0,140.2051282051282,2.704799474030243,138.0,1.93,2.1,0.17000000000000015,2.0405128205128205,0.06234056541748854,2.1,1.0,2.0,1.0,1.717948717948718,0.4049967126890203,2.0,0.0,4.0,4.0,2.641025641025641,1.489809335963182,4.0,10.0,10.0,0.0,9.999999999999998,1.7763568394002505e-15,10.0,0.0,0.0,0.0,0.0,0.0,0.0,11.0,16.0,5.0,14.358974358974358,1.894806048652203,16.0,0.0,1.0,1.0,0.28205128205128205,0.4049967126890204,0.0,0.0,3.0,3.0,1.6666666666666665,0.9401709401709402,2.0,0.0,0.0,0.0,0.0,0.0,0.0,0.0,0.0,0.0,0.0,0.0,0.0,1.0,3.0,2.0,1.9487179487179487,0.5351742274819198,2.0,16.33,34.7633333333,18.4333333333,28.824957264941027,7.048437431505191,34.7633333333,0.0,0.464,0.464,0.22605128205128208,0.2318474687705457,0.464,0.0,0.0,0.0,0.0,0.0,0.0,152.0,225.0,73.0,175.82051282051282,27.742274819197895,152.0,1.717948717948718,2.641025641025641,9.999999999999998,0.0,0.11964285714285716,0.18392857142857144,0.6964285714285714,0.0,8.694517641902625,0.11682672233820472,0.1,1.0,0.0,0.28205128205128205,0.23076923076923075,0.48717948717948717,425.0,,
1-s2.0-S0167577X08002243-main.pdf,10.1016/j.matlet.2008.02.039,AgSbTe2,"(AgSbTe2)1-x(Ag2Te)x, x=0.2",(AgSbTe2)0.8(Ag2Te)0.2,Ag2Te,x=0.2,unclear,,Ag2Te (x=0.2) @ unclear site,figure,Fig. 4,Visually estimated from Fig. 4 at 2.0 GPa,3.2,uW/cm.K2,False,47.0,52.0,5.0,50.21052631578948,2.0277008310249287,52.0,65.0,90.0,25.0,81.05263157894737,10.138504155124654,90.0,107.8682,127.6,19.731799999999993,120.13943157894738,7.750251523545701,127.6,722.66,1234.93,512.2700000000001,922.5600000000002,197.28631578947383,722.66,11.0,16.0,5.0,14.210526315789474,2.0277008310249305,16.0,5.0,5.0,0.0,5.0,0.0,5.0,138.0,145.0,7.0,140.42105263157896,2.891966759002775,138.0,1.93,2.1,0.17000000000000015,2.035789473684211,0.06681440443213288,2.1,1.0,2.0,1.0,1.6842105263157896,0.4321329639889197,2.0,0.0,4.0,4.0,2.5263157894736845,1.5955678670360112,4.0,10.0,10.0,0.0,10.0,0.0,10.0,0.0,0.0,0.0,0.0,0.0,0.0,11.0,16.0,5.0,14.210526315789474,2.0277008310249305,16.0,0.0,1.0,1.0,0.31578947368421056,0.43213296398891976,0.0,0.0,3.0,3.0,1.5789473684210527,0.9972299168975072,2.0,0.0,0.0,0.0,0.0,0.0,0.0,0.0,0.0,0.0,0.0,0.0,0.0,1.0,3.0,2.0,1.8947368421052635,0.5650969529085872,2.0,16.33,34.7633333333,18.4333333333,28.267894736826314,7.5397229916797786,34.7633333333,0.0,0.464,0.464,0.21978947368421056,0.23135734072022163,0.464,0.0,0.0,0.0,0.0,0.0,0.0,152.0,225.0,73.0,178.00000000000003,29.684210526315805,152.0,1.6842105263157896,2.5263157894736845,10.0,0.0,0.11851851851851852,0.17777777777777778,0.7037037037037037,0.0,8.69674635795183,0.12157894736842118,0.2,1.0,0.0,0.31578947368421056,0.2105263157894737,0.4736842105263158,425.0,,
1-s2.0-S0925838810006912-main.pdf,10.1016/j.jallcom.2010.03.170,AgxSb2-xTe3-x,Ag0.84Sb1.16Te2.16,Ag0.84Sb1.16Te2.16,,,,,,body text,,,23.500000000000004,uW/cm.K2,False,47.0,52.0,5.0,50.71153846153845,1.498890532544384,52.0,65.0,90.0,25.0,83.5576923076923,7.494452662721894,90.0,107.8682,127.6,19.731799999999993,121.98723269230769,5.8286429733727765,127.6,722.66,1234.93,512.2700000000001,876.6037499999999,159.86466346153847,722.66,11.0,16.0,5.0,14.711538461538462,1.4988905325443784,16.0,5.0,5.0,0.0,5.0,0.0,5.0,138.0,145.0,7.0,139.69230769230768,2.1434911242603474,138.0,1.93,2.1,0.17000000000000015,2.051730769230769,0.05012573964497053,2.1,1.0,2.0,1.0,1.7980769230769231,0.3223002958579881,2.0,0.0,4.0,4.0,2.9134615384615388,1.17659023668639,4.0,10.0,10.0,0.0,10.0,0.0,10.0,0.0,0.0,0.0,0.0,0.0,0.0,11.0,16.0,5.0,14.711538461538462,1.4988905325443784,16.0,0.0,1.0,1.0,0.2019230769230769,0.32230029585798814,0.0,0.0,3.0,3.0,1.875,0.7572115384615384,2.0,0.0,0.0,0.0,0.0,0.0,0.0,0.0,0.0,0.0,0.0,0.0,0.0,1.0,3.0,2.0,2.076923076923077,0.5147928994082841,2.0,16.33,34.7633333333,18.4333333333,30.147980769213458,5.580338387566975,34.7633333333,0.0,0.464,0.464,0.2409230769230769,0.23165680473372785,0.464,0.0,0.0,0.0,0.0,0.0,0.0,152.0,225.0,73.0,170.64423076923077,21.951368343195266,152.0,1.7980769230769231,2.9134615384615388,10.0,0.0,0.12222222222222222,0.19803921568627453,0.6797385620915033,0.0,8.476351979415439,0.10400725294650968,,0.0,0.0,0.2019230769230769,0.2788461538461538,0.5192307692307693,300.0,,
1-s2.0-S092583882601529X-main.pdf,10.1016/j.jallcom.2026.187461,Te(1-x)(AgSbTe2)x,"Te(1-x)(AgSbTe2)x, x=0.005",Te0.995(AgSbTe2)0.005,Ag,0.5%,unclear,Sb (0.5%) @ Te,Ag (0.5%) @ unclear site; Sb (0.5%) @ Te site,body text,,,13.8,uW/cm.K2,False,47.0,52.0,5.0,51.9704433497537,0.058530903443416216,52.0,65.0,90.0,25.0,89.85221674876848,0.292654517217102,90.0,107.8682,127.6,19.731799999999993,127.47403054187194,0.24945675944572795,127.6,722.66,1234.93,512.2700000000001,726.0757142857144,6.7641238564392845,722.66,11.0,16.0,5.0,15.970443349753698,0.0585309034434197,16.0,5.0,5.0,0.0,5.000000000000002,1.7763568394002505e-15,5.0,138.0,145.0,7.0,138.0394088669951,0.07804120459125878,138.0,1.93,2.1,0.17000000000000015,2.0989162561576364,0.0021461331262579643,2.1,1.0,2.0,1.0,1.9950738916256159,0.009803683661336002,2.0,0.0,4.0,4.0,3.975369458128079,0.04877575286951845,4.0,10.0,10.0,0.0,10.000000000000004,3.552713678800501e-15,10.0,0.0,0.0,0.0,0.0,0.0,0.0,11.0,16.0,5.0,15.970443349753698,0.0585309034434197,16.0,0.0,1.0,1.0,0.004926108374384238,0.009803683661336122,0.0,0.0,3.0,3.0,1.9950738916256163,0.019655900410104038,2.0,0.0,0.0,0.0,0.0,0.0,0.0,0.0,0.0,0.0,0.0,0.0,0.0,1.0,3.0,2.0,2.0000000000000004,0.009852216748768915,2.0,16.33,34.7633333333,18.4333333333,34.65674876843991,0.21106894125003467,34.7633333333,0.0,0.464,0.464,0.4594285714285715,0.009052779732582625,0.464,0.0,0.0,0.0,0.0,0.0,0.0,152.0,225.0,73.0,152.42857142857147,0.848698099929671,152.0,1.9950738916256159,3.975369458128079,10.000000000000004,0.0,0.12492288710672422,0.2489204194941394,0.6261566933991365,0.0,0.5167470147108454,0.11002481389578185,0.005,2.0,1.0,0.004926108374384238,0.004926108374384238,0.9901477832512318,475.0,,
1-s2.0-S092583882601529X-main.pdf,10.1016/j.jallcom.2026.187461,Te(1-x)(AgSbTe2)x,x=0%,Te,,,,,,figure,Fig. 2c,Visually estimated from Fig. 2c,2.0,uW/cm.K2,False,52.0,52.0,0.0,52.0,0.0,52.0,90.0,90.0,0.0,90.0,0.0,90.0,127.6,127.6,0.0,127.6,0.0,127.6,722.66,722.66,0.0,722.66,0.0,722.66,16.0,16.0,0.0,16.0,0.0,16.0,5.0,5.0,0.0,5.0,0.0,5.0,138.0,138.0,0.0,138.0,0.0,138.0,2.1,2.1,0.0,2.1,0.0,2.1,2.0,2.0,0.0,2.0,0.0,2.0,4.0,4.0,0.0,4.0,0.0,4.0,10.0,10.0,0.0,10.0,0.0,10.0,0.0,0.0,0.0,0.0,0.0,0.0,16.0,16.0,0.0,16.0,0.0,16.0,0.0,0.0,0.0,0.0,0.0,0.0,2.0,2.0,0.0,2.0,0.0,2.0,0.0,0.0,0.0,0.0,0.0,0.0,0.0,0.0,0.0,0.0,0.0,0.0,2.0,2.0,0.0,2.0,0.0,2.0,34.7633333333,34.7633333333,0.0,34.7633333333,0.0,34.7633333333,0.464,0.464,0.0,0.464,0.0,0.464,0.0,0.0,0.0,0.0,0.0,0.0,152.0,152.0,0.0,152.0,0.0,152.0,2.0,4.0,10.0,0.0,0.125,0.25,0.625,0.0,-0.0,0.0,,0.0,0.0,0.0,0.0,1.0,300.0,,
1-s2.0-S092583882601529X-main.pdf,10.1016/j.jallcom.2026.187461,Te(1-x)(AgSbTe2)x,x=0.5%,Te0.995(AgSbTe2)0.005,Ag,0.5%,unclear,Sb (0.5%) @ unclear,Ag (0.5%) @ unclear site; Sb (0.5%) @ unclear site,figure,Fig. 2c,Visually estimated from Fig. 2c,13.8,uW/cm.K2,False,47.0,52.0,5.0,51.9704433497537,0.058530903443416216,52.0,65.0,90.0,25.0,89.85221674876848,0.292654517217102,90.0,107.8682,127.6,19.731799999999993,127.47403054187194,0.24945675944572795,127.6,722.66,1234.93,512.2700000000001,726.0757142857144,6.7641238564392845,722.66,11.0,16.0,5.0,15.970443349753698,0.0585309034434197,16.0,5.0,5.0,0.0,5.000000000000002,1.7763568394002505e-15,5.0,138.0,145.0,7.0,138.0394088669951,0.07804120459125878,138.0,1.93,2.1,0.17000000000000015,2.0989162561576364,0.0021461331262579643,2.1,1.0,2.0,1.0,1.9950738916256159,0.009803683661336002,2.0,0.0,4.0,4.0,3.975369458128079,0.04877575286951845,4.0,10.0,10.0,0.0,10.000000000000004,3.552713678800501e-15,10.0,0.0,0.0,0.0,0.0,0.0,0.0,11.0,16.0,5.0,15.970443349753698,0.0585309034434197,16.0,0.0,1.0,1.0,0.004926108374384238,0.009803683661336122,0.0,0.0,3.0,3.0,1.9950738916256163,0.019655900410104038,2.0,0.0,0.0,0.0,0.0,0.0,0.0,0.0,0.0,0.0,0.0,0.0,0.0,1.0,3.0,2.0,2.0000000000000004,0.009852216748768915,2.0,16.33,34.7633333333,18.4333333333,34.65674876843991,0.21106894125003467,34.7633333333,0.0,0.464,0.464,0.4594285714285715,0.009052779732582625,0.464,0.0,0.0,0.0,0.0,0.0,0.0,152.0,225.0,73.0,152.42857142857147,0.848698099929671,152.0,1.9950738916256159,3.975369458128079,10.000000000000004,0.0,0.12492288710672422,0.2489204194941394,0.6261566933991365,0.0,0.5167470147108454,0.11002481389578185,0.005,2.0,1.0,0.004926108374384238,0.004926108374384238,0.9901477832512318,450.0,,
1-s2.0-S1359645421008223-main.pdf,10.1016/j.actamat.2021.117443,AgSbTe2,HT673,AgSb0.998Ce0.002Te2,Ce,0.2 mol%,unclear,,Ce (0.2 mol%) @ unclear site,body text,,,9.6,uW/cm.K2,False,47.0,58.0,11.0,50.5035,1.7517499999999986,52.0,15.0,90.0,75.0,82.465,8.799964999999998,90.0,107.8682,140.116,32.24780000000001,121.216228,6.674013999999998,127.6,722.66,1234.93,512.2700000000001,896.0911099999998,173.43111000000005,722.66,3.0,16.0,13.0,14.494,1.758494,16.0,5.0,6.0,1.0,5.000500000000001,0.0009995000000006104,5.0,138.0,204.0,66.0,140.0325,2.547717499999999,138.0,1.12,2.1,0.98,2.0445349999999998,0.05819203500000013,2.1,1.0,2.0,1.0,1.75,0.375,2.0,0.0,4.0,4.0,2.7485,1.3769985,4.0,1.0,10.0,9.0,9.9955,0.00899550000000017,10.0,0.0,1.0,1.0,0.0005,0.0009995,0.0,4.0,16.0,12.0,14.494499999999999,1.7577445000000007,16.0,0.0,1.0,1.0,0.25,0.375,0.0,0.0,3.0,3.0,1.7485,0.8759985,2.0,0.0,9.0,9.0,0.0045000000000000005,0.0089955,0.0,0.0,13.0,13.0,0.006500000000000001,0.012993500000000002,0.0,1.0,22.0,21.0,2.0095,0.51425,2.0,16.33,37.24,20.910000000000004,29.357006666649998,6.513503333325,34.7633333333,0.0,0.464,0.464,0.232,0.23200000000000004,0.464,0.0,0.0,0.0,0.0,0.0,0.0,152.0,225.0,73.0,173.764,25.638236000000006,152.0,1.75,2.7485,9.9955,0.0005,0.12073545137810895,0.18962365035013282,0.6896064024285075,3.449584325088827e-05,8.674708116969997,0.11334600827349736,0.002,1.0,0.0,0.25,0.2495,0.5,298.0,,
1-s2.0-S1359645421008223-main.pdf,10.1016/j.actamat.2021.117443,AgSbTe2,HT673,AgSb0.998Ce0.002Te2,Ce,0.2 mol%,unclear,,Ce (0.2 mol%) @ unclear site,body text,,,13.9,uW/cm.K2,False,47.0,58.0,11.0,50.5035,1.7517499999999986,52.0,15.0,90.0,75.0,82.465,8.799964999999998,90.0,107.8682,140.116,32.24780000000001,121.216228,6.674013999999998,127.6,722.66,1234.93,512.2700000000001,896.0911099999998,173.43111000000005,722.66,3.0,16.0,13.0,14.494,1.758494,16.0,5.0,6.0,1.0,5.000500000000001,0.0009995000000006104,5.0,138.0,204.0,66.0,140.0325,2.547717499999999,138.0,1.12,2.1,0.98,2.0445349999999998,0.05819203500000013,2.1,1.0,2.0,1.0,1.75,0.375,2.0,0.0,4.0,4.0,2.7485,1.3769985,4.0,1.0,10.0,9.0,9.9955,0.00899550000000017,10.0,0.0,1.0,1.0,0.0005,0.0009995,0.0,4.0,16.0,12.0,14.494499999999999,1.7577445000000007,16.0,0.0,1.0,1.0,0.25,0.375,0.0,0.0,3.0,3.0,1.7485,0.8759985,2.0,0.0,9.0,9.0,0.0045000000000000005,0.0089955,0.0,0.0,13.0,13.0,0.006500000000000001,0.012993500000000002,0.0,1.0,22.0,21.0,2.0095,0.51425,2.0,16.33,37.24,20.910000000000004,29.357006666649998,6.513503333325,34.7633333333,0.0,0.464,0.464,0.232,0.23200000000000004,0.464,0.0,0.0,0.0,0.0,0.0,0.0,152.0,225.0,73.0,173.764,25.638236000000006,152.0,1.75,2.7485,9.9955,0.0005,0.12073545137810895,0.18962365035013282,0.6896064024285075,3.449584325088827e-05,8.674708116969997,0.11334600827349736,0.002,1.0,0.0,0.25,0.2495,0.5,573.0,,
1-s2.0-S1359645421008223-main.pdf,10.1016/j.actamat.2021.117443,AgSbTe2,HT673,AgSb0.998Ce0.002Te2,Ce,0.2 mol%,unclear,,Ce (0.2 mol%) @ unclear site,body text,,,14.1,uW/cm.K2,False,47.0,58.0,11.0,50.5035,1.7517499999999986,52.0,15.0,90.0,75.0,82.465,8.799964999999998,90.0,107.8682,140.116,32.24780000000001,121.216228,6.674013999999998,127.6,722.66,1234.93,512.2700000000001,896.0911099999998,173.43111000000005,722.66,3.0,16.0,13.0,14.494,1.758494,16.0,5.0,6.0,1.0,5.000500000000001,0.0009995000000006104,5.0,138.0,204.0,66.0,140.0325,2.547717499999999,138.0,1.12,2.1,0.98,2.0445349999999998,0.05819203500000013,2.1,1.0,2.0,1.0,1.75,0.375,2.0,0.0,4.0,4.0,2.7485,1.3769985,4.0,1.0,10.0,9.0,9.9955,0.00899550000000017,10.0,0.0,1.0,1.0,0.0005,0.0009995,0.0,4.0,16.0,12.0,14.494499999999999,1.7577445000000007,16.0,0.0,1.0,1.0,0.25,0.375,0.0,0.0,3.0,3.0,1.7485,0.8759985,2.0,0.0,9.0,9.0,0.0045000000000000005,0.0089955,0.0,0.0,13.0,13.0,0.006500000000000001,0.012993500000000002,0.0,1.0,22.0,21.0,2.0095,0.51425,2.0,16.33,37.24,20.910000000000004,29.357006666649998,6.513503333325,34.7633333333,0.0,0.464,0.464,0.232,0.23200000000000004,0.464,0.0,0.0,0.0,0.0,0.0,0.0,152.0,225.0,73.0,173.764,25.638236000000006,152.0,1.75,2.7485,9.9955,0.0005,0.12073545137810895,0.18962365035013282,0.6896064024285075,3.449584325088827e-05,8.674708116969997,0.11334600827349736,0.002,1.0,0.0,0.25,0.2495,0.5,673.0,,
1-s2.0-S1359645422000684-main.pdf,10.1016/j.actamat.2022.117681,(Sn1-xPbxSe)0.6(AgSbTe2)0.4,(SnSe)0.6(AgSbTe2)0.4,(SnSe)0.6(AgSbTe2)0.4,,,,,,body text,,,13.0,uW/cm.K2,False,34.0,52.0,18.0,46.85714285714287,5.510204081632648,52.0,65.0,90.0,25.0,83.35714285714286,6.683673469387753,90.0,78.96,127.6,48.64,111.61902857142857,15.068391836734696,127.6,494.0,1234.93,740.9300000000001,726.0928571428572,196.14979591836737,722.66,11.0,16.0,5.0,14.714285714285717,1.3673469387755095,16.0,4.0,5.0,1.0,4.7857142857142865,0.3367346938775506,5.0,120.0,145.0,25.0,135.5,6.642857142857142,138.0,1.93,2.55,0.6199999999999999,2.1350000000000002,0.177857142857143,2.1,1.0,2.0,1.0,1.857142857142857,0.2448979591836736,2.0,0.0,4.0,4.0,2.857142857142857,1.183673469387755,4.0,10.0,10.0,0.0,10.0,0.0,10.0,0.0,0.0,0.0,0.0,0.0,0.0,11.0,16.0,5.0,14.714285714285717,1.3673469387755095,16.0,0.0,1.0,1.0,0.14285714285714288,0.24489795918367352,0.0,0.0,4.0,4.0,2.285714285714286,0.9387755102040817,2.0,0.0,0.0,0.0,0.0,0.0,0.0,0.0,0.0,0.0,0.0,0.0,0.0,1.0,4.0,3.0,2.4285714285714284,0.836734693877551,2.0,16.33,34.7633333333,18.4333333333,29.460595238085713,5.268996598632652,34.7633333333,0.0,0.799,0.799,0.3037857142857143,0.3037857142857143,0.464,0.0,0.0,0.0,0.0,0.0,0.0,14.0,225.0,211.0,132.5,50.785714285714285,152.0,1.857142857142857,2.857142857142857,10.0,0.0,0.12621359223300968,0.19417475728155337,0.6796116504854368,0.0,13.087773464324139,0.2866233766233766,,0.0,0.0,0.14285714285714288,0.14285714285714288,0.28571428571428575,723.0,,
1-s2.0-S1359645422000684-main.pdf,10.1016/j.actamat.2022.117681,(Sn1-xPbxSe)0.6(AgSbTe2)0.4,(SnSe)0.6(AgSbTe2)0.4,(SnSe)0.6(AgSbTe2)0.4,,,,,,body text,,,9.0,uW/cm.K2,False,34.0,52.0,18.0,46.85714285714287,5.510204081632648,52.0,65.0,90.0,25.0,83.35714285714286,6.683673469387753,90.0,78.96,127.6,48.64,111.61902857142857,15.068391836734696,127.6,494.0,1234.93,740.9300000000001,726.0928571428572,196.14979591836737,722.66,11.0,16.0,5.0,14.714285714285717,1.3673469387755095,16.0,4.0,5.0,1.0,4.7857142857142865,0.3367346938775506,5.0,120.0,145.0,25.0,135.5,6.642857142857142,138.0,1.93,2.55,0.6199999999999999,2.1350000000000002,0.177857142857143,2.1,1.0,2.0,1.0,1.857142857142857,0.2448979591836736,2.0,0.0,4.0,4.0,2.857142857142857,1.183673469387755,4.0,10.0,10.0,0.0,10.0,0.0,10.0,0.0,0.0,0.0,0.0,0.0,0.0,11.0,16.0,5.0,14.714285714285717,1.3673469387755095,16.0,0.0,1.0,1.0,0.14285714285714288,0.24489795918367352,0.0,0.0,4.0,4.0,2.285714285714286,0.9387755102040817,2.0,0.0,0.0,0.0,0.0,0.0,0.0,0.0,0.0,0.0,0.0,0.0,0.0,1.0,4.0,3.0,2.4285714285714284,0.836734693877551,2.0,16.33,34.7633333333,18.4333333333,29.460595238085713,5.268996598632652,34.7633333333,0.0,0.799,0.799,0.3037857142857143,0.3037857142857143,0.464,0.0,0.0,0.0,0.0,0.0,0.0,14.0,225.0,211.0,132.5,50.785714285714285,152.0,1.857142857142857,2.857142857142857,10.0,0.0,0.12621359223300968,0.19417475728155337,0.6796116504854368,0.0,13.087773464324139,0.2866233766233766,,0.0,0.0,0.14285714285714288,0.14285714285714288,0.28571428571428575,300.0,,
1-s2.0-S1359645422000684-main.pdf,10.1016/j.actamat.2022.117681,(Sn1-xPbxSe)0.6(AgSbTe2)0.4,"(SnSe)1-m(AgSbTe2)m, m=0%",SnSe,,,,,,figure,,Visually estimated from Fig. 4c,0.5,uW/cm.K2,False,34.0,50.0,16.0,42.0,8.0,34.0,80.0,89.0,9.0,84.5,4.5,80.0,78.96,118.71,39.75,98.835,19.875,78.96,494.0,505.08,11.079999999999984,499.53999999999996,5.539999999999992,494.0,14.0,16.0,2.0,15.0,1.0,14.0,4.0,5.0,1.0,4.5,0.5,4.0,120.0,139.0,19.0,129.5,9.5,120.0,1.96,2.55,0.5899999999999999,2.255,0.29499999999999993,1.96,2.0,2.0,0.0,2.0,0.0,2.0,2.0,4.0,2.0,3.0,1.0,2.0,10.0,10.0,0.0,10.0,0.0,10.0,0.0,0.0,0.0,0.0,0.0,0.0,14.0,16.0,2.0,15.0,1.0,14.0,0.0,0.0,0.0,0.0,0.0,0.0,2.0,4.0,2.0,3.0,1.0,2.0,0.0,0.0,0.0,0.0,0.0,0.0,0.0,0.0,0.0,0.0,0.0,0.0,2.0,4.0,2.0,3.0,1.0,2.0,25.92,33.285,7.364999999999995,29.6025,3.6824999999999974,25.92,0.0,0.799,0.799,0.3995,0.3995,0.0,0.0,0.0,0.0,0.0,0.0,0.0,14.0,141.0,127.0,77.5,63.5,14.0,2.0,3.0,10.0,0.0,0.13333333333333333,0.2,0.6666666666666666,0.0,5.763146321537762,0.5899999999999999,,0.0,0.0,0.0,0.0,0.0,300.0,,
1-s2.0-S1359645422000684-main.pdf,10.1016/j.actamat.2022.117681,(Sn1-xPbxSe)0.6(AgSbTe2)0.4,x=0%,"(Sn1-xPbxSe)0.6(AgSbTe2)0.4, x=0",,,,,,figure,,Visually estimated from Fig. 8f,12.499999999999998,uW/cm.K2,False,34.0,52.0,18.0,46.85714285714287,5.510204081632648,52.0,65.0,90.0,25.0,83.35714285714286,6.683673469387753,90.0,78.96,127.6,48.64,111.61902857142857,15.068391836734696,127.6,494.0,1234.93,740.9300000000001,726.0928571428572,196.14979591836737,722.66,11.0,16.0,5.0,14.714285714285717,1.3673469387755095,16.0,4.0,5.0,1.0,4.7857142857142865,0.3367346938775506,5.0,120.0,145.0,25.0,135.5,6.642857142857142,138.0,1.93,2.55,0.6199999999999999,2.1350000000000002,0.177857142857143,2.1,1.0,2.0,1.0,1.857142857142857,0.2448979591836736,2.0,0.0,4.0,4.0,2.857142857142857,1.183673469387755,4.0,10.0,10.0,0.0,10.0,0.0,10.0,0.0,0.0,0.0,0.0,0.0,0.0,11.0,16.0,5.0,14.714285714285717,1.3673469387755095,16.0,0.0,1.0,1.0,0.14285714285714288,0.24489795918367352,0.0,0.0,4.0,4.0,2.285714285714286,0.9387755102040817,2.0,0.0,0.0,0.0,0.0,0.0,0.0,0.0,0.0,0.0,0.0,0.0,0.0,1.0,4.0,3.0,2.4285714285714284,0.836734693877551,2.0,16.33,34.7633333333,18.4333333333,29.460595238085713,5.268996598632652,34.7633333333,0.0,0.799,0.799,0.3037857142857143,0.3037857142857143,0.464,0.0,0.0,0.0,0.0,0.0,0.0,14.0,225.0,211.0,132.5,50.785714285714285,152.0,1.857142857142857,2.857142857142857,10.0,0.0,0.12621359223300968,0.19417475728155337,0.6796116504854368,0.0,13.087773464324139,0.2866233766233766,,0.0,0.0,0.14285714285714288,0.14285714285714288,0.28571428571428575,600.0,,
1-s2.0-S1359645425002769-main.pdf,10.1016/j.actamat.2025.120985,AgSbTe2,QA-AgSbTe2 (A = 0 h),AgSbTe2,,,,,,body text,,Value for A = 24 h,8.22,uW/cm.K2,False,47.0,52.0,5.0,50.5,1.75,52.0,65.0,90.0,25.0,82.5,8.75,90.0,107.8682,127.6,19.731799999999993,121.20705,6.669425,127.6,722.66,1234.93,512.2700000000001,896.0074999999999,173.34750000000003,722.66,11.0,16.0,5.0,14.5,1.75,16.0,5.0,5.0,0.0,5.0,0.0,5.0,138.0,145.0,7.0,140.0,2.5,138.0,1.93,2.1,0.17000000000000015,2.045,0.05750000000000005,2.1,1.0,2.0,1.0,1.75,0.375,2.0,0.0,4.0,4.0,2.75,1.375,4.0,10.0,10.0,0.0,10.0,0.0,10.0,0.0,0.0,0.0,0.0,0.0,0.0,11.0,16.0,5.0,14.5,1.75,16.0,0.0,1.0,1.0,0.25,0.375,0.0,0.0,3.0,3.0,1.75,0.875,2.0,0.0,0.0,0.0,0.0,0.0,0.0,0.0,0.0,0.0,0.0,0.0,0.0,1.0,3.0,2.0,2.0,0.5,2.0,16.33,34.7633333333,18.4333333333,29.35416666665,6.512083333324999,34.7633333333,0.0,0.464,0.464,0.232,0.232,0.464,0.0,0.0,0.0,0.0,0.0,0.0,152.0,225.0,73.0,173.75,25.625,152.0,1.75,2.75,10.0,0.0,0.1206896551724138,0.1896551724137931,0.6896551724137931,0.0,8.644719482306641,0.11200000000000014,,0.0,0.0,0.25,0.25,0.5,548.0,,
1-s2.0-S1359645425002769-main.pdf,10.1016/j.actamat.2025.120985,AgSbTe2,QA-AgSbTe2 (A = 0 h),AgSbTe2,,,,,,body text,,Value for A = 0 h,7.109999999999999,uW/cm.K2,False,47.0,52.0,5.0,50.5,1.75,52.0,65.0,90.0,25.0,82.5,8.75,90.0,107.8682,127.6,19.731799999999993,121.20705,6.669425,127.6,722.66,1234.93,512.2700000000001,896.0074999999999,173.34750000000003,722.66,11.0,16.0,5.0,14.5,1.75,16.0,5.0,5.0,0.0,5.0,0.0,5.0,138.0,145.0,7.0,140.0,2.5,138.0,1.93,2.1,0.17000000000000015,2.045,0.05750000000000005,2.1,1.0,2.0,1.0,1.75,0.375,2.0,0.0,4.0,4.0,2.75,1.375,4.0,10.0,10.0,0.0,10.0,0.0,10.0,0.0,0.0,0.0,0.0,0.0,0.0,11.0,16.0,5.0,14.5,1.75,16.0,0.0,1.0,1.0,0.25,0.375,0.0,0.0,3.0,3.0,1.75,0.875,2.0,0.0,0.0,0.0,0.0,0.0,0.0,0.0,0.0,0.0,0.0,0.0,0.0,1.0,3.0,2.0,2.0,0.5,2.0,16.33,34.7633333333,18.4333333333,29.35416666665,6.512083333324999,34.7633333333,0.0,0.464,0.464,0.232,0.232,0.464,0.0,0.0,0.0,0.0,0.0,0.0,152.0,225.0,73.0,173.75,25.625,152.0,1.75,2.75,10.0,0.0,0.1206896551724138,0.1896551724137931,0.6896551724137931,0.0,8.644719482306641,0.11200000000000014,,0.0,0.0,0.25,0.25,0.5,548.0,,
1-s2.0-S1359645425002769-main.pdf,10.1016/j.actamat.2025.120985,AgSbTe2,QA-AgSbTe2 (A = 24 h),AgSbTe2,,,,,,figure,Fig. 3c,Visually estimated from Fig. 3c,8.22,uW/cm.K2,False,47.0,52.0,5.0,50.5,1.75,52.0,65.0,90.0,25.0,82.5,8.75,90.0,107.8682,127.6,19.731799999999993,121.20705,6.669425,127.6,722.66,1234.93,512.2700000000001,896.0074999999999,173.34750000000003,722.66,11.0,16.0,5.0,14.5,1.75,16.0,5.0,5.0,0.0,5.0,0.0,5.0,138.0,145.0,7.0,140.0,2.5,138.0,1.93,2.1,0.17000000000000015,2.045,0.05750000000000005,2.1,1.0,2.0,1.0,1.75,0.375,2.0,0.0,4.0,4.0,2.75,1.375,4.0,10.0,10.0,0.0,10.0,0.0,10.0,0.0,0.0,0.0,0.0,0.0,0.0,11.0,16.0,5.0,14.5,1.75,16.0,0.0,1.0,1.0,0.25,0.375,0.0,0.0,3.0,3.0,1.75,0.875,2.0,0.0,0.0,0.0,0.0,0.0,0.0,0.0,0.0,0.0,0.0,0.0,0.0,1.0,3.0,2.0,2.0,0.5,2.0,16.33,34.7633333333,18.4333333333,29.35416666665,6.512083333324999,34.7633333333,0.0,0.464,0.464,0.232,0.232,0.464,0.0,0.0,0.0,0.0,0.0,0.0,152.0,225.0,73.0,173.75,25.625,152.0,1.75,2.75,10.0,0.0,0.1206896551724138,0.1896551724137931,0.6896551724137931,0.0,8.644719482306641,0.11200000000000014,,0.0,0.0,0.25,0.25,0.5,548.0,,
1-s2.0-S221128552201196X-main.pdf,10.1016/j.nanoen.2022.108118,AgSbTe2,Slow Cooling,AgSbTe2,,,,,,figure,,Visually estimated from Fig. 7c,4.0,uW/cm.K2,False,47.0,52.0,5.0,50.5,1.75,52.0,65.0,90.0,25.0,82.5,8.75,90.0,107.8682,127.6,19.731799999999993,121.20705,6.669425,127.6,722.66,1234.93,512.2700000000001,896.0074999999999,173.34750000000003,722.66,11.0,16.0,5.0,14.5,1.75,16.0,5.0,5.0,0.0,5.0,0.0,5.0,138.0,145.0,7.0,140.0,2.5,138.0,1.93,2.1,0.17000000000000015,2.045,0.05750000000000005,2.1,1.0,2.0,1.0,1.75,0.375,2.0,0.0,4.0,4.0,2.75,1.375,4.0,10.0,10.0,0.0,10.0,0.0,10.0,0.0,0.0,0.0,0.0,0.0,0.0,11.0,16.0,5.0,14.5,1.75,16.0,0.0,1.0,1.0,0.25,0.375,0.0,0.0,3.0,3.0,1.75,0.875,2.0,0.0,0.0,0.0,0.0,0.0,0.0,0.0,0.0,0.0,0.0,0.0,0.0,1.0,3.0,2.0,2.0,0.5,2.0,16.33,34.7633333333,18.4333333333,29.35416666665,6.512083333324999,34.7633333333,0.0,0.464,0.464,0.232,0.232,0.464,0.0,0.0,0.0,0.0,0.0,0.0,152.0,225.0,73.0,173.75,25.625,152.0,1.75,2.75,10.0,0.0,0.1206896551724138,0.1896551724137931,0.6896551724137931,0.0,8.644719482306641,0.11200000000000014,,0.0,0.0,0.25,0.25,0.5,325.0,,
1-s2.0-S221128552201196X-main.pdf,10.1016/j.nanoen.2022.108118,AgSbTe2,Slow Cooling,AgSbTe2,,,,,,figure,,Visually estimated from Fig. 7c,5.0,uW/cm.K2,False,47.0,52.0,5.0,50.5,1.75,52.0,65.0,90.0,25.0,82.5,8.75,90.0,107.8682,127.6,19.731799999999993,121.20705,6.669425,127.6,722.66,1234.93,512.2700000000001,896.0074999999999,173.34750000000003,722.66,11.0,16.0,5.0,14.5,1.75,16.0,5.0,5.0,0.0,5.0,0.0,5.0,138.0,145.0,7.0,140.0,2.5,138.0,1.93,2.1,0.17000000000000015,2.045,0.05750000000000005,2.1,1.0,2.0,1.0,1.75,0.375,2.0,0.0,4.0,4.0,2.75,1.375,4.0,10.0,10.0,0.0,10.0,0.0,10.0,0.0,0.0,0.0,0.0,0.0,0.0,11.0,16.0,5.0,14.5,1.75,16.0,0.0,1.0,1.0,0.25,0.375,0.0,0.0,3.0,3.0,1.75,0.875,2.0,0.0,0.0,0.0,0.0,0.0,0.0,0.0,0.0,0.0,0.0,0.0,0.0,1.0,3.0,2.0,2.0,0.5,2.0,16.33,34.7633333333,18.4333333333,29.35416666665,6.512083333324999,34.7633333333,0.0,0.464,0.464,0.232,0.232,0.464,0.0,0.0,0.0,0.0,0.0,0.0,152.0,225.0,73.0,173.75,25.625,152.0,1.75,2.75,10.0,0.0,0.1206896551724138,0.1896551724137931,0.6896551724137931,0.0,8.644719482306641,0.11200000000000014,,0.0,0.0,0.25,0.25,0.5,425.0,,
1-s2.0-S221128552201196X-main.pdf,10.1016/j.nanoen.2022.108118,AgSbTe2,Slow Cooling,AgSbTe2,,,,,,figure,,Visually estimated from Fig. 7c,5.999999999999999,uW/cm.K2,False,47.0,52.0,5.0,50.5,1.75,52.0,65.0,90.0,25.0,82.5,8.75,90.0,107.8682,127.6,19.731799999999993,121.20705,6.669425,127.6,722.66,1234.93,512.2700000000001,896.0074999999999,173.34750000000003,722.66,11.0,16.0,5.0,14.5,1.75,16.0,5.0,5.0,0.0,5.0,0.0,5.0,138.0,145.0,7.0,140.0,2.5,138.0,1.93,2.1,0.17000000000000015,2.045,0.05750000000000005,2.1,1.0,2.0,1.0,1.75,0.375,2.0,0.0,4.0,4.0,2.75,1.375,4.0,10.0,10.0,0.0,10.0,0.0,10.0,0.0,0.0,0.0,0.0,0.0,0.0,11.0,16.0,5.0,14.5,1.75,16.0,0.0,1.0,1.0,0.25,0.375,0.0,0.0,3.0,3.0,1.75,0.875,2.0,0.0,0.0,0.0,0.0,0.0,0.0,0.0,0.0,0.0,0.0,0.0,0.0,1.0,3.0,2.0,2.0,0.5,2.0,16.33,34.7633333333,18.4333333333,29.35416666665,6.512083333324999,34.7633333333,0.0,0.464,0.464,0.232,0.232,0.464,0.0,0.0,0.0,0.0,0.0,0.0,152.0,225.0,73.0,173.75,25.625,152.0,1.75,2.75,10.0,0.0,0.1206896551724138,0.1896551724137931,0.6896551724137931,0.0,8.644719482306641,0.11200000000000014,,0.0,0.0,0.25,0.25,0.5,525.0,,
1-s2.0-S221128552201196X-main.pdf,10.1016/j.nanoen.2022.108118,AgSbTe2,Slow Cooling,AgSbTe2,,,,,,figure,,Visually estimated from Fig. 7c,6.5,uW/cm.K2,False,47.0,52.0,5.0,50.5,1.75,52.0,65.0,90.0,25.0,82.5,8.75,90.0,107.8682,127.6,19.731799999999993,121.20705,6.669425,127.6,722.66,1234.93,512.2700000000001,896.0074999999999,173.34750000000003,722.66,11.0,16.0,5.0,14.5,1.75,16.0,5.0,5.0,0.0,5.0,0.0,5.0,138.0,145.0,7.0,140.0,2.5,138.0,1.93,2.1,0.17000000000000015,2.045,0.05750000000000005,2.1,1.0,2.0,1.0,1.75,0.375,2.0,0.0,4.0,4.0,2.75,1.375,4.0,10.0,10.0,0.0,10.0,0.0,10.0,0.0,0.0,0.0,0.0,0.0,0.0,11.0,16.0,5.0,14.5,1.75,16.0,0.0,1.0,1.0,0.25,0.375,0.0,0.0,3.0,3.0,1.75,0.875,2.0,0.0,0.0,0.0,0.0,0.0,0.0,0.0,0.0,0.0,0.0,0.0,0.0,1.0,3.0,2.0,2.0,0.5,2.0,16.33,34.7633333333,18.4333333333,29.35416666665,6.512083333324999,34.7633333333,0.0,0.464,0.464,0.232,0.232,0.464,0.0,0.0,0.0,0.0,0.0,0.0,152.0,225.0,73.0,173.75,25.625,152.0,1.75,2.75,10.0,0.0,0.1206896551724138,0.1896551724137931,0.6896551724137931,0.0,8.644719482306641,0.11200000000000014,,0.0,0.0,0.25,0.25,0.5,625.0,,
1-s2.0-S221128552201196X-main.pdf,10.1016/j.nanoen.2022.108118,AgSbTe2,Fast Cooling,AgSbTe2,,,,,,figure,,Visually estimated from Fig. 7c,7.0,uW/cm.K2,False,47.0,52.0,5.0,50.5,1.75,52.0,65.0,90.0,25.0,82.5,8.75,90.0,107.8682,127.6,19.731799999999993,121.20705,6.669425,127.6,722.66,1234.93,512.2700000000001,896.0074999999999,173.34750000000003,722.66,11.0,16.0,5.0,14.5,1.75,16.0,5.0,5.0,0.0,5.0,0.0,5.0,138.0,145.0,7.0,140.0,2.5,138.0,1.93,2.1,0.17000000000000015,2.045,0.05750000000000005,2.1,1.0,2.0,1.0,1.75,0.375,2.0,0.0,4.0,4.0,2.75,1.375,4.0,10.0,10.0,0.0,10.0,0.0,10.0,0.0,0.0,0.0,0.0,0.0,0.0,11.0,16.0,5.0,14.5,1.75,16.0,0.0,1.0,1.0,0.25,0.375,0.0,0.0,3.0,3.0,1.75,0.875,2.0,0.0,0.0,0.0,0.0,0.0,0.0,0.0,0.0,0.0,0.0,0.0,0.0,1.0,3.0,2.0,2.0,0.5,2.0,16.33,34.7633333333,18.4333333333,29.35416666665,6.512083333324999,34.7633333333,0.0,0.464,0.464,0.232,0.232,0.464,0.0,0.0,0.0,0.0,0.0,0.0,152.0,225.0,73.0,173.75,25.625,152.0,1.75,2.75,10.0,0.0,0.1206896551724138,0.1896551724137931,0.6896551724137931,0.0,8.644719482306641,0.11200000000000014,,0.0,0.0,0.25,0.25,0.5,325.0,,
1-s2.0-S221128552201196X-main.pdf,10.1016/j.nanoen.2022.108118,AgSbTe2,Fast Cooling,AgSbTe2,,,,,,figure,,Visually estimated from Fig. 7c,7.5,uW/cm.K2,False,47.0,52.0,5.0,50.5,1.75,52.0,65.0,90.0,25.0,82.5,8.75,90.0,107.8682,127.6,19.731799999999993,121.20705,6.669425,127.6,722.66,1234.93,512.2700000000001,896.0074999999999,173.34750000000003,722.66,11.0,16.0,5.0,14.5,1.75,16.0,5.0,5.0,0.0,5.0,0.0,5.0,138.0,145.0,7.0,140.0,2.5,138.0,1.93,2.1,0.17000000000000015,2.045,0.05750000000000005,2.1,1.0,2.0,1.0,1.75,0.375,2.0,0.0,4.0,4.0,2.75,1.375,4.0,10.0,10.0,0.0,10.0,0.0,10.0,0.0,0.0,0.0,0.0,0.0,0.0,11.0,16.0,5.0,14.5,1.75,16.0,0.0,1.0,1.0,0.25,0.375,0.0,0.0,3.0,3.0,1.75,0.875,2.0,0.0,0.0,0.0,0.0,0.0,0.0,0.0,0.0,0.0,0.0,0.0,0.0,1.0,3.0,2.0,2.0,0.5,2.0,16.33,34.7633333333,18.4333333333,29.35416666665,6.512083333324999,34.7633333333,0.0,0.464,0.464,0.232,0.232,0.464,0.0,0.0,0.0,0.0,0.0,0.0,152.0,225.0,73.0,173.75,25.625,152.0,1.75,2.75,10.0,0.0,0.1206896551724138,0.1896551724137931,0.6896551724137931,0.0,8.644719482306641,0.11200000000000014,,0.0,0.0,0.25,0.25,0.5,425.0,,
1-s2.0-S221128552201196X-main.pdf,10.1016/j.nanoen.2022.108118,AgSbTe2,Fast Cooling,AgSbTe2,,,,,,figure,,Visually estimated from Fig. 7c,7.5,uW/cm.K2,False,47.0,52.0,5.0,50.5,1.75,52.0,65.0,90.0,25.0,82.5,8.75,90.0,107.8682,127.6,19.731799999999993,121.20705,6.669425,127.6,722.66,1234.93,512.2700000000001,896.0074999999999,173.34750000000003,722.66,11.0,16.0,5.0,14.5,1.75,16.0,5.0,5.0,0.0,5.0,0.0,5.0,138.0,145.0,7.0,140.0,2.5,138.0,1.93,2.1,0.17000000000000015,2.045,0.05750000000000005,2.1,1.0,2.0,1.0,1.75,0.375,2.0,0.0,4.0,4.0,2.75,1.375,4.0,10.0,10.0,0.0,10.0,0.0,10.0,0.0,0.0,0.0,0.0,0.0,0.0,11.0,16.0,5.0,14.5,1.75,16.0,0.0,1.0,1.0,0.25,0.375,0.0,0.0,3.0,3.0,1.75,0.875,2.0,0.0,0.0,0.0,0.0,0.0,0.0,0.0,0.0,0.0,0.0,0.0,0.0,1.0,3.0,2.0,2.0,0.5,2.0,16.33,34.7633333333,18.4333333333,29.35416666665,6.512083333324999,34.7633333333,0.0,0.464,0.464,0.232,0.232,0.464,0.0,0.0,0.0,0.0,0.0,0.0,152.0,225.0,73.0,173.75,25.625,152.0,1.75,2.75,10.0,0.0,0.1206896551724138,0.1896551724137931,0.6896551724137931,0.0,8.644719482306641,0.11200000000000014,,0.0,0.0,0.25,0.25,0.5,525.0,,
1-s2.0-S221128552201196X-main.pdf,10.1016/j.nanoen.2022.108118,AgSbTe2,Fast Cooling,AgSbTe2,,,,,,figure,,Visually estimated from Fig. 7c,6.5,uW/cm.K2,False,47.0,52.0,5.0,50.5,1.75,52.0,65.0,90.0,25.0,82.5,8.75,90.0,107.8682,127.6,19.731799999999993,121.20705,6.669425,127.6,722.66,1234.93,512.2700000000001,896.0074999999999,173.34750000000003,722.66,11.0,16.0,5.0,14.5,1.75,16.0,5.0,5.0,0.0,5.0,0.0,5.0,138.0,145.0,7.0,140.0,2.5,138.0,1.93,2.1,0.17000000000000015,2.045,0.05750000000000005,2.1,1.0,2.0,1.0,1.75,0.375,2.0,0.0,4.0,4.0,2.75,1.375,4.0,10.0,10.0,0.0,10.0,0.0,10.0,0.0,0.0,0.0,0.0,0.0,0.0,11.0,16.0,5.0,14.5,1.75,16.0,0.0,1.0,1.0,0.25,0.375,0.0,0.0,3.0,3.0,1.75,0.875,2.0,0.0,0.0,0.0,0.0,0.0,0.0,0.0,0.0,0.0,0.0,0.0,0.0,1.0,3.0,2.0,2.0,0.5,2.0,16.33,34.7633333333,18.4333333333,29.35416666665,6.512083333324999,34.7633333333,0.0,0.464,0.464,0.232,0.232,0.464,0.0,0.0,0.0,0.0,0.0,0.0,152.0,225.0,73.0,173.75,25.625,152.0,1.75,2.75,10.0,0.0,0.1206896551724138,0.1896551724137931,0.6896551724137931,0.0,8.644719482306641,0.11200000000000014,,0.0,0.0,0.25,0.25,0.5,625.0,,
1-s2.0-S221128552201196X-main.pdf,10.1016/j.nanoen.2022.108118,AgSbTe2,Quenched,AgSbTe2,,,,,,figure,,Visually estimated from Fig. 7c,8.0,uW/cm.K2,False,47.0,52.0,5.0,50.5,1.75,52.0,65.0,90.0,25.0,82.5,8.75,90.0,107.8682,127.6,19.731799999999993,121.20705,6.669425,127.6,722.66,1234.93,512.2700000000001,896.0074999999999,173.34750000000003,722.66,11.0,16.0,5.0,14.5,1.75,16.0,5.0,5.0,0.0,5.0,0.0,5.0,138.0,145.0,7.0,140.0,2.5,138.0,1.93,2.1,0.17000000000000015,2.045,0.05750000000000005,2.1,1.0,2.0,1.0,1.75,0.375,2.0,0.0,4.0,4.0,2.75,1.375,4.0,10.0,10.0,0.0,10.0,0.0,10.0,0.0,0.0,0.0,0.0,0.0,0.0,11.0,16.0,5.0,14.5,1.75,16.0,0.0,1.0,1.0,0.25,0.375,0.0,0.0,3.0,3.0,1.75,0.875,2.0,0.0,0.0,0.0,0.0,0.0,0.0,0.0,0.0,0.0,0.0,0.0,0.0,1.0,3.0,2.0,2.0,0.5,2.0,16.33,34.7633333333,18.4333333333,29.35416666665,6.512083333324999,34.7633333333,0.0,0.464,0.464,0.232,0.232,0.464,0.0,0.0,0.0,0.0,0.0,0.0,152.0,225.0,73.0,173.75,25.625,152.0,1.75,2.75,10.0,0.0,0.1206896551724138,0.1896551724137931,0.6896551724137931,0.0,8.644719482306641,0.11200000000000014,,0.0,0.0,0.25,0.25,0.5,325.0,,
1-s2.0-S221128552201196X-main.pdf,10.1016/j.nanoen.2022.108118,AgSbTe2,Quenched,AgSbTe2,,,,,,figure,,Visually estimated from Fig. 7c,11.999999999999998,uW/cm.K2,False,47.0,52.0,5.0,50.5,1.75,52.0,65.0,90.0,25.0,82.5,8.75,90.0,107.8682,127.6,19.731799999999993,121.20705,6.669425,127.6,722.66,1234.93,512.2700000000001,896.0074999999999,173.34750000000003,722.66,11.0,16.0,5.0,14.5,1.75,16.0,5.0,5.0,0.0,5.0,0.0,5.0,138.0,145.0,7.0,140.0,2.5,138.0,1.93,2.1,0.17000000000000015,2.045,0.05750000000000005,2.1,1.0,2.0,1.0,1.75,0.375,2.0,0.0,4.0,4.0,2.75,1.375,4.0,10.0,10.0,0.0,10.0,0.0,10.0,0.0,0.0,0.0,0.0,0.0,0.0,11.0,16.0,5.0,14.5,1.75,16.0,0.0,1.0,1.0,0.25,0.375,0.0,0.0,3.0,3.0,1.75,0.875,2.0,0.0,0.0,0.0,0.0,0.0,0.0,0.0,0.0,0.0,0.0,0.0,0.0,1.0,3.0,2.0,2.0,0.5,2.0,16.33,34.7633333333,18.4333333333,29.35416666665,6.512083333324999,34.7633333333,0.0,0.464,0.464,0.232,0.232,0.464,0.0,0.0,0.0,0.0,0.0,0.0,152.0,225.0,73.0,173.75,25.625,152.0,1.75,2.75,10.0,0.0,0.1206896551724138,0.1896551724137931,0.6896551724137931,0.0,8.644719482306641,0.11200000000000014,,0.0,0.0,0.25,0.25,0.5,425.0,,
1-s2.0-S221128552201196X-main.pdf,10.1016/j.nanoen.2022.108118,AgSbTe2,Quenched,AgSbTe2,,,,,,figure,,Visually estimated from Fig. 7c,16.0,uW/cm.K2,False,47.0,52.0,5.0,50.5,1.75,52.0,65.0,90.0,25.0,82.5,8.75,90.0,107.8682,127.6,19.731799999999993,121.20705,6.669425,127.6,722.66,1234.93,512.2700000000001,896.0074999999999,173.34750000000003,722.66,11.0,16.0,5.0,14.5,1.75,16.0,5.0,5.0,0.0,5.0,0.0,5.0,138.0,145.0,7.0,140.0,2.5,138.0,1.93,2.1,0.17000000000000015,2.045,0.05750000000000005,2.1,1.0,2.0,1.0,1.75,0.375,2.0,0.0,4.0,4.0,2.75,1.375,4.0,10.0,10.0,0.0,10.0,0.0,10.0,0.0,0.0,0.0,0.0,0.0,0.0,11.0,16.0,5.0,14.5,1.75,16.0,0.0,1.0,1.0,0.25,0.375,0.0,0.0,3.0,3.0,1.75,0.875,2.0,0.0,0.0,0.0,0.0,0.0,0.0,0.0,0.0,0.0,0.0,0.0,0.0,1.0,3.0,2.0,2.0,0.5,2.0,16.33,34.7633333333,18.4333333333,29.35416666665,6.512083333324999,34.7633333333,0.0,0.464,0.464,0.232,0.232,0.464,0.0,0.0,0.0,0.0,0.0,0.0,152.0,225.0,73.0,173.75,25.625,152.0,1.75,2.75,10.0,0.0,0.1206896551724138,0.1896551724137931,0.6896551724137931,0.0,8.644719482306641,0.11200000000000014,,0.0,0.0,0.25,0.25,0.5,525.0,,
1-s2.0-S221128552201196X-main.pdf,10.1016/j.nanoen.2022.108118,AgSbTe2,Quenched,AgSbTe2,,,,,,figure,,Visually estimated from Fig. 7c,16.0,uW/cm.K2,False,47.0,52.0,5.0,50.5,1.75,52.0,65.0,90.0,25.0,82.5,8.75,90.0,107.8682,127.6,19.731799999999993,121.20705,6.669425,127.6,722.66,1234.93,512.2700000000001,896.0074999999999,173.34750000000003,722.66,11.0,16.0,5.0,14.5,1.75,16.0,5.0,5.0,0.0,5.0,0.0,5.0,138.0,145.0,7.0,140.0,2.5,138.0,1.93,2.1,0.17000000000000015,2.045,0.05750000000000005,2.1,1.0,2.0,1.0,1.75,0.375,2.0,0.0,4.0,4.0,2.75,1.375,4.0,10.0,10.0,0.0,10.0,0.0,10.0,0.0,0.0,0.0,0.0,0.0,0.0,11.0,16.0,5.0,14.5,1.75,16.0,0.0,1.0,1.0,0.25,0.375,0.0,0.0,3.0,3.0,1.75,0.875,2.0,0.0,0.0,0.0,0.0,0.0,0.0,0.0,0.0,0.0,0.0,0.0,0.0,1.0,3.0,2.0,2.0,0.5,2.0,16.33,34.7633333333,18.4333333333,29.35416666665,6.512083333324999,34.7633333333,0.0,0.464,0.464,0.232,0.232,0.464,0.0,0.0,0.0,0.0,0.0,0.0,152.0,225.0,73.0,173.75,25.625,152.0,1.75,2.75,10.0,0.0,0.1206896551724138,0.1896551724137931,0.6896551724137931,0.0,8.644719482306641,0.11200000000000014,,0.0,0.0,0.25,0.25,0.5,625.0,,
1-s2.0-S221128552201196X-main.pdf,10.1016/j.nanoen.2022.108118,AgSbTe2,AgSbTe2,AgSbTe2,,,,,,figure,Fig. 8c,Visually estimated from Fig. 8c.,13.2,uW/cm.K2,False,47.0,52.0,5.0,50.5,1.75,52.0,65.0,90.0,25.0,82.5,8.75,90.0,107.8682,127.6,19.731799999999993,121.20705,6.669425,127.6,722.66,1234.93,512.2700000000001,896.0074999999999,173.34750000000003,722.66,11.0,16.0,5.0,14.5,1.75,16.0,5.0,5.0,0.0,5.0,0.0,5.0,138.0,145.0,7.0,140.0,2.5,138.0,1.93,2.1,0.17000000000000015,2.045,0.05750000000000005,2.1,1.0,2.0,1.0,1.75,0.375,2.0,0.0,4.0,4.0,2.75,1.375,4.0,10.0,10.0,0.0,10.0,0.0,10.0,0.0,0.0,0.0,0.0,0.0,0.0,11.0,16.0,5.0,14.5,1.75,16.0,0.0,1.0,1.0,0.25,0.375,0.0,0.0,3.0,3.0,1.75,0.875,2.0,0.0,0.0,0.0,0.0,0.0,0.0,0.0,0.0,0.0,0.0,0.0,0.0,1.0,3.0,2.0,2.0,0.5,2.0,16.33,34.7633333333,18.4333333333,29.35416666665,6.512083333324999,34.7633333333,0.0,0.464,0.464,0.232,0.232,0.464,0.0,0.0,0.0,0.0,0.0,0.0,152.0,225.0,73.0,173.75,25.625,152.0,1.75,2.75,10.0,0.0,0.1206896551724138,0.1896551724137931,0.6896551724137931,0.0,8.644719482306641,0.11200000000000014,,0.0,0.0,0.25,0.25,0.5,473.0,,
1-s2.0-S221128552201196X-main.pdf,10.1016/j.nanoen.2022.108118,AgSbTe2,AgSbTe2,AgSbTe2,,,,,,figure,Fig. 8f,Visually estimated from Fig. 8f.,19.2,uW/cm.K2,False,47.0,52.0,5.0,50.5,1.75,52.0,65.0,90.0,25.0,82.5,8.75,90.0,107.8682,127.6,19.731799999999993,121.20705,6.669425,127.6,722.66,1234.93,512.2700000000001,896.0074999999999,173.34750000000003,722.66,11.0,16.0,5.0,14.5,1.75,16.0,5.0,5.0,0.0,5.0,0.0,5.0,138.0,145.0,7.0,140.0,2.5,138.0,1.93,2.1,0.17000000000000015,2.045,0.05750000000000005,2.1,1.0,2.0,1.0,1.75,0.375,2.0,0.0,4.0,4.0,2.75,1.375,4.0,10.0,10.0,0.0,10.0,0.0,10.0,0.0,0.0,0.0,0.0,0.0,0.0,11.0,16.0,5.0,14.5,1.75,16.0,0.0,1.0,1.0,0.25,0.375,0.0,0.0,3.0,3.0,1.75,0.875,2.0,0.0,0.0,0.0,0.0,0.0,0.0,0.0,0.0,0.0,0.0,0.0,0.0,1.0,3.0,2.0,2.0,0.5,2.0,16.33,34.7633333333,18.4333333333,29.35416666665,6.512083333324999,34.7633333333,0.0,0.464,0.464,0.232,0.232,0.464,0.0,0.0,0.0,0.0,0.0,0.0,152.0,225.0,73.0,173.75,25.625,152.0,1.75,2.75,10.0,0.0,0.1206896551724138,0.1896551724137931,0.6896551724137931,0.0,8.644719482306641,0.11200000000000014,,0.0,0.0,0.25,0.25,0.5,623.0,,
1-s2.0-S2352847816300041-main.pdf,10.1016/j.jmat.2016.05.001,SnCd0.05Te-x%AgSbSe2,SnCd0.05Te,SnCd0.05Te,Cd,0.05,unclear,,Cd (0.05) @ unclear site,figure,Fig. 3d,Visually estimated from Fig. 3d,4.0,uW/cm.K2,False,48.0,52.0,4.0,50.92682926829269,1.046995835812017,50.0,70.0,90.0,20.0,84.63414634146342,5.234979179060084,80.0,112.411,127.6,15.188999999999993,122.8929512195122,4.59224271267103,118.71,505.08,722.66,217.57999999999998,613.3907317073172,106.60416418798334,505.08,12.0,16.0,4.0,14.926829268292686,1.0469958358120168,14.0,5.0,5.0,0.0,5.0,0.0,5.0,138.0,144.0,6.0,138.63414634146343,0.6186793575252821,138.0,1.69,2.1,0.41000000000000014,2.021707317073171,0.07638310529446765,1.96,2.0,2.0,0.0,2.0,0.0,2.0,0.0,4.0,4.0,2.9268292682926833,1.0469958358120168,2.0,10.0,10.0,0.0,10.0,0.0,10.0,0.0,0.0,0.0,0.0,0.0,0.0,12.0,16.0,4.0,14.926829268292686,1.0469958358120168,14.0,0.0,0.0,0.0,0.0,0.0,0.0,0.0,4.0,4.0,2.9268292682926833,1.0469958358120168,2.0,0.0,0.0,0.0,0.0,0.0,0.0,0.0,0.0,0.0,0.0,0.0,0.0,0.0,4.0,4.0,2.9268292682926833,1.0469958358120168,2.0,19.495,34.7633333333,15.268333333299996,33.66979674795122,1.0668649613158834,33.285,0.0,0.464,0.464,0.22634146341463418,0.23186198691255208,0.0,0.0,0.0,0.0,0.0,0.0,0.0,141.0,194.0,53.0,147.65853658536585,6.496133254015467,141.0,2.0,2.9268292682926833,10.0,0.0,0.13398692810457513,0.19607843137254902,0.6699346405228757,0.0,6.575961979568499,0.15818181818181828,0.05,1.0,0.0,0.0,0.0,0.48780487804878053,300.0,,
1-s2.0-S235284782200096X-main.pdf,10.1016/j.jmat.2022.07.005,AgSbTe2,Ag0.9Sb1.1Te2.1,Ag0.9Sb1.1Te2.1,Ag,0.9,Ag,Sb (1.1) @ Sb; Te (2.1) @ Te,Ag (0.9) @ Ag site; Sb (1.1) @ Sb site; Te (2.1) @ Te site,figure,,Visually estimated from Fig. 4c,2.0,uW/cm.K2,False,47.0,52.0,5.0,50.63414634146343,1.5954788816180774,52.0,65.0,90.0,25.0,83.17073170731707,7.977394408090422,90.0,107.8682,127.6,19.731799999999993,121.7018,6.073287804878045,127.6,722.66,1234.93,512.2700000000001,883.7026829268294,164.97055324211783,722.66,11.0,16.0,5.0,14.634146341463415,1.5954788816180845,16.0,5.0,5.0,0.0,5.0,0.0,5.0,138.0,145.0,7.0,139.80487804878052,2.2807852468768792,138.0,1.93,2.1,0.17000000000000015,2.0492682926829273,0.05236168947055298,2.1,1.0,2.0,1.0,1.780487804878049,0.34265318262938715,2.0,0.0,4.0,4.0,2.853658536585366,1.2528256989886974,4.0,10.0,10.0,0.0,10.0,0.0,10.0,0.0,0.0,0.0,0.0,0.0,0.0,11.0,16.0,5.0,14.634146341463415,1.5954788816180845,16.0,0.0,1.0,1.0,0.21951219512195125,0.3426531826293874,0.0,0.0,3.0,3.0,1.829268292682927,0.8030933967876266,2.0,0.0,0.0,0.0,0.0,0.0,0.0,0.0,0.0,0.0,0.0,0.0,0.0,1.0,3.0,2.0,2.048780487804878,0.5104104699583581,2.0,16.33,34.7633333333,18.4333333333,29.857560975592683,5.938929208796786,34.7633333333,0.0,0.464,0.464,0.2376585365853659,0.23186198691255208,0.464,0.0,0.0,0.0,0.0,0.0,0.0,152.0,225.0,73.0,171.78048780487805,23.364663890541348,152.0,1.780487804878049,2.853658536585366,10.0,0.0,0.12166666666666667,0.195,0.6833333333333333,0.0,8.551650782787032,0.10705202312138744,0.9,3.0,1.0,0.21951219512195125,0.26829268292682934,0.5121951219512195,300.0,0.0,0.0
1-s2.0-S235284782200096X-main.pdf,10.1016/j.jmat.2022.07.005,AgSbTe2,Ag0.9Sb1.1Te2.1,Ag0.9Sb1.1Te2.1,Ag,0.9,Ag,Sb (1.1) @ Sb; Te (2.1) @ Te,Ag (0.9) @ Ag site; Sb (1.1) @ Sb site; Te (2.1) @ Te site,figure,,Visually estimated from Fig. 4c,12.0,uW/cm.K2,False,47.0,52.0,5.0,50.63414634146343,1.5954788816180774,52.0,65.0,90.0,25.0,83.17073170731707,7.977394408090422,90.0,107.8682,127.6,19.731799999999993,121.7018,6.073287804878045,127.6,722.66,1234.93,512.2700000000001,883.7026829268294,164.97055324211783,722.66,11.0,16.0,5.0,14.634146341463415,1.5954788816180845,16.0,5.0,5.0,0.0,5.0,0.0,5.0,138.0,145.0,7.0,139.80487804878052,2.2807852468768792,138.0,1.93,2.1,0.17000000000000015,2.0492682926829273,0.05236168947055298,2.1,1.0,2.0,1.0,1.780487804878049,0.34265318262938715,2.0,0.0,4.0,4.0,2.853658536585366,1.2528256989886974,4.0,10.0,10.0,0.0,10.0,0.0,10.0,0.0,0.0,0.0,0.0,0.0,0.0,11.0,16.0,5.0,14.634146341463415,1.5954788816180845,16.0,0.0,1.0,1.0,0.21951219512195125,0.3426531826293874,0.0,0.0,3.0,3.0,1.829268292682927,0.8030933967876266,2.0,0.0,0.0,0.0,0.0,0.0,0.0,0.0,0.0,0.0,0.0,0.0,0.0,1.0,3.0,2.0,2.048780487804878,0.5104104699583581,2.0,16.33,34.7633333333,18.4333333333,29.857560975592683,5.938929208796786,34.7633333333,0.0,0.464,0.464,0.2376585365853659,0.23186198691255208,0.464,0.0,0.0,0.0,0.0,0.0,0.0,152.0,225.0,73.0,171.78048780487805,23.364663890541348,152.0,1.780487804878049,2.853658536585366,10.0,0.0,0.12166666666666667,0.195,0.6833333333333333,0.0,8.551650782787032,0.10705202312138744,0.9,3.0,1.0,0.21951219512195125,0.26829268292682934,0.5121951219512195,500.0,0.0,0.0
1-s2.0-S254252932030122X-main.pdf,10.1016/j.mtphys.2020.100298,Sn1-2x(AgSb)xSe1-2xTe2x,x=0.25,Sn0.5Ag0.25Sb0.25Se0.5Te0.5,Ag,0.25,multiple sites,Sb (0.25) @ multiple sites; Te (0.5) @ multiple sites,Ag (0.25) @ multiple sites site; Sb (0.25) @ multiple sites site; Te (0.5) @ multiple sites site,text,body text,,11.3,uW/cm.K2,False,34.0,52.0,18.0,46.25,6.125,34.0,65.0,90.0,25.0,83.5,6.375,80.0,78.96,127.6,48.64,110.02102499999998,16.068718750000002,78.96,494.0,1234.93,740.9300000000001,697.77375,198.23375000000001,494.0,11.0,16.0,5.0,14.75,1.3125,14.0,4.0,5.0,1.0,4.75,0.375,4.0,120.0,145.0,25.0,134.75,7.375,120.0,1.93,2.55,0.6199999999999999,2.15,0.19999999999999993,1.96,1.0,2.0,1.0,1.875,0.21875,2.0,0.0,4.0,4.0,2.875,1.15625,2.0,10.0,10.0,0.0,10.0,0.0,10.0,0.0,0.0,0.0,0.0,0.0,0.0,11.0,16.0,5.0,14.75,1.3125,14.0,0.0,1.0,1.0,0.125,0.21875,0.0,0.0,4.0,4.0,2.375,0.96875,2.0,0.0,0.0,0.0,0.0,0.0,0.0,0.0,0.0,0.0,0.0,0.0,0.0,1.0,4.0,3.0,2.5,0.875,2.0,16.33,34.7633333333,18.4333333333,29.478333333325,5.066249999993747,25.92,0.0,0.799,0.799,0.31575000000000003,0.31575000000000003,0.0,0.0,0.0,0.0,0.0,0.0,0.0,14.0,225.0,211.0,125.625,55.8125,14.0,1.875,2.875,10.0,0.0,0.1271186440677966,0.19491525423728814,0.6779661016949152,0.0,12.967079223459963,0.31039999999999995,0.25,3.0,1.0,0.125,0.125,0.25,820.0,,
1-s2.0-S2542529325000483-main.pdf,10.1016/j.mtphys.2025.101692,AgSbTe2,"(AgSb1-yCdyTe2)0.9(Bi2Te3)0.1, y=0.00",(AgSbTe2)0.9(Bi2Te3)0.1,Bi,0.1,multiple sites,Cd (y=0.00) @ Sb,Bi (0.1) @ multiple sites site; Cd (y=0.00) @ Sb site,figure,,Visually estimated from Fig. 3c,3.5,uW/cm.K2,False,47.0,83.0,36.0,52.195121951219505,3.0053539559785776,52.0,65.0,90.0,25.0,83.21951219512194,7.998810232004767,90.0,107.8682,208.9804,101.1122,125.95645365853657,9.783530041641876,127.6,544.4,1234.93,690.5300000000001,866.1719512195122,178.40462819750152,722.66,11.0,16.0,5.0,14.634146341463413,1.5954788816180847,16.0,5.0,6.0,1.0,5.048780487804877,0.09280190362879162,5.0,138.0,148.0,10.0,140.2439024390244,2.844735276621061,138.0,1.93,2.1,0.17000000000000015,2.0478048780487805,0.05443188578227245,2.1,1.0,2.0,1.0,1.7804878048780488,0.3426531826293872,2.0,0.0,4.0,4.0,2.8536585365853657,1.252825698988697,4.0,10.0,10.0,0.0,9.999999999999998,1.7763568394002505e-15,10.0,0.0,14.0,14.0,0.6829268292682926,1.2992266508030932,0.0,11.0,29.0,18.0,15.317073170731705,2.034503271861987,16.0,0.0,1.0,1.0,0.2195121951219512,0.3426531826293872,0.0,0.0,3.0,3.0,1.8292682926829267,0.8030933967876265,2.0,0.0,0.0,0.0,0.0,0.0,0.0,0.0,0.0,0.0,0.0,0.0,0.0,1.0,3.0,2.0,2.0487804878048776,0.5104104699583578,2.0,16.33,34.7633333333,18.4333333333,29.92536585364146,5.968697204037716,34.7633333333,0.0,0.464,0.464,0.23765853658536584,0.231861986912552,0.464,0.0,0.0,0.0,0.0,0.0,0.0,12.0,225.0,213.0,164.26829268292678,27.42296252230814,152.0,1.7804878048780488,2.8536585365853657,9.999999999999998,0.6829268292682926,0.11624203821656053,0.18630573248407645,0.6528662420382165,0.0445859872611465,9.609317844630432,0.1058100558659219,0.1,2.0,1.0,0.2195121951219512,0.2195121951219512,0.5121951219512194,300.0,,
1-s2.0-S2542529325000483-main.pdf,10.1016/j.mtphys.2025.101692,AgSbTe2,"(AgSb1-yCdyTe2)0.9(Bi2Te3)0.1, y=0.00",(AgSbTe2)0.9(Bi2Te3)0.1,Bi,0.1,multiple sites,Cd (y=0.00) @ Sb,Bi (0.1) @ multiple sites site; Cd (y=0.00) @ Sb site,figure,,Visually estimated from Fig. 3c,6.5,uW/cm.K2,False,47.0,83.0,36.0,52.195121951219505,3.0053539559785776,52.0,65.0,90.0,25.0,83.21951219512194,7.998810232004767,90.0,107.8682,208.9804,101.1122,125.95645365853657,9.783530041641876,127.6,544.4,1234.93,690.5300000000001,866.1719512195122,178.40462819750152,722.66,11.0,16.0,5.0,14.634146341463413,1.5954788816180847,16.0,5.0,6.0,1.0,5.048780487804877,0.09280190362879162,5.0,138.0,148.0,10.0,140.2439024390244,2.844735276621061,138.0,1.93,2.1,0.17000000000000015,2.0478048780487805,0.05443188578227245,2.1,1.0,2.0,1.0,1.7804878048780488,0.3426531826293872,2.0,0.0,4.0,4.0,2.8536585365853657,1.252825698988697,4.0,10.0,10.0,0.0,9.999999999999998,1.7763568394002505e-15,10.0,0.0,14.0,14.0,0.6829268292682926,1.2992266508030932,0.0,11.0,29.0,18.0,15.317073170731705,2.034503271861987,16.0,0.0,1.0,1.0,0.2195121951219512,0.3426531826293872,0.0,0.0,3.0,3.0,1.8292682926829267,0.8030933967876265,2.0,0.0,0.0,0.0,0.0,0.0,0.0,0.0,0.0,0.0,0.0,0.0,0.0,1.0,3.0,2.0,2.0487804878048776,0.5104104699583578,2.0,16.33,34.7633333333,18.4333333333,29.92536585364146,5.968697204037716,34.7633333333,0.0,0.464,0.464,0.23765853658536584,0.231861986912552,0.464,0.0,0.0,0.0,0.0,0.0,0.0,12.0,225.0,213.0,164.26829268292678,27.42296252230814,152.0,1.7804878048780488,2.8536585365853657,9.999999999999998,0.6829268292682926,0.11624203821656053,0.18630573248407645,0.6528662420382165,0.0445859872611465,9.609317844630432,0.1058100558659219,0.1,2.0,1.0,0.2195121951219512,0.2195121951219512,0.5121951219512194,450.0,,
1-s2.0-S2542529325000483-main.pdf,10.1016/j.mtphys.2025.101692,AgSbTe2,"(AgSb1-yCdyTe2)0.9(Bi2Te3)0.1, y=0.02",(AgSb0.98Cd0.02Te2)0.9(Bi2Te3)0.1,Bi,0.1,multiple sites,Cd (y=0.02) @ Sb,Bi (0.1) @ multiple sites site; Cd (y=0.02) @ Sb site,figure,,Visually estimated from Fig. 3c,4.5,uW/cm.K2,False,47.0,83.0,36.0,52.181951219512186,3.006638905413436,52.0,65.0,90.0,25.0,83.15365853658535,8.085394408090426,90.0,107.8682,208.9804,101.1122,125.91540926829265,9.829579845330159,127.6,544.4,1234.93,690.5300000000001,864.8129073170732,179.25578495657348,722.66,11.0,16.0,5.0,14.620975609756098,1.6127100535395593,16.0,5.0,6.0,1.0,5.048780487804877,0.09280190362879162,5.0,138.0,148.0,10.0,140.26585365853657,2.865744199881017,138.0,1.69,2.1,0.41000000000000014,2.046224390243902,0.056711643069601594,2.1,1.0,2.0,1.0,1.7804878048780488,0.3426531826293872,2.0,0.0,4.0,4.0,2.840487804878048,1.2719842950624631,4.0,10.0,10.0,0.0,9.999999999999998,1.7763568394002505e-15,10.0,0.0,14.0,14.0,0.6829268292682926,1.2992266508030932,0.0,11.0,29.0,18.0,15.303902439024391,2.049280190362879,16.0,0.0,1.0,1.0,0.2195121951219512,0.3426531826293872,0.0,0.0,3.0,3.0,1.8160975609756094,0.8132573468173708,2.0,0.0,0.0,0.0,0.0,0.0,0.0,0.0,0.0,0.0,0.0,0.0,0.0,0.0,3.0,3.0,2.0356097560975606,0.5090098750743602,2.0,16.33,34.7633333333,18.4333333333,29.872397560958532,6.036561444370701,34.7633333333,0.0,0.464,0.464,0.23765853658536584,0.23186198691255203,0.464,0.0,0.0,0.0,0.0,0.0,0.0,12.0,225.0,213.0,164.3912195121951,27.560880428316473,152.0,1.7804878048780488,2.840487804878048,9.999999999999998,0.6829268292682926,0.11634207758263475,0.1856054569215567,0.6534281069709621,0.0446243585248462,9.788251573464477,0.10964741111752306,0.1,2.0,1.0,0.2195121951219512,0.21512195121951216,0.5121951219512194,300.0,,
1-s2.0-S2542529325000483-main.pdf,10.1016/j.mtphys.2025.101692,AgSbTe2,"(AgSb1-yCdyTe2)0.9(Bi2Te3)0.1, y=0.02",(AgSb0.98Cd0.02Te2)0.9(Bi2Te3)0.1,Bi,0.1,multiple sites,Cd (y=0.02) @ Sb,Bi (0.1) @ multiple sites site; Cd (y=0.02) @ Sb site,figure,,Visually estimated from Fig. 3c,8.5,uW/cm.K2,False,47.0,83.0,36.0,52.181951219512186,3.006638905413436,52.0,65.0,90.0,25.0,83.15365853658535,8.085394408090426,90.0,107.8682,208.9804,101.1122,125.91540926829265,9.829579845330159,127.6,544.4,1234.93,690.5300000000001,864.8129073170732,179.25578495657348,722.66,11.0,16.0,5.0,14.620975609756098,1.6127100535395593,16.0,5.0,6.0,1.0,5.048780487804877,0.09280190362879162,5.0,138.0,148.0,10.0,140.26585365853657,2.865744199881017,138.0,1.69,2.1,0.41000000000000014,2.046224390243902,0.056711643069601594,2.1,1.0,2.0,1.0,1.7804878048780488,0.3426531826293872,2.0,0.0,4.0,4.0,2.840487804878048,1.2719842950624631,4.0,10.0,10.0,0.0,9.999999999999998,1.7763568394002505e-15,10.0,0.0,14.0,14.0,0.6829268292682926,1.2992266508030932,0.0,11.0,29.0,18.0,15.303902439024391,2.049280190362879,16.0,0.0,1.0,1.0,0.2195121951219512,0.3426531826293872,0.0,0.0,3.0,3.0,1.8160975609756094,0.8132573468173708,2.0,0.0,0.0,0.0,0.0,0.0,0.0,0.0,0.0,0.0,0.0,0.0,0.0,0.0,3.0,3.0,2.0356097560975606,0.5090098750743602,2.0,16.33,34.7633333333,18.4333333333,29.872397560958532,6.036561444370701,34.7633333333,0.0,0.464,0.464,0.23765853658536584,0.23186198691255203,0.464,0.0,0.0,0.0,0.0,0.0,0.0,12.0,225.0,213.0,164.3912195121951,27.560880428316473,152.0,1.7804878048780488,2.840487804878048,9.999999999999998,0.6829268292682926,0.11634207758263475,0.1856054569215567,0.6534281069709621,0.0446243585248462,9.788251573464477,0.10964741111752306,0.1,2.0,1.0,0.2195121951219512,0.21512195121951216,0.5121951219512194,450.0,,
2305.19217v1.pdf,,Sb2Te3,ST,Sb2Te3,,,,,,text,body text,,49.1,uW/cm.K2,False,51.0,52.0,1.0,51.6,0.4799999999999997,52.0,85.0,90.0,5.0,88.0,2.4,90.0,121.76,127.6,5.839999999999989,125.26399999999998,2.803199999999998,127.6,722.66,903.78,181.12,795.108,86.9376,722.66,15.0,16.0,1.0,15.6,0.4800000000000001,16.0,5.0,5.0,0.0,5.0,0.0,5.0,138.0,139.0,1.0,138.4,0.48000000000000115,138.0,2.05,2.1,0.050000000000000266,2.08,0.02400000000000011,2.1,2.0,2.0,0.0,2.0,0.0,2.0,3.0,4.0,1.0,3.6,0.48,4.0,10.0,10.0,0.0,10.0,0.0,10.0,0.0,0.0,0.0,0.0,0.0,0.0,15.0,16.0,1.0,15.6,0.4800000000000001,16.0,0.0,0.0,0.0,0.0,0.0,0.0,2.0,3.0,1.0,2.4,0.48,2.0,0.0,0.0,0.0,0.0,0.0,0.0,0.0,0.0,0.0,0.0,0.0,0.0,2.0,3.0,1.0,2.4,0.48,2.0,31.56,34.7633333333,3.203333333299998,33.48199999998,1.537599999983999,34.7633333333,0.0,0.464,0.464,0.27840000000000004,0.22271999999999997,0.464,0.0,0.0,0.0,0.0,0.0,0.0,152.0,166.0,14.0,157.6,6.719999999999999,152.0,2.0,3.6,10.0,0.0,0.12820512820512822,0.23076923076923078,0.6410256410256411,0.0,5.595730346826327,0.050000000000000266,,0.0,0.0,0.0,0.4,0.6,385.0,,
2305.19217v1.pdf,,Sb2Te3,ST,Sb2Te3,,,,,,table,Table 1,Room temperature value,29.6,uW/cm.K2,False,51.0,52.0,1.0,51.6,0.4799999999999997,52.0,85.0,90.0,5.0,88.0,2.4,90.0,121.76,127.6,5.839999999999989,125.26399999999998,2.803199999999998,127.6,722.66,903.78,181.12,795.108,86.9376,722.66,15.0,16.0,1.0,15.6,0.4800000000000001,16.0,5.0,5.0,0.0,5.0,0.0,5.0,138.0,139.0,1.0,138.4,0.48000000000000115,138.0,2.05,2.1,0.050000000000000266,2.08,0.02400000000000011,2.1,2.0,2.0,0.0,2.0,0.0,2.0,3.0,4.0,1.0,3.6,0.48,4.0,10.0,10.0,0.0,10.0,0.0,10.0,0.0,0.0,0.0,0.0,0.0,0.0,15.0,16.0,1.0,15.6,0.4800000000000001,16.0,0.0,0.0,0.0,0.0,0.0,0.0,2.0,3.0,1.0,2.4,0.48,2.0,0.0,0.0,0.0,0.0,0.0,0.0,0.0,0.0,0.0,0.0,0.0,0.0,2.0,3.0,1.0,2.4,0.48,2.0,31.56,34.7633333333,3.203333333299998,33.48199999998,1.537599999983999,34.7633333333,0.0,0.464,0.464,0.27840000000000004,0.22271999999999997,0.464,0.0,0.0,0.0,0.0,0.0,0.0,152.0,166.0,14.0,157.6,6.719999999999999,152.0,2.0,3.6,10.0,0.0,0.12820512820512822,0.23076923076923078,0.6410256410256411,0.0,5.595730346826327,0.050000000000000266,,0.0,0.0,0.0,0.4,0.6,425.0,,
2305.19217v1.pdf,,Sb2Te3,AST1,Sb2Te3-Ag0.9,Ag,0.9 atomic %,Sb,,Ag (0.9 atomic %) @ Sb site,table,Table 1,Room temperature value,20.0,uW/cm.K2,True,47.0,52.0,5.0,50.491,1.7612095,52.0,65.0,90.0,25.0,82.455,8.8060475,90.0,107.8682,127.6,19.731799999999993,121.17579345,6.713680895524998,127.6,722.66,1234.93,512.2700000000001,896.7525874999999,174.0925875,722.66,11.0,16.0,5.0,14.491,1.7612095,16.0,5.0,5.0,0.0,5.0,0.0,5.0,138.0,145.0,7.0,140.0135,2.5156892499999968,138.0,1.93,2.1,0.17000000000000015,2.04473,0.057881285000000046,2.1,1.0,2.0,1.0,1.74775,0.377239875,2.0,0.0,4.0,4.0,2.7432499999999997,1.3839696250000002,4.0,10.0,10.0,0.0,10.0,0.0,10.0,0.0,0.0,0.0,0.0,0.0,0.0,11.0,16.0,5.0,14.491,1.7612095,16.0,0.0,1.0,1.0,0.25225,0.37723987499999995,0.0,0.0,3.0,3.0,1.74325,0.8794696249999999,2.0,0.0,0.0,0.0,0.0,0.0,0.0,0.0,0.0,0.0,0.0,0.0,0.0,1.0,3.0,2.0,1.9954999999999998,0.50222975,2.0,16.33,34.7633333333,18.4333333333,29.319899166649996,6.5534041295749255,34.7633333333,0.0,0.464,0.464,0.232,0.23199999999999998,0.464,0.0,0.0,0.0,0.0,0.0,0.0,152.0,225.0,73.0,173.88275,25.78865262499999,152.0,1.74775,2.7432499999999997,10.0,0.0,0.1206093437305914,0.18930715616589605,0.6900835001035125,0.0,8.644551112165589,0.11243187739641397,0.009000000000000001,1.0,0.0,0.25225,0.24775,0.5,425.0,2.0,0.39
2305.19217v1.pdf,,Sb2Te3,AST2,Sb2Te3-Ag1.7,Ag,1.7 atomic %,Sb,,Ag (1.7 atomic %) @ Sb site,table,Table 1,Room temperature value,19.700000000000003,uW/cm.K2,True,47.0,52.0,5.0,50.483,1.7711055000000013,52.0,65.0,90.0,25.0,82.41499999999999,8.855527500000004,90.0,107.8682,127.6,19.731799999999993,121.14800985,6.752783308725,127.6,722.66,1234.93,512.2700000000001,897.4148874999998,174.7548875,722.66,11.0,16.0,5.0,14.483,1.7711054999999996,16.0,5.0,5.0,0.0,5.0,0.0,5.0,138.0,145.0,7.0,140.0255,2.5295332499999965,138.0,1.93,2.1,0.17000000000000015,2.0444899999999997,0.05821816500000016,2.1,1.0,2.0,1.0,1.74575,0.37921387500000003,2.0,0.0,4.0,4.0,2.73725,1.391891625,4.0,10.0,10.0,0.0,10.0,0.0,10.0,0.0,0.0,0.0,0.0,0.0,0.0,11.0,16.0,5.0,14.483,1.7711054999999996,16.0,0.0,1.0,1.0,0.25425,0.379213875,0.0,0.0,3.0,3.0,1.73725,0.883391625,2.0,0.0,0.0,0.0,0.0,0.0,0.0,0.0,0.0,0.0,0.0,0.0,0.0,1.0,3.0,2.0,1.9914999999999998,0.5041777500000001,2.0,16.33,34.7633333333,18.4333333333,29.28943916665,6.589874816241524,34.7633333333,0.0,0.464,0.464,0.232,0.23199999999999998,0.464,0.0,0.0,0.0,0.0,0.0,0.0,152.0,225.0,73.0,174.00074999999998,25.93311862499999,152.0,1.74575,2.73725,10.0,0.0,0.12053787198784781,0.1889974452806739,0.6904646827314782,0.0,8.644118733444472,0.11281558474079816,0.017,1.0,0.0,0.25425,0.24575,0.5,425.0,2.0,0.39
2305.19217v1.pdf,,Sb2Te3,AST3,Sb2Te3-Ag5.9,Ag,5.9 atomic %,Sb,,Ag (5.9 atomic %) @ Sb site,table,Table 1,Room temperature value,20.6,uW/cm.K2,True,47.0,52.0,5.0,50.441,1.8220094999999987,52.0,65.0,90.0,25.0,82.205,9.1100475,90.0,107.8682,127.6,19.731799999999993,121.00214595,6.954424380524998,127.6,722.66,1234.93,512.2700000000001,900.8919624999999,178.2319625,722.66,11.0,16.0,5.0,14.440999999999999,1.8220095000000005,16.0,5.0,5.0,0.0,5.0,0.0,5.0,138.0,145.0,7.0,140.0885,2.600639250000005,138.0,1.93,2.1,0.17000000000000015,2.04323,0.05995528500000007,2.1,1.0,2.0,1.0,1.73525,0.389314875,2.0,0.0,4.0,4.0,2.70575,1.4326946249999999,4.0,10.0,10.0,0.0,10.0,0.0,10.0,0.0,0.0,0.0,0.0,0.0,0.0,11.0,16.0,5.0,14.440999999999999,1.8220095000000005,16.0,0.0,1.0,1.0,0.26475,0.38931487499999995,0.0,0.0,3.0,3.0,1.70575,0.9031946249999999,2.0,0.0,0.0,0.0,0.0,0.0,0.0,0.0,0.0,0.0,0.0,0.0,0.0,1.0,3.0,2.0,1.9705,0.5138797500000001,2.0,16.33,34.7633333333,18.4333333333,29.129524166649997,6.777348046241174,34.7633333333,0.0,0.464,0.464,0.232,0.23199999999999998,0.464,0.0,0.0,0.0,0.0,0.0,0.0,152.0,225.0,73.0,174.62025,26.676077624999998,152.0,1.73525,2.70575,10.0,0.0,0.12016134616716294,0.18736583339103943,0.6924728204417977,0.0,8.637479617467886,0.11482839953175417,0.059000000000000004,1.0,0.0,0.26475,0.23525,0.5,425.0,2.0,0.39
2305.19217v1.pdf,,Sb2Te3,AST4,Sb2Te3-Ag7.0,Ag,7.0 atomic %,Sb,,Ag (7.0 atomic %) @ Sb site,table,Table 1,Room temperature value,13.1,uW/cm.K2,True,47.0,52.0,5.0,50.43,1.83505,52.0,65.0,90.0,25.0,82.15,9.175249999999998,90.0,107.8682,127.6,19.731799999999993,120.9639435,7.006222772499998,127.6,722.66,1234.93,512.2700000000001,901.802625,179.14262500000004,722.66,11.0,16.0,5.0,14.43,1.83505,16.0,5.0,5.0,0.0,5.0,0.0,5.0,138.0,145.0,7.0,140.10500000000002,2.6188250000000086,138.0,1.93,2.1,0.17000000000000015,2.0429,0.06040150000000005,2.1,1.0,2.0,1.0,1.7325,0.39188750000000006,2.0,0.0,4.0,4.0,2.6975,1.4431625000000001,4.0,10.0,10.0,0.0,10.0,0.0,10.0,0.0,0.0,0.0,0.0,0.0,0.0,11.0,16.0,5.0,14.43,1.83505,16.0,0.0,1.0,1.0,0.2675,0.39188750000000006,0.0,0.0,3.0,3.0,1.6975,0.9081625000000001,2.0,0.0,0.0,0.0,0.0,0.0,0.0,0.0,0.0,0.0,0.0,0.0,0.0,1.0,3.0,2.0,1.965,0.516275,2.0,16.33,34.7633333333,18.4333333333,29.087641666649997,6.825338291657751,34.7633333333,0.0,0.464,0.464,0.232,0.23200000000000004,0.464,0.0,0.0,0.0,0.0,0.0,0.0,152.0,225.0,73.0,174.7825,26.8663625,152.0,1.7325,2.6975,10.0,0.0,0.12006237006237006,0.18693693693693691,0.693000693000693,0.0,8.634525931326552,0.11535544833937271,0.07,1.0,0.0,0.2675,0.2325,0.5,425.0,2.0,0.39
Adv Funct Materials - 2024 - Kim - Enhancement of Phase Stability and Thermoelectric Performance of Meta‐Stable AgSbTe2 by.pdf,10.1002/adfm.202404886,AgSbTe2,Tmid T.C. AgSbTe2,AgSbTe2,,,,,,figure,Figure 4e,Visually estimated from Figure 4e,11.999999999999998,uW/cm.K2,False,47.0,52.0,5.0,50.5,1.75,52.0,65.0,90.0,25.0,82.5,8.75,90.0,107.8682,127.6,19.731799999999993,121.20705,6.669425,127.6,722.66,1234.93,512.2700000000001,896.0074999999999,173.34750000000003,722.66,11.0,16.0,5.0,14.5,1.75,16.0,5.0,5.0,0.0,5.0,0.0,5.0,138.0,145.0,7.0,140.0,2.5,138.0,1.93,2.1,0.17000000000000015,2.045,0.05750000000000005,2.1,1.0,2.0,1.0,1.75,0.375,2.0,0.0,4.0,4.0,2.75,1.375,4.0,10.0,10.0,0.0,10.0,0.0,10.0,0.0,0.0,0.0,0.0,0.0,0.0,11.0,16.0,5.0,14.5,1.75,16.0,0.0,1.0,1.0,0.25,0.375,0.0,0.0,3.0,3.0,1.75,0.875,2.0,0.0,0.0,0.0,0.0,0.0,0.0,0.0,0.0,0.0,0.0,0.0,0.0,1.0,3.0,2.0,2.0,0.5,2.0,16.33,34.7633333333,18.4333333333,29.35416666665,6.512083333324999,34.7633333333,0.0,0.464,0.464,0.232,0.232,0.464,0.0,0.0,0.0,0.0,0.0,0.0,152.0,225.0,73.0,173.75,25.625,152.0,1.75,2.75,10.0,0.0,0.1206896551724138,0.1896551724137931,0.6896551724137931,0.0,8.644719482306641,0.11200000000000014,,0.0,0.0,0.25,0.25,0.5,500.0,,
Adv Funct Materials - 2024 - Kim - Enhancement of Phase Stability and Thermoelectric Performance of Meta‐Stable AgSbTe2 by.pdf,10.1002/adfm.202404886,AgSbTe2,Thigh T.C. AgSbTe2,AgSbTe2,,,,,,figure,Figure 4e,Visually estimated from Figure 4e,15.0,uW/cm.K2,False,47.0,52.0,5.0,50.5,1.75,52.0,65.0,90.0,25.0,82.5,8.75,90.0,107.8682,127.6,19.731799999999993,121.20705,6.669425,127.6,722.66,1234.93,512.2700000000001,896.0074999999999,173.34750000000003,722.66,11.0,16.0,5.0,14.5,1.75,16.0,5.0,5.0,0.0,5.0,0.0,5.0,138.0,145.0,7.0,140.0,2.5,138.0,1.93,2.1,0.17000000000000015,2.045,0.05750000000000005,2.1,1.0,2.0,1.0,1.75,0.375,2.0,0.0,4.0,4.0,2.75,1.375,4.0,10.0,10.0,0.0,10.0,0.0,10.0,0.0,0.0,0.0,0.0,0.0,0.0,11.0,16.0,5.0,14.5,1.75,16.0,0.0,1.0,1.0,0.25,0.375,0.0,0.0,3.0,3.0,1.75,0.875,2.0,0.0,0.0,0.0,0.0,0.0,0.0,0.0,0.0,0.0,0.0,0.0,0.0,1.0,3.0,2.0,2.0,0.5,2.0,16.33,34.7633333333,18.4333333333,29.35416666665,6.512083333324999,34.7633333333,0.0,0.464,0.464,0.232,0.232,0.464,0.0,0.0,0.0,0.0,0.0,0.0,152.0,225.0,73.0,173.75,25.625,152.0,1.75,2.75,10.0,0.0,0.1206896551724138,0.1896551724137931,0.6896551724137931,0.0,8.644719482306641,0.11200000000000014,,0.0,0.0,0.25,0.25,0.5,550.0,,
Adv Funct Materials - 2024 - Zhang - Dual Alloying Enables High Thermoelectric Performance in AgSbTe2 by Manipulating.pdf,10.1002/adfm.202400679,AgSbTe2,AgSbTe2,AgSbTe2,,,,,,body text,,,8.7,uW/cm.K2,False,47.0,52.0,5.0,50.5,1.75,52.0,65.0,90.0,25.0,82.5,8.75,90.0,107.8682,127.6,19.731799999999993,121.20705,6.669425,127.6,722.66,1234.93,512.2700000000001,896.0074999999999,173.34750000000003,722.66,11.0,16.0,5.0,14.5,1.75,16.0,5.0,5.0,0.0,5.0,0.0,5.0,138.0,145.0,7.0,140.0,2.5,138.0,1.93,2.1,0.17000000000000015,2.045,0.05750000000000005,2.1,1.0,2.0,1.0,1.75,0.375,2.0,0.0,4.0,4.0,2.75,1.375,4.0,10.0,10.0,0.0,10.0,0.0,10.0,0.0,0.0,0.0,0.0,0.0,0.0,11.0,16.0,5.0,14.5,1.75,16.0,0.0,1.0,1.0,0.25,0.375,0.0,0.0,3.0,3.0,1.75,0.875,2.0,0.0,0.0,0.0,0.0,0.0,0.0,0.0,0.0,0.0,0.0,0.0,0.0,1.0,3.0,2.0,2.0,0.5,2.0,16.33,34.7633333333,18.4333333333,29.35416666665,6.512083333324999,34.7633333333,0.0,0.464,0.464,0.232,0.232,0.464,0.0,0.0,0.0,0.0,0.0,0.0,152.0,225.0,73.0,173.75,25.625,152.0,1.75,2.75,10.0,0.0,0.1206896551724138,0.1896551724137931,0.6896551724137931,0.0,8.644719482306641,0.11200000000000014,,0.0,0.0,0.25,0.25,0.5,300.0,,
Adv Funct Materials - 2024 - Zhang - Dual Alloying Enables High Thermoelectric Performance in AgSbTe2 by Manipulating.pdf,10.1002/adfm.202400679,AgSbTe2,(AgSbTe2)0.98(AgAlSe2)0.02,(AgSbTe2)0.98(AgAlSe2)0.02,Al,0.02,multiple sites,Se (0.02) @ multiple sites,Al (0.02) @ multiple sites site; Se (0.02) @ multiple sites site,body text,,,13.5,uW/cm.K2,False,13.0,52.0,39.0,50.129999999999995,2.258900000000002,52.0,65.0,90.0,25.0,82.43,8.809299999999997,90.0,26.9815386,127.6,100.6184614,120.24675769299999,7.9476661912900015,127.6,494.0,1234.93,740.9300000000001,893.86935,175.78255000000001,722.66,11.0,16.0,5.0,14.49,1.7598999999999996,16.0,3.0,5.0,2.0,4.98,0.03939999999999959,5.0,120.0,145.0,25.0,139.73,2.6349999999999945,138.0,1.61,2.55,0.9399999999999997,2.0473,0.06302300000000007,2.1,1.0,2.0,1.0,1.75,0.37499999999999994,2.0,0.0,4.0,4.0,2.7399999999999998,1.3874,4.0,0.0,10.0,10.0,9.950000000000001,0.09949999999999894,10.0,0.0,0.0,0.0,0.0,0.0,0.0,3.0,16.0,13.0,14.440000000000001,1.8343999999999994,16.0,0.0,1.0,1.0,0.25,0.37499999999999994,0.0,0.0,5.0,5.0,1.7599999999999998,0.8800000000000001,2.0,0.0,0.0,0.0,0.0,0.0,0.0,0.0,0.0,0.0,0.0,0.0,0.0,1.0,5.0,4.0,2.01,0.5149999999999999,2.0,16.33,34.7633333333,18.4333333333,29.190333333316996,6.62267666665801,34.7633333333,0.0,0.799,0.799,0.23535,0.23535,0.464,0.0,0.0,0.0,0.0,0.0,0.0,14.0,225.0,211.0,172.665,26.690849999999994,152.0,1.75,2.7399999999999998,9.950000000000001,0.0,0.12119113573407202,0.1897506925207756,0.6890581717451524,0.0,9.256076389156293,0.1297575519811692,0.02,2.0,1.0,0.25,0.245,0.49,300.0,,
Adv Funct Materials - 2024 - Zhang - Dual Alloying Enables High Thermoelectric Performance in AgSbTe2 by Manipulating.pdf,10.1002/adfm.202400679,AgSbTe2,(AgSbTe2)0.98(AgAlSe2)0.02,(AgSbTe2)0.98(AgAlSe2)0.02,Al,0.02,multiple sites,Se (0.02) @ multiple sites,Al (0.02) @ multiple sites site; Se (0.02) @ multiple sites site,body text,,,16.0,uW/cm.K2,False,13.0,52.0,39.0,50.129999999999995,2.258900000000002,52.0,65.0,90.0,25.0,82.43,8.809299999999997,90.0,26.9815386,127.6,100.6184614,120.24675769299999,7.9476661912900015,127.6,494.0,1234.93,740.9300000000001,893.86935,175.78255000000001,722.66,11.0,16.0,5.0,14.49,1.7598999999999996,16.0,3.0,5.0,2.0,4.98,0.03939999999999959,5.0,120.0,145.0,25.0,139.73,2.6349999999999945,138.0,1.61,2.55,0.9399999999999997,2.0473,0.06302300000000007,2.1,1.0,2.0,1.0,1.75,0.37499999999999994,2.0,0.0,4.0,4.0,2.7399999999999998,1.3874,4.0,0.0,10.0,10.0,9.950000000000001,0.09949999999999894,10.0,0.0,0.0,0.0,0.0,0.0,0.0,3.0,16.0,13.0,14.440000000000001,1.8343999999999994,16.0,0.0,1.0,1.0,0.25,0.37499999999999994,0.0,0.0,5.0,5.0,1.7599999999999998,0.8800000000000001,2.0,0.0,0.0,0.0,0.0,0.0,0.0,0.0,0.0,0.0,0.0,0.0,0.0,1.0,5.0,4.0,2.01,0.5149999999999999,2.0,16.33,34.7633333333,18.4333333333,29.190333333316996,6.62267666665801,34.7633333333,0.0,0.799,0.799,0.23535,0.23535,0.464,0.0,0.0,0.0,0.0,0.0,0.0,14.0,225.0,211.0,172.665,26.690849999999994,152.0,1.75,2.7399999999999998,9.950000000000001,0.0,0.12119113573407202,0.1897506925207756,0.6890581717451524,0.0,9.256076389156293,0.1297575519811692,0.02,2.0,1.0,0.25,0.245,0.49,523.0,,
Advanced Energy Materials - 2011 - Han - Lead‐Free Thermoelectrics  High Figure of Merit in p‐type AgSnmSbTem 2.pdf,10.1002/aenm.201100613,AgSnmSbTem+2,AgSn5SbTe7,AgSn5SbTe7,Ag,m=5,unclear,Sb (m=5) @ unclear,Ag (m=5) @ unclear site; Sb (m=5) @ unclear site,body text,,,23.0,uW/cm.K2,False,47.0,52.0,5.0,50.857142857142854,1.1632653061224494,52.0,65.0,90.0,25.0,84.28571428571429,5.816326530612244,90.0,107.8682,127.6,19.731799999999993,122.59844285714284,5.001557142857142,127.6,505.08,1234.93,729.8500000000001,694.4807142857143,135.28622448979593,722.66,11.0,16.0,5.0,14.857142857142858,1.163265306122449,16.0,5.0,5.0,0.0,5.0,0.0,5.0,138.0,145.0,7.0,138.92857142857142,0.9285714285714286,138.0,1.93,2.1,0.17000000000000015,2.0342857142857147,0.06795918367346938,2.1,1.0,2.0,1.0,1.9285714285714286,0.13265306122448978,2.0,0.0,4.0,4.0,2.9285714285714284,1.0816326530612246,4.0,10.0,10.0,0.0,10.0,0.0,10.0,0.0,0.0,0.0,0.0,0.0,0.0,11.0,16.0,5.0,14.857142857142858,1.163265306122449,16.0,0.0,1.0,1.0,0.07142857142857142,0.13265306122448978,0.0,0.0,4.0,4.0,2.642857142857143,1.0204081632653061,2.0,0.0,0.0,0.0,0.0,0.0,0.0,0.0,0.0,0.0,0.0,0.0,0.0,1.0,4.0,3.0,2.7142857142857144,0.9591836734693876,2.0,16.33,34.7633333333,18.4333333333,32.689880952364284,2.498537414961223,34.7633333333,0.0,0.464,0.464,0.232,0.232,0.464,0.0,0.0,0.0,0.0,0.0,0.0,141.0,225.0,84.0,154.28571428571428,11.775510204081627,152.0,1.9285714285714286,2.9285714285714284,10.0,0.0,0.12980769230769232,0.1971153846153846,0.673076923076923,0.0,9.07359800378948,0.11933333333333344,0.05,2.0,1.0,0.07142857142857142,0.07142857142857142,0.5,710.0,,
Advanced Energy Materials - 2017 - Hong - Achieving zT   2 in p‐Type AgSbTe2 xSex Alloys via Exploring the Extra Light.pdf,10.1002/aenm.201702333,AgSbTe2,AgSbTe2,AgSbTe2,,,,,,body text,Section 2.1,,8.3,uW/cm.K2,False,47.0,52.0,5.0,50.5,1.75,52.0,65.0,90.0,25.0,82.5,8.75,90.0,107.8682,127.6,19.731799999999993,121.20705,6.669425,127.6,722.66,1234.93,512.2700000000001,896.0074999999999,173.34750000000003,722.66,11.0,16.0,5.0,14.5,1.75,16.0,5.0,5.0,0.0,5.0,0.0,5.0,138.0,145.0,7.0,140.0,2.5,138.0,1.93,2.1,0.17000000000000015,2.045,0.05750000000000005,2.1,1.0,2.0,1.0,1.75,0.375,2.0,0.0,4.0,4.0,2.75,1.375,4.0,10.0,10.0,0.0,10.0,0.0,10.0,0.0,0.0,0.0,0.0,0.0,0.0,11.0,16.0,5.0,14.5,1.75,16.0,0.0,1.0,1.0,0.25,0.375,0.0,0.0,3.0,3.0,1.75,0.875,2.0,0.0,0.0,0.0,0.0,0.0,0.0,0.0,0.0,0.0,0.0,0.0,0.0,1.0,3.0,2.0,2.0,0.5,2.0,16.33,34.7633333333,18.4333333333,29.35416666665,6.512083333324999,34.7633333333,0.0,0.464,0.464,0.232,0.232,0.464,0.0,0.0,0.0,0.0,0.0,0.0,152.0,225.0,73.0,173.75,25.625,152.0,1.75,2.75,10.0,0.0,0.1206896551724138,0.1896551724137931,0.6896551724137931,0.0,8.644719482306641,0.11200000000000014,,0.0,0.0,0.25,0.25,0.5,550.0,,
Advanced Energy Materials - 2017 - Hong - Achieving zT   2 in p‐Type AgSbTe2 xSex Alloys via Exploring the Extra Light.pdf,10.1002/aenm.201702333,AgSbTe2,AgSbTe1.85Se0.15,AgSbTe1.85Se0.15,Se,x=0.15,Te,,Se (x=0.15) @ Te site,body text,Section 2.1,,14.5,uW/cm.K2,False,34.0,52.0,18.0,49.824999999999996,2.5993750000000015,52.0,65.0,90.0,25.0,82.4625,8.731249999999998,90.0,78.96,127.6,48.64,119.38305,8.789153749999999,127.6,494.0,1234.93,740.9300000000001,887.43275,181.92225000000002,722.66,11.0,16.0,5.0,14.5,1.75,16.0,4.0,5.0,1.0,4.9625,0.07218749999999968,5.0,120.0,145.0,25.0,139.325,2.837499999999994,138.0,1.93,2.55,0.6199999999999999,2.061875,0.07187500000000009,2.1,1.0,2.0,1.0,1.75,0.375,2.0,0.0,4.0,4.0,2.75,1.375,4.0,10.0,10.0,0.0,10.0,0.0,10.0,0.0,0.0,0.0,0.0,0.0,0.0,11.0,16.0,5.0,14.5,1.75,16.0,0.0,1.0,1.0,0.25,0.375,0.0,0.0,3.0,3.0,1.75,0.875,2.0,0.0,0.0,0.0,0.0,0.0,0.0,0.0,0.0,0.0,0.0,0.0,0.0,1.0,3.0,2.0,2.0,0.5,2.0,16.33,34.7633333333,18.4333333333,29.02254166665125,6.578961458324467,34.7633333333,0.0,0.799,0.799,0.24456250000000002,0.24456250000000002,0.464,0.0,0.0,0.0,0.0,0.0,0.0,14.0,225.0,211.0,168.57500000000002,28.21250000000001,152.0,1.75,2.75,10.0,0.0,0.1206896551724138,0.1896551724137931,0.6896551724137931,0.0,9.752141313235201,0.15535291331122703,0.15,1.0,0.0,0.25,0.25,0.4625,550.0,0.0,0.22999999999999976
Advanced Energy Materials - 2026 - Li - Rare‐Earth Yttrium Doping Advances High‐Performance AgSbTe2 Thermoelectrics.pdf,10.1002/aenm.202505258,AgSbTe2,AgSb0.98Y0.02Te2 (x=0.02),AgSb0.98Y0.02Te2,Y,2%,Sb,,Y (2%) @ Sb site,text,Page 5,,17.7,uW/cm.K2,False,39.0,52.0,13.0,50.44,1.8344000000000011,52.0,12.0,90.0,78.0,82.135,9.268849999999997,90.0,88.90585,127.6,38.69414999999999,121.04277925,6.9086589175,127.6,722.66,1799.0,1076.3400000000001,900.4836,177.82360000000003,722.66,3.0,16.0,13.0,14.44,1.8344000000000003,16.0,5.0,5.0,0.0,5.0,0.0,5.0,138.0,190.0,52.0,140.255,2.8699499999999976,138.0,1.22,2.1,0.8800000000000001,2.04085,0.06363350000000009,2.1,1.0,2.0,1.0,1.75,0.375,2.0,0.0,4.0,4.0,2.735,1.39485,4.0,1.0,10.0,9.0,9.955,0.08954999999999994,10.0,0.0,0.0,0.0,0.0,0.0,0.0,3.0,16.0,13.0,14.44,1.8344000000000003,16.0,0.0,1.0,1.0,0.25,0.375,0.0,0.0,3.0,3.0,1.7349999999999999,0.88485,2.0,0.0,9.0,9.0,0.045,0.08954999999999999,0.0,0.0,0.0,0.0,0.0,0.0,0.0,1.0,9.0,8.0,2.0300000000000002,0.5450000000000002,2.0,16.33,34.7633333333,18.4333333333,29.358191666649997,6.514095833324999,34.7633333333,0.0,0.464,0.464,0.232,0.23199999999999998,0.464,0.0,0.0,0.0,0.0,0.0,0.0,152.0,225.0,73.0,173.89,25.756099999999993,152.0,1.75,2.735,9.955,0.0,0.12119113573407203,0.18940443213296398,0.689404432132964,0.0,8.848505117923192,0.12376842776316853,0.02,1.0,0.0,0.25,0.245,0.5,523.0,0.0,0.14
Advanced Energy Materials - 2026 - Li - Rare‐Earth Yttrium Doping Advances High‐Performance AgSbTe2 Thermoelectrics.pdf,10.1002/aenm.202505258,AgSbTe2,AgSbTe2,AgSbTe2,,,,,,figure,,Visually estimated from Fig. 4c,9.0,uW/cm.K2,False,47.0,52.0,5.0,50.5,1.75,52.0,65.0,90.0,25.0,82.5,8.75,90.0,107.8682,127.6,19.731799999999993,121.20705,6.669425,127.6,722.66,1234.93,512.2700000000001,896.0074999999999,173.34750000000003,722.66,11.0,16.0,5.0,14.5,1.75,16.0,5.0,5.0,0.0,5.0,0.0,5.0,138.0,145.0,7.0,140.0,2.5,138.0,1.93,2.1,0.17000000000000015,2.045,0.05750000000000005,2.1,1.0,2.0,1.0,1.75,0.375,2.0,0.0,4.0,4.0,2.75,1.375,4.0,10.0,10.0,0.0,10.0,0.0,10.0,0.0,0.0,0.0,0.0,0.0,0.0,11.0,16.0,5.0,14.5,1.75,16.0,0.0,1.0,1.0,0.25,0.375,0.0,0.0,3.0,3.0,1.75,0.875,2.0,0.0,0.0,0.0,0.0,0.0,0.0,0.0,0.0,0.0,0.0,0.0,0.0,1.0,3.0,2.0,2.0,0.5,2.0,16.33,34.7633333333,18.4333333333,29.35416666665,6.512083333324999,34.7633333333,0.0,0.464,0.464,0.232,0.232,0.464,0.0,0.0,0.0,0.0,0.0,0.0,152.0,225.0,73.0,173.75,25.625,152.0,1.75,2.75,10.0,0.0,0.1206896551724138,0.1896551724137931,0.6896551724137931,0.0,8.644719482306641,0.11200000000000014,,0.0,0.0,0.25,0.25,0.5,300.0,,
Advanced Energy Materials - 2026 - Li - Rare‐Earth Yttrium Doping Advances High‐Performance AgSbTe2 Thermoelectrics.pdf,10.1002/aenm.202505258,AgSbTe2,AgSb0.99Y0.01Te2,AgSb0.99Y0.01Te2,Y,0.01,Sb,,Y (0.01) @ Sb site,figure,,Visually estimated from Fig. 4c,12.0,uW/cm.K2,False,39.0,52.0,13.0,50.47,1.7923500000000006,52.0,12.0,90.0,78.0,82.3175,9.010337500000002,90.0,88.90585,127.6,38.69414999999999,121.124914625,6.789452635624997,127.6,722.66,1799.0,1076.3400000000001,898.2455499999999,175.58555,722.66,3.0,16.0,13.0,14.47,1.7923499999999997,16.0,5.0,5.0,0.0,5.0,0.0,5.0,138.0,190.0,52.0,140.1275,2.685612499999999,138.0,1.22,2.1,0.8800000000000001,2.042925,0.06057712500000008,2.1,1.0,2.0,1.0,1.75,0.375,2.0,0.0,4.0,4.0,2.7424999999999997,1.3849625,4.0,1.0,10.0,9.0,9.9775,0.04488750000000085,10.0,0.0,0.0,0.0,0.0,0.0,0.0,3.0,16.0,13.0,14.47,1.7923499999999997,16.0,0.0,1.0,1.0,0.25,0.375,0.0,0.0,3.0,3.0,1.7425,0.8799625,2.0,0.0,9.0,9.0,0.0225,0.0448875,0.0,0.0,0.0,0.0,0.0,0.0,0.0,1.0,9.0,8.0,2.0149999999999997,0.5224999999999999,2.0,16.33,34.7633333333,18.4333333333,29.356179166649998,6.513089583325,34.7633333333,0.0,0.464,0.464,0.232,0.232,0.464,0.0,0.0,0.0,0.0,0.0,0.0,152.0,225.0,73.0,173.82,25.690899999999996,152.0,1.75,2.7424999999999997,9.9775,0.0,0.12093987560469938,0.18953006219765028,0.6895300621976502,0.0,8.761125148292647,0.11790993832212233,0.01,1.0,0.0,0.25,0.2475,0.5,300.0,0.0,0.14
Advanced Energy Materials - 2026 - Li - Rare‐Earth Yttrium Doping Advances High‐Performance AgSbTe2 Thermoelectrics.pdf,10.1002/aenm.202505258,AgSbTe2,AgSb0.98Y0.02Te2,AgSb0.98Y0.02Te2,Y,0.02,Sb,,Y (0.02) @ Sb site,figure,,Visually estimated from Fig. 4c,13.0,uW/cm.K2,False,39.0,52.0,13.0,50.44,1.8344000000000011,52.0,12.0,90.0,78.0,82.135,9.268849999999997,90.0,88.90585,127.6,38.69414999999999,121.04277925,6.9086589175,127.6,722.66,1799.0,1076.3400000000001,900.4836,177.82360000000003,722.66,3.0,16.0,13.0,14.44,1.8344000000000003,16.0,5.0,5.0,0.0,5.0,0.0,5.0,138.0,190.0,52.0,140.255,2.8699499999999976,138.0,1.22,2.1,0.8800000000000001,2.04085,0.06363350000000009,2.1,1.0,2.0,1.0,1.75,0.375,2.0,0.0,4.0,4.0,2.735,1.39485,4.0,1.0,10.0,9.0,9.955,0.08954999999999994,10.0,0.0,0.0,0.0,0.0,0.0,0.0,3.0,16.0,13.0,14.44,1.8344000000000003,16.0,0.0,1.0,1.0,0.25,0.375,0.0,0.0,3.0,3.0,1.7349999999999999,0.88485,2.0,0.0,9.0,9.0,0.045,0.08954999999999999,0.0,0.0,0.0,0.0,0.0,0.0,0.0,1.0,9.0,8.0,2.0300000000000002,0.5450000000000002,2.0,16.33,34.7633333333,18.4333333333,29.358191666649997,6.514095833324999,34.7633333333,0.0,0.464,0.464,0.232,0.23199999999999998,0.464,0.0,0.0,0.0,0.0,0.0,0.0,152.0,225.0,73.0,173.89,25.756099999999993,152.0,1.75,2.735,9.955,0.0,0.12119113573407203,0.18940443213296398,0.689404432132964,0.0,8.848505117923192,0.12376842776316853,0.02,1.0,0.0,0.25,0.245,0.5,300.0,0.0,0.14
Advanced Energy Materials - 2026 - Li - Rare‐Earth Yttrium Doping Advances High‐Performance AgSbTe2 Thermoelectrics.pdf,10.1002/aenm.202505258,AgSbTe2,AgSb0.97Y0.03Te2,AgSb0.97Y0.03Te2,Y,0.03,Sb,,Y (0.03) @ Sb site,figure,,Visually estimated from Fig. 4c,12.499999999999998,uW/cm.K2,False,39.0,52.0,13.0,50.41,1.8761500000000018,52.0,12.0,90.0,78.0,81.9525,9.525537499999999,90.0,88.90585,127.6,38.69414999999999,120.960643875,7.027043845624997,127.6,722.66,1799.0,1076.3400000000001,902.72165,180.06165000000004,722.66,3.0,16.0,13.0,14.41,1.87615,16.0,5.0,5.0,0.0,5.0,0.0,5.0,138.0,190.0,52.0,140.3825,3.053012499999997,138.0,1.22,2.1,0.8800000000000001,2.0387750000000002,0.06666912499999991,2.1,1.0,2.0,1.0,1.75,0.375,2.0,0.0,4.0,4.0,2.7275,1.4046625,4.0,1.0,10.0,9.0,9.932500000000001,0.133987499999999,10.0,0.0,0.0,0.0,0.0,0.0,0.0,3.0,16.0,13.0,14.41,1.87615,16.0,0.0,1.0,1.0,0.25,0.375,0.0,0.0,3.0,3.0,1.7275,0.8896625,2.0,0.0,9.0,9.0,0.0675,0.13398749999999998,0.0,0.0,0.0,0.0,0.0,0.0,0.0,1.0,9.0,8.0,2.045,0.5674999999999999,2.0,16.33,34.7633333333,18.4333333333,29.36020416665,6.515102083324999,34.7633333333,0.0,0.464,0.464,0.232,0.232,0.464,0.0,0.0,0.0,0.0,0.0,0.0,152.0,225.0,73.0,173.95999999999998,25.820599999999992,152.0,1.75,2.7275,9.932500000000001,0.0,0.12144344205412907,0.18927827897293545,0.6892782789729355,0.0,8.924796662406377,0.12957646497385233,0.03,1.0,0.0,0.25,0.2425,0.5,300.0,0.0,0.14
Advanced Materials - 2022 - Zhang - Defect‐Engineering‐Stabilized AgSbTe2 with High Thermoelectric Performance.pdf,10.1002/adma.202208994,AgSbTe2,AgSbTe1.85Se0.1S0.05,AgSbTe1.85Se0.1S0.05,Se,0.1,Te,S (0.05) @ Te,Se (0.1) @ Te site; S (0.05) @ Te site,text,"Page 5, Results and Discussion",,21.000000000000004,uW/cm.K2,False,16.0,52.0,36.0,49.6,2.9199999999999995,52.0,65.0,90.0,25.0,82.44999999999999,8.725000000000007,90.0,32.065,127.6,95.535,118.7968625,9.624470937499996,127.6,388.36,1234.93,846.57,886.1122500000001,183.24275000000003,722.66,11.0,16.0,5.0,14.5,1.7500000000000002,16.0,3.0,5.0,2.0,4.949999999999999,0.09625000000000065,5.0,105.0,145.0,40.0,139.1375,2.9312499999999946,138.0,1.93,2.58,0.6500000000000001,2.06225,0.0722500000000001,2.1,1.0,2.0,1.0,1.75,0.37499999999999994,2.0,0.0,4.0,4.0,2.75,1.375,4.0,0.0,10.0,10.0,9.875,0.246875,10.0,0.0,0.0,0.0,0.0,0.0,0.0,6.0,16.0,10.0,14.375,1.8968749999999999,16.0,0.0,1.0,1.0,0.25,0.37499999999999994,0.0,0.0,3.0,3.0,1.75,0.875,2.0,0.0,0.0,0.0,0.0,0.0,0.0,0.0,0.0,0.0,0.0,0.0,0.0,1.0,3.0,2.0,2.0,0.5,2.0,16.33,34.7633333333,18.4333333333,29.02087760415125,6.581332747386969,34.7633333333,0.0,2.202,2.202,0.2621,0.2621,0.464,0.0,0.0,0.0,0.0,0.0,0.0,14.0,225.0,211.0,169.275,27.862500000000004,152.0,1.75,2.75,9.875,0.0,0.12173913043478261,0.19130434782608696,0.6869565217391305,0.0,9.950601560414498,0.1563274964505444,0.1,2.0,1.0,0.25,0.25,0.4625,673.0,0.0,0.22999999999999976
Advanced Materials - 2022 - Zhang - Defect‐Engineering‐Stabilized AgSbTe2 with High Thermoelectric Performance.pdf,10.1002/adma.202208994,AgSbTe2,AgSbTe2,AgSbTe2,,,,,,figure,Fig. 4E,Visually estimated from Fig. 4E,5.999999999999999,uW/cm.K2,False,47.0,52.0,5.0,50.5,1.75,52.0,65.0,90.0,25.0,82.5,8.75,90.0,107.8682,127.6,19.731799999999993,121.20705,6.669425,127.6,722.66,1234.93,512.2700000000001,896.0074999999999,173.34750000000003,722.66,11.0,16.0,5.0,14.5,1.75,16.0,5.0,5.0,0.0,5.0,0.0,5.0,138.0,145.0,7.0,140.0,2.5,138.0,1.93,2.1,0.17000000000000015,2.045,0.05750000000000005,2.1,1.0,2.0,1.0,1.75,0.375,2.0,0.0,4.0,4.0,2.75,1.375,4.0,10.0,10.0,0.0,10.0,0.0,10.0,0.0,0.0,0.0,0.0,0.0,0.0,11.0,16.0,5.0,14.5,1.75,16.0,0.0,1.0,1.0,0.25,0.375,0.0,0.0,3.0,3.0,1.75,0.875,2.0,0.0,0.0,0.0,0.0,0.0,0.0,0.0,0.0,0.0,0.0,0.0,0.0,1.0,3.0,2.0,2.0,0.5,2.0,16.33,34.7633333333,18.4333333333,29.35416666665,6.512083333324999,34.7633333333,0.0,0.464,0.464,0.232,0.232,0.464,0.0,0.0,0.0,0.0,0.0,0.0,152.0,225.0,73.0,173.75,25.625,152.0,1.75,2.75,10.0,0.0,0.1206896551724138,0.1896551724137931,0.6896551724137931,0.0,8.644719482306641,0.11200000000000014,,0.0,0.0,0.25,0.25,0.5,300.0,,
Advanced Materials - 2022 - Zhang - Defect‐Engineering‐Stabilized AgSbTe2 with High Thermoelectric Performance.pdf,10.1002/adma.202208994,AgSbTe2,AgSbTe1.9Se0.05S0.05,AgSbTe1.9Se0.05S0.05,Se,0.05,Te,S (0.05) @ Te,Se (0.05) @ Te site; S (0.05) @ Te site,figure,Fig. 4E,Visually estimated from Fig. 4E,6.500000000000001,uW/cm.K2,False,16.0,52.0,36.0,49.82500000000001,2.6537499999999956,52.0,65.0,90.0,25.0,82.4625,8.73125,90.0,32.065,127.6,95.535,119.4048625,8.962949375000003,127.6,388.36,1234.93,846.57,888.9705000000001,180.38450000000006,722.66,11.0,16.0,5.0,14.5,1.7500000000000002,16.0,3.0,5.0,2.0,4.9625,0.07312499999999968,5.0,105.0,145.0,40.0,139.36250000000004,2.8187500000000205,138.0,1.93,2.58,0.6500000000000001,2.056625,0.06662500000000011,2.1,1.0,2.0,1.0,1.75,0.37500000000000006,2.0,0.0,4.0,4.0,2.75,1.3750000000000002,4.0,0.0,10.0,10.0,9.875000000000002,0.24687499999999832,10.0,0.0,0.0,0.0,0.0,0.0,0.0,6.0,16.0,10.0,14.375,1.8968750000000003,16.0,0.0,1.0,1.0,0.25000000000000006,0.37500000000000006,0.0,0.0,3.0,3.0,1.75,0.8750000000000002,2.0,0.0,0.0,0.0,0.0,0.0,0.0,0.0,0.0,0.0,0.0,0.0,0.0,1.0,3.0,2.0,2.0,0.5000000000000001,2.0,16.33,34.7633333333,18.4333333333,29.131419270817503,6.564608723949624,34.7633333333,0.0,2.202,2.202,0.2579125000000001,0.25791250000000004,0.464,0.0,0.0,0.0,0.0,0.0,0.0,14.0,225.0,211.0,171.00000000000003,27.000000000000014,152.0,1.75,2.75,9.875000000000002,0.0,0.12173913043478261,0.19130434782608696,0.6869565217391306,0.0,9.614071925296303,0.1427876745305731,0.05,2.0,1.0,0.25000000000000006,0.25000000000000006,0.47500000000000003,300.0,0.0,0.22999999999999976
Advanced Materials - 2022 - Zhang - Defect‐Engineering‐Stabilized AgSbTe2 with High Thermoelectric Performance.pdf,10.1002/adma.202208994,AgSbTe2,AgSbTe1.85Se0.1S0.05,AgSbTe1.85Se0.1S0.05,Se,0.1,Te,S (0.05) @ Te,Se (0.1) @ Te site; S (0.05) @ Te site,figure,Fig. 4E,Visually estimated from Fig. 4E,13.000000000000002,uW/cm.K2,False,16.0,52.0,36.0,49.6,2.9199999999999995,52.0,65.0,90.0,25.0,82.44999999999999,8.725000000000007,90.0,32.065,127.6,95.535,118.7968625,9.624470937499996,127.6,388.36,1234.93,846.57,886.1122500000001,183.24275000000003,722.66,11.0,16.0,5.0,14.5,1.7500000000000002,16.0,3.0,5.0,2.0,4.949999999999999,0.09625000000000065,5.0,105.0,145.0,40.0,139.1375,2.9312499999999946,138.0,1.93,2.58,0.6500000000000001,2.06225,0.0722500000000001,2.1,1.0,2.0,1.0,1.75,0.37499999999999994,2.0,0.0,4.0,4.0,2.75,1.375,4.0,0.0,10.0,10.0,9.875,0.246875,10.0,0.0,0.0,0.0,0.0,0.0,0.0,6.0,16.0,10.0,14.375,1.8968749999999999,16.0,0.0,1.0,1.0,0.25,0.37499999999999994,0.0,0.0,3.0,3.0,1.75,0.875,2.0,0.0,0.0,0.0,0.0,0.0,0.0,0.0,0.0,0.0,0.0,0.0,0.0,1.0,3.0,2.0,2.0,0.5,2.0,16.33,34.7633333333,18.4333333333,29.02087760415125,6.581332747386969,34.7633333333,0.0,2.202,2.202,0.2621,0.2621,0.464,0.0,0.0,0.0,0.0,0.0,0.0,14.0,225.0,211.0,169.275,27.862500000000004,152.0,1.75,2.75,9.875,0.0,0.12173913043478261,0.19130434782608696,0.6869565217391305,0.0,9.950601560414498,0.1563274964505444,0.1,2.0,1.0,0.25,0.25,0.4625,300.0,0.0,0.22999999999999976
Advanced Materials - 2022 - Zhang - Defect‐Engineering‐Stabilized AgSbTe2 with High Thermoelectric Performance.pdf,10.1002/adma.202208994,AgSbTe2,AgSbTe1.8Se0.1S0.1,AgSbTe1.8Se0.1S0.1,Se,0.1,Te,S (0.1) @ Te,Se (0.1) @ Te site; S (0.1) @ Te site,figure,Fig. 4E,Visually estimated from Fig. 4E,11.000000000000002,uW/cm.K2,False,16.0,52.0,36.0,49.150000000000006,3.489999999999998,52.0,65.0,90.0,25.0,82.425,8.7125,90.0,32.065,127.6,95.535,117.602675,11.076254999999996,127.6,388.36,1234.93,846.57,881.9335,187.42150000000004,722.66,11.0,16.0,5.0,14.5,1.7500000000000002,16.0,3.0,5.0,2.0,4.925,0.14250000000000018,5.0,105.0,145.0,40.0,138.725,3.2750000000000004,138.0,1.93,2.58,0.6500000000000001,2.06825,0.07825000000000011,2.1,1.0,2.0,1.0,1.75,0.37499999999999994,2.0,0.0,4.0,4.0,2.75,1.375,4.0,0.0,10.0,10.0,9.75,0.48750000000000004,10.0,0.0,0.0,0.0,0.0,0.0,0.0,6.0,16.0,10.0,14.25,2.0375,16.0,0.0,1.0,1.0,0.25,0.37499999999999994,0.0,0.0,3.0,3.0,1.75,0.875,2.0,0.0,0.0,0.0,0.0,0.0,0.0,0.0,0.0,0.0,0.0,0.0,0.0,1.0,3.0,2.0,2.0,0.5,2.0,16.33,34.7633333333,18.4333333333,28.908671874985,6.594859374991,34.7633333333,0.0,2.202,2.202,0.283825,0.28382500000000005,0.464,0.0,0.0,0.0,0.0,0.0,0.0,14.0,225.0,211.0,168.25,28.375,152.0,1.75,2.75,9.75,0.0,0.12280701754385964,0.19298245614035087,0.6842105263157895,0.0,10.284321913389274,0.1701489757914341,0.1,2.0,1.0,0.25,0.25,0.45,300.0,0.0,0.22999999999999976
Advanced Materials - 2023 - Taneja - High Thermoelectric Performance in Phonon‐Glass Electron‐Crystal Like AgSbTe2.pdf,10.1002/adma.202307058,AgSbTe2,AgSb0.96Yb0.04Te2,AgSb0.96Yb0.04Te2,Yb,4 mol%,Sb,,Yb (4 mol%) @ Sb site,body text,,,18.93,uW/cm.K2,False,47.0,70.0,23.0,50.69,1.845000000000001,52.0,39.0,90.0,51.0,82.03999999999999,9.380800000000004,90.0,107.8682,173.054,65.1858,121.71999,6.925895000000001,127.6,722.66,1234.93,512.2700000000001,897.8897,175.22970000000004,722.66,3.0,16.0,13.0,14.379999999999999,1.9176000000000004,16.0,5.0,6.0,1.0,5.01,0.01979999999999979,5.0,138.0,187.0,49.0,140.48000000000002,3.190400000000009,138.0,1.26,2.1,0.8400000000000001,2.0370999999999997,0.06909200000000017,2.1,1.0,2.0,1.0,1.75,0.375,2.0,0.0,4.0,4.0,2.7199999999999998,1.4144,4.0,0.0,10.0,10.0,9.9,0.19799999999999965,10.0,0.0,14.0,14.0,0.14,0.2772,0.0,11.0,16.0,5.0,14.51,1.7550000000000001,16.0,0.0,1.0,1.0,0.25,0.375,0.0,0.0,3.0,3.0,1.72,0.8944,2.0,0.0,0.0,0.0,0.0,0.0,0.0,0.0,0.0,0.0,0.0,0.0,0.0,0.0,3.0,3.0,1.97,0.5244000000000001,2.0,16.33,34.7633333333,18.4333333333,29.37976666665,6.524883333324999,34.7633333333,0.0,0.464,0.464,0.232,0.232,0.464,0.0,0.0,0.0,0.0,0.0,0.0,152.0,225.0,73.0,174.34,26.343200000000003,152.0,1.75,2.7199999999999998,9.9,0.14,0.12060647829083392,0.18745692625775326,0.6822880771881461,0.009648518263266714,8.993810816868557,0.1391076532232456,0.04,1.0,0.0,0.25,0.24,0.5,573.0,0.0,0.10799999999999998
Advanced Materials - 2024 - Li - High‐Performance AgSbTe2 Thermoelectrics  Advances  Challenges  and Perspectives.pdf,10.1002/adma.202409275,AgSbTe2,AgSb0.94Cd0.06Te2,AgSb0.94Cd0.06Te2,Cd,0.06,Sb,,Cd (0.06) @ Sb site,Table 1,,,17.83,uW/cm.K2,False,47.0,52.0,5.0,50.455,1.8011500000000007,52.0,65.0,90.0,25.0,82.27499999999999,9.005750000000004,90.0,107.8682,127.6,19.731799999999993,121.06681499999999,6.858981950000002,127.6,594.22,1234.93,640.71,891.3641,177.618423,722.66,11.0,16.0,5.0,14.455,1.8011499999999998,16.0,5.0,5.0,0.0,5.0,0.0,5.0,138.0,145.0,7.0,140.075,2.580249999999995,138.0,1.69,2.1,0.41000000000000014,2.0396,0.06528799999999998,2.1,1.0,2.0,1.0,1.75,0.375,2.0,0.0,4.0,4.0,2.705,1.43365,4.0,10.0,10.0,0.0,10.0,0.0,10.0,0.0,0.0,0.0,0.0,0.0,0.0,11.0,16.0,5.0,14.455,1.8011499999999998,16.0,0.0,1.0,1.0,0.25,0.375,0.0,0.0,3.0,3.0,1.705,0.90365,2.0,0.0,0.0,0.0,0.0,0.0,0.0,0.0,0.0,0.0,0.0,0.0,0.0,0.0,3.0,3.0,1.955,0.53615,2.0,16.33,34.7633333333,18.4333333333,29.17319166665,6.711941583324499,34.7633333333,0.0,0.464,0.464,0.232,0.232,0.464,0.0,0.0,0.0,0.0,0.0,0.0,152.0,225.0,73.0,174.17,26.009899999999995,152.0,1.75,2.705,10.0,0.0,0.12106537530266344,0.18713248011068834,0.6918021445866482,0.0,9.11649772763948,0.1247338027054823,0.06,1.0,0.0,0.25,0.235,0.5,573.0,1.0,0.19000000000000006
Angew Chem Int Ed - 2026 - Han - Lead‐Doping Enabled Band Engineering and Phonon Transport Modulation  Key to.pdf,10.1002/anie.2554196,AgSbTe2,AgSbTe2,AgSbTe2,,,,,,body text,Page 5,,8.27,uW/cm.K2,False,47.0,52.0,5.0,50.5,1.75,52.0,65.0,90.0,25.0,82.5,8.75,90.0,107.8682,127.6,19.731799999999993,121.20705,6.669425,127.6,722.66,1234.93,512.2700000000001,896.0074999999999,173.34750000000003,722.66,11.0,16.0,5.0,14.5,1.75,16.0,5.0,5.0,0.0,5.0,0.0,5.0,138.0,145.0,7.0,140.0,2.5,138.0,1.93,2.1,0.17000000000000015,2.045,0.05750000000000005,2.1,1.0,2.0,1.0,1.75,0.375,2.0,0.0,4.0,4.0,2.75,1.375,4.0,10.0,10.0,0.0,10.0,0.0,10.0,0.0,0.0,0.0,0.0,0.0,0.0,11.0,16.0,5.0,14.5,1.75,16.0,0.0,1.0,1.0,0.25,0.375,0.0,0.0,3.0,3.0,1.75,0.875,2.0,0.0,0.0,0.0,0.0,0.0,0.0,0.0,0.0,0.0,0.0,0.0,0.0,1.0,3.0,2.0,2.0,0.5,2.0,16.33,34.7633333333,18.4333333333,29.35416666665,6.512083333324999,34.7633333333,0.0,0.464,0.464,0.232,0.232,0.464,0.0,0.0,0.0,0.0,0.0,0.0,152.0,225.0,73.0,173.75,25.625,152.0,1.75,2.75,10.0,0.0,0.1206896551724138,0.1896551724137931,0.6896551724137931,0.0,8.644719482306641,0.11200000000000014,,0.0,0.0,0.25,0.25,0.5,300.0,,
Angew Chem Int Ed - 2026 - Han - Lead‐Doping Enabled Band Engineering and Phonon Transport Modulation  Key to.pdf,10.1002/anie.2554196,AgSbTe2,AgSb0.96Pb0.04Te2,AgSb0.96Pb0.04Te2,Pb,0.04,Sb,,Pb (0.04) @ Sb site,body text,Page 1,,18.14,uW/cm.K2,False,47.0,82.0,35.0,50.81,1.904999999999999,52.0,65.0,90.0,25.0,82.46000000000001,8.759199999999996,90.0,107.8682,207.2,99.33179999999999,122.06145000000001,7.241320999999996,127.6,600.61,1234.93,634.32,892.9757999999999,176.16311600000003,722.66,11.0,16.0,5.0,14.489999999999998,1.7548000000000008,16.0,5.0,6.0,1.0,5.01,0.01979999999999979,5.0,138.0,146.0,8.0,140.07,2.583599999999997,138.0,1.93,2.33,0.40000000000000013,2.0478,0.05889999999999999,2.1,1.0,2.0,1.0,1.75,0.375,2.0,0.0,4.0,4.0,2.74,1.3847999999999998,4.0,10.0,10.0,0.0,10.0,0.0,10.0,0.0,14.0,14.0,0.14,0.2772,0.0,11.0,28.0,17.0,14.629999999999999,1.8150000000000004,16.0,0.0,1.0,1.0,0.25,0.375,0.0,0.0,4.0,4.0,1.76,0.88,2.0,0.0,0.0,0.0,0.0,0.0,0.0,0.0,0.0,0.0,0.0,0.0,0.0,1.0,4.0,3.0,2.01,0.5149999999999999,2.0,16.33,34.7633333333,18.4333333333,29.31966666665,6.519026666657998,34.7633333333,0.0,0.464,0.464,0.232,0.232,0.464,0.0,0.0,0.0,0.0,0.0,0.0,152.0,225.0,73.0,174.34,26.343200000000003,152.0,1.75,2.74,10.0,0.14,0.11961722488038279,0.18728639781271364,0.6835269993164731,0.009569377990430623,8.993810816868557,0.11836138456652918,0.04,1.0,0.0,0.25,0.24,0.5,623.0,1.0,0.43000000000000005
Angew Chem Int Ed - 2026 - Han - Lead‐Doping Enabled Band Engineering and Phonon Transport Modulation  Key to.pdf,10.1002/anie.2554196,AgSbTe2,AgSb0.96Pb0.04Te2,AgSb0.96Pb0.04Te2,Pb,0.04,Sb,,Pb (0.04) @ Sb site,body text,Page 5,,12.9,uW/cm.K2,False,47.0,82.0,35.0,50.81,1.904999999999999,52.0,65.0,90.0,25.0,82.46000000000001,8.759199999999996,90.0,107.8682,207.2,99.33179999999999,122.06145000000001,7.241320999999996,127.6,600.61,1234.93,634.32,892.9757999999999,176.16311600000003,722.66,11.0,16.0,5.0,14.489999999999998,1.7548000000000008,16.0,5.0,6.0,1.0,5.01,0.01979999999999979,5.0,138.0,146.0,8.0,140.07,2.583599999999997,138.0,1.93,2.33,0.40000000000000013,2.0478,0.05889999999999999,2.1,1.0,2.0,1.0,1.75,0.375,2.0,0.0,4.0,4.0,2.74,1.3847999999999998,4.0,10.0,10.0,0.0,10.0,0.0,10.0,0.0,14.0,14.0,0.14,0.2772,0.0,11.0,28.0,17.0,14.629999999999999,1.8150000000000004,16.0,0.0,1.0,1.0,0.25,0.375,0.0,0.0,4.0,4.0,1.76,0.88,2.0,0.0,0.0,0.0,0.0,0.0,0.0,0.0,0.0,0.0,0.0,0.0,0.0,1.0,4.0,3.0,2.01,0.5149999999999999,2.0,16.33,34.7633333333,18.4333333333,29.31966666665,6.519026666657998,34.7633333333,0.0,0.464,0.464,0.232,0.232,0.464,0.0,0.0,0.0,0.0,0.0,0.0,152.0,225.0,73.0,174.34,26.343200000000003,152.0,1.75,2.74,10.0,0.14,0.11961722488038279,0.18728639781271364,0.6835269993164731,0.009569377990430623,8.993810816868557,0.11836138456652918,0.04,1.0,0.0,0.25,0.24,0.5,300.0,1.0,0.43000000000000005
Angew Chem Int Ed - 2026 - Han - Lead‐Doping Enabled Band Engineering and Phonon Transport Modulation  Key to.pdf,10.1002/anie.2554196,AgSbTe2,Ag0.96Pb0.04Te2,Ag0.96Pb0.04Te2,Pb,0.04,Sb,,Pb (0.04) @ Sb site,body text,,,18.14,uW/cm.K2,False,47.0,82.0,35.0,50.800000000000004,2.4319999999999986,52.0,65.0,90.0,25.0,81.88,10.826666666666668,90.0,107.8682,207.2,99.33179999999999,122.34715733333333,9.26653269333333,127.6,600.61,1234.93,634.32,884.9590666666667,223.98139733333338,722.66,11.0,16.0,5.0,14.373333333333333,2.168888888888889,16.0,5.0,6.0,1.0,5.013333333333333,0.026311111111110546,5.0,138.0,146.0,8.0,140.34666666666666,3.1288888888888877,138.0,1.93,2.33,0.40000000000000013,2.0486666666666666,0.07594666666666676,2.1,1.0,2.0,1.0,1.68,0.43520000000000003,2.0,0.0,4.0,4.0,2.6933333333333334,1.7422222222222221,4.0,10.0,10.0,0.0,10.0,0.0,10.0,0.0,14.0,14.0,0.18666666666666668,0.36835555555555555,0.0,11.0,28.0,17.0,14.56,2.2783999999999995,16.0,0.0,1.0,1.0,0.32,0.43520000000000003,0.0,0.0,4.0,4.0,1.3866666666666667,0.8874666666666666,2.0,0.0,0.0,0.0,0.0,0.0,0.0,0.0,0.0,0.0,0.0,0.0,0.0,1.0,4.0,3.0,1.7066666666666668,0.4522666666666666,2.0,16.33,34.7633333333,18.4333333333,28.77595555553333,7.9831703703555545,34.7633333333,0.0,0.464,0.464,0.30933333333333335,0.20622222222222222,0.464,0.0,0.0,0.0,0.0,0.0,0.0,152.0,225.0,73.0,176.33333333333334,32.44444444444445,152.0,1.68,2.6933333333333334,10.0,0.18666666666666668,0.11538461538461538,0.184981684981685,0.6868131868131868,0.01282051282051282,5.757728370863799,0.17668759811616971,0.04,1.0,0.0,0.32,0.0,0.6666666666666666,623.0,1.0,0.43000000000000005
"Carrier optimization and reduced thermal conductivity leading to enhanced thermoelectric performance in (Mg, S) co-doped AgSbTe2.pdf",10.1016/j.mtphys.2024.101358,AgSbTe2,AgSb0.97Mg0.03Te1.90S0.10,AgSb0.97Mg0.03Te1.90S0.10,Mg,3 atomic %,Sb,S (y = 0.10) @ Te,Mg (3 atomic %) @ Sb site; S (y = 0.10) @ Te site,body text,,,14.239999999999998,uW/cm.K2,False,12.0,52.0,40.0,49.3075,3.378737500000001,52.0,65.0,90.0,25.0,82.3225,8.876087499999997,90.0,24.305,127.6,103.29499999999999,118.0877625,10.8176608125,127.6,388.36,1234.93,846.57,887.7941499999998,181.84915,722.66,2.0,16.0,14.0,14.402499999999998,1.887287500000001,16.0,3.0,5.0,2.0,4.935,0.12577500000000036,5.0,105.0,145.0,40.0,139.19,2.932149999999999,138.0,1.31,2.58,1.27,2.05145,0.07255000000000011,2.1,1.0,2.0,1.0,1.75,0.37499999999999994,2.0,0.0,4.0,4.0,2.7275,1.4046625,4.0,0.0,10.0,10.0,9.675,0.6288749999999994,10.0,0.0,0.0,0.0,0.0,0.0,0.0,2.0,16.0,14.0,14.152499999999998,2.166162500000001,16.0,0.0,1.0,1.0,0.25,0.37499999999999994,0.0,0.0,3.0,3.0,1.7275,0.8896625,2.0,0.0,0.0,0.0,0.0,0.0,0.0,0.0,0.0,0.0,0.0,0.0,0.0,0.0,3.0,3.0,1.9775,0.5184124999999999,2.0,16.33,34.7633333333,18.4333333333,29.0647302083175,6.623878817699386,34.7633333333,0.0,2.202,2.202,0.27545000000000003,0.27545,0.464,0.0,0.0,0.0,0.0,0.0,0.0,70.0,225.0,155.0,171.91,26.87635,152.0,1.75,2.7275,9.675,0.0,0.12365306482953543,0.19272213389860451,0.6836248012718602,0.0,9.750070447357592,0.15867371769078972,0.03,2.0,1.0,0.25,0.2425,0.475,300.0,1.0,0.040000000000000036
"Carrier optimization and reduced thermal conductivity leading to enhanced thermoelectric performance in (Mg, S) co-doped AgSbTe2.pdf",10.1016/j.mtphys.2024.101358,AgSbTe2,AgSb0.97Mg0.03Te1.90S0.10,AgSb0.97Mg0.03Te1.90S0.10,Mg,3 atomic %,Sb,S (y = 0.10) @ Te,Mg (3 atomic %) @ Sb site; S (y = 0.10) @ Te site,body text,,,17.21,uW/cm.K2,False,12.0,52.0,40.0,49.3075,3.378737500000001,52.0,65.0,90.0,25.0,82.3225,8.876087499999997,90.0,24.305,127.6,103.29499999999999,118.0877625,10.8176608125,127.6,388.36,1234.93,846.57,887.7941499999998,181.84915,722.66,2.0,16.0,14.0,14.402499999999998,1.887287500000001,16.0,3.0,5.0,2.0,4.935,0.12577500000000036,5.0,105.0,145.0,40.0,139.19,2.932149999999999,138.0,1.31,2.58,1.27,2.05145,0.07255000000000011,2.1,1.0,2.0,1.0,1.75,0.37499999999999994,2.0,0.0,4.0,4.0,2.7275,1.4046625,4.0,0.0,10.0,10.0,9.675,0.6288749999999994,10.0,0.0,0.0,0.0,0.0,0.0,0.0,2.0,16.0,14.0,14.152499999999998,2.166162500000001,16.0,0.0,1.0,1.0,0.25,0.37499999999999994,0.0,0.0,3.0,3.0,1.7275,0.8896625,2.0,0.0,0.0,0.0,0.0,0.0,0.0,0.0,0.0,0.0,0.0,0.0,0.0,0.0,3.0,3.0,1.9775,0.5184124999999999,2.0,16.33,34.7633333333,18.4333333333,29.0647302083175,6.623878817699386,34.7633333333,0.0,2.202,2.202,0.27545000000000003,0.27545,0.464,0.0,0.0,0.0,0.0,0.0,0.0,70.0,225.0,155.0,171.91,26.87635,152.0,1.75,2.7275,9.675,0.0,0.12365306482953543,0.19272213389860451,0.6836248012718602,0.0,9.750070447357592,0.15867371769078972,0.03,2.0,1.0,0.25,0.2425,0.475,600.0,1.0,0.040000000000000036
"Carrier optimization and reduced thermal conductivity leading to enhanced thermoelectric performance in (Mg, S) co-doped AgSbTe2.pdf",10.1016/j.mtphys.2024.101358,AgSbTe2,AgSb0.97Mg0.03Te1.9S0.10,AgSb0.97Mg0.03Te1.9S0.10,Mg,3 at.%,Sb,S (0.10) @ Te,Mg (3 at.%) @ Sb site; S (0.10) @ Te site,body text,,,17.21,uW/cm.K2,False,12.0,52.0,40.0,49.3075,3.378737500000001,52.0,65.0,90.0,25.0,82.3225,8.876087499999997,90.0,24.305,127.6,103.29499999999999,118.0877625,10.8176608125,127.6,388.36,1234.93,846.57,887.7941499999998,181.84915,722.66,2.0,16.0,14.0,14.402499999999998,1.887287500000001,16.0,3.0,5.0,2.0,4.935,0.12577500000000036,5.0,105.0,145.0,40.0,139.19,2.932149999999999,138.0,1.31,2.58,1.27,2.05145,0.07255000000000011,2.1,1.0,2.0,1.0,1.75,0.37499999999999994,2.0,0.0,4.0,4.0,2.7275,1.4046625,4.0,0.0,10.0,10.0,9.675,0.6288749999999994,10.0,0.0,0.0,0.0,0.0,0.0,0.0,2.0,16.0,14.0,14.152499999999998,2.166162500000001,16.0,0.0,1.0,1.0,0.25,0.37499999999999994,0.0,0.0,3.0,3.0,1.7275,0.8896625,2.0,0.0,0.0,0.0,0.0,0.0,0.0,0.0,0.0,0.0,0.0,0.0,0.0,0.0,3.0,3.0,1.9775,0.5184124999999999,2.0,16.33,34.7633333333,18.4333333333,29.0647302083175,6.623878817699386,34.7633333333,0.0,2.202,2.202,0.27545000000000003,0.27545,0.464,0.0,0.0,0.0,0.0,0.0,0.0,70.0,225.0,155.0,171.91,26.87635,152.0,1.75,2.7275,9.675,0.0,0.12365306482953543,0.19272213389860451,0.6836248012718602,0.0,9.750070447357592,0.15867371769078972,0.03,2.0,1.0,0.25,0.2425,0.475,600.0,1.0,0.040000000000000036
Carrier scattering mechanism change in Se and S co-doped AgSbTe2 thermoelectric materials.pdf,10.1007/s43207-026-00585-7,AgSbTe2,AgSbTe2,AgSbTe2,,,,,,figure,,Visually estimated from Fig. 6(f) at nH ~ 10^19 cm^-3,11.999999999999998,uW/cm.K2,False,47.0,52.0,5.0,50.5,1.75,52.0,65.0,90.0,25.0,82.5,8.75,90.0,107.8682,127.6,19.731799999999993,121.20705,6.669425,127.6,722.66,1234.93,512.2700000000001,896.0074999999999,173.34750000000003,722.66,11.0,16.0,5.0,14.5,1.75,16.0,5.0,5.0,0.0,5.0,0.0,5.0,138.0,145.0,7.0,140.0,2.5,138.0,1.93,2.1,0.17000000000000015,2.045,0.05750000000000005,2.1,1.0,2.0,1.0,1.75,0.375,2.0,0.0,4.0,4.0,2.75,1.375,4.0,10.0,10.0,0.0,10.0,0.0,10.0,0.0,0.0,0.0,0.0,0.0,0.0,11.0,16.0,5.0,14.5,1.75,16.0,0.0,1.0,1.0,0.25,0.375,0.0,0.0,3.0,3.0,1.75,0.875,2.0,0.0,0.0,0.0,0.0,0.0,0.0,0.0,0.0,0.0,0.0,0.0,0.0,1.0,3.0,2.0,2.0,0.5,2.0,16.33,34.7633333333,18.4333333333,29.35416666665,6.512083333324999,34.7633333333,0.0,0.464,0.464,0.232,0.232,0.464,0.0,0.0,0.0,0.0,0.0,0.0,152.0,225.0,73.0,173.75,25.625,152.0,1.75,2.75,10.0,0.0,0.1206896551724138,0.1896551724137931,0.6896551724137931,0.0,8.644719482306641,0.11200000000000014,,0.0,0.0,0.25,0.25,0.5,570.0,,
Carrier scattering mechanism change in Se and S co-doped AgSbTe2 thermoelectric materials.pdf,10.1007/s43207-026-00585-7,AgSbTe2,AgSbTe1.9Se0.05S0.05,AgSbTe1.9Se0.05S0.05,Se,0.05,Te,S (0.05) @ Te,Se (0.05) @ Te site; S (0.05) @ Te site,figure,,Visually estimated from Fig. 6(d) at nH ~ 10^20 cm^-3,16.000000000000004,uW/cm.K2,False,16.0,52.0,36.0,49.82500000000001,2.6537499999999956,52.0,65.0,90.0,25.0,82.4625,8.73125,90.0,32.065,127.6,95.535,119.4048625,8.962949375000003,127.6,388.36,1234.93,846.57,888.9705000000001,180.38450000000006,722.66,11.0,16.0,5.0,14.5,1.7500000000000002,16.0,3.0,5.0,2.0,4.9625,0.07312499999999968,5.0,105.0,145.0,40.0,139.36250000000004,2.8187500000000205,138.0,1.93,2.58,0.6500000000000001,2.056625,0.06662500000000011,2.1,1.0,2.0,1.0,1.75,0.37500000000000006,2.0,0.0,4.0,4.0,2.75,1.3750000000000002,4.0,0.0,10.0,10.0,9.875000000000002,0.24687499999999832,10.0,0.0,0.0,0.0,0.0,0.0,0.0,6.0,16.0,10.0,14.375,1.8968750000000003,16.0,0.0,1.0,1.0,0.25000000000000006,0.37500000000000006,0.0,0.0,3.0,3.0,1.75,0.8750000000000002,2.0,0.0,0.0,0.0,0.0,0.0,0.0,0.0,0.0,0.0,0.0,0.0,0.0,1.0,3.0,2.0,2.0,0.5000000000000001,2.0,16.33,34.7633333333,18.4333333333,29.131419270817503,6.564608723949624,34.7633333333,0.0,2.202,2.202,0.2579125000000001,0.25791250000000004,0.464,0.0,0.0,0.0,0.0,0.0,0.0,14.0,225.0,211.0,171.00000000000003,27.000000000000014,152.0,1.75,2.75,9.875000000000002,0.0,0.12173913043478261,0.19130434782608696,0.6869565217391306,0.0,9.614071925296303,0.1427876745305731,0.05,2.0,1.0,0.25000000000000006,0.25000000000000006,0.47500000000000003,570.0,0.0,0.22999999999999976
Carrier scattering mechanism change in Se and S co-doped AgSbTe2 thermoelectric materials.pdf,10.1007/s43207-026-00585-7,AgSbTe2,AgSbTe1.85Se0.1S0.05,AgSbTe1.85Se0.1S0.05,Se,0.1,Te,S (0.05) @ Te,Se (0.1) @ Te site; S (0.05) @ Te site,figure,,Visually estimated from Fig. 6(d) at nH ~ 10^20 cm^-3,20.0,uW/cm.K2,False,16.0,52.0,36.0,49.6,2.9199999999999995,52.0,65.0,90.0,25.0,82.44999999999999,8.725000000000007,90.0,32.065,127.6,95.535,118.7968625,9.624470937499996,127.6,388.36,1234.93,846.57,886.1122500000001,183.24275000000003,722.66,11.0,16.0,5.0,14.5,1.7500000000000002,16.0,3.0,5.0,2.0,4.949999999999999,0.09625000000000065,5.0,105.0,145.0,40.0,139.1375,2.9312499999999946,138.0,1.93,2.58,0.6500000000000001,2.06225,0.0722500000000001,2.1,1.0,2.0,1.0,1.75,0.37499999999999994,2.0,0.0,4.0,4.0,2.75,1.375,4.0,0.0,10.0,10.0,9.875,0.246875,10.0,0.0,0.0,0.0,0.0,0.0,0.0,6.0,16.0,10.0,14.375,1.8968749999999999,16.0,0.0,1.0,1.0,0.25,0.37499999999999994,0.0,0.0,3.0,3.0,1.75,0.875,2.0,0.0,0.0,0.0,0.0,0.0,0.0,0.0,0.0,0.0,0.0,0.0,0.0,1.0,3.0,2.0,2.0,0.5,2.0,16.33,34.7633333333,18.4333333333,29.02087760415125,6.581332747386969,34.7633333333,0.0,2.202,2.202,0.2621,0.2621,0.464,0.0,0.0,0.0,0.0,0.0,0.0,14.0,225.0,211.0,169.275,27.862500000000004,152.0,1.75,2.75,9.875,0.0,0.12173913043478261,0.19130434782608696,0.6869565217391305,0.0,9.950601560414498,0.1563274964505444,0.1,2.0,1.0,0.25,0.25,0.4625,570.0,0.0,0.22999999999999976
Carrier scattering mechanism change in Se and S co-doped AgSbTe2 thermoelectric materials.pdf,10.1007/s43207-026-00585-7,AgSbTe2,AgSbTe1.8Se0.1S0.1,AgSbTe1.8Se0.1S0.1,Se,0.1,Te,S (0.1) @ Te,Se (0.1) @ Te site; S (0.1) @ Te site,figure,,Visually estimated from Fig. 6(d) at nH ~ 10^20 cm^-3,22.000000000000004,uW/cm.K2,False,16.0,52.0,36.0,49.150000000000006,3.489999999999998,52.0,65.0,90.0,25.0,82.425,8.7125,90.0,32.065,127.6,95.535,117.602675,11.076254999999996,127.6,388.36,1234.93,846.57,881.9335,187.42150000000004,722.66,11.0,16.0,5.0,14.5,1.7500000000000002,16.0,3.0,5.0,2.0,4.925,0.14250000000000018,5.0,105.0,145.0,40.0,138.725,3.2750000000000004,138.0,1.93,2.58,0.6500000000000001,2.06825,0.07825000000000011,2.1,1.0,2.0,1.0,1.75,0.37499999999999994,2.0,0.0,4.0,4.0,2.75,1.375,4.0,0.0,10.0,10.0,9.75,0.48750000000000004,10.0,0.0,0.0,0.0,0.0,0.0,0.0,6.0,16.0,10.0,14.25,2.0375,16.0,0.0,1.0,1.0,0.25,0.37499999999999994,0.0,0.0,3.0,3.0,1.75,0.875,2.0,0.0,0.0,0.0,0.0,0.0,0.0,0.0,0.0,0.0,0.0,0.0,0.0,1.0,3.0,2.0,2.0,0.5,2.0,16.33,34.7633333333,18.4333333333,28.908671874985,6.594859374991,34.7633333333,0.0,2.202,2.202,0.283825,0.28382500000000005,0.464,0.0,0.0,0.0,0.0,0.0,0.0,14.0,225.0,211.0,168.25,28.375,152.0,1.75,2.75,9.75,0.0,0.12280701754385964,0.19298245614035087,0.6842105263157895,0.0,10.284321913389274,0.1701489757914341,0.1,2.0,1.0,0.25,0.25,0.45,570.0,0.0,0.22999999999999976
Charge Compensation Modulation of the Thermoelectric Properties in AgSbTe2 via Mn Amphoteric Doping.pdf,10.1021/acs.inorgchem.9b00852,AgSbTe2,5 mol % MnAg-MnSb amphoteric doping,Ag1-ySb1-xMnx+yTe2,Mn,5 mol %,Ag,Mn (5 mol %) @ Sb,Mn (5 mol %) @ Ag site; Mn (5 mol %) @ Sb site,body text,"Page 5, Results and Discussion",,14.0,uW/cm.K2,True,25.0,52.0,27.0,49.9,2.622500000000001,52.0,52.0,90.0,38.0,81.925,9.535625000000001,90.0,54.938045,127.6,72.66195499999999,119.710148625,8.863530778124998,127.6,722.66,1519.0,796.34,907.2486250000001,186.23622187500004,722.66,7.0,16.0,9.0,14.350000000000001,1.9587499999999993,16.0,4.0,5.0,1.0,4.975,0.04875000000000034,5.0,138.0,145.0,7.0,139.92499999999998,2.4106249999999907,138.0,1.55,2.1,0.55,2.034,0.07360000000000011,2.1,1.0,2.0,1.0,1.7625,0.3621875,2.0,0.0,4.0,4.0,2.7125,1.4240625,4.0,5.0,10.0,5.0,9.875,0.24375000000000002,10.0,0.0,0.0,0.0,0.0,0.0,0.0,7.0,16.0,9.0,14.350000000000001,1.9587499999999993,16.0,0.0,1.0,1.0,0.2375,0.36218749999999994,0.0,0.0,3.0,3.0,1.7125,0.8990625,2.0,0.0,5.0,5.0,0.125,0.24375000000000002,0.0,0.0,0.0,0.0,0.0,0.0,0.0,1.0,5.0,4.0,2.075,0.5856250000000001,2.0,10.4875862069,34.7633333333,24.2757471264,29.017731321822495,6.953179633611813,34.7633333333,0.0,0.464,0.464,0.232,0.232,0.464,0.0,0.000310120689655,0.000310120689655,7.753017241375e-06,1.5118383620681249e-05,0.0,152.0,225.0,73.0,174.28750000000002,26.22406250000001,152.0,1.7625,2.7125,9.875,0.0,0.12282229965156793,0.1890243902439024,0.6881533101045295,0.0,9.325914609219414,0.14136475208640173,0.05,2.0,1.0,0.2375,0.2375,0.5,550.0,1.0,0.32000000000000006
Chen_2012_J._Phys._D__Appl._Phys._45_115302.pdf,10.1088/0022-3727/45/11/115302,Ag0.366Sb0.558Te,0% GeTe,"(Ag0.366Sb0.558Te)1-x(GeTe)x, x=0",Ge,0%,unclear,,Ge (0%) @ unclear site,figure,Fig. 3c,Visually estimated from Fig. 3c,5.5,uW/cm.K2,False,47.0,52.0,5.0,50.75883575883576,1.430076806376183,52.0,65.0,90.0,25.0,83.79417879417879,7.1503840318809155,90.0,107.8682,127.6,19.731799999999993,122.15272411642411,5.66244894342607,127.6,722.66,1234.93,512.2700000000001,872.6370166320166,155.90126469024602,722.66,11.0,16.0,5.0,14.75883575883576,1.4300768063761822,16.0,5.0,5.0,0.0,5.000000000000001,8.881784197001252e-16,5.0,138.0,145.0,7.0,139.62162162162164,2.0462437489464644,138.0,1.93,2.1,0.17000000000000015,2.0531600831600834,0.0486901422452359,2.1,1.0,2.0,1.0,1.80977130977131,0.3080834712851344,2.0,0.0,4.0,4.0,2.9490644490644495,1.121993335091048,4.0,10.0,10.0,0.0,10.000000000000002,1.7763568394002505e-15,10.0,0.0,0.0,0.0,0.0,0.0,0.0,11.0,16.0,5.0,14.75883575883576,1.4300768063761822,16.0,0.0,1.0,1.0,0.19022869022869024,0.3080834712851345,0.0,0.0,3.0,3.0,1.9095634095634098,0.7265074926197587,2.0,0.0,0.0,0.0,0.0,0.0,0.0,0.0,0.0,0.0,0.0,0.0,0.0,1.0,3.0,2.0,2.0997920997921,0.5221580128025035,2.0,16.33,34.7633333333,18.4333333333,30.327751212733887,5.325547758690854,34.7633333333,0.0,0.464,0.464,0.24116424116424118,0.23163800294777429,0.464,0.0,0.0,0.0,0.0,0.0,0.0,152.0,225.0,73.0,169.94698544698545,20.945325703121966,152.0,1.80977130977131,2.9490644490644495,10.000000000000002,0.0,0.12262290463445556,0.199816875616284,0.6775602197492605,0.0,8.437570244035221,0.10159946393814033,0.0,1.0,0.0,0.19022869022869024,0.29002079002079006,0.5197505197505198,500.0,,
"Contrasting roles of small-radius metals (Cu, Zn, Ni) in enhancing the thermoelectric properties of AgSbTe2.pdf",10.1016/j.jallcom.2026.189224,AgSbTe2,AgSbTe2,AgSbTe2,,,,,,Table 1,,PFmax,9.21,uW/cm.K2,False,47.0,52.0,5.0,50.5,1.75,52.0,65.0,90.0,25.0,82.5,8.75,90.0,107.8682,127.6,19.731799999999993,121.20705,6.669425,127.6,722.66,1234.93,512.2700000000001,896.0074999999999,173.34750000000003,722.66,11.0,16.0,5.0,14.5,1.75,16.0,5.0,5.0,0.0,5.0,0.0,5.0,138.0,145.0,7.0,140.0,2.5,138.0,1.93,2.1,0.17000000000000015,2.045,0.05750000000000005,2.1,1.0,2.0,1.0,1.75,0.375,2.0,0.0,4.0,4.0,2.75,1.375,4.0,10.0,10.0,0.0,10.0,0.0,10.0,0.0,0.0,0.0,0.0,0.0,0.0,11.0,16.0,5.0,14.5,1.75,16.0,0.0,1.0,1.0,0.25,0.375,0.0,0.0,3.0,3.0,1.75,0.875,2.0,0.0,0.0,0.0,0.0,0.0,0.0,0.0,0.0,0.0,0.0,0.0,0.0,1.0,3.0,2.0,2.0,0.5,2.0,16.33,34.7633333333,18.4333333333,29.35416666665,6.512083333324999,34.7633333333,0.0,0.464,0.464,0.232,0.232,0.464,0.0,0.0,0.0,0.0,0.0,0.0,152.0,225.0,73.0,173.75,25.625,152.0,1.75,2.75,10.0,0.0,0.1206896551724138,0.1896551724137931,0.6896551724137931,0.0,8.644719482306641,0.11200000000000014,,0.0,0.0,0.25,0.25,0.5,300.0,,
"Contrasting roles of small-radius metals (Cu, Zn, Ni) in enhancing the thermoelectric properties of AgSbTe2.pdf",10.1016/j.jallcom.2026.189224,AgSbTe2,AgSbTe2,AgSbTe2,,,,,,Table 1,,PFave,8.86,uW/cm.K2,False,47.0,52.0,5.0,50.5,1.75,52.0,65.0,90.0,25.0,82.5,8.75,90.0,107.8682,127.6,19.731799999999993,121.20705,6.669425,127.6,722.66,1234.93,512.2700000000001,896.0074999999999,173.34750000000003,722.66,11.0,16.0,5.0,14.5,1.75,16.0,5.0,5.0,0.0,5.0,0.0,5.0,138.0,145.0,7.0,140.0,2.5,138.0,1.93,2.1,0.17000000000000015,2.045,0.05750000000000005,2.1,1.0,2.0,1.0,1.75,0.375,2.0,0.0,4.0,4.0,2.75,1.375,4.0,10.0,10.0,0.0,10.0,0.0,10.0,0.0,0.0,0.0,0.0,0.0,0.0,11.0,16.0,5.0,14.5,1.75,16.0,0.0,1.0,1.0,0.25,0.375,0.0,0.0,3.0,3.0,1.75,0.875,2.0,0.0,0.0,0.0,0.0,0.0,0.0,0.0,0.0,0.0,0.0,0.0,0.0,1.0,3.0,2.0,2.0,0.5,2.0,16.33,34.7633333333,18.4333333333,29.35416666665,6.512083333324999,34.7633333333,0.0,0.464,0.464,0.232,0.232,0.464,0.0,0.0,0.0,0.0,0.0,0.0,152.0,225.0,73.0,173.75,25.625,152.0,1.75,2.75,10.0,0.0,0.1206896551724138,0.1896551724137931,0.6896551724137931,0.0,8.644719482306641,0.11200000000000014,,0.0,0.0,0.25,0.25,0.5,425.0,,
"Contrasting roles of small-radius metals (Cu, Zn, Ni) in enhancing the thermoelectric properties of AgSbTe2.pdf",10.1016/j.jallcom.2026.189224,AgSbTe2,AgSb0.97Cu0.03Te2,AgSb0.97Cu0.03Te2,Cu,0.03,Sb,,Cu (0.03) @ Sb site,Table 1,,PFmax,16.189999999999998,uW/cm.K2,False,29.0,52.0,23.0,50.335,1.9875249999999995,52.0,64.0,90.0,26.0,82.3425,8.9463875,90.0,63.546,127.6,64.054,120.770445,7.309489175,127.6,722.66,1357.77,635.11,899.412425,176.75242500000002,722.66,11.0,16.0,5.0,14.469999999999999,1.7870500000000005,16.0,4.0,5.0,1.0,4.9925,0.014887500000000279,5.0,132.0,145.0,13.0,139.9475,2.5262499999999957,138.0,1.9,2.1,0.20000000000000018,2.043875,0.05909562500000007,2.1,1.0,2.0,1.0,1.7425,0.38238750000000005,2.0,0.0,4.0,4.0,2.7275,1.4046625,4.0,10.0,10.0,0.0,10.0,0.0,10.0,0.0,0.0,0.0,0.0,0.0,0.0,11.0,16.0,5.0,14.469999999999999,1.7870500000000005,16.0,0.0,1.0,1.0,0.2575,0.3823875,0.0,0.0,3.0,3.0,1.7275,0.8896625,2.0,0.0,0.0,0.0,0.0,0.0,0.0,0.0,0.0,0.0,0.0,0.0,0.0,1.0,3.0,2.0,1.9849999999999999,0.507275,2.0,11.07,34.7633333333,23.693333333299996,29.200491666649995,6.707203208324751,34.7633333333,0.0,0.464,0.464,0.232,0.232,0.464,0.0,0.0,0.0,0.0,0.0,0.0,152.0,225.0,73.0,174.1925,26.165862499999996,152.0,1.7425,2.7275,10.0,0.0,0.12042156185210781,0.18849343469246718,0.6910850034554251,0.0,8.924796662406377,0.1134725895289417,0.03,1.0,0.0,0.25,0.2425,0.5,300.0,1.0,0.030000000000000027
"Contrasting roles of small-radius metals (Cu, Zn, Ni) in enhancing the thermoelectric properties of AgSbTe2.pdf",10.1016/j.jallcom.2026.189224,AgSbTe2,AgSb0.97Cu0.03Te2,AgSb0.97Cu0.03Te2,Cu,0.03,Sb,,Cu (0.03) @ Sb site,Table 1,,PFave,14.75,uW/cm.K2,False,29.0,52.0,23.0,50.335,1.9875249999999995,52.0,64.0,90.0,26.0,82.3425,8.9463875,90.0,63.546,127.6,64.054,120.770445,7.309489175,127.6,722.66,1357.77,635.11,899.412425,176.75242500000002,722.66,11.0,16.0,5.0,14.469999999999999,1.7870500000000005,16.0,4.0,5.0,1.0,4.9925,0.014887500000000279,5.0,132.0,145.0,13.0,139.9475,2.5262499999999957,138.0,1.9,2.1,0.20000000000000018,2.043875,0.05909562500000007,2.1,1.0,2.0,1.0,1.7425,0.38238750000000005,2.0,0.0,4.0,4.0,2.7275,1.4046625,4.0,10.0,10.0,0.0,10.0,0.0,10.0,0.0,0.0,0.0,0.0,0.0,0.0,11.0,16.0,5.0,14.469999999999999,1.7870500000000005,16.0,0.0,1.0,1.0,0.2575,0.3823875,0.0,0.0,3.0,3.0,1.7275,0.8896625,2.0,0.0,0.0,0.0,0.0,0.0,0.0,0.0,0.0,0.0,0.0,0.0,0.0,1.0,3.0,2.0,1.9849999999999999,0.507275,2.0,11.07,34.7633333333,23.693333333299996,29.200491666649995,6.707203208324751,34.7633333333,0.0,0.464,0.464,0.232,0.232,0.464,0.0,0.0,0.0,0.0,0.0,0.0,152.0,225.0,73.0,174.1925,26.165862499999996,152.0,1.7425,2.7275,10.0,0.0,0.12042156185210781,0.18849343469246718,0.6910850034554251,0.0,8.924796662406377,0.1134725895289417,0.03,1.0,0.0,0.25,0.2425,0.5,425.0,1.0,0.030000000000000027
"Contrasting roles of small-radius metals (Cu, Zn, Ni) in enhancing the thermoelectric properties of AgSbTe2.pdf",10.1016/j.jallcom.2026.189224,AgSbTe2,AgSb0.98Zn0.02Te2,AgSb0.98Zn0.02Te2,Zn,0.02,Sb,,Zn (0.02) @ Sb site,Table 1,,PFmax,15.67,uW/cm.K2,False,30.0,52.0,22.0,50.394999999999996,1.9014500000000019,52.0,65.0,90.0,25.0,82.42,8.844199999999999,90.0,65.38,127.6,62.22,120.92515,7.083926499999997,127.6,692.68,1234.93,542.2500000000001,894.952,174.31472000000002,722.66,11.0,16.0,5.0,14.485,1.7673500000000002,16.0,4.0,5.0,1.0,4.995,0.009949999999999895,5.0,122.0,145.0,23.0,139.91500000000002,2.54250000000001,138.0,1.65,2.1,0.4500000000000002,2.043,0.06042999999999994,2.1,1.0,2.0,1.0,1.75,0.375,2.0,0.0,4.0,4.0,2.735,1.39485,4.0,10.0,10.0,0.0,10.0,0.0,10.0,0.0,0.0,0.0,0.0,0.0,0.0,11.0,16.0,5.0,14.485,1.7673500000000002,16.0,0.0,1.0,1.0,0.25,0.375,0.0,0.0,3.0,3.0,1.7349999999999999,0.88485,2.0,0.0,0.0,0.0,0.0,0.0,0.0,0.0,0.0,0.0,0.0,0.0,0.0,0.0,3.0,3.0,1.9849999999999999,0.5123500000000001,2.0,13.96,34.7633333333,20.803333333299996,29.266166666649998,6.6211449999914995,34.7633333333,0.0,0.464,0.464,0.232,0.23199999999999998,0.464,0.0,0.0,0.0,0.0,0.0,0.0,152.0,225.0,73.0,173.89,25.756099999999993,152.0,1.75,2.735,10.0,0.0,0.12081463583016915,0.18881601656886435,0.6903693476009666,0.0,8.848505117923192,0.1169495577336841,0.02,1.0,0.0,0.25,0.245,0.5,300.0,1.0,0.020000000000000018
"Contrasting roles of small-radius metals (Cu, Zn, Ni) in enhancing the thermoelectric properties of AgSbTe2.pdf",10.1016/j.jallcom.2026.189224,AgSbTe2,AgSb0.98Zn0.02Te2,AgSb0.98Zn0.02Te2,Zn,0.02,Sb,,Zn (0.02) @ Sb site,Table 1,,PFave,13.25,uW/cm.K2,False,30.0,52.0,22.0,50.394999999999996,1.9014500000000019,52.0,65.0,90.0,25.0,82.42,8.844199999999999,90.0,65.38,127.6,62.22,120.92515,7.083926499999997,127.6,692.68,1234.93,542.2500000000001,894.952,174.31472000000002,722.66,11.0,16.0,5.0,14.485,1.7673500000000002,16.0,4.0,5.0,1.0,4.995,0.009949999999999895,5.0,122.0,145.0,23.0,139.91500000000002,2.54250000000001,138.0,1.65,2.1,0.4500000000000002,2.043,0.06042999999999994,2.1,1.0,2.0,1.0,1.75,0.375,2.0,0.0,4.0,4.0,2.735,1.39485,4.0,10.0,10.0,0.0,10.0,0.0,10.0,0.0,0.0,0.0,0.0,0.0,0.0,11.0,16.0,5.0,14.485,1.7673500000000002,16.0,0.0,1.0,1.0,0.25,0.375,0.0,0.0,3.0,3.0,1.7349999999999999,0.88485,2.0,0.0,0.0,0.0,0.0,0.0,0.0,0.0,0.0,0.0,0.0,0.0,0.0,0.0,3.0,3.0,1.9849999999999999,0.5123500000000001,2.0,13.96,34.7633333333,20.803333333299996,29.266166666649998,6.6211449999914995,34.7633333333,0.0,0.464,0.464,0.232,0.23199999999999998,0.464,0.0,0.0,0.0,0.0,0.0,0.0,152.0,225.0,73.0,173.89,25.756099999999993,152.0,1.75,2.735,10.0,0.0,0.12081463583016915,0.18881601656886435,0.6903693476009666,0.0,8.848505117923192,0.1169495577336841,0.02,1.0,0.0,0.25,0.245,0.5,425.0,1.0,0.020000000000000018
"Contrasting roles of small-radius metals (Cu, Zn, Ni) in enhancing the thermoelectric properties of AgSbTe2.pdf",10.1016/j.jallcom.2026.189224,AgSbTe2,AgSb0.985Ni0.015Te2,AgSb0.985Ni0.015Te2,Ni,0.015,Sb,,Ni (0.015) @ Sb site,Table 1,,PFmax,13.14,uW/cm.K2,False,28.0,52.0,24.0,50.41375,1.8749781249999997,52.0,61.0,90.0,29.0,82.41,8.865575000000002,90.0,58.6934,127.6,68.9066,120.97055025,7.0182537518749974,127.6,722.66,1728.0,1005.34,899.0983249999999,176.43832500000002,722.66,10.0,16.0,6.0,14.48125,1.7742343750000005,16.0,4.0,5.0,1.0,4.99625,0.007471875000000141,5.0,124.0,145.0,21.0,139.94375,2.528124999999997,138.0,1.91,2.1,0.19000000000000017,2.0444750000000003,0.05824606249999989,2.1,1.0,2.0,1.0,1.75,0.375,2.0,0.0,4.0,4.0,2.73875,1.389915625,4.0,8.0,10.0,2.0,9.9925,0.014943750000000281,10.0,0.0,0.0,0.0,0.0,0.0,0.0,10.0,16.0,6.0,14.48125,1.7742343750000005,16.0,0.0,1.0,1.0,0.25,0.375,0.0,0.0,3.0,3.0,1.73875,0.8824156249999999,2.0,0.0,2.0,2.0,0.0075,0.014943749999999999,0.0,0.0,0.0,0.0,0.0,0.0,0.0,1.0,3.0,2.0,1.9962499999999999,0.4981250000000001,2.0,10.32,34.7633333333,24.443333333299996,29.274516666649998,6.614417208324875,34.7633333333,0.0,0.464,0.464,0.232,0.232,0.464,0.0,0.5953947,0.5953947,0.002232730125,0.0044487147740625,0.0,152.0,225.0,73.0,173.97125,25.897090624999997,152.0,1.75,2.73875,9.9925,0.0,0.12084592145015106,0.18912386706948642,0.6900302114803626,0.0,8.80660728558029,0.11262090522506008,0.015,1.0,0.0,0.25,0.24625,0.5,300.0,1.0,0.16000000000000003
"Contrasting roles of small-radius metals (Cu, Zn, Ni) in enhancing the thermoelectric properties of AgSbTe2.pdf",10.1016/j.jallcom.2026.189224,AgSbTe2,AgSb0.985Ni0.015Te2,AgSb0.985Ni0.015Te2,Ni,0.015,Sb,,Ni (0.015) @ Sb site,Table 1,,PFave,11.38,uW/cm.K2,False,28.0,52.0,24.0,50.41375,1.8749781249999997,52.0,61.0,90.0,29.0,82.41,8.865575000000002,90.0,58.6934,127.6,68.9066,120.97055025,7.0182537518749974,127.6,722.66,1728.0,1005.34,899.0983249999999,176.43832500000002,722.66,10.0,16.0,6.0,14.48125,1.7742343750000005,16.0,4.0,5.0,1.0,4.99625,0.007471875000000141,5.0,124.0,145.0,21.0,139.94375,2.528124999999997,138.0,1.91,2.1,0.19000000000000017,2.0444750000000003,0.05824606249999989,2.1,1.0,2.0,1.0,1.75,0.375,2.0,0.0,4.0,4.0,2.73875,1.389915625,4.0,8.0,10.0,2.0,9.9925,0.014943750000000281,10.0,0.0,0.0,0.0,0.0,0.0,0.0,10.0,16.0,6.0,14.48125,1.7742343750000005,16.0,0.0,1.0,1.0,0.25,0.375,0.0,0.0,3.0,3.0,1.73875,0.8824156249999999,2.0,0.0,2.0,2.0,0.0075,0.014943749999999999,0.0,0.0,0.0,0.0,0.0,0.0,0.0,1.0,3.0,2.0,1.9962499999999999,0.4981250000000001,2.0,10.32,34.7633333333,24.443333333299996,29.274516666649998,6.614417208324875,34.7633333333,0.0,0.464,0.464,0.232,0.232,0.464,0.0,0.5953947,0.5953947,0.002232730125,0.0044487147740625,0.0,152.0,225.0,73.0,173.97125,25.897090624999997,152.0,1.75,2.73875,9.9925,0.0,0.12084592145015106,0.18912386706948642,0.6900302114803626,0.0,8.80660728558029,0.11262090522506008,0.015,1.0,0.0,0.25,0.24625,0.5,425.0,1.0,0.16000000000000003
"Contrasting roles of small-radius metals (Cu, Zn, Ni) in enhancing the thermoelectric properties of AgSbTe2.pdf",10.1016/j.jallcom.2026.189224,AgSbTe2,AgSb0.985Ni0.015Te2,AgSb0.985Ni0.015Te2,Ni,0.015,Sb,,Ni (0.015) @ Sb site,body text,,,13.099999999999998,uW/cm.K2,False,28.0,52.0,24.0,50.41375,1.8749781249999997,52.0,61.0,90.0,29.0,82.41,8.865575000000002,90.0,58.6934,127.6,68.9066,120.97055025,7.0182537518749974,127.6,722.66,1728.0,1005.34,899.0983249999999,176.43832500000002,722.66,10.0,16.0,6.0,14.48125,1.7742343750000005,16.0,4.0,5.0,1.0,4.99625,0.007471875000000141,5.0,124.0,145.0,21.0,139.94375,2.528124999999997,138.0,1.91,2.1,0.19000000000000017,2.0444750000000003,0.05824606249999989,2.1,1.0,2.0,1.0,1.75,0.375,2.0,0.0,4.0,4.0,2.73875,1.389915625,4.0,8.0,10.0,2.0,9.9925,0.014943750000000281,10.0,0.0,0.0,0.0,0.0,0.0,0.0,10.0,16.0,6.0,14.48125,1.7742343750000005,16.0,0.0,1.0,1.0,0.25,0.375,0.0,0.0,3.0,3.0,1.73875,0.8824156249999999,2.0,0.0,2.0,2.0,0.0075,0.014943749999999999,0.0,0.0,0.0,0.0,0.0,0.0,0.0,1.0,3.0,2.0,1.9962499999999999,0.4981250000000001,2.0,10.32,34.7633333333,24.443333333299996,29.274516666649998,6.614417208324875,34.7633333333,0.0,0.464,0.464,0.232,0.232,0.464,0.0,0.5953947,0.5953947,0.002232730125,0.0044487147740625,0.0,152.0,225.0,73.0,173.97125,25.897090624999997,152.0,1.75,2.73875,9.9925,0.0,0.12084592145015106,0.18912386706948642,0.6900302114803626,0.0,8.80660728558029,0.11262090522506008,0.015,1.0,0.0,0.25,0.24625,0.5,623.0,1.0,0.16000000000000003
Effects_of_nano-domains_on_thermoelectric_properties_in_telluride_system.pdf,10.1109/NMDC.2011.6155313,AgSbTe2,AgSbTe2,AgSbTe2,,,,,,table,Table I,,12.3,uW/cm.K2,False,47.0,52.0,5.0,50.5,1.75,52.0,65.0,90.0,25.0,82.5,8.75,90.0,107.8682,127.6,19.731799999999993,121.20705,6.669425,127.6,722.66,1234.93,512.2700000000001,896.0074999999999,173.34750000000003,722.66,11.0,16.0,5.0,14.5,1.75,16.0,5.0,5.0,0.0,5.0,0.0,5.0,138.0,145.0,7.0,140.0,2.5,138.0,1.93,2.1,0.17000000000000015,2.045,0.05750000000000005,2.1,1.0,2.0,1.0,1.75,0.375,2.0,0.0,4.0,4.0,2.75,1.375,4.0,10.0,10.0,0.0,10.0,0.0,10.0,0.0,0.0,0.0,0.0,0.0,0.0,11.0,16.0,5.0,14.5,1.75,16.0,0.0,1.0,1.0,0.25,0.375,0.0,0.0,3.0,3.0,1.75,0.875,2.0,0.0,0.0,0.0,0.0,0.0,0.0,0.0,0.0,0.0,0.0,0.0,0.0,1.0,3.0,2.0,2.0,0.5,2.0,16.33,34.7633333333,18.4333333333,29.35416666665,6.512083333324999,34.7633333333,0.0,0.464,0.464,0.232,0.232,0.464,0.0,0.0,0.0,0.0,0.0,0.0,152.0,225.0,73.0,173.75,25.625,152.0,1.75,2.75,10.0,0.0,0.1206896551724138,0.1896551724137931,0.6896551724137931,0.0,8.644719482306641,0.11200000000000014,,0.0,0.0,0.25,0.25,0.5,623.0,,
Enhanced Thermoelectric Properties of AgSb1–xPbxBiySe2 Achieved via Microwave Smelting Combined with Spark Plasma Sintering.pdf,10.1021/acsami.4c20502,AgSbSe2,AgSb0.955Pb0.045Bi0.025Se2,AgSb0.955Pb0.045Bi0.025Se2,Pb,0.045,Sb,Bi (0.025) @ unclear,Pb (0.045) @ Sb site; Bi (0.025) @ unclear site,body text,,,7.199999999999999,uW/cm.K2,False,34.0,83.0,49.0,42.10434782608695,8.05401026194977,34.0,65.0,89.0,24.0,81.98012422360249,8.459244627907871,89.0,78.96,208.9804,130.0204,98.53851180124224,19.456906137880488,78.96,494.0,1234.93,740.9300000000001,776.8142484472049,287.8847425022183,494.0,11.0,16.0,5.0,14.491925465838507,1.7461178195285683,16.0,4.0,6.0,2.0,4.520496894409938,0.5172639944446586,4.0,120.0,148.0,28.0,131.183850931677,11.114386019057905,120.0,1.93,2.55,0.6199999999999999,2.271577639751553,0.27799936730835995,2.55,1.0,2.0,1.0,1.7515527950310557,0.3734423826241272,2.0,0.0,4.0,4.0,2.740372670807453,1.3782307781335597,4.0,10.0,10.0,0.0,10.0,0.0,10.0,0.0,14.0,14.0,0.2434782608695652,0.4784877126654064,0.0,11.0,29.0,18.0,14.735403726708073,1.8561012306623978,16.0,0.0,1.0,1.0,0.24844720496894407,0.3734423826241271,0.0,0.0,4.0,4.0,1.7689440993788819,0.8789784344739786,2.0,0.0,0.0,0.0,0.0,0.0,0.0,0.0,0.0,0.0,0.0,0.0,0.0,1.0,4.0,3.0,2.017391304347826,0.5228193356737779,2.0,16.33,32.95,16.620000000000005,24.94372670807453,4.280112649974927,25.92,0.0,0.799,0.799,0.39701863354037265,0.399484587785965,0.799,0.0,0.0,0.0,0.0,0.0,0.0,12.0,225.0,213.0,104.8335403726708,91.42256857374329,14.0,1.7515527950310557,2.740372670807453,10.0,0.2434782608695652,0.11886697015680323,0.1859720114651829,0.6786376664980611,0.01652335187995279,9.28402507293912,0.46456535371064395,0.045,2.0,1.0,0.24844720496894407,0.23726708074534159,0.0,723.0,1.0,0.43000000000000005
Enhanced Thermoelectric Properties of AgSb1–xPbxBiySe2 Achieved via Microwave Smelting Combined with Spark Plasma Sintering.pdf,10.1021/acsami.4c20502,AgSbSe2,AgSb0.955Pb0.045Bi0.025Se2,AgSb0.955Pb0.045Bi0.025Se2,Pb,0.045,Sb,Bi (0.025) @ unclear,Pb (0.045) @ Sb site; Bi (0.025) @ unclear site,body text,,,7.31,uW/cm.K2,False,34.0,83.0,49.0,42.10434782608695,8.05401026194977,34.0,65.0,89.0,24.0,81.98012422360249,8.459244627907871,89.0,78.96,208.9804,130.0204,98.53851180124224,19.456906137880488,78.96,494.0,1234.93,740.9300000000001,776.8142484472049,287.8847425022183,494.0,11.0,16.0,5.0,14.491925465838507,1.7461178195285683,16.0,4.0,6.0,2.0,4.520496894409938,0.5172639944446586,4.0,120.0,148.0,28.0,131.183850931677,11.114386019057905,120.0,1.93,2.55,0.6199999999999999,2.271577639751553,0.27799936730835995,2.55,1.0,2.0,1.0,1.7515527950310557,0.3734423826241272,2.0,0.0,4.0,4.0,2.740372670807453,1.3782307781335597,4.0,10.0,10.0,0.0,10.0,0.0,10.0,0.0,14.0,14.0,0.2434782608695652,0.4784877126654064,0.0,11.0,29.0,18.0,14.735403726708073,1.8561012306623978,16.0,0.0,1.0,1.0,0.24844720496894407,0.3734423826241271,0.0,0.0,4.0,4.0,1.7689440993788819,0.8789784344739786,2.0,0.0,0.0,0.0,0.0,0.0,0.0,0.0,0.0,0.0,0.0,0.0,0.0,1.0,4.0,3.0,2.017391304347826,0.5228193356737779,2.0,16.33,32.95,16.620000000000005,24.94372670807453,4.280112649974927,25.92,0.0,0.799,0.799,0.39701863354037265,0.399484587785965,0.799,0.0,0.0,0.0,0.0,0.0,0.0,12.0,225.0,213.0,104.8335403726708,91.42256857374329,14.0,1.7515527950310557,2.740372670807453,10.0,0.2434782608695652,0.11886697015680323,0.1859720114651829,0.6786376664980611,0.01652335187995279,9.28402507293912,0.46456535371064395,0.045,2.0,1.0,0.24844720496894407,0.23726708074534159,0.0,723.0,1.0,0.43000000000000005
Enhanced Thermoelectric Properties of AgSb1–xPbxBiySe2 Achieved via Microwave Smelting Combined with Spark Plasma Sintering.pdf,10.1021/acsami.4c20502,AgSbSe2,AgSb1-xPbxSe2 (x=0),AgSbSe2,,,,,,figure,Figure 2d,Visually estimated from Figure 2d,2.8,uW/cm.K2,False,34.0,51.0,17.0,41.5,7.5,34.0,65.0,89.0,24.0,82.0,8.5,89.0,78.96,121.76,42.80000000000001,96.88704999999999,17.927050000000005,78.96,494.0,1234.93,740.9300000000001,781.6775,287.6775,494.0,11.0,16.0,5.0,14.5,1.75,16.0,4.0,5.0,1.0,4.5,0.5,4.0,120.0,145.0,25.0,131.0,11.0,120.0,1.93,2.55,0.6199999999999999,2.2699999999999996,0.27999999999999997,2.55,1.0,2.0,1.0,1.75,0.375,2.0,0.0,4.0,4.0,2.75,1.375,4.0,10.0,10.0,0.0,10.0,0.0,10.0,0.0,0.0,0.0,0.0,0.0,0.0,11.0,16.0,5.0,14.5,1.75,16.0,0.0,1.0,1.0,0.25,0.375,0.0,0.0,3.0,3.0,1.75,0.875,2.0,0.0,0.0,0.0,0.0,0.0,0.0,0.0,0.0,0.0,0.0,0.0,0.0,1.0,3.0,2.0,2.0,0.5,2.0,16.33,31.56,15.23,24.9325,4.3012500000000005,25.92,0.0,0.799,0.799,0.3995,0.3995,0.799,0.0,0.0,0.0,0.0,0.0,0.0,14.0,225.0,211.0,104.75,90.75,14.0,1.75,2.75,10.0,0.0,0.1206896551724138,0.1896551724137931,0.6896551724137931,0.0,8.644719482306641,0.47199999999999986,,0.0,0.0,0.25,0.25,0.0,300.0,,
Enhanced Thermoelectric Properties of AgSb1–xPbxBiySe2 Achieved via Microwave Smelting Combined with Spark Plasma Sintering.pdf,10.1021/acsami.4c20502,AgSbSe2,AgSb1-xPbxSe2 (x=0.05),AgSb0.95Pb0.05Se2,Pb,x=0.05,Sb,,Pb (x=0.05) @ Sb site,figure,Figure 2d,Visually estimated from Figure 2d,3.5,uW/cm.K2,False,34.0,82.0,48.0,41.887499999999996,7.887499999999999,34.0,65.0,89.0,24.0,81.95,8.498749999999998,89.0,78.96,207.2,128.24,97.95505,18.995050000000006,78.96,494.0,1234.93,740.9300000000001,777.8878749999999,288.319821875,494.0,11.0,16.0,5.0,14.4875,1.7559374999999997,16.0,4.0,6.0,2.0,4.5125,0.5125,4.0,120.0,146.0,26.0,131.08749999999998,11.087499999999999,120.0,1.93,2.55,0.6199999999999999,2.2735,0.27791249999999995,2.55,1.0,2.0,1.0,1.75,0.375,2.0,0.0,4.0,4.0,2.7375,1.3871875,4.0,10.0,10.0,0.0,10.0,0.0,10.0,0.0,14.0,14.0,0.17500000000000002,0.34562500000000007,0.0,11.0,28.0,17.0,14.6625,1.8312500000000003,16.0,0.0,1.0,1.0,0.25,0.375,0.0,0.0,4.0,4.0,1.7625,0.88125,2.0,0.0,0.0,0.0,0.0,0.0,0.0,0.0,0.0,0.0,0.0,0.0,0.0,1.0,4.0,3.0,2.0125,0.51875,2.0,16.33,31.56,15.23,24.889375,4.2796875000000005,25.92,0.0,0.799,0.799,0.3995,0.3995,0.799,0.0,0.0,0.0,0.0,0.0,0.0,14.0,225.0,211.0,105.4875,91.4875,14.0,1.75,2.7375,10.0,0.17500000000000002,0.11935208866155159,0.1867007672634271,0.6820119352088662,0.011935208866155159,9.05735637478225,0.4674195146111937,0.05,1.0,0.0,0.25,0.2375,0.0,300.0,1.0,0.43000000000000005
Enhanced Thermoelectric Properties of AgSb1–xPbxBiySe2 Achieved via Microwave Smelting Combined with Spark Plasma Sintering.pdf,10.1021/acsami.4c20502,AgSbSe2,"AgSb1-xPbxBiSe2 (x=0, y=0)",AgSbTe2,,,,,,figure,Fig. 6d,Visually estimated from Fig. 6d,2.8,uW/cm.K2,False,47.0,52.0,5.0,50.5,1.75,52.0,65.0,90.0,25.0,82.5,8.75,90.0,107.8682,127.6,19.731799999999993,121.20705,6.669425,127.6,722.66,1234.93,512.2700000000001,896.0074999999999,173.34750000000003,722.66,11.0,16.0,5.0,14.5,1.75,16.0,5.0,5.0,0.0,5.0,0.0,5.0,138.0,145.0,7.0,140.0,2.5,138.0,1.93,2.1,0.17000000000000015,2.045,0.05750000000000005,2.1,1.0,2.0,1.0,1.75,0.375,2.0,0.0,4.0,4.0,2.75,1.375,4.0,10.0,10.0,0.0,10.0,0.0,10.0,0.0,0.0,0.0,0.0,0.0,0.0,11.0,16.0,5.0,14.5,1.75,16.0,0.0,1.0,1.0,0.25,0.375,0.0,0.0,3.0,3.0,1.75,0.875,2.0,0.0,0.0,0.0,0.0,0.0,0.0,0.0,0.0,0.0,0.0,0.0,0.0,1.0,3.0,2.0,2.0,0.5,2.0,16.33,34.7633333333,18.4333333333,29.35416666665,6.512083333324999,34.7633333333,0.0,0.464,0.464,0.232,0.232,0.464,0.0,0.0,0.0,0.0,0.0,0.0,152.0,225.0,73.0,173.75,25.625,152.0,1.75,2.75,10.0,0.0,0.1206896551724138,0.1896551724137931,0.6896551724137931,0.0,8.644719482306641,0.11200000000000014,,0.0,0.0,0.25,0.25,0.5,300.0,,
Enhanced Thermoelectric Properties of AgSb1–xPbxBiySe2 Achieved via Microwave Smelting Combined with Spark Plasma Sintering.pdf,10.1021/acsami.4c20502,AgSbSe2,AgSb0.955Pb0.045Bi0.025Se2,AgSb0.955Pb0.045Bi0.025Se2,Pb,0.045,Sb,Bi (0.025) @ Sb,Pb (0.045) @ Sb site; Bi (0.025) @ Sb site,figure,Fig. 6d,Visually estimated from Fig. 6d,4.199999999999999,uW/cm.K2,False,34.0,83.0,49.0,42.10434782608695,8.05401026194977,34.0,65.0,89.0,24.0,81.98012422360249,8.459244627907871,89.0,78.96,208.9804,130.0204,98.53851180124224,19.456906137880488,78.96,494.0,1234.93,740.9300000000001,776.8142484472049,287.8847425022183,494.0,11.0,16.0,5.0,14.491925465838507,1.7461178195285683,16.0,4.0,6.0,2.0,4.520496894409938,0.5172639944446586,4.0,120.0,148.0,28.0,131.183850931677,11.114386019057905,120.0,1.93,2.55,0.6199999999999999,2.271577639751553,0.27799936730835995,2.55,1.0,2.0,1.0,1.7515527950310557,0.3734423826241272,2.0,0.0,4.0,4.0,2.740372670807453,1.3782307781335597,4.0,10.0,10.0,0.0,10.0,0.0,10.0,0.0,14.0,14.0,0.2434782608695652,0.4784877126654064,0.0,11.0,29.0,18.0,14.735403726708073,1.8561012306623978,16.0,0.0,1.0,1.0,0.24844720496894407,0.3734423826241271,0.0,0.0,4.0,4.0,1.7689440993788819,0.8789784344739786,2.0,0.0,0.0,0.0,0.0,0.0,0.0,0.0,0.0,0.0,0.0,0.0,0.0,1.0,4.0,3.0,2.017391304347826,0.5228193356737779,2.0,16.33,32.95,16.620000000000005,24.94372670807453,4.280112649974927,25.92,0.0,0.799,0.799,0.39701863354037265,0.399484587785965,0.799,0.0,0.0,0.0,0.0,0.0,0.0,12.0,225.0,213.0,104.8335403726708,91.42256857374329,14.0,1.7515527950310557,2.740372670807453,10.0,0.2434782608695652,0.11886697015680323,0.1859720114651829,0.6786376664980611,0.01652335187995279,9.28402507293912,0.46456535371064395,0.045,2.0,1.0,0.24844720496894407,0.23726708074534159,0.0,300.0,1.0,0.43000000000000005
Enhanced thermoelectric composite performance from graphene nanosheets additives in AgSbTe2 matrix.pdf,10.1016/j.ceramint.2022.06.092,AgSbTe2,0 vol% graphene,AgSbTe2,,,,,,figure,Fig. 7d,Visually estimated from Fig. 7d,6.0,uW/cm.K2,False,47.0,52.0,5.0,50.5,1.75,52.0,65.0,90.0,25.0,82.5,8.75,90.0,107.8682,127.6,19.731799999999993,121.20705,6.669425,127.6,722.66,1234.93,512.2700000000001,896.0074999999999,173.34750000000003,722.66,11.0,16.0,5.0,14.5,1.75,16.0,5.0,5.0,0.0,5.0,0.0,5.0,138.0,145.0,7.0,140.0,2.5,138.0,1.93,2.1,0.17000000000000015,2.045,0.05750000000000005,2.1,1.0,2.0,1.0,1.75,0.375,2.0,0.0,4.0,4.0,2.75,1.375,4.0,10.0,10.0,0.0,10.0,0.0,10.0,0.0,0.0,0.0,0.0,0.0,0.0,11.0,16.0,5.0,14.5,1.75,16.0,0.0,1.0,1.0,0.25,0.375,0.0,0.0,3.0,3.0,1.75,0.875,2.0,0.0,0.0,0.0,0.0,0.0,0.0,0.0,0.0,0.0,0.0,0.0,0.0,1.0,3.0,2.0,2.0,0.5,2.0,16.33,34.7633333333,18.4333333333,29.35416666665,6.512083333324999,34.7633333333,0.0,0.464,0.464,0.232,0.232,0.464,0.0,0.0,0.0,0.0,0.0,0.0,152.0,225.0,73.0,173.75,25.625,152.0,1.75,2.75,10.0,0.0,0.1206896551724138,0.1896551724137931,0.6896551724137931,0.0,8.644719482306641,0.11200000000000014,,0.0,0.0,0.25,0.25,0.5,300.0,,
Enhanced thermoelectric performance and novel nanopores in AgSbTe2 prepared by melt spinning.pdf,10.1016/j.jssc.2010.10.036,AgSbTe2,MS-SPS,AgSbTe2,,,,,,body text,Section 3.2,,13.000000000000002,uW/cm.K2,False,47.0,52.0,5.0,50.5,1.75,52.0,65.0,90.0,25.0,82.5,8.75,90.0,107.8682,127.6,19.731799999999993,121.20705,6.669425,127.6,722.66,1234.93,512.2700000000001,896.0074999999999,173.34750000000003,722.66,11.0,16.0,5.0,14.5,1.75,16.0,5.0,5.0,0.0,5.0,0.0,5.0,138.0,145.0,7.0,140.0,2.5,138.0,1.93,2.1,0.17000000000000015,2.045,0.05750000000000005,2.1,1.0,2.0,1.0,1.75,0.375,2.0,0.0,4.0,4.0,2.75,1.375,4.0,10.0,10.0,0.0,10.0,0.0,10.0,0.0,0.0,0.0,0.0,0.0,0.0,11.0,16.0,5.0,14.5,1.75,16.0,0.0,1.0,1.0,0.25,0.375,0.0,0.0,3.0,3.0,1.75,0.875,2.0,0.0,0.0,0.0,0.0,0.0,0.0,0.0,0.0,0.0,0.0,0.0,0.0,1.0,3.0,2.0,2.0,0.5,2.0,16.33,34.7633333333,18.4333333333,29.35416666665,6.512083333324999,34.7633333333,0.0,0.464,0.464,0.232,0.232,0.464,0.0,0.0,0.0,0.0,0.0,0.0,152.0,225.0,73.0,173.75,25.625,152.0,1.75,2.75,10.0,0.0,0.1206896551724138,0.1896551724137931,0.6896551724137931,0.0,8.644719482306641,0.11200000000000014,,0.0,0.0,0.25,0.25,0.5,665.0,,
Enhanced thermoelectric performance in AgSbTe2 with extremely low thermal conductivity via grain boundary defects.pdf,10.1063/5.0255308,AgSbTe2,AgSb1-xFexTe2.01 (x=0),AgSbTe2.01,,,,,,body text,Page 4,,8.5,uW/cm.K2,False,47.0,52.0,5.0,50.50374064837905,1.7475015702638674,52.0,65.0,90.0,25.0,82.51870324189527,8.73750785131933,90.0,107.8682,127.6,19.731799999999993,121.22299251870324,6.660744398355732,127.6,722.66,1234.93,512.2700000000001,895.5752119700747,173.34642197498775,722.66,11.0,16.0,5.0,14.503740648379052,1.7475015702638665,16.0,5.0,5.0,0.0,5.0,0.0,5.0,138.0,145.0,7.0,139.99501246882792,2.496253132754146,138.0,1.93,2.1,0.17000000000000015,2.045137157107232,0.05742501601358193,2.1,1.0,2.0,1.0,1.7506234413965087,0.37437578124514154,2.0,0.0,4.0,4.0,2.7531172069825436,1.373125789018725,4.0,10.0,10.0,0.0,10.0,0.0,10.0,0.0,0.0,0.0,0.0,0.0,0.0,11.0,16.0,5.0,14.503740648379052,1.7475015702638665,16.0,0.0,1.0,1.0,0.24937655860349128,0.37437578124514154,0.0,0.0,3.0,3.0,1.7506234413965087,0.873128898452124,2.0,0.0,0.0,0.0,0.0,0.0,0.0,0.0,0.0,0.0,0.0,0.0,0.0,1.0,3.0,2.0,2.0,0.49875311720698257,2.0,16.33,34.7633333333,18.4333333333,29.367655860332416,6.502571501412677,34.7633333333,0.0,0.464,0.464,0.23257855361596008,0.23199855722290283,0.464,0.0,0.0,0.0,0.0,0.0,0.0,152.0,225.0,73.0,173.69576059850374,25.588149327429555,152.0,1.7506234413965087,2.7531172069825436,10.0,0.0,0.12070151306740028,0.18982118294360384,0.6894773039889959,0.0,8.637507661030119,0.11199203187251011,,0.0,0.0,0.24937655860349128,0.24937655860349128,0.5012468827930174,323.0,,
Enhanced thermoelectric performance in AgSbTe2 with extremely low thermal conductivity via grain boundary defects.pdf,10.1063/5.0255308,AgSbTe2,AgSb1-xFexTe2.01 (x=0.03),AgSb0.97Fe0.03Te2.01,Fe,x=0.03,Sb,,Fe (x=0.03) @ Sb site,body text,Page 4,,12.0,uW/cm.K2,False,26.0,52.0,26.0,50.31670822942643,2.0180595891816604,52.0,55.0,90.0,35.0,82.29426433915212,9.03396123158438,90.0,55.845,127.6,71.755,120.72986284289276,7.385640263431202,127.6,722.66,1811.0,1088.3400000000001,902.3623940149625,180.15052966088518,722.66,8.0,16.0,8.0,14.451371571072317,1.817911580151866,16.0,4.0,5.0,1.0,4.9925187032418945,0.014850653913844563,5.0,132.0,145.0,13.0,139.9426433915212,2.522372373306131,138.0,1.83,2.1,0.27,2.0434912718204488,0.05979850871574189,2.1,1.0,2.0,1.0,1.7506234413965087,0.37437578124514154,2.0,0.0,4.0,4.0,2.7306733167082293,1.4027897836456242,4.0,6.0,10.0,4.0,9.970074812967582,0.05940261565537475,10.0,0.0,0.0,0.0,0.0,0.0,0.0,8.0,16.0,8.0,14.451371571072317,1.817911580151866,16.0,0.0,1.0,1.0,0.24937655860349128,0.37437578124514154,0.0,0.0,3.0,3.0,1.7281795511221945,0.8877929863620252,2.0,0.0,4.0,4.0,0.029925187032418952,0.059402615655375274,0.0,0.0,0.0,0.0,0.0,0.0,0.0,1.0,4.0,3.0,2.007481296758105,0.5099843906443369,2.0,10.73,34.7633333333,24.033333333299996,29.211820448861094,6.701384070986,34.7633333333,0.0,0.464,0.464,0.23257855361596008,0.23199855722290283,0.464,0.0,2.1106628,2.1106628,0.01579049476309227,0.031344722771624554,0.0,152.0,229.0,77.0,174.16708229426433,26.17351882140036,152.0,1.7506234413965087,2.7306733167082293,9.970074812967582,0.0,0.12113891285591029,0.18895599654874895,0.689905090595341,0.0,8.91688639429669,0.11512309124398422,0.03,1.0,0.0,0.24937655860349128,0.24189526184538654,0.5012468827930174,323.0,0.0,0.11499999999999999
Enhanced thermoelectric performance in AgSbTe2 with extremely low thermal conductivity via grain boundary defects.pdf,10.1063/5.0255308,AgSbTe2,AgSb1-xFexTe2.01 (x=0.03),AgSb0.97Fe0.03Te2.01,Fe,x=0.03,Sb,,Fe (x=0.03) @ Sb site,body text,Page 4,,16.499999999999996,uW/cm.K2,False,26.0,52.0,26.0,50.31670822942643,2.0180595891816604,52.0,55.0,90.0,35.0,82.29426433915212,9.03396123158438,90.0,55.845,127.6,71.755,120.72986284289276,7.385640263431202,127.6,722.66,1811.0,1088.3400000000001,902.3623940149625,180.15052966088518,722.66,8.0,16.0,8.0,14.451371571072317,1.817911580151866,16.0,4.0,5.0,1.0,4.9925187032418945,0.014850653913844563,5.0,132.0,145.0,13.0,139.9426433915212,2.522372373306131,138.0,1.83,2.1,0.27,2.0434912718204488,0.05979850871574189,2.1,1.0,2.0,1.0,1.7506234413965087,0.37437578124514154,2.0,0.0,4.0,4.0,2.7306733167082293,1.4027897836456242,4.0,6.0,10.0,4.0,9.970074812967582,0.05940261565537475,10.0,0.0,0.0,0.0,0.0,0.0,0.0,8.0,16.0,8.0,14.451371571072317,1.817911580151866,16.0,0.0,1.0,1.0,0.24937655860349128,0.37437578124514154,0.0,0.0,3.0,3.0,1.7281795511221945,0.8877929863620252,2.0,0.0,4.0,4.0,0.029925187032418952,0.059402615655375274,0.0,0.0,0.0,0.0,0.0,0.0,0.0,1.0,4.0,3.0,2.007481296758105,0.5099843906443369,2.0,10.73,34.7633333333,24.033333333299996,29.211820448861094,6.701384070986,34.7633333333,0.0,0.464,0.464,0.23257855361596008,0.23199855722290283,0.464,0.0,2.1106628,2.1106628,0.01579049476309227,0.031344722771624554,0.0,152.0,229.0,77.0,174.16708229426433,26.17351882140036,152.0,1.7506234413965087,2.7306733167082293,9.970074812967582,0.0,0.12113891285591029,0.18895599654874895,0.689905090595341,0.0,8.91688639429669,0.11512309124398422,0.03,1.0,0.0,0.24937655860349128,0.24189526184538654,0.5012468827930174,523.0,0.0,0.11499999999999999
Enhanced thermoelectric performance in AgSbTe2 with extremely low thermal conductivity via grain boundary defects.pdf,10.1063/5.0255308,AgSbTe2,AgSb1-xFe_xTe2.01 (x=0),AgSbTe2.01,Fe,0,unclear,,Fe (0) @ unclear site,figure,,Visually estimated from Fig. 1(c),8.0,uW/cm.K2,False,47.0,52.0,5.0,50.50374064837905,1.7475015702638674,52.0,65.0,90.0,25.0,82.51870324189527,8.73750785131933,90.0,107.8682,127.6,19.731799999999993,121.22299251870324,6.660744398355732,127.6,722.66,1234.93,512.2700000000001,895.5752119700747,173.34642197498775,722.66,11.0,16.0,5.0,14.503740648379052,1.7475015702638665,16.0,5.0,5.0,0.0,5.0,0.0,5.0,138.0,145.0,7.0,139.99501246882792,2.496253132754146,138.0,1.93,2.1,0.17000000000000015,2.045137157107232,0.05742501601358193,2.1,1.0,2.0,1.0,1.7506234413965087,0.37437578124514154,2.0,0.0,4.0,4.0,2.7531172069825436,1.373125789018725,4.0,10.0,10.0,0.0,10.0,0.0,10.0,0.0,0.0,0.0,0.0,0.0,0.0,11.0,16.0,5.0,14.503740648379052,1.7475015702638665,16.0,0.0,1.0,1.0,0.24937655860349128,0.37437578124514154,0.0,0.0,3.0,3.0,1.7506234413965087,0.873128898452124,2.0,0.0,0.0,0.0,0.0,0.0,0.0,0.0,0.0,0.0,0.0,0.0,0.0,1.0,3.0,2.0,2.0,0.49875311720698257,2.0,16.33,34.7633333333,18.4333333333,29.367655860332416,6.502571501412677,34.7633333333,0.0,0.464,0.464,0.23257855361596008,0.23199855722290283,0.464,0.0,0.0,0.0,0.0,0.0,0.0,152.0,225.0,73.0,173.69576059850374,25.588149327429555,152.0,1.7506234413965087,2.7531172069825436,10.0,0.0,0.12070151306740028,0.18982118294360384,0.6894773039889959,0.0,8.637507661030119,0.11199203187251011,0.0,1.0,0.0,0.24937655860349128,0.24937655860349128,0.5012468827930174,323.0,,
Enhanced thermoelectric performance in AgSbTe2 with extremely low thermal conductivity via grain boundary defects.pdf,10.1063/5.0255308,AgSbTe2,AgSb1-xFe_xTe2.01 (x=0),AgSbTe2.01,Fe,0,unclear,,Fe (0) @ unclear site,figure,,Visually estimated from Fig. 1(c),10.0,uW/cm.K2,False,47.0,52.0,5.0,50.50374064837905,1.7475015702638674,52.0,65.0,90.0,25.0,82.51870324189527,8.73750785131933,90.0,107.8682,127.6,19.731799999999993,121.22299251870324,6.660744398355732,127.6,722.66,1234.93,512.2700000000001,895.5752119700747,173.34642197498775,722.66,11.0,16.0,5.0,14.503740648379052,1.7475015702638665,16.0,5.0,5.0,0.0,5.0,0.0,5.0,138.0,145.0,7.0,139.99501246882792,2.496253132754146,138.0,1.93,2.1,0.17000000000000015,2.045137157107232,0.05742501601358193,2.1,1.0,2.0,1.0,1.7506234413965087,0.37437578124514154,2.0,0.0,4.0,4.0,2.7531172069825436,1.373125789018725,4.0,10.0,10.0,0.0,10.0,0.0,10.0,0.0,0.0,0.0,0.0,0.0,0.0,11.0,16.0,5.0,14.503740648379052,1.7475015702638665,16.0,0.0,1.0,1.0,0.24937655860349128,0.37437578124514154,0.0,0.0,3.0,3.0,1.7506234413965087,0.873128898452124,2.0,0.0,0.0,0.0,0.0,0.0,0.0,0.0,0.0,0.0,0.0,0.0,0.0,1.0,3.0,2.0,2.0,0.49875311720698257,2.0,16.33,34.7633333333,18.4333333333,29.367655860332416,6.502571501412677,34.7633333333,0.0,0.464,0.464,0.23257855361596008,0.23199855722290283,0.464,0.0,0.0,0.0,0.0,0.0,0.0,152.0,225.0,73.0,173.69576059850374,25.588149327429555,152.0,1.7506234413965087,2.7531172069825436,10.0,0.0,0.12070151306740028,0.18982118294360384,0.6894773039889959,0.0,8.637507661030119,0.11199203187251011,0.0,1.0,0.0,0.24937655860349128,0.24937655860349128,0.5012468827930174,623.0,,
Enhanced thermoelectric performance in AgSbTe2 with extremely low thermal conductivity via grain boundary defects.pdf,10.1063/5.0255308,AgSbTe2,AgSb1-xFe_xTe2.01 (x=0.01),AgSb0.99Fe0.01Te2.01,Fe,0.01,Sb,,Fe (0.01) @ Sb site,figure,,Visually estimated from Fig. 1(c),10.0,uW/cm.K2,False,26.0,52.0,26.0,50.441396508728175,1.8383094632496089,52.0,55.0,90.0,35.0,82.44389027431423,8.83707190875678,90.0,55.845,127.6,71.755,121.05861596009974,6.904016019800874,127.6,722.66,1811.0,1088.3400000000001,897.8376059850374,175.6144578702869,722.66,8.0,16.0,8.0,14.486284289276808,1.7711457018302124,16.0,4.0,5.0,1.0,4.997506234413965,0.004975093438473598,5.0,132.0,145.0,13.0,139.97755610972567,2.5049595462714693,138.0,1.83,2.1,0.27,2.044588528678304,0.0582216528504178,2.1,1.0,2.0,1.0,1.7506234413965087,0.37437578124514154,2.0,0.0,4.0,4.0,2.7456359102244385,1.3830884136292687,4.0,6.0,10.0,4.0,9.99002493765586,0.01990037375389439,10.0,0.0,0.0,0.0,0.0,0.0,0.0,8.0,16.0,8.0,14.486284289276808,1.7711457018302124,16.0,0.0,1.0,1.0,0.24937655860349128,0.37437578124514154,0.0,0.0,3.0,3.0,1.743142144638404,0.8780915541570016,2.0,0.0,4.0,4.0,0.009975062344139652,0.01990037375389457,0.0,0.0,0.0,0.0,0.0,0.0,0.0,1.0,4.0,3.0,2.002493765586035,0.5024968750194339,2.0,10.73,34.7633333333,24.033333333299996,29.31571072317531,6.569360513918735,34.7633333333,0.0,0.464,0.464,0.23257855361596008,0.23199855722290283,0.464,0.0,2.1106628,2.1106628,0.005263498254364091,0.010500744647110405,0.0,152.0,229.0,77.0,173.85286783042397,25.78483964651963,152.0,1.7506234413965087,2.7456359102244385,9.99002493765586,0.0,0.12084696161129282,0.18953348252711308,0.6896195558615941,0.0,8.75362303857227,0.11304399689854681,0.01,1.0,0.0,0.24937655860349128,0.24688279301745636,0.5012468827930174,323.0,0.0,0.11499999999999999
Enhanced thermoelectric performance in AgSbTe2 with extremely low thermal conductivity via grain boundary defects.pdf,10.1063/5.0255308,AgSbTe2,AgSb1-xFe_xTe2.01 (x=0.01),AgSb0.99Fe0.01Te2.01,Fe,0.01,Sb,,Fe (0.01) @ Sb site,figure,,Visually estimated from Fig. 1(c),14.0,uW/cm.K2,False,26.0,52.0,26.0,50.441396508728175,1.8383094632496089,52.0,55.0,90.0,35.0,82.44389027431423,8.83707190875678,90.0,55.845,127.6,71.755,121.05861596009974,6.904016019800874,127.6,722.66,1811.0,1088.3400000000001,897.8376059850374,175.6144578702869,722.66,8.0,16.0,8.0,14.486284289276808,1.7711457018302124,16.0,4.0,5.0,1.0,4.997506234413965,0.004975093438473598,5.0,132.0,145.0,13.0,139.97755610972567,2.5049595462714693,138.0,1.83,2.1,0.27,2.044588528678304,0.0582216528504178,2.1,1.0,2.0,1.0,1.7506234413965087,0.37437578124514154,2.0,0.0,4.0,4.0,2.7456359102244385,1.3830884136292687,4.0,6.0,10.0,4.0,9.99002493765586,0.01990037375389439,10.0,0.0,0.0,0.0,0.0,0.0,0.0,8.0,16.0,8.0,14.486284289276808,1.7711457018302124,16.0,0.0,1.0,1.0,0.24937655860349128,0.37437578124514154,0.0,0.0,3.0,3.0,1.743142144638404,0.8780915541570016,2.0,0.0,4.0,4.0,0.009975062344139652,0.01990037375389457,0.0,0.0,0.0,0.0,0.0,0.0,0.0,1.0,4.0,3.0,2.002493765586035,0.5024968750194339,2.0,10.73,34.7633333333,24.033333333299996,29.31571072317531,6.569360513918735,34.7633333333,0.0,0.464,0.464,0.23257855361596008,0.23199855722290283,0.464,0.0,2.1106628,2.1106628,0.005263498254364091,0.010500744647110405,0.0,152.0,229.0,77.0,173.85286783042397,25.78483964651963,152.0,1.7506234413965087,2.7456359102244385,9.99002493765586,0.0,0.12084696161129282,0.18953348252711308,0.6896195558615941,0.0,8.75362303857227,0.11304399689854681,0.01,1.0,0.0,0.24937655860349128,0.24688279301745636,0.5012468827930174,623.0,0.0,0.11499999999999999
Enhanced thermoelectric performance in AgSbTe2 with extremely low thermal conductivity via grain boundary defects.pdf,10.1063/5.0255308,AgSbTe2,AgSb1-xFe_xTe2.01 (x=0.03),AgSb0.97Fe0.03Te2.01,Fe,0.03,Sb,,Fe (0.03) @ Sb site,figure,,Visually estimated from Fig. 1(c),12.0,uW/cm.K2,False,26.0,52.0,26.0,50.31670822942643,2.0180595891816604,52.0,55.0,90.0,35.0,82.29426433915212,9.03396123158438,90.0,55.845,127.6,71.755,120.72986284289276,7.385640263431202,127.6,722.66,1811.0,1088.3400000000001,902.3623940149625,180.15052966088518,722.66,8.0,16.0,8.0,14.451371571072317,1.817911580151866,16.0,4.0,5.0,1.0,4.9925187032418945,0.014850653913844563,5.0,132.0,145.0,13.0,139.9426433915212,2.522372373306131,138.0,1.83,2.1,0.27,2.0434912718204488,0.05979850871574189,2.1,1.0,2.0,1.0,1.7506234413965087,0.37437578124514154,2.0,0.0,4.0,4.0,2.7306733167082293,1.4027897836456242,4.0,6.0,10.0,4.0,9.970074812967582,0.05940261565537475,10.0,0.0,0.0,0.0,0.0,0.0,0.0,8.0,16.0,8.0,14.451371571072317,1.817911580151866,16.0,0.0,1.0,1.0,0.24937655860349128,0.37437578124514154,0.0,0.0,3.0,3.0,1.7281795511221945,0.8877929863620252,2.0,0.0,4.0,4.0,0.029925187032418952,0.059402615655375274,0.0,0.0,0.0,0.0,0.0,0.0,0.0,1.0,4.0,3.0,2.007481296758105,0.5099843906443369,2.0,10.73,34.7633333333,24.033333333299996,29.211820448861094,6.701384070986,34.7633333333,0.0,0.464,0.464,0.23257855361596008,0.23199855722290283,0.464,0.0,2.1106628,2.1106628,0.01579049476309227,0.031344722771624554,0.0,152.0,229.0,77.0,174.16708229426433,26.17351882140036,152.0,1.7506234413965087,2.7306733167082293,9.970074812967582,0.0,0.12113891285591029,0.18895599654874895,0.689905090595341,0.0,8.91688639429669,0.11512309124398422,0.03,1.0,0.0,0.24937655860349128,0.24189526184538654,0.5012468827930174,323.0,0.0,0.11499999999999999
Enhanced thermoelectric performance in AgSbTe2 with extremely low thermal conductivity via grain boundary defects.pdf,10.1063/5.0255308,AgSbTe2,AgSb1-xFe_xTe2.01 (x=0.03),AgSb0.97Fe0.03Te2.01,Fe,0.03,Sb,,Fe (0.03) @ Sb site,figure,,Visually estimated from Fig. 1(c),16.0,uW/cm.K2,False,26.0,52.0,26.0,50.31670822942643,2.0180595891816604,52.0,55.0,90.0,35.0,82.29426433915212,9.03396123158438,90.0,55.845,127.6,71.755,120.72986284289276,7.385640263431202,127.6,722.66,1811.0,1088.3400000000001,902.3623940149625,180.15052966088518,722.66,8.0,16.0,8.0,14.451371571072317,1.817911580151866,16.0,4.0,5.0,1.0,4.9925187032418945,0.014850653913844563,5.0,132.0,145.0,13.0,139.9426433915212,2.522372373306131,138.0,1.83,2.1,0.27,2.0434912718204488,0.05979850871574189,2.1,1.0,2.0,1.0,1.7506234413965087,0.37437578124514154,2.0,0.0,4.0,4.0,2.7306733167082293,1.4027897836456242,4.0,6.0,10.0,4.0,9.970074812967582,0.05940261565537475,10.0,0.0,0.0,0.0,0.0,0.0,0.0,8.0,16.0,8.0,14.451371571072317,1.817911580151866,16.0,0.0,1.0,1.0,0.24937655860349128,0.37437578124514154,0.0,0.0,3.0,3.0,1.7281795511221945,0.8877929863620252,2.0,0.0,4.0,4.0,0.029925187032418952,0.059402615655375274,0.0,0.0,0.0,0.0,0.0,0.0,0.0,1.0,4.0,3.0,2.007481296758105,0.5099843906443369,2.0,10.73,34.7633333333,24.033333333299996,29.211820448861094,6.701384070986,34.7633333333,0.0,0.464,0.464,0.23257855361596008,0.23199855722290283,0.464,0.0,2.1106628,2.1106628,0.01579049476309227,0.031344722771624554,0.0,152.0,229.0,77.0,174.16708229426433,26.17351882140036,152.0,1.7506234413965087,2.7306733167082293,9.970074812967582,0.0,0.12113891285591029,0.18895599654874895,0.689905090595341,0.0,8.91688639429669,0.11512309124398422,0.03,1.0,0.0,0.24937655860349128,0.24189526184538654,0.5012468827930174,623.0,0.0,0.11499999999999999
Enhanced thermoelectric performance of p-type sintered BiSbTe-based composites with AgSbTe2 addition.pdf,10.1016/j.ceramint.2020.08.182,BST (Bi0.5Sb1.5Te3) with AgSbTe2 addition,BST-0 wt% AgSbTe2,Bi0.48Sb1.52Te3,AgSbTe2,0 wt%,unclear,,AgSbTe2 (0 wt%) @ unclear site,body text,,,36.0,uW/cm.K2,False,51.0,83.0,32.0,54.672000000000004,5.438976000000003,52.0,85.0,90.0,5.0,88.096,2.2847999999999993,90.0,121.76,208.9804,87.2204,133.6371584,14.465902387200007,127.6,544.4,903.78,359.38,760.6075199999999,87.04886783999999,722.66,15.0,16.0,1.0,15.6,0.4800000000000001,16.0,5.0,6.0,1.0,5.096,0.17356800000000006,5.0,138.0,148.0,10.0,139.26399999999998,1.677311999999985,138.0,2.02,2.1,0.08000000000000007,2.07712,0.027456000000000137,2.1,2.0,2.0,0.0,2.0,0.0,2.0,3.0,4.0,1.0,3.6,0.48,4.0,10.0,10.0,0.0,10.0,0.0,10.0,0.0,14.0,14.0,1.3439999999999999,2.429952,0.0,15.0,29.0,14.0,16.944,2.3147519999999995,16.0,0.0,0.0,0.0,0.0,0.0,0.0,2.0,3.0,1.0,2.4,0.48,2.0,0.0,0.0,0.0,0.0,0.0,0.0,0.0,0.0,0.0,0.0,0.0,0.0,2.0,3.0,1.0,2.4,0.48,2.0,31.56,34.7633333333,3.203333333299998,33.61543999998,1.3774719999839986,34.7633333333,0.0,0.464,0.464,0.27840000000000004,0.22271999999999997,0.464,0.0,0.0,0.0,0.0,0.0,0.0,12.0,166.0,154.0,142.81599999999997,25.116672000000023,152.0,2.0,3.6,10.0,1.3439999999999999,0.11803588290840417,0.21246458923512748,0.5901794145420208,0.07932011331444759,7.428503731470032,0.054251069900142834,0.0,1.0,0.0,0.0,0.304,0.6,300.0,,
Enhanced thermoelectric performance of p-type sintered BiSbTe-based composites with AgSbTe2 addition.pdf,10.1016/j.ceramint.2020.08.182,BST (Bi0.5Sb1.5Te3) with AgSbTe2 addition,BST-0 wt% AgSbTe2,Bi0.48Sb1.52Te3,Ag,0 wt%,unclear,,Ag (0 wt%) @ unclear site,body text,,Room temperature value,36.0,uW/cm.K2,False,51.0,83.0,32.0,54.672000000000004,5.438976000000003,52.0,85.0,90.0,5.0,88.096,2.2847999999999993,90.0,121.76,208.9804,87.2204,133.6371584,14.465902387200007,127.6,544.4,903.78,359.38,760.6075199999999,87.04886783999999,722.66,15.0,16.0,1.0,15.6,0.4800000000000001,16.0,5.0,6.0,1.0,5.096,0.17356800000000006,5.0,138.0,148.0,10.0,139.26399999999998,1.677311999999985,138.0,2.02,2.1,0.08000000000000007,2.07712,0.027456000000000137,2.1,2.0,2.0,0.0,2.0,0.0,2.0,3.0,4.0,1.0,3.6,0.48,4.0,10.0,10.0,0.0,10.0,0.0,10.0,0.0,14.0,14.0,1.3439999999999999,2.429952,0.0,15.0,29.0,14.0,16.944,2.3147519999999995,16.0,0.0,0.0,0.0,0.0,0.0,0.0,2.0,3.0,1.0,2.4,0.48,2.0,0.0,0.0,0.0,0.0,0.0,0.0,0.0,0.0,0.0,0.0,0.0,0.0,2.0,3.0,1.0,2.4,0.48,2.0,31.56,34.7633333333,3.203333333299998,33.61543999998,1.3774719999839986,34.7633333333,0.0,0.464,0.464,0.27840000000000004,0.22271999999999997,0.464,0.0,0.0,0.0,0.0,0.0,0.0,12.0,166.0,154.0,142.81599999999997,25.116672000000023,152.0,2.0,3.6,10.0,1.3439999999999999,0.11803588290840417,0.21246458923512748,0.5901794145420208,0.07932011331444759,7.428503731470032,0.054251069900142834,0.0,1.0,0.0,0.0,0.304,0.6,425.0,,
Enhanced thermoelectric performance of.pdf,10.1063/1.3106102,AgSbTe2,AgSbTe2 synthesized by HPHT,AgSbTe2,,,,,,figure,Fig. 4,Visually estimated from Fig. 4,8.000000000000002,uW/cm.K2,False,47.0,52.0,5.0,50.5,1.75,52.0,65.0,90.0,25.0,82.5,8.75,90.0,107.8682,127.6,19.731799999999993,121.20705,6.669425,127.6,722.66,1234.93,512.2700000000001,896.0074999999999,173.34750000000003,722.66,11.0,16.0,5.0,14.5,1.75,16.0,5.0,5.0,0.0,5.0,0.0,5.0,138.0,145.0,7.0,140.0,2.5,138.0,1.93,2.1,0.17000000000000015,2.045,0.05750000000000005,2.1,1.0,2.0,1.0,1.75,0.375,2.0,0.0,4.0,4.0,2.75,1.375,4.0,10.0,10.0,0.0,10.0,0.0,10.0,0.0,0.0,0.0,0.0,0.0,0.0,11.0,16.0,5.0,14.5,1.75,16.0,0.0,1.0,1.0,0.25,0.375,0.0,0.0,3.0,3.0,1.75,0.875,2.0,0.0,0.0,0.0,0.0,0.0,0.0,0.0,0.0,0.0,0.0,0.0,0.0,1.0,3.0,2.0,2.0,0.5,2.0,16.33,34.7633333333,18.4333333333,29.35416666665,6.512083333324999,34.7633333333,0.0,0.464,0.464,0.232,0.232,0.464,0.0,0.0,0.0,0.0,0.0,0.0,152.0,225.0,73.0,173.75,25.625,152.0,1.75,2.75,10.0,0.0,0.1206896551724138,0.1896551724137931,0.6896551724137931,0.0,8.644719482306641,0.11200000000000014,,0.0,0.0,0.25,0.25,0.5,300.0,,
Enhanced thermoelectric performance of.pdf,10.1063/1.3106102,AgSbTe2,AgSbTe2 synthesized by HPHT,AgSbTe2,,,,,,figure,Fig. 4,Visually estimated from Fig. 4,15.5,uW/cm.K2,False,47.0,52.0,5.0,50.5,1.75,52.0,65.0,90.0,25.0,82.5,8.75,90.0,107.8682,127.6,19.731799999999993,121.20705,6.669425,127.6,722.66,1234.93,512.2700000000001,896.0074999999999,173.34750000000003,722.66,11.0,16.0,5.0,14.5,1.75,16.0,5.0,5.0,0.0,5.0,0.0,5.0,138.0,145.0,7.0,140.0,2.5,138.0,1.93,2.1,0.17000000000000015,2.045,0.05750000000000005,2.1,1.0,2.0,1.0,1.75,0.375,2.0,0.0,4.0,4.0,2.75,1.375,4.0,10.0,10.0,0.0,10.0,0.0,10.0,0.0,0.0,0.0,0.0,0.0,0.0,11.0,16.0,5.0,14.5,1.75,16.0,0.0,1.0,1.0,0.25,0.375,0.0,0.0,3.0,3.0,1.75,0.875,2.0,0.0,0.0,0.0,0.0,0.0,0.0,0.0,0.0,0.0,0.0,0.0,0.0,1.0,3.0,2.0,2.0,0.5,2.0,16.33,34.7633333333,18.4333333333,29.35416666665,6.512083333324999,34.7633333333,0.0,0.464,0.464,0.232,0.232,0.464,0.0,0.0,0.0,0.0,0.0,0.0,152.0,225.0,73.0,173.75,25.625,152.0,1.75,2.75,10.0,0.0,0.1206896551724138,0.1896551724137931,0.6896551724137931,0.0,8.644719482306641,0.11200000000000014,,0.0,0.0,0.25,0.25,0.5,513.0,,
Enhanced thermoelectric properties of AgSbTe2 obtained by controlling heterophases with Ce doping.pdf,10.1038/s41598-017-04885-1,AgSbTe2,x = 0.002,AgSb0.998Ce0.002Te2,Ce,x = 0.002,Sb,,Ce (x = 0.002) @ Sb site,body text,Page 4,,15.5,uW/cm.K2,False,47.0,58.0,11.0,50.5035,1.7517499999999986,52.0,15.0,90.0,75.0,82.465,8.799964999999998,90.0,107.8682,140.116,32.24780000000001,121.216228,6.674013999999998,127.6,722.66,1234.93,512.2700000000001,896.0911099999998,173.43111000000005,722.66,3.0,16.0,13.0,14.494,1.758494,16.0,5.0,6.0,1.0,5.000500000000001,0.0009995000000006104,5.0,138.0,204.0,66.0,140.0325,2.547717499999999,138.0,1.12,2.1,0.98,2.0445349999999998,0.05819203500000013,2.1,1.0,2.0,1.0,1.75,0.375,2.0,0.0,4.0,4.0,2.7485,1.3769985,4.0,1.0,10.0,9.0,9.9955,0.00899550000000017,10.0,0.0,1.0,1.0,0.0005,0.0009995,0.0,4.0,16.0,12.0,14.494499999999999,1.7577445000000007,16.0,0.0,1.0,1.0,0.25,0.375,0.0,0.0,3.0,3.0,1.7485,0.8759985,2.0,0.0,9.0,9.0,0.0045000000000000005,0.0089955,0.0,0.0,13.0,13.0,0.006500000000000001,0.012993500000000002,0.0,1.0,22.0,21.0,2.0095,0.51425,2.0,16.33,37.24,20.910000000000004,29.357006666649998,6.513503333325,34.7633333333,0.0,0.464,0.464,0.232,0.23200000000000004,0.464,0.0,0.0,0.0,0.0,0.0,0.0,152.0,225.0,73.0,173.764,25.638236000000006,152.0,1.75,2.7485,9.9955,0.0005,0.12073545137810895,0.18962365035013282,0.6896064024285075,3.449584325088827e-05,8.674708116969997,0.11334600827349736,0.002,1.0,0.0,0.25,0.2495,0.5,673.0,0.0,0.2499999999999999
Excellent thermoelectric performance achieved over broad temperature plateau in indium-doped SnTe-AgSbTe2 alloys.pdf,10.1063/1.5018477,SnTe-AgSbTe2,"(Sn0.995In0.005Te)1-x(Ag0.366Sb0.558Te)x, x=0.05",(Sn0.995In0.005Te)0.95(Ag0.366Sb0.558Te)0.05,In,0.005,Sn,Ag (0.05 * 0.366) @ multiple sites; Sb (0.05 * 0.558) @ multiple sites,In (0.005) @ Sn site; Ag (0.05 * 0.366) @ multiple sites site; Sb (0.05 * 0.558) @ multiple sites site,figure,,Visually estimated from Fig. 4c,22.0,uW/cm.K2,False,47.0,52.0,5.0,50.985998396954216,1.0163232619685045,52.0,65.0,90.0,25.0,84.92999198477106,5.081616309842523,90.0,107.8682,127.6,19.731799999999993,123.09743766155695,4.51113349207799,127.6,429.75,1234.93,805.1800000000001,626.1611379120328,115.60454715602766,722.66,11.0,16.0,5.0,14.985998396954214,1.0163232619685045,16.0,5.0,5.0,0.0,5.0,0.0,5.0,138.0,145.0,7.0,138.56119126340047,0.5622595565579209,138.0,1.78,2.1,0.32000000000000006,2.0306878068329826,0.06998397290489647,2.1,1.0,2.0,1.0,1.9908325819056207,0.01816675307972428,2.0,0.0,4.0,4.0,2.9951658150485923,1.0068821347676102,4.0,10.0,10.0,0.0,10.0,0.0,10.0,0.0,0.0,0.0,0.0,0.0,0.0,11.0,16.0,5.0,14.985998396954214,1.0163232619685045,16.0,0.0,1.0,1.0,0.00916741809437932,0.018166753079724336,0.0,0.0,5.0,5.0,2.949829676385132,1.0057224320839393,2.0,0.0,0.0,0.0,0.0,0.0,0.0,0.0,0.0,0.0,0.0,0.0,0.0,1.0,5.0,4.0,2.9589970944795114,0.9967405483503519,2.0,16.33,34.7633333333,18.4333333333,33.82455544699929,0.9405649597241773,34.7633333333,0.0,0.464,0.464,0.23244163911431723,0.23199915928833065,0.464,0.0,0.0,0.0,0.0,0.0,0.0,139.0,225.0,86.0,147.62518785692816,6.315427776857784,152.0,1.9908325819056207,2.9951658150485923,10.0,0.0,0.13284617608862428,0.1998642823595481,0.6672895415518275,0.0,6.795730248791316,0.1360377322631075,0.005,3.0,1.0,0.00916741809437932,0.013976555455365197,0.5009518084360285,873.0,,
Excellent thermoelectric performance achieved over broad temperature plateau in indium-doped SnTe-AgSbTe2 alloys.pdf,10.1063/1.5018477,SnTe-AgSbTe2,"(Sn0.995In0.005Te)1-x(Ag0.366Sb0.558Te)x, x=0.20",(Sn0.995In0.005Te)0.8(Ag0.366Sb0.558Te)0.2,In,0.005,Sn,Ag (0.2 * 0.366) @ multiple sites; Sb (0.2 * 0.558) @ multiple sites,In (0.005) @ Sn site; Ag (0.2 * 0.366) @ multiple sites site; Sb (0.2 * 0.558) @ multiple sites site,figure,,Visually estimated from Fig. 4c,28.0,uW/cm.K2,False,47.0,52.0,5.0,50.951229343006865,1.062286842315177,52.0,65.0,90.0,25.0,84.75614671503428,5.311434211575892,90.0,107.8682,127.6,19.731799999999993,122.9528417170496,4.682747161376887,127.6,429.75,1234.93,805.1800000000001,663.8862374042725,128.3215537317795,722.66,11.0,16.0,5.0,14.951229343006851,1.062286842315179,16.0,5.0,5.0,0.0,5.0,0.0,5.0,138.0,145.0,7.0,138.7234985892785,0.7290392878663006,138.0,1.78,2.1,0.32000000000000006,2.0341273679967755,0.0681620493095369,2.1,1.0,2.0,1.0,1.9631197097944377,0.07104026879983157,2.0,0.0,4.0,4.0,2.9881096332124146,1.0209767550595328,4.0,10.0,10.0,0.0,10.0,0.0,10.0,0.0,0.0,0.0,0.0,0.0,0.0,11.0,16.0,5.0,14.951229343006851,1.062286842315179,16.0,0.0,1.0,1.0,0.03688029020556228,0.07104026879983157,0.0,0.0,5.0,5.0,2.7906086255542126,1.0025001782998595,2.0,0.0,0.0,0.0,0.0,0.0,0.0,0.0,0.0,0.0,0.0,0.0,0.0,1.0,5.0,4.0,2.827488915759775,0.9686226364302599,2.0,16.33,34.7633333333,18.4333333333,33.289341663291005,1.4852797964621003,34.7633333333,0.0,0.464,0.464,0.23377670294236197,0.23198639364937332,0.464,0.0,0.0,0.0,0.0,0.0,0.0,139.0,225.0,86.0,151.04171704957682,8.102956106067534,152.0,1.9631197097944377,2.9881096332124146,10.0,0.0,0.13130155820348305,0.1998571197498248,0.6688413220466922,0.0,8.379898403275396,0.12430573218831958,0.005,3.0,1.0,0.03688029020556228,0.056227327690447415,0.5038291011688836,873.0,,
Ge-induced cation ordering for enhanced thermoelectric performance in AgSbTe2.pdf,10.1039/d5ta10429g,AgSbTe2,AgSbTe2,AgSbTe2,,,,,,text,Results and discussion section,,8.3,uW/cm.K2,False,47.0,52.0,5.0,50.5,1.75,52.0,65.0,90.0,25.0,82.5,8.75,90.0,107.8682,127.6,19.731799999999993,121.20705,6.669425,127.6,722.66,1234.93,512.2700000000001,896.0074999999999,173.34750000000003,722.66,11.0,16.0,5.0,14.5,1.75,16.0,5.0,5.0,0.0,5.0,0.0,5.0,138.0,145.0,7.0,140.0,2.5,138.0,1.93,2.1,0.17000000000000015,2.045,0.05750000000000005,2.1,1.0,2.0,1.0,1.75,0.375,2.0,0.0,4.0,4.0,2.75,1.375,4.0,10.0,10.0,0.0,10.0,0.0,10.0,0.0,0.0,0.0,0.0,0.0,0.0,11.0,16.0,5.0,14.5,1.75,16.0,0.0,1.0,1.0,0.25,0.375,0.0,0.0,3.0,3.0,1.75,0.875,2.0,0.0,0.0,0.0,0.0,0.0,0.0,0.0,0.0,0.0,0.0,0.0,0.0,1.0,3.0,2.0,2.0,0.5,2.0,16.33,34.7633333333,18.4333333333,29.35416666665,6.512083333324999,34.7633333333,0.0,0.464,0.464,0.232,0.232,0.464,0.0,0.0,0.0,0.0,0.0,0.0,152.0,225.0,73.0,173.75,25.625,152.0,1.75,2.75,10.0,0.0,0.1206896551724138,0.1896551724137931,0.6896551724137931,0.0,8.644719482306641,0.11200000000000014,,0.0,0.0,0.25,0.25,0.5,300.0,,
Ge-induced cation ordering for enhanced thermoelectric performance in AgSbTe2.pdf,10.1039/d5ta10429g,AgSbTe2,AgSb0.94Ge0.06Te2,AgSb0.94Ge0.06Te2,Ge,0.06,Sb,,Ge (0.06) @ Sb site,text,Results and discussion section,,11.9,uW/cm.K2,False,32.0,52.0,20.0,50.215,2.1539499999999983,52.0,65.0,90.0,25.0,82.41,8.807300000000001,90.0,72.64,127.6,54.959999999999994,120.47025,7.735932500000001,127.6,722.66,1234.93,512.2700000000001,900.6218000000001,177.96180000000004,722.66,11.0,16.0,5.0,14.485,1.7570500000000004,16.0,4.0,5.0,1.0,4.984999999999999,0.02955000000000055,5.0,120.0,145.0,25.0,139.71499999999997,2.6424999999999876,138.0,1.93,2.1,0.17000000000000015,2.0444,0.05823200000000002,2.1,1.0,2.0,1.0,1.75,0.375,2.0,0.0,4.0,4.0,2.735,1.3895499999999998,4.0,10.0,10.0,0.0,10.0,0.0,10.0,0.0,0.0,0.0,0.0,0.0,0.0,11.0,16.0,5.0,14.485,1.7570500000000004,16.0,0.0,1.0,1.0,0.25,0.375,0.0,0.0,4.0,4.0,1.765,0.8825000000000001,2.0,0.0,0.0,0.0,0.0,0.0,0.0,0.0,0.0,0.0,0.0,0.0,0.0,1.0,4.0,3.0,2.0149999999999997,0.5224999999999999,2.0,16.33,34.7633333333,18.4333333333,29.22584166665,6.6345460833245,34.7633333333,0.0,0.464,0.464,0.237745,0.23061265,0.464,0.0,0.0,0.0,0.0,0.0,0.0,152.0,225.0,73.0,174.635,26.693449999999995,152.0,1.75,2.735,10.0,0.0,0.12081463583016915,0.18881601656886435,0.6903693476009666,0.0,9.11649772763948,0.111671544972708,0.06,1.0,0.0,0.25,0.235,0.5,300.0,1.0,0.030000000000000027
Ge-induced cation ordering for enhanced thermoelectric performance in AgSbTe2.pdf,10.1039/d5ta10429g,AgSbTe2,AgSb1-xGexTe2 (x=0.00),AgSbTe2,Ge,0,Sb,,Ge (0) @ Sb site,figure,,Visually estimated from Fig. 3c,11.000000000000002,uW/cm.K2,False,47.0,52.0,5.0,50.5,1.75,52.0,65.0,90.0,25.0,82.5,8.75,90.0,107.8682,127.6,19.731799999999993,121.20705,6.669425,127.6,722.66,1234.93,512.2700000000001,896.0074999999999,173.34750000000003,722.66,11.0,16.0,5.0,14.5,1.75,16.0,5.0,5.0,0.0,5.0,0.0,5.0,138.0,145.0,7.0,140.0,2.5,138.0,1.93,2.1,0.17000000000000015,2.045,0.05750000000000005,2.1,1.0,2.0,1.0,1.75,0.375,2.0,0.0,4.0,4.0,2.75,1.375,4.0,10.0,10.0,0.0,10.0,0.0,10.0,0.0,0.0,0.0,0.0,0.0,0.0,11.0,16.0,5.0,14.5,1.75,16.0,0.0,1.0,1.0,0.25,0.375,0.0,0.0,3.0,3.0,1.75,0.875,2.0,0.0,0.0,0.0,0.0,0.0,0.0,0.0,0.0,0.0,0.0,0.0,0.0,1.0,3.0,2.0,2.0,0.5,2.0,16.33,34.7633333333,18.4333333333,29.35416666665,6.512083333324999,34.7633333333,0.0,0.464,0.464,0.232,0.232,0.464,0.0,0.0,0.0,0.0,0.0,0.0,152.0,225.0,73.0,173.75,25.625,152.0,1.75,2.75,10.0,0.0,0.1206896551724138,0.1896551724137931,0.6896551724137931,0.0,8.644719482306641,0.11200000000000014,0.0,1.0,0.0,0.25,0.25,0.5,300.0,1.0,0.030000000000000027
Ge-induced cation ordering for enhanced thermoelectric performance in AgSbTe2.pdf,10.1039/d5ta10429g,AgSbTe2,AgSb1-xGexTe2 (x=0.04),AgSb0.96Ge0.04Te2,Ge,0.04,Sb,,Ge (0.04) @ Sb site,figure,,Visually estimated from Fig. 3c,11.999999999999998,uW/cm.K2,False,32.0,52.0,20.0,50.31,2.0211999999999986,52.0,65.0,90.0,25.0,82.44,8.788800000000002,90.0,72.64,127.6,54.959999999999994,120.71584999999999,7.385342000000003,127.6,722.66,1234.93,512.2700000000001,899.0836999999999,176.42370000000003,722.66,11.0,16.0,5.0,14.489999999999998,1.7548000000000008,16.0,4.0,5.0,1.0,4.99,0.01979999999999979,5.0,120.0,145.0,25.0,139.81,2.595000000000001,138.0,1.93,2.1,0.17000000000000015,2.0446,0.05799200000000003,2.1,1.0,2.0,1.0,1.75,0.375,2.0,0.0,4.0,4.0,2.74,1.3847999999999998,4.0,10.0,10.0,0.0,10.0,0.0,10.0,0.0,0.0,0.0,0.0,0.0,0.0,11.0,16.0,5.0,14.489999999999998,1.7548000000000008,16.0,0.0,1.0,1.0,0.25,0.375,0.0,0.0,4.0,4.0,1.76,0.88,2.0,0.0,0.0,0.0,0.0,0.0,0.0,0.0,0.0,0.0,0.0,0.0,0.0,1.0,4.0,3.0,2.01,0.5149999999999999,2.0,16.33,34.7633333333,18.4333333333,29.268616666649997,6.5945806666580005,34.7633333333,0.0,0.464,0.464,0.23583,0.23111340000000002,0.464,0.0,0.0,0.0,0.0,0.0,0.0,152.0,225.0,73.0,174.34,26.343200000000003,152.0,1.75,2.74,10.0,0.0,0.12077294685990339,0.18909592822636304,0.6901311249137336,0.0,8.993810816868557,0.1117688154969833,0.04,1.0,0.0,0.25,0.24,0.5,300.0,1.0,0.030000000000000027
Ge-induced cation ordering for enhanced thermoelectric performance in AgSbTe2.pdf,10.1039/d5ta10429g,AgSbTe2,AgSb1-xGexTe2 (x=0.06),AgSb0.94Ge0.06Te2,Ge,0.06,Sb,,Ge (0.06) @ Sb site,figure,,Visually estimated from Fig. 3c,11.5,uW/cm.K2,False,32.0,52.0,20.0,50.215,2.1539499999999983,52.0,65.0,90.0,25.0,82.41,8.807300000000001,90.0,72.64,127.6,54.959999999999994,120.47025,7.735932500000001,127.6,722.66,1234.93,512.2700000000001,900.6218000000001,177.96180000000004,722.66,11.0,16.0,5.0,14.485,1.7570500000000004,16.0,4.0,5.0,1.0,4.984999999999999,0.02955000000000055,5.0,120.0,145.0,25.0,139.71499999999997,2.6424999999999876,138.0,1.93,2.1,0.17000000000000015,2.0444,0.05823200000000002,2.1,1.0,2.0,1.0,1.75,0.375,2.0,0.0,4.0,4.0,2.735,1.3895499999999998,4.0,10.0,10.0,0.0,10.0,0.0,10.0,0.0,0.0,0.0,0.0,0.0,0.0,11.0,16.0,5.0,14.485,1.7570500000000004,16.0,0.0,1.0,1.0,0.25,0.375,0.0,0.0,4.0,4.0,1.765,0.8825000000000001,2.0,0.0,0.0,0.0,0.0,0.0,0.0,0.0,0.0,0.0,0.0,0.0,0.0,1.0,4.0,3.0,2.0149999999999997,0.5224999999999999,2.0,16.33,34.7633333333,18.4333333333,29.22584166665,6.6345460833245,34.7633333333,0.0,0.464,0.464,0.237745,0.23061265,0.464,0.0,0.0,0.0,0.0,0.0,0.0,152.0,225.0,73.0,174.635,26.693449999999995,152.0,1.75,2.735,10.0,0.0,0.12081463583016915,0.18881601656886435,0.6903693476009666,0.0,9.11649772763948,0.111671544972708,0.06,1.0,0.0,0.25,0.235,0.5,300.0,1.0,0.030000000000000027
Ge-induced cation ordering for enhanced thermoelectric performance in AgSbTe2.pdf,10.1039/d5ta10429g,AgSbTe2,AgSb1-xGexTe2 (x=0.08),AgSb0.92Ge0.08Te2,Ge,0.08,Sb,,Ge (0.08) @ Sb site,figure,,Visually estimated from Fig. 3c,8.5,uW/cm.K2,False,32.0,52.0,20.0,50.120000000000005,2.284799999999998,52.0,65.0,90.0,25.0,82.38,8.825200000000002,90.0,72.64,127.6,54.959999999999994,120.22465,8.081610999999999,127.6,722.66,1234.93,512.2700000000001,902.1598999999999,179.49990000000003,722.66,11.0,16.0,5.0,14.48,1.7591999999999999,16.0,4.0,5.0,1.0,4.98,0.039199999999999596,5.0,120.0,145.0,25.0,139.62,2.690000000000002,138.0,1.93,2.1,0.17000000000000015,2.0442,0.05846800000000002,2.1,1.0,2.0,1.0,1.75,0.375,2.0,0.0,4.0,4.0,2.73,1.3942,4.0,10.0,10.0,0.0,10.0,0.0,10.0,0.0,0.0,0.0,0.0,0.0,0.0,11.0,16.0,5.0,14.48,1.7591999999999999,16.0,0.0,1.0,1.0,0.25,0.375,0.0,0.0,4.0,4.0,1.77,0.885,2.0,0.0,0.0,0.0,0.0,0.0,0.0,0.0,0.0,0.0,0.0,0.0,0.0,1.0,4.0,3.0,2.02,0.53,2.0,16.33,34.7633333333,18.4333333333,29.18306666665,6.673655999990999,34.7633333333,0.0,0.464,0.464,0.23966,0.23007360000000002,0.464,0.0,0.0,0.0,0.0,0.0,0.0,152.0,225.0,73.0,174.93,27.037800000000004,152.0,1.75,2.73,10.0,0.0,0.12085635359116022,0.18853591160220995,0.6906077348066298,0.0,9.22417386245996,0.11158625039419756,0.08,1.0,0.0,0.25,0.23,0.5,300.0,1.0,0.030000000000000027
High Power Factor of HPHT-Sintered GeTe-AgSbTe2 Alloys.pdf,10.1007/s11664-010-1383-1,TAGS-85 (GeTe-AgSbTe2 alloy),A,(GeTe)0.85(AgSbTe2)0.15,,,,,,Table 1,,,28.1,uW/cm.K2,False,32.0,52.0,20.0,44.21739130434783,9.030245746691872,52.0,65.0,90.0,25.0,83.97826086956522,6.1550094517958405,90.0,72.64,127.6,54.959999999999994,105.6209695652174,24.37723837429111,127.6,722.66,1234.93,512.2700000000001,948.5023913043477,231.67574669187147,722.66,11.0,16.0,5.0,14.869565217391303,1.1474480151228736,16.0,4.0,5.0,1.0,4.630434782608696,0.4659735349716445,5.0,120.0,145.0,25.0,131.8695652173913,8.773156899810962,138.0,1.93,2.1,0.17000000000000015,2.0523913043478266,0.04760869565217405,2.1,1.0,2.0,1.0,1.9347826086956523,0.12192816635160669,2.0,0.0,4.0,4.0,2.9347826086956523,1.0737240075614365,4.0,10.0,10.0,0.0,10.0,0.0,10.0,0.0,0.0,0.0,0.0,0.0,0.0,11.0,16.0,5.0,14.869565217391303,1.1474480151228736,16.0,0.0,1.0,1.0,0.06521739130434782,0.12192816635160682,0.0,0.0,4.0,4.0,2.6739130434782608,1.0226843100189034,2.0,0.0,0.0,0.0,0.0,0.0,0.0,0.0,0.0,0.0,0.0,0.0,0.0,1.0,4.0,3.0,2.739130434782609,0.9659735349716446,2.0,16.33,34.7633333333,18.4333333333,29.00677536230217,6.089587271567106,34.7633333333,0.0,0.464,0.464,0.3735434782608696,0.09744612476370512,0.464,0.0,0.0,0.0,0.0,0.0,0.0,152.0,225.0,73.0,184.65217391304347,35.08506616257089,152.0,1.9347826086956523,2.9347826086956523,10.0,0.0,0.13011695906432752,0.1973684210526316,0.672514619883041,0.0,8.900964213004231,0.08995312500000022,,0.0,0.0,0.06521739130434782,0.06521739130434782,0.5,425.0,,
High Power Factor of HPHT-Sintered GeTe-AgSbTe2 Alloys.pdf,10.1007/s11664-010-1383-1,TAGS-85 (GeTe-AgSbTe2 alloy),B,(GeTe)0.85(AgSbTe2)0.15,,,,,,Table 1,,,32.50000000000001,uW/cm.K2,False,32.0,52.0,20.0,44.21739130434783,9.030245746691872,52.0,65.0,90.0,25.0,83.97826086956522,6.1550094517958405,90.0,72.64,127.6,54.959999999999994,105.6209695652174,24.37723837429111,127.6,722.66,1234.93,512.2700000000001,948.5023913043477,231.67574669187147,722.66,11.0,16.0,5.0,14.869565217391303,1.1474480151228736,16.0,4.0,5.0,1.0,4.630434782608696,0.4659735349716445,5.0,120.0,145.0,25.0,131.8695652173913,8.773156899810962,138.0,1.93,2.1,0.17000000000000015,2.0523913043478266,0.04760869565217405,2.1,1.0,2.0,1.0,1.9347826086956523,0.12192816635160669,2.0,0.0,4.0,4.0,2.9347826086956523,1.0737240075614365,4.0,10.0,10.0,0.0,10.0,0.0,10.0,0.0,0.0,0.0,0.0,0.0,0.0,11.0,16.0,5.0,14.869565217391303,1.1474480151228736,16.0,0.0,1.0,1.0,0.06521739130434782,0.12192816635160682,0.0,0.0,4.0,4.0,2.6739130434782608,1.0226843100189034,2.0,0.0,0.0,0.0,0.0,0.0,0.0,0.0,0.0,0.0,0.0,0.0,0.0,1.0,4.0,3.0,2.739130434782609,0.9659735349716446,2.0,16.33,34.7633333333,18.4333333333,29.00677536230217,6.089587271567106,34.7633333333,0.0,0.464,0.464,0.3735434782608696,0.09744612476370512,0.464,0.0,0.0,0.0,0.0,0.0,0.0,152.0,225.0,73.0,184.65217391304347,35.08506616257089,152.0,1.9347826086956523,2.9347826086956523,10.0,0.0,0.13011695906432752,0.1973684210526316,0.672514619883041,0.0,8.900964213004231,0.08995312500000022,,0.0,0.0,0.06521739130434782,0.06521739130434782,0.5,425.0,,
High Power Factor of HPHT-Sintered GeTe-AgSbTe2 Alloys.pdf,10.1007/s11664-010-1383-1,TAGS-85 (GeTe-AgSbTe2 alloy),C,(GeTe)0.85(AgSbTe2)0.15,,,,,,Table 1,,,38.5,uW/cm.K2,False,32.0,52.0,20.0,44.21739130434783,9.030245746691872,52.0,65.0,90.0,25.0,83.97826086956522,6.1550094517958405,90.0,72.64,127.6,54.959999999999994,105.6209695652174,24.37723837429111,127.6,722.66,1234.93,512.2700000000001,948.5023913043477,231.67574669187147,722.66,11.0,16.0,5.0,14.869565217391303,1.1474480151228736,16.0,4.0,5.0,1.0,4.630434782608696,0.4659735349716445,5.0,120.0,145.0,25.0,131.8695652173913,8.773156899810962,138.0,1.93,2.1,0.17000000000000015,2.0523913043478266,0.04760869565217405,2.1,1.0,2.0,1.0,1.9347826086956523,0.12192816635160669,2.0,0.0,4.0,4.0,2.9347826086956523,1.0737240075614365,4.0,10.0,10.0,0.0,10.0,0.0,10.0,0.0,0.0,0.0,0.0,0.0,0.0,11.0,16.0,5.0,14.869565217391303,1.1474480151228736,16.0,0.0,1.0,1.0,0.06521739130434782,0.12192816635160682,0.0,0.0,4.0,4.0,2.6739130434782608,1.0226843100189034,2.0,0.0,0.0,0.0,0.0,0.0,0.0,0.0,0.0,0.0,0.0,0.0,0.0,1.0,4.0,3.0,2.739130434782609,0.9659735349716446,2.0,16.33,34.7633333333,18.4333333333,29.00677536230217,6.089587271567106,34.7633333333,0.0,0.464,0.464,0.3735434782608696,0.09744612476370512,0.464,0.0,0.0,0.0,0.0,0.0,0.0,152.0,225.0,73.0,184.65217391304347,35.08506616257089,152.0,1.9347826086956523,2.9347826086956523,10.0,0.0,0.13011695906432752,0.1973684210526316,0.672514619883041,0.0,8.900964213004231,0.08995312500000022,,0.0,0.0,0.06521739130434782,0.06521739130434782,0.5,425.0,,
High Power Factor of HPHT-Sintered GeTe-AgSbTe2 Alloys.pdf,10.1007/s11664-010-1383-1,TAGS-85 (GeTe-AgSbTe2 alloy),D,(GeTe)0.85(AgSbTe2)0.15,,,,,,Table 1,,,43.2,uW/cm.K2,False,32.0,52.0,20.0,44.21739130434783,9.030245746691872,52.0,65.0,90.0,25.0,83.97826086956522,6.1550094517958405,90.0,72.64,127.6,54.959999999999994,105.6209695652174,24.37723837429111,127.6,722.66,1234.93,512.2700000000001,948.5023913043477,231.67574669187147,722.66,11.0,16.0,5.0,14.869565217391303,1.1474480151228736,16.0,4.0,5.0,1.0,4.630434782608696,0.4659735349716445,5.0,120.0,145.0,25.0,131.8695652173913,8.773156899810962,138.0,1.93,2.1,0.17000000000000015,2.0523913043478266,0.04760869565217405,2.1,1.0,2.0,1.0,1.9347826086956523,0.12192816635160669,2.0,0.0,4.0,4.0,2.9347826086956523,1.0737240075614365,4.0,10.0,10.0,0.0,10.0,0.0,10.0,0.0,0.0,0.0,0.0,0.0,0.0,11.0,16.0,5.0,14.869565217391303,1.1474480151228736,16.0,0.0,1.0,1.0,0.06521739130434782,0.12192816635160682,0.0,0.0,4.0,4.0,2.6739130434782608,1.0226843100189034,2.0,0.0,0.0,0.0,0.0,0.0,0.0,0.0,0.0,0.0,0.0,0.0,0.0,1.0,4.0,3.0,2.739130434782609,0.9659735349716446,2.0,16.33,34.7633333333,18.4333333333,29.00677536230217,6.089587271567106,34.7633333333,0.0,0.464,0.464,0.3735434782608696,0.09744612476370512,0.464,0.0,0.0,0.0,0.0,0.0,0.0,152.0,225.0,73.0,184.65217391304347,35.08506616257089,152.0,1.9347826086956523,2.9347826086956523,10.0,0.0,0.13011695906432752,0.1973684210526316,0.672514619883041,0.0,8.900964213004231,0.08995312500000022,,0.0,0.0,0.06521739130434782,0.06521739130434782,0.5,425.0,,
High Power Factor of HPHT-Sintered GeTe-AgSbTe2 Alloys.pdf,10.1007/s11664-010-1383-1,TAGS-85 (GeTe-AgSbTe2 alloy),E,(GeTe)0.85(AgSbTe2)0.15,,,,,,Table 1,,,37.1,uW/cm.K2,False,32.0,52.0,20.0,44.21739130434783,9.030245746691872,52.0,65.0,90.0,25.0,83.97826086956522,6.1550094517958405,90.0,72.64,127.6,54.959999999999994,105.6209695652174,24.37723837429111,127.6,722.66,1234.93,512.2700000000001,948.5023913043477,231.67574669187147,722.66,11.0,16.0,5.0,14.869565217391303,1.1474480151228736,16.0,4.0,5.0,1.0,4.630434782608696,0.4659735349716445,5.0,120.0,145.0,25.0,131.8695652173913,8.773156899810962,138.0,1.93,2.1,0.17000000000000015,2.0523913043478266,0.04760869565217405,2.1,1.0,2.0,1.0,1.9347826086956523,0.12192816635160669,2.0,0.0,4.0,4.0,2.9347826086956523,1.0737240075614365,4.0,10.0,10.0,0.0,10.0,0.0,10.0,0.0,0.0,0.0,0.0,0.0,0.0,11.0,16.0,5.0,14.869565217391303,1.1474480151228736,16.0,0.0,1.0,1.0,0.06521739130434782,0.12192816635160682,0.0,0.0,4.0,4.0,2.6739130434782608,1.0226843100189034,2.0,0.0,0.0,0.0,0.0,0.0,0.0,0.0,0.0,0.0,0.0,0.0,0.0,1.0,4.0,3.0,2.739130434782609,0.9659735349716446,2.0,16.33,34.7633333333,18.4333333333,29.00677536230217,6.089587271567106,34.7633333333,0.0,0.464,0.464,0.3735434782608696,0.09744612476370512,0.464,0.0,0.0,0.0,0.0,0.0,0.0,152.0,225.0,73.0,184.65217391304347,35.08506616257089,152.0,1.9347826086956523,2.9347826086956523,10.0,0.0,0.13011695906432752,0.1973684210526316,0.672514619883041,0.0,8.900964213004231,0.08995312500000022,,0.0,0.0,0.06521739130434782,0.06521739130434782,0.5,425.0,,
High Power Factor of HPHT-Sintered GeTe-AgSbTe2 Alloys.pdf,10.1007/s11664-010-1383-1,TAGS-85 (GeTe-AgSbTe2 alloy),F,(GeTe)0.85(AgSbTe2)0.15,,,,,,Table 1,,,31.4,uW/cm.K2,False,32.0,52.0,20.0,44.21739130434783,9.030245746691872,52.0,65.0,90.0,25.0,83.97826086956522,6.1550094517958405,90.0,72.64,127.6,54.959999999999994,105.6209695652174,24.37723837429111,127.6,722.66,1234.93,512.2700000000001,948.5023913043477,231.67574669187147,722.66,11.0,16.0,5.0,14.869565217391303,1.1474480151228736,16.0,4.0,5.0,1.0,4.630434782608696,0.4659735349716445,5.0,120.0,145.0,25.0,131.8695652173913,8.773156899810962,138.0,1.93,2.1,0.17000000000000015,2.0523913043478266,0.04760869565217405,2.1,1.0,2.0,1.0,1.9347826086956523,0.12192816635160669,2.0,0.0,4.0,4.0,2.9347826086956523,1.0737240075614365,4.0,10.0,10.0,0.0,10.0,0.0,10.0,0.0,0.0,0.0,0.0,0.0,0.0,11.0,16.0,5.0,14.869565217391303,1.1474480151228736,16.0,0.0,1.0,1.0,0.06521739130434782,0.12192816635160682,0.0,0.0,4.0,4.0,2.6739130434782608,1.0226843100189034,2.0,0.0,0.0,0.0,0.0,0.0,0.0,0.0,0.0,0.0,0.0,0.0,0.0,1.0,4.0,3.0,2.739130434782609,0.9659735349716446,2.0,16.33,34.7633333333,18.4333333333,29.00677536230217,6.089587271567106,34.7633333333,0.0,0.464,0.464,0.3735434782608696,0.09744612476370512,0.464,0.0,0.0,0.0,0.0,0.0,0.0,152.0,225.0,73.0,184.65217391304347,35.08506616257089,152.0,1.9347826086956523,2.9347826086956523,10.0,0.0,0.13011695906432752,0.1973684210526316,0.672514619883041,0.0,8.900964213004231,0.08995312500000022,,0.0,0.0,0.06521739130434782,0.06521739130434782,0.5,425.0,,
High Power Factor of HPHT-Sintered GeTe-AgSbTe2 Alloys.pdf,10.1007/s11664-010-1383-1,TAGS-85 (GeTe-AgSbTe2 alloy),TAGS-85,(GeTe)0.85(AgSbTe2)0.15,,,,,,table,"Table I, Sample A",,28.1,uW/cm.K2,False,32.0,52.0,20.0,44.21739130434783,9.030245746691872,52.0,65.0,90.0,25.0,83.97826086956522,6.1550094517958405,90.0,72.64,127.6,54.959999999999994,105.6209695652174,24.37723837429111,127.6,722.66,1234.93,512.2700000000001,948.5023913043477,231.67574669187147,722.66,11.0,16.0,5.0,14.869565217391303,1.1474480151228736,16.0,4.0,5.0,1.0,4.630434782608696,0.4659735349716445,5.0,120.0,145.0,25.0,131.8695652173913,8.773156899810962,138.0,1.93,2.1,0.17000000000000015,2.0523913043478266,0.04760869565217405,2.1,1.0,2.0,1.0,1.9347826086956523,0.12192816635160669,2.0,0.0,4.0,4.0,2.9347826086956523,1.0737240075614365,4.0,10.0,10.0,0.0,10.0,0.0,10.0,0.0,0.0,0.0,0.0,0.0,0.0,11.0,16.0,5.0,14.869565217391303,1.1474480151228736,16.0,0.0,1.0,1.0,0.06521739130434782,0.12192816635160682,0.0,0.0,4.0,4.0,2.6739130434782608,1.0226843100189034,2.0,0.0,0.0,0.0,0.0,0.0,0.0,0.0,0.0,0.0,0.0,0.0,0.0,1.0,4.0,3.0,2.739130434782609,0.9659735349716446,2.0,16.33,34.7633333333,18.4333333333,29.00677536230217,6.089587271567106,34.7633333333,0.0,0.464,0.464,0.3735434782608696,0.09744612476370512,0.464,0.0,0.0,0.0,0.0,0.0,0.0,152.0,225.0,73.0,184.65217391304347,35.08506616257089,152.0,1.9347826086956523,2.9347826086956523,10.0,0.0,0.13011695906432752,0.1973684210526316,0.672514619883041,0.0,8.900964213004231,0.08995312500000022,,0.0,0.0,0.06521739130434782,0.06521739130434782,0.5,425.0,,
High Power Factor of HPHT-Sintered GeTe-AgSbTe2 Alloys.pdf,10.1007/s11664-010-1383-1,TAGS-85 (GeTe-AgSbTe2 alloy),TAGS-85,(GeTe)0.85(AgSbTe2)0.15,,,,,,table,"Table I, Sample B",,32.50000000000001,uW/cm.K2,False,32.0,52.0,20.0,44.21739130434783,9.030245746691872,52.0,65.0,90.0,25.0,83.97826086956522,6.1550094517958405,90.0,72.64,127.6,54.959999999999994,105.6209695652174,24.37723837429111,127.6,722.66,1234.93,512.2700000000001,948.5023913043477,231.67574669187147,722.66,11.0,16.0,5.0,14.869565217391303,1.1474480151228736,16.0,4.0,5.0,1.0,4.630434782608696,0.4659735349716445,5.0,120.0,145.0,25.0,131.8695652173913,8.773156899810962,138.0,1.93,2.1,0.17000000000000015,2.0523913043478266,0.04760869565217405,2.1,1.0,2.0,1.0,1.9347826086956523,0.12192816635160669,2.0,0.0,4.0,4.0,2.9347826086956523,1.0737240075614365,4.0,10.0,10.0,0.0,10.0,0.0,10.0,0.0,0.0,0.0,0.0,0.0,0.0,11.0,16.0,5.0,14.869565217391303,1.1474480151228736,16.0,0.0,1.0,1.0,0.06521739130434782,0.12192816635160682,0.0,0.0,4.0,4.0,2.6739130434782608,1.0226843100189034,2.0,0.0,0.0,0.0,0.0,0.0,0.0,0.0,0.0,0.0,0.0,0.0,0.0,1.0,4.0,3.0,2.739130434782609,0.9659735349716446,2.0,16.33,34.7633333333,18.4333333333,29.00677536230217,6.089587271567106,34.7633333333,0.0,0.464,0.464,0.3735434782608696,0.09744612476370512,0.464,0.0,0.0,0.0,0.0,0.0,0.0,152.0,225.0,73.0,184.65217391304347,35.08506616257089,152.0,1.9347826086956523,2.9347826086956523,10.0,0.0,0.13011695906432752,0.1973684210526316,0.672514619883041,0.0,8.900964213004231,0.08995312500000022,,0.0,0.0,0.06521739130434782,0.06521739130434782,0.5,425.0,,
High Power Factor of HPHT-Sintered GeTe-AgSbTe2 Alloys.pdf,10.1007/s11664-010-1383-1,TAGS-85 (GeTe-AgSbTe2 alloy),TAGS-85,(GeTe)0.85(AgSbTe2)0.15,,,,,,table,"Table I, Sample C",,38.5,uW/cm.K2,False,32.0,52.0,20.0,44.21739130434783,9.030245746691872,52.0,65.0,90.0,25.0,83.97826086956522,6.1550094517958405,90.0,72.64,127.6,54.959999999999994,105.6209695652174,24.37723837429111,127.6,722.66,1234.93,512.2700000000001,948.5023913043477,231.67574669187147,722.66,11.0,16.0,5.0,14.869565217391303,1.1474480151228736,16.0,4.0,5.0,1.0,4.630434782608696,0.4659735349716445,5.0,120.0,145.0,25.0,131.8695652173913,8.773156899810962,138.0,1.93,2.1,0.17000000000000015,2.0523913043478266,0.04760869565217405,2.1,1.0,2.0,1.0,1.9347826086956523,0.12192816635160669,2.0,0.0,4.0,4.0,2.9347826086956523,1.0737240075614365,4.0,10.0,10.0,0.0,10.0,0.0,10.0,0.0,0.0,0.0,0.0,0.0,0.0,11.0,16.0,5.0,14.869565217391303,1.1474480151228736,16.0,0.0,1.0,1.0,0.06521739130434782,0.12192816635160682,0.0,0.0,4.0,4.0,2.6739130434782608,1.0226843100189034,2.0,0.0,0.0,0.0,0.0,0.0,0.0,0.0,0.0,0.0,0.0,0.0,0.0,1.0,4.0,3.0,2.739130434782609,0.9659735349716446,2.0,16.33,34.7633333333,18.4333333333,29.00677536230217,6.089587271567106,34.7633333333,0.0,0.464,0.464,0.3735434782608696,0.09744612476370512,0.464,0.0,0.0,0.0,0.0,0.0,0.0,152.0,225.0,73.0,184.65217391304347,35.08506616257089,152.0,1.9347826086956523,2.9347826086956523,10.0,0.0,0.13011695906432752,0.1973684210526316,0.672514619883041,0.0,8.900964213004231,0.08995312500000022,,0.0,0.0,0.06521739130434782,0.06521739130434782,0.5,425.0,,
High Power Factor of HPHT-Sintered GeTe-AgSbTe2 Alloys.pdf,10.1007/s11664-010-1383-1,TAGS-85 (GeTe-AgSbTe2 alloy),TAGS-85,(GeTe)0.85(AgSbTe2)0.15,,,,,,table,"Table I, Sample D",,43.2,uW/cm.K2,False,32.0,52.0,20.0,44.21739130434783,9.030245746691872,52.0,65.0,90.0,25.0,83.97826086956522,6.1550094517958405,90.0,72.64,127.6,54.959999999999994,105.6209695652174,24.37723837429111,127.6,722.66,1234.93,512.2700000000001,948.5023913043477,231.67574669187147,722.66,11.0,16.0,5.0,14.869565217391303,1.1474480151228736,16.0,4.0,5.0,1.0,4.630434782608696,0.4659735349716445,5.0,120.0,145.0,25.0,131.8695652173913,8.773156899810962,138.0,1.93,2.1,0.17000000000000015,2.0523913043478266,0.04760869565217405,2.1,1.0,2.0,1.0,1.9347826086956523,0.12192816635160669,2.0,0.0,4.0,4.0,2.9347826086956523,1.0737240075614365,4.0,10.0,10.0,0.0,10.0,0.0,10.0,0.0,0.0,0.0,0.0,0.0,0.0,11.0,16.0,5.0,14.869565217391303,1.1474480151228736,16.0,0.0,1.0,1.0,0.06521739130434782,0.12192816635160682,0.0,0.0,4.0,4.0,2.6739130434782608,1.0226843100189034,2.0,0.0,0.0,0.0,0.0,0.0,0.0,0.0,0.0,0.0,0.0,0.0,0.0,1.0,4.0,3.0,2.739130434782609,0.9659735349716446,2.0,16.33,34.7633333333,18.4333333333,29.00677536230217,6.089587271567106,34.7633333333,0.0,0.464,0.464,0.3735434782608696,0.09744612476370512,0.464,0.0,0.0,0.0,0.0,0.0,0.0,152.0,225.0,73.0,184.65217391304347,35.08506616257089,152.0,1.9347826086956523,2.9347826086956523,10.0,0.0,0.13011695906432752,0.1973684210526316,0.672514619883041,0.0,8.900964213004231,0.08995312500000022,,0.0,0.0,0.06521739130434782,0.06521739130434782,0.5,425.0,,
High Power Factor of HPHT-Sintered GeTe-AgSbTe2 Alloys.pdf,10.1007/s11664-010-1383-1,TAGS-85 (GeTe-AgSbTe2 alloy),TAGS-85,(GeTe)0.85(AgSbTe2)0.15,,,,,,table,"Table I, Sample E",,37.1,uW/cm.K2,False,32.0,52.0,20.0,44.21739130434783,9.030245746691872,52.0,65.0,90.0,25.0,83.97826086956522,6.1550094517958405,90.0,72.64,127.6,54.959999999999994,105.6209695652174,24.37723837429111,127.6,722.66,1234.93,512.2700000000001,948.5023913043477,231.67574669187147,722.66,11.0,16.0,5.0,14.869565217391303,1.1474480151228736,16.0,4.0,5.0,1.0,4.630434782608696,0.4659735349716445,5.0,120.0,145.0,25.0,131.8695652173913,8.773156899810962,138.0,1.93,2.1,0.17000000000000015,2.0523913043478266,0.04760869565217405,2.1,1.0,2.0,1.0,1.9347826086956523,0.12192816635160669,2.0,0.0,4.0,4.0,2.9347826086956523,1.0737240075614365,4.0,10.0,10.0,0.0,10.0,0.0,10.0,0.0,0.0,0.0,0.0,0.0,0.0,11.0,16.0,5.0,14.869565217391303,1.1474480151228736,16.0,0.0,1.0,1.0,0.06521739130434782,0.12192816635160682,0.0,0.0,4.0,4.0,2.6739130434782608,1.0226843100189034,2.0,0.0,0.0,0.0,0.0,0.0,0.0,0.0,0.0,0.0,0.0,0.0,0.0,1.0,4.0,3.0,2.739130434782609,0.9659735349716446,2.0,16.33,34.7633333333,18.4333333333,29.00677536230217,6.089587271567106,34.7633333333,0.0,0.464,0.464,0.3735434782608696,0.09744612476370512,0.464,0.0,0.0,0.0,0.0,0.0,0.0,152.0,225.0,73.0,184.65217391304347,35.08506616257089,152.0,1.9347826086956523,2.9347826086956523,10.0,0.0,0.13011695906432752,0.1973684210526316,0.672514619883041,0.0,8.900964213004231,0.08995312500000022,,0.0,0.0,0.06521739130434782,0.06521739130434782,0.5,425.0,,
High Power Factor of HPHT-Sintered GeTe-AgSbTe2 Alloys.pdf,10.1007/s11664-010-1383-1,TAGS-85 (GeTe-AgSbTe2 alloy),TAGS-85,(GeTe)0.85(AgSbTe2)0.15,,,,,,table,"Table I, Sample F",,31.4,uW/cm.K2,False,32.0,52.0,20.0,44.21739130434783,9.030245746691872,52.0,65.0,90.0,25.0,83.97826086956522,6.1550094517958405,90.0,72.64,127.6,54.959999999999994,105.6209695652174,24.37723837429111,127.6,722.66,1234.93,512.2700000000001,948.5023913043477,231.67574669187147,722.66,11.0,16.0,5.0,14.869565217391303,1.1474480151228736,16.0,4.0,5.0,1.0,4.630434782608696,0.4659735349716445,5.0,120.0,145.0,25.0,131.8695652173913,8.773156899810962,138.0,1.93,2.1,0.17000000000000015,2.0523913043478266,0.04760869565217405,2.1,1.0,2.0,1.0,1.9347826086956523,0.12192816635160669,2.0,0.0,4.0,4.0,2.9347826086956523,1.0737240075614365,4.0,10.0,10.0,0.0,10.0,0.0,10.0,0.0,0.0,0.0,0.0,0.0,0.0,11.0,16.0,5.0,14.869565217391303,1.1474480151228736,16.0,0.0,1.0,1.0,0.06521739130434782,0.12192816635160682,0.0,0.0,4.0,4.0,2.6739130434782608,1.0226843100189034,2.0,0.0,0.0,0.0,0.0,0.0,0.0,0.0,0.0,0.0,0.0,0.0,0.0,1.0,4.0,3.0,2.739130434782609,0.9659735349716446,2.0,16.33,34.7633333333,18.4333333333,29.00677536230217,6.089587271567106,34.7633333333,0.0,0.464,0.464,0.3735434782608696,0.09744612476370512,0.464,0.0,0.0,0.0,0.0,0.0,0.0,152.0,225.0,73.0,184.65217391304347,35.08506616257089,152.0,1.9347826086956523,2.9347826086956523,10.0,0.0,0.13011695906432752,0.1973684210526316,0.672514619883041,0.0,8.900964213004231,0.08995312500000022,,0.0,0.0,0.06521739130434782,0.06521739130434782,0.5,425.0,,
Improved Thermoelectric Properties in Structure Controlled Ag-Sb-Te System.pdf,,AgSbTe2,Ag0.208Sb0.275Te0.517 (A),Ag0.208Sb0.275Te0.517,,,,,,Table 1,,,4.5,uW/cm.K2,False,47.0,52.0,5.0,50.685,1.5329599999999988,52.0,65.0,90.0,25.0,83.42500000000001,7.664799999999993,90.0,107.8682,127.6,19.731799999999993,121.88978560000001,5.904361689599995,127.6,722.66,1234.93,512.2700000000001,879.02016,161.67640544000002,722.66,11.0,16.0,5.0,14.685,1.5329599999999997,16.0,5.0,5.0,0.0,5.0,0.0,5.0,138.0,145.0,7.0,139.731,2.191903999999997,138.0,1.93,2.1,0.17000000000000015,2.05089,0.050779740000000115,2.1,1.0,2.0,1.0,1.792,0.329472,2.0,0.0,4.0,4.0,2.8930000000000002,1.203488,4.0,10.0,10.0,0.0,10.0,0.0,10.0,0.0,0.0,0.0,0.0,0.0,0.0,11.0,16.0,5.0,14.685,1.5329599999999997,16.0,0.0,1.0,1.0,0.208,0.329472,0.0,0.0,3.0,3.0,1.859,0.773344,2.0,0.0,0.0,0.0,0.0,0.0,0.0,0.0,0.0,0.0,0.0,0.0,0.0,1.0,3.0,2.0,2.067,0.5131500000000001,2.0,16.33,34.7633333333,18.4333333333,30.0482833333161,5.706805866659495,34.7633333333,0.0,0.464,0.464,0.23988800000000002,0.231731808,0.464,0.0,0.0,0.0,0.0,0.0,0.0,152.0,225.0,73.0,171.034,22.449855999999997,152.0,1.792,2.8930000000000002,10.0,0.0,0.12202928157984337,0.19700374531835207,0.6809669731018045,0.0,8.503177143599974,0.10509193218881056,,0.0,0.0,0.208,0.275,0.517,425.0,,
Improved Thermoelectric Properties in Structure Controlled Ag-Sb-Te System.pdf,,AgSbTe2,Ag0.208Sb0.275Te0.517 (B),Ag0.208Sb0.275Te0.517,,,,,,Table 1,,,6.910000000000001,uW/cm.K2,False,47.0,52.0,5.0,50.685,1.5329599999999988,52.0,65.0,90.0,25.0,83.42500000000001,7.664799999999993,90.0,107.8682,127.6,19.731799999999993,121.88978560000001,5.904361689599995,127.6,722.66,1234.93,512.2700000000001,879.02016,161.67640544000002,722.66,11.0,16.0,5.0,14.685,1.5329599999999997,16.0,5.0,5.0,0.0,5.0,0.0,5.0,138.0,145.0,7.0,139.731,2.191903999999997,138.0,1.93,2.1,0.17000000000000015,2.05089,0.050779740000000115,2.1,1.0,2.0,1.0,1.792,0.329472,2.0,0.0,4.0,4.0,2.8930000000000002,1.203488,4.0,10.0,10.0,0.0,10.0,0.0,10.0,0.0,0.0,0.0,0.0,0.0,0.0,11.0,16.0,5.0,14.685,1.5329599999999997,16.0,0.0,1.0,1.0,0.208,0.329472,0.0,0.0,3.0,3.0,1.859,0.773344,2.0,0.0,0.0,0.0,0.0,0.0,0.0,0.0,0.0,0.0,0.0,0.0,0.0,1.0,3.0,2.0,2.067,0.5131500000000001,2.0,16.33,34.7633333333,18.4333333333,30.0482833333161,5.706805866659495,34.7633333333,0.0,0.464,0.464,0.23988800000000002,0.231731808,0.464,0.0,0.0,0.0,0.0,0.0,0.0,152.0,225.0,73.0,171.034,22.449855999999997,152.0,1.792,2.8930000000000002,10.0,0.0,0.12202928157984337,0.19700374531835207,0.6809669731018045,0.0,8.503177143599974,0.10509193218881056,,0.0,0.0,0.208,0.275,0.517,425.0,,
Impurity band engineering and hierarchical defect scattering enable high zT in Co-doped AgSbTe2.pdf,10.1039/d5ta09240j,AgSbTe2,AgSb1-xCoxTe2 (x=0),AgSbTe2,,,,,,figure,Fig. 6c,Visually estimated from Fig. 6c,2.0,uW/cm.K2,False,47.0,52.0,5.0,50.5,1.75,52.0,65.0,90.0,25.0,82.5,8.75,90.0,107.8682,127.6,19.731799999999993,121.20705,6.669425,127.6,722.66,1234.93,512.2700000000001,896.0074999999999,173.34750000000003,722.66,11.0,16.0,5.0,14.5,1.75,16.0,5.0,5.0,0.0,5.0,0.0,5.0,138.0,145.0,7.0,140.0,2.5,138.0,1.93,2.1,0.17000000000000015,2.045,0.05750000000000005,2.1,1.0,2.0,1.0,1.75,0.375,2.0,0.0,4.0,4.0,2.75,1.375,4.0,10.0,10.0,0.0,10.0,0.0,10.0,0.0,0.0,0.0,0.0,0.0,0.0,11.0,16.0,5.0,14.5,1.75,16.0,0.0,1.0,1.0,0.25,0.375,0.0,0.0,3.0,3.0,1.75,0.875,2.0,0.0,0.0,0.0,0.0,0.0,0.0,0.0,0.0,0.0,0.0,0.0,0.0,1.0,3.0,2.0,2.0,0.5,2.0,16.33,34.7633333333,18.4333333333,29.35416666665,6.512083333324999,34.7633333333,0.0,0.464,0.464,0.232,0.232,0.464,0.0,0.0,0.0,0.0,0.0,0.0,152.0,225.0,73.0,173.75,25.625,152.0,1.75,2.75,10.0,0.0,0.1206896551724138,0.1896551724137931,0.6896551724137931,0.0,8.644719482306641,0.11200000000000014,,0.0,0.0,0.25,0.25,0.5,298.0,,
Impurity band engineering and hierarchical defect scattering enable high zT in Co-doped AgSbTe2.pdf,10.1039/d5ta09240j,AgSbTe2,AgSb1-xCoxTe2 (x=0.03),AgSb0.97Co0.03Te2,Co,x=0.03,Sb,,Co (x=0.03) @ Sb site,figure,Fig. 6c,Visually estimated from Fig. 6c,4.0,uW/cm.K2,False,27.0,52.0,25.0,50.32,2.0098,52.0,58.0,90.0,32.0,82.2975,9.013212500000002,90.0,58.933195,127.6,68.666805,120.7358489625,7.360864290687498,127.6,722.66,1768.0,1045.3400000000001,902.4891499999999,179.82915000000003,722.66,9.0,16.0,7.0,14.454999999999998,1.8093250000000007,16.0,4.0,5.0,1.0,4.9925,0.014887500000000279,5.0,126.0,145.0,19.0,139.90249999999997,2.5487499999999876,138.0,1.88,2.1,0.2200000000000002,2.0437250000000002,0.0593183749999999,2.1,1.0,2.0,1.0,1.75,0.375,2.0,0.0,4.0,4.0,2.7275,1.4046625,4.0,7.0,10.0,3.0,9.9775,0.04466250000000084,10.0,0.0,0.0,0.0,0.0,0.0,0.0,9.0,16.0,7.0,14.454999999999998,1.8093250000000007,16.0,0.0,1.0,1.0,0.25,0.375,0.0,0.0,3.0,3.0,1.7275,0.8896625,2.0,0.0,3.0,3.0,0.0225,0.044662499999999994,0.0,0.0,0.0,0.0,0.0,0.0,0.0,1.0,3.0,2.0,2.0,0.5,2.0,10.245,34.7633333333,24.5183333333,29.19430416665,6.716391645824749,34.7633333333,0.0,0.464,0.464,0.232,0.232,0.464,0.0,1.5484712,1.5484712,0.011613534,0.02305286499,0.0,152.0,225.0,73.0,173.95999999999998,25.820599999999992,152.0,1.75,2.7275,9.9775,0.0,0.12106537530266345,0.18868903493600833,0.6902455897613283,0.0,8.924796662406377,0.11394623292438025,0.03,1.0,0.0,0.25,0.2425,0.5,298.0,0.0,0.15000000000000002
Impurity phase elimination enabled high thermoelectric and mechanical performance in GeTe alloyed with AgSbSe2.pdf,10.1016/j.tramat.2025.100062,GeTe-AgSbTe2,(GeTe)80(AgSbSe2)20,(GeTe)80(AgSbSe2)20,Ag,AgSbSe2 alloying,Ag,Sb (AgSbSe2 alloying) @ Sb; Se (AgSbSe2 alloying) @ Te,Ag (AgSbSe2 alloying) @ Ag site; Sb (AgSbSe2 alloying) @ Sb site; Se (AgSbSe2 alloying) @ Te site,body text,,,18.8,uW/cm.K2,False,32.0,52.0,20.0,41.833333333333336,9.166666666666666,32.0,65.0,90.0,25.0,83.66666666666667,6.2222222222222205,79.0,72.64,127.6,54.959999999999994,99.04235000000001,24.295683333333333,72.64,494.0,1234.93,740.9300000000001,905.2458333333333,259.0501388888889,722.66,11.0,16.0,5.0,14.833333333333334,1.1944444444444442,14.0,4.0,5.0,1.0,4.5,0.5,4.0,120.0,145.0,25.0,129.66666666666666,9.666666666666666,120.0,1.93,2.55,0.6199999999999999,2.1266666666666665,0.14111111111111102,2.01,1.0,2.0,1.0,1.9166666666666667,0.1527777777777777,2.0,0.0,4.0,4.0,2.9166666666666665,1.097222222222222,2.0,10.0,10.0,0.0,10.0,0.0,10.0,0.0,0.0,0.0,0.0,0.0,0.0,11.0,16.0,5.0,14.833333333333334,1.1944444444444442,14.0,0.0,1.0,1.0,0.08333333333333333,0.15277777777777776,0.0,0.0,4.0,4.0,2.5833333333333335,1.013888888888889,2.0,0.0,0.0,0.0,0.0,0.0,0.0,0.0,0.0,0.0,0.0,0.0,0.0,1.0,4.0,3.0,2.6666666666666665,0.9444444444444443,2.0,16.33,34.7633333333,18.4333333333,27.566944444433332,5.463101851838887,23.005,0.0,0.799,0.799,0.4155,0.16016666666666665,0.383,0.0,0.0,0.0,0.0,0.0,0.0,14.0,225.0,211.0,160.58333333333334,54.583333333333336,152.0,1.9166666666666667,2.9166666666666665,10.0,0.0,0.12921348314606743,0.19662921348314605,0.6741573033707865,0.0,12.015943966575303,0.24679245283018875,0.02,3.0,1.0,0.08333333333333333,0.08333333333333333,0.3333333333333333,748.0,0.0,0.0
Impurity phase elimination enabled high thermoelectric and mechanical performance in GeTe alloyed with AgSbSe2.pdf,10.1016/j.tramat.2025.100062,GeTe-AgSbTe2,(GeTe)80(AgSbTe2)20,(GeTe)80(AgSbTe2)20,Ag,20 mol%,unclear,Sb (20 mol%) @ unclear,Ag (20 mol%) @ unclear site; Sb (20 mol%) @ unclear site,body text,page 6,,18.8,uW/cm.K2,False,32.0,52.0,20.0,44.833333333333336,8.555555555555555,52.0,65.0,90.0,25.0,83.83333333333333,6.3611111111111125,90.0,72.64,127.6,54.959999999999994,107.14901666666668,23.006011111111107,127.6,722.66,1234.93,512.2700000000001,943.3558333333334,227.2918055555556,722.66,11.0,16.0,5.0,14.833333333333334,1.1944444444444444,16.0,4.0,5.0,1.0,4.666666666666667,0.4444444444444443,5.0,120.0,145.0,25.0,132.66666666666666,8.444444444444448,138.0,1.93,2.1,0.17000000000000015,2.0516666666666667,0.04833333333333347,2.1,1.0,2.0,1.0,1.9166666666666667,0.1527777777777777,2.0,0.0,4.0,4.0,2.9166666666666665,1.0972222222222223,4.0,10.0,10.0,0.0,10.0,0.0,10.0,0.0,0.0,0.0,0.0,0.0,0.0,11.0,16.0,5.0,14.833333333333334,1.1944444444444444,16.0,0.0,1.0,1.0,0.08333333333333333,0.15277777777777776,0.0,0.0,4.0,4.0,2.5833333333333335,1.0138888888888888,2.0,0.0,0.0,0.0,0.0,0.0,0.0,0.0,0.0,0.0,0.0,0.0,0.0,1.0,4.0,3.0,2.6666666666666665,0.9444444444444444,2.0,16.33,34.7633333333,18.4333333333,29.040833333316662,6.142361111097221,34.7633333333,0.0,0.464,0.464,0.35966666666666663,0.11988888888888892,0.464,0.0,0.0,0.0,0.0,0.0,0.0,152.0,225.0,73.0,183.58333333333334,34.51388888888889,152.0,1.9166666666666667,2.9166666666666665,10.0,0.0,0.12921348314606743,0.19662921348314605,0.6741573033707865,0.0,9.369807337518013,0.09066666666666687,0.2,2.0,1.0,0.08333333333333333,0.08333333333333333,0.5,748.0,,
Influence of In doping on the thermoelectric properties of an AgSbTe2 compound with enhanced figure of merit.pdf,10.1039/c3ta14547f,AgSbTe2,Ag(Sb0.93In0.07)Te2,Ag(Sb0.93In0.07)Te2,In,0.07,Sb,,In (0.07) @ Sb site,body text,,,13.500000000000002,uW/cm.K2,False,47.0,52.0,5.0,50.465,1.7837749999999983,52.0,65.0,90.0,25.0,82.325,8.918875,90.0,107.8682,127.6,19.731799999999993,121.085565,6.828047274999997,127.6,429.75,1234.93,805.1800000000001,887.7119749999999,181.08064412500002,722.66,11.0,16.0,5.0,14.465,1.783775,16.0,5.0,5.0,0.0,5.0,0.0,5.0,138.0,145.0,7.0,140.0525,2.541912500000004,138.0,1.78,2.1,0.32000000000000006,2.0402750000000003,0.06424712499999989,2.1,1.0,2.0,1.0,1.75,0.375,2.0,0.0,4.0,4.0,2.715,1.417525,4.0,10.0,10.0,0.0,10.0,0.0,10.0,0.0,0.0,0.0,0.0,0.0,0.0,11.0,16.0,5.0,14.465,1.783775,16.0,0.0,1.0,1.0,0.25,0.375,0.0,0.0,5.0,5.0,1.7850000000000001,0.8925,2.0,0.0,0.0,0.0,0.0,0.0,0.0,0.0,0.0,0.0,0.0,0.0,0.0,1.0,5.0,4.0,2.035,0.5525000000000001,2.0,16.33,34.7633333333,18.4333333333,29.226416666649996,6.6220329166577505,34.7633333333,0.0,0.464,0.464,0.232,0.232,0.464,0.0,0.0,0.0,0.0,0.0,0.0,139.0,225.0,86.0,173.2775,25.861250000000002,152.0,1.75,2.715,10.0,0.0,0.12098167991704113,0.1876944348427238,0.691323885240235,0.0,9.171937367968965,0.12190815581133654,0.07,1.0,0.0,0.25,0.2325,0.5,450.0,0.0,0.039999999999999925
Influence of In doping on the thermoelectric properties of an AgSbTe2 compound with enhanced figure of merit.pdf,10.1039/c3ta14547f,AgSbTe2,AgSbTe2 (x=0),AgSbTe2,,,,,,figure,Fig. 3d,Visually estimated from Fig. 3d,10.500000000000002,uW/cm.K2,False,47.0,52.0,5.0,50.5,1.75,52.0,65.0,90.0,25.0,82.5,8.75,90.0,107.8682,127.6,19.731799999999993,121.20705,6.669425,127.6,722.66,1234.93,512.2700000000001,896.0074999999999,173.34750000000003,722.66,11.0,16.0,5.0,14.5,1.75,16.0,5.0,5.0,0.0,5.0,0.0,5.0,138.0,145.0,7.0,140.0,2.5,138.0,1.93,2.1,0.17000000000000015,2.045,0.05750000000000005,2.1,1.0,2.0,1.0,1.75,0.375,2.0,0.0,4.0,4.0,2.75,1.375,4.0,10.0,10.0,0.0,10.0,0.0,10.0,0.0,0.0,0.0,0.0,0.0,0.0,11.0,16.0,5.0,14.5,1.75,16.0,0.0,1.0,1.0,0.25,0.375,0.0,0.0,3.0,3.0,1.75,0.875,2.0,0.0,0.0,0.0,0.0,0.0,0.0,0.0,0.0,0.0,0.0,0.0,0.0,1.0,3.0,2.0,2.0,0.5,2.0,16.33,34.7633333333,18.4333333333,29.35416666665,6.512083333324999,34.7633333333,0.0,0.464,0.464,0.232,0.232,0.464,0.0,0.0,0.0,0.0,0.0,0.0,152.0,225.0,73.0,173.75,25.625,152.0,1.75,2.75,10.0,0.0,0.1206896551724138,0.1896551724137931,0.6896551724137931,0.0,8.644719482306641,0.11200000000000014,,0.0,0.0,0.25,0.25,0.5,300.0,,
Influence of In doping on the thermoelectric properties of an AgSbTe2 compound with enhanced figure of merit.pdf,10.1039/c3ta14547f,AgSbTe2,Ag(Sb0.97In0.03)Te2 (x=0.03),Ag(Sb0.97In0.03)Te2,In,x=0.03,Sb,,In (x=0.03) @ Sb site,figure,Fig. 3d,Visually estimated from Fig. 3d,11.5,uW/cm.K2,False,47.0,52.0,5.0,50.485,1.7647750000000002,52.0,65.0,90.0,25.0,82.425,8.823875000000001,90.0,107.8682,127.6,19.731799999999993,121.154985,6.738447275,127.6,429.75,1234.93,805.1800000000001,892.4522749999999,176.73280912500002,722.66,11.0,16.0,5.0,14.485,1.7647750000000002,16.0,5.0,5.0,0.0,5.0,0.0,5.0,138.0,145.0,7.0,140.02249999999998,2.51841249999999,138.0,1.78,2.1,0.32000000000000006,2.042975,0.06043212499999992,2.1,1.0,2.0,1.0,1.75,0.375,2.0,0.0,4.0,4.0,2.735,1.393525,4.0,10.0,10.0,0.0,10.0,0.0,10.0,0.0,0.0,0.0,0.0,0.0,0.0,11.0,16.0,5.0,14.485,1.7647750000000002,16.0,0.0,1.0,1.0,0.25,0.375,0.0,0.0,5.0,5.0,1.7650000000000001,0.8825,2.0,0.0,0.0,0.0,0.0,0.0,0.0,0.0,0.0,0.0,0.0,0.0,0.0,1.0,5.0,4.0,2.015,0.5225000000000001,2.0,16.33,34.7633333333,18.4333333333,29.299416666649996,6.560299583324751,34.7633333333,0.0,0.464,0.464,0.232,0.232,0.464,0.0,0.0,0.0,0.0,0.0,0.0,139.0,225.0,86.0,173.5475,25.726250000000007,152.0,1.75,2.735,10.0,0.0,0.12081463583016915,0.18881601656886435,0.6903693476009666,0.0,8.924796662406377,0.116314449901573,0.03,1.0,0.0,0.25,0.2425,0.5,300.0,0.0,0.039999999999999925
Influence of In doping on the thermoelectric properties of an AgSbTe2 compound with enhanced figure of merit.pdf,10.1039/c3ta14547f,AgSbTe2,Ag(Sb0.95In0.05)Te2 (x=0.05),Ag(Sb0.95In0.05)Te2,In,x=0.05,Sb,,In (x=0.05) @ Sb site,figure,Fig. 3d,Visually estimated from Fig. 3d,11.999999999999998,uW/cm.K2,False,47.0,52.0,5.0,50.474999999999994,1.7743750000000027,52.0,65.0,90.0,25.0,82.375,8.871875,90.0,107.8682,127.6,19.731799999999993,121.12027499999999,6.783594375000002,127.6,429.75,1234.93,805.1800000000001,890.0821249999999,178.93042812500002,722.66,11.0,16.0,5.0,14.475,1.774375,16.0,5.0,5.0,0.0,5.0,0.0,5.0,138.0,145.0,7.0,140.0375,2.5303124999999973,138.0,1.78,2.1,0.32000000000000006,2.041625,0.06235312500000011,2.1,1.0,2.0,1.0,1.75,0.375,2.0,0.0,4.0,4.0,2.7249999999999996,1.4056250000000001,4.0,10.0,10.0,0.0,10.0,0.0,10.0,0.0,0.0,0.0,0.0,0.0,0.0,11.0,16.0,5.0,14.475,1.774375,16.0,0.0,1.0,1.0,0.25,0.375,0.0,0.0,5.0,5.0,1.775,0.8875,2.0,0.0,0.0,0.0,0.0,0.0,0.0,0.0,0.0,0.0,0.0,0.0,0.0,1.0,5.0,4.0,2.025,0.5375,2.0,16.33,34.7633333333,18.4333333333,29.26291666665,6.591531249991249,34.7633333333,0.0,0.464,0.464,0.232,0.232,0.464,0.0,0.0,0.0,0.0,0.0,0.0,139.0,225.0,86.0,173.4125,25.793749999999996,152.0,1.75,2.7249999999999996,10.0,0.0,0.12089810017271158,0.18825561312607944,0.690846286701209,0.0,9.05735637478225,0.11913323427439342,0.05,1.0,0.0,0.25,0.2375,0.5,300.0,0.0,0.039999999999999925
Influence of In doping on the thermoelectric properties of an AgSbTe2 compound with enhanced figure of merit.pdf,10.1039/c3ta14547f,AgSbTe2,Ag(Sb0.93In0.07)Te2 (x=0.07),Ag(Sb0.93In0.07)Te2,In,x=0.07,Sb,,In (x=0.07) @ Sb site,figure,Fig. 3d,Visually estimated from Fig. 3d,12.5,uW/cm.K2,False,47.0,52.0,5.0,50.465,1.7837749999999983,52.0,65.0,90.0,25.0,82.325,8.918875,90.0,107.8682,127.6,19.731799999999993,121.085565,6.828047274999997,127.6,429.75,1234.93,805.1800000000001,887.7119749999999,181.08064412500002,722.66,11.0,16.0,5.0,14.465,1.783775,16.0,5.0,5.0,0.0,5.0,0.0,5.0,138.0,145.0,7.0,140.0525,2.541912500000004,138.0,1.78,2.1,0.32000000000000006,2.0402750000000003,0.06424712499999989,2.1,1.0,2.0,1.0,1.75,0.375,2.0,0.0,4.0,4.0,2.715,1.417525,4.0,10.0,10.0,0.0,10.0,0.0,10.0,0.0,0.0,0.0,0.0,0.0,0.0,11.0,16.0,5.0,14.465,1.783775,16.0,0.0,1.0,1.0,0.25,0.375,0.0,0.0,5.0,5.0,1.7850000000000001,0.8925,2.0,0.0,0.0,0.0,0.0,0.0,0.0,0.0,0.0,0.0,0.0,0.0,0.0,1.0,5.0,4.0,2.035,0.5525000000000001,2.0,16.33,34.7633333333,18.4333333333,29.226416666649996,6.6220329166577505,34.7633333333,0.0,0.464,0.464,0.232,0.232,0.464,0.0,0.0,0.0,0.0,0.0,0.0,139.0,225.0,86.0,173.2775,25.861250000000002,152.0,1.75,2.715,10.0,0.0,0.12098167991704113,0.1876944348427238,0.691323885240235,0.0,9.171937367968965,0.12190815581133654,0.07,1.0,0.0,0.25,0.2325,0.5,300.0,0.0,0.039999999999999925
Influence of nanoscale Ag2 Te precipitates on the thermoelectric properties of the Sn doped P-type AgSbTe2 compound.pdf,10.1063/1.4896435,AgSbTe2,Ag(Sb0.97Sn0.03)Te2,Ag0.99Sb0.98Sn0.027Te2,Sn,x = 0.03,Sb,,Sn (x = 0.03) @ Sb site,body text,,,13.8,uW/cm.K2,False,47.0,52.0,5.0,50.5028771578684,1.742019549438163,52.0,65.0,90.0,25.0,82.514385789342,8.710097747190806,90.0,107.8682,127.6,19.731799999999993,121.22078759069304,6.648412799466992,127.6,505.08,1234.93,729.8500000000001,892.4799249437078,175.18120983782626,722.66,11.0,16.0,5.0,14.502877157868403,1.7420195494381603,16.0,5.0,5.0,0.0,5.0,0.0,5.0,138.0,145.0,7.0,139.98573930447833,2.483921985772527,138.0,1.93,2.1,0.17000000000000015,2.0446885163872905,0.05795757876701244,2.1,1.0,2.0,1.0,1.7523142356767576,0.37267505294970726,2.0,0.0,4.0,4.0,2.750562922191644,1.3726907640074562,4.0,10.0,10.0,0.0,10.0,0.0,10.0,0.0,0.0,0.0,0.0,0.0,0.0,11.0,16.0,5.0,14.502877157868403,1.7420195494381603,16.0,0.0,1.0,1.0,0.24768576432324244,0.3726750529497073,0.0,0.0,4.0,4.0,1.7633224918689017,0.8734997582938268,2.0,0.0,0.0,0.0,0.0,0.0,0.0,0.0,0.0,0.0,0.0,0.0,0.0,1.0,4.0,3.0,2.0110082561921443,0.5118412239251995,2.0,16.33,34.7633333333,18.4333333333,29.402267116987737,6.475628944617395,34.7633333333,0.0,0.464,0.464,0.23217413059794847,0.23199986930402958,0.464,0.0,0.0,0.0,0.0,0.0,0.0,141.0,225.0,84.0,173.43932949712286,25.541688165047987,152.0,1.7523142356767576,2.750562922191644,10.0,0.0,0.12082528291471156,0.18965636213083079,0.6895183549544576,0.0,8.901063054394168,0.1119640490374479,0.03,1.0,0.0,0.24768576432324244,0.24518388791593695,0.5003752814610959,600.0,1.0,0.07000000000000006
Influence of nanoscale Ag2 Te precipitates on the thermoelectric properties of the Sn doped P-type AgSbTe2 compound.pdf,10.1063/1.4896435,AgSbTe2,"Ag(Sb1-xSnx)Te2, x=0.01",AgSb0.99Sn0.01Te2,Sn,x=0.01,Sb,,Sn (x=0.01) @ Sb site,figure,,Visually estimated from Fig. 4c,2.5,uW/cm.K2,False,47.0,52.0,5.0,50.4975,1.751237499999999,52.0,65.0,90.0,25.0,82.48750000000001,8.756187499999996,90.0,107.8682,127.6,19.731799999999993,121.19942499999999,6.678059625000002,127.6,505.08,1234.93,729.8500000000001,895.0107499999999,174.30040375000004,722.66,11.0,16.0,5.0,14.4975,1.7512374999999998,16.0,5.0,5.0,0.0,5.0,0.0,5.0,138.0,145.0,7.0,140.0,2.5,138.0,1.93,2.1,0.17000000000000015,2.044775,0.05781137500000001,2.1,1.0,2.0,1.0,1.75,0.375,2.0,0.0,4.0,4.0,2.7475,1.3774875,4.0,10.0,10.0,0.0,10.0,0.0,10.0,0.0,0.0,0.0,0.0,0.0,0.0,11.0,16.0,5.0,14.4975,1.7512374999999998,16.0,0.0,1.0,1.0,0.25,0.375,0.0,0.0,4.0,4.0,1.7525,0.87625,2.0,0.0,0.0,0.0,0.0,0.0,0.0,0.0,0.0,0.0,0.0,0.0,0.0,1.0,4.0,3.0,2.0025,0.50375,2.0,16.33,34.7633333333,18.4333333333,29.35847916665,6.514239583324999,34.7633333333,0.0,0.464,0.464,0.232,0.232,0.464,0.0,0.0,0.0,0.0,0.0,0.0,141.0,225.0,84.0,173.6875,25.65625,152.0,1.75,2.7475,10.0,0.0,0.12071046732195205,0.18951543369546472,0.6897740989825831,0.0,8.761125148292647,0.11213617038264251,0.01,1.0,0.0,0.25,0.2475,0.5,300.0,1.0,0.07000000000000006
Influence of nanoscale Ag2 Te precipitates on the thermoelectric properties of the Sn doped P-type AgSbTe2 compound.pdf,10.1063/1.4896435,AgSbTe2,"Ag(Sb1-xSnx)Te2, x=0.03",AgSb0.97Sn0.03Te2,Sn,x=0.03,Sb,,Sn (x=0.03) @ Sb site,figure,,Visually estimated from Fig. 4c,7.0,uW/cm.K2,False,47.0,52.0,5.0,50.4925,1.7536375000000002,52.0,65.0,90.0,25.0,82.4625,8.768187499999996,90.0,107.8682,127.6,19.731799999999993,121.184175,6.695100125,127.6,505.08,1234.93,729.8500000000001,893.0172499999999,176.17630875000003,722.66,11.0,16.0,5.0,14.4925,1.7536375000000002,16.0,5.0,5.0,0.0,5.0,0.0,5.0,138.0,145.0,7.0,140.0,2.5,138.0,1.93,2.1,0.17000000000000015,2.044325,0.058427374999999934,2.1,1.0,2.0,1.0,1.75,0.375,2.0,0.0,4.0,4.0,2.7425,1.3823874999999999,4.0,10.0,10.0,0.0,10.0,0.0,10.0,0.0,0.0,0.0,0.0,0.0,0.0,11.0,16.0,5.0,14.4925,1.7536375000000002,16.0,0.0,1.0,1.0,0.25,0.375,0.0,0.0,4.0,4.0,1.7575,0.8787499999999999,2.0,0.0,0.0,0.0,0.0,0.0,0.0,0.0,0.0,0.0,0.0,0.0,0.0,1.0,4.0,3.0,2.0075000000000003,0.5112500000000002,2.0,16.33,34.7633333333,18.4333333333,29.367104166649998,6.518552083325,34.7633333333,0.0,0.464,0.464,0.232,0.232,0.464,0.0,0.0,0.0,0.0,0.0,0.0,141.0,225.0,84.0,173.5625,25.71875,152.0,1.75,2.7425,10.0,0.0,0.12075211316198034,0.18923581162670347,0.6900120752113162,0.0,8.924796662406377,0.11240957626613124,0.03,1.0,0.0,0.25,0.2425,0.5,300.0,1.0,0.07000000000000006
Influence of nanoscale Ag2 Te precipitates on the thermoelectric properties of the Sn doped P-type AgSbTe2 compound.pdf,10.1063/1.4896435,AgSbTe2,"Ag(Sb1-xSnx)Te2, x=0.05",AgSb0.95Sn0.05Te2,Sn,x=0.05,Sb,,Sn (x=0.05) @ Sb site,figure,,Visually estimated from Fig. 4c,2.9999999999999996,uW/cm.K2,False,47.0,52.0,5.0,50.4875,1.7559375000000013,52.0,65.0,90.0,25.0,82.4375,8.7796875,90.0,107.8682,127.6,19.731799999999993,121.168925,6.711835624999997,127.6,505.08,1234.93,729.8500000000001,891.0237499999998,178.01234375,722.66,11.0,16.0,5.0,14.4875,1.7559374999999997,16.0,5.0,5.0,0.0,5.0,0.0,5.0,138.0,145.0,7.0,140.0,2.5,138.0,1.93,2.1,0.17000000000000015,2.043875,0.05903437500000007,2.1,1.0,2.0,1.0,1.75,0.375,2.0,0.0,4.0,4.0,2.7375,1.3871875,4.0,10.0,10.0,0.0,10.0,0.0,10.0,0.0,0.0,0.0,0.0,0.0,0.0,11.0,16.0,5.0,14.4875,1.7559374999999997,16.0,0.0,1.0,1.0,0.25,0.375,0.0,0.0,4.0,4.0,1.7625,0.88125,2.0,0.0,0.0,0.0,0.0,0.0,0.0,0.0,0.0,0.0,0.0,0.0,0.0,1.0,4.0,3.0,2.0125,0.51875,2.0,16.33,34.7633333333,18.4333333333,29.375729166649997,6.522864583325,34.7633333333,0.0,0.464,0.464,0.232,0.232,0.464,0.0,0.0,0.0,0.0,0.0,0.0,141.0,225.0,84.0,173.4375,25.78125,152.0,1.75,2.7375,10.0,0.0,0.12079378774805867,0.1889559965487489,0.6902502157031923,0.0,9.05735637478225,0.1126844972758793,0.05,1.0,0.0,0.25,0.2375,0.5,300.0,1.0,0.07000000000000006
Influence of nanoscale Ag2 Te precipitates on the thermoelectric properties of the Sn doped P-type AgSbTe2 compound.pdf,10.1063/1.4896435,AgSbTe2,"Ag(Sb1-xSnx)Te2, x=0.07",AgSb0.93Sn0.07Te2,Sn,x=0.07,Sb,,Sn (x=0.07) @ Sb site,figure,,Visually estimated from Fig. 4c,2.5,uW/cm.K2,False,47.0,52.0,5.0,50.4825,1.7581374999999992,52.0,65.0,90.0,25.0,82.4125,8.790687500000002,90.0,107.8682,127.6,19.731799999999993,121.15367499999999,6.728266125000001,127.6,505.08,1234.93,729.8500000000001,889.03025,179.80850875000002,722.66,11.0,16.0,5.0,14.482500000000002,1.7581374999999992,16.0,5.0,5.0,0.0,5.0,0.0,5.0,138.0,145.0,7.0,140.0,2.5,138.0,1.93,2.1,0.17000000000000015,2.043425,0.059632375,2.1,1.0,2.0,1.0,1.75,0.375,2.0,0.0,4.0,4.0,2.7325,1.3918875000000002,4.0,10.0,10.0,0.0,10.0,0.0,10.0,0.0,0.0,0.0,0.0,0.0,0.0,11.0,16.0,5.0,14.482500000000002,1.7581374999999992,16.0,0.0,1.0,1.0,0.25,0.375,0.0,0.0,4.0,4.0,1.7675,0.88375,2.0,0.0,0.0,0.0,0.0,0.0,0.0,0.0,0.0,0.0,0.0,0.0,0.0,1.0,4.0,3.0,2.0175,0.52625,2.0,16.33,34.7633333333,18.4333333333,29.38435416665,6.5271770833249985,34.7633333333,0.0,0.464,0.464,0.232,0.232,0.464,0.0,0.0,0.0,0.0,0.0,0.0,141.0,225.0,84.0,173.3125,25.84375,152.0,1.75,2.7325,10.0,0.0,0.12083549110996028,0.18867598826169513,0.6904885206283444,0.0,9.171937367968965,0.11296104716590012,0.07,1.0,0.0,0.25,0.2325,0.5,300.0,1.0,0.07000000000000006
Large Mobility Enables Higher Thermoelectric Cooling and Power Generation Performance in n‑type AgPb18+xSbTe20 Crystals.pdf,10.1021/jacs.3c09655,AgPb18+xSbTe20,AgPb18SbTe20,AgPb18SbTe20,Pb,18,unclear,,Pb (18) @ unclear site,body text,,,21.3,uW/cm.K2,False,47.0,82.0,35.0,65.35,14.985,52.0,65.0,90.0,25.0,85.2,4.8,90.0,107.8682,207.2,99.33179999999999,162.78070499999998,39.9773655,127.6,600.61,1234.93,634.32,685.0722499999999,76.01602499999998,722.66,11.0,16.0,5.0,14.95,1.0525,16.0,5.0,6.0,1.0,5.45,0.495,5.0,138.0,146.0,8.0,141.8,3.9400000000000004,138.0,1.93,2.33,0.40000000000000013,2.1979999999999995,0.11879999999999995,2.1,1.0,2.0,1.0,1.975,0.04874999999999992,2.0,0.0,4.0,4.0,2.975,1.0262499999999999,4.0,10.0,10.0,0.0,10.0,0.0,10.0,0.0,14.0,14.0,6.3,6.9300000000000015,0.0,11.0,28.0,17.0,21.25,6.075,16.0,0.0,1.0,1.0,0.025,0.04875,0.0,0.0,4.0,4.0,2.875,1.01875,2.0,0.0,0.0,0.0,0.0,0.0,0.0,0.0,0.0,0.0,0.0,0.0,0.0,1.0,4.0,3.0,2.9,0.9949999999999999,2.0,16.33,34.7633333333,18.4333333333,31.228416666650002,3.5514958333174986,34.7633333333,0.0,0.464,0.464,0.23200000000000004,0.23200000000000004,0.464,0.0,0.0,0.0,0.0,0.0,0.0,152.0,225.0,73.0,187.025,36.07625,152.0,1.975,2.975,10.0,6.3,0.09294117647058824,0.14,0.47058823529411764,0.2964705882352941,7.402748752620393,0.22782608695652173,0.18,1.0,0.0,0.025,0.025,0.5,303.0,,
Large Mobility Enables Higher Thermoelectric Cooling and Power Generation Performance in n‑type AgPb18+xSbTe20 Crystals.pdf,10.1021/jacs.3c09655,AgPb18+xSbTe20,AgPb18.4SbTe20,AgPb18.4SbTe20,Pb,18.4,unclear,,Pb (18.4) @ unclear site,body text,,,37.8,uW/cm.K2,False,47.0,82.0,35.0,65.51485148514853,15.016174884815214,52.0,65.0,90.0,25.0,85.15841584158416,4.793647681599843,90.0,107.8682,207.2,99.33179999999999,163.2205,40.060534653465346,127.6,600.61,1234.93,634.32,684.2359900990099,76.17416919909812,722.66,11.0,16.0,5.0,14.940594059405939,1.0518576610136263,16.0,5.0,6.0,1.0,5.455445544554455,0.4960298009999019,5.0,138.0,146.0,8.0,141.84158415841583,3.9442211547887456,138.0,1.93,2.33,0.40000000000000013,2.1993069306930693,0.11904715223997647,2.1,1.0,2.0,1.0,1.9752475247524752,0.04827958043329088,2.0,0.0,4.0,4.0,2.9653465346534653,1.0261248897166946,4.0,10.0,10.0,0.0,10.0,0.0,10.0,0.0,14.0,14.0,6.376237623762376,6.9444172139986255,0.0,11.0,28.0,17.0,21.316831683168317,6.087638466816979,16.0,0.0,1.0,1.0,0.024752475247524754,0.04827958043329086,0.0,0.0,4.0,4.0,2.886138613861386,1.0202431134202528,2.0,0.0,0.0,0.0,0.0,0.0,0.0,0.0,0.0,0.0,0.0,0.0,0.0,1.0,4.0,3.0,2.910891089108911,0.9964709342221351,2.0,16.33,34.7633333333,18.4333333333,31.197541254108906,3.5484307093917247,34.7633333333,0.0,0.464,0.464,0.22970297029702974,0.2319772571316538,0.464,0.0,0.0,0.0,0.0,0.0,0.0,152.0,225.0,73.0,187.4009900990099,36.10994020194099,152.0,1.9752475247524752,2.9653465346534653,10.0,6.376237623762376,0.09266140269391547,0.13910822108685555,0.4691128657686948,0.2991175104505341,7.394690752239457,0.22806639748766264,0.184,1.0,0.0,0.024752475247524754,0.024752475247524754,0.49504950495049505,303.0,,
Large Mobility Enables Higher Thermoelectric Cooling and Power Generation Performance in n‑type AgPb18+xSbTe20 Crystals.pdf,10.1021/jacs.3c09655,AgPb18+xSbTe20,AgPb18.5SbTe20,AgPb18.5SbTe20,Pb,18.5,unclear,,Pb (18.5) @ unclear site,body text,,,38.2,uW/cm.K2,False,47.0,82.0,35.0,65.55555555555556,15.023319615912206,52.0,65.0,90.0,25.0,85.14814814814815,4.791952446273434,90.0,107.8682,207.2,99.33179999999999,163.3290913580247,40.07959554945893,127.6,600.61,1234.93,634.32,684.0295061728395,76.21041304679163,722.66,11.0,16.0,5.0,14.938271604938272,1.0516689529035208,16.0,5.0,6.0,1.0,5.45679012345679,0.49626581313824114,5.0,138.0,146.0,8.0,141.85185185185185,3.945130315500686,138.0,1.93,2.33,0.40000000000000013,2.19962962962963,0.1191037951531779,2.1,1.0,2.0,1.0,1.9753086419753085,0.04816338972717584,2.0,0.0,4.0,4.0,2.962962962962963,1.0260631001371743,4.0,10.0,10.0,0.0,10.0,0.0,10.0,0.0,14.0,14.0,6.395061728395062,6.947721383935376,0.0,11.0,28.0,17.0,21.333333333333332,6.090534979423869,16.0,0.0,1.0,1.0,0.024691358024691357,0.04816338972717573,0.0,0.0,4.0,4.0,2.888888888888889,1.0205761316872428,2.0,0.0,0.0,0.0,0.0,0.0,0.0,0.0,0.0,0.0,0.0,0.0,0.0,1.0,4.0,3.0,2.9135802469135803,0.9967992684042067,2.0,16.33,34.7633333333,18.4333333333,31.18991769545679,3.5475750647608577,34.7633333333,0.0,0.464,0.464,0.22913580246913584,0.231964639536656,0.464,0.0,0.0,0.0,0.0,0.0,0.0,152.0,225.0,73.0,187.49382716049382,36.11705532693187,152.0,1.9753086419753085,2.962962962962963,10.0,6.395061728395062,0.09259259259259259,0.1388888888888889,0.46875,0.29976851851851855,7.392548009922821,0.228125,0.185,1.0,0.0,0.024691358024691357,0.024691358024691357,0.49382716049382713,303.0,,
Large Mobility Enables Higher Thermoelectric Cooling and Power Generation Performance in n‑type AgPb18+xSbTe20 Crystals.pdf,10.1021/jacs.3c09655,AgPb18+xSbTe20,Polycrystalline AgPb18.4SbTe20,AgPb18.4SbTe20,Pb,18.4,unclear,,Pb (18.4) @ unclear site,body text,,,8.0,uW/cm.K2,False,47.0,82.0,35.0,65.51485148514853,15.016174884815214,52.0,65.0,90.0,25.0,85.15841584158416,4.793647681599843,90.0,107.8682,207.2,99.33179999999999,163.2205,40.060534653465346,127.6,600.61,1234.93,634.32,684.2359900990099,76.17416919909812,722.66,11.0,16.0,5.0,14.940594059405939,1.0518576610136263,16.0,5.0,6.0,1.0,5.455445544554455,0.4960298009999019,5.0,138.0,146.0,8.0,141.84158415841583,3.9442211547887456,138.0,1.93,2.33,0.40000000000000013,2.1993069306930693,0.11904715223997647,2.1,1.0,2.0,1.0,1.9752475247524752,0.04827958043329088,2.0,0.0,4.0,4.0,2.9653465346534653,1.0261248897166946,4.0,10.0,10.0,0.0,10.0,0.0,10.0,0.0,14.0,14.0,6.376237623762376,6.9444172139986255,0.0,11.0,28.0,17.0,21.316831683168317,6.087638466816979,16.0,0.0,1.0,1.0,0.024752475247524754,0.04827958043329086,0.0,0.0,4.0,4.0,2.886138613861386,1.0202431134202528,2.0,0.0,0.0,0.0,0.0,0.0,0.0,0.0,0.0,0.0,0.0,0.0,0.0,1.0,4.0,3.0,2.910891089108911,0.9964709342221351,2.0,16.33,34.7633333333,18.4333333333,31.197541254108906,3.5484307093917247,34.7633333333,0.0,0.464,0.464,0.22970297029702974,0.2319772571316538,0.464,0.0,0.0,0.0,0.0,0.0,0.0,152.0,225.0,73.0,187.4009900990099,36.10994020194099,152.0,1.9752475247524752,2.9653465346534653,10.0,6.376237623762376,0.09266140269391547,0.13910822108685555,0.4691128657686948,0.2991175104505341,7.394690752239457,0.22806639748766264,0.184,1.0,0.0,0.024752475247524754,0.024752475247524754,0.49504950495049505,303.0,,
"Large-scale production of (GeTe)x(AgSbTe2)100−x (x=75, 80, 85, 90) with enhanced thermoelectric properties via gas-atomization and spark plasma sintering.pdf",10.1016/j.actamat.2017.01.053,(GeTe)x(AgSbTe2)100-x,TAGS-90,(GeTe)90(AgSbTe2)10,,,,,,text,Section 3.2,,41.76,uW/cm.K2,False,32.0,52.0,20.0,43.54545454545455,9.446280991735536,52.0,65.0,90.0,25.0,84.13636363636364,5.942148760330578,90.0,72.64,127.6,54.959999999999994,103.95400909090908,25.620552892561978,127.6,722.66,1234.93,512.2700000000001,954.1168181818181,236.03289256198352,722.66,11.0,16.0,5.0,14.909090909090908,1.0991735537190082,16.0,4.0,5.0,1.0,4.590909090909091,0.48347107438016534,5.0,120.0,145.0,25.0,131.0,9.0,138.0,1.93,2.1,0.17000000000000015,2.053181818181818,0.04681818181818195,2.1,1.0,2.0,1.0,1.9545454545454546,0.08677685950413219,2.0,0.0,4.0,4.0,2.9545454545454546,1.0495867768595042,4.0,10.0,10.0,0.0,10.0,0.0,10.0,0.0,0.0,0.0,0.0,0.0,0.0,11.0,16.0,5.0,14.909090909090908,1.0991735537190082,16.0,0.0,1.0,1.0,0.045454545454545456,0.08677685950413223,0.0,0.0,4.0,4.0,2.772727272727273,1.0247933884297522,2.0,0.0,0.0,0.0,0.0,0.0,0.0,0.0,0.0,0.0,0.0,0.0,0.0,1.0,4.0,3.0,2.8181818181818183,0.9834710743801653,2.0,16.33,34.7633333333,18.4333333333,28.969621212104542,6.029201101913222,34.7633333333,0.0,0.464,0.464,0.38868181818181813,0.07531818181818184,0.464,0.0,0.0,0.0,0.0,0.0,0.0,152.0,225.0,73.0,185.8181818181818,35.6198347107438,152.0,1.9545454545454546,2.9545454545454546,10.0,0.0,0.13109756097560976,0.19817073170731708,0.6707317073170732,0.0,8.258175511476624,0.08950000000000025,,0.0,0.0,0.045454545454545456,0.045454545454545456,0.5,698.0,,
"Large-scale production of (GeTe)x(AgSbTe2)100−x (x=75, 80, 85, 90) with enhanced thermoelectric properties via gas-atomization and spark plasma sintering.pdf",10.1016/j.actamat.2017.01.053,(GeTe)x(AgSbTe2)100-x,TAGS-75,(GeTe)75(AgSbTe2)25,Ge,75 mol%,multiple sites,,Ge (75 mol%) @ multiple sites site,figure,Fig. 7c,visually estimated from figure,11.999999999999998,uW/cm.K2,False,32.0,52.0,20.0,45.4,8.04,52.0,65.0,90.0,25.0,83.7,6.56,90.0,72.64,127.6,54.959999999999994,108.55482,21.686215999999998,127.6,722.66,1234.93,512.2700000000001,938.621,222.92920000000004,722.66,11.0,16.0,5.0,14.8,1.24,16.0,4.0,5.0,1.0,4.7,0.42,5.0,120.0,145.0,25.0,133.4,8.039999999999997,138.0,1.93,2.1,0.17000000000000015,2.051,0.04900000000000013,2.1,1.0,2.0,1.0,1.9,0.18000000000000005,2.0,0.0,4.0,4.0,2.9,1.12,4.0,10.0,10.0,0.0,10.0,0.0,10.0,0.0,0.0,0.0,0.0,0.0,0.0,11.0,16.0,5.0,14.8,1.24,16.0,0.0,1.0,1.0,0.1,0.18,0.0,0.0,4.0,4.0,2.5,1.0,2.0,0.0,0.0,0.0,0.0,0.0,0.0,0.0,0.0,0.0,0.0,0.0,0.0,1.0,4.0,3.0,2.6,0.92,2.0,16.33,34.7633333333,18.4333333333,29.07216666665,6.188733333319999,34.7633333333,0.0,0.464,0.464,0.3469,0.13876000000000002,0.464,0.0,0.0,0.0,0.0,0.0,0.0,152.0,225.0,73.0,182.6,33.92,152.0,1.9,2.9,10.0,0.0,0.12837837837837837,0.19594594594594594,0.6756756756756757,0.0,9.713640759258476,0.09156250000000019,0.75,1.0,0.0,0.1,0.1,0.5,300.0,,
Optimized Carrier Concentration and Reduced Thermal Conductivity in Cu-Deficient CuGaTe2 Alloyed with AgSbTe2 for Superior Thermoelectric Performance.pdf,10.1021/acsami.6c05111,Cu0.96GaTe2-AgSbTe2,"(Cu0.96GaTe2)1-x(AgSbTe2)x, x=0.02",(Cu0.96GaTe2)0.98(AgSbTe2)0.02,Ag,x=0.02,unclear,Sb (x=0.02) @ unclear,Ag (x=0.02) @ unclear site; Sb (x=0.02) @ unclear site,figure,,Visually estimated from Fig. 5c,1.0000000000000002,uW/cm.K2,False,29.0,52.0,23.0,41.31064431427995,10.95045728078616,52.0,64.0,90.0,26.0,79.71399717228843,10.441186483527256,90.0,63.546,127.6,64.054,97.93606867299535,30.298416434603855,127.6,302.91,1357.77,1054.86,773.1609816198747,283.70426440478025,722.66,11.0,16.0,5.0,14.039789941425974,1.9893073713994807,16.0,4.0,5.0,1.0,4.515047465158554,0.49954714758460417,5.0,122.0,145.0,23.0,132.6564330438295,5.585172990601778,138.0,1.81,2.1,0.29000000000000004,1.9796303777014743,0.12227158000556539,2.1,1.0,2.0,1.0,1.7574227428802263,0.3674670628960418,2.0,0.0,4.0,4.0,2.2823671985457485,1.7418795490494792,4.0,10.0,10.0,0.0,10.000000000000002,1.7763568394002505e-15,10.0,0.0,0.0,0.0,0.0,0.0,0.0,11.0,16.0,5.0,14.039789941425974,1.9893073713994807,16.0,0.0,1.0,1.0,0.2425772571197738,0.3674670628960419,0.0,0.0,5.0,5.0,2.262169258735609,1.362265573250046,2.0,0.0,0.0,0.0,0.0,0.0,0.0,0.0,0.0,0.0,0.0,0.0,0.0,1.0,5.0,4.0,2.504746515855383,1.2397765522846989,2.0,11.07,34.7633333333,23.693333333299996,25.090757591042212,9.833637816953507,34.7633333333,0.0,0.464,0.464,0.23429610179761667,0.23197727550230596,0.464,0.0,0.0,0.0,0.0,0.0,0.0,64.0,225.0,161.0,148.00545344374876,41.57005876331738,152.0,1.7574227428802263,2.2823671985457485,10.000000000000002,0.0,0.12517443282358187,0.16256419847218428,0.712261368704234,0.0,9.024879516031788,0.21276744344840376,0.02,2.0,1.0,0.005049484952534842,0.005049484952534842,0.5049484952534842,300.0,,
Optimized Carrier Concentration and Reduced Thermal Conductivity in Cu-Deficient CuGaTe2 Alloyed with AgSbTe2 for Superior Thermoelectric Performance.pdf,10.1021/acsami.6c05111,Cu0.96GaTe2-AgSbTe2,"(Cu0.96GaTe2)1-x(AgSbTe2)x, x=0.04",(Cu0.96GaTe2)0.96(AgSbTe2)0.04,Ag,x=0.04,unclear,Sb (x=0.04) @ unclear,Ag (x=0.04) @ unclear site; Sb (x=0.04) @ unclear site,figure,,Visually estimated from Fig. 5c,1.4999999999999998,uW/cm.K2,False,29.0,52.0,23.0,41.5,10.904684975767369,52.0,64.0,90.0,26.0,79.77140549273021,10.433326330184963,90.0,63.546,127.6,64.054,98.41559006462036,30.129594439413196,127.6,302.91,1357.77,1054.86,775.6923546042003,282.68162844731074,722.66,11.0,16.0,5.0,14.049273021001616,1.988834328128385,16.0,4.0,5.0,1.0,4.525040387722132,0.4987459579654506,5.0,122.0,145.0,23.0,132.8077544426494,5.613828129689609,138.0,1.81,2.1,0.29000000000000004,1.980977382875606,0.12157014283812814,2.1,1.0,2.0,1.0,1.757269789983845,0.36762451032333665,2.0,0.0,4.0,4.0,2.292003231017771,1.7388496611085158,4.0,10.0,10.0,0.0,10.0,0.0,10.0,0.0,0.0,0.0,0.0,0.0,0.0,11.0,16.0,5.0,14.049273021001616,1.988834328128385,16.0,0.0,1.0,1.0,0.2427302100161551,0.3676245103233367,0.0,0.0,5.0,5.0,2.251615508885299,1.3471246421217191,2.0,0.0,0.0,0.0,0.0,0.0,0.0,0.0,0.0,0.0,0.0,0.0,0.0,1.0,5.0,4.0,2.4943457189014535,1.2245831386806068,2.0,11.07,34.7633333333,23.693333333299996,25.178609316084408,9.806494174973647,34.7633333333,0.0,0.464,0.464,0.23424878836833604,0.23197820237445876,0.464,0.0,0.0,0.0,0.0,0.0,0.0,64.0,225.0,161.0,148.5359450726979,40.97057111762418,152.0,1.757269789983845,2.292003231017771,10.0,0.0,0.12507905479215778,0.1631403438164779,0.7117806013913643,0.0,9.317202788863806,0.21034360846956815,0.04,2.0,1.0,0.010096930533117932,0.010096930533117932,0.5048465266558967,300.0,,
Optimized Carrier Concentration and Reduced Thermal Conductivity in Cu-Deficient CuGaTe2 Alloyed with AgSbTe2 for Superior Thermoelectric Performance.pdf,10.1021/acsami.6c05111,Cu0.96GaTe2-AgSbTe2,"(Cu0.96GaTe2)1-x(AgSbTe2)x, x=0.06",(Cu0.96GaTe2)0.94(AgSbTe2)0.06,Ag,x=0.06,unclear,Sb (x=0.06) @ unclear,Ag (x=0.06) @ unclear site; Sb (x=0.06) @ unclear site,figure,,Visually estimated from Fig. 5c,2.0000000000000004,uW/cm.K2,False,29.0,52.0,23.0,41.689279224712294,10.8513668703866,52.0,64.0,90.0,26.0,79.82879063194025,10.42433439239002,90.0,63.546,127.6,64.054,98.89491782757925,29.941684941213406,127.6,302.91,1357.77,1054.86,778.2227054310518,281.6067807224372,722.66,11.0,16.0,5.0,14.058752271350697,1.988173996071858,16.0,4.0,5.0,1.0,4.535029275186756,0.49754589975978114,5.0,122.0,145.0,23.0,132.95901473854232,5.6364267889613995,138.0,1.81,2.1,0.29000000000000004,1.9823238441348678,0.12084235871298836,2.1,1.0,2.0,1.0,1.7571168988491823,0.3677818006523587,2.0,0.0,4.0,4.0,2.301635372501514,1.7356304929572384,4.0,10.0,10.0,0.0,10.000000000000002,1.7763568394002505e-15,10.0,0.0,0.0,0.0,0.0,0.0,0.0,11.0,16.0,5.0,14.058752271350697,1.988173996071858,16.0,0.0,1.0,1.0,0.24288310115081768,0.3677818006523587,0.0,0.0,5.0,5.0,2.2410660205935797,1.3319876738372807,2.0,0.0,0.0,0.0,0.0,0.0,0.0,0.0,0.0,0.0,0.0,0.0,0.0,1.0,5.0,4.0,2.4839491217443976,1.2093937402864945,2.0,11.07,34.7633333333,23.693333333299996,25.26642556697961,9.777624671220474,34.7633333333,0.0,0.464,0.464,0.23420149404401375,0.2319791095860956,0.464,0.0,0.0,0.0,0.0,0.0,0.0,64.0,225.0,161.0,149.06622249141935,40.36051339689793,152.0,1.7571168988491823,2.301635372501514,10.000000000000002,0.0,0.12498384386713196,0.16371547972943862,0.7113006764034295,0.0,9.563776491985468,0.2079708284377912,0.06,2.0,1.0,0.015142337976983647,0.015142337976983647,0.5047445992327882,300.0,,
Optimized Carrier Concentration and Reduced Thermal Conductivity in Cu-Deficient CuGaTe2 Alloyed with AgSbTe2 for Superior Thermoelectric Performance.pdf,10.1021/acsami.6c05111,Cu0.96GaTe2-AgSbTe2,"(Cu0.96GaTe2)1-x(AgSbTe2)x, x=0.08",(Cu0.96GaTe2)0.92(AgSbTe2)0.08,Ag,x=0.08,unclear,Sb (x=0.08) @ unclear,Ag (x=0.08) @ unclear site; Sb (x=0.08) @ unclear site,figure,,Visually estimated from Fig. 5c,2.5,uW/cm.K2,False,29.0,52.0,23.0,41.87848203471942,10.79051211395138,52.0,64.0,90.0,26.0,79.8861526039564,10.414212042677983,90.0,63.546,127.6,64.054,99.37405207912798,29.734711096630782,127.6,302.91,1357.77,1054.86,780.7520347194188,280.47978470968036,722.66,11.0,16.0,5.0,14.068227694792089,1.987326602156065,16.0,4.0,5.0,1.0,4.5450141299959625,0.4959474562014131,5.0,122.0,145.0,23.0,133.1102139685103,5.652976295931452,138.0,1.81,2.1,0.29000000000000004,1.9836697618086394,0.12008825970833165,2.1,1.0,2.0,1.0,1.7569640694388373,0.3679389340348648,2.0,0.0,4.0,4.0,2.31126362535325,1.732222274558559,4.0,10.0,10.0,0.0,10.0,0.0,10.0,0.0,0.0,0.0,0.0,0.0,0.0,11.0,16.0,5.0,14.068227694792089,1.987326602156065,16.0,0.0,1.0,1.0,0.24303593056116268,0.3679389340348648,0.0,0.0,5.0,5.0,2.2305207912797744,1.3168546672992667,2.0,0.0,0.0,0.0,0.0,0.0,0.0,0.0,0.0,0.0,0.0,0.0,0.0,1.0,5.0,4.0,2.4735567218409367,1.1942083559543115,2.0,11.07,34.7633333333,23.693333333299996,25.35420636520993,9.7470314023836,34.7633333333,0.0,0.464,0.464,0.23415421881308035,0.23197999716079903,0.464,0.0,0.0,0.0,0.0,0.0,0.0,64.0,225.0,161.0,149.59628582963262,39.73989854827513,152.0,1.7569640694388373,2.31126362535325,10.0,0.0,0.12488879960972249,0.16428960886159497,0.7108215915286824,0.0,9.779986385775459,0.2056457395682357,0.08,2.0,1.0,0.020185708518368994,0.020185708518368994,0.5046427129592249,300.0,,
Optimized Carrier Concentration and Reduced Thermal Conductivity in Cu-Deficient CuGaTe2 Alloyed with AgSbTe2 for Superior Thermoelectric Performance.pdf,10.1021/acsami.6c05111,Cu0.96GaTe2-AgSbTe2,"(Cu0.96GaTe2)1-x(AgSbTe2)x, x=0.10",(Cu0.96GaTe2)0.9(AgSbTe2)0.1,Ag,x=0.10,unclear,Sb (x=0.10) @ unclear,Ag (x=0.10) @ unclear site; Sb (x=0.10) @ unclear site,figure,,Visually estimated from Fig. 5c,2.9999999999999996,uW/cm.K2,False,29.0,52.0,23.0,42.06760847628657,10.722129844686945,52.0,64.0,90.0,26.0,79.94349142280524,10.402960651921786,90.0,63.546,127.6,64.054,99.85299293642784,29.508696034237502,127.6,302.91,1357.77,1054.86,783.28034308779,279.30070381159993,722.66,11.0,16.0,5.0,14.077699293642784,1.986292373032367,16.0,4.0,5.0,1.0,4.554994954591321,0.49395110993899694,5.0,122.0,145.0,23.0,133.2613521695257,5.663483969244901,138.0,1.81,2.1,0.29000000000000004,1.985015136226034,0.11930787786343496,2.1,1.0,2.0,1.0,1.7568113017154388,0.3680959106224437,2.0,0.0,4.0,4.0,2.320887991927346,1.7286252355966563,4.0,10.0,10.0,0.0,9.999999999999998,1.7763568394002505e-15,10.0,0.0,0.0,0.0,0.0,0.0,0.0,11.0,16.0,5.0,14.077699293642784,1.986292373032367,16.0,0.0,1.0,1.0,0.24318869828456102,0.3680959106224435,0.0,0.0,5.0,5.0,2.2199798183652875,1.3017256214100466,2.0,0.0,0.0,0.0,0.0,0.0,0.0,0.0,0.0,0.0,0.0,0.0,0.0,1.0,5.0,4.0,2.4631685166498487,1.1790269845358985,2.0,11.07,34.7633333333,23.693333333299996,25.44195173224016,9.714716462611328,34.7633333333,0.0,0.464,0.464,0.23410696266397577,0.23198086512212332,0.464,0.0,0.0,0.0,0.0,0.0,0.0,64.0,225.0,161.0,150.12613521695258,39.108739503157075,152.0,1.7568113017154388,2.320887991927346,9.999999999999998,0.0,0.12479392158268224,0.164862733854204,0.7103433445631137,0.0,9.973122706863759,0.20336516454897016,0.1,2.0,1.0,0.025227043390514632,0.025227043390514632,0.5045408678102926,300.0,,
Optimized Carrier Concentration and Reduced Thermal Conductivity in Cu-Deficient CuGaTe2 Alloyed with AgSbTe2 for Superior Thermoelectric Performance.pdf,10.1021/acsami.6c05111,Cu0.96GaTe2-AgSbTe2,"(Cu0.96GaTe2)1-x(AgSbTe2)x, x=0.11",(Cu0.96GaTe2)0.89(AgSbTe2)0.11,Ag,x=0.11,unclear,Sb (x=0.11) @ unclear,Ag (x=0.11) @ unclear site; Sb (x=0.11) @ unclear site,figure,,Visually estimated from Fig. 5c,3.5,uW/cm.K2,False,29.0,52.0,23.0,42.162143073352844,10.685118745412518,52.0,64.0,90.0,26.0,79.97215215417215,10.396911994095852,90.0,63.546,127.6,64.054,100.09239087882152,29.388555266378894,127.6,302.91,1357.77,1054.86,784.5441146201191,278.6916513228454,722.66,11.0,16.0,5.0,14.082433659570176,1.9857052660210535,16.0,4.0,5.0,1.0,4.55998385632126,0.492803873961661,5.0,122.0,145.0,23.0,133.33689839572193,5.6664744029347816,138.0,1.81,2.1,0.29000000000000004,1.985687619816366,0.11890784087754443,2.1,1.0,2.0,1.0,1.7567349409746746,0.36817434016546075,2.0,0.0,4.0,4.0,2.3256987185955005,1.7267559801046795,4.0,10.0,10.0,0.0,10.000000000000004,3.552713678800501e-15,10.0,0.0,0.0,0.0,0.0,0.0,0.0,11.0,16.0,5.0,14.082433659570176,1.9857052660210535,16.0,0.0,1.0,1.0,0.24326505902532541,0.3681743401654608,0.0,0.0,5.0,5.0,2.214710927252548,1.294162583365681,2.0,0.0,0.0,0.0,0.0,0.0,0.0,0.0,0.0,0.0,0.0,0.0,0.0,1.0,5.0,4.0,2.4579759862778734,1.1714378033105273,2.0,11.07,34.7633333333,23.693333333299996,25.48581113575825,9.697914019851728,34.7633333333,0.0,0.464,0.464,0.2340833417414994,0.2319812917551213,0.464,0.0,0.0,0.0,0.0,0.0,0.0,64.0,225.0,161.0,150.3909797195036,38.78920994367782,152.0,1.7567349409746746,2.3256987185955005,10.000000000000004,0.0,0.12474654476932887,0.16514892062104594,0.7101045346096254,0.0,10.062442434048231,0.20224062375370794,0.11,2.0,1.0,0.027746947835738073,0.027746947835738073,0.5044899606497831,300.0,,
Optimized Thermoelectric Properties of AgSbTe2 through Adjustment of.pdf,10.1007/s13391-014-4152-0,AgSbTe2,AST-473-500,AgSbTe2,,,,,,body text,,,16.2,uW/cm.K2,False,47.0,52.0,5.0,50.5,1.75,52.0,65.0,90.0,25.0,82.5,8.75,90.0,107.8682,127.6,19.731799999999993,121.20705,6.669425,127.6,722.66,1234.93,512.2700000000001,896.0074999999999,173.34750000000003,722.66,11.0,16.0,5.0,14.5,1.75,16.0,5.0,5.0,0.0,5.0,0.0,5.0,138.0,145.0,7.0,140.0,2.5,138.0,1.93,2.1,0.17000000000000015,2.045,0.05750000000000005,2.1,1.0,2.0,1.0,1.75,0.375,2.0,0.0,4.0,4.0,2.75,1.375,4.0,10.0,10.0,0.0,10.0,0.0,10.0,0.0,0.0,0.0,0.0,0.0,0.0,11.0,16.0,5.0,14.5,1.75,16.0,0.0,1.0,1.0,0.25,0.375,0.0,0.0,3.0,3.0,1.75,0.875,2.0,0.0,0.0,0.0,0.0,0.0,0.0,0.0,0.0,0.0,0.0,0.0,0.0,1.0,3.0,2.0,2.0,0.5,2.0,16.33,34.7633333333,18.4333333333,29.35416666665,6.512083333324999,34.7633333333,0.0,0.464,0.464,0.232,0.232,0.464,0.0,0.0,0.0,0.0,0.0,0.0,152.0,225.0,73.0,173.75,25.625,152.0,1.75,2.75,10.0,0.0,0.1206896551724138,0.1896551724137931,0.6896551724137931,0.0,8.644719482306641,0.11200000000000014,,0.0,0.0,0.25,0.25,0.5,418.0,,
"Phase compositions, nanoscale microstructures and thermoelectric properties in Ag2−ySbyTe1+y alloys with precipitated Sb2Te3 plates.pdf",10.1016/j.actamat.2010.04.007,Ag2-ySbTe1+y,Ag0.65Sb1.35Te2.35,Ag0.65Sb1.35Te2.35,Sb,1.35,unclear,,Sb (1.35) @ unclear site,body text,,,17.0,uW/cm.K2,False,47.0,52.0,5.0,50.942528735632195,1.1782269784647832,52.0,65.0,90.0,25.0,84.71264367816093,5.891134892323946,90.0,107.8682,127.6,19.731799999999993,122.83915632183908,5.1439000660589205,127.6,722.66,1234.93,512.2700000000001,855.4157471264368,143.43724402166734,722.66,11.0,16.0,5.0,14.942528735632186,1.1782269784647896,16.0,5.0,5.0,0.0,5.0,0.0,5.0,138.0,145.0,7.0,139.3563218390805,1.6866164618840243,138.0,1.93,2.1,0.17000000000000015,2.059080459770115,0.04421191702999085,2.1,1.0,2.0,1.0,1.8505747126436785,0.2541947417096048,2.0,0.0,4.0,4.0,3.091954022988506,0.9811071475756376,4.0,10.0,10.0,0.0,10.0,0.0,10.0,0.0,0.0,0.0,0.0,0.0,0.0,11.0,16.0,5.0,14.942528735632186,1.1782269784647896,16.0,0.0,1.0,1.0,0.14942528735632185,0.254194741709605,0.0,0.0,3.0,3.0,2.0114942528735633,0.6135552913198573,2.0,0.0,0.0,0.0,0.0,0.0,0.0,0.0,0.0,0.0,0.0,0.0,0.0,1.0,3.0,2.0,2.1609195402298855,0.5208085612366233,2.0,16.33,34.7633333333,18.4333333333,31.014789272012646,4.38855771347504,34.7633333333,0.0,0.464,0.464,0.2506666666666667,0.2304980842911878,0.464,0.0,0.0,0.0,0.0,0.0,0.0,152.0,225.0,73.0,167.2528735632184,17.257761923635893,152.0,1.8505747126436785,3.091954022988506,10.0,0.0,0.12384615384615386,0.20692307692307693,0.6692307692307692,0.0,8.146752453935418,0.09387718511878099,0.013500000000000002,1.0,0.0,0.14942528735632185,0.31034482758620696,0.5402298850574714,600.0,,
Preparation and transport properties of AgSbTe2 by high-pressure and high-temperature.pdf,10.1016/j.jallcom.2006.12.126,AgSbTe2,2.0 GPa,AgSbTe2,,,,,,body text,"Page 1, Abstract",,10.3,uW/cm.K2,False,47.0,52.0,5.0,50.5,1.75,52.0,65.0,90.0,25.0,82.5,8.75,90.0,107.8682,127.6,19.731799999999993,121.20705,6.669425,127.6,722.66,1234.93,512.2700000000001,896.0074999999999,173.34750000000003,722.66,11.0,16.0,5.0,14.5,1.75,16.0,5.0,5.0,0.0,5.0,0.0,5.0,138.0,145.0,7.0,140.0,2.5,138.0,1.93,2.1,0.17000000000000015,2.045,0.05750000000000005,2.1,1.0,2.0,1.0,1.75,0.375,2.0,0.0,4.0,4.0,2.75,1.375,4.0,10.0,10.0,0.0,10.0,0.0,10.0,0.0,0.0,0.0,0.0,0.0,0.0,11.0,16.0,5.0,14.5,1.75,16.0,0.0,1.0,1.0,0.25,0.375,0.0,0.0,3.0,3.0,1.75,0.875,2.0,0.0,0.0,0.0,0.0,0.0,0.0,0.0,0.0,0.0,0.0,0.0,0.0,1.0,3.0,2.0,2.0,0.5,2.0,16.33,34.7633333333,18.4333333333,29.35416666665,6.512083333324999,34.7633333333,0.0,0.464,0.464,0.232,0.232,0.464,0.0,0.0,0.0,0.0,0.0,0.0,152.0,225.0,73.0,173.75,25.625,152.0,1.75,2.75,10.0,0.0,0.1206896551724138,0.1896551724137931,0.6896551724137931,0.0,8.644719482306641,0.11200000000000014,,0.0,0.0,0.25,0.25,0.5,425.0,,
Preparation and transport properties of AgSbTe2 by high-pressure and high-temperature.pdf,10.1016/j.jallcom.2006.12.126,AgSbTe2,5.2 GPa,AgSbTe2,,,,,,body text,"Page 3, Section 3",,10.3,uW/cm.K2,False,47.0,52.0,5.0,50.5,1.75,52.0,65.0,90.0,25.0,82.5,8.75,90.0,107.8682,127.6,19.731799999999993,121.20705,6.669425,127.6,722.66,1234.93,512.2700000000001,896.0074999999999,173.34750000000003,722.66,11.0,16.0,5.0,14.5,1.75,16.0,5.0,5.0,0.0,5.0,0.0,5.0,138.0,145.0,7.0,140.0,2.5,138.0,1.93,2.1,0.17000000000000015,2.045,0.05750000000000005,2.1,1.0,2.0,1.0,1.75,0.375,2.0,0.0,4.0,4.0,2.75,1.375,4.0,10.0,10.0,0.0,10.0,0.0,10.0,0.0,0.0,0.0,0.0,0.0,0.0,11.0,16.0,5.0,14.5,1.75,16.0,0.0,1.0,1.0,0.25,0.375,0.0,0.0,3.0,3.0,1.75,0.875,2.0,0.0,0.0,0.0,0.0,0.0,0.0,0.0,0.0,0.0,0.0,0.0,0.0,1.0,3.0,2.0,2.0,0.5,2.0,16.33,34.7633333333,18.4333333333,29.35416666665,6.512083333324999,34.7633333333,0.0,0.464,0.464,0.232,0.232,0.464,0.0,0.0,0.0,0.0,0.0,0.0,152.0,225.0,73.0,173.75,25.625,152.0,1.75,2.75,10.0,0.0,0.1206896551724138,0.1896551724137931,0.6896551724137931,0.0,8.644719482306641,0.11200000000000014,,0.0,0.0,0.25,0.25,0.5,425.0,,
Preparation and transport properties of AgSbTe2 by high-pressure and high-temperature.pdf,10.1016/j.jallcom.2006.12.126,AgSbTe2,AgSbTe2 synthesized at 2.0 GPa,AgSbTe2,,,,,,figure,,Visually estimated from Fig. 5.,4.199999999999999,uW/cm.K2,False,47.0,52.0,5.0,50.5,1.75,52.0,65.0,90.0,25.0,82.5,8.75,90.0,107.8682,127.6,19.731799999999993,121.20705,6.669425,127.6,722.66,1234.93,512.2700000000001,896.0074999999999,173.34750000000003,722.66,11.0,16.0,5.0,14.5,1.75,16.0,5.0,5.0,0.0,5.0,0.0,5.0,138.0,145.0,7.0,140.0,2.5,138.0,1.93,2.1,0.17000000000000015,2.045,0.05750000000000005,2.1,1.0,2.0,1.0,1.75,0.375,2.0,0.0,4.0,4.0,2.75,1.375,4.0,10.0,10.0,0.0,10.0,0.0,10.0,0.0,0.0,0.0,0.0,0.0,0.0,11.0,16.0,5.0,14.5,1.75,16.0,0.0,1.0,1.0,0.25,0.375,0.0,0.0,3.0,3.0,1.75,0.875,2.0,0.0,0.0,0.0,0.0,0.0,0.0,0.0,0.0,0.0,0.0,0.0,0.0,1.0,3.0,2.0,2.0,0.5,2.0,16.33,34.7633333333,18.4333333333,29.35416666665,6.512083333324999,34.7633333333,0.0,0.464,0.464,0.232,0.232,0.464,0.0,0.0,0.0,0.0,0.0,0.0,152.0,225.0,73.0,173.75,25.625,152.0,1.75,2.75,10.0,0.0,0.1206896551724138,0.1896551724137931,0.6896551724137931,0.0,8.644719482306641,0.11200000000000014,,0.0,0.0,0.25,0.25,0.5,425.0,,
Preparation and transport properties of AgSbTe2 by high-pressure and high-temperature.pdf,10.1016/j.jallcom.2006.12.126,AgSbTe2,AgSbTe2 synthesized at 3.5 GPa,AgSbTe2,,,,,,figure,,Visually estimated from Fig. 5.,6.5,uW/cm.K2,False,47.0,52.0,5.0,50.5,1.75,52.0,65.0,90.0,25.0,82.5,8.75,90.0,107.8682,127.6,19.731799999999993,121.20705,6.669425,127.6,722.66,1234.93,512.2700000000001,896.0074999999999,173.34750000000003,722.66,11.0,16.0,5.0,14.5,1.75,16.0,5.0,5.0,0.0,5.0,0.0,5.0,138.0,145.0,7.0,140.0,2.5,138.0,1.93,2.1,0.17000000000000015,2.045,0.05750000000000005,2.1,1.0,2.0,1.0,1.75,0.375,2.0,0.0,4.0,4.0,2.75,1.375,4.0,10.0,10.0,0.0,10.0,0.0,10.0,0.0,0.0,0.0,0.0,0.0,0.0,11.0,16.0,5.0,14.5,1.75,16.0,0.0,1.0,1.0,0.25,0.375,0.0,0.0,3.0,3.0,1.75,0.875,2.0,0.0,0.0,0.0,0.0,0.0,0.0,0.0,0.0,0.0,0.0,0.0,0.0,1.0,3.0,2.0,2.0,0.5,2.0,16.33,34.7633333333,18.4333333333,29.35416666665,6.512083333324999,34.7633333333,0.0,0.464,0.464,0.232,0.232,0.464,0.0,0.0,0.0,0.0,0.0,0.0,152.0,225.0,73.0,173.75,25.625,152.0,1.75,2.75,10.0,0.0,0.1206896551724138,0.1896551724137931,0.6896551724137931,0.0,8.644719482306641,0.11200000000000014,,0.0,0.0,0.25,0.25,0.5,425.0,,
Preparation and transport properties of AgSbTe2 by high-pressure and high-temperature.pdf,10.1016/j.jallcom.2006.12.126,AgSbTe2,AgSbTe2 synthesized at 5.2 GPa,AgSbTe2,,,,,,figure,,Visually estimated from Fig. 5.,10.3,uW/cm.K2,False,47.0,52.0,5.0,50.5,1.75,52.0,65.0,90.0,25.0,82.5,8.75,90.0,107.8682,127.6,19.731799999999993,121.20705,6.669425,127.6,722.66,1234.93,512.2700000000001,896.0074999999999,173.34750000000003,722.66,11.0,16.0,5.0,14.5,1.75,16.0,5.0,5.0,0.0,5.0,0.0,5.0,138.0,145.0,7.0,140.0,2.5,138.0,1.93,2.1,0.17000000000000015,2.045,0.05750000000000005,2.1,1.0,2.0,1.0,1.75,0.375,2.0,0.0,4.0,4.0,2.75,1.375,4.0,10.0,10.0,0.0,10.0,0.0,10.0,0.0,0.0,0.0,0.0,0.0,0.0,11.0,16.0,5.0,14.5,1.75,16.0,0.0,1.0,1.0,0.25,0.375,0.0,0.0,3.0,3.0,1.75,0.875,2.0,0.0,0.0,0.0,0.0,0.0,0.0,0.0,0.0,0.0,0.0,0.0,0.0,1.0,3.0,2.0,2.0,0.5,2.0,16.33,34.7633333333,18.4333333333,29.35416666665,6.512083333324999,34.7633333333,0.0,0.464,0.464,0.232,0.232,0.464,0.0,0.0,0.0,0.0,0.0,0.0,152.0,225.0,73.0,173.75,25.625,152.0,1.75,2.75,10.0,0.0,0.1206896551724138,0.1896551724137931,0.6896551724137931,0.0,8.644719482306641,0.11200000000000014,,0.0,0.0,0.25,0.25,0.5,425.0,,
Rational design of entropy-driven AgSnSbTe3 with enhanced thermoelectric efficiency index for sustainable waste heat recovery.pdf,10.1039/d5se00534e,AgSnSbTe3,AgSnSbTe3 (This work),AgSnSbTe3,,,,,,figure,,Visually estimated from Fig. 3c,8.2,uW/cm.K2,False,47.0,52.0,5.0,50.666666666666664,1.4444444444444453,52.0,65.0,90.0,25.0,83.33333333333333,7.222222222222224,90.0,107.8682,127.6,19.731799999999993,121.85636666666664,5.743633333333331,127.6,505.08,1234.93,729.8500000000001,801.9616666666667,178.26222222222228,722.66,11.0,16.0,5.0,14.666666666666666,1.4444444444444446,16.0,5.0,5.0,0.0,5.0,0.0,5.0,138.0,145.0,7.0,139.5,1.8333333333333333,138.0,1.93,2.1,0.17000000000000015,2.04,0.06333333333333335,2.1,1.0,2.0,1.0,1.8333333333333333,0.27777777777777785,2.0,0.0,4.0,4.0,2.8333333333333335,1.222222222222222,4.0,10.0,10.0,0.0,10.0,0.0,10.0,0.0,0.0,0.0,0.0,0.0,0.0,11.0,16.0,5.0,14.666666666666666,1.4444444444444446,16.0,0.0,1.0,1.0,0.16666666666666666,0.2777777777777778,0.0,0.0,4.0,4.0,2.1666666666666665,0.888888888888889,2.0,0.0,0.0,0.0,0.0,0.0,0.0,0.0,0.0,0.0,0.0,0.0,0.0,1.0,4.0,3.0,2.3333333333333335,0.7777777777777778,2.0,16.33,34.7633333333,18.4333333333,30.910833333316663,4.860277777772223,34.7633333333,0.0,0.464,0.464,0.232,0.232,0.464,0.0,0.0,0.0,0.0,0.0,0.0,141.0,225.0,84.0,164.66666666666666,20.555555555555554,152.0,1.8333333333333333,2.8333333333333335,10.0,0.0,0.125,0.1931818181818182,0.6818181818181819,0.0,10.330331724440974,0.11000000000000011,,0.0,0.0,0.16666666666666666,0.16666666666666666,0.5,300.0,,
Rational design of entropy-driven AgSnSbTe3 with enhanced thermoelectric efficiency index for sustainable waste heat recovery.pdf,10.1039/d5se00534e,AgSnSbTe3,AgSnSbTe3 (This work),AgSnSbTe3,,,,,,figure,,Visually estimated from Fig. 3c,13.8,uW/cm.K2,False,47.0,52.0,5.0,50.666666666666664,1.4444444444444453,52.0,65.0,90.0,25.0,83.33333333333333,7.222222222222224,90.0,107.8682,127.6,19.731799999999993,121.85636666666664,5.743633333333331,127.6,505.08,1234.93,729.8500000000001,801.9616666666667,178.26222222222228,722.66,11.0,16.0,5.0,14.666666666666666,1.4444444444444446,16.0,5.0,5.0,0.0,5.0,0.0,5.0,138.0,145.0,7.0,139.5,1.8333333333333333,138.0,1.93,2.1,0.17000000000000015,2.04,0.06333333333333335,2.1,1.0,2.0,1.0,1.8333333333333333,0.27777777777777785,2.0,0.0,4.0,4.0,2.8333333333333335,1.222222222222222,4.0,10.0,10.0,0.0,10.0,0.0,10.0,0.0,0.0,0.0,0.0,0.0,0.0,11.0,16.0,5.0,14.666666666666666,1.4444444444444446,16.0,0.0,1.0,1.0,0.16666666666666666,0.2777777777777778,0.0,0.0,4.0,4.0,2.1666666666666665,0.888888888888889,2.0,0.0,0.0,0.0,0.0,0.0,0.0,0.0,0.0,0.0,0.0,0.0,0.0,1.0,4.0,3.0,2.3333333333333335,0.7777777777777778,2.0,16.33,34.7633333333,18.4333333333,30.910833333316663,4.860277777772223,34.7633333333,0.0,0.464,0.464,0.232,0.232,0.464,0.0,0.0,0.0,0.0,0.0,0.0,141.0,225.0,84.0,164.66666666666666,20.555555555555554,152.0,1.8333333333333333,2.8333333333333335,10.0,0.0,0.125,0.1931818181818182,0.6818181818181819,0.0,10.330331724440974,0.11000000000000011,,0.0,0.0,0.16666666666666666,0.16666666666666666,0.5,600.0,,
Reduced cation disorder and rational design of Ag2Te formation via stepwise optimization strategy to achieve high thermoelectric performance in AgSbTe2.pdf,10.1016/j.jmst.2025.08.053,AgSbTe2,(Ag0.97SbTe2)0.994(Sb2Te3)0.006,(Ag0.97SbTe2)0.994(Sb2Te3)0.006,Ag vacancy,0.03,Ag,Sb2Te3 (0.006) @ unclear,Ag vacancy (0.03) @ Ag site; Sb2Te3 (0.006) @ unclear site,body text,,,18.2,uW/cm.K2,False,47.0,52.0,5.0,50.53454823473786,1.7141782902029363,52.0,65.0,90.0,25.0,82.67274117368932,8.570891451014678,90.0,107.8682,127.6,19.731799999999993,121.33769625016976,6.532409948487583,127.6,722.66,1234.93,512.2700000000001,892.7044166511575,171.57628668834016,722.66,11.0,16.0,5.0,14.534548234737864,1.7141782902029354,16.0,5.0,5.0,0.0,4.999999999999999,8.881784197001252e-16,5.0,138.0,145.0,7.0,139.95042980951567,2.4489306753020172,138.0,1.93,2.1,0.17000000000000015,2.046126533507034,0.05631881910618363,2.1,1.0,2.0,1.0,1.7575109778732352,0.3673761925495404,2.0,0.0,4.0,4.0,2.7770372568646287,1.346802097653395,4.0,10.0,10.0,0.0,9.999999999999998,1.7763568394002505e-15,10.0,0.0,0.0,0.0,0.0,0.0,0.0,11.0,16.0,5.0,14.534548234737864,1.7141782902029354,16.0,0.0,1.0,1.0,0.24248902212676487,0.3673761925495404,0.0,0.0,3.0,3.0,1.7680286103747818,0.8574550576438476,2.0,0.0,0.0,0.0,0.0,0.0,0.0,0.0,0.0,0.0,0.0,0.0,0.0,1.0,3.0,2.0,2.010517632501547,0.5006912472289706,2.0,16.33,34.7633333333,18.4333333333,29.48298770845379,6.378910254936636,34.7633333333,0.0,0.464,0.464,0.2340900059856445,0.23198117187491368,0.464,0.0,0.0,0.0,0.0,0.0,0.0,152.0,225.0,73.0,173.24379178005023,25.10062464048973,152.0,1.7575109778732352,2.7770372568646287,9.999999999999998,0.0,0.12091954627614421,0.19106457331968899,0.6880158804041667,0.0,8.617494839209627,0.1109480002113551,0.03,2.0,1.0,0.24248902212676487,0.2530066546283116,0.5045043232449234,514.0,,
Small - 2025 - Iqbal - Realizing High Wide‐Temperature‐Range Thermoelectric Performance in Ga  I  and S co‐doped AgSbTe2.pdf,10.1002/smll.202506235,AgSbTe2,AgSb0.98Ga0.02Te1.84S0.10I0.06,AgSb0.98Ga0.02Te1.84S0.10I0.06,Ga,0.02,Sb,S (0.10) @ Te; I (0.06) @ Te,Ga (0.02) @ Sb site; S (0.10) @ Te site; I (0.06) @ Te site,body text,,,17.9,uW/cm.K2,False,16.0,53.0,37.0,49.515,3.1184,52.0,65.0,96.0,31.0,82.485,8.82735,90.0,32.065,127.6,95.535,118.54805705,10.152331947999999,127.6,302.91,1234.93,932.02,879.6084999999998,189.50478500000006,722.66,11.0,17.0,6.0,14.505000000000003,1.7675499999999988,16.0,3.0,5.0,2.0,4.945,0.10669999999999974,5.0,105.0,145.0,40.0,139.10500000000002,2.947500000000009,138.0,1.81,2.66,0.8500000000000001,2.0642,0.0766000000000001,2.1,1.0,2.0,1.0,1.75,0.37499999999999994,2.0,0.0,5.0,5.0,2.7550000000000003,1.39505,4.0,0.0,10.0,10.0,9.750000000000002,0.4874999999999983,10.0,0.0,0.0,0.0,0.0,0.0,0.0,6.0,17.0,11.0,14.255000000000003,2.052799999999999,16.0,0.0,1.0,1.0,0.25,0.37499999999999994,0.0,0.0,5.0,5.0,1.745,0.89485,2.0,0.0,0.0,0.0,0.0,0.0,0.0,0.0,0.0,0.0,0.0,0.0,0.0,1.0,5.0,4.0,1.995,0.52735,2.0,16.33,43.015,26.685000000000002,29.190017708318,6.703491166658079,34.7633333333,0.0,2.202,2.202,0.28442,0.28442000000000006,0.464,0.0,0.0,0.0,0.0,0.0,0.0,64.0,225.0,161.0,169.87,27.565,152.0,1.75,2.7550000000000003,9.750000000000002,0.0,0.12276394247632408,0.1932655208698702,0.6839705366538057,0.0,10.227435590754128,0.16694135338345878,0.02,3.0,1.0,0.25,0.245,0.46,625.0,0.0,0.14
Small - 2025 - Iqbal - Realizing High Wide‐Temperature‐Range Thermoelectric Performance in Ga  I  and S co‐doped AgSbTe2.pdf,10.1002/smll.202506235,AgSbTe2,AgSb0.97Ga0.03Te1.76S0.15I0.09,AgSb0.97Ga0.03Te1.76S0.15I0.09,Ga,0.03,Sb,S (0.15) @ Te; I (0.09) @ Te,Ga (0.03) @ Sb site; S (0.15) @ Te site; I (0.09) @ Te site,body text,,Average power factor (PFave),15.12,uW/cm.K2,False,16.0,53.0,37.0,49.022500000000015,3.758274999999994,52.0,65.0,96.0,31.0,82.4775,8.865912499999999,90.0,32.065,127.6,95.535,117.21856057500003,11.77413073924999,127.6,302.91,1234.93,932.02,871.409,197.46043500000007,722.66,11.0,17.0,6.0,14.5075,1.7763625,16.0,3.0,5.0,2.0,4.9175,0.15757499999999966,5.0,105.0,145.0,40.0,138.65750000000003,3.3527749999999994,138.0,1.81,2.66,0.8500000000000001,2.0738000000000003,0.0874000000000001,2.1,1.0,2.0,1.0,1.75,0.37500000000000006,2.0,0.0,5.0,5.0,2.7575000000000003,1.4051125000000002,4.0,0.0,10.0,10.0,9.625000000000002,0.7218749999999985,10.0,0.0,0.0,0.0,0.0,0.0,0.0,6.0,17.0,11.0,14.1325,2.193175,16.0,0.0,1.0,1.0,0.25000000000000006,0.3750000000000001,0.0,0.0,5.0,5.0,1.7425000000000002,0.9046625000000001,2.0,0.0,0.0,0.0,0.0,0.0,0.0,0.0,0.0,0.0,0.0,0.0,0.0,1.0,5.0,4.0,1.9925000000000002,0.5409125,2.0,16.33,43.015,26.685000000000002,29.107943229152003,6.7918083801996785,34.7633333333,0.0,2.202,2.202,0.3106300000000001,0.3106300000000001,0.464,0.0,0.0,0.0,0.0,0.0,0.0,64.0,225.0,161.0,167.93000000000004,28.53500000000002,152.0,1.75,2.7575000000000003,9.625000000000002,0.0,0.12382805589952238,0.19511763665310455,0.6810543074473732,0.0,10.780221292966292,0.19079377859103397,0.03,3.0,1.0,0.25000000000000006,0.24250000000000002,0.44000000000000006,425.0,0.0,0.14
Small - 2025 - Iqbal - Realizing High Wide‐Temperature‐Range Thermoelectric Performance in Ga  I  and S co‐doped AgSbTe2.pdf,10.1002/smll.202506235,AgSbTe2,AgSb0.98Ga0.02Te1.94I0.06,AgSb0.98Ga0.02Te1.94I0.06,Ga,0.02,Sb,I (0.06) @ Te,Ga (0.02) @ Sb site; I (0.06) @ Te site,body text,,,12.96,uW/cm.K2,False,31.0,53.0,22.0,50.415,1.9016500000000003,52.0,65.0,96.0,31.0,82.535,8.852850000000004,90.0,69.723,127.6,57.876999999999995,120.93643205,7.046250345500001,127.6,302.91,1234.93,932.02,887.9659999999999,181.23086000000004,722.66,11.0,17.0,6.0,14.505,1.7675499999999997,16.0,4.0,5.0,1.0,4.995,0.009949999999999895,5.0,122.0,145.0,23.0,139.93,2.5350000000000033,138.0,1.81,2.66,0.8500000000000001,2.0521999999999996,0.0646000000000001,2.1,1.0,2.0,1.0,1.75,0.37499999999999994,2.0,0.0,5.0,5.0,2.755,1.39505,4.0,10.0,10.0,0.0,10.0,0.0,10.0,0.0,0.0,0.0,0.0,0.0,0.0,11.0,17.0,6.0,14.505,1.7675499999999997,16.0,0.0,1.0,1.0,0.25,0.37499999999999994,0.0,0.0,5.0,5.0,1.7449999999999999,0.8948500000000001,2.0,0.0,0.0,0.0,0.0,0.0,0.0,0.0,0.0,0.0,0.0,0.0,0.0,1.0,5.0,4.0,1.9949999999999999,0.52735,2.0,16.33,43.015,26.685000000000002,29.414429166650496,6.647783874991756,34.7633333333,0.0,1.062,1.062,0.24097000000000002,0.24097000000000002,0.464,0.0,0.0,0.0,0.0,0.0,0.0,64.0,225.0,161.0,171.92,26.539999999999992,152.0,1.75,2.755,10.0,0.0,0.12064805239572561,0.18993450534298517,0.6894174422612892,0.0,9.408659478122662,0.13759501557632414,0.02,2.0,1.0,0.25,0.245,0.485,300.0,0.0,0.14
Small - 2025 - Iqbal - Realizing High Wide‐Temperature‐Range Thermoelectric Performance in Ga  I  and S co‐doped AgSbTe2.pdf,10.1002/smll.202506235,AgSbTe2,AgSb0.98Ga0.02Te1.94I0.06,AgSb0.98Ga0.02Te1.94I0.06,Ga,0.02,Sb,I (0.06) @ Te,Ga (0.02) @ Sb site; I (0.06) @ Te site,body text,,,17.9,uW/cm.K2,False,31.0,53.0,22.0,50.415,1.9016500000000003,52.0,65.0,96.0,31.0,82.535,8.852850000000004,90.0,69.723,127.6,57.876999999999995,120.93643205,7.046250345500001,127.6,302.91,1234.93,932.02,887.9659999999999,181.23086000000004,722.66,11.0,17.0,6.0,14.505,1.7675499999999997,16.0,4.0,5.0,1.0,4.995,0.009949999999999895,5.0,122.0,145.0,23.0,139.93,2.5350000000000033,138.0,1.81,2.66,0.8500000000000001,2.0521999999999996,0.0646000000000001,2.1,1.0,2.0,1.0,1.75,0.37499999999999994,2.0,0.0,5.0,5.0,2.755,1.39505,4.0,10.0,10.0,0.0,10.0,0.0,10.0,0.0,0.0,0.0,0.0,0.0,0.0,11.0,17.0,6.0,14.505,1.7675499999999997,16.0,0.0,1.0,1.0,0.25,0.37499999999999994,0.0,0.0,5.0,5.0,1.7449999999999999,0.8948500000000001,2.0,0.0,0.0,0.0,0.0,0.0,0.0,0.0,0.0,0.0,0.0,0.0,0.0,1.0,5.0,4.0,1.9949999999999999,0.52735,2.0,16.33,43.015,26.685000000000002,29.414429166650496,6.647783874991756,34.7633333333,0.0,1.062,1.062,0.24097000000000002,0.24097000000000002,0.464,0.0,0.0,0.0,0.0,0.0,0.0,64.0,225.0,161.0,171.92,26.539999999999992,152.0,1.75,2.755,10.0,0.0,0.12064805239572561,0.18993450534298517,0.6894174422612892,0.0,9.408659478122662,0.13759501557632414,0.02,2.0,1.0,0.25,0.245,0.485,625.0,0.0,0.14
Small - 2025 - Iqbal - Realizing High Wide‐Temperature‐Range Thermoelectric Performance in Ga  I  and S co‐doped AgSbTe2.pdf,10.1002/smll.202506235,AgSbTe2,AgSbTe2 (pristine),AgSbTe2,,,,,,figure,Fig. 2E,Visually estimated from Fig. 2E,10.919999999999998,uW/cm.K2,False,47.0,52.0,5.0,50.5,1.75,52.0,65.0,90.0,25.0,82.5,8.75,90.0,107.8682,127.6,19.731799999999993,121.20705,6.669425,127.6,722.66,1234.93,512.2700000000001,896.0074999999999,173.34750000000003,722.66,11.0,16.0,5.0,14.5,1.75,16.0,5.0,5.0,0.0,5.0,0.0,5.0,138.0,145.0,7.0,140.0,2.5,138.0,1.93,2.1,0.17000000000000015,2.045,0.05750000000000005,2.1,1.0,2.0,1.0,1.75,0.375,2.0,0.0,4.0,4.0,2.75,1.375,4.0,10.0,10.0,0.0,10.0,0.0,10.0,0.0,0.0,0.0,0.0,0.0,0.0,11.0,16.0,5.0,14.5,1.75,16.0,0.0,1.0,1.0,0.25,0.375,0.0,0.0,3.0,3.0,1.75,0.875,2.0,0.0,0.0,0.0,0.0,0.0,0.0,0.0,0.0,0.0,0.0,0.0,0.0,1.0,3.0,2.0,2.0,0.5,2.0,16.33,34.7633333333,18.4333333333,29.35416666665,6.512083333324999,34.7633333333,0.0,0.464,0.464,0.232,0.232,0.464,0.0,0.0,0.0,0.0,0.0,0.0,152.0,225.0,73.0,173.75,25.625,152.0,1.75,2.75,10.0,0.0,0.1206896551724138,0.1896551724137931,0.6896551724137931,0.0,8.644719482306641,0.11200000000000014,,0.0,0.0,0.25,0.25,0.5,300.0,,
Small - 2025 - Iqbal - Realizing High Wide‐Temperature‐Range Thermoelectric Performance in Ga  I  and S co‐doped AgSbTe2.pdf,10.1002/smll.202506235,AgSbTe2,AgSb0.97Ga0.03Te1.76S0.15I0.09,AgSb0.97Ga0.03Te1.76S0.15I0.09,Ga,0.03,Sb,S (0.15) @ Te; I (0.09) @ Te,Ga (0.03) @ Sb site; S (0.15) @ Te site; I (0.09) @ Te site,body text,"Page 1, abstract",,17.9,uW/cm.K2,False,16.0,53.0,37.0,49.022500000000015,3.758274999999994,52.0,65.0,96.0,31.0,82.4775,8.865912499999999,90.0,32.065,127.6,95.535,117.21856057500003,11.77413073924999,127.6,302.91,1234.93,932.02,871.409,197.46043500000007,722.66,11.0,17.0,6.0,14.5075,1.7763625,16.0,3.0,5.0,2.0,4.9175,0.15757499999999966,5.0,105.0,145.0,40.0,138.65750000000003,3.3527749999999994,138.0,1.81,2.66,0.8500000000000001,2.0738000000000003,0.0874000000000001,2.1,1.0,2.0,1.0,1.75,0.37500000000000006,2.0,0.0,5.0,5.0,2.7575000000000003,1.4051125000000002,4.0,0.0,10.0,10.0,9.625000000000002,0.7218749999999985,10.0,0.0,0.0,0.0,0.0,0.0,0.0,6.0,17.0,11.0,14.1325,2.193175,16.0,0.0,1.0,1.0,0.25000000000000006,0.3750000000000001,0.0,0.0,5.0,5.0,1.7425000000000002,0.9046625000000001,2.0,0.0,0.0,0.0,0.0,0.0,0.0,0.0,0.0,0.0,0.0,0.0,0.0,1.0,5.0,4.0,1.9925000000000002,0.5409125,2.0,16.33,43.015,26.685000000000002,29.107943229152003,6.7918083801996785,34.7633333333,0.0,2.202,2.202,0.3106300000000001,0.3106300000000001,0.464,0.0,0.0,0.0,0.0,0.0,0.0,64.0,225.0,161.0,167.93000000000004,28.53500000000002,152.0,1.75,2.7575000000000003,9.625000000000002,0.0,0.12382805589952238,0.19511763665310455,0.6810543074473732,0.0,10.780221292966292,0.19079377859103397,0.03,3.0,1.0,0.25000000000000006,0.24250000000000002,0.44000000000000006,625.0,0.0,0.14
Small - 2026 - Song - Decoupling Electron‐Phonon Transport in AgSbSe2 via Stepwise Cd‐Sb Substitution and Interstitial Se.pdf,10.1002/smll.202514707,AgSbSe2,AgSb0.96Cd0.04Se2.02,AgSb0.96Cd0.04Se2.02,Cd,0.04,Sb,Se (0.02) @ interstitial,Cd (0.04) @ Sb site; Se (0.02) @ interstitial site,body text,,,7.84,uW/cm.K2,False,34.0,51.0,17.0,41.43283582089553,7.469815103586545,34.0,65.0,89.0,24.0,81.88557213930349,8.637310957649559,89.0,78.96,121.76,42.80000000000001,96.70483582089554,17.833118586173615,78.96,494.0,1234.93,740.9300000000001,777.1660696517413,288.21557387193394,494.0,11.0,16.0,5.0,14.477611940298509,1.7794609044330578,16.0,4.0,5.0,1.0,4.497512437810945,0.4999876240687113,4.0,120.0,145.0,25.0,130.9950248756219,11.049726491918518,120.0,1.69,2.55,0.8599999999999999,2.267810945273632,0.28359298037177294,2.55,1.0,2.0,1.0,1.7512437810945276,0.3737531249226504,2.0,0.0,4.0,4.0,2.7263681592039806,1.41065815202594,4.0,10.0,10.0,0.0,10.000000000000002,1.7763568394002505e-15,10.0,0.0,0.0,0.0,0.0,0.0,0.0,11.0,16.0,5.0,14.477611940298509,1.7794609044330578,16.0,0.0,1.0,1.0,0.24875621890547267,0.3737531249226505,0.0,0.0,3.0,3.0,1.7213930348258708,0.8906710229944803,2.0,0.0,0.0,0.0,0.0,0.0,0.0,0.0,0.0,0.0,0.0,0.0,0.0,0.0,3.0,3.0,1.9701492537313434,0.5218682705873617,2.0,16.33,31.56,15.23,24.817363184079607,4.328486423603376,25.92,0.0,0.799,0.799,0.4014875621890548,0.3994901116309002,0.799,0.0,0.0,0.0,0.0,0.0,0.0,14.0,225.0,211.0,104.5771144278607,91.02774683794958,14.0,1.7512437810945276,2.7263681592039806,10.000000000000002,0.0,0.12096219931271478,0.18831615120274917,0.6907216494845362,0.0,8.977634959537783,0.47851921865154384,0.04,2.0,1.0,0.24875621890547267,0.23880597014925375,0.0,673.0,1.0,0.19000000000000006
Strong anharmonicity induced low lattice thermal conductivity and high thermoelectric performance in system.pdf,10.1063/5.0095121,(Cu1-yInTe2)0.95(AgSbTe2)0.05,(Cu0.95InTe2)0.95(AgSbTe2)0.05,(Cu0.95InTe2)0.95(AgSbTe2)0.05,Cu vacancy,y=0.05,Ag,,Cu vacancy (y=0.05) @ Ag site,body text,,,12.4,uW/cm.K2,False,29.0,52.0,23.0,45.951296647691336,7.741199354606668,52.0,64.0,90.0,26.0,80.07843137254902,10.165321030372937,90.0,63.546,127.6,64.054,109.57843769765971,21.065040813166792,127.6,429.75,1357.77,928.02,806.0481783681215,265.2800132503268,722.66,11.0,16.0,5.0,14.06135357368754,1.985692687635949,16.0,4.0,5.0,1.0,4.771663504111322,0.35239788106791564,5.0,132.0,145.0,13.0,137.69259962049338,2.5996564996813314,138.0,1.78,2.1,0.32000000000000006,1.9746363061353573,0.12877701324352564,2.1,1.0,2.0,1.0,1.7590132827324478,0.3658242387363221,2.0,0.0,4.0,4.0,2.3023402909550916,1.735712791166129,4.0,10.0,10.0,0.0,10.0,0.0,10.0,0.0,0.0,0.0,0.0,0.0,0.0,11.0,16.0,5.0,14.06135357368754,1.985692687635949,16.0,0.0,1.0,1.0,0.2409867172675522,0.3658242387363221,0.0,0.0,5.0,5.0,2.2517394054395954,1.340043311605518,2.0,0.0,0.0,0.0,0.0,0.0,0.0,0.0,0.0,0.0,0.0,0.0,0.0,1.0,5.0,4.0,2.4927261227071478,1.2181018986934107,2.0,11.07,34.7633333333,23.693333333299996,26.555051655053767,8.433553838704507,34.7633333333,0.0,0.464,0.464,0.2347881087919039,0.23196649331622635,0.464,0.0,0.0,0.0,0.0,0.0,0.0,139.0,225.0,86.0,166.64452877925362,28.125786888177558,152.0,1.7590132827324478,2.3023402909550916,10.0,0.0,0.12509558724303899,0.163735324546804,0.7111690882101569,0.0,9.43821090519749,0.22671296179389414,0.05,1.0,0.0,0.012650221378874131,0.012650221378874131,0.5060088551549653,723.0,,
Strong anharmonicity induced low lattice thermal conductivity and high thermoelectric performance in system.pdf,10.1063/5.0095121,(Cu1-yInTe2)0.95(AgSbTe2)0.05,(CuInTe2)0.99(AgSbTe2)0.01,(CuInTe2)0.99(AgSbTe2)0.01,Ag,0.01,unclear,Sb (0.01) @ unclear,Ag (0.01) @ unclear site; Sb (0.01) @ unclear site,figure,,Visually estimated from Fig. 1(c),1.4999999999999998,uW/cm.K2,False,29.0,52.0,23.0,45.550000000000004,8.192249999999998,52.0,64.0,90.0,26.0,79.77750000000002,10.248612500000002,90.0,63.546,127.6,64.054,108.51916050000001,22.264969249999993,127.6,429.75,1357.77,928.02,809.087975,274.200272625,722.66,11.0,16.0,5.0,14.005,1.999975,16.0,4.0,5.0,1.0,4.752500000000001,0.3724874999999994,5.0,132.0,145.0,13.0,137.52500000000003,2.7348749999999833,138.0,1.78,2.1,0.32000000000000006,1.9707500000000004,0.12964625000000007,2.1,1.0,2.0,1.0,1.75,0.37500000000000006,2.0,0.0,4.0,4.0,2.2550000000000003,1.7487250000000003,4.0,10.0,10.0,0.0,10.000000000000002,1.7763568394002505e-15,10.0,0.0,0.0,0.0,0.0,0.0,0.0,11.0,16.0,5.0,14.005,1.999975,16.0,0.0,1.0,1.0,0.25000000000000006,0.3750000000000001,0.0,0.0,5.0,5.0,2.245,1.3675000000000002,2.0,0.0,0.0,0.0,0.0,0.0,0.0,0.0,0.0,0.0,0.0,0.0,0.0,1.0,5.0,4.0,2.4950000000000006,1.2425000000000004,2.0,11.07,34.7633333333,23.693333333299996,26.245566666650003,8.544338833316749,34.7633333333,0.0,0.464,0.464,0.23200000000000004,0.23200000000000004,0.464,0.0,0.0,0.0,0.0,0.0,0.0,139.0,225.0,86.0,167.06750000000002,28.966250000000016,152.0,1.75,2.2550000000000003,10.000000000000002,0.0,0.12495537308104247,0.16101392359871475,0.7140307033202429,0.0,8.877530814278654,0.2305996254830871,0.01,2.0,1.0,0.0025000000000000005,0.0025000000000000005,0.5000000000000001,300.0,,
Strong anharmonicity induced low lattice thermal conductivity and high thermoelectric performance in system.pdf,10.1063/5.0095121,(Cu1-yInTe2)0.95(AgSbTe2)0.05,(CuInTe2)0.97(AgSbTe2)0.03,(CuInTe2)0.97(AgSbTe2)0.03,Ag,0.03,unclear,Sb (0.03) @ unclear,Ag (0.03) @ unclear site; Sb (0.03) @ unclear site,figure,,Visually estimated from Fig. 1(c),2.0000000000000004,uW/cm.K2,False,29.0,52.0,23.0,45.650000000000006,8.075249999999999,52.0,64.0,90.0,26.0,79.83250000000001,10.245012500000001,90.0,63.546,127.6,64.054,108.77548150000001,21.949907749999994,127.6,429.75,1357.77,928.02,810.8439250000001,273.0144786250001,722.66,11.0,16.0,5.0,14.015000000000002,1.9997749999999999,16.0,4.0,5.0,1.0,4.7575,0.36738749999999987,5.0,132.0,145.0,13.0,137.57500000000002,2.7038749999999916,138.0,1.78,2.1,0.32000000000000006,1.9722500000000003,0.12891625000000007,2.1,1.0,2.0,1.0,1.7500000000000002,0.37499999999999994,2.0,0.0,4.0,4.0,2.2650000000000006,1.7460250000000002,4.0,10.0,10.0,0.0,10.0,0.0,10.0,0.0,0.0,0.0,0.0,0.0,0.0,11.0,16.0,5.0,14.015000000000002,1.9997749999999999,16.0,0.0,1.0,1.0,0.25000000000000006,0.3750000000000001,0.0,0.0,5.0,5.0,2.2350000000000003,1.3525000000000003,2.0,0.0,0.0,0.0,0.0,0.0,0.0,0.0,0.0,0.0,0.0,0.0,0.0,1.0,5.0,4.0,2.4850000000000003,1.2275000000000005,2.0,11.07,34.7633333333,23.693333333299996,26.308366666650002,8.533741166650248,34.7633333333,0.0,0.464,0.464,0.23200000000000004,0.232,0.464,0.0,0.0,0.0,0.0,0.0,0.0,139.0,225.0,86.0,167.20250000000001,28.89875000000001,152.0,1.7500000000000002,2.2650000000000006,10.0,0.0,0.1248662147698894,0.16161255797359972,0.7135212272565108,0.0,9.204873842506112,0.2278431062433278,0.03,2.0,1.0,0.007500000000000001,0.007500000000000001,0.5000000000000001,300.0,,
Strong anharmonicity induced low lattice thermal conductivity and high thermoelectric performance in system.pdf,10.1063/5.0095121,(Cu1-yInTe2)0.95(AgSbTe2)0.05,(CuInTe2)0.95(AgSbTe2)0.05,(CuInTe2)0.95(AgSbTe2)0.05,Ag,0.05,unclear,Sb (0.05) @ unclear,Ag (0.05) @ unclear site; Sb (0.05) @ unclear site,figure,,Visually estimated from Fig. 1(c),2.5,uW/cm.K2,False,29.0,52.0,23.0,45.75000000000001,7.956249999999997,52.0,64.0,90.0,26.0,79.88750000000002,10.2403125,90.0,63.546,127.6,64.054,109.03180250000003,21.63484624999999,127.6,429.75,1357.77,928.02,812.5998750000001,271.7935656250001,722.66,11.0,16.0,5.0,14.025,1.9993750000000001,16.0,4.0,5.0,1.0,4.762500000000001,0.36218749999999944,5.0,132.0,145.0,13.0,137.62500000000003,2.6718749999999853,138.0,1.78,2.1,0.32000000000000006,1.9737500000000001,0.12815625000000008,2.1,1.0,2.0,1.0,1.75,0.37500000000000006,2.0,0.0,4.0,4.0,2.2750000000000004,1.743125,4.0,10.0,10.0,0.0,10.000000000000002,1.7763568394002505e-15,10.0,0.0,0.0,0.0,0.0,0.0,0.0,11.0,16.0,5.0,14.025,1.9993750000000001,16.0,0.0,1.0,1.0,0.25000000000000006,0.3750000000000001,0.0,0.0,5.0,5.0,2.2250000000000005,1.3375000000000006,2.0,0.0,0.0,0.0,0.0,0.0,0.0,0.0,0.0,0.0,0.0,0.0,0.0,1.0,5.0,4.0,2.4750000000000005,1.2125000000000006,2.0,11.07,34.7633333333,23.693333333299996,26.371166666650005,8.52188749998375,34.7633333333,0.0,0.464,0.464,0.23200000000000004,0.23200000000000007,0.464,0.0,0.0,0.0,0.0,0.0,0.0,139.0,225.0,86.0,167.3375,28.831250000000004,152.0,1.75,2.2750000000000004,10.000000000000002,0.0,0.12477718360071301,0.16221033868092694,0.7130124777183602,0.0,9.469993267257859,0.22514229636898936,0.05,2.0,1.0,0.012500000000000002,0.012500000000000002,0.5000000000000001,300.0,,
Strong anharmonicity induced low lattice thermal conductivity and high thermoelectric performance in system.pdf,10.1063/5.0095121,(Cu1-yInTe2)0.95(AgSbTe2)0.05,(CuInTe2)0.93(AgSbTe2)0.07,(CuInTe2)0.93(AgSbTe2)0.07,Ag,0.07,unclear,Sb (0.07) @ unclear,Ag (0.07) @ unclear site; Sb (0.07) @ unclear site,figure,,Visually estimated from Fig. 1(c),2.5,uW/cm.K2,False,29.0,52.0,23.0,45.85,7.835249999999999,52.0,64.0,90.0,26.0,79.9425,10.2345125,90.0,63.546,127.6,64.054,109.2881235,21.31978475,127.6,429.75,1357.77,928.02,814.355825,270.53753362500004,722.66,11.0,16.0,5.0,14.035,1.998775,16.0,4.0,5.0,1.0,4.767500000000001,0.3568874999999996,5.0,132.0,145.0,13.0,137.67499999999998,2.638875000000009,138.0,1.78,2.1,0.32000000000000006,1.9752500000000002,0.12736625000000004,2.1,1.0,2.0,1.0,1.75,0.37500000000000006,2.0,0.0,4.0,4.0,2.285,1.740025,4.0,10.0,10.0,0.0,10.000000000000002,1.7763568394002505e-15,10.0,0.0,0.0,0.0,0.0,0.0,0.0,11.0,16.0,5.0,14.035,1.998775,16.0,0.0,1.0,1.0,0.25,0.37500000000000006,0.0,0.0,5.0,5.0,2.2150000000000003,1.3225000000000002,2.0,0.0,0.0,0.0,0.0,0.0,0.0,0.0,0.0,0.0,0.0,0.0,0.0,1.0,5.0,4.0,2.4650000000000003,1.1975,2.0,11.07,34.7633333333,23.693333333299996,26.433966666649997,8.508777833317248,34.7633333333,0.0,0.464,0.464,0.232,0.23200000000000004,0.464,0.0,0.0,0.0,0.0,0.0,0.0,139.0,225.0,86.0,167.4725,28.76375,152.0,1.75,2.285,10.000000000000002,0.0,0.12468827930174564,0.16280726754542216,0.7125044531528323,0.0,9.699155253631288,0.22249347004015446,0.07,2.0,1.0,0.0175,0.0175,0.5,300.0,,
"Structural, characterization and electrical properties of AgPbmSbTem+2 compounds synthesized through a solid-state microwave technique.pdf",10.1016/j.ijhydene.2015.12.205,AgSbTe2,AgPb8SbTe10,AgPb8SbTe10,Pb,m=8,Ag,,Pb (m=8) @ Ag site,body text,,,18.7,uW/cm.K2,False,47.0,82.0,35.0,63.7,14.639999999999997,52.0,65.0,90.0,25.0,84.9,5.109999999999999,90.0,107.8682,207.2,99.33179999999999,158.16141,39.230872,127.6,600.61,1234.93,634.32,708.5094999999999,86.31960000000001,722.66,11.0,16.0,5.0,14.9,1.1099999999999999,16.0,5.0,6.0,1.0,5.4,0.4800000000000001,5.0,138.0,146.0,8.0,141.6,3.8599999999999994,138.0,1.93,2.33,0.40000000000000013,2.181,0.11920000000000001,2.1,1.0,2.0,1.0,1.95,0.09500000000000004,2.0,0.0,4.0,4.0,2.95,1.0550000000000002,4.0,10.0,10.0,0.0,10.0,0.0,10.0,0.0,14.0,14.0,5.6,6.719999999999999,0.0,11.0,28.0,17.0,20.5,6.0,16.0,0.0,1.0,1.0,0.05,0.095,0.0,0.0,4.0,4.0,2.75,1.025,2.0,0.0,0.0,0.0,0.0,0.0,0.0,0.0,0.0,0.0,0.0,0.0,0.0,1.0,4.0,3.0,2.8,0.9800000000000001,2.0,16.33,34.7633333333,18.4333333333,31.02016666665,3.797149999984999,34.7633333333,0.0,0.464,0.464,0.23200000000000004,0.23200000000000004,0.464,0.0,0.0,0.0,0.0,0.0,0.0,152.0,225.0,73.0,185.55,35.505,152.0,1.95,2.95,10.0,5.6,0.0951219512195122,0.14390243902439026,0.4878048780487805,0.27317073170731704,8.41974957592397,0.2235897435897436,0.08,1.0,0.0,0.05,0.05,0.5,310.0,1.0,0.040000000000000036
Synergistic Effect of Mg–Se Co-Doping and Post-Annealing on the Thermoelectric Performance of Polycrystalline AgSbTe2.pdf,10.1021/acsaem.6c01258,AgSbTe2,AgSb0.95Mg0.05Te1.85Se0.15,AgSb0.95Mg0.05Te1.85Se0.15,Mg,5 at%,Sb,Se (15 at%) @ Te,Mg (5 at%) @ Sb site; Se (15 at%) @ Te site,body text,,,14.199999999999998,uW/cm.K2,False,12.0,52.0,40.0,49.3375,3.252500000000001,52.0,65.0,90.0,25.0,82.25,8.981250000000001,90.0,24.305,127.6,103.29499999999999,118.1648625,10.4351925,127.6,494.0,1234.93,740.9300000000001,887.6729999999999,182.16250000000002,722.66,2.0,16.0,14.0,14.3375,1.9771874999999999,16.0,3.0,5.0,2.0,4.9375,0.11875,5.0,120.0,145.0,25.0,139.35,2.8662499999999973,138.0,1.31,2.55,1.2399999999999998,2.052625,0.0811250000000001,2.1,1.0,2.0,1.0,1.75,0.375,2.0,0.0,4.0,4.0,2.7125,1.4240625000000002,4.0,0.0,10.0,10.0,9.875,0.246875,10.0,0.0,0.0,0.0,0.0,0.0,0.0,2.0,16.0,14.0,14.3375,1.9771874999999999,16.0,0.0,1.0,1.0,0.25,0.375,0.0,0.0,3.0,3.0,1.7125,0.8990625,2.0,0.0,0.0,0.0,0.0,0.0,0.0,0.0,0.0,0.0,0.0,0.0,0.0,0.0,3.0,3.0,1.9625,0.5303125000000001,2.0,16.33,34.7633333333,18.4333333333,28.914166666651248,6.66724999999075,34.7633333333,0.0,0.799,0.799,0.24456250000000002,0.2445625,0.464,0.0,0.0,0.0,0.0,0.0,0.0,14.0,225.0,211.0,168.92499999999998,28.664374999999993,152.0,1.75,2.7125,9.875,0.0,0.12205754141238012,0.18918918918918917,0.6887532693984306,0.0,10.164778205710808,0.17915962441314565,0.05,2.0,1.0,0.25,0.2375,0.4625,508.0,1.0,0.040000000000000036
Synergistic Effect of Mg–Se Co-Doping and Post-Annealing on the Thermoelectric Performance of Polycrystalline AgSbTe2.pdf,10.1021/acsaem.6c01258,AgSbTe2,AgSb0.95Mg0.05Te1.85Se0.15,AgSb0.95Mg0.05Te1.85Se0.15,Mg,5 at%,Sb,Se (15 at%) @ Te,Mg (5 at%) @ Sb site; Se (15 at%) @ Te site,body text,,,19.2,uW/cm.K2,False,12.0,52.0,40.0,49.3375,3.252500000000001,52.0,65.0,90.0,25.0,82.25,8.981250000000001,90.0,24.305,127.6,103.29499999999999,118.1648625,10.4351925,127.6,494.0,1234.93,740.9300000000001,887.6729999999999,182.16250000000002,722.66,2.0,16.0,14.0,14.3375,1.9771874999999999,16.0,3.0,5.0,2.0,4.9375,0.11875,5.0,120.0,145.0,25.0,139.35,2.8662499999999973,138.0,1.31,2.55,1.2399999999999998,2.052625,0.0811250000000001,2.1,1.0,2.0,1.0,1.75,0.375,2.0,0.0,4.0,4.0,2.7125,1.4240625000000002,4.0,0.0,10.0,10.0,9.875,0.246875,10.0,0.0,0.0,0.0,0.0,0.0,0.0,2.0,16.0,14.0,14.3375,1.9771874999999999,16.0,0.0,1.0,1.0,0.25,0.375,0.0,0.0,3.0,3.0,1.7125,0.8990625,2.0,0.0,0.0,0.0,0.0,0.0,0.0,0.0,0.0,0.0,0.0,0.0,0.0,0.0,3.0,3.0,1.9625,0.5303125000000001,2.0,16.33,34.7633333333,18.4333333333,28.914166666651248,6.66724999999075,34.7633333333,0.0,0.799,0.799,0.24456250000000002,0.2445625,0.464,0.0,0.0,0.0,0.0,0.0,0.0,14.0,225.0,211.0,168.92499999999998,28.664374999999993,152.0,1.75,2.7125,9.875,0.0,0.12205754141238012,0.18918918918918917,0.6887532693984306,0.0,10.164778205710808,0.17915962441314565,0.05,2.0,1.0,0.25,0.2375,0.4625,610.0,1.0,0.040000000000000036
Synergistic Effect of Mg–Se Co-Doping and Post-Annealing on the Thermoelectric Performance of Polycrystalline AgSbTe2.pdf,10.1021/acsaem.6c01258,AgSbTe2,AgSbTe2,AgSbTe2,,,,,,figure,Figure 2c,Visually estimated from Figure 2c,2.0,uW/cm.K2,False,47.0,52.0,5.0,50.5,1.75,52.0,65.0,90.0,25.0,82.5,8.75,90.0,107.8682,127.6,19.731799999999993,121.20705,6.669425,127.6,722.66,1234.93,512.2700000000001,896.0074999999999,173.34750000000003,722.66,11.0,16.0,5.0,14.5,1.75,16.0,5.0,5.0,0.0,5.0,0.0,5.0,138.0,145.0,7.0,140.0,2.5,138.0,1.93,2.1,0.17000000000000015,2.045,0.05750000000000005,2.1,1.0,2.0,1.0,1.75,0.375,2.0,0.0,4.0,4.0,2.75,1.375,4.0,10.0,10.0,0.0,10.0,0.0,10.0,0.0,0.0,0.0,0.0,0.0,0.0,11.0,16.0,5.0,14.5,1.75,16.0,0.0,1.0,1.0,0.25,0.375,0.0,0.0,3.0,3.0,1.75,0.875,2.0,0.0,0.0,0.0,0.0,0.0,0.0,0.0,0.0,0.0,0.0,0.0,0.0,1.0,3.0,2.0,2.0,0.5,2.0,16.33,34.7633333333,18.4333333333,29.35416666665,6.512083333324999,34.7633333333,0.0,0.464,0.464,0.232,0.232,0.464,0.0,0.0,0.0,0.0,0.0,0.0,152.0,225.0,73.0,173.75,25.625,152.0,1.75,2.75,10.0,0.0,0.1206896551724138,0.1896551724137931,0.6896551724137931,0.0,8.644719482306641,0.11200000000000014,,0.0,0.0,0.25,0.25,0.5,300.0,,
Synergistic Effect of Mg–Se Co-Doping and Post-Annealing on the Thermoelectric Performance of Polycrystalline AgSbTe2.pdf,10.1021/acsaem.6c01258,AgSbTe2,AgSbTe1.85Se0.15,AgSbTe1.85Se0.15,Se,0.15,Te,,Se (0.15) @ Te site,figure,Figure 2c,Visually estimated from Figure 2c,9.0,uW/cm.K2,False,34.0,52.0,18.0,49.824999999999996,2.5993750000000015,52.0,65.0,90.0,25.0,82.4625,8.731249999999998,90.0,78.96,127.6,48.64,119.38305,8.789153749999999,127.6,494.0,1234.93,740.9300000000001,887.43275,181.92225000000002,722.66,11.0,16.0,5.0,14.5,1.75,16.0,4.0,5.0,1.0,4.9625,0.07218749999999968,5.0,120.0,145.0,25.0,139.325,2.837499999999994,138.0,1.93,2.55,0.6199999999999999,2.061875,0.07187500000000009,2.1,1.0,2.0,1.0,1.75,0.375,2.0,0.0,4.0,4.0,2.75,1.375,4.0,10.0,10.0,0.0,10.0,0.0,10.0,0.0,0.0,0.0,0.0,0.0,0.0,11.0,16.0,5.0,14.5,1.75,16.0,0.0,1.0,1.0,0.25,0.375,0.0,0.0,3.0,3.0,1.75,0.875,2.0,0.0,0.0,0.0,0.0,0.0,0.0,0.0,0.0,0.0,0.0,0.0,0.0,1.0,3.0,2.0,2.0,0.5,2.0,16.33,34.7633333333,18.4333333333,29.02254166665125,6.578961458324467,34.7633333333,0.0,0.799,0.799,0.24456250000000002,0.24456250000000002,0.464,0.0,0.0,0.0,0.0,0.0,0.0,14.0,225.0,211.0,168.57500000000002,28.21250000000001,152.0,1.75,2.75,10.0,0.0,0.1206896551724138,0.1896551724137931,0.6896551724137931,0.0,9.752141313235201,0.15535291331122703,0.15,1.0,0.0,0.25,0.25,0.4625,300.0,0.0,0.22999999999999976
Synergistic Effect of Mg–Se Co-Doping and Post-Annealing on the Thermoelectric Performance of Polycrystalline AgSbTe2.pdf,10.1021/acsaem.6c01258,AgSbTe2,Ag0.96Mg0.04SbTe1.85Se0.15,Ag0.96Mg0.04SbTe1.85Se0.15,Mg,0.04,Ag,Se (0.15) @ Te,Mg (0.04) @ Ag site; Se (0.15) @ Te site,figure,Figure 2c,Visually estimated from Figure 2c,10.0,uW/cm.K2,False,12.0,52.0,40.0,49.475,3.0981249999999996,52.0,65.0,90.0,25.0,82.4925,8.686249999999996,90.0,24.305,127.6,103.29499999999999,118.54741800000001,9.979929349999995,127.6,494.0,1234.93,740.9300000000001,884.31345,178.80295,722.66,2.0,16.0,14.0,14.41,1.8849999999999998,16.0,3.0,5.0,2.0,4.942500000000001,0.10953749999999929,5.0,120.0,145.0,25.0,139.285,2.777499999999998,138.0,1.31,2.55,1.2399999999999998,2.055675,0.07807500000000009,2.1,1.0,2.0,1.0,1.76,0.3648,2.0,0.0,4.0,4.0,2.75,1.375,4.0,0.0,10.0,10.0,9.9,0.19799999999999965,10.0,0.0,0.0,0.0,0.0,0.0,0.0,2.0,16.0,14.0,14.41,1.8849999999999998,16.0,0.0,1.0,1.0,0.24,0.3648,0.0,0.0,3.0,3.0,1.75,0.875,2.0,0.0,0.0,0.0,0.0,0.0,0.0,0.0,0.0,0.0,0.0,0.0,0.0,0.0,3.0,3.0,1.99,0.515,2.0,16.33,34.7633333333,18.4333333333,29.08814166665125,6.485481458324468,34.7633333333,0.0,0.799,0.799,0.24456250000000002,0.24456250000000002,0.464,0.0,0.0,0.0,0.0,0.0,0.0,14.0,225.0,211.0,168.26500000000001,27.74750000000001,152.0,1.76,2.75,9.9,0.0,0.12213740458015267,0.19083969465648853,0.6870229007633588,0.0,10.101232647797115,0.17270509227035885,0.04,2.0,1.0,0.24,0.25,0.4625,300.0,1.0,0.43000000000000005
Synergistic Effect of Mg–Se Co-Doping and Post-Annealing on the Thermoelectric Performance of Polycrystalline AgSbTe2.pdf,10.1021/acsaem.6c01258,AgSbTe2,Ag0.95Mg0.05SbTe1.85Se0.15,Ag0.95Mg0.05SbTe1.85Se0.15,Mg,0.05,Ag,Se (0.15) @ Te,Mg (0.05) @ Ag site; Se (0.15) @ Te site,figure,Figure 2c,Visually estimated from Figure 2c,11.0,uW/cm.K2,False,12.0,52.0,40.0,49.387499999999996,3.2228125000000016,52.0,65.0,90.0,25.0,82.5,8.675,90.0,24.305,127.6,103.29499999999999,118.33851,10.277623249999998,127.6,494.0,1234.93,740.9300000000001,883.5336250000001,178.02312500000002,722.66,2.0,16.0,14.0,14.3875,1.9187500000000006,16.0,3.0,5.0,2.0,4.9375,0.11875,5.0,120.0,145.0,25.0,139.275,2.762500000000003,138.0,1.31,2.55,1.2399999999999998,2.054125,0.07962500000000008,2.1,1.0,2.0,1.0,1.7625,0.3621875,2.0,0.0,4.0,4.0,2.75,1.375,4.0,0.0,10.0,10.0,9.875,0.246875,10.0,0.0,0.0,0.0,0.0,0.0,0.0,2.0,16.0,14.0,14.3875,1.9187500000000006,16.0,0.0,1.0,1.0,0.2375,0.3621875,0.0,0.0,3.0,3.0,1.75,0.875,2.0,0.0,0.0,0.0,0.0,0.0,0.0,0.0,0.0,0.0,0.0,0.0,0.0,0.0,3.0,3.0,1.9875,0.5187499999999999,2.0,16.33,34.7633333333,18.4333333333,29.10454166665125,6.4621114583244665,34.7633333333,0.0,0.799,0.799,0.24456250000000002,0.24456250000000002,0.464,0.0,0.0,0.0,0.0,0.0,0.0,14.0,225.0,211.0,168.1875,27.631249999999998,152.0,1.7625,2.75,9.875,0.0,0.12250217202432667,0.1911381407471764,0.6863596872284969,0.0,10.164778205710808,0.1769624413145541,0.05,2.0,1.0,0.2375,0.25,0.4625,300.0,1.0,0.43000000000000005
Synergistic Effect of Mg–Se Co-Doping and Post-Annealing on the Thermoelectric Performance of Polycrystalline AgSbTe2.pdf,10.1021/acsaem.6c01258,AgSbTe2,Ag0.94Mg0.06SbTe1.85Se0.15,Ag0.94Mg0.06SbTe1.85Se0.15,Mg,0.06,Ag,Se (0.15) @ Te,Mg (0.06) @ Ag site; Se (0.15) @ Te site,figure,Figure 2c,Visually estimated from Figure 2c,8.0,uW/cm.K2,False,12.0,52.0,40.0,49.300000000000004,3.347499999999998,52.0,65.0,90.0,25.0,82.50750000000001,8.663749999999997,90.0,24.305,127.6,103.29499999999999,118.12960199999999,10.575317150000004,127.6,494.0,1234.93,740.9300000000001,882.7538000000001,177.2433,722.66,2.0,16.0,14.0,14.365,1.9525000000000001,16.0,3.0,5.0,2.0,4.9325,0.1279124999999999,5.0,120.0,145.0,25.0,139.265,2.747499999999993,138.0,1.31,2.55,1.2399999999999998,2.052575,0.0811750000000001,2.1,1.0,2.0,1.0,1.765,0.35955000000000004,2.0,0.0,4.0,4.0,2.75,1.375,4.0,0.0,10.0,10.0,9.85,0.2955000000000003,10.0,0.0,0.0,0.0,0.0,0.0,0.0,2.0,16.0,14.0,14.365,1.9525000000000001,16.0,0.0,1.0,1.0,0.235,0.35955,0.0,0.0,3.0,3.0,1.75,0.875,2.0,0.0,0.0,0.0,0.0,0.0,0.0,0.0,0.0,0.0,0.0,0.0,0.0,0.0,3.0,3.0,1.985,0.5225,2.0,16.33,34.7633333333,18.4333333333,29.120941666651248,6.4387414583244675,34.7633333333,0.0,0.799,0.799,0.24456250000000002,0.24456250000000002,0.464,0.0,0.0,0.0,0.0,0.0,0.0,14.0,225.0,211.0,168.10999999999999,27.514999999999993,152.0,1.765,2.75,9.85,0.0,0.12286808214410024,0.19143752175426385,0.6856943961016359,0.0,10.223919558568038,0.18118881118881128,0.06,2.0,1.0,0.235,0.25,0.4625,300.0,1.0,0.43000000000000005
Synergistic Effect of Mg–Se Co-Doping and Post-Annealing on the Thermoelectric Performance of Polycrystalline AgSbTe2.pdf,10.1021/acsaem.6c01258,AgSbTe2,AgSb0.95Mg0.05Te1.85Se0.15 (without annealing),AgSb0.95Mg0.05Te1.85Se0.15,Mg,0.05,Sb,Se (0.15) @ Te,Mg (0.05) @ Sb site; Se (0.15) @ Te site,figure,,Visually estimated from Fig 7c,10.0,uW/cm.K2,False,12.0,52.0,40.0,49.3375,3.252500000000001,52.0,65.0,90.0,25.0,82.25,8.981250000000001,90.0,24.305,127.6,103.29499999999999,118.1648625,10.4351925,127.6,494.0,1234.93,740.9300000000001,887.6729999999999,182.16250000000002,722.66,2.0,16.0,14.0,14.3375,1.9771874999999999,16.0,3.0,5.0,2.0,4.9375,0.11875,5.0,120.0,145.0,25.0,139.35,2.8662499999999973,138.0,1.31,2.55,1.2399999999999998,2.052625,0.0811250000000001,2.1,1.0,2.0,1.0,1.75,0.375,2.0,0.0,4.0,4.0,2.7125,1.4240625000000002,4.0,0.0,10.0,10.0,9.875,0.246875,10.0,0.0,0.0,0.0,0.0,0.0,0.0,2.0,16.0,14.0,14.3375,1.9771874999999999,16.0,0.0,1.0,1.0,0.25,0.375,0.0,0.0,3.0,3.0,1.7125,0.8990625,2.0,0.0,0.0,0.0,0.0,0.0,0.0,0.0,0.0,0.0,0.0,0.0,0.0,0.0,3.0,3.0,1.9625,0.5303125000000001,2.0,16.33,34.7633333333,18.4333333333,28.914166666651248,6.66724999999075,34.7633333333,0.0,0.799,0.799,0.24456250000000002,0.2445625,0.464,0.0,0.0,0.0,0.0,0.0,0.0,14.0,225.0,211.0,168.92499999999998,28.664374999999993,152.0,1.75,2.7125,9.875,0.0,0.12205754141238012,0.18918918918918917,0.6887532693984306,0.0,10.164778205710808,0.17915962441314565,0.05,2.0,1.0,0.25,0.2375,0.4625,300.0,1.0,0.040000000000000036
Synergistic Effect of Mg–Se Co-Doping and Post-Annealing on the Thermoelectric Performance of Polycrystalline AgSbTe2.pdf,10.1021/acsaem.6c01258,AgSbTe2,AgSb0.95Mg0.05Te1.85Se0.15 (without annealing),AgSb0.95Mg0.05Te1.85Se0.15,Mg,0.05,Sb,Se (0.15) @ Te,Mg (0.05) @ Sb site; Se (0.15) @ Te site,figure,,Visually estimated from Fig 7c,14.0,uW/cm.K2,False,12.0,52.0,40.0,49.3375,3.252500000000001,52.0,65.0,90.0,25.0,82.25,8.981250000000001,90.0,24.305,127.6,103.29499999999999,118.1648625,10.4351925,127.6,494.0,1234.93,740.9300000000001,887.6729999999999,182.16250000000002,722.66,2.0,16.0,14.0,14.3375,1.9771874999999999,16.0,3.0,5.0,2.0,4.9375,0.11875,5.0,120.0,145.0,25.0,139.35,2.8662499999999973,138.0,1.31,2.55,1.2399999999999998,2.052625,0.0811250000000001,2.1,1.0,2.0,1.0,1.75,0.375,2.0,0.0,4.0,4.0,2.7125,1.4240625000000002,4.0,0.0,10.0,10.0,9.875,0.246875,10.0,0.0,0.0,0.0,0.0,0.0,0.0,2.0,16.0,14.0,14.3375,1.9771874999999999,16.0,0.0,1.0,1.0,0.25,0.375,0.0,0.0,3.0,3.0,1.7125,0.8990625,2.0,0.0,0.0,0.0,0.0,0.0,0.0,0.0,0.0,0.0,0.0,0.0,0.0,0.0,3.0,3.0,1.9625,0.5303125000000001,2.0,16.33,34.7633333333,18.4333333333,28.914166666651248,6.66724999999075,34.7633333333,0.0,0.799,0.799,0.24456250000000002,0.2445625,0.464,0.0,0.0,0.0,0.0,0.0,0.0,14.0,225.0,211.0,168.92499999999998,28.664374999999993,152.0,1.75,2.7125,9.875,0.0,0.12205754141238012,0.18918918918918917,0.6887532693984306,0.0,10.164778205710808,0.17915962441314565,0.05,2.0,1.0,0.25,0.2375,0.4625,560.0,1.0,0.040000000000000036
Synergistic Effect of Mg–Se Co-Doping and Post-Annealing on the Thermoelectric Performance of Polycrystalline AgSbTe2.pdf,10.1021/acsaem.6c01258,AgSbTe2,AgSb0.95Mg0.05Te1.85Se0.15 (annealed),AgSb0.95Mg0.05Te1.85Se0.15,Mg,0.05,Sb,Se (0.15) @ Te,Mg (0.05) @ Sb site; Se (0.15) @ Te site,figure,,Visually estimated from Fig 7c,12.0,uW/cm.K2,False,12.0,52.0,40.0,49.3375,3.252500000000001,52.0,65.0,90.0,25.0,82.25,8.981250000000001,90.0,24.305,127.6,103.29499999999999,118.1648625,10.4351925,127.6,494.0,1234.93,740.9300000000001,887.6729999999999,182.16250000000002,722.66,2.0,16.0,14.0,14.3375,1.9771874999999999,16.0,3.0,5.0,2.0,4.9375,0.11875,5.0,120.0,145.0,25.0,139.35,2.8662499999999973,138.0,1.31,2.55,1.2399999999999998,2.052625,0.0811250000000001,2.1,1.0,2.0,1.0,1.75,0.375,2.0,0.0,4.0,4.0,2.7125,1.4240625000000002,4.0,0.0,10.0,10.0,9.875,0.246875,10.0,0.0,0.0,0.0,0.0,0.0,0.0,2.0,16.0,14.0,14.3375,1.9771874999999999,16.0,0.0,1.0,1.0,0.25,0.375,0.0,0.0,3.0,3.0,1.7125,0.8990625,2.0,0.0,0.0,0.0,0.0,0.0,0.0,0.0,0.0,0.0,0.0,0.0,0.0,0.0,3.0,3.0,1.9625,0.5303125000000001,2.0,16.33,34.7633333333,18.4333333333,28.914166666651248,6.66724999999075,34.7633333333,0.0,0.799,0.799,0.24456250000000002,0.2445625,0.464,0.0,0.0,0.0,0.0,0.0,0.0,14.0,225.0,211.0,168.92499999999998,28.664374999999993,152.0,1.75,2.7125,9.875,0.0,0.12205754141238012,0.18918918918918917,0.6887532693984306,0.0,10.164778205710808,0.17915962441314565,0.05,2.0,1.0,0.25,0.2375,0.4625,300.0,1.0,0.040000000000000036
Synergistic Effect of Mg–Se Co-Doping and Post-Annealing on the Thermoelectric Performance of Polycrystalline AgSbTe2.pdf,10.1021/acsaem.6c01258,AgSbTe2,AgSb0.95Mg0.05Te1.85Se0.15 (annealed),AgSb0.95Mg0.05Te1.85Se0.15,Mg,0.05,Sb,Se (0.15) @ Te,Mg (0.05) @ Sb site; Se (0.15) @ Te site,figure,,Visually estimated from Fig 7c,18.999999999999996,uW/cm.K2,False,12.0,52.0,40.0,49.3375,3.252500000000001,52.0,65.0,90.0,25.0,82.25,8.981250000000001,90.0,24.305,127.6,103.29499999999999,118.1648625,10.4351925,127.6,494.0,1234.93,740.9300000000001,887.6729999999999,182.16250000000002,722.66,2.0,16.0,14.0,14.3375,1.9771874999999999,16.0,3.0,5.0,2.0,4.9375,0.11875,5.0,120.0,145.0,25.0,139.35,2.8662499999999973,138.0,1.31,2.55,1.2399999999999998,2.052625,0.0811250000000001,2.1,1.0,2.0,1.0,1.75,0.375,2.0,0.0,4.0,4.0,2.7125,1.4240625000000002,4.0,0.0,10.0,10.0,9.875,0.246875,10.0,0.0,0.0,0.0,0.0,0.0,0.0,2.0,16.0,14.0,14.3375,1.9771874999999999,16.0,0.0,1.0,1.0,0.25,0.375,0.0,0.0,3.0,3.0,1.7125,0.8990625,2.0,0.0,0.0,0.0,0.0,0.0,0.0,0.0,0.0,0.0,0.0,0.0,0.0,0.0,3.0,3.0,1.9625,0.5303125000000001,2.0,16.33,34.7633333333,18.4333333333,28.914166666651248,6.66724999999075,34.7633333333,0.0,0.799,0.799,0.24456250000000002,0.2445625,0.464,0.0,0.0,0.0,0.0,0.0,0.0,14.0,225.0,211.0,168.92499999999998,28.664374999999993,152.0,1.75,2.7125,9.875,0.0,0.12205754141238012,0.18918918918918917,0.6887532693984306,0.0,10.164778205710808,0.17915962441314565,0.05,2.0,1.0,0.25,0.2375,0.4625,610.0,1.0,0.040000000000000036
Synergistic Optimization of Thermoelectric Performance in AgSbTe2 via Ag Vacancy and In Doping.pdf,10.1021/acsaem.6c00054,AgSbTe2,Ag0.97SbTe2,Ag0.97SbTe2,Ag vacancy,x = 0.03,Ag,,Ag vacancy (x = 0.03) @ Ag site,text,Section 3.2,,9.9,uW/cm.K2,False,47.0,52.0,5.0,50.52644836272041,1.7232518447550556,52.0,65.0,90.0,25.0,82.63224181360202,8.61625922377529,90.0,107.8682,127.6,19.731799999999993,121.30784735516373,6.567485105546001,127.6,722.66,1234.93,512.2700000000001,893.4463727959699,172.07694992037258,722.66,11.0,16.0,5.0,14.526448362720405,1.7232518447550573,16.0,5.0,5.0,0.0,5.000000000000001,8.881784197001252e-16,5.0,138.0,145.0,7.0,139.96221662468514,2.4617883496500848,138.0,1.93,2.1,0.17000000000000015,2.045869017632242,0.05662113204195182,2.1,1.0,2.0,1.0,1.7556675062972293,0.3692682524475125,2.0,0.0,4.0,4.0,2.770780856423174,1.353983592307546,4.0,10.0,10.0,0.0,10.000000000000002,1.7763568394002505e-15,10.0,0.0,0.0,0.0,0.0,0.0,0.0,11.0,16.0,5.0,14.526448362720405,1.7232518447550573,16.0,0.0,1.0,1.0,0.2443324937027708,0.36926825244751255,0.0,0.0,3.0,3.0,1.7632241813602016,0.8616259223775291,2.0,0.0,0.0,0.0,0.0,0.0,0.0,0.0,0.0,0.0,0.0,0.0,0.0,1.0,3.0,2.0,2.0075566750629723,0.4999714483309963,2.0,16.33,34.7633333333,18.4333333333,29.452586062115866,6.412548352771987,34.7633333333,0.0,0.464,0.464,0.2337531486146096,0.23198675202558233,0.464,0.0,0.0,0.0,0.0,0.0,0.0,152.0,225.0,73.0,173.36272040302268,25.23333058391336,152.0,1.7556675062972293,2.770780856423174,10.000000000000002,0.0,0.12086006589214496,0.19074041962892316,0.6883995144789319,0.0,8.622228559051791,0.11124236252545838,0.03,1.0,0.0,0.2443324937027708,0.2518891687657431,0.5037783375314862,573.0,,
Synergistic Optimization of Thermoelectric Performance in AgSbTe2 via Ag Vacancy and In Doping.pdf,10.1021/acsaem.6c00054,AgSbTe2,Ag0.97Sb0.96In0.04Te2,Ag0.97Sb0.96In0.04Te2,Ag vacancy,x = 0.03,Ag,In (y = 0.04) @ Sb,Ag vacancy (x = 0.03) @ Ag site; In (y = 0.04) @ Sb site,text,Section 3.4,,11.4,uW/cm.K2,False,47.0,52.0,5.0,50.50629722921914,1.7437582879150306,52.0,65.0,90.0,25.0,82.53148614609572,8.718791439575153,90.0,107.8682,127.6,19.731799999999993,121.23790277078085,6.662673953898573,127.6,429.75,1234.93,805.1800000000001,888.670251889169,176.5125006820677,722.66,11.0,16.0,5.0,14.506297229219145,1.7437582879150297,16.0,5.0,5.0,0.0,5.0,0.0,5.0,138.0,145.0,7.0,139.99244332493703,2.487472162122722,138.0,1.78,2.1,0.32000000000000006,2.043148614609572,0.0605945091968097,2.1,1.0,2.0,1.0,1.7556675062972293,0.3692682524475125,2.0,0.0,4.0,4.0,2.7506297229219143,1.379413612166818,4.0,10.0,10.0,0.0,10.0,0.0,10.0,0.0,0.0,0.0,0.0,0.0,0.0,11.0,16.0,5.0,14.506297229219145,1.7437582879150297,16.0,0.0,1.0,1.0,0.2443324937027708,0.36926825244751255,0.0,0.0,5.0,5.0,1.783375314861461,0.8714730757761294,2.0,0.0,0.0,0.0,0.0,0.0,0.0,0.0,0.0,0.0,0.0,0.0,0.0,1.0,5.0,4.0,2.027707808564232,0.5301220107988758,2.0,16.33,34.7633333333,18.4333333333,29.37903442483627,6.479760588959514,34.7633333333,0.0,0.464,0.464,0.2337531486146096,0.23198675202558233,0.464,0.0,0.0,0.0,0.0,0.0,0.0,139.0,225.0,86.0,173.0906801007557,25.366267154794475,152.0,1.7556675062972293,2.7506297229219143,10.0,0.0,0.12102795624240319,0.1896162528216704,0.6893557909359264,0.0,8.973957863396286,0.11707460997494154,0.03,2.0,1.0,0.2443324937027708,0.24181360201511334,0.5037783375314862,573.0,,
Synthesis and thermoelectric properties of Mn-doped AgSbTe2 compounds.pdf,10.1088/1674-1056/21/10/106101,Ag0.9Sb1-xMnxTe2.05,x=0.10,Ag0.9Sb1.0Mn0.10Te2.05,Mn,x=0.10,Sb,,Mn (x=0.10) @ Sb site,body text,"page 5, section 3.2",,13.7,uW/cm.K2,False,25.0,52.0,27.0,49.97530864197531,2.555707971345831,52.0,52.0,90.0,38.0,82.2716049382716,9.171162932479813,90.0,54.938045,127.6,72.66195499999999,119.97905790123457,8.59450538332571,127.6,722.66,1519.0,796.34,900.8814814814815,180.4217466849566,722.66,7.0,16.0,9.0,14.419753086419751,1.8862978204542,16.0,4.0,5.0,1.0,4.9753086419753085,0.04816338972717585,5.0,138.0,145.0,7.0,139.82716049382717,2.2990397805212646,138.0,1.55,2.1,0.55,2.0362962962962965,0.07125743026977586,2.1,1.0,2.0,1.0,1.7777777777777777,0.3456790123456791,2.0,0.0,4.0,4.0,2.765432098765432,1.3656454808718184,4.0,5.0,10.0,5.0,9.876543209876544,0.24081694863587755,10.0,0.0,0.0,0.0,0.0,0.0,0.0,7.0,16.0,9.0,14.419753086419751,1.8862978204542,16.0,0.0,1.0,1.0,0.22222222222222224,0.34567901234567905,0.0,0.0,3.0,3.0,1.7530864197530864,0.8657216887669563,2.0,0.0,5.0,5.0,0.1234567901234568,0.2408169486358787,0.0,0.0,0.0,0.0,0.0,0.0,0.0,1.0,5.0,4.0,2.0987654320987654,0.5883249504648682,2.0,10.4875862069,34.7633333333,24.2757471264,29.27668937134691,6.6819411114355125,34.7633333333,0.0,0.464,0.464,0.23486419753086418,0.231964639536656,0.464,0.0,0.000310120689655,0.000310120689655,7.657300979135803e-06,1.4936463638314284e-05,0.0,152.0,225.0,73.0,173.28395061728395,25.143728090230145,152.0,1.7777777777777777,2.765432098765432,9.876543209876544,0.0,0.12328767123287672,0.19178082191780824,0.6849315068493153,0.0,9.275891164927625,0.13894026974951845,0.1,1.0,0.0,0.22222222222222224,0.2469135802469136,0.5061728395061729,473.0,1.0,0.06999999999999995
Synthesis and thermoelectric properties of Mn-doped AgSbTe2 compounds.pdf,10.1088/1674-1056/21/10/106101,Ag0.9Sb1-xMnxTe2.05,Ag0.9Sb1.1-xMnxTe2.05 (x=0.05),Ag0.9Sb1.05Mn0.05Te2.05,Mn,x=0.05,Sb,,Mn (x=0.05) @ Sb site,figure,Fig. 4c,Visually estimated from Fig. 4c,7.0,uW/cm.K2,False,25.0,52.0,27.0,50.2962962962963,2.0896204846822126,52.0,52.0,90.0,38.0,82.67901234567901,8.61484529797287,90.0,54.938045,127.6,72.66195499999999,120.80402030864198,7.3755738484987,127.6,722.66,1519.0,796.34,893.286172839506,172.73266880048774,722.66,7.0,16.0,9.0,14.518518518518519,1.749428440786465,16.0,4.0,5.0,1.0,4.987654320987654,0.024386526444139668,5.0,138.0,145.0,7.0,139.82716049382717,2.2990397805212646,138.0,1.55,2.1,0.55,2.0424691358024694,0.06214601432708417,2.1,1.0,2.0,1.0,1.7777777777777777,0.34567901234567905,2.0,0.0,4.0,4.0,2.802469135802469,1.3147386069196767,4.0,5.0,10.0,5.0,9.938271604938272,0.12193263222069747,10.0,0.0,0.0,0.0,0.0,0.0,0.0,7.0,16.0,9.0,14.518518518518519,1.749428440786465,16.0,0.0,1.0,1.0,0.22222222222222224,0.34567901234567905,0.0,0.0,3.0,3.0,1.7901234567901236,0.8398110044200578,2.0,0.0,5.0,5.0,0.0617283950617284,0.12193263222069806,0.0,0.0,0.0,0.0,0.0,0.0,0.0,1.0,5.0,4.0,2.0740740740740744,0.5523548239597623,2.0,10.4875862069,34.7633333333,24.2757471264,29.536842628051847,6.340059845088525,34.7633333333,0.0,0.464,0.464,0.23486419753086418,0.231964639536656,0.464,0.0,0.000310120689655,0.000310120689655,3.8286504895679014e-06,7.562766399146472e-06,0.0,152.0,225.0,73.0,172.65432098765433,24.359701265051065,152.0,1.7777777777777777,2.802469135802469,9.938271604938272,0.0,0.12244897959183672,0.19302721088435373,0.6845238095238095,0.0,9.005513939282014,0.12336412250850769,0.05,1.0,0.0,0.22222222222222224,0.2592592592592593,0.5061728395061729,325.0,1.0,0.06999999999999995
Synthesis and thermoelectric properties of Mn-doped AgSbTe2 compounds.pdf,10.1088/1674-1056/21/10/106101,Ag0.9Sb1-xMnxTe2.05,Ag0.9Sb1.1-xMnxTe2.05 (x=0.05),Ag0.9Sb1.05Mn0.05Te2.05,Mn,x=0.05,Sb,,Mn (x=0.05) @ Sb site,figure,Fig. 4c,Visually estimated from Fig. 4c,8.000000000000002,uW/cm.K2,False,25.0,52.0,27.0,50.2962962962963,2.0896204846822126,52.0,52.0,90.0,38.0,82.67901234567901,8.61484529797287,90.0,54.938045,127.6,72.66195499999999,120.80402030864198,7.3755738484987,127.6,722.66,1519.0,796.34,893.286172839506,172.73266880048774,722.66,7.0,16.0,9.0,14.518518518518519,1.749428440786465,16.0,4.0,5.0,1.0,4.987654320987654,0.024386526444139668,5.0,138.0,145.0,7.0,139.82716049382717,2.2990397805212646,138.0,1.55,2.1,0.55,2.0424691358024694,0.06214601432708417,2.1,1.0,2.0,1.0,1.7777777777777777,0.34567901234567905,2.0,0.0,4.0,4.0,2.802469135802469,1.3147386069196767,4.0,5.0,10.0,5.0,9.938271604938272,0.12193263222069747,10.0,0.0,0.0,0.0,0.0,0.0,0.0,7.0,16.0,9.0,14.518518518518519,1.749428440786465,16.0,0.0,1.0,1.0,0.22222222222222224,0.34567901234567905,0.0,0.0,3.0,3.0,1.7901234567901236,0.8398110044200578,2.0,0.0,5.0,5.0,0.0617283950617284,0.12193263222069806,0.0,0.0,0.0,0.0,0.0,0.0,0.0,1.0,5.0,4.0,2.0740740740740744,0.5523548239597623,2.0,10.4875862069,34.7633333333,24.2757471264,29.536842628051847,6.340059845088525,34.7633333333,0.0,0.464,0.464,0.23486419753086418,0.231964639536656,0.464,0.0,0.000310120689655,0.000310120689655,3.8286504895679014e-06,7.562766399146472e-06,0.0,152.0,225.0,73.0,172.65432098765433,24.359701265051065,152.0,1.7777777777777777,2.802469135802469,9.938271604938272,0.0,0.12244897959183672,0.19302721088435373,0.6845238095238095,0.0,9.005513939282014,0.12336412250850769,0.05,1.0,0.0,0.22222222222222224,0.2592592592592593,0.5061728395061729,475.0,1.0,0.06999999999999995
Synthesis and thermoelectric properties of Mn-doped AgSbTe2 compounds.pdf,10.1088/1674-1056/21/10/106101,Ag0.9Sb1-xMnxTe2.05,Ag0.9Sb1.1-xMnxTe2.05 (x=0.05),Ag0.9Sb1.05Mn0.05Te2.05,Mn,x=0.05,Sb,,Mn (x=0.05) @ Sb site,figure,Fig. 4c,Visually estimated from Fig. 4c,9.0,uW/cm.K2,False,25.0,52.0,27.0,50.2962962962963,2.0896204846822126,52.0,52.0,90.0,38.0,82.67901234567901,8.61484529797287,90.0,54.938045,127.6,72.66195499999999,120.80402030864198,7.3755738484987,127.6,722.66,1519.0,796.34,893.286172839506,172.73266880048774,722.66,7.0,16.0,9.0,14.518518518518519,1.749428440786465,16.0,4.0,5.0,1.0,4.987654320987654,0.024386526444139668,5.0,138.0,145.0,7.0,139.82716049382717,2.2990397805212646,138.0,1.55,2.1,0.55,2.0424691358024694,0.06214601432708417,2.1,1.0,2.0,1.0,1.7777777777777777,0.34567901234567905,2.0,0.0,4.0,4.0,2.802469135802469,1.3147386069196767,4.0,5.0,10.0,5.0,9.938271604938272,0.12193263222069747,10.0,0.0,0.0,0.0,0.0,0.0,0.0,7.0,16.0,9.0,14.518518518518519,1.749428440786465,16.0,0.0,1.0,1.0,0.22222222222222224,0.34567901234567905,0.0,0.0,3.0,3.0,1.7901234567901236,0.8398110044200578,2.0,0.0,5.0,5.0,0.0617283950617284,0.12193263222069806,0.0,0.0,0.0,0.0,0.0,0.0,0.0,1.0,5.0,4.0,2.0740740740740744,0.5523548239597623,2.0,10.4875862069,34.7633333333,24.2757471264,29.536842628051847,6.340059845088525,34.7633333333,0.0,0.464,0.464,0.23486419753086418,0.231964639536656,0.464,0.0,0.000310120689655,0.000310120689655,3.8286504895679014e-06,7.562766399146472e-06,0.0,152.0,225.0,73.0,172.65432098765433,24.359701265051065,152.0,1.7777777777777777,2.802469135802469,9.938271604938272,0.0,0.12244897959183672,0.19302721088435373,0.6845238095238095,0.0,9.005513939282014,0.12336412250850769,0.05,1.0,0.0,0.22222222222222224,0.2592592592592593,0.5061728395061729,575.0,1.0,0.06999999999999995
Synthesis and thermoelectric properties of Mn-doped AgSbTe2 compounds.pdf,10.1088/1674-1056/21/10/106101,Ag0.9Sb1-xMnxTe2.05,Ag0.9Sb1.1-xMnxTe2.05 (x=0.10),Ag0.9Sb1.0Mn0.1Te2.05,Mn,x=0.10,Sb,,Mn (x=0.10) @ Sb site,figure,Fig. 4c,Visually estimated from Fig. 4c,11.5,uW/cm.K2,False,25.0,52.0,27.0,49.97530864197531,2.555707971345831,52.0,52.0,90.0,38.0,82.2716049382716,9.171162932479813,90.0,54.938045,127.6,72.66195499999999,119.97905790123457,8.59450538332571,127.6,722.66,1519.0,796.34,900.8814814814815,180.4217466849566,722.66,7.0,16.0,9.0,14.419753086419751,1.8862978204542,16.0,4.0,5.0,1.0,4.9753086419753085,0.04816338972717585,5.0,138.0,145.0,7.0,139.82716049382717,2.2990397805212646,138.0,1.55,2.1,0.55,2.0362962962962965,0.07125743026977586,2.1,1.0,2.0,1.0,1.7777777777777777,0.3456790123456791,2.0,0.0,4.0,4.0,2.765432098765432,1.3656454808718184,4.0,5.0,10.0,5.0,9.876543209876544,0.24081694863587755,10.0,0.0,0.0,0.0,0.0,0.0,0.0,7.0,16.0,9.0,14.419753086419751,1.8862978204542,16.0,0.0,1.0,1.0,0.22222222222222224,0.34567901234567905,0.0,0.0,3.0,3.0,1.7530864197530864,0.8657216887669563,2.0,0.0,5.0,5.0,0.1234567901234568,0.2408169486358787,0.0,0.0,0.0,0.0,0.0,0.0,0.0,1.0,5.0,4.0,2.0987654320987654,0.5883249504648682,2.0,10.4875862069,34.7633333333,24.2757471264,29.27668937134691,6.6819411114355125,34.7633333333,0.0,0.464,0.464,0.23486419753086418,0.231964639536656,0.464,0.0,0.000310120689655,0.000310120689655,7.657300979135803e-06,1.4936463638314284e-05,0.0,152.0,225.0,73.0,173.28395061728395,25.143728090230145,152.0,1.7777777777777777,2.765432098765432,9.876543209876544,0.0,0.12328767123287672,0.19178082191780824,0.6849315068493153,0.0,9.275891164927625,0.13894026974951845,0.1,1.0,0.0,0.22222222222222224,0.2469135802469136,0.5061728395061729,325.0,1.0,0.06999999999999995
Synthesis and thermoelectric properties of Mn-doped AgSbTe2 compounds.pdf,10.1088/1674-1056/21/10/106101,Ag0.9Sb1-xMnxTe2.05,Ag0.9Sb1.1-xMnxTe2.05 (x=0.10),Ag0.9Sb1.0Mn0.1Te2.05,Mn,x=0.10,Sb,,Mn (x=0.10) @ Sb site,figure,Fig. 4c,Visually estimated from Fig. 4c,13.500000000000002,uW/cm.K2,False,25.0,52.0,27.0,49.97530864197531,2.555707971345831,52.0,52.0,90.0,38.0,82.2716049382716,9.171162932479813,90.0,54.938045,127.6,72.66195499999999,119.97905790123457,8.59450538332571,127.6,722.66,1519.0,796.34,900.8814814814815,180.4217466849566,722.66,7.0,16.0,9.0,14.419753086419751,1.8862978204542,16.0,4.0,5.0,1.0,4.9753086419753085,0.04816338972717585,5.0,138.0,145.0,7.0,139.82716049382717,2.2990397805212646,138.0,1.55,2.1,0.55,2.0362962962962965,0.07125743026977586,2.1,1.0,2.0,1.0,1.7777777777777777,0.3456790123456791,2.0,0.0,4.0,4.0,2.765432098765432,1.3656454808718184,4.0,5.0,10.0,5.0,9.876543209876544,0.24081694863587755,10.0,0.0,0.0,0.0,0.0,0.0,0.0,7.0,16.0,9.0,14.419753086419751,1.8862978204542,16.0,0.0,1.0,1.0,0.22222222222222224,0.34567901234567905,0.0,0.0,3.0,3.0,1.7530864197530864,0.8657216887669563,2.0,0.0,5.0,5.0,0.1234567901234568,0.2408169486358787,0.0,0.0,0.0,0.0,0.0,0.0,0.0,1.0,5.0,4.0,2.0987654320987654,0.5883249504648682,2.0,10.4875862069,34.7633333333,24.2757471264,29.27668937134691,6.6819411114355125,34.7633333333,0.0,0.464,0.464,0.23486419753086418,0.231964639536656,0.464,0.0,0.000310120689655,0.000310120689655,7.657300979135803e-06,1.4936463638314284e-05,0.0,152.0,225.0,73.0,173.28395061728395,25.143728090230145,152.0,1.7777777777777777,2.765432098765432,9.876543209876544,0.0,0.12328767123287672,0.19178082191780824,0.6849315068493153,0.0,9.275891164927625,0.13894026974951845,0.1,1.0,0.0,0.22222222222222224,0.2469135802469136,0.5061728395061729,475.0,1.0,0.06999999999999995
Synthesis and thermoelectric properties of Mn-doped AgSbTe2 compounds.pdf,10.1088/1674-1056/21/10/106101,Ag0.9Sb1-xMnxTe2.05,Ag0.9Sb1.1-xMnxTe2.05 (x=0.10),Ag0.9Sb1.0Mn0.1Te2.05,Mn,x=0.10,Sb,,Mn (x=0.10) @ Sb site,figure,Fig. 4c,Visually estimated from Fig. 4c,11.5,uW/cm.K2,False,25.0,52.0,27.0,49.97530864197531,2.555707971345831,52.0,52.0,90.0,38.0,82.2716049382716,9.171162932479813,90.0,54.938045,127.6,72.66195499999999,119.97905790123457,8.59450538332571,127.6,722.66,1519.0,796.34,900.8814814814815,180.4217466849566,722.66,7.0,16.0,9.0,14.419753086419751,1.8862978204542,16.0,4.0,5.0,1.0,4.9753086419753085,0.04816338972717585,5.0,138.0,145.0,7.0,139.82716049382717,2.2990397805212646,138.0,1.55,2.1,0.55,2.0362962962962965,0.07125743026977586,2.1,1.0,2.0,1.0,1.7777777777777777,0.3456790123456791,2.0,0.0,4.0,4.0,2.765432098765432,1.3656454808718184,4.0,5.0,10.0,5.0,9.876543209876544,0.24081694863587755,10.0,0.0,0.0,0.0,0.0,0.0,0.0,7.0,16.0,9.0,14.419753086419751,1.8862978204542,16.0,0.0,1.0,1.0,0.22222222222222224,0.34567901234567905,0.0,0.0,3.0,3.0,1.7530864197530864,0.8657216887669563,2.0,0.0,5.0,5.0,0.1234567901234568,0.2408169486358787,0.0,0.0,0.0,0.0,0.0,0.0,0.0,1.0,5.0,4.0,2.0987654320987654,0.5883249504648682,2.0,10.4875862069,34.7633333333,24.2757471264,29.27668937134691,6.6819411114355125,34.7633333333,0.0,0.464,0.464,0.23486419753086418,0.231964639536656,0.464,0.0,0.000310120689655,0.000310120689655,7.657300979135803e-06,1.4936463638314284e-05,0.0,152.0,225.0,73.0,173.28395061728395,25.143728090230145,152.0,1.7777777777777777,2.765432098765432,9.876543209876544,0.0,0.12328767123287672,0.19178082191780824,0.6849315068493153,0.0,9.275891164927625,0.13894026974951845,0.1,1.0,0.0,0.22222222222222224,0.2469135802469136,0.5061728395061729,575.0,1.0,0.06999999999999995
Synthesis and thermoelectric properties of Mn-doped AgSbTe2 compounds.pdf,10.1088/1674-1056/21/10/106101,Ag0.9Sb1-xMnxTe2.05,Ag0.9Sb1.1-xMnxTe2.05 (x=0.20),Ag0.9Sb0.9Mn0.2Te2.05,Mn,x=0.20,Sb,,Mn (x=0.20) @ Sb site,figure,Fig. 4c,Visually estimated from Fig. 4c,7.0,uW/cm.K2,False,25.0,52.0,27.0,49.333333333333336,3.4403292181069953,52.0,52.0,90.0,38.0,81.45679012345678,10.223441548544432,90.0,54.938045,127.6,72.66195499999999,118.32913308641976,10.91015180003048,127.6,722.66,1519.0,796.34,916.0720987654321,201.26305746075295,722.66,7.0,16.0,9.0,14.222222222222221,2.1454046639231827,16.0,4.0,5.0,1.0,4.950617283950618,0.09388812680993691,5.0,138.0,145.0,7.0,139.82716049382717,2.2990397805212646,138.0,1.55,2.1,0.55,2.0239506172839503,0.08856576741350419,2.1,1.0,2.0,1.0,1.7777777777777777,0.3456790123456791,2.0,0.0,4.0,4.0,2.691358024691358,1.4619722603261698,4.0,5.0,10.0,5.0,9.753086419753087,0.469440634049687,10.0,0.0,0.0,0.0,0.0,0.0,0.0,7.0,16.0,9.0,14.222222222222221,2.1454046639231827,16.0,0.0,1.0,1.0,0.22222222222222224,0.34567901234567905,0.0,0.0,3.0,3.0,1.6790123456790125,0.9120560890108215,2.0,0.0,5.0,5.0,0.2469135802469136,0.46944063404968756,0.0,0.0,0.0,0.0,0.0,0.0,0.0,1.0,5.0,4.0,2.148148148148148,0.66026520347508,2.0,10.4875862069,34.7633333333,24.2757471264,28.756382857937034,7.327162420913946,34.7633333333,0.0,0.464,0.464,0.23486419753086418,0.231964639536656,0.464,0.0,0.000310120689655,0.000310120689655,1.5314601958271606e-05,2.911665063671392e-05,0.0,152.0,225.0,73.0,174.5432098765432,26.61850327693948,152.0,1.7777777777777777,2.691358024691358,9.753086419753087,0.0,0.125,0.18923611111111113,0.685763888888889,0.0,9.658671650286621,0.1683111954459204,0.2,1.0,0.0,0.22222222222222224,0.22222222222222224,0.5061728395061729,325.0,1.0,0.06999999999999995
Synthesis and thermoelectric properties of Mn-doped AgSbTe2 compounds.pdf,10.1088/1674-1056/21/10/106101,Ag0.9Sb1-xMnxTe2.05,Ag0.9Sb1.1-xMnxTe2.05 (x=0.20),Ag0.9Sb0.9Mn0.2Te2.05,Mn,x=0.20,Sb,,Mn (x=0.20) @ Sb site,figure,Fig. 4c,Visually estimated from Fig. 4c,8.000000000000002,uW/cm.K2,False,25.0,52.0,27.0,49.333333333333336,3.4403292181069953,52.0,52.0,90.0,38.0,81.45679012345678,10.223441548544432,90.0,54.938045,127.6,72.66195499999999,118.32913308641976,10.91015180003048,127.6,722.66,1519.0,796.34,916.0720987654321,201.26305746075295,722.66,7.0,16.0,9.0,14.222222222222221,2.1454046639231827,16.0,4.0,5.0,1.0,4.950617283950618,0.09388812680993691,5.0,138.0,145.0,7.0,139.82716049382717,2.2990397805212646,138.0,1.55,2.1,0.55,2.0239506172839503,0.08856576741350419,2.1,1.0,2.0,1.0,1.7777777777777777,0.3456790123456791,2.0,0.0,4.0,4.0,2.691358024691358,1.4619722603261698,4.0,5.0,10.0,5.0,9.753086419753087,0.469440634049687,10.0,0.0,0.0,0.0,0.0,0.0,0.0,7.0,16.0,9.0,14.222222222222221,2.1454046639231827,16.0,0.0,1.0,1.0,0.22222222222222224,0.34567901234567905,0.0,0.0,3.0,3.0,1.6790123456790125,0.9120560890108215,2.0,0.0,5.0,5.0,0.2469135802469136,0.46944063404968756,0.0,0.0,0.0,0.0,0.0,0.0,0.0,1.0,5.0,4.0,2.148148148148148,0.66026520347508,2.0,10.4875862069,34.7633333333,24.2757471264,28.756382857937034,7.327162420913946,34.7633333333,0.0,0.464,0.464,0.23486419753086418,0.231964639536656,0.464,0.0,0.000310120689655,0.000310120689655,1.5314601958271606e-05,2.911665063671392e-05,0.0,152.0,225.0,73.0,174.5432098765432,26.61850327693948,152.0,1.7777777777777777,2.691358024691358,9.753086419753087,0.0,0.125,0.18923611111111113,0.685763888888889,0.0,9.658671650286621,0.1683111954459204,0.2,1.0,0.0,0.22222222222222224,0.22222222222222224,0.5061728395061729,475.0,1.0,0.06999999999999995
Synthesis and thermoelectric properties of Mn-doped AgSbTe2 compounds.pdf,10.1088/1674-1056/21/10/106101,Ag0.9Sb1-xMnxTe2.05,Ag0.9Sb1.1-xMnxTe2.05 (x=0.20),Ag0.9Sb0.9Mn0.2Te2.05,Mn,x=0.20,Sb,,Mn (x=0.20) @ Sb site,figure,Fig. 4c,Visually estimated from Fig. 4c,8.000000000000002,uW/cm.K2,False,25.0,52.0,27.0,49.333333333333336,3.4403292181069953,52.0,52.0,90.0,38.0,81.45679012345678,10.223441548544432,90.0,54.938045,127.6,72.66195499999999,118.32913308641976,10.91015180003048,127.6,722.66,1519.0,796.34,916.0720987654321,201.26305746075295,722.66,7.0,16.0,9.0,14.222222222222221,2.1454046639231827,16.0,4.0,5.0,1.0,4.950617283950618,0.09388812680993691,5.0,138.0,145.0,7.0,139.82716049382717,2.2990397805212646,138.0,1.55,2.1,0.55,2.0239506172839503,0.08856576741350419,2.1,1.0,2.0,1.0,1.7777777777777777,0.3456790123456791,2.0,0.0,4.0,4.0,2.691358024691358,1.4619722603261698,4.0,5.0,10.0,5.0,9.753086419753087,0.469440634049687,10.0,0.0,0.0,0.0,0.0,0.0,0.0,7.0,16.0,9.0,14.222222222222221,2.1454046639231827,16.0,0.0,1.0,1.0,0.22222222222222224,0.34567901234567905,0.0,0.0,3.0,3.0,1.6790123456790125,0.9120560890108215,2.0,0.0,5.0,5.0,0.2469135802469136,0.46944063404968756,0.0,0.0,0.0,0.0,0.0,0.0,0.0,1.0,5.0,4.0,2.148148148148148,0.66026520347508,2.0,10.4875862069,34.7633333333,24.2757471264,28.756382857937034,7.327162420913946,34.7633333333,0.0,0.464,0.464,0.23486419753086418,0.231964639536656,0.464,0.0,0.000310120689655,0.000310120689655,1.5314601958271606e-05,2.911665063671392e-05,0.0,152.0,225.0,73.0,174.5432098765432,26.61850327693948,152.0,1.7777777777777777,2.691358024691358,9.753086419753087,0.0,0.125,0.18923611111111113,0.685763888888889,0.0,9.658671650286621,0.1683111954459204,0.2,1.0,0.0,0.22222222222222224,0.22222222222222224,0.5061728395061729,575.0,1.0,0.06999999999999995
"Thermodynamic, Structural and Thermoelectric Properties of AgSbTe2 Thick Films Developed by Melt Spinning.pdf",10.3390/nano8070474,AgSbTe2,SAT-5,AgSbTe2,,,,,,figure,Fig. 4c,,13.000000000000002,uW/cm.K2,False,47.0,52.0,5.0,50.5,1.75,52.0,65.0,90.0,25.0,82.5,8.75,90.0,107.8682,127.6,19.731799999999993,121.20705,6.669425,127.6,722.66,1234.93,512.2700000000001,896.0074999999999,173.34750000000003,722.66,11.0,16.0,5.0,14.5,1.75,16.0,5.0,5.0,0.0,5.0,0.0,5.0,138.0,145.0,7.0,140.0,2.5,138.0,1.93,2.1,0.17000000000000015,2.045,0.05750000000000005,2.1,1.0,2.0,1.0,1.75,0.375,2.0,0.0,4.0,4.0,2.75,1.375,4.0,10.0,10.0,0.0,10.0,0.0,10.0,0.0,0.0,0.0,0.0,0.0,0.0,11.0,16.0,5.0,14.5,1.75,16.0,0.0,1.0,1.0,0.25,0.375,0.0,0.0,3.0,3.0,1.75,0.875,2.0,0.0,0.0,0.0,0.0,0.0,0.0,0.0,0.0,0.0,0.0,0.0,0.0,1.0,3.0,2.0,2.0,0.5,2.0,16.33,34.7633333333,18.4333333333,29.35416666665,6.512083333324999,34.7633333333,0.0,0.464,0.464,0.232,0.232,0.464,0.0,0.0,0.0,0.0,0.0,0.0,152.0,225.0,73.0,173.75,25.625,152.0,1.75,2.75,10.0,0.0,0.1206896551724138,0.1896551724137931,0.6896551724137931,0.0,8.644719482306641,0.11200000000000014,,0.0,0.0,0.25,0.25,0.5,500.0,,
"Thermodynamic, Structural and Thermoelectric Properties of AgSbTe2 Thick Films Developed by Melt Spinning.pdf",10.3390/nano8070474,AgSbTe2,SAT-10,AgSbTe2,,,,,,figure,Fig. 4c,,13.000000000000002,uW/cm.K2,False,47.0,52.0,5.0,50.5,1.75,52.0,65.0,90.0,25.0,82.5,8.75,90.0,107.8682,127.6,19.731799999999993,121.20705,6.669425,127.6,722.66,1234.93,512.2700000000001,896.0074999999999,173.34750000000003,722.66,11.0,16.0,5.0,14.5,1.75,16.0,5.0,5.0,0.0,5.0,0.0,5.0,138.0,145.0,7.0,140.0,2.5,138.0,1.93,2.1,0.17000000000000015,2.045,0.05750000000000005,2.1,1.0,2.0,1.0,1.75,0.375,2.0,0.0,4.0,4.0,2.75,1.375,4.0,10.0,10.0,0.0,10.0,0.0,10.0,0.0,0.0,0.0,0.0,0.0,0.0,11.0,16.0,5.0,14.5,1.75,16.0,0.0,1.0,1.0,0.25,0.375,0.0,0.0,3.0,3.0,1.75,0.875,2.0,0.0,0.0,0.0,0.0,0.0,0.0,0.0,0.0,0.0,0.0,0.0,0.0,1.0,3.0,2.0,2.0,0.5,2.0,16.33,34.7633333333,18.4333333333,29.35416666665,6.512083333324999,34.7633333333,0.0,0.464,0.464,0.232,0.232,0.464,0.0,0.0,0.0,0.0,0.0,0.0,152.0,225.0,73.0,173.75,25.625,152.0,1.75,2.75,10.0,0.0,0.1206896551724138,0.1896551724137931,0.6896551724137931,0.0,8.644719482306641,0.11200000000000014,,0.0,0.0,0.25,0.25,0.5,500.0,,
"Thermodynamic, Structural and Thermoelectric Properties of AgSbTe2 Thick Films Developed by Melt Spinning.pdf",10.3390/nano8070474,AgSbTe2,SATS-10,AgSbTe1.98Se0.02,Se,1%,Te,,Se (1%) @ Te site,text,Abstract and Section 3.2,,13.000000000000002,uW/cm.K2,False,34.0,52.0,18.0,50.41,1.8691000000000015,52.0,65.0,90.0,25.0,82.49499999999999,8.747500000000004,90.0,78.96,127.6,48.64,120.96385000000001,6.967863499999995,127.6,494.0,1234.93,740.9300000000001,894.8642,174.49080000000004,722.66,11.0,16.0,5.0,14.5,1.75,16.0,4.0,5.0,1.0,4.994999999999999,0.009950000000000774,5.0,120.0,145.0,25.0,139.91,2.544999999999998,138.0,1.93,2.55,0.6199999999999999,2.04725,0.05862500000000001,2.1,1.0,2.0,1.0,1.75,0.375,2.0,0.0,4.0,4.0,2.75,1.375,4.0,10.0,10.0,0.0,10.0,0.0,10.0,0.0,0.0,0.0,0.0,0.0,0.0,11.0,16.0,5.0,14.5,1.75,16.0,0.0,1.0,1.0,0.25,0.375,0.0,0.0,3.0,3.0,1.75,0.875,2.0,0.0,0.0,0.0,0.0,0.0,0.0,0.0,0.0,0.0,0.0,0.0,0.0,1.0,3.0,2.0,2.0,0.5,2.0,16.33,34.7633333333,18.4333333333,29.3099499999835,6.523874499991584,34.7633333333,0.0,0.799,0.799,0.23367500000000002,0.233675,0.464,0.0,0.0,0.0,0.0,0.0,0.0,14.0,225.0,211.0,173.06,25.970000000000002,152.0,1.75,2.75,10.0,0.0,0.1206896551724138,0.1896551724137931,0.6896551724137931,0.0,8.877530814278654,0.1182276371140568,0.01,1.0,0.0,0.25,0.25,0.495,500.0,0.0,0.22999999999999976
"Thermodynamic, Structural and Thermoelectric Properties of AgSbTe2 Thick Films Developed by Melt Spinning.pdf",10.3390/nano8070474,AgSbTe2,SAT-5,AgSbTe2,,,,,,figure,,Visually estimated from Fig. 4c,11.999999999999998,uW/cm.K2,False,47.0,52.0,5.0,50.5,1.75,52.0,65.0,90.0,25.0,82.5,8.75,90.0,107.8682,127.6,19.731799999999993,121.20705,6.669425,127.6,722.66,1234.93,512.2700000000001,896.0074999999999,173.34750000000003,722.66,11.0,16.0,5.0,14.5,1.75,16.0,5.0,5.0,0.0,5.0,0.0,5.0,138.0,145.0,7.0,140.0,2.5,138.0,1.93,2.1,0.17000000000000015,2.045,0.05750000000000005,2.1,1.0,2.0,1.0,1.75,0.375,2.0,0.0,4.0,4.0,2.75,1.375,4.0,10.0,10.0,0.0,10.0,0.0,10.0,0.0,0.0,0.0,0.0,0.0,0.0,11.0,16.0,5.0,14.5,1.75,16.0,0.0,1.0,1.0,0.25,0.375,0.0,0.0,3.0,3.0,1.75,0.875,2.0,0.0,0.0,0.0,0.0,0.0,0.0,0.0,0.0,0.0,0.0,0.0,0.0,1.0,3.0,2.0,2.0,0.5,2.0,16.33,34.7633333333,18.4333333333,29.35416666665,6.512083333324999,34.7633333333,0.0,0.464,0.464,0.232,0.232,0.464,0.0,0.0,0.0,0.0,0.0,0.0,152.0,225.0,73.0,173.75,25.625,152.0,1.75,2.75,10.0,0.0,0.1206896551724138,0.1896551724137931,0.6896551724137931,0.0,8.644719482306641,0.11200000000000014,,0.0,0.0,0.25,0.25,0.5,300.0,,
"Thermodynamic, Structural and Thermoelectric Properties of AgSbTe2 Thick Films Developed by Melt Spinning.pdf",10.3390/nano8070474,AgSbTe2,SAT-5,AgSbTe2,,,,,,figure,,Visually estimated from Fig. 4c,8.000000000000002,uW/cm.K2,False,47.0,52.0,5.0,50.5,1.75,52.0,65.0,90.0,25.0,82.5,8.75,90.0,107.8682,127.6,19.731799999999993,121.20705,6.669425,127.6,722.66,1234.93,512.2700000000001,896.0074999999999,173.34750000000003,722.66,11.0,16.0,5.0,14.5,1.75,16.0,5.0,5.0,0.0,5.0,0.0,5.0,138.0,145.0,7.0,140.0,2.5,138.0,1.93,2.1,0.17000000000000015,2.045,0.05750000000000005,2.1,1.0,2.0,1.0,1.75,0.375,2.0,0.0,4.0,4.0,2.75,1.375,4.0,10.0,10.0,0.0,10.0,0.0,10.0,0.0,0.0,0.0,0.0,0.0,0.0,11.0,16.0,5.0,14.5,1.75,16.0,0.0,1.0,1.0,0.25,0.375,0.0,0.0,3.0,3.0,1.75,0.875,2.0,0.0,0.0,0.0,0.0,0.0,0.0,0.0,0.0,0.0,0.0,0.0,0.0,1.0,3.0,2.0,2.0,0.5,2.0,16.33,34.7633333333,18.4333333333,29.35416666665,6.512083333324999,34.7633333333,0.0,0.464,0.464,0.232,0.232,0.464,0.0,0.0,0.0,0.0,0.0,0.0,152.0,225.0,73.0,173.75,25.625,152.0,1.75,2.75,10.0,0.0,0.1206896551724138,0.1896551724137931,0.6896551724137931,0.0,8.644719482306641,0.11200000000000014,,0.0,0.0,0.25,0.25,0.5,500.0,,
"Thermodynamic, Structural and Thermoelectric Properties of AgSbTe2 Thick Films Developed by Melt Spinning.pdf",10.3390/nano8070474,AgSbTe2,SAT-10,AgSbTe2,,,,,,figure,,Visually estimated from Fig. 4c,8.000000000000002,uW/cm.K2,False,47.0,52.0,5.0,50.5,1.75,52.0,65.0,90.0,25.0,82.5,8.75,90.0,107.8682,127.6,19.731799999999993,121.20705,6.669425,127.6,722.66,1234.93,512.2700000000001,896.0074999999999,173.34750000000003,722.66,11.0,16.0,5.0,14.5,1.75,16.0,5.0,5.0,0.0,5.0,0.0,5.0,138.0,145.0,7.0,140.0,2.5,138.0,1.93,2.1,0.17000000000000015,2.045,0.05750000000000005,2.1,1.0,2.0,1.0,1.75,0.375,2.0,0.0,4.0,4.0,2.75,1.375,4.0,10.0,10.0,0.0,10.0,0.0,10.0,0.0,0.0,0.0,0.0,0.0,0.0,11.0,16.0,5.0,14.5,1.75,16.0,0.0,1.0,1.0,0.25,0.375,0.0,0.0,3.0,3.0,1.75,0.875,2.0,0.0,0.0,0.0,0.0,0.0,0.0,0.0,0.0,0.0,0.0,0.0,0.0,1.0,3.0,2.0,2.0,0.5,2.0,16.33,34.7633333333,18.4333333333,29.35416666665,6.512083333324999,34.7633333333,0.0,0.464,0.464,0.232,0.232,0.464,0.0,0.0,0.0,0.0,0.0,0.0,152.0,225.0,73.0,173.75,25.625,152.0,1.75,2.75,10.0,0.0,0.1206896551724138,0.1896551724137931,0.6896551724137931,0.0,8.644719482306641,0.11200000000000014,,0.0,0.0,0.25,0.25,0.5,300.0,,
"Thermodynamic, Structural and Thermoelectric Properties of AgSbTe2 Thick Films Developed by Melt Spinning.pdf",10.3390/nano8070474,AgSbTe2,SAT-10,AgSbTe2,,,,,,figure,,Visually estimated from Fig. 4c,11.999999999999998,uW/cm.K2,False,47.0,52.0,5.0,50.5,1.75,52.0,65.0,90.0,25.0,82.5,8.75,90.0,107.8682,127.6,19.731799999999993,121.20705,6.669425,127.6,722.66,1234.93,512.2700000000001,896.0074999999999,173.34750000000003,722.66,11.0,16.0,5.0,14.5,1.75,16.0,5.0,5.0,0.0,5.0,0.0,5.0,138.0,145.0,7.0,140.0,2.5,138.0,1.93,2.1,0.17000000000000015,2.045,0.05750000000000005,2.1,1.0,2.0,1.0,1.75,0.375,2.0,0.0,4.0,4.0,2.75,1.375,4.0,10.0,10.0,0.0,10.0,0.0,10.0,0.0,0.0,0.0,0.0,0.0,0.0,11.0,16.0,5.0,14.5,1.75,16.0,0.0,1.0,1.0,0.25,0.375,0.0,0.0,3.0,3.0,1.75,0.875,2.0,0.0,0.0,0.0,0.0,0.0,0.0,0.0,0.0,0.0,0.0,0.0,0.0,1.0,3.0,2.0,2.0,0.5,2.0,16.33,34.7633333333,18.4333333333,29.35416666665,6.512083333324999,34.7633333333,0.0,0.464,0.464,0.232,0.232,0.464,0.0,0.0,0.0,0.0,0.0,0.0,152.0,225.0,73.0,173.75,25.625,152.0,1.75,2.75,10.0,0.0,0.1206896551724138,0.1896551724137931,0.6896551724137931,0.0,8.644719482306641,0.11200000000000014,,0.0,0.0,0.25,0.25,0.5,500.0,,
"Thermodynamic, Structural and Thermoelectric Properties of AgSbTe2 Thick Films Developed by Melt Spinning.pdf",10.3390/nano8070474,AgSbTe2,SATS-10,AgSbTe2-xSex,Se,1%,Te,,Se (1%) @ Te site,figure,,Visually estimated from Fig. 4c,11.000000000000002,uW/cm.K2,True,34.0,52.0,18.0,50.41,1.8691000000000015,52.0,65.0,90.0,25.0,82.49499999999999,8.747500000000004,90.0,78.96,127.6,48.64,120.96385000000001,6.967863499999995,127.6,494.0,1234.93,740.9300000000001,894.8642,174.49080000000004,722.66,11.0,16.0,5.0,14.5,1.75,16.0,4.0,5.0,1.0,4.994999999999999,0.009950000000000774,5.0,120.0,145.0,25.0,139.91,2.544999999999998,138.0,1.93,2.55,0.6199999999999999,2.04725,0.05862500000000001,2.1,1.0,2.0,1.0,1.75,0.375,2.0,0.0,4.0,4.0,2.75,1.375,4.0,10.0,10.0,0.0,10.0,0.0,10.0,0.0,0.0,0.0,0.0,0.0,0.0,11.0,16.0,5.0,14.5,1.75,16.0,0.0,1.0,1.0,0.25,0.375,0.0,0.0,3.0,3.0,1.75,0.875,2.0,0.0,0.0,0.0,0.0,0.0,0.0,0.0,0.0,0.0,0.0,0.0,0.0,1.0,3.0,2.0,2.0,0.5,2.0,16.33,34.7633333333,18.4333333333,29.3099499999835,6.523874499991584,34.7633333333,0.0,0.799,0.799,0.23367500000000002,0.233675,0.464,0.0,0.0,0.0,0.0,0.0,0.0,14.0,225.0,211.0,173.06,25.970000000000002,152.0,1.75,2.75,10.0,0.0,0.1206896551724138,0.1896551724137931,0.6896551724137931,0.0,8.877530814278654,0.1182276371140568,0.01,1.0,0.0,0.25,0.25,0.495,300.0,0.0,0.22999999999999976
"Thermodynamic, Structural and Thermoelectric Properties of AgSbTe2 Thick Films Developed by Melt Spinning.pdf",10.3390/nano8070474,AgSbTe2,SATS-10,AgSbTe2-xSex,Se,1%,Te,,Se (1%) @ Te site,figure,,Visually estimated from Fig. 4c,13.000000000000002,uW/cm.K2,True,34.0,52.0,18.0,50.41,1.8691000000000015,52.0,65.0,90.0,25.0,82.49499999999999,8.747500000000004,90.0,78.96,127.6,48.64,120.96385000000001,6.967863499999995,127.6,494.0,1234.93,740.9300000000001,894.8642,174.49080000000004,722.66,11.0,16.0,5.0,14.5,1.75,16.0,4.0,5.0,1.0,4.994999999999999,0.009950000000000774,5.0,120.0,145.0,25.0,139.91,2.544999999999998,138.0,1.93,2.55,0.6199999999999999,2.04725,0.05862500000000001,2.1,1.0,2.0,1.0,1.75,0.375,2.0,0.0,4.0,4.0,2.75,1.375,4.0,10.0,10.0,0.0,10.0,0.0,10.0,0.0,0.0,0.0,0.0,0.0,0.0,11.0,16.0,5.0,14.5,1.75,16.0,0.0,1.0,1.0,0.25,0.375,0.0,0.0,3.0,3.0,1.75,0.875,2.0,0.0,0.0,0.0,0.0,0.0,0.0,0.0,0.0,0.0,0.0,0.0,0.0,1.0,3.0,2.0,2.0,0.5,2.0,16.33,34.7633333333,18.4333333333,29.3099499999835,6.523874499991584,34.7633333333,0.0,0.799,0.799,0.23367500000000002,0.233675,0.464,0.0,0.0,0.0,0.0,0.0,0.0,14.0,225.0,211.0,173.06,25.970000000000002,152.0,1.75,2.75,10.0,0.0,0.1206896551724138,0.1896551724137931,0.6896551724137931,0.0,8.877530814278654,0.1182276371140568,0.01,1.0,0.0,0.25,0.25,0.495,500.0,0.0,0.22999999999999976
"Thermoelectric properties of p-type (AgSbTe2)x(Pb0.5Sn0.5Te)1 − x (x = 0.05, 0.09, 0.2).pdf",10.1016/j.jallcom.2005.08.033,AgSbTe2-PbTe-SnTe,x=0.05,(AgSbTe2)0.05(Pb0.5Sn0.5Te)0.95,Pb,0.95 * 0.5,unclear,Sn (0.95 * 0.5) @ unclear,Pb (0.95 * 0.5) @ unclear site; Sn (0.95 * 0.5) @ unclear site,figure,,Visually estimated from Fig 3C,7.5,uW/cm.K2,False,47.0,82.0,35.0,58.19047619047618,10.770975056689336,52.0,65.0,90.0,25.0,84.98809523809523,5.012471655328799,90.0,107.8682,207.2,99.33179999999999,142.98507619047615,29.04960839002265,127.6,505.08,1234.93,729.8500000000001,662.3482142857143,99.07433673469386,722.66,11.0,16.0,5.0,14.95238095238095,1.0498866213151927,16.0,5.0,6.0,1.0,5.226190476190475,0.35005668934240314,5.0,138.0,146.0,8.0,140.22619047619045,2.8392857142857024,138.0,1.93,2.33,0.40000000000000013,2.1151190476190473,0.09720804988662113,2.1,1.0,2.0,1.0,1.9761904761904763,0.04648526077097498,2.0,0.0,4.0,4.0,2.9761904761904763,1.0249433106575963,4.0,10.0,10.0,0.0,10.0,0.0,10.0,0.0,14.0,14.0,3.166666666666666,4.90079365079365,0.0,11.0,28.0,17.0,18.119047619047617,4.469954648526076,16.0,0.0,1.0,1.0,0.023809523809523808,0.04648526077097506,0.0,0.0,4.0,4.0,2.8809523809523814,1.0181405895691609,2.0,0.0,0.0,0.0,0.0,0.0,0.0,0.0,0.0,0.0,0.0,0.0,0.0,1.0,4.0,3.0,2.9047619047619047,0.9954648526077098,2.0,16.33,34.7633333333,18.4333333333,32.40886904760237,2.7508092403536857,34.7633333333,0.0,0.464,0.464,0.232,0.23200000000000004,0.464,0.0,0.0,0.0,0.0,0.0,0.0,141.0,225.0,84.0,168.0952380952381,28.452380952380953,152.0,1.9761904761904763,2.9761904761904763,10.0,3.166666666666666,0.10906701708278582,0.16425755584756901,0.5519053876478318,0.1747700394218134,9.952136307910054,0.20964050854888217,0.95,2.0,1.0,0.023809523809523808,0.023809523809523808,0.5,300.0,,
"Thermoelectric properties of p-type (AgSbTe2)x(Pb0.5Sn0.5Te)1 − x (x = 0.05, 0.09, 0.2).pdf",10.1016/j.jallcom.2005.08.033,AgSbTe2-PbTe-SnTe,x=0.09,(AgSbTe2)0.09(Pb0.5Sn0.5Te)0.91,Pb,0.91 * 0.5,unclear,Sn (0.91 * 0.5) @ unclear,Pb (0.91 * 0.5) @ unclear site; Sn (0.91 * 0.5) @ unclear site,figure,,Visually estimated from Fig 3C,8.5,uW/cm.K2,False,47.0,82.0,35.0,57.596330275229356,10.186852958505174,52.0,65.0,90.0,25.0,84.79587155963303,5.220983082232136,90.0,107.8682,207.2,99.33179999999999,141.3025633027523,27.507645593805243,127.6,505.08,1234.93,729.8500000000001,680.4001146788991,106.49096730073225,722.66,11.0,16.0,5.0,14.917431192660551,1.0893864152849084,16.0,5.0,6.0,1.0,5.208715596330275,0.33030679235754534,5.0,138.0,146.0,8.0,140.20871559633028,2.8130733944954147,138.0,1.93,2.33,0.40000000000000013,2.1097018348623857,0.09195932581432562,2.1,1.0,2.0,1.0,1.9587155963302754,0.07916000336671983,2.0,0.0,4.0,4.0,2.9587155963302756,1.0446932076424544,4.0,10.0,10.0,0.0,10.0,0.0,10.0,0.0,14.0,14.0,2.922018348623853,4.62429509300564,0.0,11.0,28.0,17.0,17.839449541284402,4.241330696069353,16.0,0.0,1.0,1.0,0.041284403669724766,0.07916000336671998,0.0,0.0,4.0,4.0,2.793577981651376,1.024240383806077,2.0,0.0,0.0,0.0,0.0,0.0,0.0,0.0,0.0,0.0,0.0,0.0,0.0,1.0,4.0,3.0,2.834862385321101,0.9863647841090817,2.0,16.33,34.7633333333,18.4333333333,32.17287079509036,3.054699958607691,34.7633333333,0.0,0.464,0.464,0.23200000000000004,0.23199999999999998,0.464,0.0,0.0,0.0,0.0,0.0,0.0,141.0,225.0,84.0,168.5321100917431,28.23394495412843,152.0,1.9587155963302754,2.9587155963302756,10.0,2.922018348623853,0.10979686294677296,0.1658524042170224,0.5605554127024942,0.16379532013371045,10.507540980099932,0.201282525805268,0.91,2.0,1.0,0.041284403669724766,0.041284403669724766,0.5,300.0,,
"Thermoelectric properties of p-type (AgSbTe2)x(Pb0.5Sn0.5Te)1 − x (x = 0.05, 0.09, 0.2).pdf",10.1016/j.jallcom.2005.08.033,AgSbTe2-PbTe-SnTe,x=0.2,(AgSbTe2)0.2(Pb0.5Sn0.5Te)0.8,Pb,0.8 * 0.5,unclear,Sn (0.8 * 0.5) @ unclear,Pb (0.8 * 0.5) @ unclear site; Sn (0.8 * 0.5) @ unclear site,figure,,Visually estimated from Fig 3C,10.0,uW/cm.K2,False,47.0,82.0,35.0,56.16666666666667,8.611111111111114,52.0,65.0,90.0,25.0,84.33333333333334,5.777777777777778,90.0,107.8682,207.2,99.33179999999999,137.25401666666667,23.31532777777779,127.6,505.08,1234.93,729.8500000000001,723.8375000000001,115.1725000000001,722.66,11.0,16.0,5.0,14.833333333333334,1.1944444444444444,16.0,5.0,6.0,1.0,5.166666666666667,0.277777777777778,5.0,138.0,146.0,8.0,140.1666666666667,2.750000000000024,138.0,1.93,2.33,0.40000000000000013,2.096666666666667,0.08111111111111104,2.1,1.0,2.0,1.0,1.916666666666667,0.15277777777777754,2.0,0.0,4.0,4.0,2.916666666666667,1.0972222222222223,4.0,10.0,10.0,0.0,10.0,0.0,10.0,0.0,14.0,14.0,2.3333333333333335,3.88888888888889,0.0,11.0,28.0,17.0,17.166666666666668,3.6111111111111125,16.0,0.0,1.0,1.0,0.08333333333333334,0.1527777777777778,0.0,0.0,4.0,4.0,2.583333333333334,1.013888888888889,2.0,0.0,0.0,0.0,0.0,0.0,0.0,0.0,0.0,0.0,0.0,0.0,0.0,1.0,4.0,3.0,2.666666666666667,0.9444444444444446,2.0,16.33,34.7633333333,18.4333333333,31.60499999998334,3.7183333333222186,34.7633333333,0.0,0.464,0.464,0.23200000000000004,0.23200000000000004,0.464,0.0,0.0,0.0,0.0,0.0,0.0,141.0,225.0,84.0,169.58333333333334,27.708333333333346,152.0,1.916666666666667,2.916666666666667,10.0,2.3333333333333335,0.11165048543689321,0.16990291262135923,0.5825242718446602,0.13592233009708737,11.290856111363935,0.18285714285714294,0.8,2.0,1.0,0.08333333333333334,0.08333333333333334,0.5000000000000001,300.0,,
Ultralow lattice thermal conductivity and enhanced thermoelectric performance enabled by CuInSe2 alloying in AgSbTe2.pdf,10.1016/j.jallcom.2026.188903,(AgSbTe2)1-x(CuInSe2)x,x = 0.03,Ag0.97Sb0.97Te1.94Cu0.03In0.03Se0.06,Cu,0.03,Ag,In (0.03) @ Sb; Se (0.06) @ Te,Cu (0.03) @ Ag site; In (0.03) @ Sb site; Se (0.06) @ Te site,body text,,,14.1,uW/cm.K2,False,29.0,52.0,23.0,50.080000000000005,2.308599999999998,52.0,64.0,90.0,26.0,82.40250000000002,8.827287499999994,90.0,63.546,127.6,64.054,120.09296850000001,8.090330832499994,127.6,429.75,1357.77,928.02,889.943675,181.04638012500007,722.66,11.0,16.0,5.0,14.485000000000001,1.7647749999999993,16.0,4.0,5.0,1.0,4.9775,0.04398749999999997,5.0,120.0,145.0,25.0,139.65500000000006,2.6275000000000293,138.0,1.78,2.55,0.7699999999999998,2.0495000000000005,0.06424249999999976,2.1,1.0,2.0,1.0,1.7500000000000002,0.37499999999999994,2.0,0.0,4.0,4.0,2.7350000000000003,1.393525,4.0,10.0,10.0,0.0,10.0,0.0,10.0,0.0,0.0,0.0,0.0,0.0,0.0,11.0,16.0,5.0,14.485000000000001,1.7647749999999993,16.0,0.0,1.0,1.0,0.25000000000000006,0.37500000000000006,0.0,0.0,5.0,5.0,1.7650000000000003,0.8825,2.0,0.0,0.0,0.0,0.0,0.0,0.0,0.0,0.0,0.0,0.0,0.0,0.0,1.0,5.0,4.0,2.0150000000000006,0.5225000000000004,2.0,11.07,34.7633333333,23.693333333299996,29.1273166666505,6.646787583324522,34.7633333333,0.0,0.799,0.799,0.23702500000000004,0.23702500000000007,0.464,0.0,0.0,0.0,0.0,0.0,0.0,14.0,225.0,211.0,171.47750000000002,26.761250000000018,152.0,1.7500000000000002,2.7350000000000003,10.0,0.0,0.12081463583016915,0.18881601656886435,0.6903693476009665,0.0,9.765028202705581,0.13428207011169957,0.03,3.0,1.0,0.24250000000000002,0.24250000000000002,0.48500000000000004,425.0,1.0,0.42000000000000004
Ultralow lattice thermal conductivity and enhanced thermoelectric performance enabled by CuInSe2 alloying in AgSbTe2.pdf,10.1016/j.jallcom.2026.188903,(AgSbTe2)1-x(CuInSe2)x,x=0,AgSbTe2,,,,,,figure,Fig. 4e,Visually estimated from Fig. 4e,8.000000000000002,uW/cm.K2,False,47.0,52.0,5.0,50.5,1.75,52.0,65.0,90.0,25.0,82.5,8.75,90.0,107.8682,127.6,19.731799999999993,121.20705,6.669425,127.6,722.66,1234.93,512.2700000000001,896.0074999999999,173.34750000000003,722.66,11.0,16.0,5.0,14.5,1.75,16.0,5.0,5.0,0.0,5.0,0.0,5.0,138.0,145.0,7.0,140.0,2.5,138.0,1.93,2.1,0.17000000000000015,2.045,0.05750000000000005,2.1,1.0,2.0,1.0,1.75,0.375,2.0,0.0,4.0,4.0,2.75,1.375,4.0,10.0,10.0,0.0,10.0,0.0,10.0,0.0,0.0,0.0,0.0,0.0,0.0,11.0,16.0,5.0,14.5,1.75,16.0,0.0,1.0,1.0,0.25,0.375,0.0,0.0,3.0,3.0,1.75,0.875,2.0,0.0,0.0,0.0,0.0,0.0,0.0,0.0,0.0,0.0,0.0,0.0,0.0,1.0,3.0,2.0,2.0,0.5,2.0,16.33,34.7633333333,18.4333333333,29.35416666665,6.512083333324999,34.7633333333,0.0,0.464,0.464,0.232,0.232,0.464,0.0,0.0,0.0,0.0,0.0,0.0,152.0,225.0,73.0,173.75,25.625,152.0,1.75,2.75,10.0,0.0,0.1206896551724138,0.1896551724137931,0.6896551724137931,0.0,8.644719482306641,0.11200000000000014,,0.0,0.0,0.25,0.25,0.5,300.0,,
Ultralow lattice thermal conductivity and enhanced thermoelectric performance enabled by CuInSe2 alloying in AgSbTe2.pdf,10.1016/j.jallcom.2026.188903,(AgSbTe2)1-x(CuInSe2)x,x=0,AgSbTe2,,,,,,figure,Fig. 4e,Visually estimated from Fig. 4e,10.0,uW/cm.K2,False,47.0,52.0,5.0,50.5,1.75,52.0,65.0,90.0,25.0,82.5,8.75,90.0,107.8682,127.6,19.731799999999993,121.20705,6.669425,127.6,722.66,1234.93,512.2700000000001,896.0074999999999,173.34750000000003,722.66,11.0,16.0,5.0,14.5,1.75,16.0,5.0,5.0,0.0,5.0,0.0,5.0,138.0,145.0,7.0,140.0,2.5,138.0,1.93,2.1,0.17000000000000015,2.045,0.05750000000000005,2.1,1.0,2.0,1.0,1.75,0.375,2.0,0.0,4.0,4.0,2.75,1.375,4.0,10.0,10.0,0.0,10.0,0.0,10.0,0.0,0.0,0.0,0.0,0.0,0.0,11.0,16.0,5.0,14.5,1.75,16.0,0.0,1.0,1.0,0.25,0.375,0.0,0.0,3.0,3.0,1.75,0.875,2.0,0.0,0.0,0.0,0.0,0.0,0.0,0.0,0.0,0.0,0.0,0.0,0.0,1.0,3.0,2.0,2.0,0.5,2.0,16.33,34.7633333333,18.4333333333,29.35416666665,6.512083333324999,34.7633333333,0.0,0.464,0.464,0.232,0.232,0.464,0.0,0.0,0.0,0.0,0.0,0.0,152.0,225.0,73.0,173.75,25.625,152.0,1.75,2.75,10.0,0.0,0.1206896551724138,0.1896551724137931,0.6896551724137931,0.0,8.644719482306641,0.11200000000000014,,0.0,0.0,0.25,0.25,0.5,500.0,,
Ultralow lattice thermal conductivity and enhanced thermoelectric performance enabled by CuInSe2 alloying in AgSbTe2.pdf,10.1016/j.jallcom.2026.188903,(AgSbTe2)1-x(CuInSe2)x,x=0,AgSbTe2,,,,,,figure,Fig. 4e,Visually estimated from Fig. 4e,9.0,uW/cm.K2,False,47.0,52.0,5.0,50.5,1.75,52.0,65.0,90.0,25.0,82.5,8.75,90.0,107.8682,127.6,19.731799999999993,121.20705,6.669425,127.6,722.66,1234.93,512.2700000000001,896.0074999999999,173.34750000000003,722.66,11.0,16.0,5.0,14.5,1.75,16.0,5.0,5.0,0.0,5.0,0.0,5.0,138.0,145.0,7.0,140.0,2.5,138.0,1.93,2.1,0.17000000000000015,2.045,0.05750000000000005,2.1,1.0,2.0,1.0,1.75,0.375,2.0,0.0,4.0,4.0,2.75,1.375,4.0,10.0,10.0,0.0,10.0,0.0,10.0,0.0,0.0,0.0,0.0,0.0,0.0,11.0,16.0,5.0,14.5,1.75,16.0,0.0,1.0,1.0,0.25,0.375,0.0,0.0,3.0,3.0,1.75,0.875,2.0,0.0,0.0,0.0,0.0,0.0,0.0,0.0,0.0,0.0,0.0,0.0,0.0,1.0,3.0,2.0,2.0,0.5,2.0,16.33,34.7633333333,18.4333333333,29.35416666665,6.512083333324999,34.7633333333,0.0,0.464,0.464,0.232,0.232,0.464,0.0,0.0,0.0,0.0,0.0,0.0,152.0,225.0,73.0,173.75,25.625,152.0,1.75,2.75,10.0,0.0,0.1206896551724138,0.1896551724137931,0.6896551724137931,0.0,8.644719482306641,0.11200000000000014,,0.0,0.0,0.25,0.25,0.5,600.0,,
Ultralow lattice thermal conductivity and enhanced thermoelectric performance enabled by CuInSe2 alloying in AgSbTe2.pdf,10.1016/j.jallcom.2026.188903,(AgSbTe2)1-x(CuInSe2)x,x=0.01,(AgSbTe2)0.99(CuInSe2)0.01,Cu,0.01,unclear,In (0.01) @ unclear; Se (0.01) @ Te,Cu (0.01) @ unclear site; In (0.01) @ unclear site; Se (0.01) @ Te site,figure,Fig. 4e,Visually estimated from Fig. 4e,10.0,uW/cm.K2,False,29.0,52.0,23.0,50.360000000000014,1.9403999999999937,52.0,64.0,90.0,26.0,82.4675,8.776087500000001,90.0,63.546,127.6,64.054,120.83568950000003,7.154201092499984,127.6,429.75,1357.77,928.02,893.9862250000001,175.93400612500005,722.66,11.0,16.0,5.0,14.495000000000003,1.7549749999999988,16.0,4.0,5.0,1.0,4.992500000000001,0.014887499999999406,5.0,120.0,145.0,25.0,139.88500000000002,2.54250000000001,138.0,1.78,2.55,0.7699999999999998,2.0465000000000004,0.05973249999999981,2.1,1.0,2.0,1.0,1.75,0.375,2.0,0.0,4.0,4.0,2.7450000000000006,1.381225,4.0,10.0,10.0,0.0,10.000000000000004,3.552713678800501e-15,10.0,0.0,0.0,0.0,0.0,0.0,0.0,11.0,16.0,5.0,14.495000000000003,1.7549749999999988,16.0,0.0,1.0,1.0,0.25000000000000006,0.37500000000000006,0.0,0.0,5.0,5.0,1.7550000000000001,0.8775,2.0,0.0,0.0,0.0,0.0,0.0,0.0,0.0,0.0,0.0,0.0,0.0,0.0,1.0,5.0,4.0,2.0050000000000003,0.5075000000000003,2.0,11.07,34.7633333333,23.693333333299996,29.278549999983497,6.559253249991504,34.7633333333,0.0,0.799,0.799,0.23367500000000005,0.23367500000000002,0.464,0.0,0.0,0.0,0.0,0.0,0.0,14.0,225.0,211.0,172.9925,26.003750000000007,152.0,1.75,2.7450000000000006,10.000000000000004,0.0,0.12073128665056913,0.1893756467747499,0.6898930665746811,0.0,9.110342146250666,0.11965529509428005,0.01,3.0,1.0,0.24750000000000003,0.24750000000000003,0.49500000000000005,300.0,,
Ultralow lattice thermal conductivity and enhanced thermoelectric performance enabled by CuInSe2 alloying in AgSbTe2.pdf,10.1016/j.jallcom.2026.188903,(AgSbTe2)1-x(CuInSe2)x,x=0.01,(AgSbTe2)0.99(CuInSe2)0.01,Cu,0.01,unclear,In (0.01) @ unclear; Se (0.01) @ Te,Cu (0.01) @ unclear site; In (0.01) @ unclear site; Se (0.01) @ Te site,figure,Fig. 4e,Visually estimated from Fig. 4e,13.000000000000002,uW/cm.K2,False,29.0,52.0,23.0,50.360000000000014,1.9403999999999937,52.0,64.0,90.0,26.0,82.4675,8.776087500000001,90.0,63.546,127.6,64.054,120.83568950000003,7.154201092499984,127.6,429.75,1357.77,928.02,893.9862250000001,175.93400612500005,722.66,11.0,16.0,5.0,14.495000000000003,1.7549749999999988,16.0,4.0,5.0,1.0,4.992500000000001,0.014887499999999406,5.0,120.0,145.0,25.0,139.88500000000002,2.54250000000001,138.0,1.78,2.55,0.7699999999999998,2.0465000000000004,0.05973249999999981,2.1,1.0,2.0,1.0,1.75,0.375,2.0,0.0,4.0,4.0,2.7450000000000006,1.381225,4.0,10.0,10.0,0.0,10.000000000000004,3.552713678800501e-15,10.0,0.0,0.0,0.0,0.0,0.0,0.0,11.0,16.0,5.0,14.495000000000003,1.7549749999999988,16.0,0.0,1.0,1.0,0.25000000000000006,0.37500000000000006,0.0,0.0,5.0,5.0,1.7550000000000001,0.8775,2.0,0.0,0.0,0.0,0.0,0.0,0.0,0.0,0.0,0.0,0.0,0.0,0.0,1.0,5.0,4.0,2.0050000000000003,0.5075000000000003,2.0,11.07,34.7633333333,23.693333333299996,29.278549999983497,6.559253249991504,34.7633333333,0.0,0.799,0.799,0.23367500000000005,0.23367500000000002,0.464,0.0,0.0,0.0,0.0,0.0,0.0,14.0,225.0,211.0,172.9925,26.003750000000007,152.0,1.75,2.7450000000000006,10.000000000000004,0.0,0.12073128665056913,0.1893756467747499,0.6898930665746811,0.0,9.110342146250666,0.11965529509428005,0.01,3.0,1.0,0.24750000000000003,0.24750000000000003,0.49500000000000005,500.0,,
Ultralow lattice thermal conductivity and enhanced thermoelectric performance enabled by CuInSe2 alloying in AgSbTe2.pdf,10.1016/j.jallcom.2026.188903,(AgSbTe2)1-x(CuInSe2)x,x=0.01,(AgSbTe2)0.99(CuInSe2)0.01,Cu,0.01,unclear,In (0.01) @ unclear; Se (0.01) @ Te,Cu (0.01) @ unclear site; In (0.01) @ unclear site; Se (0.01) @ Te site,figure,Fig. 4e,Visually estimated from Fig. 4e,12.000000000000002,uW/cm.K2,False,29.0,52.0,23.0,50.360000000000014,1.9403999999999937,52.0,64.0,90.0,26.0,82.4675,8.776087500000001,90.0,63.546,127.6,64.054,120.83568950000003,7.154201092499984,127.6,429.75,1357.77,928.02,893.9862250000001,175.93400612500005,722.66,11.0,16.0,5.0,14.495000000000003,1.7549749999999988,16.0,4.0,5.0,1.0,4.992500000000001,0.014887499999999406,5.0,120.0,145.0,25.0,139.88500000000002,2.54250000000001,138.0,1.78,2.55,0.7699999999999998,2.0465000000000004,0.05973249999999981,2.1,1.0,2.0,1.0,1.75,0.375,2.0,0.0,4.0,4.0,2.7450000000000006,1.381225,4.0,10.0,10.0,0.0,10.000000000000004,3.552713678800501e-15,10.0,0.0,0.0,0.0,0.0,0.0,0.0,11.0,16.0,5.0,14.495000000000003,1.7549749999999988,16.0,0.0,1.0,1.0,0.25000000000000006,0.37500000000000006,0.0,0.0,5.0,5.0,1.7550000000000001,0.8775,2.0,0.0,0.0,0.0,0.0,0.0,0.0,0.0,0.0,0.0,0.0,0.0,0.0,1.0,5.0,4.0,2.0050000000000003,0.5075000000000003,2.0,11.07,34.7633333333,23.693333333299996,29.278549999983497,6.559253249991504,34.7633333333,0.0,0.799,0.799,0.23367500000000005,0.23367500000000002,0.464,0.0,0.0,0.0,0.0,0.0,0.0,14.0,225.0,211.0,172.9925,26.003750000000007,152.0,1.75,2.7450000000000006,10.000000000000004,0.0,0.12073128665056913,0.1893756467747499,0.6898930665746811,0.0,9.110342146250666,0.11965529509428005,0.01,3.0,1.0,0.24750000000000003,0.24750000000000003,0.49500000000000005,600.0,,
Ultralow lattice thermal conductivity and enhanced thermoelectric performance enabled by CuInSe2 alloying in AgSbTe2.pdf,10.1016/j.jallcom.2026.188903,(AgSbTe2)1-x(CuInSe2)x,x=0.03,(AgSbTe2)0.97(CuInSe2)0.03,Cu,0.03,unclear,In (0.03) @ unclear; Se (0.03) @ Te,Cu (0.03) @ unclear site; In (0.03) @ unclear site; Se (0.03) @ Te site,figure,Fig. 4e,Visually estimated from Fig. 4e,11.000000000000002,uW/cm.K2,False,29.0,52.0,23.0,50.080000000000005,2.308599999999998,52.0,64.0,90.0,26.0,82.40250000000002,8.827287499999994,90.0,63.546,127.6,64.054,120.09296850000001,8.090330832499994,127.6,429.75,1357.77,928.02,889.943675,181.04638012500007,722.66,11.0,16.0,5.0,14.485000000000001,1.7647749999999993,16.0,4.0,5.0,1.0,4.9775,0.04398749999999997,5.0,120.0,145.0,25.0,139.65500000000006,2.6275000000000293,138.0,1.78,2.55,0.7699999999999998,2.0495000000000005,0.06424249999999976,2.1,1.0,2.0,1.0,1.7500000000000002,0.37499999999999994,2.0,0.0,4.0,4.0,2.7350000000000003,1.393525,4.0,10.0,10.0,0.0,10.0,0.0,10.0,0.0,0.0,0.0,0.0,0.0,0.0,11.0,16.0,5.0,14.485000000000001,1.7647749999999993,16.0,0.0,1.0,1.0,0.25000000000000006,0.37500000000000006,0.0,0.0,5.0,5.0,1.7650000000000003,0.8825,2.0,0.0,0.0,0.0,0.0,0.0,0.0,0.0,0.0,0.0,0.0,0.0,0.0,1.0,5.0,4.0,2.0150000000000006,0.5225000000000004,2.0,11.07,34.7633333333,23.693333333299996,29.1273166666505,6.646787583324522,34.7633333333,0.0,0.799,0.799,0.23702500000000004,0.23702500000000007,0.464,0.0,0.0,0.0,0.0,0.0,0.0,14.0,225.0,211.0,171.47750000000002,26.761250000000018,152.0,1.7500000000000002,2.7350000000000003,10.0,0.0,0.12081463583016915,0.18881601656886435,0.6903693476009665,0.0,9.765028202705581,0.13428207011169957,0.03,3.0,1.0,0.24250000000000002,0.24250000000000002,0.48500000000000004,300.0,,
Ultralow lattice thermal conductivity and enhanced thermoelectric performance enabled by CuInSe2 alloying in AgSbTe2.pdf,10.1016/j.jallcom.2026.188903,(AgSbTe2)1-x(CuInSe2)x,x=0.03,(AgSbTe2)0.97(CuInSe2)0.03,Cu,0.03,unclear,In (0.03) @ unclear; Se (0.03) @ Te,Cu (0.03) @ unclear site; In (0.03) @ unclear site; Se (0.03) @ Te site,figure,Fig. 4e,Visually estimated from Fig. 4e,14.0,uW/cm.K2,False,29.0,52.0,23.0,50.080000000000005,2.308599999999998,52.0,64.0,90.0,26.0,82.40250000000002,8.827287499999994,90.0,63.546,127.6,64.054,120.09296850000001,8.090330832499994,127.6,429.75,1357.77,928.02,889.943675,181.04638012500007,722.66,11.0,16.0,5.0,14.485000000000001,1.7647749999999993,16.0,4.0,5.0,1.0,4.9775,0.04398749999999997,5.0,120.0,145.0,25.0,139.65500000000006,2.6275000000000293,138.0,1.78,2.55,0.7699999999999998,2.0495000000000005,0.06424249999999976,2.1,1.0,2.0,1.0,1.7500000000000002,0.37499999999999994,2.0,0.0,4.0,4.0,2.7350000000000003,1.393525,4.0,10.0,10.0,0.0,10.0,0.0,10.0,0.0,0.0,0.0,0.0,0.0,0.0,11.0,16.0,5.0,14.485000000000001,1.7647749999999993,16.0,0.0,1.0,1.0,0.25000000000000006,0.37500000000000006,0.0,0.0,5.0,5.0,1.7650000000000003,0.8825,2.0,0.0,0.0,0.0,0.0,0.0,0.0,0.0,0.0,0.0,0.0,0.0,0.0,1.0,5.0,4.0,2.0150000000000006,0.5225000000000004,2.0,11.07,34.7633333333,23.693333333299996,29.1273166666505,6.646787583324522,34.7633333333,0.0,0.799,0.799,0.23702500000000004,0.23702500000000007,0.464,0.0,0.0,0.0,0.0,0.0,0.0,14.0,225.0,211.0,171.47750000000002,26.761250000000018,152.0,1.7500000000000002,2.7350000000000003,10.0,0.0,0.12081463583016915,0.18881601656886435,0.6903693476009665,0.0,9.765028202705581,0.13428207011169957,0.03,3.0,1.0,0.24250000000000002,0.24250000000000002,0.48500000000000004,500.0,,
Ultralow lattice thermal conductivity and enhanced thermoelectric performance enabled by CuInSe2 alloying in AgSbTe2.pdf,10.1016/j.jallcom.2026.188903,(AgSbTe2)1-x(CuInSe2)x,x=0.03,(AgSbTe2)0.97(CuInSe2)0.03,Cu,0.03,unclear,In (0.03) @ unclear; Se (0.03) @ Te,Cu (0.03) @ unclear site; In (0.03) @ unclear site; Se (0.03) @ Te site,figure,Fig. 4e,Visually estimated from Fig. 4e,13.000000000000002,uW/cm.K2,False,29.0,52.0,23.0,50.080000000000005,2.308599999999998,52.0,64.0,90.0,26.0,82.40250000000002,8.827287499999994,90.0,63.546,127.6,64.054,120.09296850000001,8.090330832499994,127.6,429.75,1357.77,928.02,889.943675,181.04638012500007,722.66,11.0,16.0,5.0,14.485000000000001,1.7647749999999993,16.0,4.0,5.0,1.0,4.9775,0.04398749999999997,5.0,120.0,145.0,25.0,139.65500000000006,2.6275000000000293,138.0,1.78,2.55,0.7699999999999998,2.0495000000000005,0.06424249999999976,2.1,1.0,2.0,1.0,1.7500000000000002,0.37499999999999994,2.0,0.0,4.0,4.0,2.7350000000000003,1.393525,4.0,10.0,10.0,0.0,10.0,0.0,10.0,0.0,0.0,0.0,0.0,0.0,0.0,11.0,16.0,5.0,14.485000000000001,1.7647749999999993,16.0,0.0,1.0,1.0,0.25000000000000006,0.37500000000000006,0.0,0.0,5.0,5.0,1.7650000000000003,0.8825,2.0,0.0,0.0,0.0,0.0,0.0,0.0,0.0,0.0,0.0,0.0,0.0,0.0,1.0,5.0,4.0,2.0150000000000006,0.5225000000000004,2.0,11.07,34.7633333333,23.693333333299996,29.1273166666505,6.646787583324522,34.7633333333,0.0,0.799,0.799,0.23702500000000004,0.23702500000000007,0.464,0.0,0.0,0.0,0.0,0.0,0.0,14.0,225.0,211.0,171.47750000000002,26.761250000000018,152.0,1.7500000000000002,2.7350000000000003,10.0,0.0,0.12081463583016915,0.18881601656886435,0.6903693476009665,0.0,9.765028202705581,0.13428207011169957,0.03,3.0,1.0,0.24250000000000002,0.24250000000000002,0.48500000000000004,600.0,,
Ultralow lattice thermal conductivity and enhanced thermoelectric performance enabled by CuInSe2 alloying in AgSbTe2.pdf,10.1016/j.jallcom.2026.188903,(AgSbTe2)1-x(CuInSe2)x,x=0.05,(AgSbTe2)0.95(CuInSe2)0.05,Cu,0.05,unclear,In (0.05) @ unclear; Se (0.05) @ Te,Cu (0.05) @ unclear site; In (0.05) @ unclear site; Se (0.05) @ Te site,figure,Fig. 4e,Visually estimated from Fig. 4e,9.0,uW/cm.K2,False,29.0,52.0,23.0,49.8,2.6600000000000015,52.0,64.0,90.0,26.0,82.3375,8.877187499999998,90.0,63.546,127.6,64.054,119.35024750000001,8.981897312499996,127.6,429.75,1357.77,928.02,885.9011250000001,186.0779031250001,722.66,11.0,16.0,5.0,14.475,1.7743750000000003,16.0,4.0,5.0,1.0,4.9625,0.0721874999999997,5.0,120.0,145.0,25.0,139.42500000000004,2.7125000000000203,138.0,1.78,2.55,0.7699999999999998,2.0525,0.0700000000000001,2.1,1.0,2.0,1.0,1.75,0.375,2.0,0.0,4.0,4.0,2.7250000000000005,1.405625,4.0,10.0,10.0,0.0,10.000000000000002,1.7763568394002505e-15,10.0,0.0,0.0,0.0,0.0,0.0,0.0,11.0,16.0,5.0,14.475,1.7743750000000003,16.0,0.0,1.0,1.0,0.25000000000000006,0.37500000000000006,0.0,0.0,5.0,5.0,1.7750000000000001,0.8875,2.0,0.0,0.0,0.0,0.0,0.0,0.0,0.0,0.0,0.0,0.0,0.0,0.0,1.0,5.0,4.0,2.0250000000000004,0.5375000000000003,2.0,11.07,34.7633333333,23.693333333299996,28.976083333317497,6.725247916657563,34.7633333333,0.0,0.799,0.799,0.24037500000000003,0.240375,0.464,0.0,0.0,0.0,0.0,0.0,0.0,14.0,225.0,211.0,169.96250000000003,27.518750000000022,152.0,1.75,2.7250000000000005,10.000000000000002,0.0,0.12089810017271158,0.1882556131260795,0.6908462867012091,0.0,10.295267052209075,0.1480794701986756,0.05,3.0,1.0,0.23750000000000002,0.23750000000000002,0.47500000000000003,300.0,,
Ultralow lattice thermal conductivity and enhanced thermoelectric performance enabled by CuInSe2 alloying in AgSbTe2.pdf,10.1016/j.jallcom.2026.188903,(AgSbTe2)1-x(CuInSe2)x,x=0.05,(AgSbTe2)0.95(CuInSe2)0.05,Cu,0.05,unclear,In (0.05) @ unclear; Se (0.05) @ Te,Cu (0.05) @ unclear site; In (0.05) @ unclear site; Se (0.05) @ Te site,figure,Fig. 4e,Visually estimated from Fig. 4e,12.000000000000002,uW/cm.K2,False,29.0,52.0,23.0,49.8,2.6600000000000015,52.0,64.0,90.0,26.0,82.3375,8.877187499999998,90.0,63.546,127.6,64.054,119.35024750000001,8.981897312499996,127.6,429.75,1357.77,928.02,885.9011250000001,186.0779031250001,722.66,11.0,16.0,5.0,14.475,1.7743750000000003,16.0,4.0,5.0,1.0,4.9625,0.0721874999999997,5.0,120.0,145.0,25.0,139.42500000000004,2.7125000000000203,138.0,1.78,2.55,0.7699999999999998,2.0525,0.0700000000000001,2.1,1.0,2.0,1.0,1.75,0.375,2.0,0.0,4.0,4.0,2.7250000000000005,1.405625,4.0,10.0,10.0,0.0,10.000000000000002,1.7763568394002505e-15,10.0,0.0,0.0,0.0,0.0,0.0,0.0,11.0,16.0,5.0,14.475,1.7743750000000003,16.0,0.0,1.0,1.0,0.25000000000000006,0.37500000000000006,0.0,0.0,5.0,5.0,1.7750000000000001,0.8875,2.0,0.0,0.0,0.0,0.0,0.0,0.0,0.0,0.0,0.0,0.0,0.0,0.0,1.0,5.0,4.0,2.0250000000000004,0.5375000000000003,2.0,11.07,34.7633333333,23.693333333299996,28.976083333317497,6.725247916657563,34.7633333333,0.0,0.799,0.799,0.24037500000000003,0.240375,0.464,0.0,0.0,0.0,0.0,0.0,0.0,14.0,225.0,211.0,169.96250000000003,27.518750000000022,152.0,1.75,2.7250000000000005,10.000000000000002,0.0,0.12089810017271158,0.1882556131260795,0.6908462867012091,0.0,10.295267052209075,0.1480794701986756,0.05,3.0,1.0,0.23750000000000002,0.23750000000000002,0.47500000000000003,500.0,,
Ultralow lattice thermal conductivity and enhanced thermoelectric performance enabled by CuInSe2 alloying in AgSbTe2.pdf,10.1016/j.jallcom.2026.188903,(AgSbTe2)1-x(CuInSe2)x,x=0.05,(AgSbTe2)0.95(CuInSe2)0.05,Cu,0.05,unclear,In (0.05) @ unclear; Se (0.05) @ Te,Cu (0.05) @ unclear site; In (0.05) @ unclear site; Se (0.05) @ Te site,figure,Fig. 4e,Visually estimated from Fig. 4e,11.000000000000002,uW/cm.K2,False,29.0,52.0,23.0,49.8,2.6600000000000015,52.0,64.0,90.0,26.0,82.3375,8.877187499999998,90.0,63.546,127.6,64.054,119.35024750000001,8.981897312499996,127.6,429.75,1357.77,928.02,885.9011250000001,186.0779031250001,722.66,11.0,16.0,5.0,14.475,1.7743750000000003,16.0,4.0,5.0,1.0,4.9625,0.0721874999999997,5.0,120.0,145.0,25.0,139.42500000000004,2.7125000000000203,138.0,1.78,2.55,0.7699999999999998,2.0525,0.0700000000000001,2.1,1.0,2.0,1.0,1.75,0.375,2.0,0.0,4.0,4.0,2.7250000000000005,1.405625,4.0,10.0,10.0,0.0,10.000000000000002,1.7763568394002505e-15,10.0,0.0,0.0,0.0,0.0,0.0,0.0,11.0,16.0,5.0,14.475,1.7743750000000003,16.0,0.0,1.0,1.0,0.25000000000000006,0.37500000000000006,0.0,0.0,5.0,5.0,1.7750000000000001,0.8875,2.0,0.0,0.0,0.0,0.0,0.0,0.0,0.0,0.0,0.0,0.0,0.0,0.0,1.0,5.0,4.0,2.0250000000000004,0.5375000000000003,2.0,11.07,34.7633333333,23.693333333299996,28.976083333317497,6.725247916657563,34.7633333333,0.0,0.799,0.799,0.24037500000000003,0.240375,0.464,0.0,0.0,0.0,0.0,0.0,0.0,14.0,225.0,211.0,169.96250000000003,27.518750000000022,152.0,1.75,2.7250000000000005,10.000000000000002,0.0,0.12089810017271158,0.1882556131260795,0.6908462867012091,0.0,10.295267052209075,0.1480794701986756,0.05,3.0,1.0,0.23750000000000002,0.23750000000000002,0.47500000000000003,600.0,,
Wang_2025_Phys._Scr._100_125919.pdf,10.1088/1402-4896/ae26ec,AgSbTe2,Ag16Sb16Te32,Ag16Sb16Te32,,,,,,text,Section 3.3.4,,12.21,uW/cm.K2,False,47.0,52.0,5.0,50.5,1.75,52.0,65.0,90.0,25.0,82.5,8.75,90.0,107.8682,127.6,19.731799999999993,121.20705,6.669425,127.6,722.66,1234.93,512.2700000000001,896.0074999999999,173.34750000000003,722.66,11.0,16.0,5.0,14.5,1.75,16.0,5.0,5.0,0.0,5.0,0.0,5.0,138.0,145.0,7.0,140.0,2.5,138.0,1.93,2.1,0.17000000000000015,2.045,0.05750000000000005,2.1,1.0,2.0,1.0,1.75,0.375,2.0,0.0,4.0,4.0,2.75,1.375,4.0,10.0,10.0,0.0,10.0,0.0,10.0,0.0,0.0,0.0,0.0,0.0,0.0,11.0,16.0,5.0,14.5,1.75,16.0,0.0,1.0,1.0,0.25,0.375,0.0,0.0,3.0,3.0,1.75,0.875,2.0,0.0,0.0,0.0,0.0,0.0,0.0,0.0,0.0,0.0,0.0,0.0,0.0,1.0,3.0,2.0,2.0,0.5,2.0,16.33,34.7633333333,18.4333333333,29.35416666665,6.512083333324999,34.7633333333,0.0,0.464,0.464,0.232,0.232,0.464,0.0,0.0,0.0,0.0,0.0,0.0,152.0,225.0,73.0,173.75,25.625,152.0,1.75,2.75,10.0,0.0,0.1206896551724138,0.1896551724137931,0.6896551724137931,0.0,8.644719482306641,0.11200000000000014,,0.0,0.0,0.25,0.25,0.5,450.0,,
Wang_2025_Phys._Scr._100_125919.pdf,10.1088/1402-4896/ae26ec,AgSbTe2,Ag16Sb15Cr1Te32,Ag16Sb15Cr1Te32,Cr,1,Sb,,Cr (1) @ Sb site,text,Section 3.3.4,,19.08,uW/cm.K2,False,24.0,52.0,28.0,50.078125,2.35400390625,52.0,49.0,90.0,41.0,81.9375,9.498046875,90.0,51.9961,127.6,75.6039,120.1169890625,8.253172314453124,127.6,722.66,2180.0,1457.3400000000001,915.9484375,198.99239257812502,722.66,6.0,16.0,10.0,14.359375,1.94091796875,16.0,4.0,5.0,1.0,4.984375,0.03076171875,5.0,138.0,145.0,7.0,140.0,2.5,138.0,1.66,2.1,0.44000000000000017,2.03890625,0.06629394531249995,2.1,1.0,2.0,1.0,1.734375,0.39013671875,2.0,0.0,4.0,4.0,2.703125,1.43603515625,4.0,5.0,10.0,5.0,9.921875,0.15380859375,10.0,0.0,0.0,0.0,0.0,0.0,0.0,6.0,16.0,10.0,14.359375,1.94091796875,16.0,0.0,1.0,1.0,0.265625,0.39013671875,0.0,0.0,3.0,3.0,1.703125,0.90478515625,2.0,0.0,5.0,5.0,0.078125,0.15380859375,0.0,0.0,0.0,0.0,0.0,0.0,0.0,1.0,6.0,5.0,2.046875,0.5703125,2.0,11.19,34.7633333333,23.5733333333,29.035885416649997,6.910626627595312,34.7633333333,0.0,0.464,0.464,0.232,0.232,0.464,0.0,0.0,0.0,0.0,0.0,0.0,152.0,229.0,77.0,174.734375,26.82861328125,152.0,1.734375,2.703125,9.921875,0.0,0.12078346028291621,0.1882480957562568,0.690968443960827,0.0,9.13068248398541,0.12671042471042485,1.0,1.0,0.0,0.25,0.234375,0.5,450.0,0.0,0.039999999999999925
Wang_2025_Phys._Scr._100_125919.pdf,10.1088/1402-4896/ae26ec,AgSbTe2,Ag16Sb14V1Cr1Te32,Ag16Sb14V1Cr1Te32,V,1,Sb,Cr (1) @ Sb,V (1) @ Sb site; Cr (1) @ Sb site,text,Section 3.3.4,,10.33,uW/cm.K2,False,23.0,52.0,29.0,49.640625,2.9541015625,52.0,46.0,90.0,44.0,81.328125,10.2783203125,90.0,50.9415,127.6,76.6585,119.01044999999999,9.792478125000002,127.6,722.66,2183.0,1460.3400000000001,935.93625,227.34460937500003,722.66,5.0,16.0,11.0,14.203125,2.1455078125,16.0,4.0,5.0,1.0,4.96875,0.060546875,5.0,138.0,153.0,15.0,140.21875,2.7900390625,138.0,1.63,2.1,0.4700000000000002,2.03234375,0.07538085937500007,2.1,1.0,2.0,1.0,1.734375,0.39013671875,2.0,0.0,4.0,4.0,2.65625,1.494140625,4.0,3.0,10.0,7.0,9.8125,0.36328125,10.0,0.0,0.0,0.0,0.0,0.0,0.0,5.0,16.0,11.0,14.203125,2.1455078125,16.0,0.0,1.0,1.0,0.265625,0.39013671875,0.0,0.0,3.0,3.0,1.65625,0.931640625,2.0,0.0,7.0,7.0,0.1875,0.36328125,0.0,0.0,0.0,0.0,0.0,0.0,0.0,1.0,7.0,6.0,2.109375,0.6640625,2.0,11.19,34.7633333333,23.5733333333,28.746041666649997,7.248398437490625,34.7633333333,0.0,0.464,0.464,0.232,0.23200000000000004,0.464,0.0,0.0,0.0,0.0,0.0,0.0,152.0,229.0,77.0,175.71875,27.970703125,152.0,1.734375,2.65625,9.8125,0.0,0.12211221122112212,0.18701870187018702,0.6908690869086909,0.0,9.607978160190815,0.14203972498090162,1.0,2.0,1.0,0.25,0.21875,0.5,600.0,2.0,0.21999999999999997
Wang_2025_Phys._Scr._100_125919.pdf,10.1088/1402-4896/ae26ec,AgSbTe2,Ag16Sb15V1Te32,Ag16Sb15V1Te32,V,1,Sb,,V (1) @ Sb site,figure,Fig. 9,Visually estimated from Fig. 9,10.33,uW/cm.K2,False,23.0,52.0,29.0,50.0625,2.376953125,52.0,46.0,90.0,44.0,81.890625,9.56689453125,90.0,50.9415,127.6,76.6585,120.10051093749999,8.277374560546878,127.6,722.66,2183.0,1460.3400000000001,915.9953125,199.06124023437502,722.66,5.0,16.0,11.0,14.34375,1.9638671875,16.0,4.0,5.0,1.0,4.984375,0.03076171875,5.0,138.0,153.0,15.0,140.21875,2.7900390625,138.0,1.63,2.1,0.4700000000000002,2.0384375,0.06698242187499996,2.1,1.0,2.0,1.0,1.75,0.375,2.0,0.0,4.0,4.0,2.703125,1.43603515625,4.0,3.0,10.0,7.0,9.890625,0.21533203125,10.0,0.0,0.0,0.0,0.0,0.0,0.0,5.0,16.0,11.0,14.34375,1.9638671875,16.0,0.0,1.0,1.0,0.25,0.375,0.0,0.0,3.0,3.0,1.703125,0.90478515625,2.0,0.0,7.0,7.0,0.109375,0.21533203125,0.0,0.0,0.0,0.0,0.0,0.0,0.0,1.0,7.0,6.0,2.0625,0.59375,2.0,13.01,34.7633333333,21.7533333333,29.06432291665,6.868859049470311,34.7633333333,0.0,0.464,0.464,0.232,0.232,0.464,0.0,0.0,0.0,0.0,0.0,0.0,152.0,229.0,77.0,174.734375,26.82861328125,152.0,1.75,2.703125,9.890625,0.0,0.12200435729847495,0.18845315904139434,0.6895424836601307,0.0,9.13068248398541,0.1281698841698843,1.0,1.0,0.0,0.25,0.234375,0.5,600.0,2.0,0.21999999999999997
ae2c03557.pdf,10.1021/acsaem.2c03557,AgSbSe2,AgSb0.935Pb0.06Se2,AgSb0.935Pb0.06Se2,Pb,0.06,Sb,Sb vacancy (0.005) @ Sb,Pb (0.06) @ Sb site; Sb vacancy (0.005) @ Sb site,text,"Page 1, Abstract",,7.499999999999999,uW/cm.K2,False,34.0,82.0,48.0,41.95369211514393,7.963646673485787,34.0,65.0,89.0,24.0,81.93617021276596,8.506803717412723,89.0,78.96,207.2,128.24,98.13912390488109,19.203127814649417,78.96,494.0,1234.93,740.9300000000001,776.9714392991239,288.62306130472854,494.0,11.0,16.0,5.0,14.48435544430538,1.7589070192559226,16.0,4.0,6.0,2.0,4.514392991239049,0.5150367872230777,4.0,120.0,146.0,26.0,131.09511889862327,11.109005155067115,120.0,1.93,2.55,0.6199999999999999,2.2744806007509384,0.2775318960966539,2.55,1.0,2.0,1.0,1.7496871088861077,0.3753126953121941,2.0,0.0,4.0,4.0,2.7346683354192742,1.3911131091586633,4.0,10.0,10.0,0.0,10.0,0.0,10.0,0.0,14.0,14.0,0.21026282853566958,0.41420987749079335,0.0,11.0,28.0,17.0,14.694618272841051,1.8496211628741182,16.0,0.0,1.0,1.0,0.2503128911138924,0.3753126953121941,0.0,0.0,4.0,4.0,1.7634543178973716,0.8828306973203364,2.0,0.0,0.0,0.0,0.0,0.0,0.0,0.0,0.0,0.0,0.0,0.0,0.0,1.0,4.0,3.0,2.013767209011264,0.5213024415688571,2.0,16.33,31.56,15.23,24.87239048811014,4.276540920205327,25.92,0.0,0.799,0.799,0.4,0.3994993742177722,0.799,0.0,0.0,0.0,0.0,0.0,0.0,14.0,225.0,211.0,105.55944931163955,91.6740418639695,14.0,1.7496871088861077,2.7346683354192742,10.0,0.21026282853566958,0.11906992590068989,0.18609999148283793,0.6805212503193936,0.014308832297078612,9.112816614766714,0.4668243042193172,0.06,2.0,1.0,0.2503128911138924,0.23404255319148937,0.0,523.0,1.0,0.43000000000000005
ae5c01632.pdf,10.1021/acsaem.5c01632,AgSbTe2,AgSbTe1.95Se0.05,AgSbTe1.95Se0.05,Se,0.05,Te,,Se (0.05) @ Te site,text,body text,,15.6,uW/cm.K2,False,34.0,52.0,18.0,50.27499999999999,2.044375000000004,52.0,65.0,90.0,25.0,82.4875,8.743750000000002,90.0,78.96,127.6,48.64,120.59904999999999,7.406401250000002,127.6,494.0,1234.93,740.9300000000001,893.1492499999999,176.20575000000002,722.66,11.0,16.0,5.0,14.5,1.75,16.0,4.0,5.0,1.0,4.9875,0.024687500000000175,5.0,120.0,145.0,25.0,139.77499999999998,2.6124999999999887,138.0,1.93,2.55,0.6199999999999999,2.0506249999999997,0.0606250000000001,2.1,1.0,2.0,1.0,1.75,0.375,2.0,0.0,4.0,4.0,2.75,1.375,4.0,10.0,10.0,0.0,10.0,0.0,10.0,0.0,0.0,0.0,0.0,0.0,0.0,11.0,16.0,5.0,14.5,1.75,16.0,0.0,1.0,1.0,0.25,0.375,0.0,0.0,3.0,3.0,1.75,0.875,2.0,0.0,0.0,0.0,0.0,0.0,0.0,0.0,0.0,0.0,0.0,0.0,0.0,1.0,3.0,2.0,2.0,0.5,2.0,16.33,34.7633333333,18.4333333333,29.24362499998375,6.539903124991466,34.7633333333,0.0,0.799,0.799,0.23618750000000002,0.23618750000000002,0.464,0.0,0.0,0.0,0.0,0.0,0.0,14.0,225.0,211.0,172.025,26.487500000000004,152.0,1.75,2.75,10.0,0.0,0.1206896551724138,0.1896551724137931,0.6896551724137931,0.0,9.130728295777725,0.12729279058361953,0.05,1.0,0.0,0.25,0.25,0.4875,470.0,0.0,0.22999999999999976
ae5c01632.pdf,10.1021/acsaem.5c01632,AgSbTe2,AgSbTe2,AgSbTe2,,,,,,figure,Fig. 4a,Visually estimated from Fig. 4a,8.0,uW/cm.K2,False,47.0,52.0,5.0,50.5,1.75,52.0,65.0,90.0,25.0,82.5,8.75,90.0,107.8682,127.6,19.731799999999993,121.20705,6.669425,127.6,722.66,1234.93,512.2700000000001,896.0074999999999,173.34750000000003,722.66,11.0,16.0,5.0,14.5,1.75,16.0,5.0,5.0,0.0,5.0,0.0,5.0,138.0,145.0,7.0,140.0,2.5,138.0,1.93,2.1,0.17000000000000015,2.045,0.05750000000000005,2.1,1.0,2.0,1.0,1.75,0.375,2.0,0.0,4.0,4.0,2.75,1.375,4.0,10.0,10.0,0.0,10.0,0.0,10.0,0.0,0.0,0.0,0.0,0.0,0.0,11.0,16.0,5.0,14.5,1.75,16.0,0.0,1.0,1.0,0.25,0.375,0.0,0.0,3.0,3.0,1.75,0.875,2.0,0.0,0.0,0.0,0.0,0.0,0.0,0.0,0.0,0.0,0.0,0.0,0.0,1.0,3.0,2.0,2.0,0.5,2.0,16.33,34.7633333333,18.4333333333,29.35416666665,6.512083333324999,34.7633333333,0.0,0.464,0.464,0.232,0.232,0.464,0.0,0.0,0.0,0.0,0.0,0.0,152.0,225.0,73.0,173.75,25.625,152.0,1.75,2.75,10.0,0.0,0.1206896551724138,0.1896551724137931,0.6896551724137931,0.0,8.644719482306641,0.11200000000000014,,0.0,0.0,0.25,0.25,0.5,300.0,,
ae5c01632.pdf,10.1021/acsaem.5c01632,AgSbTe2,AgSbTe1.95Se0.05,AgSbTe1.95Se0.05,Se,x=0.05,Te,,Se (x=0.05) @ Te site,figure,Fig. 4a,Visually estimated from Fig. 4a,9.0,uW/cm.K2,False,34.0,52.0,18.0,50.27499999999999,2.044375000000004,52.0,65.0,90.0,25.0,82.4875,8.743750000000002,90.0,78.96,127.6,48.64,120.59904999999999,7.406401250000002,127.6,494.0,1234.93,740.9300000000001,893.1492499999999,176.20575000000002,722.66,11.0,16.0,5.0,14.5,1.75,16.0,4.0,5.0,1.0,4.9875,0.024687500000000175,5.0,120.0,145.0,25.0,139.77499999999998,2.6124999999999887,138.0,1.93,2.55,0.6199999999999999,2.0506249999999997,0.0606250000000001,2.1,1.0,2.0,1.0,1.75,0.375,2.0,0.0,4.0,4.0,2.75,1.375,4.0,10.0,10.0,0.0,10.0,0.0,10.0,0.0,0.0,0.0,0.0,0.0,0.0,11.0,16.0,5.0,14.5,1.75,16.0,0.0,1.0,1.0,0.25,0.375,0.0,0.0,3.0,3.0,1.75,0.875,2.0,0.0,0.0,0.0,0.0,0.0,0.0,0.0,0.0,0.0,0.0,0.0,0.0,1.0,3.0,2.0,2.0,0.5,2.0,16.33,34.7633333333,18.4333333333,29.24362499998375,6.539903124991466,34.7633333333,0.0,0.799,0.799,0.23618750000000002,0.23618750000000002,0.464,0.0,0.0,0.0,0.0,0.0,0.0,14.0,225.0,211.0,172.025,26.487500000000004,152.0,1.75,2.75,10.0,0.0,0.1206896551724138,0.1896551724137931,0.6896551724137931,0.0,9.130728295777725,0.12729279058361953,0.05,1.0,0.0,0.25,0.25,0.4875,300.0,0.0,0.22999999999999976
ae5c01632.pdf,10.1021/acsaem.5c01632,AgSbTe2,AgSbTe1.9Se0.1,AgSbTe1.9Se0.1,Se,x=0.1,Te,,Se (x=0.1) @ Te site,figure,Fig. 4a,Visually estimated from Fig. 4a,9.499999999999998,uW/cm.K2,False,34.0,52.0,18.0,50.050000000000004,2.327499999999998,52.0,65.0,90.0,25.0,82.475,8.737500000000004,90.0,78.96,127.6,48.64,119.99104999999999,8.112977500000003,127.6,494.0,1234.93,740.9300000000001,890.291,179.06400000000002,722.66,11.0,16.0,5.0,14.5,1.75,16.0,4.0,5.0,1.0,4.975,0.04875000000000034,5.0,120.0,145.0,25.0,139.55,2.725000000000006,138.0,1.93,2.55,0.6199999999999999,2.05625,0.0662500000000001,2.1,1.0,2.0,1.0,1.75,0.375,2.0,0.0,4.0,4.0,2.75,1.375,4.0,10.0,10.0,0.0,10.0,0.0,10.0,0.0,0.0,0.0,0.0,0.0,0.0,11.0,16.0,5.0,14.5,1.75,16.0,0.0,1.0,1.0,0.25,0.375,0.0,0.0,3.0,3.0,1.75,0.875,2.0,0.0,0.0,0.0,0.0,0.0,0.0,0.0,0.0,0.0,0.0,0.0,0.0,1.0,3.0,2.0,2.0,0.5,2.0,16.33,34.7633333333,18.4333333333,29.133083333317497,6.562195833324624,34.7633333333,0.0,0.799,0.799,0.240375,0.24037500000000003,0.464,0.0,0.0,0.0,0.0,0.0,0.0,14.0,225.0,211.0,170.29999999999998,27.34999999999999,152.0,1.75,2.75,10.0,0.0,0.1206896551724138,0.1896551724137931,0.6896551724137931,0.0,9.469993267257859,0.14171483622350683,0.1,1.0,0.0,0.25,0.25,0.475,300.0,0.0,0.22999999999999976
ae5c01674.pdf,10.1021/acsaem.5c01674,AgSbTe2,pristine AgSbTe2,AgSbTe2,,,,,,body text,,,5.654999999999999,uW/cm.K2,False,47.0,52.0,5.0,50.5,1.75,52.0,65.0,90.0,25.0,82.5,8.75,90.0,107.8682,127.6,19.731799999999993,121.20705,6.669425,127.6,722.66,1234.93,512.2700000000001,896.0074999999999,173.34750000000003,722.66,11.0,16.0,5.0,14.5,1.75,16.0,5.0,5.0,0.0,5.0,0.0,5.0,138.0,145.0,7.0,140.0,2.5,138.0,1.93,2.1,0.17000000000000015,2.045,0.05750000000000005,2.1,1.0,2.0,1.0,1.75,0.375,2.0,0.0,4.0,4.0,2.75,1.375,4.0,10.0,10.0,0.0,10.0,0.0,10.0,0.0,0.0,0.0,0.0,0.0,0.0,11.0,16.0,5.0,14.5,1.75,16.0,0.0,1.0,1.0,0.25,0.375,0.0,0.0,3.0,3.0,1.75,0.875,2.0,0.0,0.0,0.0,0.0,0.0,0.0,0.0,0.0,0.0,0.0,0.0,0.0,1.0,3.0,2.0,2.0,0.5,2.0,16.33,34.7633333333,18.4333333333,29.35416666665,6.512083333324999,34.7633333333,0.0,0.464,0.464,0.232,0.232,0.464,0.0,0.0,0.0,0.0,0.0,0.0,152.0,225.0,73.0,173.75,25.625,152.0,1.75,2.75,10.0,0.0,0.1206896551724138,0.1896551724137931,0.6896551724137931,0.0,8.644719482306641,0.11200000000000014,,0.0,0.0,0.25,0.25,0.5,325.0,,
ae5c01674.pdf,10.1021/acsaem.5c01674,AgSbTe2,pristine AgSbTe2,AgSbTe2,,,,,,body text,,,7.242,uW/cm.K2,False,47.0,52.0,5.0,50.5,1.75,52.0,65.0,90.0,25.0,82.5,8.75,90.0,107.8682,127.6,19.731799999999993,121.20705,6.669425,127.6,722.66,1234.93,512.2700000000001,896.0074999999999,173.34750000000003,722.66,11.0,16.0,5.0,14.5,1.75,16.0,5.0,5.0,0.0,5.0,0.0,5.0,138.0,145.0,7.0,140.0,2.5,138.0,1.93,2.1,0.17000000000000015,2.045,0.05750000000000005,2.1,1.0,2.0,1.0,1.75,0.375,2.0,0.0,4.0,4.0,2.75,1.375,4.0,10.0,10.0,0.0,10.0,0.0,10.0,0.0,0.0,0.0,0.0,0.0,0.0,11.0,16.0,5.0,14.5,1.75,16.0,0.0,1.0,1.0,0.25,0.375,0.0,0.0,3.0,3.0,1.75,0.875,2.0,0.0,0.0,0.0,0.0,0.0,0.0,0.0,0.0,0.0,0.0,0.0,0.0,1.0,3.0,2.0,2.0,0.5,2.0,16.33,34.7633333333,18.4333333333,29.35416666665,6.512083333324999,34.7633333333,0.0,0.464,0.464,0.232,0.232,0.464,0.0,0.0,0.0,0.0,0.0,0.0,152.0,225.0,73.0,173.75,25.625,152.0,1.75,2.75,10.0,0.0,0.1206896551724138,0.1896551724137931,0.6896551724137931,0.0,8.644719482306641,0.11200000000000014,,0.0,0.0,0.25,0.25,0.5,525.0,,
am2c22930.pdf,10.1021/acsami.2c22930,AgSbTe2,AgSb0.98Mg0.02Te2,AgSb0.98Mg0.02Te2,Mg,0.02,Sb,,Mg (0.02) @ Sb site,body text,,,14.0,uW/cm.K2,False,12.0,52.0,40.0,50.30499999999999,2.0355500000000037,52.0,65.0,90.0,25.0,82.415,8.851649999999996,90.0,24.305,127.6,103.29499999999999,120.719775,7.389935249999999,127.6,722.66,1234.93,512.2700000000001,896.1035999999999,173.44360000000003,722.66,2.0,16.0,14.0,14.434999999999999,1.8418500000000007,16.0,3.0,5.0,2.0,4.99,0.01989999999999979,5.0,138.0,145.0,7.0,140.01,2.5048999999999957,138.0,1.31,2.1,0.79,2.0413,0.06296299999999996,2.1,1.0,2.0,1.0,1.75,0.375,2.0,0.0,4.0,4.0,2.735,1.39485,4.0,0.0,10.0,10.0,9.95,0.0995000000000007,10.0,0.0,0.0,0.0,0.0,0.0,0.0,2.0,16.0,14.0,14.434999999999999,1.8418500000000007,16.0,0.0,1.0,1.0,0.25,0.375,0.0,0.0,3.0,3.0,1.7349999999999999,0.88485,2.0,0.0,0.0,0.0,0.0,0.0,0.0,0.0,0.0,0.0,0.0,0.0,0.0,0.0,3.0,3.0,1.9849999999999999,0.5123500000000001,2.0,16.33,34.7633333333,18.4333333333,29.31081666665,6.554616499991499,34.7633333333,0.0,0.464,0.464,0.232,0.23199999999999998,0.464,0.0,0.0,0.0,0.0,0.0,0.0,152.0,225.0,73.0,173.89,25.756099999999993,152.0,1.75,2.735,9.95,0.0,0.12123311395912713,0.18947003810183582,0.6892968479390371,0.0,8.848505117923192,0.12234122240816016,0.02,1.0,0.0,0.25,0.245,0.5,523.0,1.0,0.040000000000000036
am4c05454.pdf,10.1021/acsami.4c05454,AgSbTe2,AgSb0.96Cu0.04Te2,AgSb0.96Cu0.04Te2,Cu,0.04,Ag,,Cu (0.04) @ Ag site,body text,"Page 6, Electrical Transport Properties",,13.500000000000002,uW/cm.K2,False,29.0,52.0,23.0,50.28,2.0655999999999994,52.0,64.0,90.0,26.0,82.28999999999999,9.010800000000003,90.0,63.546,127.6,64.054,120.62491,7.519933199999998,127.6,722.66,1357.77,635.11,900.5473999999999,177.8874,722.66,11.0,16.0,5.0,14.46,1.7991999999999997,16.0,4.0,5.0,1.0,4.99,0.01979999999999979,5.0,132.0,145.0,13.0,139.93,2.5350000000000037,138.0,1.9,2.1,0.20000000000000018,2.0435,0.05962000000000008,2.1,1.0,2.0,1.0,1.74,0.38480000000000003,2.0,0.0,4.0,4.0,2.7199999999999998,1.4144,4.0,10.0,10.0,0.0,10.0,0.0,10.0,0.0,0.0,0.0,0.0,0.0,0.0,11.0,16.0,5.0,14.46,1.7991999999999997,16.0,0.0,1.0,1.0,0.26,0.38480000000000003,0.0,0.0,3.0,3.0,1.72,0.8944,2.0,0.0,0.0,0.0,0.0,0.0,0.0,0.0,0.0,0.0,0.0,0.0,0.0,1.0,3.0,2.0,1.98,0.5096,2.0,11.07,34.7633333333,23.693333333299996,29.14926666665,6.771218666657998,34.7633333333,0.0,0.464,0.464,0.232,0.232,0.464,0.0,0.0,0.0,0.0,0.0,0.0,152.0,225.0,73.0,174.34,26.343200000000003,152.0,1.74,2.7199999999999998,10.0,0.0,0.12033195020746887,0.18810511756569845,0.6915629322268326,0.0,8.993810816868557,0.11395681168624973,0.04,1.0,0.0,0.25,0.24,0.5,498.0,1.0,0.42000000000000004
am4c05454.pdf,10.1021/acsami.4c05454,AgSbTe2,AgSb0.96Cu0.04Te2,AgSb0.96Cu0.04Te2,Cu,0.04,Ag,,Cu (0.04) @ Ag site,body text,"Page 6, Electrical Transport Properties",,14.3,uW/cm.K2,False,29.0,52.0,23.0,50.28,2.0655999999999994,52.0,64.0,90.0,26.0,82.28999999999999,9.010800000000003,90.0,63.546,127.6,64.054,120.62491,7.519933199999998,127.6,722.66,1357.77,635.11,900.5473999999999,177.8874,722.66,11.0,16.0,5.0,14.46,1.7991999999999997,16.0,4.0,5.0,1.0,4.99,0.01979999999999979,5.0,132.0,145.0,13.0,139.93,2.5350000000000037,138.0,1.9,2.1,0.20000000000000018,2.0435,0.05962000000000008,2.1,1.0,2.0,1.0,1.74,0.38480000000000003,2.0,0.0,4.0,4.0,2.7199999999999998,1.4144,4.0,10.0,10.0,0.0,10.0,0.0,10.0,0.0,0.0,0.0,0.0,0.0,0.0,11.0,16.0,5.0,14.46,1.7991999999999997,16.0,0.0,1.0,1.0,0.26,0.38480000000000003,0.0,0.0,3.0,3.0,1.72,0.8944,2.0,0.0,0.0,0.0,0.0,0.0,0.0,0.0,0.0,0.0,0.0,0.0,0.0,1.0,3.0,2.0,1.98,0.5096,2.0,11.07,34.7633333333,23.693333333299996,29.14926666665,6.771218666657998,34.7633333333,0.0,0.464,0.464,0.232,0.232,0.464,0.0,0.0,0.0,0.0,0.0,0.0,152.0,225.0,73.0,174.34,26.343200000000003,152.0,1.74,2.7199999999999998,10.0,0.0,0.12033195020746887,0.18810511756569845,0.6915629322268326,0.0,8.993810816868557,0.11395681168624973,0.04,1.0,0.0,0.25,0.24,0.5,448.0,1.0,0.42000000000000004
am4c05454.pdf,10.1021/acsami.4c05454,AgSbTe2,AgSb1-xCuxTe2 (x=0),AgSbTe2,none,0,unclear,,none (0) @ unclear site,figure,,Visually estimated from Fig. 5d,7.0,uW/cm.K2,False,47.0,52.0,5.0,50.5,1.75,52.0,65.0,90.0,25.0,82.5,8.75,90.0,107.8682,127.6,19.731799999999993,121.20705,6.669425,127.6,722.66,1234.93,512.2700000000001,896.0074999999999,173.34750000000003,722.66,11.0,16.0,5.0,14.5,1.75,16.0,5.0,5.0,0.0,5.0,0.0,5.0,138.0,145.0,7.0,140.0,2.5,138.0,1.93,2.1,0.17000000000000015,2.045,0.05750000000000005,2.1,1.0,2.0,1.0,1.75,0.375,2.0,0.0,4.0,4.0,2.75,1.375,4.0,10.0,10.0,0.0,10.0,0.0,10.0,0.0,0.0,0.0,0.0,0.0,0.0,11.0,16.0,5.0,14.5,1.75,16.0,0.0,1.0,1.0,0.25,0.375,0.0,0.0,3.0,3.0,1.75,0.875,2.0,0.0,0.0,0.0,0.0,0.0,0.0,0.0,0.0,0.0,0.0,0.0,0.0,1.0,3.0,2.0,2.0,0.5,2.0,16.33,34.7633333333,18.4333333333,29.35416666665,6.512083333324999,34.7633333333,0.0,0.464,0.464,0.232,0.232,0.464,0.0,0.0,0.0,0.0,0.0,0.0,152.0,225.0,73.0,173.75,25.625,152.0,1.75,2.75,10.0,0.0,0.1206896551724138,0.1896551724137931,0.6896551724137931,0.0,8.644719482306641,0.11200000000000014,0.0,1.0,0.0,0.25,0.25,0.5,323.0,,
am4c05454.pdf,10.1021/acsami.4c05454,AgSbTe2,AgSb1-xCuxTe2 (x=0),AgSbTe2,none,0,unclear,,none (0) @ unclear site,figure,,Visually estimated from Fig. 5d,7.0,uW/cm.K2,False,47.0,52.0,5.0,50.5,1.75,52.0,65.0,90.0,25.0,82.5,8.75,90.0,107.8682,127.6,19.731799999999993,121.20705,6.669425,127.6,722.66,1234.93,512.2700000000001,896.0074999999999,173.34750000000003,722.66,11.0,16.0,5.0,14.5,1.75,16.0,5.0,5.0,0.0,5.0,0.0,5.0,138.0,145.0,7.0,140.0,2.5,138.0,1.93,2.1,0.17000000000000015,2.045,0.05750000000000005,2.1,1.0,2.0,1.0,1.75,0.375,2.0,0.0,4.0,4.0,2.75,1.375,4.0,10.0,10.0,0.0,10.0,0.0,10.0,0.0,0.0,0.0,0.0,0.0,0.0,11.0,16.0,5.0,14.5,1.75,16.0,0.0,1.0,1.0,0.25,0.375,0.0,0.0,3.0,3.0,1.75,0.875,2.0,0.0,0.0,0.0,0.0,0.0,0.0,0.0,0.0,0.0,0.0,0.0,0.0,1.0,3.0,2.0,2.0,0.5,2.0,16.33,34.7633333333,18.4333333333,29.35416666665,6.512083333324999,34.7633333333,0.0,0.464,0.464,0.232,0.232,0.464,0.0,0.0,0.0,0.0,0.0,0.0,152.0,225.0,73.0,173.75,25.625,152.0,1.75,2.75,10.0,0.0,0.1206896551724138,0.1896551724137931,0.6896551724137931,0.0,8.644719482306641,0.11200000000000014,0.0,1.0,0.0,0.25,0.25,0.5,423.0,,
am4c05454.pdf,10.1021/acsami.4c05454,AgSbTe2,AgSb1-xCuxTe2 (x=0),AgSbTe2,none,0,unclear,,none (0) @ unclear site,figure,,Visually estimated from Fig. 5d,10.0,uW/cm.K2,False,47.0,52.0,5.0,50.5,1.75,52.0,65.0,90.0,25.0,82.5,8.75,90.0,107.8682,127.6,19.731799999999993,121.20705,6.669425,127.6,722.66,1234.93,512.2700000000001,896.0074999999999,173.34750000000003,722.66,11.0,16.0,5.0,14.5,1.75,16.0,5.0,5.0,0.0,5.0,0.0,5.0,138.0,145.0,7.0,140.0,2.5,138.0,1.93,2.1,0.17000000000000015,2.045,0.05750000000000005,2.1,1.0,2.0,1.0,1.75,0.375,2.0,0.0,4.0,4.0,2.75,1.375,4.0,10.0,10.0,0.0,10.0,0.0,10.0,0.0,0.0,0.0,0.0,0.0,0.0,11.0,16.0,5.0,14.5,1.75,16.0,0.0,1.0,1.0,0.25,0.375,0.0,0.0,3.0,3.0,1.75,0.875,2.0,0.0,0.0,0.0,0.0,0.0,0.0,0.0,0.0,0.0,0.0,0.0,0.0,1.0,3.0,2.0,2.0,0.5,2.0,16.33,34.7633333333,18.4333333333,29.35416666665,6.512083333324999,34.7633333333,0.0,0.464,0.464,0.232,0.232,0.464,0.0,0.0,0.0,0.0,0.0,0.0,152.0,225.0,73.0,173.75,25.625,152.0,1.75,2.75,10.0,0.0,0.1206896551724138,0.1896551724137931,0.6896551724137931,0.0,8.644719482306641,0.11200000000000014,0.0,1.0,0.0,0.25,0.25,0.5,573.0,,
am4c05454.pdf,10.1021/acsami.4c05454,AgSbTe2,AgSb1-xCuxTe2 (x=0.04),Ag0.96Cu0.04Te2,Cu,0.04,Ag,,Cu (0.04) @ Ag site,figure,,Visually estimated from Fig. 5d,10.0,uW/cm.K2,False,29.0,52.0,23.0,50.093333333333334,2.542222222222222,52.0,64.0,90.0,26.0,81.65333333333332,11.128888888888893,90.0,63.546,127.6,64.054,120.43177066666665,9.557639111111113,127.6,722.66,1357.77,635.11,895.0545333333333,229.8593777777778,722.66,11.0,16.0,5.0,14.333333333333334,2.222222222222222,16.0,4.0,5.0,1.0,4.986666666666667,0.026311111111110546,5.0,132.0,145.0,13.0,140.16,3.0975999999999986,138.0,1.9,2.1,0.20000000000000018,2.0429333333333335,0.07608888888888891,2.1,1.0,2.0,1.0,1.6666666666666667,0.4444444444444444,2.0,0.0,4.0,4.0,2.6666666666666665,1.7777777777777777,4.0,10.0,10.0,0.0,10.0,0.0,10.0,0.0,0.0,0.0,0.0,0.0,0.0,11.0,16.0,5.0,14.333333333333334,2.222222222222222,16.0,0.0,1.0,1.0,0.3333333333333333,0.4444444444444445,0.0,0.0,2.0,2.0,1.3333333333333333,0.8888888888888888,2.0,0.0,0.0,0.0,0.0,0.0,0.0,0.0,0.0,0.0,0.0,0.0,0.0,1.0,2.0,1.0,1.6666666666666667,0.4444444444444444,2.0,11.07,34.7633333333,23.693333333299996,28.54875555553333,8.286103703688887,34.7633333333,0.0,0.464,0.464,0.30933333333333335,0.20622222222222222,0.464,0.0,0.0,0.0,0.0,0.0,0.0,152.0,225.0,73.0,176.33333333333334,32.44444444444445,152.0,1.6666666666666667,2.6666666666666665,10.0,0.0,0.11627906976744186,0.18604651162790695,0.6976744186046512,0.0,5.757728370863799,0.1685400313971744,0.04,1.0,0.0,0.32,0.0,0.6666666666666666,323.0,1.0,0.42000000000000004
am4c05454.pdf,10.1021/acsami.4c05454,AgSbTe2,AgSb1-xCuxTe2 (x=0.04),Ag0.96Cu0.04Te2,Cu,0.04,Ag,,Cu (0.04) @ Ag site,figure,,Visually estimated from Fig. 5d,14.0,uW/cm.K2,False,29.0,52.0,23.0,50.093333333333334,2.542222222222222,52.0,64.0,90.0,26.0,81.65333333333332,11.128888888888893,90.0,63.546,127.6,64.054,120.43177066666665,9.557639111111113,127.6,722.66,1357.77,635.11,895.0545333333333,229.8593777777778,722.66,11.0,16.0,5.0,14.333333333333334,2.222222222222222,16.0,4.0,5.0,1.0,4.986666666666667,0.026311111111110546,5.0,132.0,145.0,13.0,140.16,3.0975999999999986,138.0,1.9,2.1,0.20000000000000018,2.0429333333333335,0.07608888888888891,2.1,1.0,2.0,1.0,1.6666666666666667,0.4444444444444444,2.0,0.0,4.0,4.0,2.6666666666666665,1.7777777777777777,4.0,10.0,10.0,0.0,10.0,0.0,10.0,0.0,0.0,0.0,0.0,0.0,0.0,11.0,16.0,5.0,14.333333333333334,2.222222222222222,16.0,0.0,1.0,1.0,0.3333333333333333,0.4444444444444445,0.0,0.0,2.0,2.0,1.3333333333333333,0.8888888888888888,2.0,0.0,0.0,0.0,0.0,0.0,0.0,0.0,0.0,0.0,0.0,0.0,0.0,1.0,2.0,1.0,1.6666666666666667,0.4444444444444444,2.0,11.07,34.7633333333,23.693333333299996,28.54875555553333,8.286103703688887,34.7633333333,0.0,0.464,0.464,0.30933333333333335,0.20622222222222222,0.464,0.0,0.0,0.0,0.0,0.0,0.0,152.0,225.0,73.0,176.33333333333334,32.44444444444445,152.0,1.6666666666666667,2.6666666666666665,10.0,0.0,0.11627906976744186,0.18604651162790695,0.6976744186046512,0.0,5.757728370863799,0.1685400313971744,0.04,1.0,0.0,0.32,0.0,0.6666666666666666,423.0,1.0,0.42000000000000004
am4c05454.pdf,10.1021/acsami.4c05454,AgSbTe2,AgSb1-xCuxTe2 (x=0.04),Ag0.96Cu0.04Te2,Cu,0.04,Ag,,Cu (0.04) @ Ag site,figure,,Visually estimated from Fig. 5d,11.000000000000002,uW/cm.K2,False,29.0,52.0,23.0,50.093333333333334,2.542222222222222,52.0,64.0,90.0,26.0,81.65333333333332,11.128888888888893,90.0,63.546,127.6,64.054,120.43177066666665,9.557639111111113,127.6,722.66,1357.77,635.11,895.0545333333333,229.8593777777778,722.66,11.0,16.0,5.0,14.333333333333334,2.222222222222222,16.0,4.0,5.0,1.0,4.986666666666667,0.026311111111110546,5.0,132.0,145.0,13.0,140.16,3.0975999999999986,138.0,1.9,2.1,0.20000000000000018,2.0429333333333335,0.07608888888888891,2.1,1.0,2.0,1.0,1.6666666666666667,0.4444444444444444,2.0,0.0,4.0,4.0,2.6666666666666665,1.7777777777777777,4.0,10.0,10.0,0.0,10.0,0.0,10.0,0.0,0.0,0.0,0.0,0.0,0.0,11.0,16.0,5.0,14.333333333333334,2.222222222222222,16.0,0.0,1.0,1.0,0.3333333333333333,0.4444444444444445,0.0,0.0,2.0,2.0,1.3333333333333333,0.8888888888888888,2.0,0.0,0.0,0.0,0.0,0.0,0.0,0.0,0.0,0.0,0.0,0.0,0.0,1.0,2.0,1.0,1.6666666666666667,0.4444444444444444,2.0,11.07,34.7633333333,23.693333333299996,28.54875555553333,8.286103703688887,34.7633333333,0.0,0.464,0.464,0.30933333333333335,0.20622222222222222,0.464,0.0,0.0,0.0,0.0,0.0,0.0,152.0,225.0,73.0,176.33333333333334,32.44444444444445,152.0,1.6666666666666667,2.6666666666666665,10.0,0.0,0.11627906976744186,0.18604651162790695,0.6976744186046512,0.0,5.757728370863799,0.1685400313971744,0.04,1.0,0.0,0.32,0.0,0.6666666666666666,573.0,1.0,0.42000000000000004
am4c05873.pdf,10.1021/acsami.4c05873,AgSbTe2,AgSb0.96Mg0.02Ti0.02Te2,AgSb0.96Mg0.02Ti0.02Te2,Mg,0.02,Sb,Ti (0.02) @ Sb,Mg (0.02) @ Sb site; Ti (0.02) @ Sb site,body text,Page 2,,14.999999999999998,uW/cm.K2,False,12.0,52.0,40.0,50.16,2.2432000000000016,52.0,43.0,90.0,47.0,82.20500000000001,9.136599999999994,90.0,24.305,127.6,103.29499999999999,120.35031,7.926341200000001,127.6,722.66,1941.0,1218.3400000000001,901.2897,178.6297,722.66,2.0,16.0,14.0,14.379999999999999,1.9176000000000006,16.0,3.0,5.0,2.0,4.985,0.02969999999999969,5.0,138.0,160.0,22.0,140.115,2.6502000000000043,138.0,1.31,2.1,0.79,2.0387500000000003,0.06664999999999988,2.1,1.0,2.0,1.0,1.75,0.375,2.0,0.0,4.0,4.0,2.7199999999999998,1.4144,4.0,0.0,10.0,10.0,9.91,0.17819999999999986,10.0,0.0,0.0,0.0,0.0,0.0,0.0,2.0,16.0,14.0,14.379999999999999,1.9176000000000006,16.0,0.0,1.0,1.0,0.25,0.375,0.0,0.0,3.0,3.0,1.72,0.8944000000000001,2.0,0.0,8.0,8.0,0.04,0.0796,0.0,0.0,0.0,0.0,0.0,0.0,0.0,0.0,8.0,8.0,2.01,0.5350999999999999,2.0,16.33,34.7633333333,18.4333333333,29.236466666649996,6.642162666658001,34.7633333333,0.0,0.464,0.464,0.232,0.23199999999999998,0.464,0.0,2.25333333333e-05,2.25333333333e-05,1.126666666665e-07,2.24206666666335e-07,0.0,152.0,225.0,73.0,174.03,25.8844,152.0,1.75,2.7199999999999998,9.91,0.0,0.12169680111265647,0.18915159944367177,0.6891515994436718,0.0,9.051442280083934,0.12889815035325883,0.02,2.0,1.0,0.25,0.24,0.5,523.0,1.0,0.040000000000000036
am4c05873.pdf,10.1021/acsami.4c05873,AgSbTe2,Ag0.96Mg0.02Ti0.02Te2,Ag0.96Mg0.02Ti0.02Te2,Mg,0.02,unclear,Ti (0.02) @ unclear,Mg (0.02) @ unclear site; Ti (0.02) @ unclear site,body text,,,14.999999999999998,uW/cm.K2,False,12.0,52.0,40.0,49.93333333333334,2.755555555555554,52.0,43.0,90.0,47.0,81.54,11.28,90.0,24.305,127.6,103.29499999999999,120.06563733333333,10.045816888888886,127.6,722.66,1941.0,1218.3400000000001,896.0442666666667,231.17902222222224,722.66,2.0,16.0,14.0,14.226666666666667,2.3644444444444446,16.0,3.0,5.0,2.0,4.9799999999999995,0.039466666666667115,5.0,138.0,160.0,22.0,140.40666666666667,3.2088888888888882,138.0,1.31,2.1,0.79,2.0366,0.08453333333333342,2.1,1.0,2.0,1.0,1.68,0.43520000000000003,2.0,0.0,4.0,4.0,2.6666666666666665,1.7777777777777777,4.0,0.0,10.0,10.0,9.88,0.23679999999999923,10.0,0.0,0.0,0.0,0.0,0.0,0.0,2.0,16.0,14.0,14.226666666666667,2.3644444444444446,16.0,0.0,1.0,1.0,0.32,0.4352,0.0,0.0,2.0,2.0,1.3333333333333333,0.8888888888888888,2.0,0.0,8.0,8.0,0.05333333333333334,0.10595555555555557,0.0,0.0,0.0,0.0,0.0,0.0,0.0,0.0,8.0,8.0,1.7066666666666668,0.4750222222222222,2.0,16.33,34.7633333333,18.4333333333,28.665022222199998,8.131081481466666,34.7633333333,0.0,0.464,0.464,0.30933333333333335,0.20622222222222222,0.464,0.0,2.25333333333e-05,2.25333333333e-05,1.50222222222e-07,2.9844148148104e-07,0.0,152.0,225.0,73.0,175.92,31.89333333333333,152.0,1.68,2.6666666666666665,9.88,0.0,0.11808809746954077,0.1874414245548266,0.6944704779756327,0.0,5.834570321817636,0.19613694329998052,0.02,2.0,1.0,0.32,0.0,0.6666666666666666,523.0,,
am4c06836.pdf,10.1021/acsami.4c06836,AgSbTe2,Ag0.85Sn0.15Sb0.85Ge0.15Te2,Ag0.85Sn0.15Sb0.85Ge0.15Te2,Sn,0.15,Ag,Ge (0.15) @ Sb,Sn (0.15) @ Ag site; Ge (0.15) @ Sb site,body text,Abstract and Section 3,,10.8,uW/cm.K2,False,32.0,52.0,20.0,49.9,2.5750000000000006,52.0,65.0,90.0,25.0,82.8375,8.081562499999997,90.0,72.64,127.6,54.959999999999994,119.77161749999999,8.6734450625,127.6,505.08,1234.93,729.8500000000001,880.173875,185.64591562500004,722.66,11.0,16.0,5.0,14.575,1.6056250000000003,16.0,4.0,5.0,1.0,4.9625,0.07218749999999967,5.0,120.0,145.0,25.0,139.0625,2.5234375,138.0,1.93,2.1,0.17000000000000015,2.044625,0.05765937500000007,2.1,1.0,2.0,1.0,1.7874999999999999,0.3346875,2.0,0.0,4.0,4.0,2.7874999999999996,1.3028125000000004,4.0,10.0,10.0,0.0,10.0,0.0,10.0,0.0,0.0,0.0,0.0,0.0,0.0,11.0,16.0,5.0,14.575,1.6056250000000003,16.0,0.0,1.0,1.0,0.2125,0.33468749999999997,0.0,0.0,4.0,4.0,1.9375,0.8234375,2.0,0.0,0.0,0.0,0.0,0.0,0.0,0.0,0.0,0.0,0.0,0.0,0.0,1.0,4.0,3.0,2.15,0.6387499999999999,2.0,16.33,34.7633333333,18.4333333333,29.669166666649996,6.168958333325,34.7633333333,0.0,0.464,0.464,0.2463625,0.2278853125,0.464,0.0,0.0,0.0,0.0,0.0,0.0,141.0,225.0,84.0,172.8125,26.09375,152.0,1.7874999999999999,2.7874999999999996,10.0,0.0,0.12264150943396226,0.19125214408233274,0.686106346483705,0.0,10.402018936732537,0.10683634633682224,0.15,2.0,1.0,0.2125,0.2125,0.5,757.0,1.0,0.4600000000000001
am4c06836.pdf,10.1021/acsami.4c06836,AgSbTe2,"x=0, y=0",AgSbTe2,,,,,,figure,Fig. 5c,Visually estimated from Fig. 5c,1.5000000000000002,uW/cm.K2,False,47.0,52.0,5.0,50.5,1.75,52.0,65.0,90.0,25.0,82.5,8.75,90.0,107.8682,127.6,19.731799999999993,121.20705,6.669425,127.6,722.66,1234.93,512.2700000000001,896.0074999999999,173.34750000000003,722.66,11.0,16.0,5.0,14.5,1.75,16.0,5.0,5.0,0.0,5.0,0.0,5.0,138.0,145.0,7.0,140.0,2.5,138.0,1.93,2.1,0.17000000000000015,2.045,0.05750000000000005,2.1,1.0,2.0,1.0,1.75,0.375,2.0,0.0,4.0,4.0,2.75,1.375,4.0,10.0,10.0,0.0,10.0,0.0,10.0,0.0,0.0,0.0,0.0,0.0,0.0,11.0,16.0,5.0,14.5,1.75,16.0,0.0,1.0,1.0,0.25,0.375,0.0,0.0,3.0,3.0,1.75,0.875,2.0,0.0,0.0,0.0,0.0,0.0,0.0,0.0,0.0,0.0,0.0,0.0,0.0,1.0,3.0,2.0,2.0,0.5,2.0,16.33,34.7633333333,18.4333333333,29.35416666665,6.512083333324999,34.7633333333,0.0,0.464,0.464,0.232,0.232,0.464,0.0,0.0,0.0,0.0,0.0,0.0,152.0,225.0,73.0,173.75,25.625,152.0,1.75,2.75,10.0,0.0,0.1206896551724138,0.1896551724137931,0.6896551724137931,0.0,8.644719482306641,0.11200000000000014,,0.0,0.0,0.25,0.25,0.5,300.0,,
am4c06836.pdf,10.1021/acsami.4c06836,AgSbTe2,"x=0.15, y=0.15",Ag0.85Sn0.15Sb0.85Ge0.15Te2,Sn,0.15,Ag,Ge (0.15) @ Sb,Sn (0.15) @ Ag site; Ge (0.15) @ Sb site,figure,Fig. 5c,Visually estimated from Fig. 5c,10.8,uW/cm.K2,False,32.0,52.0,20.0,49.9,2.5750000000000006,52.0,65.0,90.0,25.0,82.8375,8.081562499999997,90.0,72.64,127.6,54.959999999999994,119.77161749999999,8.6734450625,127.6,505.08,1234.93,729.8500000000001,880.173875,185.64591562500004,722.66,11.0,16.0,5.0,14.575,1.6056250000000003,16.0,4.0,5.0,1.0,4.9625,0.07218749999999967,5.0,120.0,145.0,25.0,139.0625,2.5234375,138.0,1.93,2.1,0.17000000000000015,2.044625,0.05765937500000007,2.1,1.0,2.0,1.0,1.7874999999999999,0.3346875,2.0,0.0,4.0,4.0,2.7874999999999996,1.3028125000000004,4.0,10.0,10.0,0.0,10.0,0.0,10.0,0.0,0.0,0.0,0.0,0.0,0.0,11.0,16.0,5.0,14.575,1.6056250000000003,16.0,0.0,1.0,1.0,0.2125,0.33468749999999997,0.0,0.0,4.0,4.0,1.9375,0.8234375,2.0,0.0,0.0,0.0,0.0,0.0,0.0,0.0,0.0,0.0,0.0,0.0,0.0,1.0,4.0,3.0,2.15,0.6387499999999999,2.0,16.33,34.7633333333,18.4333333333,29.669166666649996,6.168958333325,34.7633333333,0.0,0.464,0.464,0.2463625,0.2278853125,0.464,0.0,0.0,0.0,0.0,0.0,0.0,141.0,225.0,84.0,172.8125,26.09375,152.0,1.7874999999999999,2.7874999999999996,10.0,0.0,0.12264150943396226,0.19125214408233274,0.686106346483705,0.0,10.402018936732537,0.10683634633682224,0.15,2.0,1.0,0.2125,0.2125,0.5,757.0,1.0,0.4600000000000001
c0jm00138d.pdf,10.1039/c0jm00138d,AgSbTe2,x=48,(Ag2Te)0.48(Sb2Te3)0.52,,,,,,text,page 1 and page 5,,15.0,uW/cm.K2,False,47.0,52.0,5.0,50.55445544554455,1.6892461523380096,52.0,65.0,90.0,25.0,82.77227722772277,8.446230761690032,90.0,107.8682,127.6,19.731799999999993,121.40788910891088,6.434703734927952,127.6,722.66,1234.93,512.2700000000001,891.0124752475248,170.01933143809433,722.66,11.0,16.0,5.0,14.554455445544555,1.6892461523380058,16.0,5.0,5.0,0.0,5.0,0.0,5.0,138.0,145.0,7.0,139.9207920792079,2.4138809920595907,138.0,1.93,2.1,0.17000000000000015,2.0467326732673268,0.05547691402803645,2.1,1.0,2.0,1.0,1.7623762376237624,0.36231741986079796,2.0,0.0,4.0,4.0,2.7920792079207923,1.3269287324772079,4.0,10.0,10.0,0.0,10.0,0.0,10.0,0.0,0.0,0.0,0.0,0.0,0.0,11.0,16.0,5.0,14.554455445544555,1.6892461523380058,16.0,0.0,1.0,1.0,0.2376237623762376,0.36231741986079796,0.0,0.0,3.0,3.0,1.7821782178217822,0.8469757866875798,2.0,0.0,0.0,0.0,0.0,0.0,0.0,0.0,0.0,0.0,0.0,0.0,0.0,1.0,3.0,2.0,2.01980198019802,0.5046564062346829,2.0,16.33,34.7633333333,18.4333333333,29.558514851468317,6.286818939311673,34.7633333333,0.0,0.464,0.464,0.2342970297029703,0.23197725713165376,0.464,0.0,0.0,0.0,0.0,0.0,0.0,152.0,225.0,73.0,172.95049504950492,24.736398392314463,152.0,1.7623762376237624,2.7920792079207923,10.0,0.0,0.12108843537414965,0.19183673469387758,0.6870748299319728,0.0,8.612487781430904,0.11003780718336499,,0.0,0.0,0.2376237623762376,0.25742574257425743,0.504950495049505,425.0,,
c0jm00138d.pdf,10.1039/c0jm00138d,AgSbTe2,x=50,AgSbTe2,,,,,,text,page 1 and page 5,,15.0,uW/cm.K2,False,47.0,52.0,5.0,50.5,1.75,52.0,65.0,90.0,25.0,82.5,8.75,90.0,107.8682,127.6,19.731799999999993,121.20705,6.669425,127.6,722.66,1234.93,512.2700000000001,896.0074999999999,173.34750000000003,722.66,11.0,16.0,5.0,14.5,1.75,16.0,5.0,5.0,0.0,5.0,0.0,5.0,138.0,145.0,7.0,140.0,2.5,138.0,1.93,2.1,0.17000000000000015,2.045,0.05750000000000005,2.1,1.0,2.0,1.0,1.75,0.375,2.0,0.0,4.0,4.0,2.75,1.375,4.0,10.0,10.0,0.0,10.0,0.0,10.0,0.0,0.0,0.0,0.0,0.0,0.0,11.0,16.0,5.0,14.5,1.75,16.0,0.0,1.0,1.0,0.25,0.375,0.0,0.0,3.0,3.0,1.75,0.875,2.0,0.0,0.0,0.0,0.0,0.0,0.0,0.0,0.0,0.0,0.0,0.0,0.0,1.0,3.0,2.0,2.0,0.5,2.0,16.33,34.7633333333,18.4333333333,29.35416666665,6.512083333324999,34.7633333333,0.0,0.464,0.464,0.232,0.232,0.464,0.0,0.0,0.0,0.0,0.0,0.0,152.0,225.0,73.0,173.75,25.625,152.0,1.75,2.75,10.0,0.0,0.1206896551724138,0.1896551724137931,0.6896551724137931,0.0,8.644719482306641,0.11200000000000014,,0.0,0.0,0.25,0.25,0.5,425.0,,
c0jm00138d.pdf,10.1039/c0jm00138d,AgSbTe2,"(Ag2Te)x(Sb2Te3)100-x, x=44",(Ag2Te)44(Sb2Te3)56,,,,,,figure,Fig. 7c,Visually estimated from Fig. 7c,11.999999999999998,uW/cm.K2,False,47.0,52.0,5.0,50.66019417475728,1.563578094071073,52.0,65.0,90.0,25.0,83.30097087378641,7.817890470355356,90.0,107.8682,127.6,19.731799999999993,121.79786796116504,5.971126175888393,127.6,722.66,1234.93,512.2700000000001,881.3133980582525,163.27437081723068,722.66,11.0,16.0,5.0,14.660194174757281,1.563578094071072,16.0,5.0,5.0,0.0,5.0,0.0,5.0,138.0,145.0,7.0,139.76699029126215,2.235460458101618,138.0,1.93,2.1,0.17000000000000015,2.050097087378641,0.051356395513243586,2.1,1.0,2.0,1.0,1.7864077669902914,0.33594118201527,2.0,0.0,4.0,4.0,2.8737864077669903,1.2276369120558015,4.0,10.0,10.0,0.0,10.0,0.0,10.0,0.0,0.0,0.0,0.0,0.0,0.0,11.0,16.0,5.0,14.660194174757281,1.563578094071072,16.0,0.0,1.0,1.0,0.21359223300970873,0.33594118201527007,0.0,0.0,3.0,3.0,1.8446601941747574,0.7880101800358187,2.0,0.0,0.0,0.0,0.0,0.0,0.0,0.0,0.0,0.0,0.0,0.0,0.0,1.0,3.0,2.0,2.058252427184466,0.5120180978414554,2.0,16.33,34.7633333333,18.4333333333,29.95530744334854,5.820519684537241,34.7633333333,0.0,0.464,0.464,0.2387572815533981,0.23180318597417288,0.464,0.0,0.0,0.0,0.0,0.0,0.0,152.0,225.0,73.0,171.39805825242718,22.89791686304081,152.0,1.7864077669902914,2.8737864077669903,10.0,0.0,0.12185430463576159,0.19602649006622516,0.6821192052980133,0.0,8.528132530661713,0.10604409063074112,,0.0,0.0,0.21359223300970873,0.27184466019417475,0.5145631067961165,300.0,,
c0jm00138d.pdf,10.1039/c0jm00138d,AgSbTe2,"(Ag2Te)x(Sb2Te3)100-x, x=50",(Ag2Te)50(Sb2Te3)50,,,,,,figure,Fig. 7c,Visually estimated from Fig. 7c,15.0,uW/cm.K2,False,47.0,52.0,5.0,50.5,1.75,52.0,65.0,90.0,25.0,82.5,8.75,90.0,107.8682,127.6,19.731799999999993,121.20705,6.669425,127.6,722.66,1234.93,512.2700000000001,896.0075,173.3475,722.66,11.0,16.0,5.0,14.5,1.75,16.0,5.0,5.0,0.0,5.0,0.0,5.0,138.0,145.0,7.0,140.0,2.5,138.0,1.93,2.1,0.17000000000000015,2.045,0.05750000000000005,2.1,1.0,2.0,1.0,1.75,0.375,2.0,0.0,4.0,4.0,2.75,1.375,4.0,10.0,10.0,0.0,10.0,0.0,10.0,0.0,0.0,0.0,0.0,0.0,0.0,11.0,16.0,5.0,14.5,1.75,16.0,0.0,1.0,1.0,0.25,0.375,0.0,0.0,3.0,3.0,1.75,0.875,2.0,0.0,0.0,0.0,0.0,0.0,0.0,0.0,0.0,0.0,0.0,0.0,0.0,1.0,3.0,2.0,2.0,0.5,2.0,16.33,34.7633333333,18.4333333333,29.35416666665,6.512083333324999,34.7633333333,0.0,0.464,0.464,0.23200000000000004,0.23199999999999998,0.464,0.0,0.0,0.0,0.0,0.0,0.0,152.0,225.0,73.0,173.75,25.625,152.0,1.75,2.75,10.0,0.0,0.1206896551724138,0.1896551724137931,0.6896551724137931,0.0,8.644719482306641,0.11200000000000014,,0.0,0.0,0.25,0.25,0.5,500.0,,
d3nr04584f.pdf,10.1039/d3nr04584f,AgSbTe2,Ag0.91Sb1.09Te2.09,Ag0.91Sb1.09Te2.09,Ag deficiency,0.09,Ag,,Ag deficiency (0.09) @ Ag site,body text,"Page 4, Results and discussion",,16.0,uW/cm.K2,False,47.0,52.0,5.0,50.62102689486553,1.611312701382701,52.0,65.0,90.0,25.0,83.10513447432763,8.056563506913516,90.0,107.8682,127.6,19.731799999999993,121.65341369193155,6.134251569514763,127.6,722.66,1234.93,512.2700000000001,884.9060880195599,165.8162953353938,722.66,11.0,16.0,5.0,14.621026894865526,1.611312701382703,16.0,5.0,5.0,0.0,5.0,0.0,5.0,138.0,145.0,7.0,139.8239608801956,2.303274131551111,138.0,1.93,2.1,0.17000000000000015,2.0488508557457212,0.05288717786239923,2.1,1.0,2.0,1.0,1.7775061124694376,0.3459807150841997,2.0,0.0,4.0,4.0,2.8435207823960877,1.2653319862985037,4.0,10.0,10.0,0.0,10.0,0.0,10.0,0.0,0.0,0.0,0.0,0.0,0.0,11.0,16.0,5.0,14.621026894865526,1.611312701382703,16.0,0.0,1.0,1.0,0.22249388753056237,0.34598071508419964,0.0,0.0,3.0,3.0,1.821515892420538,0.8105523042066942,2.0,0.0,0.0,0.0,0.0,0.0,0.0,0.0,0.0,0.0,0.0,0.0,0.0,1.0,3.0,2.0,2.0440097799511,0.5095497994392667,2.0,16.33,34.7633333333,18.4333333333,29.808329258336673,5.997691748208495,34.7633333333,0.0,0.464,0.464,0.23710513447432763,0.23188766207758205,0.464,0.0,0.0,0.0,0.0,0.0,0.0,152.0,225.0,73.0,171.97310513447434,23.59631996461045,152.0,1.7775061124694376,2.8435207823960877,10.0,0.0,0.12157190635451504,0.19448160535117054,0.6839464882943144,0.0,8.562809027947324,0.10755351031535813,0.09,1.0,0.0,0.22249388753056237,0.2665036674816626,0.511002444987775,425.0,,
d3nr04584f.pdf,10.1039/d3nr04584f,AgSbTe2,Ag0.91Sb1.09Te2.09,Ag0.91Sb1.09Te2.09,Ag,0.91,Ag,Sb (1.09) @ Sb; Te (2.09) @ Te,Ag (0.91) @ Ag site; Sb (1.09) @ Sb site; Te (2.09) @ Te site,figure,Fig. 3d,Visually estimated from Fig. 3d,16.0,uW/cm.K2,False,47.0,52.0,5.0,50.62102689486553,1.611312701382701,52.0,65.0,90.0,25.0,83.10513447432763,8.056563506913516,90.0,107.8682,127.6,19.731799999999993,121.65341369193155,6.134251569514763,127.6,722.66,1234.93,512.2700000000001,884.9060880195599,165.8162953353938,722.66,11.0,16.0,5.0,14.621026894865526,1.611312701382703,16.0,5.0,5.0,0.0,5.0,0.0,5.0,138.0,145.0,7.0,139.8239608801956,2.303274131551111,138.0,1.93,2.1,0.17000000000000015,2.0488508557457212,0.05288717786239923,2.1,1.0,2.0,1.0,1.7775061124694376,0.3459807150841997,2.0,0.0,4.0,4.0,2.8435207823960877,1.2653319862985037,4.0,10.0,10.0,0.0,10.0,0.0,10.0,0.0,0.0,0.0,0.0,0.0,0.0,11.0,16.0,5.0,14.621026894865526,1.611312701382703,16.0,0.0,1.0,1.0,0.22249388753056237,0.34598071508419964,0.0,0.0,3.0,3.0,1.821515892420538,0.8105523042066942,2.0,0.0,0.0,0.0,0.0,0.0,0.0,0.0,0.0,0.0,0.0,0.0,0.0,1.0,3.0,2.0,2.0440097799511,0.5095497994392667,2.0,16.33,34.7633333333,18.4333333333,29.808329258336673,5.997691748208495,34.7633333333,0.0,0.464,0.464,0.23710513447432763,0.23188766207758205,0.464,0.0,0.0,0.0,0.0,0.0,0.0,152.0,225.0,73.0,171.97310513447434,23.59631996461045,152.0,1.7775061124694376,2.8435207823960877,10.0,0.0,0.12157190635451504,0.19448160535117054,0.6839464882943144,0.0,8.562809027947324,0.10755351031535813,0.91,3.0,1.0,0.22249388753056237,0.2665036674816626,0.511002444987775,500.0,0.0,0.0
d3nr04584f.pdf,10.1039/d3nr04584f,AgSbTe2,AgSbTe2,AgSbTe2,,,,,,figure,Fig. 3d,Visually estimated from Fig. 3d,8.0,uW/cm.K2,False,47.0,52.0,5.0,50.5,1.75,52.0,65.0,90.0,25.0,82.5,8.75,90.0,107.8682,127.6,19.731799999999993,121.20705,6.669425,127.6,722.66,1234.93,512.2700000000001,896.0074999999999,173.34750000000003,722.66,11.0,16.0,5.0,14.5,1.75,16.0,5.0,5.0,0.0,5.0,0.0,5.0,138.0,145.0,7.0,140.0,2.5,138.0,1.93,2.1,0.17000000000000015,2.045,0.05750000000000005,2.1,1.0,2.0,1.0,1.75,0.375,2.0,0.0,4.0,4.0,2.75,1.375,4.0,10.0,10.0,0.0,10.0,0.0,10.0,0.0,0.0,0.0,0.0,0.0,0.0,11.0,16.0,5.0,14.5,1.75,16.0,0.0,1.0,1.0,0.25,0.375,0.0,0.0,3.0,3.0,1.75,0.875,2.0,0.0,0.0,0.0,0.0,0.0,0.0,0.0,0.0,0.0,0.0,0.0,0.0,1.0,3.0,2.0,2.0,0.5,2.0,16.33,34.7633333333,18.4333333333,29.35416666665,6.512083333324999,34.7633333333,0.0,0.464,0.464,0.232,0.232,0.464,0.0,0.0,0.0,0.0,0.0,0.0,152.0,225.0,73.0,173.75,25.625,152.0,1.75,2.75,10.0,0.0,0.1206896551724138,0.1896551724137931,0.6896551724137931,0.0,8.644719482306641,0.11200000000000014,,0.0,0.0,0.25,0.25,0.5,500.0,,
d4cp01171f.pdf,10.1039/d4cp01171f,AgSbTe2,Ag0.927Sb1.07Te2.005,Ag0.927Sb1.07Te2.005,,,,,,body text,,Reported as room temperature value.,7.47,uW/cm.K2,False,47.0,52.0,5.0,50.574462768615696,1.655935525490626,52.0,65.0,90.0,25.0,82.87231384307846,8.279677627453141,90.0,107.8682,127.6,19.731799999999993,121.46802133933033,6.3003670072759705,127.6,722.66,1234.93,512.2700000000001,889.7446301849077,167.41863244414776,722.66,11.0,16.0,5.0,14.574462768615692,1.6559355254906278,16.0,5.0,5.0,0.0,5.0,0.0,5.0,138.0,145.0,7.0,139.8888055972014,2.367854678357979,138.0,1.93,2.1,0.17000000000000015,2.047253873063468,0.05432001015983769,2.1,1.0,2.0,1.0,1.7683658170914545,0.35595957643367215,2.0,0.0,4.0,4.0,2.806096951524238,1.2999759490569558,4.0,10.0,10.0,0.0,10.0,0.0,10.0,0.0,0.0,0.0,0.0,0.0,0.0,11.0,16.0,5.0,14.574462768615692,1.6559355254906278,16.0,0.0,1.0,1.0,0.23163418290854576,0.35595957643367226,0.0,0.0,3.0,3.0,1.804097951024488,0.8357815095450775,2.0,0.0,0.0,0.0,0.0,0.0,0.0,0.0,0.0,0.0,0.0,0.0,0.0,1.0,3.0,2.0,2.035732133933034,0.5156254955980283,2.0,16.33,34.7633333333,18.4333333333,29.637079793419915,6.164749109695282,34.7633333333,0.0,0.464,0.464,0.23246376811594205,0.23199907292730448,0.464,0.0,0.0,0.0,0.0,0.0,0.0,152.0,225.0,73.0,172.65242378810598,24.25097608616983,152.0,1.7683658170914545,2.806096951524238,10.0,0.0,0.12133317331596002,0.19253518953486382,0.6861316371491761,0.0,8.62829644673765,0.10854199714764695,,0.0,0.0,0.23163418290854576,0.26736631684157924,0.500999500249875,300.0,,
d5dt01185j.pdf,10.1039/d5dt01185j,Ba2.75Pb1.1Sb4.1Se10-deltaTe_delta,Ba2.75Pb1.1Sb4.1Se7Te3,Ba2.75Pb1.1Sb4.1Se7Te3,Te,δ = 3,Te,,Te (δ = 3) @ Te site,body text,,,0.0465,uW/cm.K2,False,34.0,82.0,48.0,47.2033426183844,10.297871680076971,34.0,9.0,90.0,81.0,75.50696378830084,20.378178319535074,89.0,78.96,207.2,128.24,113.66603064066851,27.0687704161203,78.96,494.0,1000.0,506.0,709.8690250696379,181.7568917063027,494.0,2.0,16.0,14.0,13.5041782729805,3.5249571309968117,16.0,4.0,6.0,2.0,4.8245125348189415,0.6430738433128235,4.0,120.0,215.0,95.0,143.49582172701952,22.216277030749307,120.0,0.89,2.55,1.6599999999999997,2.0927855153203345,0.3880869949798651,2.55,2.0,2.0,0.0,2.0,0.0,2.0,0.0,4.0,4.0,3.0362116991643457,1.073858831014657,4.0,0.0,10.0,10.0,8.467966573816156,2.594641568578766,10.0,0.0,14.0,14.0,0.8579387186629528,1.6107261737571872,0.0,2.0,28.0,26.0,14.362116991643456,3.7878352899186063,16.0,0.0,0.0,0.0,0.0,0.0,0.0,0.0,4.0,4.0,2.0445682451253484,0.6761275905680436,2.0,0.0,0.0,0.0,0.0,0.0,0.0,0.0,0.0,0.0,0.0,0.0,0.0,0.0,4.0,4.0,2.0445682451253484,0.6761275905680436,2.0,25.92,63.59,37.67,34.591615598880225,8.94269752716866,25.92,0.0,0.799,0.799,0.3891364902506964,0.34469471838362514,0.799,0.0,0.0,0.0,0.0,0.0,0.0,14.0,229.0,215.0,117.65181058495821,80.84263778214012,14.0,2.0,3.0362116991643457,8.467966573816156,0.8579387186629528,0.13925523661753295,0.21140418929402638,0.5896043444530643,0.05973622963537627,12.155903853911417,0.7334112815354958,0.03,1.0,0.0,0.0,0.22841225626740946,0.1671309192200557,300.0,0.0,0.0
d5dt01185j.pdf,10.1039/d5dt01185j,Ba2.75Pb1.1Sb4.1Se10-deltaTe_delta,Ba2.75Pb1.1Sb4.1Se7Te3,Ba2.75Pb1.1Sb4.1Se7Te3,Te,δ = 3,Te,,Te (δ = 3) @ Te site,body text,,,0.3243999999999999,uW/cm.K2,False,34.0,82.0,48.0,47.2033426183844,10.297871680076971,34.0,9.0,90.0,81.0,75.50696378830084,20.378178319535074,89.0,78.96,207.2,128.24,113.66603064066851,27.0687704161203,78.96,494.0,1000.0,506.0,709.8690250696379,181.7568917063027,494.0,2.0,16.0,14.0,13.5041782729805,3.5249571309968117,16.0,4.0,6.0,2.0,4.8245125348189415,0.6430738433128235,4.0,120.0,215.0,95.0,143.49582172701952,22.216277030749307,120.0,0.89,2.55,1.6599999999999997,2.0927855153203345,0.3880869949798651,2.55,2.0,2.0,0.0,2.0,0.0,2.0,0.0,4.0,4.0,3.0362116991643457,1.073858831014657,4.0,0.0,10.0,10.0,8.467966573816156,2.594641568578766,10.0,0.0,14.0,14.0,0.8579387186629528,1.6107261737571872,0.0,2.0,28.0,26.0,14.362116991643456,3.7878352899186063,16.0,0.0,0.0,0.0,0.0,0.0,0.0,0.0,4.0,4.0,2.0445682451253484,0.6761275905680436,2.0,0.0,0.0,0.0,0.0,0.0,0.0,0.0,0.0,0.0,0.0,0.0,0.0,0.0,4.0,4.0,2.0445682451253484,0.6761275905680436,2.0,25.92,63.59,37.67,34.591615598880225,8.94269752716866,25.92,0.0,0.799,0.799,0.3891364902506964,0.34469471838362514,0.799,0.0,0.0,0.0,0.0,0.0,0.0,14.0,229.0,215.0,117.65181058495821,80.84263778214012,14.0,2.0,3.0362116991643457,8.467966573816156,0.8579387186629528,0.13925523661753295,0.21140418929402638,0.5896043444530643,0.05973622963537627,12.155903853911417,0.7334112815354958,0.03,1.0,0.0,0.0,0.22841225626740946,0.1671309192200557,773.0,0.0,0.0
d5dt01185j.pdf,10.1039/d5dt01185j,Ba2.75Pb1.1Sb4.1Se10-deltaTe_delta,Ba2.75Pb1.1Sb4.1Se6Te4,Ba2.75Pb1.1Sb4.1Se6Te4,Te,δ = 4,Te,,Te (δ = 4) @ Te site,body text,,,0.0484999999999999,uW/cm.K2,False,34.0,82.0,48.0,48.20612813370474,9.497133014175866,34.0,9.0,90.0,81.0,75.56267409470752,20.395248329854674,89.0,78.96,207.2,128.24,116.37577994428969,25.013334781697846,78.96,494.0,1000.0,506.0,722.6077437325905,167.78205910879026,494.0,2.0,16.0,14.0,13.5041782729805,3.524957130996812,16.0,4.0,6.0,2.0,4.880222841225627,0.5884498102901127,4.0,120.0,215.0,95.0,144.49860724233983,21.786112770695446,120.0,0.89,2.55,1.6599999999999997,2.0677158774373257,0.36895306523071675,2.55,2.0,2.0,0.0,2.0,0.0,2.0,0.0,4.0,4.0,3.0362116991643457,1.073858831014657,4.0,0.0,10.0,10.0,8.467966573816156,2.594641568578766,10.0,0.0,14.0,14.0,0.8579387186629528,1.6107261737571872,0.0,2.0,28.0,26.0,14.362116991643456,3.7878352899186063,16.0,0.0,0.0,0.0,0.0,0.0,0.0,0.0,4.0,4.0,2.0445682451253484,0.6761275905680435,2.0,0.0,0.0,0.0,0.0,0.0,0.0,0.0,0.0,0.0,0.0,0.0,0.0,0.0,4.0,4.0,2.0445682451253484,0.6761275905680435,2.0,25.92,63.59,37.67,35.084280408534816,8.734343050309667,25.92,0.0,0.799,0.799,0.37047353760445684,0.3281631892986554,0.799,0.0,0.0,0.0,0.0,0.0,0.0,14.0,229.0,215.0,125.33983286908078,74.43331445286738,14.0,2.0,3.0362116991643457,8.467966573816156,0.8579387186629528,0.13925523661753295,0.21140418929402638,0.5896043444530643,0.05973622963537627,12.443771231471446,0.7013473959610825,0.04,1.0,0.0,0.0,0.22841225626740946,0.22284122562674097,300.0,0.0,0.0
d5dt01185j.pdf,10.1039/d5dt01185j,Ba2.75Pb1.1Sb4.1Se10-deltaTe_delta,Ba2.75Pb1.1Sb4.1Se6Te4,Ba2.75Pb1.1Sb4.1Se6Te4,Te,δ = 4,Te,,Te (δ = 4) @ Te site,body text,,,0.3441999999999999,uW/cm.K2,False,34.0,82.0,48.0,48.20612813370474,9.497133014175866,34.0,9.0,90.0,81.0,75.56267409470752,20.395248329854674,89.0,78.96,207.2,128.24,116.37577994428969,25.013334781697846,78.96,494.0,1000.0,506.0,722.6077437325905,167.78205910879026,494.0,2.0,16.0,14.0,13.5041782729805,3.524957130996812,16.0,4.0,6.0,2.0,4.880222841225627,0.5884498102901127,4.0,120.0,215.0,95.0,144.49860724233983,21.786112770695446,120.0,0.89,2.55,1.6599999999999997,2.0677158774373257,0.36895306523071675,2.55,2.0,2.0,0.0,2.0,0.0,2.0,0.0,4.0,4.0,3.0362116991643457,1.073858831014657,4.0,0.0,10.0,10.0,8.467966573816156,2.594641568578766,10.0,0.0,14.0,14.0,0.8579387186629528,1.6107261737571872,0.0,2.0,28.0,26.0,14.362116991643456,3.7878352899186063,16.0,0.0,0.0,0.0,0.0,0.0,0.0,0.0,4.0,4.0,2.0445682451253484,0.6761275905680435,2.0,0.0,0.0,0.0,0.0,0.0,0.0,0.0,0.0,0.0,0.0,0.0,0.0,0.0,4.0,4.0,2.0445682451253484,0.6761275905680435,2.0,25.92,63.59,37.67,35.084280408534816,8.734343050309667,25.92,0.0,0.799,0.799,0.37047353760445684,0.3281631892986554,0.799,0.0,0.0,0.0,0.0,0.0,0.0,14.0,229.0,215.0,125.33983286908078,74.43331445286738,14.0,2.0,3.0362116991643457,8.467966573816156,0.8579387186629528,0.13925523661753295,0.21140418929402638,0.5896043444530643,0.05973622963537627,12.443771231471446,0.7013473959610825,0.04,1.0,0.0,0.0,0.22841225626740946,0.22284122562674097,773.0,0.0,0.0
el3c01653.pdf,10.1021/acsaelm.3c01653,AgSbTe2,Ag0.7Sb1.12Te2,Ag0.7Sb1.12Te2,Ag vacancy,0.3,Ag,Sb (0.12) @ Ag,Ag vacancy (0.3) @ Ag site; Sb (0.12) @ Ag site,body text,,,9.0,uW/cm.K2,False,47.0,52.0,5.0,50.79057591623037,1.389216304377621,52.0,65.0,90.0,25.0,83.95287958115182,6.946081521888114,90.0,107.8682,127.6,19.731799999999993,122.27197382198952,5.57908500315232,127.6,722.66,1234.93,512.2700000000001,869.6347120418848,153.90022203338725,722.66,11.0,16.0,5.0,14.790575916230365,1.389216304377622,16.0,5.0,5.0,0.0,5.0,0.0,5.0,138.0,145.0,7.0,139.5759162303665,1.9878841040541624,138.0,1.93,2.1,0.17000000000000015,2.0541884816753924,0.04797017625613345,2.1,1.0,2.0,1.0,1.8167539267015707,0.2993338998382719,2.0,0.0,4.0,4.0,2.9738219895287954,1.0898824045393494,4.0,10.0,10.0,0.0,10.0,0.0,10.0,0.0,0.0,0.0,0.0,0.0,0.0,11.0,16.0,5.0,14.790575916230365,1.389216304377622,16.0,0.0,1.0,1.0,0.1832460732984293,0.2993338998382719,0.0,0.0,3.0,3.0,1.9267015706806283,0.7061209944902825,2.0,0.0,0.0,0.0,0.0,0.0,0.0,0.0,0.0,0.0,0.0,0.0,0.0,1.0,3.0,2.0,2.1099476439790577,0.5219155176667306,2.0,16.33,34.7633333333,18.4333333333,30.446300174502614,5.173513152959075,34.7633333333,0.0,0.464,0.464,0.24293193717277486,0.231484882541597,0.464,0.0,0.0,0.0,0.0,0.0,0.0,152.0,225.0,73.0,169.48167539267016,20.34702996080151,152.0,1.8167539267015707,2.9738219895287954,10.0,0.0,0.12283185840707966,0.20106194690265486,0.6761061946902656,0.0,8.393268458300069,0.10037974683544318,0.3,2.0,1.0,0.1832460732984293,0.29319371727748694,0.5235602094240838,750.0,,
el3c01653.pdf,10.1021/acsaelm.3c01653,AgSbTe2,Ag0.7Sb1.12Te1.95Se0.05,Ag0.7Sb1.12Te1.95Se0.05,Ag vacancy,0.3,Ag,Sb (0.12) @ Ag; Se (0.05) @ Te,Ag vacancy (0.3) @ Ag site; Sb (0.12) @ Ag site; Se (0.05) @ Te site,body text,,,9.0,uW/cm.K2,False,34.0,52.0,18.0,50.554973821989535,1.7362462651791308,52.0,65.0,90.0,25.0,83.93979057591623,6.94128450426249,90.0,78.96,127.6,48.64,121.63532460732984,6.162698144239471,127.6,494.0,1234.93,740.9300000000001,866.641780104712,156.75212576409638,722.66,11.0,16.0,5.0,14.790575916230367,1.3892163043776213,16.0,4.0,5.0,1.0,4.986910994764398,0.02583536635508894,5.0,120.0,145.0,25.0,139.34031413612564,2.074230421315197,138.0,1.93,2.55,0.6199999999999999,2.0600785340314136,0.05358268687810105,2.1,1.0,2.0,1.0,1.8167539267015707,0.299333899838272,2.0,0.0,4.0,4.0,2.973821989528796,1.0898824045393494,4.0,10.0,10.0,0.0,10.000000000000002,1.7763568394002505e-15,10.0,0.0,0.0,0.0,0.0,0.0,0.0,11.0,16.0,5.0,14.790575916230367,1.3892163043776213,16.0,0.0,1.0,1.0,0.18324607329842932,0.29933389983827197,0.0,0.0,3.0,3.0,1.9267015706806283,0.7061209944902826,2.0,0.0,0.0,0.0,0.0,0.0,0.0,0.0,0.0,0.0,0.0,0.0,0.0,1.0,3.0,2.0,2.1099476439790577,0.5219155176667306,2.0,16.33,34.7633333333,18.4333333333,30.330549738202883,5.246550944320498,34.7633333333,0.0,0.799,0.799,0.2473167539267016,0.23566308489350624,0.464,0.0,0.0,0.0,0.0,0.0,0.0,14.0,225.0,211.0,167.67539267015707,21.009018393136152,152.0,1.8167539267015707,2.973821989528796,10.000000000000002,0.0,0.12283185840707964,0.20106194690265486,0.6761061946902656,0.0,8.902178210625811,0.11697556120756401,0.3,3.0,1.0,0.18324607329842932,0.29319371727748694,0.5104712041884817,750.0,,
el3c01653.pdf,10.1021/acsaelm.3c01653,AgSbTe2,Ag0.7Sb1.12Te2,Ag0.7Sb1.12Te2,Ag,0.7,Ag,Sb (1.12) @ Sb,Ag (0.7) @ Ag site; Sb (1.12) @ Sb site,figure,Fig. 6c,Visually estimated from Fig. 6c,5.999999999999999,uW/cm.K2,False,47.0,52.0,5.0,50.79057591623037,1.389216304377621,52.0,65.0,90.0,25.0,83.95287958115182,6.946081521888114,90.0,107.8682,127.6,19.731799999999993,122.27197382198952,5.57908500315232,127.6,722.66,1234.93,512.2700000000001,869.6347120418848,153.90022203338725,722.66,11.0,16.0,5.0,14.790575916230365,1.389216304377622,16.0,5.0,5.0,0.0,5.0,0.0,5.0,138.0,145.0,7.0,139.5759162303665,1.9878841040541624,138.0,1.93,2.1,0.17000000000000015,2.0541884816753924,0.04797017625613345,2.1,1.0,2.0,1.0,1.8167539267015707,0.2993338998382719,2.0,0.0,4.0,4.0,2.9738219895287954,1.0898824045393494,4.0,10.0,10.0,0.0,10.0,0.0,10.0,0.0,0.0,0.0,0.0,0.0,0.0,11.0,16.0,5.0,14.790575916230365,1.389216304377622,16.0,0.0,1.0,1.0,0.1832460732984293,0.2993338998382719,0.0,0.0,3.0,3.0,1.9267015706806283,0.7061209944902825,2.0,0.0,0.0,0.0,0.0,0.0,0.0,0.0,0.0,0.0,0.0,0.0,0.0,1.0,3.0,2.0,2.1099476439790577,0.5219155176667306,2.0,16.33,34.7633333333,18.4333333333,30.446300174502614,5.173513152959075,34.7633333333,0.0,0.464,0.464,0.24293193717277486,0.231484882541597,0.464,0.0,0.0,0.0,0.0,0.0,0.0,152.0,225.0,73.0,169.48167539267016,20.34702996080151,152.0,1.8167539267015707,2.9738219895287954,10.0,0.0,0.12283185840707966,0.20106194690265486,0.6761061946902656,0.0,8.393268458300069,0.10037974683544318,0.7,2.0,1.0,0.1832460732984293,0.29319371727748694,0.5235602094240838,300.0,0.0,0.0
el3c01653.pdf,10.1021/acsaelm.3c01653,AgSbTe2,Ag0.7Sb1.12Te1.95Se0.05,Ag0.7Sb1.12Te1.95Se0.05,Ag,0.7,Ag,Sb (1.12) @ Sb; Se (0.05) @ Te,Ag (0.7) @ Ag site; Sb (1.12) @ Sb site; Se (0.05) @ Te site,figure,Fig. 6c,Visually estimated from Fig. 6c,4.000000000000001,uW/cm.K2,False,34.0,52.0,18.0,50.554973821989535,1.7362462651791308,52.0,65.0,90.0,25.0,83.93979057591623,6.94128450426249,90.0,78.96,127.6,48.64,121.63532460732984,6.162698144239471,127.6,494.0,1234.93,740.9300000000001,866.641780104712,156.75212576409638,722.66,11.0,16.0,5.0,14.790575916230367,1.3892163043776213,16.0,4.0,5.0,1.0,4.986910994764398,0.02583536635508894,5.0,120.0,145.0,25.0,139.34031413612564,2.074230421315197,138.0,1.93,2.55,0.6199999999999999,2.0600785340314136,0.05358268687810105,2.1,1.0,2.0,1.0,1.8167539267015707,0.299333899838272,2.0,0.0,4.0,4.0,2.973821989528796,1.0898824045393494,4.0,10.0,10.0,0.0,10.000000000000002,1.7763568394002505e-15,10.0,0.0,0.0,0.0,0.0,0.0,0.0,11.0,16.0,5.0,14.790575916230367,1.3892163043776213,16.0,0.0,1.0,1.0,0.18324607329842932,0.29933389983827197,0.0,0.0,3.0,3.0,1.9267015706806283,0.7061209944902826,2.0,0.0,0.0,0.0,0.0,0.0,0.0,0.0,0.0,0.0,0.0,0.0,0.0,1.0,3.0,2.0,2.1099476439790577,0.5219155176667306,2.0,16.33,34.7633333333,18.4333333333,30.330549738202883,5.246550944320498,34.7633333333,0.0,0.799,0.799,0.2473167539267016,0.23566308489350624,0.464,0.0,0.0,0.0,0.0,0.0,0.0,14.0,225.0,211.0,167.67539267015707,21.009018393136152,152.0,1.8167539267015707,2.973821989528796,10.000000000000002,0.0,0.12283185840707964,0.20106194690265486,0.6761061946902656,0.0,8.902178210625811,0.11697556120756401,0.7,3.0,1.0,0.18324607329842932,0.29319371727748694,0.5104712041884817,300.0,0.0,0.0
el3c01653.pdf,10.1021/acsaelm.3c01653,AgSbTe2,Ag0.7Sb1.12Te1.95Se0.05,Ag0.7Sb1.12Te1.95Se0.05,Ag,0.7,Ag,Sb (1.12) @ Sb; Se (0.05) @ Te,Ag (0.7) @ Ag site; Sb (1.12) @ Sb site; Se (0.05) @ Te site,figure,Fig. 6c,Visually estimated from Fig. 6c,8.000000000000002,uW/cm.K2,False,34.0,52.0,18.0,50.554973821989535,1.7362462651791308,52.0,65.0,90.0,25.0,83.93979057591623,6.94128450426249,90.0,78.96,127.6,48.64,121.63532460732984,6.162698144239471,127.6,494.0,1234.93,740.9300000000001,866.641780104712,156.75212576409638,722.66,11.0,16.0,5.0,14.790575916230367,1.3892163043776213,16.0,4.0,5.0,1.0,4.986910994764398,0.02583536635508894,5.0,120.0,145.0,25.0,139.34031413612564,2.074230421315197,138.0,1.93,2.55,0.6199999999999999,2.0600785340314136,0.05358268687810105,2.1,1.0,2.0,1.0,1.8167539267015707,0.299333899838272,2.0,0.0,4.0,4.0,2.973821989528796,1.0898824045393494,4.0,10.0,10.0,0.0,10.000000000000002,1.7763568394002505e-15,10.0,0.0,0.0,0.0,0.0,0.0,0.0,11.0,16.0,5.0,14.790575916230367,1.3892163043776213,16.0,0.0,1.0,1.0,0.18324607329842932,0.29933389983827197,0.0,0.0,3.0,3.0,1.9267015706806283,0.7061209944902826,2.0,0.0,0.0,0.0,0.0,0.0,0.0,0.0,0.0,0.0,0.0,0.0,0.0,1.0,3.0,2.0,2.1099476439790577,0.5219155176667306,2.0,16.33,34.7633333333,18.4333333333,30.330549738202883,5.246550944320498,34.7633333333,0.0,0.799,0.799,0.2473167539267016,0.23566308489350624,0.464,0.0,0.0,0.0,0.0,0.0,0.0,14.0,225.0,211.0,167.67539267015707,21.009018393136152,152.0,1.8167539267015707,2.973821989528796,10.000000000000002,0.0,0.12283185840707964,0.20106194690265486,0.6761061946902656,0.0,8.902178210625811,0.11697556120756401,0.7,3.0,1.0,0.18324607329842932,0.29319371727748694,0.5104712041884817,750.0,0.0,0.0
ja1c07522.pdf,10.1021/jacs.1c07522,AgSbTe2,ATMS,AgMnSbTe3,Mn,equimolar ratio,multiple sites,,Mn (equimolar ratio) @ multiple sites site,text,Abstract,,12.199999999999998,uW/cm.K2,False,25.0,52.0,27.0,46.5,7.166666666666667,52.0,52.0,90.0,38.0,78.66666666666667,13.444444444444443,90.0,54.938045,127.6,72.66195499999999,111.2277075,19.883056666666665,127.6,722.66,1519.0,796.34,970.9483333333334,270.67777777777786,722.66,7.0,16.0,9.0,13.5,3.0,16.0,4.0,5.0,1.0,4.833333333333333,0.27777777777777796,5.0,138.0,145.0,7.0,139.5,1.8333333333333333,138.0,1.55,2.1,0.55,1.9716666666666667,0.15444444444444447,2.1,1.0,2.0,1.0,1.8333333333333333,0.27777777777777785,2.0,0.0,4.0,4.0,2.5,1.6666666666666667,4.0,5.0,10.0,5.0,9.166666666666666,1.3888888888888893,10.0,0.0,0.0,0.0,0.0,0.0,0.0,7.0,16.0,9.0,13.5,3.0,16.0,0.0,1.0,1.0,0.16666666666666666,0.2777777777777778,0.0,0.0,3.0,3.0,1.5,1.0,2.0,0.0,5.0,5.0,0.8333333333333334,1.3888888888888886,0.0,0.0,0.0,0.0,0.0,0.0,0.0,1.0,5.0,4.0,2.5,1.0,2.0,10.4875862069,34.7633333333,24.2757471264,27.111264367799993,9.134980842900001,34.7633333333,0.0,0.464,0.464,0.232,0.232,0.464,0.0,0.000310120689655,0.000310120689655,5.1686781609166664e-05,8.614463601527778e-05,0.0,152.0,225.0,73.0,177.33333333333334,29.111111111111114,152.0,1.8333333333333333,2.5,9.166666666666666,0.0,0.13580246913580246,0.18518518518518517,0.6790123456790123,0.0,10.330331724440974,0.2758333333333335,,1.0,0.0,0.16666666666666666,0.16666666666666666,0.5,823.0,,
ja1c07522.pdf,10.1021/jacs.1c07522,AgSbTe2,ATMS,AgMnSbTe3,Mn,equimolar ratio,multiple sites,,Mn (equimolar ratio) @ multiple sites site,text,"Results and Discussion, Section 3",,6.099999999999999,uW/cm.K2,False,25.0,52.0,27.0,46.5,7.166666666666667,52.0,52.0,90.0,38.0,78.66666666666667,13.444444444444443,90.0,54.938045,127.6,72.66195499999999,111.2277075,19.883056666666665,127.6,722.66,1519.0,796.34,970.9483333333334,270.67777777777786,722.66,7.0,16.0,9.0,13.5,3.0,16.0,4.0,5.0,1.0,4.833333333333333,0.27777777777777796,5.0,138.0,145.0,7.0,139.5,1.8333333333333333,138.0,1.55,2.1,0.55,1.9716666666666667,0.15444444444444447,2.1,1.0,2.0,1.0,1.8333333333333333,0.27777777777777785,2.0,0.0,4.0,4.0,2.5,1.6666666666666667,4.0,5.0,10.0,5.0,9.166666666666666,1.3888888888888893,10.0,0.0,0.0,0.0,0.0,0.0,0.0,7.0,16.0,9.0,13.5,3.0,16.0,0.0,1.0,1.0,0.16666666666666666,0.2777777777777778,0.0,0.0,3.0,3.0,1.5,1.0,2.0,0.0,5.0,5.0,0.8333333333333334,1.3888888888888886,0.0,0.0,0.0,0.0,0.0,0.0,0.0,1.0,5.0,4.0,2.5,1.0,2.0,10.4875862069,34.7633333333,24.2757471264,27.111264367799993,9.134980842900001,34.7633333333,0.0,0.464,0.464,0.232,0.232,0.464,0.0,0.000310120689655,0.000310120689655,5.1686781609166664e-05,8.614463601527778e-05,0.0,152.0,225.0,73.0,177.33333333333334,29.111111111111114,152.0,1.8333333333333333,2.5,9.166666666666666,0.0,0.13580246913580246,0.18518518518518517,0.6790123456790123,0.0,10.330331724440974,0.2758333333333335,,1.0,0.0,0.16666666666666666,0.16666666666666666,0.5,300.0,,
ja1c07522.pdf,10.1021/jacs.1c07522,AgSbTe2,AgMnSbTe3 (m=1),AgMnSbTe3,Mn,equimolar ratio,multiple sites,,Mn (equimolar ratio) @ multiple sites site,figure,Figure 4C,Visually estimated from Figure 4C,12.199999999999998,uW/cm.K2,False,25.0,52.0,27.0,46.5,7.166666666666667,52.0,52.0,90.0,38.0,78.66666666666667,13.444444444444443,90.0,54.938045,127.6,72.66195499999999,111.2277075,19.883056666666665,127.6,722.66,1519.0,796.34,970.9483333333334,270.67777777777786,722.66,7.0,16.0,9.0,13.5,3.0,16.0,4.0,5.0,1.0,4.833333333333333,0.27777777777777796,5.0,138.0,145.0,7.0,139.5,1.8333333333333333,138.0,1.55,2.1,0.55,1.9716666666666667,0.15444444444444447,2.1,1.0,2.0,1.0,1.8333333333333333,0.27777777777777785,2.0,0.0,4.0,4.0,2.5,1.6666666666666667,4.0,5.0,10.0,5.0,9.166666666666666,1.3888888888888893,10.0,0.0,0.0,0.0,0.0,0.0,0.0,7.0,16.0,9.0,13.5,3.0,16.0,0.0,1.0,1.0,0.16666666666666666,0.2777777777777778,0.0,0.0,3.0,3.0,1.5,1.0,2.0,0.0,5.0,5.0,0.8333333333333334,1.3888888888888886,0.0,0.0,0.0,0.0,0.0,0.0,0.0,1.0,5.0,4.0,2.5,1.0,2.0,10.4875862069,34.7633333333,24.2757471264,27.111264367799993,9.134980842900001,34.7633333333,0.0,0.464,0.464,0.232,0.232,0.464,0.0,0.000310120689655,0.000310120689655,5.1686781609166664e-05,8.614463601527778e-05,0.0,152.0,225.0,73.0,177.33333333333334,29.111111111111114,152.0,1.8333333333333333,2.5,9.166666666666666,0.0,0.13580246913580246,0.18518518518518517,0.6790123456790123,0.0,10.330331724440974,0.2758333333333335,,1.0,0.0,0.16666666666666666,0.16666666666666666,0.5,823.0,,
ja1c07522.pdf,10.1021/jacs.1c07522,AgSbTe2,AgMnSbTe2 (m=1),AgMnSbTe2,Mn,equimolar,multiple sites,,Mn (equimolar) @ multiple sites site,body text,,,6.099999999999999,uW/cm.K2,False,25.0,52.0,27.0,45.4,8.16,52.0,52.0,90.0,38.0,76.4,14.319999999999999,90.0,54.938045,127.6,72.66195499999999,107.953249,21.240101199999998,127.6,722.66,1519.0,796.34,1020.606,285.08720000000005,722.66,7.0,16.0,9.0,13.0,3.2,16.0,4.0,5.0,1.0,4.8,0.3200000000000001,5.0,138.0,145.0,7.0,139.8,2.0800000000000067,138.0,1.55,2.1,0.55,1.9460000000000002,0.16479999999999997,2.1,1.0,2.0,1.0,1.8,0.31999999999999995,2.0,0.0,4.0,4.0,2.2,1.7600000000000002,4.0,5.0,10.0,5.0,9.0,1.6,10.0,0.0,0.0,0.0,0.0,0.0,0.0,7.0,16.0,9.0,13.0,3.2,16.0,0.0,1.0,1.0,0.2,0.32,0.0,0.0,3.0,3.0,1.4,1.12,2.0,0.0,5.0,5.0,1.0,1.6,0.0,0.0,0.0,0.0,0.0,0.0,0.0,1.0,5.0,4.0,2.6,1.12,2.0,10.4875862069,34.7633333333,24.2757471264,25.580850574699998,9.737645977,34.7633333333,0.0,0.464,0.464,0.18560000000000001,0.22271999999999997,0.464,0.0,0.000310120689655,0.000310120689655,6.2024137931e-05,9.923862068959999e-05,0.0,152.0,225.0,73.0,182.4,30.880000000000003,152.0,1.8,2.2,9.0,0.0,0.13846153846153847,0.16923076923076924,0.6923076923076923,0.0,11.076352830310181,0.28222222222222226,,1.0,0.0,0.2,0.2,0.4,300.0,,
ja1c07522.pdf,10.1021/jacs.1c07522,AgSbTe2,AgMnSbTe2 (m=1),AgMnSbTe2,Mn,equimolar,multiple sites,,Mn (equimolar) @ multiple sites site,body text,,,12.199999999999998,uW/cm.K2,False,25.0,52.0,27.0,45.4,8.16,52.0,52.0,90.0,38.0,76.4,14.319999999999999,90.0,54.938045,127.6,72.66195499999999,107.953249,21.240101199999998,127.6,722.66,1519.0,796.34,1020.606,285.08720000000005,722.66,7.0,16.0,9.0,13.0,3.2,16.0,4.0,5.0,1.0,4.8,0.3200000000000001,5.0,138.0,145.0,7.0,139.8,2.0800000000000067,138.0,1.55,2.1,0.55,1.9460000000000002,0.16479999999999997,2.1,1.0,2.0,1.0,1.8,0.31999999999999995,2.0,0.0,4.0,4.0,2.2,1.7600000000000002,4.0,5.0,10.0,5.0,9.0,1.6,10.0,0.0,0.0,0.0,0.0,0.0,0.0,7.0,16.0,9.0,13.0,3.2,16.0,0.0,1.0,1.0,0.2,0.32,0.0,0.0,3.0,3.0,1.4,1.12,2.0,0.0,5.0,5.0,1.0,1.6,0.0,0.0,0.0,0.0,0.0,0.0,0.0,1.0,5.0,4.0,2.6,1.12,2.0,10.4875862069,34.7633333333,24.2757471264,25.580850574699998,9.737645977,34.7633333333,0.0,0.464,0.464,0.18560000000000001,0.22271999999999997,0.464,0.0,0.000310120689655,0.000310120689655,6.2024137931e-05,9.923862068959999e-05,0.0,152.0,225.0,73.0,182.4,30.880000000000003,152.0,1.8,2.2,9.0,0.0,0.13846153846153847,0.16923076923076924,0.6923076923076923,0.0,11.076352830310181,0.28222222222222226,,1.0,0.0,0.2,0.2,0.4,823.0,,
ja1c08931.pdf,10.1021/jacs.1c08931,(SnSe)0.5(AgSbTe2)0.5,pristine (SnSe)0.5(AgSbSe2)0.5,(SnSe)0.5(AgSbSe2)0.5,,,,,,body text,,,5.27,uW/cm.K2,False,34.0,51.0,17.0,41.666666666666664,7.666666666666667,34.0,65.0,89.0,24.0,82.83333333333333,6.88888888888889,89.0,78.96,121.76,42.80000000000001,97.53636666666667,18.57636666666667,78.96,494.0,1234.93,740.9300000000001,687.6316666666667,254.48222222222225,494.0,11.0,16.0,5.0,14.666666666666666,1.4444444444444446,16.0,4.0,5.0,1.0,4.5,0.5,4.0,120.0,145.0,25.0,130.5,10.5,120.0,1.93,2.55,0.6199999999999999,2.265,0.285,2.55,1.0,2.0,1.0,1.8333333333333333,0.27777777777777785,2.0,0.0,4.0,4.0,2.8333333333333335,1.222222222222222,4.0,10.0,10.0,0.0,10.0,0.0,10.0,0.0,0.0,0.0,0.0,0.0,0.0,11.0,16.0,5.0,14.666666666666666,1.4444444444444446,16.0,0.0,1.0,1.0,0.16666666666666666,0.2777777777777778,0.0,0.0,4.0,4.0,2.1666666666666665,0.888888888888889,2.0,0.0,0.0,0.0,0.0,0.0,0.0,0.0,0.0,0.0,0.0,0.0,0.0,1.0,4.0,3.0,2.3333333333333335,0.7777777777777777,2.0,16.33,33.285,16.955,26.489166666666666,3.955555555555554,25.92,0.0,0.799,0.799,0.3995,0.3995,0.799,0.0,0.0,0.0,0.0,0.0,0.0,14.0,225.0,211.0,95.66666666666667,81.66666666666666,14.0,1.8333333333333333,2.8333333333333335,10.0,0.0,0.125,0.1931818181818182,0.6818181818181819,0.0,10.330331724440972,0.44749999999999984,,0.0,0.0,0.16666666666666666,0.16666666666666666,0.0,725.0,,
ja1c08931.pdf,10.1021/jacs.1c08931,(SnSe)0.5(AgSbTe2)0.5,(SnSe)0.5(AgSb1-xGexSe2)0.5 (x = 0.06),(SnSe)0.5(AgSb0.94Ge0.06Se2)0.5,Ge,6 mol %,Sb,,Ge (6 mol %) @ Sb site,body text,,,7.879999999999999,uW/cm.K2,False,32.0,51.0,19.0,41.476666666666674,7.666200000000003,34.0,65.0,89.0,24.0,82.77333333333334,6.924355555555554,89.0,72.64,121.76,49.120000000000005,97.04516666666667,18.573270000000004,78.96,494.0,1234.93,740.9300000000001,690.7078666666667,258.5838222222223,494.0,11.0,16.0,5.0,14.656666666666668,1.450911111111111,16.0,4.0,5.0,1.0,4.49,0.4998,4.0,120.0,145.0,25.0,130.31000000000003,10.516200000000001,120.0,1.93,2.55,0.6199999999999999,2.2646,0.2854,2.55,1.0,2.0,1.0,1.8333333333333333,0.27777777777777785,2.0,0.0,4.0,4.0,2.823333333333334,1.2320222222222221,4.0,10.0,10.0,0.0,10.000000000000002,1.7763568394002505e-15,10.0,0.0,0.0,0.0,0.0,0.0,0.0,11.0,16.0,5.0,14.656666666666668,1.450911111111111,16.0,0.0,1.0,1.0,0.16666666666666669,0.27777777777777785,0.0,0.0,4.0,4.0,2.176666666666667,0.9022222222222225,2.0,0.0,0.0,0.0,0.0,0.0,0.0,0.0,0.0,0.0,0.0,0.0,0.0,1.0,4.0,3.0,2.3433333333333337,0.7911111111111114,2.0,16.33,33.285,16.955,26.40361666666667,3.909461222222223,25.92,0.0,0.799,0.799,0.4033300000000001,0.39567,0.799,0.0,0.0,0.0,0.0,0.0,0.0,14.0,225.0,211.0,96.25666666666667,82.25666666666669,14.0,1.8333333333333333,2.823333333333334,10.000000000000002,0.0,0.12508528542187855,0.192631339549693,0.6822833750284285,0.0,10.644850554662865,0.44579277396237676,0.06,1.0,0.0,0.16666666666666669,0.15666666666666668,0.0,706.0,1.0,0.030000000000000027
ja1c08931.pdf,10.1021/jacs.1c08931,(SnSe)0.5(AgSbTe2)0.5,"(SnSe)0.5(AgSb1-xGexTe2)0.5, x=0.0",(SnSe)0.5(AgSbTe2)0.5,Ge,x=0.0,Sb,,Ge (x=0.0) @ Sb site,body text,,,5.27,uW/cm.K2,False,34.0,52.0,18.0,47.666666666666664,4.777777777777779,52.0,65.0,90.0,25.0,83.16666666666667,7.11111111111111,90.0,78.96,127.6,48.64,113.7497,13.557066666666664,127.6,494.0,1234.93,740.9300000000001,763.8516666666666,203.6688888888889,722.66,11.0,16.0,5.0,14.666666666666666,1.4444444444444446,16.0,4.0,5.0,1.0,4.833333333333333,0.27777777777777796,5.0,120.0,145.0,25.0,136.5,5.5,138.0,1.93,2.55,0.6199999999999999,2.1149999999999998,0.14499999999999982,2.1,1.0,2.0,1.0,1.8333333333333333,0.27777777777777785,2.0,0.0,4.0,4.0,2.8333333333333335,1.222222222222222,4.0,10.0,10.0,0.0,10.0,0.0,10.0,0.0,0.0,0.0,0.0,0.0,0.0,11.0,16.0,5.0,14.666666666666666,1.4444444444444446,16.0,0.0,1.0,1.0,0.16666666666666666,0.2777777777777778,0.0,0.0,4.0,4.0,2.1666666666666665,0.8888888888888888,2.0,0.0,0.0,0.0,0.0,0.0,0.0,0.0,0.0,0.0,0.0,0.0,0.0,1.0,4.0,3.0,2.3333333333333335,0.7777777777777778,2.0,16.33,34.7633333333,18.4333333333,29.436944444433333,5.541296296288887,34.7633333333,0.0,0.799,0.799,0.28783333333333333,0.2878333333333334,0.464,0.0,0.0,0.0,0.0,0.0,0.0,14.0,225.0,211.0,141.66666666666666,42.77777777777778,152.0,1.8333333333333333,2.8333333333333335,10.0,0.0,0.125,0.1931818181818182,0.6818181818181819,0.0,12.976468353498262,0.25499999999999995,0.0,1.0,0.0,0.16666666666666666,0.16666666666666666,0.3333333333333333,725.0,1.0,0.030000000000000027
ja1c08931.pdf,10.1021/jacs.1c08931,(SnSe)0.5(AgSbTe2)0.5,"(SnSe)0.5(AgSb1-xGexTe2)0.5, x=0.06",(SnSe)0.5(AgSb0.94Ge0.06Te2)0.5,Ge,x=0.06,Sb,,Ge (x=0.06) @ Sb site,body text,,,7.879999999999999,uW/cm.K2,False,32.0,52.0,20.0,47.47666666666667,4.960644444444444,52.0,65.0,90.0,25.0,83.10666666666667,7.153244444444444,90.0,72.64,127.6,54.959999999999994,113.25849999999998,14.041970000000001,127.6,494.0,1234.93,740.9300000000001,766.9278666666668,207.77048888888896,722.66,11.0,16.0,5.0,14.656666666666666,1.450911111111111,16.0,4.0,5.0,1.0,4.823333333333333,0.2909111111111112,5.0,120.0,145.0,25.0,136.31,5.762866666666665,138.0,1.93,2.55,0.6199999999999999,2.1146,0.1451333333333332,2.1,1.0,2.0,1.0,1.8333333333333333,0.27777777777777785,2.0,0.0,4.0,4.0,2.823333333333333,1.2320222222222224,4.0,10.0,10.0,0.0,10.0,0.0,10.0,0.0,0.0,0.0,0.0,0.0,0.0,11.0,16.0,5.0,14.656666666666666,1.450911111111111,16.0,0.0,1.0,1.0,0.16666666666666666,0.2777777777777778,0.0,0.0,4.0,4.0,2.1766666666666667,0.9022222222222221,2.0,0.0,0.0,0.0,0.0,0.0,0.0,0.0,0.0,0.0,0.0,0.0,0.0,1.0,4.0,3.0,2.3433333333333333,0.791111111111111,2.0,16.33,34.7633333333,18.4333333333,29.35139444443333,5.6111908518442215,34.7633333333,0.0,0.799,0.799,0.29166333333333333,0.2858300666666667,0.464,0.0,0.0,0.0,0.0,0.0,0.0,14.0,225.0,211.0,142.25666666666666,43.17111111111111,152.0,1.8333333333333333,2.823333333333333,10.0,0.0,0.12508528542187855,0.19263133954969294,0.6822833750284285,0.0,13.290987183720157,0.2543080731908597,0.06,1.0,0.0,0.16666666666666666,0.15666666666666665,0.3333333333333333,706.0,1.0,0.030000000000000027
ja3c09643.pdf,10.1021/jacs.3c09643,AgSbTe2,AgSb0.96Hg0.04Te2,AgSb0.96Hg0.04Te2,Hg,4 mol %,Sb,,Hg (4 mol %) @ Sb site,body text,Page 6,,12.199999999999998,uW/cm.K2,False,47.0,80.0,33.0,50.790000000000006,1.894999999999997,52.0,65.0,90.0,25.0,82.36,8.9072,90.0,107.8682,200.59,92.7218,121.99535,7.176542999999995,127.6,234.32,1234.93,1000.6100000000001,889.3128999999999,179.75275800000003,722.66,11.0,16.0,5.0,14.469999999999999,1.7844000000000004,16.0,5.0,6.0,1.0,5.01,0.01979999999999979,5.0,132.0,145.0,13.0,139.93,2.5350000000000037,138.0,1.93,2.1,0.17000000000000015,2.0445,0.058139999999999914,2.1,1.0,2.0,1.0,1.75,0.375,2.0,0.0,4.0,4.0,2.7199999999999998,1.4144,4.0,10.0,10.0,0.0,10.0,0.0,10.0,0.0,14.0,14.0,0.14,0.2772,0.0,11.0,26.0,15.0,14.61,1.8050000000000002,16.0,0.0,1.0,1.0,0.25,0.375,0.0,0.0,3.0,3.0,1.72,0.8944,2.0,0.0,0.0,0.0,0.0,0.0,0.0,0.0,0.0,0.0,0.0,0.0,0.0,0.0,3.0,3.0,1.97,0.5244000000000001,2.0,16.33,34.7633333333,18.4333333333,29.290942528719,6.561538390795878,34.7633333333,0.0,0.464,0.464,0.232,0.232,0.464,0.0,0.0,0.0,0.0,0.0,0.0,152.0,225.0,73.0,173.75,25.625,152.0,1.75,2.7199999999999998,10.0,0.14,0.11978097193702944,0.1861738535249829,0.6844626967830254,0.009582477754962355,8.993810816868557,0.11192442045093692,0.04,1.0,0.0,0.25,0.24,0.5,297.0,1.0,0.2599999999999999
ja3c09643.pdf,10.1021/jacs.3c09643,AgSbTe2,AgSb0.96Hg0.04Te2,AgSb0.96Hg0.04Te2,Hg,4 mol %,Sb,,Hg (4 mol %) @ Sb site,body text,Page 6,,18.6,uW/cm.K2,False,47.0,80.0,33.0,50.790000000000006,1.894999999999997,52.0,65.0,90.0,25.0,82.36,8.9072,90.0,107.8682,200.59,92.7218,121.99535,7.176542999999995,127.6,234.32,1234.93,1000.6100000000001,889.3128999999999,179.75275800000003,722.66,11.0,16.0,5.0,14.469999999999999,1.7844000000000004,16.0,5.0,6.0,1.0,5.01,0.01979999999999979,5.0,132.0,145.0,13.0,139.93,2.5350000000000037,138.0,1.93,2.1,0.17000000000000015,2.0445,0.058139999999999914,2.1,1.0,2.0,1.0,1.75,0.375,2.0,0.0,4.0,4.0,2.7199999999999998,1.4144,4.0,10.0,10.0,0.0,10.0,0.0,10.0,0.0,14.0,14.0,0.14,0.2772,0.0,11.0,26.0,15.0,14.61,1.8050000000000002,16.0,0.0,1.0,1.0,0.25,0.375,0.0,0.0,3.0,3.0,1.72,0.8944,2.0,0.0,0.0,0.0,0.0,0.0,0.0,0.0,0.0,0.0,0.0,0.0,0.0,0.0,3.0,3.0,1.97,0.5244000000000001,2.0,16.33,34.7633333333,18.4333333333,29.290942528719,6.561538390795878,34.7633333333,0.0,0.464,0.464,0.232,0.232,0.464,0.0,0.0,0.0,0.0,0.0,0.0,152.0,225.0,73.0,173.75,25.625,152.0,1.75,2.7199999999999998,10.0,0.14,0.11978097193702944,0.1861738535249829,0.6844626967830254,0.009582477754962355,8.993810816868557,0.11192442045093692,0.04,1.0,0.0,0.25,0.24,0.5,570.0,1.0,0.2599999999999999
ja3c09643.pdf,10.1021/jacs.3c09643,AgSbTe2,AgSbTe2,AgSbTe2,,,,,,figure,Figure 5c,Visually estimated from Figure 5c,8.0,uW/cm.K2,False,47.0,52.0,5.0,50.5,1.75,52.0,65.0,90.0,25.0,82.5,8.75,90.0,107.8682,127.6,19.731799999999993,121.20705,6.669425,127.6,722.66,1234.93,512.2700000000001,896.0074999999999,173.34750000000003,722.66,11.0,16.0,5.0,14.5,1.75,16.0,5.0,5.0,0.0,5.0,0.0,5.0,138.0,145.0,7.0,140.0,2.5,138.0,1.93,2.1,0.17000000000000015,2.045,0.05750000000000005,2.1,1.0,2.0,1.0,1.75,0.375,2.0,0.0,4.0,4.0,2.75,1.375,4.0,10.0,10.0,0.0,10.0,0.0,10.0,0.0,0.0,0.0,0.0,0.0,0.0,11.0,16.0,5.0,14.5,1.75,16.0,0.0,1.0,1.0,0.25,0.375,0.0,0.0,3.0,3.0,1.75,0.875,2.0,0.0,0.0,0.0,0.0,0.0,0.0,0.0,0.0,0.0,0.0,0.0,0.0,1.0,3.0,2.0,2.0,0.5,2.0,16.33,34.7633333333,18.4333333333,29.35416666665,6.512083333324999,34.7633333333,0.0,0.464,0.464,0.232,0.232,0.464,0.0,0.0,0.0,0.0,0.0,0.0,152.0,225.0,73.0,173.75,25.625,152.0,1.75,2.75,10.0,0.0,0.1206896551724138,0.1896551724137931,0.6896551724137931,0.0,8.644719482306641,0.11200000000000014,,0.0,0.0,0.25,0.25,0.5,300.0,,
ja3c09643.pdf,10.1021/jacs.3c09643,AgSbTe2,AgSb0.96Hg0.04Te2,AgSb0.96Hg0.04Te2,Hg,4 mol %,Sb,,Hg (4 mol %) @ Sb site,figure,Figure 5c,Visually estimated from Figure 5c,12.0,uW/cm.K2,False,47.0,80.0,33.0,50.790000000000006,1.894999999999997,52.0,65.0,90.0,25.0,82.36,8.9072,90.0,107.8682,200.59,92.7218,121.99535,7.176542999999995,127.6,234.32,1234.93,1000.6100000000001,889.3128999999999,179.75275800000003,722.66,11.0,16.0,5.0,14.469999999999999,1.7844000000000004,16.0,5.0,6.0,1.0,5.01,0.01979999999999979,5.0,132.0,145.0,13.0,139.93,2.5350000000000037,138.0,1.93,2.1,0.17000000000000015,2.0445,0.058139999999999914,2.1,1.0,2.0,1.0,1.75,0.375,2.0,0.0,4.0,4.0,2.7199999999999998,1.4144,4.0,10.0,10.0,0.0,10.0,0.0,10.0,0.0,14.0,14.0,0.14,0.2772,0.0,11.0,26.0,15.0,14.61,1.8050000000000002,16.0,0.0,1.0,1.0,0.25,0.375,0.0,0.0,3.0,3.0,1.72,0.8944,2.0,0.0,0.0,0.0,0.0,0.0,0.0,0.0,0.0,0.0,0.0,0.0,0.0,0.0,3.0,3.0,1.97,0.5244000000000001,2.0,16.33,34.7633333333,18.4333333333,29.290942528719,6.561538390795878,34.7633333333,0.0,0.464,0.464,0.232,0.232,0.464,0.0,0.0,0.0,0.0,0.0,0.0,152.0,225.0,73.0,173.75,25.625,152.0,1.75,2.7199999999999998,10.0,0.14,0.11978097193702944,0.1861738535249829,0.6844626967830254,0.009582477754962355,8.993810816868557,0.11192442045093692,0.04,1.0,0.0,0.25,0.24,0.5,300.0,1.0,0.2599999999999999
ja3c09643.pdf,10.1021/jacs.3c09643,AgSbTe2,AgSb0.98Hg0.02Te2,AgSb0.98Hg0.02Te2,Hg,2 mol %,Sb,,Hg (2 mol %) @ Sb site,figure,Figure 5c,Visually estimated from Figure 5c,10.0,uW/cm.K2,False,47.0,80.0,33.0,50.644999999999996,1.822500000000002,52.0,65.0,90.0,25.0,82.43,8.829299999999996,90.0,107.8682,200.59,92.7218,121.60119999999999,6.866500000000002,127.6,234.32,1234.93,1000.6100000000001,892.6602,176.58360200000004,722.66,11.0,16.0,5.0,14.485,1.7673500000000002,16.0,5.0,6.0,1.0,5.005,0.009949999999999895,5.0,132.0,145.0,13.0,139.965,2.517500000000002,138.0,1.93,2.1,0.17000000000000015,2.04475,0.057822499999999985,2.1,1.0,2.0,1.0,1.75,0.375,2.0,0.0,4.0,4.0,2.735,1.39485,4.0,10.0,10.0,0.0,10.0,0.0,10.0,0.0,14.0,14.0,0.07,0.1393,0.0,11.0,26.0,15.0,14.555,1.7775,16.0,0.0,1.0,1.0,0.25,0.375,0.0,0.0,3.0,3.0,1.7349999999999999,0.88485,2.0,0.0,0.0,0.0,0.0,0.0,0.0,0.0,0.0,0.0,0.0,0.0,0.0,0.0,3.0,3.0,1.9849999999999999,0.5123500000000001,2.0,16.33,34.7633333333,18.4333333333,29.322554597684498,6.537126982750094,34.7633333333,0.0,0.464,0.464,0.232,0.23199999999999998,0.464,0.0,0.0,0.0,0.0,0.0,0.0,152.0,225.0,73.0,173.75,25.625,152.0,1.75,2.735,10.0,0.07,0.12023359670216421,0.18790793541738235,0.687049124012367,0.0048093438680865686,8.848505117923192,0.11195712805801274,0.02,1.0,0.0,0.25,0.245,0.5,300.0,1.0,0.2599999999999999
ja3c09643.pdf,10.1021/jacs.3c09643,AgSbTe2,AgSb0.94Hg0.06Te2,AgSb0.94Hg0.06Te2,Hg,6 mol %,Sb,,Hg (6 mol %) @ Sb site,figure,Figure 5c,Visually estimated from Figure 5c,11.0,uW/cm.K2,False,47.0,80.0,33.0,50.935,1.967499999999999,52.0,65.0,90.0,25.0,82.28999999999999,8.983700000000002,90.0,107.8682,200.59,92.7218,122.3895,7.556514999999996,127.6,234.32,1234.93,1000.6100000000001,885.9656,182.854968,722.66,11.0,16.0,5.0,14.455,1.8011499999999998,16.0,5.0,6.0,1.0,5.015,0.029549999999999688,5.0,132.0,145.0,13.0,139.89499999999998,2.552499999999991,138.0,1.93,2.1,0.17000000000000015,2.04425,0.05845250000000006,2.1,1.0,2.0,1.0,1.75,0.375,2.0,0.0,4.0,4.0,2.705,1.43365,4.0,10.0,10.0,0.0,10.0,0.0,10.0,0.0,14.0,14.0,0.21,0.41369999999999996,0.0,11.0,26.0,15.0,14.665,1.8325000000000005,16.0,0.0,1.0,1.0,0.25,0.375,0.0,0.0,3.0,3.0,1.705,0.90365,2.0,0.0,0.0,0.0,0.0,0.0,0.0,0.0,0.0,0.0,0.0,0.0,0.0,0.0,3.0,3.0,1.955,0.53615,2.0,16.33,34.7633333333,18.4333333333,29.2593304597535,6.5853175574623535,34.7633333333,0.0,0.464,0.464,0.232,0.232,0.464,0.0,0.0,0.0,0.0,0.0,0.0,152.0,225.0,73.0,173.75,25.625,152.0,1.75,2.705,10.0,0.21,0.11933174224343676,0.1844527787248551,0.6818956699624957,0.014319809069212411,9.11649772763948,0.11190174827940841,0.06,1.0,0.0,0.25,0.235,0.5,300.0,1.0,0.2599999999999999
jp4c04467.pdf,10.1021/acs.jpcc.4c04467,AgSbTe2,AgSbTe1.92S0.08,AgSbTe1.92S0.08,S,x = 0.08,Te,,S (x = 0.08) @ Te site,body text,,,10.73,uW/cm.K2,False,16.0,52.0,36.0,49.78,2.7411999999999996,52.0,65.0,90.0,25.0,82.46,8.730000000000002,90.0,32.065,127.6,95.535,119.29634999999999,9.203329000000002,127.6,388.36,1234.93,846.57,889.3215,180.0335,722.66,11.0,16.0,5.0,14.5,1.75,16.0,3.0,5.0,2.0,4.96,0.07840000000000003,5.0,105.0,145.0,40.0,139.34,2.830000000000002,138.0,1.93,2.58,0.6500000000000001,2.0546,0.0646000000000001,2.1,1.0,2.0,1.0,1.75,0.375,2.0,0.0,4.0,4.0,2.75,1.375,4.0,0.0,10.0,10.0,9.8,0.3919999999999993,10.0,0.0,0.0,0.0,0.0,0.0,0.0,6.0,16.0,10.0,14.299999999999999,1.9820000000000004,16.0,0.0,1.0,1.0,0.25,0.375,0.0,0.0,3.0,3.0,1.75,0.875,2.0,0.0,0.0,0.0,0.0,0.0,0.0,0.0,0.0,0.0,0.0,0.0,0.0,1.0,3.0,2.0,2.0,0.5,2.0,16.33,34.7633333333,18.4333333333,29.174637499983998,6.557829249991359,34.7633333333,0.0,2.202,2.202,0.26676,0.26676,0.464,0.0,0.0,0.0,0.0,0.0,0.0,70.0,225.0,155.0,172.10999999999999,26.444999999999993,152.0,1.75,2.75,9.8,0.0,0.12237762237762238,0.19230769230769232,0.6853146853146854,0.0,9.342902151430469,0.1378702266376903,0.08,1.0,0.0,0.25,0.25,0.48,573.0,0.0,0.3699999999999999
nanomaterials-12-03910.pdf,10.3390/nano12213910,AgSbTe2,AgSbTe2 (arc-melted),AgSbTe2,,,,,,body text,,,4.000000000000001,uW/cm.K2,False,47.0,52.0,5.0,50.5,1.75,52.0,65.0,90.0,25.0,82.5,8.75,90.0,107.8682,127.6,19.731799999999993,121.20705,6.669425,127.6,722.66,1234.93,512.2700000000001,896.0074999999999,173.34750000000003,722.66,11.0,16.0,5.0,14.5,1.75,16.0,5.0,5.0,0.0,5.0,0.0,5.0,138.0,145.0,7.0,140.0,2.5,138.0,1.93,2.1,0.17000000000000015,2.045,0.05750000000000005,2.1,1.0,2.0,1.0,1.75,0.375,2.0,0.0,4.0,4.0,2.75,1.375,4.0,10.0,10.0,0.0,10.0,0.0,10.0,0.0,0.0,0.0,0.0,0.0,0.0,11.0,16.0,5.0,14.5,1.75,16.0,0.0,1.0,1.0,0.25,0.375,0.0,0.0,3.0,3.0,1.75,0.875,2.0,0.0,0.0,0.0,0.0,0.0,0.0,0.0,0.0,0.0,0.0,0.0,0.0,1.0,3.0,2.0,2.0,0.5,2.0,16.33,34.7633333333,18.4333333333,29.35416666665,6.512083333324999,34.7633333333,0.0,0.464,0.464,0.232,0.232,0.464,0.0,0.0,0.0,0.0,0.0,0.0,152.0,225.0,73.0,173.75,25.625,152.0,1.75,2.75,10.0,0.0,0.1206896551724138,0.1896551724137931,0.6896551724137931,0.0,8.644719482306641,0.11200000000000014,,0.0,0.0,0.25,0.25,0.5,425.0,,
nanomaterials-12-03910.pdf,10.3390/nano12213910,AgSbTe2,arc-melted AgSbTe2,AgSbTe2,,,,,,figure,Fig. 4c,Visually estimated from Fig. 4c,1.4999999999999998,uW/cm.K2,False,47.0,52.0,5.0,50.5,1.75,52.0,65.0,90.0,25.0,82.5,8.75,90.0,107.8682,127.6,19.731799999999993,121.20705,6.669425,127.6,722.66,1234.93,512.2700000000001,896.0074999999999,173.34750000000003,722.66,11.0,16.0,5.0,14.5,1.75,16.0,5.0,5.0,0.0,5.0,0.0,5.0,138.0,145.0,7.0,140.0,2.5,138.0,1.93,2.1,0.17000000000000015,2.045,0.05750000000000005,2.1,1.0,2.0,1.0,1.75,0.375,2.0,0.0,4.0,4.0,2.75,1.375,4.0,10.0,10.0,0.0,10.0,0.0,10.0,0.0,0.0,0.0,0.0,0.0,0.0,11.0,16.0,5.0,14.5,1.75,16.0,0.0,1.0,1.0,0.25,0.375,0.0,0.0,3.0,3.0,1.75,0.875,2.0,0.0,0.0,0.0,0.0,0.0,0.0,0.0,0.0,0.0,0.0,0.0,0.0,1.0,3.0,2.0,2.0,0.5,2.0,16.33,34.7633333333,18.4333333333,29.35416666665,6.512083333324999,34.7633333333,0.0,0.464,0.464,0.232,0.232,0.464,0.0,0.0,0.0,0.0,0.0,0.0,152.0,225.0,73.0,173.75,25.625,152.0,1.75,2.75,10.0,0.0,0.1206896551724138,0.1896551724137931,0.6896551724137931,0.0,8.644719482306641,0.11200000000000014,,0.0,0.0,0.25,0.25,0.5,300.0,,
nanomaterials-12-03910.pdf,10.3390/nano12213910,AgSbTe2,arc-melted AgSbTe2,AgSbTe2,,,,,,figure,Fig. 4c,Visually estimated from Fig. 4c,3.8,uW/cm.K2,False,47.0,52.0,5.0,50.5,1.75,52.0,65.0,90.0,25.0,82.5,8.75,90.0,107.8682,127.6,19.731799999999993,121.20705,6.669425,127.6,722.66,1234.93,512.2700000000001,896.0074999999999,173.34750000000003,722.66,11.0,16.0,5.0,14.5,1.75,16.0,5.0,5.0,0.0,5.0,0.0,5.0,138.0,145.0,7.0,140.0,2.5,138.0,1.93,2.1,0.17000000000000015,2.045,0.05750000000000005,2.1,1.0,2.0,1.0,1.75,0.375,2.0,0.0,4.0,4.0,2.75,1.375,4.0,10.0,10.0,0.0,10.0,0.0,10.0,0.0,0.0,0.0,0.0,0.0,0.0,11.0,16.0,5.0,14.5,1.75,16.0,0.0,1.0,1.0,0.25,0.375,0.0,0.0,3.0,3.0,1.75,0.875,2.0,0.0,0.0,0.0,0.0,0.0,0.0,0.0,0.0,0.0,0.0,0.0,0.0,1.0,3.0,2.0,2.0,0.5,2.0,16.33,34.7633333333,18.4333333333,29.35416666665,6.512083333324999,34.7633333333,0.0,0.464,0.464,0.232,0.232,0.464,0.0,0.0,0.0,0.0,0.0,0.0,152.0,225.0,73.0,173.75,25.625,152.0,1.75,2.75,10.0,0.0,0.1206896551724138,0.1896551724137931,0.6896551724137931,0.0,8.644719482306641,0.11200000000000014,,0.0,0.0,0.25,0.25,0.5,550.0,,
nz1c01184.pdf,10.1021/acsenergylett.1c01184,AgSbTe2,6 mol % Cd-doped AgSbTe2,AgSb1-xCdxTe2 (x=0.06),Cd,6 mol %,Sb,,Cd (6 mol %) @ Sb site,text,page 9,,18.3,uW/cm.K2,True,47.0,52.0,5.0,50.455,1.8011500000000007,52.0,65.0,90.0,25.0,82.27499999999999,9.005750000000004,90.0,107.8682,127.6,19.731799999999993,121.066815,6.858981949999996,127.6,594.22,1234.93,640.71,891.3641000000001,177.61842300000004,722.66,11.0,16.0,5.0,14.455,1.8011499999999998,16.0,5.0,5.0,0.0,5.0,0.0,5.0,138.0,145.0,7.0,140.075,2.5802499999999946,138.0,1.69,2.1,0.41000000000000014,2.0396,0.06528799999999998,2.1,1.0,2.0,1.0,1.75,0.37499999999999994,2.0,0.0,4.0,4.0,2.705,1.43365,4.0,10.0,10.0,0.0,10.0,0.0,10.0,0.0,0.0,0.0,0.0,0.0,0.0,11.0,16.0,5.0,14.455,1.8011499999999998,16.0,0.0,1.0,1.0,0.25,0.37499999999999994,0.0,0.0,3.0,3.0,1.705,0.90365,2.0,0.0,0.0,0.0,0.0,0.0,0.0,0.0,0.0,0.0,0.0,0.0,0.0,0.0,3.0,3.0,1.955,0.53615,2.0,16.33,34.7633333333,18.4333333333,29.17319166665,6.711941583324499,34.7633333333,0.0,0.464,0.464,0.232,0.232,0.464,0.0,0.0,0.0,0.0,0.0,0.0,152.0,225.0,73.0,174.17,26.009899999999995,152.0,1.75,2.705,10.0,0.0,0.12106537530266344,0.18713248011068834,0.6918021445866482,0.0,9.11649772763948,0.1247338027054823,0.06,1.0,0.0,0.25,0.235,0.5,543.0,1.0,0.19000000000000006
nz1c01184.pdf,10.1021/acsenergylett.1c01184,AgSbTe2,AgSb0.96Zn0.04Te2,AgSb0.96Zn0.04Te2,Zn,0.04,Sb,,Zn (0.04) @ Sb site,text,page 7,,17.3,uW/cm.K2,False,30.0,52.0,22.0,50.290000000000006,2.050799999999997,52.0,65.0,90.0,25.0,82.34,8.936799999999998,90.0,65.38,127.6,62.22,120.64325,7.49279,127.6,692.68,1234.93,542.2500000000001,893.8964999999998,175.26083,722.66,11.0,16.0,5.0,14.469999999999999,1.7844000000000004,16.0,4.0,5.0,1.0,4.99,0.01979999999999979,5.0,122.0,145.0,23.0,139.82999999999998,2.584999999999992,138.0,1.65,2.1,0.4500000000000002,2.041,0.06332000000000006,2.1,1.0,2.0,1.0,1.75,0.375,2.0,0.0,4.0,4.0,2.7199999999999998,1.4144,4.0,10.0,10.0,0.0,10.0,0.0,10.0,0.0,0.0,0.0,0.0,0.0,0.0,11.0,16.0,5.0,14.469999999999999,1.7844000000000004,16.0,0.0,1.0,1.0,0.25,0.375,0.0,0.0,3.0,3.0,1.72,0.8944,2.0,0.0,0.0,0.0,0.0,0.0,0.0,0.0,0.0,0.0,0.0,0.0,0.0,0.0,3.0,3.0,1.97,0.5244000000000001,2.0,13.96,34.7633333333,20.803333333299996,29.17816666665,6.728446666657998,34.7633333333,0.0,0.464,0.464,0.232,0.232,0.464,0.0,0.0,0.0,0.0,0.0,0.0,152.0,225.0,73.0,174.03,25.8844,152.0,1.75,2.7199999999999998,10.0,0.0,0.12093987560469939,0.1879751209398756,0.6910850034554251,0.0,8.993810816868557,0.12181644966656095,0.04,1.0,0.0,0.25,0.24,0.5,585.0,1.0,0.020000000000000018
nz1c01184.pdf,10.1021/acsenergylett.1c01184,AgSbTe2,AgSbTe1.85Se0.15,AgSbTe1.85Se0.15,Se,0.15,Te,,Se (0.15) @ Te site,text,page 6,,14.5,uW/cm.K2,False,34.0,52.0,18.0,49.824999999999996,2.5993750000000015,52.0,65.0,90.0,25.0,82.4625,8.731249999999998,90.0,78.96,127.6,48.64,119.38305,8.789153749999999,127.6,494.0,1234.93,740.9300000000001,887.43275,181.92225000000002,722.66,11.0,16.0,5.0,14.5,1.75,16.0,4.0,5.0,1.0,4.9625,0.07218749999999968,5.0,120.0,145.0,25.0,139.325,2.837499999999994,138.0,1.93,2.55,0.6199999999999999,2.061875,0.07187500000000009,2.1,1.0,2.0,1.0,1.75,0.375,2.0,0.0,4.0,4.0,2.75,1.375,4.0,10.0,10.0,0.0,10.0,0.0,10.0,0.0,0.0,0.0,0.0,0.0,0.0,11.0,16.0,5.0,14.5,1.75,16.0,0.0,1.0,1.0,0.25,0.375,0.0,0.0,3.0,3.0,1.75,0.875,2.0,0.0,0.0,0.0,0.0,0.0,0.0,0.0,0.0,0.0,0.0,0.0,0.0,1.0,3.0,2.0,2.0,0.5,2.0,16.33,34.7633333333,18.4333333333,29.02254166665125,6.578961458324467,34.7633333333,0.0,0.799,0.799,0.24456250000000002,0.24456250000000002,0.464,0.0,0.0,0.0,0.0,0.0,0.0,14.0,225.0,211.0,168.57500000000002,28.21250000000001,152.0,1.75,2.75,10.0,0.0,0.1206896551724138,0.1896551724137931,0.6896551724137931,0.0,9.752141313235201,0.15535291331122703,0.15,1.0,0.0,0.25,0.25,0.4625,550.0,0.0,0.22999999999999976
nz1c01184.pdf,10.1021/acsenergylett.1c01184,AgSbTe2,AgSb1-xCd xTe2 (x=0.02),AgSb0.98Cd0.02Te2,Cd,2 mol %,Sb,,Cd (2 mol %) @ Sb site,figure,Fig. 7c,Visually estimated from Fig. 7c,10.0,uW/cm.K2,False,47.0,52.0,5.0,50.485,1.7673500000000002,52.0,65.0,90.0,25.0,82.42500000000001,8.836749999999995,90.0,107.8682,127.6,19.731799999999993,121.160305,6.7335455500000005,127.6,594.22,1234.93,640.71,894.4596999999999,174.80209700000003,722.66,11.0,16.0,5.0,14.485,1.7673500000000002,16.0,5.0,5.0,0.0,5.0,0.0,5.0,138.0,145.0,7.0,140.025,2.5272500000000027,138.0,1.69,2.1,0.41000000000000014,2.0432,0.060131999999999956,2.1,1.0,2.0,1.0,1.75,0.375,2.0,0.0,4.0,4.0,2.735,1.39485,4.0,10.0,10.0,0.0,10.0,0.0,10.0,0.0,0.0,0.0,0.0,0.0,0.0,11.0,16.0,5.0,14.485,1.7673500000000002,16.0,0.0,1.0,1.0,0.25,0.375,0.0,0.0,3.0,3.0,1.7349999999999999,0.88485,2.0,0.0,0.0,0.0,0.0,0.0,0.0,0.0,0.0,0.0,0.0,0.0,0.0,0.0,3.0,3.0,1.9849999999999999,0.5123500000000001,2.0,16.33,34.7633333333,18.4333333333,29.293841666649996,6.5799092499915,34.7633333333,0.0,0.464,0.464,0.232,0.23199999999999998,0.464,0.0,0.0,0.0,0.0,0.0,0.0,152.0,225.0,73.0,173.89,25.756099999999993,152.0,1.75,2.735,10.0,0.0,0.12081463583016915,0.18881601656886435,0.6903693476009666,0.0,8.848505117923192,0.11631524424256928,0.02,1.0,0.0,0.25,0.245,0.5,300.0,1.0,0.19000000000000006
nz1c01184.pdf,10.1021/acsenergylett.1c01184,AgSbTe2,AgSb1-xCd xTe2 (x=0.06),AgSb0.94Cd0.06Te2,Cd,6 mol %,Sb,,Cd (6 mol %) @ Sb site,body text,,,18.3,uW/cm.K2,False,47.0,52.0,5.0,50.455,1.8011500000000007,52.0,65.0,90.0,25.0,82.27499999999999,9.005750000000004,90.0,107.8682,127.6,19.731799999999993,121.06681499999999,6.858981950000002,127.6,594.22,1234.93,640.71,891.3641,177.618423,722.66,11.0,16.0,5.0,14.455,1.8011499999999998,16.0,5.0,5.0,0.0,5.0,0.0,5.0,138.0,145.0,7.0,140.075,2.580249999999995,138.0,1.69,2.1,0.41000000000000014,2.0396,0.06528799999999998,2.1,1.0,2.0,1.0,1.75,0.375,2.0,0.0,4.0,4.0,2.705,1.43365,4.0,10.0,10.0,0.0,10.0,0.0,10.0,0.0,0.0,0.0,0.0,0.0,0.0,11.0,16.0,5.0,14.455,1.8011499999999998,16.0,0.0,1.0,1.0,0.25,0.375,0.0,0.0,3.0,3.0,1.705,0.90365,2.0,0.0,0.0,0.0,0.0,0.0,0.0,0.0,0.0,0.0,0.0,0.0,0.0,0.0,3.0,3.0,1.955,0.53615,2.0,16.33,34.7633333333,18.4333333333,29.17319166665,6.711941583324499,34.7633333333,0.0,0.464,0.464,0.232,0.232,0.464,0.0,0.0,0.0,0.0,0.0,0.0,152.0,225.0,73.0,174.17,26.009899999999995,152.0,1.75,2.705,10.0,0.0,0.12106537530266344,0.18713248011068834,0.6918021445866482,0.0,9.11649772763948,0.1247338027054823,0.06,1.0,0.0,0.25,0.235,0.5,543.0,1.0,0.19000000000000006
nz6b00639.pdf,10.1021/acsenergylett.6b00639,AgSbTe2,AgSbTe2,AgSbTe2,,,,,,body text,,,9.6,uW/cm.K2,False,47.0,52.0,5.0,50.5,1.75,52.0,65.0,90.0,25.0,82.5,8.75,90.0,107.8682,127.6,19.731799999999993,121.20705,6.669425,127.6,722.66,1234.93,512.2700000000001,896.0074999999999,173.34750000000003,722.66,11.0,16.0,5.0,14.5,1.75,16.0,5.0,5.0,0.0,5.0,0.0,5.0,138.0,145.0,7.0,140.0,2.5,138.0,1.93,2.1,0.17000000000000015,2.045,0.05750000000000005,2.1,1.0,2.0,1.0,1.75,0.375,2.0,0.0,4.0,4.0,2.75,1.375,4.0,10.0,10.0,0.0,10.0,0.0,10.0,0.0,0.0,0.0,0.0,0.0,0.0,11.0,16.0,5.0,14.5,1.75,16.0,0.0,1.0,1.0,0.25,0.375,0.0,0.0,3.0,3.0,1.75,0.875,2.0,0.0,0.0,0.0,0.0,0.0,0.0,0.0,0.0,0.0,0.0,0.0,0.0,1.0,3.0,2.0,2.0,0.5,2.0,16.33,34.7633333333,18.4333333333,29.35416666665,6.512083333324999,34.7633333333,0.0,0.464,0.464,0.232,0.232,0.464,0.0,0.0,0.0,0.0,0.0,0.0,152.0,225.0,73.0,173.75,25.625,152.0,1.75,2.75,10.0,0.0,0.1206896551724138,0.1896551724137931,0.6896551724137931,0.0,8.644719482306641,0.11200000000000014,,0.0,0.0,0.25,0.25,0.5,300.0,,
nz6b00639.pdf,10.1021/acsenergylett.6b00639,AgSbTe2,AgSbTe2,AgSbTe2,,,,,,body text,,,7.9,uW/cm.K2,False,47.0,52.0,5.0,50.5,1.75,52.0,65.0,90.0,25.0,82.5,8.75,90.0,107.8682,127.6,19.731799999999993,121.20705,6.669425,127.6,722.66,1234.93,512.2700000000001,896.0074999999999,173.34750000000003,722.66,11.0,16.0,5.0,14.5,1.75,16.0,5.0,5.0,0.0,5.0,0.0,5.0,138.0,145.0,7.0,140.0,2.5,138.0,1.93,2.1,0.17000000000000015,2.045,0.05750000000000005,2.1,1.0,2.0,1.0,1.75,0.375,2.0,0.0,4.0,4.0,2.75,1.375,4.0,10.0,10.0,0.0,10.0,0.0,10.0,0.0,0.0,0.0,0.0,0.0,0.0,11.0,16.0,5.0,14.5,1.75,16.0,0.0,1.0,1.0,0.25,0.375,0.0,0.0,3.0,3.0,1.75,0.875,2.0,0.0,0.0,0.0,0.0,0.0,0.0,0.0,0.0,0.0,0.0,0.0,0.0,1.0,3.0,2.0,2.0,0.5,2.0,16.33,34.7633333333,18.4333333333,29.35416666665,6.512083333324999,34.7633333333,0.0,0.464,0.464,0.232,0.232,0.464,0.0,0.0,0.0,0.0,0.0,0.0,152.0,225.0,73.0,173.75,25.625,152.0,1.75,2.75,10.0,0.0,0.1206896551724138,0.1896551724137931,0.6896551724137931,0.0,8.644719482306641,0.11200000000000014,,0.0,0.0,0.25,0.25,0.5,610.0,,
nz6b00639.pdf,10.1021/acsenergylett.6b00639,AgSbTe2,AgSb0.96Zn0.04Te2,AgSb0.96Zn0.04Te2,Zn,0.04,Sb,,Zn (0.04) @ Sb site,body text,,,11.5,uW/cm.K2,False,30.0,52.0,22.0,50.290000000000006,2.050799999999997,52.0,65.0,90.0,25.0,82.34,8.936799999999998,90.0,65.38,127.6,62.22,120.64325,7.49279,127.6,692.68,1234.93,542.2500000000001,893.8964999999998,175.26083,722.66,11.0,16.0,5.0,14.469999999999999,1.7844000000000004,16.0,4.0,5.0,1.0,4.99,0.01979999999999979,5.0,122.0,145.0,23.0,139.82999999999998,2.584999999999992,138.0,1.65,2.1,0.4500000000000002,2.041,0.06332000000000006,2.1,1.0,2.0,1.0,1.75,0.375,2.0,0.0,4.0,4.0,2.7199999999999998,1.4144,4.0,10.0,10.0,0.0,10.0,0.0,10.0,0.0,0.0,0.0,0.0,0.0,0.0,11.0,16.0,5.0,14.469999999999999,1.7844000000000004,16.0,0.0,1.0,1.0,0.25,0.375,0.0,0.0,3.0,3.0,1.72,0.8944,2.0,0.0,0.0,0.0,0.0,0.0,0.0,0.0,0.0,0.0,0.0,0.0,0.0,0.0,3.0,3.0,1.97,0.5244000000000001,2.0,13.96,34.7633333333,20.803333333299996,29.17816666665,6.728446666657998,34.7633333333,0.0,0.464,0.464,0.232,0.232,0.464,0.0,0.0,0.0,0.0,0.0,0.0,152.0,225.0,73.0,174.03,25.8844,152.0,1.75,2.7199999999999998,10.0,0.0,0.12093987560469939,0.1879751209398756,0.6910850034554251,0.0,8.993810816868557,0.12181644966656095,0.04,1.0,0.0,0.25,0.24,0.5,300.0,1.0,0.020000000000000018
nz6b00639.pdf,10.1021/acsenergylett.6b00639,AgSbTe2,AgSb0.96Zn0.04Te2,AgSb0.96Zn0.04Te2,Zn,0.04,Sb,,Zn (0.04) @ Sb site,body text,,,17.3,uW/cm.K2,False,30.0,52.0,22.0,50.290000000000006,2.050799999999997,52.0,65.0,90.0,25.0,82.34,8.936799999999998,90.0,65.38,127.6,62.22,120.64325,7.49279,127.6,692.68,1234.93,542.2500000000001,893.8964999999998,175.26083,722.66,11.0,16.0,5.0,14.469999999999999,1.7844000000000004,16.0,4.0,5.0,1.0,4.99,0.01979999999999979,5.0,122.0,145.0,23.0,139.82999999999998,2.584999999999992,138.0,1.65,2.1,0.4500000000000002,2.041,0.06332000000000006,2.1,1.0,2.0,1.0,1.75,0.375,2.0,0.0,4.0,4.0,2.7199999999999998,1.4144,4.0,10.0,10.0,0.0,10.0,0.0,10.0,0.0,0.0,0.0,0.0,0.0,0.0,11.0,16.0,5.0,14.469999999999999,1.7844000000000004,16.0,0.0,1.0,1.0,0.25,0.375,0.0,0.0,3.0,3.0,1.72,0.8944,2.0,0.0,0.0,0.0,0.0,0.0,0.0,0.0,0.0,0.0,0.0,0.0,0.0,0.0,3.0,3.0,1.97,0.5244000000000001,2.0,13.96,34.7633333333,20.803333333299996,29.17816666665,6.728446666657998,34.7633333333,0.0,0.464,0.464,0.232,0.232,0.464,0.0,0.0,0.0,0.0,0.0,0.0,152.0,225.0,73.0,174.03,25.8844,152.0,1.75,2.7199999999999998,10.0,0.0,0.12093987560469939,0.1879751209398756,0.6910850034554251,0.0,8.993810816868557,0.12181644966656095,0.04,1.0,0.0,0.25,0.24,0.5,585.0,1.0,0.020000000000000018
nz6b00639.pdf,10.1021/acsenergylett.6b00639,AgSbTe2,Ag0.96Zn0.04Te2,Ag0.96Zn0.04Te2,Zn,0.04,Sb,,Zn (0.04) @ Sb site,body text,,,11.5,uW/cm.K2,False,30.0,52.0,22.0,50.10666666666666,2.524444444444446,52.0,65.0,90.0,25.0,81.72,11.040000000000001,90.0,65.38,127.6,62.22,120.456224,9.525034666666661,127.6,692.68,1234.93,542.2500000000001,886.1866666666666,223.19573333333335,722.66,11.0,16.0,5.0,14.346666666666666,2.204444444444445,16.0,4.0,5.0,1.0,4.986666666666667,0.026311111111110546,5.0,122.0,145.0,23.0,140.02666666666667,3.1829333333333345,138.0,1.65,2.1,0.4500000000000002,2.0396,0.08053333333333339,2.1,1.0,2.0,1.0,1.68,0.43520000000000003,2.0,0.0,4.0,4.0,2.6666666666666665,1.7777777777777777,4.0,10.0,10.0,0.0,10.0,0.0,10.0,0.0,0.0,0.0,0.0,0.0,0.0,11.0,16.0,5.0,14.346666666666666,2.204444444444445,16.0,0.0,1.0,1.0,0.32,0.43520000000000003,0.0,0.0,2.0,2.0,1.3333333333333333,0.8888888888888888,2.0,0.0,0.0,0.0,0.0,0.0,0.0,0.0,0.0,0.0,0.0,0.0,0.0,0.0,2.0,2.0,1.6533333333333333,0.46222222222222226,2.0,13.96,34.7633333333,20.803333333299996,28.587288888866663,8.23472592591111,34.7633333333,0.0,0.464,0.464,0.30933333333333335,0.20622222222222222,0.464,0.0,0.0,0.0,0.0,0.0,0.0,152.0,225.0,73.0,175.92,31.893333333333327,152.0,1.68,2.6666666666666665,10.0,0.0,0.1171003717472119,0.18587360594795538,0.6970260223048328,0.0,5.757728370863799,0.18306122448979606,0.04,1.0,0.0,0.32,0.0,0.6666666666666666,300.0,1.0,0.020000000000000018
nz6b00639.pdf,10.1021/acsenergylett.6b00639,AgSbTe2,Ag0.96Zn0.04Te2,Ag0.96Zn0.04Te2,Zn,0.04,Sb,,Zn (0.04) @ Sb site,body text,,,17.3,uW/cm.K2,False,30.0,52.0,22.0,50.10666666666666,2.524444444444446,52.0,65.0,90.0,25.0,81.72,11.040000000000001,90.0,65.38,127.6,62.22,120.456224,9.525034666666661,127.6,692.68,1234.93,542.2500000000001,886.1866666666666,223.19573333333335,722.66,11.0,16.0,5.0,14.346666666666666,2.204444444444445,16.0,4.0,5.0,1.0,4.986666666666667,0.026311111111110546,5.0,122.0,145.0,23.0,140.02666666666667,3.1829333333333345,138.0,1.65,2.1,0.4500000000000002,2.0396,0.08053333333333339,2.1,1.0,2.0,1.0,1.68,0.43520000000000003,2.0,0.0,4.0,4.0,2.6666666666666665,1.7777777777777777,4.0,10.0,10.0,0.0,10.0,0.0,10.0,0.0,0.0,0.0,0.0,0.0,0.0,11.0,16.0,5.0,14.346666666666666,2.204444444444445,16.0,0.0,1.0,1.0,0.32,0.43520000000000003,0.0,0.0,2.0,2.0,1.3333333333333333,0.8888888888888888,2.0,0.0,0.0,0.0,0.0,0.0,0.0,0.0,0.0,0.0,0.0,0.0,0.0,0.0,2.0,2.0,1.6533333333333333,0.46222222222222226,2.0,13.96,34.7633333333,20.803333333299996,28.587288888866663,8.23472592591111,34.7633333333,0.0,0.464,0.464,0.30933333333333335,0.20622222222222222,0.464,0.0,0.0,0.0,0.0,0.0,0.0,152.0,225.0,73.0,175.92,31.893333333333327,152.0,1.68,2.6666666666666665,10.0,0.0,0.1171003717472119,0.18587360594795538,0.6970260223048328,0.0,5.757728370863799,0.18306122448979606,0.04,1.0,0.0,0.32,0.0,0.6666666666666666,585.0,1.0,0.020000000000000018
s10854-025-15118-x.pdf,10.1007/s10854-025-15118-x,AgSbTe2,MQ-450,AgSbTe2,,,,,,body text,Page 1,,13.16,uW/cm.K2,False,47.0,52.0,5.0,50.5,1.75,52.0,65.0,90.0,25.0,82.5,8.75,90.0,107.8682,127.6,19.731799999999993,121.20705,6.669425,127.6,722.66,1234.93,512.2700000000001,896.0074999999999,173.34750000000003,722.66,11.0,16.0,5.0,14.5,1.75,16.0,5.0,5.0,0.0,5.0,0.0,5.0,138.0,145.0,7.0,140.0,2.5,138.0,1.93,2.1,0.17000000000000015,2.045,0.05750000000000005,2.1,1.0,2.0,1.0,1.75,0.375,2.0,0.0,4.0,4.0,2.75,1.375,4.0,10.0,10.0,0.0,10.0,0.0,10.0,0.0,0.0,0.0,0.0,0.0,0.0,11.0,16.0,5.0,14.5,1.75,16.0,0.0,1.0,1.0,0.25,0.375,0.0,0.0,3.0,3.0,1.75,0.875,2.0,0.0,0.0,0.0,0.0,0.0,0.0,0.0,0.0,0.0,0.0,0.0,0.0,1.0,3.0,2.0,2.0,0.5,2.0,16.33,34.7633333333,18.4333333333,29.35416666665,6.512083333324999,34.7633333333,0.0,0.464,0.464,0.232,0.232,0.464,0.0,0.0,0.0,0.0,0.0,0.0,152.0,225.0,73.0,173.75,25.625,152.0,1.75,2.75,10.0,0.0,0.1206896551724138,0.1896551724137931,0.6896551724137931,0.0,8.644719482306641,0.11200000000000014,,0.0,0.0,0.25,0.25,0.5,600.0,,
s10854-025-15118-x.pdf,10.1007/s10854-025-15118-x,AgSbTe2,MQ-450,AgSbTe2,,,,,,body text,Page 5,,9.519999999999998,uW/cm.K2,False,47.0,52.0,5.0,50.5,1.75,52.0,65.0,90.0,25.0,82.5,8.75,90.0,107.8682,127.6,19.731799999999993,121.20705,6.669425,127.6,722.66,1234.93,512.2700000000001,896.0074999999999,173.34750000000003,722.66,11.0,16.0,5.0,14.5,1.75,16.0,5.0,5.0,0.0,5.0,0.0,5.0,138.0,145.0,7.0,140.0,2.5,138.0,1.93,2.1,0.17000000000000015,2.045,0.05750000000000005,2.1,1.0,2.0,1.0,1.75,0.375,2.0,0.0,4.0,4.0,2.75,1.375,4.0,10.0,10.0,0.0,10.0,0.0,10.0,0.0,0.0,0.0,0.0,0.0,0.0,11.0,16.0,5.0,14.5,1.75,16.0,0.0,1.0,1.0,0.25,0.375,0.0,0.0,3.0,3.0,1.75,0.875,2.0,0.0,0.0,0.0,0.0,0.0,0.0,0.0,0.0,0.0,0.0,0.0,0.0,1.0,3.0,2.0,2.0,0.5,2.0,16.33,34.7633333333,18.4333333333,29.35416666665,6.512083333324999,34.7633333333,0.0,0.464,0.464,0.232,0.232,0.464,0.0,0.0,0.0,0.0,0.0,0.0,152.0,225.0,73.0,173.75,25.625,152.0,1.75,2.75,10.0,0.0,0.1206896551724138,0.1896551724137931,0.6896551724137931,0.0,8.644719482306641,0.11200000000000014,,0.0,0.0,0.25,0.25,0.5,300.0,,
s10854-025-15118-x.pdf,10.1007/s10854-025-15118-x,AgSbTe2,MQ-350,AgSbTe2,,,,,,body text,Page 5,,2.79,uW/cm.K2,False,47.0,52.0,5.0,50.5,1.75,52.0,65.0,90.0,25.0,82.5,8.75,90.0,107.8682,127.6,19.731799999999993,121.20705,6.669425,127.6,722.66,1234.93,512.2700000000001,896.0074999999999,173.34750000000003,722.66,11.0,16.0,5.0,14.5,1.75,16.0,5.0,5.0,0.0,5.0,0.0,5.0,138.0,145.0,7.0,140.0,2.5,138.0,1.93,2.1,0.17000000000000015,2.045,0.05750000000000005,2.1,1.0,2.0,1.0,1.75,0.375,2.0,0.0,4.0,4.0,2.75,1.375,4.0,10.0,10.0,0.0,10.0,0.0,10.0,0.0,0.0,0.0,0.0,0.0,0.0,11.0,16.0,5.0,14.5,1.75,16.0,0.0,1.0,1.0,0.25,0.375,0.0,0.0,3.0,3.0,1.75,0.875,2.0,0.0,0.0,0.0,0.0,0.0,0.0,0.0,0.0,0.0,0.0,0.0,0.0,1.0,3.0,2.0,2.0,0.5,2.0,16.33,34.7633333333,18.4333333333,29.35416666665,6.512083333324999,34.7633333333,0.0,0.464,0.464,0.232,0.232,0.464,0.0,0.0,0.0,0.0,0.0,0.0,152.0,225.0,73.0,173.75,25.625,152.0,1.75,2.75,10.0,0.0,0.1206896551724138,0.1896551724137931,0.6896551724137931,0.0,8.644719482306641,0.11200000000000014,,0.0,0.0,0.25,0.25,0.5,300.0,,
s10854-026-17196-x.pdf,10.1007/s10854-026-17196-x,AgSbTe2,AST-AS,AgSbTe2,,,,,,body text,Table 6,,1.0659999999999998,uW/cm.K2,False,47.0,52.0,5.0,50.5,1.75,52.0,65.0,90.0,25.0,82.5,8.75,90.0,107.8682,127.6,19.731799999999993,121.20705,6.669425,127.6,722.66,1234.93,512.2700000000001,896.0074999999999,173.34750000000003,722.66,11.0,16.0,5.0,14.5,1.75,16.0,5.0,5.0,0.0,5.0,0.0,5.0,138.0,145.0,7.0,140.0,2.5,138.0,1.93,2.1,0.17000000000000015,2.045,0.05750000000000005,2.1,1.0,2.0,1.0,1.75,0.375,2.0,0.0,4.0,4.0,2.75,1.375,4.0,10.0,10.0,0.0,10.0,0.0,10.0,0.0,0.0,0.0,0.0,0.0,0.0,11.0,16.0,5.0,14.5,1.75,16.0,0.0,1.0,1.0,0.25,0.375,0.0,0.0,3.0,3.0,1.75,0.875,2.0,0.0,0.0,0.0,0.0,0.0,0.0,0.0,0.0,0.0,0.0,0.0,0.0,1.0,3.0,2.0,2.0,0.5,2.0,16.33,34.7633333333,18.4333333333,29.35416666665,6.512083333324999,34.7633333333,0.0,0.464,0.464,0.232,0.232,0.464,0.0,0.0,0.0,0.0,0.0,0.0,152.0,225.0,73.0,173.75,25.625,152.0,1.75,2.75,10.0,0.0,0.1206896551724138,0.1896551724137931,0.6896551724137931,0.0,8.644719482306641,0.11200000000000014,,0.0,0.0,0.25,0.25,0.5,300.0,,
s10854-026-17196-x.pdf,10.1007/s10854-026-17196-x,AgSbTe2,AST-50,AgSbTe2,,,,,,body text,Table 6,,1.715,uW/cm.K2,False,47.0,52.0,5.0,50.5,1.75,52.0,65.0,90.0,25.0,82.5,8.75,90.0,107.8682,127.6,19.731799999999993,121.20705,6.669425,127.6,722.66,1234.93,512.2700000000001,896.0074999999999,173.34750000000003,722.66,11.0,16.0,5.0,14.5,1.75,16.0,5.0,5.0,0.0,5.0,0.0,5.0,138.0,145.0,7.0,140.0,2.5,138.0,1.93,2.1,0.17000000000000015,2.045,0.05750000000000005,2.1,1.0,2.0,1.0,1.75,0.375,2.0,0.0,4.0,4.0,2.75,1.375,4.0,10.0,10.0,0.0,10.0,0.0,10.0,0.0,0.0,0.0,0.0,0.0,0.0,11.0,16.0,5.0,14.5,1.75,16.0,0.0,1.0,1.0,0.25,0.375,0.0,0.0,3.0,3.0,1.75,0.875,2.0,0.0,0.0,0.0,0.0,0.0,0.0,0.0,0.0,0.0,0.0,0.0,0.0,1.0,3.0,2.0,2.0,0.5,2.0,16.33,34.7633333333,18.4333333333,29.35416666665,6.512083333324999,34.7633333333,0.0,0.464,0.464,0.232,0.232,0.464,0.0,0.0,0.0,0.0,0.0,0.0,152.0,225.0,73.0,173.75,25.625,152.0,1.75,2.75,10.0,0.0,0.1206896551724138,0.1896551724137931,0.6896551724137931,0.0,8.644719482306641,0.11200000000000014,,0.0,0.0,0.25,0.25,0.5,300.0,,
s10854-026-17196-x.pdf,10.1007/s10854-026-17196-x,AgSbTe2,AST-70,AgSbTe2,,,,,,body text,Table 6,,11.792,uW/cm.K2,False,47.0,52.0,5.0,50.5,1.75,52.0,65.0,90.0,25.0,82.5,8.75,90.0,107.8682,127.6,19.731799999999993,121.20705,6.669425,127.6,722.66,1234.93,512.2700000000001,896.0074999999999,173.34750000000003,722.66,11.0,16.0,5.0,14.5,1.75,16.0,5.0,5.0,0.0,5.0,0.0,5.0,138.0,145.0,7.0,140.0,2.5,138.0,1.93,2.1,0.17000000000000015,2.045,0.05750000000000005,2.1,1.0,2.0,1.0,1.75,0.375,2.0,0.0,4.0,4.0,2.75,1.375,4.0,10.0,10.0,0.0,10.0,0.0,10.0,0.0,0.0,0.0,0.0,0.0,0.0,11.0,16.0,5.0,14.5,1.75,16.0,0.0,1.0,1.0,0.25,0.375,0.0,0.0,3.0,3.0,1.75,0.875,2.0,0.0,0.0,0.0,0.0,0.0,0.0,0.0,0.0,0.0,0.0,0.0,0.0,1.0,3.0,2.0,2.0,0.5,2.0,16.33,34.7633333333,18.4333333333,29.35416666665,6.512083333324999,34.7633333333,0.0,0.464,0.464,0.232,0.232,0.464,0.0,0.0,0.0,0.0,0.0,0.0,152.0,225.0,73.0,173.75,25.625,152.0,1.75,2.75,10.0,0.0,0.1206896551724138,0.1896551724137931,0.6896551724137931,0.0,8.644719482306641,0.11200000000000014,,0.0,0.0,0.25,0.25,0.5,300.0,,
s10854-026-17196-x.pdf,10.1007/s10854-026-17196-x,AgSbTe2,AST-90,AgSbTe2,,,,,,body text,Table 6,,12.646,uW/cm.K2,False,47.0,52.0,5.0,50.5,1.75,52.0,65.0,90.0,25.0,82.5,8.75,90.0,107.8682,127.6,19.731799999999993,121.20705,6.669425,127.6,722.66,1234.93,512.2700000000001,896.0074999999999,173.34750000000003,722.66,11.0,16.0,5.0,14.5,1.75,16.0,5.0,5.0,0.0,5.0,0.0,5.0,138.0,145.0,7.0,140.0,2.5,138.0,1.93,2.1,0.17000000000000015,2.045,0.05750000000000005,2.1,1.0,2.0,1.0,1.75,0.375,2.0,0.0,4.0,4.0,2.75,1.375,4.0,10.0,10.0,0.0,10.0,0.0,10.0,0.0,0.0,0.0,0.0,0.0,0.0,11.0,16.0,5.0,14.5,1.75,16.0,0.0,1.0,1.0,0.25,0.375,0.0,0.0,3.0,3.0,1.75,0.875,2.0,0.0,0.0,0.0,0.0,0.0,0.0,0.0,0.0,0.0,0.0,0.0,0.0,1.0,3.0,2.0,2.0,0.5,2.0,16.33,34.7633333333,18.4333333333,29.35416666665,6.512083333324999,34.7633333333,0.0,0.464,0.464,0.232,0.232,0.464,0.0,0.0,0.0,0.0,0.0,0.0,152.0,225.0,73.0,173.75,25.625,152.0,1.75,2.75,10.0,0.0,0.1206896551724138,0.1896551724137931,0.6896551724137931,0.0,8.644719482306641,0.11200000000000014,,0.0,0.0,0.25,0.25,0.5,300.0,,
s10854-026-17196-x.pdf,10.1007/s10854-026-17196-x,AgSbTe2,AST-110,AgSbTe2,,,,,,body text,Table 6,,4.603,uW/cm.K2,False,47.0,52.0,5.0,50.5,1.75,52.0,65.0,90.0,25.0,82.5,8.75,90.0,107.8682,127.6,19.731799999999993,121.20705,6.669425,127.6,722.66,1234.93,512.2700000000001,896.0074999999999,173.34750000000003,722.66,11.0,16.0,5.0,14.5,1.75,16.0,5.0,5.0,0.0,5.0,0.0,5.0,138.0,145.0,7.0,140.0,2.5,138.0,1.93,2.1,0.17000000000000015,2.045,0.05750000000000005,2.1,1.0,2.0,1.0,1.75,0.375,2.0,0.0,4.0,4.0,2.75,1.375,4.0,10.0,10.0,0.0,10.0,0.0,10.0,0.0,0.0,0.0,0.0,0.0,0.0,11.0,16.0,5.0,14.5,1.75,16.0,0.0,1.0,1.0,0.25,0.375,0.0,0.0,3.0,3.0,1.75,0.875,2.0,0.0,0.0,0.0,0.0,0.0,0.0,0.0,0.0,0.0,0.0,0.0,0.0,1.0,3.0,2.0,2.0,0.5,2.0,16.33,34.7633333333,18.4333333333,29.35416666665,6.512083333324999,34.7633333333,0.0,0.464,0.464,0.232,0.232,0.464,0.0,0.0,0.0,0.0,0.0,0.0,152.0,225.0,73.0,173.75,25.625,152.0,1.75,2.75,10.0,0.0,0.1206896551724138,0.1896551724137931,0.6896551724137931,0.0,8.644719482306641,0.11200000000000014,,0.0,0.0,0.25,0.25,0.5,300.0,,
s12613-011-0446-5.pdf,10.1007/s12613-011-0446-5,Ag0.84Sb1.15Te2.16,AgSbTe2,Ag0.84Sb1.15Te2.16,,,,,,figure,,Visually estimated from Fig. 2(c),21.000000000000004,uW/cm.K2,False,47.0,52.0,5.0,50.71084337349397,1.502220931920455,52.0,65.0,90.0,25.0,83.55421686746988,7.511104659602266,90.0,107.8682,127.6,19.731799999999993,121.98778024096384,5.84211791784003,127.6,722.66,1234.93,512.2700000000001,876.5382650602409,160.18171206270867,722.66,11.0,16.0,5.0,14.710843373493976,1.5022209319204527,16.0,5.0,5.0,0.0,5.0,0.0,5.0,138.0,145.0,7.0,139.69397590361444,2.1479808390187167,138.0,1.93,2.1,0.17000000000000015,2.0517349397590356,0.05024218319059382,2.1,1.0,2.0,1.0,1.7975903614457829,0.3228799535491364,2.0,0.0,4.0,4.0,2.9132530120481923,1.1793409783713167,4.0,10.0,10.0,0.0,10.0,0.0,10.0,0.0,0.0,0.0,0.0,0.0,0.0,11.0,16.0,5.0,14.710843373493976,1.5022209319204527,16.0,0.0,1.0,1.0,0.20240963855421684,0.3228799535491363,0.0,0.0,3.0,3.0,1.8722891566265059,0.7579387429235013,2.0,0.0,0.0,0.0,0.0,0.0,0.0,0.0,0.0,0.0,0.0,0.0,0.0,1.0,3.0,2.0,2.0746987951807228,0.512817535201045,2.0,16.33,34.7633333333,18.4333333333,30.14457831323566,5.592407606321907,34.7633333333,0.0,0.464,0.464,0.2415036144578313,0.23161069531136594,0.464,0.0,0.0,0.0,0.0,0.0,0.0,152.0,225.0,73.0,170.655421686747,21.99973290753375,152.0,1.7975903614457829,2.9132530120481923,10.0,0.0,0.12219492219492217,0.198034398034398,0.6797706797706797,0.0,8.471128009532151,0.10420332801458872,,0.0,0.0,0.20240963855421684,0.2771084337349397,0.5204819277108433,300.0,,
s12613-011-0446-5.pdf,10.1007/s12613-011-0446-5,Ag0.84Sb1.15Te2.16,AgSbTe2-Ce,Ag0.84Sb1.15Ce0.01Te2.16,Ce,0.01,Sb,,Ce (0.01) @ Sb site,figure,,Visually estimated from Fig. 2(c),18.0,uW/cm.K2,False,47.0,58.0,11.0,50.72836538461538,1.505686020710062,52.0,15.0,90.0,75.0,83.38942307692307,7.755293084319532,90.0,107.8682,140.116,32.24780000000001,122.03135769230768,5.869766253698221,127.6,722.66,1234.93,512.2700000000001,877.0057211538461,160.28209504437874,722.66,3.0,16.0,13.0,14.682692307692308,1.543407914201183,16.0,5.0,6.0,1.0,5.002403846153847,0.004796135355030129,5.0,138.0,204.0,66.0,139.84855769230768,2.388810558431945,138.0,1.12,2.1,0.98,2.0494951923076923,0.05272640070266275,2.1,1.0,2.0,1.0,1.7980769230769231,0.3223002958579881,2.0,0.0,4.0,4.0,2.90625,1.1876502403846154,4.0,1.0,10.0,9.0,9.978365384615385,0.043165218195265864,10.0,0.0,1.0,1.0,0.002403846153846154,0.0047961353550295864,0.0,4.0,16.0,12.0,14.685096153846153,1.5395825628698228,16.0,0.0,1.0,1.0,0.2019230769230769,0.32230029585798814,0.0,0.0,3.0,3.0,1.8677884615384615,0.7632789386094674,2.0,0.0,9.0,9.0,0.021634615384615384,0.043165218195266274,0.0,0.0,13.0,13.0,0.03125,0.062349759615384616,0.0,1.0,22.0,21.0,2.1225961538461537,0.5806675295857988,2.0,16.33,37.24,20.910000000000004,30.16163461536731,5.58585244082141,34.7633333333,0.0,0.464,0.464,0.2409230769230769,0.23165680473372782,0.464,0.0,0.0,0.0,0.0,0.0,0.0,152.0,225.0,73.0,170.71153846153848,22.036150147929003,152.0,1.7980769230769231,2.90625,9.978365384615385,0.002403846153846154,0.12244229824848585,0.1979047307251596,0.6794892781142577,0.00016369291209690623,8.591260798965358,0.11067585141069392,0.01,1.0,0.0,0.2019230769230769,0.27644230769230765,0.5192307692307693,300.0,0.0,0.2499999999999999
s12613-011-0446-5.pdf,10.1007/s12613-011-0446-5,Ag0.84Sb1.15Te2.16,AgSbTe2-Yb,Ag0.84Sb1.15Yb0.01Te2.16,Yb,0.01,Sb,,Yb (0.01) @ Sb site,figure,,Visually estimated from Fig. 2(c),17.0,uW/cm.K2,False,47.0,70.0,23.0,50.75721153846154,1.5173354289940817,52.0,39.0,90.0,51.0,83.44711538461537,7.663484652366871,90.0,107.8682,173.054,65.1858,122.11053557692307,5.9455181721523624,127.6,722.66,1234.93,512.2700000000001,877.056201923077,160.3345173816568,722.66,3.0,16.0,13.0,14.682692307692308,1.543407914201183,16.0,5.0,6.0,1.0,5.002403846153847,0.004796135355030129,5.0,138.0,187.0,49.0,139.80769230769232,2.323779585798824,138.0,1.26,2.1,0.8400000000000001,2.0498317307692306,0.05219085151627227,2.1,1.0,2.0,1.0,1.7980769230769231,0.3223002958579881,2.0,0.0,4.0,4.0,2.90625,1.1876502403846154,4.0,0.0,10.0,10.0,9.975961538461538,0.047961353550295995,10.0,0.0,14.0,14.0,0.03365384615384616,0.0671458949704142,0.0,11.0,16.0,5.0,14.713942307692308,1.499861316568047,16.0,0.0,1.0,1.0,0.2019230769230769,0.32230029585798814,0.0,0.0,3.0,3.0,1.8677884615384615,0.7632789386094674,2.0,0.0,0.0,0.0,0.0,0.0,0.0,0.0,0.0,0.0,0.0,0.0,0.0,0.0,3.0,3.0,2.0697115384615383,0.5143421782544378,2.0,16.33,34.7633333333,18.4333333333,30.154134615367305,5.582823594667566,34.7633333333,0.0,0.464,0.464,0.2409230769230769,0.23165680473372782,0.464,0.0,0.0,0.0,0.0,0.0,0.0,152.0,225.0,73.0,170.78605769230768,22.154736039201175,152.0,1.7980769230769231,2.90625,9.975961538461538,0.03365384615384616,0.12220225453357295,0.19751674562979904,0.6779937918640745,0.0022872079725535046,8.591260798965358,0.1108322810456286,0.01,1.0,0.0,0.2019230769230769,0.27644230769230765,0.5192307692307693,300.0,0.0,0.10799999999999998
s12613-011-0446-5.pdf,10.1007/s12613-011-0446-5,Ag0.84Sb1.15Te2.16,AgSbTe2-Cu,Ag0.84Sb1.15Cu0.01Te2.16,Cu,0.01,Sb,,Cu (0.01) @ Sb site,figure,,Visually estimated from Fig. 2(c),13.000000000000002,uW/cm.K2,False,29.0,52.0,23.0,50.65865384615385,1.5816614275147924,52.0,64.0,90.0,26.0,83.50721153846153,7.567850869082843,90.0,63.546,127.6,64.054,121.84729519230767,5.97396268491124,127.6,722.66,1357.77,635.11,877.6950721153845,160.9979595044379,722.66,11.0,16.0,5.0,14.701923076923077,1.512805103550296,16.0,4.0,5.0,1.0,4.997596153846153,0.004796135355030129,5.0,132.0,145.0,13.0,139.67548076923075,2.1502866124260214,138.0,1.9,2.1,0.20000000000000018,2.0513701923076924,0.05050018491124271,2.1,1.0,2.0,1.0,1.7956730769230769,0.3251548631656805,2.0,0.0,4.0,4.0,2.90625,1.1876502403846154,4.0,10.0,10.0,0.0,10.0,0.0,10.0,0.0,0.0,0.0,0.0,0.0,0.0,11.0,16.0,5.0,14.701923076923077,1.512805103550296,16.0,0.0,1.0,1.0,0.20432692307692307,0.32515486316568043,0.0,0.0,3.0,3.0,1.8677884615384615,0.7632789386094674,2.0,0.0,0.0,0.0,0.0,0.0,0.0,0.0,0.0,0.0,0.0,0.0,0.0,1.0,3.0,2.0,2.0721153846153846,0.5130131286982248,2.0,11.07,34.7633333333,23.693333333299996,30.09872596152115,5.651931282352394,34.7633333333,0.0,0.464,0.464,0.2409230769230769,0.23165680473372782,0.464,0.0,0.0,0.0,0.0,0.0,0.0,152.0,225.0,73.0,170.78605769230768,22.154736039201175,152.0,1.7956730769230769,2.90625,10.0,0.0,0.12213865271419228,0.19767822105951602,0.6801831262262917,0.0,8.591260798965358,0.10457509564824082,0.01,1.0,0.0,0.2019230769230769,0.27644230769230765,0.5192307692307693,300.0,1.0,0.030000000000000027
s41467-024-55280-0.pdf,10.1038/s41467-024-55280-0,AgSbTe2,AgSb0.94Sn0.06Te2,AgSb0.94Sn0.06Te2,Sn,6 mol%,Sb,,Sn (6 mol%) @ Sb site,body text,,,27.0,uW/cm.K2,False,47.0,52.0,5.0,50.485,1.7570500000000004,52.0,65.0,90.0,25.0,82.425,8.785250000000001,90.0,107.8682,127.6,19.731799999999993,121.1613,6.720089,127.6,505.08,1234.93,729.8500000000001,890.027,178.91541,722.66,11.0,16.0,5.0,14.485,1.7570500000000004,16.0,5.0,5.0,0.0,5.0,0.0,5.0,138.0,145.0,7.0,140.0,2.5,138.0,1.93,2.1,0.17000000000000015,2.04365,0.05933450000000003,2.1,1.0,2.0,1.0,1.75,0.375,2.0,0.0,4.0,4.0,2.735,1.3895499999999998,4.0,10.0,10.0,0.0,10.0,0.0,10.0,0.0,0.0,0.0,0.0,0.0,0.0,11.0,16.0,5.0,14.485,1.7570500000000004,16.0,0.0,1.0,1.0,0.25,0.375,0.0,0.0,4.0,4.0,1.765,0.8825000000000001,2.0,0.0,0.0,0.0,0.0,0.0,0.0,0.0,0.0,0.0,0.0,0.0,0.0,1.0,4.0,3.0,2.0149999999999997,0.5224999999999999,2.0,16.33,34.7633333333,18.4333333333,29.380041666649998,6.525020833325,34.7633333333,0.0,0.464,0.464,0.232,0.232,0.464,0.0,0.0,0.0,0.0,0.0,0.0,141.0,225.0,84.0,173.375,25.8125,152.0,1.75,2.735,10.0,0.0,0.12081463583016915,0.18881601656886435,0.6903693476009666,0.0,9.11649772763948,0.11282256150621008,0.06,1.0,0.0,0.25,0.235,0.5,673.0,1.0,0.07000000000000006
science.1092963.pdf,,AgPb_mSbTe_2+m,AgPb10SbTe12,AgPb10SbTe12,Ag,nominal,Ag,Sb (nominal) @ Sb,Ag (nominal) @ Ag site; Sb (nominal) @ Sb site,body text,,,12.3,uW/cm.K2,False,47.0,82.0,35.0,64.25,14.791666666666666,52.0,65.0,90.0,25.0,85.0,5.0,90.0,107.8682,207.2,99.33179999999999,159.701175,39.58235416666667,127.6,600.61,1234.93,634.32,700.6970833333334,83.40590277777777,722.66,11.0,16.0,5.0,14.916666666666666,1.090277777777778,16.0,5.0,6.0,1.0,5.416666666666667,0.48611111111111116,5.0,138.0,146.0,8.0,141.66666666666666,3.888888888888888,138.0,1.93,2.33,0.40000000000000013,2.186666666666667,0.1194444444444445,2.1,1.0,2.0,1.0,1.9583333333333333,0.07986111111111117,2.0,0.0,4.0,4.0,2.9583333333333335,1.045138888888889,4.0,10.0,10.0,0.0,10.0,0.0,10.0,0.0,14.0,14.0,5.833333333333333,6.805555555555556,0.0,11.0,28.0,17.0,20.75,6.041666666666667,16.0,0.0,1.0,1.0,0.041666666666666664,0.07986111111111112,0.0,0.0,4.0,4.0,2.7916666666666665,1.0243055555555556,2.0,0.0,0.0,0.0,0.0,0.0,0.0,0.0,0.0,0.0,0.0,0.0,0.0,1.0,4.0,3.0,2.8333333333333335,0.986111111111111,2.0,16.33,34.7633333333,18.4333333333,31.089583333316664,3.7129513888736096,34.7633333333,0.0,0.464,0.464,0.232,0.23200000000000007,0.464,0.0,0.0,0.0,0.0,0.0,0.0,152.0,225.0,73.0,186.04166666666666,35.71180555555555,152.0,1.9583333333333333,2.9583333333333335,10.0,5.833333333333333,0.09437751004016064,0.142570281124498,0.4819277108433735,0.28112449799196787,8.116495679119133,0.2252121212121213,,2.0,1.0,0.041666666666666664,0.041666666666666664,0.5,300.0,0.0,0.0
science.1092963.pdf,,AgPb_mSbTe_2+m,AgPb10SbTe12,AgPb10SbTe12,Ag,nominal,Ag,Sb (nominal) @ Sb,Ag (nominal) @ Ag site; Sb (nominal) @ Sb site,body text,,,11.4,uW/cm.K2,False,47.0,82.0,35.0,64.25,14.791666666666666,52.0,65.0,90.0,25.0,85.0,5.0,90.0,107.8682,207.2,99.33179999999999,159.701175,39.58235416666667,127.6,600.61,1234.93,634.32,700.6970833333334,83.40590277777777,722.66,11.0,16.0,5.0,14.916666666666666,1.090277777777778,16.0,5.0,6.0,1.0,5.416666666666667,0.48611111111111116,5.0,138.0,146.0,8.0,141.66666666666666,3.888888888888888,138.0,1.93,2.33,0.40000000000000013,2.186666666666667,0.1194444444444445,2.1,1.0,2.0,1.0,1.9583333333333333,0.07986111111111117,2.0,0.0,4.0,4.0,2.9583333333333335,1.045138888888889,4.0,10.0,10.0,0.0,10.0,0.0,10.0,0.0,14.0,14.0,5.833333333333333,6.805555555555556,0.0,11.0,28.0,17.0,20.75,6.041666666666667,16.0,0.0,1.0,1.0,0.041666666666666664,0.07986111111111112,0.0,0.0,4.0,4.0,2.7916666666666665,1.0243055555555556,2.0,0.0,0.0,0.0,0.0,0.0,0.0,0.0,0.0,0.0,0.0,0.0,0.0,1.0,4.0,3.0,2.8333333333333335,0.986111111111111,2.0,16.33,34.7633333333,18.4333333333,31.089583333316664,3.7129513888736096,34.7633333333,0.0,0.464,0.464,0.232,0.23200000000000007,0.464,0.0,0.0,0.0,0.0,0.0,0.0,152.0,225.0,73.0,186.04166666666666,35.71180555555555,152.0,1.9583333333333333,2.9583333333333335,10.0,5.833333333333333,0.09437751004016064,0.142570281124498,0.4819277108433735,0.28112449799196787,8.116495679119133,0.2252121212121213,,2.0,1.0,0.041666666666666664,0.041666666666666664,0.5,700.0,0.0,0.0
science.abb3517.pdf,,AgSbTe2,AgSbTe2,AgSbTe2,,,,,,figure,Fig. 4C,Visually estimated from Fig. 4C,9.0,uW/cm.K2,False,47.0,52.0,5.0,50.5,1.75,52.0,65.0,90.0,25.0,82.5,8.75,90.0,107.8682,127.6,19.731799999999993,121.20705,6.669425,127.6,722.66,1234.93,512.2700000000001,896.0074999999999,173.34750000000003,722.66,11.0,16.0,5.0,14.5,1.75,16.0,5.0,5.0,0.0,5.0,0.0,5.0,138.0,145.0,7.0,140.0,2.5,138.0,1.93,2.1,0.17000000000000015,2.045,0.05750000000000005,2.1,1.0,2.0,1.0,1.75,0.375,2.0,0.0,4.0,4.0,2.75,1.375,4.0,10.0,10.0,0.0,10.0,0.0,10.0,0.0,0.0,0.0,0.0,0.0,0.0,11.0,16.0,5.0,14.5,1.75,16.0,0.0,1.0,1.0,0.25,0.375,0.0,0.0,3.0,3.0,1.75,0.875,2.0,0.0,0.0,0.0,0.0,0.0,0.0,0.0,0.0,0.0,0.0,0.0,0.0,1.0,3.0,2.0,2.0,0.5,2.0,16.33,34.7633333333,18.4333333333,29.35416666665,6.512083333324999,34.7633333333,0.0,0.464,0.464,0.232,0.232,0.464,0.0,0.0,0.0,0.0,0.0,0.0,152.0,225.0,73.0,173.75,25.625,152.0,1.75,2.75,10.0,0.0,0.1206896551724138,0.1896551724137931,0.6896551724137931,0.0,8.644719482306641,0.11200000000000014,,0.0,0.0,0.25,0.25,0.5,300.0,,
science.abb3517.pdf,,AgSbTe2,AgSb0.98Cd0.02Te2,AgSb0.98Cd0.02Te2,Cd,2 mol %,Sb,,Cd (2 mol %) @ Sb site,figure,Fig. 4C,Visually estimated from Fig. 4C,12.0,uW/cm.K2,False,47.0,52.0,5.0,50.485,1.7673500000000002,52.0,65.0,90.0,25.0,82.42500000000001,8.836749999999995,90.0,107.8682,127.6,19.731799999999993,121.160305,6.7335455500000005,127.6,594.22,1234.93,640.71,894.4596999999999,174.80209700000003,722.66,11.0,16.0,5.0,14.485,1.7673500000000002,16.0,5.0,5.0,0.0,5.0,0.0,5.0,138.0,145.0,7.0,140.025,2.5272500000000027,138.0,1.69,2.1,0.41000000000000014,2.0432,0.060131999999999956,2.1,1.0,2.0,1.0,1.75,0.375,2.0,0.0,4.0,4.0,2.735,1.39485,4.0,10.0,10.0,0.0,10.0,0.0,10.0,0.0,0.0,0.0,0.0,0.0,0.0,11.0,16.0,5.0,14.485,1.7673500000000002,16.0,0.0,1.0,1.0,0.25,0.375,0.0,0.0,3.0,3.0,1.7349999999999999,0.88485,2.0,0.0,0.0,0.0,0.0,0.0,0.0,0.0,0.0,0.0,0.0,0.0,0.0,0.0,3.0,3.0,1.9849999999999999,0.5123500000000001,2.0,16.33,34.7633333333,18.4333333333,29.293841666649996,6.5799092499915,34.7633333333,0.0,0.464,0.464,0.232,0.23199999999999998,0.464,0.0,0.0,0.0,0.0,0.0,0.0,152.0,225.0,73.0,173.89,25.756099999999993,152.0,1.75,2.735,10.0,0.0,0.12081463583016915,0.18881601656886435,0.6903693476009666,0.0,8.848505117923192,0.11631524424256928,0.02,1.0,0.0,0.25,0.245,0.5,300.0,1.0,0.19000000000000006
science.abb3517.pdf,,AgSbTe2,AgSb0.94Cd0.06Te2,AgSb0.94Cd0.06Te2,Cd,6 mol %,Sb,,Cd (6 mol %) @ Sb site,figure,Fig. 4C,Visually estimated from Fig. 4C,14.0,uW/cm.K2,False,47.0,52.0,5.0,50.455,1.8011500000000007,52.0,65.0,90.0,25.0,82.27499999999999,9.005750000000004,90.0,107.8682,127.6,19.731799999999993,121.06681499999999,6.858981950000002,127.6,594.22,1234.93,640.71,891.3641,177.618423,722.66,11.0,16.0,5.0,14.455,1.8011499999999998,16.0,5.0,5.0,0.0,5.0,0.0,5.0,138.0,145.0,7.0,140.075,2.580249999999995,138.0,1.69,2.1,0.41000000000000014,2.0396,0.06528799999999998,2.1,1.0,2.0,1.0,1.75,0.375,2.0,0.0,4.0,4.0,2.705,1.43365,4.0,10.0,10.0,0.0,10.0,0.0,10.0,0.0,0.0,0.0,0.0,0.0,0.0,11.0,16.0,5.0,14.455,1.8011499999999998,16.0,0.0,1.0,1.0,0.25,0.375,0.0,0.0,3.0,3.0,1.705,0.90365,2.0,0.0,0.0,0.0,0.0,0.0,0.0,0.0,0.0,0.0,0.0,0.0,0.0,0.0,3.0,3.0,1.955,0.53615,2.0,16.33,34.7633333333,18.4333333333,29.17319166665,6.711941583324499,34.7633333333,0.0,0.464,0.464,0.232,0.232,0.464,0.0,0.0,0.0,0.0,0.0,0.0,152.0,225.0,73.0,174.17,26.009899999999995,152.0,1.75,2.705,10.0,0.0,0.12106537530266344,0.18713248011068834,0.6918021445866482,0.0,9.11649772763948,0.1247338027054823,0.06,1.0,0.0,0.25,0.235,0.5,300.0,1.0,0.19000000000000006
ssrn-4526442.pdf,,AgSbTe2,AgSbTe2 (pristine),AgSbTe2,,,,,,text,Page 6,,8.1,uW/cm.K2,False,47.0,52.0,5.0,50.5,1.75,52.0,65.0,90.0,25.0,82.5,8.75,90.0,107.8682,127.6,19.731799999999993,121.20705,6.669425,127.6,722.66,1234.93,512.2700000000001,896.0074999999999,173.34750000000003,722.66,11.0,16.0,5.0,14.5,1.75,16.0,5.0,5.0,0.0,5.0,0.0,5.0,138.0,145.0,7.0,140.0,2.5,138.0,1.93,2.1,0.17000000000000015,2.045,0.05750000000000005,2.1,1.0,2.0,1.0,1.75,0.375,2.0,0.0,4.0,4.0,2.75,1.375,4.0,10.0,10.0,0.0,10.0,0.0,10.0,0.0,0.0,0.0,0.0,0.0,0.0,11.0,16.0,5.0,14.5,1.75,16.0,0.0,1.0,1.0,0.25,0.375,0.0,0.0,3.0,3.0,1.75,0.875,2.0,0.0,0.0,0.0,0.0,0.0,0.0,0.0,0.0,0.0,0.0,0.0,0.0,1.0,3.0,2.0,2.0,0.5,2.0,16.33,34.7633333333,18.4333333333,29.35416666665,6.512083333324999,34.7633333333,0.0,0.464,0.464,0.232,0.232,0.464,0.0,0.0,0.0,0.0,0.0,0.0,152.0,225.0,73.0,173.75,25.625,152.0,1.75,2.75,10.0,0.0,0.1206896551724138,0.1896551724137931,0.6896551724137931,0.0,8.644719482306641,0.11200000000000014,,0.0,0.0,0.25,0.25,0.5,300.0,,
ssrn-4526442.pdf,,AgSbTe2,AgSb0.95Ti0.05Te2,AgSb0.95Ti0.05Te2,Ti,0.05,Sb,,Ti (0.05) @ Sb site,text,Page 6,,11.999999999999998,uW/cm.K2,False,22.0,52.0,30.0,50.137499999999996,2.272187500000002,52.0,43.0,90.0,47.0,81.975,9.461875000000003,90.0,47.867,127.6,79.733,120.2833875,8.018003437499996,127.6,722.66,1941.0,1218.3400000000001,908.9727499999999,188.77930625,722.66,4.0,16.0,12.0,14.3625,1.9403124999999997,16.0,4.0,5.0,1.0,4.9875,0.024687500000000175,5.0,138.0,160.0,22.0,140.2625,2.8621874999999948,138.0,1.54,2.1,0.56,2.0386249999999997,0.06677812500000016,2.1,1.0,2.0,1.0,1.75,0.375,2.0,0.0,4.0,4.0,2.7125,1.4240625,4.0,2.0,10.0,8.0,9.9,0.19749999999999965,10.0,0.0,0.0,0.0,0.0,0.0,0.0,4.0,16.0,12.0,14.3625,1.9403124999999997,16.0,0.0,1.0,1.0,0.25,0.375,0.0,0.0,3.0,3.0,1.7125,0.8990625,2.0,0.0,8.0,8.0,0.1,0.1975,0.0,0.0,0.0,0.0,0.0,0.0,0.0,1.0,8.0,7.0,2.0625,0.59375,2.0,16.33,34.7633333333,18.4333333333,29.16829166665,6.7311031249912485,34.7633333333,0.0,0.464,0.464,0.232,0.232,0.464,0.0,2.25333333333e-05,2.25333333333e-05,2.8166666666625e-07,5.562916666658437e-07,0.0,152.0,225.0,73.0,174.1,25.947499999999998,152.0,1.75,2.7125,9.9,0.0,0.12184508268059181,0.1888598781549173,0.6892950391644909,0.0,9.05735637478225,0.12852402179296696,0.05,1.0,0.0,0.25,0.2375,0.5,523.0,1.0,0.15500000000000003
ssrn-4526442.pdf,,AgSbTe2,AgSb0.94Ti0.05Te2,AgSb0.94Ti0.05Te2,Ti,0.05,Sb,Sb vacancy (0.01) @ Sb,Ti (0.05) @ Sb site; Sb vacancy (0.01) @ Sb site,text,"Page 3, Abstract",,14.2,uW/cm.K2,False,22.0,52.0,30.0,50.13533834586466,2.276744492810975,52.0,43.0,90.0,47.0,81.9674185463659,9.481598733676298,90.0,47.867,127.6,79.733,120.27968671679196,8.036150903574734,127.6,722.66,1941.0,1218.3400000000001,908.9857644110276,189.24558765334393,722.66,4.0,16.0,12.0,14.360902255639097,1.944334520511806,16.0,4.0,5.0,1.0,4.987468671679197,0.024748588262637136,5.0,138.0,160.0,22.0,140.26566416040097,2.8676955546761502,138.0,1.54,2.1,0.56,2.0385964912280703,0.0669304841049993,2.1,1.0,2.0,1.0,1.74937343358396,0.37562578124509266,2.0,0.0,4.0,4.0,2.7117794486215536,1.4272523413797653,4.0,2.0,10.0,8.0,9.899749373433583,0.19798870610109362,10.0,0.0,0.0,0.0,0.0,0.0,0.0,4.0,16.0,12.0,14.360902255639097,1.944334520511806,16.0,0.0,1.0,1.0,0.2506265664160401,0.37562578124509266,0.0,0.0,3.0,3.0,1.7092731829573935,0.8996174647144175,2.0,0.0,8.0,8.0,0.10025062656641603,0.19798870610109234,0.0,0.0,0.0,0.0,0.0,0.0,0.0,1.0,8.0,7.0,2.060150375939849,0.591704825974711,2.0,16.33,34.7633333333,18.4333333333,29.16229741017543,6.744818185806624,34.7633333333,0.0,0.464,0.464,0.23258145363408522,0.23199854272272158,0.464,0.0,2.25333333333e-05,2.25333333333e-05,2.8237259816165413e-07,5.576681888505851e-07,0.0,152.0,225.0,73.0,174.12030075187968,26.00184672206832,152.0,1.74937343358396,2.7117794486215536,9.899749373433583,0.0,0.1218150087260035,0.1888307155322862,0.6893542757417103,0.0,9.05001570965725,0.12881602551325508,0.05,2.0,1.0,0.2506265664160401,0.23558897243107768,0.5012531328320802,425.0,1.0,0.15500000000000003
ssrn-4526442.pdf,,AgSbTe2,AgSb1-xTixTe2 (x=0),AgSbTe2,Ti,0,Sb,,Ti (0) @ Sb site,body text,page 1,,8.1,uW/cm.K2,False,47.0,52.0,5.0,50.5,1.75,52.0,65.0,90.0,25.0,82.5,8.75,90.0,107.8682,127.6,19.731799999999993,121.20705,6.669425,127.6,722.66,1234.93,512.2700000000001,896.0074999999999,173.34750000000003,722.66,11.0,16.0,5.0,14.5,1.75,16.0,5.0,5.0,0.0,5.0,0.0,5.0,138.0,145.0,7.0,140.0,2.5,138.0,1.93,2.1,0.17000000000000015,2.045,0.05750000000000005,2.1,1.0,2.0,1.0,1.75,0.375,2.0,0.0,4.0,4.0,2.75,1.375,4.0,10.0,10.0,0.0,10.0,0.0,10.0,0.0,0.0,0.0,0.0,0.0,0.0,11.0,16.0,5.0,14.5,1.75,16.0,0.0,1.0,1.0,0.25,0.375,0.0,0.0,3.0,3.0,1.75,0.875,2.0,0.0,0.0,0.0,0.0,0.0,0.0,0.0,0.0,0.0,0.0,0.0,0.0,1.0,3.0,2.0,2.0,0.5,2.0,16.33,34.7633333333,18.4333333333,29.35416666665,6.512083333324999,34.7633333333,0.0,0.464,0.464,0.232,0.232,0.464,0.0,0.0,0.0,0.0,0.0,0.0,152.0,225.0,73.0,173.75,25.625,152.0,1.75,2.75,10.0,0.0,0.1206896551724138,0.1896551724137931,0.6896551724137931,0.0,8.644719482306641,0.11200000000000014,0.0,1.0,0.0,0.25,0.25,0.5,300.0,1.0,0.15500000000000003
ssrn-4526442.pdf,,AgSbTe2,AgSb1-xTixTe2 (x=0.05),AgSb0.95Ti0.05Te2,Ti,0.05,Sb,,Ti (0.05) @ Sb site,body text,page 1,,11.999999999999998,uW/cm.K2,False,22.0,52.0,30.0,50.137499999999996,2.272187500000002,52.0,43.0,90.0,47.0,81.975,9.461875000000003,90.0,47.867,127.6,79.733,120.2833875,8.018003437499996,127.6,722.66,1941.0,1218.3400000000001,908.9727499999999,188.77930625,722.66,4.0,16.0,12.0,14.3625,1.9403124999999997,16.0,4.0,5.0,1.0,4.9875,0.024687500000000175,5.0,138.0,160.0,22.0,140.2625,2.8621874999999948,138.0,1.54,2.1,0.56,2.0386249999999997,0.06677812500000016,2.1,1.0,2.0,1.0,1.75,0.375,2.0,0.0,4.0,4.0,2.7125,1.4240625,4.0,2.0,10.0,8.0,9.9,0.19749999999999965,10.0,0.0,0.0,0.0,0.0,0.0,0.0,4.0,16.0,12.0,14.3625,1.9403124999999997,16.0,0.0,1.0,1.0,0.25,0.375,0.0,0.0,3.0,3.0,1.7125,0.8990625,2.0,0.0,8.0,8.0,0.1,0.1975,0.0,0.0,0.0,0.0,0.0,0.0,0.0,1.0,8.0,7.0,2.0625,0.59375,2.0,16.33,34.7633333333,18.4333333333,29.16829166665,6.7311031249912485,34.7633333333,0.0,0.464,0.464,0.232,0.232,0.464,0.0,2.25333333333e-05,2.25333333333e-05,2.8166666666625e-07,5.562916666658437e-07,0.0,152.0,225.0,73.0,174.1,25.947499999999998,152.0,1.75,2.7125,9.9,0.0,0.12184508268059181,0.1888598781549173,0.6892950391644909,0.0,9.05735637478225,0.12852402179296696,0.05,1.0,0.0,0.25,0.2375,0.5,523.0,1.0,0.15500000000000003
ssrn-4526442.pdf,,AgSbTe2,AgSb0.95Ti0.05Te2,AgSb0.95Ti0.05Te2,Ti,0.05,Sb,,Ti (0.05) @ Sb site,figure,Fig. 6c,Visually estimated from Fig. 6c,10.0,uW/cm.K2,False,22.0,52.0,30.0,50.137499999999996,2.272187500000002,52.0,43.0,90.0,47.0,81.975,9.461875000000003,90.0,47.867,127.6,79.733,120.2833875,8.018003437499996,127.6,722.66,1941.0,1218.3400000000001,908.9727499999999,188.77930625,722.66,4.0,16.0,12.0,14.3625,1.9403124999999997,16.0,4.0,5.0,1.0,4.9875,0.024687500000000175,5.0,138.0,160.0,22.0,140.2625,2.8621874999999948,138.0,1.54,2.1,0.56,2.0386249999999997,0.06677812500000016,2.1,1.0,2.0,1.0,1.75,0.375,2.0,0.0,4.0,4.0,2.7125,1.4240625,4.0,2.0,10.0,8.0,9.9,0.19749999999999965,10.0,0.0,0.0,0.0,0.0,0.0,0.0,4.0,16.0,12.0,14.3625,1.9403124999999997,16.0,0.0,1.0,1.0,0.25,0.375,0.0,0.0,3.0,3.0,1.7125,0.8990625,2.0,0.0,8.0,8.0,0.1,0.1975,0.0,0.0,0.0,0.0,0.0,0.0,0.0,1.0,8.0,7.0,2.0625,0.59375,2.0,16.33,34.7633333333,18.4333333333,29.16829166665,6.7311031249912485,34.7633333333,0.0,0.464,0.464,0.232,0.232,0.464,0.0,2.25333333333e-05,2.25333333333e-05,2.8166666666625e-07,5.562916666658437e-07,0.0,152.0,225.0,73.0,174.1,25.947499999999998,152.0,1.75,2.7125,9.9,0.0,0.12184508268059181,0.1888598781549173,0.6892950391644909,0.0,9.05735637478225,0.12852402179296696,0.05,1.0,0.0,0.25,0.2375,0.5,323.0,1.0,0.15500000000000003
ssrn-6617408.pdf,,SnTe-AgSbTe2 (s-AST),SnTe-8% s-AST,SnTe-8% AgSbTe2,Ag,8%,Ag,Sb (8%) @ Sb,Ag (8%) @ Ag site; Sb (8%) @ Sb site,body text,,,27.9,uW/cm.K2,True,47.0,52.0,5.0,50.5,1.75,52.0,65.0,90.0,25.0,82.5,8.75,90.0,107.8682,127.6,19.731799999999993,121.20705,6.669425,127.6,722.66,1234.93,512.2700000000001,896.0074999999999,173.34750000000003,722.66,11.0,16.0,5.0,14.5,1.75,16.0,5.0,5.0,0.0,5.0,0.0,5.0,138.0,145.0,7.0,140.0,2.5,138.0,1.93,2.1,0.17000000000000015,2.045,0.05750000000000005,2.1,1.0,2.0,1.0,1.75,0.375,2.0,0.0,4.0,4.0,2.75,1.375,4.0,10.0,10.0,0.0,10.0,0.0,10.0,0.0,0.0,0.0,0.0,0.0,0.0,11.0,16.0,5.0,14.5,1.75,16.0,0.0,1.0,1.0,0.25,0.375,0.0,0.0,3.0,3.0,1.75,0.875,2.0,0.0,0.0,0.0,0.0,0.0,0.0,0.0,0.0,0.0,0.0,0.0,0.0,1.0,3.0,2.0,2.0,0.5,2.0,16.33,34.7633333333,18.4333333333,29.35416666665,6.512083333324999,34.7633333333,0.0,0.464,0.464,0.232,0.232,0.464,0.0,0.0,0.0,0.0,0.0,0.0,152.0,225.0,73.0,173.75,25.625,152.0,1.75,2.75,10.0,0.0,0.1206896551724138,0.1896551724137931,0.6896551724137931,0.0,8.644719482306641,0.11200000000000014,0.08,2.0,1.0,0.25,0.25,0.5,823.0,0.0,0.0
