source_pdf,doi,base_composition,sample_id,full_formula,num_dopants,is_codoped,primary_dopant_element,primary_dopant_pct,primary_dopant_site,codopant_elements,all_dopants_detail,source_type,source_detail,notes,temperature_K,target_value,unit
1-s2.0-S0167577X08002243-main.pdf,10.1016/j.matlet.2008.02.039,AgSbTe2,"(AgSbTe2)1-x(Ag2Te)x, x=0",AgSbTe2,1,No,Ag2Te,x=0,unclear,,Ag2Te (x=0) @ unclear site,figure,Fig. 2,Visually estimated from Fig. 2 at 2.0 GPa,,140.0,uV/K
1-s2.0-S0167577X08002243-main.pdf,10.1016/j.matlet.2008.02.039,AgSbTe2,"(AgSbTe2)1-x(Ag2Te)x, x=0",AgSbTe2,1,No,Ag2Te,x=0,unclear,,Ag2Te (x=0) @ unclear site,figure,Fig. 2,Visually estimated from Fig. 2 at 4.5 GPa,,80.0,uV/K
1-s2.0-S0167577X08002243-main.pdf,10.1016/j.matlet.2008.02.039,AgSbTe2,"(AgSbTe2)1-x(Ag2Te)x, x=0.05",(AgSbTe2)0.95(Ag2Te)0.05,1,No,Ag2Te,x=0.05,unclear,,Ag2Te (x=0.05) @ unclear site,figure,Fig. 2,Visually estimated from Fig. 2 at 2.0 GPa,,131.99999999999997,uV/K
1-s2.0-S0167577X08002243-main.pdf,10.1016/j.matlet.2008.02.039,AgSbTe2,"(AgSbTe2)1-x(Ag2Te)x, x=0.05",(AgSbTe2)0.95(Ag2Te)0.05,1,No,Ag2Te,x=0.05,unclear,,Ag2Te (x=0.05) @ unclear site,figure,Fig. 2,Visually estimated from Fig. 2 at 4.5 GPa,,75.0,uV/K
1-s2.0-S0167577X08002243-main.pdf,10.1016/j.matlet.2008.02.039,AgSbTe2,"(AgSbTe2)1-x(Ag2Te)x, x=0.1",(AgSbTe2)0.9(Ag2Te)0.1,1,No,Ag2Te,x=0.1,unclear,,Ag2Te (x=0.1) @ unclear site,figure,Fig. 2,Visually estimated from Fig. 2 at 2.0 GPa,,119.99999999999999,uV/K
1-s2.0-S0167577X08002243-main.pdf,10.1016/j.matlet.2008.02.039,AgSbTe2,"(AgSbTe2)1-x(Ag2Te)x, x=0.1",(AgSbTe2)0.9(Ag2Te)0.1,1,No,Ag2Te,x=0.1,unclear,,Ag2Te (x=0.1) @ unclear site,figure,Fig. 2,Visually estimated from Fig. 2 at 4.5 GPa,,65.0,uV/K
1-s2.0-S0167577X08002243-main.pdf,10.1016/j.matlet.2008.02.039,AgSbTe2,"(AgSbTe2)1-x(Ag2Te)x, x=0.2",(AgSbTe2)0.8(Ag2Te)0.2,1,No,Ag2Te,x=0.2,unclear,,Ag2Te (x=0.2) @ unclear site,figure,Fig. 2,Visually estimated from Fig. 2 at 2.0 GPa,,109.99999999999999,uV/K
1-s2.0-S0167577X08002243-main.pdf,10.1016/j.matlet.2008.02.039,AgSbTe2,"(AgSbTe2)1-x(Ag2Te)x, x=0.2",(AgSbTe2)0.8(Ag2Te)0.2,1,No,Ag2Te,x=0.2,unclear,,Ag2Te (x=0.2) @ unclear site,figure,Fig. 2,Visually estimated from Fig. 2 at 4.5 GPa,,59.99999999999999,uV/K
1-s2.0-S0925838810006912-main.pdf,10.1016/j.jallcom.2010.03.170,AgxSb2-xTe3-x,Ag0.78Sb1.22Te2.22,Ag0.78Sb1.22Te2.22,0,No,,,,,,Table 1,,,300.0,188.0,uV/K
1-s2.0-S0925838810006912-main.pdf,10.1016/j.jallcom.2010.03.170,AgxSb2-xTe3-x,Ag0.81Sb1.19Te2.19,Ag0.81Sb1.19Te2.19,0,No,,,,,,Table 1,,,300.0,230.99999999999997,uV/K
1-s2.0-S0925838810006912-main.pdf,10.1016/j.jallcom.2010.03.170,AgxSb2-xTe3-x,Ag0.84Sb1.16Te2.16,Ag0.84Sb1.16Te2.16,0,No,,,,,,Table 1,,,300.0,294.99999999999994,uV/K
1-s2.0-S0925838810006912-main.pdf,10.1016/j.jallcom.2010.03.170,AgxSb2-xTe3-x,Ag0.87Sb1.13Te2.13,Ag0.87Sb1.13Te2.13,0,No,,,,,,Table 1,,,300.0,250.0,uV/K
1-s2.0-S0925838810006912-main.pdf,10.1016/j.jallcom.2010.03.170,AgxSb2-xTe3-x,Ag0.90Sb1.10Te2.10,Ag0.90Sb1.10Te2.10,0,No,,,,,,Table 1,,,300.0,281.0,uV/K
1-s2.0-S0925838810006912-main.pdf,10.1016/j.jallcom.2010.03.170,AgxSb2-xTe3-x,Ag0.93Sb1.07Te2.07,Ag0.93Sb1.07Te2.07,0,No,,,,,,Table 1,,,300.0,254.0,uV/K
1-s2.0-S0925838810006912-main.pdf,10.1016/j.jallcom.2010.03.170,AgxSb2-xTe3-x,Ag0.78Sb1.22Te2.22,Ag0.78Sb1.22Te2.22,1,No,Ag,0.78,Ag,,Ag (0.78) @ Ag site,table,Table 1,Room temperature value,,188.0,uV/K
1-s2.0-S0925838810006912-main.pdf,10.1016/j.jallcom.2010.03.170,AgxSb2-xTe3-x,Ag0.81Sb1.19Te2.19,Ag0.81Sb1.19Te2.19,1,No,Ag,0.81,Ag,,Ag (0.81) @ Ag site,table,Table 1,Room temperature value,,230.99999999999997,uV/K
1-s2.0-S0925838810006912-main.pdf,10.1016/j.jallcom.2010.03.170,AgxSb2-xTe3-x,Ag0.84Sb1.16Te2.16,Ag0.84Sb1.16Te2.16,1,No,Ag,0.84,Ag,,Ag (0.84) @ Ag site,table,Table 1,Room temperature value,,294.99999999999994,uV/K
1-s2.0-S0925838810006912-main.pdf,10.1016/j.jallcom.2010.03.170,AgxSb2-xTe3-x,Ag0.87Sb1.13Te2.13,Ag0.87Sb1.13Te2.13,1,No,Ag,0.87,Ag,,Ag (0.87) @ Ag site,table,Table 1,Room temperature value,,250.0,uV/K
1-s2.0-S0925838810006912-main.pdf,10.1016/j.jallcom.2010.03.170,AgxSb2-xTe3-x,Ag0.90Sb1.10Te2.10,Ag0.90Sb1.10Te2.10,1,No,Ag,0.90,Ag,,Ag (0.90) @ Ag site,table,Table 1,Room temperature value,,281.0,uV/K
1-s2.0-S0925838810006912-main.pdf,10.1016/j.jallcom.2010.03.170,AgxSb2-xTe3-x,Ag0.93Sb1.07Te2.07,Ag0.93Sb1.07Te2.07,1,No,Ag,0.93,Ag,,Ag (0.93) @ Ag site,table,Table 1,Room temperature value,,254.0,uV/K
1-s2.0-S0925838819316007-main.pdf,10.1016/j.jallcom.2019.04.294,TlSbTe2,Tl0.98Yb0.02SbTe2,Tl0.98Yb0.02SbTe2,1,No,Yb,0.02,Tl,,Yb (0.02) @ Tl site,figure,Fig. 6b,Visually estimated from Fig. 6b,300.0,99.99999999999999,uV/K
1-s2.0-S0925838819316007-main.pdf,10.1016/j.jallcom.2019.04.294,TlSbTe2,Tl0.98Yb0.02SbTe2,Tl0.98Yb0.02SbTe2,1,No,Yb,0.02,Tl,,Yb (0.02) @ Tl site,figure,Fig. 6b,Visually estimated from Fig. 6b,625.0,225.0,uV/K
1-s2.0-S092583882601529X-main.pdf,10.1016/j.jallcom.2026.187461,Te(1-x)(AgSbTe2)x,"Te(1-x)(AgSbTe2)x, x=0.005",Te0.995(AgSbTe2)0.005,2,Yes,Ag,0.5%,unclear,Sb (0.5%) @ Te,Ag (0.5%) @ unclear site; Sb (0.5%) @ Te site,body text,,,300.0,149.0,uV/K
1-s2.0-S092583882601529X-main.pdf,10.1016/j.jallcom.2026.187461,Te(1-x)(AgSbTe2)x,"Te(1-x)(AgSbTe2)x, x=0.005",Te0.995(AgSbTe2)0.005,2,Yes,Ag,0.5%,unclear,Sb (0.5%) @ Te,Ag (0.5%) @ unclear site; Sb (0.5%) @ Te site,body text,,,650.0,250.0,uV/K
1-s2.0-S092583882601529X-main.pdf,10.1016/j.jallcom.2026.187461,Te(1-x)(AgSbTe2)x,x=0%,Te,0,No,,,,,,figure,Fig. 2a,Visually estimated from Fig. 2a,300.0,350.0,uV/K
1-s2.0-S092583882601529X-main.pdf,10.1016/j.jallcom.2026.187461,Te(1-x)(AgSbTe2)x,x=0%,Te,0,No,,,,,,figure,Fig. 2a,Visually estimated from Fig. 2a,650.0,150.0,uV/K
1-s2.0-S092583882601529X-main.pdf,10.1016/j.jallcom.2026.187461,Te(1-x)(AgSbTe2)x,x=0.5%,Te0.995(AgSbTe2)0.005,2,Yes,Ag,0.5%,unclear,Sb (0.5%) @ unclear,Ag (0.5%) @ unclear site; Sb (0.5%) @ unclear site,figure,Fig. 2a,Visually estimated from Fig. 2a,300.0,150.0,uV/K
1-s2.0-S092583882601529X-main.pdf,10.1016/j.jallcom.2026.187461,Te(1-x)(AgSbTe2)x,x=0.5%,Te0.995(AgSbTe2)0.005,2,Yes,Ag,0.5%,unclear,Sb (0.5%) @ unclear,Ag (0.5%) @ unclear site; Sb (0.5%) @ unclear site,figure,Fig. 2a,Visually estimated from Fig. 2a,650.0,250.0,uV/K
1-s2.0-S1359645412005150-main.pdf,10.1016/j.actamat.2012.07.057,AgSbTe2,Pb-doped AgSbTe2 (3 at.%),PbxAgSbTe2 (x=0.03),1,No,Pb,3 at.%,unclear,,Pb (3 at.%) @ unclear site,figure,,Visually estimated from Fig. 5a,300.0,300.0,uV/K
1-s2.0-S1359645412005150-main.pdf,10.1016/j.actamat.2012.07.057,AgSbTe2,Pb-doped AgSbTe2 (3 at.%),PbxAgSbTe2 (x=0.03),1,No,Pb,3 at.%,unclear,,Pb (3 at.%) @ unclear site,figure,,Visually estimated from Fig. 5a,650.0,150.0,uV/K
1-s2.0-S1359645421008223-main.pdf,10.1016/j.actamat.2021.117443,AgSbTe2,as-sintered,AgSb0.998Ce0.002Te2,1,No,Ce,0.2 mol%,unclear,,Ce (0.2 mol%) @ unclear site,Table 1,,,300.0,127.0,uV/K
1-s2.0-S1359645421008223-main.pdf,10.1016/j.actamat.2021.117443,AgSbTe2,HT523,AgSb0.998Ce0.002Te2,1,No,Ce,0.2 mol%,unclear,,Ce (0.2 mol%) @ unclear site,Table 1,,,300.0,88.4,uV/K
1-s2.0-S1359645421008223-main.pdf,10.1016/j.actamat.2021.117443,AgSbTe2,HT573,AgSb0.998Ce0.002Te2,1,No,Ce,0.2 mol%,unclear,,Ce (0.2 mol%) @ unclear site,Table 1,,,300.0,85.49999999999999,uV/K
1-s2.0-S1359645421008223-main.pdf,10.1016/j.actamat.2021.117443,AgSbTe2,HT673,AgSb0.998Ce0.002Te2,1,No,Ce,0.2 mol%,unclear,,Ce (0.2 mol%) @ unclear site,Table 1,,,300.0,274.0,uV/K
1-s2.0-S1359645421008223-main.pdf,10.1016/j.actamat.2021.117443,AgSbTe2,as-sintered,0.2 mol% Ce-doped AgSbTe2,1,No,Ce,0.2 mol%,unclear,,Ce (0.2 mol%) @ unclear site,table,Table 1,at 300 K,,127.0,uV/K
1-s2.0-S1359645421008223-main.pdf,10.1016/j.actamat.2021.117443,AgSbTe2,HT523,0.2 mol% Ce-doped AgSbTe2,1,No,Ce,0.2 mol%,unclear,,Ce (0.2 mol%) @ unclear site,table,Table 1,at 300 K,,88.4,uV/K
1-s2.0-S1359645421008223-main.pdf,10.1016/j.actamat.2021.117443,AgSbTe2,HT573,0.2 mol% Ce-doped AgSbTe2,1,No,Ce,0.2 mol%,unclear,,Ce (0.2 mol%) @ unclear site,table,Table 1,at 300 K,,85.49999999999999,uV/K
1-s2.0-S1359645421008223-main.pdf,10.1016/j.actamat.2021.117443,AgSbTe2,HT673,0.2 mol% Ce-doped AgSbTe2,1,No,Ce,0.2 mol%,unclear,,Ce (0.2 mol%) @ unclear site,table,Table 1,at 300 K,,274.0,uV/K
1-s2.0-S1359645422000684-main.pdf,10.1016/j.actamat.2022.117681,(Sn1-xPbxSe)0.6(AgSbTe2)0.4,"(SnSe)1-m(AgSbTe2)m, m=0%",SnSe,0,No,,,,,,figure,,Visually estimated from Fig. 4b,300.0,500.0,uV/K
1-s2.0-S1359645422000684-main.pdf,10.1016/j.actamat.2022.117681,(Sn1-xPbxSe)0.6(AgSbTe2)0.4,(SnSe)0.6(AgSbTe2)0.4,(SnSe)0.6(AgSbTe2)0.4,0,No,,,,,,figure,,Visually estimated from Fig. 4b,300.0,99.99999999999999,uV/K
1-s2.0-S1359645422000684-main.pdf,10.1016/j.actamat.2022.117681,(Sn1-xPbxSe)0.6(AgSbTe2)0.4,x=0%,"(Sn1-xPbxSe)0.6(AgSbTe2)0.4, x=0",0,No,,,,,,figure,,Visually estimated from Fig. 8c,300.0,150.0,uV/K
1-s2.0-S1359645422000684-main.pdf,10.1016/j.actamat.2022.117681,(Sn1-xPbxSe)0.6(AgSbTe2)0.4,x=0%,"(Sn1-xPbxSe)0.6(AgSbTe2)0.4, x=0",0,No,,,,,,figure,,Visually estimated from Fig. 8c,800.0,199.99999999999997,uV/K
1-s2.0-S1359645425002769-main.pdf,10.1016/j.actamat.2025.120985,AgSbTe2,QA-AgSbTe2 (A = 0 h),AgSbTe2,0,No,,,,,,body text,,Value for A = 24 h,548.0,298.37,uV/K
1-s2.0-S1359645425002769-main.pdf,10.1016/j.actamat.2025.120985,AgSbTe2,QA-AgSbTe2 (A = 0 h),AgSbTe2,0,No,,,,,,figure,Fig. 3b,Visually estimated from Fig. 3b,300.0,239.99999999999997,uV/K
1-s2.0-S1359645425002769-main.pdf,10.1016/j.actamat.2025.120985,AgSbTe2,QA-AgSbTe2 (A = 24 h),AgSbTe2,0,No,,,,,,figure,Fig. 3b,Visually estimated from Fig. 3b,548.0,298.37,uV/K
1-s2.0-S221128552201196X-main.pdf,10.1016/j.nanoen.2022.108118,AgSbTe2,Slow Cooling,AgSbTe2,0,No,,,,,,figure,,Visually estimated from Fig. 7b,325.0,114.99999999999999,uV/K
1-s2.0-S221128552201196X-main.pdf,10.1016/j.nanoen.2022.108118,AgSbTe2,Slow Cooling,AgSbTe2,0,No,,,,,,figure,,Visually estimated from Fig. 7b,375.0,130.0,uV/K
1-s2.0-S221128552201196X-main.pdf,10.1016/j.nanoen.2022.108118,AgSbTe2,Slow Cooling,AgSbTe2,0,No,,,,,,figure,,Visually estimated from Fig. 7b,425.0,145.0,uV/K
1-s2.0-S221128552201196X-main.pdf,10.1016/j.nanoen.2022.108118,AgSbTe2,Slow Cooling,AgSbTe2,0,No,,,,,,figure,,Visually estimated from Fig. 7b,475.0,150.0,uV/K
1-s2.0-S221128552201196X-main.pdf,10.1016/j.nanoen.2022.108118,AgSbTe2,Slow Cooling,AgSbTe2,0,No,,,,,,figure,,Visually estimated from Fig. 7b,525.0,160.0,uV/K
1-s2.0-S221128552201196X-main.pdf,10.1016/j.nanoen.2022.108118,AgSbTe2,Slow Cooling,AgSbTe2,0,No,,,,,,figure,,Visually estimated from Fig. 7b,575.0,165.0,uV/K
1-s2.0-S221128552201196X-main.pdf,10.1016/j.nanoen.2022.108118,AgSbTe2,Slow Cooling,AgSbTe2,0,No,,,,,,figure,,Visually estimated from Fig. 7b,625.0,175.0,uV/K
1-s2.0-S221128552201196X-main.pdf,10.1016/j.nanoen.2022.108118,AgSbTe2,Fast Cooling,AgSbTe2,0,No,,,,,,figure,,Visually estimated from Fig. 7b,325.0,280.0,uV/K
1-s2.0-S221128552201196X-main.pdf,10.1016/j.nanoen.2022.108118,AgSbTe2,Fast Cooling,AgSbTe2,0,No,,,,,,figure,,Visually estimated from Fig. 7b,375.0,310.0,uV/K
1-s2.0-S221128552201196X-main.pdf,10.1016/j.nanoen.2022.108118,AgSbTe2,Fast Cooling,AgSbTe2,0,No,,,,,,figure,,Visually estimated from Fig. 7b,425.0,339.99999999999994,uV/K
1-s2.0-S221128552201196X-main.pdf,10.1016/j.nanoen.2022.108118,AgSbTe2,Fast Cooling,AgSbTe2,0,No,,,,,,figure,,Visually estimated from Fig. 7b,475.0,359.99999999999994,uV/K
1-s2.0-S221128552201196X-main.pdf,10.1016/j.nanoen.2022.108118,AgSbTe2,Fast Cooling,AgSbTe2,0,No,,,,,,figure,,Visually estimated from Fig. 7b,525.0,320.0,uV/K
1-s2.0-S221128552201196X-main.pdf,10.1016/j.nanoen.2022.108118,AgSbTe2,Fast Cooling,AgSbTe2,0,No,,,,,,figure,,Visually estimated from Fig. 7b,575.0,280.0,uV/K
1-s2.0-S221128552201196X-main.pdf,10.1016/j.nanoen.2022.108118,AgSbTe2,Fast Cooling,AgSbTe2,0,No,,,,,,figure,,Visually estimated from Fig. 7b,625.0,250.0,uV/K
1-s2.0-S221128552201196X-main.pdf,10.1016/j.nanoen.2022.108118,AgSbTe2,Quenched,AgSbTe2,0,No,,,,,,figure,,Visually estimated from Fig. 7b,325.0,245.0,uV/K
1-s2.0-S221128552201196X-main.pdf,10.1016/j.nanoen.2022.108118,AgSbTe2,Quenched,AgSbTe2,0,No,,,,,,figure,,Visually estimated from Fig. 7b,425.0,250.0,uV/K
1-s2.0-S221128552201196X-main.pdf,10.1016/j.nanoen.2022.108118,AgSbTe2,Quenched,AgSbTe2,0,No,,,,,,figure,,Visually estimated from Fig. 7b,525.0,239.99999999999997,uV/K
1-s2.0-S221128552201196X-main.pdf,10.1016/j.nanoen.2022.108118,AgSbTe2,Quenched,AgSbTe2,0,No,,,,,,figure,,Visually estimated from Fig. 7b,625.0,229.99999999999997,uV/K
1-s2.0-S221128552201196X-main.pdf,10.1016/j.nanoen.2022.108118,AgSbTe2,AgSbTe2,AgSbTe2,0,No,,,,,,figure,Fig. 8b,Visually estimated from Fig. 8b.,473.0,248.0,uV/K
1-s2.0-S221128552201196X-main.pdf,10.1016/j.nanoen.2022.108118,AgSbTe2,AgSbTe2,AgSbTe2,0,No,,,,,,figure,Fig. 8e,Visually estimated from Fig. 8e.,623.0,239.99999999999997,uV/K
1-s2.0-S2352847816300041-main.pdf,10.1016/j.jmat.2016.05.001,SnCd0.05Te-x%AgSbSe2,SnCd0.05Te,SnCd0.05Te,1,No,Cd,0.05,unclear,,Cd (0.05) @ unclear site,figure,Fig. 3c,Visually estimated from Fig. 3c,300.0,44.99999999999999,uV/K
1-s2.0-S2352847816300041-main.pdf,10.1016/j.jmat.2016.05.001,SnCd0.05Te-x%AgSbSe2,SnCd0.05Te-3%AgSbSe2,SnCd0.05Te-3%AgSbSe2,2,Yes,Cd,0.05,unclear,AgSbSe2 (3%) @ unclear,Cd (0.05) @ unclear site; AgSbSe2 (3%) @ unclear site,figure,Fig. 3c,Visually estimated from Fig. 3c,300.0,49.99999999999999,uV/K
1-s2.0-S235284782200096X-main.pdf,10.1016/j.jmat.2022.07.005,AgSbTe2,Ag0.9Sb1.1Te2.1,Ag0.9Sb1.1Te2.1,3,Yes,Ag,0.9,Ag,Sb (1.1) @ Sb; Te (2.1) @ Te,Ag (0.9) @ Ag site; Sb (1.1) @ Sb site; Te (2.1) @ Te site,figure,,Visually estimated from Fig. 4b,300.0,99.99999999999999,uV/K
1-s2.0-S235284782200096X-main.pdf,10.1016/j.jmat.2022.07.005,AgSbTe2,Ag0.9Sb1.1Te2.1,Ag0.9Sb1.1Te2.1,3,Yes,Ag,0.9,Ag,Sb (1.1) @ Sb; Te (2.1) @ Te,Ag (0.9) @ Ag site; Sb (1.1) @ Sb site; Te (2.1) @ Te site,figure,,Visually estimated from Fig. 4b,500.0,250.0,uV/K
1-s2.0-S235284782200096X-main.pdf,10.1016/j.jmat.2022.07.005,AgSbTe2,AgSb2-xTe3-x (x=1.0),AgSbTe2,0,No,,,,,,figure,,Visually estimated from Fig. 6b,300.0,250.0,uV/K
1-s2.0-S235284782200096X-main.pdf,10.1016/j.jmat.2022.07.005,AgSbTe2,AgSb2-xTe3-x (x=0.9),Ag0.9Sb1.1Te2.1,0,No,,,,,,figure,,Visually estimated from Fig. 6b,300.0,199.99999999999997,uV/K
1-s2.0-S235284782200096X-main.pdf,10.1016/j.jmat.2022.07.005,AgSbTe2,AgSb2-xTe3-x (x=0.8),Ag0.8Sb1.2Te2.2,0,No,,,,,,figure,,Visually estimated from Fig. 6b,300.0,130.0,uV/K
1-s2.0-S235284782200096X-main.pdf,10.1016/j.jmat.2022.07.005,AgSbTe2,AgSb2-xTe3-x (x=0.7),Ag0.7Sb1.3Te2.3,0,No,,,,,,figure,,Visually estimated from Fig. 6b,300.0,80.0,uV/K
1-s2.0-S254252932030122X-main.pdf,10.1016/j.mtphys.2020.100298,Sn1-2x(AgSb)xSe1-2xTe2x,x=0.15,Sn0.7Ag0.15Sb0.15Se0.7Te0.3,3,Yes,Ag,0.15,multiple sites,Sb (0.15) @ multiple sites; Te (0.3) @ multiple sites,Ag (0.15) @ multiple sites site; Sb (0.15) @ multiple sites site; Te (0.3) @ multiple sites site,text,body text,,300.0,72.0,uV/K
1-s2.0-S254252932030122X-main.pdf,10.1016/j.mtphys.2020.100298,Sn1-2x(AgSb)xSe1-2xTe2x,x=0.15,Sn0.7Ag0.15Sb0.15Se0.7Te0.3,3,Yes,Ag,0.15,multiple sites,Sb (0.15) @ multiple sites; Te (0.3) @ multiple sites,Ag (0.15) @ multiple sites site; Sb (0.15) @ multiple sites site; Te (0.3) @ multiple sites site,text,body text,,790.0,136.0,uV/K
1-s2.0-S2542529325000483-main.pdf,10.1016/j.mtphys.2025.101692,AgSbTe2,"(AgSb1-yCdyTe2)0.9(Bi2Te3)0.1, y=0.00",(AgSbTe2)0.9(Bi2Te3)0.1,2,Yes,Bi,0.1,multiple sites,Cd (y=0.00) @ Sb,Bi (0.1) @ multiple sites site; Cd (y=0.00) @ Sb site,figure,,Visually estimated from Fig. 3a,300.0,219.99999999999997,uV/K
1-s2.0-S2542529325000483-main.pdf,10.1016/j.mtphys.2025.101692,AgSbTe2,"(AgSb1-yCdyTe2)0.9(Bi2Te3)0.1, y=0.00",(AgSbTe2)0.9(Bi2Te3)0.1,2,Yes,Bi,0.1,multiple sites,Cd (y=0.00) @ Sb,Bi (0.1) @ multiple sites site; Cd (y=0.00) @ Sb site,figure,,Visually estimated from Fig. 3a,450.0,300.0,uV/K
1-s2.0-S2542529325000483-main.pdf,10.1016/j.mtphys.2025.101692,AgSbTe2,"(AgSb1-yCdyTe2)0.9(Bi2Te3)0.1, y=0.02",(AgSb0.98Cd0.02Te2)0.9(Bi2Te3)0.1,2,Yes,Bi,0.1,multiple sites,Cd (y=0.02) @ Sb,Bi (0.1) @ multiple sites site; Cd (y=0.02) @ Sb site,figure,,Visually estimated from Fig. 3a,300.0,209.99999999999997,uV/K
1-s2.0-S2542529325000483-main.pdf,10.1016/j.mtphys.2025.101692,AgSbTe2,"(AgSb1-yCdyTe2)0.9(Bi2Te3)0.1, y=0.02",(AgSb0.98Cd0.02Te2)0.9(Bi2Te3)0.1,2,Yes,Bi,0.1,multiple sites,Cd (y=0.02) @ Sb,Bi (0.1) @ multiple sites site; Cd (y=0.02) @ Sb site,figure,,Visually estimated from Fig. 3a,450.0,270.0,uV/K
202106_1_online.pdf,10.1063/1.3029774,AgSbTe2,AgSbTe2,AgSbTe2,0,No,,,,,,body text,,,,260.0,uV/K
202106_1_online.pdf,10.1063/1.3029774,AgSbTe2,AgSbTe2,AgSbTe2,0,No,,,,,,body text,,,,263.99999999999994,uV/K
202106_1_online.pdf,10.1063/1.3029774,AgSbTe2,AgSbTe2,AgSbTe2,0,No,,,,,,body text,,,423.0,281.0,uV/K
202106_1_online.pdf,10.1063/1.3029774,AgSbTe2,AgSbTe2,AgSbTe2,0,No,,,,,,body text,,,673.0,260.0,uV/K
202106_1_online.pdf,10.1063/1.3029774,AgSbTe2,Ag0.94Sb1.02Te2,Ag0.94Sb1.02Te2,0,No,,,,,,body text,,,,209.99999999999997,uV/K
202106_1_online.pdf,10.1063/1.3029774,AgSbTe2,Ag0.94Sb1.02Te2,Ag0.94Sb1.02Te2,0,No,,,,,,body text,,,,160.0,uV/K
202106_1_online.pdf,10.1063/1.3029774,AgSbTe2,Ag0.88Sb1.04Te2,Ag0.88Sb1.04Te2,0,No,,,,,,body text,,,,209.99999999999997,uV/K
202106_1_online.pdf,10.1063/1.3029774,AgSbTe2,Ag0.88Sb1.04Te2,Ag0.88Sb1.04Te2,0,No,,,,,,body text,,,,160.0,uV/K
202106_1_online.pdf,10.1063/1.3029774,AgSbTe2,Ag0.83Sb1.06Te2,Ag0.83Sb1.06Te2,0,No,,,,,,body text,,,,209.99999999999997,uV/K
202106_1_online.pdf,10.1063/1.3029774,AgSbTe2,Ag0.83Sb1.06Te2,Ag0.83Sb1.06Te2,0,No,,,,,,body text,,,,160.0,uV/K
202106_1_online.pdf,10.1063/1.3029774,AgSbTe2,AST5050,AgSbTe2,0,No,,,,,,body text,,,300.0,263.99999999999994,uV/K
202106_1_online.pdf,10.1063/1.3029774,AgSbTe2,AST5050,AgSbTe2,0,No,,,,,,body text,,,423.0,281.0,uV/K
202106_1_online.pdf,10.1063/1.3029774,AgSbTe2,AST5050,AgSbTe2,0,No,,,,,,body text,,,673.0,260.0,uV/K
2305.19217v1.pdf,,Sb2Te3,ST,Sb2Te3,0,No,,,,,,table,Table 1,Room temperature value,,165.33,uV/K
2305.19217v1.pdf,,Sb2Te3,AST1,Sb2Te3-Ag0.9,1,No,Ag,0.9 atomic %,Sb,,Ag (0.9 atomic %) @ Sb site,table,Table 1,Room temperature value,,120.58999999999999,uV/K
2305.19217v1.pdf,,Sb2Te3,AST2,Sb2Te3-Ag1.7,1,No,Ag,1.7 atomic %,Sb,,Ag (1.7 atomic %) @ Sb site,table,Table 1,Room temperature value,,101.02,uV/K
2305.19217v1.pdf,,Sb2Te3,AST3,Sb2Te3-Ag5.9,1,No,Ag,5.9 atomic %,Sb,,Ag (5.9 atomic %) @ Sb site,table,Table 1,Room temperature value,,291.65,uV/K
2305.19217v1.pdf,,Sb2Te3,AST4,Sb2Te3-Ag7.0,1,No,Ag,7.0 atomic %,Sb,,Ag (7.0 atomic %) @ Sb site,table,Table 1,Room temperature value,,310.8,uV/K
28.pdf,,AgSbTe2,Undoped AgSbTe2,AgSbTe2,0,No,,,,,,table,Table 2,,,68.0,uV/K
28.pdf,,AgSbTe2,undoped AgSbTe2,AgSbTe2,0,No,,,,,,table,Table 2,,,68.0,uV/K
Adv Funct Materials - 2024 - Kim - Enhancement of Phase Stability and Thermoelectric Performance of Meta‐Stable AgSbTe2 by.pdf,10.1002/adfm.202404886,AgSbTe2,initial AgSbTe2,AgSbTe2,0,No,,,,,,body text,Page 5,,300.0,280.0,uV/K
Adv Funct Materials - 2024 - Kim - Enhancement of Phase Stability and Thermoelectric Performance of Meta‐Stable AgSbTe2 by.pdf,10.1002/adfm.202404886,AgSbTe2,Thigh T. C. AgSbTe2,AgSbTe2,0,No,,,,,,body text,Page 5,,300.0,195.0,uV/K
Adv Funct Materials - 2024 - Kim - Enhancement of Phase Stability and Thermoelectric Performance of Meta‐Stable AgSbTe2 by.pdf,10.1002/adfm.202404886,AgSbTe2,Tmid T.C. AgSbTe2,AgSbTe2,0,No,,,,,,figure,Figure 4c,Visually estimated from Figure 4c,450.0,300.0,uV/K
Adv Funct Materials - 2024 - Kim - Enhancement of Phase Stability and Thermoelectric Performance of Meta‐Stable AgSbTe2 by.pdf,10.1002/adfm.202404886,AgSbTe2,Thigh T.C. AgSbTe2,AgSbTe2,0,No,,,,,,figure,Figure 4c,Visually estimated from Figure 4c,500.0,350.0,uV/K
Adv Funct Materials - 2024 - Zhang - Dual Alloying Enables High Thermoelectric Performance in AgSbTe2 by Manipulating.pdf,10.1002/adfm.202400679,AgSbTe2,AgSbTe2,AgSbTe2,0,No,,,,,,body text,,,300.0,229.99999999999997,uV/K
Adv Funct Materials - 2025 - Li - Supercompliant Lattice Boosts n‐type AgSbTe2 Thermoelectrics.pdf,10.1002/adfm.202502367,AgSbTe2,Ag0.1Na0.9Sb0.6Bi0.4Te2,Ag0.1Na0.9Sb0.6Bi0.4Te2,2,Yes,Na,0.9,Ag,Bi (0.4) @ Sb,Na (0.9) @ Ag site; Bi (0.4) @ Sb site,figure,,Visually estimated from Fig. 4a,300.0,99.99999999999999,uV/K
Adv Funct Materials - 2025 - Li - Supercompliant Lattice Boosts n‐type AgSbTe2 Thermoelectrics.pdf,10.1002/adfm.202502367,AgSbTe2,Ag0.8Na0.2Sb0.6Bi0.4Te2,Ag0.8Na0.2Sb0.6Bi0.4Te2,2,Yes,Na,0.2,Ag,Bi (0.4) @ Sb,Na (0.2) @ Ag site; Bi (0.4) @ Sb site,figure,,Visually estimated from Fig. 4a,300.0,49.99999999999999,uV/K
Adv Funct Materials - 2025 - Li - Supercompliant Lattice Boosts n‐type AgSbTe2 Thermoelectrics.pdf,10.1002/adfm.202502367,AgSbTe2,Ag0.8Na0.3Sb0.6Bi0.4Te2,Ag0.8Na0.3Sb0.6Bi0.4Te2,2,Yes,Na,0.3,Ag,Bi (0.4) @ Sb,Na (0.3) @ Ag site; Bi (0.4) @ Sb site,figure,,Visually estimated from Fig. 4a,300.0,-150.0,uV/K
Adv Funct Materials - 2025 - Li - Supercompliant Lattice Boosts n‐type AgSbTe2 Thermoelectrics.pdf,10.1002/adfm.202502367,AgSbTe2,Ag0.7Na0.4Sb0.6Bi0.4Te2,Ag0.7Na0.4Sb0.6Bi0.4Te2,2,Yes,Na,0.4,Ag,Bi (0.4) @ Sb,Na (0.4) @ Ag site; Bi (0.4) @ Sb site,figure,,Visually estimated from Fig. 4a,300.0,-250.0,uV/K
Adv Funct Materials - 2026 - Zhang - Improving Stability of High‐Performance AgSbTe2 Thermoelectrics by Lattice Regulation.pdf,10.1002/adfm.75160,AgSbTe2,AgSb1-xPbxTe2 (x=0),AgSbTe2,1,No,Pb,x=0,Sb,,Pb (x=0) @ Sb site,figure,,Visually estimated from Fig. 5a,300.0,250.0,uV/K
Adv Funct Materials - 2026 - Zhang - Improving Stability of High‐Performance AgSbTe2 Thermoelectrics by Lattice Regulation.pdf,10.1002/adfm.75160,AgSbTe2,AgSb1-xPbxTe2 (x=0.03),AgSb0.97Pb0.03Te2,1,No,Pb,x=0.03,Sb,,Pb (x=0.03) @ Sb site,figure,,Visually estimated from Fig. 5a,300.0,239.99999999999997,uV/K
Advanced Energy Materials - 2011 - Han - Lead‐Free Thermoelectrics  High Figure of Merit in p‐type AgSnmSbTem 2.pdf,10.1002/aenm.201100613,AgSnmSbTem+2,m=2,AgSn2SbTe4,0,No,,,,,,figure,Fig. 3b,Visually estimated from Fig. 3b,300.0,59.99999999999999,uV/K
Advanced Energy Materials - 2011 - Han - Lead‐Free Thermoelectrics  High Figure of Merit in p‐type AgSnmSbTem 2.pdf,10.1002/aenm.201100613,AgSnmSbTem+2,m=4,AgSn4SbTe6,0,No,,,,,,figure,Fig. 3b,Visually estimated from Fig. 3b,300.0,70.0,uV/K
Advanced Energy Materials - 2011 - Han - Lead‐Free Thermoelectrics  High Figure of Merit in p‐type AgSnmSbTem 2.pdf,10.1002/aenm.201100613,AgSnmSbTem+2,m=5,AgSn5SbTe7,0,No,,,,,,figure,Fig. 3b,Visually estimated from Fig. 3b,300.0,80.0,uV/K
Advanced Energy Materials - 2011 - Han - Lead‐Free Thermoelectrics  High Figure of Merit in p‐type AgSnmSbTem 2.pdf,10.1002/aenm.201100613,AgSnmSbTem+2,m=10,AgSn10SbTe12,0,No,,,,,,figure,Fig. 3b,Visually estimated from Fig. 3b,300.0,89.99999999999999,uV/K
Advanced Energy Materials - 2017 - Hong - Achieving zT   2 in p‐Type AgSbTe2 xSex Alloys via Exploring the Extra Light.pdf,10.1002/aenm.201702333,AgSbTe2,AgSbTe2,AgSbTe2,0,No,,,,,,body text,Section 2.1,,450.0,305.0,uV/K
Advanced Energy Materials - 2017 - Hong - Achieving zT   2 in p‐Type AgSbTe2 xSex Alloys via Exploring the Extra Light.pdf,10.1002/aenm.201702333,AgSbTe2,AgSbTe1.9Se0.1,AgSbTe1.9Se0.1,1,No,Se,x=0.1,Te,,Se (x=0.1) @ Te site,body text,Section 2.1,,550.0,323.99999999999994,uV/K
Advanced Energy Materials - 2026 - Li - Rare‐Earth Yttrium Doping Advances High‐Performance AgSbTe2 Thermoelectrics.pdf,10.1002/aenm.202505258,AgSbTe2,AgSbTe2 (x=0.00),AgSbTe2,0,No,,,,,,text,Page 5,,423.0,280.0,uV/K
Advanced Energy Materials - 2026 - Li - Rare‐Earth Yttrium Doping Advances High‐Performance AgSbTe2 Thermoelectrics.pdf,10.1002/aenm.202505258,AgSbTe2,AgSb0.98Y0.02Te2 (x=0.02),AgSb0.98Y0.02Te2,1,No,Y,2%,Sb,,Y (2%) @ Sb site,text,Page 5,,373.0,266.0,uV/K
Advanced Energy Materials - 2026 - Li - Rare‐Earth Yttrium Doping Advances High‐Performance AgSbTe2 Thermoelectrics.pdf,10.1002/aenm.202505258,AgSbTe2,AgSbTe2,AgSbTe2,0,No,,,,,,figure,,Visually estimated from Fig. 4b,300.0,239.99999999999997,uV/K
Advanced Energy Materials - 2026 - Li - Rare‐Earth Yttrium Doping Advances High‐Performance AgSbTe2 Thermoelectrics.pdf,10.1002/aenm.202505258,AgSbTe2,AgSb0.99Y0.01Te2,AgSb0.99Y0.01Te2,1,No,Y,0.01,Sb,,Y (0.01) @ Sb site,figure,,Visually estimated from Fig. 4b,300.0,250.0,uV/K
Advanced Energy Materials - 2026 - Li - Rare‐Earth Yttrium Doping Advances High‐Performance AgSbTe2 Thermoelectrics.pdf,10.1002/aenm.202505258,AgSbTe2,AgSb0.98Y0.02Te2,AgSb0.98Y0.02Te2,1,No,Y,0.02,Sb,,Y (0.02) @ Sb site,figure,,Visually estimated from Fig. 4b,300.0,254.99999999999997,uV/K
Advanced Energy Materials - 2026 - Li - Rare‐Earth Yttrium Doping Advances High‐Performance AgSbTe2 Thermoelectrics.pdf,10.1002/aenm.202505258,AgSbTe2,AgSb0.97Y0.03Te2,AgSb0.97Y0.03Te2,1,No,Y,0.03,Sb,,Y (0.03) @ Sb site,figure,,Visually estimated from Fig. 4b,300.0,252.0,uV/K
Advanced Materials - 2006 - Androulakis - Nanostructuring and High Thermoelectric Efficiency in p‐Type Ag Pb1   ySny mSbTe2.pdf,10.1002/adma.200502770,Ag(Pb1-ySny)mSbTe2+m,Ag0.5Pb6Sn2Sb0.2Te10,Ag0.5Pb6Sn2Sb0.2Te10,3,Yes,Pb,6,unclear,Sn (2) @ unclear; Sb (0.2) @ unclear,Pb (6) @ unclear site; Sn (2) @ unclear site; Sb (0.2) @ unclear site,figure,Fig. 1a,Visually estimated from Fig. 1a,300.0,49.99999999999999,uV/K
Advanced Materials - 2022 - Zhang - Defect‐Engineering‐Stabilized AgSbTe2 with High Thermoelectric Performance.pdf,10.1002/adma.202208994,AgSbTe2,AgSbTe2,AgSbTe2,0,No,,,,,,figure,Fig. 4B,Visually estimated from Fig. 4B,300.0,239.99999999999997,uV/K
Advanced Materials - 2022 - Zhang - Defect‐Engineering‐Stabilized AgSbTe2 with High Thermoelectric Performance.pdf,10.1002/adma.202208994,AgSbTe2,AgSbTe1.9Se0.05S0.05,AgSbTe1.9Se0.05S0.05,2,Yes,Se,0.05,Te,S (0.05) @ Te,Se (0.05) @ Te site; S (0.05) @ Te site,figure,Fig. 4B,Visually estimated from Fig. 4B,300.0,229.99999999999997,uV/K
Advanced Materials - 2022 - Zhang - Defect‐Engineering‐Stabilized AgSbTe2 with High Thermoelectric Performance.pdf,10.1002/adma.202208994,AgSbTe2,AgSbTe1.85Se0.1S0.05,AgSbTe1.85Se0.1S0.05,2,Yes,Se,0.1,Te,S (0.05) @ Te,Se (0.1) @ Te site; S (0.05) @ Te site,figure,Fig. 4B,Visually estimated from Fig. 4B,300.0,229.99999999999997,uV/K
Advanced Materials - 2022 - Zhang - Defect‐Engineering‐Stabilized AgSbTe2 with High Thermoelectric Performance.pdf,10.1002/adma.202208994,AgSbTe2,AgSbTe1.8Se0.1S0.1,AgSbTe1.8Se0.1S0.1,2,Yes,Se,0.1,Te,S (0.1) @ Te,Se (0.1) @ Te site; S (0.1) @ Te site,figure,Fig. 4B,Visually estimated from Fig. 4B,300.0,229.99999999999997,uV/K
Advanced Materials - 2023 - Taneja - High Thermoelectric Performance in Phonon‐Glass Electron‐Crystal Like AgSbTe2.pdf,10.1002/adma.202307058,AgSbTe2,AgSbTe2,AgSbTe2,0,No,,,,,,figure,Fig. 5b,Visually estimated from Fig. 5b,300.0,250.0,uV/K
Advanced Materials - 2023 - Taneja - High Thermoelectric Performance in Phonon‐Glass Electron‐Crystal Like AgSbTe2.pdf,10.1002/adma.202307058,AgSbTe2,AgSbTe2,AgSbTe2,0,No,,,,,,figure,Fig. 5b,Visually estimated from Fig. 5b,400.0,300.0,uV/K
Advanced Materials - 2023 - Taneja - High Thermoelectric Performance in Phonon‐Glass Electron‐Crystal Like AgSbTe2.pdf,10.1002/adma.202307058,AgSbTe2,AgSbTe2,AgSbTe2,0,No,,,,,,figure,Fig. 5b,Visually estimated from Fig. 5b,500.0,320.0,uV/K
Advanced Materials - 2023 - Taneja - High Thermoelectric Performance in Phonon‐Glass Electron‐Crystal Like AgSbTe2.pdf,10.1002/adma.202307058,AgSbTe2,AgSb0.98Yb0.02Te2,AgSb0.98Yb0.02Te2,1,No,Yb,2 mol%,Sb,,Yb (2 mol%) @ Sb site,figure,Fig. 5b,Visually estimated from Fig. 5b,300.0,280.0,uV/K
Advanced Materials - 2023 - Taneja - High Thermoelectric Performance in Phonon‐Glass Electron‐Crystal Like AgSbTe2.pdf,10.1002/adma.202307058,AgSbTe2,AgSb0.98Yb0.02Te2,AgSb0.98Yb0.02Te2,1,No,Yb,2 mol%,Sb,,Yb (2 mol%) @ Sb site,figure,Fig. 5b,Visually estimated from Fig. 5b,400.0,320.0,uV/K
Advanced Materials - 2023 - Taneja - High Thermoelectric Performance in Phonon‐Glass Electron‐Crystal Like AgSbTe2.pdf,10.1002/adma.202307058,AgSbTe2,AgSb0.98Yb0.02Te2,AgSb0.98Yb0.02Te2,1,No,Yb,2 mol%,Sb,,Yb (2 mol%) @ Sb site,figure,Fig. 5b,Visually estimated from Fig. 5b,500.0,330.0,uV/K
Advanced Materials - 2023 - Taneja - High Thermoelectric Performance in Phonon‐Glass Electron‐Crystal Like AgSbTe2.pdf,10.1002/adma.202307058,AgSbTe2,AgSb0.96Yb0.04Te2,AgSb0.96Yb0.04Te2,1,No,Yb,4 mol%,Sb,,Yb (4 mol%) @ Sb site,figure,Fig. 5b,Visually estimated from Fig. 5b,300.0,280.0,uV/K
Advanced Materials - 2023 - Taneja - High Thermoelectric Performance in Phonon‐Glass Electron‐Crystal Like AgSbTe2.pdf,10.1002/adma.202307058,AgSbTe2,AgSb0.96Yb0.04Te2,AgSb0.96Yb0.04Te2,1,No,Yb,4 mol%,Sb,,Yb (4 mol%) @ Sb site,figure,Fig. 5b,Visually estimated from Fig. 5b,400.0,330.0,uV/K
Advanced Materials - 2023 - Taneja - High Thermoelectric Performance in Phonon‐Glass Electron‐Crystal Like AgSbTe2.pdf,10.1002/adma.202307058,AgSbTe2,AgSb0.96Yb0.04Te2,AgSb0.96Yb0.04Te2,1,No,Yb,4 mol%,Sb,,Yb (4 mol%) @ Sb site,figure,Fig. 5b,Visually estimated from Fig. 5b,500.0,350.0,uV/K
Advanced Materials - 2024 - Li - High‐Performance AgSbTe2 Thermoelectrics  Advances  Challenges  and Perspectives.pdf,10.1002/adma.202409275,AgSbTe2,AgSb0.94Cd0.06Te2,AgSb0.94Cd0.06Te2,1,No,Cd,0.06,Sb,,Cd (0.06) @ Sb site,Table 1,,,573.0,263.99999999999994,uV/K
Angew Chem Int Ed - 2026 - Han - Lead‐Doping Enabled Band Engineering and Phonon Transport Modulation  Key to.pdf,10.1002/anie.2554196,AgSbTe2,AgSbTe2,AgSbTe2,0,No,,,,,,body text,Page 5,,300.0,237.0,uV/K
Angew Chem Int Ed - 2026 - Han - Lead‐Doping Enabled Band Engineering and Phonon Transport Modulation  Key to.pdf,10.1002/anie.2554196,AgSbTe2,AgSbTe2,AgSbTe2,0,No,,,,,,body text,Page 5,,427.0,337.0,uV/K
Angew Chem Int Ed - 2026 - Han - Lead‐Doping Enabled Band Engineering and Phonon Transport Modulation  Key to.pdf,10.1002/anie.2554196,AgSbTe2,AgSb0.96Pb0.04Te2,AgSb0.96Pb0.04Te2,1,No,Pb,0.04,Sb,,Pb (0.04) @ Sb site,body text,Page 1,,623.0,260.0,uV/K
Angew Chem Int Ed - 2026 - Han - Lead‐Doping Enabled Band Engineering and Phonon Transport Modulation  Key to.pdf,10.1002/anie.2554196,AgSbTe2,AgSb0.96Pb0.04Te2,AgSb0.96Pb0.04Te2,1,No,Pb,0.04,Sb,,Pb (0.04) @ Sb site,body text,Page 5,,300.0,263.0,uV/K
Angew Chem Int Ed - 2026 - Han - Lead‐Doping Enabled Band Engineering and Phonon Transport Modulation  Key to.pdf,10.1002/anie.2554196,AgSbTe2,AgSbTe2 (x=0),AgSbTe2,0,No,,,,,,body text,,,300.0,237.0,uV/K
Angew Chem Int Ed - 2026 - Han - Lead‐Doping Enabled Band Engineering and Phonon Transport Modulation  Key to.pdf,10.1002/anie.2554196,AgSbTe2,AgSbTe2 (x=0),AgSbTe2,0,No,,,,,,body text,,,427.0,337.0,uV/K
Angew Chem Int Ed - 2026 - Han - Lead‐Doping Enabled Band Engineering and Phonon Transport Modulation  Key to.pdf,10.1002/anie.2554196,AgSbTe2,Ag0.96Pb0.04Te2,Ag0.96Pb0.04Te2,1,No,Pb,0.04,Sb,,Pb (0.04) @ Sb site,body text,,,623.0,260.0,uV/K
Annalen der Physik - 2020 - Liu - Evaluation of Thermoelectric Properties of Ag0 366Sb0 558Te.pdf,10.1002/andp.201900561,Ag0.366SbTe2,Ag0.366(Sb1-xSnx)0.558Te,Ag0.366(Sb1-xSnx)0.558Te,1,No,Sn,x=0 to 0.16,Sb,,Sn (x=0 to 0.16) @ Sb site,figure,Fig. 5a,Visually estimated for x=0 at 300K,300.0,250.0,uV/K
Annalen der Physik - 2020 - Liu - Evaluation of Thermoelectric Properties of Ag0 366Sb0 558Te.pdf,10.1002/andp.201900561,Ag0.366SbTe2,Ag0.366(Sb1-xSnx)0.558Te,Ag0.366(Sb1-xSnx)0.558Te,1,No,Sn,x=0 to 0.16,Sb,,Sn (x=0 to 0.16) @ Sb site,figure,Fig. 5a,Visually estimated for x=0 at 700K,700.0,150.0,uV/K
Band convergence and nanostructure modulations lead to high thermoelectric performance in SnPb0.04Te-y_ AgSbTe2.pdf,10.1016/j.mtphys.2021.100505,SnPb0.04Te-y%AgSbTe2,SnPb0.04Te-y%AgSbTe2 (y=0 to 25),SnPb0.04Te-y%AgSbTe2,2,Yes,Ag,y%,unclear,Sb (y%) @ unclear,Ag (y%) @ unclear site; Sb (y%) @ unclear site,body text,page 2,Value for y=0 sample at 300 K,300.0,-24.399999999999995,uV/K
Band convergence and nanostructure modulations lead to high thermoelectric performance in SnPb0.04Te-y_ AgSbTe2.pdf,10.1016/j.mtphys.2021.100505,SnPb0.04Te-y%AgSbTe2,SnPb0.04Te-y%AgSbTe2 (y=0 to 25),SnPb0.04Te-y%AgSbTe2,2,Yes,Ag,y%,unclear,Sb (y%) @ unclear,Ag (y%) @ unclear site; Sb (y%) @ unclear site,body text,page 2,Value for y=25 sample at 300 K,300.0,-70.9,uV/K
Band convergence strategy to improve thermoelectric performance in Ti-Doped AgSbTe2.pdf,10.1088/1402-4896/ad3c74,AgSbTe2,Ag1.05SbTe2,Ag1.05SbTe2,0,No,,,,,,body text,,,473.0,245.0,uV/K
Band convergence strategy to improve thermoelectric performance in Ti-Doped AgSbTe2.pdf,10.1088/1402-4896/ad3c74,AgSbTe2,Ag1.05SbTe2,Ag1.05SbTe2,0,No,,,,,,body text,,,473.0,245.99999999999997,uV/K
Band convergence strategy to improve thermoelectric performance in Ti-Doped AgSbTe2.pdf,10.1088/1402-4896/ad3c74,AgSbTe2,Ag1.05Sb0.98Ti0.02Te2,Ag1.05Sb0.98Ti0.02Te2,1,No,Ti,0.02,Sb,,Ti (0.02) @ Sb site,body text,,,473.0,270.0,uV/K
"Carrier optimization and reduced thermal conductivity leading to enhanced thermoelectric performance in (Mg, S) co-doped AgSbTe2.pdf",10.1016/j.mtphys.2024.101358,AgSbTe2,AgSb0.97Mg0.03Te2,AgSb0.97Mg0.03Te2,1,No,Mg,3 atomic %,Sb,,Mg (3 atomic %) @ Sb site,body text,,,300.0,212.01999999999998,uV/K
"Carrier optimization and reduced thermal conductivity leading to enhanced thermoelectric performance in (Mg, S) co-doped AgSbTe2.pdf",10.1016/j.mtphys.2024.101358,AgSbTe2,AgSb0.97Mg0.03Te1.90S0.10,AgSb0.97Mg0.03Te1.90S0.10,2,Yes,Mg,3 atomic %,Sb,S (y = 0.10) @ Te,Mg (3 atomic %) @ Sb site; S (y = 0.10) @ Te site,body text,,,300.0,207.59999999999997,uV/K
"Carrier optimization and reduced thermal conductivity leading to enhanced thermoelectric performance in (Mg, S) co-doped AgSbTe2.pdf",10.1016/j.mtphys.2024.101358,AgSbTe2,AgSbTe2 (Disordered),AgSbTe2,0,No,,,,,,body text,,Room temperature value,,238.99999999999997,uV/K
"Carrier optimization and reduced thermal conductivity leading to enhanced thermoelectric performance in (Mg, S) co-doped AgSbTe2.pdf",10.1016/j.mtphys.2024.101358,AgSbTe2,AgSb0.97Mg0.03Te2,AgSb0.97Mg0.03Te2,1,No,Mg,3 at.%,Sb,,Mg (3 at.%) @ Sb site,body text,,Room temperature value,,212.01999999999998,uV/K
"Carrier optimization and reduced thermal conductivity leading to enhanced thermoelectric performance in (Mg, S) co-doped AgSbTe2.pdf",10.1016/j.mtphys.2024.101358,AgSbTe2,AgSb0.97Mg0.03Te1.9S0.10,AgSb0.97Mg0.03Te1.9S0.10,2,Yes,Mg,3 at.%,Sb,S (0.10) @ Te,Mg (3 at.%) @ Sb site; S (0.10) @ Te site,body text,,Room temperature value,,207.59999999999997,uV/K
Charge Compensation Modulation of the Thermoelectric Properties in AgSbTe2 via Mn Amphoteric Doping.pdf,10.1021/acs.inorgchem.9b00852,AgSbTe2,Pristine AgSbTe2,AgSbTe2,0,No,,,,,,body text,"Page 3, Results and Discussion",,300.0,82.0,uV/K
Charge Compensation Modulation of the Thermoelectric Properties in AgSbTe2 via Mn Amphoteric Doping.pdf,10.1021/acs.inorgchem.9b00852,AgSbTe2,Pristine AgSbTe2,AgSbTe2,0,No,,,,,,body text,"Page 3, Results and Discussion",,550.0,165.0,uV/K
Charge Compensation Modulation of the Thermoelectric Properties in AgSbTe2 via Mn Amphoteric Doping.pdf,10.1021/acs.inorgchem.9b00852,AgSbTe2,MnSb monodoped (x=0.07),AgSb1-xMnxTe2 (x=0.07),1,No,Mn,7 mol %,Sb,,Mn (7 mol %) @ Sb site,body text,"Page 3, Results and Discussion",,300.0,58.0,uV/K
Charge Compensation Modulation of the Thermoelectric Properties in AgSbTe2 via Mn Amphoteric Doping.pdf,10.1021/acs.inorgchem.9b00852,AgSbTe2,MnSb monodoped (x=0.07),AgSb1-xMnxTe2 (x=0.07),1,No,Mn,7 mol %,Sb,,Mn (7 mol %) @ Sb site,body text,"Page 3, Results and Discussion",,550.0,133.0,uV/K
Chen_2012_J._Phys._D__Appl._Phys._45_115302.pdf,10.1088/0022-3727/45/11/115302,Ag0.366Sb0.558Te,0% GeTe,"(Ag0.366Sb0.558Te)1-x(GeTe)x, x=0",1,No,Ge,0%,unclear,,Ge (0%) @ unclear site,figure,Fig. 3a,Visually estimated from Fig. 3a,300.0,399.99999999999994,uV/K
Chen_2012_J._Phys._D__Appl._Phys._45_115302.pdf,10.1088/0022-3727/45/11/115302,Ag0.366Sb0.558Te,0% GeTe,"(Ag0.366Sb0.558Te)1-x(GeTe)x, x=0",1,No,Ge,0%,unclear,,Ge (0%) @ unclear site,figure,Fig. 3a,Visually estimated from Fig. 3a,500.0,450.0,uV/K
Chen_2012_J._Phys._D__Appl._Phys._45_115302.pdf,10.1088/0022-3727/45/11/115302,Ag0.366Sb0.558Te,1% GeTe,"(Ag0.366Sb0.558Te)1-x(GeTe)x, x=1%",1,No,Ge,1%,unclear,,Ge (1%) @ unclear site,figure,Fig. 3a,Visually estimated from Fig. 3a,300.0,199.99999999999997,uV/K
Chen_2012_J._Phys._D__Appl._Phys._45_115302.pdf,10.1088/0022-3727/45/11/115302,Ag0.366Sb0.558Te,1% GeTe,"(Ag0.366Sb0.558Te)1-x(GeTe)x, x=1%",1,No,Ge,1%,unclear,,Ge (1%) @ unclear site,figure,Fig. 3a,Visually estimated from Fig. 3a,500.0,250.0,uV/K
Chen_2012_J._Phys._D__Appl._Phys._45_115302.pdf,10.1088/0022-3727/45/11/115302,Ag0.366Sb0.558Te,8% GeTe,"(Ag0.366Sb0.558Te)1-x(GeTe)x, x=8%",1,No,Ge,8%,unclear,,Ge (8%) @ unclear site,figure,Fig. 3a,Visually estimated from Fig. 3a,300.0,99.99999999999999,uV/K
Chen_2012_J._Phys._D__Appl._Phys._45_115302.pdf,10.1088/0022-3727/45/11/115302,Ag0.366Sb0.558Te,8% GeTe,"(Ag0.366Sb0.558Te)1-x(GeTe)x, x=8%",1,No,Ge,8%,unclear,,Ge (8%) @ unclear site,figure,Fig. 3a,Visually estimated from Fig. 3a,500.0,150.0,uV/K
"Contrasting roles of small-radius metals (Cu, Zn, Ni) in enhancing the thermoelectric properties of AgSbTe2.pdf",10.1016/j.jallcom.2026.189224,AgSbTe2,AgSbTe2,AgSbTe2,0,No,,,,,,Table 1,,,300.0,242.0,uV/K
"Contrasting roles of small-radius metals (Cu, Zn, Ni) in enhancing the thermoelectric properties of AgSbTe2.pdf",10.1016/j.jallcom.2026.189224,AgSbTe2,AgSb0.97Cu0.03Te2,AgSb0.97Cu0.03Te2,1,No,Cu,0.03,Sb,,Cu (0.03) @ Sb site,Table 1,,,300.0,254.0,uV/K
"Contrasting roles of small-radius metals (Cu, Zn, Ni) in enhancing the thermoelectric properties of AgSbTe2.pdf",10.1016/j.jallcom.2026.189224,AgSbTe2,AgSb0.98Zn0.02Te2,AgSb0.98Zn0.02Te2,1,No,Zn,0.02,Sb,,Zn (0.02) @ Sb site,Table 1,,,300.0,250.0,uV/K
"Contrasting roles of small-radius metals (Cu, Zn, Ni) in enhancing the thermoelectric properties of AgSbTe2.pdf",10.1016/j.jallcom.2026.189224,AgSbTe2,AgSb0.985Ni0.015Te2,AgSb0.985Ni0.015Te2,1,No,Ni,0.015,Sb,,Ni (0.015) @ Sb site,Table 1,,,300.0,227.99999999999997,uV/K
Drymiotis_2011_J._Phys.__Condens._Matter_23_135305.pdf,10.1088/0953-8984/23/13/135305,Cu0.2Ag2.8SbSeTe2,slow-cooled Cu0.2Ag2.8SbSeTe2,Cu0.2Ag2.8SbSeTe2,0,No,,,,,,body text,,,700.0,229.99999999999997,uV/K
Du_2018_Chinese_Phys._B_27_048102.pdf,10.1088/1674-1056/27/4/048102,AgSbTe2-family,(GeTe)80(AgSbSe2)20,(GeTe)80(AgSbSe2)20,1,No,AgSbSe2,20 mol%,unclear,,AgSbSe2 (20 mol%) @ unclear site,figure,Fig. 5d,Visually estimated from Fig. 5d,700.0,150.0,uV/K
Effect of Ce Substitution for Sb on the Thermoelectric Properties of AgSbTe2 Compound.pdf,10.1007/s11664-014-3076-7,AgSbTe2,AgSbTe2,AgSbTe2,0,No,,,,,,figure,Fig. 4b,Visually estimated from Fig. 4b,300.0,260.0,uV/K
Effect of Ce Substitution for Sb on the Thermoelectric Properties of AgSbTe2 Compound.pdf,10.1007/s11664-014-3076-7,AgSbTe2,AgSbTe2,AgSbTe2,0,No,,,,,,figure,Fig. 4b,Visually estimated from Fig. 4b,500.0,300.0,uV/K
Effect of Ce Substitution for Sb on the Thermoelectric Properties of AgSbTe2 Compound.pdf,10.1007/s11664-014-3076-7,AgSbTe2,AgCe0.005Sb0.995Te2.01,AgCe0.005Sb0.995Te2.01,1,No,Ce,x = 0.005,Sb,,Ce (x = 0.005) @ Sb site,figure,Fig. 4b,Visually estimated from Fig. 4b,300.0,229.99999999999997,uV/K
Effect of Ce Substitution for Sb on the Thermoelectric Properties of AgSbTe2 Compound.pdf,10.1007/s11664-014-3076-7,AgSbTe2,AgCe0.005Sb0.995Te2.01,AgCe0.005Sb0.995Te2.01,1,No,Ce,x = 0.005,Sb,,Ce (x = 0.005) @ Sb site,figure,Fig. 4b,Visually estimated from Fig. 4b,500.0,250.0,uV/K
Effect of Ce Substitution for Sb on the Thermoelectric Properties of AgSbTe2 Compound.pdf,10.1007/s11664-014-3076-7,AgSbTe2,AgCe0.01Sb0.99Te2.01,AgCe0.01Sb0.99Te2.01,1,No,Ce,x = 0.01,Sb,,Ce (x = 0.01) @ Sb site,figure,Fig. 4b,Visually estimated from Fig. 4b,300.0,235.0,uV/K
Effect of Ce Substitution for Sb on the Thermoelectric Properties of AgSbTe2 Compound.pdf,10.1007/s11664-014-3076-7,AgSbTe2,AgCe0.01Sb0.99Te2.01,AgCe0.01Sb0.99Te2.01,1,No,Ce,x = 0.01,Sb,,Ce (x = 0.01) @ Sb site,figure,Fig. 4b,Visually estimated from Fig. 4b,500.0,254.99999999999997,uV/K
Effect of Ce Substitution for Sb on the Thermoelectric Properties of AgSbTe2 Compound.pdf,10.1007/s11664-014-3076-7,AgSbTe2,AgCe0.03Sb0.97Te2.01,AgCe0.03Sb0.97Te2.01,1,No,Ce,x = 0.03,Sb,,Ce (x = 0.03) @ Sb site,figure,Fig. 4b,Visually estimated from Fig. 4b,300.0,225.0,uV/K
Effect of Ce Substitution for Sb on the Thermoelectric Properties of AgSbTe2 Compound.pdf,10.1007/s11664-014-3076-7,AgSbTe2,AgCe0.03Sb0.97Te2.01,AgCe0.03Sb0.97Te2.01,1,No,Ce,x = 0.03,Sb,,Ce (x = 0.03) @ Sb site,figure,Fig. 4b,Visually estimated from Fig. 4b,500.0,245.0,uV/K
Effect of La-doping on AgSbTe2 thermoelectric compounds.pdf,10.3938/jkps.68.164,AgSbTe2,x=0,AgSbTe2,0,No,,,,,,Table 1,,,,85.72,uV/K
Effect of La-doping on AgSbTe2 thermoelectric compounds.pdf,10.3938/jkps.68.164,AgSbTe2,x=0.01,Ag(Sb0.99La0.01)Te2,1,No,La,0.01,Sb,,La (0.01) @ Sb site,Table 1,,,,227.57,uV/K
Effect of La-doping on AgSbTe2 thermoelectric compounds.pdf,10.3938/jkps.68.164,AgSbTe2,x=0.02,Ag(Sb0.98La0.02)Te2,1,No,La,0.02,Sb,,La (0.02) @ Sb site,Table 1,,,,278.77,uV/K
Effect of La-doping on AgSbTe2 thermoelectric compounds.pdf,10.3938/jkps.68.164,AgSbTe2,x=0.02,Ag(Sb0.98La0.02)Te2,1,No,La,0.02,Sb,,La (0.02) @ Sb site,body text,,Maximum Seebeck coefficient,,358.0,uV/K
Effect of La-doping on AgSbTe2 thermoelectric compounds.pdf,10.3938/jkps.68.164,AgSbTe2,x=0.03,Ag(Sb0.97La0.03)Te2,1,No,La,0.03,Sb,,La (0.03) @ Sb site,Table 1,,,,214.9,uV/K
Effect of La-doping on AgSbTe2 thermoelectric compounds.pdf,10.3938/jkps.68.164,AgSbTe2,x=0.05,Ag(Sb0.95La0.05)Te2,1,No,La,0.05,Sb,,La (0.05) @ Sb site,Table 1,,,,240.91,uV/K
Effects_of_nano-domains_on_thermoelectric_properties_in_telluride_system.pdf,10.1109/NMDC.2011.6155313,AgSbTe2,AgSbTe2,AgSbTe2,0,No,,,,,,table,Table I,,623.0,252.99999999999997,uV/K
Electron transport properties of La-doped AgSbTe2 thermoelectric compounds.pdf,10.1007/s13391-011-0914-0,AgSbTe2,x=0,AgSbTe2,0,No,,,,,,Table 2,,,,85.72,uV/K
Electron transport properties of La-doped AgSbTe2 thermoelectric compounds.pdf,10.1007/s13391-011-0914-0,AgSbTe2,x=0.01,Ag(Sb0.99La0.01)Te2,1,No,La,0.01,Sb,,La (0.01) @ Sb site,Table 2,,,,227.57,uV/K
Electron transport properties of La-doped AgSbTe2 thermoelectric compounds.pdf,10.1007/s13391-011-0914-0,AgSbTe2,x=0.02,Ag(Sb0.98La0.02)Te2,1,No,La,0.02,Sb,,La (0.02) @ Sb site,body text,,,423.15,358.0,uV/K
Electron transport properties of La-doped AgSbTe2 thermoelectric compounds.pdf,10.1007/s13391-011-0914-0,AgSbTe2,x=0.02,Ag(Sb0.98La0.02)Te2,1,No,La,0.02,Sb,,La (0.02) @ Sb site,Table 2,,,,278.77,uV/K
Electron transport properties of La-doped AgSbTe2 thermoelectric compounds.pdf,10.1007/s13391-011-0914-0,AgSbTe2,x=0.03,Ag(Sb0.97La0.03)Te2,1,No,La,0.03,Sb,,La (0.03) @ Sb site,Table 2,,,,214.9,uV/K
Electron transport properties of La-doped AgSbTe2 thermoelectric compounds.pdf,10.1007/s13391-011-0914-0,AgSbTe2,x=0.05,Ag(Sb0.95La0.05)Te2,1,No,La,0.05,Sb,,La (0.05) @ Sb site,Table 2,,,,240.91,uV/K
Enhanced Thermoelectric Properties of AgSb1–xPbxBiySe2 Achieved via Microwave Smelting Combined with Spark Plasma Sintering.pdf,10.1021/acsami.4c20502,AgSbSe2,AgSb1-xPbxSe2 (x=0.00),AgSbSe2,0,No,,,,,,body text,,,300.0,224.598,uV/K
Enhanced Thermoelectric Properties of AgSb1–xPbxBiySe2 Achieved via Microwave Smelting Combined with Spark Plasma Sintering.pdf,10.1021/acsami.4c20502,AgSbSe2,AgSb1-xPbxSe2 (x=0.00),AgSbSe2,0,No,,,,,,body text,,,673.0,284.391,uV/K
Enhanced Thermoelectric Properties of AgSb1–xPbxBiySe2 Achieved via Microwave Smelting Combined with Spark Plasma Sintering.pdf,10.1021/acsami.4c20502,AgSbSe2,AgSb1-xPbxSe2 (x=0.05),AgSb0.95Pb0.05Se2,1,No,Pb,0.05,Sb,,Pb (0.05) @ Sb site,body text,,,300.0,167.111,uV/K
Enhanced Thermoelectric Properties of AgSb1–xPbxBiySe2 Achieved via Microwave Smelting Combined with Spark Plasma Sintering.pdf,10.1021/acsami.4c20502,AgSbSe2,AgSb1-xPbxSe2 (x=0.05),AgSb0.95Pb0.05Se2,1,No,Pb,0.05,Sb,,Pb (0.05) @ Sb site,body text,,,673.0,252.554,uV/K
Enhanced Thermoelectric Properties of AgSb1–xPbxBiySe2 Achieved via Microwave Smelting Combined with Spark Plasma Sintering.pdf,10.1021/acsami.4c20502,AgSbSe2,AgSb1-xPbxSe2 (x=0),AgSbSe2,0,No,,,,,,figure,Figure 2c,Visually estimated from Figure 2c,300.0,199.99999999999997,uV/K
Enhanced Thermoelectric Properties of AgSb1–xPbxBiySe2 Achieved via Microwave Smelting Combined with Spark Plasma Sintering.pdf,10.1021/acsami.4c20502,AgSbSe2,AgSb1-xPbxSe2 (x=0.05),AgSb0.95Pb0.05Se2,1,No,Pb,x=0.05,Sb,,Pb (x=0.05) @ Sb site,figure,Figure 2c,Visually estimated from Figure 2c,300.0,179.99999999999997,uV/K
Enhanced Thermoelectric Properties of AgSb1–xPbxBiySe2 Achieved via Microwave Smelting Combined with Spark Plasma Sintering.pdf,10.1021/acsami.4c20502,AgSbSe2,"AgSb1-xPbxBiSe2 (x=0, y=0)",AgSbTe2,0,No,,,,,,figure,Fig. 6c,Visually estimated from Fig. 6c,300.0,225.0,uV/K
Enhanced Thermoelectric Properties of AgSb1–xPbxBiySe2 Achieved via Microwave Smelting Combined with Spark Plasma Sintering.pdf,10.1021/acsami.4c20502,AgSbSe2,AgSb0.955Pb0.045Bi0.025Se2,AgSb0.955Pb0.045Bi0.025Se2,2,Yes,Pb,0.045,Sb,Bi (0.025) @ Sb,Pb (0.045) @ Sb site; Bi (0.025) @ Sb site,figure,Fig. 6c,Visually estimated from Fig. 6c,300.0,165.0,uV/K
Enhanced thermoelectric composite performance from graphene nanosheets additives in AgSbTe2 matrix.pdf,10.1016/j.ceramint.2022.06.092,AgSbTe2,0 vol% graphene,AgSbTe2,0,No,,,,,,figure,Fig. 7c,Visually estimated from Fig. 7c,300.0,209.99999999999997,uV/K
Enhanced thermoelectric composite performance from graphene nanosheets additives in AgSbTe2 matrix.pdf,10.1016/j.ceramint.2022.06.092,AgSbTe2,0.6 vol% graphene,AgSbTe2 + 0.6 vol% graphene,1,No,graphene,0.6 vol%,interstitial,,graphene (0.6 vol%) @ interstitial site,figure,Fig. 7c,Visually estimated from Fig. 7c,300.0,185.0,uV/K
Enhanced thermoelectric composite performance from graphene nanosheets additives in AgSbTe2 matrix.pdf,10.1016/j.ceramint.2022.06.092,AgSbTe2,0.9 vol% graphene,AgSbTe2 + 0.9 vol% graphene,1,No,graphene,0.9 vol%,interstitial,,graphene (0.9 vol%) @ interstitial site,figure,Fig. 7c,Visually estimated from Fig. 7c,300.0,205.0,uV/K
Enhanced thermoelectric composite performance from graphene nanosheets additives in AgSbTe2 matrix.pdf,10.1016/j.ceramint.2022.06.092,AgSbTe2,1.2 vol% graphene,AgSbTe2 + 1.2 vol% graphene,1,No,graphene,1.2 vol%,interstitial,,graphene (1.2 vol%) @ interstitial site,figure,Fig. 7c,Visually estimated from Fig. 7c,300.0,199.99999999999997,uV/K
Enhanced thermoelectric performance and novel nanopores in AgSbTe2 prepared by melt spinning.pdf,10.1016/j.jssc.2010.10.036,AgSbTe2,MS-SPS,AgSbTe2,0,No,,,,,,figure,,Visually estimated from Fig. 4b,390.0,285.0,uV/K
Enhanced thermoelectric performance in AgSbTe2 with extremely low thermal conductivity via grain boundary defects.pdf,10.1063/5.0255308,AgSbTe2,AgSb1-xFexTe2.01 (x=0.01),AgSb0.99Fe0.01Te2.01,1,No,Fe,x=0.01,Sb,,Fe (x=0.01) @ Sb site,body text,Page 6,,300.0,285.0,uV/K
Enhanced thermoelectric performance in AgSbTe2 with extremely low thermal conductivity via grain boundary defects.pdf,10.1063/5.0255308,AgSbTe2,AgSb1-xFe_xTe2.01 (x=0),AgSbTe2.01,1,No,Fe,0,unclear,,Fe (0) @ unclear site,figure,,Visually estimated from Fig. 1(b),323.0,280.0,uV/K
Enhanced thermoelectric performance in AgSbTe2 with extremely low thermal conductivity via grain boundary defects.pdf,10.1063/5.0255308,AgSbTe2,AgSb1-xFe_xTe2.01 (x=0),AgSbTe2.01,1,No,Fe,0,unclear,,Fe (0) @ unclear site,figure,,Visually estimated from Fig. 1(b),623.0,239.99999999999997,uV/K
Enhanced thermoelectric performance in AgSbTe2 with extremely low thermal conductivity via grain boundary defects.pdf,10.1063/5.0255308,AgSbTe2,AgSb1-xFe_xTe2.01 (x=0.01),AgSb0.99Fe0.01Te2.01,1,No,Fe,0.01,Sb,,Fe (0.01) @ Sb site,figure,,Visually estimated from Fig. 1(b),323.0,290.0,uV/K
Enhanced thermoelectric performance in AgSbTe2 with extremely low thermal conductivity via grain boundary defects.pdf,10.1063/5.0255308,AgSbTe2,AgSb1-xFe_xTe2.01 (x=0.01),AgSb0.99Fe0.01Te2.01,1,No,Fe,0.01,Sb,,Fe (0.01) @ Sb site,figure,,Visually estimated from Fig. 1(b),623.0,260.0,uV/K
Enhanced thermoelectric performance in AgSbTe2 with extremely low thermal conductivity via grain boundary defects.pdf,10.1063/5.0255308,AgSbTe2,AgSb1-xFe_xTe2.01 (x=0.03),AgSb0.97Fe0.03Te2.01,1,No,Fe,0.03,Sb,,Fe (0.03) @ Sb site,figure,,Visually estimated from Fig. 1(b),323.0,280.0,uV/K
Enhanced thermoelectric performance in AgSbTe2 with extremely low thermal conductivity via grain boundary defects.pdf,10.1063/5.0255308,AgSbTe2,AgSb1-xFe_xTe2.01 (x=0.03),AgSb0.97Fe0.03Te2.01,1,No,Fe,0.03,Sb,,Fe (0.03) @ Sb site,figure,,Visually estimated from Fig. 1(b),623.0,270.0,uV/K
Enhanced thermoelectric performance in Bi-doped p-type AgSbTe2 compounds.pdf,10.1063/1.4828478,AgSbTe2,AgSbTe2,AgSbTe2,0,No,,,,,,Table 1,,,300.0,164.0,uV/K
Enhanced thermoelectric performance in Bi-doped p-type AgSbTe2 compounds.pdf,10.1063/1.4828478,AgSbTe2,AgBi0.03Sb0.97Te2,AgBi0.03Sb0.97Te2,1,No,Bi,0.03,Sb,,Bi (0.03) @ Sb site,Table 1,,,300.0,244.0,uV/K
Enhanced thermoelectric performance in Bi-doped p-type AgSbTe2 compounds.pdf,10.1063/1.4828478,AgSbTe2,AgBi0.05Sb0.95Te2,AgBi0.05Sb0.95Te2,1,No,Bi,0.05,Sb,,Bi (0.05) @ Sb site,Table 1,,,300.0,200.99999999999997,uV/K
Enhanced thermoelectric performance in Bi-doped p-type AgSbTe2 compounds.pdf,10.1063/1.4828478,AgSbTe2,AgBi0.07Sb0.93Te2,AgBi0.07Sb0.93Te2,1,No,Bi,0.07,Sb,,Bi (0.07) @ Sb site,Table 1,,,300.0,222.0,uV/K
Enhanced thermoelectric performance in Bi-doped p-type AgSbTe2 compounds.pdf,10.1063/1.4828478,AgSbTe2,AgBi0.1Sb0.9Te2,AgBi0.1Sb0.9Te2,1,No,Bi,0.1,Sb,,Bi (0.1) @ Sb site,Table 1,,,300.0,171.99999999999997,uV/K
Enhanced thermoelectric performance in Bi-doped p-type AgSbTe2 compounds.pdf,10.1063/1.4828478,AgSbTe2,"Ag(Sb1-xBix)Te2, x=0",AgSbTe2,1,No,Bi,0,Sb,,Bi (0) @ Sb site,table,Table I,,300.0,164.0,uV/K
Enhanced thermoelectric performance in Bi-doped p-type AgSbTe2 compounds.pdf,10.1063/1.4828478,AgSbTe2,"Ag(Sb1-xBix)Te2, x=0.03",AgBi0.03Sb0.97Te2,1,No,Bi,0.03,Sb,,Bi (0.03) @ Sb site,table,Table I,,300.0,244.0,uV/K
Enhanced thermoelectric performance in Bi-doped p-type AgSbTe2 compounds.pdf,10.1063/1.4828478,AgSbTe2,"Ag(Sb1-xBix)Te2, x=0.05",AgBi0.05Sb0.95Te2,1,No,Bi,0.05,Sb,,Bi (0.05) @ Sb site,table,Table I,,300.0,200.99999999999997,uV/K
Enhanced thermoelectric performance in Bi-doped p-type AgSbTe2 compounds.pdf,10.1063/1.4828478,AgSbTe2,"Ag(Sb1-xBix)Te2, x=0.07",AgBi0.07Sb0.93Te2,1,No,Bi,0.07,Sb,,Bi (0.07) @ Sb site,table,Table I,,300.0,222.0,uV/K
Enhanced thermoelectric performance in Bi-doped p-type AgSbTe2 compounds.pdf,10.1063/1.4828478,AgSbTe2,"Ag(Sb1-xBix)Te2, x=0.1",AgBi0.1Sb0.9Te2,1,No,Bi,0.1,Sb,,Bi (0.1) @ Sb site,table,Table I,,300.0,171.99999999999997,uV/K
Enhanced thermoelectric performance in Na-doped p-type nonstoichiometric AgSbTe2 compound.pdf,10.1016/j.jallcom.2010.10.131,AgSbTe2,AgSbTe2,AgSbTe2,0,No,,,,,,figure,Fig. 5b,Visually estimated from Fig. 5b,300.0,250.0,uV/K
Enhanced thermoelectric performance in Na-doped p-type nonstoichiometric AgSbTe2 compound.pdf,10.1016/j.jallcom.2010.10.131,AgSbTe2,Na0.01Ag0.99SbTe2,Na0.01Ag0.99SbTe2,1,No,Na,0.01,Ag,,Na (0.01) @ Ag site,figure,Fig. 5b,Visually estimated from Fig. 5b,300.0,265.0,uV/K
Enhanced thermoelectric performance in Na-doped p-type nonstoichiometric AgSbTe2 compound.pdf,10.1016/j.jallcom.2010.10.131,AgSbTe2,Na0.02Ag0.98SbTe2,Na0.02Ag0.98SbTe2,1,No,Na,0.02,Ag,,Na (0.02) @ Ag site,figure,Fig. 5b,Visually estimated from Fig. 5b,300.0,274.99999999999994,uV/K
Enhanced thermoelectric performance in Na-doped p-type nonstoichiometric AgSbTe2 compound.pdf,10.1016/j.jallcom.2010.10.131,AgSbTe2,Na0.01Ag0.99SbTe2.02,Na0.01Ag0.99SbTe2.02,2,Yes,Na,0.01,Ag,Te (0.02) @ interstitial,Na (0.01) @ Ag site; Te (0.02) @ interstitial site,figure,Fig. 5b,Visually estimated from Fig. 5b,300.0,254.99999999999997,uV/K
Enhanced thermoelectric performance in Na-doped p-type nonstoichiometric AgSbTe2 compound.pdf,10.1016/j.jallcom.2010.10.131,AgSbTe2,Na0.02Ag0.98SbTe2.02,Na0.02Ag0.98SbTe2.02,2,Yes,Na,0.02,Ag,Te (0.02) @ interstitial,Na (0.02) @ Ag site; Te (0.02) @ interstitial site,figure,Fig. 5b,Visually estimated from Fig. 5b,300.0,239.99999999999997,uV/K
Enhanced thermoelectric performance of p-type sintered BiSbTe-based composites with AgSbTe2 addition.pdf,10.1016/j.ceramint.2020.08.182,BST (Bi0.5Sb1.5Te3) with AgSbTe2 addition,BST-0 wt% AgSbTe2,Bi0.48Sb1.52Te3,1,No,AgSbTe2,0 wt%,unclear,,AgSbTe2 (0 wt%) @ unclear site,body text,,,300.0,205.0,uV/K
Enhanced thermoelectric performance of p-type sintered BiSbTe-based composites with AgSbTe2 addition.pdf,10.1016/j.ceramint.2020.08.182,BST (Bi0.5Sb1.5Te3) with AgSbTe2 addition,BST-0.05 wt% AgSbTe2,Bi0.48Sb1.52Te3-0.05 wt% AgSbTe2,1,No,AgSbTe2,0.05 wt%,multiple sites,,AgSbTe2 (0.05 wt%) @ multiple sites site,body text,,,300.0,200.99999999999997,uV/K
Enhanced thermoelectric performance of p-type sintered BiSbTe-based composites with AgSbTe2 addition.pdf,10.1016/j.ceramint.2020.08.182,BST (Bi0.5Sb1.5Te3) with AgSbTe2 addition,BST-0.2 wt% AgSbTe2,Bi0.48Sb1.52Te3-0.2 wt% AgSbTe2,1,No,AgSbTe2,0.2 wt%,multiple sites,,AgSbTe2 (0.2 wt%) @ multiple sites site,body text,,,300.0,181.99999999999997,uV/K
Enhanced thermoelectric performance of p-type sintered BiSbTe-based composites with AgSbTe2 addition.pdf,10.1016/j.ceramint.2020.08.182,BST (Bi0.5Sb1.5Te3) with AgSbTe2 addition,BST-0 wt% AgSbTe2,Bi0.48Sb1.52Te3,1,No,Ag,0 wt%,unclear,,Ag (0 wt%) @ unclear site,body text,,Room temperature value,,205.0,uV/K
Enhanced thermoelectric performance of p-type sintered BiSbTe-based composites with AgSbTe2 addition.pdf,10.1016/j.ceramint.2020.08.182,BST (Bi0.5Sb1.5Te3) with AgSbTe2 addition,BST-0.05 wt% AgSbTe2,Bi0.48Sb1.52Te3 + 0.05 wt% AgSbTe2,1,No,Ag,0.05 wt%,multiple sites,,Ag (0.05 wt%) @ multiple sites site,body text,,Room temperature value,,200.99999999999997,uV/K
Enhanced thermoelectric performance of p-type sintered BiSbTe-based composites with AgSbTe2 addition.pdf,10.1016/j.ceramint.2020.08.182,BST (Bi0.5Sb1.5Te3) with AgSbTe2 addition,BST-0.2 wt% AgSbTe2,Bi0.48Sb1.52Te3 + 0.2 wt% AgSbTe2,1,No,Ag,0.2 wt%,multiple sites,,Ag (0.2 wt%) @ multiple sites site,body text,,Room temperature value,,181.99999999999997,uV/K
Enhanced thermoelectric performance of p-type sintered BiSbTe-based composites with AgSbTe2 addition.pdf,10.1016/j.ceramint.2020.08.182,BST (Bi0.5Sb1.5Te3) with AgSbTe2 addition,BST-0.1 wt% AgSbTe2,Bi0.5Sb1.5Te3 + 0.1 wt% AgSbTe2,1,No,AgSbTe2,0.1 wt%,unclear,,AgSbTe2 (0.1 wt%) @ unclear site,figure,Fig. 6b,Visually estimated from Fig. 6b,300.0,189.99999999999997,uV/K
Enhanced thermoelectric performance of.pdf,10.1063/1.3106102,AgSbTe2,AgSbTe2 synthesized by HPHT,AgSbTe2,0,No,,,,,,figure,Fig. 3,Visually estimated from Fig. 3,300.0,155.0,uV/K
Enhanced thermoelectric performance of.pdf,10.1063/1.3106102,AgSbTe2,AgSbTe2 synthesized by HPHT,AgSbTe2,0,No,,,,,,figure,Fig. 3,Visually estimated from Fig. 3,513.0,215.0,uV/K
Enhanced thermoelectric properties of AgSbTe2 obtained by controlling heterophases with Ce doping.pdf,10.1038/s41598-017-04885-1,AgSbTe2,AgSbTe2,AgSbTe2,0,No,,,,,,figure,Fig. 4b,Visually estimated from Fig. 4b,300.0,250.0,uV/K
Enhanced thermoelectric properties of AgSbTe2 obtained by controlling heterophases with Ce doping.pdf,10.1038/s41598-017-04885-1,AgSbTe2,x=0.001,Ag0.999Ce0.001SbTe2,1,No,Ce,x=0.001,unclear,,Ce (x=0.001) @ unclear site,figure,Fig. 4b,Visually estimated from Fig. 4b,300.0,199.99999999999997,uV/K
Enhanced thermoelectric properties of AgSbTe2 obtained by controlling heterophases with Ce doping.pdf,10.1038/s41598-017-04885-1,AgSbTe2,x=0.002,Ag0.998Ce0.002SbTe2,1,No,Ce,x=0.002,unclear,,Ce (x=0.002) @ unclear site,figure,Fig. 4b,Visually estimated from Fig. 4b,300.0,179.99999999999997,uV/K
Enhanced thermoelectric properties of AgSbTe2 obtained by controlling heterophases with Ce doping.pdf,10.1038/s41598-017-04885-1,AgSbTe2,x=0.003,Ag0.997Ce0.003SbTe2,1,No,Ce,x=0.003,unclear,,Ce (x=0.003) @ unclear site,figure,Fig. 4b,Visually estimated from Fig. 4b,300.0,150.0,uV/K
Enhanced thermoelectric properties of AgSbTe2 obtained by controlling heterophases with Ce doping.pdf,10.1038/s41598-017-04885-1,AgSbTe2,x=0.004,Ag0.996Ce0.004SbTe2,1,No,Ce,x=0.004,unclear,,Ce (x=0.004) @ unclear site,figure,Fig. 4b,Visually estimated from Fig. 4b,300.0,130.0,uV/K
Entropy engineering enhances the thermoelectric performance and microhardness of (GeTe)1−x(AgSb0.5Bi0.5Te2)x.pdf,10.1007/s40843-022-2211-8,GeTe-AgSbTe2-AgBiTe2 system,(GeTe)0.70(AgSb0.5Bi0.5Te2)0.30,(GeTe)0.70(AgSb0.5Bi0.5Te2)0.30,1,No,Bi,50% of Sb,Sb,,Bi (50% of Sb) @ Sb site,body text,,,300.0,245.6,uV/K
Excellent thermoelectric performance achieved over broad temperature plateau in indium-doped SnTe-AgSbTe2 alloys.pdf,10.1063/1.5018477,SnTe-AgSbTe2,"(Sn0.995In0.005Te)1-x(Ag0.366Sb0.558Te)x, x=0.05",(Sn0.995In0.005Te)0.95(Ag0.366Sb0.558Te)0.05,3,Yes,In,0.005,Sn,Ag (0.05 * 0.366) @ multiple sites; Sb (0.05 * 0.558) @ multiple sites,In (0.005) @ Sn site; Ag (0.05 * 0.366) @ multiple sites site; Sb (0.05 * 0.558) @ multiple sites site,figure,,Visually estimated from Fig. 4a,873.0,160.0,uV/K
Excellent thermoelectric performance achieved over broad temperature plateau in indium-doped SnTe-AgSbTe2 alloys.pdf,10.1063/1.5018477,SnTe-AgSbTe2,"(Sn0.995In0.005Te)1-x(Ag0.366Sb0.558Te)x, x=0.20",(Sn0.995In0.005Te)0.8(Ag0.366Sb0.558Te)0.2,3,Yes,In,0.005,Sn,Ag (0.2 * 0.366) @ multiple sites; Sb (0.2 * 0.558) @ multiple sites,In (0.005) @ Sn site; Ag (0.2 * 0.366) @ multiple sites site; Sb (0.2 * 0.558) @ multiple sites site,figure,,Visually estimated from Fig. 4a,873.0,175.0,uV/K
First-principles calculation of semiclassical thermoelectric properties of (AgSbSe2)n(AgSbTe2)n superlattices.pdf,10.1016/j.jallcom.2015.07.290,AgSbTe2,AgSbTe2_bulk,AgSbTe2,3,Yes,hole,2 x 10^19 cm^-3,unclear,hole (70 x 10^19 cm^-3) @ unclear; hole (1 x 10^19 cm^-3) @ unclear,hole (2 x 10^19 cm^-3) @ unclear site; hole (70 x 10^19 cm^-3) @ unclear site; hole (1 x 10^19 cm^-3) @ unclear site,figure,Fig. 2,"Visually estimated from Fig. 2, AgSbTe2 PBE+sc plot, 10x10^19 cm^-3 doping curve",400.0,99.99999999999999,uV/K
First-principles calculation of semiclassical thermoelectric properties of (AgSbSe2)n(AgSbTe2)n superlattices.pdf,10.1016/j.jallcom.2015.07.290,AgSbTe2,AgSbTe2_bulk,AgSbTe2,3,Yes,hole,2 x 10^19 cm^-3,unclear,hole (70 x 10^19 cm^-3) @ unclear; hole (1 x 10^19 cm^-3) @ unclear,hole (2 x 10^19 cm^-3) @ unclear site; hole (70 x 10^19 cm^-3) @ unclear site; hole (1 x 10^19 cm^-3) @ unclear site,figure,Fig. 2,"Visually estimated from Fig. 2, AgSbTe2 PBE+sc plot, 10x10^19 cm^-3 doping curve",600.0,150.0,uV/K
Ge-induced cation ordering for enhanced thermoelectric performance in AgSbTe2.pdf,10.1039/d5ta10429g,AgSbTe2,AgSb1-xGexTe2 (x=0.00),AgSbTe2,1,No,Ge,0,Sb,,Ge (0) @ Sb site,figure,,Visually estimated from Fig. 3b,300.0,330.0,uV/K
Ge-induced cation ordering for enhanced thermoelectric performance in AgSbTe2.pdf,10.1039/d5ta10429g,AgSbTe2,AgSb1-xGexTe2 (x=0.04),AgSb0.96Ge0.04Te2,1,No,Ge,0.04,Sb,,Ge (0.04) @ Sb site,figure,,Visually estimated from Fig. 3b,300.0,314.99999999999994,uV/K
Ge-induced cation ordering for enhanced thermoelectric performance in AgSbTe2.pdf,10.1039/d5ta10429g,AgSbTe2,AgSb1-xGexTe2 (x=0.06),AgSb0.94Ge0.06Te2,1,No,Ge,0.06,Sb,,Ge (0.06) @ Sb site,figure,,Visually estimated from Fig. 3b,300.0,330.0,uV/K
Ge-induced cation ordering for enhanced thermoelectric performance in AgSbTe2.pdf,10.1039/d5ta10429g,AgSbTe2,AgSb1-xGexTe2 (x=0.08),AgSb0.92Ge0.08Te2,1,No,Ge,0.08,Sb,,Ge (0.08) @ Sb site,figure,,Visually estimated from Fig. 3b,300.0,300.0,uV/K
Glassy thermal conductivity in the two-phase CuxAg3−xSbSeTe2 alloy and high temperature thermoelectric behavior.pdf,10.1088/0953-8984/22/3/035801,AgSbTe2,CuxAg3-xSbSeTe2 (x=0),Ag3SbSeTe2,1,No,Cu,x=0,unclear,,Cu (x=0) @ unclear site,figure,Fig. 5,Visually estimated from Fig. 5,700.0,250.0,uV/K
High Power Factor of HPHT-Sintered GeTe-AgSbTe2 Alloys.pdf,10.1007/s11664-010-1383-1,TAGS-85 (GeTe-AgSbTe2 alloy),B,(GeTe)0.85(AgSbTe2)0.15,0,No,,,,,,body text,,,650.0,214.0,uV/K
High Power Factor of HPHT-Sintered GeTe-AgSbTe2 Alloys.pdf,10.1007/s11664-010-1383-1,TAGS-85 (GeTe-AgSbTe2 alloy),A,TAGS-85,0,No,,,,,,figure,Fig. 4,Visually estimated from Fig. 4,300.0,89.99999999999999,uV/K
High Power Factor of HPHT-Sintered GeTe-AgSbTe2 Alloys.pdf,10.1007/s11664-010-1383-1,TAGS-85 (GeTe-AgSbTe2 alloy),A,TAGS-85,0,No,,,,,,figure,Fig. 4,Visually estimated from Fig. 4,700.0,209.99999999999997,uV/K
High Power Factor of HPHT-Sintered GeTe-AgSbTe2 Alloys.pdf,10.1007/s11664-010-1383-1,TAGS-85 (GeTe-AgSbTe2 alloy),B,TAGS-85,0,No,,,,,,figure,Fig. 4,Visually estimated from Fig. 4,300.0,89.99999999999999,uV/K
High Power Factor of HPHT-Sintered GeTe-AgSbTe2 Alloys.pdf,10.1007/s11664-010-1383-1,TAGS-85 (GeTe-AgSbTe2 alloy),B,TAGS-85,0,No,,,,,,figure,Fig. 4,Visually estimated from Fig. 4,700.0,215.0,uV/K
High Power Factor of HPHT-Sintered GeTe-AgSbTe2 Alloys.pdf,10.1007/s11664-010-1383-1,TAGS-85 (GeTe-AgSbTe2 alloy),C,TAGS-85,0,No,,,,,,figure,Fig. 4,Visually estimated from Fig. 4,300.0,89.99999999999999,uV/K
High Power Factor of HPHT-Sintered GeTe-AgSbTe2 Alloys.pdf,10.1007/s11664-010-1383-1,TAGS-85 (GeTe-AgSbTe2 alloy),C,TAGS-85,0,No,,,,,,figure,Fig. 4,Visually estimated from Fig. 4,700.0,209.99999999999997,uV/K
High Power Factor of HPHT-Sintered GeTe-AgSbTe2 Alloys.pdf,10.1007/s11664-010-1383-1,TAGS-85 (GeTe-AgSbTe2 alloy),D,TAGS-85,0,No,,,,,,figure,Fig. 4,Visually estimated from Fig. 4,300.0,59.99999999999999,uV/K
High Power Factor of HPHT-Sintered GeTe-AgSbTe2 Alloys.pdf,10.1007/s11664-010-1383-1,TAGS-85 (GeTe-AgSbTe2 alloy),D,TAGS-85,0,No,,,,,,figure,Fig. 4,Visually estimated from Fig. 4,700.0,140.0,uV/K
High Power Factor of HPHT-Sintered GeTe-AgSbTe2 Alloys.pdf,10.1007/s11664-010-1383-1,TAGS-85 (GeTe-AgSbTe2 alloy),E,TAGS-85,0,No,,,,,,figure,Fig. 4,Visually estimated from Fig. 4,300.0,59.99999999999999,uV/K
High Power Factor of HPHT-Sintered GeTe-AgSbTe2 Alloys.pdf,10.1007/s11664-010-1383-1,TAGS-85 (GeTe-AgSbTe2 alloy),E,TAGS-85,0,No,,,,,,figure,Fig. 4,Visually estimated from Fig. 4,700.0,140.0,uV/K
Impact of In Situ Generated Ag2Te Nanoparticles on the Microstructure and Thermoelectric Properties of AgSbTe2 Compounds.pdf,10.1007/s11664-011-1620-2,AgSbTe2,x=44,(Ag2Te)44(Sb2Te3)56,1,No,Ag2Te,x=44,unclear,,Ag2Te (x=44) @ unclear site,figure,,Visually estimated from Fig. 3b at 300 K,,179.99999999999997,uV/K
Improved Thermoelectric Properties in Structure Controlled Ag-Sb-Te System.pdf,,AgSbTe2,Ag0.208Sb0.275Te0.517 (A),Ag0.208Sb0.275Te0.517,0,No,,,,,,Table 1,,,,270.0,uV/K
Improved Thermoelectric Properties in Structure Controlled Ag-Sb-Te System.pdf,,AgSbTe2,Ag0.208Sb0.275Te0.517 (B),Ag0.208Sb0.275Te0.517,0,No,,,,,,Table 1,,,,122.99999999999999,uV/K
Impurity band engineering and hierarchical defect scattering enable high zT in Co-doped AgSbTe2.pdf,10.1039/d5ta09240j,AgSbTe2,AgSb1-xCoxTe2 (x=0),AgSbTe2,0,No,,,,,,figure,Fig. 6b,Visually estimated from Fig. 6b,298.0,199.99999999999997,uV/K
Impurity band engineering and hierarchical defect scattering enable high zT in Co-doped AgSbTe2.pdf,10.1039/d5ta09240j,AgSbTe2,AgSb1-xCoxTe2 (x=0.03),AgSb0.97Co0.03Te2,1,No,Co,x=0.03,Sb,,Co (x=0.03) @ Sb site,figure,Fig. 6b,Visually estimated from Fig. 6b,298.0,80.0,uV/K
Impurity phase elimination enabled high thermoelectric and mechanical performance in GeTe alloyed with AgSbSe2.pdf,10.1016/j.tramat.2025.100062,GeTe-AgSbTe2,(GeTe)80(AgSbSe2)20,(GeTe)80(AgSbSe2)20,3,Yes,Ag,AgSbSe2 alloying,Ag,Sb (AgSbSe2 alloying) @ Sb; Se (AgSbSe2 alloying) @ Te,Ag (AgSbSe2 alloying) @ Ag site; Sb (AgSbSe2 alloying) @ Sb site; Se (AgSbSe2 alloying) @ Te site,body text,,,300.0,153.6,uV/K
Influence of In doping on the thermoelectric properties of an AgSbTe2 compound with enhanced figure of merit.pdf,10.1039/c3ta14547f,AgSbTe2,AgSbTe2 (x=0),AgSbTe2,0,No,,,,,,figure,Fig. 3c,Visually estimated from Fig. 3c,300.0,169.99999999999997,uV/K
Influence of In doping on the thermoelectric properties of an AgSbTe2 compound with enhanced figure of merit.pdf,10.1039/c3ta14547f,AgSbTe2,Ag(Sb0.97In0.03)Te2 (x=0.03),Ag(Sb0.97In0.03)Te2,1,No,In,x=0.03,Sb,,In (x=0.03) @ Sb site,figure,Fig. 3c,Visually estimated from Fig. 3c,300.0,209.99999999999997,uV/K
Influence of In doping on the thermoelectric properties of an AgSbTe2 compound with enhanced figure of merit.pdf,10.1039/c3ta14547f,AgSbTe2,Ag(Sb0.95In0.05)Te2 (x=0.05),Ag(Sb0.95In0.05)Te2,1,No,In,x=0.05,Sb,,In (x=0.05) @ Sb site,figure,Fig. 3c,Visually estimated from Fig. 3c,300.0,229.99999999999997,uV/K
Influence of In doping on the thermoelectric properties of an AgSbTe2 compound with enhanced figure of merit.pdf,10.1039/c3ta14547f,AgSbTe2,Ag(Sb0.93In0.07)Te2 (x=0.07),Ag(Sb0.93In0.07)Te2,1,No,In,x=0.07,Sb,,In (x=0.07) @ Sb site,figure,Fig. 3c,Visually estimated from Fig. 3c,300.0,250.0,uV/K
Influence of mechanochemical syntheses and compacting methods on the thermoelectric properties of nanostructured AgSnmSbTe2+m (TAST-m).pdf,10.1088/0268-1242/29/12/124009,AgSbTe2-doped SnTe,TAST-10,SnTe doped with AgSbTe2,2,Yes,Ag,10 mol%,unclear,Sb (10 mol%) @ unclear,Ag (10 mol%) @ unclear site; Sb (10 mol%) @ unclear site,figure,,"Visually estimated from Fig 12, TAST-10, CPA",300.0,59.99999999999999,uV/K
Influence of nanoscale Ag2 Te precipitates on the thermoelectric properties of the Sn doped P-type AgSbTe2 compound.pdf,10.1063/1.4896435,AgSbTe2,AgSbTe2,AgSbTe2,0,No,,,,,,Table 1,,,,165.0,uV/K
Influence of nanoscale Ag2 Te precipitates on the thermoelectric properties of the Sn doped P-type AgSbTe2 compound.pdf,10.1063/1.4896435,AgSbTe2,Ag(Sb0.99Sn0.01)Te2,AgSb0.99Sn0.01Te2,1,No,Sn,x = 0.01,Sb,,Sn (x = 0.01) @ Sb site,Table 1,,,,208.99999999999997,uV/K
Influence of nanoscale Ag2 Te precipitates on the thermoelectric properties of the Sn doped P-type AgSbTe2 compound.pdf,10.1063/1.4896435,AgSbTe2,Ag(Sb0.97Sn0.03)Te2,Ag0.99Sb0.98Sn0.027Te2,1,No,Sn,x = 0.03,Sb,,Sn (x = 0.03) @ Sb site,Table 1,,,,179.0,uV/K
Influence of nanoscale Ag2 Te precipitates on the thermoelectric properties of the Sn doped P-type AgSbTe2 compound.pdf,10.1063/1.4896435,AgSbTe2,Ag(Sb0.95Sn0.05)Te2,Ag0.97Sb0.96Sn0.048Te1.99,1,No,Sn,x = 0.05,Sb,,Sn (x = 0.05) @ Sb site,Table 1,,,,156.0,uV/K
Influence of nanoscale Ag2 Te precipitates on the thermoelectric properties of the Sn doped P-type AgSbTe2 compound.pdf,10.1063/1.4896435,AgSbTe2,Ag(Sb0.93Sn0.07)Te2,Ag0.96Sb0.94Sn0.064Te1.98,1,No,Sn,x = 0.07,Sb,,Sn (x = 0.07) @ Sb site,Table 1,,,,121.0,uV/K
Influence of nanoscale Ag2 Te precipitates on the thermoelectric properties of the Sn doped P-type AgSbTe2 compound.pdf,10.1063/1.4896435,AgSbTe2,"Ag(Sb1-xSnx)Te2, x=0.01",AgSb0.99Sn0.01Te2,1,No,Sn,x=0.01,Sb,,Sn (x=0.01) @ Sb site,figure,,Visually estimated from Fig. 4b,300.0,179.99999999999997,uV/K
Influence of nanoscale Ag2 Te precipitates on the thermoelectric properties of the Sn doped P-type AgSbTe2 compound.pdf,10.1063/1.4896435,AgSbTe2,"Ag(Sb1-xSnx)Te2, x=0.03",AgSb0.97Sn0.03Te2,1,No,Sn,x=0.03,Sb,,Sn (x=0.03) @ Sb site,figure,,Visually estimated from Fig. 4b,300.0,160.0,uV/K
Influence of nanoscale Ag2 Te precipitates on the thermoelectric properties of the Sn doped P-type AgSbTe2 compound.pdf,10.1063/1.4896435,AgSbTe2,"Ag(Sb1-xSnx)Te2, x=0.05",AgSb0.95Sn0.05Te2,1,No,Sn,x=0.05,Sb,,Sn (x=0.05) @ Sb site,figure,,Visually estimated from Fig. 4b,300.0,140.0,uV/K
Influence of nanoscale Ag2 Te precipitates on the thermoelectric properties of the Sn doped P-type AgSbTe2 compound.pdf,10.1063/1.4896435,AgSbTe2,"Ag(Sb1-xSnx)Te2, x=0.07",AgSb0.93Sn0.07Te2,1,No,Sn,x=0.07,Sb,,Sn (x=0.07) @ Sb site,figure,,Visually estimated from Fig. 4b,300.0,130.0,uV/K
Ioffe–Regel limit and lattice thermal conductivity reduction of high performance (AgSbTe2)15(GeTe)85 thermoelectric materials.pdf,10.1039/c3ta15147f,(AgSbTe2)15(GeTe)85,0.4 AQ,(Ag0.4SbTe2/2+1.5)15(GeTe)85,1,No,Ag,0.4,unclear,,Ag (0.4) @ unclear site,figure,Fig. 1b,Visually estimated from Fig. 1b,300.0,119.99999999999999,uV/K
Ioffe–Regel limit and lattice thermal conductivity reduction of high performance (AgSbTe2)15(GeTe)85 thermoelectric materials.pdf,10.1039/c3ta15147f,(AgSbTe2)15(GeTe)85,0.4 MS,(Ag0.4SbTe2/2+1.5)15(GeTe)85,1,No,Ag,0.4,unclear,,Ag (0.4) @ unclear site,figure,Fig. 3b,Visually estimated from Fig. 3b,300.0,140.0,uV/K
Irie_1963_Jpn._J._Appl._Phys._2_72.pdf,,AgSbTe2,AgSbTe2-AgBiTe2 system,AgSbTe2-AgBiTe2,1,No,Bi,0-50 mol%,Sb,,Bi (0-50 mol%) @ Sb site,figure,,Visually estimated from Fig. 13 at 30 mol% AgBiTe2.,,250.0,uV/K
Irie_1963_Jpn._J._Appl._Phys._2_72.pdf,,AgSbTe2,AgSbTe2-PbTe system,AgSbTe2-PbTe,1,No,Pb,0-100 mol%,multiple sites,,Pb (0-100 mol%) @ multiple sites site,figure,,Visually estimated from Fig. 21 at 20 mol% PbTe.,,300.0,uV/K
Irie_1963_Jpn._J._Appl._Phys._2_72.pdf,,AgSbTe2,AgSbTe2-SnTe system,AgSbTe2-SnTe,1,No,Sn,0-100 mol%,multiple sites,,Sn (0-100 mol%) @ multiple sites site,figure,,Visually estimated from Fig. 27 at 0 mol% SnTe.,,250.0,uV/K
Kinetik Properties of (AgSbТe2)0.8(PbTe)0.2.pdf,10.1134/S1063782625602201,AgSbTe2,(AgSbTe2)0.8(PbTe)0.2,(AgSbTe2)0.8(PbTe)0.2,1,No,Pb,0.2,multiple sites,,Pb (0.2) @ multiple sites site,figure,Fig. 4,Values estimated from the plot range for 80-550 K.,,99.99999999999999,uV/K
Kinetik Properties of (AgSbТe2)0.8(PbTe)0.2.pdf,10.1134/S1063782625602201,AgSbTe2,(AgSbTe2)0.8(PbTe)0.2,(AgSbTe2)0.8(PbTe)0.2,1,No,Pb,0.2,unclear,,Pb (0.2) @ unclear site,figure,Fig. 4,Visually estimated from Fig. 4,80.0,54.99999999999999,uV/K
Kinetik Properties of (AgSbТe2)0.8(PbTe)0.2.pdf,10.1134/S1063782625602201,AgSbTe2,(AgSbTe2)0.8(PbTe)0.2,(AgSbTe2)0.8(PbTe)0.2,1,No,Pb,0.2,unclear,,Pb (0.2) @ unclear site,figure,Fig. 4,Visually estimated from Fig. 4,200.0,59.99999999999999,uV/K
Kinetik Properties of (AgSbТe2)0.8(PbTe)0.2.pdf,10.1134/S1063782625602201,AgSbTe2,(AgSbTe2)0.8(PbTe)0.2,(AgSbTe2)0.8(PbTe)0.2,1,No,Pb,0.2,unclear,,Pb (0.2) @ unclear site,figure,Fig. 4,Visually estimated from Fig. 4,410.0,125.0,uV/K
Kinetik Properties of (AgSbТe2)0.8(PbTe)0.2.pdf,10.1134/S1063782625602201,AgSbTe2,(AgSbTe2)0.8(PbTe)0.2,(AgSbTe2)0.8(PbTe)0.2,1,No,Pb,0.2,unclear,,Pb (0.2) @ unclear site,figure,Fig. 4,Visually estimated from Fig. 4,550.0,104.99999999999999,uV/K
Large Mobility Enables Higher Thermoelectric Cooling and Power Generation Performance in n‑type AgPb18+xSbTe20 Crystals.pdf,10.1021/jacs.3c09655,AgPb18+xSbTe20,AgPb18SbTe20,AgPb18SbTe20,1,No,Pb,18,unclear,,Pb (18) @ unclear site,body text,,,303.0,-202.39999999999998,uV/K
Large Mobility Enables Higher Thermoelectric Cooling and Power Generation Performance in n‑type AgPb18+xSbTe20 Crystals.pdf,10.1021/jacs.3c09655,AgPb18+xSbTe20,AgPb18.4SbTe20,AgPb18.4SbTe20,1,No,Pb,18.4,unclear,,Pb (18.4) @ unclear site,body text,,,303.0,-172.3,uV/K
"Large-scale production of (GeTe)x(AgSbTe2)100−x (x=75, 80, 85, 90) with enhanced thermoelectric properties via gas-atomization and spark plasma sintering.pdf",10.1016/j.actamat.2017.01.053,(GeTe)x(AgSbTe2)100-x,TAGS-80,(GeTe)80(AgSbTe2)20,0,No,,,,,,text,Section 3.2,,598.0,240.99999999999997,uV/K
"Large-scale production of (GeTe)x(AgSbTe2)100−x (x=75, 80, 85, 90) with enhanced thermoelectric properties via gas-atomization and spark plasma sintering.pdf",10.1016/j.actamat.2017.01.053,(GeTe)x(AgSbTe2)100-x,TAGS-75,(GeTe)75(AgSbTe2)25,1,No,Ge,75 mol%,multiple sites,,Ge (75 mol%) @ multiple sites site,figure,Fig. 7b,visually estimated from figure,300.0,80.0,uV/K
Low lattice thermal conductivity by alloying SnTe with AgSbTe2 and CaTe-MnTe.pdf,10.1063/1.5109465,SnTe-AgSbTe2,(Sn0.95Ca0.05)0.75(AgSbTe2)0.125,(Sn0.95Ca0.05)0.75(AgSbTe2)0.125,1,No,Ca,0.05,unclear,,Ca (0.05) @ unclear site,figure,,Visually estimated from Fig. 2c,723.0,140.0,uV/K
Low lattice thermal conductivity by alloying SnTe with AgSbTe2 and CaTe-MnTe.pdf,10.1063/1.5109465,SnTe-AgSbTe2,(Sn0.95Ca0.05)0.75(AgSbTe2)0.125,(Sn0.95Ca0.05)0.75(AgSbTe2)0.125,1,No,Ca,0.05,unclear,,Ca (0.05) @ unclear site,figure,,Visually estimated from Fig. 3a,800.0,130.0,uV/K
Low lattice thermal conductivity by alloying SnTe with AgSbTe2 and CaTe-MnTe.pdf,10.1063/1.5109465,SnTe-AgSbTe2,(Sn0.85Mn0.15)0.85(AgSbTe2)0.075,(Sn0.85Mn0.15)0.85(AgSbTe2)0.075,1,No,Mn,0.15,unclear,,Mn (0.15) @ unclear site,figure,,Visually estimated from Fig. 2c,723.0,150.0,uV/K
Low lattice thermal conductivity by alloying SnTe with AgSbTe2 and CaTe-MnTe.pdf,10.1063/1.5109465,SnTe-AgSbTe2,(Sn0.85Mn0.15)0.85(AgSbTe2)0.075,(Sn0.85Mn0.15)0.85(AgSbTe2)0.075,1,No,Mn,0.15,unclear,,Mn (0.15) @ unclear site,figure,,Visually estimated from Fig. 3a,800.0,145.0,uV/K
Low solubility and transport consequences of Eu addition in AgSbTe2 thermoelectrics.pdf,10.1016/j.physb.2026.418712,AgSbTe2,0 wt% Eu,AgSbTe2,0,No,,,,,,figure,Fig. 3a,Visually estimated from Fig. 3a,300.0,250.0,uV/K
Low solubility and transport consequences of Eu addition in AgSbTe2 thermoelectrics.pdf,10.1016/j.physb.2026.418712,AgSbTe2,0 wt% Eu,AgSbTe2,0,No,,,,,,figure,Fig. 3a,Visually estimated from Fig. 3a,500.0,350.0,uV/K
Low solubility and transport consequences of Eu addition in AgSbTe2 thermoelectrics.pdf,10.1016/j.physb.2026.418712,AgSbTe2,4 wt% Eu,AgSbTe2:Eu,1,No,Eu,4 wt%,unclear,,Eu (4 wt%) @ unclear site,figure,Fig. 3a,Visually estimated from Fig. 3a,300.0,199.99999999999997,uV/K
Low solubility and transport consequences of Eu addition in AgSbTe2 thermoelectrics.pdf,10.1016/j.physb.2026.418712,AgSbTe2,4 wt% Eu,AgSbTe2:Eu,1,No,Eu,4 wt%,unclear,,Eu (4 wt%) @ unclear site,figure,Fig. 3a,Visually estimated from Fig. 3a,500.0,350.0,uV/K
Nanostructures in high-performance (GeTe)x(AgSbTe2)100−x thermoelectric materials.pdf,10.1088/0957-4484/19/24/245707,AgSbTe2,TAGS-75,(GeTe)75(AgSbTe2)25,1,No,Ge,75 mol%,multiple sites,,Ge (75 mol%) @ multiple sites site,figure,,Visually estimated from Fig. 2(b),300.0,160.0,uV/K
Nanostructures in high-performance (GeTe)x(AgSbTe2)100−x thermoelectric materials.pdf,10.1088/0957-4484/19/24/245707,AgSbTe2,TAGS-75,(GeTe)75(AgSbTe2)25,1,No,Ge,75 mol%,multiple sites,,Ge (75 mol%) @ multiple sites site,figure,,Visually estimated from Fig. 2(b),600.0,239.99999999999997,uV/K
Nanostructures in high-performance (GeTe)x(AgSbTe2)100−x thermoelectric materials.pdf,10.1088/0957-4484/19/24/245707,AgSbTe2,TAGS-80,(GeTe)80(AgSbTe2)20,1,No,Ge,80 mol%,multiple sites,,Ge (80 mol%) @ multiple sites site,figure,,Visually estimated from Fig. 2(b),300.0,179.99999999999997,uV/K
Nanostructures in high-performance (GeTe)x(AgSbTe2)100−x thermoelectric materials.pdf,10.1088/0957-4484/19/24/245707,AgSbTe2,TAGS-80,(GeTe)80(AgSbTe2)20,1,No,Ge,80 mol%,multiple sites,,Ge (80 mol%) @ multiple sites site,figure,,Visually estimated from Fig. 2(b),600.0,250.0,uV/K
Nanostructures in high-performance (GeTe)x(AgSbTe2)100−x thermoelectric materials.pdf,10.1088/0957-4484/19/24/245707,AgSbTe2,TAGS-85,(GeTe)85(AgSbTe2)15,1,No,Ge,85 mol%,multiple sites,,Ge (85 mol%) @ multiple sites site,figure,,Visually estimated from Fig. 2(b),300.0,109.99999999999999,uV/K
Nanostructures in high-performance (GeTe)x(AgSbTe2)100−x thermoelectric materials.pdf,10.1088/0957-4484/19/24/245707,AgSbTe2,TAGS-85,(GeTe)85(AgSbTe2)15,1,No,Ge,85 mol%,multiple sites,,Ge (85 mol%) @ multiple sites site,figure,,Visually estimated from Fig. 2(b),720.0,199.99999999999997,uV/K
Nanostructures in high-performance (GeTe)x(AgSbTe2)100−x thermoelectric materials.pdf,10.1088/0957-4484/19/24/245707,AgSbTe2,TAGS-90,(GeTe)90(AgSbTe2)10,1,No,Ge,90 mol%,multiple sites,,Ge (90 mol%) @ multiple sites site,figure,,Visually estimated from Fig. 2(b),300.0,59.99999999999999,uV/K
Nanostructures in high-performance (GeTe)x(AgSbTe2)100−x thermoelectric materials.pdf,10.1088/0957-4484/19/24/245707,AgSbTe2,TAGS-90,(GeTe)90(AgSbTe2)10,1,No,Ge,90 mol%,multiple sites,,Ge (90 mol%) @ multiple sites site,figure,,Visually estimated from Fig. 2(b),720.0,70.0,uV/K
Optimized Carrier Concentration and Reduced Thermal Conductivity in Cu-Deficient CuGaTe2 Alloyed with AgSbTe2 for Superior Thermoelectric Performance.pdf,10.1021/acsami.6c05111,Cu0.96GaTe2-AgSbTe2,"(Cu0.96GaTe2)1-x(AgSbTe2)x, x=0",(Cu0.96GaTe2)1-x(AgSbTe2)x,2,Yes,Ag,x=0,unclear,Sb (x=0) @ unclear,Ag (x=0) @ unclear site; Sb (x=0) @ unclear site,figure,,Visually estimated from Fig. 5b,300.0,99.99999999999999,uV/K
Optimized Carrier Concentration and Reduced Thermal Conductivity in Cu-Deficient CuGaTe2 Alloyed with AgSbTe2 for Superior Thermoelectric Performance.pdf,10.1021/acsami.6c05111,Cu0.96GaTe2-AgSbTe2,"(Cu0.96GaTe2)1-x(AgSbTe2)x, x=0.02",(Cu0.96GaTe2)0.98(AgSbTe2)0.02,2,Yes,Ag,x=0.02,unclear,Sb (x=0.02) @ unclear,Ag (x=0.02) @ unclear site; Sb (x=0.02) @ unclear site,figure,,Visually estimated from Fig. 5b,300.0,119.99999999999999,uV/K
Optimized Carrier Concentration and Reduced Thermal Conductivity in Cu-Deficient CuGaTe2 Alloyed with AgSbTe2 for Superior Thermoelectric Performance.pdf,10.1021/acsami.6c05111,Cu0.96GaTe2-AgSbTe2,"(Cu0.96GaTe2)1-x(AgSbTe2)x, x=0.04",(Cu0.96GaTe2)0.96(AgSbTe2)0.04,2,Yes,Ag,x=0.04,unclear,Sb (x=0.04) @ unclear,Ag (x=0.04) @ unclear site; Sb (x=0.04) @ unclear site,figure,,Visually estimated from Fig. 5b,300.0,130.0,uV/K
Optimized Carrier Concentration and Reduced Thermal Conductivity in Cu-Deficient CuGaTe2 Alloyed with AgSbTe2 for Superior Thermoelectric Performance.pdf,10.1021/acsami.6c05111,Cu0.96GaTe2-AgSbTe2,"(Cu0.96GaTe2)1-x(AgSbTe2)x, x=0.06",(Cu0.96GaTe2)0.94(AgSbTe2)0.06,2,Yes,Ag,x=0.06,unclear,Sb (x=0.06) @ unclear,Ag (x=0.06) @ unclear site; Sb (x=0.06) @ unclear site,figure,,Visually estimated from Fig. 5b,300.0,140.0,uV/K
Optimized Carrier Concentration and Reduced Thermal Conductivity in Cu-Deficient CuGaTe2 Alloyed with AgSbTe2 for Superior Thermoelectric Performance.pdf,10.1021/acsami.6c05111,Cu0.96GaTe2-AgSbTe2,"(Cu0.96GaTe2)1-x(AgSbTe2)x, x=0.08",(Cu0.96GaTe2)0.92(AgSbTe2)0.08,2,Yes,Ag,x=0.08,unclear,Sb (x=0.08) @ unclear,Ag (x=0.08) @ unclear site; Sb (x=0.08) @ unclear site,figure,,Visually estimated from Fig. 5b,300.0,150.0,uV/K
Optimized Carrier Concentration and Reduced Thermal Conductivity in Cu-Deficient CuGaTe2 Alloyed with AgSbTe2 for Superior Thermoelectric Performance.pdf,10.1021/acsami.6c05111,Cu0.96GaTe2-AgSbTe2,"(Cu0.96GaTe2)1-x(AgSbTe2)x, x=0.10",(Cu0.96GaTe2)0.9(AgSbTe2)0.1,2,Yes,Ag,x=0.10,unclear,Sb (x=0.10) @ unclear,Ag (x=0.10) @ unclear site; Sb (x=0.10) @ unclear site,figure,,Visually estimated from Fig. 5b,300.0,160.0,uV/K
Optimized Carrier Concentration and Reduced Thermal Conductivity in Cu-Deficient CuGaTe2 Alloyed with AgSbTe2 for Superior Thermoelectric Performance.pdf,10.1021/acsami.6c05111,Cu0.96GaTe2-AgSbTe2,"(Cu0.96GaTe2)1-x(AgSbTe2)x, x=0.11",(Cu0.96GaTe2)0.89(AgSbTe2)0.11,2,Yes,Ag,x=0.11,unclear,Sb (x=0.11) @ unclear,Ag (x=0.11) @ unclear site; Sb (x=0.11) @ unclear site,figure,,Visually estimated from Fig. 5b,300.0,169.99999999999997,uV/K
Optimized Thermoelectric Properties of AgSbTe2 through Adjustment of.pdf,10.1007/s13391-014-4152-0,AgSbTe2,AST-423-150,AgSbTe2,0,No,,,,,,Table 1,,,300.0,146.0,uV/K
Optimized Thermoelectric Properties of AgSbTe2 through Adjustment of.pdf,10.1007/s13391-014-4152-0,AgSbTe2,AST-423-300,AgSbTe2,0,No,,,,,,Table 1,,,300.0,113.99999999999999,uV/K
Optimized Thermoelectric Properties of AgSbTe2 through Adjustment of.pdf,10.1007/s13391-014-4152-0,AgSbTe2,AST-423-500,AgSbTe2,0,No,,,,,,Table 1,,,300.0,117.0,uV/K
Optimized Thermoelectric Properties of AgSbTe2 through Adjustment of.pdf,10.1007/s13391-014-4152-0,AgSbTe2,AST-473-150,AgSbTe2,0,No,,,,,,Table 1,,,300.0,131.0,uV/K
Optimized Thermoelectric Properties of AgSbTe2 through Adjustment of.pdf,10.1007/s13391-014-4152-0,AgSbTe2,AST-473-300,AgSbTe2,0,No,,,,,,Table 1,,,300.0,96.0,uV/K
Optimized Thermoelectric Properties of AgSbTe2 through Adjustment of.pdf,10.1007/s13391-014-4152-0,AgSbTe2,AST-473-500,AgSbTe2,0,No,,,,,,Table 1,,,300.0,94.99999999999999,uV/K
Peng2014.pdf,10.1039/c3ta13729e,Yb0.2Co4Sb12,matrix-2 wt% AgSbTe2,Yb0.2Co4Sb12-2 wt% AgSbTe2,1,No,Te,y < 0.02,Sb,,Te (y < 0.02) @ Sb site,figure,Fig. 6,Visually estimated from Fig. 6,300.0,-179.99999999999997,uV/K
Peng2014.pdf,10.1039/c3ta13729e,Yb0.2Co4Sb12,matrix-4 wt% AgSbTe2,Yb0.2Co4Sb12-4 wt% AgSbTe2,1,No,Te,y < 0.02,Sb,,Te (y < 0.02) @ Sb site,figure,Fig. 6,Visually estimated from Fig. 6,300.0,-199.99999999999997,uV/K
Peng2014.pdf,10.1039/c3ta13729e,Yb0.2Co4Sb12,matrix-6 wt% AgSbTe2,Yb0.2Co4Sb12-6 wt% AgSbTe2,1,No,Te,y < 0.02,Sb,,Te (y < 0.02) @ Sb site,body text,page 77,,300.0,-227.99999999999997,uV/K
Peng2014.pdf,10.1039/c3ta13729e,Yb0.2Co4Sb12,matrix-8 wt% AgSbTe2,Yb0.2Co4Sb12-8 wt% AgSbTe2,1,No,Te,y < 0.02,Sb,,Te (y < 0.02) @ Sb site,figure,Fig. 6,Visually estimated from Fig. 6,300.0,-169.99999999999997,uV/K
"Phase compositions, nanoscale microstructures and thermoelectric properties in Ag2−ySbyTe1+y alloys with precipitated Sb2Te3 plates.pdf",10.1016/j.actamat.2010.04.007,Ag2-ySbTe1+y,Ag0.71Sb1.29Te2.29,Ag0.71Sb1.29Te2.29,1,No,Sb,1.29,unclear,,Sb (1.29) @ unclear site,body text,,"Reported as -250 uV K-1, but context indicates positive Seebeck coefficient.",,250.0,uV/K
"Phase compositions, nanoscale microstructures and thermoelectric properties in Ag2−ySbyTe1+y alloys with precipitated Sb2Te3 plates.pdf",10.1016/j.actamat.2010.04.007,Ag2-ySbTe1+y,Ag0.74Sb1.26Te2.26,Ag0.74Sb1.26Te2.26,0,No,,,,,,figure,Fig. 4b,Visually estimated from Fig. 4b,300.0,99.99999999999999,uV/K
"Phase compositions, nanoscale microstructures and thermoelectric properties in Ag2−ySbyTe1+y alloys with precipitated Sb2Te3 plates.pdf",10.1016/j.actamat.2010.04.007,Ag2-ySbTe1+y,Ag0.74Sb1.26Te2.26,Ag0.74Sb1.26Te2.26,0,No,,,,,,figure,Fig. 4b,Visually estimated from Fig. 4b,670.0,260.0,uV/K
"Phase compositions, nanoscale microstructures and thermoelectric properties in Ag2−ySbyTe1+y alloys with precipitated Sb2Te3 plates.pdf",10.1016/j.actamat.2010.04.007,Ag2-ySbTe1+y,Ag0.71Sb1.29Te2.29,Ag0.71Sb1.29Te2.29,0,No,,,,,,figure,Fig. 4b,Visually estimated from Fig. 4b,300.0,89.99999999999999,uV/K
"Phase compositions, nanoscale microstructures and thermoelectric properties in Ag2−ySbyTe1+y alloys with precipitated Sb2Te3 plates.pdf",10.1016/j.actamat.2010.04.007,Ag2-ySbTe1+y,Ag0.71Sb1.29Te2.29,Ag0.71Sb1.29Te2.29,0,No,,,,,,figure,Fig. 4b,Visually estimated from Fig. 4b,670.0,239.99999999999997,uV/K
"Phase compositions, nanoscale microstructures and thermoelectric properties in Ag2−ySbyTe1+y alloys with precipitated Sb2Te3 plates.pdf",10.1016/j.actamat.2010.04.007,Ag2-ySbTe1+y,Ag0.68Sb1.32Te2.32,Ag0.68Sb1.32Te2.32,0,No,,,,,,figure,Fig. 4b,Visually estimated from Fig. 4b,300.0,80.0,uV/K
"Phase compositions, nanoscale microstructures and thermoelectric properties in Ag2−ySbyTe1+y alloys with precipitated Sb2Te3 plates.pdf",10.1016/j.actamat.2010.04.007,Ag2-ySbTe1+y,Ag0.68Sb1.32Te2.32,Ag0.68Sb1.32Te2.32,0,No,,,,,,figure,Fig. 4b,Visually estimated from Fig. 4b,670.0,209.99999999999997,uV/K
"Phase compositions, nanoscale microstructures and thermoelectric properties in Ag2−ySbyTe1+y alloys with precipitated Sb2Te3 plates.pdf",10.1016/j.actamat.2010.04.007,Ag2-ySbTe1+y,Ag0.65Sb1.35Te2.35,Ag0.65Sb1.35Te2.35,0,No,,,,,,figure,Fig. 4b,Visually estimated from Fig. 4b,300.0,70.0,uV/K
"Phase compositions, nanoscale microstructures and thermoelectric properties in Ag2−ySbyTe1+y alloys with precipitated Sb2Te3 plates.pdf",10.1016/j.actamat.2010.04.007,Ag2-ySbTe1+y,Ag0.65Sb1.35Te2.35,Ag0.65Sb1.35Te2.35,0,No,,,,,,figure,Fig. 4b,Visually estimated from Fig. 4b,670.0,179.99999999999997,uV/K
"Phase compositions, nanoscale microstructures and thermoelectric properties in Ag2−ySbyTe1+y alloys with precipitated Sb2Te3 plates.pdf",10.1016/j.actamat.2010.04.007,Ag2-ySbTe1+y,Ag0.62Sb1.38Te2.38,Ag0.62Sb1.38Te2.38,0,No,,,,,,figure,Fig. 4b,Visually estimated from Fig. 4b,300.0,59.99999999999999,uV/K
"Phase compositions, nanoscale microstructures and thermoelectric properties in Ag2−ySbyTe1+y alloys with precipitated Sb2Te3 plates.pdf",10.1016/j.actamat.2010.04.007,Ag2-ySbTe1+y,Ag0.62Sb1.38Te2.38,Ag0.62Sb1.38Te2.38,0,No,,,,,,figure,Fig. 4b,Visually estimated from Fig. 4b,670.0,169.99999999999997,uV/K
Phase diagram and thermoelectric properties.pdf,,Ag3-xSb1+xTe4,x=0.8,Ag2.2Sb1.8Te4,0,No,,,,,,body text,,,650.0,450.00000000000006,uV/K
Phase diagram and thermoelectric properties.pdf,,Ag3-xSb1+xTe4,x=1.0,Ag2Sb2Te4 (AgSbTe2),0,No,,,,,,body text,,,680.0,730.0,uV/K
Phase diagram and thermoelectric properties.pdf,,Ag3-xSb1+xTe4,x=1.25,Ag1.75Sb2.25Te4,0,No,,,,,,body text,,,450.0,200.0,uV/K
Phase diagram and thermoelectric properties.pdf,,Ag3-xSb1+xTe4,x=1,Ag2Sb2Te4,0,No,,,,,,body text,,,680.0,730.0,uV/K
PhysRevB.79.184202.pdf,10.1103/PhysRevB.79.184202,AgSbTe2,AgSbSe_xTe_2-x (x=0.00),AgSbTe2,1,No,Se,x=0.00,Te,,Se (x=0.00) @ Te site,figure,Fig. 5,Visually estimated from Fig. 5,300.0,99.99999999999999,uV/K
PhysRevB.79.184202.pdf,10.1103/PhysRevB.79.184202,AgSbTe2,AgSbSe_xTe_2-x (x=0.00),AgSbTe2,1,No,Se,x=0.00,Te,,Se (x=0.00) @ Te site,figure,Fig. 5,Visually estimated from Fig. 5,500.0,150.0,uV/K
PhysRevB.79.184202.pdf,10.1103/PhysRevB.79.184202,AgSbTe2,AgSbSe_xTe_2-x (x=0.25),AgSbSe0.25Te1.75,1,No,Se,x=0.25,Te,,Se (x=0.25) @ Te site,figure,Fig. 5,Visually estimated from Fig. 5,300.0,179.99999999999997,uV/K
PhysRevB.79.184202.pdf,10.1103/PhysRevB.79.184202,AgSbTe2,AgSbSe_xTe_2-x (x=0.25),AgSbSe0.25Te1.75,1,No,Se,x=0.25,Te,,Se (x=0.25) @ Te site,figure,Fig. 5,Visually estimated from Fig. 5,500.0,199.99999999999997,uV/K
PhysRevB.79.184202.pdf,10.1103/PhysRevB.79.184202,AgSbTe2,AgSbSe_xTe_2-x (x=0.50),AgSbSe0.5Te1.5,1,No,Se,x=0.50,Te,,Se (x=0.50) @ Te site,figure,Fig. 5,Visually estimated from Fig. 5,300.0,179.99999999999997,uV/K
PhysRevB.79.184202.pdf,10.1103/PhysRevB.79.184202,AgSbTe2,AgSbSe_xTe_2-x (x=0.50),AgSbSe0.5Te1.5,1,No,Se,x=0.50,Te,,Se (x=0.50) @ Te site,figure,Fig. 5,Visually estimated from Fig. 5,500.0,199.99999999999997,uV/K
PhysRevB.79.184202.pdf,10.1103/PhysRevB.79.184202,AgSbTe2,AgSbSe_xTe_2-x (x=0.75),AgSbSe0.75Te1.25,1,No,Se,x=0.75,Te,,Se (x=0.75) @ Te site,figure,Fig. 5,Visually estimated from Fig. 5,300.0,150.0,uV/K
PhysRevB.79.184202.pdf,10.1103/PhysRevB.79.184202,AgSbTe2,AgSbSe_xTe_2-x (x=0.75),AgSbSe0.75Te1.25,1,No,Se,x=0.75,Te,,Se (x=0.75) @ Te site,figure,Fig. 5,Visually estimated from Fig. 5,500.0,179.99999999999997,uV/K
PhysRevB.79.184202.pdf,10.1103/PhysRevB.79.184202,AgSbTe2,AgSbSe_xTe_2-x (x=1.00),AgSbSeTe,1,No,Se,x=1.00,Te,,Se (x=1.00) @ Te site,figure,Fig. 5,Visually estimated from Fig. 5,300.0,250.0,uV/K
PhysRevB.79.184202.pdf,10.1103/PhysRevB.79.184202,AgSbTe2,AgSbSe_xTe_2-x (x=1.00),AgSbSeTe,1,No,Se,x=1.00,Te,,Se (x=1.00) @ Te site,figure,Fig. 5,Visually estimated from Fig. 5,500.0,300.0,uV/K
PhysRevB.79.184202.pdf,10.1103/PhysRevB.79.184202,AgSbTe2,AgSbSe_xTe_2-x (x=1.25),AgSbSe1.25Te0.75,1,No,Se,x=1.25,Te,,Se (x=1.25) @ Te site,figure,Fig. 5,Visually estimated from Fig. 5,300.0,350.0,uV/K
PhysRevB.79.184202.pdf,10.1103/PhysRevB.79.184202,AgSbTe2,AgSbSe_xTe_2-x (x=1.25),AgSbSe1.25Te0.75,1,No,Se,x=1.25,Te,,Se (x=1.25) @ Te site,figure,Fig. 5,Visually estimated from Fig. 5,500.0,399.99999999999994,uV/K
PhysRevB.79.184202.pdf,10.1103/PhysRevB.79.184202,AgSbTe2,AgSbSe_xTe_2-x (x=1.50),AgSbSe1.5Te0.5,1,No,Se,x=1.50,Te,,Se (x=1.50) @ Te site,figure,Fig. 5,Visually estimated from Fig. 5,300.0,450.0,uV/K
PhysRevB.79.184202.pdf,10.1103/PhysRevB.79.184202,AgSbTe2,AgSbSe_xTe_2-x (x=1.50),AgSbSe1.5Te0.5,1,No,Se,x=1.50,Te,,Se (x=1.50) @ Te site,figure,Fig. 5,Visually estimated from Fig. 5,500.0,500.0,uV/K
PhysRevB.79.184202.pdf,10.1103/PhysRevB.79.184202,AgSbTe2,AgSbSe_xTe_2-x (x=1.75),AgSbSe1.75Te0.25,1,No,Se,x=1.75,Te,,Se (x=1.75) @ Te site,figure,Fig. 5,Visually estimated from Fig. 5,300.0,500.0,uV/K
PhysRevB.79.184202.pdf,10.1103/PhysRevB.79.184202,AgSbTe2,AgSbSe_xTe_2-x (x=1.75),AgSbSe1.75Te0.25,1,No,Se,x=1.75,Te,,Se (x=1.75) @ Te site,figure,Fig. 5,Visually estimated from Fig. 5,500.0,549.9999999999999,uV/K
PhysRevB.79.184202.pdf,10.1103/PhysRevB.79.184202,AgSbTe2,AgSbSe_xTe_2-x (x=2.00),AgSbSe2,1,No,Se,x=2.00,Te,,Se (x=2.00) @ Te site,figure,Fig. 5,Visually estimated from Fig. 5,300.0,250.0,uV/K
PhysRevB.79.184202.pdf,10.1103/PhysRevB.79.184202,AgSbTe2,AgSbSe_xTe_2-x (x=2.00),AgSbSe2,1,No,Se,x=2.00,Te,,Se (x=2.00) @ Te site,figure,Fig. 5,Visually estimated from Fig. 5,500.0,300.0,uV/K
Physica Status Solidi  a - 2011 - Yusufu - Thermoelectric properties and microstructures of AgSbTe2‐added p‐type Pb0 16Ge0.pdf,10.1002/pssa.201127194,"AgSbTe2-(Pb,Ge)Te",(Ag0.5Sb0.5Te)25(Pb0.16Ge0.84Te)75,(Ag0.5Sb0.5Te)25(Pb0.16Ge0.84Te)75,2,Yes,Pb,x=75,unclear,Ge (x=75) @ unclear,Pb (x=75) @ unclear site; Ge (x=75) @ unclear site,figure,Fig. 4b,Visually estimated from figure,300.0,49.99999999999999,uV/K
Physica Status Solidi  a - 2011 - Yusufu - Thermoelectric properties and microstructures of AgSbTe2‐added p‐type Pb0 16Ge0.pdf,10.1002/pssa.201127194,"AgSbTe2-(Pb,Ge)Te",(Ag0.5Sb0.5Te)25(Pb0.16Ge0.84Te)75,(Ag0.5Sb0.5Te)25(Pb0.16Ge0.84Te)75,2,Yes,Pb,x=75,unclear,Ge (x=75) @ unclear,Pb (x=75) @ unclear site; Ge (x=75) @ unclear site,figure,Fig. 4b,Visually estimated from figure,700.0,99.99999999999999,uV/K
Physica Status Solidi  a - 2011 - Yusufu - Thermoelectric properties and microstructures of AgSbTe2‐added p‐type Pb0 16Ge0.pdf,10.1002/pssa.201127194,"AgSbTe2-(Pb,Ge)Te",(Ag0.5Sb0.5Te)20(Pb0.16Ge0.84Te)80,(Ag0.5Sb0.5Te)20(Pb0.16Ge0.84Te)80,2,Yes,Pb,x=80,unclear,Ge (x=80) @ unclear,Pb (x=80) @ unclear site; Ge (x=80) @ unclear site,figure,Fig. 4b,Visually estimated from figure,300.0,59.99999999999999,uV/K
Physica Status Solidi  a - 2011 - Yusufu - Thermoelectric properties and microstructures of AgSbTe2‐added p‐type Pb0 16Ge0.pdf,10.1002/pssa.201127194,"AgSbTe2-(Pb,Ge)Te",(Ag0.5Sb0.5Te)20(Pb0.16Ge0.84Te)80,(Ag0.5Sb0.5Te)20(Pb0.16Ge0.84Te)80,2,Yes,Pb,x=80,unclear,Ge (x=80) @ unclear,Pb (x=80) @ unclear site; Ge (x=80) @ unclear site,figure,Fig. 4b,Visually estimated from figure,700.0,140.0,uV/K
Physica Status Solidi  a - 2011 - Yusufu - Thermoelectric properties and microstructures of AgSbTe2‐added p‐type Pb0 16Ge0.pdf,10.1002/pssa.201127194,"AgSbTe2-(Pb,Ge)Te",(Ag0.5Sb0.5Te)15(Pb0.16Ge0.84Te)85,(Ag0.5Sb0.5Te)15(Pb0.16Ge0.84Te)85,2,Yes,Pb,x=85,unclear,Ge (x=85) @ unclear,Pb (x=85) @ unclear site; Ge (x=85) @ unclear site,figure,Fig. 4b,Visually estimated from figure,300.0,65.0,uV/K
Physica Status Solidi  a - 2011 - Yusufu - Thermoelectric properties and microstructures of AgSbTe2‐added p‐type Pb0 16Ge0.pdf,10.1002/pssa.201127194,"AgSbTe2-(Pb,Ge)Te",(Ag0.5Sb0.5Te)15(Pb0.16Ge0.84Te)85,(Ag0.5Sb0.5Te)15(Pb0.16Ge0.84Te)85,2,Yes,Pb,x=85,unclear,Ge (x=85) @ unclear,Pb (x=85) @ unclear site; Ge (x=85) @ unclear site,figure,Fig. 4b,Visually estimated from figure,700.0,119.99999999999999,uV/K
Physica Status Solidi  a - 2011 - Yusufu - Thermoelectric properties and microstructures of AgSbTe2‐added p‐type Pb0 16Ge0.pdf,10.1002/pssa.201127194,"AgSbTe2-(Pb,Ge)Te",(Ag0.5Sb0.5Te)10(Pb0.16Ge0.84Te)90,(Ag0.5Sb0.5Te)10(Pb0.16Ge0.84Te)90,2,Yes,Pb,x=90,unclear,Ge (x=90) @ unclear,Pb (x=90) @ unclear site; Ge (x=90) @ unclear site,figure,Fig. 4b,Visually estimated from figure,300.0,70.0,uV/K
Physica Status Solidi  a - 2011 - Yusufu - Thermoelectric properties and microstructures of AgSbTe2‐added p‐type Pb0 16Ge0.pdf,10.1002/pssa.201127194,"AgSbTe2-(Pb,Ge)Te",(Ag0.5Sb0.5Te)10(Pb0.16Ge0.84Te)90,(Ag0.5Sb0.5Te)10(Pb0.16Ge0.84Te)90,2,Yes,Pb,x=90,unclear,Ge (x=90) @ unclear,Pb (x=90) @ unclear site; Ge (x=90) @ unclear site,figure,Fig. 4b,Visually estimated from figure,700.0,109.99999999999999,uV/K
Preparation and characterization of nanostructured (GeTe)75(AgSbTe2)x(AgSbSe2)y thermoelectric materials.pdf,10.1016/j.synthmet.2020.116606,(GeTe)75(AgSbTe2)x(AgSbSe2)y,TAGSS[000],(GeTe)75(AgSbTe2)25(AgSbSe2)0,0,No,,,,,,body text,,,325.0,49.99999999999999,uV/K
Preparation and characterization of nanostructured (GeTe)75(AgSbTe2)x(AgSbSe2)y thermoelectric materials.pdf,10.1016/j.synthmet.2020.116606,(GeTe)75(AgSbTe2)x(AgSbSe2)y,TAGSS[000],(GeTe)75(AgSbTe2)25(AgSbSe2)0,0,No,,,,,,body text,,,625.0,99.99999999999999,uV/K
Preparation and characterization of nanostructured (GeTe)75(AgSbTe2)x(AgSbSe2)y thermoelectric materials.pdf,10.1016/j.synthmet.2020.116606,(GeTe)75(AgSbTe2)x(AgSbSe2)y,TAGSS[051],(GeTe)75(AgSbTe2)24.49(AgSbSe2)0.51,1,No,Se,0.51,unclear,,Se (0.51) @ unclear site,body text,,,325.0,99.99999999999999,uV/K
Preparation and characterization of nanostructured (GeTe)75(AgSbTe2)x(AgSbSe2)y thermoelectric materials.pdf,10.1016/j.synthmet.2020.116606,(GeTe)75(AgSbTe2)x(AgSbSe2)y,TAGSS[051],(GeTe)75(AgSbTe2)24.49(AgSbSe2)0.51,1,No,Se,0.51,unclear,,Se (0.51) @ unclear site,body text,,,625.0,160.0,uV/K
Preparation and characterization of nanostructured (GeTe)75(AgSbTe2)x(AgSbSe2)y thermoelectric materials.pdf,10.1016/j.synthmet.2020.116606,(GeTe)75(AgSbTe2)x(AgSbSe2)y,TAGSS[125],(GeTe)75(AgSbTe2)23.75(AgSbSe2)1.25,1,No,Se,1.25,unclear,,Se (1.25) @ unclear site,body text,,,325.0,99.99999999999999,uV/K
Preparation and characterization of nanostructured (GeTe)75(AgSbTe2)x(AgSbSe2)y thermoelectric materials.pdf,10.1016/j.synthmet.2020.116606,(GeTe)75(AgSbTe2)x(AgSbSe2)y,TAGSS[000],(GeTe)75(AgSbTe2)25,0,No,,,,,,body text,,,325.0,49.99999999999999,uV/K
Preparation and characterization of nanostructured (GeTe)75(AgSbTe2)x(AgSbSe2)y thermoelectric materials.pdf,10.1016/j.synthmet.2020.116606,(GeTe)75(AgSbTe2)x(AgSbSe2)y,TAGSS[000],(GeTe)75(AgSbTe2)25,0,No,,,,,,body text,,,625.0,99.99999999999999,uV/K
Preparation and characterization of nanostructured (GeTe)75(AgSbTe2)x(AgSbSe2)y thermoelectric materials.pdf,10.1016/j.synthmet.2020.116606,(GeTe)75(AgSbTe2)x(AgSbSe2)y,TAGSS[026],(GeTe)75(AgSbTe2)24.74(AgSbSe2)0.26,1,No,Se,0.26,Te,,Se (0.26) @ Te site,figure,,Visually estimated from Fig. 7b,325.0,59.99999999999999,uV/K
Preparation and characterization of nanostructured (GeTe)75(AgSbTe2)x(AgSbSe2)y thermoelectric materials.pdf,10.1016/j.synthmet.2020.116606,(GeTe)75(AgSbTe2)x(AgSbSe2)y,TAGSS[051],(GeTe)75(AgSbTe2)24.49(AgSbSe2)0.51,1,No,Se,0.51,Te,,Se (0.51) @ Te site,figure,,Visually estimated from Fig. 7b,325.0,75.0,uV/K
Preparation and characterization of nanostructured (GeTe)75(AgSbTe2)x(AgSbSe2)y thermoelectric materials.pdf,10.1016/j.synthmet.2020.116606,(GeTe)75(AgSbTe2)x(AgSbSe2)y,TAGSS[125],(GeTe)75(AgSbTe2)23.75(AgSbSe2)1.25,1,No,Se,1.25,Te,,Se (1.25) @ Te site,figure,,Visually estimated from Fig. 7b,325.0,84.99999999999999,uV/K
Preparation and characterization of nanostructured (GeTe)75(AgSbTe2)x(AgSbSe2)y thermoelectric materials.pdf,10.1016/j.synthmet.2020.116606,(GeTe)75(AgSbTe2)x(AgSbSe2)y,TAGSS[625],(GeTe)75(AgSbTe2)18.75(AgSbSe2)6.25,1,No,Se,6.25,Te,,Se (6.25) @ Te site,figure,,Visually estimated from Fig. 7b,325.0,80.0,uV/K
Preparation and transport properties of AgSbTe2 by high-pressure and high-temperature.pdf,10.1016/j.jallcom.2006.12.126,AgSbTe2,AgSbTe2 synthesized at 2.0 GPa,AgSbTe2,0,No,,,,,,figure,,Visually estimated from Fig. 4.,,145.0,uV/K
Preparation and transport properties of AgSbTe2 by high-pressure and high-temperature.pdf,10.1016/j.jallcom.2006.12.126,AgSbTe2,AgSbTe2 synthesized at 3.5 GPa,AgSbTe2,0,No,,,,,,figure,,Visually estimated from Fig. 4.,,114.99999999999999,uV/K
Preparation and transport properties of AgSbTe2 by high-pressure and high-temperature.pdf,10.1016/j.jallcom.2006.12.126,AgSbTe2,AgSbTe2 synthesized at 5.2 GPa,AgSbTe2,0,No,,,,,,figure,,Visually estimated from Fig. 4.,,94.99999999999999,uV/K
Rational design of entropy-driven AgSnSbTe3 with enhanced thermoelectric efficiency index for sustainable waste heat recovery.pdf,10.1039/d5se00534e,AgSnSbTe3,AgSnSbTe3,AgSnSbTe3,0,No,,,,,,body text,,,323.0,96.6,uV/K
Rational design of entropy-driven AgSnSbTe3 with enhanced thermoelectric efficiency index for sustainable waste heat recovery.pdf,10.1039/d5se00534e,AgSnSbTe3,AgSnSbTe3,AgSnSbTe3,0,No,,,,,,body text,,,593.5,155.3,uV/K
Rational design of entropy-driven AgSnSbTe3 with enhanced thermoelectric efficiency index for sustainable waste heat recovery.pdf,10.1039/d5se00534e,AgSnSbTe3,AgSnSbTe3,AgSnSbTe3,0,No,,,,,,body text,,,673.0,151.4,uV/K
Rational design of entropy-driven AgSnSbTe3 with enhanced thermoelectric efficiency index for sustainable waste heat recovery.pdf,10.1039/d5se00534e,AgSnSbTe3,AgSnSbTe3 (This work),AgSnSbTe3,0,No,,,,,,figure,,Visually estimated from Fig. 3b,300.0,98.0,uV/K
Rational design of entropy-driven AgSnSbTe3 with enhanced thermoelectric efficiency index for sustainable waste heat recovery.pdf,10.1039/d5se00534e,AgSnSbTe3,AgSnSbTe3 (This work),AgSnSbTe3,0,No,,,,,,figure,,Visually estimated from Fig. 3b,600.0,150.0,uV/K
Reduced cation disorder and rational design of Ag2Te formation via stepwise optimization strategy to achieve high thermoelectric performance in AgSbTe2.pdf,10.1016/j.jmst.2025.08.053,AgSbTe2,AgSbTe2,AgSbTe2,0,No,,,,,,body text,,,300.0,244.7,uV/K
Reduced cation disorder and rational design of Ag2Te formation via stepwise optimization strategy to achieve high thermoelectric performance in AgSbTe2.pdf,10.1016/j.jmst.2025.08.053,AgSbTe2,Ag0.97SbTe2,Ag0.97SbTe2,1,No,Ag vacancy,0.03,Ag,,Ag vacancy (0.03) @ Ag site,body text,,,300.0,229.6,uV/K
Reduced cation disorder and rational design of Ag2Te formation via stepwise optimization strategy to achieve high thermoelectric performance in AgSbTe2.pdf,10.1016/j.jmst.2025.08.053,AgSbTe2,(Ag0.97SbTe2)0.994(Sb2Te3)0.006,(Ag0.97SbTe2)0.994(Sb2Te3)0.006,2,Yes,Ag vacancy,0.03,Ag,Sb2Te3 (0.006) @ unclear,Ag vacancy (0.03) @ Ag site; Sb2Te3 (0.006) @ unclear site,body text,,,514.0,243.49999999999997,uV/K
Reduced cation disorder and rational design of Ag2Te formation via stepwise optimization strategy to achieve high thermoelectric performance in AgSbTe2.pdf,10.1016/j.jmst.2025.08.053,AgSbTe2,(Ag0.97SbTe2)0.994(Sb2Te3)0.006,(Ag0.97SbTe2)0.994(Sb2Te3)0.006,2,Yes,Ag vacancy,0.03,Ag,Sb2Te3 (0.006) @ unclear,Ag vacancy (0.03) @ Ag site; Sb2Te3 (0.006) @ unclear site,figure,Fig. 5c,Visually estimated from Fig. 5c,300.0,243.49999999999997,uV/K
Reinvestigation of the influence of Se impurity on the structural and thermoelectric properties of AgSbTe2.pdf,10.1063/1.4731525,AgSbTe2,AgSbTe2,AgSbTe2,0,No,,,,,,figure,Fig. 4b,Visually estimated from Fig. 4b,300.0,239.99999999999997,uV/K
Small - 2024 - Chen - Cation Modulation in AgSbTe2 Realizes Carrier Optimization  Defect Engineering  and a 7  Single‐Leg.pdf,10.1002/smll.202401723,AgSbTe2,Ag0.96Sb1.04Te2,Ag0.96Sb1.04Te2,0,No,,,,,,Table 1,,,303.0,238.2,uV/K
Small - 2024 - Chen - Cation Modulation in AgSbTe2 Realizes Carrier Optimization  Defect Engineering  and a 7  Single‐Leg.pdf,10.1002/smll.202401723,AgSbTe2,Ag1.00Sb1.00Te2,Ag1.00Sb1.00Te2,0,No,,,,,,Table 1,,,303.0,210.29999999999998,uV/K
Small - 2024 - Chen - Cation Modulation in AgSbTe2 Realizes Carrier Optimization  Defect Engineering  and a 7  Single‐Leg.pdf,10.1002/smll.202401723,AgSbTe2,Ag1.04Sb0.96Te2,Ag1.04Sb0.96Te2,0,No,,,,,,Table 1,,,303.0,193.09999999999997,uV/K
Small - 2024 - Chen - Cation Modulation in AgSbTe2 Realizes Carrier Optimization  Defect Engineering  and a 7  Single‐Leg.pdf,10.1002/smll.202401723,AgSbTe2,Ag1.02Ge0.02Sb0.96Te2,Ag1.02Ge0.02Sb0.96Te2,1,No,Ge,0.02,Ag,,Ge (0.02) @ Ag site,Table 1,,,303.0,179.9,uV/K
Small - 2025 - Iqbal - Realizing High Wide‐Temperature‐Range Thermoelectric Performance in Ga  I  and S co‐doped AgSbTe2.pdf,10.1002/smll.202506235,AgSbTe2,AgSbTe2 (pristine),AgSbTe2,0,No,,,,,,figure,Fig. 2C,Visually estimated from Fig. 2C,300.0,258.6,uV/K
Small - 2026 - Song - Decoupling Electron‐Phonon Transport in AgSbSe2 via Stepwise Cd‐Sb Substitution and Interstitial Se.pdf,10.1002/smll.202514707,AgSbSe2,AgSb0.96Cd0.04Se2.02,AgSb0.96Cd0.04Se2.02,2,Yes,Cd,0.04,Sb,Se (0.02) @ interstitial,Cd (0.04) @ Sb site; Se (0.02) @ interstitial site,body text,,,323.0,239.99999999999997,uV/K
Small - 2026 - Song - Decoupling Electron‐Phonon Transport in AgSbSe2 via Stepwise Cd‐Sb Substitution and Interstitial Se.pdf,10.1002/smll.202514707,AgSbSe2,AgSb0.96Cd0.04Se2.02,AgSb0.96Cd0.04Se2.02,2,Yes,Cd,0.04,Sb,Se (0.02) @ interstitial,Cd (0.04) @ Sb site; Se (0.02) @ interstitial site,body text,,,673.0,320.0,uV/K
"State of the art Ag50-xSbxSe50-yTey alloys Their high zT values, microstructures and related phase equilibria.pdf",10.1016/j.actamat.2015.04.011,AgSbTe2-family,25Te(S),Ag25Sb25Se25Te25,0,No,,,,,,Table 1,,,300.0,179.99999999999997,uV/K
"State of the art Ag50-xSbxSe50-yTey alloys Their high zT values, microstructures and related phase equilibria.pdf",10.1016/j.actamat.2015.04.011,AgSbTe2-family,30Te(S),Ag25Sb25Se20Te30,0,No,,,,,,Table 1,,,300.0,160.99999999999997,uV/K
"State of the art Ag50-xSbxSe50-yTey alloys Their high zT values, microstructures and related phase equilibria.pdf",10.1016/j.actamat.2015.04.011,AgSbTe2-family,35Te(S),Ag25Sb25Se15Te35,0,No,,,,,,Table 1,,,300.0,226.0,uV/K
"State of the art Ag50-xSbxSe50-yTey alloys Their high zT values, microstructures and related phase equilibria.pdf",10.1016/j.actamat.2015.04.011,AgSbTe2-family,40Te(S),Ag25Sb25Se10Te40,0,No,,,,,,Table 1,,,300.0,206.0,uV/K
"State of the art Ag50-xSbxSe50-yTey alloys Their high zT values, microstructures and related phase equilibria.pdf",10.1016/j.actamat.2015.04.011,AgSbTe2-family,45Te(S),Ag25Sb25Se5Te45,0,No,,,,,,Table 1,,,300.0,216.0,uV/K
"State of the art Ag50-xSbxSe50-yTey alloys Their high zT values, microstructures and related phase equilibria.pdf",10.1016/j.actamat.2015.04.011,AgSbTe2-family,25Te,Ag20Sb30Se25Te25,0,No,,,,,,Table 1,,,300.0,5.0,uV/K
"State of the art Ag50-xSbxSe50-yTey alloys Their high zT values, microstructures and related phase equilibria.pdf",10.1016/j.actamat.2015.04.011,AgSbTe2-family,30Te,Ag20Sb30Se20Te30,0,No,,,,,,Table 1,,,300.0,18.999999999999996,uV/K
"State of the art Ag50-xSbxSe50-yTey alloys Their high zT values, microstructures and related phase equilibria.pdf",10.1016/j.actamat.2015.04.011,AgSbTe2-family,35Te,Ag20Sb30Se15Te35,0,No,,,,,,Table 1,,,300.0,41.0,uV/K
"State of the art Ag50-xSbxSe50-yTey alloys Their high zT values, microstructures and related phase equilibria.pdf",10.1016/j.actamat.2015.04.011,AgSbTe2-family,40Te,Ag20Sb30Se10Te40,0,No,,,,,,Table 1,,,300.0,44.0,uV/K
"State of the art Ag50-xSbxSe50-yTey alloys Their high zT values, microstructures and related phase equilibria.pdf",10.1016/j.actamat.2015.04.011,AgSbTe2-family,45Te,Ag20Sb30Se5Te45,0,No,,,,,,Table 1,,,300.0,70.0,uV/K
"State of the art Ag50-xSbxSe50-yTey alloys Their high zT values, microstructures and related phase equilibria.pdf",10.1016/j.actamat.2015.04.011,AgSbTe2-family,25Te(S),Ag0.25SbTe2,1,No,Ag,0.25,Ag,,Ag (0.25) @ Ag site,figure,Fig. 4b,Visually estimated from Fig. 4b,300.0,179.99999999999997,uV/K
"State of the art Ag50-xSbxSe50-yTey alloys Their high zT values, microstructures and related phase equilibria.pdf",10.1016/j.actamat.2015.04.011,AgSbTe2-family,30Te(S),Ag0.30SbTe2,1,No,Ag,0.30,Ag,,Ag (0.30) @ Ag site,figure,Fig. 4b,Visually estimated from Fig. 4b,300.0,199.99999999999997,uV/K
"State of the art Ag50-xSbxSe50-yTey alloys Their high zT values, microstructures and related phase equilibria.pdf",10.1016/j.actamat.2015.04.011,AgSbTe2-family,35Te(S),Ag0.35SbTe2,1,No,Ag,0.35,Ag,,Ag (0.35) @ Ag site,figure,Fig. 4b,Visually estimated from Fig. 4b,300.0,219.99999999999997,uV/K
"State of the art Ag50-xSbxSe50-yTey alloys Their high zT values, microstructures and related phase equilibria.pdf",10.1016/j.actamat.2015.04.011,AgSbTe2-family,40Te(S),Ag0.40SbTe2,1,No,Ag,0.40,Ag,,Ag (0.40) @ Ag site,figure,Fig. 4b,Visually estimated from Fig. 4b,300.0,239.99999999999997,uV/K
"State of the art Ag50-xSbxSe50-yTey alloys Their high zT values, microstructures and related phase equilibria.pdf",10.1016/j.actamat.2015.04.011,AgSbTe2-family,45Te(S),Ag0.45SbTe2,1,No,Ag,0.45,Ag,,Ag (0.45) @ Ag site,figure,Fig. 4b,Visually estimated from Fig. 4b,300.0,250.0,uV/K
Strong anharmonicity induced low lattice thermal conductivity and high thermoelectric performance in system.pdf,10.1063/5.0095121,(Cu1-yInTe2)0.95(AgSbTe2)0.05,(CuInTe2)0.99(AgSbTe2)0.01,(CuInTe2)0.99(AgSbTe2)0.01,2,Yes,Ag,0.01,unclear,Sb (0.01) @ unclear,Ag (0.01) @ unclear site; Sb (0.01) @ unclear site,figure,,Visually estimated from Fig. 1(b),300.0,379.99999999999994,uV/K
Strong anharmonicity induced low lattice thermal conductivity and high thermoelectric performance in system.pdf,10.1063/5.0095121,(Cu1-yInTe2)0.95(AgSbTe2)0.05,(CuInTe2)0.97(AgSbTe2)0.03,(CuInTe2)0.97(AgSbTe2)0.03,2,Yes,Ag,0.03,unclear,Sb (0.03) @ unclear,Ag (0.03) @ unclear site; Sb (0.03) @ unclear site,figure,,Visually estimated from Fig. 1(b),300.0,320.0,uV/K
Strong anharmonicity induced low lattice thermal conductivity and high thermoelectric performance in system.pdf,10.1063/5.0095121,(Cu1-yInTe2)0.95(AgSbTe2)0.05,(CuInTe2)0.95(AgSbTe2)0.05,(CuInTe2)0.95(AgSbTe2)0.05,2,Yes,Ag,0.05,unclear,Sb (0.05) @ unclear,Ag (0.05) @ unclear site; Sb (0.05) @ unclear site,figure,,Visually estimated from Fig. 1(b),300.0,280.0,uV/K
Strong anharmonicity induced low lattice thermal conductivity and high thermoelectric performance in system.pdf,10.1063/5.0095121,(Cu1-yInTe2)0.95(AgSbTe2)0.05,(CuInTe2)0.93(AgSbTe2)0.07,(CuInTe2)0.93(AgSbTe2)0.07,2,Yes,Ag,0.07,unclear,Sb (0.07) @ unclear,Ag (0.07) @ unclear site; Sb (0.07) @ unclear site,figure,,Visually estimated from Fig. 1(b),300.0,239.99999999999997,uV/K
Strong anharmonicity induced low lattice thermal conductivity and high thermoelectric performance in system.pdf,10.1063/5.0095121,(Cu1-yInTe2)0.95(AgSbTe2)0.05,y=0,"(Cu1-yInTe2)0.95(AgSbTe2)0.05, y=0",1,No,AgSbTe2,0.05,unclear,,AgSbTe2 (0.05) @ unclear site,table,Table II,Room temperature value,,218.0,uV/K
Strong anharmonicity induced low lattice thermal conductivity and high thermoelectric performance in system.pdf,10.1063/5.0095121,(Cu1-yInTe2)0.95(AgSbTe2)0.05,y=0.01,"(Cu1-yInTe2)0.95(AgSbTe2)0.05, y=0.01",1,No,AgSbTe2,0.05,unclear,,AgSbTe2 (0.05) @ unclear site,table,Table II,Room temperature value,,262.0,uV/K
Strong anharmonicity induced low lattice thermal conductivity and high thermoelectric performance in system.pdf,10.1063/5.0095121,(Cu1-yInTe2)0.95(AgSbTe2)0.05,y=0.02,"(Cu1-yInTe2)0.95(AgSbTe2)0.05, y=0.02",1,No,AgSbTe2,0.05,unclear,,AgSbTe2 (0.05) @ unclear site,table,Table II,Room temperature value,,317.0,uV/K
Strong anharmonicity induced low lattice thermal conductivity and high thermoelectric performance in system.pdf,10.1063/5.0095121,(Cu1-yInTe2)0.95(AgSbTe2)0.05,y=0.03,"(Cu1-yInTe2)0.95(AgSbTe2)0.05, y=0.03",1,No,AgSbTe2,0.05,unclear,,AgSbTe2 (0.05) @ unclear site,table,Table II,Room temperature value,,297.0,uV/K
Strong anharmonicity induced low lattice thermal conductivity and high thermoelectric performance in system.pdf,10.1063/5.0095121,(Cu1-yInTe2)0.95(AgSbTe2)0.05,y=0.04,"(Cu1-yInTe2)0.95(AgSbTe2)0.05, y=0.04",1,No,AgSbTe2,0.05,unclear,,AgSbTe2 (0.05) @ unclear site,table,Table II,Room temperature value,,279.0,uV/K
Strong anharmonicity induced low lattice thermal conductivity and high thermoelectric performance in system.pdf,10.1063/5.0095121,(Cu1-yInTe2)0.95(AgSbTe2)0.05,y=0.05,"(Cu1-yInTe2)0.95(AgSbTe2)0.05, y=0.05",1,No,AgSbTe2,0.05,unclear,,AgSbTe2 (0.05) @ unclear site,table,Table II,Room temperature value,,236.0,uV/K
Strong anharmonicity induced low lattice thermal conductivity and high thermoelectric performance in system.pdf,10.1063/5.0095121,(Cu1-yInTe2)0.95(AgSbTe2)0.05,y=0.06,"(Cu1-yInTe2)0.95(AgSbTe2)0.05, y=0.06",1,No,AgSbTe2,0.05,unclear,,AgSbTe2 (0.05) @ unclear site,table,Table II,Room temperature value,,240.99999999999997,uV/K
Structural Characterization and Thermoelectric Properties of Br-Doped AgSnm[Sb0.8Bi0.2]Te2+m Systems.pdf,10.3390/ma16155213,AgSnm[Sb0.8Bi0.2]Te2+m,AgSn4[Sb0.8Bi0.2]Te6,AgSn4[Sb0.8Bi0.2]Te6,0,No,,,,,,Table 2,,,300.0,40.0,uV/K
Structural Characterization and Thermoelectric Properties of Br-Doped AgSnm[Sb0.8Bi0.2]Te2+m Systems.pdf,10.3390/ma16155213,AgSnm[Sb0.8Bi0.2]Te2+m,AgSn4[Sb0.8Bi0.2]Te5.97Br0.03,AgSn4[Sb0.8Bi0.2]Te5.97Br0.03,1,No,Br,0.03,Te,,Br (0.03) @ Te site,Table 2,,,300.0,56.99999999999999,uV/K
Structural Characterization and Thermoelectric Properties of Br-Doped AgSnm[Sb0.8Bi0.2]Te2+m Systems.pdf,10.3390/ma16155213,AgSnm[Sb0.8Bi0.2]Te2+m,AgSn2[Sb0.8Bi0.2]Te3.97Br0.03,AgSn2[Sb0.8Bi0.2]Te3.97Br0.03,1,No,Br,0.03,Te,,Br (0.03) @ Te site,Table 2,,,300.0,74.0,uV/K
Structural Characterization and Thermoelectric Properties of Br-Doped AgSnm[Sb0.8Bi0.2]Te2+m Systems.pdf,10.3390/ma16155213,AgSnm[Sb0.8Bi0.2]Te2+m,AgSn2[Sb0.8Bi0.2]Te4,AgSn2[Sb0.8Bi0.2]Te4,2,Yes,Sn,m=2,unclear,Bi (0.2) @ Sb,Sn (m=2) @ unclear site; Bi (0.2) @ Sb site,table,Table 2,,300.0,56.99999999999999,uV/K
"Structural, characterization and electrical properties of AgPbmSbTem+2 compounds synthesized through a solid-state microwave technique.pdf",10.1016/j.ijhydene.2015.12.205,AgSbTe2,AgSbTe2 (m=0),AgSbTe2,1,No,none,0,unclear,,none (0) @ unclear site,table,Table 4,,,-49.6,uV/K
"Structural, characterization and electrical properties of AgPbmSbTem+2 compounds synthesized through a solid-state microwave technique.pdf",10.1016/j.ijhydene.2015.12.205,AgSbTe2,AgPb2SbTe4 (m=2),AgPb2SbTe4,1,No,Pb,m=2,Ag,,Pb (m=2) @ Ag site,table,Table 4,,,-83.2,uV/K
"Structural, characterization and electrical properties of AgPbmSbTem+2 compounds synthesized through a solid-state microwave technique.pdf",10.1016/j.ijhydene.2015.12.205,AgSbTe2,AgPb4SbTe6 (m=4),AgPb4SbTe6,1,No,Pb,m=4,Ag,,Pb (m=4) @ Ag site,table,Table 4,,,-6.799999999999999,uV/K
"Structural, characterization and electrical properties of AgPbmSbTem+2 compounds synthesized through a solid-state microwave technique.pdf",10.1016/j.ijhydene.2015.12.205,AgSbTe2,AgPb6SbTe8 (m=6),AgPb6SbTe8,1,No,Pb,m=6,Ag,,Pb (m=6) @ Ag site,table,Table 4,,,-104.0,uV/K
"Structural, characterization and electrical properties of AgPbmSbTem+2 compounds synthesized through a solid-state microwave technique.pdf",10.1016/j.ijhydene.2015.12.205,AgSbTe2,AgPb8SbTe10 (m=8),AgPb8SbTe10,1,No,Pb,m=8,Ag,,Pb (m=8) @ Ag site,table,Table 4,,,-295.2,uV/K
"Structural, characterization and electrical properties of AgPbmSbTem+2 compounds synthesized through a solid-state microwave technique.pdf",10.1016/j.ijhydene.2015.12.205,AgSbTe2,AgPb10SbTe12 (m=10),AgPb10SbTe12,1,No,Pb,m=10,Ag,,Pb (m=10) @ Ag site,table,Table 4,,,-146.8,uV/K
Synergistic Effect of Mg–Se Co-Doping and Post-Annealing on the Thermoelectric Performance of Polycrystalline AgSbTe2.pdf,10.1021/acsaem.6c01258,AgSbTe2,AgSb0.95Mg0.05Te1.85Se0.15,AgSb0.95Mg0.05Te1.85Se0.15,2,Yes,Mg,5 at%,Sb,Se (15 at%) @ Te,Mg (5 at%) @ Sb site; Se (15 at%) @ Te site,body text,,,300.0,190.69999999999996,uV/K
Synergistic Effect of Mg–Se Co-Doping and Post-Annealing on the Thermoelectric Performance of Polycrystalline AgSbTe2.pdf,10.1021/acsaem.6c01258,AgSbTe2,AgSbTe2,AgSbTe2,0,No,,,,,,figure,Figure 2b,Visually estimated from Figure 2b,300.0,150.0,uV/K
Synergistic Effect of Mg–Se Co-Doping and Post-Annealing on the Thermoelectric Performance of Polycrystalline AgSbTe2.pdf,10.1021/acsaem.6c01258,AgSbTe2,AgSbTe1.85Se0.15,AgSbTe1.85Se0.15,1,No,Se,0.15,Te,,Se (0.15) @ Te site,figure,Figure 2b,Visually estimated from Figure 2b,300.0,199.99999999999997,uV/K
Synergistic Effect of Mg–Se Co-Doping and Post-Annealing on the Thermoelectric Performance of Polycrystalline AgSbTe2.pdf,10.1021/acsaem.6c01258,AgSbTe2,Ag0.96Mg0.04SbTe1.85Se0.15,Ag0.96Mg0.04SbTe1.85Se0.15,2,Yes,Mg,0.04,Ag,Se (0.15) @ Te,Mg (0.04) @ Ag site; Se (0.15) @ Te site,figure,Figure 2b,Visually estimated from Figure 2b,300.0,219.99999999999997,uV/K
Synergistic Effect of Mg–Se Co-Doping and Post-Annealing on the Thermoelectric Performance of Polycrystalline AgSbTe2.pdf,10.1021/acsaem.6c01258,AgSbTe2,Ag0.95Mg0.05SbTe1.85Se0.15,Ag0.95Mg0.05SbTe1.85Se0.15,2,Yes,Mg,0.05,Ag,Se (0.15) @ Te,Mg (0.05) @ Ag site; Se (0.15) @ Te site,figure,Figure 2b,Visually estimated from Figure 2b,300.0,189.99999999999997,uV/K
Synergistic Effect of Mg–Se Co-Doping and Post-Annealing on the Thermoelectric Performance of Polycrystalline AgSbTe2.pdf,10.1021/acsaem.6c01258,AgSbTe2,Ag0.94Mg0.06SbTe1.85Se0.15,Ag0.94Mg0.06SbTe1.85Se0.15,2,Yes,Mg,0.06,Ag,Se (0.15) @ Te,Mg (0.06) @ Ag site; Se (0.15) @ Te site,figure,Figure 2b,Visually estimated from Figure 2b,300.0,209.99999999999997,uV/K
Synergistic Effect of Mg–Se Co-Doping and Post-Annealing on the Thermoelectric Performance of Polycrystalline AgSbTe2.pdf,10.1021/acsaem.6c01258,AgSbTe2,AgSb0.95Mg0.05Te1.85Se0.15 (without annealing),AgSb0.95Mg0.05Te1.85Se0.15,2,Yes,Mg,0.05,Sb,Se (0.15) @ Te,Mg (0.05) @ Sb site; Se (0.15) @ Te site,figure,,Visually estimated from Fig 7b,300.0,199.99999999999997,uV/K
Synergistic Effect of Mg–Se Co-Doping and Post-Annealing on the Thermoelectric Performance of Polycrystalline AgSbTe2.pdf,10.1021/acsaem.6c01258,AgSbTe2,AgSb0.95Mg0.05Te1.85Se0.15 (without annealing),AgSb0.95Mg0.05Te1.85Se0.15,2,Yes,Mg,0.05,Sb,Se (0.15) @ Te,Mg (0.05) @ Sb site; Se (0.15) @ Te site,figure,,Visually estimated from Fig 7b,500.0,209.99999999999997,uV/K
Synergistic Effect of Mg–Se Co-Doping and Post-Annealing on the Thermoelectric Performance of Polycrystalline AgSbTe2.pdf,10.1021/acsaem.6c01258,AgSbTe2,AgSb0.95Mg0.05Te1.85Se0.15 (annealed),AgSb0.95Mg0.05Te1.85Se0.15,2,Yes,Mg,0.05,Sb,Se (0.15) @ Te,Mg (0.05) @ Sb site; Se (0.15) @ Te site,figure,,Visually estimated from Fig 7b,300.0,205.0,uV/K
Synergistic Effect of Mg–Se Co-Doping and Post-Annealing on the Thermoelectric Performance of Polycrystalline AgSbTe2.pdf,10.1021/acsaem.6c01258,AgSbTe2,AgSb0.95Mg0.05Te1.85Se0.15 (annealed),AgSb0.95Mg0.05Te1.85Se0.15,2,Yes,Mg,0.05,Sb,Se (0.15) @ Te,Mg (0.05) @ Sb site; Se (0.15) @ Te site,figure,,Visually estimated from Fig 7b,500.0,215.0,uV/K
Synergistic Optimization of Thermoelectric Performance in AgSbTe2 via Ag Vacancy and In Doping.pdf,10.1021/acsaem.6c00054,AgSbTe2,Ag0.97SbTe2,Ag0.97SbTe2,1,No,Ag vacancy,x = 0.03,Ag,,Ag vacancy (x = 0.03) @ Ag site,text,Section 3.2,,303.0,150.67999999999998,uV/K
Synergistic Optimization of Thermoelectric Performance in AgSbTe2 via Ag Vacancy and In Doping.pdf,10.1021/acsaem.6c00054,AgSbTe2,Ag0.97Sb0.96In0.04Te2,Ag0.97Sb0.96In0.04Te2,2,Yes,Ag vacancy,x = 0.03,Ag,In (y = 0.04) @ Sb,Ag vacancy (x = 0.03) @ Ag site; In (y = 0.04) @ Sb site,table,Table 1,,300.0,185.0,uV/K
"Synergistically optimizing charge and phonon transport properties in n-type PbTe via introducing ternary compound AgSb(Se, Te)2.pdf",10.1016/j.jallcom.2019.152463,PbTe,PbTe + 1% AgSbTe2,PbTe + 1% AgSbTe2,1,No,AgSbTe2,1%,unclear,,AgSbTe2 (1%) @ unclear site,figure,,Visually estimated from Fig. 8b,300.0,-99.99999999999999,uV/K
"Synergistically optimizing charge and phonon transport properties in n-type PbTe via introducing ternary compound AgSb(Se, Te)2.pdf",10.1016/j.jallcom.2019.152463,PbTe,PbTe + 2% AgSbTe2,PbTe + 2% AgSbTe2,1,No,AgSbTe2,2%,unclear,,AgSbTe2 (2%) @ unclear site,figure,,Visually estimated from Fig. 8b,300.0,-125.0,uV/K
"Synergistically optimizing charge and phonon transport properties in n-type PbTe via introducing ternary compound AgSb(Se, Te)2.pdf",10.1016/j.jallcom.2019.152463,PbTe,PbTe + 3% AgSbTe2,PbTe + 3% AgSbTe2,1,No,AgSbTe2,3%,unclear,,AgSbTe2 (3%) @ unclear site,figure,,Visually estimated from Fig. 8b,300.0,-150.0,uV/K
Synthesis and thermoelectric properties of Mn-doped AgSbTe2 compounds.pdf,10.1088/1674-1056/21/10/106101,Ag0.9Sb1-xMnxTe2.05,Ag0.9Sb1.1-xMnxTe2.05 (x=0.05),Ag0.9Sb1.05Mn0.05Te2.05,1,No,Mn,x=0.05,Sb,,Mn (x=0.05) @ Sb site,figure,Fig. 4b,Visually estimated from Fig. 4b,325.0,179.99999999999997,uV/K
Synthesis and thermoelectric properties of Mn-doped AgSbTe2 compounds.pdf,10.1088/1674-1056/21/10/106101,Ag0.9Sb1-xMnxTe2.05,Ag0.9Sb1.1-xMnxTe2.05 (x=0.05),Ag0.9Sb1.05Mn0.05Te2.05,1,No,Mn,x=0.05,Sb,,Mn (x=0.05) @ Sb site,figure,Fig. 4b,Visually estimated from Fig. 4b,475.0,239.99999999999997,uV/K
Synthesis and thermoelectric properties of Mn-doped AgSbTe2 compounds.pdf,10.1088/1674-1056/21/10/106101,Ag0.9Sb1-xMnxTe2.05,Ag0.9Sb1.1-xMnxTe2.05 (x=0.05),Ag0.9Sb1.05Mn0.05Te2.05,1,No,Mn,x=0.05,Sb,,Mn (x=0.05) @ Sb site,figure,Fig. 4b,Visually estimated from Fig. 4b,575.0,260.0,uV/K
Synthesis and thermoelectric properties of Mn-doped AgSbTe2 compounds.pdf,10.1088/1674-1056/21/10/106101,Ag0.9Sb1-xMnxTe2.05,Ag0.9Sb1.1-xMnxTe2.05 (x=0.10),Ag0.9Sb1.0Mn0.1Te2.05,1,No,Mn,x=0.10,Sb,,Mn (x=0.10) @ Sb site,figure,Fig. 4b,Visually estimated from Fig. 4b,325.0,179.99999999999997,uV/K
Synthesis and thermoelectric properties of Mn-doped AgSbTe2 compounds.pdf,10.1088/1674-1056/21/10/106101,Ag0.9Sb1-xMnxTe2.05,Ag0.9Sb1.1-xMnxTe2.05 (x=0.10),Ag0.9Sb1.0Mn0.1Te2.05,1,No,Mn,x=0.10,Sb,,Mn (x=0.10) @ Sb site,figure,Fig. 4b,Visually estimated from Fig. 4b,475.0,205.0,uV/K
Synthesis and thermoelectric properties of Mn-doped AgSbTe2 compounds.pdf,10.1088/1674-1056/21/10/106101,Ag0.9Sb1-xMnxTe2.05,Ag0.9Sb1.1-xMnxTe2.05 (x=0.10),Ag0.9Sb1.0Mn0.1Te2.05,1,No,Mn,x=0.10,Sb,,Mn (x=0.10) @ Sb site,figure,Fig. 4b,Visually estimated from Fig. 4b,575.0,215.0,uV/K
Synthesis and thermoelectric properties of Mn-doped AgSbTe2 compounds.pdf,10.1088/1674-1056/21/10/106101,Ag0.9Sb1-xMnxTe2.05,Ag0.9Sb1.1-xMnxTe2.05 (x=0.20),Ag0.9Sb0.9Mn0.2Te2.05,1,No,Mn,x=0.20,Sb,,Mn (x=0.20) @ Sb site,figure,Fig. 4b,Visually estimated from Fig. 4b,325.0,179.99999999999997,uV/K
Synthesis and thermoelectric properties of Mn-doped AgSbTe2 compounds.pdf,10.1088/1674-1056/21/10/106101,Ag0.9Sb1-xMnxTe2.05,Ag0.9Sb1.1-xMnxTe2.05 (x=0.20),Ag0.9Sb0.9Mn0.2Te2.05,1,No,Mn,x=0.20,Sb,,Mn (x=0.20) @ Sb site,figure,Fig. 4b,Visually estimated from Fig. 4b,475.0,225.0,uV/K
Synthesis and thermoelectric properties of Mn-doped AgSbTe2 compounds.pdf,10.1088/1674-1056/21/10/106101,Ag0.9Sb1-xMnxTe2.05,Ag0.9Sb1.1-xMnxTe2.05 (x=0.20),Ag0.9Sb0.9Mn0.2Te2.05,1,No,Mn,x=0.20,Sb,,Mn (x=0.20) @ Sb site,figure,Fig. 4b,Visually estimated from Fig. 4b,575.0,260.0,uV/K
"Thermodynamic, Structural and Thermoelectric Properties of AgSbTe2 Thick Films Developed by Melt Spinning.pdf",10.3390/nano8070474,AgSbTe2,SAT-5,AgSbTe2,0,No,,,,,,figure,,Visually estimated from Fig. 4b,300.0,280.0,uV/K
"Thermodynamic, Structural and Thermoelectric Properties of AgSbTe2 Thick Films Developed by Melt Spinning.pdf",10.3390/nano8070474,AgSbTe2,SAT-5,AgSbTe2,0,No,,,,,,figure,,Visually estimated from Fig. 4b,500.0,270.0,uV/K
"Thermodynamic, Structural and Thermoelectric Properties of AgSbTe2 Thick Films Developed by Melt Spinning.pdf",10.3390/nano8070474,AgSbTe2,SAT-10,AgSbTe2,0,No,,,,,,figure,,Visually estimated from Fig. 4b,300.0,239.99999999999997,uV/K
"Thermodynamic, Structural and Thermoelectric Properties of AgSbTe2 Thick Films Developed by Melt Spinning.pdf",10.3390/nano8070474,AgSbTe2,SAT-10,AgSbTe2,0,No,,,,,,figure,,Visually estimated from Fig. 4b,500.0,260.0,uV/K
"Thermodynamic, Structural and Thermoelectric Properties of AgSbTe2 Thick Films Developed by Melt Spinning.pdf",10.3390/nano8070474,AgSbTe2,SATS-10,AgSbTe2-xSex,1,No,Se,1%,Te,,Se (1%) @ Te site,figure,,Visually estimated from Fig. 4b,300.0,250.0,uV/K
"Thermodynamic, Structural and Thermoelectric Properties of AgSbTe2 Thick Films Developed by Melt Spinning.pdf",10.3390/nano8070474,AgSbTe2,SATS-10,AgSbTe2-xSex,1,No,Se,1%,Te,,Se (1%) @ Te site,figure,,Visually estimated from Fig. 4b,500.0,219.99999999999997,uV/K
Thermoelectric Properties of the Pseudobinary Alloy (Ag0.365Sb0.558Te)0.975(GeTe)0.025 Prepared by Spark Plasma Sintering.pdf,10.1007/s11664-010-1278-1,AgSbTe2,(Ag0.365Sb0.558Te)0.975(GeTe)0.025,(Ag0.365Sb0.558Te)0.975(GeTe)0.025,2,Yes,Ge,1.3 at.%,Sb,Ge (remaining Ge atoms) @ interstitial,Ge (1.3 at.%) @ Sb site; Ge (remaining Ge atoms) @ interstitial site,text,body text,,551.0,131.0,uV/K
Thermoelectric Properties of the Pseudobinary Alloy (Ag0.365Sb0.558Te)0.975(GeTe)0.025 Prepared by Spark Plasma Sintering.pdf,10.1007/s11664-010-1278-1,AgSbTe2,(Ag0.365Sb0.558Te)0.975(GeTe)0.025,(Ag0.365Sb0.558Te)0.975(GeTe)0.025,2,Yes,Ge,0.025,Sb,Ge (0.025) @ interstitial,Ge (0.025) @ Sb site; Ge (0.025) @ interstitial site,figure,,Visually estimated from Fig. 3,318.0,59.99999999999999,uV/K
Thermoelectric properties of (GeTe)1-x[(Ag2Te)0.4(Sb2Te3)0.6]x alloys.pdf,10.1007/s12598-,AgSbTe2-family (GeTe-Ag2Te-Sb2Te3 alloys),x = 0,(GeTe)1-x[(Ag2Te)0.4(Sb2Te3)0.6]x where x=0,0,No,,,,,,figure,Fig. 5b,,,5.0,uV/K
Thermoelectric properties of (GeTe)1-x[(Ag2Te)0.4(Sb2Te3)0.6]x alloys.pdf,10.1007/s12598-,AgSbTe2-family (GeTe-Ag2Te-Sb2Te3 alloys),x = 0.03,(GeTe)0.97[(Ag2Te)0.4(Sb2Te3)0.6]0.03,0,No,,,,,,figure,Fig. 5b,,,5.0,uV/K
Thermoelectric properties of AgSbTe2 from first-principles calculations.pdf,10.1063/1.4895062,AgSbTe2,pure AgSbTe2,AgSbTe2,0,No,,,,,,figure,Fig. 2,"Visually estimated from Fig. 2, Fd3m structure, Eg=0.008eV, carrier concentration 2.5x10^19 h/cm^3",200.0,99.99999999999999,uV/K
Thermoelectric properties of AgSbTe2 from first-principles calculations.pdf,10.1063/1.4895062,AgSbTe2,pure AgSbTe2,AgSbTe2,0,No,,,,,,figure,Fig. 2,"Visually estimated from Fig. 2, Fd3m structure, Eg=0.008eV, carrier concentration 2.5x10^19 h/cm^3",400.0,199.99999999999997,uV/K
Thermoelectric properties of AgSbTe2 from first-principles calculations.pdf,10.1063/1.4895062,AgSbTe2,pure AgSbTe2,AgSbTe2,0,No,,,,,,figure,Fig. 2,"Visually estimated from Fig. 2, Fd3m structure, Eg=0.008eV, carrier concentration 2.5x10^19 h/cm^3",600.0,250.0,uV/K
"Thermoelectric properties of p-type (AgSbTe2)x(Pb0.5Sn0.5Te)1 − x (x = 0.05, 0.09, 0.2).pdf",10.1016/j.jallcom.2005.08.033,AgSbTe2-PbTe-SnTe,x=0.05,(AgSbTe2)0.05(Pb0.5Sn0.5Te)0.95,2,Yes,Pb,0.95 * 0.5,unclear,Sn (0.95 * 0.5) @ unclear,Pb (0.95 * 0.5) @ unclear site; Sn (0.95 * 0.5) @ unclear site,figure,,Visually estimated from Fig 3B,300.0,80.0,uV/K
"Thermoelectric properties of p-type (AgSbTe2)x(Pb0.5Sn0.5Te)1 − x (x = 0.05, 0.09, 0.2).pdf",10.1016/j.jallcom.2005.08.033,AgSbTe2-PbTe-SnTe,x=0.09,(AgSbTe2)0.09(Pb0.5Sn0.5Te)0.91,2,Yes,Pb,0.91 * 0.5,unclear,Sn (0.91 * 0.5) @ unclear,Pb (0.91 * 0.5) @ unclear site; Sn (0.91 * 0.5) @ unclear site,figure,,Visually estimated from Fig 3B,300.0,99.99999999999999,uV/K
"Thermoelectric properties of p-type (AgSbTe2)x(Pb0.5Sn0.5Te)1 − x (x = 0.05, 0.09, 0.2).pdf",10.1016/j.jallcom.2005.08.033,AgSbTe2-PbTe-SnTe,x=0.2,(AgSbTe2)0.2(Pb0.5Sn0.5Te)0.8,2,Yes,Pb,0.8 * 0.5,unclear,Sn (0.8 * 0.5) @ unclear,Pb (0.8 * 0.5) @ unclear site; Sn (0.8 * 0.5) @ unclear site,figure,,Visually estimated from Fig 3B,300.0,119.99999999999999,uV/K
Transport properties of (AgSbТe2 )0.7 (PbTe)0.3 thermoelectric compound.pdf,10.1063/10.0014020,AgSbTe2,(AgSbTe2)0.7(PbTe)0.3,(AgSbTe2)0.7(PbTe)0.3,1,No,Pb,0.3,multiple sites,,Pb (0.3) @ multiple sites site,figure,,Visually estimated from Fig. 3,100.0,199.99999999999997,uV/K
Transport properties of (AgSbТe2 )0.7 (PbTe)0.3 thermoelectric compound.pdf,10.1063/10.0014020,AgSbTe2,(AgSbTe2)0.7(PbTe)0.3,(AgSbTe2)0.7(PbTe)0.3,1,No,Pb,0.3,multiple sites,,Pb (0.3) @ multiple sites site,figure,,Visually estimated from Fig. 3,200.0,250.0,uV/K
Transport properties of (AgSbТe2 )0.7 (PbTe)0.3 thermoelectric compound.pdf,10.1063/10.0014020,AgSbTe2,(AgSbTe2)0.7(PbTe)0.3,(AgSbTe2)0.7(PbTe)0.3,1,No,Pb,0.3,multiple sites,,Pb (0.3) @ multiple sites site,figure,,Visually estimated from Fig. 3,300.0,300.0,uV/K
Transport properties of (AgSbТe2 )0.7 (PbTe)0.3 thermoelectric compound.pdf,10.1063/10.0014020,AgSbTe2,(AgSbTe2)0.7(PbTe)0.3,(AgSbTe2)0.7(PbTe)0.3,1,No,Pb,0.3,multiple sites,,Pb (0.3) @ multiple sites site,figure,,Visually estimated from Fig. 3,400.0,399.99999999999994,uV/K
Transport properties of (AgSbТe2 )0.7 (PbTe)0.3 thermoelectric compound.pdf,10.1063/10.0014020,AgSbTe2,(AgSbTe2)0.7(PbTe)0.3,(AgSbTe2)0.7(PbTe)0.3,1,No,Pb,0.3,multiple sites,,Pb (0.3) @ multiple sites site,figure,,Visually estimated from Fig. 3,500.0,300.0,uV/K
Ultralow lattice thermal conductivity and enhanced thermoelectric performance enabled by CuInSe2 alloying in AgSbTe2.pdf,10.1016/j.jallcom.2026.188903,(AgSbTe2)1-x(CuInSe2)x,x=0,AgSbTe2,0,No,,,,,,figure,Fig. 4b,Visually estimated from Fig. 4b,300.0,239.99999999999997,uV/K
Ultralow lattice thermal conductivity and enhanced thermoelectric performance enabled by CuInSe2 alloying in AgSbTe2.pdf,10.1016/j.jallcom.2026.188903,(AgSbTe2)1-x(CuInSe2)x,x=0,AgSbTe2,0,No,,,,,,figure,Fig. 4b,Visually estimated from Fig. 4b,500.0,320.0,uV/K
Ultralow lattice thermal conductivity and enhanced thermoelectric performance enabled by CuInSe2 alloying in AgSbTe2.pdf,10.1016/j.jallcom.2026.188903,(AgSbTe2)1-x(CuInSe2)x,x=0,AgSbTe2,0,No,,,,,,figure,Fig. 4b,Visually estimated from Fig. 4b,600.0,260.0,uV/K
Ultralow lattice thermal conductivity and enhanced thermoelectric performance enabled by CuInSe2 alloying in AgSbTe2.pdf,10.1016/j.jallcom.2026.188903,(AgSbTe2)1-x(CuInSe2)x,x=0.01,(AgSbTe2)0.99(CuInSe2)0.01,3,Yes,Cu,0.01,unclear,In (0.01) @ unclear; Se (0.01) @ Te,Cu (0.01) @ unclear site; In (0.01) @ unclear site; Se (0.01) @ Te site,figure,Fig. 4b,Visually estimated from Fig. 4b,300.0,229.99999999999997,uV/K
Ultralow lattice thermal conductivity and enhanced thermoelectric performance enabled by CuInSe2 alloying in AgSbTe2.pdf,10.1016/j.jallcom.2026.188903,(AgSbTe2)1-x(CuInSe2)x,x=0.01,(AgSbTe2)0.99(CuInSe2)0.01,3,Yes,Cu,0.01,unclear,In (0.01) @ unclear; Se (0.01) @ Te,Cu (0.01) @ unclear site; In (0.01) @ unclear site; Se (0.01) @ Te site,figure,Fig. 4b,Visually estimated from Fig. 4b,500.0,260.0,uV/K
Ultralow lattice thermal conductivity and enhanced thermoelectric performance enabled by CuInSe2 alloying in AgSbTe2.pdf,10.1016/j.jallcom.2026.188903,(AgSbTe2)1-x(CuInSe2)x,x=0.01,(AgSbTe2)0.99(CuInSe2)0.01,3,Yes,Cu,0.01,unclear,In (0.01) @ unclear; Se (0.01) @ Te,Cu (0.01) @ unclear site; In (0.01) @ unclear site; Se (0.01) @ Te site,figure,Fig. 4b,Visually estimated from Fig. 4b,600.0,270.0,uV/K
Ultralow lattice thermal conductivity and enhanced thermoelectric performance enabled by CuInSe2 alloying in AgSbTe2.pdf,10.1016/j.jallcom.2026.188903,(AgSbTe2)1-x(CuInSe2)x,x=0.03,(AgSbTe2)0.97(CuInSe2)0.03,3,Yes,Cu,0.03,unclear,In (0.03) @ unclear; Se (0.03) @ Te,Cu (0.03) @ unclear site; In (0.03) @ unclear site; Se (0.03) @ Te site,figure,Fig. 4b,Visually estimated from Fig. 4b,300.0,229.99999999999997,uV/K
Ultralow lattice thermal conductivity and enhanced thermoelectric performance enabled by CuInSe2 alloying in AgSbTe2.pdf,10.1016/j.jallcom.2026.188903,(AgSbTe2)1-x(CuInSe2)x,x=0.03,(AgSbTe2)0.97(CuInSe2)0.03,3,Yes,Cu,0.03,unclear,In (0.03) @ unclear; Se (0.03) @ Te,Cu (0.03) @ unclear site; In (0.03) @ unclear site; Se (0.03) @ Te site,figure,Fig. 4b,Visually estimated from Fig. 4b,500.0,250.0,uV/K
Ultralow lattice thermal conductivity and enhanced thermoelectric performance enabled by CuInSe2 alloying in AgSbTe2.pdf,10.1016/j.jallcom.2026.188903,(AgSbTe2)1-x(CuInSe2)x,x=0.03,(AgSbTe2)0.97(CuInSe2)0.03,3,Yes,Cu,0.03,unclear,In (0.03) @ unclear; Se (0.03) @ Te,Cu (0.03) @ unclear site; In (0.03) @ unclear site; Se (0.03) @ Te site,figure,Fig. 4b,Visually estimated from Fig. 4b,600.0,260.0,uV/K
Ultralow lattice thermal conductivity and enhanced thermoelectric performance enabled by CuInSe2 alloying in AgSbTe2.pdf,10.1016/j.jallcom.2026.188903,(AgSbTe2)1-x(CuInSe2)x,x=0.05,(AgSbTe2)0.95(CuInSe2)0.05,3,Yes,Cu,0.05,unclear,In (0.05) @ unclear; Se (0.05) @ Te,Cu (0.05) @ unclear site; In (0.05) @ unclear site; Se (0.05) @ Te site,figure,Fig. 4b,Visually estimated from Fig. 4b,300.0,219.99999999999997,uV/K
Ultralow lattice thermal conductivity and enhanced thermoelectric performance enabled by CuInSe2 alloying in AgSbTe2.pdf,10.1016/j.jallcom.2026.188903,(AgSbTe2)1-x(CuInSe2)x,x=0.05,(AgSbTe2)0.95(CuInSe2)0.05,3,Yes,Cu,0.05,unclear,In (0.05) @ unclear; Se (0.05) @ Te,Cu (0.05) @ unclear site; In (0.05) @ unclear site; Se (0.05) @ Te site,figure,Fig. 4b,Visually estimated from Fig. 4b,500.0,239.99999999999997,uV/K
Ultralow lattice thermal conductivity and enhanced thermoelectric performance enabled by CuInSe2 alloying in AgSbTe2.pdf,10.1016/j.jallcom.2026.188903,(AgSbTe2)1-x(CuInSe2)x,x=0.05,(AgSbTe2)0.95(CuInSe2)0.05,3,Yes,Cu,0.05,unclear,In (0.05) @ unclear; Se (0.05) @ Te,Cu (0.05) @ unclear site; In (0.05) @ unclear site; Se (0.05) @ Te site,figure,Fig. 4b,Visually estimated from Fig. 4b,600.0,250.0,uV/K
Wang_2025_Phys._Scr._100_125919.pdf,10.1088/1402-4896/ae26ec,AgSbTe2,Ag16Sb16Te32,Ag16Sb16Te32,0,No,,,,,,text,Section 3.3.3,,450.0,444.0,uV/K
Wang_2025_Phys._Scr._100_125919.pdf,10.1088/1402-4896/ae26ec,AgSbTe2,Ag16Sb15V1Te32,Ag16Sb15V1Te32,1,No,V,1,Sb,,V (1) @ Sb site,text,Section 3.3.3,,700.0,425.0,uV/K
Wang_2025_Phys._Scr._100_125919.pdf,10.1088/1402-4896/ae26ec,AgSbTe2,Ag16Sb15Cr1Te32,Ag16Sb15Cr1Te32,1,No,Cr,1,Sb,,Cr (1) @ Sb site,text,Section 3.3.3,,400.0,637.0,uV/K
Wang_2025_Phys._Scr._100_125919.pdf,10.1088/1402-4896/ae26ec,AgSbTe2,Ag16Sb14V1Cr1Te32,Ag16Sb14V1Cr1Te32,2,Yes,V,1,Sb,Cr (1) @ Sb,V (1) @ Sb site; Cr (1) @ Sb site,text,Section 3.3.3,,300.0,615.0,uV/K
ae5c01632.pdf,10.1021/acsaem.5c01632,AgSbTe2,AgSbTe2,AgSbTe2,0,No,,,,,,text,body text,,300.0,199.99999999999997,uV/K
ae5c01632.pdf,10.1021/acsaem.5c01632,AgSbTe2,AgSbTe2,AgSbTe2,0,No,,,,,,text,body text,,530.0,229.99999999999997,uV/K
ae5c01632.pdf,10.1021/acsaem.5c01632,AgSbTe2,AgSbTe2,AgSbTe2,0,No,,,,,,figure,Fig. 2c,Visually estimated from Fig. 2c,300.0,219.99999999999997,uV/K
ae5c01632.pdf,10.1021/acsaem.5c01632,AgSbTe2,AgSbTe1.95Se0.05,AgSbTe1.95Se0.05,1,No,Se,x=0.05,Te,,Se (x=0.05) @ Te site,figure,Fig. 2c,Visually estimated from Fig. 2c,300.0,229.99999999999997,uV/K
ae5c01632.pdf,10.1021/acsaem.5c01632,AgSbTe2,AgSbTe1.9Se0.1,AgSbTe1.9Se0.1,1,No,Se,x=0.1,Te,,Se (x=0.1) @ Te site,figure,Fig. 2c,Visually estimated from Fig. 2c,300.0,239.99999999999997,uV/K
ae5c01674.pdf,10.1021/acsaem.5c01674,AgSbTe2,pristine AgSbTe2,AgSbTe2,0,No,,,,,,body text,,,325.0,224.41999999999996,uV/K
ae5c01674.pdf,10.1021/acsaem.5c01674,AgSbTe2,pristine AgSbTe2,AgSbTe2,0,No,,,,,,body text,,,525.0,229.18,uV/K
ae5c01674.pdf,10.1021/acsaem.5c01674,AgSbTe2,AgSbTe2/20 wt % HNO3-treated PEDOT:PSS,AgSbTe2/20 wt % PEDOT:PSS,0,No,,,,,,body text,,,325.0,241.17999999999998,uV/K
ae5c01674.pdf,10.1021/acsaem.5c01674,AgSbTe2,AgSbTe2/20 wt % HNO3-treated PEDOT:PSS,AgSbTe2/20 wt % PEDOT:PSS,0,No,,,,,,body text,,,525.0,237.99999999999997,uV/K
ae5c01674.pdf,10.1021/acsaem.5c01674,AgSbTe2,AgSbTe2/40 wt % HNO3-treated PEDOT:PSS,AgSbTe2/40 wt % PEDOT:PSS,0,No,,,,,,body text,,,325.0,252.05999999999997,uV/K
ae5c01674.pdf,10.1021/acsaem.5c01674,AgSbTe2,AgSbTe2/40 wt % HNO3-treated PEDOT:PSS,AgSbTe2/40 wt % PEDOT:PSS,0,No,,,,,,body text,,,525.0,224.25,uV/K
ae5c01674.pdf,10.1021/acsaem.5c01674,AgSbTe2,AgSbTe2/60 wt % HNO3-treated PEDOT:PSS,AgSbTe2/60 wt % PEDOT:PSS,0,No,,,,,,body text,,,325.0,238.56,uV/K
ae5c01674.pdf,10.1021/acsaem.5c01674,AgSbTe2,AgSbTe2/60 wt % HNO3-treated PEDOT:PSS,AgSbTe2/60 wt % PEDOT:PSS,0,No,,,,,,body text,,,525.0,224.0,uV/K
ae5c01674.pdf,10.1021/acsaem.5c01674,AgSbTe2,AgSbTe2/20 wt % HNO3-treated PEDOT:PSS,AgSbTe2/20 wt % HNO3-treated PEDOT:PSS,1,No,PEDOT:PSS,20 wt %,unclear,,PEDOT:PSS (20 wt %) @ unclear site,body text,,,525.0,238.9,uV/K
ae5c01674.pdf,10.1021/acsaem.5c01674,AgSbTe2,pristine AgSbTe2,AgSbTe2,0,No,,,,,,table,Table 2,,325.0,224.4,uV/K
ae5c01674.pdf,10.1021/acsaem.5c01674,AgSbTe2,pristine AgSbTe2,AgSbTe2,0,No,,,,,,figure,Fig. 8c,Visually estimated from figure,325.0,224.0,uV/K
ae5c01674.pdf,10.1021/acsaem.5c01674,AgSbTe2,AgSbTe2/20 wt % HNO3-treated PEDOT:PSS,AgSbTe2/20 wt % HNO3-treated PEDOT:PSS,1,No,PEDOT:PSS,20 wt %,unclear,,PEDOT:PSS (20 wt %) @ unclear site,table,Table 2,,325.0,241.2,uV/K
ae5c01674.pdf,10.1021/acsaem.5c01674,AgSbTe2,AgSbTe2/40 wt % HNO3-treated PEDOT:PSS,AgSbTe2/40 wt % HNO3-treated PEDOT:PSS,1,No,PEDOT:PSS,40 wt %,unclear,,PEDOT:PSS (40 wt %) @ unclear site,table,Table 2,,325.0,252.1,uV/K
ae5c01674.pdf,10.1021/acsaem.5c01674,AgSbTe2,AgSbTe2/60 wt % HNO3-treated PEDOT:PSS,AgSbTe2/60 wt % HNO3-treated PEDOT:PSS,1,No,PEDOT:PSS,60 wt %,unclear,,PEDOT:PSS (60 wt %) @ unclear site,table,Table 2,,325.0,235.6,uV/K
am1c21252.pdf,10.1021/acsami.1c21252,AgSbTe2,SC41,(Ag2Te)0.41(Sb2Te3)0.59,1,No,cation vacancy,nonstoichiometric,Ag,,cation vacancy (nonstoichiometric) @ Ag site,Table 2,,,,243.09999999999997,uV/K
am1c21252.pdf,10.1021/acsami.1c21252,AgSbTe2,SC42,(Ag2Te)0.42(Sb2Te3)0.58,1,No,cation vacancy,nonstoichiometric,Ag,,cation vacancy (nonstoichiometric) @ Ag site,Table 2,,,,260.5,uV/K
am1c21252.pdf,10.1021/acsami.1c21252,AgSbTe2,SC43,(Ag2Te)0.43(Sb2Te3)0.57,1,No,cation vacancy,nonstoichiometric,Ag,,cation vacancy (nonstoichiometric) @ Ag site,Table 2,,,,263.8,uV/K
am1c21252.pdf,10.1021/acsami.1c21252,AgSbTe2,Q-SPS41,(Ag2Te)0.41(Sb2Te3)0.59,1,No,cation vacancy,nonstoichiometric,Ag,,cation vacancy (nonstoichiometric) @ Ag site,Table 2,,,,299.1,uV/K
am1c21252.pdf,10.1021/acsami.1c21252,AgSbTe2,Q-SPS42,(Ag2Te)0.42(Sb2Te3)0.58,1,No,cation vacancy,nonstoichiometric,Ag,,cation vacancy (nonstoichiometric) @ Ag site,Table 2,,,,315.9,uV/K
am1c21252.pdf,10.1021/acsami.1c21252,AgSbTe2,Q-SPS43,(Ag2Te)0.43(Sb2Te3)0.57,1,No,cation vacancy,nonstoichiometric,Ag,,cation vacancy (nonstoichiometric) @ Ag site,Table 2,,,,313.8,uV/K
am2c22930.pdf,10.1021/acsami.2c22930,AgSbTe2,AgSbTe2,AgSbTe2,0,No,,,,,,body text,,,300.0,242.0,uV/K
am2c22930.pdf,10.1021/acsami.2c22930,AgSbTe2,AgSbTe2,AgSbTe2,0,No,,,,,,body text,,,425.0,352.0,uV/K
am2c22930.pdf,10.1021/acsami.2c22930,AgSbTe2,AgSb0.98Mg0.02Te2,AgSb0.98Mg0.02Te2,1,No,Mg,0.02,Sb,,Mg (0.02) @ Sb site,body text,,,300.0,260.0,uV/K
am2c22930.pdf,10.1021/acsami.2c22930,AgSbTe2,AgSb0.98Mg0.02Te2,AgSb0.98Mg0.02Te2,1,No,Mg,0.02,Sb,,Mg (0.02) @ Sb site,body text,,,573.0,186.0,uV/K
am2c22930.pdf,10.1021/acsami.2c22930,AgSbTe2,AgSbTe2,AgSbTe2,0,No,,,,,,body text,,,,242.0,uV/K
am2c22930.pdf,10.1021/acsami.2c22930,AgSbTe2,AgSb0.98Mg0.02Te2,AgSb0.98Mg0.02Te2,1,No,Mg,0.02,Sb,,Mg (0.02) @ Sb site,body text,,,,260.0,uV/K
am4c05454.pdf,10.1021/acsami.4c05454,AgSbTe2,AgSb1-xCuxTe2 (x=0),AgSbTe2,1,No,none,0,unclear,,none (0) @ unclear site,figure,,Visually estimated from Fig. 5c,323.0,199.99999999999997,uV/K
am4c05454.pdf,10.1021/acsami.4c05454,AgSbTe2,AgSb1-xCuxTe2 (x=0),AgSbTe2,1,No,none,0,unclear,,none (0) @ unclear site,figure,,Visually estimated from Fig. 5c,423.0,379.99999999999994,uV/K
am4c05454.pdf,10.1021/acsami.4c05454,AgSbTe2,AgSb1-xCuxTe2 (x=0),AgSbTe2,1,No,none,0,unclear,,none (0) @ unclear site,figure,,Visually estimated from Fig. 5c,573.0,280.0,uV/K
am4c05454.pdf,10.1021/acsami.4c05454,AgSbTe2,AgSb1-xCuxTe2 (x=0.04),Ag0.96Cu0.04Te2,1,No,Cu,0.04,Ag,,Cu (0.04) @ Ag site,figure,,Visually estimated from Fig. 5c,323.0,239.99999999999997,uV/K
am4c05454.pdf,10.1021/acsami.4c05454,AgSbTe2,AgSb1-xCuxTe2 (x=0.04),Ag0.96Cu0.04Te2,1,No,Cu,0.04,Ag,,Cu (0.04) @ Ag site,figure,,Visually estimated from Fig. 5c,423.0,239.99999999999997,uV/K
am4c05454.pdf,10.1021/acsami.4c05454,AgSbTe2,AgSb1-xCuxTe2 (x=0.04),Ag0.96Cu0.04Te2,1,No,Cu,0.04,Ag,,Cu (0.04) @ Ag site,figure,,Visually estimated from Fig. 5c,573.0,219.99999999999997,uV/K
am4c06836.pdf,10.1021/acsami.4c06836,AgSbTe2,"x=0, y=0",AgSbTe2,0,No,,,,,,figure,Fig. 5b,Visually estimated from Fig. 5b,300.0,99.99999999999999,uV/K
am4c06836.pdf,10.1021/acsami.4c06836,AgSbTe2,"x=0.15, y=0.15",Ag0.85Sn0.15Sb0.85Ge0.15Te2,2,Yes,Sn,0.15,Ag,Ge (0.15) @ Sb,Sn (0.15) @ Ag site; Ge (0.15) @ Sb site,figure,Fig. 5b,Visually estimated from Fig. 5b,750.0,150.0,uV/K
am7b00689.pdf,10.1021/acsami.7b00689,Ag16.7Sb30Te53.3,AQ,Ag16.7Sb30Te53.3,0,No,,,,,,text,Section 3.1,,,260.0,uV/K
am7b00689.pdf,10.1021/acsami.7b00689,Ag16.7Sb30Te53.3,380 °C/8 h,Ag16.7Sb30Te53.3,0,No,,,,,,text,Section 3.1,,,150.0,uV/K
am7b00689.pdf,10.1021/acsami.7b00689,Ag16.7Sb30Te53.3,380 °C/192 h,Ag16.7Sb30Te53.3,0,No,,,,,,text,Section 3.1,,,150.0,uV/K
am7b00689.pdf,10.1021/acsami.7b00689,Ag16.7Sb30Te53.3,AQ,Ag16.7Sb30Te53.3,0,No,,,,,,figure,Figure 1c,Visually estimated from Figure 1c,298.15,260.0,uV/K
am7b00689.pdf,10.1021/acsami.7b00689,Ag16.7Sb30Te53.3,380 C/8 h,Ag16.7Sb30Te53.3,0,No,,,,,,figure,Figure 1c,Visually estimated from Figure 1c,298.15,150.0,uV/K
am7b00689.pdf,10.1021/acsami.7b00689,Ag16.7Sb30Te53.3,380 C/192 h,Ag16.7Sb30Te53.3,0,No,,,,,,figure,Figure 1c,Visually estimated from Figure 1c,298.15,150.0,uV/K
applsci-08-00052-v2.pdf,10.3390/app8010052,Ag1-xSb1+xTe2+x,x=0.19,Ag0.81Sb1.19Te2.19,0,No,,,,,,body text,Section 3.4,,,250.0,uV/K
applsci-08-00052-v2.pdf,10.3390/app8010052,Ag1-xSb1+xTe2+x,"x=0.4, slowly cooled",Ag0.6Sb1.4Te2.4,1,No,Sb,x=0.4,Ag,,Sb (x=0.4) @ Ag site,figure,Fig. 5b,Visually estimated from Fig. 5b,300.0,49.99999999999999,uV/K
applsci-08-00052-v2.pdf,10.3390/app8010052,Ag1-xSb1+xTe2+x,"x=0.1, slowly cooled",Ag0.9Sb1.1Te2.1,1,No,Sb,x=0.1,Ag,,Sb (x=0.1) @ Ag site,figure,Fig. 5b,Visually estimated from Fig. 5b,300.0,250.0,uV/K
applsci-08-00052-v2.pdf,10.3390/app8010052,Ag1-xSb1+xTe2+x,"Ag1-xSb1+xTe2+x, x=0.19 (quenched)",Ag0.81Sb1.19Te2.19,0,No,,,,,,figure,Figure 10a,Visually estimated from Figure 10a,300.0,219.99999999999997,uV/K
applsci-08-00052-v2.pdf,10.3390/app8010052,Ag1-xSb1+xTe2+x,"Ag1-xSb1+xTe2+x, x=0.19 (quenched)",Ag0.81Sb1.19Te2.19,0,No,,,,,,figure,Figure 10a,Visually estimated from Figure 10a,450.0,280.0,uV/K
c0jm00138d.pdf,10.1039/c0jm00138d,AgSbTe2,"(Ag2Te)x(Sb2Te3)100-x, x=44",(Ag2Te)44(Sb2Te3)56,0,No,,,,,,figure,Fig. 7b,Visually estimated from Fig. 7b,300.0,199.99999999999997,uV/K
c0jm00138d.pdf,10.1039/c0jm00138d,AgSbTe2,"(Ag2Te)x(Sb2Te3)100-x, x=50",(Ag2Te)50(Sb2Te3)50,0,No,,,,,,figure,Fig. 7b,Visually estimated from Fig. 7b,300.0,229.99999999999997,uV/K
cm101503y.pdf,10.1021/cm101503y,AgSbTe2,x=0,AgSbTe2,0,No,,,,,,figure,Fig. 5b,Visually estimated from Fig. 5b,300.0,250.0,uV/K
cm101503y.pdf,10.1021/cm101503y,AgSbTe2,x=0,AgSbTe2,0,No,,,,,,figure,Fig. 5b,Visually estimated from Fig. 5b,500.0,300.0,uV/K
cm101503y.pdf,10.1021/cm101503y,AgSbTe2,x=0,AgSbTe2,0,No,,,,,,figure,Fig. 5b,Visually estimated from Fig. 5b,700.0,239.99999999999997,uV/K
cm101503y.pdf,10.1021/cm101503y,AgSbTe2,x=0.02,AgSbSe0.02Te1.98,1,No,Se,x=0.02,Te,,Se (x=0.02) @ Te site,figure,Fig. 5b,Visually estimated from Fig. 5b,300.0,260.0,uV/K
cm101503y.pdf,10.1021/cm101503y,AgSbTe2,x=0.02,AgSbSe0.02Te1.98,1,No,Se,x=0.02,Te,,Se (x=0.02) @ Te site,figure,Fig. 5b,Visually estimated from Fig. 5b,500.0,229.99999999999997,uV/K
cm101503y.pdf,10.1021/cm101503y,AgSbTe2,x=0.02,AgSbSe0.02Te1.98,1,No,Se,x=0.02,Te,,Se (x=0.02) @ Te site,figure,Fig. 5b,Visually estimated from Fig. 5b,700.0,235.0,uV/K
cm5c01646.pdf,10.1021/acs.chemmater.5c01646,AgSbTe2,AST,AgSbTe2,0,No,,,,,,Table 1,,,300.0,267.0,uV/K
cm5c01646.pdf,10.1021/acs.chemmater.5c01646,AgSbTe2,AST + 0.02,AgSbTe2 + 0.02 wt % B,1,No,B,0.02 wt %,unclear,,B (0.02 wt %) @ unclear site,Table 1,,,300.0,237.99999999999997,uV/K
cm5c01646.pdf,10.1021/acs.chemmater.5c01646,AgSbTe2,AST + 0.025,AgSbTe2 + 0.025 wt % B,1,No,B,0.025 wt %,unclear,,B (0.025 wt %) @ unclear site,Table 1,,,300.0,248.0,uV/K
cm5c01646.pdf,10.1021/acs.chemmater.5c01646,AgSbTe2,AST + 0.03,AgSbTe2 + 0.03 wt % B,1,No,B,0.03 wt %,unclear,,B (0.03 wt %) @ unclear site,Table 1,,,300.0,245.0,uV/K
cm5c01646.pdf,10.1021/acs.chemmater.5c01646,AgSbTe2,NS-AST + 0.025,Ag0.91Sb1.09Te2.09 + 0.025 wt % B,1,No,B,0.025 wt %,unclear,,B (0.025 wt %) @ unclear site,Table 1,,,300.0,272.99999999999994,uV/K
d3ee01033c.pdf,10.1039/d3ee01033c,AgSbTe2,AgSbTe2,AgSbTe2,1,No,Ag vacancy,0,Ag,,Ag vacancy (0) @ Ag site,figure,Fig. 2b,Visually estimated from Fig. 2b,0.0,24.999999999999996,uV/K
d3ee01033c.pdf,10.1039/d3ee01033c,AgSbTe2,AgSbTe2,AgSbTe2,1,No,Ag vacancy,0,Ag,,Ag vacancy (0) @ Ag site,figure,Fig. 2b,Visually estimated from Fig. 2b,300.0,225.0,uV/K
d3ee01033c.pdf,10.1039/d3ee01033c,AgSbTe2,Ag0.98SbTe2,Ag0.98SbTe2,1,No,Ag vacancy,0.02,Ag,,Ag vacancy (0.02) @ Ag site,figure,Fig. 2b,Visually estimated from Fig. 2b,0.0,24.999999999999996,uV/K
d3ee01033c.pdf,10.1039/d3ee01033c,AgSbTe2,Ag0.98SbTe2,Ag0.98SbTe2,1,No,Ag vacancy,0.02,Ag,,Ag vacancy (0.02) @ Ag site,figure,Fig. 2b,Visually estimated from Fig. 2b,300.0,175.0,uV/K
d3ee01033c.pdf,10.1039/d3ee01033c,AgSbTe2,AgSbTe2,AgSbTe2,0,No,,,,,,figure,Fig. 4c,Visually estimated from Fig. 4c,300.0,274.99999999999994,uV/K
d3ee01033c.pdf,10.1039/d3ee01033c,AgSbTe2,Ag0.99SbTe2,Ag0.99SbTe2,1,No,Ag vacancy,0.01,Ag,,Ag vacancy (0.01) @ Ag site,figure,Fig. 4c,Visually estimated from Fig. 4c,300.0,250.0,uV/K
d3ee01033c.pdf,10.1039/d3ee01033c,AgSbTe2,Ag0.98SbTe2,Ag0.98SbTe2,1,No,Ag vacancy,0.02,Ag,,Ag vacancy (0.02) @ Ag site,figure,Fig. 4c,Visually estimated from Fig. 4c,300.0,235.0,uV/K
d3ee01033c.pdf,10.1039/d3ee01033c,AgSbTe2,Ag0.97SbTe2,Ag0.97SbTe2,1,No,Ag vacancy,0.03,Ag,,Ag vacancy (0.03) @ Ag site,figure,Fig. 4c,Visually estimated from Fig. 4c,300.0,209.99999999999997,uV/K
d3nr04584f.pdf,10.1039/d3nr04584f,AgSbTe2,Ag0.91Sb1.09Te2.09,Ag0.91Sb1.09Te2.09,3,Yes,Ag,0.91,Ag,Sb (1.09) @ Sb; Te (2.09) @ Te,Ag (0.91) @ Ag site; Sb (1.09) @ Sb site; Te (2.09) @ Te site,figure,Fig. 3a,Visually estimated from Fig. 3a,500.0,300.0,uV/K
d3nr04584f.pdf,10.1039/d3nr04584f,AgSbTe2,AgSbTe2,AgSbTe2,0,No,,,,,,figure,Fig. 3a,Visually estimated from Fig. 3a,500.0,250.0,uV/K
d4ce00915k.pdf,10.1039/d4ce00915k,AgSbTe2,Ag2Se/AgSbSe2 nanocomposite,(Ag2Se)0.98(2AgSbSe2)0.02,1,No,AgSbSe2,2 mol%,interstitial,,AgSbSe2 (2 mol%) @ interstitial site,text,Table 2,,375.0,-150.0,uV/K
d4ce00915k.pdf,10.1039/d4ce00915k,AgSbTe2,(Ag2Se)0.98(2AgSbSe2)0.02,(Ag2Se)0.98(2AgSbSe2)0.02,1,No,Sb,0.02,unclear,,Sb (0.02) @ unclear site,table,Table 2,,,-150.0,uV/K
d4cp01171f.pdf,10.1039/d4cp01171f,AgSbTe2,Ag0.927Sb1.07Te2.005,Ag0.927Sb1.07Te2.005,2,Yes,Ag,0.927,Ag,Sb (1.07) @ Sb,Ag (0.927) @ Ag site; Sb (1.07) @ Sb site,body text,,,300.0,250.99999999999997,uV/K
d4cp01171f.pdf,10.1039/d4cp01171f,AgSbTe2,Ag0.927Sb1.07Te2.005,Ag0.927Sb1.07Te2.005,2,Yes,Ag,0.927,Ag,Sb (1.07) @ Sb,Ag (0.927) @ Ag site; Sb (1.07) @ Sb site,figure,Fig. 5c,Visually estimated from Fig. 5c,0.0,0.0,uV/K
d4cp01171f.pdf,10.1039/d4cp01171f,AgSbTe2,Ag0.927Sb1.07Te2.005,Ag0.927Sb1.07Te2.005,2,Yes,Ag,0.927,Ag,Sb (1.07) @ Sb,Ag (0.927) @ Ag site; Sb (1.07) @ Sb site,figure,Fig. 5c,Visually estimated from Fig. 5c,50.0,49.99999999999999,uV/K
d4cp01171f.pdf,10.1039/d4cp01171f,AgSbTe2,Ag0.927Sb1.07Te2.005,Ag0.927Sb1.07Te2.005,2,Yes,Ag,0.927,Ag,Sb (1.07) @ Sb,Ag (0.927) @ Ag site; Sb (1.07) @ Sb site,figure,Fig. 5c,Visually estimated from Fig. 5c,100.0,99.99999999999999,uV/K
d4cp01171f.pdf,10.1039/d4cp01171f,AgSbTe2,Ag0.927Sb1.07Te2.005,Ag0.927Sb1.07Te2.005,2,Yes,Ag,0.927,Ag,Sb (1.07) @ Sb,Ag (0.927) @ Ag site; Sb (1.07) @ Sb site,figure,Fig. 5c,Visually estimated from Fig. 5c,150.0,150.0,uV/K
d4cp01171f.pdf,10.1039/d4cp01171f,AgSbTe2,Ag0.927Sb1.07Te2.005,Ag0.927Sb1.07Te2.005,2,Yes,Ag,0.927,Ag,Sb (1.07) @ Sb,Ag (0.927) @ Ag site; Sb (1.07) @ Sb site,figure,Fig. 5c,Visually estimated from Fig. 5c,200.0,199.99999999999997,uV/K
d4cp01171f.pdf,10.1039/d4cp01171f,AgSbTe2,Ag0.927Sb1.07Te2.005,Ag0.927Sb1.07Te2.005,2,Yes,Ag,0.927,Ag,Sb (1.07) @ Sb,Ag (0.927) @ Ag site; Sb (1.07) @ Sb site,figure,Fig. 5c,Visually estimated from Fig. 5c,300.0,250.0,uV/K
d5dt01185j.pdf,10.1039/d5dt01185j,Ba2.75Pb1.1Sb4.1Se10-deltaTe_delta,Ba2.75Pb1.1Sb4.1Se8Te2,Ba2.75Pb1.1Sb4.1Se8Te2,1,No,Te,δ = 2,Te,,Te (δ = 2) @ Te site,body text,,,300.0,69.6,uV/K
d5dt01185j.pdf,10.1039/d5dt01185j,Ba2.75Pb1.1Sb4.1Se10-deltaTe_delta,Ba2.75Pb1.1Sb4.1Se8Te2,Ba2.75Pb1.1Sb4.1Se8Te2,1,No,Te,δ = 2,Te,,Te (δ = 2) @ Te site,body text,,,773.0,104.0,uV/K
ed81045f677092e8679784819bd15f32.pdf,10.30546/209501.2024.1.3.077,AgSbTe2-PbTe,(AgSbTe2)0.8(PbTe)0.2,(AgSbTe2)0.8(PbTe)0.2,1,No,Pb,0.2,multiple sites,,Pb (0.2) @ multiple sites site,figure,Fig. 2,Visually estimated from Fig. 2,80.0,54.99999999999999,uV/K
ed81045f677092e8679784819bd15f32.pdf,10.30546/209501.2024.1.3.077,AgSbTe2-PbTe,(AgSbTe2)0.8(PbTe)0.2,(AgSbTe2)0.8(PbTe)0.2,1,No,Pb,0.2,multiple sites,,Pb (0.2) @ multiple sites site,figure,Fig. 2,Visually estimated from Fig. 2,200.0,59.99999999999999,uV/K
ed81045f677092e8679784819bd15f32.pdf,10.30546/209501.2024.1.3.077,AgSbTe2-PbTe,(AgSbTe2)0.8(PbTe)0.2,(AgSbTe2)0.8(PbTe)0.2,1,No,Pb,0.2,multiple sites,,Pb (0.2) @ multiple sites site,figure,Fig. 2,Visually estimated from Fig. 2,300.0,65.0,uV/K
ed81045f677092e8679784819bd15f32.pdf,10.30546/209501.2024.1.3.077,AgSbTe2-PbTe,(AgSbTe2)0.8(PbTe)0.2,(AgSbTe2)0.8(PbTe)0.2,1,No,Pb,0.2,multiple sites,,Pb (0.2) @ multiple sites site,figure,Fig. 2,Visually estimated from Fig. 2,410.0,122.0,uV/K
ed81045f677092e8679784819bd15f32.pdf,10.30546/209501.2024.1.3.077,AgSbTe2-PbTe,(AgSbTe2)0.8(PbTe)0.2,(AgSbTe2)0.8(PbTe)0.2,1,No,Pb,0.2,multiple sites,,Pb (0.2) @ multiple sites site,figure,Fig. 2,Visually estimated from Fig. 2,530.0,104.99999999999999,uV/K
el3c01653.pdf,10.1021/acsaelm.3c01653,AgSbTe2,Ag0.7Sb1.12Te2,Ag0.7Sb1.12Te2,2,Yes,Ag vacancy,0.3,Ag,Sb (0.12) @ Ag,Ag vacancy (0.3) @ Ag site; Sb (0.12) @ Ag site,body text,,,750.0,157.0,uV/K
el3c01653.pdf,10.1021/acsaelm.3c01653,AgSbTe2,Ag0.7Sb1.12Te1.95Se0.05,Ag0.7Sb1.12Te1.95Se0.05,3,Yes,Ag vacancy,0.3,Ag,Sb (0.12) @ Ag; Se (0.05) @ Te,Ag vacancy (0.3) @ Ag site; Sb (0.12) @ Ag site; Se (0.05) @ Te site,body text,,,750.0,208.99999999999997,uV/K
el3c01653.pdf,10.1021/acsaelm.3c01653,AgSbTe2,Ag0.7Sb1.12Te2,Ag0.7Sb1.12Te2,2,Yes,Ag,0.7,Ag,Sb (1.12) @ Sb,Ag (0.7) @ Ag site; Sb (1.12) @ Sb site,figure,Fig. 6a,Visually estimated from Fig. 6a,300.0,150.0,uV/K
el3c01653.pdf,10.1021/acsaelm.3c01653,AgSbTe2,Ag0.7Sb1.12Te2,Ag0.7Sb1.12Te2,2,Yes,Ag,0.7,Ag,Sb (1.12) @ Sb,Ag (0.7) @ Ag site; Sb (1.12) @ Sb site,figure,Fig. 6a,Visually estimated from Fig. 6a,750.0,250.0,uV/K
el3c01653.pdf,10.1021/acsaelm.3c01653,AgSbTe2,Ag0.7Sb1.12Te1.95Se0.05,Ag0.7Sb1.12Te1.95Se0.05,3,Yes,Ag,0.7,Ag,Sb (1.12) @ Sb; Se (0.05) @ Te,Ag (0.7) @ Ag site; Sb (1.12) @ Sb site; Se (0.05) @ Te site,figure,Fig. 6a,Visually estimated from Fig. 6a,300.0,99.99999999999999,uV/K
el3c01653.pdf,10.1021/acsaelm.3c01653,AgSbTe2,Ag0.7Sb1.12Te1.95Se0.05,Ag0.7Sb1.12Te1.95Se0.05,3,Yes,Ag,0.7,Ag,Sb (1.12) @ Sb; Se (0.05) @ Te,Ag (0.7) @ Ag site; Sb (1.12) @ Sb site; Se (0.05) @ Te site,figure,Fig. 6a,Visually estimated from Fig. 6a,750.0,179.99999999999997,uV/K
ja1c07522.pdf,10.1021/jacs.1c07522,AgSbTe2,ATMS,AgMnSbTe3,1,No,Mn,equimolar ratio,multiple sites,,Mn (equimolar ratio) @ multiple sites site,text,"Results and Discussion, Section 3",,300.0,197.0,uV/K
ja1c07522.pdf,10.1021/jacs.1c07522,AgSbTe2,ATMS,AgMnSbTe3,1,No,Mn,equimolar ratio,multiple sites,,Mn (equimolar ratio) @ multiple sites site,text,"Results and Discussion, Section 3",,573.0,289.0,uV/K
ja1c07522.pdf,10.1021/jacs.1c07522,AgSbTe2,ATMS,AgMnSbTe3,1,No,Mn,equimolar ratio,multiple sites,,Mn (equimolar ratio) @ multiple sites site,text,"Results and Discussion, Section 3",,823.0,225.0,uV/K
ja1c07522.pdf,10.1021/jacs.1c07522,AgSbTe2,AgMnSbTe3 (m=1),AgMnSbTe3,1,No,Mn,equimolar ratio,multiple sites,,Mn (equimolar ratio) @ multiple sites site,figure,Figure 4B,Visually estimated from Figure 4B,823.0,239.99999999999997,uV/K
ja1c07522.pdf,10.1021/jacs.1c07522,AgSbTe2,AgMnSbTe2 (m=1),AgMnSbTe2,1,No,Mn,equimolar,multiple sites,,Mn (equimolar) @ multiple sites site,body text,,,300.0,197.0,uV/K
ja1c07522.pdf,10.1021/jacs.1c07522,AgSbTe2,AgMnSbTe2 (m=1),AgMnSbTe2,1,No,Mn,equimolar,multiple sites,,Mn (equimolar) @ multiple sites site,body text,,,573.0,289.0,uV/K
ja1c07522.pdf,10.1021/jacs.1c07522,AgSbTe2,AgMnSbTe2 (m=1),AgMnSbTe2,1,No,Mn,equimolar,multiple sites,,Mn (equimolar) @ multiple sites site,body text,,,823.0,225.0,uV/K
ja1c08931.pdf,10.1021/jacs.1c08931,(SnSe)0.5(AgSbTe2)0.5,pristine (SnSe)0.5(AgSbSe2)0.5,(SnSe)0.5(AgSbSe2)0.5,0,No,,,,,,body text,,,295.0,194.0,uV/K
ja1c08931.pdf,10.1021/jacs.1c08931,(SnSe)0.5(AgSbTe2)0.5,pristine (SnSe)0.5(AgSbSe2)0.5,(SnSe)0.5(AgSbSe2)0.5,0,No,,,,,,body text,,,725.0,242.0,uV/K
ja1c08931.pdf,10.1021/jacs.1c08931,(SnSe)0.5(AgSbTe2)0.5,(SnSe)0.5(AgSb1-xGexSe2)0.5 (x = 0.08),(SnSe)0.5(AgSb0.92Ge0.08Se2)0.5,1,No,Ge,x = 0.08,Sb,,Ge (x = 0.08) @ Sb site,body text,,,,78.0,uV/K
ja1c08931.pdf,10.1021/jacs.1c08931,(SnSe)0.5(AgSbTe2)0.5,"(SnSe)0.5(AgSb1-xGexTe2)0.5, x=0.0",(SnSe)0.5(AgSbTe2)0.5,1,No,Ge,x=0.0,Sb,,Ge (x=0.0) @ Sb site,body text,,,295.0,194.0,uV/K
ja1c08931.pdf,10.1021/jacs.1c08931,(SnSe)0.5(AgSbTe2)0.5,"(SnSe)0.5(AgSb1-xGexTe2)0.5, x=0.0",(SnSe)0.5(AgSbTe2)0.5,1,No,Ge,x=0.0,Sb,,Ge (x=0.0) @ Sb site,body text,,,725.0,242.0,uV/K
ja1c08931.pdf,10.1021/jacs.1c08931,(SnSe)0.5(AgSbTe2)0.5,"(SnSe)0.5(AgSb1-xGexTe2)0.5, x=0.08",(SnSe)0.5(AgSb0.92Ge0.08Te2)0.5,1,No,Ge,x=0.08,Sb,,Ge (x=0.08) @ Sb site,body text,,,,78.0,uV/K
ja3c09643.pdf,10.1021/jacs.3c09643,AgSbTe2,AgSb0.96Hg0.04Te2,AgSb0.96Hg0.04Te2,1,No,Hg,4 mol %,Sb,,Hg (4 mol %) @ Sb site,body text,Page 5,,297.0,239.99999999999997,uV/K
ja3c09643.pdf,10.1021/jacs.3c09643,AgSbTe2,AgSbTe2,AgSbTe2,0,No,,,,,,figure,Figure 5b,Visually estimated from Figure 5b,300.0,272.99999999999994,uV/K
ja3c09643.pdf,10.1021/jacs.3c09643,AgSbTe2,AgSb0.96Hg0.04Te2,AgSb0.96Hg0.04Te2,1,No,Hg,4 mol %,Sb,,Hg (4 mol %) @ Sb site,figure,Figure 5b,Visually estimated from Figure 5b,300.0,239.99999999999997,uV/K
ja3c09643.pdf,10.1021/jacs.3c09643,AgSbTe2,AgSb0.98Hg0.02Te2,AgSb0.98Hg0.02Te2,1,No,Hg,2 mol %,Sb,,Hg (2 mol %) @ Sb site,figure,Figure 5b,Visually estimated from Figure 5b,300.0,250.0,uV/K
ja3c09643.pdf,10.1021/jacs.3c09643,AgSbTe2,AgSb0.94Hg0.06Te2,AgSb0.94Hg0.06Te2,1,No,Hg,6 mol %,Sb,,Hg (6 mol %) @ Sb site,figure,Figure 5b,Visually estimated from Figure 5b,300.0,245.0,uV/K
ja6c00040.pdf,10.1021/jacs.6c00040,AgSbTe2,nanocrystalline Ag0.8Sb1.2Te2.2,Ag0.8Sb1.2Te2.2,0,No,,,,,,text,body text,,300.0,330.0,uV/K
ja6c00040.pdf,10.1021/jacs.6c00040,AgSbTe2,nanocrystalline Ag0.8Sb1.2Te2.2,Ag0.8Sb1.2Te2.2,0,No,,,,,,text,body text,,575.0,300.0,uV/K
ja6c00040.pdf,10.1021/jacs.6c00040,AgSbTe2,bulk Ag0.8Sb1.2Te2.2,Ag0.8Sb1.2Te2.2,0,No,,,,,,text,body text,,300.0,179.99999999999997,uV/K
ja6c00040.pdf,10.1021/jacs.6c00040,AgSbTe2,nanocrystalline Ag0.8Sb1.2Te2.2,Ag0.8Sb1.2Te2.2,3,Yes,Ag,0.8,Ag,Sb (1.2) @ Sb; Te (2.2) @ Te,Ag (0.8) @ Ag site; Sb (1.2) @ Sb site; Te (2.2) @ Te site,figure,Figure 4b,Visually estimated from Figure 4b,575.0,280.0,uV/K
ja6c00040.pdf,10.1021/jacs.6c00040,AgSbTe2,bulk Ag0.8Sb1.2Te2.2,Ag0.8Sb1.2Te2.2,3,Yes,Ag,0.8,Ag,Sb (1.2) @ Sb; Te (2.2) @ Te,Ag (0.8) @ Ag site; Sb (1.2) @ Sb site; Te (2.2) @ Te site,figure,Figure 4b,Visually estimated from Figure 4b,575.0,239.99999999999997,uV/K
jp4c04467.pdf,10.1021/acs.jpcc.4c04467,AgSbTe2,AgSbTe2,AgSbTe2,0,No,,,,,,body text,,,300.0,197.0,uV/K
jp4c04467.pdf,10.1021/acs.jpcc.4c04467,AgSbTe2,AgSbTe1.94S0.06,AgSbTe1.94S0.06,1,No,S,x = 0.06,Te,,S (x = 0.06) @ Te site,body text,,,300.0,189.0,uV/K
materials-15-02843.pdf,10.3390/ma15082843,AgSbTe2-family,9-AgSbTe2,AgSbTe2,1,No,carrier concentration,10^20 e-/cm^3,unclear,,carrier concentration (10^20 e-/cm^3) @ unclear site,figure,Fig. 2c,Visually estimated from Fig. 2c,300.0,150.0,uV/K
materials-15-02843.pdf,10.3390/ma15082843,AgSbTe2-family,9-AgSbTe2,AgSbTe2,1,No,carrier concentration,10^20 e-/cm^3,unclear,,carrier concentration (10^20 e-/cm^3) @ unclear site,figure,Fig. 2c,Visually estimated from Fig. 2c,600.0,250.0,uV/K
materials-15-02843.pdf,10.3390/ma15082843,AgSbTe2-family,9-AgSbTe2,AgSbTe2,1,No,carrier concentration,10^20 e-/cm^3,unclear,,carrier concentration (10^20 e-/cm^3) @ unclear site,figure,Fig. 2c,Visually estimated from Fig. 2c,900.0,300.0,uV/K
materials-15-02843.pdf,10.3390/ma15082843,AgSbTe2-family,AgSb0.94Cd0.06Te2,AgSb0.94Cd0.06Te2,1,No,Cd,6 mol%,Sb,,Cd (6 mol%) @ Sb site,figure,,Visually estimated from Fig. 8a,300.0,250.0,uV/K
materials-15-02843.pdf,10.3390/ma15082843,AgSbTe2-family,AgSb0.94Cd0.06Te2,AgSb0.94Cd0.06Te2,1,No,Cd,6 mol%,Sb,,Cd (6 mol%) @ Sb site,figure,,Visually estimated from Fig. 8a,900.0,350.0,uV/K
materials-15-02843.pdf,10.3390/ma15082843,AgSbTe2-family,AgSbTe1.85Se0.15,AgSbTe1.85Se0.15,1,No,Se,0.15,Te,,Se (0.15) @ Te site,figure,,Visually estimated from Fig. 8a,300.0,199.99999999999997,uV/K
materials-15-02843.pdf,10.3390/ma15082843,AgSbTe2-family,AgSbTe1.85Se0.15,AgSbTe1.85Se0.15,1,No,Se,0.15,Te,,Se (0.15) @ Te site,figure,,Visually estimated from Fig. 8a,900.0,300.0,uV/K
nanomaterials-12-03910.pdf,10.3390/nano12213910,AgSbTe2,AgSbTe2 (arc-melted),AgSbTe2,0,No,,,,,,body text,,,,270.0,uV/K
nanomaterials-12-03910.pdf,10.3390/nano12213910,AgSbTe2,arc-melted AgSbTe2,AgSbTe2,0,No,,,,,,figure,Fig. 4b,Visually estimated from Fig. 4b,300.0,199.99999999999997,uV/K
nanomaterials-12-03910.pdf,10.3390/nano12213910,AgSbTe2,arc-melted AgSbTe2,AgSbTe2,0,No,,,,,,figure,Fig. 4b,Visually estimated from Fig. 4b,540.0,339.99999999999994,uV/K
nz1c01184.pdf,10.1021/acsenergylett.1c01184,AgSbTe2,AgSb1-xCd xTe2 (x=0.02),AgSb0.98Cd0.02Te2,1,No,Cd,2 mol %,Sb,,Cd (2 mol %) @ Sb site,figure,Fig. 7b,Visually estimated from Fig. 7b,300.0,239.99999999999997,uV/K
nz6b00639.pdf,10.1021/acsenergylett.6b00639,AgSbTe2,AgSbTe2,AgSbTe2,0,No,,,,,,body text,,,300.0,263.99999999999994,uV/K
nz6b00639.pdf,10.1021/acsenergylett.6b00639,AgSbTe2,AgSbTe2,AgSbTe2,0,No,,,,,,body text,,,438.0,359.99999999999994,uV/K
nz6b00639.pdf,10.1021/acsenergylett.6b00639,AgSbTe2,AgSb0.96Zn0.04Te2,AgSb0.96Zn0.04Te2,1,No,Zn,0.04,Sb,,Zn (0.04) @ Sb site,body text,,,300.0,235.0,uV/K
nz6b00639.pdf,10.1021/acsenergylett.6b00639,AgSbTe2,AgSb0.96Zn0.04Te2,AgSb0.96Zn0.04Te2,1,No,Zn,0.04,Sb,,Zn (0.04) @ Sb site,body text,,,610.0,274.99999999999994,uV/K
nz6b00639.pdf,10.1021/acsenergylett.6b00639,AgSbTe2,Ag0.96Zn0.04Te2,Ag0.96Zn0.04Te2,1,No,Zn,0.04,Sb,,Zn (0.04) @ Sb site,body text,,,300.0,274.99999999999994,uV/K
nz6b00639.pdf,10.1021/acsenergylett.6b00639,AgSbTe2,Ag0.96Zn0.04Te2,Ag0.96Zn0.04Te2,1,No,Zn,0.04,Sb,,Zn (0.04) @ Sb site,body text,,,610.0,235.0,uV/K
nz8b00137.pdf,10.1021/acsenergylett.8b00137,AgSnmSbTe2+m,AgSnmSbTe2+m (m=50),AgSn50SbTe52,2,Yes,Ag,m=50,Sn,Sb (m=50) @ Sn,Ag (m=50) @ Sn site; Sb (m=50) @ Sn site,figure,,Visually estimated from Fig. 2b,300.0,44.99999999999999,uV/K
nz8b00137.pdf,10.1021/acsenergylett.8b00137,AgSnmSbTe2+m,AgSnmSbTe2+m (m=5),AgSn5SbTe7,2,Yes,Ag,m=5,Sn,Sb (m=5) @ Sn,Ag (m=5) @ Sn site; Sb (m=5) @ Sn site,figure,,Visually estimated from Fig. 2b,300.0,109.99999999999999,uV/K
s10854-025-15118-x.pdf,10.1007/s10854-025-15118-x,AgSbTe2,MQ-450,AgSbTe2,0,No,,,,,,body text,Page 1,,300.0,235.0,uV/K
s10854-025-15118-x.pdf,10.1007/s10854-025-15118-x,AgSbTe2,MQ-450,AgSbTe2,0,No,,,,,,body text,Page 5,,500.0,294.99999999999994,uV/K
s10854-026-17196-x.pdf,10.1007/s10854-026-17196-x,AgSbTe2,AST-AS,AgSbTe2,0,No,,,,,,body text,Table 6,,300.0,404.49999999999994,uV/K
s10854-026-17196-x.pdf,10.1007/s10854-026-17196-x,AgSbTe2,AST-50,AgSbTe2,0,No,,,,,,body text,Table 6,,300.0,303.0,uV/K
s10854-026-17196-x.pdf,10.1007/s10854-026-17196-x,AgSbTe2,AST-70,AgSbTe2,0,No,,,,,,body text,Table 6,,300.0,200.2,uV/K
s10854-026-17196-x.pdf,10.1007/s10854-026-17196-x,AgSbTe2,AST-90,AgSbTe2,0,No,,,,,,body text,Table 6,,300.0,175.2,uV/K
s10854-026-17196-x.pdf,10.1007/s10854-026-17196-x,AgSbTe2,AST-110,AgSbTe2,0,No,,,,,,body text,Table 6,,300.0,122.0,uV/K
s11664-015-4102-0.pdf,10.1007/s11664-015-4102-0,AgSbTe2,AgSbTe2,AgSbTe2,0,No,,,,,,figure,Fig. 7,,574.0,270.0,uV/K
s11664-015-4102-0.pdf,10.1007/s11664-015-4102-0,AgSbTe2,AgSbTe1.98Se0.02,AgSbTe1.98Se0.02,1,No,Se,0.02,Te,,Se (0.02) @ Te site,body text,page 6,,563.0,278.0,uV/K
s11664-015-4102-0.pdf,10.1007/s11664-015-4102-0,AgSbTe2,AgSbTe2,AgSbTe2,0,No,,,,,,figure,Fig. 7,"Visually estimated from Fig. 7, measurement 1",300.0,219.99999999999997,uV/K
s11664-015-4102-0.pdf,10.1007/s11664-015-4102-0,AgSbTe2,AgSbTe2,AgSbTe2,0,No,,,,,,figure,Fig. 7,"Visually estimated from Fig. 7, measurement 1",400.0,339.99999999999994,uV/K
s11664-015-4102-0.pdf,10.1007/s11664-015-4102-0,AgSbTe2,AgSbTe2,AgSbTe2,0,No,,,,,,figure,Fig. 7,"Visually estimated from Fig. 7, measurement 1",600.0,280.0,uV/K
s11664-024-11310-7.pdf,10.1007/s11664-024-11310-7,AgSbTe2,Cu2-yAgxTe0.6S0.2Se0.2,Cu2-yAgxTe0.6S0.2Se0.2,2,Yes,Ag,y,unclear,Ag (x) @ unclear,Ag (y) @ unclear site; Ag (x) @ unclear site,figure,,"Visually estimated from Fig. 8d, showing temperature dependence for Cu2-yAgxTe0.6S0.2Se0.2 samples.",,8.0,uV/K
s12613-011-0446-5.pdf,10.1007/s12613-011-0446-5,Ag0.84Sb1.15Te2.16,AgSbTe2,Ag0.84Sb1.15Te2.16,0,No,,,,,,figure,,Visually estimated from Fig. 2(b),300.0,290.0,uV/K
s12613-011-0446-5.pdf,10.1007/s12613-011-0446-5,Ag0.84Sb1.15Te2.16,AgSbTe2-Ce,Ag0.84Sb1.15Ce0.01Te2.16,1,No,Ce,0.01,Sb,,Ce (0.01) @ Sb site,figure,,Visually estimated from Fig. 2(b),300.0,285.0,uV/K
s12613-011-0446-5.pdf,10.1007/s12613-011-0446-5,Ag0.84Sb1.15Te2.16,AgSbTe2-Yb,Ag0.84Sb1.15Yb0.01Te2.16,1,No,Yb,0.01,Sb,,Yb (0.01) @ Sb site,figure,,Visually estimated from Fig. 2(b),300.0,280.0,uV/K
s12613-011-0446-5.pdf,10.1007/s12613-011-0446-5,Ag0.84Sb1.15Te2.16,AgSbTe2-Cu,Ag0.84Sb1.15Cu0.01Te2.16,1,No,Cu,0.01,Sb,,Cu (0.01) @ Sb site,figure,,Visually estimated from Fig. 2(b),300.0,229.99999999999997,uV/K
s40843-024-3152-0.pdf,10.1007/s40843-024-3152-0,AgSbTe2,Ag0.9Sb1.1Te2.1,Ag0.9Sb1.1Te2.1,3,Yes,Ag,0.9,Ag,Sb (1.1) @ Sb; Te (2.1) @ Te,Ag (0.9) @ Ag site; Sb (1.1) @ Sb site; Te (2.1) @ Te site,figure,Fig. 2e,Visually estimated from Fig. 2e for the as-prepared sample.,300.0,250.0,uV/K
s41467-024-55280-0.pdf,10.1038/s41467-024-55280-0,AgSbTe2,AgSbTe2,AgSbTe2,0,No,,,,,,body text,,,300.0,270.0,uV/K
s41467-024-55280-0.pdf,10.1038/s41467-024-55280-0,AgSbTe2,AgSbTe2,AgSbTe2,0,No,,,,,,body text,,,465.0,388.99999999999994,uV/K
s41467-024-55280-0.pdf,10.1038/s41467-024-55280-0,AgSbTe2,Pristine AgSbTe2,AgSbTe2,0,No,,,,,,body text,,,300.0,270.0,uV/K
s41467-024-55280-0.pdf,10.1038/s41467-024-55280-0,AgSbTe2,Pristine AgSbTe2,AgSbTe2,0,No,,,,,,body text,,,465.0,388.99999999999994,uV/K
s41467-024-55280-0.pdf,10.1038/s41467-024-55280-0,AgSbTe2,AgSbTe2,AgSbTe2,0,No,,,,,,figure,Fig. 4d,Visually estimated from Fig. 4d,300.0,239.99999999999997,uV/K
s41467-024-55280-0.pdf,10.1038/s41467-024-55280-0,AgSbTe2,AgSbTe2,AgSbTe2,0,No,,,,,,figure,Fig. 4d,Visually estimated from Fig. 4d,500.0,379.99999999999994,uV/K
s41467-024-55280-0.pdf,10.1038/s41467-024-55280-0,AgSbTe2,AgSbTe2,AgSbTe2,0,No,,,,,,figure,Fig. 4d,Visually estimated from Fig. 4d,673.0,300.0,uV/K
s41467-024-55280-0.pdf,10.1038/s41467-024-55280-0,AgSbTe2,AgSb0.97Sn0.03Te2,AgSb0.97Sn0.03Te2,1,No,Sn,0.03,Sb,,Sn (0.03) @ Sb site,figure,Fig. 4d,Visually estimated from Fig. 4d,300.0,229.99999999999997,uV/K
s41467-024-55280-0.pdf,10.1038/s41467-024-55280-0,AgSbTe2,AgSb0.97Sn0.03Te2,AgSb0.97Sn0.03Te2,1,No,Sn,0.03,Sb,,Sn (0.03) @ Sb site,figure,Fig. 4d,Visually estimated from Fig. 4d,673.0,310.0,uV/K
s41467-024-55280-0.pdf,10.1038/s41467-024-55280-0,AgSbTe2,AgSb0.94Sn0.06Te2,AgSb0.94Sn0.06Te2,1,No,Sn,0.06,Sb,,Sn (0.06) @ Sb site,figure,Fig. 4d,Visually estimated from Fig. 4d,300.0,199.99999999999997,uV/K
s41467-024-55280-0.pdf,10.1038/s41467-024-55280-0,AgSbTe2,AgSb0.94Sn0.06Te2,AgSb0.94Sn0.06Te2,1,No,Sn,0.06,Sb,,Sn (0.06) @ Sb site,figure,Fig. 4d,Visually estimated from Fig. 4d,673.0,310.0,uV/K
s41467-024-55280-0.pdf,10.1038/s41467-024-55280-0,AgSbTe2,AgSb0.9Sn0.1Te2,AgSb0.9Sn0.1Te2,1,No,Sn,0.1,Sb,,Sn (0.1) @ Sb site,figure,Fig. 4d,Visually estimated from Fig. 4d,300.0,179.99999999999997,uV/K
s41467-024-55280-0.pdf,10.1038/s41467-024-55280-0,AgSbTe2,AgSb0.9Sn0.1Te2,AgSb0.9Sn0.1Te2,1,No,Sn,0.1,Sb,,Sn (0.1) @ Sb site,figure,Fig. 4d,Visually estimated from Fig. 4d,673.0,300.0,uV/K
science.1092963.pdf,,AgPb_mSbTe_2+m,AgPb10SbTe12,AgPb10SbTe12,2,Yes,Ag,nominal,Ag,Sb (nominal) @ Sb,Ag (nominal) @ Ag site; Sb (nominal) @ Sb site,body text,,,300.0,-154.0,uV/K
science.1092963.pdf,,AgPb_mSbTe_2+m,AgPb10SbTe12,AgPb10SbTe12,2,Yes,Ag,nominal,Ag,Sb (nominal) @ Sb,Ag (nominal) @ Ag site; Sb (nominal) @ Sb site,body text,,,700.0,-290.0,uV/K
science.1092963.pdf,,AgPb_mSbTe_2+m,Ag1-xPb18SbTe20,Ag1-xPb18SbTe20,1,No,Ag,1-x,Ag,,Ag (1-x) @ Ag site,body text,,,300.0,-135.0,uV/K
science.1092963.pdf,,AgPb_mSbTe_2+m,Ag1-xPb18SbTe20,Ag1-xPb18SbTe20,1,No,Ag,1-x,Ag,,Ag (1-x) @ Ag site,body text,,,700.0,-335.0,uV/K
science.1092963.pdf,,AgPb_mSbTe_2+m,AgPb10SbTe12,AgPb10SbTe12,1,No,Pb,m=10,multiple sites,,Pb (m=10) @ multiple sites site,figure,Fig. 2A,Visually estimated from Fig. 2A,300.0,-49.99999999999999,uV/K
science.1092963.pdf,,AgPb_mSbTe_2+m,AgPb10SbTe12,AgPb10SbTe12,1,No,Pb,m=10,multiple sites,,Pb (m=10) @ multiple sites site,figure,Fig. 2A,Visually estimated from Fig. 2A,700.0,-250.0,uV/K
science.1092963.pdf,,AgPb_mSbTe_2+m,AgPb18SbTe20,AgPb18SbTe20,1,No,Pb,m=18,multiple sites,,Pb (m=18) @ multiple sites site,figure,Fig. 3A,Visually estimated from Fig. 3A,300.0,-135.0,uV/K
science.1092963.pdf,,AgPb_mSbTe_2+m,AgPb18SbTe20,AgPb18SbTe20,1,No,Pb,m=18,multiple sites,,Pb (m=18) @ multiple sites site,figure,Fig. 3A,Visually estimated from Fig. 3A,700.0,-335.0,uV/K
science.abb3517.pdf,,AgSbTe2,AgSbTe2,AgSbTe2,0,No,,,,,,figure,Fig. 4B,Visually estimated from Fig. 4B,300.0,280.0,uV/K
science.abb3517.pdf,,AgSbTe2,AgSb0.98Cd0.02Te2,AgSb0.98Cd0.02Te2,1,No,Cd,2 mol %,Sb,,Cd (2 mol %) @ Sb site,figure,Fig. 4B,Visually estimated from Fig. 4B,300.0,260.0,uV/K
science.abb3517.pdf,,AgSbTe2,AgSb0.94Cd0.06Te2,AgSb0.94Cd0.06Te2,1,No,Cd,6 mol %,Sb,,Cd (6 mol %) @ Sb site,figure,Fig. 4B,Visually estimated from Fig. 4B,300.0,250.0,uV/K
sectional-analysis-of-thermoelectric-performance-in-agsbte2-ingots-processed-by-horizontal-zone-melting.pdf,10.1142/S0217979226502358,AgSbTe2,Part I,AgSbTe2,0,No,,,,,,figure,Fig. 4,Visually estimated from Fig. 4,80.0,89.99999999999999,uV/K
sectional-analysis-of-thermoelectric-performance-in-agsbte2-ingots-processed-by-horizontal-zone-melting.pdf,10.1142/S0217979226502358,AgSbTe2,Part I,AgSbTe2,0,No,,,,,,figure,Fig. 4,Visually estimated from Fig. 4,300.0,219.99999999999997,uV/K
sectional-analysis-of-thermoelectric-performance-in-agsbte2-ingots-processed-by-horizontal-zone-melting.pdf,10.1142/S0217979226502358,AgSbTe2,Part II,AgSbTe2,0,No,,,,,,figure,Fig. 4,Visually estimated from Fig. 4,80.0,135.0,uV/K
sectional-analysis-of-thermoelectric-performance-in-agsbte2-ingots-processed-by-horizontal-zone-melting.pdf,10.1142/S0217979226502358,AgSbTe2,Part II,AgSbTe2,0,No,,,,,,figure,Fig. 4,Visually estimated from Fig. 4,300.0,300.0,uV/K
sectional-analysis-of-thermoelectric-performance-in-agsbte2-ingots-processed-by-horizontal-zone-melting.pdf,10.1142/S0217979226502358,AgSbTe2,Part III,AgSbTe2,0,No,,,,,,figure,Fig. 4,Visually estimated from Fig. 4,80.0,189.99999999999997,uV/K
sectional-analysis-of-thermoelectric-performance-in-agsbte2-ingots-processed-by-horizontal-zone-melting.pdf,10.1142/S0217979226502358,AgSbTe2,Part III,AgSbTe2,0,No,,,,,,figure,Fig. 4,Visually estimated from Fig. 4,300.0,330.0,uV/K
ssrn-4526442.pdf,,AgSbTe2,AgSbTe2 (pristine),AgSbTe2,0,No,,,,,,text,"Page 2, Introduction",,300.0,260.0,uV/K
ssrn-4526442.pdf,,AgSbTe2,AgSb0.95Ti0.05Te2,AgSb0.95Ti0.05Te2,1,No,Ti,0.05,Sb,,Ti (0.05) @ Sb site,figure,Fig. 6a,Visually estimated from Fig. 6a,323.0,260.0,uV/K
ssrn-6617408.pdf,,SnTe-AgSbTe2 (s-AST),s-AST,AgSbTe2,2,Yes,Ag,1,multiple sites,Sb (1) @ multiple sites,Ag (1) @ multiple sites site; Sb (1) @ multiple sites site,body text,,,537.0,231.2,uV/K
ssrn-6617408.pdf,,SnTe-AgSbTe2 (s-AST),SnTe-8% s-AST,SnTe-8% AgSbTe2,2,Yes,Ag,8%,Ag,Sb (8%) @ Sb,Ag (8%) @ Ag site; Sb (8%) @ Sb site,body text,,,823.0,172.3,uV/K
ssrn-6617408.pdf,,SnTe-AgSbTe2 (s-AST),s-AST,AgSbTe2 containing Sb2O3 impurities,1,No,Sb2O3,minor,unclear,,Sb2O3 (minor) @ unclear site,body text,,,537.0,231.2,uV/K
ssrn-6617408.pdf,,SnTe-AgSbTe2 (s-AST),s-AST pellet,AgSbTe2,0,No,,,,,,figure,Figure 2b,Visually estimated from Figure 2b,300.0,150.0,uV/K
ssrn-6617408.pdf,,SnTe-AgSbTe2 (s-AST),s-AST pellet,AgSbTe2,0,No,,,,,,figure,Figure 2b,Visually estimated from Figure 2b,600.0,229.99999999999997,uV/K
ssrn-6617408.pdf,,SnTe-AgSbTe2 (s-AST),SnTe-3% s-AST,SnTe-3% AgSbTe2,1,No,AgSbTe2,3%,unclear,,AgSbTe2 (3%) @ unclear site,figure,,Visually estimated from Fig. 5b,300.0,49.99999999999999,uV/K
