source_pdf,doi,base_composition,sample_id,full_formula,primary_dopant_element,primary_dopant_pct,primary_dopant_site,codopant_elements,all_dopants_detail,source_type,source_detail,notes,target_value,unit,_formula_reconstructed,MagpieData minimum Number,MagpieData maximum Number,MagpieData range Number,MagpieData mean Number,MagpieData avg_dev Number,MagpieData mode Number,MagpieData minimum MendeleevNumber,MagpieData maximum MendeleevNumber,MagpieData range MendeleevNumber,MagpieData mean MendeleevNumber,MagpieData avg_dev MendeleevNumber,MagpieData mode MendeleevNumber,MagpieData minimum AtomicWeight,MagpieData maximum AtomicWeight,MagpieData range AtomicWeight,MagpieData mean AtomicWeight,MagpieData avg_dev AtomicWeight,MagpieData mode AtomicWeight,MagpieData minimum MeltingT,MagpieData maximum MeltingT,MagpieData range MeltingT,MagpieData mean MeltingT,MagpieData avg_dev MeltingT,MagpieData mode MeltingT,MagpieData minimum Column,MagpieData maximum Column,MagpieData range Column,MagpieData mean Column,MagpieData avg_dev Column,MagpieData mode Column,MagpieData minimum Row,MagpieData maximum Row,MagpieData range Row,MagpieData mean Row,MagpieData avg_dev Row,MagpieData mode Row,MagpieData minimum CovalentRadius,MagpieData maximum CovalentRadius,MagpieData range CovalentRadius,MagpieData mean CovalentRadius,MagpieData avg_dev CovalentRadius,MagpieData mode CovalentRadius,MagpieData minimum Electronegativity,MagpieData maximum Electronegativity,MagpieData range Electronegativity,MagpieData mean Electronegativity,MagpieData avg_dev Electronegativity,MagpieData mode Electronegativity,MagpieData minimum NsValence,MagpieData maximum NsValence,MagpieData range NsValence,MagpieData mean NsValence,MagpieData avg_dev NsValence,MagpieData mode NsValence,MagpieData minimum NpValence,MagpieData maximum NpValence,MagpieData range NpValence,MagpieData mean NpValence,MagpieData avg_dev NpValence,MagpieData mode NpValence,MagpieData minimum NdValence,MagpieData maximum NdValence,MagpieData range NdValence,MagpieData mean NdValence,MagpieData avg_dev NdValence,MagpieData mode NdValence,MagpieData minimum NfValence,MagpieData maximum NfValence,MagpieData range NfValence,MagpieData mean NfValence,MagpieData avg_dev NfValence,MagpieData mode NfValence,MagpieData minimum NValence,MagpieData maximum NValence,MagpieData range NValence,MagpieData mean NValence,MagpieData avg_dev NValence,MagpieData mode NValence,MagpieData minimum NsUnfilled,MagpieData maximum NsUnfilled,MagpieData range NsUnfilled,MagpieData mean NsUnfilled,MagpieData avg_dev NsUnfilled,MagpieData mode NsUnfilled,MagpieData minimum NpUnfilled,MagpieData maximum NpUnfilled,MagpieData range NpUnfilled,MagpieData mean NpUnfilled,MagpieData avg_dev NpUnfilled,MagpieData mode NpUnfilled,MagpieData minimum NdUnfilled,MagpieData maximum NdUnfilled,MagpieData range NdUnfilled,MagpieData mean NdUnfilled,MagpieData avg_dev NdUnfilled,MagpieData mode NdUnfilled,MagpieData minimum NfUnfilled,MagpieData maximum NfUnfilled,MagpieData range NfUnfilled,MagpieData mean NfUnfilled,MagpieData avg_dev NfUnfilled,MagpieData mode NfUnfilled,MagpieData minimum NUnfilled,MagpieData maximum NUnfilled,MagpieData range NUnfilled,MagpieData mean NUnfilled,MagpieData avg_dev NUnfilled,MagpieData mode NUnfilled,MagpieData minimum GSvolume_pa,MagpieData maximum GSvolume_pa,MagpieData range GSvolume_pa,MagpieData mean GSvolume_pa,MagpieData avg_dev GSvolume_pa,MagpieData mode GSvolume_pa,MagpieData minimum GSbandgap,MagpieData maximum GSbandgap,MagpieData range GSbandgap,MagpieData mean GSbandgap,MagpieData avg_dev GSbandgap,MagpieData mode GSbandgap,MagpieData minimum GSmagmom,MagpieData maximum GSmagmom,MagpieData range GSmagmom,MagpieData mean GSmagmom,MagpieData avg_dev GSmagmom,MagpieData mode GSmagmom,MagpieData minimum SpaceGroupNumber,MagpieData maximum SpaceGroupNumber,MagpieData range SpaceGroupNumber,MagpieData mean SpaceGroupNumber,MagpieData avg_dev SpaceGroupNumber,MagpieData mode SpaceGroupNumber,avg s valence electrons,avg p valence electrons,avg d valence electrons,avg f valence electrons,frac s valence electrons,frac p valence electrons,frac d valence electrons,frac f valence electrons,mixing_entropy,ionic_character,dopant_concentration,num_dopants,is_codoped,frac_Ag,frac_Sb,frac_Te,temperature_K,dopant_host_charge_mismatch,dopant_host_radius_mismatch
1-s2.0-S0167577X08002243-main.pdf,10.1016/j.matlet.2008.02.039,AgSbTe2,"(AgSbTe2)1-x(Ag2Te)x, x=0",AgSbTe2,Ag2Te,x=0,unclear,,Ag2Te (x=0) @ unclear site,figure,Fig. 2,Visually estimated from Fig. 2 at 2.0 GPa,140.0,uV/K,False,47.0,52.0,5.0,50.5,1.75,52.0,65.0,90.0,25.0,82.5,8.75,90.0,107.8682,127.6,19.731799999999993,121.20705,6.669425,127.6,722.66,1234.93,512.2700000000001,896.0074999999999,173.34750000000003,722.66,11.0,16.0,5.0,14.5,1.75,16.0,5.0,5.0,0.0,5.0,0.0,5.0,138.0,145.0,7.0,140.0,2.5,138.0,1.93,2.1,0.17000000000000015,2.045,0.05750000000000005,2.1,1.0,2.0,1.0,1.75,0.375,2.0,0.0,4.0,4.0,2.75,1.375,4.0,10.0,10.0,0.0,10.0,0.0,10.0,0.0,0.0,0.0,0.0,0.0,0.0,11.0,16.0,5.0,14.5,1.75,16.0,0.0,1.0,1.0,0.25,0.375,0.0,0.0,3.0,3.0,1.75,0.875,2.0,0.0,0.0,0.0,0.0,0.0,0.0,0.0,0.0,0.0,0.0,0.0,0.0,1.0,3.0,2.0,2.0,0.5,2.0,16.33,34.7633333333,18.4333333333,29.35416666665,6.512083333324999,34.7633333333,0.0,0.464,0.464,0.232,0.232,0.464,0.0,0.0,0.0,0.0,0.0,0.0,152.0,225.0,73.0,173.75,25.625,152.0,1.75,2.75,10.0,0.0,0.1206896551724138,0.1896551724137931,0.6896551724137931,0.0,8.644719482306641,0.11200000000000014,0.0,1.0,0.0,0.25,0.25,0.5,300.0,,
1-s2.0-S0167577X08002243-main.pdf,10.1016/j.matlet.2008.02.039,AgSbTe2,"(AgSbTe2)1-x(Ag2Te)x, x=0",AgSbTe2,Ag2Te,x=0,unclear,,Ag2Te (x=0) @ unclear site,figure,Fig. 2,Visually estimated from Fig. 2 at 4.5 GPa,80.0,uV/K,False,47.0,52.0,5.0,50.5,1.75,52.0,65.0,90.0,25.0,82.5,8.75,90.0,107.8682,127.6,19.731799999999993,121.20705,6.669425,127.6,722.66,1234.93,512.2700000000001,896.0074999999999,173.34750000000003,722.66,11.0,16.0,5.0,14.5,1.75,16.0,5.0,5.0,0.0,5.0,0.0,5.0,138.0,145.0,7.0,140.0,2.5,138.0,1.93,2.1,0.17000000000000015,2.045,0.05750000000000005,2.1,1.0,2.0,1.0,1.75,0.375,2.0,0.0,4.0,4.0,2.75,1.375,4.0,10.0,10.0,0.0,10.0,0.0,10.0,0.0,0.0,0.0,0.0,0.0,0.0,11.0,16.0,5.0,14.5,1.75,16.0,0.0,1.0,1.0,0.25,0.375,0.0,0.0,3.0,3.0,1.75,0.875,2.0,0.0,0.0,0.0,0.0,0.0,0.0,0.0,0.0,0.0,0.0,0.0,0.0,1.0,3.0,2.0,2.0,0.5,2.0,16.33,34.7633333333,18.4333333333,29.35416666665,6.512083333324999,34.7633333333,0.0,0.464,0.464,0.232,0.232,0.464,0.0,0.0,0.0,0.0,0.0,0.0,152.0,225.0,73.0,173.75,25.625,152.0,1.75,2.75,10.0,0.0,0.1206896551724138,0.1896551724137931,0.6896551724137931,0.0,8.644719482306641,0.11200000000000014,0.0,1.0,0.0,0.25,0.25,0.5,300.0,,
1-s2.0-S0167577X08002243-main.pdf,10.1016/j.matlet.2008.02.039,AgSbTe2,"(AgSbTe2)1-x(Ag2Te)x, x=0.05",(AgSbTe2)0.95(Ag2Te)0.05,Ag2Te,x=0.05,unclear,,Ag2Te (x=0.05) @ unclear site,figure,Fig. 2,Visually estimated from Fig. 2 at 2.0 GPa,131.99999999999997,uV/K,False,47.0,52.0,5.0,50.430379746835435,1.8237461945201128,52.0,65.0,90.0,25.0,82.15189873417721,9.118730972600547,90.0,107.8682,127.6,19.731799999999993,120.95028101265822,6.955030411792982,127.6,722.66,1234.93,512.2700000000001,902.3935443037974,177.4584361480532,722.66,11.0,16.0,5.0,14.430379746835442,1.8237461945201094,16.0,5.0,5.0,0.0,5.0,0.0,5.0,138.0,145.0,7.0,140.10126582278477,2.604390322063752,138.0,1.93,2.1,0.17000000000000015,2.042784810126582,0.05996154462425909,2.1,1.0,2.0,1.0,1.7341772151898733,0.39032206377183143,2.0,0.0,4.0,4.0,2.6962025316455693,1.4334241307482776,4.0,10.0,10.0,0.0,10.0,0.0,10.0,0.0,0.0,0.0,0.0,0.0,0.0,11.0,16.0,5.0,14.430379746835442,1.8237461945201094,16.0,0.0,1.0,1.0,0.26582278481012656,0.3903220637718315,0.0,0.0,3.0,3.0,1.7088607594936709,0.908508251882711,2.0,0.0,0.0,0.0,0.0,0.0,0.0,0.0,0.0,0.0,0.0,0.0,0.0,1.0,3.0,2.0,1.9746835443037971,0.5181861881108798,2.0,16.33,34.7633333333,18.4333333333,29.092911392388608,6.785345297219258,34.7633333333,0.0,0.464,0.464,0.2290632911392405,0.23196282647011696,0.464,0.0,0.0,0.0,0.0,0.0,0.0,152.0,225.0,73.0,174.77215189873414,26.703412914597003,152.0,1.7341772151898733,2.6962025316455693,10.0,0.0,0.12017543859649123,0.1868421052631579,0.6929824561403509,0.0,8.675264444989203,0.114425727411945,0.05,1.0,0.0,0.26582278481012656,0.24050632911392403,0.49367088607594933,300.0,,
1-s2.0-S0167577X08002243-main.pdf,10.1016/j.matlet.2008.02.039,AgSbTe2,"(AgSbTe2)1-x(Ag2Te)x, x=0.05",(AgSbTe2)0.95(Ag2Te)0.05,Ag2Te,x=0.05,unclear,,Ag2Te (x=0.05) @ unclear site,figure,Fig. 2,Visually estimated from Fig. 2 at 4.5 GPa,75.0,uV/K,False,47.0,52.0,5.0,50.430379746835435,1.8237461945201128,52.0,65.0,90.0,25.0,82.15189873417721,9.118730972600547,90.0,107.8682,127.6,19.731799999999993,120.95028101265822,6.955030411792982,127.6,722.66,1234.93,512.2700000000001,902.3935443037974,177.4584361480532,722.66,11.0,16.0,5.0,14.430379746835442,1.8237461945201094,16.0,5.0,5.0,0.0,5.0,0.0,5.0,138.0,145.0,7.0,140.10126582278477,2.604390322063752,138.0,1.93,2.1,0.17000000000000015,2.042784810126582,0.05996154462425909,2.1,1.0,2.0,1.0,1.7341772151898733,0.39032206377183143,2.0,0.0,4.0,4.0,2.6962025316455693,1.4334241307482776,4.0,10.0,10.0,0.0,10.0,0.0,10.0,0.0,0.0,0.0,0.0,0.0,0.0,11.0,16.0,5.0,14.430379746835442,1.8237461945201094,16.0,0.0,1.0,1.0,0.26582278481012656,0.3903220637718315,0.0,0.0,3.0,3.0,1.7088607594936709,0.908508251882711,2.0,0.0,0.0,0.0,0.0,0.0,0.0,0.0,0.0,0.0,0.0,0.0,0.0,1.0,3.0,2.0,1.9746835443037971,0.5181861881108798,2.0,16.33,34.7633333333,18.4333333333,29.092911392388608,6.785345297219258,34.7633333333,0.0,0.464,0.464,0.2290632911392405,0.23196282647011696,0.464,0.0,0.0,0.0,0.0,0.0,0.0,152.0,225.0,73.0,174.77215189873414,26.703412914597003,152.0,1.7341772151898733,2.6962025316455693,10.0,0.0,0.12017543859649123,0.1868421052631579,0.6929824561403509,0.0,8.675264444989203,0.114425727411945,0.05,1.0,0.0,0.26582278481012656,0.24050632911392403,0.49367088607594933,300.0,,
1-s2.0-S0167577X08002243-main.pdf,10.1016/j.matlet.2008.02.039,AgSbTe2,"(AgSbTe2)1-x(Ag2Te)x, x=0.1",(AgSbTe2)0.9(Ag2Te)0.1,Ag2Te,x=0.1,unclear,,Ag2Te (x=0.1) @ unclear site,figure,Fig. 2,Visually estimated from Fig. 2 at 2.0 GPa,120.0,uV/K,False,47.0,52.0,5.0,50.35897435897436,1.894806048652203,52.0,65.0,90.0,25.0,81.79487179487178,9.474030243261018,90.0,107.8682,127.6,19.731799999999993,120.6869282051282,7.231077449046682,127.6,722.66,1234.93,512.2700000000001,908.9433333333334,183.88991452991456,722.66,11.0,16.0,5.0,14.358974358974358,1.894806048652203,16.0,5.0,5.0,0.0,4.999999999999999,8.881784197001252e-16,5.0,138.0,145.0,7.0,140.2051282051282,2.704799474030243,138.0,1.93,2.1,0.17000000000000015,2.0405128205128205,0.06234056541748854,2.1,1.0,2.0,1.0,1.717948717948718,0.4049967126890203,2.0,0.0,4.0,4.0,2.641025641025641,1.489809335963182,4.0,10.0,10.0,0.0,9.999999999999998,1.7763568394002505e-15,10.0,0.0,0.0,0.0,0.0,0.0,0.0,11.0,16.0,5.0,14.358974358974358,1.894806048652203,16.0,0.0,1.0,1.0,0.28205128205128205,0.4049967126890204,0.0,0.0,3.0,3.0,1.6666666666666665,0.9401709401709402,2.0,0.0,0.0,0.0,0.0,0.0,0.0,0.0,0.0,0.0,0.0,0.0,0.0,1.0,3.0,2.0,1.9487179487179487,0.5351742274819198,2.0,16.33,34.7633333333,18.4333333333,28.824957264941027,7.048437431505191,34.7633333333,0.0,0.464,0.464,0.22605128205128208,0.2318474687705457,0.464,0.0,0.0,0.0,0.0,0.0,0.0,152.0,225.0,73.0,175.82051282051282,27.742274819197895,152.0,1.717948717948718,2.641025641025641,9.999999999999998,0.0,0.11964285714285716,0.18392857142857144,0.6964285714285714,0.0,8.694517641902625,0.11682672233820472,0.1,1.0,0.0,0.28205128205128205,0.23076923076923075,0.48717948717948717,300.0,,
1-s2.0-S0167577X08002243-main.pdf,10.1016/j.matlet.2008.02.039,AgSbTe2,"(AgSbTe2)1-x(Ag2Te)x, x=0.1",(AgSbTe2)0.9(Ag2Te)0.1,Ag2Te,x=0.1,unclear,,Ag2Te (x=0.1) @ unclear site,figure,Fig. 2,Visually estimated from Fig. 2 at 4.5 GPa,65.0,uV/K,False,47.0,52.0,5.0,50.35897435897436,1.894806048652203,52.0,65.0,90.0,25.0,81.79487179487178,9.474030243261018,90.0,107.8682,127.6,19.731799999999993,120.6869282051282,7.231077449046682,127.6,722.66,1234.93,512.2700000000001,908.9433333333334,183.88991452991456,722.66,11.0,16.0,5.0,14.358974358974358,1.894806048652203,16.0,5.0,5.0,0.0,4.999999999999999,8.881784197001252e-16,5.0,138.0,145.0,7.0,140.2051282051282,2.704799474030243,138.0,1.93,2.1,0.17000000000000015,2.0405128205128205,0.06234056541748854,2.1,1.0,2.0,1.0,1.717948717948718,0.4049967126890203,2.0,0.0,4.0,4.0,2.641025641025641,1.489809335963182,4.0,10.0,10.0,0.0,9.999999999999998,1.7763568394002505e-15,10.0,0.0,0.0,0.0,0.0,0.0,0.0,11.0,16.0,5.0,14.358974358974358,1.894806048652203,16.0,0.0,1.0,1.0,0.28205128205128205,0.4049967126890204,0.0,0.0,3.0,3.0,1.6666666666666665,0.9401709401709402,2.0,0.0,0.0,0.0,0.0,0.0,0.0,0.0,0.0,0.0,0.0,0.0,0.0,1.0,3.0,2.0,1.9487179487179487,0.5351742274819198,2.0,16.33,34.7633333333,18.4333333333,28.824957264941027,7.048437431505191,34.7633333333,0.0,0.464,0.464,0.22605128205128208,0.2318474687705457,0.464,0.0,0.0,0.0,0.0,0.0,0.0,152.0,225.0,73.0,175.82051282051282,27.742274819197895,152.0,1.717948717948718,2.641025641025641,9.999999999999998,0.0,0.11964285714285716,0.18392857142857144,0.6964285714285714,0.0,8.694517641902625,0.11682672233820472,0.1,1.0,0.0,0.28205128205128205,0.23076923076923075,0.48717948717948717,300.0,,
1-s2.0-S0167577X08002243-main.pdf,10.1016/j.matlet.2008.02.039,AgSbTe2,"(AgSbTe2)1-x(Ag2Te)x, x=0.2",(AgSbTe2)0.8(Ag2Te)0.2,Ag2Te,x=0.2,unclear,,Ag2Te (x=0.2) @ unclear site,figure,Fig. 2,Visually estimated from Fig. 2 at 2.0 GPa,110.0,uV/K,False,47.0,52.0,5.0,50.21052631578948,2.0277008310249287,52.0,65.0,90.0,25.0,81.05263157894737,10.138504155124654,90.0,107.8682,127.6,19.731799999999993,120.13943157894738,7.750251523545701,127.6,722.66,1234.93,512.2700000000001,922.5600000000002,197.28631578947383,722.66,11.0,16.0,5.0,14.210526315789474,2.0277008310249305,16.0,5.0,5.0,0.0,5.0,0.0,5.0,138.0,145.0,7.0,140.42105263157896,2.891966759002775,138.0,1.93,2.1,0.17000000000000015,2.035789473684211,0.06681440443213288,2.1,1.0,2.0,1.0,1.6842105263157896,0.4321329639889197,2.0,0.0,4.0,4.0,2.5263157894736845,1.5955678670360112,4.0,10.0,10.0,0.0,10.0,0.0,10.0,0.0,0.0,0.0,0.0,0.0,0.0,11.0,16.0,5.0,14.210526315789474,2.0277008310249305,16.0,0.0,1.0,1.0,0.31578947368421056,0.43213296398891976,0.0,0.0,3.0,3.0,1.5789473684210527,0.9972299168975072,2.0,0.0,0.0,0.0,0.0,0.0,0.0,0.0,0.0,0.0,0.0,0.0,0.0,1.0,3.0,2.0,1.8947368421052635,0.5650969529085872,2.0,16.33,34.7633333333,18.4333333333,28.267894736826314,7.5397229916797786,34.7633333333,0.0,0.464,0.464,0.21978947368421056,0.23135734072022163,0.464,0.0,0.0,0.0,0.0,0.0,0.0,152.0,225.0,73.0,178.00000000000003,29.684210526315805,152.0,1.6842105263157896,2.5263157894736845,10.0,0.0,0.11851851851851852,0.17777777777777778,0.7037037037037037,0.0,8.69674635795183,0.12157894736842118,0.2,1.0,0.0,0.31578947368421056,0.2105263157894737,0.4736842105263158,300.0,,
1-s2.0-S0167577X08002243-main.pdf,10.1016/j.matlet.2008.02.039,AgSbTe2,"(AgSbTe2)1-x(Ag2Te)x, x=0.2",(AgSbTe2)0.8(Ag2Te)0.2,Ag2Te,x=0.2,unclear,,Ag2Te (x=0.2) @ unclear site,figure,Fig. 2,Visually estimated from Fig. 2 at 4.5 GPa,59.99999999999999,uV/K,False,47.0,52.0,5.0,50.21052631578948,2.0277008310249287,52.0,65.0,90.0,25.0,81.05263157894737,10.138504155124654,90.0,107.8682,127.6,19.731799999999993,120.13943157894738,7.750251523545701,127.6,722.66,1234.93,512.2700000000001,922.5600000000002,197.28631578947383,722.66,11.0,16.0,5.0,14.210526315789474,2.0277008310249305,16.0,5.0,5.0,0.0,5.0,0.0,5.0,138.0,145.0,7.0,140.42105263157896,2.891966759002775,138.0,1.93,2.1,0.17000000000000015,2.035789473684211,0.06681440443213288,2.1,1.0,2.0,1.0,1.6842105263157896,0.4321329639889197,2.0,0.0,4.0,4.0,2.5263157894736845,1.5955678670360112,4.0,10.0,10.0,0.0,10.0,0.0,10.0,0.0,0.0,0.0,0.0,0.0,0.0,11.0,16.0,5.0,14.210526315789474,2.0277008310249305,16.0,0.0,1.0,1.0,0.31578947368421056,0.43213296398891976,0.0,0.0,3.0,3.0,1.5789473684210527,0.9972299168975072,2.0,0.0,0.0,0.0,0.0,0.0,0.0,0.0,0.0,0.0,0.0,0.0,0.0,1.0,3.0,2.0,1.8947368421052635,0.5650969529085872,2.0,16.33,34.7633333333,18.4333333333,28.267894736826314,7.5397229916797786,34.7633333333,0.0,0.464,0.464,0.21978947368421056,0.23135734072022163,0.464,0.0,0.0,0.0,0.0,0.0,0.0,152.0,225.0,73.0,178.00000000000003,29.684210526315805,152.0,1.6842105263157896,2.5263157894736845,10.0,0.0,0.11851851851851852,0.17777777777777778,0.7037037037037037,0.0,8.69674635795183,0.12157894736842118,0.2,1.0,0.0,0.31578947368421056,0.2105263157894737,0.4736842105263158,300.0,,
1-s2.0-S0925838810006912-main.pdf,10.1016/j.jallcom.2010.03.170,AgxSb2-xTe3-x,Ag0.78Sb1.22Te2.22,Ag0.78Sb1.22Te2.22,,,,,,Table 1,,,188.0,uV/K,False,47.0,52.0,5.0,50.78672985781989,1.3998337863031007,52.0,65.0,90.0,25.0,83.93364928909952,6.9991689315154675,90.0,107.8682,127.6,19.731799999999993,122.26454881516587,5.6136026684036695,127.6,722.66,1234.93,512.2700000000001,869.7066824644548,154.71262325644076,722.66,11.0,16.0,5.0,14.786729857819905,1.3998337863030927,16.0,5.0,5.0,0.0,5.0,0.0,5.0,138.0,145.0,7.0,139.58293838862556,2.002515666763981,138.0,1.93,2.1,0.17000000000000015,2.054123222748815,0.04826845758181544,2.1,1.0,2.0,1.0,1.815165876777251,0.30134094023045316,2.0,0.0,4.0,4.0,2.971563981042654,1.0984928460726398,4.0,10.0,10.0,0.0,10.0,0.0,10.0,0.0,0.0,0.0,0.0,0.0,0.0,11.0,16.0,5.0,14.786729857819905,1.3998337863030927,16.0,0.0,1.0,1.0,0.18483412322274878,0.301340940230453,0.0,0.0,3.0,3.0,1.919431279620853,0.7095527953100784,2.0,0.0,0.0,0.0,0.0,0.0,0.0,0.0,0.0,0.0,0.0,0.0,0.0,1.0,3.0,2.0,2.104265402843602,0.5179128950382964,2.0,16.33,34.7633333333,18.4333333333,30.43014218007725,5.212374834341352,34.7633333333,0.0,0.464,0.464,0.24409478672985782,0.23136946609465195,0.464,0.0,0.0,0.0,0.0,0.0,0.0,152.0,225.0,73.0,169.54028436018956,20.50169582893465,152.0,1.815165876777251,2.971563981042654,10.0,0.0,0.12275641025641024,0.20096153846153847,0.6762820512820513,0.0,8.387046848347337,0.10089472512797701,,0.0,0.0,0.18483412322274878,0.28909952606635064,0.5260663507109005,300.0,,
1-s2.0-S0925838810006912-main.pdf,10.1016/j.jallcom.2010.03.170,AgxSb2-xTe3-x,Ag0.81Sb1.19Te2.19,Ag0.81Sb1.19Te2.19,,,,,,Table 1,,,230.99999999999997,uV/K,False,47.0,52.0,5.0,50.74940334128878,1.4496499792095054,52.0,65.0,90.0,25.0,83.74701670644392,7.248249896047527,90.0,107.8682,127.6,19.731799999999993,122.12688353221958,5.721300746748989,127.6,722.66,1234.93,512.2700000000001,873.1305250596661,157.2937708260947,722.66,11.0,16.0,5.0,14.749403341288783,1.4496499792095054,16.0,5.0,5.0,0.0,5.0,0.0,5.0,138.0,145.0,7.0,139.63723150357995,2.0734331656803064,138.0,1.93,2.1,0.17000000000000015,2.052935560859189,0.04919862611855717,2.1,1.0,2.0,1.0,1.8066825775656328,0.3118915932353995,2.0,0.0,4.0,4.0,2.942720763723151,1.1377583859741056,4.0,10.0,10.0,0.0,10.0,0.0,10.0,0.0,0.0,0.0,0.0,0.0,0.0,11.0,16.0,5.0,14.749403341288783,1.4496499792095054,16.0,0.0,1.0,1.0,0.1933174224343676,0.3118915932353997,0.0,0.0,3.0,3.0,1.8973747016706444,0.7335911734382923,2.0,0.0,0.0,0.0,0.0,0.0,0.0,0.0,0.0,0.0,0.0,0.0,0.0,1.0,3.0,2.0,2.0906921241050123,0.516504234995244,2.0,16.33,34.7633333333,18.4333333333,30.290071599027925,5.397450117046594,34.7633333333,0.0,0.464,0.464,0.2425202863961814,0.23152294644026866,0.464,0.0,0.0,0.0,0.0,0.0,0.0,152.0,225.0,73.0,170.08830548926016,21.23077448863929,152.0,1.8066825775656328,2.942720763723151,10.0,0.0,0.12249190938511328,0.19951456310679616,0.6779935275080906,0.0,8.433427485206984,0.10246000112277566,,0.0,0.0,0.1933174224343676,0.2840095465393795,0.5226730310262531,300.0,,
1-s2.0-S0925838810006912-main.pdf,10.1016/j.jallcom.2010.03.170,AgxSb2-xTe3-x,Ag0.84Sb1.16Te2.16,Ag0.84Sb1.16Te2.16,,,,,,Table 1,,,294.99999999999994,uV/K,False,47.0,52.0,5.0,50.71153846153845,1.498890532544384,52.0,65.0,90.0,25.0,83.5576923076923,7.494452662721894,90.0,107.8682,127.6,19.731799999999993,121.98723269230769,5.8286429733727765,127.6,722.66,1234.93,512.2700000000001,876.6037499999999,159.86466346153847,722.66,11.0,16.0,5.0,14.711538461538462,1.4988905325443784,16.0,5.0,5.0,0.0,5.0,0.0,5.0,138.0,145.0,7.0,139.69230769230768,2.1434911242603474,138.0,1.93,2.1,0.17000000000000015,2.051730769230769,0.05012573964497053,2.1,1.0,2.0,1.0,1.7980769230769231,0.3223002958579881,2.0,0.0,4.0,4.0,2.9134615384615388,1.17659023668639,4.0,10.0,10.0,0.0,10.0,0.0,10.0,0.0,0.0,0.0,0.0,0.0,0.0,11.0,16.0,5.0,14.711538461538462,1.4988905325443784,16.0,0.0,1.0,1.0,0.2019230769230769,0.32230029585798814,0.0,0.0,3.0,3.0,1.875,0.7572115384615384,2.0,0.0,0.0,0.0,0.0,0.0,0.0,0.0,0.0,0.0,0.0,0.0,0.0,1.0,3.0,2.0,2.076923076923077,0.5147928994082841,2.0,16.33,34.7633333333,18.4333333333,30.147980769213458,5.580338387566975,34.7633333333,0.0,0.464,0.464,0.2409230769230769,0.23165680473372785,0.464,0.0,0.0,0.0,0.0,0.0,0.0,152.0,225.0,73.0,170.64423076923077,21.951368343195266,152.0,1.7980769230769231,2.9134615384615388,10.0,0.0,0.12222222222222222,0.19803921568627453,0.6797385620915033,0.0,8.476351979415439,0.10400725294650968,,0.0,0.0,0.2019230769230769,0.2788461538461538,0.5192307692307693,300.0,,
1-s2.0-S0925838810006912-main.pdf,10.1016/j.jallcom.2010.03.170,AgxSb2-xTe3-x,Ag0.87Sb1.13Te2.13,Ag0.87Sb1.13Te2.13,,,,,,Table 1,,,250.0,uV/K,False,47.0,52.0,5.0,50.673123486682805,1.5475144956000235,52.0,65.0,90.0,25.0,83.36561743341403,7.7375724780001125,90.0,107.8682,127.6,19.731799999999993,121.84555302663436,5.935579686812958,127.6,722.66,1234.93,512.2700000000001,880.1274334140436,162.4240354343404,722.66,11.0,16.0,5.0,14.673123486682808,1.5475144956000215,16.0,5.0,5.0,0.0,5.0,0.0,5.0,138.0,145.0,7.0,139.74818401937048,2.2126294930497474,138.0,1.93,2.1,0.17000000000000015,2.050508474576271,0.051049370049657435,2.1,1.0,2.0,1.0,1.7893462469733656,0.3325574987248562,2.0,0.0,4.0,4.0,2.883777239709443,1.214956996875165,4.0,10.0,10.0,0.0,10.0,0.0,10.0,0.0,0.0,0.0,0.0,0.0,0.0,11.0,16.0,5.0,14.673123486682808,1.5475144956000215,16.0,0.0,1.0,1.0,0.2106537530266344,0.33255749872485624,0.0,0.0,3.0,3.0,1.8523002421307506,0.7803879954739724,2.0,0.0,0.0,0.0,0.0,0.0,0.0,0.0,0.0,0.0,0.0,0.0,0.0,1.0,3.0,2.0,2.0629539951573848,0.5127660946596391,2.0,16.33,34.7633333333,18.4333333333,30.00382566584237,5.760885389483227,34.7633333333,0.0,0.464,0.464,0.23930266343825665,0.231770134080636,0.464,0.0,0.0,0.0,0.0,0.0,0.0,152.0,225.0,73.0,171.20823244552057,22.662875434574858,152.0,1.7893462469733656,2.883777239709443,10.0,0.0,0.12194719471947195,0.19653465346534654,0.6815181518151815,0.0,8.515777193579504,0.1055375636550897,,0.0,0.0,0.2106537530266344,0.27360774818401934,0.5157384987893462,300.0,,
1-s2.0-S0925838810006912-main.pdf,10.1016/j.jallcom.2010.03.170,AgxSb2-xTe3-x,Ag0.90Sb1.10Te2.10,Ag0.90Sb1.10Te2.10,,,,,,Table 1,,,281.0,uV/K,False,47.0,52.0,5.0,50.63414634146343,1.5954788816180774,52.0,65.0,90.0,25.0,83.17073170731707,7.977394408090422,90.0,107.8682,127.6,19.731799999999993,121.7018,6.073287804878045,127.6,722.66,1234.93,512.2700000000001,883.7026829268294,164.97055324211783,722.66,11.0,16.0,5.0,14.634146341463415,1.5954788816180845,16.0,5.0,5.0,0.0,5.0,0.0,5.0,138.0,145.0,7.0,139.80487804878052,2.2807852468768792,138.0,1.93,2.1,0.17000000000000015,2.0492682926829273,0.05236168947055298,2.1,1.0,2.0,1.0,1.780487804878049,0.34265318262938715,2.0,0.0,4.0,4.0,2.853658536585366,1.2528256989886974,4.0,10.0,10.0,0.0,10.0,0.0,10.0,0.0,0.0,0.0,0.0,0.0,0.0,11.0,16.0,5.0,14.634146341463415,1.5954788816180845,16.0,0.0,1.0,1.0,0.21951219512195125,0.3426531826293874,0.0,0.0,3.0,3.0,1.829268292682927,0.8030933967876266,2.0,0.0,0.0,0.0,0.0,0.0,0.0,0.0,0.0,0.0,0.0,0.0,0.0,1.0,3.0,2.0,2.048780487804878,0.5104104699583581,2.0,16.33,34.7633333333,18.4333333333,29.857560975592683,5.938929208796786,34.7633333333,0.0,0.464,0.464,0.2376585365853659,0.23186198691255208,0.464,0.0,0.0,0.0,0.0,0.0,0.0,152.0,225.0,73.0,171.78048780487805,23.364663890541348,152.0,1.780487804878049,2.853658536585366,10.0,0.0,0.12166666666666667,0.195,0.6833333333333333,0.0,8.551650782787032,0.10705202312138744,,0.0,0.0,0.21951219512195125,0.26829268292682934,0.5121951219512195,300.0,,
1-s2.0-S0925838810006912-main.pdf,10.1016/j.jallcom.2010.03.170,AgxSb2-xTe3-x,Ag0.93Sb1.07Te2.07,Ag0.93Sb1.07Te2.07,,,,,,Table 1,,,254.0,uV/K,False,47.0,52.0,5.0,50.59459459459459,1.6427385616574834,52.0,65.0,90.0,25.0,82.97297297297297,8.213692808287403,90.0,107.8682,127.6,19.731799999999993,121.55592776412774,6.255325218987144,127.6,722.66,1234.93,512.2700000000001,887.3306388206388,167.50281196988814,722.66,11.0,16.0,5.0,14.594594594594593,1.6427385616574812,16.0,5.0,5.0,0.0,5.0,0.0,5.0,138.0,145.0,7.0,139.86240786240785,2.3478922299561047,138.0,1.93,2.1,0.17000000000000015,2.048009828009828,0.0539307813509289,2.1,1.0,2.0,1.0,1.7714987714987713,0.35257683414931584,2.0,0.0,4.0,4.0,2.8230958230958225,1.2901617275081652,4.0,10.0,10.0,0.0,10.0,0.0,10.0,0.0,0.0,0.0,0.0,0.0,0.0,11.0,16.0,5.0,14.594594594594593,1.6427385616574812,16.0,0.0,1.0,1.0,0.2285012285012285,0.35257683414931573,0.0,0.0,3.0,3.0,1.8058968058968057,0.8252992773877296,2.0,0.0,0.0,0.0,0.0,0.0,0.0,0.0,0.0,0.0,0.0,0.0,0.0,1.0,3.0,2.0,2.034398034398034,0.5077120900216722,2.0,16.33,34.7633333333,18.4333333333,29.709140049123093,6.114299875029227,34.7633333333,0.0,0.464,0.464,0.23599017199017197,0.23193137296331398,0.464,0.0,0.0,0.0,0.0,0.0,0.0,152.0,225.0,73.0,172.36117936117935,24.05607036565267,152.0,1.7714987714987713,2.8230958230958225,10.0,0.0,0.12138047138047138,0.1934343434343434,0.6851851851851852,0.0,8.583911228633196,0.10855173219606255,,0.0,0.0,0.2285012285012285,0.2628992628992629,0.5085995085995085,300.0,,
1-s2.0-S0925838810006912-main.pdf,10.1016/j.jallcom.2010.03.170,AgxSb2-xTe3-x,Ag0.78Sb1.22Te2.22,Ag0.78Sb1.22Te2.22,Ag,0.78,Ag,,Ag (0.78) @ Ag site,table,Table 1,Room temperature value,188.0,uV/K,False,47.0,52.0,5.0,50.78672985781989,1.3998337863031007,52.0,65.0,90.0,25.0,83.93364928909952,6.9991689315154675,90.0,107.8682,127.6,19.731799999999993,122.26454881516587,5.6136026684036695,127.6,722.66,1234.93,512.2700000000001,869.7066824644548,154.71262325644076,722.66,11.0,16.0,5.0,14.786729857819905,1.3998337863030927,16.0,5.0,5.0,0.0,5.0,0.0,5.0,138.0,145.0,7.0,139.58293838862556,2.002515666763981,138.0,1.93,2.1,0.17000000000000015,2.054123222748815,0.04826845758181544,2.1,1.0,2.0,1.0,1.815165876777251,0.30134094023045316,2.0,0.0,4.0,4.0,2.971563981042654,1.0984928460726398,4.0,10.0,10.0,0.0,10.0,0.0,10.0,0.0,0.0,0.0,0.0,0.0,0.0,11.0,16.0,5.0,14.786729857819905,1.3998337863030927,16.0,0.0,1.0,1.0,0.18483412322274878,0.301340940230453,0.0,0.0,3.0,3.0,1.919431279620853,0.7095527953100784,2.0,0.0,0.0,0.0,0.0,0.0,0.0,0.0,0.0,0.0,0.0,0.0,0.0,1.0,3.0,2.0,2.104265402843602,0.5179128950382964,2.0,16.33,34.7633333333,18.4333333333,30.43014218007725,5.212374834341352,34.7633333333,0.0,0.464,0.464,0.24409478672985782,0.23136946609465195,0.464,0.0,0.0,0.0,0.0,0.0,0.0,152.0,225.0,73.0,169.54028436018956,20.50169582893465,152.0,1.815165876777251,2.971563981042654,10.0,0.0,0.12275641025641024,0.20096153846153847,0.6762820512820513,0.0,8.387046848347337,0.10089472512797701,0.78,1.0,0.0,0.18483412322274878,0.28909952606635064,0.5260663507109005,300.0,0.0,0.0
1-s2.0-S0925838810006912-main.pdf,10.1016/j.jallcom.2010.03.170,AgxSb2-xTe3-x,Ag0.81Sb1.19Te2.19,Ag0.81Sb1.19Te2.19,Ag,0.81,Ag,,Ag (0.81) @ Ag site,table,Table 1,Room temperature value,230.99999999999997,uV/K,False,47.0,52.0,5.0,50.74940334128878,1.4496499792095054,52.0,65.0,90.0,25.0,83.74701670644392,7.248249896047527,90.0,107.8682,127.6,19.731799999999993,122.12688353221958,5.721300746748989,127.6,722.66,1234.93,512.2700000000001,873.1305250596661,157.2937708260947,722.66,11.0,16.0,5.0,14.749403341288783,1.4496499792095054,16.0,5.0,5.0,0.0,5.0,0.0,5.0,138.0,145.0,7.0,139.63723150357995,2.0734331656803064,138.0,1.93,2.1,0.17000000000000015,2.052935560859189,0.04919862611855717,2.1,1.0,2.0,1.0,1.8066825775656328,0.3118915932353995,2.0,0.0,4.0,4.0,2.942720763723151,1.1377583859741056,4.0,10.0,10.0,0.0,10.0,0.0,10.0,0.0,0.0,0.0,0.0,0.0,0.0,11.0,16.0,5.0,14.749403341288783,1.4496499792095054,16.0,0.0,1.0,1.0,0.1933174224343676,0.3118915932353997,0.0,0.0,3.0,3.0,1.8973747016706444,0.7335911734382923,2.0,0.0,0.0,0.0,0.0,0.0,0.0,0.0,0.0,0.0,0.0,0.0,0.0,1.0,3.0,2.0,2.0906921241050123,0.516504234995244,2.0,16.33,34.7633333333,18.4333333333,30.290071599027925,5.397450117046594,34.7633333333,0.0,0.464,0.464,0.2425202863961814,0.23152294644026866,0.464,0.0,0.0,0.0,0.0,0.0,0.0,152.0,225.0,73.0,170.08830548926016,21.23077448863929,152.0,1.8066825775656328,2.942720763723151,10.0,0.0,0.12249190938511328,0.19951456310679616,0.6779935275080906,0.0,8.433427485206984,0.10246000112277566,0.81,1.0,0.0,0.1933174224343676,0.2840095465393795,0.5226730310262531,300.0,0.0,0.0
1-s2.0-S0925838810006912-main.pdf,10.1016/j.jallcom.2010.03.170,AgxSb2-xTe3-x,Ag0.84Sb1.16Te2.16,Ag0.84Sb1.16Te2.16,Ag,0.84,Ag,,Ag (0.84) @ Ag site,table,Table 1,Room temperature value,294.99999999999994,uV/K,False,47.0,52.0,5.0,50.71153846153845,1.498890532544384,52.0,65.0,90.0,25.0,83.5576923076923,7.494452662721894,90.0,107.8682,127.6,19.731799999999993,121.98723269230769,5.8286429733727765,127.6,722.66,1234.93,512.2700000000001,876.6037499999999,159.86466346153847,722.66,11.0,16.0,5.0,14.711538461538462,1.4988905325443784,16.0,5.0,5.0,0.0,5.0,0.0,5.0,138.0,145.0,7.0,139.69230769230768,2.1434911242603474,138.0,1.93,2.1,0.17000000000000015,2.051730769230769,0.05012573964497053,2.1,1.0,2.0,1.0,1.7980769230769231,0.3223002958579881,2.0,0.0,4.0,4.0,2.9134615384615388,1.17659023668639,4.0,10.0,10.0,0.0,10.0,0.0,10.0,0.0,0.0,0.0,0.0,0.0,0.0,11.0,16.0,5.0,14.711538461538462,1.4988905325443784,16.0,0.0,1.0,1.0,0.2019230769230769,0.32230029585798814,0.0,0.0,3.0,3.0,1.875,0.7572115384615384,2.0,0.0,0.0,0.0,0.0,0.0,0.0,0.0,0.0,0.0,0.0,0.0,0.0,1.0,3.0,2.0,2.076923076923077,0.5147928994082841,2.0,16.33,34.7633333333,18.4333333333,30.147980769213458,5.580338387566975,34.7633333333,0.0,0.464,0.464,0.2409230769230769,0.23165680473372785,0.464,0.0,0.0,0.0,0.0,0.0,0.0,152.0,225.0,73.0,170.64423076923077,21.951368343195266,152.0,1.7980769230769231,2.9134615384615388,10.0,0.0,0.12222222222222222,0.19803921568627453,0.6797385620915033,0.0,8.476351979415439,0.10400725294650968,0.84,1.0,0.0,0.2019230769230769,0.2788461538461538,0.5192307692307693,300.0,0.0,0.0
1-s2.0-S0925838810006912-main.pdf,10.1016/j.jallcom.2010.03.170,AgxSb2-xTe3-x,Ag0.87Sb1.13Te2.13,Ag0.87Sb1.13Te2.13,Ag,0.87,Ag,,Ag (0.87) @ Ag site,table,Table 1,Room temperature value,250.0,uV/K,False,47.0,52.0,5.0,50.673123486682805,1.5475144956000235,52.0,65.0,90.0,25.0,83.36561743341403,7.7375724780001125,90.0,107.8682,127.6,19.731799999999993,121.84555302663436,5.935579686812958,127.6,722.66,1234.93,512.2700000000001,880.1274334140436,162.4240354343404,722.66,11.0,16.0,5.0,14.673123486682808,1.5475144956000215,16.0,5.0,5.0,0.0,5.0,0.0,5.0,138.0,145.0,7.0,139.74818401937048,2.2126294930497474,138.0,1.93,2.1,0.17000000000000015,2.050508474576271,0.051049370049657435,2.1,1.0,2.0,1.0,1.7893462469733656,0.3325574987248562,2.0,0.0,4.0,4.0,2.883777239709443,1.214956996875165,4.0,10.0,10.0,0.0,10.0,0.0,10.0,0.0,0.0,0.0,0.0,0.0,0.0,11.0,16.0,5.0,14.673123486682808,1.5475144956000215,16.0,0.0,1.0,1.0,0.2106537530266344,0.33255749872485624,0.0,0.0,3.0,3.0,1.8523002421307506,0.7803879954739724,2.0,0.0,0.0,0.0,0.0,0.0,0.0,0.0,0.0,0.0,0.0,0.0,0.0,1.0,3.0,2.0,2.0629539951573848,0.5127660946596391,2.0,16.33,34.7633333333,18.4333333333,30.00382566584237,5.760885389483227,34.7633333333,0.0,0.464,0.464,0.23930266343825665,0.231770134080636,0.464,0.0,0.0,0.0,0.0,0.0,0.0,152.0,225.0,73.0,171.20823244552057,22.662875434574858,152.0,1.7893462469733656,2.883777239709443,10.0,0.0,0.12194719471947195,0.19653465346534654,0.6815181518151815,0.0,8.515777193579504,0.1055375636550897,0.87,1.0,0.0,0.2106537530266344,0.27360774818401934,0.5157384987893462,300.0,0.0,0.0
1-s2.0-S0925838810006912-main.pdf,10.1016/j.jallcom.2010.03.170,AgxSb2-xTe3-x,Ag0.90Sb1.10Te2.10,Ag0.90Sb1.10Te2.10,Ag,0.90,Ag,,Ag (0.90) @ Ag site,table,Table 1,Room temperature value,281.0,uV/K,False,47.0,52.0,5.0,50.63414634146343,1.5954788816180774,52.0,65.0,90.0,25.0,83.17073170731707,7.977394408090422,90.0,107.8682,127.6,19.731799999999993,121.7018,6.073287804878045,127.6,722.66,1234.93,512.2700000000001,883.7026829268294,164.97055324211783,722.66,11.0,16.0,5.0,14.634146341463415,1.5954788816180845,16.0,5.0,5.0,0.0,5.0,0.0,5.0,138.0,145.0,7.0,139.80487804878052,2.2807852468768792,138.0,1.93,2.1,0.17000000000000015,2.0492682926829273,0.05236168947055298,2.1,1.0,2.0,1.0,1.780487804878049,0.34265318262938715,2.0,0.0,4.0,4.0,2.853658536585366,1.2528256989886974,4.0,10.0,10.0,0.0,10.0,0.0,10.0,0.0,0.0,0.0,0.0,0.0,0.0,11.0,16.0,5.0,14.634146341463415,1.5954788816180845,16.0,0.0,1.0,1.0,0.21951219512195125,0.3426531826293874,0.0,0.0,3.0,3.0,1.829268292682927,0.8030933967876266,2.0,0.0,0.0,0.0,0.0,0.0,0.0,0.0,0.0,0.0,0.0,0.0,0.0,1.0,3.0,2.0,2.048780487804878,0.5104104699583581,2.0,16.33,34.7633333333,18.4333333333,29.857560975592683,5.938929208796786,34.7633333333,0.0,0.464,0.464,0.2376585365853659,0.23186198691255208,0.464,0.0,0.0,0.0,0.0,0.0,0.0,152.0,225.0,73.0,171.78048780487805,23.364663890541348,152.0,1.780487804878049,2.853658536585366,10.0,0.0,0.12166666666666667,0.195,0.6833333333333333,0.0,8.551650782787032,0.10705202312138744,0.9,1.0,0.0,0.21951219512195125,0.26829268292682934,0.5121951219512195,300.0,0.0,0.0
1-s2.0-S0925838810006912-main.pdf,10.1016/j.jallcom.2010.03.170,AgxSb2-xTe3-x,Ag0.93Sb1.07Te2.07,Ag0.93Sb1.07Te2.07,Ag,0.93,Ag,,Ag (0.93) @ Ag site,table,Table 1,Room temperature value,254.0,uV/K,False,47.0,52.0,5.0,50.59459459459459,1.6427385616574834,52.0,65.0,90.0,25.0,82.97297297297297,8.213692808287403,90.0,107.8682,127.6,19.731799999999993,121.55592776412774,6.255325218987144,127.6,722.66,1234.93,512.2700000000001,887.3306388206388,167.50281196988814,722.66,11.0,16.0,5.0,14.594594594594593,1.6427385616574812,16.0,5.0,5.0,0.0,5.0,0.0,5.0,138.0,145.0,7.0,139.86240786240785,2.3478922299561047,138.0,1.93,2.1,0.17000000000000015,2.048009828009828,0.0539307813509289,2.1,1.0,2.0,1.0,1.7714987714987713,0.35257683414931584,2.0,0.0,4.0,4.0,2.8230958230958225,1.2901617275081652,4.0,10.0,10.0,0.0,10.0,0.0,10.0,0.0,0.0,0.0,0.0,0.0,0.0,11.0,16.0,5.0,14.594594594594593,1.6427385616574812,16.0,0.0,1.0,1.0,0.2285012285012285,0.35257683414931573,0.0,0.0,3.0,3.0,1.8058968058968057,0.8252992773877296,2.0,0.0,0.0,0.0,0.0,0.0,0.0,0.0,0.0,0.0,0.0,0.0,0.0,1.0,3.0,2.0,2.034398034398034,0.5077120900216722,2.0,16.33,34.7633333333,18.4333333333,29.709140049123093,6.114299875029227,34.7633333333,0.0,0.464,0.464,0.23599017199017197,0.23193137296331398,0.464,0.0,0.0,0.0,0.0,0.0,0.0,152.0,225.0,73.0,172.36117936117935,24.05607036565267,152.0,1.7714987714987713,2.8230958230958225,10.0,0.0,0.12138047138047138,0.1934343434343434,0.6851851851851852,0.0,8.583911228633196,0.10855173219606255,0.93,1.0,0.0,0.2285012285012285,0.2628992628992629,0.5085995085995085,300.0,0.0,0.0
1-s2.0-S0925838819316007-main.pdf,10.1016/j.jallcom.2019.04.294,TlSbTe2,Tl0.98Yb0.02SbTe2,Tl0.98Yb0.02SbTe2,Yb,0.02,Tl,,Yb (0.02) @ Tl site,figure,Fig. 6b,Visually estimated from Fig. 6b,100.0,uV/K,False,51.0,81.0,30.0,58.945,10.9175,52.0,39.0,90.0,51.0,85.065,4.9350000000000005,90.0,121.76,204.3833,82.62329999999999,145.17917849999998,29.288767749999987,127.6,577.0,1092.0,515.0,734.0999999999999,88.41899999999997,722.66,3.0,16.0,13.0,14.95,1.0750000000000004,16.0,5.0,6.0,1.0,5.25,0.375,5.0,138.0,187.0,49.0,140.21,2.815000000000004,138.0,1.26,2.1,0.8400000000000001,1.9657,0.17644999999999997,2.1,2.0,2.0,0.0,2.0,0.0,2.0,0.0,4.0,4.0,2.995,1.0074999999999998,4.0,0.0,10.0,10.0,9.95,0.0995000000000007,10.0,0.0,14.0,14.0,3.4999999999999996,5.25,0.0,15.0,27.0,12.0,18.445,4.19195,16.0,0.0,0.0,0.0,0.0,0.0,0.0,0.0,5.0,5.0,2.975,1.00475,2.0,0.0,0.0,0.0,0.0,0.0,0.0,0.0,0.0,0.0,0.0,0.0,0.0,0.0,5.0,5.0,2.975,1.00475,2.0,26.91,34.7633333333,7.853333333299997,32.03521666665,2.7489644999834986,34.7633333333,0.0,0.464,0.464,0.232,0.232,0.464,0.0,0.0,0.0,0.0,0.0,0.0,152.0,225.0,73.0,166.155,14.232500000000002,152.0,2.0,2.995,9.95,3.4999999999999996,0.10843046896177826,0.16237462727026294,0.5394415830848468,0.18975332068311193,8.848505117923192,0.30508247669136984,0.02,1.0,0.0,0.0,0.25,0.5,300.0,,
1-s2.0-S0925838819316007-main.pdf,10.1016/j.jallcom.2019.04.294,TlSbTe2,Tl0.98Yb0.02SbTe2,Tl0.98Yb0.02SbTe2,Yb,0.02,Tl,,Yb (0.02) @ Tl site,figure,Fig. 6b,Visually estimated from Fig. 6b,225.0,uV/K,False,51.0,81.0,30.0,58.945,10.9175,52.0,39.0,90.0,51.0,85.065,4.9350000000000005,90.0,121.76,204.3833,82.62329999999999,145.17917849999998,29.288767749999987,127.6,577.0,1092.0,515.0,734.0999999999999,88.41899999999997,722.66,3.0,16.0,13.0,14.95,1.0750000000000004,16.0,5.0,6.0,1.0,5.25,0.375,5.0,138.0,187.0,49.0,140.21,2.815000000000004,138.0,1.26,2.1,0.8400000000000001,1.9657,0.17644999999999997,2.1,2.0,2.0,0.0,2.0,0.0,2.0,0.0,4.0,4.0,2.995,1.0074999999999998,4.0,0.0,10.0,10.0,9.95,0.0995000000000007,10.0,0.0,14.0,14.0,3.4999999999999996,5.25,0.0,15.0,27.0,12.0,18.445,4.19195,16.0,0.0,0.0,0.0,0.0,0.0,0.0,0.0,5.0,5.0,2.975,1.00475,2.0,0.0,0.0,0.0,0.0,0.0,0.0,0.0,0.0,0.0,0.0,0.0,0.0,0.0,5.0,5.0,2.975,1.00475,2.0,26.91,34.7633333333,7.853333333299997,32.03521666665,2.7489644999834986,34.7633333333,0.0,0.464,0.464,0.232,0.232,0.464,0.0,0.0,0.0,0.0,0.0,0.0,152.0,225.0,73.0,166.155,14.232500000000002,152.0,2.0,2.995,9.95,3.4999999999999996,0.10843046896177826,0.16237462727026294,0.5394415830848468,0.18975332068311193,8.848505117923192,0.30508247669136984,0.02,1.0,0.0,0.0,0.25,0.5,625.0,,
1-s2.0-S092583882601529X-main.pdf,10.1016/j.jallcom.2026.187461,Te(1-x)(AgSbTe2)x,"Te(1-x)(AgSbTe2)x, x=0.005",Te0.995(AgSbTe2)0.005,Ag,0.5%,unclear,Sb (0.5%) @ Te,Ag (0.5%) @ unclear site; Sb (0.5%) @ Te site,body text,,,149.0,uV/K,False,47.0,52.0,5.0,51.9704433497537,0.058530903443416216,52.0,65.0,90.0,25.0,89.85221674876848,0.292654517217102,90.0,107.8682,127.6,19.731799999999993,127.47403054187194,0.24945675944572795,127.6,722.66,1234.93,512.2700000000001,726.0757142857144,6.7641238564392845,722.66,11.0,16.0,5.0,15.970443349753698,0.0585309034434197,16.0,5.0,5.0,0.0,5.000000000000002,1.7763568394002505e-15,5.0,138.0,145.0,7.0,138.0394088669951,0.07804120459125878,138.0,1.93,2.1,0.17000000000000015,2.0989162561576364,0.0021461331262579643,2.1,1.0,2.0,1.0,1.9950738916256159,0.009803683661336002,2.0,0.0,4.0,4.0,3.975369458128079,0.04877575286951845,4.0,10.0,10.0,0.0,10.000000000000004,3.552713678800501e-15,10.0,0.0,0.0,0.0,0.0,0.0,0.0,11.0,16.0,5.0,15.970443349753698,0.0585309034434197,16.0,0.0,1.0,1.0,0.004926108374384238,0.009803683661336122,0.0,0.0,3.0,3.0,1.9950738916256163,0.019655900410104038,2.0,0.0,0.0,0.0,0.0,0.0,0.0,0.0,0.0,0.0,0.0,0.0,0.0,1.0,3.0,2.0,2.0000000000000004,0.009852216748768915,2.0,16.33,34.7633333333,18.4333333333,34.65674876843991,0.21106894125003467,34.7633333333,0.0,0.464,0.464,0.4594285714285715,0.009052779732582625,0.464,0.0,0.0,0.0,0.0,0.0,0.0,152.0,225.0,73.0,152.42857142857147,0.848698099929671,152.0,1.9950738916256159,3.975369458128079,10.000000000000004,0.0,0.12492288710672422,0.2489204194941394,0.6261566933991365,0.0,0.5167470147108454,0.11002481389578185,0.005,2.0,1.0,0.004926108374384238,0.004926108374384238,0.9901477832512318,300.0,,
1-s2.0-S092583882601529X-main.pdf,10.1016/j.jallcom.2026.187461,Te(1-x)(AgSbTe2)x,"Te(1-x)(AgSbTe2)x, x=0.005",Te0.995(AgSbTe2)0.005,Ag,0.5%,unclear,Sb (0.5%) @ Te,Ag (0.5%) @ unclear site; Sb (0.5%) @ Te site,body text,,,250.0,uV/K,False,47.0,52.0,5.0,51.9704433497537,0.058530903443416216,52.0,65.0,90.0,25.0,89.85221674876848,0.292654517217102,90.0,107.8682,127.6,19.731799999999993,127.47403054187194,0.24945675944572795,127.6,722.66,1234.93,512.2700000000001,726.0757142857144,6.7641238564392845,722.66,11.0,16.0,5.0,15.970443349753698,0.0585309034434197,16.0,5.0,5.0,0.0,5.000000000000002,1.7763568394002505e-15,5.0,138.0,145.0,7.0,138.0394088669951,0.07804120459125878,138.0,1.93,2.1,0.17000000000000015,2.0989162561576364,0.0021461331262579643,2.1,1.0,2.0,1.0,1.9950738916256159,0.009803683661336002,2.0,0.0,4.0,4.0,3.975369458128079,0.04877575286951845,4.0,10.0,10.0,0.0,10.000000000000004,3.552713678800501e-15,10.0,0.0,0.0,0.0,0.0,0.0,0.0,11.0,16.0,5.0,15.970443349753698,0.0585309034434197,16.0,0.0,1.0,1.0,0.004926108374384238,0.009803683661336122,0.0,0.0,3.0,3.0,1.9950738916256163,0.019655900410104038,2.0,0.0,0.0,0.0,0.0,0.0,0.0,0.0,0.0,0.0,0.0,0.0,0.0,1.0,3.0,2.0,2.0000000000000004,0.009852216748768915,2.0,16.33,34.7633333333,18.4333333333,34.65674876843991,0.21106894125003467,34.7633333333,0.0,0.464,0.464,0.4594285714285715,0.009052779732582625,0.464,0.0,0.0,0.0,0.0,0.0,0.0,152.0,225.0,73.0,152.42857142857147,0.848698099929671,152.0,1.9950738916256159,3.975369458128079,10.000000000000004,0.0,0.12492288710672422,0.2489204194941394,0.6261566933991365,0.0,0.5167470147108454,0.11002481389578185,0.005,2.0,1.0,0.004926108374384238,0.004926108374384238,0.9901477832512318,650.0,,
1-s2.0-S092583882601529X-main.pdf,10.1016/j.jallcom.2026.187461,Te(1-x)(AgSbTe2)x,x=0%,Te,,,,,,figure,Fig. 2a,Visually estimated from Fig. 2a,350.0,uV/K,False,52.0,52.0,0.0,52.0,0.0,52.0,90.0,90.0,0.0,90.0,0.0,90.0,127.6,127.6,0.0,127.6,0.0,127.6,722.66,722.66,0.0,722.66,0.0,722.66,16.0,16.0,0.0,16.0,0.0,16.0,5.0,5.0,0.0,5.0,0.0,5.0,138.0,138.0,0.0,138.0,0.0,138.0,2.1,2.1,0.0,2.1,0.0,2.1,2.0,2.0,0.0,2.0,0.0,2.0,4.0,4.0,0.0,4.0,0.0,4.0,10.0,10.0,0.0,10.0,0.0,10.0,0.0,0.0,0.0,0.0,0.0,0.0,16.0,16.0,0.0,16.0,0.0,16.0,0.0,0.0,0.0,0.0,0.0,0.0,2.0,2.0,0.0,2.0,0.0,2.0,0.0,0.0,0.0,0.0,0.0,0.0,0.0,0.0,0.0,0.0,0.0,0.0,2.0,2.0,0.0,2.0,0.0,2.0,34.7633333333,34.7633333333,0.0,34.7633333333,0.0,34.7633333333,0.464,0.464,0.0,0.464,0.0,0.464,0.0,0.0,0.0,0.0,0.0,0.0,152.0,152.0,0.0,152.0,0.0,152.0,2.0,4.0,10.0,0.0,0.125,0.25,0.625,0.0,-0.0,0.0,,0.0,0.0,0.0,0.0,1.0,300.0,,
1-s2.0-S092583882601529X-main.pdf,10.1016/j.jallcom.2026.187461,Te(1-x)(AgSbTe2)x,x=0%,Te,,,,,,figure,Fig. 2a,Visually estimated from Fig. 2a,150.0,uV/K,False,52.0,52.0,0.0,52.0,0.0,52.0,90.0,90.0,0.0,90.0,0.0,90.0,127.6,127.6,0.0,127.6,0.0,127.6,722.66,722.66,0.0,722.66,0.0,722.66,16.0,16.0,0.0,16.0,0.0,16.0,5.0,5.0,0.0,5.0,0.0,5.0,138.0,138.0,0.0,138.0,0.0,138.0,2.1,2.1,0.0,2.1,0.0,2.1,2.0,2.0,0.0,2.0,0.0,2.0,4.0,4.0,0.0,4.0,0.0,4.0,10.0,10.0,0.0,10.0,0.0,10.0,0.0,0.0,0.0,0.0,0.0,0.0,16.0,16.0,0.0,16.0,0.0,16.0,0.0,0.0,0.0,0.0,0.0,0.0,2.0,2.0,0.0,2.0,0.0,2.0,0.0,0.0,0.0,0.0,0.0,0.0,0.0,0.0,0.0,0.0,0.0,0.0,2.0,2.0,0.0,2.0,0.0,2.0,34.7633333333,34.7633333333,0.0,34.7633333333,0.0,34.7633333333,0.464,0.464,0.0,0.464,0.0,0.464,0.0,0.0,0.0,0.0,0.0,0.0,152.0,152.0,0.0,152.0,0.0,152.0,2.0,4.0,10.0,0.0,0.125,0.25,0.625,0.0,-0.0,0.0,,0.0,0.0,0.0,0.0,1.0,650.0,,
1-s2.0-S092583882601529X-main.pdf,10.1016/j.jallcom.2026.187461,Te(1-x)(AgSbTe2)x,x=0.5%,Te0.995(AgSbTe2)0.005,Ag,0.5%,unclear,Sb (0.5%) @ unclear,Ag (0.5%) @ unclear site; Sb (0.5%) @ unclear site,figure,Fig. 2a,Visually estimated from Fig. 2a,150.0,uV/K,False,47.0,52.0,5.0,51.9704433497537,0.058530903443416216,52.0,65.0,90.0,25.0,89.85221674876848,0.292654517217102,90.0,107.8682,127.6,19.731799999999993,127.47403054187194,0.24945675944572795,127.6,722.66,1234.93,512.2700000000001,726.0757142857144,6.7641238564392845,722.66,11.0,16.0,5.0,15.970443349753698,0.0585309034434197,16.0,5.0,5.0,0.0,5.000000000000002,1.7763568394002505e-15,5.0,138.0,145.0,7.0,138.0394088669951,0.07804120459125878,138.0,1.93,2.1,0.17000000000000015,2.0989162561576364,0.0021461331262579643,2.1,1.0,2.0,1.0,1.9950738916256159,0.009803683661336002,2.0,0.0,4.0,4.0,3.975369458128079,0.04877575286951845,4.0,10.0,10.0,0.0,10.000000000000004,3.552713678800501e-15,10.0,0.0,0.0,0.0,0.0,0.0,0.0,11.0,16.0,5.0,15.970443349753698,0.0585309034434197,16.0,0.0,1.0,1.0,0.004926108374384238,0.009803683661336122,0.0,0.0,3.0,3.0,1.9950738916256163,0.019655900410104038,2.0,0.0,0.0,0.0,0.0,0.0,0.0,0.0,0.0,0.0,0.0,0.0,0.0,1.0,3.0,2.0,2.0000000000000004,0.009852216748768915,2.0,16.33,34.7633333333,18.4333333333,34.65674876843991,0.21106894125003467,34.7633333333,0.0,0.464,0.464,0.4594285714285715,0.009052779732582625,0.464,0.0,0.0,0.0,0.0,0.0,0.0,152.0,225.0,73.0,152.42857142857147,0.848698099929671,152.0,1.9950738916256159,3.975369458128079,10.000000000000004,0.0,0.12492288710672422,0.2489204194941394,0.6261566933991365,0.0,0.5167470147108454,0.11002481389578185,0.005,2.0,1.0,0.004926108374384238,0.004926108374384238,0.9901477832512318,300.0,,
1-s2.0-S092583882601529X-main.pdf,10.1016/j.jallcom.2026.187461,Te(1-x)(AgSbTe2)x,x=0.5%,Te0.995(AgSbTe2)0.005,Ag,0.5%,unclear,Sb (0.5%) @ unclear,Ag (0.5%) @ unclear site; Sb (0.5%) @ unclear site,figure,Fig. 2a,Visually estimated from Fig. 2a,250.0,uV/K,False,47.0,52.0,5.0,51.9704433497537,0.058530903443416216,52.0,65.0,90.0,25.0,89.85221674876848,0.292654517217102,90.0,107.8682,127.6,19.731799999999993,127.47403054187194,0.24945675944572795,127.6,722.66,1234.93,512.2700000000001,726.0757142857144,6.7641238564392845,722.66,11.0,16.0,5.0,15.970443349753698,0.0585309034434197,16.0,5.0,5.0,0.0,5.000000000000002,1.7763568394002505e-15,5.0,138.0,145.0,7.0,138.0394088669951,0.07804120459125878,138.0,1.93,2.1,0.17000000000000015,2.0989162561576364,0.0021461331262579643,2.1,1.0,2.0,1.0,1.9950738916256159,0.009803683661336002,2.0,0.0,4.0,4.0,3.975369458128079,0.04877575286951845,4.0,10.0,10.0,0.0,10.000000000000004,3.552713678800501e-15,10.0,0.0,0.0,0.0,0.0,0.0,0.0,11.0,16.0,5.0,15.970443349753698,0.0585309034434197,16.0,0.0,1.0,1.0,0.004926108374384238,0.009803683661336122,0.0,0.0,3.0,3.0,1.9950738916256163,0.019655900410104038,2.0,0.0,0.0,0.0,0.0,0.0,0.0,0.0,0.0,0.0,0.0,0.0,0.0,1.0,3.0,2.0,2.0000000000000004,0.009852216748768915,2.0,16.33,34.7633333333,18.4333333333,34.65674876843991,0.21106894125003467,34.7633333333,0.0,0.464,0.464,0.4594285714285715,0.009052779732582625,0.464,0.0,0.0,0.0,0.0,0.0,0.0,152.0,225.0,73.0,152.42857142857147,0.848698099929671,152.0,1.9950738916256159,3.975369458128079,10.000000000000004,0.0,0.12492288710672422,0.2489204194941394,0.6261566933991365,0.0,0.5167470147108454,0.11002481389578185,0.005,2.0,1.0,0.004926108374384238,0.004926108374384238,0.9901477832512318,650.0,,
1-s2.0-S1359645421008223-main.pdf,10.1016/j.actamat.2021.117443,AgSbTe2,as-sintered,AgSb0.998Ce0.002Te2,Ce,0.2 mol%,unclear,,Ce (0.2 mol%) @ unclear site,Table 1,,,127.0,uV/K,False,47.0,58.0,11.0,50.5035,1.7517499999999986,52.0,15.0,90.0,75.0,82.465,8.799964999999998,90.0,107.8682,140.116,32.24780000000001,121.216228,6.674013999999998,127.6,722.66,1234.93,512.2700000000001,896.0911099999998,173.43111000000005,722.66,3.0,16.0,13.0,14.494,1.758494,16.0,5.0,6.0,1.0,5.000500000000001,0.0009995000000006104,5.0,138.0,204.0,66.0,140.0325,2.547717499999999,138.0,1.12,2.1,0.98,2.0445349999999998,0.05819203500000013,2.1,1.0,2.0,1.0,1.75,0.375,2.0,0.0,4.0,4.0,2.7485,1.3769985,4.0,1.0,10.0,9.0,9.9955,0.00899550000000017,10.0,0.0,1.0,1.0,0.0005,0.0009995,0.0,4.0,16.0,12.0,14.494499999999999,1.7577445000000007,16.0,0.0,1.0,1.0,0.25,0.375,0.0,0.0,3.0,3.0,1.7485,0.8759985,2.0,0.0,9.0,9.0,0.0045000000000000005,0.0089955,0.0,0.0,13.0,13.0,0.006500000000000001,0.012993500000000002,0.0,1.0,22.0,21.0,2.0095,0.51425,2.0,16.33,37.24,20.910000000000004,29.357006666649998,6.513503333325,34.7633333333,0.0,0.464,0.464,0.232,0.23200000000000004,0.464,0.0,0.0,0.0,0.0,0.0,0.0,152.0,225.0,73.0,173.764,25.638236000000006,152.0,1.75,2.7485,9.9955,0.0005,0.12073545137810895,0.18962365035013282,0.6896064024285075,3.449584325088827e-05,8.674708116969997,0.11334600827349736,0.002,1.0,0.0,0.25,0.2495,0.5,300.0,,
1-s2.0-S1359645421008223-main.pdf,10.1016/j.actamat.2021.117443,AgSbTe2,HT523,AgSb0.998Ce0.002Te2,Ce,0.2 mol%,unclear,,Ce (0.2 mol%) @ unclear site,Table 1,,,88.4,uV/K,False,47.0,58.0,11.0,50.5035,1.7517499999999986,52.0,15.0,90.0,75.0,82.465,8.799964999999998,90.0,107.8682,140.116,32.24780000000001,121.216228,6.674013999999998,127.6,722.66,1234.93,512.2700000000001,896.0911099999998,173.43111000000005,722.66,3.0,16.0,13.0,14.494,1.758494,16.0,5.0,6.0,1.0,5.000500000000001,0.0009995000000006104,5.0,138.0,204.0,66.0,140.0325,2.547717499999999,138.0,1.12,2.1,0.98,2.0445349999999998,0.05819203500000013,2.1,1.0,2.0,1.0,1.75,0.375,2.0,0.0,4.0,4.0,2.7485,1.3769985,4.0,1.0,10.0,9.0,9.9955,0.00899550000000017,10.0,0.0,1.0,1.0,0.0005,0.0009995,0.0,4.0,16.0,12.0,14.494499999999999,1.7577445000000007,16.0,0.0,1.0,1.0,0.25,0.375,0.0,0.0,3.0,3.0,1.7485,0.8759985,2.0,0.0,9.0,9.0,0.0045000000000000005,0.0089955,0.0,0.0,13.0,13.0,0.006500000000000001,0.012993500000000002,0.0,1.0,22.0,21.0,2.0095,0.51425,2.0,16.33,37.24,20.910000000000004,29.357006666649998,6.513503333325,34.7633333333,0.0,0.464,0.464,0.232,0.23200000000000004,0.464,0.0,0.0,0.0,0.0,0.0,0.0,152.0,225.0,73.0,173.764,25.638236000000006,152.0,1.75,2.7485,9.9955,0.0005,0.12073545137810895,0.18962365035013282,0.6896064024285075,3.449584325088827e-05,8.674708116969997,0.11334600827349736,0.002,1.0,0.0,0.25,0.2495,0.5,300.0,,
1-s2.0-S1359645421008223-main.pdf,10.1016/j.actamat.2021.117443,AgSbTe2,HT573,AgSb0.998Ce0.002Te2,Ce,0.2 mol%,unclear,,Ce (0.2 mol%) @ unclear site,Table 1,,,85.49999999999999,uV/K,False,47.0,58.0,11.0,50.5035,1.7517499999999986,52.0,15.0,90.0,75.0,82.465,8.799964999999998,90.0,107.8682,140.116,32.24780000000001,121.216228,6.674013999999998,127.6,722.66,1234.93,512.2700000000001,896.0911099999998,173.43111000000005,722.66,3.0,16.0,13.0,14.494,1.758494,16.0,5.0,6.0,1.0,5.000500000000001,0.0009995000000006104,5.0,138.0,204.0,66.0,140.0325,2.547717499999999,138.0,1.12,2.1,0.98,2.0445349999999998,0.05819203500000013,2.1,1.0,2.0,1.0,1.75,0.375,2.0,0.0,4.0,4.0,2.7485,1.3769985,4.0,1.0,10.0,9.0,9.9955,0.00899550000000017,10.0,0.0,1.0,1.0,0.0005,0.0009995,0.0,4.0,16.0,12.0,14.494499999999999,1.7577445000000007,16.0,0.0,1.0,1.0,0.25,0.375,0.0,0.0,3.0,3.0,1.7485,0.8759985,2.0,0.0,9.0,9.0,0.0045000000000000005,0.0089955,0.0,0.0,13.0,13.0,0.006500000000000001,0.012993500000000002,0.0,1.0,22.0,21.0,2.0095,0.51425,2.0,16.33,37.24,20.910000000000004,29.357006666649998,6.513503333325,34.7633333333,0.0,0.464,0.464,0.232,0.23200000000000004,0.464,0.0,0.0,0.0,0.0,0.0,0.0,152.0,225.0,73.0,173.764,25.638236000000006,152.0,1.75,2.7485,9.9955,0.0005,0.12073545137810895,0.18962365035013282,0.6896064024285075,3.449584325088827e-05,8.674708116969997,0.11334600827349736,0.002,1.0,0.0,0.25,0.2495,0.5,300.0,,
1-s2.0-S1359645421008223-main.pdf,10.1016/j.actamat.2021.117443,AgSbTe2,HT673,AgSb0.998Ce0.002Te2,Ce,0.2 mol%,unclear,,Ce (0.2 mol%) @ unclear site,Table 1,,,274.0,uV/K,False,47.0,58.0,11.0,50.5035,1.7517499999999986,52.0,15.0,90.0,75.0,82.465,8.799964999999998,90.0,107.8682,140.116,32.24780000000001,121.216228,6.674013999999998,127.6,722.66,1234.93,512.2700000000001,896.0911099999998,173.43111000000005,722.66,3.0,16.0,13.0,14.494,1.758494,16.0,5.0,6.0,1.0,5.000500000000001,0.0009995000000006104,5.0,138.0,204.0,66.0,140.0325,2.547717499999999,138.0,1.12,2.1,0.98,2.0445349999999998,0.05819203500000013,2.1,1.0,2.0,1.0,1.75,0.375,2.0,0.0,4.0,4.0,2.7485,1.3769985,4.0,1.0,10.0,9.0,9.9955,0.00899550000000017,10.0,0.0,1.0,1.0,0.0005,0.0009995,0.0,4.0,16.0,12.0,14.494499999999999,1.7577445000000007,16.0,0.0,1.0,1.0,0.25,0.375,0.0,0.0,3.0,3.0,1.7485,0.8759985,2.0,0.0,9.0,9.0,0.0045000000000000005,0.0089955,0.0,0.0,13.0,13.0,0.006500000000000001,0.012993500000000002,0.0,1.0,22.0,21.0,2.0095,0.51425,2.0,16.33,37.24,20.910000000000004,29.357006666649998,6.513503333325,34.7633333333,0.0,0.464,0.464,0.232,0.23200000000000004,0.464,0.0,0.0,0.0,0.0,0.0,0.0,152.0,225.0,73.0,173.764,25.638236000000006,152.0,1.75,2.7485,9.9955,0.0005,0.12073545137810895,0.18962365035013282,0.6896064024285075,3.449584325088827e-05,8.674708116969997,0.11334600827349736,0.002,1.0,0.0,0.25,0.2495,0.5,300.0,,
1-s2.0-S1359645422000684-main.pdf,10.1016/j.actamat.2022.117681,(Sn1-xPbxSe)0.6(AgSbTe2)0.4,"(SnSe)1-m(AgSbTe2)m, m=0%",SnSe,,,,,,figure,,Visually estimated from Fig. 4b,500.0,uV/K,False,34.0,50.0,16.0,42.0,8.0,34.0,80.0,89.0,9.0,84.5,4.5,80.0,78.96,118.71,39.75,98.835,19.875,78.96,494.0,505.08,11.079999999999984,499.53999999999996,5.539999999999992,494.0,14.0,16.0,2.0,15.0,1.0,14.0,4.0,5.0,1.0,4.5,0.5,4.0,120.0,139.0,19.0,129.5,9.5,120.0,1.96,2.55,0.5899999999999999,2.255,0.29499999999999993,1.96,2.0,2.0,0.0,2.0,0.0,2.0,2.0,4.0,2.0,3.0,1.0,2.0,10.0,10.0,0.0,10.0,0.0,10.0,0.0,0.0,0.0,0.0,0.0,0.0,14.0,16.0,2.0,15.0,1.0,14.0,0.0,0.0,0.0,0.0,0.0,0.0,2.0,4.0,2.0,3.0,1.0,2.0,0.0,0.0,0.0,0.0,0.0,0.0,0.0,0.0,0.0,0.0,0.0,0.0,2.0,4.0,2.0,3.0,1.0,2.0,25.92,33.285,7.364999999999995,29.6025,3.6824999999999974,25.92,0.0,0.799,0.799,0.3995,0.3995,0.0,0.0,0.0,0.0,0.0,0.0,0.0,14.0,141.0,127.0,77.5,63.5,14.0,2.0,3.0,10.0,0.0,0.13333333333333333,0.2,0.6666666666666666,0.0,5.763146321537762,0.5899999999999999,,0.0,0.0,0.0,0.0,0.0,300.0,,
1-s2.0-S1359645422000684-main.pdf,10.1016/j.actamat.2022.117681,(Sn1-xPbxSe)0.6(AgSbTe2)0.4,(SnSe)0.6(AgSbTe2)0.4,(SnSe)0.6(AgSbTe2)0.4,,,,,,figure,,Visually estimated from Fig. 4b,100.0,uV/K,False,34.0,52.0,18.0,46.85714285714287,5.510204081632648,52.0,65.0,90.0,25.0,83.35714285714286,6.683673469387753,90.0,78.96,127.6,48.64,111.61902857142857,15.068391836734696,127.6,494.0,1234.93,740.9300000000001,726.0928571428572,196.14979591836737,722.66,11.0,16.0,5.0,14.714285714285717,1.3673469387755095,16.0,4.0,5.0,1.0,4.7857142857142865,0.3367346938775506,5.0,120.0,145.0,25.0,135.5,6.642857142857142,138.0,1.93,2.55,0.6199999999999999,2.1350000000000002,0.177857142857143,2.1,1.0,2.0,1.0,1.857142857142857,0.2448979591836736,2.0,0.0,4.0,4.0,2.857142857142857,1.183673469387755,4.0,10.0,10.0,0.0,10.0,0.0,10.0,0.0,0.0,0.0,0.0,0.0,0.0,11.0,16.0,5.0,14.714285714285717,1.3673469387755095,16.0,0.0,1.0,1.0,0.14285714285714288,0.24489795918367352,0.0,0.0,4.0,4.0,2.285714285714286,0.9387755102040817,2.0,0.0,0.0,0.0,0.0,0.0,0.0,0.0,0.0,0.0,0.0,0.0,0.0,1.0,4.0,3.0,2.4285714285714284,0.836734693877551,2.0,16.33,34.7633333333,18.4333333333,29.460595238085713,5.268996598632652,34.7633333333,0.0,0.799,0.799,0.3037857142857143,0.3037857142857143,0.464,0.0,0.0,0.0,0.0,0.0,0.0,14.0,225.0,211.0,132.5,50.785714285714285,152.0,1.857142857142857,2.857142857142857,10.0,0.0,0.12621359223300968,0.19417475728155337,0.6796116504854368,0.0,13.087773464324139,0.2866233766233766,,0.0,0.0,0.14285714285714288,0.14285714285714288,0.28571428571428575,300.0,,
1-s2.0-S1359645422000684-main.pdf,10.1016/j.actamat.2022.117681,(Sn1-xPbxSe)0.6(AgSbTe2)0.4,x=0%,"(Sn1-xPbxSe)0.6(AgSbTe2)0.4, x=0",,,,,,figure,,Visually estimated from Fig. 8c,150.0,uV/K,False,34.0,52.0,18.0,46.85714285714287,5.510204081632648,52.0,65.0,90.0,25.0,83.35714285714286,6.683673469387753,90.0,78.96,127.6,48.64,111.61902857142857,15.068391836734696,127.6,494.0,1234.93,740.9300000000001,726.0928571428572,196.14979591836737,722.66,11.0,16.0,5.0,14.714285714285717,1.3673469387755095,16.0,4.0,5.0,1.0,4.7857142857142865,0.3367346938775506,5.0,120.0,145.0,25.0,135.5,6.642857142857142,138.0,1.93,2.55,0.6199999999999999,2.1350000000000002,0.177857142857143,2.1,1.0,2.0,1.0,1.857142857142857,0.2448979591836736,2.0,0.0,4.0,4.0,2.857142857142857,1.183673469387755,4.0,10.0,10.0,0.0,10.0,0.0,10.0,0.0,0.0,0.0,0.0,0.0,0.0,11.0,16.0,5.0,14.714285714285717,1.3673469387755095,16.0,0.0,1.0,1.0,0.14285714285714288,0.24489795918367352,0.0,0.0,4.0,4.0,2.285714285714286,0.9387755102040817,2.0,0.0,0.0,0.0,0.0,0.0,0.0,0.0,0.0,0.0,0.0,0.0,0.0,1.0,4.0,3.0,2.4285714285714284,0.836734693877551,2.0,16.33,34.7633333333,18.4333333333,29.460595238085713,5.268996598632652,34.7633333333,0.0,0.799,0.799,0.3037857142857143,0.3037857142857143,0.464,0.0,0.0,0.0,0.0,0.0,0.0,14.0,225.0,211.0,132.5,50.785714285714285,152.0,1.857142857142857,2.857142857142857,10.0,0.0,0.12621359223300968,0.19417475728155337,0.6796116504854368,0.0,13.087773464324139,0.2866233766233766,,0.0,0.0,0.14285714285714288,0.14285714285714288,0.28571428571428575,300.0,,
1-s2.0-S1359645422000684-main.pdf,10.1016/j.actamat.2022.117681,(Sn1-xPbxSe)0.6(AgSbTe2)0.4,x=0%,"(Sn1-xPbxSe)0.6(AgSbTe2)0.4, x=0",,,,,,figure,,Visually estimated from Fig. 8c,199.99999999999997,uV/K,False,34.0,52.0,18.0,46.85714285714287,5.510204081632648,52.0,65.0,90.0,25.0,83.35714285714286,6.683673469387753,90.0,78.96,127.6,48.64,111.61902857142857,15.068391836734696,127.6,494.0,1234.93,740.9300000000001,726.0928571428572,196.14979591836737,722.66,11.0,16.0,5.0,14.714285714285717,1.3673469387755095,16.0,4.0,5.0,1.0,4.7857142857142865,0.3367346938775506,5.0,120.0,145.0,25.0,135.5,6.642857142857142,138.0,1.93,2.55,0.6199999999999999,2.1350000000000002,0.177857142857143,2.1,1.0,2.0,1.0,1.857142857142857,0.2448979591836736,2.0,0.0,4.0,4.0,2.857142857142857,1.183673469387755,4.0,10.0,10.0,0.0,10.0,0.0,10.0,0.0,0.0,0.0,0.0,0.0,0.0,11.0,16.0,5.0,14.714285714285717,1.3673469387755095,16.0,0.0,1.0,1.0,0.14285714285714288,0.24489795918367352,0.0,0.0,4.0,4.0,2.285714285714286,0.9387755102040817,2.0,0.0,0.0,0.0,0.0,0.0,0.0,0.0,0.0,0.0,0.0,0.0,0.0,1.0,4.0,3.0,2.4285714285714284,0.836734693877551,2.0,16.33,34.7633333333,18.4333333333,29.460595238085713,5.268996598632652,34.7633333333,0.0,0.799,0.799,0.3037857142857143,0.3037857142857143,0.464,0.0,0.0,0.0,0.0,0.0,0.0,14.0,225.0,211.0,132.5,50.785714285714285,152.0,1.857142857142857,2.857142857142857,10.0,0.0,0.12621359223300968,0.19417475728155337,0.6796116504854368,0.0,13.087773464324139,0.2866233766233766,,0.0,0.0,0.14285714285714288,0.14285714285714288,0.28571428571428575,800.0,,
1-s2.0-S1359645425002769-main.pdf,10.1016/j.actamat.2025.120985,AgSbTe2,QA-AgSbTe2 (A = 0 h),AgSbTe2,,,,,,body text,,Value for A = 24 h,298.37,uV/K,False,47.0,52.0,5.0,50.5,1.75,52.0,65.0,90.0,25.0,82.5,8.75,90.0,107.8682,127.6,19.731799999999993,121.20705,6.669425,127.6,722.66,1234.93,512.2700000000001,896.0074999999999,173.34750000000003,722.66,11.0,16.0,5.0,14.5,1.75,16.0,5.0,5.0,0.0,5.0,0.0,5.0,138.0,145.0,7.0,140.0,2.5,138.0,1.93,2.1,0.17000000000000015,2.045,0.05750000000000005,2.1,1.0,2.0,1.0,1.75,0.375,2.0,0.0,4.0,4.0,2.75,1.375,4.0,10.0,10.0,0.0,10.0,0.0,10.0,0.0,0.0,0.0,0.0,0.0,0.0,11.0,16.0,5.0,14.5,1.75,16.0,0.0,1.0,1.0,0.25,0.375,0.0,0.0,3.0,3.0,1.75,0.875,2.0,0.0,0.0,0.0,0.0,0.0,0.0,0.0,0.0,0.0,0.0,0.0,0.0,1.0,3.0,2.0,2.0,0.5,2.0,16.33,34.7633333333,18.4333333333,29.35416666665,6.512083333324999,34.7633333333,0.0,0.464,0.464,0.232,0.232,0.464,0.0,0.0,0.0,0.0,0.0,0.0,152.0,225.0,73.0,173.75,25.625,152.0,1.75,2.75,10.0,0.0,0.1206896551724138,0.1896551724137931,0.6896551724137931,0.0,8.644719482306641,0.11200000000000014,,0.0,0.0,0.25,0.25,0.5,548.0,,
1-s2.0-S1359645425002769-main.pdf,10.1016/j.actamat.2025.120985,AgSbTe2,QA-AgSbTe2 (A = 0 h),AgSbTe2,,,,,,figure,Fig. 3b,Visually estimated from Fig. 3b,239.99999999999997,uV/K,False,47.0,52.0,5.0,50.5,1.75,52.0,65.0,90.0,25.0,82.5,8.75,90.0,107.8682,127.6,19.731799999999993,121.20705,6.669425,127.6,722.66,1234.93,512.2700000000001,896.0074999999999,173.34750000000003,722.66,11.0,16.0,5.0,14.5,1.75,16.0,5.0,5.0,0.0,5.0,0.0,5.0,138.0,145.0,7.0,140.0,2.5,138.0,1.93,2.1,0.17000000000000015,2.045,0.05750000000000005,2.1,1.0,2.0,1.0,1.75,0.375,2.0,0.0,4.0,4.0,2.75,1.375,4.0,10.0,10.0,0.0,10.0,0.0,10.0,0.0,0.0,0.0,0.0,0.0,0.0,11.0,16.0,5.0,14.5,1.75,16.0,0.0,1.0,1.0,0.25,0.375,0.0,0.0,3.0,3.0,1.75,0.875,2.0,0.0,0.0,0.0,0.0,0.0,0.0,0.0,0.0,0.0,0.0,0.0,0.0,1.0,3.0,2.0,2.0,0.5,2.0,16.33,34.7633333333,18.4333333333,29.35416666665,6.512083333324999,34.7633333333,0.0,0.464,0.464,0.232,0.232,0.464,0.0,0.0,0.0,0.0,0.0,0.0,152.0,225.0,73.0,173.75,25.625,152.0,1.75,2.75,10.0,0.0,0.1206896551724138,0.1896551724137931,0.6896551724137931,0.0,8.644719482306641,0.11200000000000014,,0.0,0.0,0.25,0.25,0.5,300.0,,
1-s2.0-S1359645425002769-main.pdf,10.1016/j.actamat.2025.120985,AgSbTe2,QA-AgSbTe2 (A = 24 h),AgSbTe2,,,,,,figure,Fig. 3b,Visually estimated from Fig. 3b,298.37,uV/K,False,47.0,52.0,5.0,50.5,1.75,52.0,65.0,90.0,25.0,82.5,8.75,90.0,107.8682,127.6,19.731799999999993,121.20705,6.669425,127.6,722.66,1234.93,512.2700000000001,896.0074999999999,173.34750000000003,722.66,11.0,16.0,5.0,14.5,1.75,16.0,5.0,5.0,0.0,5.0,0.0,5.0,138.0,145.0,7.0,140.0,2.5,138.0,1.93,2.1,0.17000000000000015,2.045,0.05750000000000005,2.1,1.0,2.0,1.0,1.75,0.375,2.0,0.0,4.0,4.0,2.75,1.375,4.0,10.0,10.0,0.0,10.0,0.0,10.0,0.0,0.0,0.0,0.0,0.0,0.0,11.0,16.0,5.0,14.5,1.75,16.0,0.0,1.0,1.0,0.25,0.375,0.0,0.0,3.0,3.0,1.75,0.875,2.0,0.0,0.0,0.0,0.0,0.0,0.0,0.0,0.0,0.0,0.0,0.0,0.0,1.0,3.0,2.0,2.0,0.5,2.0,16.33,34.7633333333,18.4333333333,29.35416666665,6.512083333324999,34.7633333333,0.0,0.464,0.464,0.232,0.232,0.464,0.0,0.0,0.0,0.0,0.0,0.0,152.0,225.0,73.0,173.75,25.625,152.0,1.75,2.75,10.0,0.0,0.1206896551724138,0.1896551724137931,0.6896551724137931,0.0,8.644719482306641,0.11200000000000014,,0.0,0.0,0.25,0.25,0.5,548.0,,
1-s2.0-S221128552201196X-main.pdf,10.1016/j.nanoen.2022.108118,AgSbTe2,Slow Cooling,AgSbTe2,,,,,,figure,,Visually estimated from Fig. 7b,115.0,uV/K,False,47.0,52.0,5.0,50.5,1.75,52.0,65.0,90.0,25.0,82.5,8.75,90.0,107.8682,127.6,19.731799999999993,121.20705,6.669425,127.6,722.66,1234.93,512.2700000000001,896.0074999999999,173.34750000000003,722.66,11.0,16.0,5.0,14.5,1.75,16.0,5.0,5.0,0.0,5.0,0.0,5.0,138.0,145.0,7.0,140.0,2.5,138.0,1.93,2.1,0.17000000000000015,2.045,0.05750000000000005,2.1,1.0,2.0,1.0,1.75,0.375,2.0,0.0,4.0,4.0,2.75,1.375,4.0,10.0,10.0,0.0,10.0,0.0,10.0,0.0,0.0,0.0,0.0,0.0,0.0,11.0,16.0,5.0,14.5,1.75,16.0,0.0,1.0,1.0,0.25,0.375,0.0,0.0,3.0,3.0,1.75,0.875,2.0,0.0,0.0,0.0,0.0,0.0,0.0,0.0,0.0,0.0,0.0,0.0,0.0,1.0,3.0,2.0,2.0,0.5,2.0,16.33,34.7633333333,18.4333333333,29.35416666665,6.512083333324999,34.7633333333,0.0,0.464,0.464,0.232,0.232,0.464,0.0,0.0,0.0,0.0,0.0,0.0,152.0,225.0,73.0,173.75,25.625,152.0,1.75,2.75,10.0,0.0,0.1206896551724138,0.1896551724137931,0.6896551724137931,0.0,8.644719482306641,0.11200000000000014,,0.0,0.0,0.25,0.25,0.5,325.0,,
1-s2.0-S221128552201196X-main.pdf,10.1016/j.nanoen.2022.108118,AgSbTe2,Slow Cooling,AgSbTe2,,,,,,figure,,Visually estimated from Fig. 7b,130.0,uV/K,False,47.0,52.0,5.0,50.5,1.75,52.0,65.0,90.0,25.0,82.5,8.75,90.0,107.8682,127.6,19.731799999999993,121.20705,6.669425,127.6,722.66,1234.93,512.2700000000001,896.0074999999999,173.34750000000003,722.66,11.0,16.0,5.0,14.5,1.75,16.0,5.0,5.0,0.0,5.0,0.0,5.0,138.0,145.0,7.0,140.0,2.5,138.0,1.93,2.1,0.17000000000000015,2.045,0.05750000000000005,2.1,1.0,2.0,1.0,1.75,0.375,2.0,0.0,4.0,4.0,2.75,1.375,4.0,10.0,10.0,0.0,10.0,0.0,10.0,0.0,0.0,0.0,0.0,0.0,0.0,11.0,16.0,5.0,14.5,1.75,16.0,0.0,1.0,1.0,0.25,0.375,0.0,0.0,3.0,3.0,1.75,0.875,2.0,0.0,0.0,0.0,0.0,0.0,0.0,0.0,0.0,0.0,0.0,0.0,0.0,1.0,3.0,2.0,2.0,0.5,2.0,16.33,34.7633333333,18.4333333333,29.35416666665,6.512083333324999,34.7633333333,0.0,0.464,0.464,0.232,0.232,0.464,0.0,0.0,0.0,0.0,0.0,0.0,152.0,225.0,73.0,173.75,25.625,152.0,1.75,2.75,10.0,0.0,0.1206896551724138,0.1896551724137931,0.6896551724137931,0.0,8.644719482306641,0.11200000000000014,,0.0,0.0,0.25,0.25,0.5,375.0,,
1-s2.0-S221128552201196X-main.pdf,10.1016/j.nanoen.2022.108118,AgSbTe2,Slow Cooling,AgSbTe2,,,,,,figure,,Visually estimated from Fig. 7b,145.0,uV/K,False,47.0,52.0,5.0,50.5,1.75,52.0,65.0,90.0,25.0,82.5,8.75,90.0,107.8682,127.6,19.731799999999993,121.20705,6.669425,127.6,722.66,1234.93,512.2700000000001,896.0074999999999,173.34750000000003,722.66,11.0,16.0,5.0,14.5,1.75,16.0,5.0,5.0,0.0,5.0,0.0,5.0,138.0,145.0,7.0,140.0,2.5,138.0,1.93,2.1,0.17000000000000015,2.045,0.05750000000000005,2.1,1.0,2.0,1.0,1.75,0.375,2.0,0.0,4.0,4.0,2.75,1.375,4.0,10.0,10.0,0.0,10.0,0.0,10.0,0.0,0.0,0.0,0.0,0.0,0.0,11.0,16.0,5.0,14.5,1.75,16.0,0.0,1.0,1.0,0.25,0.375,0.0,0.0,3.0,3.0,1.75,0.875,2.0,0.0,0.0,0.0,0.0,0.0,0.0,0.0,0.0,0.0,0.0,0.0,0.0,1.0,3.0,2.0,2.0,0.5,2.0,16.33,34.7633333333,18.4333333333,29.35416666665,6.512083333324999,34.7633333333,0.0,0.464,0.464,0.232,0.232,0.464,0.0,0.0,0.0,0.0,0.0,0.0,152.0,225.0,73.0,173.75,25.625,152.0,1.75,2.75,10.0,0.0,0.1206896551724138,0.1896551724137931,0.6896551724137931,0.0,8.644719482306641,0.11200000000000014,,0.0,0.0,0.25,0.25,0.5,425.0,,
1-s2.0-S221128552201196X-main.pdf,10.1016/j.nanoen.2022.108118,AgSbTe2,Slow Cooling,AgSbTe2,,,,,,figure,,Visually estimated from Fig. 7b,150.0,uV/K,False,47.0,52.0,5.0,50.5,1.75,52.0,65.0,90.0,25.0,82.5,8.75,90.0,107.8682,127.6,19.731799999999993,121.20705,6.669425,127.6,722.66,1234.93,512.2700000000001,896.0074999999999,173.34750000000003,722.66,11.0,16.0,5.0,14.5,1.75,16.0,5.0,5.0,0.0,5.0,0.0,5.0,138.0,145.0,7.0,140.0,2.5,138.0,1.93,2.1,0.17000000000000015,2.045,0.05750000000000005,2.1,1.0,2.0,1.0,1.75,0.375,2.0,0.0,4.0,4.0,2.75,1.375,4.0,10.0,10.0,0.0,10.0,0.0,10.0,0.0,0.0,0.0,0.0,0.0,0.0,11.0,16.0,5.0,14.5,1.75,16.0,0.0,1.0,1.0,0.25,0.375,0.0,0.0,3.0,3.0,1.75,0.875,2.0,0.0,0.0,0.0,0.0,0.0,0.0,0.0,0.0,0.0,0.0,0.0,0.0,1.0,3.0,2.0,2.0,0.5,2.0,16.33,34.7633333333,18.4333333333,29.35416666665,6.512083333324999,34.7633333333,0.0,0.464,0.464,0.232,0.232,0.464,0.0,0.0,0.0,0.0,0.0,0.0,152.0,225.0,73.0,173.75,25.625,152.0,1.75,2.75,10.0,0.0,0.1206896551724138,0.1896551724137931,0.6896551724137931,0.0,8.644719482306641,0.11200000000000014,,0.0,0.0,0.25,0.25,0.5,475.0,,
1-s2.0-S221128552201196X-main.pdf,10.1016/j.nanoen.2022.108118,AgSbTe2,Slow Cooling,AgSbTe2,,,,,,figure,,Visually estimated from Fig. 7b,160.0,uV/K,False,47.0,52.0,5.0,50.5,1.75,52.0,65.0,90.0,25.0,82.5,8.75,90.0,107.8682,127.6,19.731799999999993,121.20705,6.669425,127.6,722.66,1234.93,512.2700000000001,896.0074999999999,173.34750000000003,722.66,11.0,16.0,5.0,14.5,1.75,16.0,5.0,5.0,0.0,5.0,0.0,5.0,138.0,145.0,7.0,140.0,2.5,138.0,1.93,2.1,0.17000000000000015,2.045,0.05750000000000005,2.1,1.0,2.0,1.0,1.75,0.375,2.0,0.0,4.0,4.0,2.75,1.375,4.0,10.0,10.0,0.0,10.0,0.0,10.0,0.0,0.0,0.0,0.0,0.0,0.0,11.0,16.0,5.0,14.5,1.75,16.0,0.0,1.0,1.0,0.25,0.375,0.0,0.0,3.0,3.0,1.75,0.875,2.0,0.0,0.0,0.0,0.0,0.0,0.0,0.0,0.0,0.0,0.0,0.0,0.0,1.0,3.0,2.0,2.0,0.5,2.0,16.33,34.7633333333,18.4333333333,29.35416666665,6.512083333324999,34.7633333333,0.0,0.464,0.464,0.232,0.232,0.464,0.0,0.0,0.0,0.0,0.0,0.0,152.0,225.0,73.0,173.75,25.625,152.0,1.75,2.75,10.0,0.0,0.1206896551724138,0.1896551724137931,0.6896551724137931,0.0,8.644719482306641,0.11200000000000014,,0.0,0.0,0.25,0.25,0.5,525.0,,
1-s2.0-S221128552201196X-main.pdf,10.1016/j.nanoen.2022.108118,AgSbTe2,Slow Cooling,AgSbTe2,,,,,,figure,,Visually estimated from Fig. 7b,165.0,uV/K,False,47.0,52.0,5.0,50.5,1.75,52.0,65.0,90.0,25.0,82.5,8.75,90.0,107.8682,127.6,19.731799999999993,121.20705,6.669425,127.6,722.66,1234.93,512.2700000000001,896.0074999999999,173.34750000000003,722.66,11.0,16.0,5.0,14.5,1.75,16.0,5.0,5.0,0.0,5.0,0.0,5.0,138.0,145.0,7.0,140.0,2.5,138.0,1.93,2.1,0.17000000000000015,2.045,0.05750000000000005,2.1,1.0,2.0,1.0,1.75,0.375,2.0,0.0,4.0,4.0,2.75,1.375,4.0,10.0,10.0,0.0,10.0,0.0,10.0,0.0,0.0,0.0,0.0,0.0,0.0,11.0,16.0,5.0,14.5,1.75,16.0,0.0,1.0,1.0,0.25,0.375,0.0,0.0,3.0,3.0,1.75,0.875,2.0,0.0,0.0,0.0,0.0,0.0,0.0,0.0,0.0,0.0,0.0,0.0,0.0,1.0,3.0,2.0,2.0,0.5,2.0,16.33,34.7633333333,18.4333333333,29.35416666665,6.512083333324999,34.7633333333,0.0,0.464,0.464,0.232,0.232,0.464,0.0,0.0,0.0,0.0,0.0,0.0,152.0,225.0,73.0,173.75,25.625,152.0,1.75,2.75,10.0,0.0,0.1206896551724138,0.1896551724137931,0.6896551724137931,0.0,8.644719482306641,0.11200000000000014,,0.0,0.0,0.25,0.25,0.5,575.0,,
1-s2.0-S221128552201196X-main.pdf,10.1016/j.nanoen.2022.108118,AgSbTe2,Slow Cooling,AgSbTe2,,,,,,figure,,Visually estimated from Fig. 7b,175.0,uV/K,False,47.0,52.0,5.0,50.5,1.75,52.0,65.0,90.0,25.0,82.5,8.75,90.0,107.8682,127.6,19.731799999999993,121.20705,6.669425,127.6,722.66,1234.93,512.2700000000001,896.0074999999999,173.34750000000003,722.66,11.0,16.0,5.0,14.5,1.75,16.0,5.0,5.0,0.0,5.0,0.0,5.0,138.0,145.0,7.0,140.0,2.5,138.0,1.93,2.1,0.17000000000000015,2.045,0.05750000000000005,2.1,1.0,2.0,1.0,1.75,0.375,2.0,0.0,4.0,4.0,2.75,1.375,4.0,10.0,10.0,0.0,10.0,0.0,10.0,0.0,0.0,0.0,0.0,0.0,0.0,11.0,16.0,5.0,14.5,1.75,16.0,0.0,1.0,1.0,0.25,0.375,0.0,0.0,3.0,3.0,1.75,0.875,2.0,0.0,0.0,0.0,0.0,0.0,0.0,0.0,0.0,0.0,0.0,0.0,0.0,1.0,3.0,2.0,2.0,0.5,2.0,16.33,34.7633333333,18.4333333333,29.35416666665,6.512083333324999,34.7633333333,0.0,0.464,0.464,0.232,0.232,0.464,0.0,0.0,0.0,0.0,0.0,0.0,152.0,225.0,73.0,173.75,25.625,152.0,1.75,2.75,10.0,0.0,0.1206896551724138,0.1896551724137931,0.6896551724137931,0.0,8.644719482306641,0.11200000000000014,,0.0,0.0,0.25,0.25,0.5,625.0,,
1-s2.0-S221128552201196X-main.pdf,10.1016/j.nanoen.2022.108118,AgSbTe2,Fast Cooling,AgSbTe2,,,,,,figure,,Visually estimated from Fig. 7b,280.0,uV/K,False,47.0,52.0,5.0,50.5,1.75,52.0,65.0,90.0,25.0,82.5,8.75,90.0,107.8682,127.6,19.731799999999993,121.20705,6.669425,127.6,722.66,1234.93,512.2700000000001,896.0074999999999,173.34750000000003,722.66,11.0,16.0,5.0,14.5,1.75,16.0,5.0,5.0,0.0,5.0,0.0,5.0,138.0,145.0,7.0,140.0,2.5,138.0,1.93,2.1,0.17000000000000015,2.045,0.05750000000000005,2.1,1.0,2.0,1.0,1.75,0.375,2.0,0.0,4.0,4.0,2.75,1.375,4.0,10.0,10.0,0.0,10.0,0.0,10.0,0.0,0.0,0.0,0.0,0.0,0.0,11.0,16.0,5.0,14.5,1.75,16.0,0.0,1.0,1.0,0.25,0.375,0.0,0.0,3.0,3.0,1.75,0.875,2.0,0.0,0.0,0.0,0.0,0.0,0.0,0.0,0.0,0.0,0.0,0.0,0.0,1.0,3.0,2.0,2.0,0.5,2.0,16.33,34.7633333333,18.4333333333,29.35416666665,6.512083333324999,34.7633333333,0.0,0.464,0.464,0.232,0.232,0.464,0.0,0.0,0.0,0.0,0.0,0.0,152.0,225.0,73.0,173.75,25.625,152.0,1.75,2.75,10.0,0.0,0.1206896551724138,0.1896551724137931,0.6896551724137931,0.0,8.644719482306641,0.11200000000000014,,0.0,0.0,0.25,0.25,0.5,325.0,,
1-s2.0-S221128552201196X-main.pdf,10.1016/j.nanoen.2022.108118,AgSbTe2,Fast Cooling,AgSbTe2,,,,,,figure,,Visually estimated from Fig. 7b,310.0,uV/K,False,47.0,52.0,5.0,50.5,1.75,52.0,65.0,90.0,25.0,82.5,8.75,90.0,107.8682,127.6,19.731799999999993,121.20705,6.669425,127.6,722.66,1234.93,512.2700000000001,896.0074999999999,173.34750000000003,722.66,11.0,16.0,5.0,14.5,1.75,16.0,5.0,5.0,0.0,5.0,0.0,5.0,138.0,145.0,7.0,140.0,2.5,138.0,1.93,2.1,0.17000000000000015,2.045,0.05750000000000005,2.1,1.0,2.0,1.0,1.75,0.375,2.0,0.0,4.0,4.0,2.75,1.375,4.0,10.0,10.0,0.0,10.0,0.0,10.0,0.0,0.0,0.0,0.0,0.0,0.0,11.0,16.0,5.0,14.5,1.75,16.0,0.0,1.0,1.0,0.25,0.375,0.0,0.0,3.0,3.0,1.75,0.875,2.0,0.0,0.0,0.0,0.0,0.0,0.0,0.0,0.0,0.0,0.0,0.0,0.0,1.0,3.0,2.0,2.0,0.5,2.0,16.33,34.7633333333,18.4333333333,29.35416666665,6.512083333324999,34.7633333333,0.0,0.464,0.464,0.232,0.232,0.464,0.0,0.0,0.0,0.0,0.0,0.0,152.0,225.0,73.0,173.75,25.625,152.0,1.75,2.75,10.0,0.0,0.1206896551724138,0.1896551724137931,0.6896551724137931,0.0,8.644719482306641,0.11200000000000014,,0.0,0.0,0.25,0.25,0.5,375.0,,
1-s2.0-S221128552201196X-main.pdf,10.1016/j.nanoen.2022.108118,AgSbTe2,Fast Cooling,AgSbTe2,,,,,,figure,,Visually estimated from Fig. 7b,339.99999999999994,uV/K,False,47.0,52.0,5.0,50.5,1.75,52.0,65.0,90.0,25.0,82.5,8.75,90.0,107.8682,127.6,19.731799999999993,121.20705,6.669425,127.6,722.66,1234.93,512.2700000000001,896.0074999999999,173.34750000000003,722.66,11.0,16.0,5.0,14.5,1.75,16.0,5.0,5.0,0.0,5.0,0.0,5.0,138.0,145.0,7.0,140.0,2.5,138.0,1.93,2.1,0.17000000000000015,2.045,0.05750000000000005,2.1,1.0,2.0,1.0,1.75,0.375,2.0,0.0,4.0,4.0,2.75,1.375,4.0,10.0,10.0,0.0,10.0,0.0,10.0,0.0,0.0,0.0,0.0,0.0,0.0,11.0,16.0,5.0,14.5,1.75,16.0,0.0,1.0,1.0,0.25,0.375,0.0,0.0,3.0,3.0,1.75,0.875,2.0,0.0,0.0,0.0,0.0,0.0,0.0,0.0,0.0,0.0,0.0,0.0,0.0,1.0,3.0,2.0,2.0,0.5,2.0,16.33,34.7633333333,18.4333333333,29.35416666665,6.512083333324999,34.7633333333,0.0,0.464,0.464,0.232,0.232,0.464,0.0,0.0,0.0,0.0,0.0,0.0,152.0,225.0,73.0,173.75,25.625,152.0,1.75,2.75,10.0,0.0,0.1206896551724138,0.1896551724137931,0.6896551724137931,0.0,8.644719482306641,0.11200000000000014,,0.0,0.0,0.25,0.25,0.5,425.0,,
1-s2.0-S221128552201196X-main.pdf,10.1016/j.nanoen.2022.108118,AgSbTe2,Fast Cooling,AgSbTe2,,,,,,figure,,Visually estimated from Fig. 7b,359.99999999999994,uV/K,False,47.0,52.0,5.0,50.5,1.75,52.0,65.0,90.0,25.0,82.5,8.75,90.0,107.8682,127.6,19.731799999999993,121.20705,6.669425,127.6,722.66,1234.93,512.2700000000001,896.0074999999999,173.34750000000003,722.66,11.0,16.0,5.0,14.5,1.75,16.0,5.0,5.0,0.0,5.0,0.0,5.0,138.0,145.0,7.0,140.0,2.5,138.0,1.93,2.1,0.17000000000000015,2.045,0.05750000000000005,2.1,1.0,2.0,1.0,1.75,0.375,2.0,0.0,4.0,4.0,2.75,1.375,4.0,10.0,10.0,0.0,10.0,0.0,10.0,0.0,0.0,0.0,0.0,0.0,0.0,11.0,16.0,5.0,14.5,1.75,16.0,0.0,1.0,1.0,0.25,0.375,0.0,0.0,3.0,3.0,1.75,0.875,2.0,0.0,0.0,0.0,0.0,0.0,0.0,0.0,0.0,0.0,0.0,0.0,0.0,1.0,3.0,2.0,2.0,0.5,2.0,16.33,34.7633333333,18.4333333333,29.35416666665,6.512083333324999,34.7633333333,0.0,0.464,0.464,0.232,0.232,0.464,0.0,0.0,0.0,0.0,0.0,0.0,152.0,225.0,73.0,173.75,25.625,152.0,1.75,2.75,10.0,0.0,0.1206896551724138,0.1896551724137931,0.6896551724137931,0.0,8.644719482306641,0.11200000000000014,,0.0,0.0,0.25,0.25,0.5,475.0,,
1-s2.0-S221128552201196X-main.pdf,10.1016/j.nanoen.2022.108118,AgSbTe2,Fast Cooling,AgSbTe2,,,,,,figure,,Visually estimated from Fig. 7b,320.0,uV/K,False,47.0,52.0,5.0,50.5,1.75,52.0,65.0,90.0,25.0,82.5,8.75,90.0,107.8682,127.6,19.731799999999993,121.20705,6.669425,127.6,722.66,1234.93,512.2700000000001,896.0074999999999,173.34750000000003,722.66,11.0,16.0,5.0,14.5,1.75,16.0,5.0,5.0,0.0,5.0,0.0,5.0,138.0,145.0,7.0,140.0,2.5,138.0,1.93,2.1,0.17000000000000015,2.045,0.05750000000000005,2.1,1.0,2.0,1.0,1.75,0.375,2.0,0.0,4.0,4.0,2.75,1.375,4.0,10.0,10.0,0.0,10.0,0.0,10.0,0.0,0.0,0.0,0.0,0.0,0.0,11.0,16.0,5.0,14.5,1.75,16.0,0.0,1.0,1.0,0.25,0.375,0.0,0.0,3.0,3.0,1.75,0.875,2.0,0.0,0.0,0.0,0.0,0.0,0.0,0.0,0.0,0.0,0.0,0.0,0.0,1.0,3.0,2.0,2.0,0.5,2.0,16.33,34.7633333333,18.4333333333,29.35416666665,6.512083333324999,34.7633333333,0.0,0.464,0.464,0.232,0.232,0.464,0.0,0.0,0.0,0.0,0.0,0.0,152.0,225.0,73.0,173.75,25.625,152.0,1.75,2.75,10.0,0.0,0.1206896551724138,0.1896551724137931,0.6896551724137931,0.0,8.644719482306641,0.11200000000000014,,0.0,0.0,0.25,0.25,0.5,525.0,,
1-s2.0-S221128552201196X-main.pdf,10.1016/j.nanoen.2022.108118,AgSbTe2,Fast Cooling,AgSbTe2,,,,,,figure,,Visually estimated from Fig. 7b,280.0,uV/K,False,47.0,52.0,5.0,50.5,1.75,52.0,65.0,90.0,25.0,82.5,8.75,90.0,107.8682,127.6,19.731799999999993,121.20705,6.669425,127.6,722.66,1234.93,512.2700000000001,896.0074999999999,173.34750000000003,722.66,11.0,16.0,5.0,14.5,1.75,16.0,5.0,5.0,0.0,5.0,0.0,5.0,138.0,145.0,7.0,140.0,2.5,138.0,1.93,2.1,0.17000000000000015,2.045,0.05750000000000005,2.1,1.0,2.0,1.0,1.75,0.375,2.0,0.0,4.0,4.0,2.75,1.375,4.0,10.0,10.0,0.0,10.0,0.0,10.0,0.0,0.0,0.0,0.0,0.0,0.0,11.0,16.0,5.0,14.5,1.75,16.0,0.0,1.0,1.0,0.25,0.375,0.0,0.0,3.0,3.0,1.75,0.875,2.0,0.0,0.0,0.0,0.0,0.0,0.0,0.0,0.0,0.0,0.0,0.0,0.0,1.0,3.0,2.0,2.0,0.5,2.0,16.33,34.7633333333,18.4333333333,29.35416666665,6.512083333324999,34.7633333333,0.0,0.464,0.464,0.232,0.232,0.464,0.0,0.0,0.0,0.0,0.0,0.0,152.0,225.0,73.0,173.75,25.625,152.0,1.75,2.75,10.0,0.0,0.1206896551724138,0.1896551724137931,0.6896551724137931,0.0,8.644719482306641,0.11200000000000014,,0.0,0.0,0.25,0.25,0.5,575.0,,
1-s2.0-S221128552201196X-main.pdf,10.1016/j.nanoen.2022.108118,AgSbTe2,Fast Cooling,AgSbTe2,,,,,,figure,,Visually estimated from Fig. 7b,250.0,uV/K,False,47.0,52.0,5.0,50.5,1.75,52.0,65.0,90.0,25.0,82.5,8.75,90.0,107.8682,127.6,19.731799999999993,121.20705,6.669425,127.6,722.66,1234.93,512.2700000000001,896.0074999999999,173.34750000000003,722.66,11.0,16.0,5.0,14.5,1.75,16.0,5.0,5.0,0.0,5.0,0.0,5.0,138.0,145.0,7.0,140.0,2.5,138.0,1.93,2.1,0.17000000000000015,2.045,0.05750000000000005,2.1,1.0,2.0,1.0,1.75,0.375,2.0,0.0,4.0,4.0,2.75,1.375,4.0,10.0,10.0,0.0,10.0,0.0,10.0,0.0,0.0,0.0,0.0,0.0,0.0,11.0,16.0,5.0,14.5,1.75,16.0,0.0,1.0,1.0,0.25,0.375,0.0,0.0,3.0,3.0,1.75,0.875,2.0,0.0,0.0,0.0,0.0,0.0,0.0,0.0,0.0,0.0,0.0,0.0,0.0,1.0,3.0,2.0,2.0,0.5,2.0,16.33,34.7633333333,18.4333333333,29.35416666665,6.512083333324999,34.7633333333,0.0,0.464,0.464,0.232,0.232,0.464,0.0,0.0,0.0,0.0,0.0,0.0,152.0,225.0,73.0,173.75,25.625,152.0,1.75,2.75,10.0,0.0,0.1206896551724138,0.1896551724137931,0.6896551724137931,0.0,8.644719482306641,0.11200000000000014,,0.0,0.0,0.25,0.25,0.5,625.0,,
1-s2.0-S221128552201196X-main.pdf,10.1016/j.nanoen.2022.108118,AgSbTe2,Quenched,AgSbTe2,,,,,,figure,,Visually estimated from Fig. 7b,245.0,uV/K,False,47.0,52.0,5.0,50.5,1.75,52.0,65.0,90.0,25.0,82.5,8.75,90.0,107.8682,127.6,19.731799999999993,121.20705,6.669425,127.6,722.66,1234.93,512.2700000000001,896.0074999999999,173.34750000000003,722.66,11.0,16.0,5.0,14.5,1.75,16.0,5.0,5.0,0.0,5.0,0.0,5.0,138.0,145.0,7.0,140.0,2.5,138.0,1.93,2.1,0.17000000000000015,2.045,0.05750000000000005,2.1,1.0,2.0,1.0,1.75,0.375,2.0,0.0,4.0,4.0,2.75,1.375,4.0,10.0,10.0,0.0,10.0,0.0,10.0,0.0,0.0,0.0,0.0,0.0,0.0,11.0,16.0,5.0,14.5,1.75,16.0,0.0,1.0,1.0,0.25,0.375,0.0,0.0,3.0,3.0,1.75,0.875,2.0,0.0,0.0,0.0,0.0,0.0,0.0,0.0,0.0,0.0,0.0,0.0,0.0,1.0,3.0,2.0,2.0,0.5,2.0,16.33,34.7633333333,18.4333333333,29.35416666665,6.512083333324999,34.7633333333,0.0,0.464,0.464,0.232,0.232,0.464,0.0,0.0,0.0,0.0,0.0,0.0,152.0,225.0,73.0,173.75,25.625,152.0,1.75,2.75,10.0,0.0,0.1206896551724138,0.1896551724137931,0.6896551724137931,0.0,8.644719482306641,0.11200000000000014,,0.0,0.0,0.25,0.25,0.5,325.0,,
1-s2.0-S221128552201196X-main.pdf,10.1016/j.nanoen.2022.108118,AgSbTe2,Quenched,AgSbTe2,,,,,,figure,,Visually estimated from Fig. 7b,250.0,uV/K,False,47.0,52.0,5.0,50.5,1.75,52.0,65.0,90.0,25.0,82.5,8.75,90.0,107.8682,127.6,19.731799999999993,121.20705,6.669425,127.6,722.66,1234.93,512.2700000000001,896.0074999999999,173.34750000000003,722.66,11.0,16.0,5.0,14.5,1.75,16.0,5.0,5.0,0.0,5.0,0.0,5.0,138.0,145.0,7.0,140.0,2.5,138.0,1.93,2.1,0.17000000000000015,2.045,0.05750000000000005,2.1,1.0,2.0,1.0,1.75,0.375,2.0,0.0,4.0,4.0,2.75,1.375,4.0,10.0,10.0,0.0,10.0,0.0,10.0,0.0,0.0,0.0,0.0,0.0,0.0,11.0,16.0,5.0,14.5,1.75,16.0,0.0,1.0,1.0,0.25,0.375,0.0,0.0,3.0,3.0,1.75,0.875,2.0,0.0,0.0,0.0,0.0,0.0,0.0,0.0,0.0,0.0,0.0,0.0,0.0,1.0,3.0,2.0,2.0,0.5,2.0,16.33,34.7633333333,18.4333333333,29.35416666665,6.512083333324999,34.7633333333,0.0,0.464,0.464,0.232,0.232,0.464,0.0,0.0,0.0,0.0,0.0,0.0,152.0,225.0,73.0,173.75,25.625,152.0,1.75,2.75,10.0,0.0,0.1206896551724138,0.1896551724137931,0.6896551724137931,0.0,8.644719482306641,0.11200000000000014,,0.0,0.0,0.25,0.25,0.5,425.0,,
1-s2.0-S221128552201196X-main.pdf,10.1016/j.nanoen.2022.108118,AgSbTe2,Quenched,AgSbTe2,,,,,,figure,,Visually estimated from Fig. 7b,239.99999999999997,uV/K,False,47.0,52.0,5.0,50.5,1.75,52.0,65.0,90.0,25.0,82.5,8.75,90.0,107.8682,127.6,19.731799999999993,121.20705,6.669425,127.6,722.66,1234.93,512.2700000000001,896.0074999999999,173.34750000000003,722.66,11.0,16.0,5.0,14.5,1.75,16.0,5.0,5.0,0.0,5.0,0.0,5.0,138.0,145.0,7.0,140.0,2.5,138.0,1.93,2.1,0.17000000000000015,2.045,0.05750000000000005,2.1,1.0,2.0,1.0,1.75,0.375,2.0,0.0,4.0,4.0,2.75,1.375,4.0,10.0,10.0,0.0,10.0,0.0,10.0,0.0,0.0,0.0,0.0,0.0,0.0,11.0,16.0,5.0,14.5,1.75,16.0,0.0,1.0,1.0,0.25,0.375,0.0,0.0,3.0,3.0,1.75,0.875,2.0,0.0,0.0,0.0,0.0,0.0,0.0,0.0,0.0,0.0,0.0,0.0,0.0,1.0,3.0,2.0,2.0,0.5,2.0,16.33,34.7633333333,18.4333333333,29.35416666665,6.512083333324999,34.7633333333,0.0,0.464,0.464,0.232,0.232,0.464,0.0,0.0,0.0,0.0,0.0,0.0,152.0,225.0,73.0,173.75,25.625,152.0,1.75,2.75,10.0,0.0,0.1206896551724138,0.1896551724137931,0.6896551724137931,0.0,8.644719482306641,0.11200000000000014,,0.0,0.0,0.25,0.25,0.5,525.0,,
1-s2.0-S221128552201196X-main.pdf,10.1016/j.nanoen.2022.108118,AgSbTe2,Quenched,AgSbTe2,,,,,,figure,,Visually estimated from Fig. 7b,229.99999999999997,uV/K,False,47.0,52.0,5.0,50.5,1.75,52.0,65.0,90.0,25.0,82.5,8.75,90.0,107.8682,127.6,19.731799999999993,121.20705,6.669425,127.6,722.66,1234.93,512.2700000000001,896.0074999999999,173.34750000000003,722.66,11.0,16.0,5.0,14.5,1.75,16.0,5.0,5.0,0.0,5.0,0.0,5.0,138.0,145.0,7.0,140.0,2.5,138.0,1.93,2.1,0.17000000000000015,2.045,0.05750000000000005,2.1,1.0,2.0,1.0,1.75,0.375,2.0,0.0,4.0,4.0,2.75,1.375,4.0,10.0,10.0,0.0,10.0,0.0,10.0,0.0,0.0,0.0,0.0,0.0,0.0,11.0,16.0,5.0,14.5,1.75,16.0,0.0,1.0,1.0,0.25,0.375,0.0,0.0,3.0,3.0,1.75,0.875,2.0,0.0,0.0,0.0,0.0,0.0,0.0,0.0,0.0,0.0,0.0,0.0,0.0,1.0,3.0,2.0,2.0,0.5,2.0,16.33,34.7633333333,18.4333333333,29.35416666665,6.512083333324999,34.7633333333,0.0,0.464,0.464,0.232,0.232,0.464,0.0,0.0,0.0,0.0,0.0,0.0,152.0,225.0,73.0,173.75,25.625,152.0,1.75,2.75,10.0,0.0,0.1206896551724138,0.1896551724137931,0.6896551724137931,0.0,8.644719482306641,0.11200000000000014,,0.0,0.0,0.25,0.25,0.5,625.0,,
1-s2.0-S221128552201196X-main.pdf,10.1016/j.nanoen.2022.108118,AgSbTe2,AgSbTe2,AgSbTe2,,,,,,figure,Fig. 8b,Visually estimated from Fig. 8b.,248.0,uV/K,False,47.0,52.0,5.0,50.5,1.75,52.0,65.0,90.0,25.0,82.5,8.75,90.0,107.8682,127.6,19.731799999999993,121.20705,6.669425,127.6,722.66,1234.93,512.2700000000001,896.0074999999999,173.34750000000003,722.66,11.0,16.0,5.0,14.5,1.75,16.0,5.0,5.0,0.0,5.0,0.0,5.0,138.0,145.0,7.0,140.0,2.5,138.0,1.93,2.1,0.17000000000000015,2.045,0.05750000000000005,2.1,1.0,2.0,1.0,1.75,0.375,2.0,0.0,4.0,4.0,2.75,1.375,4.0,10.0,10.0,0.0,10.0,0.0,10.0,0.0,0.0,0.0,0.0,0.0,0.0,11.0,16.0,5.0,14.5,1.75,16.0,0.0,1.0,1.0,0.25,0.375,0.0,0.0,3.0,3.0,1.75,0.875,2.0,0.0,0.0,0.0,0.0,0.0,0.0,0.0,0.0,0.0,0.0,0.0,0.0,1.0,3.0,2.0,2.0,0.5,2.0,16.33,34.7633333333,18.4333333333,29.35416666665,6.512083333324999,34.7633333333,0.0,0.464,0.464,0.232,0.232,0.464,0.0,0.0,0.0,0.0,0.0,0.0,152.0,225.0,73.0,173.75,25.625,152.0,1.75,2.75,10.0,0.0,0.1206896551724138,0.1896551724137931,0.6896551724137931,0.0,8.644719482306641,0.11200000000000014,,0.0,0.0,0.25,0.25,0.5,473.0,,
1-s2.0-S221128552201196X-main.pdf,10.1016/j.nanoen.2022.108118,AgSbTe2,AgSbTe2,AgSbTe2,,,,,,figure,Fig. 8e,Visually estimated from Fig. 8e.,239.99999999999997,uV/K,False,47.0,52.0,5.0,50.5,1.75,52.0,65.0,90.0,25.0,82.5,8.75,90.0,107.8682,127.6,19.731799999999993,121.20705,6.669425,127.6,722.66,1234.93,512.2700000000001,896.0074999999999,173.34750000000003,722.66,11.0,16.0,5.0,14.5,1.75,16.0,5.0,5.0,0.0,5.0,0.0,5.0,138.0,145.0,7.0,140.0,2.5,138.0,1.93,2.1,0.17000000000000015,2.045,0.05750000000000005,2.1,1.0,2.0,1.0,1.75,0.375,2.0,0.0,4.0,4.0,2.75,1.375,4.0,10.0,10.0,0.0,10.0,0.0,10.0,0.0,0.0,0.0,0.0,0.0,0.0,11.0,16.0,5.0,14.5,1.75,16.0,0.0,1.0,1.0,0.25,0.375,0.0,0.0,3.0,3.0,1.75,0.875,2.0,0.0,0.0,0.0,0.0,0.0,0.0,0.0,0.0,0.0,0.0,0.0,0.0,1.0,3.0,2.0,2.0,0.5,2.0,16.33,34.7633333333,18.4333333333,29.35416666665,6.512083333324999,34.7633333333,0.0,0.464,0.464,0.232,0.232,0.464,0.0,0.0,0.0,0.0,0.0,0.0,152.0,225.0,73.0,173.75,25.625,152.0,1.75,2.75,10.0,0.0,0.1206896551724138,0.1896551724137931,0.6896551724137931,0.0,8.644719482306641,0.11200000000000014,,0.0,0.0,0.25,0.25,0.5,623.0,,
1-s2.0-S2352847816300041-main.pdf,10.1016/j.jmat.2016.05.001,SnCd0.05Te-x%AgSbSe2,SnCd0.05Te,SnCd0.05Te,Cd,0.05,unclear,,Cd (0.05) @ unclear site,figure,Fig. 3c,Visually estimated from Fig. 3c,44.99999999999999,uV/K,False,48.0,52.0,4.0,50.92682926829269,1.046995835812017,50.0,70.0,90.0,20.0,84.63414634146342,5.234979179060084,80.0,112.411,127.6,15.188999999999993,122.8929512195122,4.59224271267103,118.71,505.08,722.66,217.57999999999998,613.3907317073172,106.60416418798334,505.08,12.0,16.0,4.0,14.926829268292686,1.0469958358120168,14.0,5.0,5.0,0.0,5.0,0.0,5.0,138.0,144.0,6.0,138.63414634146343,0.6186793575252821,138.0,1.69,2.1,0.41000000000000014,2.021707317073171,0.07638310529446765,1.96,2.0,2.0,0.0,2.0,0.0,2.0,0.0,4.0,4.0,2.9268292682926833,1.0469958358120168,2.0,10.0,10.0,0.0,10.0,0.0,10.0,0.0,0.0,0.0,0.0,0.0,0.0,12.0,16.0,4.0,14.926829268292686,1.0469958358120168,14.0,0.0,0.0,0.0,0.0,0.0,0.0,0.0,4.0,4.0,2.9268292682926833,1.0469958358120168,2.0,0.0,0.0,0.0,0.0,0.0,0.0,0.0,0.0,0.0,0.0,0.0,0.0,0.0,4.0,4.0,2.9268292682926833,1.0469958358120168,2.0,19.495,34.7633333333,15.268333333299996,33.66979674795122,1.0668649613158834,33.285,0.0,0.464,0.464,0.22634146341463418,0.23186198691255208,0.0,0.0,0.0,0.0,0.0,0.0,0.0,141.0,194.0,53.0,147.65853658536585,6.496133254015467,141.0,2.0,2.9268292682926833,10.0,0.0,0.13398692810457513,0.19607843137254902,0.6699346405228757,0.0,6.575961979568499,0.15818181818181828,0.05,1.0,0.0,0.0,0.0,0.48780487804878053,300.0,,
1-s2.0-S235284782200096X-main.pdf,10.1016/j.jmat.2022.07.005,AgSbTe2,Ag0.9Sb1.1Te2.1,Ag0.9Sb1.1Te2.1,Ag,0.9,Ag,Sb (1.1) @ Sb; Te (2.1) @ Te,Ag (0.9) @ Ag site; Sb (1.1) @ Sb site; Te (2.1) @ Te site,figure,,Visually estimated from Fig. 4b,100.0,uV/K,False,47.0,52.0,5.0,50.63414634146343,1.5954788816180774,52.0,65.0,90.0,25.0,83.17073170731707,7.977394408090422,90.0,107.8682,127.6,19.731799999999993,121.7018,6.073287804878045,127.6,722.66,1234.93,512.2700000000001,883.7026829268294,164.97055324211783,722.66,11.0,16.0,5.0,14.634146341463415,1.5954788816180845,16.0,5.0,5.0,0.0,5.0,0.0,5.0,138.0,145.0,7.0,139.80487804878052,2.2807852468768792,138.0,1.93,2.1,0.17000000000000015,2.0492682926829273,0.05236168947055298,2.1,1.0,2.0,1.0,1.780487804878049,0.34265318262938715,2.0,0.0,4.0,4.0,2.853658536585366,1.2528256989886974,4.0,10.0,10.0,0.0,10.0,0.0,10.0,0.0,0.0,0.0,0.0,0.0,0.0,11.0,16.0,5.0,14.634146341463415,1.5954788816180845,16.0,0.0,1.0,1.0,0.21951219512195125,0.3426531826293874,0.0,0.0,3.0,3.0,1.829268292682927,0.8030933967876266,2.0,0.0,0.0,0.0,0.0,0.0,0.0,0.0,0.0,0.0,0.0,0.0,0.0,1.0,3.0,2.0,2.048780487804878,0.5104104699583581,2.0,16.33,34.7633333333,18.4333333333,29.857560975592683,5.938929208796786,34.7633333333,0.0,0.464,0.464,0.2376585365853659,0.23186198691255208,0.464,0.0,0.0,0.0,0.0,0.0,0.0,152.0,225.0,73.0,171.78048780487805,23.364663890541348,152.0,1.780487804878049,2.853658536585366,10.0,0.0,0.12166666666666667,0.195,0.6833333333333333,0.0,8.551650782787032,0.10705202312138744,0.9,3.0,1.0,0.21951219512195125,0.26829268292682934,0.5121951219512195,300.0,0.0,0.0
1-s2.0-S235284782200096X-main.pdf,10.1016/j.jmat.2022.07.005,AgSbTe2,Ag0.9Sb1.1Te2.1,Ag0.9Sb1.1Te2.1,Ag,0.9,Ag,Sb (1.1) @ Sb; Te (2.1) @ Te,Ag (0.9) @ Ag site; Sb (1.1) @ Sb site; Te (2.1) @ Te site,figure,,Visually estimated from Fig. 4b,250.0,uV/K,False,47.0,52.0,5.0,50.63414634146343,1.5954788816180774,52.0,65.0,90.0,25.0,83.17073170731707,7.977394408090422,90.0,107.8682,127.6,19.731799999999993,121.7018,6.073287804878045,127.6,722.66,1234.93,512.2700000000001,883.7026829268294,164.97055324211783,722.66,11.0,16.0,5.0,14.634146341463415,1.5954788816180845,16.0,5.0,5.0,0.0,5.0,0.0,5.0,138.0,145.0,7.0,139.80487804878052,2.2807852468768792,138.0,1.93,2.1,0.17000000000000015,2.0492682926829273,0.05236168947055298,2.1,1.0,2.0,1.0,1.780487804878049,0.34265318262938715,2.0,0.0,4.0,4.0,2.853658536585366,1.2528256989886974,4.0,10.0,10.0,0.0,10.0,0.0,10.0,0.0,0.0,0.0,0.0,0.0,0.0,11.0,16.0,5.0,14.634146341463415,1.5954788816180845,16.0,0.0,1.0,1.0,0.21951219512195125,0.3426531826293874,0.0,0.0,3.0,3.0,1.829268292682927,0.8030933967876266,2.0,0.0,0.0,0.0,0.0,0.0,0.0,0.0,0.0,0.0,0.0,0.0,0.0,1.0,3.0,2.0,2.048780487804878,0.5104104699583581,2.0,16.33,34.7633333333,18.4333333333,29.857560975592683,5.938929208796786,34.7633333333,0.0,0.464,0.464,0.2376585365853659,0.23186198691255208,0.464,0.0,0.0,0.0,0.0,0.0,0.0,152.0,225.0,73.0,171.78048780487805,23.364663890541348,152.0,1.780487804878049,2.853658536585366,10.0,0.0,0.12166666666666667,0.195,0.6833333333333333,0.0,8.551650782787032,0.10705202312138744,0.9,3.0,1.0,0.21951219512195125,0.26829268292682934,0.5121951219512195,500.0,0.0,0.0
1-s2.0-S235284782200096X-main.pdf,10.1016/j.jmat.2022.07.005,AgSbTe2,AgSb2-xTe3-x (x=1.0),AgSbTe2,,,,,,figure,,Visually estimated from Fig. 6b,250.0,uV/K,False,47.0,52.0,5.0,50.5,1.75,52.0,65.0,90.0,25.0,82.5,8.75,90.0,107.8682,127.6,19.731799999999993,121.20705,6.669425,127.6,722.66,1234.93,512.2700000000001,896.0074999999999,173.34750000000003,722.66,11.0,16.0,5.0,14.5,1.75,16.0,5.0,5.0,0.0,5.0,0.0,5.0,138.0,145.0,7.0,140.0,2.5,138.0,1.93,2.1,0.17000000000000015,2.045,0.05750000000000005,2.1,1.0,2.0,1.0,1.75,0.375,2.0,0.0,4.0,4.0,2.75,1.375,4.0,10.0,10.0,0.0,10.0,0.0,10.0,0.0,0.0,0.0,0.0,0.0,0.0,11.0,16.0,5.0,14.5,1.75,16.0,0.0,1.0,1.0,0.25,0.375,0.0,0.0,3.0,3.0,1.75,0.875,2.0,0.0,0.0,0.0,0.0,0.0,0.0,0.0,0.0,0.0,0.0,0.0,0.0,1.0,3.0,2.0,2.0,0.5,2.0,16.33,34.7633333333,18.4333333333,29.35416666665,6.512083333324999,34.7633333333,0.0,0.464,0.464,0.232,0.232,0.464,0.0,0.0,0.0,0.0,0.0,0.0,152.0,225.0,73.0,173.75,25.625,152.0,1.75,2.75,10.0,0.0,0.1206896551724138,0.1896551724137931,0.6896551724137931,0.0,8.644719482306641,0.11200000000000014,,0.0,0.0,0.25,0.25,0.5,300.0,,
1-s2.0-S235284782200096X-main.pdf,10.1016/j.jmat.2022.07.005,AgSbTe2,AgSb2-xTe3-x (x=0.9),Ag0.9Sb1.1Te2.1,,,,,,figure,,Visually estimated from Fig. 6b,199.99999999999997,uV/K,False,47.0,52.0,5.0,50.63414634146343,1.5954788816180774,52.0,65.0,90.0,25.0,83.17073170731707,7.977394408090422,90.0,107.8682,127.6,19.731799999999993,121.7018,6.073287804878045,127.6,722.66,1234.93,512.2700000000001,883.7026829268294,164.97055324211783,722.66,11.0,16.0,5.0,14.634146341463415,1.5954788816180845,16.0,5.0,5.0,0.0,5.0,0.0,5.0,138.0,145.0,7.0,139.80487804878052,2.2807852468768792,138.0,1.93,2.1,0.17000000000000015,2.0492682926829273,0.05236168947055298,2.1,1.0,2.0,1.0,1.780487804878049,0.34265318262938715,2.0,0.0,4.0,4.0,2.853658536585366,1.2528256989886974,4.0,10.0,10.0,0.0,10.0,0.0,10.0,0.0,0.0,0.0,0.0,0.0,0.0,11.0,16.0,5.0,14.634146341463415,1.5954788816180845,16.0,0.0,1.0,1.0,0.21951219512195125,0.3426531826293874,0.0,0.0,3.0,3.0,1.829268292682927,0.8030933967876266,2.0,0.0,0.0,0.0,0.0,0.0,0.0,0.0,0.0,0.0,0.0,0.0,0.0,1.0,3.0,2.0,2.048780487804878,0.5104104699583581,2.0,16.33,34.7633333333,18.4333333333,29.857560975592683,5.938929208796786,34.7633333333,0.0,0.464,0.464,0.2376585365853659,0.23186198691255208,0.464,0.0,0.0,0.0,0.0,0.0,0.0,152.0,225.0,73.0,171.78048780487805,23.364663890541348,152.0,1.780487804878049,2.853658536585366,10.0,0.0,0.12166666666666667,0.195,0.6833333333333333,0.0,8.551650782787032,0.10705202312138744,,0.0,0.0,0.21951219512195125,0.26829268292682934,0.5121951219512195,300.0,,
1-s2.0-S235284782200096X-main.pdf,10.1016/j.jmat.2022.07.005,AgSbTe2,AgSb2-xTe3-x (x=0.8),Ag0.8Sb1.2Te2.2,,,,,,figure,,Visually estimated from Fig. 6b,130.0,uV/K,False,47.0,52.0,5.0,50.76190476190476,1.4331065759637207,52.0,65.0,90.0,25.0,83.80952380952381,7.165532879818594,90.0,107.8682,127.6,19.731799999999993,122.17299047619048,5.685438548752829,127.6,722.66,1234.93,512.2700000000001,871.9838095238096,156.43446712018144,722.66,11.0,16.0,5.0,14.761904761904761,1.4331065759637196,16.0,5.0,5.0,0.0,5.0,0.0,5.0,138.0,145.0,7.0,139.61904761904762,2.049886621315194,138.0,1.93,2.1,0.17000000000000015,2.0533333333333332,0.048888888888889,2.1,1.0,2.0,1.0,1.8095238095238095,0.30839002267573695,2.0,0.0,4.0,4.0,2.9523809523809526,1.1247165532879817,4.0,10.0,10.0,0.0,10.0,0.0,10.0,0.0,0.0,0.0,0.0,0.0,0.0,11.0,16.0,5.0,14.761904761904761,1.4331065759637196,16.0,0.0,1.0,1.0,0.19047619047619047,0.30839002267573695,0.0,0.0,3.0,3.0,1.9047619047619047,0.7256235827664398,2.0,0.0,0.0,0.0,0.0,0.0,0.0,0.0,0.0,0.0,0.0,0.0,0.0,1.0,3.0,2.0,2.0952380952380953,0.5170068027210885,2.0,16.33,34.7633333333,18.4333333333,30.336984126966666,5.335993953130157,34.7633333333,0.0,0.464,0.464,0.24304761904761907,0.23147392290249433,0.464,0.0,0.0,0.0,0.0,0.0,0.0,152.0,225.0,73.0,169.9047619047619,20.98866213151927,152.0,1.8095238095238095,2.9523809523809526,10.0,0.0,0.12258064516129033,0.2,0.6774193548387097,0.0,8.418349425754691,0.10194029850746285,,0.0,0.0,0.19047619047619047,0.2857142857142857,0.5238095238095238,300.0,,
1-s2.0-S235284782200096X-main.pdf,10.1016/j.jmat.2022.07.005,AgSbTe2,AgSb2-xTe3-x (x=0.7),Ag0.7Sb1.3Te2.3,,,,,,figure,,Visually estimated from Fig. 6b,80.0,uV/K,False,47.0,52.0,5.0,50.883720930232556,1.2644672796106016,52.0,65.0,90.0,25.0,84.4186046511628,6.3223363980529985,90.0,107.8682,127.6,19.731799999999993,122.62226511627908,5.325018712817734,127.6,722.66,1234.93,512.2700000000001,860.81,147.78837209302327,722.66,11.0,16.0,5.0,14.883720930232558,1.2644672796106005,16.0,5.0,5.0,0.0,5.0,0.0,5.0,138.0,145.0,7.0,139.4418604651163,1.8096268253109877,138.0,1.93,2.1,0.17000000000000015,2.0572093023255813,0.04577609518658746,2.1,1.0,2.0,1.0,1.8372093023255813,0.2725797728501893,2.0,0.0,4.0,4.0,3.046511627906977,1.0200108166576527,4.0,10.0,10.0,0.0,10.0,0.0,10.0,0.0,0.0,0.0,0.0,0.0,0.0,11.0,16.0,5.0,14.883720930232558,1.2644672796106005,16.0,0.0,1.0,1.0,0.1627906976744186,0.2725797728501893,0.0,0.0,3.0,3.0,1.9767441860465118,0.6435911303407247,2.0,0.0,0.0,0.0,0.0,0.0,0.0,0.0,0.0,0.0,0.0,0.0,0.0,1.0,3.0,2.0,2.13953488372093,0.5202812330989723,2.0,16.33,34.7633333333,18.4333333333,30.794108527113952,4.709244636734775,34.7633333333,0.0,0.464,0.464,0.2481860465116279,0.23087074094104923,0.464,0.0,0.0,0.0,0.0,0.0,0.0,152.0,225.0,73.0,168.11627906976744,18.52028123309897,152.0,1.8372093023255813,3.046511627906977,10.0,0.0,0.12343749999999999,0.20468750000000002,0.671875,0.0,8.246694975174437,0.09662431941923791,,0.0,0.0,0.1627906976744186,0.3023255813953489,0.5348837209302325,300.0,,
1-s2.0-S254252932030122X-main.pdf,10.1016/j.mtphys.2020.100298,Sn1-2x(AgSb)xSe1-2xTe2x,x=0.15,Sn0.7Ag0.15Sb0.15Se0.7Te0.3,Ag,0.15,multiple sites,Sb (0.15) @ multiple sites; Te (0.3) @ multiple sites,Ag (0.15) @ multiple sites site; Sb (0.15) @ multiple sites site; Te (0.3) @ multiple sites site,text,body text,,72.0,uV/K,False,34.0,52.0,18.0,44.55,7.385000000000001,34.0,65.0,90.0,25.0,83.9,5.5649999999999995,80.0,78.96,127.6,48.64,105.54661499999999,18.610630500000003,78.96,494.0,1234.93,740.9300000000001,618.48025,166.51634999999996,494.0,11.0,16.0,5.0,14.85,1.1724999999999999,14.0,4.0,5.0,1.0,4.65,0.4549999999999999,4.0,120.0,145.0,25.0,132.65,8.854999999999997,120.0,1.93,2.55,0.6199999999999999,2.1919999999999997,0.2505999999999998,1.96,1.0,2.0,1.0,1.925,0.13874999999999993,2.0,0.0,4.0,4.0,2.925,1.08625,2.0,10.0,10.0,0.0,10.0,0.0,10.0,0.0,0.0,0.0,0.0,0.0,0.0,11.0,16.0,5.0,14.85,1.1724999999999999,14.0,0.0,1.0,1.0,0.075,0.13875,0.0,0.0,4.0,4.0,2.625,1.0187499999999998,2.0,0.0,0.0,0.0,0.0,0.0,0.0,0.0,0.0,0.0,0.0,0.0,0.0,1.0,4.0,3.0,2.6999999999999993,0.955,2.0,16.33,34.7633333333,18.4333333333,29.527999999994996,4.505299999995748,25.92,0.0,0.799,0.799,0.34925,0.34925,0.0,0.0,0.0,0.0,0.0,0.0,0.0,14.0,225.0,211.0,106.375,64.6625,14.0,1.925,2.925,10.0,0.0,0.12962962962962962,0.19696969696969696,0.6734006734006734,0.0,11.7066266738745,0.3853032928942807,0.15,3.0,1.0,0.075,0.075,0.15,300.0,,
1-s2.0-S254252932030122X-main.pdf,10.1016/j.mtphys.2020.100298,Sn1-2x(AgSb)xSe1-2xTe2x,x=0.15,Sn0.7Ag0.15Sb0.15Se0.7Te0.3,Ag,0.15,multiple sites,Sb (0.15) @ multiple sites; Te (0.3) @ multiple sites,Ag (0.15) @ multiple sites site; Sb (0.15) @ multiple sites site; Te (0.3) @ multiple sites site,text,body text,,136.0,uV/K,False,34.0,52.0,18.0,44.55,7.385000000000001,34.0,65.0,90.0,25.0,83.9,5.5649999999999995,80.0,78.96,127.6,48.64,105.54661499999999,18.610630500000003,78.96,494.0,1234.93,740.9300000000001,618.48025,166.51634999999996,494.0,11.0,16.0,5.0,14.85,1.1724999999999999,14.0,4.0,5.0,1.0,4.65,0.4549999999999999,4.0,120.0,145.0,25.0,132.65,8.854999999999997,120.0,1.93,2.55,0.6199999999999999,2.1919999999999997,0.2505999999999998,1.96,1.0,2.0,1.0,1.925,0.13874999999999993,2.0,0.0,4.0,4.0,2.925,1.08625,2.0,10.0,10.0,0.0,10.0,0.0,10.0,0.0,0.0,0.0,0.0,0.0,0.0,11.0,16.0,5.0,14.85,1.1724999999999999,14.0,0.0,1.0,1.0,0.075,0.13875,0.0,0.0,4.0,4.0,2.625,1.0187499999999998,2.0,0.0,0.0,0.0,0.0,0.0,0.0,0.0,0.0,0.0,0.0,0.0,0.0,1.0,4.0,3.0,2.6999999999999993,0.955,2.0,16.33,34.7633333333,18.4333333333,29.527999999994996,4.505299999995748,25.92,0.0,0.799,0.799,0.34925,0.34925,0.0,0.0,0.0,0.0,0.0,0.0,0.0,14.0,225.0,211.0,106.375,64.6625,14.0,1.925,2.925,10.0,0.0,0.12962962962962962,0.19696969696969696,0.6734006734006734,0.0,11.7066266738745,0.3853032928942807,0.15,3.0,1.0,0.075,0.075,0.15,790.0,,
1-s2.0-S2542529325000483-main.pdf,10.1016/j.mtphys.2025.101692,AgSbTe2,"(AgSb1-yCdyTe2)0.9(Bi2Te3)0.1, y=0.00",(AgSbTe2)0.9(Bi2Te3)0.1,Bi,0.1,multiple sites,Cd (y=0.00) @ Sb,Bi (0.1) @ multiple sites site; Cd (y=0.00) @ Sb site,figure,,Visually estimated from Fig. 3a,219.99999999999997,uV/K,False,47.0,83.0,36.0,52.195121951219505,3.0053539559785776,52.0,65.0,90.0,25.0,83.21951219512194,7.998810232004767,90.0,107.8682,208.9804,101.1122,125.95645365853657,9.783530041641876,127.6,544.4,1234.93,690.5300000000001,866.1719512195122,178.40462819750152,722.66,11.0,16.0,5.0,14.634146341463413,1.5954788816180847,16.0,5.0,6.0,1.0,5.048780487804877,0.09280190362879162,5.0,138.0,148.0,10.0,140.2439024390244,2.844735276621061,138.0,1.93,2.1,0.17000000000000015,2.0478048780487805,0.05443188578227245,2.1,1.0,2.0,1.0,1.7804878048780488,0.3426531826293872,2.0,0.0,4.0,4.0,2.8536585365853657,1.252825698988697,4.0,10.0,10.0,0.0,9.999999999999998,1.7763568394002505e-15,10.0,0.0,14.0,14.0,0.6829268292682926,1.2992266508030932,0.0,11.0,29.0,18.0,15.317073170731705,2.034503271861987,16.0,0.0,1.0,1.0,0.2195121951219512,0.3426531826293872,0.0,0.0,3.0,3.0,1.8292682926829267,0.8030933967876265,2.0,0.0,0.0,0.0,0.0,0.0,0.0,0.0,0.0,0.0,0.0,0.0,0.0,1.0,3.0,2.0,2.0487804878048776,0.5104104699583578,2.0,16.33,34.7633333333,18.4333333333,29.92536585364146,5.968697204037716,34.7633333333,0.0,0.464,0.464,0.23765853658536584,0.231861986912552,0.464,0.0,0.0,0.0,0.0,0.0,0.0,12.0,225.0,213.0,164.26829268292678,27.42296252230814,152.0,1.7804878048780488,2.8536585365853657,9.999999999999998,0.6829268292682926,0.11624203821656053,0.18630573248407645,0.6528662420382165,0.0445859872611465,9.609317844630432,0.1058100558659219,0.1,2.0,1.0,0.2195121951219512,0.2195121951219512,0.5121951219512194,300.0,,
1-s2.0-S2542529325000483-main.pdf,10.1016/j.mtphys.2025.101692,AgSbTe2,"(AgSb1-yCdyTe2)0.9(Bi2Te3)0.1, y=0.00",(AgSbTe2)0.9(Bi2Te3)0.1,Bi,0.1,multiple sites,Cd (y=0.00) @ Sb,Bi (0.1) @ multiple sites site; Cd (y=0.00) @ Sb site,figure,,Visually estimated from Fig. 3a,300.0,uV/K,False,47.0,83.0,36.0,52.195121951219505,3.0053539559785776,52.0,65.0,90.0,25.0,83.21951219512194,7.998810232004767,90.0,107.8682,208.9804,101.1122,125.95645365853657,9.783530041641876,127.6,544.4,1234.93,690.5300000000001,866.1719512195122,178.40462819750152,722.66,11.0,16.0,5.0,14.634146341463413,1.5954788816180847,16.0,5.0,6.0,1.0,5.048780487804877,0.09280190362879162,5.0,138.0,148.0,10.0,140.2439024390244,2.844735276621061,138.0,1.93,2.1,0.17000000000000015,2.0478048780487805,0.05443188578227245,2.1,1.0,2.0,1.0,1.7804878048780488,0.3426531826293872,2.0,0.0,4.0,4.0,2.8536585365853657,1.252825698988697,4.0,10.0,10.0,0.0,9.999999999999998,1.7763568394002505e-15,10.0,0.0,14.0,14.0,0.6829268292682926,1.2992266508030932,0.0,11.0,29.0,18.0,15.317073170731705,2.034503271861987,16.0,0.0,1.0,1.0,0.2195121951219512,0.3426531826293872,0.0,0.0,3.0,3.0,1.8292682926829267,0.8030933967876265,2.0,0.0,0.0,0.0,0.0,0.0,0.0,0.0,0.0,0.0,0.0,0.0,0.0,1.0,3.0,2.0,2.0487804878048776,0.5104104699583578,2.0,16.33,34.7633333333,18.4333333333,29.92536585364146,5.968697204037716,34.7633333333,0.0,0.464,0.464,0.23765853658536584,0.231861986912552,0.464,0.0,0.0,0.0,0.0,0.0,0.0,12.0,225.0,213.0,164.26829268292678,27.42296252230814,152.0,1.7804878048780488,2.8536585365853657,9.999999999999998,0.6829268292682926,0.11624203821656053,0.18630573248407645,0.6528662420382165,0.0445859872611465,9.609317844630432,0.1058100558659219,0.1,2.0,1.0,0.2195121951219512,0.2195121951219512,0.5121951219512194,450.0,,
1-s2.0-S2542529325000483-main.pdf,10.1016/j.mtphys.2025.101692,AgSbTe2,"(AgSb1-yCdyTe2)0.9(Bi2Te3)0.1, y=0.02",(AgSb0.98Cd0.02Te2)0.9(Bi2Te3)0.1,Bi,0.1,multiple sites,Cd (y=0.02) @ Sb,Bi (0.1) @ multiple sites site; Cd (y=0.02) @ Sb site,figure,,Visually estimated from Fig. 3a,209.99999999999997,uV/K,False,47.0,83.0,36.0,52.181951219512186,3.006638905413436,52.0,65.0,90.0,25.0,83.15365853658535,8.085394408090426,90.0,107.8682,208.9804,101.1122,125.91540926829265,9.829579845330159,127.6,544.4,1234.93,690.5300000000001,864.8129073170732,179.25578495657348,722.66,11.0,16.0,5.0,14.620975609756098,1.6127100535395593,16.0,5.0,6.0,1.0,5.048780487804877,0.09280190362879162,5.0,138.0,148.0,10.0,140.26585365853657,2.865744199881017,138.0,1.69,2.1,0.41000000000000014,2.046224390243902,0.056711643069601594,2.1,1.0,2.0,1.0,1.7804878048780488,0.3426531826293872,2.0,0.0,4.0,4.0,2.840487804878048,1.2719842950624631,4.0,10.0,10.0,0.0,9.999999999999998,1.7763568394002505e-15,10.0,0.0,14.0,14.0,0.6829268292682926,1.2992266508030932,0.0,11.0,29.0,18.0,15.303902439024391,2.049280190362879,16.0,0.0,1.0,1.0,0.2195121951219512,0.3426531826293872,0.0,0.0,3.0,3.0,1.8160975609756094,0.8132573468173708,2.0,0.0,0.0,0.0,0.0,0.0,0.0,0.0,0.0,0.0,0.0,0.0,0.0,0.0,3.0,3.0,2.0356097560975606,0.5090098750743602,2.0,16.33,34.7633333333,18.4333333333,29.872397560958532,6.036561444370701,34.7633333333,0.0,0.464,0.464,0.23765853658536584,0.23186198691255203,0.464,0.0,0.0,0.0,0.0,0.0,0.0,12.0,225.0,213.0,164.3912195121951,27.560880428316473,152.0,1.7804878048780488,2.840487804878048,9.999999999999998,0.6829268292682926,0.11634207758263475,0.1856054569215567,0.6534281069709621,0.0446243585248462,9.788251573464477,0.10964741111752306,0.1,2.0,1.0,0.2195121951219512,0.21512195121951216,0.5121951219512194,300.0,,
1-s2.0-S2542529325000483-main.pdf,10.1016/j.mtphys.2025.101692,AgSbTe2,"(AgSb1-yCdyTe2)0.9(Bi2Te3)0.1, y=0.02",(AgSb0.98Cd0.02Te2)0.9(Bi2Te3)0.1,Bi,0.1,multiple sites,Cd (y=0.02) @ Sb,Bi (0.1) @ multiple sites site; Cd (y=0.02) @ Sb site,figure,,Visually estimated from Fig. 3a,270.0,uV/K,False,47.0,83.0,36.0,52.181951219512186,3.006638905413436,52.0,65.0,90.0,25.0,83.15365853658535,8.085394408090426,90.0,107.8682,208.9804,101.1122,125.91540926829265,9.829579845330159,127.6,544.4,1234.93,690.5300000000001,864.8129073170732,179.25578495657348,722.66,11.0,16.0,5.0,14.620975609756098,1.6127100535395593,16.0,5.0,6.0,1.0,5.048780487804877,0.09280190362879162,5.0,138.0,148.0,10.0,140.26585365853657,2.865744199881017,138.0,1.69,2.1,0.41000000000000014,2.046224390243902,0.056711643069601594,2.1,1.0,2.0,1.0,1.7804878048780488,0.3426531826293872,2.0,0.0,4.0,4.0,2.840487804878048,1.2719842950624631,4.0,10.0,10.0,0.0,9.999999999999998,1.7763568394002505e-15,10.0,0.0,14.0,14.0,0.6829268292682926,1.2992266508030932,0.0,11.0,29.0,18.0,15.303902439024391,2.049280190362879,16.0,0.0,1.0,1.0,0.2195121951219512,0.3426531826293872,0.0,0.0,3.0,3.0,1.8160975609756094,0.8132573468173708,2.0,0.0,0.0,0.0,0.0,0.0,0.0,0.0,0.0,0.0,0.0,0.0,0.0,0.0,3.0,3.0,2.0356097560975606,0.5090098750743602,2.0,16.33,34.7633333333,18.4333333333,29.872397560958532,6.036561444370701,34.7633333333,0.0,0.464,0.464,0.23765853658536584,0.23186198691255203,0.464,0.0,0.0,0.0,0.0,0.0,0.0,12.0,225.0,213.0,164.3912195121951,27.560880428316473,152.0,1.7804878048780488,2.840487804878048,9.999999999999998,0.6829268292682926,0.11634207758263475,0.1856054569215567,0.6534281069709621,0.0446243585248462,9.788251573464477,0.10964741111752306,0.1,2.0,1.0,0.2195121951219512,0.21512195121951216,0.5121951219512194,450.0,,
202106_1_online.pdf,10.1063/1.3029774,AgSbTe2,AgSbTe2,AgSbTe2,,,,,,body text,,,260.0,uV/K,False,47.0,52.0,5.0,50.5,1.75,52.0,65.0,90.0,25.0,82.5,8.75,90.0,107.8682,127.6,19.731799999999993,121.20705,6.669425,127.6,722.66,1234.93,512.2700000000001,896.0074999999999,173.34750000000003,722.66,11.0,16.0,5.0,14.5,1.75,16.0,5.0,5.0,0.0,5.0,0.0,5.0,138.0,145.0,7.0,140.0,2.5,138.0,1.93,2.1,0.17000000000000015,2.045,0.05750000000000005,2.1,1.0,2.0,1.0,1.75,0.375,2.0,0.0,4.0,4.0,2.75,1.375,4.0,10.0,10.0,0.0,10.0,0.0,10.0,0.0,0.0,0.0,0.0,0.0,0.0,11.0,16.0,5.0,14.5,1.75,16.0,0.0,1.0,1.0,0.25,0.375,0.0,0.0,3.0,3.0,1.75,0.875,2.0,0.0,0.0,0.0,0.0,0.0,0.0,0.0,0.0,0.0,0.0,0.0,0.0,1.0,3.0,2.0,2.0,0.5,2.0,16.33,34.7633333333,18.4333333333,29.35416666665,6.512083333324999,34.7633333333,0.0,0.464,0.464,0.232,0.232,0.464,0.0,0.0,0.0,0.0,0.0,0.0,152.0,225.0,73.0,173.75,25.625,152.0,1.75,2.75,10.0,0.0,0.1206896551724138,0.1896551724137931,0.6896551724137931,0.0,8.644719482306641,0.11200000000000014,,0.0,0.0,0.25,0.25,0.5,300.0,,
202106_1_online.pdf,10.1063/1.3029774,AgSbTe2,AgSbTe2,AgSbTe2,,,,,,body text,,,263.99999999999994,uV/K,False,47.0,52.0,5.0,50.5,1.75,52.0,65.0,90.0,25.0,82.5,8.75,90.0,107.8682,127.6,19.731799999999993,121.20705,6.669425,127.6,722.66,1234.93,512.2700000000001,896.0074999999999,173.34750000000003,722.66,11.0,16.0,5.0,14.5,1.75,16.0,5.0,5.0,0.0,5.0,0.0,5.0,138.0,145.0,7.0,140.0,2.5,138.0,1.93,2.1,0.17000000000000015,2.045,0.05750000000000005,2.1,1.0,2.0,1.0,1.75,0.375,2.0,0.0,4.0,4.0,2.75,1.375,4.0,10.0,10.0,0.0,10.0,0.0,10.0,0.0,0.0,0.0,0.0,0.0,0.0,11.0,16.0,5.0,14.5,1.75,16.0,0.0,1.0,1.0,0.25,0.375,0.0,0.0,3.0,3.0,1.75,0.875,2.0,0.0,0.0,0.0,0.0,0.0,0.0,0.0,0.0,0.0,0.0,0.0,0.0,1.0,3.0,2.0,2.0,0.5,2.0,16.33,34.7633333333,18.4333333333,29.35416666665,6.512083333324999,34.7633333333,0.0,0.464,0.464,0.232,0.232,0.464,0.0,0.0,0.0,0.0,0.0,0.0,152.0,225.0,73.0,173.75,25.625,152.0,1.75,2.75,10.0,0.0,0.1206896551724138,0.1896551724137931,0.6896551724137931,0.0,8.644719482306641,0.11200000000000014,,0.0,0.0,0.25,0.25,0.5,300.0,,
202106_1_online.pdf,10.1063/1.3029774,AgSbTe2,AgSbTe2,AgSbTe2,,,,,,body text,,,281.0,uV/K,False,47.0,52.0,5.0,50.5,1.75,52.0,65.0,90.0,25.0,82.5,8.75,90.0,107.8682,127.6,19.731799999999993,121.20705,6.669425,127.6,722.66,1234.93,512.2700000000001,896.0074999999999,173.34750000000003,722.66,11.0,16.0,5.0,14.5,1.75,16.0,5.0,5.0,0.0,5.0,0.0,5.0,138.0,145.0,7.0,140.0,2.5,138.0,1.93,2.1,0.17000000000000015,2.045,0.05750000000000005,2.1,1.0,2.0,1.0,1.75,0.375,2.0,0.0,4.0,4.0,2.75,1.375,4.0,10.0,10.0,0.0,10.0,0.0,10.0,0.0,0.0,0.0,0.0,0.0,0.0,11.0,16.0,5.0,14.5,1.75,16.0,0.0,1.0,1.0,0.25,0.375,0.0,0.0,3.0,3.0,1.75,0.875,2.0,0.0,0.0,0.0,0.0,0.0,0.0,0.0,0.0,0.0,0.0,0.0,0.0,1.0,3.0,2.0,2.0,0.5,2.0,16.33,34.7633333333,18.4333333333,29.35416666665,6.512083333324999,34.7633333333,0.0,0.464,0.464,0.232,0.232,0.464,0.0,0.0,0.0,0.0,0.0,0.0,152.0,225.0,73.0,173.75,25.625,152.0,1.75,2.75,10.0,0.0,0.1206896551724138,0.1896551724137931,0.6896551724137931,0.0,8.644719482306641,0.11200000000000014,,0.0,0.0,0.25,0.25,0.5,423.0,,
202106_1_online.pdf,10.1063/1.3029774,AgSbTe2,AgSbTe2,AgSbTe2,,,,,,body text,,,260.0,uV/K,False,47.0,52.0,5.0,50.5,1.75,52.0,65.0,90.0,25.0,82.5,8.75,90.0,107.8682,127.6,19.731799999999993,121.20705,6.669425,127.6,722.66,1234.93,512.2700000000001,896.0074999999999,173.34750000000003,722.66,11.0,16.0,5.0,14.5,1.75,16.0,5.0,5.0,0.0,5.0,0.0,5.0,138.0,145.0,7.0,140.0,2.5,138.0,1.93,2.1,0.17000000000000015,2.045,0.05750000000000005,2.1,1.0,2.0,1.0,1.75,0.375,2.0,0.0,4.0,4.0,2.75,1.375,4.0,10.0,10.0,0.0,10.0,0.0,10.0,0.0,0.0,0.0,0.0,0.0,0.0,11.0,16.0,5.0,14.5,1.75,16.0,0.0,1.0,1.0,0.25,0.375,0.0,0.0,3.0,3.0,1.75,0.875,2.0,0.0,0.0,0.0,0.0,0.0,0.0,0.0,0.0,0.0,0.0,0.0,0.0,1.0,3.0,2.0,2.0,0.5,2.0,16.33,34.7633333333,18.4333333333,29.35416666665,6.512083333324999,34.7633333333,0.0,0.464,0.464,0.232,0.232,0.464,0.0,0.0,0.0,0.0,0.0,0.0,152.0,225.0,73.0,173.75,25.625,152.0,1.75,2.75,10.0,0.0,0.1206896551724138,0.1896551724137931,0.6896551724137931,0.0,8.644719482306641,0.11200000000000014,,0.0,0.0,0.25,0.25,0.5,673.0,,
202106_1_online.pdf,10.1063/1.3029774,AgSbTe2,Ag0.94Sb1.02Te2,Ag0.94Sb1.02Te2,,,,,,body text,,,209.99999999999997,uV/K,False,47.0,52.0,5.0,50.55555555555555,1.6879910213243574,52.0,65.0,90.0,25.0,82.77777777777779,8.439955106621769,90.0,107.8682,127.6,19.731799999999993,121.41194646464648,6.4298594327109395,127.6,722.66,1234.93,512.2700000000001,890.9115656565656,169.9510764207734,722.66,11.0,16.0,5.0,14.555555555555555,1.6879910213243547,16.0,5.0,5.0,0.0,4.999999999999999,8.881784197001252e-16,5.0,138.0,145.0,7.0,139.9191919191919,2.4121008060401836,138.0,1.93,2.1,0.17000000000000015,2.0467676767676766,0.055435159677584035,2.1,1.0,2.0,1.0,1.7626262626262628,0.36205489235792254,2.0,0.0,4.0,4.0,2.7929292929292933,1.3259361289664318,4.0,10.0,10.0,0.0,9.999999999999998,1.7763568394002505e-15,10.0,0.0,0.0,0.0,0.0,0.0,0.0,11.0,16.0,5.0,14.555555555555555,1.6879910213243547,16.0,0.0,1.0,1.0,0.23737373737373738,0.36205489235792265,0.0,0.0,3.0,3.0,1.7828282828282829,0.8463932251811039,2.0,0.0,0.0,0.0,0.0,0.0,0.0,0.0,0.0,0.0,0.0,0.0,0.0,1.0,3.0,2.0,2.0202020202020203,0.504744413835323,2.0,16.33,34.7633333333,18.4333333333,29.56264309762626,6.28216389483267,34.7633333333,0.0,0.464,0.464,0.23434343434343435,0.23197632894602593,0.464,0.0,0.0,0.0,0.0,0.0,0.0,152.0,225.0,73.0,172.93434343434342,24.718038975614725,152.0,1.7626262626262628,2.7929292929292933,9.999999999999998,0.0,0.12109646079111729,0.19188063844552397,0.6870229007633587,0.0,8.611759621464856,0.10999754037878182,,0.0,0.0,0.23737373737373738,0.25757575757575757,0.5050505050505051,300.0,,
202106_1_online.pdf,10.1063/1.3029774,AgSbTe2,Ag0.94Sb1.02Te2,Ag0.94Sb1.02Te2,,,,,,body text,,,160.0,uV/K,False,47.0,52.0,5.0,50.55555555555555,1.6879910213243574,52.0,65.0,90.0,25.0,82.77777777777779,8.439955106621769,90.0,107.8682,127.6,19.731799999999993,121.41194646464648,6.4298594327109395,127.6,722.66,1234.93,512.2700000000001,890.9115656565656,169.9510764207734,722.66,11.0,16.0,5.0,14.555555555555555,1.6879910213243547,16.0,5.0,5.0,0.0,4.999999999999999,8.881784197001252e-16,5.0,138.0,145.0,7.0,139.9191919191919,2.4121008060401836,138.0,1.93,2.1,0.17000000000000015,2.0467676767676766,0.055435159677584035,2.1,1.0,2.0,1.0,1.7626262626262628,0.36205489235792254,2.0,0.0,4.0,4.0,2.7929292929292933,1.3259361289664318,4.0,10.0,10.0,0.0,9.999999999999998,1.7763568394002505e-15,10.0,0.0,0.0,0.0,0.0,0.0,0.0,11.0,16.0,5.0,14.555555555555555,1.6879910213243547,16.0,0.0,1.0,1.0,0.23737373737373738,0.36205489235792265,0.0,0.0,3.0,3.0,1.7828282828282829,0.8463932251811039,2.0,0.0,0.0,0.0,0.0,0.0,0.0,0.0,0.0,0.0,0.0,0.0,0.0,1.0,3.0,2.0,2.0202020202020203,0.504744413835323,2.0,16.33,34.7633333333,18.4333333333,29.56264309762626,6.28216389483267,34.7633333333,0.0,0.464,0.464,0.23434343434343435,0.23197632894602593,0.464,0.0,0.0,0.0,0.0,0.0,0.0,152.0,225.0,73.0,172.93434343434342,24.718038975614725,152.0,1.7626262626262628,2.7929292929292933,9.999999999999998,0.0,0.12109646079111729,0.19188063844552397,0.6870229007633587,0.0,8.611759621464856,0.10999754037878182,,0.0,0.0,0.23737373737373738,0.25757575757575757,0.5050505050505051,300.0,,
202106_1_online.pdf,10.1063/1.3029774,AgSbTe2,Ag0.88Sb1.04Te2,Ag0.88Sb1.04Te2,,,,,,body text,,,209.99999999999997,uV/K,False,47.0,52.0,5.0,50.61224489795919,1.62182423990004,52.0,65.0,90.0,25.0,83.06122448979592,8.109121199500208,90.0,107.8682,127.6,19.731799999999993,121.62102448979591,6.17473752603082,127.6,722.66,1234.93,512.2700000000001,885.7116326530612,166.37921699291962,722.66,11.0,16.0,5.0,14.612244897959185,1.6218242399000409,16.0,5.0,5.0,0.0,5.000000000000001,8.881784197001252e-16,5.0,138.0,145.0,7.0,139.83673469387753,2.3182007496876196,138.0,1.93,2.1,0.17000000000000015,2.0485714285714285,0.05323615160349861,2.1,1.0,2.0,1.0,1.7755102040816326,0.34818825489379424,2.0,0.0,4.0,4.0,2.8367346938775513,1.2736359850062473,4.0,10.0,10.0,0.0,10.000000000000002,1.7763568394002505e-15,10.0,0.0,0.0,0.0,0.0,0.0,0.0,11.0,16.0,5.0,14.612244897959185,1.6218242399000409,16.0,0.0,1.0,1.0,0.22448979591836735,0.34818825489379424,0.0,0.0,3.0,3.0,1.816326530612245,0.8154935443565182,2.0,0.0,0.0,0.0,0.0,0.0,0.0,0.0,0.0,0.0,0.0,0.0,0.0,1.0,3.0,2.0,2.0408163265306123,0.5089546022490629,2.0,16.33,34.7633333333,18.4333333333,29.775374149642857,6.036698597798832,34.7633333333,0.0,0.464,0.464,0.23673469387755103,0.23190337359433572,0.464,0.0,0.0,0.0,0.0,0.0,0.0,152.0,225.0,73.0,172.10204081632654,23.750104123281968,152.0,1.7755102040816326,2.8367346938775513,10.000000000000002,0.0,0.12150837988826814,0.1941340782122905,0.6843575418994414,0.0,8.570023634099385,0.10788694481830431,,0.0,0.0,0.22448979591836735,0.2653061224489796,0.5102040816326531,300.0,,
202106_1_online.pdf,10.1063/1.3029774,AgSbTe2,Ag0.88Sb1.04Te2,Ag0.88Sb1.04Te2,,,,,,body text,,,160.0,uV/K,False,47.0,52.0,5.0,50.61224489795919,1.62182423990004,52.0,65.0,90.0,25.0,83.06122448979592,8.109121199500208,90.0,107.8682,127.6,19.731799999999993,121.62102448979591,6.17473752603082,127.6,722.66,1234.93,512.2700000000001,885.7116326530612,166.37921699291962,722.66,11.0,16.0,5.0,14.612244897959185,1.6218242399000409,16.0,5.0,5.0,0.0,5.000000000000001,8.881784197001252e-16,5.0,138.0,145.0,7.0,139.83673469387753,2.3182007496876196,138.0,1.93,2.1,0.17000000000000015,2.0485714285714285,0.05323615160349861,2.1,1.0,2.0,1.0,1.7755102040816326,0.34818825489379424,2.0,0.0,4.0,4.0,2.8367346938775513,1.2736359850062473,4.0,10.0,10.0,0.0,10.000000000000002,1.7763568394002505e-15,10.0,0.0,0.0,0.0,0.0,0.0,0.0,11.0,16.0,5.0,14.612244897959185,1.6218242399000409,16.0,0.0,1.0,1.0,0.22448979591836735,0.34818825489379424,0.0,0.0,3.0,3.0,1.816326530612245,0.8154935443565182,2.0,0.0,0.0,0.0,0.0,0.0,0.0,0.0,0.0,0.0,0.0,0.0,0.0,1.0,3.0,2.0,2.0408163265306123,0.5089546022490629,2.0,16.33,34.7633333333,18.4333333333,29.775374149642857,6.036698597798832,34.7633333333,0.0,0.464,0.464,0.23673469387755103,0.23190337359433572,0.464,0.0,0.0,0.0,0.0,0.0,0.0,152.0,225.0,73.0,172.10204081632654,23.750104123281968,152.0,1.7755102040816326,2.8367346938775513,10.000000000000002,0.0,0.12150837988826814,0.1941340782122905,0.6843575418994414,0.0,8.570023634099385,0.10788694481830431,,0.0,0.0,0.22448979591836735,0.2653061224489796,0.5102040816326531,300.0,,
202106_1_online.pdf,10.1063/1.3029774,AgSbTe2,Ag0.83Sb1.06Te2,Ag0.83Sb1.06Te2,,,,,,body text,,,209.99999999999997,uV/K,False,47.0,52.0,5.0,50.660668380462724,1.5621361212257392,52.0,65.0,90.0,25.0,83.30334190231362,7.810680606128696,90.0,107.8682,127.6,19.731799999999993,121.79851053984575,5.965541861341118,127.6,722.66,1234.93,512.2700000000001,881.3158611825193,163.1422737095314,722.66,11.0,16.0,5.0,14.660668380462726,1.5621361212257383,16.0,5.0,5.0,0.0,5.0,0.0,5.0,138.0,145.0,7.0,139.76606683804627,2.2335036115278104,138.0,1.93,2.1,0.17000000000000015,2.050102827763496,0.0513081462586159,2.1,1.0,2.0,1.0,1.7866323907455013,0.3356837451510365,2.0,0.0,4.0,4.0,2.8740359897172234,1.2264523760747021,4.0,10.0,10.0,0.0,10.0,0.0,10.0,0.0,0.0,0.0,0.0,0.0,0.0,11.0,16.0,5.0,14.660668380462726,1.5621361212257383,16.0,0.0,1.0,1.0,0.21336760925449869,0.3356837451510365,0.0,0.0,3.0,3.0,1.8457583547557839,0.7876500948315172,2.0,0.0,0.0,0.0,0.0,0.0,0.0,0.0,0.0,0.0,0.0,0.0,0.0,1.0,3.0,2.0,2.0591259640102826,0.5127642561177892,2.0,16.33,34.7633333333,18.4333333333,29.957369323033415,5.815278425767475,34.7633333333,0.0,0.464,0.464,0.238560411311054,0.23181448708374913,0.464,0.0,0.0,0.0,0.0,0.0,0.0,152.0,225.0,73.0,171.39074550128535,22.876956932613453,152.0,1.7866323907455013,2.8740359897172234,10.0,0.0,0.12186568472733648,0.19603717341749954,0.6820971418551639,0.0,8.529924263485075,0.10596506287823526,,0.0,0.0,0.21336760925449869,0.2724935732647815,0.5141388174807198,300.0,,
202106_1_online.pdf,10.1063/1.3029774,AgSbTe2,Ag0.83Sb1.06Te2,Ag0.83Sb1.06Te2,,,,,,body text,,,160.0,uV/K,False,47.0,52.0,5.0,50.660668380462724,1.5621361212257392,52.0,65.0,90.0,25.0,83.30334190231362,7.810680606128696,90.0,107.8682,127.6,19.731799999999993,121.79851053984575,5.965541861341118,127.6,722.66,1234.93,512.2700000000001,881.3158611825193,163.1422737095314,722.66,11.0,16.0,5.0,14.660668380462726,1.5621361212257383,16.0,5.0,5.0,0.0,5.0,0.0,5.0,138.0,145.0,7.0,139.76606683804627,2.2335036115278104,138.0,1.93,2.1,0.17000000000000015,2.050102827763496,0.0513081462586159,2.1,1.0,2.0,1.0,1.7866323907455013,0.3356837451510365,2.0,0.0,4.0,4.0,2.8740359897172234,1.2264523760747021,4.0,10.0,10.0,0.0,10.0,0.0,10.0,0.0,0.0,0.0,0.0,0.0,0.0,11.0,16.0,5.0,14.660668380462726,1.5621361212257383,16.0,0.0,1.0,1.0,0.21336760925449869,0.3356837451510365,0.0,0.0,3.0,3.0,1.8457583547557839,0.7876500948315172,2.0,0.0,0.0,0.0,0.0,0.0,0.0,0.0,0.0,0.0,0.0,0.0,0.0,1.0,3.0,2.0,2.0591259640102826,0.5127642561177892,2.0,16.33,34.7633333333,18.4333333333,29.957369323033415,5.815278425767475,34.7633333333,0.0,0.464,0.464,0.238560411311054,0.23181448708374913,0.464,0.0,0.0,0.0,0.0,0.0,0.0,152.0,225.0,73.0,171.39074550128535,22.876956932613453,152.0,1.7866323907455013,2.8740359897172234,10.0,0.0,0.12186568472733648,0.19603717341749954,0.6820971418551639,0.0,8.529924263485075,0.10596506287823526,,0.0,0.0,0.21336760925449869,0.2724935732647815,0.5141388174807198,300.0,,
202106_1_online.pdf,10.1063/1.3029774,AgSbTe2,AST5050,AgSbTe2,,,,,,body text,,,263.99999999999994,uV/K,False,47.0,52.0,5.0,50.5,1.75,52.0,65.0,90.0,25.0,82.5,8.75,90.0,107.8682,127.6,19.731799999999993,121.20705,6.669425,127.6,722.66,1234.93,512.2700000000001,896.0074999999999,173.34750000000003,722.66,11.0,16.0,5.0,14.5,1.75,16.0,5.0,5.0,0.0,5.0,0.0,5.0,138.0,145.0,7.0,140.0,2.5,138.0,1.93,2.1,0.17000000000000015,2.045,0.05750000000000005,2.1,1.0,2.0,1.0,1.75,0.375,2.0,0.0,4.0,4.0,2.75,1.375,4.0,10.0,10.0,0.0,10.0,0.0,10.0,0.0,0.0,0.0,0.0,0.0,0.0,11.0,16.0,5.0,14.5,1.75,16.0,0.0,1.0,1.0,0.25,0.375,0.0,0.0,3.0,3.0,1.75,0.875,2.0,0.0,0.0,0.0,0.0,0.0,0.0,0.0,0.0,0.0,0.0,0.0,0.0,1.0,3.0,2.0,2.0,0.5,2.0,16.33,34.7633333333,18.4333333333,29.35416666665,6.512083333324999,34.7633333333,0.0,0.464,0.464,0.232,0.232,0.464,0.0,0.0,0.0,0.0,0.0,0.0,152.0,225.0,73.0,173.75,25.625,152.0,1.75,2.75,10.0,0.0,0.1206896551724138,0.1896551724137931,0.6896551724137931,0.0,8.644719482306641,0.11200000000000014,,0.0,0.0,0.25,0.25,0.5,300.0,,
202106_1_online.pdf,10.1063/1.3029774,AgSbTe2,AST5050,AgSbTe2,,,,,,body text,,,281.0,uV/K,False,47.0,52.0,5.0,50.5,1.75,52.0,65.0,90.0,25.0,82.5,8.75,90.0,107.8682,127.6,19.731799999999993,121.20705,6.669425,127.6,722.66,1234.93,512.2700000000001,896.0074999999999,173.34750000000003,722.66,11.0,16.0,5.0,14.5,1.75,16.0,5.0,5.0,0.0,5.0,0.0,5.0,138.0,145.0,7.0,140.0,2.5,138.0,1.93,2.1,0.17000000000000015,2.045,0.05750000000000005,2.1,1.0,2.0,1.0,1.75,0.375,2.0,0.0,4.0,4.0,2.75,1.375,4.0,10.0,10.0,0.0,10.0,0.0,10.0,0.0,0.0,0.0,0.0,0.0,0.0,11.0,16.0,5.0,14.5,1.75,16.0,0.0,1.0,1.0,0.25,0.375,0.0,0.0,3.0,3.0,1.75,0.875,2.0,0.0,0.0,0.0,0.0,0.0,0.0,0.0,0.0,0.0,0.0,0.0,0.0,1.0,3.0,2.0,2.0,0.5,2.0,16.33,34.7633333333,18.4333333333,29.35416666665,6.512083333324999,34.7633333333,0.0,0.464,0.464,0.232,0.232,0.464,0.0,0.0,0.0,0.0,0.0,0.0,152.0,225.0,73.0,173.75,25.625,152.0,1.75,2.75,10.0,0.0,0.1206896551724138,0.1896551724137931,0.6896551724137931,0.0,8.644719482306641,0.11200000000000014,,0.0,0.0,0.25,0.25,0.5,423.0,,
202106_1_online.pdf,10.1063/1.3029774,AgSbTe2,AST5050,AgSbTe2,,,,,,body text,,,260.0,uV/K,False,47.0,52.0,5.0,50.5,1.75,52.0,65.0,90.0,25.0,82.5,8.75,90.0,107.8682,127.6,19.731799999999993,121.20705,6.669425,127.6,722.66,1234.93,512.2700000000001,896.0074999999999,173.34750000000003,722.66,11.0,16.0,5.0,14.5,1.75,16.0,5.0,5.0,0.0,5.0,0.0,5.0,138.0,145.0,7.0,140.0,2.5,138.0,1.93,2.1,0.17000000000000015,2.045,0.05750000000000005,2.1,1.0,2.0,1.0,1.75,0.375,2.0,0.0,4.0,4.0,2.75,1.375,4.0,10.0,10.0,0.0,10.0,0.0,10.0,0.0,0.0,0.0,0.0,0.0,0.0,11.0,16.0,5.0,14.5,1.75,16.0,0.0,1.0,1.0,0.25,0.375,0.0,0.0,3.0,3.0,1.75,0.875,2.0,0.0,0.0,0.0,0.0,0.0,0.0,0.0,0.0,0.0,0.0,0.0,0.0,1.0,3.0,2.0,2.0,0.5,2.0,16.33,34.7633333333,18.4333333333,29.35416666665,6.512083333324999,34.7633333333,0.0,0.464,0.464,0.232,0.232,0.464,0.0,0.0,0.0,0.0,0.0,0.0,152.0,225.0,73.0,173.75,25.625,152.0,1.75,2.75,10.0,0.0,0.1206896551724138,0.1896551724137931,0.6896551724137931,0.0,8.644719482306641,0.11200000000000014,,0.0,0.0,0.25,0.25,0.5,673.0,,
2305.19217v1.pdf,,Sb2Te3,ST,Sb2Te3,,,,,,table,Table 1,Room temperature value,165.33,uV/K,False,51.0,52.0,1.0,51.6,0.4799999999999997,52.0,85.0,90.0,5.0,88.0,2.4,90.0,121.76,127.6,5.839999999999989,125.26399999999998,2.803199999999998,127.6,722.66,903.78,181.12,795.108,86.9376,722.66,15.0,16.0,1.0,15.6,0.4800000000000001,16.0,5.0,5.0,0.0,5.0,0.0,5.0,138.0,139.0,1.0,138.4,0.48000000000000115,138.0,2.05,2.1,0.050000000000000266,2.08,0.02400000000000011,2.1,2.0,2.0,0.0,2.0,0.0,2.0,3.0,4.0,1.0,3.6,0.48,4.0,10.0,10.0,0.0,10.0,0.0,10.0,0.0,0.0,0.0,0.0,0.0,0.0,15.0,16.0,1.0,15.6,0.4800000000000001,16.0,0.0,0.0,0.0,0.0,0.0,0.0,2.0,3.0,1.0,2.4,0.48,2.0,0.0,0.0,0.0,0.0,0.0,0.0,0.0,0.0,0.0,0.0,0.0,0.0,2.0,3.0,1.0,2.4,0.48,2.0,31.56,34.7633333333,3.203333333299998,33.48199999998,1.537599999983999,34.7633333333,0.0,0.464,0.464,0.27840000000000004,0.22271999999999997,0.464,0.0,0.0,0.0,0.0,0.0,0.0,152.0,166.0,14.0,157.6,6.719999999999999,152.0,2.0,3.6,10.0,0.0,0.12820512820512822,0.23076923076923078,0.6410256410256411,0.0,5.595730346826327,0.050000000000000266,,0.0,0.0,0.0,0.4,0.6,300.0,,
2305.19217v1.pdf,,Sb2Te3,AST1,Sb2Te3-Ag0.9,Ag,0.9 atomic %,Sb,,Ag (0.9 atomic %) @ Sb site,table,Table 1,Room temperature value,120.59,uV/K,True,47.0,52.0,5.0,50.491,1.7612095,52.0,65.0,90.0,25.0,82.455,8.8060475,90.0,107.8682,127.6,19.731799999999993,121.17579345,6.713680895524998,127.6,722.66,1234.93,512.2700000000001,896.7525874999999,174.0925875,722.66,11.0,16.0,5.0,14.491,1.7612095,16.0,5.0,5.0,0.0,5.0,0.0,5.0,138.0,145.0,7.0,140.0135,2.5156892499999968,138.0,1.93,2.1,0.17000000000000015,2.04473,0.057881285000000046,2.1,1.0,2.0,1.0,1.74775,0.377239875,2.0,0.0,4.0,4.0,2.7432499999999997,1.3839696250000002,4.0,10.0,10.0,0.0,10.0,0.0,10.0,0.0,0.0,0.0,0.0,0.0,0.0,11.0,16.0,5.0,14.491,1.7612095,16.0,0.0,1.0,1.0,0.25225,0.37723987499999995,0.0,0.0,3.0,3.0,1.74325,0.8794696249999999,2.0,0.0,0.0,0.0,0.0,0.0,0.0,0.0,0.0,0.0,0.0,0.0,0.0,1.0,3.0,2.0,1.9954999999999998,0.50222975,2.0,16.33,34.7633333333,18.4333333333,29.319899166649996,6.5534041295749255,34.7633333333,0.0,0.464,0.464,0.232,0.23199999999999998,0.464,0.0,0.0,0.0,0.0,0.0,0.0,152.0,225.0,73.0,173.88275,25.78865262499999,152.0,1.74775,2.7432499999999997,10.0,0.0,0.1206093437305914,0.18930715616589605,0.6900835001035125,0.0,8.644551112165589,0.11243187739641397,0.009000000000000001,1.0,0.0,0.25225,0.24775,0.5,300.0,2.0,0.39
2305.19217v1.pdf,,Sb2Te3,AST2,Sb2Te3-Ag1.7,Ag,1.7 atomic %,Sb,,Ag (1.7 atomic %) @ Sb site,table,Table 1,Room temperature value,101.02,uV/K,True,47.0,52.0,5.0,50.483,1.7711055000000013,52.0,65.0,90.0,25.0,82.41499999999999,8.855527500000004,90.0,107.8682,127.6,19.731799999999993,121.14800985,6.752783308725,127.6,722.66,1234.93,512.2700000000001,897.4148874999998,174.7548875,722.66,11.0,16.0,5.0,14.483,1.7711054999999996,16.0,5.0,5.0,0.0,5.0,0.0,5.0,138.0,145.0,7.0,140.0255,2.5295332499999965,138.0,1.93,2.1,0.17000000000000015,2.0444899999999997,0.05821816500000016,2.1,1.0,2.0,1.0,1.74575,0.37921387500000003,2.0,0.0,4.0,4.0,2.73725,1.391891625,4.0,10.0,10.0,0.0,10.0,0.0,10.0,0.0,0.0,0.0,0.0,0.0,0.0,11.0,16.0,5.0,14.483,1.7711054999999996,16.0,0.0,1.0,1.0,0.25425,0.379213875,0.0,0.0,3.0,3.0,1.73725,0.883391625,2.0,0.0,0.0,0.0,0.0,0.0,0.0,0.0,0.0,0.0,0.0,0.0,0.0,1.0,3.0,2.0,1.9914999999999998,0.5041777500000001,2.0,16.33,34.7633333333,18.4333333333,29.28943916665,6.589874816241524,34.7633333333,0.0,0.464,0.464,0.232,0.23199999999999998,0.464,0.0,0.0,0.0,0.0,0.0,0.0,152.0,225.0,73.0,174.00074999999998,25.93311862499999,152.0,1.74575,2.73725,10.0,0.0,0.12053787198784781,0.1889974452806739,0.6904646827314782,0.0,8.644118733444472,0.11281558474079816,0.017,1.0,0.0,0.25425,0.24575,0.5,300.0,2.0,0.39
2305.19217v1.pdf,,Sb2Te3,AST3,Sb2Te3-Ag5.9,Ag,5.9 atomic %,Sb,,Ag (5.9 atomic %) @ Sb site,table,Table 1,Room temperature value,291.65,uV/K,True,47.0,52.0,5.0,50.441,1.8220094999999987,52.0,65.0,90.0,25.0,82.205,9.1100475,90.0,107.8682,127.6,19.731799999999993,121.00214595,6.954424380524998,127.6,722.66,1234.93,512.2700000000001,900.8919624999999,178.2319625,722.66,11.0,16.0,5.0,14.440999999999999,1.8220095000000005,16.0,5.0,5.0,0.0,5.0,0.0,5.0,138.0,145.0,7.0,140.0885,2.600639250000005,138.0,1.93,2.1,0.17000000000000015,2.04323,0.05995528500000007,2.1,1.0,2.0,1.0,1.73525,0.389314875,2.0,0.0,4.0,4.0,2.70575,1.4326946249999999,4.0,10.0,10.0,0.0,10.0,0.0,10.0,0.0,0.0,0.0,0.0,0.0,0.0,11.0,16.0,5.0,14.440999999999999,1.8220095000000005,16.0,0.0,1.0,1.0,0.26475,0.38931487499999995,0.0,0.0,3.0,3.0,1.70575,0.9031946249999999,2.0,0.0,0.0,0.0,0.0,0.0,0.0,0.0,0.0,0.0,0.0,0.0,0.0,1.0,3.0,2.0,1.9705,0.5138797500000001,2.0,16.33,34.7633333333,18.4333333333,29.129524166649997,6.777348046241174,34.7633333333,0.0,0.464,0.464,0.232,0.23199999999999998,0.464,0.0,0.0,0.0,0.0,0.0,0.0,152.0,225.0,73.0,174.62025,26.676077624999998,152.0,1.73525,2.70575,10.0,0.0,0.12016134616716294,0.18736583339103943,0.6924728204417977,0.0,8.637479617467886,0.11482839953175417,0.059000000000000004,1.0,0.0,0.26475,0.23525,0.5,300.0,2.0,0.39
2305.19217v1.pdf,,Sb2Te3,AST4,Sb2Te3-Ag7.0,Ag,7.0 atomic %,Sb,,Ag (7.0 atomic %) @ Sb site,table,Table 1,Room temperature value,310.8,uV/K,True,47.0,52.0,5.0,50.43,1.83505,52.0,65.0,90.0,25.0,82.15,9.175249999999998,90.0,107.8682,127.6,19.731799999999993,120.9639435,7.006222772499998,127.6,722.66,1234.93,512.2700000000001,901.802625,179.14262500000004,722.66,11.0,16.0,5.0,14.43,1.83505,16.0,5.0,5.0,0.0,5.0,0.0,5.0,138.0,145.0,7.0,140.10500000000002,2.6188250000000086,138.0,1.93,2.1,0.17000000000000015,2.0429,0.06040150000000005,2.1,1.0,2.0,1.0,1.7325,0.39188750000000006,2.0,0.0,4.0,4.0,2.6975,1.4431625000000001,4.0,10.0,10.0,0.0,10.0,0.0,10.0,0.0,0.0,0.0,0.0,0.0,0.0,11.0,16.0,5.0,14.43,1.83505,16.0,0.0,1.0,1.0,0.2675,0.39188750000000006,0.0,0.0,3.0,3.0,1.6975,0.9081625000000001,2.0,0.0,0.0,0.0,0.0,0.0,0.0,0.0,0.0,0.0,0.0,0.0,0.0,1.0,3.0,2.0,1.965,0.516275,2.0,16.33,34.7633333333,18.4333333333,29.087641666649997,6.825338291657751,34.7633333333,0.0,0.464,0.464,0.232,0.23200000000000004,0.464,0.0,0.0,0.0,0.0,0.0,0.0,152.0,225.0,73.0,174.7825,26.8663625,152.0,1.7325,2.6975,10.0,0.0,0.12006237006237006,0.18693693693693691,0.693000693000693,0.0,8.634525931326552,0.11535544833937271,0.07,1.0,0.0,0.2675,0.2325,0.5,300.0,2.0,0.39
28.pdf,,AgSbTe2,Undoped AgSbTe2,AgSbTe2,,,,,,table,Table 2,,68.0,uV/K,False,47.0,52.0,5.0,50.5,1.75,52.0,65.0,90.0,25.0,82.5,8.75,90.0,107.8682,127.6,19.731799999999993,121.20705,6.669425,127.6,722.66,1234.93,512.2700000000001,896.0074999999999,173.34750000000003,722.66,11.0,16.0,5.0,14.5,1.75,16.0,5.0,5.0,0.0,5.0,0.0,5.0,138.0,145.0,7.0,140.0,2.5,138.0,1.93,2.1,0.17000000000000015,2.045,0.05750000000000005,2.1,1.0,2.0,1.0,1.75,0.375,2.0,0.0,4.0,4.0,2.75,1.375,4.0,10.0,10.0,0.0,10.0,0.0,10.0,0.0,0.0,0.0,0.0,0.0,0.0,11.0,16.0,5.0,14.5,1.75,16.0,0.0,1.0,1.0,0.25,0.375,0.0,0.0,3.0,3.0,1.75,0.875,2.0,0.0,0.0,0.0,0.0,0.0,0.0,0.0,0.0,0.0,0.0,0.0,0.0,1.0,3.0,2.0,2.0,0.5,2.0,16.33,34.7633333333,18.4333333333,29.35416666665,6.512083333324999,34.7633333333,0.0,0.464,0.464,0.232,0.232,0.464,0.0,0.0,0.0,0.0,0.0,0.0,152.0,225.0,73.0,173.75,25.625,152.0,1.75,2.75,10.0,0.0,0.1206896551724138,0.1896551724137931,0.6896551724137931,0.0,8.644719482306641,0.11200000000000014,,0.0,0.0,0.25,0.25,0.5,300.0,,
28.pdf,,AgSbTe2,undoped AgSbTe2,AgSbTe2,,,,,,table,Table 2,,68.0,uV/K,False,47.0,52.0,5.0,50.5,1.75,52.0,65.0,90.0,25.0,82.5,8.75,90.0,107.8682,127.6,19.731799999999993,121.20705,6.669425,127.6,722.66,1234.93,512.2700000000001,896.0074999999999,173.34750000000003,722.66,11.0,16.0,5.0,14.5,1.75,16.0,5.0,5.0,0.0,5.0,0.0,5.0,138.0,145.0,7.0,140.0,2.5,138.0,1.93,2.1,0.17000000000000015,2.045,0.05750000000000005,2.1,1.0,2.0,1.0,1.75,0.375,2.0,0.0,4.0,4.0,2.75,1.375,4.0,10.0,10.0,0.0,10.0,0.0,10.0,0.0,0.0,0.0,0.0,0.0,0.0,11.0,16.0,5.0,14.5,1.75,16.0,0.0,1.0,1.0,0.25,0.375,0.0,0.0,3.0,3.0,1.75,0.875,2.0,0.0,0.0,0.0,0.0,0.0,0.0,0.0,0.0,0.0,0.0,0.0,0.0,1.0,3.0,2.0,2.0,0.5,2.0,16.33,34.7633333333,18.4333333333,29.35416666665,6.512083333324999,34.7633333333,0.0,0.464,0.464,0.232,0.232,0.464,0.0,0.0,0.0,0.0,0.0,0.0,152.0,225.0,73.0,173.75,25.625,152.0,1.75,2.75,10.0,0.0,0.1206896551724138,0.1896551724137931,0.6896551724137931,0.0,8.644719482306641,0.11200000000000014,,0.0,0.0,0.25,0.25,0.5,300.0,,
Adv Funct Materials - 2024 - Kim - Enhancement of Phase Stability and Thermoelectric Performance of Meta‐Stable AgSbTe2 by.pdf,10.1002/adfm.202404886,AgSbTe2,initial AgSbTe2,AgSbTe2,,,,,,body text,Page 5,,280.0,uV/K,False,47.0,52.0,5.0,50.5,1.75,52.0,65.0,90.0,25.0,82.5,8.75,90.0,107.8682,127.6,19.731799999999993,121.20705,6.669425,127.6,722.66,1234.93,512.2700000000001,896.0074999999999,173.34750000000003,722.66,11.0,16.0,5.0,14.5,1.75,16.0,5.0,5.0,0.0,5.0,0.0,5.0,138.0,145.0,7.0,140.0,2.5,138.0,1.93,2.1,0.17000000000000015,2.045,0.05750000000000005,2.1,1.0,2.0,1.0,1.75,0.375,2.0,0.0,4.0,4.0,2.75,1.375,4.0,10.0,10.0,0.0,10.0,0.0,10.0,0.0,0.0,0.0,0.0,0.0,0.0,11.0,16.0,5.0,14.5,1.75,16.0,0.0,1.0,1.0,0.25,0.375,0.0,0.0,3.0,3.0,1.75,0.875,2.0,0.0,0.0,0.0,0.0,0.0,0.0,0.0,0.0,0.0,0.0,0.0,0.0,1.0,3.0,2.0,2.0,0.5,2.0,16.33,34.7633333333,18.4333333333,29.35416666665,6.512083333324999,34.7633333333,0.0,0.464,0.464,0.232,0.232,0.464,0.0,0.0,0.0,0.0,0.0,0.0,152.0,225.0,73.0,173.75,25.625,152.0,1.75,2.75,10.0,0.0,0.1206896551724138,0.1896551724137931,0.6896551724137931,0.0,8.644719482306641,0.11200000000000014,,0.0,0.0,0.25,0.25,0.5,300.0,,
Adv Funct Materials - 2024 - Kim - Enhancement of Phase Stability and Thermoelectric Performance of Meta‐Stable AgSbTe2 by.pdf,10.1002/adfm.202404886,AgSbTe2,Thigh T. C. AgSbTe2,AgSbTe2,,,,,,body text,Page 5,,195.0,uV/K,False,47.0,52.0,5.0,50.5,1.75,52.0,65.0,90.0,25.0,82.5,8.75,90.0,107.8682,127.6,19.731799999999993,121.20705,6.669425,127.6,722.66,1234.93,512.2700000000001,896.0074999999999,173.34750000000003,722.66,11.0,16.0,5.0,14.5,1.75,16.0,5.0,5.0,0.0,5.0,0.0,5.0,138.0,145.0,7.0,140.0,2.5,138.0,1.93,2.1,0.17000000000000015,2.045,0.05750000000000005,2.1,1.0,2.0,1.0,1.75,0.375,2.0,0.0,4.0,4.0,2.75,1.375,4.0,10.0,10.0,0.0,10.0,0.0,10.0,0.0,0.0,0.0,0.0,0.0,0.0,11.0,16.0,5.0,14.5,1.75,16.0,0.0,1.0,1.0,0.25,0.375,0.0,0.0,3.0,3.0,1.75,0.875,2.0,0.0,0.0,0.0,0.0,0.0,0.0,0.0,0.0,0.0,0.0,0.0,0.0,1.0,3.0,2.0,2.0,0.5,2.0,16.33,34.7633333333,18.4333333333,29.35416666665,6.512083333324999,34.7633333333,0.0,0.464,0.464,0.232,0.232,0.464,0.0,0.0,0.0,0.0,0.0,0.0,152.0,225.0,73.0,173.75,25.625,152.0,1.75,2.75,10.0,0.0,0.1206896551724138,0.1896551724137931,0.6896551724137931,0.0,8.644719482306641,0.11200000000000014,,0.0,0.0,0.25,0.25,0.5,300.0,,
Adv Funct Materials - 2024 - Kim - Enhancement of Phase Stability and Thermoelectric Performance of Meta‐Stable AgSbTe2 by.pdf,10.1002/adfm.202404886,AgSbTe2,Tmid T.C. AgSbTe2,AgSbTe2,,,,,,figure,Figure 4c,Visually estimated from Figure 4c,300.0,uV/K,False,47.0,52.0,5.0,50.5,1.75,52.0,65.0,90.0,25.0,82.5,8.75,90.0,107.8682,127.6,19.731799999999993,121.20705,6.669425,127.6,722.66,1234.93,512.2700000000001,896.0074999999999,173.34750000000003,722.66,11.0,16.0,5.0,14.5,1.75,16.0,5.0,5.0,0.0,5.0,0.0,5.0,138.0,145.0,7.0,140.0,2.5,138.0,1.93,2.1,0.17000000000000015,2.045,0.05750000000000005,2.1,1.0,2.0,1.0,1.75,0.375,2.0,0.0,4.0,4.0,2.75,1.375,4.0,10.0,10.0,0.0,10.0,0.0,10.0,0.0,0.0,0.0,0.0,0.0,0.0,11.0,16.0,5.0,14.5,1.75,16.0,0.0,1.0,1.0,0.25,0.375,0.0,0.0,3.0,3.0,1.75,0.875,2.0,0.0,0.0,0.0,0.0,0.0,0.0,0.0,0.0,0.0,0.0,0.0,0.0,1.0,3.0,2.0,2.0,0.5,2.0,16.33,34.7633333333,18.4333333333,29.35416666665,6.512083333324999,34.7633333333,0.0,0.464,0.464,0.232,0.232,0.464,0.0,0.0,0.0,0.0,0.0,0.0,152.0,225.0,73.0,173.75,25.625,152.0,1.75,2.75,10.0,0.0,0.1206896551724138,0.1896551724137931,0.6896551724137931,0.0,8.644719482306641,0.11200000000000014,,0.0,0.0,0.25,0.25,0.5,450.0,,
Adv Funct Materials - 2024 - Kim - Enhancement of Phase Stability and Thermoelectric Performance of Meta‐Stable AgSbTe2 by.pdf,10.1002/adfm.202404886,AgSbTe2,Thigh T.C. AgSbTe2,AgSbTe2,,,,,,figure,Figure 4c,Visually estimated from Figure 4c,350.0,uV/K,False,47.0,52.0,5.0,50.5,1.75,52.0,65.0,90.0,25.0,82.5,8.75,90.0,107.8682,127.6,19.731799999999993,121.20705,6.669425,127.6,722.66,1234.93,512.2700000000001,896.0074999999999,173.34750000000003,722.66,11.0,16.0,5.0,14.5,1.75,16.0,5.0,5.0,0.0,5.0,0.0,5.0,138.0,145.0,7.0,140.0,2.5,138.0,1.93,2.1,0.17000000000000015,2.045,0.05750000000000005,2.1,1.0,2.0,1.0,1.75,0.375,2.0,0.0,4.0,4.0,2.75,1.375,4.0,10.0,10.0,0.0,10.0,0.0,10.0,0.0,0.0,0.0,0.0,0.0,0.0,11.0,16.0,5.0,14.5,1.75,16.0,0.0,1.0,1.0,0.25,0.375,0.0,0.0,3.0,3.0,1.75,0.875,2.0,0.0,0.0,0.0,0.0,0.0,0.0,0.0,0.0,0.0,0.0,0.0,0.0,1.0,3.0,2.0,2.0,0.5,2.0,16.33,34.7633333333,18.4333333333,29.35416666665,6.512083333324999,34.7633333333,0.0,0.464,0.464,0.232,0.232,0.464,0.0,0.0,0.0,0.0,0.0,0.0,152.0,225.0,73.0,173.75,25.625,152.0,1.75,2.75,10.0,0.0,0.1206896551724138,0.1896551724137931,0.6896551724137931,0.0,8.644719482306641,0.11200000000000014,,0.0,0.0,0.25,0.25,0.5,500.0,,
Adv Funct Materials - 2024 - Zhang - Dual Alloying Enables High Thermoelectric Performance in AgSbTe2 by Manipulating.pdf,10.1002/adfm.202400679,AgSbTe2,AgSbTe2,AgSbTe2,,,,,,body text,,,229.99999999999997,uV/K,False,47.0,52.0,5.0,50.5,1.75,52.0,65.0,90.0,25.0,82.5,8.75,90.0,107.8682,127.6,19.731799999999993,121.20705,6.669425,127.6,722.66,1234.93,512.2700000000001,896.0074999999999,173.34750000000003,722.66,11.0,16.0,5.0,14.5,1.75,16.0,5.0,5.0,0.0,5.0,0.0,5.0,138.0,145.0,7.0,140.0,2.5,138.0,1.93,2.1,0.17000000000000015,2.045,0.05750000000000005,2.1,1.0,2.0,1.0,1.75,0.375,2.0,0.0,4.0,4.0,2.75,1.375,4.0,10.0,10.0,0.0,10.0,0.0,10.0,0.0,0.0,0.0,0.0,0.0,0.0,11.0,16.0,5.0,14.5,1.75,16.0,0.0,1.0,1.0,0.25,0.375,0.0,0.0,3.0,3.0,1.75,0.875,2.0,0.0,0.0,0.0,0.0,0.0,0.0,0.0,0.0,0.0,0.0,0.0,0.0,1.0,3.0,2.0,2.0,0.5,2.0,16.33,34.7633333333,18.4333333333,29.35416666665,6.512083333324999,34.7633333333,0.0,0.464,0.464,0.232,0.232,0.464,0.0,0.0,0.0,0.0,0.0,0.0,152.0,225.0,73.0,173.75,25.625,152.0,1.75,2.75,10.0,0.0,0.1206896551724138,0.1896551724137931,0.6896551724137931,0.0,8.644719482306641,0.11200000000000014,,0.0,0.0,0.25,0.25,0.5,300.0,,
Adv Funct Materials - 2025 - Li - Supercompliant Lattice Boosts n‐type AgSbTe2 Thermoelectrics.pdf,10.1002/adfm.202502367,AgSbTe2,Ag0.1Na0.9Sb0.6Bi0.4Te2,Ag0.1Na0.9Sb0.6Bi0.4Te2,Na,0.9,Ag,Bi (0.4) @ Sb,Na (0.9) @ Ag site; Bi (0.4) @ Sb site,figure,,Visually estimated from Fig. 4a,100.0,uV/K,False,11.0,83.0,72.0,45.6,15.57,52.0,2.0,90.0,88.0,68.425,30.062500000000004,90.0,22.98976928,208.9804,185.99063072,110.831443088,39.676915367999996,127.6,370.87,1234.93,864.0600000000001,665.656,156.9049,722.66,1.0,16.0,15.0,12.25,5.125,16.0,3.0,6.0,3.0,4.65,0.7424999999999998,5.0,138.0,166.0,28.0,145.625,9.64375,138.0,0.93,2.1,1.17,1.817,0.39915,2.1,1.0,2.0,1.0,1.75,0.375,2.0,0.0,4.0,4.0,2.75,1.375,4.0,0.0,10.0,10.0,7.75,3.4875000000000003,10.0,0.0,14.0,14.0,1.4000000000000001,2.52,0.0,1.0,29.0,28.0,13.65,5.825,16.0,0.0,1.0,1.0,0.25,0.375,0.0,0.0,3.0,3.0,1.75,0.875,2.0,0.0,0.0,0.0,0.0,0.0,0.0,0.0,0.0,0.0,0.0,0.0,0.0,1.0,3.0,2.0,2.0,0.5,2.0,16.33,34.7633333333,18.4333333333,32.3986666666425,2.474933333328999,34.7633333333,0.0,0.464,0.464,0.232,0.23199999999999998,0.464,0.0,0.0,0.0,0.0,0.0,0.0,12.0,229.0,217.0,159.25,36.7,152.0,1.75,2.75,7.75,1.4000000000000001,0.1282051282051282,0.20146520146520147,0.5677655677655677,0.10256410256410257,10.719374626516096,0.6321200750469044,0.9,2.0,1.0,0.025,0.15,0.5,300.0,0.0,0.13000000000000012
Adv Funct Materials - 2025 - Li - Supercompliant Lattice Boosts n‐type AgSbTe2 Thermoelectrics.pdf,10.1002/adfm.202502367,AgSbTe2,Ag0.8Na0.2Sb0.6Bi0.4Te2,Ag0.8Na0.2Sb0.6Bi0.4Te2,Na,0.2,Ag,Bi (0.4) @ Sb,Na (0.2) @ Ag site; Bi (0.4) @ Sb site,figure,,Visually estimated from Fig. 4a,49.99999999999999,uV/K,False,11.0,83.0,72.0,51.900000000000006,6.3199999999999985,52.0,2.0,90.0,88.0,79.45,13.524999999999999,90.0,22.98976928,208.9804,185.99063072,125.685168464,18.573877843199995,127.6,370.87,1234.93,864.0600000000001,816.8665,193.29945000000004,722.66,1.0,16.0,15.0,14.0,2.5,16.0,3.0,6.0,3.0,5.0,0.2,5.0,138.0,166.0,28.0,141.95,4.834999999999997,138.0,0.93,2.1,1.17,1.992,0.131,2.1,1.0,2.0,1.0,1.75,0.37500000000000006,2.0,0.0,4.0,4.0,2.75,1.375,4.0,0.0,10.0,10.0,9.5,0.9500000000000001,10.0,0.0,14.0,14.0,1.4000000000000001,2.52,0.0,1.0,29.0,28.0,15.4,3.3200000000000003,16.0,0.0,1.0,1.0,0.25,0.37500000000000006,0.0,0.0,3.0,3.0,1.75,0.875,2.0,0.0,0.0,0.0,0.0,0.0,0.0,0.0,0.0,0.0,0.0,0.0,0.0,1.0,3.0,2.0,2.0,0.5,2.0,16.33,34.7633333333,18.4333333333,30.138833333315,5.613083333327499,34.7633333333,0.0,0.464,0.464,0.232,0.23199999999999998,0.464,0.0,0.0,0.0,0.0,0.0,0.0,12.0,229.0,217.0,158.55,35.86000000000001,152.0,1.75,2.75,9.5,1.4000000000000001,0.11363636363636363,0.17857142857142858,0.6168831168831169,0.09090909090909091,11.08379638012944,0.24800000000000005,0.2,2.0,1.0,0.2,0.15,0.5,300.0,0.0,0.13000000000000012
Adv Funct Materials - 2025 - Li - Supercompliant Lattice Boosts n‐type AgSbTe2 Thermoelectrics.pdf,10.1002/adfm.202502367,AgSbTe2,Ag0.8Na0.3Sb0.6Bi0.4Te2,Ag0.8Na0.3Sb0.6Bi0.4Te2,Na,0.3,Ag,Bi (0.4) @ Sb,Na (0.3) @ Ag site; Bi (0.4) @ Sb site,figure,,Visually estimated from Fig. 4a,-150.0,uV/K,False,11.0,83.0,72.0,50.90243902439025,7.362284354550862,52.0,2.0,90.0,88.0,77.5609756097561,15.959547888161811,90.0,22.98976928,208.9804,185.99063072,123.18040263024392,21.05326521337299,127.6,370.87,1234.93,864.0600000000001,805.9885365853659,196.01368233194535,722.66,1.0,16.0,15.0,13.682926829268295,2.903033908387864,16.0,3.0,6.0,3.0,4.951219512195123,0.28554431885782205,5.0,138.0,166.0,28.0,142.53658536585365,5.461035098155858,138.0,0.93,2.1,1.17,1.96609756097561,0.1657108863771564,2.1,1.0,2.0,1.0,1.7317073170731707,0.3926234384295063,2.0,0.0,4.0,4.0,2.682926829268293,1.439619274241523,4.0,0.0,10.0,10.0,9.26829268292683,1.3563355145746572,10.0,0.0,14.0,14.0,1.3658536585365857,2.4651992861392036,0.0,1.0,29.0,28.0,15.04878048780488,3.6502082093991675,16.0,0.0,1.0,1.0,0.26829268292682934,0.3926234384295063,0.0,0.0,3.0,3.0,1.707317073170732,0.9161213563355146,2.0,0.0,0.0,0.0,0.0,0.0,0.0,0.0,0.0,0.0,0.0,0.0,0.0,1.0,3.0,2.0,1.975609756097561,0.5234979179060084,2.0,16.33,34.7633333333,18.4333333333,30.1169918699,5.508141978975609,34.7633333333,0.0,0.464,0.464,0.22634146341463418,0.23186198691255208,0.464,0.0,0.0,0.0,0.0,0.0,0.0,12.0,229.0,217.0,160.2682926829268,36.9970255800119,152.0,1.7317073170731707,2.682926829268293,9.26829268292683,1.3658536585365857,0.11507293354943272,0.17828200972447325,0.6158833063209076,0.0907617504051864,11.379600578820291,0.30519031141868525,0.3,2.0,1.0,0.19512195121951223,0.14634146341463417,0.48780487804878053,300.0,0.0,0.13000000000000012
Adv Funct Materials - 2025 - Li - Supercompliant Lattice Boosts n‐type AgSbTe2 Thermoelectrics.pdf,10.1002/adfm.202502367,AgSbTe2,Ag0.7Na0.4Sb0.6Bi0.4Te2,Ag0.7Na0.4Sb0.6Bi0.4Te2,Na,0.4,Ag,Bi (0.4) @ Sb,Na (0.4) @ Ag site; Bi (0.4) @ Sb site,figure,,Visually estimated from Fig. 4a,-250.0,uV/K,False,11.0,83.0,72.0,50.024390243902445,8.647233789411063,52.0,2.0,90.0,88.0,76.02439024390245,18.20820939916716,90.0,22.98976928,208.9804,185.99063072,121.11019700292685,23.667106824985115,127.6,370.87,1234.93,864.0600000000001,784.9139024390245,188.4541106484236,722.66,1.0,16.0,15.0,13.439024390243905,3.259964306960142,16.0,3.0,6.0,3.0,4.902439024390245,0.3712076145151689,5.0,138.0,166.0,28.0,143.0487804878049,6.110648423557411,138.0,0.93,2.1,1.17,1.941707317073171,0.20140392623438425,2.1,1.0,2.0,1.0,1.7317073170731707,0.3926234384295063,2.0,0.0,4.0,4.0,2.682926829268293,1.439619274241523,4.0,0.0,10.0,10.0,9.02439024390244,1.760856632956573,10.0,0.0,14.0,14.0,1.3658536585365857,2.4651992861392036,0.0,1.0,29.0,28.0,14.80487804878049,3.992861392028554,16.0,0.0,1.0,1.0,0.26829268292682934,0.3926234384295063,0.0,0.0,3.0,3.0,1.707317073170732,0.9161213563355146,2.0,0.0,0.0,0.0,0.0,0.0,0.0,0.0,0.0,0.0,0.0,0.0,0.0,1.0,3.0,2.0,1.975609756097561,0.5234979179060084,2.0,16.33,34.7633333333,18.4333333333,30.431951219492685,5.047225857620461,34.7633333333,0.0,0.464,0.464,0.22634146341463418,0.23186198691255205,0.464,0.0,0.0,0.0,0.0,0.0,0.0,12.0,229.0,217.0,160.3658536585366,37.11124330755503,152.0,1.7317073170731707,2.682926829268293,9.02439024390244,1.3658536585365857,0.11696869851729817,0.18121911037891267,0.6095551894563427,0.09225700164744648,11.5346999255489,0.3615120274914089,0.4,2.0,1.0,0.17073170731707318,0.14634146341463417,0.48780487804878053,300.0,0.0,0.13000000000000012
Adv Funct Materials - 2026 - Zhang - Improving Stability of High‐Performance AgSbTe2 Thermoelectrics by Lattice Regulation.pdf,10.1002/adfm.75160,AgSbTe2,AgSb1-xPbxTe2 (x=0),AgSbTe2,Pb,x=0,Sb,,Pb (x=0) @ Sb site,figure,,Visually estimated from Fig. 5a,250.0,uV/K,False,47.0,52.0,5.0,50.5,1.75,52.0,65.0,90.0,25.0,82.5,8.75,90.0,107.8682,127.6,19.731799999999993,121.20705,6.669425,127.6,722.66,1234.93,512.2700000000001,896.0074999999999,173.34750000000003,722.66,11.0,16.0,5.0,14.5,1.75,16.0,5.0,5.0,0.0,5.0,0.0,5.0,138.0,145.0,7.0,140.0,2.5,138.0,1.93,2.1,0.17000000000000015,2.045,0.05750000000000005,2.1,1.0,2.0,1.0,1.75,0.375,2.0,0.0,4.0,4.0,2.75,1.375,4.0,10.0,10.0,0.0,10.0,0.0,10.0,0.0,0.0,0.0,0.0,0.0,0.0,11.0,16.0,5.0,14.5,1.75,16.0,0.0,1.0,1.0,0.25,0.375,0.0,0.0,3.0,3.0,1.75,0.875,2.0,0.0,0.0,0.0,0.0,0.0,0.0,0.0,0.0,0.0,0.0,0.0,0.0,1.0,3.0,2.0,2.0,0.5,2.0,16.33,34.7633333333,18.4333333333,29.35416666665,6.512083333324999,34.7633333333,0.0,0.464,0.464,0.232,0.232,0.464,0.0,0.0,0.0,0.0,0.0,0.0,152.0,225.0,73.0,173.75,25.625,152.0,1.75,2.75,10.0,0.0,0.1206896551724138,0.1896551724137931,0.6896551724137931,0.0,8.644719482306641,0.11200000000000014,0.0,1.0,0.0,0.25,0.25,0.5,300.0,1.0,0.43000000000000005
Adv Funct Materials - 2026 - Zhang - Improving Stability of High‐Performance AgSbTe2 Thermoelectrics by Lattice Regulation.pdf,10.1002/adfm.75160,AgSbTe2,AgSb1-xPbxTe2 (x=0.03),AgSb0.97Pb0.03Te2,Pb,x=0.03,Sb,,Pb (x=0.03) @ Sb site,figure,,Visually estimated from Fig. 5a,239.99999999999997,uV/K,False,47.0,82.0,35.0,50.7325,1.866249999999999,52.0,65.0,90.0,25.0,82.47,8.75705,90.0,107.8682,207.2,99.33179999999999,121.84785,7.032432249999996,127.6,600.61,1234.93,634.32,893.733725,175.47058087500002,722.66,11.0,16.0,5.0,14.4925,1.7536375000000002,16.0,5.0,6.0,1.0,5.0075,0.014887500000000279,5.0,138.0,146.0,8.0,140.0525,2.5629625000000047,138.0,1.93,2.33,0.40000000000000013,2.0471,0.05855000000000005,2.1,1.0,2.0,1.0,1.75,0.375,2.0,0.0,4.0,4.0,2.7425,1.3823874999999999,4.0,10.0,10.0,0.0,10.0,0.0,10.0,0.0,14.0,14.0,0.105,0.20842499999999997,0.0,11.0,28.0,17.0,14.5975,1.79875,16.0,0.0,1.0,1.0,0.25,0.375,0.0,0.0,4.0,4.0,1.7575,0.8787499999999999,2.0,0.0,0.0,0.0,0.0,0.0,0.0,0.0,0.0,0.0,0.0,0.0,0.0,1.0,4.0,3.0,2.0075000000000003,0.5112500000000002,2.0,16.33,34.7633333333,18.4333333333,29.328291666649996,6.517420208324751,34.7633333333,0.0,0.464,0.464,0.232,0.232,0.464,0.0,0.0,0.0,0.0,0.0,0.0,152.0,225.0,73.0,174.1925,26.165862499999996,152.0,1.75,2.7425,10.0,0.105,0.11988354170234629,0.18787463606781984,0.6850488097276931,0.007193012502140777,8.924796662406377,0.11678988288162906,0.03,1.0,0.0,0.25,0.2425,0.5,300.0,1.0,0.43000000000000005
Advanced Energy Materials - 2011 - Han - Lead‐Free Thermoelectrics  High Figure of Merit in p‐type AgSnmSbTem 2.pdf,10.1002/aenm.201100613,AgSnmSbTem+2,m=2,AgSn2SbTe4,,,,,,figure,Fig. 3b,Visually estimated from Fig. 3b,59.99999999999999,uV/K,False,47.0,52.0,5.0,50.75,1.3125,52.0,65.0,90.0,25.0,83.75,6.5625,90.0,107.8682,127.6,19.731799999999993,122.18102499999999,5.418974999999998,127.6,505.08,1234.93,729.8500000000001,754.93875,157.20812500000005,722.66,11.0,16.0,5.0,14.75,1.3125,16.0,5.0,5.0,0.0,5.0,0.0,5.0,138.0,145.0,7.0,139.25,1.4375,138.0,1.93,2.1,0.17000000000000015,2.0375,0.06562500000000002,2.1,1.0,2.0,1.0,1.875,0.21875,2.0,0.0,4.0,4.0,2.875,1.15625,4.0,10.0,10.0,0.0,10.0,0.0,10.0,0.0,0.0,0.0,0.0,0.0,0.0,11.0,16.0,5.0,14.75,1.3125,16.0,0.0,1.0,1.0,0.125,0.21875,0.0,0.0,4.0,4.0,2.375,0.96875,2.0,0.0,0.0,0.0,0.0,0.0,0.0,0.0,0.0,0.0,0.0,0.0,0.0,1.0,4.0,3.0,2.5,0.875,2.0,16.33,34.7633333333,18.4333333333,31.689166666649996,3.872083333325,34.7633333333,0.0,0.464,0.464,0.232,0.232,0.464,0.0,0.0,0.0,0.0,0.0,0.0,141.0,225.0,84.0,160.125,17.6875,152.0,1.875,2.875,10.0,0.0,0.1271186440677966,0.19491525423728814,0.6779661016949152,0.0,10.085506062691083,0.11238095238095248,,0.0,0.0,0.125,0.125,0.5,300.0,,
Advanced Energy Materials - 2011 - Han - Lead‐Free Thermoelectrics  High Figure of Merit in p‐type AgSnmSbTem 2.pdf,10.1002/aenm.201100613,AgSnmSbTem+2,m=4,AgSn4SbTe6,,,,,,figure,Fig. 3b,Visually estimated from Fig. 3b,70.0,uV/K,False,47.0,52.0,5.0,50.833333333333336,1.194444444444444,52.0,65.0,90.0,25.0,84.16666666666667,5.972222222222221,90.0,107.8682,127.6,19.731799999999993,122.50568333333332,5.094316666666665,127.6,505.08,1234.93,729.8500000000001,707.9158333333334,135.22388888888887,722.66,11.0,16.0,5.0,14.833333333333334,1.1944444444444444,16.0,5.0,5.0,0.0,5.0,0.0,5.0,138.0,145.0,7.0,139.0,1.0,138.0,1.93,2.1,0.17000000000000015,2.035,0.06750000000000002,2.1,1.0,2.0,1.0,1.9166666666666667,0.1527777777777777,2.0,0.0,4.0,4.0,2.9166666666666665,1.0972222222222223,4.0,10.0,10.0,0.0,10.0,0.0,10.0,0.0,0.0,0.0,0.0,0.0,0.0,11.0,16.0,5.0,14.833333333333334,1.1944444444444444,16.0,0.0,1.0,1.0,0.08333333333333333,0.15277777777777776,0.0,0.0,4.0,4.0,2.5833333333333335,1.013888888888889,2.0,0.0,0.0,0.0,0.0,0.0,0.0,0.0,0.0,0.0,0.0,0.0,0.0,1.0,4.0,3.0,2.6666666666666665,0.9444444444444443,2.0,16.33,34.7633333333,18.4333333333,32.467499999983325,2.840833333327781,34.7633333333,0.0,0.464,0.464,0.232,0.232,0.464,0.0,0.0,0.0,0.0,0.0,0.0,141.0,225.0,84.0,155.58333333333334,13.305555555555562,152.0,1.9166666666666667,2.9166666666666665,10.0,0.0,0.12921348314606743,0.19662921348314605,0.6741573033707865,0.0,9.369807337518013,0.11733333333333344,,0.0,0.0,0.08333333333333333,0.08333333333333333,0.5,300.0,,
Advanced Energy Materials - 2011 - Han - Lead‐Free Thermoelectrics  High Figure of Merit in p‐type AgSnmSbTem 2.pdf,10.1002/aenm.201100613,AgSnmSbTem+2,m=5,AgSn5SbTe7,,,,,,figure,Fig. 3b,Visually estimated from Fig. 3b,80.0,uV/K,False,47.0,52.0,5.0,50.857142857142854,1.1632653061224494,52.0,65.0,90.0,25.0,84.28571428571429,5.816326530612244,90.0,107.8682,127.6,19.731799999999993,122.59844285714284,5.001557142857142,127.6,505.08,1234.93,729.8500000000001,694.4807142857143,135.28622448979593,722.66,11.0,16.0,5.0,14.857142857142858,1.163265306122449,16.0,5.0,5.0,0.0,5.0,0.0,5.0,138.0,145.0,7.0,138.92857142857142,0.9285714285714286,138.0,1.93,2.1,0.17000000000000015,2.0342857142857147,0.06795918367346938,2.1,1.0,2.0,1.0,1.9285714285714286,0.13265306122448978,2.0,0.0,4.0,4.0,2.9285714285714284,1.0816326530612246,4.0,10.0,10.0,0.0,10.0,0.0,10.0,0.0,0.0,0.0,0.0,0.0,0.0,11.0,16.0,5.0,14.857142857142858,1.163265306122449,16.0,0.0,1.0,1.0,0.07142857142857142,0.13265306122448978,0.0,0.0,4.0,4.0,2.642857142857143,1.0204081632653061,2.0,0.0,0.0,0.0,0.0,0.0,0.0,0.0,0.0,0.0,0.0,0.0,0.0,1.0,4.0,3.0,2.7142857142857144,0.9591836734693876,2.0,16.33,34.7633333333,18.4333333333,32.689880952364284,2.498537414961223,34.7633333333,0.0,0.464,0.464,0.232,0.232,0.464,0.0,0.0,0.0,0.0,0.0,0.0,141.0,225.0,84.0,154.28571428571428,11.775510204081627,152.0,1.9285714285714286,2.9285714285714284,10.0,0.0,0.12980769230769232,0.1971153846153846,0.673076923076923,0.0,9.07359800378948,0.11933333333333344,,0.0,0.0,0.07142857142857142,0.07142857142857142,0.5,300.0,,
Advanced Energy Materials - 2011 - Han - Lead‐Free Thermoelectrics  High Figure of Merit in p‐type AgSnmSbTem 2.pdf,10.1002/aenm.201100613,AgSnmSbTem+2,m=10,AgSn10SbTe12,,,,,,figure,Fig. 3b,Visually estimated from Fig. 3b,89.99999999999999,uV/K,False,47.0,52.0,5.0,50.916666666666664,1.090277777777778,52.0,65.0,90.0,25.0,84.58333333333333,5.451388888888889,90.0,107.8682,127.6,19.731799999999993,122.83034166666664,4.769658333333333,127.6,505.08,1234.93,729.8500000000001,660.8929166666667,129.8440972222222,722.66,11.0,16.0,5.0,14.916666666666666,1.090277777777778,16.0,5.0,5.0,0.0,5.0,0.0,5.0,138.0,145.0,7.0,138.75,0.75,138.0,1.93,2.1,0.17000000000000015,2.0325,0.06895833333333337,2.1,1.0,2.0,1.0,1.9583333333333333,0.07986111111111117,2.0,0.0,4.0,4.0,2.9583333333333335,1.045138888888889,4.0,10.0,10.0,0.0,10.0,0.0,10.0,0.0,0.0,0.0,0.0,0.0,0.0,11.0,16.0,5.0,14.916666666666666,1.090277777777778,16.0,0.0,1.0,1.0,0.041666666666666664,0.07986111111111112,0.0,0.0,4.0,4.0,2.7916666666666665,1.0243055555555556,2.0,0.0,0.0,0.0,0.0,0.0,0.0,0.0,0.0,0.0,0.0,0.0,0.0,1.0,4.0,3.0,2.8333333333333335,0.986111111111111,2.0,16.33,34.7633333333,18.4333333333,33.24583333331666,1.550138888886113,34.7633333333,0.0,0.464,0.464,0.232,0.23200000000000007,0.464,0.0,0.0,0.0,0.0,0.0,0.0,141.0,225.0,84.0,151.04166666666666,8.368055555555557,152.0,1.9583333333333333,2.9583333333333335,10.0,0.0,0.13128491620111732,0.19832402234636873,0.670391061452514,0.0,8.116495679119133,0.12581818181818194,,0.0,0.0,0.041666666666666664,0.041666666666666664,0.5,300.0,,
Advanced Energy Materials - 2017 - Hong - Achieving zT   2 in p‐Type AgSbTe2 xSex Alloys via Exploring the Extra Light.pdf,10.1002/aenm.201702333,AgSbTe2,AgSbTe2,AgSbTe2,,,,,,body text,Section 2.1,,305.0,uV/K,False,47.0,52.0,5.0,50.5,1.75,52.0,65.0,90.0,25.0,82.5,8.75,90.0,107.8682,127.6,19.731799999999993,121.20705,6.669425,127.6,722.66,1234.93,512.2700000000001,896.0074999999999,173.34750000000003,722.66,11.0,16.0,5.0,14.5,1.75,16.0,5.0,5.0,0.0,5.0,0.0,5.0,138.0,145.0,7.0,140.0,2.5,138.0,1.93,2.1,0.17000000000000015,2.045,0.05750000000000005,2.1,1.0,2.0,1.0,1.75,0.375,2.0,0.0,4.0,4.0,2.75,1.375,4.0,10.0,10.0,0.0,10.0,0.0,10.0,0.0,0.0,0.0,0.0,0.0,0.0,11.0,16.0,5.0,14.5,1.75,16.0,0.0,1.0,1.0,0.25,0.375,0.0,0.0,3.0,3.0,1.75,0.875,2.0,0.0,0.0,0.0,0.0,0.0,0.0,0.0,0.0,0.0,0.0,0.0,0.0,1.0,3.0,2.0,2.0,0.5,2.0,16.33,34.7633333333,18.4333333333,29.35416666665,6.512083333324999,34.7633333333,0.0,0.464,0.464,0.232,0.232,0.464,0.0,0.0,0.0,0.0,0.0,0.0,152.0,225.0,73.0,173.75,25.625,152.0,1.75,2.75,10.0,0.0,0.1206896551724138,0.1896551724137931,0.6896551724137931,0.0,8.644719482306641,0.11200000000000014,,0.0,0.0,0.25,0.25,0.5,450.0,,
Advanced Energy Materials - 2017 - Hong - Achieving zT   2 in p‐Type AgSbTe2 xSex Alloys via Exploring the Extra Light.pdf,10.1002/aenm.201702333,AgSbTe2,AgSbTe1.9Se0.1,AgSbTe1.9Se0.1,Se,x=0.1,Te,,Se (x=0.1) @ Te site,body text,Section 2.1,,323.99999999999994,uV/K,False,34.0,52.0,18.0,50.050000000000004,2.327499999999998,52.0,65.0,90.0,25.0,82.475,8.737500000000004,90.0,78.96,127.6,48.64,119.99104999999999,8.112977500000003,127.6,494.0,1234.93,740.9300000000001,890.291,179.06400000000002,722.66,11.0,16.0,5.0,14.5,1.75,16.0,4.0,5.0,1.0,4.975,0.04875000000000034,5.0,120.0,145.0,25.0,139.55,2.725000000000006,138.0,1.93,2.55,0.6199999999999999,2.05625,0.0662500000000001,2.1,1.0,2.0,1.0,1.75,0.375,2.0,0.0,4.0,4.0,2.75,1.375,4.0,10.0,10.0,0.0,10.0,0.0,10.0,0.0,0.0,0.0,0.0,0.0,0.0,11.0,16.0,5.0,14.5,1.75,16.0,0.0,1.0,1.0,0.25,0.375,0.0,0.0,3.0,3.0,1.75,0.875,2.0,0.0,0.0,0.0,0.0,0.0,0.0,0.0,0.0,0.0,0.0,0.0,0.0,1.0,3.0,2.0,2.0,0.5,2.0,16.33,34.7633333333,18.4333333333,29.133083333317497,6.562195833324624,34.7633333333,0.0,0.799,0.799,0.240375,0.24037500000000003,0.464,0.0,0.0,0.0,0.0,0.0,0.0,14.0,225.0,211.0,170.29999999999998,27.34999999999999,152.0,1.75,2.75,10.0,0.0,0.1206896551724138,0.1896551724137931,0.6896551724137931,0.0,9.469993267257859,0.14171483622350683,0.1,1.0,0.0,0.25,0.25,0.475,550.0,0.0,0.22999999999999976
Advanced Energy Materials - 2026 - Li - Rare‐Earth Yttrium Doping Advances High‐Performance AgSbTe2 Thermoelectrics.pdf,10.1002/aenm.202505258,AgSbTe2,AgSbTe2 (x=0.00),AgSbTe2,,,,,,text,Page 5,,280.0,uV/K,False,47.0,52.0,5.0,50.5,1.75,52.0,65.0,90.0,25.0,82.5,8.75,90.0,107.8682,127.6,19.731799999999993,121.20705,6.669425,127.6,722.66,1234.93,512.2700000000001,896.0074999999999,173.34750000000003,722.66,11.0,16.0,5.0,14.5,1.75,16.0,5.0,5.0,0.0,5.0,0.0,5.0,138.0,145.0,7.0,140.0,2.5,138.0,1.93,2.1,0.17000000000000015,2.045,0.05750000000000005,2.1,1.0,2.0,1.0,1.75,0.375,2.0,0.0,4.0,4.0,2.75,1.375,4.0,10.0,10.0,0.0,10.0,0.0,10.0,0.0,0.0,0.0,0.0,0.0,0.0,11.0,16.0,5.0,14.5,1.75,16.0,0.0,1.0,1.0,0.25,0.375,0.0,0.0,3.0,3.0,1.75,0.875,2.0,0.0,0.0,0.0,0.0,0.0,0.0,0.0,0.0,0.0,0.0,0.0,0.0,1.0,3.0,2.0,2.0,0.5,2.0,16.33,34.7633333333,18.4333333333,29.35416666665,6.512083333324999,34.7633333333,0.0,0.464,0.464,0.232,0.232,0.464,0.0,0.0,0.0,0.0,0.0,0.0,152.0,225.0,73.0,173.75,25.625,152.0,1.75,2.75,10.0,0.0,0.1206896551724138,0.1896551724137931,0.6896551724137931,0.0,8.644719482306641,0.11200000000000014,,0.0,0.0,0.25,0.25,0.5,423.0,,
Advanced Energy Materials - 2026 - Li - Rare‐Earth Yttrium Doping Advances High‐Performance AgSbTe2 Thermoelectrics.pdf,10.1002/aenm.202505258,AgSbTe2,AgSb0.98Y0.02Te2 (x=0.02),AgSb0.98Y0.02Te2,Y,2%,Sb,,Y (2%) @ Sb site,text,Page 5,,266.0,uV/K,False,39.0,52.0,13.0,50.44,1.8344000000000011,52.0,12.0,90.0,78.0,82.135,9.268849999999997,90.0,88.90585,127.6,38.69414999999999,121.04277925,6.9086589175,127.6,722.66,1799.0,1076.3400000000001,900.4836,177.82360000000003,722.66,3.0,16.0,13.0,14.44,1.8344000000000003,16.0,5.0,5.0,0.0,5.0,0.0,5.0,138.0,190.0,52.0,140.255,2.8699499999999976,138.0,1.22,2.1,0.8800000000000001,2.04085,0.06363350000000009,2.1,1.0,2.0,1.0,1.75,0.375,2.0,0.0,4.0,4.0,2.735,1.39485,4.0,1.0,10.0,9.0,9.955,0.08954999999999994,10.0,0.0,0.0,0.0,0.0,0.0,0.0,3.0,16.0,13.0,14.44,1.8344000000000003,16.0,0.0,1.0,1.0,0.25,0.375,0.0,0.0,3.0,3.0,1.7349999999999999,0.88485,2.0,0.0,9.0,9.0,0.045,0.08954999999999999,0.0,0.0,0.0,0.0,0.0,0.0,0.0,1.0,9.0,8.0,2.0300000000000002,0.5450000000000002,2.0,16.33,34.7633333333,18.4333333333,29.358191666649997,6.514095833324999,34.7633333333,0.0,0.464,0.464,0.232,0.23199999999999998,0.464,0.0,0.0,0.0,0.0,0.0,0.0,152.0,225.0,73.0,173.89,25.756099999999993,152.0,1.75,2.735,9.955,0.0,0.12119113573407203,0.18940443213296398,0.689404432132964,0.0,8.848505117923192,0.12376842776316853,0.02,1.0,0.0,0.25,0.245,0.5,373.0,0.0,0.14
Advanced Energy Materials - 2026 - Li - Rare‐Earth Yttrium Doping Advances High‐Performance AgSbTe2 Thermoelectrics.pdf,10.1002/aenm.202505258,AgSbTe2,AgSbTe2,AgSbTe2,,,,,,figure,,Visually estimated from Fig. 4b,239.99999999999997,uV/K,False,47.0,52.0,5.0,50.5,1.75,52.0,65.0,90.0,25.0,82.5,8.75,90.0,107.8682,127.6,19.731799999999993,121.20705,6.669425,127.6,722.66,1234.93,512.2700000000001,896.0074999999999,173.34750000000003,722.66,11.0,16.0,5.0,14.5,1.75,16.0,5.0,5.0,0.0,5.0,0.0,5.0,138.0,145.0,7.0,140.0,2.5,138.0,1.93,2.1,0.17000000000000015,2.045,0.05750000000000005,2.1,1.0,2.0,1.0,1.75,0.375,2.0,0.0,4.0,4.0,2.75,1.375,4.0,10.0,10.0,0.0,10.0,0.0,10.0,0.0,0.0,0.0,0.0,0.0,0.0,11.0,16.0,5.0,14.5,1.75,16.0,0.0,1.0,1.0,0.25,0.375,0.0,0.0,3.0,3.0,1.75,0.875,2.0,0.0,0.0,0.0,0.0,0.0,0.0,0.0,0.0,0.0,0.0,0.0,0.0,1.0,3.0,2.0,2.0,0.5,2.0,16.33,34.7633333333,18.4333333333,29.35416666665,6.512083333324999,34.7633333333,0.0,0.464,0.464,0.232,0.232,0.464,0.0,0.0,0.0,0.0,0.0,0.0,152.0,225.0,73.0,173.75,25.625,152.0,1.75,2.75,10.0,0.0,0.1206896551724138,0.1896551724137931,0.6896551724137931,0.0,8.644719482306641,0.11200000000000014,,0.0,0.0,0.25,0.25,0.5,300.0,,
Advanced Energy Materials - 2026 - Li - Rare‐Earth Yttrium Doping Advances High‐Performance AgSbTe2 Thermoelectrics.pdf,10.1002/aenm.202505258,AgSbTe2,AgSb0.99Y0.01Te2,AgSb0.99Y0.01Te2,Y,0.01,Sb,,Y (0.01) @ Sb site,figure,,Visually estimated from Fig. 4b,250.0,uV/K,False,39.0,52.0,13.0,50.47,1.7923500000000006,52.0,12.0,90.0,78.0,82.3175,9.010337500000002,90.0,88.90585,127.6,38.69414999999999,121.124914625,6.789452635624997,127.6,722.66,1799.0,1076.3400000000001,898.2455499999999,175.58555,722.66,3.0,16.0,13.0,14.47,1.7923499999999997,16.0,5.0,5.0,0.0,5.0,0.0,5.0,138.0,190.0,52.0,140.1275,2.685612499999999,138.0,1.22,2.1,0.8800000000000001,2.042925,0.06057712500000008,2.1,1.0,2.0,1.0,1.75,0.375,2.0,0.0,4.0,4.0,2.7424999999999997,1.3849625,4.0,1.0,10.0,9.0,9.9775,0.04488750000000085,10.0,0.0,0.0,0.0,0.0,0.0,0.0,3.0,16.0,13.0,14.47,1.7923499999999997,16.0,0.0,1.0,1.0,0.25,0.375,0.0,0.0,3.0,3.0,1.7425,0.8799625,2.0,0.0,9.0,9.0,0.0225,0.0448875,0.0,0.0,0.0,0.0,0.0,0.0,0.0,1.0,9.0,8.0,2.0149999999999997,0.5224999999999999,2.0,16.33,34.7633333333,18.4333333333,29.356179166649998,6.513089583325,34.7633333333,0.0,0.464,0.464,0.232,0.232,0.464,0.0,0.0,0.0,0.0,0.0,0.0,152.0,225.0,73.0,173.82,25.690899999999996,152.0,1.75,2.7424999999999997,9.9775,0.0,0.12093987560469938,0.18953006219765028,0.6895300621976502,0.0,8.761125148292647,0.11790993832212233,0.01,1.0,0.0,0.25,0.2475,0.5,300.0,0.0,0.14
Advanced Energy Materials - 2026 - Li - Rare‐Earth Yttrium Doping Advances High‐Performance AgSbTe2 Thermoelectrics.pdf,10.1002/aenm.202505258,AgSbTe2,AgSb0.98Y0.02Te2,AgSb0.98Y0.02Te2,Y,0.02,Sb,,Y (0.02) @ Sb site,figure,,Visually estimated from Fig. 4b,254.99999999999997,uV/K,False,39.0,52.0,13.0,50.44,1.8344000000000011,52.0,12.0,90.0,78.0,82.135,9.268849999999997,90.0,88.90585,127.6,38.69414999999999,121.04277925,6.9086589175,127.6,722.66,1799.0,1076.3400000000001,900.4836,177.82360000000003,722.66,3.0,16.0,13.0,14.44,1.8344000000000003,16.0,5.0,5.0,0.0,5.0,0.0,5.0,138.0,190.0,52.0,140.255,2.8699499999999976,138.0,1.22,2.1,0.8800000000000001,2.04085,0.06363350000000009,2.1,1.0,2.0,1.0,1.75,0.375,2.0,0.0,4.0,4.0,2.735,1.39485,4.0,1.0,10.0,9.0,9.955,0.08954999999999994,10.0,0.0,0.0,0.0,0.0,0.0,0.0,3.0,16.0,13.0,14.44,1.8344000000000003,16.0,0.0,1.0,1.0,0.25,0.375,0.0,0.0,3.0,3.0,1.7349999999999999,0.88485,2.0,0.0,9.0,9.0,0.045,0.08954999999999999,0.0,0.0,0.0,0.0,0.0,0.0,0.0,1.0,9.0,8.0,2.0300000000000002,0.5450000000000002,2.0,16.33,34.7633333333,18.4333333333,29.358191666649997,6.514095833324999,34.7633333333,0.0,0.464,0.464,0.232,0.23199999999999998,0.464,0.0,0.0,0.0,0.0,0.0,0.0,152.0,225.0,73.0,173.89,25.756099999999993,152.0,1.75,2.735,9.955,0.0,0.12119113573407203,0.18940443213296398,0.689404432132964,0.0,8.848505117923192,0.12376842776316853,0.02,1.0,0.0,0.25,0.245,0.5,300.0,0.0,0.14
Advanced Energy Materials - 2026 - Li - Rare‐Earth Yttrium Doping Advances High‐Performance AgSbTe2 Thermoelectrics.pdf,10.1002/aenm.202505258,AgSbTe2,AgSb0.97Y0.03Te2,AgSb0.97Y0.03Te2,Y,0.03,Sb,,Y (0.03) @ Sb site,figure,,Visually estimated from Fig. 4b,252.0,uV/K,False,39.0,52.0,13.0,50.41,1.8761500000000018,52.0,12.0,90.0,78.0,81.9525,9.525537499999999,90.0,88.90585,127.6,38.69414999999999,120.960643875,7.027043845624997,127.6,722.66,1799.0,1076.3400000000001,902.72165,180.06165000000004,722.66,3.0,16.0,13.0,14.41,1.87615,16.0,5.0,5.0,0.0,5.0,0.0,5.0,138.0,190.0,52.0,140.3825,3.053012499999997,138.0,1.22,2.1,0.8800000000000001,2.0387750000000002,0.06666912499999991,2.1,1.0,2.0,1.0,1.75,0.375,2.0,0.0,4.0,4.0,2.7275,1.4046625,4.0,1.0,10.0,9.0,9.932500000000001,0.133987499999999,10.0,0.0,0.0,0.0,0.0,0.0,0.0,3.0,16.0,13.0,14.41,1.87615,16.0,0.0,1.0,1.0,0.25,0.375,0.0,0.0,3.0,3.0,1.7275,0.8896625,2.0,0.0,9.0,9.0,0.0675,0.13398749999999998,0.0,0.0,0.0,0.0,0.0,0.0,0.0,1.0,9.0,8.0,2.045,0.5674999999999999,2.0,16.33,34.7633333333,18.4333333333,29.36020416665,6.515102083324999,34.7633333333,0.0,0.464,0.464,0.232,0.232,0.464,0.0,0.0,0.0,0.0,0.0,0.0,152.0,225.0,73.0,173.95999999999998,25.820599999999992,152.0,1.75,2.7275,9.932500000000001,0.0,0.12144344205412907,0.18927827897293545,0.6892782789729355,0.0,8.924796662406377,0.12957646497385233,0.03,1.0,0.0,0.25,0.2425,0.5,300.0,0.0,0.14
Advanced Materials - 2006 - Androulakis - Nanostructuring and High Thermoelectric Efficiency in p‐Type Ag Pb1   ySny mSbTe2.pdf,10.1002/adma.200502770,Ag(Pb1-ySny)mSbTe2+m,Ag0.5Pb6Sn2Sb0.2Te10,Ag0.5Pb6Sn2Sb0.2Te10,Pb,6,unclear,Sn (2) @ unclear; Sb (0.2) @ unclear,Pb (6) @ unclear site; Sn (2) @ unclear site; Sb (0.2) @ unclear site,figure,Fig. 1a,Visually estimated from Fig. 1a,49.99999999999999,uV/K,False,47.0,82.0,35.0,61.26737967914439,13.30435528611056,52.0,65.0,90.0,25.0,85.32085561497327,5.0044324973548,90.0,107.8682,207.2,99.33179999999999,151.599256684492,35.679621378935636,127.6,505.08,1234.93,729.8500000000001,675.8631550802139,84.82195087077123,722.66,11.0,16.0,5.0,15.0,1.0695187165775402,16.0,5.0,6.0,1.0,5.320855614973262,0.43581457862678386,5.0,138.0,146.0,8.0,140.8716577540107,3.5116817752866836,138.0,1.93,2.33,0.40000000000000013,2.153743315508022,0.11310589379164421,2.1,1.0,2.0,1.0,1.9732620320855614,0.052046097972490026,2.0,0.0,4.0,4.0,3.0267379679144386,1.0409219594497985,4.0,10.0,10.0,0.0,10.0,0.0,10.0,0.0,14.0,14.0,4.491978609625669,6.101404100774973,0.0,11.0,28.0,17.0,19.49197860962567,5.459692870828449,16.0,0.0,1.0,1.0,0.026737967914438502,0.05204609797248993,0.0,0.0,4.0,4.0,2.8128342245989306,1.0197603591752695,2.0,0.0,0.0,0.0,0.0,0.0,0.0,0.0,0.0,0.0,0.0,0.0,0.0,1.0,4.0,3.0,2.8395721925133692,0.9963110183305215,2.0,16.33,34.7633333333,18.4333333333,31.943333333315508,3.303030303017528,34.7633333333,0.0,0.464,0.464,0.24812834224598934,0.23087877834653556,0.464,0.0,0.0,0.0,0.0,0.0,0.0,141.0,225.0,84.0,176.3475935828877,33.822528525265234,152.0,1.9732620320855614,3.0267379679144386,10.0,4.491978609625669,0.10123456790123456,0.15528120713305898,0.5130315500685871,0.23045267489711935,9.012143387573856,0.22544412607449857,0.06,3.0,1.0,0.026737967914438502,0.010695187165775402,0.5347593582887701,300.0,,
Advanced Materials - 2022 - Zhang - Defect‐Engineering‐Stabilized AgSbTe2 with High Thermoelectric Performance.pdf,10.1002/adma.202208994,AgSbTe2,AgSbTe2,AgSbTe2,,,,,,figure,Fig. 4B,Visually estimated from Fig. 4B,239.99999999999997,uV/K,False,47.0,52.0,5.0,50.5,1.75,52.0,65.0,90.0,25.0,82.5,8.75,90.0,107.8682,127.6,19.731799999999993,121.20705,6.669425,127.6,722.66,1234.93,512.2700000000001,896.0074999999999,173.34750000000003,722.66,11.0,16.0,5.0,14.5,1.75,16.0,5.0,5.0,0.0,5.0,0.0,5.0,138.0,145.0,7.0,140.0,2.5,138.0,1.93,2.1,0.17000000000000015,2.045,0.05750000000000005,2.1,1.0,2.0,1.0,1.75,0.375,2.0,0.0,4.0,4.0,2.75,1.375,4.0,10.0,10.0,0.0,10.0,0.0,10.0,0.0,0.0,0.0,0.0,0.0,0.0,11.0,16.0,5.0,14.5,1.75,16.0,0.0,1.0,1.0,0.25,0.375,0.0,0.0,3.0,3.0,1.75,0.875,2.0,0.0,0.0,0.0,0.0,0.0,0.0,0.0,0.0,0.0,0.0,0.0,0.0,1.0,3.0,2.0,2.0,0.5,2.0,16.33,34.7633333333,18.4333333333,29.35416666665,6.512083333324999,34.7633333333,0.0,0.464,0.464,0.232,0.232,0.464,0.0,0.0,0.0,0.0,0.0,0.0,152.0,225.0,73.0,173.75,25.625,152.0,1.75,2.75,10.0,0.0,0.1206896551724138,0.1896551724137931,0.6896551724137931,0.0,8.644719482306641,0.11200000000000014,,0.0,0.0,0.25,0.25,0.5,300.0,,
Advanced Materials - 2022 - Zhang - Defect‐Engineering‐Stabilized AgSbTe2 with High Thermoelectric Performance.pdf,10.1002/adma.202208994,AgSbTe2,AgSbTe1.9Se0.05S0.05,AgSbTe1.9Se0.05S0.05,Se,0.05,Te,S (0.05) @ Te,Se (0.05) @ Te site; S (0.05) @ Te site,figure,Fig. 4B,Visually estimated from Fig. 4B,229.99999999999997,uV/K,False,16.0,52.0,36.0,49.82500000000001,2.6537499999999956,52.0,65.0,90.0,25.0,82.4625,8.73125,90.0,32.065,127.6,95.535,119.4048625,8.962949375000003,127.6,388.36,1234.93,846.57,888.9705000000001,180.38450000000006,722.66,11.0,16.0,5.0,14.5,1.7500000000000002,16.0,3.0,5.0,2.0,4.9625,0.07312499999999968,5.0,105.0,145.0,40.0,139.36250000000004,2.8187500000000205,138.0,1.93,2.58,0.6500000000000001,2.056625,0.06662500000000011,2.1,1.0,2.0,1.0,1.75,0.37500000000000006,2.0,0.0,4.0,4.0,2.75,1.3750000000000002,4.0,0.0,10.0,10.0,9.875000000000002,0.24687499999999832,10.0,0.0,0.0,0.0,0.0,0.0,0.0,6.0,16.0,10.0,14.375,1.8968750000000003,16.0,0.0,1.0,1.0,0.25000000000000006,0.37500000000000006,0.0,0.0,3.0,3.0,1.75,0.8750000000000002,2.0,0.0,0.0,0.0,0.0,0.0,0.0,0.0,0.0,0.0,0.0,0.0,0.0,1.0,3.0,2.0,2.0,0.5000000000000001,2.0,16.33,34.7633333333,18.4333333333,29.131419270817503,6.564608723949624,34.7633333333,0.0,2.202,2.202,0.2579125000000001,0.25791250000000004,0.464,0.0,0.0,0.0,0.0,0.0,0.0,14.0,225.0,211.0,171.00000000000003,27.000000000000014,152.0,1.75,2.75,9.875000000000002,0.0,0.12173913043478261,0.19130434782608696,0.6869565217391306,0.0,9.614071925296303,0.1427876745305731,0.05,2.0,1.0,0.25000000000000006,0.25000000000000006,0.47500000000000003,300.0,0.0,0.22999999999999976
Advanced Materials - 2022 - Zhang - Defect‐Engineering‐Stabilized AgSbTe2 with High Thermoelectric Performance.pdf,10.1002/adma.202208994,AgSbTe2,AgSbTe1.85Se0.1S0.05,AgSbTe1.85Se0.1S0.05,Se,0.1,Te,S (0.05) @ Te,Se (0.1) @ Te site; S (0.05) @ Te site,figure,Fig. 4B,Visually estimated from Fig. 4B,229.99999999999997,uV/K,False,16.0,52.0,36.0,49.6,2.9199999999999995,52.0,65.0,90.0,25.0,82.44999999999999,8.725000000000007,90.0,32.065,127.6,95.535,118.7968625,9.624470937499996,127.6,388.36,1234.93,846.57,886.1122500000001,183.24275000000003,722.66,11.0,16.0,5.0,14.5,1.7500000000000002,16.0,3.0,5.0,2.0,4.949999999999999,0.09625000000000065,5.0,105.0,145.0,40.0,139.1375,2.9312499999999946,138.0,1.93,2.58,0.6500000000000001,2.06225,0.0722500000000001,2.1,1.0,2.0,1.0,1.75,0.37499999999999994,2.0,0.0,4.0,4.0,2.75,1.375,4.0,0.0,10.0,10.0,9.875,0.246875,10.0,0.0,0.0,0.0,0.0,0.0,0.0,6.0,16.0,10.0,14.375,1.8968749999999999,16.0,0.0,1.0,1.0,0.25,0.37499999999999994,0.0,0.0,3.0,3.0,1.75,0.875,2.0,0.0,0.0,0.0,0.0,0.0,0.0,0.0,0.0,0.0,0.0,0.0,0.0,1.0,3.0,2.0,2.0,0.5,2.0,16.33,34.7633333333,18.4333333333,29.02087760415125,6.581332747386969,34.7633333333,0.0,2.202,2.202,0.2621,0.2621,0.464,0.0,0.0,0.0,0.0,0.0,0.0,14.0,225.0,211.0,169.275,27.862500000000004,152.0,1.75,2.75,9.875,0.0,0.12173913043478261,0.19130434782608696,0.6869565217391305,0.0,9.950601560414498,0.1563274964505444,0.1,2.0,1.0,0.25,0.25,0.4625,300.0,0.0,0.22999999999999976
Advanced Materials - 2022 - Zhang - Defect‐Engineering‐Stabilized AgSbTe2 with High Thermoelectric Performance.pdf,10.1002/adma.202208994,AgSbTe2,AgSbTe1.8Se0.1S0.1,AgSbTe1.8Se0.1S0.1,Se,0.1,Te,S (0.1) @ Te,Se (0.1) @ Te site; S (0.1) @ Te site,figure,Fig. 4B,Visually estimated from Fig. 4B,229.99999999999997,uV/K,False,16.0,52.0,36.0,49.150000000000006,3.489999999999998,52.0,65.0,90.0,25.0,82.425,8.7125,90.0,32.065,127.6,95.535,117.602675,11.076254999999996,127.6,388.36,1234.93,846.57,881.9335,187.42150000000004,722.66,11.0,16.0,5.0,14.5,1.7500000000000002,16.0,3.0,5.0,2.0,4.925,0.14250000000000018,5.0,105.0,145.0,40.0,138.725,3.2750000000000004,138.0,1.93,2.58,0.6500000000000001,2.06825,0.07825000000000011,2.1,1.0,2.0,1.0,1.75,0.37499999999999994,2.0,0.0,4.0,4.0,2.75,1.375,4.0,0.0,10.0,10.0,9.75,0.48750000000000004,10.0,0.0,0.0,0.0,0.0,0.0,0.0,6.0,16.0,10.0,14.25,2.0375,16.0,0.0,1.0,1.0,0.25,0.37499999999999994,0.0,0.0,3.0,3.0,1.75,0.875,2.0,0.0,0.0,0.0,0.0,0.0,0.0,0.0,0.0,0.0,0.0,0.0,0.0,1.0,3.0,2.0,2.0,0.5,2.0,16.33,34.7633333333,18.4333333333,28.908671874985,6.594859374991,34.7633333333,0.0,2.202,2.202,0.283825,0.28382500000000005,0.464,0.0,0.0,0.0,0.0,0.0,0.0,14.0,225.0,211.0,168.25,28.375,152.0,1.75,2.75,9.75,0.0,0.12280701754385964,0.19298245614035087,0.6842105263157895,0.0,10.284321913389274,0.1701489757914341,0.1,2.0,1.0,0.25,0.25,0.45,300.0,0.0,0.22999999999999976
Advanced Materials - 2023 - Taneja - High Thermoelectric Performance in Phonon‐Glass Electron‐Crystal Like AgSbTe2.pdf,10.1002/adma.202307058,AgSbTe2,AgSbTe2,AgSbTe2,,,,,,figure,Fig. 5b,Visually estimated from Fig. 5b,250.0,uV/K,False,47.0,52.0,5.0,50.5,1.75,52.0,65.0,90.0,25.0,82.5,8.75,90.0,107.8682,127.6,19.731799999999993,121.20705,6.669425,127.6,722.66,1234.93,512.2700000000001,896.0074999999999,173.34750000000003,722.66,11.0,16.0,5.0,14.5,1.75,16.0,5.0,5.0,0.0,5.0,0.0,5.0,138.0,145.0,7.0,140.0,2.5,138.0,1.93,2.1,0.17000000000000015,2.045,0.05750000000000005,2.1,1.0,2.0,1.0,1.75,0.375,2.0,0.0,4.0,4.0,2.75,1.375,4.0,10.0,10.0,0.0,10.0,0.0,10.0,0.0,0.0,0.0,0.0,0.0,0.0,11.0,16.0,5.0,14.5,1.75,16.0,0.0,1.0,1.0,0.25,0.375,0.0,0.0,3.0,3.0,1.75,0.875,2.0,0.0,0.0,0.0,0.0,0.0,0.0,0.0,0.0,0.0,0.0,0.0,0.0,1.0,3.0,2.0,2.0,0.5,2.0,16.33,34.7633333333,18.4333333333,29.35416666665,6.512083333324999,34.7633333333,0.0,0.464,0.464,0.232,0.232,0.464,0.0,0.0,0.0,0.0,0.0,0.0,152.0,225.0,73.0,173.75,25.625,152.0,1.75,2.75,10.0,0.0,0.1206896551724138,0.1896551724137931,0.6896551724137931,0.0,8.644719482306641,0.11200000000000014,,0.0,0.0,0.25,0.25,0.5,300.0,,
Advanced Materials - 2023 - Taneja - High Thermoelectric Performance in Phonon‐Glass Electron‐Crystal Like AgSbTe2.pdf,10.1002/adma.202307058,AgSbTe2,AgSbTe2,AgSbTe2,,,,,,figure,Fig. 5b,Visually estimated from Fig. 5b,300.0,uV/K,False,47.0,52.0,5.0,50.5,1.75,52.0,65.0,90.0,25.0,82.5,8.75,90.0,107.8682,127.6,19.731799999999993,121.20705,6.669425,127.6,722.66,1234.93,512.2700000000001,896.0074999999999,173.34750000000003,722.66,11.0,16.0,5.0,14.5,1.75,16.0,5.0,5.0,0.0,5.0,0.0,5.0,138.0,145.0,7.0,140.0,2.5,138.0,1.93,2.1,0.17000000000000015,2.045,0.05750000000000005,2.1,1.0,2.0,1.0,1.75,0.375,2.0,0.0,4.0,4.0,2.75,1.375,4.0,10.0,10.0,0.0,10.0,0.0,10.0,0.0,0.0,0.0,0.0,0.0,0.0,11.0,16.0,5.0,14.5,1.75,16.0,0.0,1.0,1.0,0.25,0.375,0.0,0.0,3.0,3.0,1.75,0.875,2.0,0.0,0.0,0.0,0.0,0.0,0.0,0.0,0.0,0.0,0.0,0.0,0.0,1.0,3.0,2.0,2.0,0.5,2.0,16.33,34.7633333333,18.4333333333,29.35416666665,6.512083333324999,34.7633333333,0.0,0.464,0.464,0.232,0.232,0.464,0.0,0.0,0.0,0.0,0.0,0.0,152.0,225.0,73.0,173.75,25.625,152.0,1.75,2.75,10.0,0.0,0.1206896551724138,0.1896551724137931,0.6896551724137931,0.0,8.644719482306641,0.11200000000000014,,0.0,0.0,0.25,0.25,0.5,400.0,,
Advanced Materials - 2023 - Taneja - High Thermoelectric Performance in Phonon‐Glass Electron‐Crystal Like AgSbTe2.pdf,10.1002/adma.202307058,AgSbTe2,AgSbTe2,AgSbTe2,,,,,,figure,Fig. 5b,Visually estimated from Fig. 5b,320.0,uV/K,False,47.0,52.0,5.0,50.5,1.75,52.0,65.0,90.0,25.0,82.5,8.75,90.0,107.8682,127.6,19.731799999999993,121.20705,6.669425,127.6,722.66,1234.93,512.2700000000001,896.0074999999999,173.34750000000003,722.66,11.0,16.0,5.0,14.5,1.75,16.0,5.0,5.0,0.0,5.0,0.0,5.0,138.0,145.0,7.0,140.0,2.5,138.0,1.93,2.1,0.17000000000000015,2.045,0.05750000000000005,2.1,1.0,2.0,1.0,1.75,0.375,2.0,0.0,4.0,4.0,2.75,1.375,4.0,10.0,10.0,0.0,10.0,0.0,10.0,0.0,0.0,0.0,0.0,0.0,0.0,11.0,16.0,5.0,14.5,1.75,16.0,0.0,1.0,1.0,0.25,0.375,0.0,0.0,3.0,3.0,1.75,0.875,2.0,0.0,0.0,0.0,0.0,0.0,0.0,0.0,0.0,0.0,0.0,0.0,0.0,1.0,3.0,2.0,2.0,0.5,2.0,16.33,34.7633333333,18.4333333333,29.35416666665,6.512083333324999,34.7633333333,0.0,0.464,0.464,0.232,0.232,0.464,0.0,0.0,0.0,0.0,0.0,0.0,152.0,225.0,73.0,173.75,25.625,152.0,1.75,2.75,10.0,0.0,0.1206896551724138,0.1896551724137931,0.6896551724137931,0.0,8.644719482306641,0.11200000000000014,,0.0,0.0,0.25,0.25,0.5,500.0,,
Advanced Materials - 2023 - Taneja - High Thermoelectric Performance in Phonon‐Glass Electron‐Crystal Like AgSbTe2.pdf,10.1002/adma.202307058,AgSbTe2,AgSb0.98Yb0.02Te2,AgSb0.98Yb0.02Te2,Yb,2 mol%,Sb,,Yb (2 mol%) @ Sb site,figure,Fig. 5b,Visually estimated from Fig. 5b,280.0,uV/K,False,47.0,70.0,23.0,50.595,1.7975000000000005,52.0,39.0,90.0,51.0,82.27000000000001,9.067699999999995,90.0,107.8682,173.054,65.1858,121.46351999999999,6.797660000000004,127.6,722.66,1234.93,512.2700000000001,896.9485999999999,174.28860000000003,722.66,3.0,16.0,13.0,14.44,1.8344000000000003,16.0,5.0,6.0,1.0,5.005,0.009949999999999895,5.0,138.0,187.0,49.0,140.24,2.8476000000000043,138.0,1.26,2.1,0.8400000000000001,2.0410500000000003,0.06333549999999989,2.1,1.0,2.0,1.0,1.75,0.375,2.0,0.0,4.0,4.0,2.735,1.39485,4.0,0.0,10.0,10.0,9.95,0.0995000000000007,10.0,0.0,14.0,14.0,0.07,0.1393,0.0,11.0,16.0,5.0,14.504999999999999,1.7525000000000004,16.0,0.0,1.0,1.0,0.25,0.375,0.0,0.0,3.0,3.0,1.7349999999999999,0.88485,2.0,0.0,0.0,0.0,0.0,0.0,0.0,0.0,0.0,0.0,0.0,0.0,0.0,0.0,3.0,3.0,1.9849999999999999,0.5123500000000001,2.0,16.33,34.7633333333,18.4333333333,29.366966666649997,6.518483333324999,34.7633333333,0.0,0.464,0.464,0.232,0.23199999999999998,0.464,0.0,0.0,0.0,0.0,0.0,0.0,152.0,225.0,73.0,174.04500000000002,25.98705000000001,152.0,1.75,2.735,9.95,0.07,0.12064805239572562,0.1885556704584626,0.6859703550499827,0.004825922095829025,8.848505117923192,0.125671368236513,0.02,1.0,0.0,0.25,0.245,0.5,300.0,0.0,0.10799999999999998
Advanced Materials - 2023 - Taneja - High Thermoelectric Performance in Phonon‐Glass Electron‐Crystal Like AgSbTe2.pdf,10.1002/adma.202307058,AgSbTe2,AgSb0.98Yb0.02Te2,AgSb0.98Yb0.02Te2,Yb,2 mol%,Sb,,Yb (2 mol%) @ Sb site,figure,Fig. 5b,Visually estimated from Fig. 5b,320.0,uV/K,False,47.0,70.0,23.0,50.595,1.7975000000000005,52.0,39.0,90.0,51.0,82.27000000000001,9.067699999999995,90.0,107.8682,173.054,65.1858,121.46351999999999,6.797660000000004,127.6,722.66,1234.93,512.2700000000001,896.9485999999999,174.28860000000003,722.66,3.0,16.0,13.0,14.44,1.8344000000000003,16.0,5.0,6.0,1.0,5.005,0.009949999999999895,5.0,138.0,187.0,49.0,140.24,2.8476000000000043,138.0,1.26,2.1,0.8400000000000001,2.0410500000000003,0.06333549999999989,2.1,1.0,2.0,1.0,1.75,0.375,2.0,0.0,4.0,4.0,2.735,1.39485,4.0,0.0,10.0,10.0,9.95,0.0995000000000007,10.0,0.0,14.0,14.0,0.07,0.1393,0.0,11.0,16.0,5.0,14.504999999999999,1.7525000000000004,16.0,0.0,1.0,1.0,0.25,0.375,0.0,0.0,3.0,3.0,1.7349999999999999,0.88485,2.0,0.0,0.0,0.0,0.0,0.0,0.0,0.0,0.0,0.0,0.0,0.0,0.0,0.0,3.0,3.0,1.9849999999999999,0.5123500000000001,2.0,16.33,34.7633333333,18.4333333333,29.366966666649997,6.518483333324999,34.7633333333,0.0,0.464,0.464,0.232,0.23199999999999998,0.464,0.0,0.0,0.0,0.0,0.0,0.0,152.0,225.0,73.0,174.04500000000002,25.98705000000001,152.0,1.75,2.735,9.95,0.07,0.12064805239572562,0.1885556704584626,0.6859703550499827,0.004825922095829025,8.848505117923192,0.125671368236513,0.02,1.0,0.0,0.25,0.245,0.5,400.0,0.0,0.10799999999999998
Advanced Materials - 2023 - Taneja - High Thermoelectric Performance in Phonon‐Glass Electron‐Crystal Like AgSbTe2.pdf,10.1002/adma.202307058,AgSbTe2,AgSb0.98Yb0.02Te2,AgSb0.98Yb0.02Te2,Yb,2 mol%,Sb,,Yb (2 mol%) @ Sb site,figure,Fig. 5b,Visually estimated from Fig. 5b,330.0,uV/K,False,47.0,70.0,23.0,50.595,1.7975000000000005,52.0,39.0,90.0,51.0,82.27000000000001,9.067699999999995,90.0,107.8682,173.054,65.1858,121.46351999999999,6.797660000000004,127.6,722.66,1234.93,512.2700000000001,896.9485999999999,174.28860000000003,722.66,3.0,16.0,13.0,14.44,1.8344000000000003,16.0,5.0,6.0,1.0,5.005,0.009949999999999895,5.0,138.0,187.0,49.0,140.24,2.8476000000000043,138.0,1.26,2.1,0.8400000000000001,2.0410500000000003,0.06333549999999989,2.1,1.0,2.0,1.0,1.75,0.375,2.0,0.0,4.0,4.0,2.735,1.39485,4.0,0.0,10.0,10.0,9.95,0.0995000000000007,10.0,0.0,14.0,14.0,0.07,0.1393,0.0,11.0,16.0,5.0,14.504999999999999,1.7525000000000004,16.0,0.0,1.0,1.0,0.25,0.375,0.0,0.0,3.0,3.0,1.7349999999999999,0.88485,2.0,0.0,0.0,0.0,0.0,0.0,0.0,0.0,0.0,0.0,0.0,0.0,0.0,0.0,3.0,3.0,1.9849999999999999,0.5123500000000001,2.0,16.33,34.7633333333,18.4333333333,29.366966666649997,6.518483333324999,34.7633333333,0.0,0.464,0.464,0.232,0.23199999999999998,0.464,0.0,0.0,0.0,0.0,0.0,0.0,152.0,225.0,73.0,174.04500000000002,25.98705000000001,152.0,1.75,2.735,9.95,0.07,0.12064805239572562,0.1885556704584626,0.6859703550499827,0.004825922095829025,8.848505117923192,0.125671368236513,0.02,1.0,0.0,0.25,0.245,0.5,500.0,0.0,0.10799999999999998
Advanced Materials - 2023 - Taneja - High Thermoelectric Performance in Phonon‐Glass Electron‐Crystal Like AgSbTe2.pdf,10.1002/adma.202307058,AgSbTe2,AgSb0.96Yb0.04Te2,AgSb0.96Yb0.04Te2,Yb,4 mol%,Sb,,Yb (4 mol%) @ Sb site,figure,Fig. 5b,Visually estimated from Fig. 5b,280.0,uV/K,False,47.0,70.0,23.0,50.69,1.845000000000001,52.0,39.0,90.0,51.0,82.03999999999999,9.380800000000004,90.0,107.8682,173.054,65.1858,121.71999,6.925895000000001,127.6,722.66,1234.93,512.2700000000001,897.8897,175.22970000000004,722.66,3.0,16.0,13.0,14.379999999999999,1.9176000000000004,16.0,5.0,6.0,1.0,5.01,0.01979999999999979,5.0,138.0,187.0,49.0,140.48000000000002,3.190400000000009,138.0,1.26,2.1,0.8400000000000001,2.0370999999999997,0.06909200000000017,2.1,1.0,2.0,1.0,1.75,0.375,2.0,0.0,4.0,4.0,2.7199999999999998,1.4144,4.0,0.0,10.0,10.0,9.9,0.19799999999999965,10.0,0.0,14.0,14.0,0.14,0.2772,0.0,11.0,16.0,5.0,14.51,1.7550000000000001,16.0,0.0,1.0,1.0,0.25,0.375,0.0,0.0,3.0,3.0,1.72,0.8944,2.0,0.0,0.0,0.0,0.0,0.0,0.0,0.0,0.0,0.0,0.0,0.0,0.0,0.0,3.0,3.0,1.97,0.5244000000000001,2.0,16.33,34.7633333333,18.4333333333,29.37976666665,6.524883333324999,34.7633333333,0.0,0.464,0.464,0.232,0.232,0.464,0.0,0.0,0.0,0.0,0.0,0.0,152.0,225.0,73.0,174.34,26.343200000000003,152.0,1.75,2.7199999999999998,9.9,0.14,0.12060647829083392,0.18745692625775326,0.6822880771881461,0.009648518263266714,8.993810816868557,0.1391076532232456,0.04,1.0,0.0,0.25,0.24,0.5,300.0,0.0,0.10799999999999998
Advanced Materials - 2023 - Taneja - High Thermoelectric Performance in Phonon‐Glass Electron‐Crystal Like AgSbTe2.pdf,10.1002/adma.202307058,AgSbTe2,AgSb0.96Yb0.04Te2,AgSb0.96Yb0.04Te2,Yb,4 mol%,Sb,,Yb (4 mol%) @ Sb site,figure,Fig. 5b,Visually estimated from Fig. 5b,330.0,uV/K,False,47.0,70.0,23.0,50.69,1.845000000000001,52.0,39.0,90.0,51.0,82.03999999999999,9.380800000000004,90.0,107.8682,173.054,65.1858,121.71999,6.925895000000001,127.6,722.66,1234.93,512.2700000000001,897.8897,175.22970000000004,722.66,3.0,16.0,13.0,14.379999999999999,1.9176000000000004,16.0,5.0,6.0,1.0,5.01,0.01979999999999979,5.0,138.0,187.0,49.0,140.48000000000002,3.190400000000009,138.0,1.26,2.1,0.8400000000000001,2.0370999999999997,0.06909200000000017,2.1,1.0,2.0,1.0,1.75,0.375,2.0,0.0,4.0,4.0,2.7199999999999998,1.4144,4.0,0.0,10.0,10.0,9.9,0.19799999999999965,10.0,0.0,14.0,14.0,0.14,0.2772,0.0,11.0,16.0,5.0,14.51,1.7550000000000001,16.0,0.0,1.0,1.0,0.25,0.375,0.0,0.0,3.0,3.0,1.72,0.8944,2.0,0.0,0.0,0.0,0.0,0.0,0.0,0.0,0.0,0.0,0.0,0.0,0.0,0.0,3.0,3.0,1.97,0.5244000000000001,2.0,16.33,34.7633333333,18.4333333333,29.37976666665,6.524883333324999,34.7633333333,0.0,0.464,0.464,0.232,0.232,0.464,0.0,0.0,0.0,0.0,0.0,0.0,152.0,225.0,73.0,174.34,26.343200000000003,152.0,1.75,2.7199999999999998,9.9,0.14,0.12060647829083392,0.18745692625775326,0.6822880771881461,0.009648518263266714,8.993810816868557,0.1391076532232456,0.04,1.0,0.0,0.25,0.24,0.5,400.0,0.0,0.10799999999999998
Advanced Materials - 2023 - Taneja - High Thermoelectric Performance in Phonon‐Glass Electron‐Crystal Like AgSbTe2.pdf,10.1002/adma.202307058,AgSbTe2,AgSb0.96Yb0.04Te2,AgSb0.96Yb0.04Te2,Yb,4 mol%,Sb,,Yb (4 mol%) @ Sb site,figure,Fig. 5b,Visually estimated from Fig. 5b,350.0,uV/K,False,47.0,70.0,23.0,50.69,1.845000000000001,52.0,39.0,90.0,51.0,82.03999999999999,9.380800000000004,90.0,107.8682,173.054,65.1858,121.71999,6.925895000000001,127.6,722.66,1234.93,512.2700000000001,897.8897,175.22970000000004,722.66,3.0,16.0,13.0,14.379999999999999,1.9176000000000004,16.0,5.0,6.0,1.0,5.01,0.01979999999999979,5.0,138.0,187.0,49.0,140.48000000000002,3.190400000000009,138.0,1.26,2.1,0.8400000000000001,2.0370999999999997,0.06909200000000017,2.1,1.0,2.0,1.0,1.75,0.375,2.0,0.0,4.0,4.0,2.7199999999999998,1.4144,4.0,0.0,10.0,10.0,9.9,0.19799999999999965,10.0,0.0,14.0,14.0,0.14,0.2772,0.0,11.0,16.0,5.0,14.51,1.7550000000000001,16.0,0.0,1.0,1.0,0.25,0.375,0.0,0.0,3.0,3.0,1.72,0.8944,2.0,0.0,0.0,0.0,0.0,0.0,0.0,0.0,0.0,0.0,0.0,0.0,0.0,0.0,3.0,3.0,1.97,0.5244000000000001,2.0,16.33,34.7633333333,18.4333333333,29.37976666665,6.524883333324999,34.7633333333,0.0,0.464,0.464,0.232,0.232,0.464,0.0,0.0,0.0,0.0,0.0,0.0,152.0,225.0,73.0,174.34,26.343200000000003,152.0,1.75,2.7199999999999998,9.9,0.14,0.12060647829083392,0.18745692625775326,0.6822880771881461,0.009648518263266714,8.993810816868557,0.1391076532232456,0.04,1.0,0.0,0.25,0.24,0.5,500.0,0.0,0.10799999999999998
Advanced Materials - 2024 - Li - High‐Performance AgSbTe2 Thermoelectrics  Advances  Challenges  and Perspectives.pdf,10.1002/adma.202409275,AgSbTe2,AgSb0.94Cd0.06Te2,AgSb0.94Cd0.06Te2,Cd,0.06,Sb,,Cd (0.06) @ Sb site,Table 1,,,263.99999999999994,uV/K,False,47.0,52.0,5.0,50.455,1.8011500000000007,52.0,65.0,90.0,25.0,82.27499999999999,9.005750000000004,90.0,107.8682,127.6,19.731799999999993,121.06681499999999,6.858981950000002,127.6,594.22,1234.93,640.71,891.3641,177.618423,722.66,11.0,16.0,5.0,14.455,1.8011499999999998,16.0,5.0,5.0,0.0,5.0,0.0,5.0,138.0,145.0,7.0,140.075,2.580249999999995,138.0,1.69,2.1,0.41000000000000014,2.0396,0.06528799999999998,2.1,1.0,2.0,1.0,1.75,0.375,2.0,0.0,4.0,4.0,2.705,1.43365,4.0,10.0,10.0,0.0,10.0,0.0,10.0,0.0,0.0,0.0,0.0,0.0,0.0,11.0,16.0,5.0,14.455,1.8011499999999998,16.0,0.0,1.0,1.0,0.25,0.375,0.0,0.0,3.0,3.0,1.705,0.90365,2.0,0.0,0.0,0.0,0.0,0.0,0.0,0.0,0.0,0.0,0.0,0.0,0.0,0.0,3.0,3.0,1.955,0.53615,2.0,16.33,34.7633333333,18.4333333333,29.17319166665,6.711941583324499,34.7633333333,0.0,0.464,0.464,0.232,0.232,0.464,0.0,0.0,0.0,0.0,0.0,0.0,152.0,225.0,73.0,174.17,26.009899999999995,152.0,1.75,2.705,10.0,0.0,0.12106537530266344,0.18713248011068834,0.6918021445866482,0.0,9.11649772763948,0.1247338027054823,0.06,1.0,0.0,0.25,0.235,0.5,573.0,1.0,0.19000000000000006
Angew Chem Int Ed - 2026 - Han - Lead‐Doping Enabled Band Engineering and Phonon Transport Modulation  Key to.pdf,10.1002/anie.2554196,AgSbTe2,AgSbTe2,AgSbTe2,,,,,,body text,Page 5,,237.0,uV/K,False,47.0,52.0,5.0,50.5,1.75,52.0,65.0,90.0,25.0,82.5,8.75,90.0,107.8682,127.6,19.731799999999993,121.20705,6.669425,127.6,722.66,1234.93,512.2700000000001,896.0074999999999,173.34750000000003,722.66,11.0,16.0,5.0,14.5,1.75,16.0,5.0,5.0,0.0,5.0,0.0,5.0,138.0,145.0,7.0,140.0,2.5,138.0,1.93,2.1,0.17000000000000015,2.045,0.05750000000000005,2.1,1.0,2.0,1.0,1.75,0.375,2.0,0.0,4.0,4.0,2.75,1.375,4.0,10.0,10.0,0.0,10.0,0.0,10.0,0.0,0.0,0.0,0.0,0.0,0.0,11.0,16.0,5.0,14.5,1.75,16.0,0.0,1.0,1.0,0.25,0.375,0.0,0.0,3.0,3.0,1.75,0.875,2.0,0.0,0.0,0.0,0.0,0.0,0.0,0.0,0.0,0.0,0.0,0.0,0.0,1.0,3.0,2.0,2.0,0.5,2.0,16.33,34.7633333333,18.4333333333,29.35416666665,6.512083333324999,34.7633333333,0.0,0.464,0.464,0.232,0.232,0.464,0.0,0.0,0.0,0.0,0.0,0.0,152.0,225.0,73.0,173.75,25.625,152.0,1.75,2.75,10.0,0.0,0.1206896551724138,0.1896551724137931,0.6896551724137931,0.0,8.644719482306641,0.11200000000000014,,0.0,0.0,0.25,0.25,0.5,300.0,,
Angew Chem Int Ed - 2026 - Han - Lead‐Doping Enabled Band Engineering and Phonon Transport Modulation  Key to.pdf,10.1002/anie.2554196,AgSbTe2,AgSbTe2,AgSbTe2,,,,,,body text,Page 5,,337.0,uV/K,False,47.0,52.0,5.0,50.5,1.75,52.0,65.0,90.0,25.0,82.5,8.75,90.0,107.8682,127.6,19.731799999999993,121.20705,6.669425,127.6,722.66,1234.93,512.2700000000001,896.0074999999999,173.34750000000003,722.66,11.0,16.0,5.0,14.5,1.75,16.0,5.0,5.0,0.0,5.0,0.0,5.0,138.0,145.0,7.0,140.0,2.5,138.0,1.93,2.1,0.17000000000000015,2.045,0.05750000000000005,2.1,1.0,2.0,1.0,1.75,0.375,2.0,0.0,4.0,4.0,2.75,1.375,4.0,10.0,10.0,0.0,10.0,0.0,10.0,0.0,0.0,0.0,0.0,0.0,0.0,11.0,16.0,5.0,14.5,1.75,16.0,0.0,1.0,1.0,0.25,0.375,0.0,0.0,3.0,3.0,1.75,0.875,2.0,0.0,0.0,0.0,0.0,0.0,0.0,0.0,0.0,0.0,0.0,0.0,0.0,1.0,3.0,2.0,2.0,0.5,2.0,16.33,34.7633333333,18.4333333333,29.35416666665,6.512083333324999,34.7633333333,0.0,0.464,0.464,0.232,0.232,0.464,0.0,0.0,0.0,0.0,0.0,0.0,152.0,225.0,73.0,173.75,25.625,152.0,1.75,2.75,10.0,0.0,0.1206896551724138,0.1896551724137931,0.6896551724137931,0.0,8.644719482306641,0.11200000000000014,,0.0,0.0,0.25,0.25,0.5,427.0,,
Angew Chem Int Ed - 2026 - Han - Lead‐Doping Enabled Band Engineering and Phonon Transport Modulation  Key to.pdf,10.1002/anie.2554196,AgSbTe2,AgSb0.96Pb0.04Te2,AgSb0.96Pb0.04Te2,Pb,0.04,Sb,,Pb (0.04) @ Sb site,body text,Page 1,,260.0,uV/K,False,47.0,82.0,35.0,50.81,1.904999999999999,52.0,65.0,90.0,25.0,82.46000000000001,8.759199999999996,90.0,107.8682,207.2,99.33179999999999,122.06145000000001,7.241320999999996,127.6,600.61,1234.93,634.32,892.9757999999999,176.16311600000003,722.66,11.0,16.0,5.0,14.489999999999998,1.7548000000000008,16.0,5.0,6.0,1.0,5.01,0.01979999999999979,5.0,138.0,146.0,8.0,140.07,2.583599999999997,138.0,1.93,2.33,0.40000000000000013,2.0478,0.05889999999999999,2.1,1.0,2.0,1.0,1.75,0.375,2.0,0.0,4.0,4.0,2.74,1.3847999999999998,4.0,10.0,10.0,0.0,10.0,0.0,10.0,0.0,14.0,14.0,0.14,0.2772,0.0,11.0,28.0,17.0,14.629999999999999,1.8150000000000004,16.0,0.0,1.0,1.0,0.25,0.375,0.0,0.0,4.0,4.0,1.76,0.88,2.0,0.0,0.0,0.0,0.0,0.0,0.0,0.0,0.0,0.0,0.0,0.0,0.0,1.0,4.0,3.0,2.01,0.5149999999999999,2.0,16.33,34.7633333333,18.4333333333,29.31966666665,6.519026666657998,34.7633333333,0.0,0.464,0.464,0.232,0.232,0.464,0.0,0.0,0.0,0.0,0.0,0.0,152.0,225.0,73.0,174.34,26.343200000000003,152.0,1.75,2.74,10.0,0.14,0.11961722488038279,0.18728639781271364,0.6835269993164731,0.009569377990430623,8.993810816868557,0.11836138456652918,0.04,1.0,0.0,0.25,0.24,0.5,623.0,1.0,0.43000000000000005
Angew Chem Int Ed - 2026 - Han - Lead‐Doping Enabled Band Engineering and Phonon Transport Modulation  Key to.pdf,10.1002/anie.2554196,AgSbTe2,AgSb0.96Pb0.04Te2,AgSb0.96Pb0.04Te2,Pb,0.04,Sb,,Pb (0.04) @ Sb site,body text,Page 5,,263.0,uV/K,False,47.0,82.0,35.0,50.81,1.904999999999999,52.0,65.0,90.0,25.0,82.46000000000001,8.759199999999996,90.0,107.8682,207.2,99.33179999999999,122.06145000000001,7.241320999999996,127.6,600.61,1234.93,634.32,892.9757999999999,176.16311600000003,722.66,11.0,16.0,5.0,14.489999999999998,1.7548000000000008,16.0,5.0,6.0,1.0,5.01,0.01979999999999979,5.0,138.0,146.0,8.0,140.07,2.583599999999997,138.0,1.93,2.33,0.40000000000000013,2.0478,0.05889999999999999,2.1,1.0,2.0,1.0,1.75,0.375,2.0,0.0,4.0,4.0,2.74,1.3847999999999998,4.0,10.0,10.0,0.0,10.0,0.0,10.0,0.0,14.0,14.0,0.14,0.2772,0.0,11.0,28.0,17.0,14.629999999999999,1.8150000000000004,16.0,0.0,1.0,1.0,0.25,0.375,0.0,0.0,4.0,4.0,1.76,0.88,2.0,0.0,0.0,0.0,0.0,0.0,0.0,0.0,0.0,0.0,0.0,0.0,0.0,1.0,4.0,3.0,2.01,0.5149999999999999,2.0,16.33,34.7633333333,18.4333333333,29.31966666665,6.519026666657998,34.7633333333,0.0,0.464,0.464,0.232,0.232,0.464,0.0,0.0,0.0,0.0,0.0,0.0,152.0,225.0,73.0,174.34,26.343200000000003,152.0,1.75,2.74,10.0,0.14,0.11961722488038279,0.18728639781271364,0.6835269993164731,0.009569377990430623,8.993810816868557,0.11836138456652918,0.04,1.0,0.0,0.25,0.24,0.5,300.0,1.0,0.43000000000000005
Angew Chem Int Ed - 2026 - Han - Lead‐Doping Enabled Band Engineering and Phonon Transport Modulation  Key to.pdf,10.1002/anie.2554196,AgSbTe2,AgSbTe2 (x=0),AgSbTe2,,,,,,body text,,,237.0,uV/K,False,47.0,52.0,5.0,50.5,1.75,52.0,65.0,90.0,25.0,82.5,8.75,90.0,107.8682,127.6,19.731799999999993,121.20705,6.669425,127.6,722.66,1234.93,512.2700000000001,896.0074999999999,173.34750000000003,722.66,11.0,16.0,5.0,14.5,1.75,16.0,5.0,5.0,0.0,5.0,0.0,5.0,138.0,145.0,7.0,140.0,2.5,138.0,1.93,2.1,0.17000000000000015,2.045,0.05750000000000005,2.1,1.0,2.0,1.0,1.75,0.375,2.0,0.0,4.0,4.0,2.75,1.375,4.0,10.0,10.0,0.0,10.0,0.0,10.0,0.0,0.0,0.0,0.0,0.0,0.0,11.0,16.0,5.0,14.5,1.75,16.0,0.0,1.0,1.0,0.25,0.375,0.0,0.0,3.0,3.0,1.75,0.875,2.0,0.0,0.0,0.0,0.0,0.0,0.0,0.0,0.0,0.0,0.0,0.0,0.0,1.0,3.0,2.0,2.0,0.5,2.0,16.33,34.7633333333,18.4333333333,29.35416666665,6.512083333324999,34.7633333333,0.0,0.464,0.464,0.232,0.232,0.464,0.0,0.0,0.0,0.0,0.0,0.0,152.0,225.0,73.0,173.75,25.625,152.0,1.75,2.75,10.0,0.0,0.1206896551724138,0.1896551724137931,0.6896551724137931,0.0,8.644719482306641,0.11200000000000014,,0.0,0.0,0.25,0.25,0.5,300.0,,
Angew Chem Int Ed - 2026 - Han - Lead‐Doping Enabled Band Engineering and Phonon Transport Modulation  Key to.pdf,10.1002/anie.2554196,AgSbTe2,AgSbTe2 (x=0),AgSbTe2,,,,,,body text,,,337.0,uV/K,False,47.0,52.0,5.0,50.5,1.75,52.0,65.0,90.0,25.0,82.5,8.75,90.0,107.8682,127.6,19.731799999999993,121.20705,6.669425,127.6,722.66,1234.93,512.2700000000001,896.0074999999999,173.34750000000003,722.66,11.0,16.0,5.0,14.5,1.75,16.0,5.0,5.0,0.0,5.0,0.0,5.0,138.0,145.0,7.0,140.0,2.5,138.0,1.93,2.1,0.17000000000000015,2.045,0.05750000000000005,2.1,1.0,2.0,1.0,1.75,0.375,2.0,0.0,4.0,4.0,2.75,1.375,4.0,10.0,10.0,0.0,10.0,0.0,10.0,0.0,0.0,0.0,0.0,0.0,0.0,11.0,16.0,5.0,14.5,1.75,16.0,0.0,1.0,1.0,0.25,0.375,0.0,0.0,3.0,3.0,1.75,0.875,2.0,0.0,0.0,0.0,0.0,0.0,0.0,0.0,0.0,0.0,0.0,0.0,0.0,1.0,3.0,2.0,2.0,0.5,2.0,16.33,34.7633333333,18.4333333333,29.35416666665,6.512083333324999,34.7633333333,0.0,0.464,0.464,0.232,0.232,0.464,0.0,0.0,0.0,0.0,0.0,0.0,152.0,225.0,73.0,173.75,25.625,152.0,1.75,2.75,10.0,0.0,0.1206896551724138,0.1896551724137931,0.6896551724137931,0.0,8.644719482306641,0.11200000000000014,,0.0,0.0,0.25,0.25,0.5,427.0,,
Angew Chem Int Ed - 2026 - Han - Lead‐Doping Enabled Band Engineering and Phonon Transport Modulation  Key to.pdf,10.1002/anie.2554196,AgSbTe2,Ag0.96Pb0.04Te2,Ag0.96Pb0.04Te2,Pb,0.04,Sb,,Pb (0.04) @ Sb site,body text,,,260.0,uV/K,False,47.0,82.0,35.0,50.800000000000004,2.4319999999999986,52.0,65.0,90.0,25.0,81.88,10.826666666666668,90.0,107.8682,207.2,99.33179999999999,122.34715733333333,9.26653269333333,127.6,600.61,1234.93,634.32,884.9590666666667,223.98139733333338,722.66,11.0,16.0,5.0,14.373333333333333,2.168888888888889,16.0,5.0,6.0,1.0,5.013333333333333,0.026311111111110546,5.0,138.0,146.0,8.0,140.34666666666666,3.1288888888888877,138.0,1.93,2.33,0.40000000000000013,2.0486666666666666,0.07594666666666676,2.1,1.0,2.0,1.0,1.68,0.43520000000000003,2.0,0.0,4.0,4.0,2.6933333333333334,1.7422222222222221,4.0,10.0,10.0,0.0,10.0,0.0,10.0,0.0,14.0,14.0,0.18666666666666668,0.36835555555555555,0.0,11.0,28.0,17.0,14.56,2.2783999999999995,16.0,0.0,1.0,1.0,0.32,0.43520000000000003,0.0,0.0,4.0,4.0,1.3866666666666667,0.8874666666666666,2.0,0.0,0.0,0.0,0.0,0.0,0.0,0.0,0.0,0.0,0.0,0.0,0.0,1.0,4.0,3.0,1.7066666666666668,0.4522666666666666,2.0,16.33,34.7633333333,18.4333333333,28.77595555553333,7.9831703703555545,34.7633333333,0.0,0.464,0.464,0.30933333333333335,0.20622222222222222,0.464,0.0,0.0,0.0,0.0,0.0,0.0,152.0,225.0,73.0,176.33333333333334,32.44444444444445,152.0,1.68,2.6933333333333334,10.0,0.18666666666666668,0.11538461538461538,0.184981684981685,0.6868131868131868,0.01282051282051282,5.757728370863799,0.17668759811616971,0.04,1.0,0.0,0.32,0.0,0.6666666666666666,623.0,1.0,0.43000000000000005
Band convergence strategy to improve thermoelectric performance in Ti-Doped AgSbTe2.pdf,10.1088/1402-4896/ad3c74,AgSbTe2,Ag1.05SbTe2,Ag1.05SbTe2,,,,,,body text,,,245.0,uV/K,False,47.0,52.0,5.0,50.45679012345679,1.7924096936442613,52.0,65.0,90.0,25.0,82.28395061728395,8.96204846822131,90.0,107.8682,127.6,19.731799999999993,121.04237283950617,6.8310525834476445,127.6,722.66,1234.93,512.2700000000001,900.1917283950618,175.3399786617894,722.66,11.0,16.0,5.0,14.45679012345679,1.7924096936442622,16.0,5.0,5.0,0.0,5.0,0.0,5.0,138.0,145.0,7.0,140.06172839506172,2.5605852766346557,138.0,1.93,2.1,0.17000000000000015,2.04358024691358,0.05889346136259721,2.1,1.0,2.0,1.0,1.7407407407407407,0.384087791495199,2.0,0.0,4.0,4.0,2.7160493827160495,1.4083219021490627,4.0,10.0,10.0,0.0,10.0,0.0,10.0,0.0,0.0,0.0,0.0,0.0,0.0,11.0,16.0,5.0,14.45679012345679,1.7924096936442622,16.0,0.0,1.0,1.0,0.2592592592592593,0.384087791495199,0.0,0.0,3.0,3.0,1.7283950617283952,0.8962048468221309,2.0,0.0,0.0,0.0,0.0,0.0,0.0,0.0,0.0,0.0,0.0,0.0,0.0,1.0,3.0,2.0,1.9876543209876545,0.5121170553269319,2.0,16.33,34.7633333333,18.4333333333,29.193374485580247,6.669897881411979,34.7633333333,0.0,0.464,0.464,0.2291358024691358,0.23196463953665603,0.464,0.0,0.0,0.0,0.0,0.0,0.0,152.0,225.0,73.0,174.38271604938274,26.245999085505268,152.0,1.7407407407407407,2.7160493827160495,10.0,0.0,0.12040990606319385,0.1878736122971819,0.6917164816396243,0.0,8.678408890609084,0.11320388349514578,,0.0,0.0,0.2592592592592593,0.2469135802469136,0.4938271604938272,473.0,,
Band convergence strategy to improve thermoelectric performance in Ti-Doped AgSbTe2.pdf,10.1088/1402-4896/ad3c74,AgSbTe2,Ag1.05SbTe2,Ag1.05SbTe2,,,,,,body text,,,245.99999999999997,uV/K,False,47.0,52.0,5.0,50.45679012345679,1.7924096936442613,52.0,65.0,90.0,25.0,82.28395061728395,8.96204846822131,90.0,107.8682,127.6,19.731799999999993,121.04237283950617,6.8310525834476445,127.6,722.66,1234.93,512.2700000000001,900.1917283950618,175.3399786617894,722.66,11.0,16.0,5.0,14.45679012345679,1.7924096936442622,16.0,5.0,5.0,0.0,5.0,0.0,5.0,138.0,145.0,7.0,140.06172839506172,2.5605852766346557,138.0,1.93,2.1,0.17000000000000015,2.04358024691358,0.05889346136259721,2.1,1.0,2.0,1.0,1.7407407407407407,0.384087791495199,2.0,0.0,4.0,4.0,2.7160493827160495,1.4083219021490627,4.0,10.0,10.0,0.0,10.0,0.0,10.0,0.0,0.0,0.0,0.0,0.0,0.0,11.0,16.0,5.0,14.45679012345679,1.7924096936442622,16.0,0.0,1.0,1.0,0.2592592592592593,0.384087791495199,0.0,0.0,3.0,3.0,1.7283950617283952,0.8962048468221309,2.0,0.0,0.0,0.0,0.0,0.0,0.0,0.0,0.0,0.0,0.0,0.0,0.0,1.0,3.0,2.0,1.9876543209876545,0.5121170553269319,2.0,16.33,34.7633333333,18.4333333333,29.193374485580247,6.669897881411979,34.7633333333,0.0,0.464,0.464,0.2291358024691358,0.23196463953665603,0.464,0.0,0.0,0.0,0.0,0.0,0.0,152.0,225.0,73.0,174.38271604938274,26.245999085505268,152.0,1.7407407407407407,2.7160493827160495,10.0,0.0,0.12040990606319385,0.1878736122971819,0.6917164816396243,0.0,8.678408890609084,0.11320388349514578,,0.0,0.0,0.2592592592592593,0.2469135802469136,0.4938271604938272,473.0,,
Band convergence strategy to improve thermoelectric performance in Ti-Doped AgSbTe2.pdf,10.1088/1402-4896/ad3c74,AgSbTe2,Ag1.05Sb0.98Ti0.02Te2,Ag1.05Sb0.98Ti0.02Te2,Ti,0.02,Sb,,Ti (0.02) @ Sb site,body text,,,270.0,uV/K,False,22.0,52.0,30.0,50.31358024691357,1.997793019356811,52.0,43.0,90.0,47.0,82.07654320987653,9.240445054107608,90.0,47.867,127.6,79.733,120.67746913580244,7.360959000152427,127.6,722.66,1941.0,1218.3400000000001,905.3138024691358,181.1411019051974,722.66,4.0,16.0,12.0,14.402469135802466,1.8669836915104414,16.0,4.0,5.0,1.0,4.995061728395061,0.009827770156988635,5.0,138.0,160.0,22.0,140.16543209876542,2.7027099527511,138.0,1.54,2.1,0.56,2.0410617283950616,0.06253632068282282,2.1,1.0,2.0,1.0,1.7407407407407405,0.38408779149519895,2.0,0.0,4.0,4.0,2.701234567901234,1.4273190062490475,4.0,2.0,10.0,8.0,9.960493827160493,0.07862216125590733,10.0,0.0,0.0,0.0,0.0,0.0,0.0,4.0,16.0,12.0,14.402469135802466,1.8669836915104414,16.0,0.0,1.0,1.0,0.25925925925925924,0.3840877914951988,0.0,0.0,3.0,3.0,1.71358024691358,0.9054473403444597,2.0,0.0,8.0,8.0,0.039506172839506165,0.07862216125590608,0.0,0.0,0.0,0.0,0.0,0.0,0.0,1.0,8.0,7.0,2.0123456790123453,0.5371132449321747,2.0,16.33,34.7633333333,18.4333333333,29.119942386814806,6.754586841428076,34.7633333333,0.0,0.464,0.464,0.22913580246913579,0.23196463953665597,0.464,0.0,2.25333333333e-05,2.25333333333e-05,1.1127572016444443e-07,2.2145242087047454e-07,0.0,152.0,225.0,73.0,174.52098765432095,26.366688004877282,152.0,1.7407407407407405,2.701234567901234,9.960493827160493,0.0,0.12086404937424997,0.18755357448997084,0.6915823761357792,0.0,8.879678654180987,0.11975123800680917,0.02,1.0,0.0,0.25925925925925924,0.24197530864197525,0.4938271604938271,473.0,1.0,0.15500000000000003
"Carrier optimization and reduced thermal conductivity leading to enhanced thermoelectric performance in (Mg, S) co-doped AgSbTe2.pdf",10.1016/j.mtphys.2024.101358,AgSbTe2,AgSb0.97Mg0.03Te2,AgSb0.97Mg0.03Te2,Mg,3 atomic %,Sb,,Mg (3 atomic %) @ Sb site,body text,,,212.02,uV/K,False,12.0,52.0,40.0,50.207499999999996,2.176862500000002,52.0,65.0,90.0,25.0,82.3725,8.9018375,90.0,24.305,127.6,103.29499999999999,120.4761375,7.746535812500001,127.6,722.66,1234.93,512.2700000000001,896.15165,173.49165000000002,722.66,2.0,16.0,14.0,14.4025,1.8872875,16.0,3.0,5.0,2.0,4.984999999999999,0.029775000000000558,5.0,138.0,145.0,7.0,140.015,2.5072749999999933,138.0,1.31,2.1,0.79,2.03945,0.06566675000000002,2.1,1.0,2.0,1.0,1.75,0.375,2.0,0.0,4.0,4.0,2.7275,1.4046625,4.0,0.0,10.0,10.0,9.925,0.1488749999999993,10.0,0.0,0.0,0.0,0.0,0.0,0.0,2.0,16.0,14.0,14.4025,1.8872875,16.0,0.0,1.0,1.0,0.25,0.375,0.0,0.0,3.0,3.0,1.7275,0.8896625,2.0,0.0,0.0,0.0,0.0,0.0,0.0,0.0,0.0,0.0,0.0,0.0,0.0,0.0,3.0,3.0,1.9775,0.5184124999999999,2.0,16.33,34.7633333333,18.4333333333,29.289141666649996,6.57555795832475,34.7633333333,0.0,0.464,0.464,0.232,0.232,0.464,0.0,0.0,0.0,0.0,0.0,0.0,152.0,225.0,73.0,173.95999999999998,25.820599999999992,152.0,1.75,2.7275,9.925,0.0,0.12150668286755771,0.18937684429786497,0.6891164728345773,0.0,8.924796662406377,0.12744506969437885,0.03,1.0,0.0,0.25,0.2425,0.5,300.0,1.0,0.040000000000000036
"Carrier optimization and reduced thermal conductivity leading to enhanced thermoelectric performance in (Mg, S) co-doped AgSbTe2.pdf",10.1016/j.mtphys.2024.101358,AgSbTe2,AgSb0.97Mg0.03Te1.90S0.10,AgSb0.97Mg0.03Te1.90S0.10,Mg,3 atomic %,Sb,S (y = 0.10) @ Te,Mg (3 atomic %) @ Sb site; S (y = 0.10) @ Te site,body text,,,207.59999999999997,uV/K,False,12.0,52.0,40.0,49.3075,3.378737500000001,52.0,65.0,90.0,25.0,82.3225,8.876087499999997,90.0,24.305,127.6,103.29499999999999,118.0877625,10.8176608125,127.6,388.36,1234.93,846.57,887.7941499999998,181.84915,722.66,2.0,16.0,14.0,14.402499999999998,1.887287500000001,16.0,3.0,5.0,2.0,4.935,0.12577500000000036,5.0,105.0,145.0,40.0,139.19,2.932149999999999,138.0,1.31,2.58,1.27,2.05145,0.07255000000000011,2.1,1.0,2.0,1.0,1.75,0.37499999999999994,2.0,0.0,4.0,4.0,2.7275,1.4046625,4.0,0.0,10.0,10.0,9.675,0.6288749999999994,10.0,0.0,0.0,0.0,0.0,0.0,0.0,2.0,16.0,14.0,14.152499999999998,2.166162500000001,16.0,0.0,1.0,1.0,0.25,0.37499999999999994,0.0,0.0,3.0,3.0,1.7275,0.8896625,2.0,0.0,0.0,0.0,0.0,0.0,0.0,0.0,0.0,0.0,0.0,0.0,0.0,0.0,3.0,3.0,1.9775,0.5184124999999999,2.0,16.33,34.7633333333,18.4333333333,29.0647302083175,6.623878817699386,34.7633333333,0.0,2.202,2.202,0.27545000000000003,0.27545,0.464,0.0,0.0,0.0,0.0,0.0,0.0,70.0,225.0,155.0,171.91,26.87635,152.0,1.75,2.7275,9.675,0.0,0.12365306482953543,0.19272213389860451,0.6836248012718602,0.0,9.750070447357592,0.15867371769078972,0.03,2.0,1.0,0.25,0.2425,0.475,300.0,1.0,0.040000000000000036
"Carrier optimization and reduced thermal conductivity leading to enhanced thermoelectric performance in (Mg, S) co-doped AgSbTe2.pdf",10.1016/j.mtphys.2024.101358,AgSbTe2,AgSbTe2 (Disordered),AgSbTe2,,,,,,body text,,Room temperature value,238.99999999999997,uV/K,False,47.0,52.0,5.0,50.5,1.75,52.0,65.0,90.0,25.0,82.5,8.75,90.0,107.8682,127.6,19.731799999999993,121.20705,6.669425,127.6,722.66,1234.93,512.2700000000001,896.0074999999999,173.34750000000003,722.66,11.0,16.0,5.0,14.5,1.75,16.0,5.0,5.0,0.0,5.0,0.0,5.0,138.0,145.0,7.0,140.0,2.5,138.0,1.93,2.1,0.17000000000000015,2.045,0.05750000000000005,2.1,1.0,2.0,1.0,1.75,0.375,2.0,0.0,4.0,4.0,2.75,1.375,4.0,10.0,10.0,0.0,10.0,0.0,10.0,0.0,0.0,0.0,0.0,0.0,0.0,11.0,16.0,5.0,14.5,1.75,16.0,0.0,1.0,1.0,0.25,0.375,0.0,0.0,3.0,3.0,1.75,0.875,2.0,0.0,0.0,0.0,0.0,0.0,0.0,0.0,0.0,0.0,0.0,0.0,0.0,1.0,3.0,2.0,2.0,0.5,2.0,16.33,34.7633333333,18.4333333333,29.35416666665,6.512083333324999,34.7633333333,0.0,0.464,0.464,0.232,0.232,0.464,0.0,0.0,0.0,0.0,0.0,0.0,152.0,225.0,73.0,173.75,25.625,152.0,1.75,2.75,10.0,0.0,0.1206896551724138,0.1896551724137931,0.6896551724137931,0.0,8.644719482306641,0.11200000000000014,,0.0,0.0,0.25,0.25,0.5,300.0,,
"Carrier optimization and reduced thermal conductivity leading to enhanced thermoelectric performance in (Mg, S) co-doped AgSbTe2.pdf",10.1016/j.mtphys.2024.101358,AgSbTe2,AgSb0.97Mg0.03Te2,AgSb0.97Mg0.03Te2,Mg,3 at.%,Sb,,Mg (3 at.%) @ Sb site,body text,,Room temperature value,212.02,uV/K,False,12.0,52.0,40.0,50.207499999999996,2.176862500000002,52.0,65.0,90.0,25.0,82.3725,8.9018375,90.0,24.305,127.6,103.29499999999999,120.4761375,7.746535812500001,127.6,722.66,1234.93,512.2700000000001,896.15165,173.49165000000002,722.66,2.0,16.0,14.0,14.4025,1.8872875,16.0,3.0,5.0,2.0,4.984999999999999,0.029775000000000558,5.0,138.0,145.0,7.0,140.015,2.5072749999999933,138.0,1.31,2.1,0.79,2.03945,0.06566675000000002,2.1,1.0,2.0,1.0,1.75,0.375,2.0,0.0,4.0,4.0,2.7275,1.4046625,4.0,0.0,10.0,10.0,9.925,0.1488749999999993,10.0,0.0,0.0,0.0,0.0,0.0,0.0,2.0,16.0,14.0,14.4025,1.8872875,16.0,0.0,1.0,1.0,0.25,0.375,0.0,0.0,3.0,3.0,1.7275,0.8896625,2.0,0.0,0.0,0.0,0.0,0.0,0.0,0.0,0.0,0.0,0.0,0.0,0.0,0.0,3.0,3.0,1.9775,0.5184124999999999,2.0,16.33,34.7633333333,18.4333333333,29.289141666649996,6.57555795832475,34.7633333333,0.0,0.464,0.464,0.232,0.232,0.464,0.0,0.0,0.0,0.0,0.0,0.0,152.0,225.0,73.0,173.95999999999998,25.820599999999992,152.0,1.75,2.7275,9.925,0.0,0.12150668286755771,0.18937684429786497,0.6891164728345773,0.0,8.924796662406377,0.12744506969437885,0.03,1.0,0.0,0.25,0.2425,0.5,300.0,1.0,0.040000000000000036
"Carrier optimization and reduced thermal conductivity leading to enhanced thermoelectric performance in (Mg, S) co-doped AgSbTe2.pdf",10.1016/j.mtphys.2024.101358,AgSbTe2,AgSb0.97Mg0.03Te1.9S0.10,AgSb0.97Mg0.03Te1.9S0.10,Mg,3 at.%,Sb,S (0.10) @ Te,Mg (3 at.%) @ Sb site; S (0.10) @ Te site,body text,,Room temperature value,207.59999999999997,uV/K,False,12.0,52.0,40.0,49.3075,3.378737500000001,52.0,65.0,90.0,25.0,82.3225,8.876087499999997,90.0,24.305,127.6,103.29499999999999,118.0877625,10.8176608125,127.6,388.36,1234.93,846.57,887.7941499999998,181.84915,722.66,2.0,16.0,14.0,14.402499999999998,1.887287500000001,16.0,3.0,5.0,2.0,4.935,0.12577500000000036,5.0,105.0,145.0,40.0,139.19,2.932149999999999,138.0,1.31,2.58,1.27,2.05145,0.07255000000000011,2.1,1.0,2.0,1.0,1.75,0.37499999999999994,2.0,0.0,4.0,4.0,2.7275,1.4046625,4.0,0.0,10.0,10.0,9.675,0.6288749999999994,10.0,0.0,0.0,0.0,0.0,0.0,0.0,2.0,16.0,14.0,14.152499999999998,2.166162500000001,16.0,0.0,1.0,1.0,0.25,0.37499999999999994,0.0,0.0,3.0,3.0,1.7275,0.8896625,2.0,0.0,0.0,0.0,0.0,0.0,0.0,0.0,0.0,0.0,0.0,0.0,0.0,0.0,3.0,3.0,1.9775,0.5184124999999999,2.0,16.33,34.7633333333,18.4333333333,29.0647302083175,6.623878817699386,34.7633333333,0.0,2.202,2.202,0.27545000000000003,0.27545,0.464,0.0,0.0,0.0,0.0,0.0,0.0,70.0,225.0,155.0,171.91,26.87635,152.0,1.75,2.7275,9.675,0.0,0.12365306482953543,0.19272213389860451,0.6836248012718602,0.0,9.750070447357592,0.15867371769078972,0.03,2.0,1.0,0.25,0.2425,0.475,300.0,1.0,0.040000000000000036
Charge Compensation Modulation of the Thermoelectric Properties in AgSbTe2 via Mn Amphoteric Doping.pdf,10.1021/acs.inorgchem.9b00852,AgSbTe2,Pristine AgSbTe2,AgSbTe2,,,,,,body text,"Page 3, Results and Discussion",,82.0,uV/K,False,47.0,52.0,5.0,50.5,1.75,52.0,65.0,90.0,25.0,82.5,8.75,90.0,107.8682,127.6,19.731799999999993,121.20705,6.669425,127.6,722.66,1234.93,512.2700000000001,896.0074999999999,173.34750000000003,722.66,11.0,16.0,5.0,14.5,1.75,16.0,5.0,5.0,0.0,5.0,0.0,5.0,138.0,145.0,7.0,140.0,2.5,138.0,1.93,2.1,0.17000000000000015,2.045,0.05750000000000005,2.1,1.0,2.0,1.0,1.75,0.375,2.0,0.0,4.0,4.0,2.75,1.375,4.0,10.0,10.0,0.0,10.0,0.0,10.0,0.0,0.0,0.0,0.0,0.0,0.0,11.0,16.0,5.0,14.5,1.75,16.0,0.0,1.0,1.0,0.25,0.375,0.0,0.0,3.0,3.0,1.75,0.875,2.0,0.0,0.0,0.0,0.0,0.0,0.0,0.0,0.0,0.0,0.0,0.0,0.0,1.0,3.0,2.0,2.0,0.5,2.0,16.33,34.7633333333,18.4333333333,29.35416666665,6.512083333324999,34.7633333333,0.0,0.464,0.464,0.232,0.232,0.464,0.0,0.0,0.0,0.0,0.0,0.0,152.0,225.0,73.0,173.75,25.625,152.0,1.75,2.75,10.0,0.0,0.1206896551724138,0.1896551724137931,0.6896551724137931,0.0,8.644719482306641,0.11200000000000014,,0.0,0.0,0.25,0.25,0.5,300.0,,
Charge Compensation Modulation of the Thermoelectric Properties in AgSbTe2 via Mn Amphoteric Doping.pdf,10.1021/acs.inorgchem.9b00852,AgSbTe2,Pristine AgSbTe2,AgSbTe2,,,,,,body text,"Page 3, Results and Discussion",,165.0,uV/K,False,47.0,52.0,5.0,50.5,1.75,52.0,65.0,90.0,25.0,82.5,8.75,90.0,107.8682,127.6,19.731799999999993,121.20705,6.669425,127.6,722.66,1234.93,512.2700000000001,896.0074999999999,173.34750000000003,722.66,11.0,16.0,5.0,14.5,1.75,16.0,5.0,5.0,0.0,5.0,0.0,5.0,138.0,145.0,7.0,140.0,2.5,138.0,1.93,2.1,0.17000000000000015,2.045,0.05750000000000005,2.1,1.0,2.0,1.0,1.75,0.375,2.0,0.0,4.0,4.0,2.75,1.375,4.0,10.0,10.0,0.0,10.0,0.0,10.0,0.0,0.0,0.0,0.0,0.0,0.0,11.0,16.0,5.0,14.5,1.75,16.0,0.0,1.0,1.0,0.25,0.375,0.0,0.0,3.0,3.0,1.75,0.875,2.0,0.0,0.0,0.0,0.0,0.0,0.0,0.0,0.0,0.0,0.0,0.0,0.0,1.0,3.0,2.0,2.0,0.5,2.0,16.33,34.7633333333,18.4333333333,29.35416666665,6.512083333324999,34.7633333333,0.0,0.464,0.464,0.232,0.232,0.464,0.0,0.0,0.0,0.0,0.0,0.0,152.0,225.0,73.0,173.75,25.625,152.0,1.75,2.75,10.0,0.0,0.1206896551724138,0.1896551724137931,0.6896551724137931,0.0,8.644719482306641,0.11200000000000014,,0.0,0.0,0.25,0.25,0.5,550.0,,
Charge Compensation Modulation of the Thermoelectric Properties in AgSbTe2 via Mn Amphoteric Doping.pdf,10.1021/acs.inorgchem.9b00852,AgSbTe2,MnSb monodoped (x=0.07),AgSb1-xMnxTe2 (x=0.07),Mn,7 mol %,Sb,,Mn (7 mol %) @ Sb site,body text,"Page 3, Results and Discussion",,58.0,uV/K,True,25.0,52.0,27.0,50.045,2.3990749999999994,52.0,52.0,90.0,38.0,81.9225,9.508537500000001,90.0,54.938045,127.6,72.66195499999999,120.0376657875,8.363219621312496,127.6,722.66,1519.0,796.34,906.77385,185.50599025000005,722.66,7.0,16.0,9.0,14.360000000000001,1.9375999999999993,16.0,4.0,5.0,1.0,4.9825,0.03438750000000007,5.0,138.0,145.0,7.0,140.0,2.5,138.0,1.55,2.1,0.55,2.03625,0.07014375000000007,2.1,1.0,2.0,1.0,1.75,0.375,2.0,0.0,4.0,4.0,2.6975,1.4431625000000001,4.0,5.0,10.0,5.0,9.9125,0.17193750000000035,10.0,0.0,0.0,0.0,0.0,0.0,0.0,7.0,16.0,9.0,14.360000000000001,1.9375999999999993,16.0,0.0,1.0,1.0,0.25,0.375,0.0,0.0,3.0,3.0,1.6975,0.9081625000000001,2.0,0.0,5.0,5.0,0.08750000000000001,0.17193750000000002,0.0,0.0,0.0,0.0,0.0,0.0,0.0,1.0,5.0,4.0,2.035,0.5525000000000001,2.0,10.4875862069,34.7633333333,24.2757471264,28.98539942527075,6.97512317527835,34.7633333333,0.0,0.464,0.464,0.232,0.23200000000000004,0.464,0.0,0.000310120689655,0.000310120689655,5.4271120689625e-06,1.0664275215511312e-05,0.0,152.0,225.0,73.0,174.6425,26.661262500000007,152.0,1.75,2.6975,9.9125,0.0,0.12186629526462395,0.18784818941504175,0.6902855153203342,0.0,9.171937367968965,0.13440011056050238,0.07,1.0,0.0,0.25,0.2325,0.5,300.0,1.0,0.06999999999999995
Charge Compensation Modulation of the Thermoelectric Properties in AgSbTe2 via Mn Amphoteric Doping.pdf,10.1021/acs.inorgchem.9b00852,AgSbTe2,MnSb monodoped (x=0.07),AgSb1-xMnxTe2 (x=0.07),Mn,7 mol %,Sb,,Mn (7 mol %) @ Sb site,body text,"Page 3, Results and Discussion",,133.0,uV/K,True,25.0,52.0,27.0,50.045,2.3990749999999994,52.0,52.0,90.0,38.0,81.9225,9.508537500000001,90.0,54.938045,127.6,72.66195499999999,120.0376657875,8.363219621312496,127.6,722.66,1519.0,796.34,906.77385,185.50599025000005,722.66,7.0,16.0,9.0,14.360000000000001,1.9375999999999993,16.0,4.0,5.0,1.0,4.9825,0.03438750000000007,5.0,138.0,145.0,7.0,140.0,2.5,138.0,1.55,2.1,0.55,2.03625,0.07014375000000007,2.1,1.0,2.0,1.0,1.75,0.375,2.0,0.0,4.0,4.0,2.6975,1.4431625000000001,4.0,5.0,10.0,5.0,9.9125,0.17193750000000035,10.0,0.0,0.0,0.0,0.0,0.0,0.0,7.0,16.0,9.0,14.360000000000001,1.9375999999999993,16.0,0.0,1.0,1.0,0.25,0.375,0.0,0.0,3.0,3.0,1.6975,0.9081625000000001,2.0,0.0,5.0,5.0,0.08750000000000001,0.17193750000000002,0.0,0.0,0.0,0.0,0.0,0.0,0.0,1.0,5.0,4.0,2.035,0.5525000000000001,2.0,10.4875862069,34.7633333333,24.2757471264,28.98539942527075,6.97512317527835,34.7633333333,0.0,0.464,0.464,0.232,0.23200000000000004,0.464,0.0,0.000310120689655,0.000310120689655,5.4271120689625e-06,1.0664275215511312e-05,0.0,152.0,225.0,73.0,174.6425,26.661262500000007,152.0,1.75,2.6975,9.9125,0.0,0.12186629526462395,0.18784818941504175,0.6902855153203342,0.0,9.171937367968965,0.13440011056050238,0.07,1.0,0.0,0.25,0.2325,0.5,550.0,1.0,0.06999999999999995
Chen_2012_J._Phys._D__Appl._Phys._45_115302.pdf,10.1088/0022-3727/45/11/115302,Ag0.366Sb0.558Te,0% GeTe,"(Ag0.366Sb0.558Te)1-x(GeTe)x, x=0",Ge,0%,unclear,,Ge (0%) @ unclear site,figure,Fig. 3a,Visually estimated from Fig. 3a,399.99999999999994,uV/K,False,47.0,52.0,5.0,50.75883575883576,1.430076806376183,52.0,65.0,90.0,25.0,83.79417879417879,7.1503840318809155,90.0,107.8682,127.6,19.731799999999993,122.15272411642411,5.66244894342607,127.6,722.66,1234.93,512.2700000000001,872.6370166320166,155.90126469024602,722.66,11.0,16.0,5.0,14.75883575883576,1.4300768063761822,16.0,5.0,5.0,0.0,5.000000000000001,8.881784197001252e-16,5.0,138.0,145.0,7.0,139.62162162162164,2.0462437489464644,138.0,1.93,2.1,0.17000000000000015,2.0531600831600834,0.0486901422452359,2.1,1.0,2.0,1.0,1.80977130977131,0.3080834712851344,2.0,0.0,4.0,4.0,2.9490644490644495,1.121993335091048,4.0,10.0,10.0,0.0,10.000000000000002,1.7763568394002505e-15,10.0,0.0,0.0,0.0,0.0,0.0,0.0,11.0,16.0,5.0,14.75883575883576,1.4300768063761822,16.0,0.0,1.0,1.0,0.19022869022869024,0.3080834712851345,0.0,0.0,3.0,3.0,1.9095634095634098,0.7265074926197587,2.0,0.0,0.0,0.0,0.0,0.0,0.0,0.0,0.0,0.0,0.0,0.0,0.0,1.0,3.0,2.0,2.0997920997921,0.5221580128025035,2.0,16.33,34.7633333333,18.4333333333,30.327751212733887,5.325547758690854,34.7633333333,0.0,0.464,0.464,0.24116424116424118,0.23163800294777429,0.464,0.0,0.0,0.0,0.0,0.0,0.0,152.0,225.0,73.0,169.94698544698545,20.945325703121966,152.0,1.80977130977131,2.9490644490644495,10.000000000000002,0.0,0.12262290463445556,0.199816875616284,0.6775602197492605,0.0,8.437570244035221,0.10159946393814033,0.0,1.0,0.0,0.19022869022869024,0.29002079002079006,0.5197505197505198,300.0,,
Chen_2012_J._Phys._D__Appl._Phys._45_115302.pdf,10.1088/0022-3727/45/11/115302,Ag0.366Sb0.558Te,0% GeTe,"(Ag0.366Sb0.558Te)1-x(GeTe)x, x=0",Ge,0%,unclear,,Ge (0%) @ unclear site,figure,Fig. 3a,Visually estimated from Fig. 3a,450.0,uV/K,False,47.0,52.0,5.0,50.75883575883576,1.430076806376183,52.0,65.0,90.0,25.0,83.79417879417879,7.1503840318809155,90.0,107.8682,127.6,19.731799999999993,122.15272411642411,5.66244894342607,127.6,722.66,1234.93,512.2700000000001,872.6370166320166,155.90126469024602,722.66,11.0,16.0,5.0,14.75883575883576,1.4300768063761822,16.0,5.0,5.0,0.0,5.000000000000001,8.881784197001252e-16,5.0,138.0,145.0,7.0,139.62162162162164,2.0462437489464644,138.0,1.93,2.1,0.17000000000000015,2.0531600831600834,0.0486901422452359,2.1,1.0,2.0,1.0,1.80977130977131,0.3080834712851344,2.0,0.0,4.0,4.0,2.9490644490644495,1.121993335091048,4.0,10.0,10.0,0.0,10.000000000000002,1.7763568394002505e-15,10.0,0.0,0.0,0.0,0.0,0.0,0.0,11.0,16.0,5.0,14.75883575883576,1.4300768063761822,16.0,0.0,1.0,1.0,0.19022869022869024,0.3080834712851345,0.0,0.0,3.0,3.0,1.9095634095634098,0.7265074926197587,2.0,0.0,0.0,0.0,0.0,0.0,0.0,0.0,0.0,0.0,0.0,0.0,0.0,1.0,3.0,2.0,2.0997920997921,0.5221580128025035,2.0,16.33,34.7633333333,18.4333333333,30.327751212733887,5.325547758690854,34.7633333333,0.0,0.464,0.464,0.24116424116424118,0.23163800294777429,0.464,0.0,0.0,0.0,0.0,0.0,0.0,152.0,225.0,73.0,169.94698544698545,20.945325703121966,152.0,1.80977130977131,2.9490644490644495,10.000000000000002,0.0,0.12262290463445556,0.199816875616284,0.6775602197492605,0.0,8.437570244035221,0.10159946393814033,0.0,1.0,0.0,0.19022869022869024,0.29002079002079006,0.5197505197505198,500.0,,
"Contrasting roles of small-radius metals (Cu, Zn, Ni) in enhancing the thermoelectric properties of AgSbTe2.pdf",10.1016/j.jallcom.2026.189224,AgSbTe2,AgSbTe2,AgSbTe2,,,,,,Table 1,,,242.0,uV/K,False,47.0,52.0,5.0,50.5,1.75,52.0,65.0,90.0,25.0,82.5,8.75,90.0,107.8682,127.6,19.731799999999993,121.20705,6.669425,127.6,722.66,1234.93,512.2700000000001,896.0074999999999,173.34750000000003,722.66,11.0,16.0,5.0,14.5,1.75,16.0,5.0,5.0,0.0,5.0,0.0,5.0,138.0,145.0,7.0,140.0,2.5,138.0,1.93,2.1,0.17000000000000015,2.045,0.05750000000000005,2.1,1.0,2.0,1.0,1.75,0.375,2.0,0.0,4.0,4.0,2.75,1.375,4.0,10.0,10.0,0.0,10.0,0.0,10.0,0.0,0.0,0.0,0.0,0.0,0.0,11.0,16.0,5.0,14.5,1.75,16.0,0.0,1.0,1.0,0.25,0.375,0.0,0.0,3.0,3.0,1.75,0.875,2.0,0.0,0.0,0.0,0.0,0.0,0.0,0.0,0.0,0.0,0.0,0.0,0.0,1.0,3.0,2.0,2.0,0.5,2.0,16.33,34.7633333333,18.4333333333,29.35416666665,6.512083333324999,34.7633333333,0.0,0.464,0.464,0.232,0.232,0.464,0.0,0.0,0.0,0.0,0.0,0.0,152.0,225.0,73.0,173.75,25.625,152.0,1.75,2.75,10.0,0.0,0.1206896551724138,0.1896551724137931,0.6896551724137931,0.0,8.644719482306641,0.11200000000000014,,0.0,0.0,0.25,0.25,0.5,300.0,,
"Contrasting roles of small-radius metals (Cu, Zn, Ni) in enhancing the thermoelectric properties of AgSbTe2.pdf",10.1016/j.jallcom.2026.189224,AgSbTe2,AgSb0.97Cu0.03Te2,AgSb0.97Cu0.03Te2,Cu,0.03,Sb,,Cu (0.03) @ Sb site,Table 1,,,254.0,uV/K,False,29.0,52.0,23.0,50.335,1.9875249999999995,52.0,64.0,90.0,26.0,82.3425,8.9463875,90.0,63.546,127.6,64.054,120.770445,7.309489175,127.6,722.66,1357.77,635.11,899.412425,176.75242500000002,722.66,11.0,16.0,5.0,14.469999999999999,1.7870500000000005,16.0,4.0,5.0,1.0,4.9925,0.014887500000000279,5.0,132.0,145.0,13.0,139.9475,2.5262499999999957,138.0,1.9,2.1,0.20000000000000018,2.043875,0.05909562500000007,2.1,1.0,2.0,1.0,1.7425,0.38238750000000005,2.0,0.0,4.0,4.0,2.7275,1.4046625,4.0,10.0,10.0,0.0,10.0,0.0,10.0,0.0,0.0,0.0,0.0,0.0,0.0,11.0,16.0,5.0,14.469999999999999,1.7870500000000005,16.0,0.0,1.0,1.0,0.2575,0.3823875,0.0,0.0,3.0,3.0,1.7275,0.8896625,2.0,0.0,0.0,0.0,0.0,0.0,0.0,0.0,0.0,0.0,0.0,0.0,0.0,1.0,3.0,2.0,1.9849999999999999,0.507275,2.0,11.07,34.7633333333,23.693333333299996,29.200491666649995,6.707203208324751,34.7633333333,0.0,0.464,0.464,0.232,0.232,0.464,0.0,0.0,0.0,0.0,0.0,0.0,152.0,225.0,73.0,174.1925,26.165862499999996,152.0,1.7425,2.7275,10.0,0.0,0.12042156185210781,0.18849343469246718,0.6910850034554251,0.0,8.924796662406377,0.1134725895289417,0.03,1.0,0.0,0.25,0.2425,0.5,300.0,1.0,0.030000000000000027
"Contrasting roles of small-radius metals (Cu, Zn, Ni) in enhancing the thermoelectric properties of AgSbTe2.pdf",10.1016/j.jallcom.2026.189224,AgSbTe2,AgSb0.98Zn0.02Te2,AgSb0.98Zn0.02Te2,Zn,0.02,Sb,,Zn (0.02) @ Sb site,Table 1,,,250.0,uV/K,False,30.0,52.0,22.0,50.394999999999996,1.9014500000000019,52.0,65.0,90.0,25.0,82.42,8.844199999999999,90.0,65.38,127.6,62.22,120.92515,7.083926499999997,127.6,692.68,1234.93,542.2500000000001,894.952,174.31472000000002,722.66,11.0,16.0,5.0,14.485,1.7673500000000002,16.0,4.0,5.0,1.0,4.995,0.009949999999999895,5.0,122.0,145.0,23.0,139.91500000000002,2.54250000000001,138.0,1.65,2.1,0.4500000000000002,2.043,0.06042999999999994,2.1,1.0,2.0,1.0,1.75,0.375,2.0,0.0,4.0,4.0,2.735,1.39485,4.0,10.0,10.0,0.0,10.0,0.0,10.0,0.0,0.0,0.0,0.0,0.0,0.0,11.0,16.0,5.0,14.485,1.7673500000000002,16.0,0.0,1.0,1.0,0.25,0.375,0.0,0.0,3.0,3.0,1.7349999999999999,0.88485,2.0,0.0,0.0,0.0,0.0,0.0,0.0,0.0,0.0,0.0,0.0,0.0,0.0,0.0,3.0,3.0,1.9849999999999999,0.5123500000000001,2.0,13.96,34.7633333333,20.803333333299996,29.266166666649998,6.6211449999914995,34.7633333333,0.0,0.464,0.464,0.232,0.23199999999999998,0.464,0.0,0.0,0.0,0.0,0.0,0.0,152.0,225.0,73.0,173.89,25.756099999999993,152.0,1.75,2.735,10.0,0.0,0.12081463583016915,0.18881601656886435,0.6903693476009666,0.0,8.848505117923192,0.1169495577336841,0.02,1.0,0.0,0.25,0.245,0.5,300.0,1.0,0.020000000000000018
"Contrasting roles of small-radius metals (Cu, Zn, Ni) in enhancing the thermoelectric properties of AgSbTe2.pdf",10.1016/j.jallcom.2026.189224,AgSbTe2,AgSb0.985Ni0.015Te2,AgSb0.985Ni0.015Te2,Ni,0.015,Sb,,Ni (0.015) @ Sb site,Table 1,,,227.99999999999997,uV/K,False,28.0,52.0,24.0,50.41375,1.8749781249999997,52.0,61.0,90.0,29.0,82.41,8.865575000000002,90.0,58.6934,127.6,68.9066,120.97055025,7.0182537518749974,127.6,722.66,1728.0,1005.34,899.0983249999999,176.43832500000002,722.66,10.0,16.0,6.0,14.48125,1.7742343750000005,16.0,4.0,5.0,1.0,4.99625,0.007471875000000141,5.0,124.0,145.0,21.0,139.94375,2.528124999999997,138.0,1.91,2.1,0.19000000000000017,2.0444750000000003,0.05824606249999989,2.1,1.0,2.0,1.0,1.75,0.375,2.0,0.0,4.0,4.0,2.73875,1.389915625,4.0,8.0,10.0,2.0,9.9925,0.014943750000000281,10.0,0.0,0.0,0.0,0.0,0.0,0.0,10.0,16.0,6.0,14.48125,1.7742343750000005,16.0,0.0,1.0,1.0,0.25,0.375,0.0,0.0,3.0,3.0,1.73875,0.8824156249999999,2.0,0.0,2.0,2.0,0.0075,0.014943749999999999,0.0,0.0,0.0,0.0,0.0,0.0,0.0,1.0,3.0,2.0,1.9962499999999999,0.4981250000000001,2.0,10.32,34.7633333333,24.443333333299996,29.274516666649998,6.614417208324875,34.7633333333,0.0,0.464,0.464,0.232,0.232,0.464,0.0,0.5953947,0.5953947,0.002232730125,0.0044487147740625,0.0,152.0,225.0,73.0,173.97125,25.897090624999997,152.0,1.75,2.73875,9.9925,0.0,0.12084592145015106,0.18912386706948642,0.6900302114803626,0.0,8.80660728558029,0.11262090522506008,0.015,1.0,0.0,0.25,0.24625,0.5,300.0,1.0,0.16000000000000003
Drymiotis_2011_J._Phys.__Condens._Matter_23_135305.pdf,10.1088/0953-8984/23/13/135305,Cu0.2Ag2.8SbSeTe2,slow-cooled Cu0.2Ag2.8SbSeTe2,Cu0.2Ag2.8SbSeTe2,,,,,,body text,,,229.99999999999997,uV/K,False,29.0,52.0,23.0,46.628571428571426,4.615510204081635,47.0,64.0,90.0,26.0,78.39999999999999,11.542857142857144,65.0,63.546,127.6,64.054,110.09430857142856,13.336306938775508,107.8682,494.0,1357.77,863.77,938.9225714285714,260.7400816326531,1234.93,11.0,16.0,5.0,13.714285714285714,2.326530612244898,11.0,4.0,5.0,1.0,4.828571428571428,0.2840816326530614,5.0,120.0,145.0,25.0,138.2,5.66857142857143,145.0,1.9,2.55,0.6499999999999999,2.083428571428571,0.14277551020408166,1.93,1.0,2.0,1.0,1.5714285714285714,0.4897959183673469,1.0,0.0,4.0,4.0,2.142857142857143,1.836734693877551,0.0,10.0,10.0,0.0,10.0,0.0,10.0,0.0,0.0,0.0,0.0,0.0,0.0,11.0,16.0,5.0,13.714285714285714,2.326530612244898,11.0,0.0,1.0,1.0,0.42857142857142855,0.4897959183673469,1.0,0.0,3.0,3.0,1.2857142857142858,1.1020408163265305,0.0,0.0,0.0,0.0,0.0,0.0,0.0,0.0,0.0,0.0,0.0,0.0,0.0,1.0,3.0,2.0,1.7142857142857142,0.6122448979591836,1.0,11.07,34.7633333333,23.693333333299996,24.99209523808571,7.725224489787755,16.33,0.0,0.799,0.799,0.24671428571428572,0.2819591836734694,0.0,0.0,0.0,0.0,0.0,0.0,0.0,14.0,225.0,211.0,165.57142857142858,51.06122448979591,225.0,1.5714285714285714,2.142857142857143,10.0,0.0,0.11458333333333334,0.15625,0.7291666666666667,0.0,11.490622848726412,0.27225512528473805,,0.0,0.0,0.39999999999999997,0.14285714285714285,0.2857142857142857,700.0,,
Du_2018_Chinese_Phys._B_27_048102.pdf,10.1088/1674-1056/27/4/048102,AgSbTe2-family,(GeTe)80(AgSbSe2)20,(GeTe)80(AgSbSe2)20,AgSbSe2,20 mol%,unclear,,AgSbSe2 (20 mol%) @ unclear site,figure,Fig. 5d,Visually estimated from Fig. 5d,150.0,uV/K,False,32.0,52.0,20.0,41.833333333333336,9.166666666666666,32.0,65.0,90.0,25.0,83.66666666666667,6.2222222222222205,79.0,72.64,127.6,54.959999999999994,99.04235000000001,24.295683333333333,72.64,494.0,1234.93,740.9300000000001,905.2458333333333,259.0501388888889,722.66,11.0,16.0,5.0,14.833333333333334,1.1944444444444442,14.0,4.0,5.0,1.0,4.5,0.5,4.0,120.0,145.0,25.0,129.66666666666666,9.666666666666666,120.0,1.93,2.55,0.6199999999999999,2.1266666666666665,0.14111111111111102,2.01,1.0,2.0,1.0,1.9166666666666667,0.1527777777777777,2.0,0.0,4.0,4.0,2.9166666666666665,1.097222222222222,2.0,10.0,10.0,0.0,10.0,0.0,10.0,0.0,0.0,0.0,0.0,0.0,0.0,11.0,16.0,5.0,14.833333333333334,1.1944444444444442,14.0,0.0,1.0,1.0,0.08333333333333333,0.15277777777777776,0.0,0.0,4.0,4.0,2.5833333333333335,1.013888888888889,2.0,0.0,0.0,0.0,0.0,0.0,0.0,0.0,0.0,0.0,0.0,0.0,0.0,1.0,4.0,3.0,2.6666666666666665,0.9444444444444443,2.0,16.33,34.7633333333,18.4333333333,27.566944444433332,5.463101851838887,23.005,0.0,0.799,0.799,0.4155,0.16016666666666665,0.383,0.0,0.0,0.0,0.0,0.0,0.0,14.0,225.0,211.0,160.58333333333334,54.583333333333336,152.0,1.9166666666666667,2.9166666666666665,10.0,0.0,0.12921348314606743,0.19662921348314605,0.6741573033707865,0.0,12.015943966575303,0.24679245283018875,0.2,1.0,0.0,0.08333333333333333,0.08333333333333333,0.3333333333333333,700.0,,
Effect of Ce Substitution for Sb on the Thermoelectric Properties of AgSbTe2 Compound.pdf,10.1007/s11664-014-3076-7,AgSbTe2,AgSbTe2,AgSbTe2,,,,,,figure,Fig. 4b,Visually estimated from Fig. 4b,260.0,uV/K,False,47.0,52.0,5.0,50.5,1.75,52.0,65.0,90.0,25.0,82.5,8.75,90.0,107.8682,127.6,19.731799999999993,121.20705,6.669425,127.6,722.66,1234.93,512.2700000000001,896.0074999999999,173.34750000000003,722.66,11.0,16.0,5.0,14.5,1.75,16.0,5.0,5.0,0.0,5.0,0.0,5.0,138.0,145.0,7.0,140.0,2.5,138.0,1.93,2.1,0.17000000000000015,2.045,0.05750000000000005,2.1,1.0,2.0,1.0,1.75,0.375,2.0,0.0,4.0,4.0,2.75,1.375,4.0,10.0,10.0,0.0,10.0,0.0,10.0,0.0,0.0,0.0,0.0,0.0,0.0,11.0,16.0,5.0,14.5,1.75,16.0,0.0,1.0,1.0,0.25,0.375,0.0,0.0,3.0,3.0,1.75,0.875,2.0,0.0,0.0,0.0,0.0,0.0,0.0,0.0,0.0,0.0,0.0,0.0,0.0,1.0,3.0,2.0,2.0,0.5,2.0,16.33,34.7633333333,18.4333333333,29.35416666665,6.512083333324999,34.7633333333,0.0,0.464,0.464,0.232,0.232,0.464,0.0,0.0,0.0,0.0,0.0,0.0,152.0,225.0,73.0,173.75,25.625,152.0,1.75,2.75,10.0,0.0,0.1206896551724138,0.1896551724137931,0.6896551724137931,0.0,8.644719482306641,0.11200000000000014,,0.0,0.0,0.25,0.25,0.5,300.0,,
Effect of Ce Substitution for Sb on the Thermoelectric Properties of AgSbTe2 Compound.pdf,10.1007/s11664-014-3076-7,AgSbTe2,AgSbTe2,AgSbTe2,,,,,,figure,Fig. 4b,Visually estimated from Fig. 4b,300.0,uV/K,False,47.0,52.0,5.0,50.5,1.75,52.0,65.0,90.0,25.0,82.5,8.75,90.0,107.8682,127.6,19.731799999999993,121.20705,6.669425,127.6,722.66,1234.93,512.2700000000001,896.0074999999999,173.34750000000003,722.66,11.0,16.0,5.0,14.5,1.75,16.0,5.0,5.0,0.0,5.0,0.0,5.0,138.0,145.0,7.0,140.0,2.5,138.0,1.93,2.1,0.17000000000000015,2.045,0.05750000000000005,2.1,1.0,2.0,1.0,1.75,0.375,2.0,0.0,4.0,4.0,2.75,1.375,4.0,10.0,10.0,0.0,10.0,0.0,10.0,0.0,0.0,0.0,0.0,0.0,0.0,11.0,16.0,5.0,14.5,1.75,16.0,0.0,1.0,1.0,0.25,0.375,0.0,0.0,3.0,3.0,1.75,0.875,2.0,0.0,0.0,0.0,0.0,0.0,0.0,0.0,0.0,0.0,0.0,0.0,0.0,1.0,3.0,2.0,2.0,0.5,2.0,16.33,34.7633333333,18.4333333333,29.35416666665,6.512083333324999,34.7633333333,0.0,0.464,0.464,0.232,0.232,0.464,0.0,0.0,0.0,0.0,0.0,0.0,152.0,225.0,73.0,173.75,25.625,152.0,1.75,2.75,10.0,0.0,0.1206896551724138,0.1896551724137931,0.6896551724137931,0.0,8.644719482306641,0.11200000000000014,,0.0,0.0,0.25,0.25,0.5,500.0,,
Effect of Ce Substitution for Sb on the Thermoelectric Properties of AgSbTe2 Compound.pdf,10.1007/s11664-014-3076-7,AgSbTe2,AgCe0.005Sb0.995Te2.01,AgCe0.005Sb0.995Te2.01,Ce,x = 0.005,Sb,,Ce (x = 0.005) @ Sb site,figure,Fig. 4b,Visually estimated from Fig. 4b,229.99999999999997,uV/K,False,47.0,58.0,11.0,50.51246882793017,1.751854777022533,52.0,15.0,90.0,75.0,82.43142144638404,8.862133941953099,90.0,107.8682,140.116,32.24780000000001,121.24588029925187,6.6721597502503105,127.6,722.66,1234.93,512.2700000000001,895.7837157107232,173.55544567508912,722.66,3.0,16.0,13.0,14.488778054862843,1.768689249444966,16.0,5.0,6.0,1.0,5.001246882793017,0.002490656152635845,5.0,138.0,204.0,66.0,140.0760598503741,2.6152418206354584,138.0,1.12,2.1,0.98,2.0439775561097253,0.05915084483305472,2.1,1.0,2.0,1.0,1.7506234413965087,0.37437578124514154,2.0,0.0,4.0,4.0,2.7493765586034913,1.3781164296241941,4.0,1.0,10.0,9.0,9.988778054862841,0.022415905373724378,10.0,0.0,1.0,1.0,0.0012468827930174565,0.002490656152635867,0.0,4.0,16.0,12.0,14.49002493765586,1.7668204799721394,16.0,0.0,1.0,1.0,0.24937655860349128,0.37437578124514154,0.0,0.0,3.0,3.0,1.7468827930174562,0.87561955460476,2.0,0.0,9.0,9.0,0.011221945137157107,0.0224159053737228,0.0,0.0,13.0,13.0,0.016209476309226933,0.032378529984266276,0.0,1.0,22.0,21.0,2.0236907730673312,0.5343188164252709,2.0,16.33,37.24,20.910000000000004,29.374738154596756,6.506103817753994,34.7633333333,0.0,0.464,0.464,0.23257855361596008,0.23199855722290283,0.464,0.0,0.0,0.0,0.0,0.0,0.0,152.0,225.0,73.0,173.73067331670822,25.621283449729788,152.0,1.7506234413965087,2.7493765586034913,9.988778054862841,0.0012468827930174565,0.1208157645641511,0.18974270716805783,0.689355477153429,8.6051114361931e-05,8.702777366034429,0.11534848432081764,0.005,1.0,0.0,0.24937655860349128,0.24812967581047382,0.5012468827930174,300.0,0.0,0.2499999999999999
Effect of Ce Substitution for Sb on the Thermoelectric Properties of AgSbTe2 Compound.pdf,10.1007/s11664-014-3076-7,AgSbTe2,AgCe0.005Sb0.995Te2.01,AgCe0.005Sb0.995Te2.01,Ce,x = 0.005,Sb,,Ce (x = 0.005) @ Sb site,figure,Fig. 4b,Visually estimated from Fig. 4b,250.0,uV/K,False,47.0,58.0,11.0,50.51246882793017,1.751854777022533,52.0,15.0,90.0,75.0,82.43142144638404,8.862133941953099,90.0,107.8682,140.116,32.24780000000001,121.24588029925187,6.6721597502503105,127.6,722.66,1234.93,512.2700000000001,895.7837157107232,173.55544567508912,722.66,3.0,16.0,13.0,14.488778054862843,1.768689249444966,16.0,5.0,6.0,1.0,5.001246882793017,0.002490656152635845,5.0,138.0,204.0,66.0,140.0760598503741,2.6152418206354584,138.0,1.12,2.1,0.98,2.0439775561097253,0.05915084483305472,2.1,1.0,2.0,1.0,1.7506234413965087,0.37437578124514154,2.0,0.0,4.0,4.0,2.7493765586034913,1.3781164296241941,4.0,1.0,10.0,9.0,9.988778054862841,0.022415905373724378,10.0,0.0,1.0,1.0,0.0012468827930174565,0.002490656152635867,0.0,4.0,16.0,12.0,14.49002493765586,1.7668204799721394,16.0,0.0,1.0,1.0,0.24937655860349128,0.37437578124514154,0.0,0.0,3.0,3.0,1.7468827930174562,0.87561955460476,2.0,0.0,9.0,9.0,0.011221945137157107,0.0224159053737228,0.0,0.0,13.0,13.0,0.016209476309226933,0.032378529984266276,0.0,1.0,22.0,21.0,2.0236907730673312,0.5343188164252709,2.0,16.33,37.24,20.910000000000004,29.374738154596756,6.506103817753994,34.7633333333,0.0,0.464,0.464,0.23257855361596008,0.23199855722290283,0.464,0.0,0.0,0.0,0.0,0.0,0.0,152.0,225.0,73.0,173.73067331670822,25.621283449729788,152.0,1.7506234413965087,2.7493765586034913,9.988778054862841,0.0012468827930174565,0.1208157645641511,0.18974270716805783,0.689355477153429,8.6051114361931e-05,8.702777366034429,0.11534848432081764,0.005,1.0,0.0,0.24937655860349128,0.24812967581047382,0.5012468827930174,500.0,0.0,0.2499999999999999
Effect of Ce Substitution for Sb on the Thermoelectric Properties of AgSbTe2 Compound.pdf,10.1007/s11664-014-3076-7,AgSbTe2,AgCe0.01Sb0.99Te2.01,AgCe0.01Sb0.99Te2.01,Ce,x = 0.01,Sb,,Ce (x = 0.01) @ Sb site,figure,Fig. 4b,Visually estimated from Fig. 4b,235.0,uV/K,False,47.0,58.0,11.0,50.52119700748129,1.7562079837811984,52.0,15.0,90.0,75.0,82.34413965087282,8.986324711910996,90.0,107.8682,140.116,32.24780000000001,121.2687680798005,6.6835751021448875,127.6,722.66,1234.93,512.2700000000001,895.9922194513715,173.76446937519046,722.66,3.0,16.0,13.0,14.473815461346632,1.7898023022244893,16.0,5.0,6.0,1.0,5.002493765586035,0.004975093438473598,5.0,138.0,204.0,66.0,140.1571072319202,2.733826282174866,138.0,1.12,2.1,0.98,2.04281795511222,0.06087089010640462,2.1,1.0,2.0,1.0,1.7506234413965087,0.37437578124514154,2.0,0.0,4.0,4.0,2.7456359102244385,1.3830884136292687,4.0,1.0,10.0,9.0,9.977556109725686,0.04477584094626237,10.0,0.0,1.0,1.0,0.002493765586034913,0.004975093438473643,0.0,4.0,16.0,12.0,14.476309226932669,1.7860709821456333,16.0,0.0,1.0,1.0,0.24937655860349128,0.37437578124514154,0.0,0.0,3.0,3.0,1.743142144638404,0.8780915541570016,2.0,0.0,9.0,9.0,0.022443890274314215,0.044775840946262774,0.0,0.0,13.0,13.0,0.032418952618453865,0.06467621470015734,0.0,1.0,22.0,21.0,2.0473815461346634,0.5698845156435596,2.0,16.33,37.24,20.910000000000004,29.381820448861095,6.50963613409531,34.7633333333,0.0,0.464,0.464,0.23257855361596008,0.23199855722290283,0.464,0.0,0.0,0.0,0.0,0.0,0.0,152.0,225.0,73.0,173.76558603491273,25.654243443759686,152.0,1.7506234413965087,2.7456359102244385,9.977556109725686,0.002493765586034913,0.12093023255813953,0.18966408268733848,0.6892334194659776,0.00017226528854435833,8.75362303857227,0.11869023241018721,0.01,1.0,0.0,0.24937655860349128,0.24688279301745636,0.5012468827930174,300.0,0.0,0.2499999999999999
Effect of Ce Substitution for Sb on the Thermoelectric Properties of AgSbTe2 Compound.pdf,10.1007/s11664-014-3076-7,AgSbTe2,AgCe0.01Sb0.99Te2.01,AgCe0.01Sb0.99Te2.01,Ce,x = 0.01,Sb,,Ce (x = 0.01) @ Sb site,figure,Fig. 4b,Visually estimated from Fig. 4b,254.99999999999997,uV/K,False,47.0,58.0,11.0,50.52119700748129,1.7562079837811984,52.0,15.0,90.0,75.0,82.34413965087282,8.986324711910996,90.0,107.8682,140.116,32.24780000000001,121.2687680798005,6.6835751021448875,127.6,722.66,1234.93,512.2700000000001,895.9922194513715,173.76446937519046,722.66,3.0,16.0,13.0,14.473815461346632,1.7898023022244893,16.0,5.0,6.0,1.0,5.002493765586035,0.004975093438473598,5.0,138.0,204.0,66.0,140.1571072319202,2.733826282174866,138.0,1.12,2.1,0.98,2.04281795511222,0.06087089010640462,2.1,1.0,2.0,1.0,1.7506234413965087,0.37437578124514154,2.0,0.0,4.0,4.0,2.7456359102244385,1.3830884136292687,4.0,1.0,10.0,9.0,9.977556109725686,0.04477584094626237,10.0,0.0,1.0,1.0,0.002493765586034913,0.004975093438473643,0.0,4.0,16.0,12.0,14.476309226932669,1.7860709821456333,16.0,0.0,1.0,1.0,0.24937655860349128,0.37437578124514154,0.0,0.0,3.0,3.0,1.743142144638404,0.8780915541570016,2.0,0.0,9.0,9.0,0.022443890274314215,0.044775840946262774,0.0,0.0,13.0,13.0,0.032418952618453865,0.06467621470015734,0.0,1.0,22.0,21.0,2.0473815461346634,0.5698845156435596,2.0,16.33,37.24,20.910000000000004,29.381820448861095,6.50963613409531,34.7633333333,0.0,0.464,0.464,0.23257855361596008,0.23199855722290283,0.464,0.0,0.0,0.0,0.0,0.0,0.0,152.0,225.0,73.0,173.76558603491273,25.654243443759686,152.0,1.7506234413965087,2.7456359102244385,9.977556109725686,0.002493765586034913,0.12093023255813953,0.18966408268733848,0.6892334194659776,0.00017226528854435833,8.75362303857227,0.11869023241018721,0.01,1.0,0.0,0.24937655860349128,0.24688279301745636,0.5012468827930174,500.0,0.0,0.2499999999999999
Effect of Ce Substitution for Sb on the Thermoelectric Properties of AgSbTe2 Compound.pdf,10.1007/s11664-014-3076-7,AgSbTe2,AgCe0.03Sb0.97Te2.01,AgCe0.03Sb0.97Te2.01,Ce,x = 0.03,Sb,,Ce (x = 0.03) @ Sb site,figure,Fig. 4b,Visually estimated from Fig. 4b,225.0,uV/K,False,47.0,58.0,11.0,50.556109725685786,1.7736208108158527,52.0,15.0,90.0,75.0,81.99501246882792,9.478734584983927,90.0,107.8682,140.116,32.24780000000001,121.360319201995,6.729236509723204,127.6,722.66,1234.93,512.2700000000001,896.826234413965,174.60056417559596,722.66,3.0,16.0,13.0,14.413965087281795,1.8735082493268076,16.0,5.0,6.0,1.0,5.007481296758105,0.014850653913843688,5.0,138.0,204.0,66.0,140.48129675810472,3.204121864913766,138.0,1.12,2.1,0.98,2.0381795511221945,0.06769323573858374,2.1,1.0,2.0,1.0,1.7506234413965087,0.37437578124514154,2.0,0.0,4.0,4.0,2.7306733167082293,1.4027897836456242,4.0,1.0,10.0,9.0,9.932668329177057,0.13365588522459496,10.0,0.0,1.0,1.0,0.007481296758104738,0.014850653913843822,0.0,4.0,16.0,12.0,14.4214463840399,1.8623889154918192,16.0,0.0,1.0,1.0,0.24937655860349128,0.37437578124514154,0.0,0.0,3.0,3.0,1.7281795511221945,0.8877929863620252,2.0,0.0,9.0,9.0,0.06733167082294265,0.13365588522459437,0.0,0.0,13.0,13.0,0.0972568578553616,0.19305850087996967,0.0,1.0,22.0,21.0,2.14214463840399,0.7121473125167133,2.0,16.33,37.24,20.910000000000004,29.410149625918454,6.523765399460575,34.7633333333,0.0,0.464,0.464,0.23257855361596008,0.23199855722290283,0.464,0.0,0.0,0.0,0.0,0.0,0.0,152.0,225.0,73.0,173.90523690773065,25.784342137175756,152.0,1.7506234413965087,2.7306733167082293,9.932668329177057,0.007481296758104738,0.12139028186062598,0.1893480892270448,0.688742867024036,0.0005187618882932734,8.916886394296688,0.13191301420055074,0.03,1.0,0.0,0.24937655860349128,0.24189526184538654,0.5012468827930174,300.0,0.0,0.2499999999999999
Effect of Ce Substitution for Sb on the Thermoelectric Properties of AgSbTe2 Compound.pdf,10.1007/s11664-014-3076-7,AgSbTe2,AgCe0.03Sb0.97Te2.01,AgCe0.03Sb0.97Te2.01,Ce,x = 0.03,Sb,,Ce (x = 0.03) @ Sb site,figure,Fig. 4b,Visually estimated from Fig. 4b,245.0,uV/K,False,47.0,58.0,11.0,50.556109725685786,1.7736208108158527,52.0,15.0,90.0,75.0,81.99501246882792,9.478734584983927,90.0,107.8682,140.116,32.24780000000001,121.360319201995,6.729236509723204,127.6,722.66,1234.93,512.2700000000001,896.826234413965,174.60056417559596,722.66,3.0,16.0,13.0,14.413965087281795,1.8735082493268076,16.0,5.0,6.0,1.0,5.007481296758105,0.014850653913843688,5.0,138.0,204.0,66.0,140.48129675810472,3.204121864913766,138.0,1.12,2.1,0.98,2.0381795511221945,0.06769323573858374,2.1,1.0,2.0,1.0,1.7506234413965087,0.37437578124514154,2.0,0.0,4.0,4.0,2.7306733167082293,1.4027897836456242,4.0,1.0,10.0,9.0,9.932668329177057,0.13365588522459496,10.0,0.0,1.0,1.0,0.007481296758104738,0.014850653913843822,0.0,4.0,16.0,12.0,14.4214463840399,1.8623889154918192,16.0,0.0,1.0,1.0,0.24937655860349128,0.37437578124514154,0.0,0.0,3.0,3.0,1.7281795511221945,0.8877929863620252,2.0,0.0,9.0,9.0,0.06733167082294265,0.13365588522459437,0.0,0.0,13.0,13.0,0.0972568578553616,0.19305850087996967,0.0,1.0,22.0,21.0,2.14214463840399,0.7121473125167133,2.0,16.33,37.24,20.910000000000004,29.410149625918454,6.523765399460575,34.7633333333,0.0,0.464,0.464,0.23257855361596008,0.23199855722290283,0.464,0.0,0.0,0.0,0.0,0.0,0.0,152.0,225.0,73.0,173.90523690773065,25.784342137175756,152.0,1.7506234413965087,2.7306733167082293,9.932668329177057,0.007481296758104738,0.12139028186062598,0.1893480892270448,0.688742867024036,0.0005187618882932734,8.916886394296688,0.13191301420055074,0.03,1.0,0.0,0.24937655860349128,0.24189526184538654,0.5012468827930174,500.0,0.0,0.2499999999999999
Effect of La-doping on AgSbTe2 thermoelectric compounds.pdf,10.3938/jkps.68.164,AgSbTe2,x=0,AgSbTe2,,,,,,Table 1,,,85.72,uV/K,False,47.0,52.0,5.0,50.5,1.75,52.0,65.0,90.0,25.0,82.5,8.75,90.0,107.8682,127.6,19.731799999999993,121.20705,6.669425,127.6,722.66,1234.93,512.2700000000001,896.0074999999999,173.34750000000003,722.66,11.0,16.0,5.0,14.5,1.75,16.0,5.0,5.0,0.0,5.0,0.0,5.0,138.0,145.0,7.0,140.0,2.5,138.0,1.93,2.1,0.17000000000000015,2.045,0.05750000000000005,2.1,1.0,2.0,1.0,1.75,0.375,2.0,0.0,4.0,4.0,2.75,1.375,4.0,10.0,10.0,0.0,10.0,0.0,10.0,0.0,0.0,0.0,0.0,0.0,0.0,11.0,16.0,5.0,14.5,1.75,16.0,0.0,1.0,1.0,0.25,0.375,0.0,0.0,3.0,3.0,1.75,0.875,2.0,0.0,0.0,0.0,0.0,0.0,0.0,0.0,0.0,0.0,0.0,0.0,0.0,1.0,3.0,2.0,2.0,0.5,2.0,16.33,34.7633333333,18.4333333333,29.35416666665,6.512083333324999,34.7633333333,0.0,0.464,0.464,0.232,0.232,0.464,0.0,0.0,0.0,0.0,0.0,0.0,152.0,225.0,73.0,173.75,25.625,152.0,1.75,2.75,10.0,0.0,0.1206896551724138,0.1896551724137931,0.6896551724137931,0.0,8.644719482306641,0.11200000000000014,,0.0,0.0,0.25,0.25,0.5,300.0,,
Effect of La-doping on AgSbTe2 thermoelectric compounds.pdf,10.3938/jkps.68.164,AgSbTe2,x=0.01,Ag(Sb0.99La0.01)Te2,La,0.01,Sb,,La (0.01) @ Sb site,Table 1,,,227.57,uV/K,False,47.0,57.0,10.0,50.515,1.7574999999999996,52.0,13.0,90.0,77.0,82.32,9.006600000000002,90.0,107.8682,138.90547,31.037270000000007,121.24991367499999,6.690856837500004,127.6,722.66,1234.93,512.2700000000001,896.73055,174.07055000000003,722.66,3.0,16.0,13.0,14.47,1.7923499999999997,16.0,5.0,6.0,1.0,5.0024999999999995,0.0049874999999995045,5.0,138.0,207.0,69.0,140.17000000000002,2.7491500000000078,138.0,1.1,2.1,1.0,2.042625,0.06102562499999995,2.1,1.0,2.0,1.0,1.75,0.375,2.0,0.0,4.0,4.0,2.7424999999999997,1.3849625,4.0,1.0,10.0,9.0,9.9775,0.04488750000000085,10.0,0.0,0.0,0.0,0.0,0.0,0.0,3.0,16.0,13.0,14.47,1.7923499999999997,16.0,0.0,1.0,1.0,0.25,0.375,0.0,0.0,3.0,3.0,1.7425,0.8799625,2.0,0.0,9.0,9.0,0.0225,0.0448875,0.0,0.0,0.0,0.0,0.0,0.0,0.0,1.0,9.0,8.0,2.0149999999999997,0.5224999999999999,2.0,16.33,36.8975,20.567500000000003,29.36751041665,6.518755208324999,34.7633333333,0.0,0.464,0.464,0.232,0.232,0.464,0.0,0.0,0.0,0.0,0.0,0.0,152.0,225.0,73.0,173.82,25.690899999999996,152.0,1.75,2.7424999999999997,9.9775,0.0,0.12093987560469938,0.18953006219765028,0.6895300621976502,0.0,8.761125148292647,0.1188656460208788,0.01,1.0,0.0,0.25,0.2475,0.5,300.0,0.0,0.2719999999999999
Effect of La-doping on AgSbTe2 thermoelectric compounds.pdf,10.3938/jkps.68.164,AgSbTe2,x=0.02,Ag(Sb0.98La0.02)Te2,La,0.02,Sb,,La (0.02) @ Sb site,Table 1,,,278.77,uV/K,False,47.0,57.0,10.0,50.53,1.7649999999999995,52.0,13.0,90.0,77.0,82.14,9.261399999999998,90.0,107.8682,138.90547,31.037270000000007,121.29277735,6.712288675000001,127.6,722.66,1234.93,512.2700000000001,897.4536,174.79360000000003,722.66,3.0,16.0,13.0,14.44,1.8344000000000003,16.0,5.0,6.0,1.0,5.005,0.009949999999999895,5.0,138.0,207.0,69.0,140.34,2.9966000000000017,138.0,1.1,2.1,1.0,2.04025,0.06452750000000007,2.1,1.0,2.0,1.0,1.75,0.375,2.0,0.0,4.0,4.0,2.735,1.39485,4.0,1.0,10.0,9.0,9.955,0.08954999999999994,10.0,0.0,0.0,0.0,0.0,0.0,0.0,3.0,16.0,13.0,14.44,1.8344000000000003,16.0,0.0,1.0,1.0,0.25,0.375,0.0,0.0,3.0,3.0,1.7349999999999999,0.88485,2.0,0.0,9.0,9.0,0.045,0.08954999999999999,0.0,0.0,0.0,0.0,0.0,0.0,0.0,1.0,9.0,8.0,2.0300000000000002,0.5450000000000002,2.0,16.33,36.8975,20.567500000000003,29.380854166649996,6.525427083325001,34.7633333333,0.0,0.464,0.464,0.232,0.23199999999999998,0.464,0.0,0.0,0.0,0.0,0.0,0.0,152.0,225.0,73.0,173.89,25.756099999999993,152.0,1.75,2.735,9.955,0.0,0.12119113573407203,0.18940443213296398,0.689404432132964,0.0,8.848505117923192,0.125671368236513,0.02,1.0,0.0,0.25,0.245,0.5,300.0,0.0,0.2719999999999999
Effect of La-doping on AgSbTe2 thermoelectric compounds.pdf,10.3938/jkps.68.164,AgSbTe2,x=0.02,Ag(Sb0.98La0.02)Te2,La,0.02,Sb,,La (0.02) @ Sb site,body text,,Maximum Seebeck coefficient,358.0,uV/K,False,47.0,57.0,10.0,50.53,1.7649999999999995,52.0,13.0,90.0,77.0,82.14,9.261399999999998,90.0,107.8682,138.90547,31.037270000000007,121.29277735,6.712288675000001,127.6,722.66,1234.93,512.2700000000001,897.4536,174.79360000000003,722.66,3.0,16.0,13.0,14.44,1.8344000000000003,16.0,5.0,6.0,1.0,5.005,0.009949999999999895,5.0,138.0,207.0,69.0,140.34,2.9966000000000017,138.0,1.1,2.1,1.0,2.04025,0.06452750000000007,2.1,1.0,2.0,1.0,1.75,0.375,2.0,0.0,4.0,4.0,2.735,1.39485,4.0,1.0,10.0,9.0,9.955,0.08954999999999994,10.0,0.0,0.0,0.0,0.0,0.0,0.0,3.0,16.0,13.0,14.44,1.8344000000000003,16.0,0.0,1.0,1.0,0.25,0.375,0.0,0.0,3.0,3.0,1.7349999999999999,0.88485,2.0,0.0,9.0,9.0,0.045,0.08954999999999999,0.0,0.0,0.0,0.0,0.0,0.0,0.0,1.0,9.0,8.0,2.0300000000000002,0.5450000000000002,2.0,16.33,36.8975,20.567500000000003,29.380854166649996,6.525427083325001,34.7633333333,0.0,0.464,0.464,0.232,0.23199999999999998,0.464,0.0,0.0,0.0,0.0,0.0,0.0,152.0,225.0,73.0,173.89,25.756099999999993,152.0,1.75,2.735,9.955,0.0,0.12119113573407203,0.18940443213296398,0.689404432132964,0.0,8.848505117923192,0.125671368236513,0.02,1.0,0.0,0.25,0.245,0.5,300.0,0.0,0.2719999999999999
Effect of La-doping on AgSbTe2 thermoelectric compounds.pdf,10.3938/jkps.68.164,AgSbTe2,x=0.03,Ag(Sb0.97La0.03)Te2,La,0.03,Sb,,La (0.03) @ Sb site,Table 1,,,214.9,uV/K,False,47.0,57.0,10.0,50.545,1.772499999999999,52.0,13.0,90.0,77.0,81.96,9.514400000000002,90.0,107.8682,138.90547,31.037270000000007,121.335641025,6.733720512499998,127.6,722.66,1234.93,512.2700000000001,898.1766499999999,175.51665000000003,722.66,3.0,16.0,13.0,14.41,1.87615,16.0,5.0,6.0,1.0,5.0075,0.014887500000000279,5.0,138.0,207.0,69.0,140.51,3.2423499999999956,138.0,1.1,2.1,1.0,2.037875,0.06800562499999996,2.1,1.0,2.0,1.0,1.75,0.375,2.0,0.0,4.0,4.0,2.7275,1.4046625,4.0,1.0,10.0,9.0,9.932500000000001,0.133987499999999,10.0,0.0,0.0,0.0,0.0,0.0,0.0,3.0,16.0,13.0,14.41,1.87615,16.0,0.0,1.0,1.0,0.25,0.375,0.0,0.0,3.0,3.0,1.7275,0.8896625,2.0,0.0,9.0,9.0,0.0675,0.13398749999999998,0.0,0.0,0.0,0.0,0.0,0.0,0.0,1.0,9.0,8.0,2.045,0.5674999999999999,2.0,16.33,36.8975,20.567500000000003,29.394197916649997,6.532098958325,34.7633333333,0.0,0.464,0.464,0.232,0.232,0.464,0.0,0.0,0.0,0.0,0.0,0.0,152.0,225.0,73.0,173.95999999999998,25.820599999999992,152.0,1.75,2.7275,9.932500000000001,0.0,0.12144344205412907,0.18927827897293545,0.6892782789729355,0.0,8.924796662406377,0.1324183253464836,0.03,1.0,0.0,0.25,0.2425,0.5,300.0,0.0,0.2719999999999999
Effect of La-doping on AgSbTe2 thermoelectric compounds.pdf,10.3938/jkps.68.164,AgSbTe2,x=0.05,Ag(Sb0.95La0.05)Te2,La,0.05,Sb,,La (0.05) @ Sb site,Table 1,,,240.91,uV/K,False,47.0,57.0,10.0,50.574999999999996,1.787500000000002,52.0,13.0,90.0,77.0,81.6,10.015000000000002,90.0,107.8682,138.90547,31.037270000000007,121.421368375,6.7765841874999975,127.6,722.66,1234.93,512.2700000000001,899.62275,176.96275000000003,722.66,3.0,16.0,13.0,14.35,1.9587500000000002,16.0,5.0,6.0,1.0,5.0125,0.024687500000000175,5.0,138.0,207.0,69.0,140.85,3.7287499999999976,138.0,1.1,2.1,1.0,2.033125,0.07489062499999999,2.1,1.0,2.0,1.0,1.75,0.375,2.0,0.0,4.0,4.0,2.7125,1.4240625,4.0,1.0,10.0,9.0,9.8875,0.2221875000000007,10.0,0.0,0.0,0.0,0.0,0.0,0.0,3.0,16.0,13.0,14.35,1.9587500000000002,16.0,0.0,1.0,1.0,0.25,0.375,0.0,0.0,3.0,3.0,1.7125,0.8990625,2.0,0.0,9.0,9.0,0.1125,0.22218749999999998,0.0,0.0,0.0,0.0,0.0,0.0,0.0,1.0,9.0,8.0,2.075,0.6125,2.0,16.33,36.8975,20.567500000000003,29.42088541665,6.545442708324999,34.7633333333,0.0,0.464,0.464,0.232,0.232,0.464,0.0,0.0,0.0,0.0,0.0,0.0,152.0,225.0,73.0,174.1,25.947499999999998,152.0,1.75,2.7125,9.8875,0.0,0.12195121951219512,0.18902439024390244,0.6890243902439024,0.0,9.05735637478225,0.14574046557701847,0.05,1.0,0.0,0.25,0.2375,0.5,300.0,0.0,0.2719999999999999
Effects_of_nano-domains_on_thermoelectric_properties_in_telluride_system.pdf,10.1109/NMDC.2011.6155313,AgSbTe2,AgSbTe2,AgSbTe2,,,,,,table,Table I,,252.99999999999997,uV/K,False,47.0,52.0,5.0,50.5,1.75,52.0,65.0,90.0,25.0,82.5,8.75,90.0,107.8682,127.6,19.731799999999993,121.20705,6.669425,127.6,722.66,1234.93,512.2700000000001,896.0074999999999,173.34750000000003,722.66,11.0,16.0,5.0,14.5,1.75,16.0,5.0,5.0,0.0,5.0,0.0,5.0,138.0,145.0,7.0,140.0,2.5,138.0,1.93,2.1,0.17000000000000015,2.045,0.05750000000000005,2.1,1.0,2.0,1.0,1.75,0.375,2.0,0.0,4.0,4.0,2.75,1.375,4.0,10.0,10.0,0.0,10.0,0.0,10.0,0.0,0.0,0.0,0.0,0.0,0.0,11.0,16.0,5.0,14.5,1.75,16.0,0.0,1.0,1.0,0.25,0.375,0.0,0.0,3.0,3.0,1.75,0.875,2.0,0.0,0.0,0.0,0.0,0.0,0.0,0.0,0.0,0.0,0.0,0.0,0.0,1.0,3.0,2.0,2.0,0.5,2.0,16.33,34.7633333333,18.4333333333,29.35416666665,6.512083333324999,34.7633333333,0.0,0.464,0.464,0.232,0.232,0.464,0.0,0.0,0.0,0.0,0.0,0.0,152.0,225.0,73.0,173.75,25.625,152.0,1.75,2.75,10.0,0.0,0.1206896551724138,0.1896551724137931,0.6896551724137931,0.0,8.644719482306641,0.11200000000000014,,0.0,0.0,0.25,0.25,0.5,623.0,,
Electron transport properties of La-doped AgSbTe2 thermoelectric compounds.pdf,10.1007/s13391-011-0914-0,AgSbTe2,x=0,AgSbTe2,,,,,,Table 2,,,85.72,uV/K,False,47.0,52.0,5.0,50.5,1.75,52.0,65.0,90.0,25.0,82.5,8.75,90.0,107.8682,127.6,19.731799999999993,121.20705,6.669425,127.6,722.66,1234.93,512.2700000000001,896.0074999999999,173.34750000000003,722.66,11.0,16.0,5.0,14.5,1.75,16.0,5.0,5.0,0.0,5.0,0.0,5.0,138.0,145.0,7.0,140.0,2.5,138.0,1.93,2.1,0.17000000000000015,2.045,0.05750000000000005,2.1,1.0,2.0,1.0,1.75,0.375,2.0,0.0,4.0,4.0,2.75,1.375,4.0,10.0,10.0,0.0,10.0,0.0,10.0,0.0,0.0,0.0,0.0,0.0,0.0,11.0,16.0,5.0,14.5,1.75,16.0,0.0,1.0,1.0,0.25,0.375,0.0,0.0,3.0,3.0,1.75,0.875,2.0,0.0,0.0,0.0,0.0,0.0,0.0,0.0,0.0,0.0,0.0,0.0,0.0,1.0,3.0,2.0,2.0,0.5,2.0,16.33,34.7633333333,18.4333333333,29.35416666665,6.512083333324999,34.7633333333,0.0,0.464,0.464,0.232,0.232,0.464,0.0,0.0,0.0,0.0,0.0,0.0,152.0,225.0,73.0,173.75,25.625,152.0,1.75,2.75,10.0,0.0,0.1206896551724138,0.1896551724137931,0.6896551724137931,0.0,8.644719482306641,0.11200000000000014,,0.0,0.0,0.25,0.25,0.5,300.0,,
Electron transport properties of La-doped AgSbTe2 thermoelectric compounds.pdf,10.1007/s13391-011-0914-0,AgSbTe2,x=0.01,Ag(Sb0.99La0.01)Te2,La,0.01,Sb,,La (0.01) @ Sb site,Table 2,,,227.57,uV/K,False,47.0,57.0,10.0,50.515,1.7574999999999996,52.0,13.0,90.0,77.0,82.32,9.006600000000002,90.0,107.8682,138.90547,31.037270000000007,121.24991367499999,6.690856837500004,127.6,722.66,1234.93,512.2700000000001,896.73055,174.07055000000003,722.66,3.0,16.0,13.0,14.47,1.7923499999999997,16.0,5.0,6.0,1.0,5.0024999999999995,0.0049874999999995045,5.0,138.0,207.0,69.0,140.17000000000002,2.7491500000000078,138.0,1.1,2.1,1.0,2.042625,0.06102562499999995,2.1,1.0,2.0,1.0,1.75,0.375,2.0,0.0,4.0,4.0,2.7424999999999997,1.3849625,4.0,1.0,10.0,9.0,9.9775,0.04488750000000085,10.0,0.0,0.0,0.0,0.0,0.0,0.0,3.0,16.0,13.0,14.47,1.7923499999999997,16.0,0.0,1.0,1.0,0.25,0.375,0.0,0.0,3.0,3.0,1.7425,0.8799625,2.0,0.0,9.0,9.0,0.0225,0.0448875,0.0,0.0,0.0,0.0,0.0,0.0,0.0,1.0,9.0,8.0,2.0149999999999997,0.5224999999999999,2.0,16.33,36.8975,20.567500000000003,29.36751041665,6.518755208324999,34.7633333333,0.0,0.464,0.464,0.232,0.232,0.464,0.0,0.0,0.0,0.0,0.0,0.0,152.0,225.0,73.0,173.82,25.690899999999996,152.0,1.75,2.7424999999999997,9.9775,0.0,0.12093987560469938,0.18953006219765028,0.6895300621976502,0.0,8.761125148292647,0.1188656460208788,0.01,1.0,0.0,0.25,0.2475,0.5,300.0,0.0,0.2719999999999999
Electron transport properties of La-doped AgSbTe2 thermoelectric compounds.pdf,10.1007/s13391-011-0914-0,AgSbTe2,x=0.02,Ag(Sb0.98La0.02)Te2,La,0.02,Sb,,La (0.02) @ Sb site,body text,,,358.0,uV/K,False,47.0,57.0,10.0,50.53,1.7649999999999995,52.0,13.0,90.0,77.0,82.14,9.261399999999998,90.0,107.8682,138.90547,31.037270000000007,121.29277735,6.712288675000001,127.6,722.66,1234.93,512.2700000000001,897.4536,174.79360000000003,722.66,3.0,16.0,13.0,14.44,1.8344000000000003,16.0,5.0,6.0,1.0,5.005,0.009949999999999895,5.0,138.0,207.0,69.0,140.34,2.9966000000000017,138.0,1.1,2.1,1.0,2.04025,0.06452750000000007,2.1,1.0,2.0,1.0,1.75,0.375,2.0,0.0,4.0,4.0,2.735,1.39485,4.0,1.0,10.0,9.0,9.955,0.08954999999999994,10.0,0.0,0.0,0.0,0.0,0.0,0.0,3.0,16.0,13.0,14.44,1.8344000000000003,16.0,0.0,1.0,1.0,0.25,0.375,0.0,0.0,3.0,3.0,1.7349999999999999,0.88485,2.0,0.0,9.0,9.0,0.045,0.08954999999999999,0.0,0.0,0.0,0.0,0.0,0.0,0.0,1.0,9.0,8.0,2.0300000000000002,0.5450000000000002,2.0,16.33,36.8975,20.567500000000003,29.380854166649996,6.525427083325001,34.7633333333,0.0,0.464,0.464,0.232,0.23199999999999998,0.464,0.0,0.0,0.0,0.0,0.0,0.0,152.0,225.0,73.0,173.89,25.756099999999993,152.0,1.75,2.735,9.955,0.0,0.12119113573407203,0.18940443213296398,0.689404432132964,0.0,8.848505117923192,0.125671368236513,0.02,1.0,0.0,0.25,0.245,0.5,423.15,0.0,0.2719999999999999
Electron transport properties of La-doped AgSbTe2 thermoelectric compounds.pdf,10.1007/s13391-011-0914-0,AgSbTe2,x=0.02,Ag(Sb0.98La0.02)Te2,La,0.02,Sb,,La (0.02) @ Sb site,Table 2,,,278.77,uV/K,False,47.0,57.0,10.0,50.53,1.7649999999999995,52.0,13.0,90.0,77.0,82.14,9.261399999999998,90.0,107.8682,138.90547,31.037270000000007,121.29277735,6.712288675000001,127.6,722.66,1234.93,512.2700000000001,897.4536,174.79360000000003,722.66,3.0,16.0,13.0,14.44,1.8344000000000003,16.0,5.0,6.0,1.0,5.005,0.009949999999999895,5.0,138.0,207.0,69.0,140.34,2.9966000000000017,138.0,1.1,2.1,1.0,2.04025,0.06452750000000007,2.1,1.0,2.0,1.0,1.75,0.375,2.0,0.0,4.0,4.0,2.735,1.39485,4.0,1.0,10.0,9.0,9.955,0.08954999999999994,10.0,0.0,0.0,0.0,0.0,0.0,0.0,3.0,16.0,13.0,14.44,1.8344000000000003,16.0,0.0,1.0,1.0,0.25,0.375,0.0,0.0,3.0,3.0,1.7349999999999999,0.88485,2.0,0.0,9.0,9.0,0.045,0.08954999999999999,0.0,0.0,0.0,0.0,0.0,0.0,0.0,1.0,9.0,8.0,2.0300000000000002,0.5450000000000002,2.0,16.33,36.8975,20.567500000000003,29.380854166649996,6.525427083325001,34.7633333333,0.0,0.464,0.464,0.232,0.23199999999999998,0.464,0.0,0.0,0.0,0.0,0.0,0.0,152.0,225.0,73.0,173.89,25.756099999999993,152.0,1.75,2.735,9.955,0.0,0.12119113573407203,0.18940443213296398,0.689404432132964,0.0,8.848505117923192,0.125671368236513,0.02,1.0,0.0,0.25,0.245,0.5,300.0,0.0,0.2719999999999999
Electron transport properties of La-doped AgSbTe2 thermoelectric compounds.pdf,10.1007/s13391-011-0914-0,AgSbTe2,x=0.03,Ag(Sb0.97La0.03)Te2,La,0.03,Sb,,La (0.03) @ Sb site,Table 2,,,214.9,uV/K,False,47.0,57.0,10.0,50.545,1.772499999999999,52.0,13.0,90.0,77.0,81.96,9.514400000000002,90.0,107.8682,138.90547,31.037270000000007,121.335641025,6.733720512499998,127.6,722.66,1234.93,512.2700000000001,898.1766499999999,175.51665000000003,722.66,3.0,16.0,13.0,14.41,1.87615,16.0,5.0,6.0,1.0,5.0075,0.014887500000000279,5.0,138.0,207.0,69.0,140.51,3.2423499999999956,138.0,1.1,2.1,1.0,2.037875,0.06800562499999996,2.1,1.0,2.0,1.0,1.75,0.375,2.0,0.0,4.0,4.0,2.7275,1.4046625,4.0,1.0,10.0,9.0,9.932500000000001,0.133987499999999,10.0,0.0,0.0,0.0,0.0,0.0,0.0,3.0,16.0,13.0,14.41,1.87615,16.0,0.0,1.0,1.0,0.25,0.375,0.0,0.0,3.0,3.0,1.7275,0.8896625,2.0,0.0,9.0,9.0,0.0675,0.13398749999999998,0.0,0.0,0.0,0.0,0.0,0.0,0.0,1.0,9.0,8.0,2.045,0.5674999999999999,2.0,16.33,36.8975,20.567500000000003,29.394197916649997,6.532098958325,34.7633333333,0.0,0.464,0.464,0.232,0.232,0.464,0.0,0.0,0.0,0.0,0.0,0.0,152.0,225.0,73.0,173.95999999999998,25.820599999999992,152.0,1.75,2.7275,9.932500000000001,0.0,0.12144344205412907,0.18927827897293545,0.6892782789729355,0.0,8.924796662406377,0.1324183253464836,0.03,1.0,0.0,0.25,0.2425,0.5,300.0,0.0,0.2719999999999999
Electron transport properties of La-doped AgSbTe2 thermoelectric compounds.pdf,10.1007/s13391-011-0914-0,AgSbTe2,x=0.05,Ag(Sb0.95La0.05)Te2,La,0.05,Sb,,La (0.05) @ Sb site,Table 2,,,240.91,uV/K,False,47.0,57.0,10.0,50.574999999999996,1.787500000000002,52.0,13.0,90.0,77.0,81.6,10.015000000000002,90.0,107.8682,138.90547,31.037270000000007,121.421368375,6.7765841874999975,127.6,722.66,1234.93,512.2700000000001,899.62275,176.96275000000003,722.66,3.0,16.0,13.0,14.35,1.9587500000000002,16.0,5.0,6.0,1.0,5.0125,0.024687500000000175,5.0,138.0,207.0,69.0,140.85,3.7287499999999976,138.0,1.1,2.1,1.0,2.033125,0.07489062499999999,2.1,1.0,2.0,1.0,1.75,0.375,2.0,0.0,4.0,4.0,2.7125,1.4240625,4.0,1.0,10.0,9.0,9.8875,0.2221875000000007,10.0,0.0,0.0,0.0,0.0,0.0,0.0,3.0,16.0,13.0,14.35,1.9587500000000002,16.0,0.0,1.0,1.0,0.25,0.375,0.0,0.0,3.0,3.0,1.7125,0.8990625,2.0,0.0,9.0,9.0,0.1125,0.22218749999999998,0.0,0.0,0.0,0.0,0.0,0.0,0.0,1.0,9.0,8.0,2.075,0.6125,2.0,16.33,36.8975,20.567500000000003,29.42088541665,6.545442708324999,34.7633333333,0.0,0.464,0.464,0.232,0.232,0.464,0.0,0.0,0.0,0.0,0.0,0.0,152.0,225.0,73.0,174.1,25.947499999999998,152.0,1.75,2.7125,9.8875,0.0,0.12195121951219512,0.18902439024390244,0.6890243902439024,0.0,9.05735637478225,0.14574046557701847,0.05,1.0,0.0,0.25,0.2375,0.5,300.0,0.0,0.2719999999999999
Enhanced Thermoelectric Properties of AgSb1–xPbxBiySe2 Achieved via Microwave Smelting Combined with Spark Plasma Sintering.pdf,10.1021/acsami.4c20502,AgSbSe2,AgSb1-xPbxSe2 (x=0.00),AgSbSe2,,,,,,body text,,,224.598,uV/K,False,34.0,51.0,17.0,41.5,7.5,34.0,65.0,89.0,24.0,82.0,8.5,89.0,78.96,121.76,42.80000000000001,96.88704999999999,17.927050000000005,78.96,494.0,1234.93,740.9300000000001,781.6775,287.6775,494.0,11.0,16.0,5.0,14.5,1.75,16.0,4.0,5.0,1.0,4.5,0.5,4.0,120.0,145.0,25.0,131.0,11.0,120.0,1.93,2.55,0.6199999999999999,2.2699999999999996,0.27999999999999997,2.55,1.0,2.0,1.0,1.75,0.375,2.0,0.0,4.0,4.0,2.75,1.375,4.0,10.0,10.0,0.0,10.0,0.0,10.0,0.0,0.0,0.0,0.0,0.0,0.0,11.0,16.0,5.0,14.5,1.75,16.0,0.0,1.0,1.0,0.25,0.375,0.0,0.0,3.0,3.0,1.75,0.875,2.0,0.0,0.0,0.0,0.0,0.0,0.0,0.0,0.0,0.0,0.0,0.0,0.0,1.0,3.0,2.0,2.0,0.5,2.0,16.33,31.56,15.23,24.9325,4.3012500000000005,25.92,0.0,0.799,0.799,0.3995,0.3995,0.799,0.0,0.0,0.0,0.0,0.0,0.0,14.0,225.0,211.0,104.75,90.75,14.0,1.75,2.75,10.0,0.0,0.1206896551724138,0.1896551724137931,0.6896551724137931,0.0,8.644719482306641,0.47199999999999986,,0.0,0.0,0.25,0.25,0.0,300.0,,
Enhanced Thermoelectric Properties of AgSb1–xPbxBiySe2 Achieved via Microwave Smelting Combined with Spark Plasma Sintering.pdf,10.1021/acsami.4c20502,AgSbSe2,AgSb1-xPbxSe2 (x=0.00),AgSbSe2,,,,,,body text,,,284.391,uV/K,False,34.0,51.0,17.0,41.5,7.5,34.0,65.0,89.0,24.0,82.0,8.5,89.0,78.96,121.76,42.80000000000001,96.88704999999999,17.927050000000005,78.96,494.0,1234.93,740.9300000000001,781.6775,287.6775,494.0,11.0,16.0,5.0,14.5,1.75,16.0,4.0,5.0,1.0,4.5,0.5,4.0,120.0,145.0,25.0,131.0,11.0,120.0,1.93,2.55,0.6199999999999999,2.2699999999999996,0.27999999999999997,2.55,1.0,2.0,1.0,1.75,0.375,2.0,0.0,4.0,4.0,2.75,1.375,4.0,10.0,10.0,0.0,10.0,0.0,10.0,0.0,0.0,0.0,0.0,0.0,0.0,11.0,16.0,5.0,14.5,1.75,16.0,0.0,1.0,1.0,0.25,0.375,0.0,0.0,3.0,3.0,1.75,0.875,2.0,0.0,0.0,0.0,0.0,0.0,0.0,0.0,0.0,0.0,0.0,0.0,0.0,1.0,3.0,2.0,2.0,0.5,2.0,16.33,31.56,15.23,24.9325,4.3012500000000005,25.92,0.0,0.799,0.799,0.3995,0.3995,0.799,0.0,0.0,0.0,0.0,0.0,0.0,14.0,225.0,211.0,104.75,90.75,14.0,1.75,2.75,10.0,0.0,0.1206896551724138,0.1896551724137931,0.6896551724137931,0.0,8.644719482306641,0.47199999999999986,,0.0,0.0,0.25,0.25,0.0,673.0,,
Enhanced Thermoelectric Properties of AgSb1–xPbxBiySe2 Achieved via Microwave Smelting Combined with Spark Plasma Sintering.pdf,10.1021/acsami.4c20502,AgSbSe2,AgSb1-xPbxSe2 (x=0.05),AgSb0.95Pb0.05Se2,Pb,0.05,Sb,,Pb (0.05) @ Sb site,body text,,,167.111,uV/K,False,34.0,82.0,48.0,41.887499999999996,7.887499999999999,34.0,65.0,89.0,24.0,81.95,8.498749999999998,89.0,78.96,207.2,128.24,97.95505,18.995050000000006,78.96,494.0,1234.93,740.9300000000001,777.8878749999999,288.319821875,494.0,11.0,16.0,5.0,14.4875,1.7559374999999997,16.0,4.0,6.0,2.0,4.5125,0.5125,4.0,120.0,146.0,26.0,131.08749999999998,11.087499999999999,120.0,1.93,2.55,0.6199999999999999,2.2735,0.27791249999999995,2.55,1.0,2.0,1.0,1.75,0.375,2.0,0.0,4.0,4.0,2.7375,1.3871875,4.0,10.0,10.0,0.0,10.0,0.0,10.0,0.0,14.0,14.0,0.17500000000000002,0.34562500000000007,0.0,11.0,28.0,17.0,14.6625,1.8312500000000003,16.0,0.0,1.0,1.0,0.25,0.375,0.0,0.0,4.0,4.0,1.7625,0.88125,2.0,0.0,0.0,0.0,0.0,0.0,0.0,0.0,0.0,0.0,0.0,0.0,0.0,1.0,4.0,3.0,2.0125,0.51875,2.0,16.33,31.56,15.23,24.889375,4.2796875000000005,25.92,0.0,0.799,0.799,0.3995,0.3995,0.799,0.0,0.0,0.0,0.0,0.0,0.0,14.0,225.0,211.0,105.4875,91.4875,14.0,1.75,2.7375,10.0,0.17500000000000002,0.11935208866155159,0.1867007672634271,0.6820119352088662,0.011935208866155159,9.05735637478225,0.4674195146111937,0.05,1.0,0.0,0.25,0.2375,0.0,300.0,1.0,0.43000000000000005
Enhanced Thermoelectric Properties of AgSb1–xPbxBiySe2 Achieved via Microwave Smelting Combined with Spark Plasma Sintering.pdf,10.1021/acsami.4c20502,AgSbSe2,AgSb1-xPbxSe2 (x=0.05),AgSb0.95Pb0.05Se2,Pb,0.05,Sb,,Pb (0.05) @ Sb site,body text,,,252.554,uV/K,False,34.0,82.0,48.0,41.887499999999996,7.887499999999999,34.0,65.0,89.0,24.0,81.95,8.498749999999998,89.0,78.96,207.2,128.24,97.95505,18.995050000000006,78.96,494.0,1234.93,740.9300000000001,777.8878749999999,288.319821875,494.0,11.0,16.0,5.0,14.4875,1.7559374999999997,16.0,4.0,6.0,2.0,4.5125,0.5125,4.0,120.0,146.0,26.0,131.08749999999998,11.087499999999999,120.0,1.93,2.55,0.6199999999999999,2.2735,0.27791249999999995,2.55,1.0,2.0,1.0,1.75,0.375,2.0,0.0,4.0,4.0,2.7375,1.3871875,4.0,10.0,10.0,0.0,10.0,0.0,10.0,0.0,14.0,14.0,0.17500000000000002,0.34562500000000007,0.0,11.0,28.0,17.0,14.6625,1.8312500000000003,16.0,0.0,1.0,1.0,0.25,0.375,0.0,0.0,4.0,4.0,1.7625,0.88125,2.0,0.0,0.0,0.0,0.0,0.0,0.0,0.0,0.0,0.0,0.0,0.0,0.0,1.0,4.0,3.0,2.0125,0.51875,2.0,16.33,31.56,15.23,24.889375,4.2796875000000005,25.92,0.0,0.799,0.799,0.3995,0.3995,0.799,0.0,0.0,0.0,0.0,0.0,0.0,14.0,225.0,211.0,105.4875,91.4875,14.0,1.75,2.7375,10.0,0.17500000000000002,0.11935208866155159,0.1867007672634271,0.6820119352088662,0.011935208866155159,9.05735637478225,0.4674195146111937,0.05,1.0,0.0,0.25,0.2375,0.0,673.0,1.0,0.43000000000000005
Enhanced Thermoelectric Properties of AgSb1–xPbxBiySe2 Achieved via Microwave Smelting Combined with Spark Plasma Sintering.pdf,10.1021/acsami.4c20502,AgSbSe2,AgSb1-xPbxSe2 (x=0),AgSbSe2,,,,,,figure,Figure 2c,Visually estimated from Figure 2c,199.99999999999997,uV/K,False,34.0,51.0,17.0,41.5,7.5,34.0,65.0,89.0,24.0,82.0,8.5,89.0,78.96,121.76,42.80000000000001,96.88704999999999,17.927050000000005,78.96,494.0,1234.93,740.9300000000001,781.6775,287.6775,494.0,11.0,16.0,5.0,14.5,1.75,16.0,4.0,5.0,1.0,4.5,0.5,4.0,120.0,145.0,25.0,131.0,11.0,120.0,1.93,2.55,0.6199999999999999,2.2699999999999996,0.27999999999999997,2.55,1.0,2.0,1.0,1.75,0.375,2.0,0.0,4.0,4.0,2.75,1.375,4.0,10.0,10.0,0.0,10.0,0.0,10.0,0.0,0.0,0.0,0.0,0.0,0.0,11.0,16.0,5.0,14.5,1.75,16.0,0.0,1.0,1.0,0.25,0.375,0.0,0.0,3.0,3.0,1.75,0.875,2.0,0.0,0.0,0.0,0.0,0.0,0.0,0.0,0.0,0.0,0.0,0.0,0.0,1.0,3.0,2.0,2.0,0.5,2.0,16.33,31.56,15.23,24.9325,4.3012500000000005,25.92,0.0,0.799,0.799,0.3995,0.3995,0.799,0.0,0.0,0.0,0.0,0.0,0.0,14.0,225.0,211.0,104.75,90.75,14.0,1.75,2.75,10.0,0.0,0.1206896551724138,0.1896551724137931,0.6896551724137931,0.0,8.644719482306641,0.47199999999999986,,0.0,0.0,0.25,0.25,0.0,300.0,,
Enhanced Thermoelectric Properties of AgSb1–xPbxBiySe2 Achieved via Microwave Smelting Combined with Spark Plasma Sintering.pdf,10.1021/acsami.4c20502,AgSbSe2,AgSb1-xPbxSe2 (x=0.05),AgSb0.95Pb0.05Se2,Pb,x=0.05,Sb,,Pb (x=0.05) @ Sb site,figure,Figure 2c,Visually estimated from Figure 2c,179.99999999999997,uV/K,False,34.0,82.0,48.0,41.887499999999996,7.887499999999999,34.0,65.0,89.0,24.0,81.95,8.498749999999998,89.0,78.96,207.2,128.24,97.95505,18.995050000000006,78.96,494.0,1234.93,740.9300000000001,777.8878749999999,288.319821875,494.0,11.0,16.0,5.0,14.4875,1.7559374999999997,16.0,4.0,6.0,2.0,4.5125,0.5125,4.0,120.0,146.0,26.0,131.08749999999998,11.087499999999999,120.0,1.93,2.55,0.6199999999999999,2.2735,0.27791249999999995,2.55,1.0,2.0,1.0,1.75,0.375,2.0,0.0,4.0,4.0,2.7375,1.3871875,4.0,10.0,10.0,0.0,10.0,0.0,10.0,0.0,14.0,14.0,0.17500000000000002,0.34562500000000007,0.0,11.0,28.0,17.0,14.6625,1.8312500000000003,16.0,0.0,1.0,1.0,0.25,0.375,0.0,0.0,4.0,4.0,1.7625,0.88125,2.0,0.0,0.0,0.0,0.0,0.0,0.0,0.0,0.0,0.0,0.0,0.0,0.0,1.0,4.0,3.0,2.0125,0.51875,2.0,16.33,31.56,15.23,24.889375,4.2796875000000005,25.92,0.0,0.799,0.799,0.3995,0.3995,0.799,0.0,0.0,0.0,0.0,0.0,0.0,14.0,225.0,211.0,105.4875,91.4875,14.0,1.75,2.7375,10.0,0.17500000000000002,0.11935208866155159,0.1867007672634271,0.6820119352088662,0.011935208866155159,9.05735637478225,0.4674195146111937,0.05,1.0,0.0,0.25,0.2375,0.0,300.0,1.0,0.43000000000000005
Enhanced Thermoelectric Properties of AgSb1–xPbxBiySe2 Achieved via Microwave Smelting Combined with Spark Plasma Sintering.pdf,10.1021/acsami.4c20502,AgSbSe2,"AgSb1-xPbxBiSe2 (x=0, y=0)",AgSbTe2,,,,,,figure,Fig. 6c,Visually estimated from Fig. 6c,225.0,uV/K,False,47.0,52.0,5.0,50.5,1.75,52.0,65.0,90.0,25.0,82.5,8.75,90.0,107.8682,127.6,19.731799999999993,121.20705,6.669425,127.6,722.66,1234.93,512.2700000000001,896.0074999999999,173.34750000000003,722.66,11.0,16.0,5.0,14.5,1.75,16.0,5.0,5.0,0.0,5.0,0.0,5.0,138.0,145.0,7.0,140.0,2.5,138.0,1.93,2.1,0.17000000000000015,2.045,0.05750000000000005,2.1,1.0,2.0,1.0,1.75,0.375,2.0,0.0,4.0,4.0,2.75,1.375,4.0,10.0,10.0,0.0,10.0,0.0,10.0,0.0,0.0,0.0,0.0,0.0,0.0,11.0,16.0,5.0,14.5,1.75,16.0,0.0,1.0,1.0,0.25,0.375,0.0,0.0,3.0,3.0,1.75,0.875,2.0,0.0,0.0,0.0,0.0,0.0,0.0,0.0,0.0,0.0,0.0,0.0,0.0,1.0,3.0,2.0,2.0,0.5,2.0,16.33,34.7633333333,18.4333333333,29.35416666665,6.512083333324999,34.7633333333,0.0,0.464,0.464,0.232,0.232,0.464,0.0,0.0,0.0,0.0,0.0,0.0,152.0,225.0,73.0,173.75,25.625,152.0,1.75,2.75,10.0,0.0,0.1206896551724138,0.1896551724137931,0.6896551724137931,0.0,8.644719482306641,0.11200000000000014,,0.0,0.0,0.25,0.25,0.5,300.0,,
Enhanced Thermoelectric Properties of AgSb1–xPbxBiySe2 Achieved via Microwave Smelting Combined with Spark Plasma Sintering.pdf,10.1021/acsami.4c20502,AgSbSe2,AgSb0.955Pb0.045Bi0.025Se2,AgSb0.955Pb0.045Bi0.025Se2,Pb,0.045,Sb,Bi (0.025) @ Sb,Pb (0.045) @ Sb site; Bi (0.025) @ Sb site,figure,Fig. 6c,Visually estimated from Fig. 6c,165.0,uV/K,False,34.0,83.0,49.0,42.10434782608695,8.05401026194977,34.0,65.0,89.0,24.0,81.98012422360249,8.459244627907871,89.0,78.96,208.9804,130.0204,98.53851180124224,19.456906137880488,78.96,494.0,1234.93,740.9300000000001,776.8142484472049,287.8847425022183,494.0,11.0,16.0,5.0,14.491925465838507,1.7461178195285683,16.0,4.0,6.0,2.0,4.520496894409938,0.5172639944446586,4.0,120.0,148.0,28.0,131.183850931677,11.114386019057905,120.0,1.93,2.55,0.6199999999999999,2.271577639751553,0.27799936730835995,2.55,1.0,2.0,1.0,1.7515527950310557,0.3734423826241272,2.0,0.0,4.0,4.0,2.740372670807453,1.3782307781335597,4.0,10.0,10.0,0.0,10.0,0.0,10.0,0.0,14.0,14.0,0.2434782608695652,0.4784877126654064,0.0,11.0,29.0,18.0,14.735403726708073,1.8561012306623978,16.0,0.0,1.0,1.0,0.24844720496894407,0.3734423826241271,0.0,0.0,4.0,4.0,1.7689440993788819,0.8789784344739786,2.0,0.0,0.0,0.0,0.0,0.0,0.0,0.0,0.0,0.0,0.0,0.0,0.0,1.0,4.0,3.0,2.017391304347826,0.5228193356737779,2.0,16.33,32.95,16.620000000000005,24.94372670807453,4.280112649974927,25.92,0.0,0.799,0.799,0.39701863354037265,0.399484587785965,0.799,0.0,0.0,0.0,0.0,0.0,0.0,12.0,225.0,213.0,104.8335403726708,91.42256857374329,14.0,1.7515527950310557,2.740372670807453,10.0,0.2434782608695652,0.11886697015680323,0.1859720114651829,0.6786376664980611,0.01652335187995279,9.28402507293912,0.46456535371064395,0.045,2.0,1.0,0.24844720496894407,0.23726708074534159,0.0,300.0,1.0,0.43000000000000005
Enhanced thermoelectric composite performance from graphene nanosheets additives in AgSbTe2 matrix.pdf,10.1016/j.ceramint.2022.06.092,AgSbTe2,0 vol% graphene,AgSbTe2,,,,,,figure,Fig. 7c,Visually estimated from Fig. 7c,209.99999999999997,uV/K,False,47.0,52.0,5.0,50.5,1.75,52.0,65.0,90.0,25.0,82.5,8.75,90.0,107.8682,127.6,19.731799999999993,121.20705,6.669425,127.6,722.66,1234.93,512.2700000000001,896.0074999999999,173.34750000000003,722.66,11.0,16.0,5.0,14.5,1.75,16.0,5.0,5.0,0.0,5.0,0.0,5.0,138.0,145.0,7.0,140.0,2.5,138.0,1.93,2.1,0.17000000000000015,2.045,0.05750000000000005,2.1,1.0,2.0,1.0,1.75,0.375,2.0,0.0,4.0,4.0,2.75,1.375,4.0,10.0,10.0,0.0,10.0,0.0,10.0,0.0,0.0,0.0,0.0,0.0,0.0,11.0,16.0,5.0,14.5,1.75,16.0,0.0,1.0,1.0,0.25,0.375,0.0,0.0,3.0,3.0,1.75,0.875,2.0,0.0,0.0,0.0,0.0,0.0,0.0,0.0,0.0,0.0,0.0,0.0,0.0,1.0,3.0,2.0,2.0,0.5,2.0,16.33,34.7633333333,18.4333333333,29.35416666665,6.512083333324999,34.7633333333,0.0,0.464,0.464,0.232,0.232,0.464,0.0,0.0,0.0,0.0,0.0,0.0,152.0,225.0,73.0,173.75,25.625,152.0,1.75,2.75,10.0,0.0,0.1206896551724138,0.1896551724137931,0.6896551724137931,0.0,8.644719482306641,0.11200000000000014,,0.0,0.0,0.25,0.25,0.5,300.0,,
Enhanced thermoelectric performance and novel nanopores in AgSbTe2 prepared by melt spinning.pdf,10.1016/j.jssc.2010.10.036,AgSbTe2,MS-SPS,AgSbTe2,,,,,,figure,,Visually estimated from Fig. 4b,285.0,uV/K,False,47.0,52.0,5.0,50.5,1.75,52.0,65.0,90.0,25.0,82.5,8.75,90.0,107.8682,127.6,19.731799999999993,121.20705,6.669425,127.6,722.66,1234.93,512.2700000000001,896.0074999999999,173.34750000000003,722.66,11.0,16.0,5.0,14.5,1.75,16.0,5.0,5.0,0.0,5.0,0.0,5.0,138.0,145.0,7.0,140.0,2.5,138.0,1.93,2.1,0.17000000000000015,2.045,0.05750000000000005,2.1,1.0,2.0,1.0,1.75,0.375,2.0,0.0,4.0,4.0,2.75,1.375,4.0,10.0,10.0,0.0,10.0,0.0,10.0,0.0,0.0,0.0,0.0,0.0,0.0,11.0,16.0,5.0,14.5,1.75,16.0,0.0,1.0,1.0,0.25,0.375,0.0,0.0,3.0,3.0,1.75,0.875,2.0,0.0,0.0,0.0,0.0,0.0,0.0,0.0,0.0,0.0,0.0,0.0,0.0,1.0,3.0,2.0,2.0,0.5,2.0,16.33,34.7633333333,18.4333333333,29.35416666665,6.512083333324999,34.7633333333,0.0,0.464,0.464,0.232,0.232,0.464,0.0,0.0,0.0,0.0,0.0,0.0,152.0,225.0,73.0,173.75,25.625,152.0,1.75,2.75,10.0,0.0,0.1206896551724138,0.1896551724137931,0.6896551724137931,0.0,8.644719482306641,0.11200000000000014,,0.0,0.0,0.25,0.25,0.5,390.0,,
Enhanced thermoelectric performance in AgSbTe2 with extremely low thermal conductivity via grain boundary defects.pdf,10.1063/5.0255308,AgSbTe2,AgSb1-xFexTe2.01 (x=0.01),AgSb0.99Fe0.01Te2.01,Fe,x=0.01,Sb,,Fe (x=0.01) @ Sb site,body text,Page 6,,285.0,uV/K,False,26.0,52.0,26.0,50.441396508728175,1.8383094632496089,52.0,55.0,90.0,35.0,82.44389027431423,8.83707190875678,90.0,55.845,127.6,71.755,121.05861596009974,6.904016019800874,127.6,722.66,1811.0,1088.3400000000001,897.8376059850374,175.6144578702869,722.66,8.0,16.0,8.0,14.486284289276808,1.7711457018302124,16.0,4.0,5.0,1.0,4.997506234413965,0.004975093438473598,5.0,132.0,145.0,13.0,139.97755610972567,2.5049595462714693,138.0,1.83,2.1,0.27,2.044588528678304,0.0582216528504178,2.1,1.0,2.0,1.0,1.7506234413965087,0.37437578124514154,2.0,0.0,4.0,4.0,2.7456359102244385,1.3830884136292687,4.0,6.0,10.0,4.0,9.99002493765586,0.01990037375389439,10.0,0.0,0.0,0.0,0.0,0.0,0.0,8.0,16.0,8.0,14.486284289276808,1.7711457018302124,16.0,0.0,1.0,1.0,0.24937655860349128,0.37437578124514154,0.0,0.0,3.0,3.0,1.743142144638404,0.8780915541570016,2.0,0.0,4.0,4.0,0.009975062344139652,0.01990037375389457,0.0,0.0,0.0,0.0,0.0,0.0,0.0,1.0,4.0,3.0,2.002493765586035,0.5024968750194339,2.0,10.73,34.7633333333,24.033333333299996,29.31571072317531,6.569360513918735,34.7633333333,0.0,0.464,0.464,0.23257855361596008,0.23199855722290283,0.464,0.0,2.1106628,2.1106628,0.005263498254364091,0.010500744647110405,0.0,152.0,229.0,77.0,173.85286783042397,25.78483964651963,152.0,1.7506234413965087,2.7456359102244385,9.99002493765586,0.0,0.12084696161129282,0.18953348252711308,0.6896195558615941,0.0,8.75362303857227,0.11304399689854681,0.01,1.0,0.0,0.24937655860349128,0.24688279301745636,0.5012468827930174,300.0,0.0,0.11499999999999999
Enhanced thermoelectric performance in AgSbTe2 with extremely low thermal conductivity via grain boundary defects.pdf,10.1063/5.0255308,AgSbTe2,AgSb1-xFe_xTe2.01 (x=0),AgSbTe2.01,Fe,0,unclear,,Fe (0) @ unclear site,figure,,Visually estimated from Fig. 1(b),280.0,uV/K,False,47.0,52.0,5.0,50.50374064837905,1.7475015702638674,52.0,65.0,90.0,25.0,82.51870324189527,8.73750785131933,90.0,107.8682,127.6,19.731799999999993,121.22299251870324,6.660744398355732,127.6,722.66,1234.93,512.2700000000001,895.5752119700747,173.34642197498775,722.66,11.0,16.0,5.0,14.503740648379052,1.7475015702638665,16.0,5.0,5.0,0.0,5.0,0.0,5.0,138.0,145.0,7.0,139.99501246882792,2.496253132754146,138.0,1.93,2.1,0.17000000000000015,2.045137157107232,0.05742501601358193,2.1,1.0,2.0,1.0,1.7506234413965087,0.37437578124514154,2.0,0.0,4.0,4.0,2.7531172069825436,1.373125789018725,4.0,10.0,10.0,0.0,10.0,0.0,10.0,0.0,0.0,0.0,0.0,0.0,0.0,11.0,16.0,5.0,14.503740648379052,1.7475015702638665,16.0,0.0,1.0,1.0,0.24937655860349128,0.37437578124514154,0.0,0.0,3.0,3.0,1.7506234413965087,0.873128898452124,2.0,0.0,0.0,0.0,0.0,0.0,0.0,0.0,0.0,0.0,0.0,0.0,0.0,1.0,3.0,2.0,2.0,0.49875311720698257,2.0,16.33,34.7633333333,18.4333333333,29.367655860332416,6.502571501412677,34.7633333333,0.0,0.464,0.464,0.23257855361596008,0.23199855722290283,0.464,0.0,0.0,0.0,0.0,0.0,0.0,152.0,225.0,73.0,173.69576059850374,25.588149327429555,152.0,1.7506234413965087,2.7531172069825436,10.0,0.0,0.12070151306740028,0.18982118294360384,0.6894773039889959,0.0,8.637507661030119,0.11199203187251011,0.0,1.0,0.0,0.24937655860349128,0.24937655860349128,0.5012468827930174,323.0,,
Enhanced thermoelectric performance in AgSbTe2 with extremely low thermal conductivity via grain boundary defects.pdf,10.1063/5.0255308,AgSbTe2,AgSb1-xFe_xTe2.01 (x=0),AgSbTe2.01,Fe,0,unclear,,Fe (0) @ unclear site,figure,,Visually estimated from Fig. 1(b),239.99999999999997,uV/K,False,47.0,52.0,5.0,50.50374064837905,1.7475015702638674,52.0,65.0,90.0,25.0,82.51870324189527,8.73750785131933,90.0,107.8682,127.6,19.731799999999993,121.22299251870324,6.660744398355732,127.6,722.66,1234.93,512.2700000000001,895.5752119700747,173.34642197498775,722.66,11.0,16.0,5.0,14.503740648379052,1.7475015702638665,16.0,5.0,5.0,0.0,5.0,0.0,5.0,138.0,145.0,7.0,139.99501246882792,2.496253132754146,138.0,1.93,2.1,0.17000000000000015,2.045137157107232,0.05742501601358193,2.1,1.0,2.0,1.0,1.7506234413965087,0.37437578124514154,2.0,0.0,4.0,4.0,2.7531172069825436,1.373125789018725,4.0,10.0,10.0,0.0,10.0,0.0,10.0,0.0,0.0,0.0,0.0,0.0,0.0,11.0,16.0,5.0,14.503740648379052,1.7475015702638665,16.0,0.0,1.0,1.0,0.24937655860349128,0.37437578124514154,0.0,0.0,3.0,3.0,1.7506234413965087,0.873128898452124,2.0,0.0,0.0,0.0,0.0,0.0,0.0,0.0,0.0,0.0,0.0,0.0,0.0,1.0,3.0,2.0,2.0,0.49875311720698257,2.0,16.33,34.7633333333,18.4333333333,29.367655860332416,6.502571501412677,34.7633333333,0.0,0.464,0.464,0.23257855361596008,0.23199855722290283,0.464,0.0,0.0,0.0,0.0,0.0,0.0,152.0,225.0,73.0,173.69576059850374,25.588149327429555,152.0,1.7506234413965087,2.7531172069825436,10.0,0.0,0.12070151306740028,0.18982118294360384,0.6894773039889959,0.0,8.637507661030119,0.11199203187251011,0.0,1.0,0.0,0.24937655860349128,0.24937655860349128,0.5012468827930174,623.0,,
Enhanced thermoelectric performance in AgSbTe2 with extremely low thermal conductivity via grain boundary defects.pdf,10.1063/5.0255308,AgSbTe2,AgSb1-xFe_xTe2.01 (x=0.01),AgSb0.99Fe0.01Te2.01,Fe,0.01,Sb,,Fe (0.01) @ Sb site,figure,,Visually estimated from Fig. 1(b),290.0,uV/K,False,26.0,52.0,26.0,50.441396508728175,1.8383094632496089,52.0,55.0,90.0,35.0,82.44389027431423,8.83707190875678,90.0,55.845,127.6,71.755,121.05861596009974,6.904016019800874,127.6,722.66,1811.0,1088.3400000000001,897.8376059850374,175.6144578702869,722.66,8.0,16.0,8.0,14.486284289276808,1.7711457018302124,16.0,4.0,5.0,1.0,4.997506234413965,0.004975093438473598,5.0,132.0,145.0,13.0,139.97755610972567,2.5049595462714693,138.0,1.83,2.1,0.27,2.044588528678304,0.0582216528504178,2.1,1.0,2.0,1.0,1.7506234413965087,0.37437578124514154,2.0,0.0,4.0,4.0,2.7456359102244385,1.3830884136292687,4.0,6.0,10.0,4.0,9.99002493765586,0.01990037375389439,10.0,0.0,0.0,0.0,0.0,0.0,0.0,8.0,16.0,8.0,14.486284289276808,1.7711457018302124,16.0,0.0,1.0,1.0,0.24937655860349128,0.37437578124514154,0.0,0.0,3.0,3.0,1.743142144638404,0.8780915541570016,2.0,0.0,4.0,4.0,0.009975062344139652,0.01990037375389457,0.0,0.0,0.0,0.0,0.0,0.0,0.0,1.0,4.0,3.0,2.002493765586035,0.5024968750194339,2.0,10.73,34.7633333333,24.033333333299996,29.31571072317531,6.569360513918735,34.7633333333,0.0,0.464,0.464,0.23257855361596008,0.23199855722290283,0.464,0.0,2.1106628,2.1106628,0.005263498254364091,0.010500744647110405,0.0,152.0,229.0,77.0,173.85286783042397,25.78483964651963,152.0,1.7506234413965087,2.7456359102244385,9.99002493765586,0.0,0.12084696161129282,0.18953348252711308,0.6896195558615941,0.0,8.75362303857227,0.11304399689854681,0.01,1.0,0.0,0.24937655860349128,0.24688279301745636,0.5012468827930174,323.0,0.0,0.11499999999999999
Enhanced thermoelectric performance in AgSbTe2 with extremely low thermal conductivity via grain boundary defects.pdf,10.1063/5.0255308,AgSbTe2,AgSb1-xFe_xTe2.01 (x=0.01),AgSb0.99Fe0.01Te2.01,Fe,0.01,Sb,,Fe (0.01) @ Sb site,figure,,Visually estimated from Fig. 1(b),260.0,uV/K,False,26.0,52.0,26.0,50.441396508728175,1.8383094632496089,52.0,55.0,90.0,35.0,82.44389027431423,8.83707190875678,90.0,55.845,127.6,71.755,121.05861596009974,6.904016019800874,127.6,722.66,1811.0,1088.3400000000001,897.8376059850374,175.6144578702869,722.66,8.0,16.0,8.0,14.486284289276808,1.7711457018302124,16.0,4.0,5.0,1.0,4.997506234413965,0.004975093438473598,5.0,132.0,145.0,13.0,139.97755610972567,2.5049595462714693,138.0,1.83,2.1,0.27,2.044588528678304,0.0582216528504178,2.1,1.0,2.0,1.0,1.7506234413965087,0.37437578124514154,2.0,0.0,4.0,4.0,2.7456359102244385,1.3830884136292687,4.0,6.0,10.0,4.0,9.99002493765586,0.01990037375389439,10.0,0.0,0.0,0.0,0.0,0.0,0.0,8.0,16.0,8.0,14.486284289276808,1.7711457018302124,16.0,0.0,1.0,1.0,0.24937655860349128,0.37437578124514154,0.0,0.0,3.0,3.0,1.743142144638404,0.8780915541570016,2.0,0.0,4.0,4.0,0.009975062344139652,0.01990037375389457,0.0,0.0,0.0,0.0,0.0,0.0,0.0,1.0,4.0,3.0,2.002493765586035,0.5024968750194339,2.0,10.73,34.7633333333,24.033333333299996,29.31571072317531,6.569360513918735,34.7633333333,0.0,0.464,0.464,0.23257855361596008,0.23199855722290283,0.464,0.0,2.1106628,2.1106628,0.005263498254364091,0.010500744647110405,0.0,152.0,229.0,77.0,173.85286783042397,25.78483964651963,152.0,1.7506234413965087,2.7456359102244385,9.99002493765586,0.0,0.12084696161129282,0.18953348252711308,0.6896195558615941,0.0,8.75362303857227,0.11304399689854681,0.01,1.0,0.0,0.24937655860349128,0.24688279301745636,0.5012468827930174,623.0,0.0,0.11499999999999999
Enhanced thermoelectric performance in AgSbTe2 with extremely low thermal conductivity via grain boundary defects.pdf,10.1063/5.0255308,AgSbTe2,AgSb1-xFe_xTe2.01 (x=0.03),AgSb0.97Fe0.03Te2.01,Fe,0.03,Sb,,Fe (0.03) @ Sb site,figure,,Visually estimated from Fig. 1(b),280.0,uV/K,False,26.0,52.0,26.0,50.31670822942643,2.0180595891816604,52.0,55.0,90.0,35.0,82.29426433915212,9.03396123158438,90.0,55.845,127.6,71.755,120.72986284289276,7.385640263431202,127.6,722.66,1811.0,1088.3400000000001,902.3623940149625,180.15052966088518,722.66,8.0,16.0,8.0,14.451371571072317,1.817911580151866,16.0,4.0,5.0,1.0,4.9925187032418945,0.014850653913844563,5.0,132.0,145.0,13.0,139.9426433915212,2.522372373306131,138.0,1.83,2.1,0.27,2.0434912718204488,0.05979850871574189,2.1,1.0,2.0,1.0,1.7506234413965087,0.37437578124514154,2.0,0.0,4.0,4.0,2.7306733167082293,1.4027897836456242,4.0,6.0,10.0,4.0,9.970074812967582,0.05940261565537475,10.0,0.0,0.0,0.0,0.0,0.0,0.0,8.0,16.0,8.0,14.451371571072317,1.817911580151866,16.0,0.0,1.0,1.0,0.24937655860349128,0.37437578124514154,0.0,0.0,3.0,3.0,1.7281795511221945,0.8877929863620252,2.0,0.0,4.0,4.0,0.029925187032418952,0.059402615655375274,0.0,0.0,0.0,0.0,0.0,0.0,0.0,1.0,4.0,3.0,2.007481296758105,0.5099843906443369,2.0,10.73,34.7633333333,24.033333333299996,29.211820448861094,6.701384070986,34.7633333333,0.0,0.464,0.464,0.23257855361596008,0.23199855722290283,0.464,0.0,2.1106628,2.1106628,0.01579049476309227,0.031344722771624554,0.0,152.0,229.0,77.0,174.16708229426433,26.17351882140036,152.0,1.7506234413965087,2.7306733167082293,9.970074812967582,0.0,0.12113891285591029,0.18895599654874895,0.689905090595341,0.0,8.91688639429669,0.11512309124398422,0.03,1.0,0.0,0.24937655860349128,0.24189526184538654,0.5012468827930174,323.0,0.0,0.11499999999999999
Enhanced thermoelectric performance in AgSbTe2 with extremely low thermal conductivity via grain boundary defects.pdf,10.1063/5.0255308,AgSbTe2,AgSb1-xFe_xTe2.01 (x=0.03),AgSb0.97Fe0.03Te2.01,Fe,0.03,Sb,,Fe (0.03) @ Sb site,figure,,Visually estimated from Fig. 1(b),270.0,uV/K,False,26.0,52.0,26.0,50.31670822942643,2.0180595891816604,52.0,55.0,90.0,35.0,82.29426433915212,9.03396123158438,90.0,55.845,127.6,71.755,120.72986284289276,7.385640263431202,127.6,722.66,1811.0,1088.3400000000001,902.3623940149625,180.15052966088518,722.66,8.0,16.0,8.0,14.451371571072317,1.817911580151866,16.0,4.0,5.0,1.0,4.9925187032418945,0.014850653913844563,5.0,132.0,145.0,13.0,139.9426433915212,2.522372373306131,138.0,1.83,2.1,0.27,2.0434912718204488,0.05979850871574189,2.1,1.0,2.0,1.0,1.7506234413965087,0.37437578124514154,2.0,0.0,4.0,4.0,2.7306733167082293,1.4027897836456242,4.0,6.0,10.0,4.0,9.970074812967582,0.05940261565537475,10.0,0.0,0.0,0.0,0.0,0.0,0.0,8.0,16.0,8.0,14.451371571072317,1.817911580151866,16.0,0.0,1.0,1.0,0.24937655860349128,0.37437578124514154,0.0,0.0,3.0,3.0,1.7281795511221945,0.8877929863620252,2.0,0.0,4.0,4.0,0.029925187032418952,0.059402615655375274,0.0,0.0,0.0,0.0,0.0,0.0,0.0,1.0,4.0,3.0,2.007481296758105,0.5099843906443369,2.0,10.73,34.7633333333,24.033333333299996,29.211820448861094,6.701384070986,34.7633333333,0.0,0.464,0.464,0.23257855361596008,0.23199855722290283,0.464,0.0,2.1106628,2.1106628,0.01579049476309227,0.031344722771624554,0.0,152.0,229.0,77.0,174.16708229426433,26.17351882140036,152.0,1.7506234413965087,2.7306733167082293,9.970074812967582,0.0,0.12113891285591029,0.18895599654874895,0.689905090595341,0.0,8.91688639429669,0.11512309124398422,0.03,1.0,0.0,0.24937655860349128,0.24189526184538654,0.5012468827930174,623.0,0.0,0.11499999999999999
Enhanced thermoelectric performance in Bi-doped p-type AgSbTe2 compounds.pdf,10.1063/1.4828478,AgSbTe2,AgSbTe2,AgSbTe2,,,,,,Table 1,,,164.0,uV/K,False,47.0,52.0,5.0,50.5,1.75,52.0,65.0,90.0,25.0,82.5,8.75,90.0,107.8682,127.6,19.731799999999993,121.20705,6.669425,127.6,722.66,1234.93,512.2700000000001,896.0074999999999,173.34750000000003,722.66,11.0,16.0,5.0,14.5,1.75,16.0,5.0,5.0,0.0,5.0,0.0,5.0,138.0,145.0,7.0,140.0,2.5,138.0,1.93,2.1,0.17000000000000015,2.045,0.05750000000000005,2.1,1.0,2.0,1.0,1.75,0.375,2.0,0.0,4.0,4.0,2.75,1.375,4.0,10.0,10.0,0.0,10.0,0.0,10.0,0.0,0.0,0.0,0.0,0.0,0.0,11.0,16.0,5.0,14.5,1.75,16.0,0.0,1.0,1.0,0.25,0.375,0.0,0.0,3.0,3.0,1.75,0.875,2.0,0.0,0.0,0.0,0.0,0.0,0.0,0.0,0.0,0.0,0.0,0.0,0.0,1.0,3.0,2.0,2.0,0.5,2.0,16.33,34.7633333333,18.4333333333,29.35416666665,6.512083333324999,34.7633333333,0.0,0.464,0.464,0.232,0.232,0.464,0.0,0.0,0.0,0.0,0.0,0.0,152.0,225.0,73.0,173.75,25.625,152.0,1.75,2.75,10.0,0.0,0.1206896551724138,0.1896551724137931,0.6896551724137931,0.0,8.644719482306641,0.11200000000000014,,0.0,0.0,0.25,0.25,0.5,300.0,,
Enhanced thermoelectric performance in Bi-doped p-type AgSbTe2 compounds.pdf,10.1063/1.4828478,AgSbTe2,AgBi0.03Sb0.97Te2,AgBi0.03Sb0.97Te2,Bi,0.03,Sb,,Bi (0.03) @ Sb site,Table 1,,,244.0,uV/K,False,47.0,83.0,36.0,50.74,1.869999999999999,52.0,65.0,90.0,25.0,82.5075,8.753750000000004,90.0,107.8682,208.9804,101.1122,121.861203,7.045584954999996,127.6,544.4,1234.93,690.5300000000001,893.31215,175.88583225000002,722.66,11.0,16.0,5.0,14.5,1.75,16.0,5.0,6.0,1.0,5.0075,0.014887500000000279,5.0,138.0,148.0,10.0,140.0675,2.585237499999998,138.0,1.93,2.1,0.17000000000000015,2.044775,0.05775912500000001,2.1,1.0,2.0,1.0,1.75,0.375,2.0,0.0,4.0,4.0,2.75,1.375,4.0,10.0,10.0,0.0,10.0,0.0,10.0,0.0,14.0,14.0,0.105,0.208425,0.0,11.0,29.0,18.0,14.605,1.8024999999999998,16.0,0.0,1.0,1.0,0.25,0.375,0.0,0.0,3.0,3.0,1.75,0.875,2.0,0.0,0.0,0.0,0.0,0.0,0.0,0.0,0.0,0.0,0.0,0.0,0.0,1.0,3.0,2.0,2.0,0.5,2.0,16.33,34.7633333333,18.4333333333,29.364591666649996,6.517295833325001,34.7633333333,0.0,0.464,0.464,0.232,0.232,0.464,0.0,0.0,0.0,0.0,0.0,0.0,12.0,225.0,213.0,172.595,26.2025,152.0,1.75,2.75,10.0,0.105,0.11982197877439232,0.18829168093118795,0.6846970215679562,0.00718931872646354,8.924796662406377,0.11170447992682603,0.03,1.0,0.0,0.25,0.2425,0.5,300.0,0.0,0.2699999999999999
Enhanced thermoelectric performance in Bi-doped p-type AgSbTe2 compounds.pdf,10.1063/1.4828478,AgSbTe2,AgBi0.05Sb0.95Te2,AgBi0.05Sb0.95Te2,Bi,0.05,Sb,,Bi (0.05) @ Sb site,Table 1,,,200.99999999999997,uV/K,False,47.0,83.0,36.0,50.9,1.9500000000000008,52.0,65.0,90.0,25.0,82.5125,8.756249999999998,90.0,107.8682,208.9804,101.1122,122.297305,7.469772374999995,127.6,544.4,1234.93,690.5300000000001,891.5152499999999,177.53313125,722.66,11.0,16.0,5.0,14.5,1.75,16.0,5.0,6.0,1.0,5.0125,0.024687500000000175,5.0,138.0,148.0,10.0,140.1125,2.640937500000005,138.0,1.93,2.1,0.17000000000000015,2.044625,0.05792812500000005,2.1,1.0,2.0,1.0,1.75,0.375,2.0,0.0,4.0,4.0,2.75,1.375,4.0,10.0,10.0,0.0,10.0,0.0,10.0,0.0,14.0,14.0,0.17500000000000002,0.34562500000000007,0.0,11.0,29.0,18.0,14.675,1.8374999999999997,16.0,0.0,1.0,1.0,0.25,0.375,0.0,0.0,3.0,3.0,1.75,0.875,2.0,0.0,0.0,0.0,0.0,0.0,0.0,0.0,0.0,0.0,0.0,0.0,0.0,1.0,3.0,2.0,2.0,0.5,2.0,16.33,34.7633333333,18.4333333333,29.371541666649996,6.520770833325001,34.7633333333,0.0,0.464,0.464,0.232,0.232,0.464,0.0,0.0,0.0,0.0,0.0,0.0,12.0,225.0,213.0,171.825,26.587499999999995,152.0,1.75,2.75,10.0,0.17500000000000002,0.11925042589437819,0.18739352640545143,0.6814310051107325,0.01192504258943782,9.05735637478225,0.111525507677068,0.05,1.0,0.0,0.25,0.2375,0.5,300.0,0.0,0.2699999999999999
Enhanced thermoelectric performance in Bi-doped p-type AgSbTe2 compounds.pdf,10.1063/1.4828478,AgSbTe2,AgBi0.07Sb0.93Te2,AgBi0.07Sb0.93Te2,Bi,0.07,Sb,,Bi (0.07) @ Sb site,Table 1,,,222.0,uV/K,False,47.0,83.0,36.0,51.06,2.0579,52.0,65.0,90.0,25.0,82.5175,8.758750000000001,90.0,107.8682,208.9804,101.1122,122.733407,7.885237754999996,127.6,544.4,1234.93,690.5300000000001,889.7183499999999,179.14449225000004,722.66,11.0,16.0,5.0,14.5,1.75,16.0,5.0,6.0,1.0,5.0175,0.03438750000000007,5.0,138.0,148.0,10.0,140.1575,2.6957374999999995,138.0,1.93,2.1,0.17000000000000015,2.0444750000000003,0.0580941249999999,2.1,1.0,2.0,1.0,1.75,0.375,2.0,0.0,4.0,4.0,2.75,1.375,4.0,10.0,10.0,0.0,10.0,0.0,10.0,0.0,14.0,14.0,0.24500000000000002,0.48142500000000005,0.0,11.0,29.0,18.0,14.745000000000001,1.8724999999999994,16.0,0.0,1.0,1.0,0.25,0.375,0.0,0.0,3.0,3.0,1.75,0.875,2.0,0.0,0.0,0.0,0.0,0.0,0.0,0.0,0.0,0.0,0.0,0.0,0.0,1.0,3.0,2.0,2.0,0.5,2.0,16.33,34.7633333333,18.4333333333,29.37849166665,6.524245833324999,34.7633333333,0.0,0.464,0.464,0.232,0.23200000000000004,0.464,0.0,0.0,0.0,0.0,0.0,0.0,12.0,225.0,213.0,171.055,26.972500000000004,152.0,1.75,2.75,10.0,0.24500000000000002,0.1186842997626314,0.18650389962699218,0.6781959986436079,0.016615801966768397,9.171937367968965,0.11136068389567841,0.07,1.0,0.0,0.25,0.2325,0.5,300.0,0.0,0.2699999999999999
Enhanced thermoelectric performance in Bi-doped p-type AgSbTe2 compounds.pdf,10.1063/1.4828478,AgSbTe2,AgBi0.1Sb0.9Te2,AgBi0.1Sb0.9Te2,Bi,0.1,Sb,,Bi (0.1) @ Sb site,Table 1,,,171.99999999999997,uV/K,False,47.0,83.0,36.0,51.3,2.285,52.0,65.0,90.0,25.0,82.525,8.762499999999998,90.0,107.8682,208.9804,101.1122,123.38756000000001,8.492081999999995,127.6,544.4,1234.93,690.5300000000001,887.0229999999999,181.49415000000002,722.66,11.0,16.0,5.0,14.5,1.75,16.0,5.0,6.0,1.0,5.025,0.04875000000000034,5.0,138.0,148.0,10.0,140.22500000000002,2.7762500000000103,138.0,1.93,2.1,0.17000000000000015,2.04425,0.05833750000000006,2.1,1.0,2.0,1.0,1.75,0.375,2.0,0.0,4.0,4.0,2.75,1.375,4.0,10.0,10.0,0.0,10.0,0.0,10.0,0.0,14.0,14.0,0.35000000000000003,0.6825000000000001,0.0,11.0,29.0,18.0,14.85,1.9250000000000003,16.0,0.0,1.0,1.0,0.25,0.375,0.0,0.0,3.0,3.0,1.75,0.875,2.0,0.0,0.0,0.0,0.0,0.0,0.0,0.0,0.0,0.0,0.0,0.0,0.0,1.0,3.0,2.0,2.0,0.5,2.0,16.33,34.7633333333,18.4333333333,29.388916666649997,6.529458333325,34.7633333333,0.0,0.464,0.464,0.232,0.23200000000000004,0.464,0.0,0.0,0.0,0.0,0.0,0.0,12.0,225.0,213.0,169.9,27.550000000000004,152.0,1.75,2.75,10.0,0.35000000000000003,0.11784511784511785,0.1851851851851852,0.6734006734006734,0.023569023569023573,9.320442039809514,0.11113948919449915,0.1,1.0,0.0,0.25,0.225,0.5,300.0,0.0,0.2699999999999999
Enhanced thermoelectric performance in Bi-doped p-type AgSbTe2 compounds.pdf,10.1063/1.4828478,AgSbTe2,"Ag(Sb1-xBix)Te2, x=0",AgSbTe2,Bi,0,Sb,,Bi (0) @ Sb site,table,Table I,,164.0,uV/K,False,47.0,52.0,5.0,50.5,1.75,52.0,65.0,90.0,25.0,82.5,8.75,90.0,107.8682,127.6,19.731799999999993,121.20705,6.669425,127.6,722.66,1234.93,512.2700000000001,896.0074999999999,173.34750000000003,722.66,11.0,16.0,5.0,14.5,1.75,16.0,5.0,5.0,0.0,5.0,0.0,5.0,138.0,145.0,7.0,140.0,2.5,138.0,1.93,2.1,0.17000000000000015,2.045,0.05750000000000005,2.1,1.0,2.0,1.0,1.75,0.375,2.0,0.0,4.0,4.0,2.75,1.375,4.0,10.0,10.0,0.0,10.0,0.0,10.0,0.0,0.0,0.0,0.0,0.0,0.0,11.0,16.0,5.0,14.5,1.75,16.0,0.0,1.0,1.0,0.25,0.375,0.0,0.0,3.0,3.0,1.75,0.875,2.0,0.0,0.0,0.0,0.0,0.0,0.0,0.0,0.0,0.0,0.0,0.0,0.0,1.0,3.0,2.0,2.0,0.5,2.0,16.33,34.7633333333,18.4333333333,29.35416666665,6.512083333324999,34.7633333333,0.0,0.464,0.464,0.232,0.232,0.464,0.0,0.0,0.0,0.0,0.0,0.0,152.0,225.0,73.0,173.75,25.625,152.0,1.75,2.75,10.0,0.0,0.1206896551724138,0.1896551724137931,0.6896551724137931,0.0,8.644719482306641,0.11200000000000014,0.0,1.0,0.0,0.25,0.25,0.5,300.0,0.0,0.2699999999999999
Enhanced thermoelectric performance in Bi-doped p-type AgSbTe2 compounds.pdf,10.1063/1.4828478,AgSbTe2,"Ag(Sb1-xBix)Te2, x=0.03",AgBi0.03Sb0.97Te2,Bi,0.03,Sb,,Bi (0.03) @ Sb site,table,Table I,,244.0,uV/K,False,47.0,83.0,36.0,50.74,1.869999999999999,52.0,65.0,90.0,25.0,82.5075,8.753750000000004,90.0,107.8682,208.9804,101.1122,121.861203,7.045584954999996,127.6,544.4,1234.93,690.5300000000001,893.31215,175.88583225000002,722.66,11.0,16.0,5.0,14.5,1.75,16.0,5.0,6.0,1.0,5.0075,0.014887500000000279,5.0,138.0,148.0,10.0,140.0675,2.585237499999998,138.0,1.93,2.1,0.17000000000000015,2.044775,0.05775912500000001,2.1,1.0,2.0,1.0,1.75,0.375,2.0,0.0,4.0,4.0,2.75,1.375,4.0,10.0,10.0,0.0,10.0,0.0,10.0,0.0,14.0,14.0,0.105,0.208425,0.0,11.0,29.0,18.0,14.605,1.8024999999999998,16.0,0.0,1.0,1.0,0.25,0.375,0.0,0.0,3.0,3.0,1.75,0.875,2.0,0.0,0.0,0.0,0.0,0.0,0.0,0.0,0.0,0.0,0.0,0.0,0.0,1.0,3.0,2.0,2.0,0.5,2.0,16.33,34.7633333333,18.4333333333,29.364591666649996,6.517295833325001,34.7633333333,0.0,0.464,0.464,0.232,0.232,0.464,0.0,0.0,0.0,0.0,0.0,0.0,12.0,225.0,213.0,172.595,26.2025,152.0,1.75,2.75,10.0,0.105,0.11982197877439232,0.18829168093118795,0.6846970215679562,0.00718931872646354,8.924796662406377,0.11170447992682603,0.03,1.0,0.0,0.25,0.2425,0.5,300.0,0.0,0.2699999999999999
Enhanced thermoelectric performance in Bi-doped p-type AgSbTe2 compounds.pdf,10.1063/1.4828478,AgSbTe2,"Ag(Sb1-xBix)Te2, x=0.05",AgBi0.05Sb0.95Te2,Bi,0.05,Sb,,Bi (0.05) @ Sb site,table,Table I,,200.99999999999997,uV/K,False,47.0,83.0,36.0,50.9,1.9500000000000008,52.0,65.0,90.0,25.0,82.5125,8.756249999999998,90.0,107.8682,208.9804,101.1122,122.297305,7.469772374999995,127.6,544.4,1234.93,690.5300000000001,891.5152499999999,177.53313125,722.66,11.0,16.0,5.0,14.5,1.75,16.0,5.0,6.0,1.0,5.0125,0.024687500000000175,5.0,138.0,148.0,10.0,140.1125,2.640937500000005,138.0,1.93,2.1,0.17000000000000015,2.044625,0.05792812500000005,2.1,1.0,2.0,1.0,1.75,0.375,2.0,0.0,4.0,4.0,2.75,1.375,4.0,10.0,10.0,0.0,10.0,0.0,10.0,0.0,14.0,14.0,0.17500000000000002,0.34562500000000007,0.0,11.0,29.0,18.0,14.675,1.8374999999999997,16.0,0.0,1.0,1.0,0.25,0.375,0.0,0.0,3.0,3.0,1.75,0.875,2.0,0.0,0.0,0.0,0.0,0.0,0.0,0.0,0.0,0.0,0.0,0.0,0.0,1.0,3.0,2.0,2.0,0.5,2.0,16.33,34.7633333333,18.4333333333,29.371541666649996,6.520770833325001,34.7633333333,0.0,0.464,0.464,0.232,0.232,0.464,0.0,0.0,0.0,0.0,0.0,0.0,12.0,225.0,213.0,171.825,26.587499999999995,152.0,1.75,2.75,10.0,0.17500000000000002,0.11925042589437819,0.18739352640545143,0.6814310051107325,0.01192504258943782,9.05735637478225,0.111525507677068,0.05,1.0,0.0,0.25,0.2375,0.5,300.0,0.0,0.2699999999999999
Enhanced thermoelectric performance in Bi-doped p-type AgSbTe2 compounds.pdf,10.1063/1.4828478,AgSbTe2,"Ag(Sb1-xBix)Te2, x=0.07",AgBi0.07Sb0.93Te2,Bi,0.07,Sb,,Bi (0.07) @ Sb site,table,Table I,,222.0,uV/K,False,47.0,83.0,36.0,51.06,2.0579,52.0,65.0,90.0,25.0,82.5175,8.758750000000001,90.0,107.8682,208.9804,101.1122,122.733407,7.885237754999996,127.6,544.4,1234.93,690.5300000000001,889.7183499999999,179.14449225000004,722.66,11.0,16.0,5.0,14.5,1.75,16.0,5.0,6.0,1.0,5.0175,0.03438750000000007,5.0,138.0,148.0,10.0,140.1575,2.6957374999999995,138.0,1.93,2.1,0.17000000000000015,2.0444750000000003,0.0580941249999999,2.1,1.0,2.0,1.0,1.75,0.375,2.0,0.0,4.0,4.0,2.75,1.375,4.0,10.0,10.0,0.0,10.0,0.0,10.0,0.0,14.0,14.0,0.24500000000000002,0.48142500000000005,0.0,11.0,29.0,18.0,14.745000000000001,1.8724999999999994,16.0,0.0,1.0,1.0,0.25,0.375,0.0,0.0,3.0,3.0,1.75,0.875,2.0,0.0,0.0,0.0,0.0,0.0,0.0,0.0,0.0,0.0,0.0,0.0,0.0,1.0,3.0,2.0,2.0,0.5,2.0,16.33,34.7633333333,18.4333333333,29.37849166665,6.524245833324999,34.7633333333,0.0,0.464,0.464,0.232,0.23200000000000004,0.464,0.0,0.0,0.0,0.0,0.0,0.0,12.0,225.0,213.0,171.055,26.972500000000004,152.0,1.75,2.75,10.0,0.24500000000000002,0.1186842997626314,0.18650389962699218,0.6781959986436079,0.016615801966768397,9.171937367968965,0.11136068389567841,0.07,1.0,0.0,0.25,0.2325,0.5,300.0,0.0,0.2699999999999999
Enhanced thermoelectric performance in Bi-doped p-type AgSbTe2 compounds.pdf,10.1063/1.4828478,AgSbTe2,"Ag(Sb1-xBix)Te2, x=0.1",AgBi0.1Sb0.9Te2,Bi,0.1,Sb,,Bi (0.1) @ Sb site,table,Table I,,171.99999999999997,uV/K,False,47.0,83.0,36.0,51.3,2.285,52.0,65.0,90.0,25.0,82.525,8.762499999999998,90.0,107.8682,208.9804,101.1122,123.38756000000001,8.492081999999995,127.6,544.4,1234.93,690.5300000000001,887.0229999999999,181.49415000000002,722.66,11.0,16.0,5.0,14.5,1.75,16.0,5.0,6.0,1.0,5.025,0.04875000000000034,5.0,138.0,148.0,10.0,140.22500000000002,2.7762500000000103,138.0,1.93,2.1,0.17000000000000015,2.04425,0.05833750000000006,2.1,1.0,2.0,1.0,1.75,0.375,2.0,0.0,4.0,4.0,2.75,1.375,4.0,10.0,10.0,0.0,10.0,0.0,10.0,0.0,14.0,14.0,0.35000000000000003,0.6825000000000001,0.0,11.0,29.0,18.0,14.85,1.9250000000000003,16.0,0.0,1.0,1.0,0.25,0.375,0.0,0.0,3.0,3.0,1.75,0.875,2.0,0.0,0.0,0.0,0.0,0.0,0.0,0.0,0.0,0.0,0.0,0.0,0.0,1.0,3.0,2.0,2.0,0.5,2.0,16.33,34.7633333333,18.4333333333,29.388916666649997,6.529458333325,34.7633333333,0.0,0.464,0.464,0.232,0.23200000000000004,0.464,0.0,0.0,0.0,0.0,0.0,0.0,12.0,225.0,213.0,169.9,27.550000000000004,152.0,1.75,2.75,10.0,0.35000000000000003,0.11784511784511785,0.1851851851851852,0.6734006734006734,0.023569023569023573,9.320442039809514,0.11113948919449915,0.1,1.0,0.0,0.25,0.225,0.5,300.0,0.0,0.2699999999999999
Enhanced thermoelectric performance in Na-doped p-type nonstoichiometric AgSbTe2 compound.pdf,10.1016/j.jallcom.2010.10.131,AgSbTe2,AgSbTe2,AgSbTe2,,,,,,figure,Fig. 5b,Visually estimated from Fig. 5b,250.0,uV/K,False,47.0,52.0,5.0,50.5,1.75,52.0,65.0,90.0,25.0,82.5,8.75,90.0,107.8682,127.6,19.731799999999993,121.20705,6.669425,127.6,722.66,1234.93,512.2700000000001,896.0074999999999,173.34750000000003,722.66,11.0,16.0,5.0,14.5,1.75,16.0,5.0,5.0,0.0,5.0,0.0,5.0,138.0,145.0,7.0,140.0,2.5,138.0,1.93,2.1,0.17000000000000015,2.045,0.05750000000000005,2.1,1.0,2.0,1.0,1.75,0.375,2.0,0.0,4.0,4.0,2.75,1.375,4.0,10.0,10.0,0.0,10.0,0.0,10.0,0.0,0.0,0.0,0.0,0.0,0.0,11.0,16.0,5.0,14.5,1.75,16.0,0.0,1.0,1.0,0.25,0.375,0.0,0.0,3.0,3.0,1.75,0.875,2.0,0.0,0.0,0.0,0.0,0.0,0.0,0.0,0.0,0.0,0.0,0.0,0.0,1.0,3.0,2.0,2.0,0.5,2.0,16.33,34.7633333333,18.4333333333,29.35416666665,6.512083333324999,34.7633333333,0.0,0.464,0.464,0.232,0.232,0.464,0.0,0.0,0.0,0.0,0.0,0.0,152.0,225.0,73.0,173.75,25.625,152.0,1.75,2.75,10.0,0.0,0.1206896551724138,0.1896551724137931,0.6896551724137931,0.0,8.644719482306641,0.11200000000000014,,0.0,0.0,0.25,0.25,0.5,300.0,,
Enhanced thermoelectric performance in Na-doped p-type nonstoichiometric AgSbTe2 compound.pdf,10.1016/j.jallcom.2010.10.131,AgSbTe2,Na0.01Ag0.99SbTe2,Na0.01Ag0.99SbTe2,Na,0.01,Ag,,Na (0.01) @ Ag site,figure,Fig. 5b,Visually estimated from Fig. 5b,265.0,uV/K,False,11.0,52.0,41.0,50.41,1.8850000000000016,52.0,2.0,90.0,88.0,82.3425,8.986249999999998,90.0,22.98976928,127.6,104.61023071999999,120.9948539232,6.987719115199999,127.6,370.87,1234.93,864.0600000000001,893.84735,173.80223675000002,722.66,1.0,16.0,15.0,14.475,1.7875,16.0,3.0,5.0,2.0,4.995,0.009974999999999894,5.0,138.0,166.0,28.0,140.0525,2.5787500000000048,138.0,0.93,2.1,1.17,2.0425,0.06125000000000003,2.1,1.0,2.0,1.0,1.75,0.375,2.0,0.0,4.0,4.0,2.75,1.375,4.0,0.0,10.0,10.0,9.975,0.04987500000000036,10.0,0.0,0.0,0.0,0.0,0.0,0.0,1.0,16.0,15.0,14.475,1.7875,16.0,0.0,1.0,1.0,0.25,0.375,0.0,0.0,3.0,3.0,1.75,0.875,2.0,0.0,0.0,0.0,0.0,0.0,0.0,0.0,0.0,0.0,0.0,0.0,0.0,1.0,3.0,2.0,2.0,0.5,2.0,16.33,34.7633333333,18.4333333333,29.38644999998325,6.463658333325124,34.7633333333,0.0,0.464,0.464,0.232,0.232,0.464,0.0,0.0,0.0,0.0,0.0,0.0,152.0,229.0,77.0,173.76,25.639999999999993,152.0,1.75,2.75,9.975,0.0,0.12089810017271158,0.1899827288428325,0.689119170984456,0.0,8.761125148292647,0.11974290904010075,0.01,1.0,0.0,0.2475,0.25,0.5,300.0,0.0,0.13000000000000012
Enhanced thermoelectric performance in Na-doped p-type nonstoichiometric AgSbTe2 compound.pdf,10.1016/j.jallcom.2010.10.131,AgSbTe2,Na0.02Ag0.98SbTe2,Na0.02Ag0.98SbTe2,Na,0.02,Ag,,Na (0.02) @ Ag site,figure,Fig. 5b,Visually estimated from Fig. 5b,274.99999999999994,uV/K,False,11.0,52.0,41.0,50.32,2.0199999999999996,52.0,2.0,90.0,88.0,82.185,9.222499999999998,90.0,22.98976928,127.6,104.61023071999999,120.7826578464,7.306013230399998,127.6,370.87,1234.93,864.0600000000001,891.6872000000001,174.235372,722.66,1.0,16.0,15.0,14.45,1.8250000000000004,16.0,3.0,5.0,2.0,4.99,0.01989999999999979,5.0,138.0,166.0,28.0,140.105,2.657499999999995,138.0,0.93,2.1,1.17,2.04,0.065,2.1,1.0,2.0,1.0,1.75,0.375,2.0,0.0,4.0,4.0,2.75,1.375,4.0,0.0,10.0,10.0,9.95,0.0995000000000007,10.0,0.0,0.0,0.0,0.0,0.0,0.0,1.0,16.0,15.0,14.45,1.8250000000000004,16.0,0.0,1.0,1.0,0.25,0.375,0.0,0.0,3.0,3.0,1.75,0.875,2.0,0.0,0.0,0.0,0.0,0.0,0.0,0.0,0.0,0.0,0.0,0.0,0.0,1.0,3.0,2.0,2.0,0.5,2.0,16.33,34.7633333333,18.4333333333,29.418733333316496,6.415233333325251,34.7633333333,0.0,0.464,0.464,0.232,0.232,0.464,0.0,0.0,0.0,0.0,0.0,0.0,152.0,229.0,77.0,173.77,25.655000000000005,152.0,1.75,2.75,9.95,0.0,0.12110726643598617,0.1903114186851211,0.6885813148788927,0.0,8.848505117923192,0.12742051159454948,0.02,1.0,0.0,0.245,0.25,0.5,300.0,0.0,0.13000000000000012
Enhanced thermoelectric performance in Na-doped p-type nonstoichiometric AgSbTe2 compound.pdf,10.1016/j.jallcom.2010.10.131,AgSbTe2,Na0.01Ag0.99SbTe2.02,Na0.01Ag0.99SbTe2.02,Na,0.01,Ag,Te (0.02) @ interstitial,Na (0.01) @ Ag site; Te (0.02) @ interstitial site,figure,Fig. 5b,Visually estimated from Fig. 5b,254.99999999999997,uV/K,False,11.0,52.0,41.0,50.4179104477612,1.879557436697108,52.0,2.0,90.0,88.0,82.38059701492539,8.960496027326052,90.0,22.98976928,127.6,104.61023071999999,121.02771534646767,6.969303310282412,127.6,370.87,1234.93,864.0600000000001,892.9956716417911,173.78075295165968,722.66,1.0,16.0,15.0,14.482587064676618,1.7823816242172217,16.0,3.0,5.0,2.0,4.9950248756218905,0.009925496893641335,5.0,138.0,166.0,28.0,140.04228855721396,2.5710007178040324,138.0,0.93,2.1,1.17,2.0427860696517413,0.06108759684166238,2.1,1.0,2.0,1.0,1.7512437810945276,0.3737531249226504,2.0,0.0,4.0,4.0,2.756218905472637,1.371253186802307,4.0,0.0,10.0,10.0,9.975124378109452,0.04962748446820668,10.0,0.0,0.0,0.0,0.0,0.0,0.0,1.0,16.0,15.0,14.482587064676618,1.7823816242172217,16.0,0.0,1.0,1.0,0.24875621890547267,0.3737531249226505,0.0,0.0,3.0,3.0,1.7512437810945276,0.8712655627335957,2.0,0.0,0.0,0.0,0.0,0.0,0.0,0.0,0.0,0.0,0.0,0.0,0.0,1.0,3.0,2.0,2.0,0.49751243781094534,2.0,16.33,34.7633333333,18.4333333333,29.413200663333086,6.444809616915463,34.7633333333,0.0,0.464,0.464,0.23315422885572143,0.23199425756788203,0.464,0.0,0.0,0.0,0.0,0.0,0.0,152.0,229.0,77.0,173.65174129353233,25.566297863914258,152.0,1.7512437810945276,2.756218905472637,9.975124378109452,0.0,0.12092064582617658,0.1903126073514256,0.6887667468223977,0.0,8.746106931104043,0.11970534069981596,0.01,2.0,1.0,0.24626865671641793,0.24875621890547267,0.5024875621890548,300.0,0.0,0.13000000000000012
Enhanced thermoelectric performance in Na-doped p-type nonstoichiometric AgSbTe2 compound.pdf,10.1016/j.jallcom.2010.10.131,AgSbTe2,Na0.02Ag0.98SbTe2.02,Na0.02Ag0.98SbTe2.02,Na,0.02,Ag,Te (0.02) @ interstitial,Na (0.02) @ Ag site; Te (0.02) @ interstitial site,figure,Fig. 5b,Visually estimated from Fig. 5b,239.99999999999997,uV/K,False,11.0,52.0,41.0,50.32835820895523,2.014108561669263,52.0,2.0,90.0,88.0,82.22388059701494,9.19596049602732,90.0,22.98976928,127.6,104.61023071999999,120.81657497154231,7.286539097483714,127.6,370.87,1234.93,864.0600000000001,890.8462686567166,174.1969094824386,722.66,1.0,16.0,15.0,14.45771144278607,1.8197569367094868,16.0,3.0,5.0,2.0,4.990049751243782,0.019801490062126472,5.0,138.0,166.0,28.0,140.09452736318408,2.6494888740377744,138.0,0.93,2.1,1.17,2.040298507462687,0.06482512809088868,2.1,1.0,2.0,1.0,1.7512437810945276,0.3737531249226504,2.0,0.0,4.0,4.0,2.756218905472637,1.371253186802307,4.0,0.0,10.0,10.0,9.950248756218906,0.09900745031063499,10.0,0.0,0.0,0.0,0.0,0.0,0.0,1.0,16.0,15.0,14.45771144278607,1.8197569367094868,16.0,0.0,1.0,1.0,0.24875621890547267,0.3737531249226505,0.0,0.0,3.0,3.0,1.7512437810945276,0.8712655627335957,2.0,0.0,0.0,0.0,0.0,0.0,0.0,0.0,0.0,0.0,0.0,0.0,0.0,1.0,3.0,2.0,2.0,0.49751243781094534,2.0,16.33,34.7633333333,18.4333333333,29.445323383067663,6.396545630050576,34.7633333333,0.0,0.464,0.464,0.23315422885572143,0.23199425756788203,0.464,0.0,0.0,0.0,0.0,0.0,0.0,152.0,229.0,77.0,173.6616915422886,25.581247988911183,152.0,1.7512437810945276,2.756218905472637,9.950248756218906,0.0,0.12112869924294564,0.19064005505849965,0.6882312456985548,0.0,8.83305217451752,0.12736184678630735,0.02,2.0,1.0,0.2437810945273632,0.24875621890547267,0.5024875621890548,300.0,0.0,0.13000000000000012
Enhanced thermoelectric performance of p-type sintered BiSbTe-based composites with AgSbTe2 addition.pdf,10.1016/j.ceramint.2020.08.182,BST (Bi0.5Sb1.5Te3) with AgSbTe2 addition,BST-0 wt% AgSbTe2,Bi0.48Sb1.52Te3,AgSbTe2,0 wt%,unclear,,AgSbTe2 (0 wt%) @ unclear site,body text,,,205.0,uV/K,False,51.0,83.0,32.0,54.672000000000004,5.438976000000003,52.0,85.0,90.0,5.0,88.096,2.2847999999999993,90.0,121.76,208.9804,87.2204,133.6371584,14.465902387200007,127.6,544.4,903.78,359.38,760.6075199999999,87.04886783999999,722.66,15.0,16.0,1.0,15.6,0.4800000000000001,16.0,5.0,6.0,1.0,5.096,0.17356800000000006,5.0,138.0,148.0,10.0,139.26399999999998,1.677311999999985,138.0,2.02,2.1,0.08000000000000007,2.07712,0.027456000000000137,2.1,2.0,2.0,0.0,2.0,0.0,2.0,3.0,4.0,1.0,3.6,0.48,4.0,10.0,10.0,0.0,10.0,0.0,10.0,0.0,14.0,14.0,1.3439999999999999,2.429952,0.0,15.0,29.0,14.0,16.944,2.3147519999999995,16.0,0.0,0.0,0.0,0.0,0.0,0.0,2.0,3.0,1.0,2.4,0.48,2.0,0.0,0.0,0.0,0.0,0.0,0.0,0.0,0.0,0.0,0.0,0.0,0.0,2.0,3.0,1.0,2.4,0.48,2.0,31.56,34.7633333333,3.203333333299998,33.61543999998,1.3774719999839986,34.7633333333,0.0,0.464,0.464,0.27840000000000004,0.22271999999999997,0.464,0.0,0.0,0.0,0.0,0.0,0.0,12.0,166.0,154.0,142.81599999999997,25.116672000000023,152.0,2.0,3.6,10.0,1.3439999999999999,0.11803588290840417,0.21246458923512748,0.5901794145420208,0.07932011331444759,7.428503731470032,0.054251069900142834,0.0,1.0,0.0,0.0,0.304,0.6,300.0,,
Enhanced thermoelectric performance of p-type sintered BiSbTe-based composites with AgSbTe2 addition.pdf,10.1016/j.ceramint.2020.08.182,BST (Bi0.5Sb1.5Te3) with AgSbTe2 addition,BST-0 wt% AgSbTe2,Bi0.48Sb1.52Te3,Ag,0 wt%,unclear,,Ag (0 wt%) @ unclear site,body text,,Room temperature value,205.0,uV/K,False,51.0,83.0,32.0,54.672000000000004,5.438976000000003,52.0,85.0,90.0,5.0,88.096,2.2847999999999993,90.0,121.76,208.9804,87.2204,133.6371584,14.465902387200007,127.6,544.4,903.78,359.38,760.6075199999999,87.04886783999999,722.66,15.0,16.0,1.0,15.6,0.4800000000000001,16.0,5.0,6.0,1.0,5.096,0.17356800000000006,5.0,138.0,148.0,10.0,139.26399999999998,1.677311999999985,138.0,2.02,2.1,0.08000000000000007,2.07712,0.027456000000000137,2.1,2.0,2.0,0.0,2.0,0.0,2.0,3.0,4.0,1.0,3.6,0.48,4.0,10.0,10.0,0.0,10.0,0.0,10.0,0.0,14.0,14.0,1.3439999999999999,2.429952,0.0,15.0,29.0,14.0,16.944,2.3147519999999995,16.0,0.0,0.0,0.0,0.0,0.0,0.0,2.0,3.0,1.0,2.4,0.48,2.0,0.0,0.0,0.0,0.0,0.0,0.0,0.0,0.0,0.0,0.0,0.0,0.0,2.0,3.0,1.0,2.4,0.48,2.0,31.56,34.7633333333,3.203333333299998,33.61543999998,1.3774719999839986,34.7633333333,0.0,0.464,0.464,0.27840000000000004,0.22271999999999997,0.464,0.0,0.0,0.0,0.0,0.0,0.0,12.0,166.0,154.0,142.81599999999997,25.116672000000023,152.0,2.0,3.6,10.0,1.3439999999999999,0.11803588290840417,0.21246458923512748,0.5901794145420208,0.07932011331444759,7.428503731470032,0.054251069900142834,0.0,1.0,0.0,0.0,0.304,0.6,300.0,,
Enhanced thermoelectric performance of.pdf,10.1063/1.3106102,AgSbTe2,AgSbTe2 synthesized by HPHT,AgSbTe2,,,,,,figure,Fig. 3,Visually estimated from Fig. 3,155.0,uV/K,False,47.0,52.0,5.0,50.5,1.75,52.0,65.0,90.0,25.0,82.5,8.75,90.0,107.8682,127.6,19.731799999999993,121.20705,6.669425,127.6,722.66,1234.93,512.2700000000001,896.0074999999999,173.34750000000003,722.66,11.0,16.0,5.0,14.5,1.75,16.0,5.0,5.0,0.0,5.0,0.0,5.0,138.0,145.0,7.0,140.0,2.5,138.0,1.93,2.1,0.17000000000000015,2.045,0.05750000000000005,2.1,1.0,2.0,1.0,1.75,0.375,2.0,0.0,4.0,4.0,2.75,1.375,4.0,10.0,10.0,0.0,10.0,0.0,10.0,0.0,0.0,0.0,0.0,0.0,0.0,11.0,16.0,5.0,14.5,1.75,16.0,0.0,1.0,1.0,0.25,0.375,0.0,0.0,3.0,3.0,1.75,0.875,2.0,0.0,0.0,0.0,0.0,0.0,0.0,0.0,0.0,0.0,0.0,0.0,0.0,1.0,3.0,2.0,2.0,0.5,2.0,16.33,34.7633333333,18.4333333333,29.35416666665,6.512083333324999,34.7633333333,0.0,0.464,0.464,0.232,0.232,0.464,0.0,0.0,0.0,0.0,0.0,0.0,152.0,225.0,73.0,173.75,25.625,152.0,1.75,2.75,10.0,0.0,0.1206896551724138,0.1896551724137931,0.6896551724137931,0.0,8.644719482306641,0.11200000000000014,,0.0,0.0,0.25,0.25,0.5,300.0,,
Enhanced thermoelectric performance of.pdf,10.1063/1.3106102,AgSbTe2,AgSbTe2 synthesized by HPHT,AgSbTe2,,,,,,figure,Fig. 3,Visually estimated from Fig. 3,215.0,uV/K,False,47.0,52.0,5.0,50.5,1.75,52.0,65.0,90.0,25.0,82.5,8.75,90.0,107.8682,127.6,19.731799999999993,121.20705,6.669425,127.6,722.66,1234.93,512.2700000000001,896.0074999999999,173.34750000000003,722.66,11.0,16.0,5.0,14.5,1.75,16.0,5.0,5.0,0.0,5.0,0.0,5.0,138.0,145.0,7.0,140.0,2.5,138.0,1.93,2.1,0.17000000000000015,2.045,0.05750000000000005,2.1,1.0,2.0,1.0,1.75,0.375,2.0,0.0,4.0,4.0,2.75,1.375,4.0,10.0,10.0,0.0,10.0,0.0,10.0,0.0,0.0,0.0,0.0,0.0,0.0,11.0,16.0,5.0,14.5,1.75,16.0,0.0,1.0,1.0,0.25,0.375,0.0,0.0,3.0,3.0,1.75,0.875,2.0,0.0,0.0,0.0,0.0,0.0,0.0,0.0,0.0,0.0,0.0,0.0,0.0,1.0,3.0,2.0,2.0,0.5,2.0,16.33,34.7633333333,18.4333333333,29.35416666665,6.512083333324999,34.7633333333,0.0,0.464,0.464,0.232,0.232,0.464,0.0,0.0,0.0,0.0,0.0,0.0,152.0,225.0,73.0,173.75,25.625,152.0,1.75,2.75,10.0,0.0,0.1206896551724138,0.1896551724137931,0.6896551724137931,0.0,8.644719482306641,0.11200000000000014,,0.0,0.0,0.25,0.25,0.5,513.0,,
Enhanced thermoelectric properties of AgSbTe2 obtained by controlling heterophases with Ce doping.pdf,10.1038/s41598-017-04885-1,AgSbTe2,AgSbTe2,AgSbTe2,,,,,,figure,Fig. 4b,Visually estimated from Fig. 4b,250.0,uV/K,False,47.0,52.0,5.0,50.5,1.75,52.0,65.0,90.0,25.0,82.5,8.75,90.0,107.8682,127.6,19.731799999999993,121.20705,6.669425,127.6,722.66,1234.93,512.2700000000001,896.0074999999999,173.34750000000003,722.66,11.0,16.0,5.0,14.5,1.75,16.0,5.0,5.0,0.0,5.0,0.0,5.0,138.0,145.0,7.0,140.0,2.5,138.0,1.93,2.1,0.17000000000000015,2.045,0.05750000000000005,2.1,1.0,2.0,1.0,1.75,0.375,2.0,0.0,4.0,4.0,2.75,1.375,4.0,10.0,10.0,0.0,10.0,0.0,10.0,0.0,0.0,0.0,0.0,0.0,0.0,11.0,16.0,5.0,14.5,1.75,16.0,0.0,1.0,1.0,0.25,0.375,0.0,0.0,3.0,3.0,1.75,0.875,2.0,0.0,0.0,0.0,0.0,0.0,0.0,0.0,0.0,0.0,0.0,0.0,0.0,1.0,3.0,2.0,2.0,0.5,2.0,16.33,34.7633333333,18.4333333333,29.35416666665,6.512083333324999,34.7633333333,0.0,0.464,0.464,0.232,0.232,0.464,0.0,0.0,0.0,0.0,0.0,0.0,152.0,225.0,73.0,173.75,25.625,152.0,1.75,2.75,10.0,0.0,0.1206896551724138,0.1896551724137931,0.6896551724137931,0.0,8.644719482306641,0.11200000000000014,,0.0,0.0,0.25,0.25,0.5,300.0,,
Enhanced thermoelectric properties of AgSbTe2 obtained by controlling heterophases with Ce doping.pdf,10.1038/s41598-017-04885-1,AgSbTe2,x=0.001,Ag0.999Ce0.001SbTe2,Ce,x=0.001,unclear,,Ce (x=0.001) @ unclear site,figure,Fig. 4b,Visually estimated from Fig. 4b,199.99999999999997,uV/K,False,47.0,58.0,11.0,50.50275,1.7496236250000006,52.0,15.0,90.0,75.0,82.4875,8.76875,90.0,107.8682,140.116,32.24780000000001,121.21511195,6.666782519025001,127.6,722.66,1234.93,512.2700000000001,895.9665175,173.30651750000004,722.66,3.0,16.0,13.0,14.498000000000001,1.7529999999999994,16.0,5.0,6.0,1.0,5.00025,0.0004998750000003054,5.0,138.0,204.0,66.0,140.01475,2.5221249999999964,138.0,1.12,2.1,0.98,2.0447975,0.057803749999999994,2.1,1.0,2.0,1.0,1.7502499999999999,0.3747498750000001,2.0,0.0,4.0,4.0,2.75,1.375,4.0,1.0,10.0,9.0,9.99775,0.004498875000000085,10.0,0.0,1.0,1.0,0.00025,0.000499875,0.0,4.0,16.0,12.0,14.49825,1.7526249999999997,16.0,0.0,1.0,1.0,0.24975,0.374749875,0.0,0.0,3.0,3.0,1.75,0.875,2.0,0.0,9.0,9.0,0.0022500000000000003,0.004498875,0.0,0.0,13.0,13.0,0.0032500000000000003,0.006498375000000001,0.0,1.0,22.0,21.0,2.00525,0.5073723750000001,2.0,16.33,37.24,20.910000000000004,29.35939416665,6.508182386241674,34.7633333333,0.0,0.464,0.464,0.232,0.232,0.464,0.0,0.0,0.0,0.0,0.0,0.0,152.0,225.0,73.0,173.74225,25.613375000000005,152.0,1.7502499999999999,2.75,9.99775,0.00025,0.1207214663838739,0.18967806459400272,0.6895832255617057,1.724346041763661e-05,8.661155626567053,0.11262533545797562,0.001,1.0,0.0,0.24975,0.25,0.5,300.0,,
Enhanced thermoelectric properties of AgSbTe2 obtained by controlling heterophases with Ce doping.pdf,10.1038/s41598-017-04885-1,AgSbTe2,x=0.002,Ag0.998Ce0.002SbTe2,Ce,x=0.002,unclear,,Ce (x=0.002) @ unclear site,figure,Fig. 4b,Visually estimated from Fig. 4b,179.99999999999997,uV/K,False,47.0,58.0,11.0,50.5055,1.749244500000001,52.0,15.0,90.0,75.0,82.475,8.787500000000003,90.0,107.8682,140.116,32.24780000000001,121.2231739,6.664131976099995,127.6,722.66,1234.93,512.2700000000001,895.9255350000001,173.26553500000003,722.66,3.0,16.0,13.0,14.496,1.7559999999999998,16.0,5.0,6.0,1.0,5.0005,0.0009994999999997233,5.0,138.0,204.0,66.0,140.02949999999998,2.544249999999992,138.0,1.12,2.1,0.98,2.044595,0.05810749999999994,2.1,1.0,2.0,1.0,1.7505,0.37449950000000004,2.0,0.0,4.0,4.0,2.75,1.375,4.0,1.0,10.0,9.0,9.9955,0.00899550000000017,10.0,0.0,1.0,1.0,0.0005,0.0009995,0.0,4.0,16.0,12.0,14.4965,1.7552500000000002,16.0,0.0,1.0,1.0,0.2495,0.3744995,0.0,0.0,3.0,3.0,1.75,0.875,2.0,0.0,9.0,9.0,0.0045000000000000005,0.0089955,0.0,0.0,13.0,13.0,0.006500000000000001,0.012993500000000002,0.0,1.0,22.0,21.0,2.0105,0.5147394999999999,2.0,16.33,37.24,20.910000000000004,29.36462166665,6.504276211658349,34.7633333333,0.0,0.464,0.464,0.232,0.232,0.464,0.0,0.0,0.0,0.0,0.0,0.0,152.0,225.0,73.0,173.7345,25.60175,152.0,1.7505,2.75,9.9955,0.0005,0.12075328527575623,0.18970096230124514,0.6895112613389439,3.449108405477184e-05,8.674708116969997,0.11325014254309693,0.002,1.0,0.0,0.2495,0.25,0.5,300.0,,
Enhanced thermoelectric properties of AgSbTe2 obtained by controlling heterophases with Ce doping.pdf,10.1038/s41598-017-04885-1,AgSbTe2,x=0.003,Ag0.997Ce0.003SbTe2,Ce,x=0.003,unclear,,Ce (x=0.003) @ unclear site,figure,Fig. 4b,Visually estimated from Fig. 4b,150.0,uV/K,False,47.0,58.0,11.0,50.508250000000004,1.748862624999998,52.0,15.0,90.0,75.0,82.4625,8.806249999999997,90.0,107.8682,140.116,32.24780000000001,121.23123585,6.6614733712249965,127.6,722.66,1234.93,512.2700000000001,895.8845524999999,173.22455250000002,722.66,3.0,16.0,13.0,14.494,1.7590000000000001,16.0,5.0,6.0,1.0,5.00075,0.0014988750000000284,5.0,138.0,204.0,66.0,140.04425,2.5663750000000025,138.0,1.12,2.1,0.98,2.0443925,0.058411250000000095,2.1,1.0,2.0,1.0,1.75075,0.37424887500000004,2.0,0.0,4.0,4.0,2.75,1.375,4.0,1.0,10.0,9.0,9.99325,0.013489875000000255,10.0,0.0,1.0,1.0,0.00075,0.0014988750000000002,0.0,4.0,16.0,12.0,14.49475,1.757875,16.0,0.0,1.0,1.0,0.24925,0.37424887500000004,0.0,0.0,3.0,3.0,1.75,0.875,2.0,0.0,9.0,9.0,0.00675,0.013489875,0.0,0.0,13.0,13.0,0.00975,0.019485375,0.0,1.0,22.0,21.0,2.0157499999999997,0.5221013749999999,2.0,16.33,37.24,20.910000000000004,29.36984916665,6.500364809575023,34.7633333333,0.0,0.464,0.464,0.232,0.232,0.464,0.0,0.0,0.0,0.0,0.0,0.0,152.0,225.0,73.0,173.72674999999998,25.590124999999993,152.0,1.75075,2.75,9.99325,0.00075,0.12078511185084255,0.1897238655375222,0.6894392797392159,5.174287241932424e-05,8.68717089280856,0.113874422320568,0.003,1.0,0.0,0.24925,0.25,0.5,300.0,,
Enhanced thermoelectric properties of AgSbTe2 obtained by controlling heterophases with Ce doping.pdf,10.1038/s41598-017-04885-1,AgSbTe2,x=0.004,Ag0.996Ce0.004SbTe2,Ce,x=0.004,unclear,,Ce (x=0.004) @ unclear site,figure,Fig. 4b,Visually estimated from Fig. 4b,130.0,uV/K,False,47.0,58.0,11.0,50.510999999999996,1.7484780000000022,52.0,15.0,90.0,75.0,82.45,8.825,90.0,107.8682,140.116,32.24780000000001,121.2392978,6.658806704399996,127.6,722.66,1234.93,512.2700000000001,895.84357,173.18357000000003,722.66,3.0,16.0,13.0,14.492,1.7619999999999996,16.0,5.0,6.0,1.0,5.001,0.0019980000000003333,5.0,138.0,204.0,66.0,140.059,2.588499999999999,138.0,1.12,2.1,0.98,2.04419,0.05871500000000004,2.1,1.0,2.0,1.0,1.751,0.37399800000000005,2.0,0.0,4.0,4.0,2.75,1.375,4.0,1.0,10.0,9.0,9.991,0.017982000000000338,10.0,0.0,1.0,1.0,0.001,0.0019979999999999998,0.0,4.0,16.0,12.0,14.493,1.7605,16.0,0.0,1.0,1.0,0.249,0.373998,0.0,0.0,3.0,3.0,1.75,0.875,2.0,0.0,9.0,9.0,0.009000000000000001,0.017981999999999998,0.0,0.0,13.0,13.0,0.013000000000000001,0.025974000000000004,0.0,1.0,22.0,21.0,2.021,0.529458,2.0,16.33,37.24,20.910000000000004,29.375076666649996,6.496448179991701,34.7633333333,0.0,0.464,0.464,0.232,0.232,0.464,0.0,0.0,0.0,0.0,0.0,0.0,152.0,225.0,73.0,173.719,25.5785,152.0,1.751,2.75,9.991,0.001,0.12081694611191608,0.1897467743048368,0.6893672807562271,6.899882701994065e-05,8.698925274181368,0.1144981758534801,0.004,1.0,0.0,0.249,0.25,0.5,300.0,,
Entropy engineering enhances the thermoelectric performance and microhardness of (GeTe)1−x(AgSb0.5Bi0.5Te2)x.pdf,10.1007/s40843-022-2211-8,GeTe-AgSbTe2-AgBiTe2 system,(GeTe)0.70(AgSb0.5Bi0.5Te2)0.30,(GeTe)0.70(AgSb0.5Bi0.5Te2)0.30,Bi,50% of Sb,Sb,,Bi (50% of Sb) @ Sb site,body text,,,245.6,uV/K,False,32.0,83.0,51.0,47.769230769230774,8.668639053254436,52.0,65.0,90.0,25.0,83.63461538461539,6.79585798816568,90.0,72.64,208.9804,136.3404,114.88443076923076,24.366131360946746,127.6,544.4,1234.93,690.5300000000001,913.5169230769231,234.57082840236694,722.66,11.0,16.0,5.0,14.769230769230768,1.2840236686390536,16.0,4.0,6.0,2.0,4.788461538461539,0.42455621301775115,5.0,120.0,148.0,28.0,134.59615384615387,7.859467455621291,138.0,1.93,2.1,0.17000000000000015,2.0486538461538464,0.05150147928994091,2.1,1.0,2.0,1.0,1.8846153846153846,0.2041420118343196,2.0,0.0,4.0,4.0,2.884615384615385,1.1420118343195267,4.0,10.0,10.0,0.0,10.000000000000002,1.7763568394002505e-15,10.0,0.0,14.0,14.0,0.8076923076923078,1.5221893491124263,0.0,11.0,29.0,18.0,15.576923076923077,1.9718934911242607,16.0,0.0,1.0,1.0,0.11538461538461539,0.2041420118343196,0.0,0.0,4.0,4.0,2.4230769230769234,0.9822485207100594,2.0,0.0,0.0,0.0,0.0,0.0,0.0,0.0,0.0,0.0,0.0,0.0,0.0,1.0,4.0,3.0,2.5384615384615388,0.893491124260355,2.0,16.33,34.7633333333,18.4333333333,29.181282051265377,6.291370808665682,34.7633333333,0.0,0.464,0.464,0.33511538461538465,0.15466863905325445,0.464,0.0,0.0,0.0,0.0,0.0,0.0,12.0,225.0,213.0,172.80769230769232,40.14792899408285,152.0,1.8846153846153846,2.884615384615385,10.000000000000002,0.8076923076923078,0.12098765432098765,0.1851851851851852,0.6419753086419754,0.051851851851851864,10.62734308805415,0.09256467941507329,0.5,1.0,0.0,0.11538461538461539,0.057692307692307696,0.5,300.0,0.0,0.2699999999999999
Excellent thermoelectric performance achieved over broad temperature plateau in indium-doped SnTe-AgSbTe2 alloys.pdf,10.1063/1.5018477,SnTe-AgSbTe2,"(Sn0.995In0.005Te)1-x(Ag0.366Sb0.558Te)x, x=0.05",(Sn0.995In0.005Te)0.95(Ag0.366Sb0.558Te)0.05,In,0.005,Sn,Ag (0.05 * 0.366) @ multiple sites; Sb (0.05 * 0.558) @ multiple sites,In (0.005) @ Sn site; Ag (0.05 * 0.366) @ multiple sites site; Sb (0.05 * 0.558) @ multiple sites site,figure,,Visually estimated from Fig. 4a,160.0,uV/K,False,47.0,52.0,5.0,50.985998396954216,1.0163232619685045,52.0,65.0,90.0,25.0,84.92999198477106,5.081616309842523,90.0,107.8682,127.6,19.731799999999993,123.09743766155695,4.51113349207799,127.6,429.75,1234.93,805.1800000000001,626.1611379120328,115.60454715602766,722.66,11.0,16.0,5.0,14.985998396954214,1.0163232619685045,16.0,5.0,5.0,0.0,5.0,0.0,5.0,138.0,145.0,7.0,138.56119126340047,0.5622595565579209,138.0,1.78,2.1,0.32000000000000006,2.0306878068329826,0.06998397290489647,2.1,1.0,2.0,1.0,1.9908325819056207,0.01816675307972428,2.0,0.0,4.0,4.0,2.9951658150485923,1.0068821347676102,4.0,10.0,10.0,0.0,10.0,0.0,10.0,0.0,0.0,0.0,0.0,0.0,0.0,11.0,16.0,5.0,14.985998396954214,1.0163232619685045,16.0,0.0,1.0,1.0,0.00916741809437932,0.018166753079724336,0.0,0.0,5.0,5.0,2.949829676385132,1.0057224320839393,2.0,0.0,0.0,0.0,0.0,0.0,0.0,0.0,0.0,0.0,0.0,0.0,0.0,1.0,5.0,4.0,2.9589970944795114,0.9967405483503519,2.0,16.33,34.7633333333,18.4333333333,33.82455544699929,0.9405649597241773,34.7633333333,0.0,0.464,0.464,0.23244163911431723,0.23199915928833065,0.464,0.0,0.0,0.0,0.0,0.0,0.0,139.0,225.0,86.0,147.62518785692816,6.315427776857784,152.0,1.9908325819056207,2.9951658150485923,10.0,0.0,0.13284617608862428,0.1998642823595481,0.6672895415518275,0.0,6.795730248791316,0.1360377322631075,0.005,3.0,1.0,0.00916741809437932,0.013976555455365197,0.5009518084360285,873.0,,
Excellent thermoelectric performance achieved over broad temperature plateau in indium-doped SnTe-AgSbTe2 alloys.pdf,10.1063/1.5018477,SnTe-AgSbTe2,"(Sn0.995In0.005Te)1-x(Ag0.366Sb0.558Te)x, x=0.20",(Sn0.995In0.005Te)0.8(Ag0.366Sb0.558Te)0.2,In,0.005,Sn,Ag (0.2 * 0.366) @ multiple sites; Sb (0.2 * 0.558) @ multiple sites,In (0.005) @ Sn site; Ag (0.2 * 0.366) @ multiple sites site; Sb (0.2 * 0.558) @ multiple sites site,figure,,Visually estimated from Fig. 4a,175.0,uV/K,False,47.0,52.0,5.0,50.951229343006865,1.062286842315177,52.0,65.0,90.0,25.0,84.75614671503428,5.311434211575892,90.0,107.8682,127.6,19.731799999999993,122.9528417170496,4.682747161376887,127.6,429.75,1234.93,805.1800000000001,663.8862374042725,128.3215537317795,722.66,11.0,16.0,5.0,14.951229343006851,1.062286842315179,16.0,5.0,5.0,0.0,5.0,0.0,5.0,138.0,145.0,7.0,138.7234985892785,0.7290392878663006,138.0,1.78,2.1,0.32000000000000006,2.0341273679967755,0.0681620493095369,2.1,1.0,2.0,1.0,1.9631197097944377,0.07104026879983157,2.0,0.0,4.0,4.0,2.9881096332124146,1.0209767550595328,4.0,10.0,10.0,0.0,10.0,0.0,10.0,0.0,0.0,0.0,0.0,0.0,0.0,11.0,16.0,5.0,14.951229343006851,1.062286842315179,16.0,0.0,1.0,1.0,0.03688029020556228,0.07104026879983157,0.0,0.0,5.0,5.0,2.7906086255542126,1.0025001782998595,2.0,0.0,0.0,0.0,0.0,0.0,0.0,0.0,0.0,0.0,0.0,0.0,0.0,1.0,5.0,4.0,2.827488915759775,0.9686226364302599,2.0,16.33,34.7633333333,18.4333333333,33.289341663291005,1.4852797964621003,34.7633333333,0.0,0.464,0.464,0.23377670294236197,0.23198639364937332,0.464,0.0,0.0,0.0,0.0,0.0,0.0,139.0,225.0,86.0,151.04171704957682,8.102956106067534,152.0,1.9631197097944377,2.9881096332124146,10.0,0.0,0.13130155820348305,0.1998571197498248,0.6688413220466922,0.0,8.379898403275396,0.12430573218831958,0.005,3.0,1.0,0.03688029020556228,0.056227327690447415,0.5038291011688836,873.0,,
First-principles calculation of semiclassical thermoelectric properties of (AgSbSe2)n(AgSbTe2)n superlattices.pdf,10.1016/j.jallcom.2015.07.290,AgSbTe2,AgSbTe2_bulk,AgSbTe2,hole,2 x 10^19 cm^-3,unclear,hole (70 x 10^19 cm^-3) @ unclear; hole (1 x 10^19 cm^-3) @ unclear,hole (2 x 10^19 cm^-3) @ unclear site; hole (70 x 10^19 cm^-3) @ unclear site; hole (1 x 10^19 cm^-3) @ unclear site,figure,Fig. 2,"Visually estimated from Fig. 2, AgSbTe2 PBE+sc plot, 10x10^19 cm^-3 doping curve",100.0,uV/K,False,47.0,52.0,5.0,50.5,1.75,52.0,65.0,90.0,25.0,82.5,8.75,90.0,107.8682,127.6,19.731799999999993,121.20705,6.669425,127.6,722.66,1234.93,512.2700000000001,896.0074999999999,173.34750000000003,722.66,11.0,16.0,5.0,14.5,1.75,16.0,5.0,5.0,0.0,5.0,0.0,5.0,138.0,145.0,7.0,140.0,2.5,138.0,1.93,2.1,0.17000000000000015,2.045,0.05750000000000005,2.1,1.0,2.0,1.0,1.75,0.375,2.0,0.0,4.0,4.0,2.75,1.375,4.0,10.0,10.0,0.0,10.0,0.0,10.0,0.0,0.0,0.0,0.0,0.0,0.0,11.0,16.0,5.0,14.5,1.75,16.0,0.0,1.0,1.0,0.25,0.375,0.0,0.0,3.0,3.0,1.75,0.875,2.0,0.0,0.0,0.0,0.0,0.0,0.0,0.0,0.0,0.0,0.0,0.0,0.0,1.0,3.0,2.0,2.0,0.5,2.0,16.33,34.7633333333,18.4333333333,29.35416666665,6.512083333324999,34.7633333333,0.0,0.464,0.464,0.232,0.232,0.464,0.0,0.0,0.0,0.0,0.0,0.0,152.0,225.0,73.0,173.75,25.625,152.0,1.75,2.75,10.0,0.0,0.1206896551724138,0.1896551724137931,0.6896551724137931,0.0,8.644719482306641,0.11200000000000014,0.02,3.0,1.0,0.25,0.25,0.5,400.0,,
First-principles calculation of semiclassical thermoelectric properties of (AgSbSe2)n(AgSbTe2)n superlattices.pdf,10.1016/j.jallcom.2015.07.290,AgSbTe2,AgSbTe2_bulk,AgSbTe2,hole,2 x 10^19 cm^-3,unclear,hole (70 x 10^19 cm^-3) @ unclear; hole (1 x 10^19 cm^-3) @ unclear,hole (2 x 10^19 cm^-3) @ unclear site; hole (70 x 10^19 cm^-3) @ unclear site; hole (1 x 10^19 cm^-3) @ unclear site,figure,Fig. 2,"Visually estimated from Fig. 2, AgSbTe2 PBE+sc plot, 10x10^19 cm^-3 doping curve",150.0,uV/K,False,47.0,52.0,5.0,50.5,1.75,52.0,65.0,90.0,25.0,82.5,8.75,90.0,107.8682,127.6,19.731799999999993,121.20705,6.669425,127.6,722.66,1234.93,512.2700000000001,896.0074999999999,173.34750000000003,722.66,11.0,16.0,5.0,14.5,1.75,16.0,5.0,5.0,0.0,5.0,0.0,5.0,138.0,145.0,7.0,140.0,2.5,138.0,1.93,2.1,0.17000000000000015,2.045,0.05750000000000005,2.1,1.0,2.0,1.0,1.75,0.375,2.0,0.0,4.0,4.0,2.75,1.375,4.0,10.0,10.0,0.0,10.0,0.0,10.0,0.0,0.0,0.0,0.0,0.0,0.0,11.0,16.0,5.0,14.5,1.75,16.0,0.0,1.0,1.0,0.25,0.375,0.0,0.0,3.0,3.0,1.75,0.875,2.0,0.0,0.0,0.0,0.0,0.0,0.0,0.0,0.0,0.0,0.0,0.0,0.0,1.0,3.0,2.0,2.0,0.5,2.0,16.33,34.7633333333,18.4333333333,29.35416666665,6.512083333324999,34.7633333333,0.0,0.464,0.464,0.232,0.232,0.464,0.0,0.0,0.0,0.0,0.0,0.0,152.0,225.0,73.0,173.75,25.625,152.0,1.75,2.75,10.0,0.0,0.1206896551724138,0.1896551724137931,0.6896551724137931,0.0,8.644719482306641,0.11200000000000014,0.02,3.0,1.0,0.25,0.25,0.5,600.0,,
Ge-induced cation ordering for enhanced thermoelectric performance in AgSbTe2.pdf,10.1039/d5ta10429g,AgSbTe2,AgSb1-xGexTe2 (x=0.00),AgSbTe2,Ge,0,Sb,,Ge (0) @ Sb site,figure,,Visually estimated from Fig. 3b,330.0,uV/K,False,47.0,52.0,5.0,50.5,1.75,52.0,65.0,90.0,25.0,82.5,8.75,90.0,107.8682,127.6,19.731799999999993,121.20705,6.669425,127.6,722.66,1234.93,512.2700000000001,896.0074999999999,173.34750000000003,722.66,11.0,16.0,5.0,14.5,1.75,16.0,5.0,5.0,0.0,5.0,0.0,5.0,138.0,145.0,7.0,140.0,2.5,138.0,1.93,2.1,0.17000000000000015,2.045,0.05750000000000005,2.1,1.0,2.0,1.0,1.75,0.375,2.0,0.0,4.0,4.0,2.75,1.375,4.0,10.0,10.0,0.0,10.0,0.0,10.0,0.0,0.0,0.0,0.0,0.0,0.0,11.0,16.0,5.0,14.5,1.75,16.0,0.0,1.0,1.0,0.25,0.375,0.0,0.0,3.0,3.0,1.75,0.875,2.0,0.0,0.0,0.0,0.0,0.0,0.0,0.0,0.0,0.0,0.0,0.0,0.0,1.0,3.0,2.0,2.0,0.5,2.0,16.33,34.7633333333,18.4333333333,29.35416666665,6.512083333324999,34.7633333333,0.0,0.464,0.464,0.232,0.232,0.464,0.0,0.0,0.0,0.0,0.0,0.0,152.0,225.0,73.0,173.75,25.625,152.0,1.75,2.75,10.0,0.0,0.1206896551724138,0.1896551724137931,0.6896551724137931,0.0,8.644719482306641,0.11200000000000014,0.0,1.0,0.0,0.25,0.25,0.5,300.0,1.0,0.030000000000000027
Ge-induced cation ordering for enhanced thermoelectric performance in AgSbTe2.pdf,10.1039/d5ta10429g,AgSbTe2,AgSb1-xGexTe2 (x=0.04),AgSb0.96Ge0.04Te2,Ge,0.04,Sb,,Ge (0.04) @ Sb site,figure,,Visually estimated from Fig. 3b,314.99999999999994,uV/K,False,32.0,52.0,20.0,50.31,2.0211999999999986,52.0,65.0,90.0,25.0,82.44,8.788800000000002,90.0,72.64,127.6,54.959999999999994,120.71584999999999,7.385342000000003,127.6,722.66,1234.93,512.2700000000001,899.0836999999999,176.42370000000003,722.66,11.0,16.0,5.0,14.489999999999998,1.7548000000000008,16.0,4.0,5.0,1.0,4.99,0.01979999999999979,5.0,120.0,145.0,25.0,139.81,2.595000000000001,138.0,1.93,2.1,0.17000000000000015,2.0446,0.05799200000000003,2.1,1.0,2.0,1.0,1.75,0.375,2.0,0.0,4.0,4.0,2.74,1.3847999999999998,4.0,10.0,10.0,0.0,10.0,0.0,10.0,0.0,0.0,0.0,0.0,0.0,0.0,11.0,16.0,5.0,14.489999999999998,1.7548000000000008,16.0,0.0,1.0,1.0,0.25,0.375,0.0,0.0,4.0,4.0,1.76,0.88,2.0,0.0,0.0,0.0,0.0,0.0,0.0,0.0,0.0,0.0,0.0,0.0,0.0,1.0,4.0,3.0,2.01,0.5149999999999999,2.0,16.33,34.7633333333,18.4333333333,29.268616666649997,6.5945806666580005,34.7633333333,0.0,0.464,0.464,0.23583,0.23111340000000002,0.464,0.0,0.0,0.0,0.0,0.0,0.0,152.0,225.0,73.0,174.34,26.343200000000003,152.0,1.75,2.74,10.0,0.0,0.12077294685990339,0.18909592822636304,0.6901311249137336,0.0,8.993810816868557,0.1117688154969833,0.04,1.0,0.0,0.25,0.24,0.5,300.0,1.0,0.030000000000000027
Ge-induced cation ordering for enhanced thermoelectric performance in AgSbTe2.pdf,10.1039/d5ta10429g,AgSbTe2,AgSb1-xGexTe2 (x=0.06),AgSb0.94Ge0.06Te2,Ge,0.06,Sb,,Ge (0.06) @ Sb site,figure,,Visually estimated from Fig. 3b,330.0,uV/K,False,32.0,52.0,20.0,50.215,2.1539499999999983,52.0,65.0,90.0,25.0,82.41,8.807300000000001,90.0,72.64,127.6,54.959999999999994,120.47025,7.735932500000001,127.6,722.66,1234.93,512.2700000000001,900.6218000000001,177.96180000000004,722.66,11.0,16.0,5.0,14.485,1.7570500000000004,16.0,4.0,5.0,1.0,4.984999999999999,0.02955000000000055,5.0,120.0,145.0,25.0,139.71499999999997,2.6424999999999876,138.0,1.93,2.1,0.17000000000000015,2.0444,0.05823200000000002,2.1,1.0,2.0,1.0,1.75,0.375,2.0,0.0,4.0,4.0,2.735,1.3895499999999998,4.0,10.0,10.0,0.0,10.0,0.0,10.0,0.0,0.0,0.0,0.0,0.0,0.0,11.0,16.0,5.0,14.485,1.7570500000000004,16.0,0.0,1.0,1.0,0.25,0.375,0.0,0.0,4.0,4.0,1.765,0.8825000000000001,2.0,0.0,0.0,0.0,0.0,0.0,0.0,0.0,0.0,0.0,0.0,0.0,0.0,1.0,4.0,3.0,2.0149999999999997,0.5224999999999999,2.0,16.33,34.7633333333,18.4333333333,29.22584166665,6.6345460833245,34.7633333333,0.0,0.464,0.464,0.237745,0.23061265,0.464,0.0,0.0,0.0,0.0,0.0,0.0,152.0,225.0,73.0,174.635,26.693449999999995,152.0,1.75,2.735,10.0,0.0,0.12081463583016915,0.18881601656886435,0.6903693476009666,0.0,9.11649772763948,0.111671544972708,0.06,1.0,0.0,0.25,0.235,0.5,300.0,1.0,0.030000000000000027
Ge-induced cation ordering for enhanced thermoelectric performance in AgSbTe2.pdf,10.1039/d5ta10429g,AgSbTe2,AgSb1-xGexTe2 (x=0.08),AgSb0.92Ge0.08Te2,Ge,0.08,Sb,,Ge (0.08) @ Sb site,figure,,Visually estimated from Fig. 3b,300.0,uV/K,False,32.0,52.0,20.0,50.120000000000005,2.284799999999998,52.0,65.0,90.0,25.0,82.38,8.825200000000002,90.0,72.64,127.6,54.959999999999994,120.22465,8.081610999999999,127.6,722.66,1234.93,512.2700000000001,902.1598999999999,179.49990000000003,722.66,11.0,16.0,5.0,14.48,1.7591999999999999,16.0,4.0,5.0,1.0,4.98,0.039199999999999596,5.0,120.0,145.0,25.0,139.62,2.690000000000002,138.0,1.93,2.1,0.17000000000000015,2.0442,0.05846800000000002,2.1,1.0,2.0,1.0,1.75,0.375,2.0,0.0,4.0,4.0,2.73,1.3942,4.0,10.0,10.0,0.0,10.0,0.0,10.0,0.0,0.0,0.0,0.0,0.0,0.0,11.0,16.0,5.0,14.48,1.7591999999999999,16.0,0.0,1.0,1.0,0.25,0.375,0.0,0.0,4.0,4.0,1.77,0.885,2.0,0.0,0.0,0.0,0.0,0.0,0.0,0.0,0.0,0.0,0.0,0.0,0.0,1.0,4.0,3.0,2.02,0.53,2.0,16.33,34.7633333333,18.4333333333,29.18306666665,6.673655999990999,34.7633333333,0.0,0.464,0.464,0.23966,0.23007360000000002,0.464,0.0,0.0,0.0,0.0,0.0,0.0,152.0,225.0,73.0,174.93,27.037800000000004,152.0,1.75,2.73,10.0,0.0,0.12085635359116022,0.18853591160220995,0.6906077348066298,0.0,9.22417386245996,0.11158625039419756,0.08,1.0,0.0,0.25,0.23,0.5,300.0,1.0,0.030000000000000027
Glassy thermal conductivity in the two-phase CuxAg3−xSbSeTe2 alloy and high temperature thermoelectric behavior.pdf,10.1088/0953-8984/22/3/035801,AgSbTe2,CuxAg3-xSbSeTe2 (x=0),Ag3SbSeTe2,Cu,x=0,unclear,,Cu (x=0) @ unclear site,figure,Fig. 5,Visually estimated from Fig. 5,250.0,uV/K,False,34.0,52.0,18.0,47.142857142857146,3.8775510204081636,47.0,65.0,90.0,25.0,78.42857142857143,11.510204081632653,65.0,78.96,127.6,48.64,111.36065714285714,12.250865306122448,107.8682,494.0,1234.93,740.9300000000001,935.4128571428571,256.7289795918368,1234.93,11.0,16.0,5.0,13.714285714285714,2.326530612244898,11.0,4.0,5.0,1.0,4.857142857142857,0.24489795918367374,5.0,120.0,145.0,25.0,138.57142857142858,5.632653061224488,145.0,1.93,2.55,0.6199999999999999,2.084285714285714,0.14204081632653062,1.93,1.0,2.0,1.0,1.5714285714285714,0.4897959183673469,1.0,0.0,4.0,4.0,2.142857142857143,1.836734693877551,0.0,10.0,10.0,0.0,10.0,0.0,10.0,0.0,0.0,0.0,0.0,0.0,0.0,11.0,16.0,5.0,13.714285714285714,2.326530612244898,11.0,0.0,1.0,1.0,0.42857142857142855,0.4897959183673469,1.0,0.0,3.0,3.0,1.2857142857142858,1.1020408163265307,0.0,0.0,0.0,0.0,0.0,0.0,0.0,0.0,0.0,0.0,0.0,0.0,0.0,1.0,3.0,2.0,1.7142857142857142,0.6122448979591836,1.0,16.33,34.7633333333,18.4333333333,25.14238095237143,7.553469387746938,16.33,0.0,0.799,0.799,0.24671428571428572,0.2819591836734694,0.0,0.0,0.0,0.0,0.0,0.0,0.0,14.0,225.0,211.0,165.57142857142858,51.06122448979591,225.0,1.5714285714285714,2.142857142857143,10.0,0.0,0.11458333333333334,0.15625,0.7291666666666667,0.0,10.617853612236527,0.27882352941176475,0.0,1.0,0.0,0.42857142857142855,0.14285714285714285,0.2857142857142857,700.0,,
High Power Factor of HPHT-Sintered GeTe-AgSbTe2 Alloys.pdf,10.1007/s11664-010-1383-1,TAGS-85 (GeTe-AgSbTe2 alloy),B,(GeTe)0.85(AgSbTe2)0.15,,,,,,body text,,,214.0,uV/K,False,32.0,52.0,20.0,44.21739130434783,9.030245746691872,52.0,65.0,90.0,25.0,83.97826086956522,6.1550094517958405,90.0,72.64,127.6,54.959999999999994,105.6209695652174,24.37723837429111,127.6,722.66,1234.93,512.2700000000001,948.5023913043477,231.67574669187147,722.66,11.0,16.0,5.0,14.869565217391303,1.1474480151228736,16.0,4.0,5.0,1.0,4.630434782608696,0.4659735349716445,5.0,120.0,145.0,25.0,131.8695652173913,8.773156899810962,138.0,1.93,2.1,0.17000000000000015,2.0523913043478266,0.04760869565217405,2.1,1.0,2.0,1.0,1.9347826086956523,0.12192816635160669,2.0,0.0,4.0,4.0,2.9347826086956523,1.0737240075614365,4.0,10.0,10.0,0.0,10.0,0.0,10.0,0.0,0.0,0.0,0.0,0.0,0.0,11.0,16.0,5.0,14.869565217391303,1.1474480151228736,16.0,0.0,1.0,1.0,0.06521739130434782,0.12192816635160682,0.0,0.0,4.0,4.0,2.6739130434782608,1.0226843100189034,2.0,0.0,0.0,0.0,0.0,0.0,0.0,0.0,0.0,0.0,0.0,0.0,0.0,1.0,4.0,3.0,2.739130434782609,0.9659735349716446,2.0,16.33,34.7633333333,18.4333333333,29.00677536230217,6.089587271567106,34.7633333333,0.0,0.464,0.464,0.3735434782608696,0.09744612476370512,0.464,0.0,0.0,0.0,0.0,0.0,0.0,152.0,225.0,73.0,184.65217391304347,35.08506616257089,152.0,1.9347826086956523,2.9347826086956523,10.0,0.0,0.13011695906432752,0.1973684210526316,0.672514619883041,0.0,8.900964213004231,0.08995312500000022,,0.0,0.0,0.06521739130434782,0.06521739130434782,0.5,650.0,,
Impact of In Situ Generated Ag2Te Nanoparticles on the Microstructure and Thermoelectric Properties of AgSbTe2 Compounds.pdf,10.1007/s11664-011-1620-2,AgSbTe2,x=44,(Ag2Te)44(Sb2Te3)56,Ag2Te,x=44,unclear,,Ag2Te (x=44) @ unclear site,figure,,Visually estimated from Fig. 3b at 300 K,179.99999999999997,uV/K,False,47.0,52.0,5.0,50.66019417475728,1.563578094071073,52.0,65.0,90.0,25.0,83.30097087378641,7.817890470355356,90.0,107.8682,127.6,19.731799999999993,121.79786796116504,5.971126175888393,127.6,722.66,1234.93,512.2700000000001,881.3133980582525,163.27437081723068,722.66,11.0,16.0,5.0,14.660194174757281,1.563578094071072,16.0,5.0,5.0,0.0,5.0,0.0,5.0,138.0,145.0,7.0,139.76699029126215,2.235460458101618,138.0,1.93,2.1,0.17000000000000015,2.050097087378641,0.051356395513243586,2.1,1.0,2.0,1.0,1.7864077669902914,0.33594118201527,2.0,0.0,4.0,4.0,2.8737864077669903,1.2276369120558015,4.0,10.0,10.0,0.0,10.0,0.0,10.0,0.0,0.0,0.0,0.0,0.0,0.0,11.0,16.0,5.0,14.660194174757281,1.563578094071072,16.0,0.0,1.0,1.0,0.21359223300970873,0.33594118201527007,0.0,0.0,3.0,3.0,1.8446601941747574,0.7880101800358187,2.0,0.0,0.0,0.0,0.0,0.0,0.0,0.0,0.0,0.0,0.0,0.0,0.0,1.0,3.0,2.0,2.058252427184466,0.5120180978414554,2.0,16.33,34.7633333333,18.4333333333,29.95530744334854,5.820519684537241,34.7633333333,0.0,0.464,0.464,0.2387572815533981,0.23180318597417288,0.464,0.0,0.0,0.0,0.0,0.0,0.0,152.0,225.0,73.0,171.39805825242718,22.89791686304081,152.0,1.7864077669902914,2.8737864077669903,10.0,0.0,0.12185430463576159,0.19602649006622516,0.6821192052980133,0.0,8.528132530661713,0.10604409063074112,0.44,1.0,0.0,0.21359223300970873,0.27184466019417475,0.5145631067961165,300.0,,
Improved Thermoelectric Properties in Structure Controlled Ag-Sb-Te System.pdf,,AgSbTe2,Ag0.208Sb0.275Te0.517 (A),Ag0.208Sb0.275Te0.517,,,,,,Table 1,,,270.0,uV/K,False,47.0,52.0,5.0,50.685,1.5329599999999988,52.0,65.0,90.0,25.0,83.42500000000001,7.664799999999993,90.0,107.8682,127.6,19.731799999999993,121.88978560000001,5.904361689599995,127.6,722.66,1234.93,512.2700000000001,879.02016,161.67640544000002,722.66,11.0,16.0,5.0,14.685,1.5329599999999997,16.0,5.0,5.0,0.0,5.0,0.0,5.0,138.0,145.0,7.0,139.731,2.191903999999997,138.0,1.93,2.1,0.17000000000000015,2.05089,0.050779740000000115,2.1,1.0,2.0,1.0,1.792,0.329472,2.0,0.0,4.0,4.0,2.8930000000000002,1.203488,4.0,10.0,10.0,0.0,10.0,0.0,10.0,0.0,0.0,0.0,0.0,0.0,0.0,11.0,16.0,5.0,14.685,1.5329599999999997,16.0,0.0,1.0,1.0,0.208,0.329472,0.0,0.0,3.0,3.0,1.859,0.773344,2.0,0.0,0.0,0.0,0.0,0.0,0.0,0.0,0.0,0.0,0.0,0.0,0.0,1.0,3.0,2.0,2.067,0.5131500000000001,2.0,16.33,34.7633333333,18.4333333333,30.0482833333161,5.706805866659495,34.7633333333,0.0,0.464,0.464,0.23988800000000002,0.231731808,0.464,0.0,0.0,0.0,0.0,0.0,0.0,152.0,225.0,73.0,171.034,22.449855999999997,152.0,1.792,2.8930000000000002,10.0,0.0,0.12202928157984337,0.19700374531835207,0.6809669731018045,0.0,8.503177143599974,0.10509193218881056,,0.0,0.0,0.208,0.275,0.517,300.0,,
Improved Thermoelectric Properties in Structure Controlled Ag-Sb-Te System.pdf,,AgSbTe2,Ag0.208Sb0.275Te0.517 (B),Ag0.208Sb0.275Te0.517,,,,,,Table 1,,,123.0,uV/K,False,47.0,52.0,5.0,50.685,1.5329599999999988,52.0,65.0,90.0,25.0,83.42500000000001,7.664799999999993,90.0,107.8682,127.6,19.731799999999993,121.88978560000001,5.904361689599995,127.6,722.66,1234.93,512.2700000000001,879.02016,161.67640544000002,722.66,11.0,16.0,5.0,14.685,1.5329599999999997,16.0,5.0,5.0,0.0,5.0,0.0,5.0,138.0,145.0,7.0,139.731,2.191903999999997,138.0,1.93,2.1,0.17000000000000015,2.05089,0.050779740000000115,2.1,1.0,2.0,1.0,1.792,0.329472,2.0,0.0,4.0,4.0,2.8930000000000002,1.203488,4.0,10.0,10.0,0.0,10.0,0.0,10.0,0.0,0.0,0.0,0.0,0.0,0.0,11.0,16.0,5.0,14.685,1.5329599999999997,16.0,0.0,1.0,1.0,0.208,0.329472,0.0,0.0,3.0,3.0,1.859,0.773344,2.0,0.0,0.0,0.0,0.0,0.0,0.0,0.0,0.0,0.0,0.0,0.0,0.0,1.0,3.0,2.0,2.067,0.5131500000000001,2.0,16.33,34.7633333333,18.4333333333,30.0482833333161,5.706805866659495,34.7633333333,0.0,0.464,0.464,0.23988800000000002,0.231731808,0.464,0.0,0.0,0.0,0.0,0.0,0.0,152.0,225.0,73.0,171.034,22.449855999999997,152.0,1.792,2.8930000000000002,10.0,0.0,0.12202928157984337,0.19700374531835207,0.6809669731018045,0.0,8.503177143599974,0.10509193218881056,,0.0,0.0,0.208,0.275,0.517,300.0,,
Impurity band engineering and hierarchical defect scattering enable high zT in Co-doped AgSbTe2.pdf,10.1039/d5ta09240j,AgSbTe2,AgSb1-xCoxTe2 (x=0),AgSbTe2,,,,,,figure,Fig. 6b,Visually estimated from Fig. 6b,199.99999999999997,uV/K,False,47.0,52.0,5.0,50.5,1.75,52.0,65.0,90.0,25.0,82.5,8.75,90.0,107.8682,127.6,19.731799999999993,121.20705,6.669425,127.6,722.66,1234.93,512.2700000000001,896.0074999999999,173.34750000000003,722.66,11.0,16.0,5.0,14.5,1.75,16.0,5.0,5.0,0.0,5.0,0.0,5.0,138.0,145.0,7.0,140.0,2.5,138.0,1.93,2.1,0.17000000000000015,2.045,0.05750000000000005,2.1,1.0,2.0,1.0,1.75,0.375,2.0,0.0,4.0,4.0,2.75,1.375,4.0,10.0,10.0,0.0,10.0,0.0,10.0,0.0,0.0,0.0,0.0,0.0,0.0,11.0,16.0,5.0,14.5,1.75,16.0,0.0,1.0,1.0,0.25,0.375,0.0,0.0,3.0,3.0,1.75,0.875,2.0,0.0,0.0,0.0,0.0,0.0,0.0,0.0,0.0,0.0,0.0,0.0,0.0,1.0,3.0,2.0,2.0,0.5,2.0,16.33,34.7633333333,18.4333333333,29.35416666665,6.512083333324999,34.7633333333,0.0,0.464,0.464,0.232,0.232,0.464,0.0,0.0,0.0,0.0,0.0,0.0,152.0,225.0,73.0,173.75,25.625,152.0,1.75,2.75,10.0,0.0,0.1206896551724138,0.1896551724137931,0.6896551724137931,0.0,8.644719482306641,0.11200000000000014,,0.0,0.0,0.25,0.25,0.5,298.0,,
Impurity band engineering and hierarchical defect scattering enable high zT in Co-doped AgSbTe2.pdf,10.1039/d5ta09240j,AgSbTe2,AgSb1-xCoxTe2 (x=0.03),AgSb0.97Co0.03Te2,Co,x=0.03,Sb,,Co (x=0.03) @ Sb site,figure,Fig. 6b,Visually estimated from Fig. 6b,80.0,uV/K,False,27.0,52.0,25.0,50.32,2.0098,52.0,58.0,90.0,32.0,82.2975,9.013212500000002,90.0,58.933195,127.6,68.666805,120.7358489625,7.360864290687498,127.6,722.66,1768.0,1045.3400000000001,902.4891499999999,179.82915000000003,722.66,9.0,16.0,7.0,14.454999999999998,1.8093250000000007,16.0,4.0,5.0,1.0,4.9925,0.014887500000000279,5.0,126.0,145.0,19.0,139.90249999999997,2.5487499999999876,138.0,1.88,2.1,0.2200000000000002,2.0437250000000002,0.0593183749999999,2.1,1.0,2.0,1.0,1.75,0.375,2.0,0.0,4.0,4.0,2.7275,1.4046625,4.0,7.0,10.0,3.0,9.9775,0.04466250000000084,10.0,0.0,0.0,0.0,0.0,0.0,0.0,9.0,16.0,7.0,14.454999999999998,1.8093250000000007,16.0,0.0,1.0,1.0,0.25,0.375,0.0,0.0,3.0,3.0,1.7275,0.8896625,2.0,0.0,3.0,3.0,0.0225,0.044662499999999994,0.0,0.0,0.0,0.0,0.0,0.0,0.0,1.0,3.0,2.0,2.0,0.5,2.0,10.245,34.7633333333,24.5183333333,29.19430416665,6.716391645824749,34.7633333333,0.0,0.464,0.464,0.232,0.232,0.464,0.0,1.5484712,1.5484712,0.011613534,0.02305286499,0.0,152.0,225.0,73.0,173.95999999999998,25.820599999999992,152.0,1.75,2.7275,9.9775,0.0,0.12106537530266345,0.18868903493600833,0.6902455897613283,0.0,8.924796662406377,0.11394623292438025,0.03,1.0,0.0,0.25,0.2425,0.5,298.0,0.0,0.15000000000000002
Impurity phase elimination enabled high thermoelectric and mechanical performance in GeTe alloyed with AgSbSe2.pdf,10.1016/j.tramat.2025.100062,GeTe-AgSbTe2,(GeTe)80(AgSbSe2)20,(GeTe)80(AgSbSe2)20,Ag,AgSbSe2 alloying,Ag,Sb (AgSbSe2 alloying) @ Sb; Se (AgSbSe2 alloying) @ Te,Ag (AgSbSe2 alloying) @ Ag site; Sb (AgSbSe2 alloying) @ Sb site; Se (AgSbSe2 alloying) @ Te site,body text,,,153.6,uV/K,False,32.0,52.0,20.0,41.833333333333336,9.166666666666666,32.0,65.0,90.0,25.0,83.66666666666667,6.2222222222222205,79.0,72.64,127.6,54.959999999999994,99.04235000000001,24.295683333333333,72.64,494.0,1234.93,740.9300000000001,905.2458333333333,259.0501388888889,722.66,11.0,16.0,5.0,14.833333333333334,1.1944444444444442,14.0,4.0,5.0,1.0,4.5,0.5,4.0,120.0,145.0,25.0,129.66666666666666,9.666666666666666,120.0,1.93,2.55,0.6199999999999999,2.1266666666666665,0.14111111111111102,2.01,1.0,2.0,1.0,1.9166666666666667,0.1527777777777777,2.0,0.0,4.0,4.0,2.9166666666666665,1.097222222222222,2.0,10.0,10.0,0.0,10.0,0.0,10.0,0.0,0.0,0.0,0.0,0.0,0.0,11.0,16.0,5.0,14.833333333333334,1.1944444444444442,14.0,0.0,1.0,1.0,0.08333333333333333,0.15277777777777776,0.0,0.0,4.0,4.0,2.5833333333333335,1.013888888888889,2.0,0.0,0.0,0.0,0.0,0.0,0.0,0.0,0.0,0.0,0.0,0.0,0.0,1.0,4.0,3.0,2.6666666666666665,0.9444444444444443,2.0,16.33,34.7633333333,18.4333333333,27.566944444433332,5.463101851838887,23.005,0.0,0.799,0.799,0.4155,0.16016666666666665,0.383,0.0,0.0,0.0,0.0,0.0,0.0,14.0,225.0,211.0,160.58333333333334,54.583333333333336,152.0,1.9166666666666667,2.9166666666666665,10.0,0.0,0.12921348314606743,0.19662921348314605,0.6741573033707865,0.0,12.015943966575303,0.24679245283018875,0.02,3.0,1.0,0.08333333333333333,0.08333333333333333,0.3333333333333333,300.0,0.0,0.0
Influence of In doping on the thermoelectric properties of an AgSbTe2 compound with enhanced figure of merit.pdf,10.1039/c3ta14547f,AgSbTe2,AgSbTe2 (x=0),AgSbTe2,,,,,,figure,Fig. 3c,Visually estimated from Fig. 3c,169.99999999999997,uV/K,False,47.0,52.0,5.0,50.5,1.75,52.0,65.0,90.0,25.0,82.5,8.75,90.0,107.8682,127.6,19.731799999999993,121.20705,6.669425,127.6,722.66,1234.93,512.2700000000001,896.0074999999999,173.34750000000003,722.66,11.0,16.0,5.0,14.5,1.75,16.0,5.0,5.0,0.0,5.0,0.0,5.0,138.0,145.0,7.0,140.0,2.5,138.0,1.93,2.1,0.17000000000000015,2.045,0.05750000000000005,2.1,1.0,2.0,1.0,1.75,0.375,2.0,0.0,4.0,4.0,2.75,1.375,4.0,10.0,10.0,0.0,10.0,0.0,10.0,0.0,0.0,0.0,0.0,0.0,0.0,11.0,16.0,5.0,14.5,1.75,16.0,0.0,1.0,1.0,0.25,0.375,0.0,0.0,3.0,3.0,1.75,0.875,2.0,0.0,0.0,0.0,0.0,0.0,0.0,0.0,0.0,0.0,0.0,0.0,0.0,1.0,3.0,2.0,2.0,0.5,2.0,16.33,34.7633333333,18.4333333333,29.35416666665,6.512083333324999,34.7633333333,0.0,0.464,0.464,0.232,0.232,0.464,0.0,0.0,0.0,0.0,0.0,0.0,152.0,225.0,73.0,173.75,25.625,152.0,1.75,2.75,10.0,0.0,0.1206896551724138,0.1896551724137931,0.6896551724137931,0.0,8.644719482306641,0.11200000000000014,,0.0,0.0,0.25,0.25,0.5,300.0,,
Influence of In doping on the thermoelectric properties of an AgSbTe2 compound with enhanced figure of merit.pdf,10.1039/c3ta14547f,AgSbTe2,Ag(Sb0.97In0.03)Te2 (x=0.03),Ag(Sb0.97In0.03)Te2,In,x=0.03,Sb,,In (x=0.03) @ Sb site,figure,Fig. 3c,Visually estimated from Fig. 3c,209.99999999999997,uV/K,False,47.0,52.0,5.0,50.485,1.7647750000000002,52.0,65.0,90.0,25.0,82.425,8.823875000000001,90.0,107.8682,127.6,19.731799999999993,121.154985,6.738447275,127.6,429.75,1234.93,805.1800000000001,892.4522749999999,176.73280912500002,722.66,11.0,16.0,5.0,14.485,1.7647750000000002,16.0,5.0,5.0,0.0,5.0,0.0,5.0,138.0,145.0,7.0,140.02249999999998,2.51841249999999,138.0,1.78,2.1,0.32000000000000006,2.042975,0.06043212499999992,2.1,1.0,2.0,1.0,1.75,0.375,2.0,0.0,4.0,4.0,2.735,1.393525,4.0,10.0,10.0,0.0,10.0,0.0,10.0,0.0,0.0,0.0,0.0,0.0,0.0,11.0,16.0,5.0,14.485,1.7647750000000002,16.0,0.0,1.0,1.0,0.25,0.375,0.0,0.0,5.0,5.0,1.7650000000000001,0.8825,2.0,0.0,0.0,0.0,0.0,0.0,0.0,0.0,0.0,0.0,0.0,0.0,0.0,1.0,5.0,4.0,2.015,0.5225000000000001,2.0,16.33,34.7633333333,18.4333333333,29.299416666649996,6.560299583324751,34.7633333333,0.0,0.464,0.464,0.232,0.232,0.464,0.0,0.0,0.0,0.0,0.0,0.0,139.0,225.0,86.0,173.5475,25.726250000000007,152.0,1.75,2.735,10.0,0.0,0.12081463583016915,0.18881601656886435,0.6903693476009666,0.0,8.924796662406377,0.116314449901573,0.03,1.0,0.0,0.25,0.2425,0.5,300.0,0.0,0.039999999999999925
Influence of In doping on the thermoelectric properties of an AgSbTe2 compound with enhanced figure of merit.pdf,10.1039/c3ta14547f,AgSbTe2,Ag(Sb0.95In0.05)Te2 (x=0.05),Ag(Sb0.95In0.05)Te2,In,x=0.05,Sb,,In (x=0.05) @ Sb site,figure,Fig. 3c,Visually estimated from Fig. 3c,229.99999999999997,uV/K,False,47.0,52.0,5.0,50.474999999999994,1.7743750000000027,52.0,65.0,90.0,25.0,82.375,8.871875,90.0,107.8682,127.6,19.731799999999993,121.12027499999999,6.783594375000002,127.6,429.75,1234.93,805.1800000000001,890.0821249999999,178.93042812500002,722.66,11.0,16.0,5.0,14.475,1.774375,16.0,5.0,5.0,0.0,5.0,0.0,5.0,138.0,145.0,7.0,140.0375,2.5303124999999973,138.0,1.78,2.1,0.32000000000000006,2.041625,0.06235312500000011,2.1,1.0,2.0,1.0,1.75,0.375,2.0,0.0,4.0,4.0,2.7249999999999996,1.4056250000000001,4.0,10.0,10.0,0.0,10.0,0.0,10.0,0.0,0.0,0.0,0.0,0.0,0.0,11.0,16.0,5.0,14.475,1.774375,16.0,0.0,1.0,1.0,0.25,0.375,0.0,0.0,5.0,5.0,1.775,0.8875,2.0,0.0,0.0,0.0,0.0,0.0,0.0,0.0,0.0,0.0,0.0,0.0,0.0,1.0,5.0,4.0,2.025,0.5375,2.0,16.33,34.7633333333,18.4333333333,29.26291666665,6.591531249991249,34.7633333333,0.0,0.464,0.464,0.232,0.232,0.464,0.0,0.0,0.0,0.0,0.0,0.0,139.0,225.0,86.0,173.4125,25.793749999999996,152.0,1.75,2.7249999999999996,10.0,0.0,0.12089810017271158,0.18825561312607944,0.690846286701209,0.0,9.05735637478225,0.11913323427439342,0.05,1.0,0.0,0.25,0.2375,0.5,300.0,0.0,0.039999999999999925
Influence of In doping on the thermoelectric properties of an AgSbTe2 compound with enhanced figure of merit.pdf,10.1039/c3ta14547f,AgSbTe2,Ag(Sb0.93In0.07)Te2 (x=0.07),Ag(Sb0.93In0.07)Te2,In,x=0.07,Sb,,In (x=0.07) @ Sb site,figure,Fig. 3c,Visually estimated from Fig. 3c,250.0,uV/K,False,47.0,52.0,5.0,50.465,1.7837749999999983,52.0,65.0,90.0,25.0,82.325,8.918875,90.0,107.8682,127.6,19.731799999999993,121.085565,6.828047274999997,127.6,429.75,1234.93,805.1800000000001,887.7119749999999,181.08064412500002,722.66,11.0,16.0,5.0,14.465,1.783775,16.0,5.0,5.0,0.0,5.0,0.0,5.0,138.0,145.0,7.0,140.0525,2.541912500000004,138.0,1.78,2.1,0.32000000000000006,2.0402750000000003,0.06424712499999989,2.1,1.0,2.0,1.0,1.75,0.375,2.0,0.0,4.0,4.0,2.715,1.417525,4.0,10.0,10.0,0.0,10.0,0.0,10.0,0.0,0.0,0.0,0.0,0.0,0.0,11.0,16.0,5.0,14.465,1.783775,16.0,0.0,1.0,1.0,0.25,0.375,0.0,0.0,5.0,5.0,1.7850000000000001,0.8925,2.0,0.0,0.0,0.0,0.0,0.0,0.0,0.0,0.0,0.0,0.0,0.0,0.0,1.0,5.0,4.0,2.035,0.5525000000000001,2.0,16.33,34.7633333333,18.4333333333,29.226416666649996,6.6220329166577505,34.7633333333,0.0,0.464,0.464,0.232,0.232,0.464,0.0,0.0,0.0,0.0,0.0,0.0,139.0,225.0,86.0,173.2775,25.861250000000002,152.0,1.75,2.715,10.0,0.0,0.12098167991704113,0.1876944348427238,0.691323885240235,0.0,9.171937367968965,0.12190815581133654,0.07,1.0,0.0,0.25,0.2325,0.5,300.0,0.0,0.039999999999999925
Influence of nanoscale Ag2 Te precipitates on the thermoelectric properties of the Sn doped P-type AgSbTe2 compound.pdf,10.1063/1.4896435,AgSbTe2,AgSbTe2,AgSbTe2,,,,,,Table 1,,,165.0,uV/K,False,47.0,52.0,5.0,50.5,1.75,52.0,65.0,90.0,25.0,82.5,8.75,90.0,107.8682,127.6,19.731799999999993,121.20705,6.669425,127.6,722.66,1234.93,512.2700000000001,896.0074999999999,173.34750000000003,722.66,11.0,16.0,5.0,14.5,1.75,16.0,5.0,5.0,0.0,5.0,0.0,5.0,138.0,145.0,7.0,140.0,2.5,138.0,1.93,2.1,0.17000000000000015,2.045,0.05750000000000005,2.1,1.0,2.0,1.0,1.75,0.375,2.0,0.0,4.0,4.0,2.75,1.375,4.0,10.0,10.0,0.0,10.0,0.0,10.0,0.0,0.0,0.0,0.0,0.0,0.0,11.0,16.0,5.0,14.5,1.75,16.0,0.0,1.0,1.0,0.25,0.375,0.0,0.0,3.0,3.0,1.75,0.875,2.0,0.0,0.0,0.0,0.0,0.0,0.0,0.0,0.0,0.0,0.0,0.0,0.0,1.0,3.0,2.0,2.0,0.5,2.0,16.33,34.7633333333,18.4333333333,29.35416666665,6.512083333324999,34.7633333333,0.0,0.464,0.464,0.232,0.232,0.464,0.0,0.0,0.0,0.0,0.0,0.0,152.0,225.0,73.0,173.75,25.625,152.0,1.75,2.75,10.0,0.0,0.1206896551724138,0.1896551724137931,0.6896551724137931,0.0,8.644719482306641,0.11200000000000014,,0.0,0.0,0.25,0.25,0.5,300.0,,
Influence of nanoscale Ag2 Te precipitates on the thermoelectric properties of the Sn doped P-type AgSbTe2 compound.pdf,10.1063/1.4896435,AgSbTe2,Ag(Sb0.99Sn0.01)Te2,AgSb0.99Sn0.01Te2,Sn,x = 0.01,Sb,,Sn (x = 0.01) @ Sb site,Table 1,,,208.99999999999997,uV/K,False,47.0,52.0,5.0,50.4975,1.751237499999999,52.0,65.0,90.0,25.0,82.48750000000001,8.756187499999996,90.0,107.8682,127.6,19.731799999999993,121.19942499999999,6.678059625000002,127.6,505.08,1234.93,729.8500000000001,895.0107499999999,174.30040375000004,722.66,11.0,16.0,5.0,14.4975,1.7512374999999998,16.0,5.0,5.0,0.0,5.0,0.0,5.0,138.0,145.0,7.0,140.0,2.5,138.0,1.93,2.1,0.17000000000000015,2.044775,0.05781137500000001,2.1,1.0,2.0,1.0,1.75,0.375,2.0,0.0,4.0,4.0,2.7475,1.3774875,4.0,10.0,10.0,0.0,10.0,0.0,10.0,0.0,0.0,0.0,0.0,0.0,0.0,11.0,16.0,5.0,14.4975,1.7512374999999998,16.0,0.0,1.0,1.0,0.25,0.375,0.0,0.0,4.0,4.0,1.7525,0.87625,2.0,0.0,0.0,0.0,0.0,0.0,0.0,0.0,0.0,0.0,0.0,0.0,0.0,1.0,4.0,3.0,2.0025,0.50375,2.0,16.33,34.7633333333,18.4333333333,29.35847916665,6.514239583324999,34.7633333333,0.0,0.464,0.464,0.232,0.232,0.464,0.0,0.0,0.0,0.0,0.0,0.0,141.0,225.0,84.0,173.6875,25.65625,152.0,1.75,2.7475,10.0,0.0,0.12071046732195205,0.18951543369546472,0.6897740989825831,0.0,8.761125148292647,0.11213617038264251,0.01,1.0,0.0,0.25,0.2475,0.5,300.0,1.0,0.07000000000000006
Influence of nanoscale Ag2 Te precipitates on the thermoelectric properties of the Sn doped P-type AgSbTe2 compound.pdf,10.1063/1.4896435,AgSbTe2,Ag(Sb0.97Sn0.03)Te2,Ag0.99Sb0.98Sn0.027Te2,Sn,x = 0.03,Sb,,Sn (x = 0.03) @ Sb site,Table 1,,,179.0,uV/K,False,47.0,52.0,5.0,50.5028771578684,1.742019549438163,52.0,65.0,90.0,25.0,82.514385789342,8.710097747190806,90.0,107.8682,127.6,19.731799999999993,121.22078759069304,6.648412799466992,127.6,505.08,1234.93,729.8500000000001,892.4799249437078,175.18120983782626,722.66,11.0,16.0,5.0,14.502877157868403,1.7420195494381603,16.0,5.0,5.0,0.0,5.0,0.0,5.0,138.0,145.0,7.0,139.98573930447833,2.483921985772527,138.0,1.93,2.1,0.17000000000000015,2.0446885163872905,0.05795757876701244,2.1,1.0,2.0,1.0,1.7523142356767576,0.37267505294970726,2.0,0.0,4.0,4.0,2.750562922191644,1.3726907640074562,4.0,10.0,10.0,0.0,10.0,0.0,10.0,0.0,0.0,0.0,0.0,0.0,0.0,11.0,16.0,5.0,14.502877157868403,1.7420195494381603,16.0,0.0,1.0,1.0,0.24768576432324244,0.3726750529497073,0.0,0.0,4.0,4.0,1.7633224918689017,0.8734997582938268,2.0,0.0,0.0,0.0,0.0,0.0,0.0,0.0,0.0,0.0,0.0,0.0,0.0,1.0,4.0,3.0,2.0110082561921443,0.5118412239251995,2.0,16.33,34.7633333333,18.4333333333,29.402267116987737,6.475628944617395,34.7633333333,0.0,0.464,0.464,0.23217413059794847,0.23199986930402958,0.464,0.0,0.0,0.0,0.0,0.0,0.0,141.0,225.0,84.0,173.43932949712286,25.541688165047987,152.0,1.7523142356767576,2.750562922191644,10.0,0.0,0.12082528291471156,0.18965636213083079,0.6895183549544576,0.0,8.901063054394168,0.1119640490374479,0.03,1.0,0.0,0.24768576432324244,0.24518388791593695,0.5003752814610959,300.0,1.0,0.07000000000000006
Influence of nanoscale Ag2 Te precipitates on the thermoelectric properties of the Sn doped P-type AgSbTe2 compound.pdf,10.1063/1.4896435,AgSbTe2,Ag(Sb0.95Sn0.05)Te2,Ag0.97Sb0.96Sn0.048Te1.99,Sn,x = 0.05,Sb,,Sn (x = 0.05) @ Sb site,Table 1,,,156.0,uV/K,False,47.0,52.0,5.0,50.51159274193549,1.7292345823035882,52.0,65.0,90.0,25.0,82.55796370967741,8.646172911517954,90.0,107.8682,127.6,19.731799999999993,121.25600655241935,6.607046708852271,127.6,505.08,1234.93,729.8500000000001,889.0746320564516,176.20809482411713,722.66,11.0,16.0,5.0,14.511592741935484,1.72923458230359,16.0,5.0,5.0,0.0,4.999999999999999,8.881784197001252e-16,5.0,138.0,145.0,7.0,139.96522177419357,2.4615599188670747,138.0,1.93,2.1,0.17000000000000015,2.0446522177419353,0.058102801240569824,2.1,1.0,2.0,1.0,1.7555443548387095,0.36939416542013537,2.0,0.0,4.0,4.0,2.756048387096774,1.3657546663631634,4.0,10.0,10.0,0.0,9.999999999999998,1.7763568394002505e-15,10.0,0.0,0.0,0.0,0.0,0.0,0.0,11.0,16.0,5.0,14.511592741935484,1.72923458230359,16.0,0.0,1.0,1.0,0.2444556451612903,0.3693941654201353,0.0,0.0,4.0,4.0,1.7772177419354838,0.8689018193938605,2.0,0.0,0.0,0.0,0.0,0.0,0.0,0.0,0.0,0.0,0.0,0.0,0.0,1.0,4.0,3.0,2.0216733870967745,0.5212465855879294,2.0,16.33,34.7633333333,18.4333333333,29.464317876327367,6.42151630042215,34.7633333333,0.0,0.464,0.464,0.23270161290322583,0.2319978781867846,0.464,0.0,0.0,0.0,0.0,0.0,0.0,141.0,225.0,84.0,173.0992943548387,25.37484096562824,152.0,1.7555443548387095,2.756048387096774,9.999999999999998,0.0,0.1209753047827446,0.18992046125525336,0.6891042339620019,0.0,9.039559165542913,0.11175909162389179,0.05,1.0,0.0,0.2444556451612903,0.24193548387096772,0.5015120967741935,300.0,1.0,0.07000000000000006
Influence of nanoscale Ag2 Te precipitates on the thermoelectric properties of the Sn doped P-type AgSbTe2 compound.pdf,10.1063/1.4896435,AgSbTe2,Ag(Sb0.93Sn0.07)Te2,Ag0.96Sb0.94Sn0.064Te1.98,Sn,x = 0.07,Sb,,Sn (x = 0.07) @ Sb site,Table 1,,,121.0,uV/K,False,47.0,52.0,5.0,50.512170385395535,1.7264008492114769,52.0,65.0,90.0,25.0,82.56085192697769,8.632004246057377,90.0,107.8682,127.6,19.731799999999993,121.26098174442191,6.602603096494941,127.6,505.08,1234.93,729.8500000000001,886.9873022312372,177.3885019070229,722.66,11.0,16.0,5.0,14.512170385395537,1.726400849211476,16.0,5.0,5.0,0.0,5.0,0.0,5.0,138.0,145.0,7.0,139.9584178498986,2.454319910799895,138.0,1.93,2.1,0.17000000000000015,2.0444320486815415,0.05844747355471537,2.1,1.0,2.0,1.0,1.7565922920892496,0.3683207912807705,2.0,0.0,4.0,4.0,2.7555780933062883,1.365979699566754,4.0,10.0,10.0,0.0,10.0,0.0,10.0,0.0,0.0,0.0,0.0,0.0,0.0,11.0,16.0,5.0,14.512170385395537,1.726400849211476,16.0,0.0,1.0,1.0,0.2434077079107505,0.36832079128077055,0.0,0.0,4.0,4.0,1.7839756592292089,0.8684668523631037,2.0,0.0,0.0,0.0,0.0,0.0,0.0,0.0,0.0,0.0,0.0,0.0,0.0,1.0,4.0,3.0,2.0273833671399593,0.5276405169327995,2.0,16.33,34.7633333333,18.4333333333,29.489056795115108,6.406031705532713,34.7633333333,0.0,0.464,0.464,0.23294117647058826,0.23199618183987591,0.464,0.0,0.0,0.0,0.0,0.0,0.0,141.0,225.0,84.0,172.92697768762676,25.349950010080263,152.0,1.7565922920892496,2.7555780933062883,10.0,0.0,0.1210427003983507,0.18988049479348665,0.6890768048081627,0.0,9.133864851008417,0.11184891465420392,0.07,1.0,0.0,0.2434077079107505,0.2383367139959432,0.5020283975659229,300.0,1.0,0.07000000000000006
Influence of nanoscale Ag2 Te precipitates on the thermoelectric properties of the Sn doped P-type AgSbTe2 compound.pdf,10.1063/1.4896435,AgSbTe2,"Ag(Sb1-xSnx)Te2, x=0.01",AgSb0.99Sn0.01Te2,Sn,x=0.01,Sb,,Sn (x=0.01) @ Sb site,figure,,Visually estimated from Fig. 4b,179.99999999999997,uV/K,False,47.0,52.0,5.0,50.4975,1.751237499999999,52.0,65.0,90.0,25.0,82.48750000000001,8.756187499999996,90.0,107.8682,127.6,19.731799999999993,121.19942499999999,6.678059625000002,127.6,505.08,1234.93,729.8500000000001,895.0107499999999,174.30040375000004,722.66,11.0,16.0,5.0,14.4975,1.7512374999999998,16.0,5.0,5.0,0.0,5.0,0.0,5.0,138.0,145.0,7.0,140.0,2.5,138.0,1.93,2.1,0.17000000000000015,2.044775,0.05781137500000001,2.1,1.0,2.0,1.0,1.75,0.375,2.0,0.0,4.0,4.0,2.7475,1.3774875,4.0,10.0,10.0,0.0,10.0,0.0,10.0,0.0,0.0,0.0,0.0,0.0,0.0,11.0,16.0,5.0,14.4975,1.7512374999999998,16.0,0.0,1.0,1.0,0.25,0.375,0.0,0.0,4.0,4.0,1.7525,0.87625,2.0,0.0,0.0,0.0,0.0,0.0,0.0,0.0,0.0,0.0,0.0,0.0,0.0,1.0,4.0,3.0,2.0025,0.50375,2.0,16.33,34.7633333333,18.4333333333,29.35847916665,6.514239583324999,34.7633333333,0.0,0.464,0.464,0.232,0.232,0.464,0.0,0.0,0.0,0.0,0.0,0.0,141.0,225.0,84.0,173.6875,25.65625,152.0,1.75,2.7475,10.0,0.0,0.12071046732195205,0.18951543369546472,0.6897740989825831,0.0,8.761125148292647,0.11213617038264251,0.01,1.0,0.0,0.25,0.2475,0.5,300.0,1.0,0.07000000000000006
Influence of nanoscale Ag2 Te precipitates on the thermoelectric properties of the Sn doped P-type AgSbTe2 compound.pdf,10.1063/1.4896435,AgSbTe2,"Ag(Sb1-xSnx)Te2, x=0.03",AgSb0.97Sn0.03Te2,Sn,x=0.03,Sb,,Sn (x=0.03) @ Sb site,figure,,Visually estimated from Fig. 4b,160.0,uV/K,False,47.0,52.0,5.0,50.4925,1.7536375000000002,52.0,65.0,90.0,25.0,82.4625,8.768187499999996,90.0,107.8682,127.6,19.731799999999993,121.184175,6.695100125,127.6,505.08,1234.93,729.8500000000001,893.0172499999999,176.17630875000003,722.66,11.0,16.0,5.0,14.4925,1.7536375000000002,16.0,5.0,5.0,0.0,5.0,0.0,5.0,138.0,145.0,7.0,140.0,2.5,138.0,1.93,2.1,0.17000000000000015,2.044325,0.058427374999999934,2.1,1.0,2.0,1.0,1.75,0.375,2.0,0.0,4.0,4.0,2.7425,1.3823874999999999,4.0,10.0,10.0,0.0,10.0,0.0,10.0,0.0,0.0,0.0,0.0,0.0,0.0,11.0,16.0,5.0,14.4925,1.7536375000000002,16.0,0.0,1.0,1.0,0.25,0.375,0.0,0.0,4.0,4.0,1.7575,0.8787499999999999,2.0,0.0,0.0,0.0,0.0,0.0,0.0,0.0,0.0,0.0,0.0,0.0,0.0,1.0,4.0,3.0,2.0075000000000003,0.5112500000000002,2.0,16.33,34.7633333333,18.4333333333,29.367104166649998,6.518552083325,34.7633333333,0.0,0.464,0.464,0.232,0.232,0.464,0.0,0.0,0.0,0.0,0.0,0.0,141.0,225.0,84.0,173.5625,25.71875,152.0,1.75,2.7425,10.0,0.0,0.12075211316198034,0.18923581162670347,0.6900120752113162,0.0,8.924796662406377,0.11240957626613124,0.03,1.0,0.0,0.25,0.2425,0.5,300.0,1.0,0.07000000000000006
Influence of nanoscale Ag2 Te precipitates on the thermoelectric properties of the Sn doped P-type AgSbTe2 compound.pdf,10.1063/1.4896435,AgSbTe2,"Ag(Sb1-xSnx)Te2, x=0.05",AgSb0.95Sn0.05Te2,Sn,x=0.05,Sb,,Sn (x=0.05) @ Sb site,figure,,Visually estimated from Fig. 4b,140.0,uV/K,False,47.0,52.0,5.0,50.4875,1.7559375000000013,52.0,65.0,90.0,25.0,82.4375,8.7796875,90.0,107.8682,127.6,19.731799999999993,121.168925,6.711835624999997,127.6,505.08,1234.93,729.8500000000001,891.0237499999998,178.01234375,722.66,11.0,16.0,5.0,14.4875,1.7559374999999997,16.0,5.0,5.0,0.0,5.0,0.0,5.0,138.0,145.0,7.0,140.0,2.5,138.0,1.93,2.1,0.17000000000000015,2.043875,0.05903437500000007,2.1,1.0,2.0,1.0,1.75,0.375,2.0,0.0,4.0,4.0,2.7375,1.3871875,4.0,10.0,10.0,0.0,10.0,0.0,10.0,0.0,0.0,0.0,0.0,0.0,0.0,11.0,16.0,5.0,14.4875,1.7559374999999997,16.0,0.0,1.0,1.0,0.25,0.375,0.0,0.0,4.0,4.0,1.7625,0.88125,2.0,0.0,0.0,0.0,0.0,0.0,0.0,0.0,0.0,0.0,0.0,0.0,0.0,1.0,4.0,3.0,2.0125,0.51875,2.0,16.33,34.7633333333,18.4333333333,29.375729166649997,6.522864583325,34.7633333333,0.0,0.464,0.464,0.232,0.232,0.464,0.0,0.0,0.0,0.0,0.0,0.0,141.0,225.0,84.0,173.4375,25.78125,152.0,1.75,2.7375,10.0,0.0,0.12079378774805867,0.1889559965487489,0.6902502157031923,0.0,9.05735637478225,0.1126844972758793,0.05,1.0,0.0,0.25,0.2375,0.5,300.0,1.0,0.07000000000000006
Influence of nanoscale Ag2 Te precipitates on the thermoelectric properties of the Sn doped P-type AgSbTe2 compound.pdf,10.1063/1.4896435,AgSbTe2,"Ag(Sb1-xSnx)Te2, x=0.07",AgSb0.93Sn0.07Te2,Sn,x=0.07,Sb,,Sn (x=0.07) @ Sb site,figure,,Visually estimated from Fig. 4b,130.0,uV/K,False,47.0,52.0,5.0,50.4825,1.7581374999999992,52.0,65.0,90.0,25.0,82.4125,8.790687500000002,90.0,107.8682,127.6,19.731799999999993,121.15367499999999,6.728266125000001,127.6,505.08,1234.93,729.8500000000001,889.03025,179.80850875000002,722.66,11.0,16.0,5.0,14.482500000000002,1.7581374999999992,16.0,5.0,5.0,0.0,5.0,0.0,5.0,138.0,145.0,7.0,140.0,2.5,138.0,1.93,2.1,0.17000000000000015,2.043425,0.059632375,2.1,1.0,2.0,1.0,1.75,0.375,2.0,0.0,4.0,4.0,2.7325,1.3918875000000002,4.0,10.0,10.0,0.0,10.0,0.0,10.0,0.0,0.0,0.0,0.0,0.0,0.0,11.0,16.0,5.0,14.482500000000002,1.7581374999999992,16.0,0.0,1.0,1.0,0.25,0.375,0.0,0.0,4.0,4.0,1.7675,0.88375,2.0,0.0,0.0,0.0,0.0,0.0,0.0,0.0,0.0,0.0,0.0,0.0,0.0,1.0,4.0,3.0,2.0175,0.52625,2.0,16.33,34.7633333333,18.4333333333,29.38435416665,6.5271770833249985,34.7633333333,0.0,0.464,0.464,0.232,0.232,0.464,0.0,0.0,0.0,0.0,0.0,0.0,141.0,225.0,84.0,173.3125,25.84375,152.0,1.75,2.7325,10.0,0.0,0.12083549110996028,0.18867598826169513,0.6904885206283444,0.0,9.171937367968965,0.11296104716590012,0.07,1.0,0.0,0.25,0.2325,0.5,300.0,1.0,0.07000000000000006
Kinetik Properties of (AgSbТe2)0.8(PbTe)0.2.pdf,10.1134/S1063782625602201,AgSbTe2,(AgSbTe2)0.8(PbTe)0.2,(AgSbTe2)0.8(PbTe)0.2,Pb,0.2,multiple sites,,Pb (0.2) @ multiple sites site,figure,Fig. 4,Values estimated from the plot range for 80-550 K.,100.0,uV/K,False,47.0,82.0,35.0,52.33333333333333,3.296296296296292,52.0,65.0,90.0,25.0,82.83333333333331,8.129629629629637,90.0,107.8682,207.2,99.33179999999999,126.33959999999999,10.244888888888886,127.6,600.61,1234.93,634.32,869.966111111111,177.23456790123456,722.66,11.0,16.0,5.0,14.555555555555554,1.6419753086419762,16.0,5.0,6.0,1.0,5.0555555555555545,0.1049382716049373,5.0,138.0,146.0,8.0,140.2222222222222,2.765432098765422,138.0,1.93,2.33,0.40000000000000013,2.0638888888888887,0.06567901234567913,2.1,1.0,2.0,1.0,1.7777777777777777,0.34567901234567905,2.0,0.0,4.0,4.0,2.7777777777777777,1.3209876543209877,4.0,10.0,10.0,0.0,9.999999999999998,1.7763568394002505e-15,10.0,0.0,14.0,14.0,0.7777777777777778,1.4691358024691359,0.0,11.0,28.0,17.0,15.333333333333332,2.074074074074074,16.0,0.0,1.0,1.0,0.2222222222222222,0.345679012345679,0.0,0.0,4.0,4.0,1.8888888888888886,0.8395061728395063,2.0,0.0,0.0,0.0,0.0,0.0,0.0,0.0,0.0,0.0,0.0,0.0,0.0,1.0,4.0,3.0,2.111111111111111,0.6049382716049383,2.0,16.33,34.7633333333,18.4333333333,29.585555555538885,6.0553086419660485,34.7633333333,0.0,0.464,0.464,0.23199999999999998,0.23199999999999998,0.464,0.0,0.0,0.0,0.0,0.0,0.0,152.0,225.0,73.0,175.38888888888889,27.561728395061728,152.0,1.7777777777777777,2.7777777777777777,9.999999999999998,0.7777777777777778,0.11594202898550725,0.18115942028985507,0.6521739130434782,0.050724637681159424,9.774720397088396,0.13933333333333348,0.2,1.0,0.0,0.2222222222222222,0.2222222222222222,0.49999999999999994,300.0,,
Kinetik Properties of (AgSbТe2)0.8(PbTe)0.2.pdf,10.1134/S1063782625602201,AgSbTe2,(AgSbTe2)0.8(PbTe)0.2,(AgSbTe2)0.8(PbTe)0.2,Pb,0.2,unclear,,Pb (0.2) @ unclear site,figure,Fig. 4,Visually estimated from Fig. 4,54.99999999999999,uV/K,False,47.0,82.0,35.0,52.33333333333333,3.296296296296292,52.0,65.0,90.0,25.0,82.83333333333331,8.129629629629637,90.0,107.8682,207.2,99.33179999999999,126.33959999999999,10.244888888888886,127.6,600.61,1234.93,634.32,869.966111111111,177.23456790123456,722.66,11.0,16.0,5.0,14.555555555555554,1.6419753086419762,16.0,5.0,6.0,1.0,5.0555555555555545,0.1049382716049373,5.0,138.0,146.0,8.0,140.2222222222222,2.765432098765422,138.0,1.93,2.33,0.40000000000000013,2.0638888888888887,0.06567901234567913,2.1,1.0,2.0,1.0,1.7777777777777777,0.34567901234567905,2.0,0.0,4.0,4.0,2.7777777777777777,1.3209876543209877,4.0,10.0,10.0,0.0,9.999999999999998,1.7763568394002505e-15,10.0,0.0,14.0,14.0,0.7777777777777778,1.4691358024691359,0.0,11.0,28.0,17.0,15.333333333333332,2.074074074074074,16.0,0.0,1.0,1.0,0.2222222222222222,0.345679012345679,0.0,0.0,4.0,4.0,1.8888888888888886,0.8395061728395063,2.0,0.0,0.0,0.0,0.0,0.0,0.0,0.0,0.0,0.0,0.0,0.0,0.0,1.0,4.0,3.0,2.111111111111111,0.6049382716049383,2.0,16.33,34.7633333333,18.4333333333,29.585555555538885,6.0553086419660485,34.7633333333,0.0,0.464,0.464,0.23199999999999998,0.23199999999999998,0.464,0.0,0.0,0.0,0.0,0.0,0.0,152.0,225.0,73.0,175.38888888888889,27.561728395061728,152.0,1.7777777777777777,2.7777777777777777,9.999999999999998,0.7777777777777778,0.11594202898550725,0.18115942028985507,0.6521739130434782,0.050724637681159424,9.774720397088396,0.13933333333333348,0.2,1.0,0.0,0.2222222222222222,0.2222222222222222,0.49999999999999994,80.0,,
Kinetik Properties of (AgSbТe2)0.8(PbTe)0.2.pdf,10.1134/S1063782625602201,AgSbTe2,(AgSbTe2)0.8(PbTe)0.2,(AgSbTe2)0.8(PbTe)0.2,Pb,0.2,unclear,,Pb (0.2) @ unclear site,figure,Fig. 4,Visually estimated from Fig. 4,59.99999999999999,uV/K,False,47.0,82.0,35.0,52.33333333333333,3.296296296296292,52.0,65.0,90.0,25.0,82.83333333333331,8.129629629629637,90.0,107.8682,207.2,99.33179999999999,126.33959999999999,10.244888888888886,127.6,600.61,1234.93,634.32,869.966111111111,177.23456790123456,722.66,11.0,16.0,5.0,14.555555555555554,1.6419753086419762,16.0,5.0,6.0,1.0,5.0555555555555545,0.1049382716049373,5.0,138.0,146.0,8.0,140.2222222222222,2.765432098765422,138.0,1.93,2.33,0.40000000000000013,2.0638888888888887,0.06567901234567913,2.1,1.0,2.0,1.0,1.7777777777777777,0.34567901234567905,2.0,0.0,4.0,4.0,2.7777777777777777,1.3209876543209877,4.0,10.0,10.0,0.0,9.999999999999998,1.7763568394002505e-15,10.0,0.0,14.0,14.0,0.7777777777777778,1.4691358024691359,0.0,11.0,28.0,17.0,15.333333333333332,2.074074074074074,16.0,0.0,1.0,1.0,0.2222222222222222,0.345679012345679,0.0,0.0,4.0,4.0,1.8888888888888886,0.8395061728395063,2.0,0.0,0.0,0.0,0.0,0.0,0.0,0.0,0.0,0.0,0.0,0.0,0.0,1.0,4.0,3.0,2.111111111111111,0.6049382716049383,2.0,16.33,34.7633333333,18.4333333333,29.585555555538885,6.0553086419660485,34.7633333333,0.0,0.464,0.464,0.23199999999999998,0.23199999999999998,0.464,0.0,0.0,0.0,0.0,0.0,0.0,152.0,225.0,73.0,175.38888888888889,27.561728395061728,152.0,1.7777777777777777,2.7777777777777777,9.999999999999998,0.7777777777777778,0.11594202898550725,0.18115942028985507,0.6521739130434782,0.050724637681159424,9.774720397088396,0.13933333333333348,0.2,1.0,0.0,0.2222222222222222,0.2222222222222222,0.49999999999999994,200.0,,
Kinetik Properties of (AgSbТe2)0.8(PbTe)0.2.pdf,10.1134/S1063782625602201,AgSbTe2,(AgSbTe2)0.8(PbTe)0.2,(AgSbTe2)0.8(PbTe)0.2,Pb,0.2,unclear,,Pb (0.2) @ unclear site,figure,Fig. 4,Visually estimated from Fig. 4,125.0,uV/K,False,47.0,82.0,35.0,52.33333333333333,3.296296296296292,52.0,65.0,90.0,25.0,82.83333333333331,8.129629629629637,90.0,107.8682,207.2,99.33179999999999,126.33959999999999,10.244888888888886,127.6,600.61,1234.93,634.32,869.966111111111,177.23456790123456,722.66,11.0,16.0,5.0,14.555555555555554,1.6419753086419762,16.0,5.0,6.0,1.0,5.0555555555555545,0.1049382716049373,5.0,138.0,146.0,8.0,140.2222222222222,2.765432098765422,138.0,1.93,2.33,0.40000000000000013,2.0638888888888887,0.06567901234567913,2.1,1.0,2.0,1.0,1.7777777777777777,0.34567901234567905,2.0,0.0,4.0,4.0,2.7777777777777777,1.3209876543209877,4.0,10.0,10.0,0.0,9.999999999999998,1.7763568394002505e-15,10.0,0.0,14.0,14.0,0.7777777777777778,1.4691358024691359,0.0,11.0,28.0,17.0,15.333333333333332,2.074074074074074,16.0,0.0,1.0,1.0,0.2222222222222222,0.345679012345679,0.0,0.0,4.0,4.0,1.8888888888888886,0.8395061728395063,2.0,0.0,0.0,0.0,0.0,0.0,0.0,0.0,0.0,0.0,0.0,0.0,0.0,1.0,4.0,3.0,2.111111111111111,0.6049382716049383,2.0,16.33,34.7633333333,18.4333333333,29.585555555538885,6.0553086419660485,34.7633333333,0.0,0.464,0.464,0.23199999999999998,0.23199999999999998,0.464,0.0,0.0,0.0,0.0,0.0,0.0,152.0,225.0,73.0,175.38888888888889,27.561728395061728,152.0,1.7777777777777777,2.7777777777777777,9.999999999999998,0.7777777777777778,0.11594202898550725,0.18115942028985507,0.6521739130434782,0.050724637681159424,9.774720397088396,0.13933333333333348,0.2,1.0,0.0,0.2222222222222222,0.2222222222222222,0.49999999999999994,410.0,,
Kinetik Properties of (AgSbТe2)0.8(PbTe)0.2.pdf,10.1134/S1063782625602201,AgSbTe2,(AgSbTe2)0.8(PbTe)0.2,(AgSbTe2)0.8(PbTe)0.2,Pb,0.2,unclear,,Pb (0.2) @ unclear site,figure,Fig. 4,Visually estimated from Fig. 4,105.0,uV/K,False,47.0,82.0,35.0,52.33333333333333,3.296296296296292,52.0,65.0,90.0,25.0,82.83333333333331,8.129629629629637,90.0,107.8682,207.2,99.33179999999999,126.33959999999999,10.244888888888886,127.6,600.61,1234.93,634.32,869.966111111111,177.23456790123456,722.66,11.0,16.0,5.0,14.555555555555554,1.6419753086419762,16.0,5.0,6.0,1.0,5.0555555555555545,0.1049382716049373,5.0,138.0,146.0,8.0,140.2222222222222,2.765432098765422,138.0,1.93,2.33,0.40000000000000013,2.0638888888888887,0.06567901234567913,2.1,1.0,2.0,1.0,1.7777777777777777,0.34567901234567905,2.0,0.0,4.0,4.0,2.7777777777777777,1.3209876543209877,4.0,10.0,10.0,0.0,9.999999999999998,1.7763568394002505e-15,10.0,0.0,14.0,14.0,0.7777777777777778,1.4691358024691359,0.0,11.0,28.0,17.0,15.333333333333332,2.074074074074074,16.0,0.0,1.0,1.0,0.2222222222222222,0.345679012345679,0.0,0.0,4.0,4.0,1.8888888888888886,0.8395061728395063,2.0,0.0,0.0,0.0,0.0,0.0,0.0,0.0,0.0,0.0,0.0,0.0,0.0,1.0,4.0,3.0,2.111111111111111,0.6049382716049383,2.0,16.33,34.7633333333,18.4333333333,29.585555555538885,6.0553086419660485,34.7633333333,0.0,0.464,0.464,0.23199999999999998,0.23199999999999998,0.464,0.0,0.0,0.0,0.0,0.0,0.0,152.0,225.0,73.0,175.38888888888889,27.561728395061728,152.0,1.7777777777777777,2.7777777777777777,9.999999999999998,0.7777777777777778,0.11594202898550725,0.18115942028985507,0.6521739130434782,0.050724637681159424,9.774720397088396,0.13933333333333348,0.2,1.0,0.0,0.2222222222222222,0.2222222222222222,0.49999999999999994,550.0,,
Large Mobility Enables Higher Thermoelectric Cooling and Power Generation Performance in n‑type AgPb18+xSbTe20 Crystals.pdf,10.1021/jacs.3c09655,AgPb18+xSbTe20,AgPb18SbTe20,AgPb18SbTe20,Pb,18,unclear,,Pb (18) @ unclear site,body text,,,-202.4,uV/K,False,47.0,82.0,35.0,65.35,14.985,52.0,65.0,90.0,25.0,85.2,4.8,90.0,107.8682,207.2,99.33179999999999,162.78070499999998,39.9773655,127.6,600.61,1234.93,634.32,685.0722499999999,76.01602499999998,722.66,11.0,16.0,5.0,14.95,1.0525,16.0,5.0,6.0,1.0,5.45,0.495,5.0,138.0,146.0,8.0,141.8,3.9400000000000004,138.0,1.93,2.33,0.40000000000000013,2.1979999999999995,0.11879999999999995,2.1,1.0,2.0,1.0,1.975,0.04874999999999992,2.0,0.0,4.0,4.0,2.975,1.0262499999999999,4.0,10.0,10.0,0.0,10.0,0.0,10.0,0.0,14.0,14.0,6.3,6.9300000000000015,0.0,11.0,28.0,17.0,21.25,6.075,16.0,0.0,1.0,1.0,0.025,0.04875,0.0,0.0,4.0,4.0,2.875,1.01875,2.0,0.0,0.0,0.0,0.0,0.0,0.0,0.0,0.0,0.0,0.0,0.0,0.0,1.0,4.0,3.0,2.9,0.9949999999999999,2.0,16.33,34.7633333333,18.4333333333,31.228416666650002,3.5514958333174986,34.7633333333,0.0,0.464,0.464,0.23200000000000004,0.23200000000000004,0.464,0.0,0.0,0.0,0.0,0.0,0.0,152.0,225.0,73.0,187.025,36.07625,152.0,1.975,2.975,10.0,6.3,0.09294117647058824,0.14,0.47058823529411764,0.2964705882352941,7.402748752620393,0.22782608695652173,0.18,1.0,0.0,0.025,0.025,0.5,303.0,,
Large Mobility Enables Higher Thermoelectric Cooling and Power Generation Performance in n‑type AgPb18+xSbTe20 Crystals.pdf,10.1021/jacs.3c09655,AgPb18+xSbTe20,AgPb18.4SbTe20,AgPb18.4SbTe20,Pb,18.4,unclear,,Pb (18.4) @ unclear site,body text,,,-172.3,uV/K,False,47.0,82.0,35.0,65.51485148514853,15.016174884815214,52.0,65.0,90.0,25.0,85.15841584158416,4.793647681599843,90.0,107.8682,207.2,99.33179999999999,163.2205,40.060534653465346,127.6,600.61,1234.93,634.32,684.2359900990099,76.17416919909812,722.66,11.0,16.0,5.0,14.940594059405939,1.0518576610136263,16.0,5.0,6.0,1.0,5.455445544554455,0.4960298009999019,5.0,138.0,146.0,8.0,141.84158415841583,3.9442211547887456,138.0,1.93,2.33,0.40000000000000013,2.1993069306930693,0.11904715223997647,2.1,1.0,2.0,1.0,1.9752475247524752,0.04827958043329088,2.0,0.0,4.0,4.0,2.9653465346534653,1.0261248897166946,4.0,10.0,10.0,0.0,10.0,0.0,10.0,0.0,14.0,14.0,6.376237623762376,6.9444172139986255,0.0,11.0,28.0,17.0,21.316831683168317,6.087638466816979,16.0,0.0,1.0,1.0,0.024752475247524754,0.04827958043329086,0.0,0.0,4.0,4.0,2.886138613861386,1.0202431134202528,2.0,0.0,0.0,0.0,0.0,0.0,0.0,0.0,0.0,0.0,0.0,0.0,0.0,1.0,4.0,3.0,2.910891089108911,0.9964709342221351,2.0,16.33,34.7633333333,18.4333333333,31.197541254108906,3.5484307093917247,34.7633333333,0.0,0.464,0.464,0.22970297029702974,0.2319772571316538,0.464,0.0,0.0,0.0,0.0,0.0,0.0,152.0,225.0,73.0,187.4009900990099,36.10994020194099,152.0,1.9752475247524752,2.9653465346534653,10.0,6.376237623762376,0.09266140269391547,0.13910822108685555,0.4691128657686948,0.2991175104505341,7.394690752239457,0.22806639748766264,0.184,1.0,0.0,0.024752475247524754,0.024752475247524754,0.49504950495049505,303.0,,
"Large-scale production of (GeTe)x(AgSbTe2)100−x (x=75, 80, 85, 90) with enhanced thermoelectric properties via gas-atomization and spark plasma sintering.pdf",10.1016/j.actamat.2017.01.053,(GeTe)x(AgSbTe2)100-x,TAGS-80,(GeTe)80(AgSbTe2)20,,,,,,text,Section 3.2,,240.99999999999997,uV/K,False,32.0,52.0,20.0,44.833333333333336,8.555555555555555,52.0,65.0,90.0,25.0,83.83333333333333,6.3611111111111125,90.0,72.64,127.6,54.959999999999994,107.14901666666668,23.006011111111107,127.6,722.66,1234.93,512.2700000000001,943.3558333333334,227.2918055555556,722.66,11.0,16.0,5.0,14.833333333333334,1.1944444444444444,16.0,4.0,5.0,1.0,4.666666666666667,0.4444444444444443,5.0,120.0,145.0,25.0,132.66666666666666,8.444444444444448,138.0,1.93,2.1,0.17000000000000015,2.0516666666666667,0.04833333333333347,2.1,1.0,2.0,1.0,1.9166666666666667,0.1527777777777777,2.0,0.0,4.0,4.0,2.9166666666666665,1.0972222222222223,4.0,10.0,10.0,0.0,10.0,0.0,10.0,0.0,0.0,0.0,0.0,0.0,0.0,11.0,16.0,5.0,14.833333333333334,1.1944444444444444,16.0,0.0,1.0,1.0,0.08333333333333333,0.15277777777777776,0.0,0.0,4.0,4.0,2.5833333333333335,1.0138888888888888,2.0,0.0,0.0,0.0,0.0,0.0,0.0,0.0,0.0,0.0,0.0,0.0,0.0,1.0,4.0,3.0,2.6666666666666665,0.9444444444444444,2.0,16.33,34.7633333333,18.4333333333,29.040833333316662,6.142361111097221,34.7633333333,0.0,0.464,0.464,0.35966666666666663,0.11988888888888892,0.464,0.0,0.0,0.0,0.0,0.0,0.0,152.0,225.0,73.0,183.58333333333334,34.51388888888889,152.0,1.9166666666666667,2.9166666666666665,10.0,0.0,0.12921348314606743,0.19662921348314605,0.6741573033707865,0.0,9.369807337518013,0.09066666666666687,,0.0,0.0,0.08333333333333333,0.08333333333333333,0.5,598.0,,
"Large-scale production of (GeTe)x(AgSbTe2)100−x (x=75, 80, 85, 90) with enhanced thermoelectric properties via gas-atomization and spark plasma sintering.pdf",10.1016/j.actamat.2017.01.053,(GeTe)x(AgSbTe2)100-x,TAGS-75,(GeTe)75(AgSbTe2)25,Ge,75 mol%,multiple sites,,Ge (75 mol%) @ multiple sites site,figure,Fig. 7b,visually estimated from figure,80.0,uV/K,False,32.0,52.0,20.0,45.4,8.04,52.0,65.0,90.0,25.0,83.7,6.56,90.0,72.64,127.6,54.959999999999994,108.55482,21.686215999999998,127.6,722.66,1234.93,512.2700000000001,938.621,222.92920000000004,722.66,11.0,16.0,5.0,14.8,1.24,16.0,4.0,5.0,1.0,4.7,0.42,5.0,120.0,145.0,25.0,133.4,8.039999999999997,138.0,1.93,2.1,0.17000000000000015,2.051,0.04900000000000013,2.1,1.0,2.0,1.0,1.9,0.18000000000000005,2.0,0.0,4.0,4.0,2.9,1.12,4.0,10.0,10.0,0.0,10.0,0.0,10.0,0.0,0.0,0.0,0.0,0.0,0.0,11.0,16.0,5.0,14.8,1.24,16.0,0.0,1.0,1.0,0.1,0.18,0.0,0.0,4.0,4.0,2.5,1.0,2.0,0.0,0.0,0.0,0.0,0.0,0.0,0.0,0.0,0.0,0.0,0.0,0.0,1.0,4.0,3.0,2.6,0.92,2.0,16.33,34.7633333333,18.4333333333,29.07216666665,6.188733333319999,34.7633333333,0.0,0.464,0.464,0.3469,0.13876000000000002,0.464,0.0,0.0,0.0,0.0,0.0,0.0,152.0,225.0,73.0,182.6,33.92,152.0,1.9,2.9,10.0,0.0,0.12837837837837837,0.19594594594594594,0.6756756756756757,0.0,9.713640759258476,0.09156250000000019,0.75,1.0,0.0,0.1,0.1,0.5,300.0,,
Low lattice thermal conductivity by alloying SnTe with AgSbTe2 and CaTe-MnTe.pdf,10.1063/1.5109465,SnTe-AgSbTe2,(Sn0.95Ca0.05)0.75(AgSbTe2)0.125,(Sn0.95Ca0.05)0.75(AgSbTe2)0.125,Ca,0.05,unclear,,Ca (0.05) @ unclear site,figure,,Visually estimated from Fig. 2c,140.0,uV/K,False,20.0,52.0,32.0,49.3,2.218000000000002,50.0,7.0,90.0,83.0,78.80999999999999,7.070600000000009,80.0,40.078,127.6,87.52199999999999,117.34985999999999,6.532643600000002,118.71,505.08,1234.93,729.8500000000001,679.7485999999999,199.12220399999998,505.08,2.0,16.0,14.0,13.839999999999998,1.2784000000000015,14.0,4.0,5.0,1.0,4.97,0.05820000000000024,5.0,138.0,176.0,38.0,140.51,3.0273999999999934,139.0,1.0,2.1,1.1,1.9651999999999998,0.07087999999999997,1.96,1.0,2.0,1.0,1.9,0.18000000000000008,2.0,0.0,4.0,4.0,2.2399999999999998,0.8559999999999999,2.0,0.0,10.0,10.0,9.7,0.5820000000000006,10.0,0.0,0.0,0.0,0.0,0.0,0.0,2.0,16.0,14.0,13.839999999999998,1.2784000000000015,14.0,0.0,1.0,1.0,0.1,0.18,0.0,0.0,4.0,4.0,2.9799999999999995,1.1668,4.0,0.0,0.0,0.0,0.0,0.0,0.0,0.0,0.0,0.0,0.0,0.0,0.0,0.0,4.0,4.0,3.0799999999999996,1.0488,4.0,16.33,37.77,21.440000000000005,31.847216666659996,3.160886666664,33.285,0.0,0.464,0.464,0.09280000000000001,0.14848,0.0,0.0,0.0,0.0,0.0,0.0,0.0,141.0,225.0,84.0,156.61999999999998,19.654799999999987,141.0,1.9,2.2399999999999998,9.7,0.0,0.13728323699421965,0.16184971098265896,0.7008670520231214,0.0,10.043946681690443,0.18676652556170634,0.05,1.0,0.0,0.1,0.1,0.2,723.0,,
Low lattice thermal conductivity by alloying SnTe with AgSbTe2 and CaTe-MnTe.pdf,10.1063/1.5109465,SnTe-AgSbTe2,(Sn0.95Ca0.05)0.75(AgSbTe2)0.125,(Sn0.95Ca0.05)0.75(AgSbTe2)0.125,Ca,0.05,unclear,,Ca (0.05) @ unclear site,figure,,Visually estimated from Fig. 3a,130.0,uV/K,False,20.0,52.0,32.0,49.3,2.218000000000002,50.0,7.0,90.0,83.0,78.80999999999999,7.070600000000009,80.0,40.078,127.6,87.52199999999999,117.34985999999999,6.532643600000002,118.71,505.08,1234.93,729.8500000000001,679.7485999999999,199.12220399999998,505.08,2.0,16.0,14.0,13.839999999999998,1.2784000000000015,14.0,4.0,5.0,1.0,4.97,0.05820000000000024,5.0,138.0,176.0,38.0,140.51,3.0273999999999934,139.0,1.0,2.1,1.1,1.9651999999999998,0.07087999999999997,1.96,1.0,2.0,1.0,1.9,0.18000000000000008,2.0,0.0,4.0,4.0,2.2399999999999998,0.8559999999999999,2.0,0.0,10.0,10.0,9.7,0.5820000000000006,10.0,0.0,0.0,0.0,0.0,0.0,0.0,2.0,16.0,14.0,13.839999999999998,1.2784000000000015,14.0,0.0,1.0,1.0,0.1,0.18,0.0,0.0,4.0,4.0,2.9799999999999995,1.1668,4.0,0.0,0.0,0.0,0.0,0.0,0.0,0.0,0.0,0.0,0.0,0.0,0.0,0.0,4.0,4.0,3.0799999999999996,1.0488,4.0,16.33,37.77,21.440000000000005,31.847216666659996,3.160886666664,33.285,0.0,0.464,0.464,0.09280000000000001,0.14848,0.0,0.0,0.0,0.0,0.0,0.0,0.0,141.0,225.0,84.0,156.61999999999998,19.654799999999987,141.0,1.9,2.2399999999999998,9.7,0.0,0.13728323699421965,0.16184971098265896,0.7008670520231214,0.0,10.043946681690443,0.18676652556170634,0.05,1.0,0.0,0.1,0.1,0.2,800.0,,
Low lattice thermal conductivity by alloying SnTe with AgSbTe2 and CaTe-MnTe.pdf,10.1063/1.5109465,SnTe-AgSbTe2,(Sn0.85Mn0.15)0.85(AgSbTe2)0.075,(Sn0.85Mn0.15)0.85(AgSbTe2)0.075,Mn,0.15,unclear,,Mn (0.15) @ unclear site,figure,,Visually estimated from Fig. 2c,150.0,uV/K,False,25.0,52.0,27.0,47.35869565217392,5.004584120982982,50.0,52.0,90.0,38.0,77.54782608695653,7.301625708884681,80.0,54.938045,127.6,72.66195499999999,112.29103542391307,13.294293801465006,118.71,505.08,1519.0,1013.9200000000001,719.4739565217392,269.3906671077506,505.08,7.0,16.0,9.0,13.354347826086958,1.71609640831758,14.0,4.0,5.0,1.0,4.88913043478261,0.19715500945179515,5.0,138.0,145.0,7.0,139.2608695652174,0.7485822306238304,139.0,1.55,2.1,0.55,1.936717391304348,0.08662655954631365,1.96,1.0,2.0,1.0,1.9347826086956523,0.12192816635160672,2.0,0.0,4.0,4.0,1.9739130434782615,0.6951606805293004,2.0,5.0,10.0,5.0,9.445652173913047,0.985775047258977,10.0,0.0,0.0,0.0,0.0,0.0,0.0,7.0,16.0,9.0,13.354347826086958,1.71609640831758,14.0,0.0,1.0,1.0,0.06521739130434784,0.12192816635160683,0.0,0.0,4.0,4.0,2.9695652173913047,1.2987334593572781,4.0,0.0,5.0,5.0,0.5543478260869567,0.9857750472589796,0.0,0.0,0.0,0.0,0.0,0.0,0.0,1.0,5.0,4.0,3.58913043478261,0.829111531190926,4.0,10.4875862069,34.7633333333,24.2757471264,29.732025862065004,6.0153356446754955,33.285,0.0,0.464,0.464,0.06052173913043479,0.10525519848771268,0.0,0.0,0.000310120689655,0.000310120689655,3.43829460269674e-05,6.1141847500129e-05,0.0,141.0,225.0,84.0,157.96956521739133,22.879905482041607,141.0,1.9347826086956523,1.9739130434782615,9.445652173913047,0.0,0.14488035161972979,0.14781051603451087,0.7073091323457595,0.0,9.625097540110923,0.21726527756957978,0.15,1.0,0.0,0.06521739130434784,0.06521739130434784,0.13043478260869568,723.0,,
Low lattice thermal conductivity by alloying SnTe with AgSbTe2 and CaTe-MnTe.pdf,10.1063/1.5109465,SnTe-AgSbTe2,(Sn0.85Mn0.15)0.85(AgSbTe2)0.075,(Sn0.85Mn0.15)0.85(AgSbTe2)0.075,Mn,0.15,unclear,,Mn (0.15) @ unclear site,figure,,Visually estimated from Fig. 3a,145.0,uV/K,False,25.0,52.0,27.0,47.35869565217392,5.004584120982982,50.0,52.0,90.0,38.0,77.54782608695653,7.301625708884681,80.0,54.938045,127.6,72.66195499999999,112.29103542391307,13.294293801465006,118.71,505.08,1519.0,1013.9200000000001,719.4739565217392,269.3906671077506,505.08,7.0,16.0,9.0,13.354347826086958,1.71609640831758,14.0,4.0,5.0,1.0,4.88913043478261,0.19715500945179515,5.0,138.0,145.0,7.0,139.2608695652174,0.7485822306238304,139.0,1.55,2.1,0.55,1.936717391304348,0.08662655954631365,1.96,1.0,2.0,1.0,1.9347826086956523,0.12192816635160672,2.0,0.0,4.0,4.0,1.9739130434782615,0.6951606805293004,2.0,5.0,10.0,5.0,9.445652173913047,0.985775047258977,10.0,0.0,0.0,0.0,0.0,0.0,0.0,7.0,16.0,9.0,13.354347826086958,1.71609640831758,14.0,0.0,1.0,1.0,0.06521739130434784,0.12192816635160683,0.0,0.0,4.0,4.0,2.9695652173913047,1.2987334593572781,4.0,0.0,5.0,5.0,0.5543478260869567,0.9857750472589796,0.0,0.0,0.0,0.0,0.0,0.0,0.0,1.0,5.0,4.0,3.58913043478261,0.829111531190926,4.0,10.4875862069,34.7633333333,24.2757471264,29.732025862065004,6.0153356446754955,33.285,0.0,0.464,0.464,0.06052173913043479,0.10525519848771268,0.0,0.0,0.000310120689655,0.000310120689655,3.43829460269674e-05,6.1141847500129e-05,0.0,141.0,225.0,84.0,157.96956521739133,22.879905482041607,141.0,1.9347826086956523,1.9739130434782615,9.445652173913047,0.0,0.14488035161972979,0.14781051603451087,0.7073091323457595,0.0,9.625097540110923,0.21726527756957978,0.15,1.0,0.0,0.06521739130434784,0.06521739130434784,0.13043478260869568,800.0,,
Low solubility and transport consequences of Eu addition in AgSbTe2 thermoelectrics.pdf,10.1016/j.physb.2026.418712,AgSbTe2,0 wt% Eu,AgSbTe2,,,,,,figure,Fig. 3a,Visually estimated from Fig. 3a,250.0,uV/K,False,47.0,52.0,5.0,50.5,1.75,52.0,65.0,90.0,25.0,82.5,8.75,90.0,107.8682,127.6,19.731799999999993,121.20705,6.669425,127.6,722.66,1234.93,512.2700000000001,896.0074999999999,173.34750000000003,722.66,11.0,16.0,5.0,14.5,1.75,16.0,5.0,5.0,0.0,5.0,0.0,5.0,138.0,145.0,7.0,140.0,2.5,138.0,1.93,2.1,0.17000000000000015,2.045,0.05750000000000005,2.1,1.0,2.0,1.0,1.75,0.375,2.0,0.0,4.0,4.0,2.75,1.375,4.0,10.0,10.0,0.0,10.0,0.0,10.0,0.0,0.0,0.0,0.0,0.0,0.0,11.0,16.0,5.0,14.5,1.75,16.0,0.0,1.0,1.0,0.25,0.375,0.0,0.0,3.0,3.0,1.75,0.875,2.0,0.0,0.0,0.0,0.0,0.0,0.0,0.0,0.0,0.0,0.0,0.0,0.0,1.0,3.0,2.0,2.0,0.5,2.0,16.33,34.7633333333,18.4333333333,29.35416666665,6.512083333324999,34.7633333333,0.0,0.464,0.464,0.232,0.232,0.464,0.0,0.0,0.0,0.0,0.0,0.0,152.0,225.0,73.0,173.75,25.625,152.0,1.75,2.75,10.0,0.0,0.1206896551724138,0.1896551724137931,0.6896551724137931,0.0,8.644719482306641,0.11200000000000014,,0.0,0.0,0.25,0.25,0.5,300.0,,
Low solubility and transport consequences of Eu addition in AgSbTe2 thermoelectrics.pdf,10.1016/j.physb.2026.418712,AgSbTe2,0 wt% Eu,AgSbTe2,,,,,,figure,Fig. 3a,Visually estimated from Fig. 3a,350.0,uV/K,False,47.0,52.0,5.0,50.5,1.75,52.0,65.0,90.0,25.0,82.5,8.75,90.0,107.8682,127.6,19.731799999999993,121.20705,6.669425,127.6,722.66,1234.93,512.2700000000001,896.0074999999999,173.34750000000003,722.66,11.0,16.0,5.0,14.5,1.75,16.0,5.0,5.0,0.0,5.0,0.0,5.0,138.0,145.0,7.0,140.0,2.5,138.0,1.93,2.1,0.17000000000000015,2.045,0.05750000000000005,2.1,1.0,2.0,1.0,1.75,0.375,2.0,0.0,4.0,4.0,2.75,1.375,4.0,10.0,10.0,0.0,10.0,0.0,10.0,0.0,0.0,0.0,0.0,0.0,0.0,11.0,16.0,5.0,14.5,1.75,16.0,0.0,1.0,1.0,0.25,0.375,0.0,0.0,3.0,3.0,1.75,0.875,2.0,0.0,0.0,0.0,0.0,0.0,0.0,0.0,0.0,0.0,0.0,0.0,0.0,1.0,3.0,2.0,2.0,0.5,2.0,16.33,34.7633333333,18.4333333333,29.35416666665,6.512083333324999,34.7633333333,0.0,0.464,0.464,0.232,0.232,0.464,0.0,0.0,0.0,0.0,0.0,0.0,152.0,225.0,73.0,173.75,25.625,152.0,1.75,2.75,10.0,0.0,0.1206896551724138,0.1896551724137931,0.6896551724137931,0.0,8.644719482306641,0.11200000000000014,,0.0,0.0,0.25,0.25,0.5,500.0,,
Nanostructures in high-performance (GeTe)x(AgSbTe2)100−x thermoelectric materials.pdf,10.1088/0957-4484/19/24/245707,AgSbTe2,TAGS-75,(GeTe)75(AgSbTe2)25,Ge,75 mol%,multiple sites,,Ge (75 mol%) @ multiple sites site,figure,,Visually estimated from Fig. 2(b),160.0,uV/K,False,32.0,52.0,20.0,45.4,8.04,52.0,65.0,90.0,25.0,83.7,6.56,90.0,72.64,127.6,54.959999999999994,108.55482,21.686215999999998,127.6,722.66,1234.93,512.2700000000001,938.621,222.92920000000004,722.66,11.0,16.0,5.0,14.8,1.24,16.0,4.0,5.0,1.0,4.7,0.42,5.0,120.0,145.0,25.0,133.4,8.039999999999997,138.0,1.93,2.1,0.17000000000000015,2.051,0.04900000000000013,2.1,1.0,2.0,1.0,1.9,0.18000000000000005,2.0,0.0,4.0,4.0,2.9,1.12,4.0,10.0,10.0,0.0,10.0,0.0,10.0,0.0,0.0,0.0,0.0,0.0,0.0,11.0,16.0,5.0,14.8,1.24,16.0,0.0,1.0,1.0,0.1,0.18,0.0,0.0,4.0,4.0,2.5,1.0,2.0,0.0,0.0,0.0,0.0,0.0,0.0,0.0,0.0,0.0,0.0,0.0,0.0,1.0,4.0,3.0,2.6,0.92,2.0,16.33,34.7633333333,18.4333333333,29.07216666665,6.188733333319999,34.7633333333,0.0,0.464,0.464,0.3469,0.13876000000000002,0.464,0.0,0.0,0.0,0.0,0.0,0.0,152.0,225.0,73.0,182.6,33.92,152.0,1.9,2.9,10.0,0.0,0.12837837837837837,0.19594594594594594,0.6756756756756757,0.0,9.713640759258476,0.09156250000000019,0.75,1.0,0.0,0.1,0.1,0.5,300.0,,
Nanostructures in high-performance (GeTe)x(AgSbTe2)100−x thermoelectric materials.pdf,10.1088/0957-4484/19/24/245707,AgSbTe2,TAGS-75,(GeTe)75(AgSbTe2)25,Ge,75 mol%,multiple sites,,Ge (75 mol%) @ multiple sites site,figure,,Visually estimated from Fig. 2(b),239.99999999999997,uV/K,False,32.0,52.0,20.0,45.4,8.04,52.0,65.0,90.0,25.0,83.7,6.56,90.0,72.64,127.6,54.959999999999994,108.55482,21.686215999999998,127.6,722.66,1234.93,512.2700000000001,938.621,222.92920000000004,722.66,11.0,16.0,5.0,14.8,1.24,16.0,4.0,5.0,1.0,4.7,0.42,5.0,120.0,145.0,25.0,133.4,8.039999999999997,138.0,1.93,2.1,0.17000000000000015,2.051,0.04900000000000013,2.1,1.0,2.0,1.0,1.9,0.18000000000000005,2.0,0.0,4.0,4.0,2.9,1.12,4.0,10.0,10.0,0.0,10.0,0.0,10.0,0.0,0.0,0.0,0.0,0.0,0.0,11.0,16.0,5.0,14.8,1.24,16.0,0.0,1.0,1.0,0.1,0.18,0.0,0.0,4.0,4.0,2.5,1.0,2.0,0.0,0.0,0.0,0.0,0.0,0.0,0.0,0.0,0.0,0.0,0.0,0.0,1.0,4.0,3.0,2.6,0.92,2.0,16.33,34.7633333333,18.4333333333,29.07216666665,6.188733333319999,34.7633333333,0.0,0.464,0.464,0.3469,0.13876000000000002,0.464,0.0,0.0,0.0,0.0,0.0,0.0,152.0,225.0,73.0,182.6,33.92,152.0,1.9,2.9,10.0,0.0,0.12837837837837837,0.19594594594594594,0.6756756756756757,0.0,9.713640759258476,0.09156250000000019,0.75,1.0,0.0,0.1,0.1,0.5,600.0,,
Nanostructures in high-performance (GeTe)x(AgSbTe2)100−x thermoelectric materials.pdf,10.1088/0957-4484/19/24/245707,AgSbTe2,TAGS-80,(GeTe)80(AgSbTe2)20,Ge,80 mol%,multiple sites,,Ge (80 mol%) @ multiple sites site,figure,,Visually estimated from Fig. 2(b),179.99999999999997,uV/K,False,32.0,52.0,20.0,44.833333333333336,8.555555555555555,52.0,65.0,90.0,25.0,83.83333333333333,6.3611111111111125,90.0,72.64,127.6,54.959999999999994,107.14901666666668,23.006011111111107,127.6,722.66,1234.93,512.2700000000001,943.3558333333334,227.2918055555556,722.66,11.0,16.0,5.0,14.833333333333334,1.1944444444444444,16.0,4.0,5.0,1.0,4.666666666666667,0.4444444444444443,5.0,120.0,145.0,25.0,132.66666666666666,8.444444444444448,138.0,1.93,2.1,0.17000000000000015,2.0516666666666667,0.04833333333333347,2.1,1.0,2.0,1.0,1.9166666666666667,0.1527777777777777,2.0,0.0,4.0,4.0,2.9166666666666665,1.0972222222222223,4.0,10.0,10.0,0.0,10.0,0.0,10.0,0.0,0.0,0.0,0.0,0.0,0.0,11.0,16.0,5.0,14.833333333333334,1.1944444444444444,16.0,0.0,1.0,1.0,0.08333333333333333,0.15277777777777776,0.0,0.0,4.0,4.0,2.5833333333333335,1.0138888888888888,2.0,0.0,0.0,0.0,0.0,0.0,0.0,0.0,0.0,0.0,0.0,0.0,0.0,1.0,4.0,3.0,2.6666666666666665,0.9444444444444444,2.0,16.33,34.7633333333,18.4333333333,29.040833333316662,6.142361111097221,34.7633333333,0.0,0.464,0.464,0.35966666666666663,0.11988888888888892,0.464,0.0,0.0,0.0,0.0,0.0,0.0,152.0,225.0,73.0,183.58333333333334,34.51388888888889,152.0,1.9166666666666667,2.9166666666666665,10.0,0.0,0.12921348314606743,0.19662921348314605,0.6741573033707865,0.0,9.369807337518013,0.09066666666666687,0.8,1.0,0.0,0.08333333333333333,0.08333333333333333,0.5,300.0,,
Nanostructures in high-performance (GeTe)x(AgSbTe2)100−x thermoelectric materials.pdf,10.1088/0957-4484/19/24/245707,AgSbTe2,TAGS-80,(GeTe)80(AgSbTe2)20,Ge,80 mol%,multiple sites,,Ge (80 mol%) @ multiple sites site,figure,,Visually estimated from Fig. 2(b),250.0,uV/K,False,32.0,52.0,20.0,44.833333333333336,8.555555555555555,52.0,65.0,90.0,25.0,83.83333333333333,6.3611111111111125,90.0,72.64,127.6,54.959999999999994,107.14901666666668,23.006011111111107,127.6,722.66,1234.93,512.2700000000001,943.3558333333334,227.2918055555556,722.66,11.0,16.0,5.0,14.833333333333334,1.1944444444444444,16.0,4.0,5.0,1.0,4.666666666666667,0.4444444444444443,5.0,120.0,145.0,25.0,132.66666666666666,8.444444444444448,138.0,1.93,2.1,0.17000000000000015,2.0516666666666667,0.04833333333333347,2.1,1.0,2.0,1.0,1.9166666666666667,0.1527777777777777,2.0,0.0,4.0,4.0,2.9166666666666665,1.0972222222222223,4.0,10.0,10.0,0.0,10.0,0.0,10.0,0.0,0.0,0.0,0.0,0.0,0.0,11.0,16.0,5.0,14.833333333333334,1.1944444444444444,16.0,0.0,1.0,1.0,0.08333333333333333,0.15277777777777776,0.0,0.0,4.0,4.0,2.5833333333333335,1.0138888888888888,2.0,0.0,0.0,0.0,0.0,0.0,0.0,0.0,0.0,0.0,0.0,0.0,0.0,1.0,4.0,3.0,2.6666666666666665,0.9444444444444444,2.0,16.33,34.7633333333,18.4333333333,29.040833333316662,6.142361111097221,34.7633333333,0.0,0.464,0.464,0.35966666666666663,0.11988888888888892,0.464,0.0,0.0,0.0,0.0,0.0,0.0,152.0,225.0,73.0,183.58333333333334,34.51388888888889,152.0,1.9166666666666667,2.9166666666666665,10.0,0.0,0.12921348314606743,0.19662921348314605,0.6741573033707865,0.0,9.369807337518013,0.09066666666666687,0.8,1.0,0.0,0.08333333333333333,0.08333333333333333,0.5,600.0,,
Nanostructures in high-performance (GeTe)x(AgSbTe2)100−x thermoelectric materials.pdf,10.1088/0957-4484/19/24/245707,AgSbTe2,TAGS-85,(GeTe)85(AgSbTe2)15,Ge,85 mol%,multiple sites,,Ge (85 mol%) @ multiple sites site,figure,,Visually estimated from Fig. 2(b),110.0,uV/K,False,32.0,52.0,20.0,44.21739130434783,9.030245746691872,52.0,65.0,90.0,25.0,83.97826086956522,6.155009451795841,90.0,72.64,127.6,54.959999999999994,105.62096956521741,24.377238374291107,127.6,722.66,1234.93,512.2700000000001,948.5023913043481,231.67574669187155,722.66,11.0,16.0,5.0,14.869565217391305,1.1474480151228734,16.0,4.0,5.0,1.0,4.630434782608695,0.4659735349716447,5.0,120.0,145.0,25.0,131.8695652173913,8.773156899810962,138.0,1.93,2.1,0.17000000000000015,2.052391304347826,0.04760869565217406,2.1,1.0,2.0,1.0,1.934782608695652,0.12192816635160686,2.0,0.0,4.0,4.0,2.9347826086956523,1.0737240075614367,4.0,10.0,10.0,0.0,10.0,0.0,10.0,0.0,0.0,0.0,0.0,0.0,0.0,11.0,16.0,5.0,14.869565217391305,1.1474480151228734,16.0,0.0,1.0,1.0,0.06521739130434782,0.12192816635160683,0.0,0.0,4.0,4.0,2.6739130434782608,1.0226843100189036,2.0,0.0,0.0,0.0,0.0,0.0,0.0,0.0,0.0,0.0,0.0,0.0,0.0,1.0,4.0,3.0,2.739130434782609,0.9659735349716446,2.0,16.33,34.7633333333,18.4333333333,29.006775362302168,6.089587271567107,34.7633333333,0.0,0.464,0.464,0.37354347826086953,0.09744612476370514,0.464,0.0,0.0,0.0,0.0,0.0,0.0,152.0,225.0,73.0,184.65217391304347,35.08506616257089,152.0,1.934782608695652,2.9347826086956523,10.0,0.0,0.13011695906432746,0.19736842105263158,0.672514619883041,0.0,8.900964213004231,0.08995312500000023,0.85,1.0,0.0,0.06521739130434782,0.06521739130434782,0.5,300.0,,
Nanostructures in high-performance (GeTe)x(AgSbTe2)100−x thermoelectric materials.pdf,10.1088/0957-4484/19/24/245707,AgSbTe2,TAGS-85,(GeTe)85(AgSbTe2)15,Ge,85 mol%,multiple sites,,Ge (85 mol%) @ multiple sites site,figure,,Visually estimated from Fig. 2(b),199.99999999999997,uV/K,False,32.0,52.0,20.0,44.21739130434783,9.030245746691872,52.0,65.0,90.0,25.0,83.97826086956522,6.155009451795841,90.0,72.64,127.6,54.959999999999994,105.62096956521741,24.377238374291107,127.6,722.66,1234.93,512.2700000000001,948.5023913043481,231.67574669187155,722.66,11.0,16.0,5.0,14.869565217391305,1.1474480151228734,16.0,4.0,5.0,1.0,4.630434782608695,0.4659735349716447,5.0,120.0,145.0,25.0,131.8695652173913,8.773156899810962,138.0,1.93,2.1,0.17000000000000015,2.052391304347826,0.04760869565217406,2.1,1.0,2.0,1.0,1.934782608695652,0.12192816635160686,2.0,0.0,4.0,4.0,2.9347826086956523,1.0737240075614367,4.0,10.0,10.0,0.0,10.0,0.0,10.0,0.0,0.0,0.0,0.0,0.0,0.0,11.0,16.0,5.0,14.869565217391305,1.1474480151228734,16.0,0.0,1.0,1.0,0.06521739130434782,0.12192816635160683,0.0,0.0,4.0,4.0,2.6739130434782608,1.0226843100189036,2.0,0.0,0.0,0.0,0.0,0.0,0.0,0.0,0.0,0.0,0.0,0.0,0.0,1.0,4.0,3.0,2.739130434782609,0.9659735349716446,2.0,16.33,34.7633333333,18.4333333333,29.006775362302168,6.089587271567107,34.7633333333,0.0,0.464,0.464,0.37354347826086953,0.09744612476370514,0.464,0.0,0.0,0.0,0.0,0.0,0.0,152.0,225.0,73.0,184.65217391304347,35.08506616257089,152.0,1.934782608695652,2.9347826086956523,10.0,0.0,0.13011695906432746,0.19736842105263158,0.672514619883041,0.0,8.900964213004231,0.08995312500000023,0.85,1.0,0.0,0.06521739130434782,0.06521739130434782,0.5,720.0,,
Nanostructures in high-performance (GeTe)x(AgSbTe2)100−x thermoelectric materials.pdf,10.1088/0957-4484/19/24/245707,AgSbTe2,TAGS-90,(GeTe)90(AgSbTe2)10,Ge,90 mol%,multiple sites,,Ge (90 mol%) @ multiple sites site,figure,,Visually estimated from Fig. 2(b),59.99999999999999,uV/K,False,32.0,52.0,20.0,43.54545454545455,9.446280991735536,52.0,65.0,90.0,25.0,84.13636363636364,5.942148760330578,90.0,72.64,127.6,54.959999999999994,103.95400909090908,25.620552892561978,127.6,722.66,1234.93,512.2700000000001,954.1168181818181,236.03289256198352,722.66,11.0,16.0,5.0,14.909090909090908,1.0991735537190082,16.0,4.0,5.0,1.0,4.590909090909091,0.48347107438016534,5.0,120.0,145.0,25.0,131.0,9.0,138.0,1.93,2.1,0.17000000000000015,2.053181818181818,0.04681818181818195,2.1,1.0,2.0,1.0,1.9545454545454546,0.08677685950413219,2.0,0.0,4.0,4.0,2.9545454545454546,1.0495867768595042,4.0,10.0,10.0,0.0,10.0,0.0,10.0,0.0,0.0,0.0,0.0,0.0,0.0,11.0,16.0,5.0,14.909090909090908,1.0991735537190082,16.0,0.0,1.0,1.0,0.045454545454545456,0.08677685950413223,0.0,0.0,4.0,4.0,2.772727272727273,1.0247933884297522,2.0,0.0,0.0,0.0,0.0,0.0,0.0,0.0,0.0,0.0,0.0,0.0,0.0,1.0,4.0,3.0,2.8181818181818183,0.9834710743801653,2.0,16.33,34.7633333333,18.4333333333,28.969621212104542,6.029201101913222,34.7633333333,0.0,0.464,0.464,0.38868181818181813,0.07531818181818184,0.464,0.0,0.0,0.0,0.0,0.0,0.0,152.0,225.0,73.0,185.8181818181818,35.6198347107438,152.0,1.9545454545454546,2.9545454545454546,10.0,0.0,0.13109756097560976,0.19817073170731708,0.6707317073170732,0.0,8.258175511476624,0.08950000000000025,0.9,1.0,0.0,0.045454545454545456,0.045454545454545456,0.5,300.0,,
Nanostructures in high-performance (GeTe)x(AgSbTe2)100−x thermoelectric materials.pdf,10.1088/0957-4484/19/24/245707,AgSbTe2,TAGS-90,(GeTe)90(AgSbTe2)10,Ge,90 mol%,multiple sites,,Ge (90 mol%) @ multiple sites site,figure,,Visually estimated from Fig. 2(b),70.0,uV/K,False,32.0,52.0,20.0,43.54545454545455,9.446280991735536,52.0,65.0,90.0,25.0,84.13636363636364,5.942148760330578,90.0,72.64,127.6,54.959999999999994,103.95400909090908,25.620552892561978,127.6,722.66,1234.93,512.2700000000001,954.1168181818181,236.03289256198352,722.66,11.0,16.0,5.0,14.909090909090908,1.0991735537190082,16.0,4.0,5.0,1.0,4.590909090909091,0.48347107438016534,5.0,120.0,145.0,25.0,131.0,9.0,138.0,1.93,2.1,0.17000000000000015,2.053181818181818,0.04681818181818195,2.1,1.0,2.0,1.0,1.9545454545454546,0.08677685950413219,2.0,0.0,4.0,4.0,2.9545454545454546,1.0495867768595042,4.0,10.0,10.0,0.0,10.0,0.0,10.0,0.0,0.0,0.0,0.0,0.0,0.0,11.0,16.0,5.0,14.909090909090908,1.0991735537190082,16.0,0.0,1.0,1.0,0.045454545454545456,0.08677685950413223,0.0,0.0,4.0,4.0,2.772727272727273,1.0247933884297522,2.0,0.0,0.0,0.0,0.0,0.0,0.0,0.0,0.0,0.0,0.0,0.0,0.0,1.0,4.0,3.0,2.8181818181818183,0.9834710743801653,2.0,16.33,34.7633333333,18.4333333333,28.969621212104542,6.029201101913222,34.7633333333,0.0,0.464,0.464,0.38868181818181813,0.07531818181818184,0.464,0.0,0.0,0.0,0.0,0.0,0.0,152.0,225.0,73.0,185.8181818181818,35.6198347107438,152.0,1.9545454545454546,2.9545454545454546,10.0,0.0,0.13109756097560976,0.19817073170731708,0.6707317073170732,0.0,8.258175511476624,0.08950000000000025,0.9,1.0,0.0,0.045454545454545456,0.045454545454545456,0.5,720.0,,
Optimized Carrier Concentration and Reduced Thermal Conductivity in Cu-Deficient CuGaTe2 Alloyed with AgSbTe2 for Superior Thermoelectric Performance.pdf,10.1021/acsami.6c05111,Cu0.96GaTe2-AgSbTe2,"(Cu0.96GaTe2)1-x(AgSbTe2)x, x=0.02",(Cu0.96GaTe2)0.98(AgSbTe2)0.02,Ag,x=0.02,unclear,Sb (x=0.02) @ unclear,Ag (x=0.02) @ unclear site; Sb (x=0.02) @ unclear site,figure,,Visually estimated from Fig. 5b,120.0,uV/K,False,29.0,52.0,23.0,41.31064431427995,10.95045728078616,52.0,64.0,90.0,26.0,79.71399717228843,10.441186483527256,90.0,63.546,127.6,64.054,97.93606867299535,30.298416434603855,127.6,302.91,1357.77,1054.86,773.1609816198747,283.70426440478025,722.66,11.0,16.0,5.0,14.039789941425974,1.9893073713994807,16.0,4.0,5.0,1.0,4.515047465158554,0.49954714758460417,5.0,122.0,145.0,23.0,132.6564330438295,5.585172990601778,138.0,1.81,2.1,0.29000000000000004,1.9796303777014743,0.12227158000556539,2.1,1.0,2.0,1.0,1.7574227428802263,0.3674670628960418,2.0,0.0,4.0,4.0,2.2823671985457485,1.7418795490494792,4.0,10.0,10.0,0.0,10.000000000000002,1.7763568394002505e-15,10.0,0.0,0.0,0.0,0.0,0.0,0.0,11.0,16.0,5.0,14.039789941425974,1.9893073713994807,16.0,0.0,1.0,1.0,0.2425772571197738,0.3674670628960419,0.0,0.0,5.0,5.0,2.262169258735609,1.362265573250046,2.0,0.0,0.0,0.0,0.0,0.0,0.0,0.0,0.0,0.0,0.0,0.0,0.0,1.0,5.0,4.0,2.504746515855383,1.2397765522846989,2.0,11.07,34.7633333333,23.693333333299996,25.090757591042212,9.833637816953507,34.7633333333,0.0,0.464,0.464,0.23429610179761667,0.23197727550230596,0.464,0.0,0.0,0.0,0.0,0.0,0.0,64.0,225.0,161.0,148.00545344374876,41.57005876331738,152.0,1.7574227428802263,2.2823671985457485,10.000000000000002,0.0,0.12517443282358187,0.16256419847218428,0.712261368704234,0.0,9.024879516031788,0.21276744344840376,0.02,2.0,1.0,0.005049484952534842,0.005049484952534842,0.5049484952534842,300.0,,
Optimized Carrier Concentration and Reduced Thermal Conductivity in Cu-Deficient CuGaTe2 Alloyed with AgSbTe2 for Superior Thermoelectric Performance.pdf,10.1021/acsami.6c05111,Cu0.96GaTe2-AgSbTe2,"(Cu0.96GaTe2)1-x(AgSbTe2)x, x=0.04",(Cu0.96GaTe2)0.96(AgSbTe2)0.04,Ag,x=0.04,unclear,Sb (x=0.04) @ unclear,Ag (x=0.04) @ unclear site; Sb (x=0.04) @ unclear site,figure,,Visually estimated from Fig. 5b,130.0,uV/K,False,29.0,52.0,23.0,41.5,10.904684975767369,52.0,64.0,90.0,26.0,79.77140549273021,10.433326330184963,90.0,63.546,127.6,64.054,98.41559006462036,30.129594439413196,127.6,302.91,1357.77,1054.86,775.6923546042003,282.68162844731074,722.66,11.0,16.0,5.0,14.049273021001616,1.988834328128385,16.0,4.0,5.0,1.0,4.525040387722132,0.4987459579654506,5.0,122.0,145.0,23.0,132.8077544426494,5.613828129689609,138.0,1.81,2.1,0.29000000000000004,1.980977382875606,0.12157014283812814,2.1,1.0,2.0,1.0,1.757269789983845,0.36762451032333665,2.0,0.0,4.0,4.0,2.292003231017771,1.7388496611085158,4.0,10.0,10.0,0.0,10.0,0.0,10.0,0.0,0.0,0.0,0.0,0.0,0.0,11.0,16.0,5.0,14.049273021001616,1.988834328128385,16.0,0.0,1.0,1.0,0.2427302100161551,0.3676245103233367,0.0,0.0,5.0,5.0,2.251615508885299,1.3471246421217191,2.0,0.0,0.0,0.0,0.0,0.0,0.0,0.0,0.0,0.0,0.0,0.0,0.0,1.0,5.0,4.0,2.4943457189014535,1.2245831386806068,2.0,11.07,34.7633333333,23.693333333299996,25.178609316084408,9.806494174973647,34.7633333333,0.0,0.464,0.464,0.23424878836833604,0.23197820237445876,0.464,0.0,0.0,0.0,0.0,0.0,0.0,64.0,225.0,161.0,148.5359450726979,40.97057111762418,152.0,1.757269789983845,2.292003231017771,10.0,0.0,0.12507905479215778,0.1631403438164779,0.7117806013913643,0.0,9.317202788863806,0.21034360846956815,0.04,2.0,1.0,0.010096930533117932,0.010096930533117932,0.5048465266558967,300.0,,
Optimized Carrier Concentration and Reduced Thermal Conductivity in Cu-Deficient CuGaTe2 Alloyed with AgSbTe2 for Superior Thermoelectric Performance.pdf,10.1021/acsami.6c05111,Cu0.96GaTe2-AgSbTe2,"(Cu0.96GaTe2)1-x(AgSbTe2)x, x=0.06",(Cu0.96GaTe2)0.94(AgSbTe2)0.06,Ag,x=0.06,unclear,Sb (x=0.06) @ unclear,Ag (x=0.06) @ unclear site; Sb (x=0.06) @ unclear site,figure,,Visually estimated from Fig. 5b,140.0,uV/K,False,29.0,52.0,23.0,41.689279224712294,10.8513668703866,52.0,64.0,90.0,26.0,79.82879063194025,10.42433439239002,90.0,63.546,127.6,64.054,98.89491782757925,29.941684941213406,127.6,302.91,1357.77,1054.86,778.2227054310518,281.6067807224372,722.66,11.0,16.0,5.0,14.058752271350697,1.988173996071858,16.0,4.0,5.0,1.0,4.535029275186756,0.49754589975978114,5.0,122.0,145.0,23.0,132.95901473854232,5.6364267889613995,138.0,1.81,2.1,0.29000000000000004,1.9823238441348678,0.12084235871298836,2.1,1.0,2.0,1.0,1.7571168988491823,0.3677818006523587,2.0,0.0,4.0,4.0,2.301635372501514,1.7356304929572384,4.0,10.0,10.0,0.0,10.000000000000002,1.7763568394002505e-15,10.0,0.0,0.0,0.0,0.0,0.0,0.0,11.0,16.0,5.0,14.058752271350697,1.988173996071858,16.0,0.0,1.0,1.0,0.24288310115081768,0.3677818006523587,0.0,0.0,5.0,5.0,2.2410660205935797,1.3319876738372807,2.0,0.0,0.0,0.0,0.0,0.0,0.0,0.0,0.0,0.0,0.0,0.0,0.0,1.0,5.0,4.0,2.4839491217443976,1.2093937402864945,2.0,11.07,34.7633333333,23.693333333299996,25.26642556697961,9.777624671220474,34.7633333333,0.0,0.464,0.464,0.23420149404401375,0.2319791095860956,0.464,0.0,0.0,0.0,0.0,0.0,0.0,64.0,225.0,161.0,149.06622249141935,40.36051339689793,152.0,1.7571168988491823,2.301635372501514,10.000000000000002,0.0,0.12498384386713196,0.16371547972943862,0.7113006764034295,0.0,9.563776491985468,0.2079708284377912,0.06,2.0,1.0,0.015142337976983647,0.015142337976983647,0.5047445992327882,300.0,,
Optimized Carrier Concentration and Reduced Thermal Conductivity in Cu-Deficient CuGaTe2 Alloyed with AgSbTe2 for Superior Thermoelectric Performance.pdf,10.1021/acsami.6c05111,Cu0.96GaTe2-AgSbTe2,"(Cu0.96GaTe2)1-x(AgSbTe2)x, x=0.08",(Cu0.96GaTe2)0.92(AgSbTe2)0.08,Ag,x=0.08,unclear,Sb (x=0.08) @ unclear,Ag (x=0.08) @ unclear site; Sb (x=0.08) @ unclear site,figure,,Visually estimated from Fig. 5b,150.0,uV/K,False,29.0,52.0,23.0,41.87848203471942,10.79051211395138,52.0,64.0,90.0,26.0,79.8861526039564,10.414212042677983,90.0,63.546,127.6,64.054,99.37405207912798,29.734711096630782,127.6,302.91,1357.77,1054.86,780.7520347194188,280.47978470968036,722.66,11.0,16.0,5.0,14.068227694792089,1.987326602156065,16.0,4.0,5.0,1.0,4.5450141299959625,0.4959474562014131,5.0,122.0,145.0,23.0,133.1102139685103,5.652976295931452,138.0,1.81,2.1,0.29000000000000004,1.9836697618086394,0.12008825970833165,2.1,1.0,2.0,1.0,1.7569640694388373,0.3679389340348648,2.0,0.0,4.0,4.0,2.31126362535325,1.732222274558559,4.0,10.0,10.0,0.0,10.0,0.0,10.0,0.0,0.0,0.0,0.0,0.0,0.0,11.0,16.0,5.0,14.068227694792089,1.987326602156065,16.0,0.0,1.0,1.0,0.24303593056116268,0.3679389340348648,0.0,0.0,5.0,5.0,2.2305207912797744,1.3168546672992667,2.0,0.0,0.0,0.0,0.0,0.0,0.0,0.0,0.0,0.0,0.0,0.0,0.0,1.0,5.0,4.0,2.4735567218409367,1.1942083559543115,2.0,11.07,34.7633333333,23.693333333299996,25.35420636520993,9.7470314023836,34.7633333333,0.0,0.464,0.464,0.23415421881308035,0.23197999716079903,0.464,0.0,0.0,0.0,0.0,0.0,0.0,64.0,225.0,161.0,149.59628582963262,39.73989854827513,152.0,1.7569640694388373,2.31126362535325,10.0,0.0,0.12488879960972249,0.16428960886159497,0.7108215915286824,0.0,9.779986385775459,0.2056457395682357,0.08,2.0,1.0,0.020185708518368994,0.020185708518368994,0.5046427129592249,300.0,,
Optimized Carrier Concentration and Reduced Thermal Conductivity in Cu-Deficient CuGaTe2 Alloyed with AgSbTe2 for Superior Thermoelectric Performance.pdf,10.1021/acsami.6c05111,Cu0.96GaTe2-AgSbTe2,"(Cu0.96GaTe2)1-x(AgSbTe2)x, x=0.10",(Cu0.96GaTe2)0.9(AgSbTe2)0.1,Ag,x=0.10,unclear,Sb (x=0.10) @ unclear,Ag (x=0.10) @ unclear site; Sb (x=0.10) @ unclear site,figure,,Visually estimated from Fig. 5b,160.0,uV/K,False,29.0,52.0,23.0,42.06760847628657,10.722129844686945,52.0,64.0,90.0,26.0,79.94349142280524,10.402960651921786,90.0,63.546,127.6,64.054,99.85299293642784,29.508696034237502,127.6,302.91,1357.77,1054.86,783.28034308779,279.30070381159993,722.66,11.0,16.0,5.0,14.077699293642784,1.986292373032367,16.0,4.0,5.0,1.0,4.554994954591321,0.49395110993899694,5.0,122.0,145.0,23.0,133.2613521695257,5.663483969244901,138.0,1.81,2.1,0.29000000000000004,1.985015136226034,0.11930787786343496,2.1,1.0,2.0,1.0,1.7568113017154388,0.3680959106224437,2.0,0.0,4.0,4.0,2.320887991927346,1.7286252355966563,4.0,10.0,10.0,0.0,9.999999999999998,1.7763568394002505e-15,10.0,0.0,0.0,0.0,0.0,0.0,0.0,11.0,16.0,5.0,14.077699293642784,1.986292373032367,16.0,0.0,1.0,1.0,0.24318869828456102,0.3680959106224435,0.0,0.0,5.0,5.0,2.2199798183652875,1.3017256214100466,2.0,0.0,0.0,0.0,0.0,0.0,0.0,0.0,0.0,0.0,0.0,0.0,0.0,1.0,5.0,4.0,2.4631685166498487,1.1790269845358985,2.0,11.07,34.7633333333,23.693333333299996,25.44195173224016,9.714716462611328,34.7633333333,0.0,0.464,0.464,0.23410696266397577,0.23198086512212332,0.464,0.0,0.0,0.0,0.0,0.0,0.0,64.0,225.0,161.0,150.12613521695258,39.108739503157075,152.0,1.7568113017154388,2.320887991927346,9.999999999999998,0.0,0.12479392158268224,0.164862733854204,0.7103433445631137,0.0,9.973122706863759,0.20336516454897016,0.1,2.0,1.0,0.025227043390514632,0.025227043390514632,0.5045408678102926,300.0,,
Optimized Carrier Concentration and Reduced Thermal Conductivity in Cu-Deficient CuGaTe2 Alloyed with AgSbTe2 for Superior Thermoelectric Performance.pdf,10.1021/acsami.6c05111,Cu0.96GaTe2-AgSbTe2,"(Cu0.96GaTe2)1-x(AgSbTe2)x, x=0.11",(Cu0.96GaTe2)0.89(AgSbTe2)0.11,Ag,x=0.11,unclear,Sb (x=0.11) @ unclear,Ag (x=0.11) @ unclear site; Sb (x=0.11) @ unclear site,figure,,Visually estimated from Fig. 5b,169.99999999999997,uV/K,False,29.0,52.0,23.0,42.162143073352844,10.685118745412518,52.0,64.0,90.0,26.0,79.97215215417215,10.396911994095852,90.0,63.546,127.6,64.054,100.09239087882152,29.388555266378894,127.6,302.91,1357.77,1054.86,784.5441146201191,278.6916513228454,722.66,11.0,16.0,5.0,14.082433659570176,1.9857052660210535,16.0,4.0,5.0,1.0,4.55998385632126,0.492803873961661,5.0,122.0,145.0,23.0,133.33689839572193,5.6664744029347816,138.0,1.81,2.1,0.29000000000000004,1.985687619816366,0.11890784087754443,2.1,1.0,2.0,1.0,1.7567349409746746,0.36817434016546075,2.0,0.0,4.0,4.0,2.3256987185955005,1.7267559801046795,4.0,10.0,10.0,0.0,10.000000000000004,3.552713678800501e-15,10.0,0.0,0.0,0.0,0.0,0.0,0.0,11.0,16.0,5.0,14.082433659570176,1.9857052660210535,16.0,0.0,1.0,1.0,0.24326505902532541,0.3681743401654608,0.0,0.0,5.0,5.0,2.214710927252548,1.294162583365681,2.0,0.0,0.0,0.0,0.0,0.0,0.0,0.0,0.0,0.0,0.0,0.0,0.0,1.0,5.0,4.0,2.4579759862778734,1.1714378033105273,2.0,11.07,34.7633333333,23.693333333299996,25.48581113575825,9.697914019851728,34.7633333333,0.0,0.464,0.464,0.2340833417414994,0.2319812917551213,0.464,0.0,0.0,0.0,0.0,0.0,0.0,64.0,225.0,161.0,150.3909797195036,38.78920994367782,152.0,1.7567349409746746,2.3256987185955005,10.000000000000004,0.0,0.12474654476932887,0.16514892062104594,0.7101045346096254,0.0,10.062442434048231,0.20224062375370794,0.11,2.0,1.0,0.027746947835738073,0.027746947835738073,0.5044899606497831,300.0,,
Optimized Thermoelectric Properties of AgSbTe2 through Adjustment of.pdf,10.1007/s13391-014-4152-0,AgSbTe2,AST-423-150,AgSbTe2,,,,,,Table 1,,,146.0,uV/K,False,47.0,52.0,5.0,50.5,1.75,52.0,65.0,90.0,25.0,82.5,8.75,90.0,107.8682,127.6,19.731799999999993,121.20705,6.669425,127.6,722.66,1234.93,512.2700000000001,896.0074999999999,173.34750000000003,722.66,11.0,16.0,5.0,14.5,1.75,16.0,5.0,5.0,0.0,5.0,0.0,5.0,138.0,145.0,7.0,140.0,2.5,138.0,1.93,2.1,0.17000000000000015,2.045,0.05750000000000005,2.1,1.0,2.0,1.0,1.75,0.375,2.0,0.0,4.0,4.0,2.75,1.375,4.0,10.0,10.0,0.0,10.0,0.0,10.0,0.0,0.0,0.0,0.0,0.0,0.0,11.0,16.0,5.0,14.5,1.75,16.0,0.0,1.0,1.0,0.25,0.375,0.0,0.0,3.0,3.0,1.75,0.875,2.0,0.0,0.0,0.0,0.0,0.0,0.0,0.0,0.0,0.0,0.0,0.0,0.0,1.0,3.0,2.0,2.0,0.5,2.0,16.33,34.7633333333,18.4333333333,29.35416666665,6.512083333324999,34.7633333333,0.0,0.464,0.464,0.232,0.232,0.464,0.0,0.0,0.0,0.0,0.0,0.0,152.0,225.0,73.0,173.75,25.625,152.0,1.75,2.75,10.0,0.0,0.1206896551724138,0.1896551724137931,0.6896551724137931,0.0,8.644719482306641,0.11200000000000014,,0.0,0.0,0.25,0.25,0.5,300.0,,
Optimized Thermoelectric Properties of AgSbTe2 through Adjustment of.pdf,10.1007/s13391-014-4152-0,AgSbTe2,AST-423-300,AgSbTe2,,,,,,Table 1,,,114.0,uV/K,False,47.0,52.0,5.0,50.5,1.75,52.0,65.0,90.0,25.0,82.5,8.75,90.0,107.8682,127.6,19.731799999999993,121.20705,6.669425,127.6,722.66,1234.93,512.2700000000001,896.0074999999999,173.34750000000003,722.66,11.0,16.0,5.0,14.5,1.75,16.0,5.0,5.0,0.0,5.0,0.0,5.0,138.0,145.0,7.0,140.0,2.5,138.0,1.93,2.1,0.17000000000000015,2.045,0.05750000000000005,2.1,1.0,2.0,1.0,1.75,0.375,2.0,0.0,4.0,4.0,2.75,1.375,4.0,10.0,10.0,0.0,10.0,0.0,10.0,0.0,0.0,0.0,0.0,0.0,0.0,11.0,16.0,5.0,14.5,1.75,16.0,0.0,1.0,1.0,0.25,0.375,0.0,0.0,3.0,3.0,1.75,0.875,2.0,0.0,0.0,0.0,0.0,0.0,0.0,0.0,0.0,0.0,0.0,0.0,0.0,1.0,3.0,2.0,2.0,0.5,2.0,16.33,34.7633333333,18.4333333333,29.35416666665,6.512083333324999,34.7633333333,0.0,0.464,0.464,0.232,0.232,0.464,0.0,0.0,0.0,0.0,0.0,0.0,152.0,225.0,73.0,173.75,25.625,152.0,1.75,2.75,10.0,0.0,0.1206896551724138,0.1896551724137931,0.6896551724137931,0.0,8.644719482306641,0.11200000000000014,,0.0,0.0,0.25,0.25,0.5,300.0,,
Optimized Thermoelectric Properties of AgSbTe2 through Adjustment of.pdf,10.1007/s13391-014-4152-0,AgSbTe2,AST-423-500,AgSbTe2,,,,,,Table 1,,,117.0,uV/K,False,47.0,52.0,5.0,50.5,1.75,52.0,65.0,90.0,25.0,82.5,8.75,90.0,107.8682,127.6,19.731799999999993,121.20705,6.669425,127.6,722.66,1234.93,512.2700000000001,896.0074999999999,173.34750000000003,722.66,11.0,16.0,5.0,14.5,1.75,16.0,5.0,5.0,0.0,5.0,0.0,5.0,138.0,145.0,7.0,140.0,2.5,138.0,1.93,2.1,0.17000000000000015,2.045,0.05750000000000005,2.1,1.0,2.0,1.0,1.75,0.375,2.0,0.0,4.0,4.0,2.75,1.375,4.0,10.0,10.0,0.0,10.0,0.0,10.0,0.0,0.0,0.0,0.0,0.0,0.0,11.0,16.0,5.0,14.5,1.75,16.0,0.0,1.0,1.0,0.25,0.375,0.0,0.0,3.0,3.0,1.75,0.875,2.0,0.0,0.0,0.0,0.0,0.0,0.0,0.0,0.0,0.0,0.0,0.0,0.0,1.0,3.0,2.0,2.0,0.5,2.0,16.33,34.7633333333,18.4333333333,29.35416666665,6.512083333324999,34.7633333333,0.0,0.464,0.464,0.232,0.232,0.464,0.0,0.0,0.0,0.0,0.0,0.0,152.0,225.0,73.0,173.75,25.625,152.0,1.75,2.75,10.0,0.0,0.1206896551724138,0.1896551724137931,0.6896551724137931,0.0,8.644719482306641,0.11200000000000014,,0.0,0.0,0.25,0.25,0.5,300.0,,
Optimized Thermoelectric Properties of AgSbTe2 through Adjustment of.pdf,10.1007/s13391-014-4152-0,AgSbTe2,AST-473-150,AgSbTe2,,,,,,Table 1,,,131.0,uV/K,False,47.0,52.0,5.0,50.5,1.75,52.0,65.0,90.0,25.0,82.5,8.75,90.0,107.8682,127.6,19.731799999999993,121.20705,6.669425,127.6,722.66,1234.93,512.2700000000001,896.0074999999999,173.34750000000003,722.66,11.0,16.0,5.0,14.5,1.75,16.0,5.0,5.0,0.0,5.0,0.0,5.0,138.0,145.0,7.0,140.0,2.5,138.0,1.93,2.1,0.17000000000000015,2.045,0.05750000000000005,2.1,1.0,2.0,1.0,1.75,0.375,2.0,0.0,4.0,4.0,2.75,1.375,4.0,10.0,10.0,0.0,10.0,0.0,10.0,0.0,0.0,0.0,0.0,0.0,0.0,11.0,16.0,5.0,14.5,1.75,16.0,0.0,1.0,1.0,0.25,0.375,0.0,0.0,3.0,3.0,1.75,0.875,2.0,0.0,0.0,0.0,0.0,0.0,0.0,0.0,0.0,0.0,0.0,0.0,0.0,1.0,3.0,2.0,2.0,0.5,2.0,16.33,34.7633333333,18.4333333333,29.35416666665,6.512083333324999,34.7633333333,0.0,0.464,0.464,0.232,0.232,0.464,0.0,0.0,0.0,0.0,0.0,0.0,152.0,225.0,73.0,173.75,25.625,152.0,1.75,2.75,10.0,0.0,0.1206896551724138,0.1896551724137931,0.6896551724137931,0.0,8.644719482306641,0.11200000000000014,,0.0,0.0,0.25,0.25,0.5,300.0,,
Optimized Thermoelectric Properties of AgSbTe2 through Adjustment of.pdf,10.1007/s13391-014-4152-0,AgSbTe2,AST-473-300,AgSbTe2,,,,,,Table 1,,,96.0,uV/K,False,47.0,52.0,5.0,50.5,1.75,52.0,65.0,90.0,25.0,82.5,8.75,90.0,107.8682,127.6,19.731799999999993,121.20705,6.669425,127.6,722.66,1234.93,512.2700000000001,896.0074999999999,173.34750000000003,722.66,11.0,16.0,5.0,14.5,1.75,16.0,5.0,5.0,0.0,5.0,0.0,5.0,138.0,145.0,7.0,140.0,2.5,138.0,1.93,2.1,0.17000000000000015,2.045,0.05750000000000005,2.1,1.0,2.0,1.0,1.75,0.375,2.0,0.0,4.0,4.0,2.75,1.375,4.0,10.0,10.0,0.0,10.0,0.0,10.0,0.0,0.0,0.0,0.0,0.0,0.0,11.0,16.0,5.0,14.5,1.75,16.0,0.0,1.0,1.0,0.25,0.375,0.0,0.0,3.0,3.0,1.75,0.875,2.0,0.0,0.0,0.0,0.0,0.0,0.0,0.0,0.0,0.0,0.0,0.0,0.0,1.0,3.0,2.0,2.0,0.5,2.0,16.33,34.7633333333,18.4333333333,29.35416666665,6.512083333324999,34.7633333333,0.0,0.464,0.464,0.232,0.232,0.464,0.0,0.0,0.0,0.0,0.0,0.0,152.0,225.0,73.0,173.75,25.625,152.0,1.75,2.75,10.0,0.0,0.1206896551724138,0.1896551724137931,0.6896551724137931,0.0,8.644719482306641,0.11200000000000014,,0.0,0.0,0.25,0.25,0.5,300.0,,
Optimized Thermoelectric Properties of AgSbTe2 through Adjustment of.pdf,10.1007/s13391-014-4152-0,AgSbTe2,AST-473-500,AgSbTe2,,,,,,Table 1,,,95.0,uV/K,False,47.0,52.0,5.0,50.5,1.75,52.0,65.0,90.0,25.0,82.5,8.75,90.0,107.8682,127.6,19.731799999999993,121.20705,6.669425,127.6,722.66,1234.93,512.2700000000001,896.0074999999999,173.34750000000003,722.66,11.0,16.0,5.0,14.5,1.75,16.0,5.0,5.0,0.0,5.0,0.0,5.0,138.0,145.0,7.0,140.0,2.5,138.0,1.93,2.1,0.17000000000000015,2.045,0.05750000000000005,2.1,1.0,2.0,1.0,1.75,0.375,2.0,0.0,4.0,4.0,2.75,1.375,4.0,10.0,10.0,0.0,10.0,0.0,10.0,0.0,0.0,0.0,0.0,0.0,0.0,11.0,16.0,5.0,14.5,1.75,16.0,0.0,1.0,1.0,0.25,0.375,0.0,0.0,3.0,3.0,1.75,0.875,2.0,0.0,0.0,0.0,0.0,0.0,0.0,0.0,0.0,0.0,0.0,0.0,0.0,1.0,3.0,2.0,2.0,0.5,2.0,16.33,34.7633333333,18.4333333333,29.35416666665,6.512083333324999,34.7633333333,0.0,0.464,0.464,0.232,0.232,0.464,0.0,0.0,0.0,0.0,0.0,0.0,152.0,225.0,73.0,173.75,25.625,152.0,1.75,2.75,10.0,0.0,0.1206896551724138,0.1896551724137931,0.6896551724137931,0.0,8.644719482306641,0.11200000000000014,,0.0,0.0,0.25,0.25,0.5,300.0,,
Peng2014.pdf,10.1039/c3ta13729e,Yb0.2Co4Sb12,matrix-2 wt% AgSbTe2,Yb0.2Co4Sb12-2 wt% AgSbTe2,Te,y < 0.02,Sb,,Te (y < 0.02) @ Sb site,figure,Fig. 6,Visually estimated from Fig. 6,-179.99999999999997,uV/K,True,47.0,52.0,5.0,50.504999999999995,1.7525000000000022,52.0,65.0,90.0,25.0,82.525,8.762499999999996,90.0,107.8682,127.6,19.731799999999993,121.23625,6.684024999999999,127.6,722.66,1234.93,512.2700000000001,895.1018999999999,174.16631900000004,722.66,11.0,16.0,5.0,14.504999999999999,1.7525000000000004,16.0,5.0,5.0,0.0,5.0,0.0,5.0,138.0,145.0,7.0,139.995,2.502500000000002,138.0,1.93,2.1,0.17000000000000015,2.0452500000000002,0.0576249999999999,2.1,1.0,2.0,1.0,1.75,0.375,2.0,0.0,4.0,4.0,2.755,1.3775,4.0,10.0,10.0,0.0,10.0,0.0,10.0,0.0,0.0,0.0,0.0,0.0,0.0,11.0,16.0,5.0,14.504999999999999,1.7525000000000004,16.0,0.0,1.0,1.0,0.25,0.375,0.0,0.0,3.0,3.0,1.745,0.8724999999999999,2.0,0.0,0.0,0.0,0.0,0.0,0.0,0.0,0.0,0.0,0.0,0.0,0.0,1.0,3.0,2.0,1.995,0.49749999999999994,2.0,16.33,34.7633333333,18.4333333333,29.370183333316497,6.520091666658249,34.7633333333,0.0,0.464,0.464,0.23432,0.2319768,0.464,0.0,0.0,0.0,0.0,0.0,0.0,152.0,225.0,73.0,173.68,25.660000000000004,152.0,1.75,2.755,10.0,0.0,0.12064805239572562,0.18993450534298517,0.6894174422612892,0.0,8.615278055891286,0.11245481564784335,0.02,1.0,0.0,0.25,0.245,0.505,300.0,1.0,0.21000000000000008
Peng2014.pdf,10.1039/c3ta13729e,Yb0.2Co4Sb12,matrix-4 wt% AgSbTe2,Yb0.2Co4Sb12-4 wt% AgSbTe2,Te,y < 0.02,Sb,,Te (y < 0.02) @ Sb site,figure,Fig. 6,Visually estimated from Fig. 6,-199.99999999999997,uV/K,True,47.0,52.0,5.0,50.504999999999995,1.7525000000000022,52.0,65.0,90.0,25.0,82.525,8.762499999999996,90.0,107.8682,127.6,19.731799999999993,121.23625,6.684024999999999,127.6,722.66,1234.93,512.2700000000001,895.1018999999999,174.16631900000004,722.66,11.0,16.0,5.0,14.504999999999999,1.7525000000000004,16.0,5.0,5.0,0.0,5.0,0.0,5.0,138.0,145.0,7.0,139.995,2.502500000000002,138.0,1.93,2.1,0.17000000000000015,2.0452500000000002,0.0576249999999999,2.1,1.0,2.0,1.0,1.75,0.375,2.0,0.0,4.0,4.0,2.755,1.3775,4.0,10.0,10.0,0.0,10.0,0.0,10.0,0.0,0.0,0.0,0.0,0.0,0.0,11.0,16.0,5.0,14.504999999999999,1.7525000000000004,16.0,0.0,1.0,1.0,0.25,0.375,0.0,0.0,3.0,3.0,1.745,0.8724999999999999,2.0,0.0,0.0,0.0,0.0,0.0,0.0,0.0,0.0,0.0,0.0,0.0,0.0,1.0,3.0,2.0,1.995,0.49749999999999994,2.0,16.33,34.7633333333,18.4333333333,29.370183333316497,6.520091666658249,34.7633333333,0.0,0.464,0.464,0.23432,0.2319768,0.464,0.0,0.0,0.0,0.0,0.0,0.0,152.0,225.0,73.0,173.68,25.660000000000004,152.0,1.75,2.755,10.0,0.0,0.12064805239572562,0.18993450534298517,0.6894174422612892,0.0,8.615278055891286,0.11245481564784335,0.02,1.0,0.0,0.25,0.245,0.505,300.0,1.0,0.21000000000000008
Peng2014.pdf,10.1039/c3ta13729e,Yb0.2Co4Sb12,matrix-6 wt% AgSbTe2,Yb0.2Co4Sb12-6 wt% AgSbTe2,Te,y < 0.02,Sb,,Te (y < 0.02) @ Sb site,body text,page 77,,-227.99999999999997,uV/K,True,47.0,52.0,5.0,50.504999999999995,1.7525000000000022,52.0,65.0,90.0,25.0,82.525,8.762499999999996,90.0,107.8682,127.6,19.731799999999993,121.23625,6.684024999999999,127.6,722.66,1234.93,512.2700000000001,895.1018999999999,174.16631900000004,722.66,11.0,16.0,5.0,14.504999999999999,1.7525000000000004,16.0,5.0,5.0,0.0,5.0,0.0,5.0,138.0,145.0,7.0,139.995,2.502500000000002,138.0,1.93,2.1,0.17000000000000015,2.0452500000000002,0.0576249999999999,2.1,1.0,2.0,1.0,1.75,0.375,2.0,0.0,4.0,4.0,2.755,1.3775,4.0,10.0,10.0,0.0,10.0,0.0,10.0,0.0,0.0,0.0,0.0,0.0,0.0,11.0,16.0,5.0,14.504999999999999,1.7525000000000004,16.0,0.0,1.0,1.0,0.25,0.375,0.0,0.0,3.0,3.0,1.745,0.8724999999999999,2.0,0.0,0.0,0.0,0.0,0.0,0.0,0.0,0.0,0.0,0.0,0.0,0.0,1.0,3.0,2.0,1.995,0.49749999999999994,2.0,16.33,34.7633333333,18.4333333333,29.370183333316497,6.520091666658249,34.7633333333,0.0,0.464,0.464,0.23432,0.2319768,0.464,0.0,0.0,0.0,0.0,0.0,0.0,152.0,225.0,73.0,173.68,25.660000000000004,152.0,1.75,2.755,10.0,0.0,0.12064805239572562,0.18993450534298517,0.6894174422612892,0.0,8.615278055891286,0.11245481564784335,0.02,1.0,0.0,0.25,0.245,0.505,300.0,1.0,0.21000000000000008
Peng2014.pdf,10.1039/c3ta13729e,Yb0.2Co4Sb12,matrix-8 wt% AgSbTe2,Yb0.2Co4Sb12-8 wt% AgSbTe2,Te,y < 0.02,Sb,,Te (y < 0.02) @ Sb site,figure,Fig. 6,Visually estimated from Fig. 6,-169.99999999999997,uV/K,True,47.0,52.0,5.0,50.504999999999995,1.7525000000000022,52.0,65.0,90.0,25.0,82.525,8.762499999999996,90.0,107.8682,127.6,19.731799999999993,121.23625,6.684024999999999,127.6,722.66,1234.93,512.2700000000001,895.1018999999999,174.16631900000004,722.66,11.0,16.0,5.0,14.504999999999999,1.7525000000000004,16.0,5.0,5.0,0.0,5.0,0.0,5.0,138.0,145.0,7.0,139.995,2.502500000000002,138.0,1.93,2.1,0.17000000000000015,2.0452500000000002,0.0576249999999999,2.1,1.0,2.0,1.0,1.75,0.375,2.0,0.0,4.0,4.0,2.755,1.3775,4.0,10.0,10.0,0.0,10.0,0.0,10.0,0.0,0.0,0.0,0.0,0.0,0.0,11.0,16.0,5.0,14.504999999999999,1.7525000000000004,16.0,0.0,1.0,1.0,0.25,0.375,0.0,0.0,3.0,3.0,1.745,0.8724999999999999,2.0,0.0,0.0,0.0,0.0,0.0,0.0,0.0,0.0,0.0,0.0,0.0,0.0,1.0,3.0,2.0,1.995,0.49749999999999994,2.0,16.33,34.7633333333,18.4333333333,29.370183333316497,6.520091666658249,34.7633333333,0.0,0.464,0.464,0.23432,0.2319768,0.464,0.0,0.0,0.0,0.0,0.0,0.0,152.0,225.0,73.0,173.68,25.660000000000004,152.0,1.75,2.755,10.0,0.0,0.12064805239572562,0.18993450534298517,0.6894174422612892,0.0,8.615278055891286,0.11245481564784335,0.02,1.0,0.0,0.25,0.245,0.505,300.0,1.0,0.21000000000000008
"Phase compositions, nanoscale microstructures and thermoelectric properties in Ag2−ySbyTe1+y alloys with precipitated Sb2Te3 plates.pdf",10.1016/j.actamat.2010.04.007,Ag2-ySbTe1+y,Ag0.71Sb1.29Te2.29,Ag0.71Sb1.29Te2.29,Sb,1.29,unclear,,Sb (1.29) @ unclear site,body text,,"Reported as -250 uV K-1, but context indicates positive Seebeck coefficient.",250.0,uV/K,False,47.0,52.0,5.0,50.871794871794876,1.2815731277269713,52.0,65.0,90.0,25.0,84.35897435897435,6.407865638634874,90.0,107.8682,127.6,19.731799999999993,122.57828018648019,5.361183390657511,127.6,722.66,1234.93,512.2700000000001,861.9039393939394,148.6566998657908,722.66,11.0,16.0,5.0,14.87179487179487,1.2815731277269748,16.0,5.0,5.0,0.0,5.0,0.0,5.0,138.0,145.0,7.0,139.45920745920745,1.8340152466026516,138.0,1.93,2.1,0.17000000000000015,2.0568298368298366,0.046088425948565936,2.1,1.0,2.0,1.0,1.8344988344988344,0.2762210594378427,2.0,0.0,4.0,4.0,3.0372960372960374,1.0277818529566782,4.0,10.0,10.0,0.0,10.0,0.0,10.0,0.0,0.0,0.0,0.0,0.0,0.0,11.0,16.0,5.0,14.87179487179487,1.2815731277269748,16.0,0.0,1.0,1.0,0.1655011655011655,0.27622105943784264,0.0,0.0,3.0,3.0,1.9696969696969695,0.6519742883379248,2.0,0.0,0.0,0.0,0.0,0.0,0.0,0.0,0.0,0.0,0.0,0.0,0.0,1.0,3.0,2.0,2.1351981351981353,0.520090631978744,2.0,16.33,34.7633333333,18.4333333333,30.749355089337296,4.772840146120968,34.7633333333,0.0,0.464,0.464,0.24768298368298372,0.23093984492585892,0.464,0.0,0.0,0.0,0.0,0.0,0.0,152.0,225.0,73.0,168.2913752913753,18.770686966491162,152.0,1.8344988344988344,3.0372960372960374,10.0,0.0,0.12335423197492164,0.20423197492163012,0.6724137931034483,0.0,8.265556677035,0.09716625120544423,0.0129,1.0,0.0,0.1655011655011655,0.30069930069930073,0.5337995337995338,300.0,,
"Phase compositions, nanoscale microstructures and thermoelectric properties in Ag2−ySbyTe1+y alloys with precipitated Sb2Te3 plates.pdf",10.1016/j.actamat.2010.04.007,Ag2-ySbTe1+y,Ag0.74Sb1.26Te2.26,Ag0.74Sb1.26Te2.26,,,,,,figure,Fig. 4b,Visually estimated from Fig. 4b,100.0,uV/K,False,47.0,52.0,5.0,50.83568075117371,1.332583922942977,52.0,65.0,90.0,25.0,84.17840375586854,6.662919614714894,90.0,107.8682,127.6,19.731799999999993,122.44508638497655,5.4695327558464975,127.6,722.66,1234.93,512.2700000000001,865.216572769953,151.2572086667108,722.66,11.0,16.0,5.0,14.835680751173708,1.332583922942979,16.0,5.0,5.0,0.0,5.0,0.0,5.0,138.0,145.0,7.0,139.51173708920186,1.9067204478829027,138.0,1.93,2.1,0.17000000000000015,2.0556807511737087,0.047024179505830085,2.1,1.0,2.0,1.0,1.8262910798122065,0.2870682624699685,2.0,0.0,4.0,4.0,3.0093896713615025,1.0510701139544623,4.0,10.0,10.0,0.0,10.0,0.0,10.0,0.0,0.0,0.0,0.0,0.0,0.0,11.0,16.0,5.0,14.835680751173708,1.332583922942979,16.0,0.0,1.0,1.0,0.17370892018779344,0.28706826246996847,0.0,0.0,3.0,3.0,1.9483568075117375,0.6768939143468005,2.0,0.0,0.0,0.0,0.0,0.0,0.0,0.0,0.0,0.0,0.0,0.0,0.0,1.0,3.0,2.0,2.1220657276995305,0.5193414005157707,2.0,16.33,34.7633333333,18.4333333333,30.613834115788258,4.96245880079029,34.7633333333,0.0,0.464,0.464,0.24615962441314557,0.2311357975710287,0.464,0.0,0.0,0.0,0.0,0.0,0.0,152.0,225.0,73.0,168.82159624413146,19.517379708611607,152.0,1.8262910798122065,3.0093896713615025,10.0,0.0,0.12310126582278481,0.2028481012658228,0.6740506329113924,0.0,8.31988681926693,0.09877778592913229,,0.0,0.0,0.17370892018779344,0.29577464788732394,0.5305164319248826,300.0,,
"Phase compositions, nanoscale microstructures and thermoelectric properties in Ag2−ySbyTe1+y alloys with precipitated Sb2Te3 plates.pdf",10.1016/j.actamat.2010.04.007,Ag2-ySbTe1+y,Ag0.74Sb1.26Te2.26,Ag0.74Sb1.26Te2.26,,,,,,figure,Fig. 4b,Visually estimated from Fig. 4b,260.0,uV/K,False,47.0,52.0,5.0,50.83568075117371,1.332583922942977,52.0,65.0,90.0,25.0,84.17840375586854,6.662919614714894,90.0,107.8682,127.6,19.731799999999993,122.44508638497655,5.4695327558464975,127.6,722.66,1234.93,512.2700000000001,865.216572769953,151.2572086667108,722.66,11.0,16.0,5.0,14.835680751173708,1.332583922942979,16.0,5.0,5.0,0.0,5.0,0.0,5.0,138.0,145.0,7.0,139.51173708920186,1.9067204478829027,138.0,1.93,2.1,0.17000000000000015,2.0556807511737087,0.047024179505830085,2.1,1.0,2.0,1.0,1.8262910798122065,0.2870682624699685,2.0,0.0,4.0,4.0,3.0093896713615025,1.0510701139544623,4.0,10.0,10.0,0.0,10.0,0.0,10.0,0.0,0.0,0.0,0.0,0.0,0.0,11.0,16.0,5.0,14.835680751173708,1.332583922942979,16.0,0.0,1.0,1.0,0.17370892018779344,0.28706826246996847,0.0,0.0,3.0,3.0,1.9483568075117375,0.6768939143468005,2.0,0.0,0.0,0.0,0.0,0.0,0.0,0.0,0.0,0.0,0.0,0.0,0.0,1.0,3.0,2.0,2.1220657276995305,0.5193414005157707,2.0,16.33,34.7633333333,18.4333333333,30.613834115788258,4.96245880079029,34.7633333333,0.0,0.464,0.464,0.24615962441314557,0.2311357975710287,0.464,0.0,0.0,0.0,0.0,0.0,0.0,152.0,225.0,73.0,168.82159624413146,19.517379708611607,152.0,1.8262910798122065,3.0093896713615025,10.0,0.0,0.12310126582278481,0.2028481012658228,0.6740506329113924,0.0,8.31988681926693,0.09877778592913229,,0.0,0.0,0.17370892018779344,0.29577464788732394,0.5305164319248826,670.0,,
"Phase compositions, nanoscale microstructures and thermoelectric properties in Ag2−ySbyTe1+y alloys with precipitated Sb2Te3 plates.pdf",10.1016/j.actamat.2010.04.007,Ag2-ySbTe1+y,Ag0.71Sb1.29Te2.29,Ag0.71Sb1.29Te2.29,,,,,,figure,Fig. 4b,Visually estimated from Fig. 4b,89.99999999999999,uV/K,False,47.0,52.0,5.0,50.871794871794876,1.2815731277269713,52.0,65.0,90.0,25.0,84.35897435897435,6.407865638634874,90.0,107.8682,127.6,19.731799999999993,122.57828018648019,5.361183390657511,127.6,722.66,1234.93,512.2700000000001,861.9039393939394,148.6566998657908,722.66,11.0,16.0,5.0,14.87179487179487,1.2815731277269748,16.0,5.0,5.0,0.0,5.0,0.0,5.0,138.0,145.0,7.0,139.45920745920745,1.8340152466026516,138.0,1.93,2.1,0.17000000000000015,2.0568298368298366,0.046088425948565936,2.1,1.0,2.0,1.0,1.8344988344988344,0.2762210594378427,2.0,0.0,4.0,4.0,3.0372960372960374,1.0277818529566782,4.0,10.0,10.0,0.0,10.0,0.0,10.0,0.0,0.0,0.0,0.0,0.0,0.0,11.0,16.0,5.0,14.87179487179487,1.2815731277269748,16.0,0.0,1.0,1.0,0.1655011655011655,0.27622105943784264,0.0,0.0,3.0,3.0,1.9696969696969695,0.6519742883379248,2.0,0.0,0.0,0.0,0.0,0.0,0.0,0.0,0.0,0.0,0.0,0.0,0.0,1.0,3.0,2.0,2.1351981351981353,0.520090631978744,2.0,16.33,34.7633333333,18.4333333333,30.749355089337296,4.772840146120968,34.7633333333,0.0,0.464,0.464,0.24768298368298372,0.23093984492585892,0.464,0.0,0.0,0.0,0.0,0.0,0.0,152.0,225.0,73.0,168.2913752913753,18.770686966491162,152.0,1.8344988344988344,3.0372960372960374,10.0,0.0,0.12335423197492164,0.20423197492163012,0.6724137931034483,0.0,8.265556677035,0.09716625120544423,,0.0,0.0,0.1655011655011655,0.30069930069930073,0.5337995337995338,300.0,,
"Phase compositions, nanoscale microstructures and thermoelectric properties in Ag2−ySbyTe1+y alloys with precipitated Sb2Te3 plates.pdf",10.1016/j.actamat.2010.04.007,Ag2-ySbTe1+y,Ag0.71Sb1.29Te2.29,Ag0.71Sb1.29Te2.29,,,,,,figure,Fig. 4b,Visually estimated from Fig. 4b,239.99999999999997,uV/K,False,47.0,52.0,5.0,50.871794871794876,1.2815731277269713,52.0,65.0,90.0,25.0,84.35897435897435,6.407865638634874,90.0,107.8682,127.6,19.731799999999993,122.57828018648019,5.361183390657511,127.6,722.66,1234.93,512.2700000000001,861.9039393939394,148.6566998657908,722.66,11.0,16.0,5.0,14.87179487179487,1.2815731277269748,16.0,5.0,5.0,0.0,5.0,0.0,5.0,138.0,145.0,7.0,139.45920745920745,1.8340152466026516,138.0,1.93,2.1,0.17000000000000015,2.0568298368298366,0.046088425948565936,2.1,1.0,2.0,1.0,1.8344988344988344,0.2762210594378427,2.0,0.0,4.0,4.0,3.0372960372960374,1.0277818529566782,4.0,10.0,10.0,0.0,10.0,0.0,10.0,0.0,0.0,0.0,0.0,0.0,0.0,11.0,16.0,5.0,14.87179487179487,1.2815731277269748,16.0,0.0,1.0,1.0,0.1655011655011655,0.27622105943784264,0.0,0.0,3.0,3.0,1.9696969696969695,0.6519742883379248,2.0,0.0,0.0,0.0,0.0,0.0,0.0,0.0,0.0,0.0,0.0,0.0,0.0,1.0,3.0,2.0,2.1351981351981353,0.520090631978744,2.0,16.33,34.7633333333,18.4333333333,30.749355089337296,4.772840146120968,34.7633333333,0.0,0.464,0.464,0.24768298368298372,0.23093984492585892,0.464,0.0,0.0,0.0,0.0,0.0,0.0,152.0,225.0,73.0,168.2913752913753,18.770686966491162,152.0,1.8344988344988344,3.0372960372960374,10.0,0.0,0.12335423197492164,0.20423197492163012,0.6724137931034483,0.0,8.265556677035,0.09716625120544423,,0.0,0.0,0.1655011655011655,0.30069930069930073,0.5337995337995338,670.0,,
"Phase compositions, nanoscale microstructures and thermoelectric properties in Ag2−ySbyTe1+y alloys with precipitated Sb2Te3 plates.pdf",10.1016/j.actamat.2010.04.007,Ag2-ySbTe1+y,Ag0.68Sb1.32Te2.32,Ag0.68Sb1.32Te2.32,,,,,,figure,Fig. 4b,Visually estimated from Fig. 4b,80.0,uV/K,False,47.0,52.0,5.0,50.9074074074074,1.2301097393690053,52.0,65.0,90.0,25.0,84.53703703703702,6.150548696845003,90.0,107.8682,127.6,19.731799999999993,122.70962407407407,5.252625994513028,127.6,722.66,1234.93,512.2700000000001,858.6373148148148,146.04970850480112,722.66,11.0,16.0,5.0,14.907407407407408,1.230109739368998,16.0,5.0,5.0,0.0,5.0,0.0,5.0,138.0,145.0,7.0,139.4074074074074,1.7606310013717303,138.0,1.93,2.1,0.17000000000000015,2.0579629629629625,0.045150891632373256,2.1,1.0,2.0,1.0,1.8425925925925926,0.26526063100137176,2.0,0.0,4.0,4.0,3.0648148148148144,1.0044581618655692,4.0,10.0,10.0,0.0,10.0,0.0,10.0,0.0,0.0,0.0,0.0,0.0,0.0,11.0,16.0,5.0,14.907407407407408,1.230109739368998,16.0,0.0,1.0,1.0,0.1574074074074074,0.2652606310013717,0.0,0.0,3.0,3.0,1.9907407407407405,0.6267146776406037,2.0,0.0,0.0,0.0,0.0,0.0,0.0,0.0,0.0,0.0,0.0,0.0,0.0,1.0,3.0,2.0,2.148148148148148,0.5205761316872426,2.0,16.33,34.7633333333,18.4333333333,30.882993827142585,4.581498056693042,34.7633333333,0.0,0.464,0.464,0.24918518518518515,0.23072702331961592,0.464,0.0,0.0,0.0,0.0,0.0,0.0,152.0,225.0,73.0,167.7685185185185,18.017318244170085,152.0,1.8425925925925926,3.0648148148148144,10.0,0.0,0.12360248447204968,0.2055900621118012,0.670807453416149,0.0,8.207845150664008,0.09553308292401058,,0.0,0.0,0.1574074074074074,0.3055555555555555,0.537037037037037,300.0,,
"Phase compositions, nanoscale microstructures and thermoelectric properties in Ag2−ySbyTe1+y alloys with precipitated Sb2Te3 plates.pdf",10.1016/j.actamat.2010.04.007,Ag2-ySbTe1+y,Ag0.68Sb1.32Te2.32,Ag0.68Sb1.32Te2.32,,,,,,figure,Fig. 4b,Visually estimated from Fig. 4b,209.99999999999997,uV/K,False,47.0,52.0,5.0,50.9074074074074,1.2301097393690053,52.0,65.0,90.0,25.0,84.53703703703702,6.150548696845003,90.0,107.8682,127.6,19.731799999999993,122.70962407407407,5.252625994513028,127.6,722.66,1234.93,512.2700000000001,858.6373148148148,146.04970850480112,722.66,11.0,16.0,5.0,14.907407407407408,1.230109739368998,16.0,5.0,5.0,0.0,5.0,0.0,5.0,138.0,145.0,7.0,139.4074074074074,1.7606310013717303,138.0,1.93,2.1,0.17000000000000015,2.0579629629629625,0.045150891632373256,2.1,1.0,2.0,1.0,1.8425925925925926,0.26526063100137176,2.0,0.0,4.0,4.0,3.0648148148148144,1.0044581618655692,4.0,10.0,10.0,0.0,10.0,0.0,10.0,0.0,0.0,0.0,0.0,0.0,0.0,11.0,16.0,5.0,14.907407407407408,1.230109739368998,16.0,0.0,1.0,1.0,0.1574074074074074,0.2652606310013717,0.0,0.0,3.0,3.0,1.9907407407407405,0.6267146776406037,2.0,0.0,0.0,0.0,0.0,0.0,0.0,0.0,0.0,0.0,0.0,0.0,0.0,1.0,3.0,2.0,2.148148148148148,0.5205761316872426,2.0,16.33,34.7633333333,18.4333333333,30.882993827142585,4.581498056693042,34.7633333333,0.0,0.464,0.464,0.24918518518518515,0.23072702331961592,0.464,0.0,0.0,0.0,0.0,0.0,0.0,152.0,225.0,73.0,167.7685185185185,18.017318244170085,152.0,1.8425925925925926,3.0648148148148144,10.0,0.0,0.12360248447204968,0.2055900621118012,0.670807453416149,0.0,8.207845150664008,0.09553308292401058,,0.0,0.0,0.1574074074074074,0.3055555555555555,0.537037037037037,670.0,,
"Phase compositions, nanoscale microstructures and thermoelectric properties in Ag2−ySbyTe1+y alloys with precipitated Sb2Te3 plates.pdf",10.1016/j.actamat.2010.04.007,Ag2-ySbTe1+y,Ag0.65Sb1.35Te2.35,Ag0.65Sb1.35Te2.35,,,,,,figure,Fig. 4b,Visually estimated from Fig. 4b,70.0,uV/K,False,47.0,52.0,5.0,50.942528735632195,1.1782269784647832,52.0,65.0,90.0,25.0,84.71264367816093,5.891134892323946,90.0,107.8682,127.6,19.731799999999993,122.83915632183908,5.1439000660589205,127.6,722.66,1234.93,512.2700000000001,855.4157471264368,143.43724402166734,722.66,11.0,16.0,5.0,14.942528735632186,1.1782269784647896,16.0,5.0,5.0,0.0,5.0,0.0,5.0,138.0,145.0,7.0,139.3563218390805,1.6866164618840243,138.0,1.93,2.1,0.17000000000000015,2.059080459770115,0.04421191702999085,2.1,1.0,2.0,1.0,1.8505747126436785,0.2541947417096048,2.0,0.0,4.0,4.0,3.091954022988506,0.9811071475756376,4.0,10.0,10.0,0.0,10.0,0.0,10.0,0.0,0.0,0.0,0.0,0.0,0.0,11.0,16.0,5.0,14.942528735632186,1.1782269784647896,16.0,0.0,1.0,1.0,0.14942528735632185,0.254194741709605,0.0,0.0,3.0,3.0,2.0114942528735633,0.6135552913198573,2.0,0.0,0.0,0.0,0.0,0.0,0.0,0.0,0.0,0.0,0.0,0.0,0.0,1.0,3.0,2.0,2.1609195402298855,0.5208085612366233,2.0,16.33,34.7633333333,18.4333333333,31.014789272012646,4.38855771347504,34.7633333333,0.0,0.464,0.464,0.2506666666666667,0.2304980842911878,0.464,0.0,0.0,0.0,0.0,0.0,0.0,152.0,225.0,73.0,167.2528735632184,17.257761923635893,152.0,1.8505747126436785,3.091954022988506,10.0,0.0,0.12384615384615386,0.20692307692307693,0.6692307692307692,0.0,8.146752453935418,0.09387718511878099,,0.0,0.0,0.14942528735632185,0.31034482758620696,0.5402298850574714,300.0,,
"Phase compositions, nanoscale microstructures and thermoelectric properties in Ag2−ySbyTe1+y alloys with precipitated Sb2Te3 plates.pdf",10.1016/j.actamat.2010.04.007,Ag2-ySbTe1+y,Ag0.65Sb1.35Te2.35,Ag0.65Sb1.35Te2.35,,,,,,figure,Fig. 4b,Visually estimated from Fig. 4b,179.99999999999997,uV/K,False,47.0,52.0,5.0,50.942528735632195,1.1782269784647832,52.0,65.0,90.0,25.0,84.71264367816093,5.891134892323946,90.0,107.8682,127.6,19.731799999999993,122.83915632183908,5.1439000660589205,127.6,722.66,1234.93,512.2700000000001,855.4157471264368,143.43724402166734,722.66,11.0,16.0,5.0,14.942528735632186,1.1782269784647896,16.0,5.0,5.0,0.0,5.0,0.0,5.0,138.0,145.0,7.0,139.3563218390805,1.6866164618840243,138.0,1.93,2.1,0.17000000000000015,2.059080459770115,0.04421191702999085,2.1,1.0,2.0,1.0,1.8505747126436785,0.2541947417096048,2.0,0.0,4.0,4.0,3.091954022988506,0.9811071475756376,4.0,10.0,10.0,0.0,10.0,0.0,10.0,0.0,0.0,0.0,0.0,0.0,0.0,11.0,16.0,5.0,14.942528735632186,1.1782269784647896,16.0,0.0,1.0,1.0,0.14942528735632185,0.254194741709605,0.0,0.0,3.0,3.0,2.0114942528735633,0.6135552913198573,2.0,0.0,0.0,0.0,0.0,0.0,0.0,0.0,0.0,0.0,0.0,0.0,0.0,1.0,3.0,2.0,2.1609195402298855,0.5208085612366233,2.0,16.33,34.7633333333,18.4333333333,31.014789272012646,4.38855771347504,34.7633333333,0.0,0.464,0.464,0.2506666666666667,0.2304980842911878,0.464,0.0,0.0,0.0,0.0,0.0,0.0,152.0,225.0,73.0,167.2528735632184,17.257761923635893,152.0,1.8505747126436785,3.091954022988506,10.0,0.0,0.12384615384615386,0.20692307692307693,0.6692307692307692,0.0,8.146752453935418,0.09387718511878099,,0.0,0.0,0.14942528735632185,0.31034482758620696,0.5402298850574714,670.0,,
"Phase compositions, nanoscale microstructures and thermoelectric properties in Ag2−ySbyTe1+y alloys with precipitated Sb2Te3 plates.pdf",10.1016/j.actamat.2010.04.007,Ag2-ySbTe1+y,Ag0.62Sb1.38Te2.38,Ag0.62Sb1.38Te2.38,,,,,,figure,Fig. 4b,Visually estimated from Fig. 4b,59.99999999999999,uV/K,False,47.0,52.0,5.0,50.97716894977169,1.1259565063280597,52.0,65.0,90.0,25.0,84.88584474885845,5.629782531640292,90.0,107.8682,127.6,19.731799999999993,122.96691415525116,5.035043064156287,127.6,722.66,1234.93,512.2700000000001,852.2383105022831,140.82026438147662,722.66,11.0,16.0,5.0,14.977168949771688,1.1259565063280597,16.0,5.0,5.0,0.0,5.0,0.0,5.0,138.0,145.0,7.0,139.30593607305937,1.6120180980379966,138.0,1.93,2.1,0.17000000000000015,2.0601826484018266,0.04327182502449917,2.1,1.0,2.0,1.0,1.858447488584475,0.2430307958549654,2.0,0.0,4.0,4.0,3.118721461187215,0.9577364942348993,4.0,10.0,10.0,0.0,10.0,0.0,10.0,0.0,0.0,0.0,0.0,0.0,0.0,11.0,16.0,5.0,14.977168949771688,1.1259565063280597,16.0,0.0,1.0,1.0,0.1415525114155251,0.24303079585496548,0.0,0.0,3.0,3.0,2.0319634703196345,0.6099956214424219,2.0,0.0,0.0,0.0,0.0,0.0,0.0,0.0,0.0,0.0,0.0,0.0,0.0,1.0,3.0,2.0,2.17351598173516,0.5207981484956528,2.0,16.33,34.7633333333,18.4333333333,31.144779299829683,4.194138431915249,34.7633333333,0.0,0.464,0.464,0.25212785388127856,0.2302537478367841,0.464,0.0,0.0,0.0,0.0,0.0,0.0,152.0,225.0,73.0,166.74429223744292,16.492483476157712,152.0,1.858447488584475,3.118721461187215,10.0,0.0,0.12408536585365856,0.20823170731707322,0.6676829268292683,0.0,8.082267429665535,0.09219744996082359,,0.0,0.0,0.1415525114155251,0.3150684931506849,0.54337899543379,300.0,,
"Phase compositions, nanoscale microstructures and thermoelectric properties in Ag2−ySbyTe1+y alloys with precipitated Sb2Te3 plates.pdf",10.1016/j.actamat.2010.04.007,Ag2-ySbTe1+y,Ag0.62Sb1.38Te2.38,Ag0.62Sb1.38Te2.38,,,,,,figure,Fig. 4b,Visually estimated from Fig. 4b,169.99999999999997,uV/K,False,47.0,52.0,5.0,50.97716894977169,1.1259565063280597,52.0,65.0,90.0,25.0,84.88584474885845,5.629782531640292,90.0,107.8682,127.6,19.731799999999993,122.96691415525116,5.035043064156287,127.6,722.66,1234.93,512.2700000000001,852.2383105022831,140.82026438147662,722.66,11.0,16.0,5.0,14.977168949771688,1.1259565063280597,16.0,5.0,5.0,0.0,5.0,0.0,5.0,138.0,145.0,7.0,139.30593607305937,1.6120180980379966,138.0,1.93,2.1,0.17000000000000015,2.0601826484018266,0.04327182502449917,2.1,1.0,2.0,1.0,1.858447488584475,0.2430307958549654,2.0,0.0,4.0,4.0,3.118721461187215,0.9577364942348993,4.0,10.0,10.0,0.0,10.0,0.0,10.0,0.0,0.0,0.0,0.0,0.0,0.0,11.0,16.0,5.0,14.977168949771688,1.1259565063280597,16.0,0.0,1.0,1.0,0.1415525114155251,0.24303079585496548,0.0,0.0,3.0,3.0,2.0319634703196345,0.6099956214424219,2.0,0.0,0.0,0.0,0.0,0.0,0.0,0.0,0.0,0.0,0.0,0.0,0.0,1.0,3.0,2.0,2.17351598173516,0.5207981484956528,2.0,16.33,34.7633333333,18.4333333333,31.144779299829683,4.194138431915249,34.7633333333,0.0,0.464,0.464,0.25212785388127856,0.2302537478367841,0.464,0.0,0.0,0.0,0.0,0.0,0.0,152.0,225.0,73.0,166.74429223744292,16.492483476157712,152.0,1.858447488584475,3.118721461187215,10.0,0.0,0.12408536585365856,0.20823170731707322,0.6676829268292683,0.0,8.082267429665535,0.09219744996082359,,0.0,0.0,0.1415525114155251,0.3150684931506849,0.54337899543379,670.0,,
Phase diagram and thermoelectric properties.pdf,,Ag3-xSb1+xTe4,x=0.8,Ag2.2Sb1.8Te4,,,,,,body text,,,450.00000000000006,uV/K,False,47.0,52.0,5.0,50.4,1.8700000000000008,52.0,65.0,90.0,25.0,82.0,9.350000000000001,90.0,107.8682,127.6,19.731799999999993,120.859755,7.145355249999994,127.6,722.66,1234.93,512.2700000000001,904.2862500000001,181.8540625000001,722.66,11.0,16.0,5.0,14.4,1.8699999999999999,16.0,5.0,5.0,0.0,5.0,0.0,5.0,138.0,145.0,7.0,140.15,2.6675000000000026,138.0,1.93,2.1,0.17000000000000015,2.042,0.061600000000000106,2.1,1.0,2.0,1.0,1.725,0.39875,2.0,0.0,4.0,4.0,2.675,1.47125,4.0,10.0,10.0,0.0,10.0,0.0,10.0,0.0,0.0,0.0,0.0,0.0,0.0,11.0,16.0,5.0,14.4,1.8699999999999999,16.0,0.0,1.0,1.0,0.275,0.39875,0.0,0.0,3.0,3.0,1.675,0.92125,2.0,0.0,0.0,0.0,0.0,0.0,0.0,0.0,0.0,0.0,0.0,0.0,0.0,1.0,3.0,2.0,1.9500000000000002,0.5225,2.0,16.33,34.7633333333,18.4333333333,28.97341666665,6.953879166657499,34.7633333333,0.0,0.464,0.464,0.232,0.23200000000000004,0.464,0.0,0.0,0.0,0.0,0.0,0.0,152.0,225.0,73.0,175.22500000000002,27.376250000000013,152.0,1.725,2.675,10.0,0.0,0.11979166666666667,0.18576388888888887,0.6944444444444444,0.0,8.62389854284601,0.11679358717434885,,0.0,0.0,0.275,0.225,0.5,650.0,,
Phase diagram and thermoelectric properties.pdf,,Ag3-xSb1+xTe4,x=1.0,Ag2Sb2Te4 (AgSbTe2),,,,,,body text,,,730.0,uV/K,False,47.0,52.0,5.0,50.5,1.75,52.0,65.0,90.0,25.0,82.5,8.75,90.0,107.8682,127.6,19.731799999999993,121.20705,6.669425,127.6,722.66,1234.93,512.2700000000001,896.0075,173.3475,722.66,11.0,16.0,5.0,14.5,1.75,16.0,5.0,5.0,0.0,5.0,0.0,5.0,138.0,145.0,7.0,140.0,2.5,138.0,1.93,2.1,0.17000000000000015,2.045,0.05750000000000005,2.1,1.0,2.0,1.0,1.75,0.375,2.0,0.0,4.0,4.0,2.75,1.375,4.0,10.0,10.0,0.0,10.0,0.0,10.0,0.0,0.0,0.0,0.0,0.0,0.0,11.0,16.0,5.0,14.5,1.75,16.0,0.0,1.0,1.0,0.25,0.375,0.0,0.0,3.0,3.0,1.75,0.875,2.0,0.0,0.0,0.0,0.0,0.0,0.0,0.0,0.0,0.0,0.0,0.0,0.0,1.0,3.0,2.0,2.0,0.5,2.0,16.33,34.7633333333,18.4333333333,29.35416666665,6.512083333324999,34.7633333333,0.0,0.464,0.464,0.232,0.232,0.464,0.0,0.0,0.0,0.0,0.0,0.0,152.0,225.0,73.0,173.75,25.625,152.0,1.75,2.75,10.0,0.0,0.1206896551724138,0.1896551724137931,0.6896551724137931,0.0,8.644719482306641,0.11200000000000014,,0.0,0.0,0.25,0.25,0.5,680.0,,
Phase diagram and thermoelectric properties.pdf,,Ag3-xSb1+xTe4,x=1.25,Ag1.75Sb2.25Te4,,,,,,body text,,,200.0,uV/K,False,47.0,52.0,5.0,50.625,1.5859375,52.0,65.0,90.0,25.0,83.125,7.9296875,90.0,107.8682,127.6,19.731799999999993,121.64116875,6.0256738281249955,127.6,722.66,1234.93,512.2700000000001,885.6590624999999,162.9990625,722.66,11.0,16.0,5.0,14.625,1.5859375,16.0,5.0,5.0,0.0,5.0,0.0,5.0,138.0,145.0,7.0,139.8125,2.26953125,138.0,1.93,2.1,0.17000000000000015,2.04875,0.05195312499999997,2.1,1.0,2.0,1.0,1.78125,0.341796875,2.0,0.0,4.0,4.0,2.84375,1.244140625,4.0,10.0,10.0,0.0,10.0,0.0,10.0,0.0,0.0,0.0,0.0,0.0,0.0,11.0,16.0,5.0,14.625,1.5859375,16.0,0.0,1.0,1.0,0.21875,0.341796875,0.0,0.0,3.0,3.0,1.84375,0.806640625,2.0,0.0,0.0,0.0,0.0,0.0,0.0,0.0,0.0,0.0,0.0,0.0,0.0,1.0,3.0,2.0,2.0625,0.52734375,2.0,16.33,34.7633333333,18.4333333333,29.830104166649996,5.906295572909375,34.7633333333,0.0,0.464,0.464,0.232,0.232,0.464,0.0,0.0,0.0,0.0,0.0,0.0,152.0,225.0,73.0,171.90625,23.228515625,152.0,1.78125,2.84375,10.0,0.0,0.12179487179487179,0.19444444444444445,0.6837606837606838,0.0,8.61215600052997,0.10595611285266472,,0.0,0.0,0.21875,0.28125,0.5,450.0,,
Phase diagram and thermoelectric properties.pdf,,Ag3-xSb1+xTe4,x=1,Ag2Sb2Te4,,,,,,body text,,,730.0,uV/K,False,47.0,52.0,5.0,50.5,1.75,52.0,65.0,90.0,25.0,82.5,8.75,90.0,107.8682,127.6,19.731799999999993,121.20705,6.669425,127.6,722.66,1234.93,512.2700000000001,896.0074999999999,173.34750000000003,722.66,11.0,16.0,5.0,14.5,1.75,16.0,5.0,5.0,0.0,5.0,0.0,5.0,138.0,145.0,7.0,140.0,2.5,138.0,1.93,2.1,0.17000000000000015,2.045,0.05750000000000005,2.1,1.0,2.0,1.0,1.75,0.375,2.0,0.0,4.0,4.0,2.75,1.375,4.0,10.0,10.0,0.0,10.0,0.0,10.0,0.0,0.0,0.0,0.0,0.0,0.0,11.0,16.0,5.0,14.5,1.75,16.0,0.0,1.0,1.0,0.25,0.375,0.0,0.0,3.0,3.0,1.75,0.875,2.0,0.0,0.0,0.0,0.0,0.0,0.0,0.0,0.0,0.0,0.0,0.0,0.0,1.0,3.0,2.0,2.0,0.5,2.0,16.33,34.7633333333,18.4333333333,29.35416666665,6.512083333324999,34.7633333333,0.0,0.464,0.464,0.232,0.232,0.464,0.0,0.0,0.0,0.0,0.0,0.0,152.0,225.0,73.0,173.75,25.625,152.0,1.75,2.75,10.0,0.0,0.1206896551724138,0.1896551724137931,0.6896551724137931,0.0,8.644719482306641,0.11200000000000014,,0.0,0.0,0.25,0.25,0.5,680.0,,
PhysRevB.79.184202.pdf,10.1103/PhysRevB.79.184202,AgSbTe2,AgSbSe_xTe_2-x (x=0.00),AgSbTe2,Se,x=0.00,Te,,Se (x=0.00) @ Te site,figure,Fig. 5,Visually estimated from Fig. 5,100.0,uV/K,False,47.0,52.0,5.0,50.5,1.75,52.0,65.0,90.0,25.0,82.5,8.75,90.0,107.8682,127.6,19.731799999999993,121.20705,6.669425,127.6,722.66,1234.93,512.2700000000001,896.0074999999999,173.34750000000003,722.66,11.0,16.0,5.0,14.5,1.75,16.0,5.0,5.0,0.0,5.0,0.0,5.0,138.0,145.0,7.0,140.0,2.5,138.0,1.93,2.1,0.17000000000000015,2.045,0.05750000000000005,2.1,1.0,2.0,1.0,1.75,0.375,2.0,0.0,4.0,4.0,2.75,1.375,4.0,10.0,10.0,0.0,10.0,0.0,10.0,0.0,0.0,0.0,0.0,0.0,0.0,11.0,16.0,5.0,14.5,1.75,16.0,0.0,1.0,1.0,0.25,0.375,0.0,0.0,3.0,3.0,1.75,0.875,2.0,0.0,0.0,0.0,0.0,0.0,0.0,0.0,0.0,0.0,0.0,0.0,0.0,1.0,3.0,2.0,2.0,0.5,2.0,16.33,34.7633333333,18.4333333333,29.35416666665,6.512083333324999,34.7633333333,0.0,0.464,0.464,0.232,0.232,0.464,0.0,0.0,0.0,0.0,0.0,0.0,152.0,225.0,73.0,173.75,25.625,152.0,1.75,2.75,10.0,0.0,0.1206896551724138,0.1896551724137931,0.6896551724137931,0.0,8.644719482306641,0.11200000000000014,0.0,1.0,0.0,0.25,0.25,0.5,300.0,0.0,0.22999999999999976
PhysRevB.79.184202.pdf,10.1103/PhysRevB.79.184202,AgSbTe2,AgSbSe_xTe_2-x (x=0.00),AgSbTe2,Se,x=0.00,Te,,Se (x=0.00) @ Te site,figure,Fig. 5,Visually estimated from Fig. 5,150.0,uV/K,False,47.0,52.0,5.0,50.5,1.75,52.0,65.0,90.0,25.0,82.5,8.75,90.0,107.8682,127.6,19.731799999999993,121.20705,6.669425,127.6,722.66,1234.93,512.2700000000001,896.0074999999999,173.34750000000003,722.66,11.0,16.0,5.0,14.5,1.75,16.0,5.0,5.0,0.0,5.0,0.0,5.0,138.0,145.0,7.0,140.0,2.5,138.0,1.93,2.1,0.17000000000000015,2.045,0.05750000000000005,2.1,1.0,2.0,1.0,1.75,0.375,2.0,0.0,4.0,4.0,2.75,1.375,4.0,10.0,10.0,0.0,10.0,0.0,10.0,0.0,0.0,0.0,0.0,0.0,0.0,11.0,16.0,5.0,14.5,1.75,16.0,0.0,1.0,1.0,0.25,0.375,0.0,0.0,3.0,3.0,1.75,0.875,2.0,0.0,0.0,0.0,0.0,0.0,0.0,0.0,0.0,0.0,0.0,0.0,0.0,1.0,3.0,2.0,2.0,0.5,2.0,16.33,34.7633333333,18.4333333333,29.35416666665,6.512083333324999,34.7633333333,0.0,0.464,0.464,0.232,0.232,0.464,0.0,0.0,0.0,0.0,0.0,0.0,152.0,225.0,73.0,173.75,25.625,152.0,1.75,2.75,10.0,0.0,0.1206896551724138,0.1896551724137931,0.6896551724137931,0.0,8.644719482306641,0.11200000000000014,0.0,1.0,0.0,0.25,0.25,0.5,500.0,0.0,0.22999999999999976
PhysRevB.79.184202.pdf,10.1103/PhysRevB.79.184202,AgSbTe2,AgSbSe_xTe_2-x (x=0.25),AgSbSe0.25Te1.75,Se,x=0.25,Te,,Se (x=0.25) @ Te site,figure,Fig. 5,Visually estimated from Fig. 5,179.99999999999997,uV/K,False,34.0,52.0,18.0,49.375,3.109375,52.0,65.0,90.0,25.0,82.4375,8.71875,90.0,78.96,127.6,48.64,118.16704999999999,10.050306250000002,127.6,494.0,1234.93,740.9300000000001,881.71625,187.63875000000002,722.66,11.0,16.0,5.0,14.5,1.75,16.0,4.0,5.0,1.0,4.9375,0.1171875,5.0,120.0,145.0,25.0,138.875,3.125,138.0,1.93,2.55,0.6199999999999999,2.073125,0.08312500000000009,2.1,1.0,2.0,1.0,1.75,0.375,2.0,0.0,4.0,4.0,2.75,1.375,4.0,10.0,10.0,0.0,10.0,0.0,10.0,0.0,0.0,0.0,0.0,0.0,0.0,11.0,16.0,5.0,14.5,1.75,16.0,0.0,1.0,1.0,0.25,0.375,0.0,0.0,3.0,3.0,1.75,0.875,2.0,0.0,0.0,0.0,0.0,0.0,0.0,0.0,0.0,0.0,0.0,0.0,0.0,1.0,3.0,2.0,2.0,0.5,2.0,16.33,34.7633333333,18.4333333333,28.80145833331875,6.595911458324218,34.7633333333,0.0,0.799,0.799,0.25293750000000004,0.25293750000000004,0.464,0.0,0.0,0.0,0.0,0.0,0.0,14.0,225.0,211.0,165.125,30.375,152.0,1.75,2.75,10.0,0.0,0.1206896551724138,0.1896551724137931,0.6896551724137931,0.0,10.21104019297888,0.18057471264367825,0.25,1.0,0.0,0.25,0.25,0.4375,300.0,0.0,0.22999999999999976
PhysRevB.79.184202.pdf,10.1103/PhysRevB.79.184202,AgSbTe2,AgSbSe_xTe_2-x (x=0.25),AgSbSe0.25Te1.75,Se,x=0.25,Te,,Se (x=0.25) @ Te site,figure,Fig. 5,Visually estimated from Fig. 5,199.99999999999997,uV/K,False,34.0,52.0,18.0,49.375,3.109375,52.0,65.0,90.0,25.0,82.4375,8.71875,90.0,78.96,127.6,48.64,118.16704999999999,10.050306250000002,127.6,494.0,1234.93,740.9300000000001,881.71625,187.63875000000002,722.66,11.0,16.0,5.0,14.5,1.75,16.0,4.0,5.0,1.0,4.9375,0.1171875,5.0,120.0,145.0,25.0,138.875,3.125,138.0,1.93,2.55,0.6199999999999999,2.073125,0.08312500000000009,2.1,1.0,2.0,1.0,1.75,0.375,2.0,0.0,4.0,4.0,2.75,1.375,4.0,10.0,10.0,0.0,10.0,0.0,10.0,0.0,0.0,0.0,0.0,0.0,0.0,11.0,16.0,5.0,14.5,1.75,16.0,0.0,1.0,1.0,0.25,0.375,0.0,0.0,3.0,3.0,1.75,0.875,2.0,0.0,0.0,0.0,0.0,0.0,0.0,0.0,0.0,0.0,0.0,0.0,0.0,1.0,3.0,2.0,2.0,0.5,2.0,16.33,34.7633333333,18.4333333333,28.80145833331875,6.595911458324218,34.7633333333,0.0,0.799,0.799,0.25293750000000004,0.25293750000000004,0.464,0.0,0.0,0.0,0.0,0.0,0.0,14.0,225.0,211.0,165.125,30.375,152.0,1.75,2.75,10.0,0.0,0.1206896551724138,0.1896551724137931,0.6896551724137931,0.0,10.21104019297888,0.18057471264367825,0.25,1.0,0.0,0.25,0.25,0.4375,500.0,0.0,0.22999999999999976
PhysRevB.79.184202.pdf,10.1103/PhysRevB.79.184202,AgSbTe2,AgSbSe_xTe_2-x (x=0.50),AgSbSe0.5Te1.5,Se,x=0.50,Te,,Se (x=0.50) @ Te site,figure,Fig. 5,Visually estimated from Fig. 5,179.99999999999997,uV/K,False,34.0,52.0,18.0,48.25,4.1875,52.0,65.0,90.0,25.0,82.375,8.6875,90.0,78.96,127.6,48.64,115.12705,12.6711875,127.6,494.0,1234.93,740.9300000000001,867.425,201.93,722.66,11.0,16.0,5.0,14.5,1.75,16.0,4.0,5.0,1.0,4.875,0.21875,5.0,120.0,145.0,25.0,137.75,4.4375,138.0,1.93,2.55,0.6199999999999999,2.10125,0.11218749999999988,2.1,1.0,2.0,1.0,1.75,0.375,2.0,0.0,4.0,4.0,2.75,1.375,4.0,10.0,10.0,0.0,10.0,0.0,10.0,0.0,0.0,0.0,0.0,0.0,0.0,11.0,16.0,5.0,14.5,1.75,16.0,0.0,1.0,1.0,0.25,0.375,0.0,0.0,3.0,3.0,1.75,0.875,2.0,0.0,0.0,0.0,0.0,0.0,0.0,0.0,0.0,0.0,0.0,0.0,0.0,1.0,3.0,2.0,2.0,0.5,2.0,16.33,34.7633333333,18.4333333333,28.2487499999875,6.541562499990624,34.7633333333,0.0,0.799,0.799,0.27387500000000004,0.27387500000000004,0.464,0.0,0.0,0.0,0.0,0.0,0.0,14.0,225.0,211.0,156.5,39.0,152.0,1.75,2.75,10.0,0.0,0.1206896551724138,0.1896551724137931,0.6896551724137931,0.0,10.982476751666994,0.23434782608695653,0.5,1.0,0.0,0.25,0.25,0.375,300.0,0.0,0.22999999999999976
PhysRevB.79.184202.pdf,10.1103/PhysRevB.79.184202,AgSbTe2,AgSbSe_xTe_2-x (x=0.50),AgSbSe0.5Te1.5,Se,x=0.50,Te,,Se (x=0.50) @ Te site,figure,Fig. 5,Visually estimated from Fig. 5,199.99999999999997,uV/K,False,34.0,52.0,18.0,48.25,4.1875,52.0,65.0,90.0,25.0,82.375,8.6875,90.0,78.96,127.6,48.64,115.12705,12.6711875,127.6,494.0,1234.93,740.9300000000001,867.425,201.93,722.66,11.0,16.0,5.0,14.5,1.75,16.0,4.0,5.0,1.0,4.875,0.21875,5.0,120.0,145.0,25.0,137.75,4.4375,138.0,1.93,2.55,0.6199999999999999,2.10125,0.11218749999999988,2.1,1.0,2.0,1.0,1.75,0.375,2.0,0.0,4.0,4.0,2.75,1.375,4.0,10.0,10.0,0.0,10.0,0.0,10.0,0.0,0.0,0.0,0.0,0.0,0.0,11.0,16.0,5.0,14.5,1.75,16.0,0.0,1.0,1.0,0.25,0.375,0.0,0.0,3.0,3.0,1.75,0.875,2.0,0.0,0.0,0.0,0.0,0.0,0.0,0.0,0.0,0.0,0.0,0.0,0.0,1.0,3.0,2.0,2.0,0.5,2.0,16.33,34.7633333333,18.4333333333,28.2487499999875,6.541562499990624,34.7633333333,0.0,0.799,0.799,0.27387500000000004,0.27387500000000004,0.464,0.0,0.0,0.0,0.0,0.0,0.0,14.0,225.0,211.0,156.5,39.0,152.0,1.75,2.75,10.0,0.0,0.1206896551724138,0.1896551724137931,0.6896551724137931,0.0,10.982476751666994,0.23434782608695653,0.5,1.0,0.0,0.25,0.25,0.375,500.0,0.0,0.22999999999999976
PhysRevB.79.184202.pdf,10.1103/PhysRevB.79.184202,AgSbTe2,AgSbSe_xTe_2-x (x=0.75),AgSbSe0.75Te1.25,Se,x=0.75,Te,,Se (x=0.75) @ Te site,figure,Fig. 5,Visually estimated from Fig. 5,150.0,uV/K,False,34.0,52.0,18.0,47.125,4.984375,52.0,65.0,90.0,25.0,82.3125,8.65625,90.0,78.96,127.6,48.64,112.08705,14.53206875,127.6,494.0,1234.93,740.9300000000001,853.13375,216.22125000000003,722.66,11.0,16.0,5.0,14.5,1.75,16.0,4.0,5.0,1.0,4.8125,0.3046875,5.0,120.0,145.0,25.0,136.625,6.234375,138.0,1.93,2.55,0.6199999999999999,2.1293749999999996,0.15773437499999973,2.1,1.0,2.0,1.0,1.75,0.375,2.0,0.0,4.0,4.0,2.75,1.375,4.0,10.0,10.0,0.0,10.0,0.0,10.0,0.0,0.0,0.0,0.0,0.0,0.0,11.0,16.0,5.0,14.5,1.75,16.0,0.0,1.0,1.0,0.25,0.375,0.0,0.0,3.0,3.0,1.75,0.875,2.0,0.0,0.0,0.0,0.0,0.0,0.0,0.0,0.0,0.0,0.0,0.0,0.0,1.0,3.0,2.0,2.0,0.5,2.0,16.33,34.7633333333,18.4333333333,27.69604166665625,6.349036458324218,34.7633333333,0.0,0.799,0.799,0.29481250000000003,0.29481250000000003,0.464,0.0,0.0,0.0,0.0,0.0,0.0,14.0,225.0,211.0,147.875,50.203125,152.0,1.75,2.75,10.0,0.0,0.1206896551724138,0.1896551724137931,0.6896551724137931,0.0,11.394990888860429,0.2790526315789474,0.75,1.0,0.0,0.25,0.25,0.3125,300.0,0.0,0.22999999999999976
PhysRevB.79.184202.pdf,10.1103/PhysRevB.79.184202,AgSbTe2,AgSbSe_xTe_2-x (x=0.75),AgSbSe0.75Te1.25,Se,x=0.75,Te,,Se (x=0.75) @ Te site,figure,Fig. 5,Visually estimated from Fig. 5,179.99999999999997,uV/K,False,34.0,52.0,18.0,47.125,4.984375,52.0,65.0,90.0,25.0,82.3125,8.65625,90.0,78.96,127.6,48.64,112.08705,14.53206875,127.6,494.0,1234.93,740.9300000000001,853.13375,216.22125000000003,722.66,11.0,16.0,5.0,14.5,1.75,16.0,4.0,5.0,1.0,4.8125,0.3046875,5.0,120.0,145.0,25.0,136.625,6.234375,138.0,1.93,2.55,0.6199999999999999,2.1293749999999996,0.15773437499999973,2.1,1.0,2.0,1.0,1.75,0.375,2.0,0.0,4.0,4.0,2.75,1.375,4.0,10.0,10.0,0.0,10.0,0.0,10.0,0.0,0.0,0.0,0.0,0.0,0.0,11.0,16.0,5.0,14.5,1.75,16.0,0.0,1.0,1.0,0.25,0.375,0.0,0.0,3.0,3.0,1.75,0.875,2.0,0.0,0.0,0.0,0.0,0.0,0.0,0.0,0.0,0.0,0.0,0.0,0.0,1.0,3.0,2.0,2.0,0.5,2.0,16.33,34.7633333333,18.4333333333,27.69604166665625,6.349036458324218,34.7633333333,0.0,0.799,0.799,0.29481250000000003,0.29481250000000003,0.464,0.0,0.0,0.0,0.0,0.0,0.0,14.0,225.0,211.0,147.875,50.203125,152.0,1.75,2.75,10.0,0.0,0.1206896551724138,0.1896551724137931,0.6896551724137931,0.0,11.394990888860429,0.2790526315789474,0.75,1.0,0.0,0.25,0.25,0.3125,500.0,0.0,0.22999999999999976
PhysRevB.79.184202.pdf,10.1103/PhysRevB.79.184202,AgSbTe2,AgSbSe_xTe_2-x (x=1.00),AgSbSeTe,Se,x=1.00,Te,,Se (x=1.00) @ Te site,figure,Fig. 5,Visually estimated from Fig. 5,250.0,uV/K,False,34.0,52.0,18.0,46.0,6.0,34.0,65.0,90.0,25.0,82.25,8.625,65.0,78.96,127.6,48.64,109.04704999999998,15.632950000000001,78.96,494.0,1234.93,740.9300000000001,838.8425,230.51250000000002,494.0,11.0,16.0,5.0,14.5,1.75,11.0,4.0,5.0,1.0,4.75,0.375,4.0,120.0,145.0,25.0,135.5,7.75,120.0,1.93,2.55,0.6199999999999999,2.1574999999999998,0.19624999999999987,1.93,1.0,2.0,1.0,1.75,0.375,1.0,0.0,4.0,4.0,2.75,1.375,0.0,10.0,10.0,0.0,10.0,0.0,10.0,0.0,0.0,0.0,0.0,0.0,0.0,11.0,16.0,5.0,14.5,1.75,11.0,0.0,1.0,1.0,0.25,0.375,0.0,0.0,3.0,3.0,1.75,0.875,0.0,0.0,0.0,0.0,0.0,0.0,0.0,0.0,0.0,0.0,0.0,0.0,0.0,1.0,3.0,2.0,2.0,0.5,1.0,16.33,34.7633333333,18.4333333333,27.143333333325,6.018333333324999,16.33,0.0,0.799,0.799,0.31575000000000003,0.31575000000000003,0.0,0.0,0.0,0.0,0.0,0.0,0.0,14.0,225.0,211.0,139.25,62.625,14.0,1.75,2.75,10.0,0.0,0.1206896551724138,0.1896551724137931,0.6896551724137931,0.0,11.526292643075523,0.3183333333333333,1.0,1.0,0.0,0.25,0.25,0.25,300.0,0.0,0.22999999999999976
PhysRevB.79.184202.pdf,10.1103/PhysRevB.79.184202,AgSbTe2,AgSbSe_xTe_2-x (x=1.00),AgSbSeTe,Se,x=1.00,Te,,Se (x=1.00) @ Te site,figure,Fig. 5,Visually estimated from Fig. 5,300.0,uV/K,False,34.0,52.0,18.0,46.0,6.0,34.0,65.0,90.0,25.0,82.25,8.625,65.0,78.96,127.6,48.64,109.04704999999998,15.632950000000001,78.96,494.0,1234.93,740.9300000000001,838.8425,230.51250000000002,494.0,11.0,16.0,5.0,14.5,1.75,11.0,4.0,5.0,1.0,4.75,0.375,4.0,120.0,145.0,25.0,135.5,7.75,120.0,1.93,2.55,0.6199999999999999,2.1574999999999998,0.19624999999999987,1.93,1.0,2.0,1.0,1.75,0.375,1.0,0.0,4.0,4.0,2.75,1.375,0.0,10.0,10.0,0.0,10.0,0.0,10.0,0.0,0.0,0.0,0.0,0.0,0.0,11.0,16.0,5.0,14.5,1.75,11.0,0.0,1.0,1.0,0.25,0.375,0.0,0.0,3.0,3.0,1.75,0.875,0.0,0.0,0.0,0.0,0.0,0.0,0.0,0.0,0.0,0.0,0.0,0.0,0.0,1.0,3.0,2.0,2.0,0.5,1.0,16.33,34.7633333333,18.4333333333,27.143333333325,6.018333333324999,16.33,0.0,0.799,0.799,0.31575000000000003,0.31575000000000003,0.0,0.0,0.0,0.0,0.0,0.0,0.0,14.0,225.0,211.0,139.25,62.625,14.0,1.75,2.75,10.0,0.0,0.1206896551724138,0.1896551724137931,0.6896551724137931,0.0,11.526292643075523,0.3183333333333333,1.0,1.0,0.0,0.25,0.25,0.25,500.0,0.0,0.22999999999999976
PhysRevB.79.184202.pdf,10.1103/PhysRevB.79.184202,AgSbTe2,AgSbSe_xTe_2-x (x=1.25),AgSbSe1.25Te0.75,Se,x=1.25,Te,,Se (x=1.25) @ Te site,figure,Fig. 5,Visually estimated from Fig. 5,350.0,uV/K,False,34.0,52.0,18.0,44.875,6.796875,34.0,65.0,90.0,25.0,82.1875,8.59375,89.0,78.96,127.6,48.64,106.00704999999999,16.904406250000008,78.96,494.0,1234.93,740.9300000000001,824.55125,244.80375,494.0,11.0,16.0,5.0,14.5,1.75,16.0,4.0,5.0,1.0,4.6875,0.4296875,4.0,120.0,145.0,25.0,134.375,8.984375,120.0,1.93,2.55,0.6199999999999999,2.185625,0.22773437499999996,2.55,1.0,2.0,1.0,1.75,0.375,2.0,0.0,4.0,4.0,2.75,1.375,4.0,10.0,10.0,0.0,10.0,0.0,10.0,0.0,0.0,0.0,0.0,0.0,0.0,11.0,16.0,5.0,14.5,1.75,16.0,0.0,1.0,1.0,0.25,0.375,0.0,0.0,3.0,3.0,1.75,0.875,2.0,0.0,0.0,0.0,0.0,0.0,0.0,0.0,0.0,0.0,0.0,0.0,0.0,1.0,3.0,2.0,2.0,0.5,2.0,16.33,34.7633333333,18.4333333333,26.59062499999375,5.549453124992968,25.92,0.0,0.799,0.799,0.33668750000000003,0.33668750000000003,0.799,0.0,0.0,0.0,0.0,0.0,0.0,14.0,225.0,211.0,130.625,72.890625,14.0,1.75,2.75,10.0,0.0,0.1206896551724138,0.1896551724137931,0.6896551724137931,0.0,11.39499088886043,0.35484210526315785,0.0125,1.0,0.0,0.25,0.25,0.1875,300.0,0.0,0.22999999999999976
PhysRevB.79.184202.pdf,10.1103/PhysRevB.79.184202,AgSbTe2,AgSbSe_xTe_2-x (x=1.25),AgSbSe1.25Te0.75,Se,x=1.25,Te,,Se (x=1.25) @ Te site,figure,Fig. 5,Visually estimated from Fig. 5,399.99999999999994,uV/K,False,34.0,52.0,18.0,44.875,6.796875,34.0,65.0,90.0,25.0,82.1875,8.59375,89.0,78.96,127.6,48.64,106.00704999999999,16.904406250000008,78.96,494.0,1234.93,740.9300000000001,824.55125,244.80375,494.0,11.0,16.0,5.0,14.5,1.75,16.0,4.0,5.0,1.0,4.6875,0.4296875,4.0,120.0,145.0,25.0,134.375,8.984375,120.0,1.93,2.55,0.6199999999999999,2.185625,0.22773437499999996,2.55,1.0,2.0,1.0,1.75,0.375,2.0,0.0,4.0,4.0,2.75,1.375,4.0,10.0,10.0,0.0,10.0,0.0,10.0,0.0,0.0,0.0,0.0,0.0,0.0,11.0,16.0,5.0,14.5,1.75,16.0,0.0,1.0,1.0,0.25,0.375,0.0,0.0,3.0,3.0,1.75,0.875,2.0,0.0,0.0,0.0,0.0,0.0,0.0,0.0,0.0,0.0,0.0,0.0,0.0,1.0,3.0,2.0,2.0,0.5,2.0,16.33,34.7633333333,18.4333333333,26.59062499999375,5.549453124992968,25.92,0.0,0.799,0.799,0.33668750000000003,0.33668750000000003,0.799,0.0,0.0,0.0,0.0,0.0,0.0,14.0,225.0,211.0,130.625,72.890625,14.0,1.75,2.75,10.0,0.0,0.1206896551724138,0.1896551724137931,0.6896551724137931,0.0,11.39499088886043,0.35484210526315785,0.0125,1.0,0.0,0.25,0.25,0.1875,500.0,0.0,0.22999999999999976
PhysRevB.79.184202.pdf,10.1103/PhysRevB.79.184202,AgSbTe2,AgSbSe_xTe_2-x (x=1.50),AgSbSe1.5Te0.5,Se,x=1.50,Te,,Se (x=1.50) @ Te site,figure,Fig. 5,Visually estimated from Fig. 5,450.0,uV/K,False,34.0,52.0,18.0,43.75,7.3125,34.0,65.0,90.0,25.0,82.125,8.5625,89.0,78.96,127.6,48.64,102.96705,18.0052875,78.96,494.0,1234.93,740.9300000000001,810.26,259.095,494.0,11.0,16.0,5.0,14.5,1.75,16.0,4.0,5.0,1.0,4.625,0.46875,4.0,120.0,145.0,25.0,133.25,9.9375,120.0,1.93,2.55,0.6199999999999999,2.21375,0.2521875,2.55,1.0,2.0,1.0,1.75,0.375,2.0,0.0,4.0,4.0,2.75,1.375,4.0,10.0,10.0,0.0,10.0,0.0,10.0,0.0,0.0,0.0,0.0,0.0,0.0,11.0,16.0,5.0,14.5,1.75,16.0,0.0,1.0,1.0,0.25,0.375,0.0,0.0,3.0,3.0,1.75,0.875,2.0,0.0,0.0,0.0,0.0,0.0,0.0,0.0,0.0,0.0,0.0,0.0,0.0,1.0,3.0,2.0,2.0,0.5,2.0,16.33,34.7633333333,18.4333333333,26.037916666662504,4.942395833328125,25.92,0.0,0.799,0.799,0.357625,0.35762499999999997,0.799,0.0,0.0,0.0,0.0,0.0,0.0,14.0,225.0,211.0,122.0,81.0,14.0,1.75,2.75,10.0,0.0,0.1206896551724138,0.1896551724137931,0.6896551724137931,0.0,10.982476751666995,0.39086956521739125,0.015,1.0,0.0,0.25,0.25,0.125,300.0,0.0,0.22999999999999976
PhysRevB.79.184202.pdf,10.1103/PhysRevB.79.184202,AgSbTe2,AgSbSe_xTe_2-x (x=1.50),AgSbSe1.5Te0.5,Se,x=1.50,Te,,Se (x=1.50) @ Te site,figure,Fig. 5,Visually estimated from Fig. 5,500.0,uV/K,False,34.0,52.0,18.0,43.75,7.3125,34.0,65.0,90.0,25.0,82.125,8.5625,89.0,78.96,127.6,48.64,102.96705,18.0052875,78.96,494.0,1234.93,740.9300000000001,810.26,259.095,494.0,11.0,16.0,5.0,14.5,1.75,16.0,4.0,5.0,1.0,4.625,0.46875,4.0,120.0,145.0,25.0,133.25,9.9375,120.0,1.93,2.55,0.6199999999999999,2.21375,0.2521875,2.55,1.0,2.0,1.0,1.75,0.375,2.0,0.0,4.0,4.0,2.75,1.375,4.0,10.0,10.0,0.0,10.0,0.0,10.0,0.0,0.0,0.0,0.0,0.0,0.0,11.0,16.0,5.0,14.5,1.75,16.0,0.0,1.0,1.0,0.25,0.375,0.0,0.0,3.0,3.0,1.75,0.875,2.0,0.0,0.0,0.0,0.0,0.0,0.0,0.0,0.0,0.0,0.0,0.0,0.0,1.0,3.0,2.0,2.0,0.5,2.0,16.33,34.7633333333,18.4333333333,26.037916666662504,4.942395833328125,25.92,0.0,0.799,0.799,0.357625,0.35762499999999997,0.799,0.0,0.0,0.0,0.0,0.0,0.0,14.0,225.0,211.0,122.0,81.0,14.0,1.75,2.75,10.0,0.0,0.1206896551724138,0.1896551724137931,0.6896551724137931,0.0,10.982476751666995,0.39086956521739125,0.015,1.0,0.0,0.25,0.25,0.125,500.0,0.0,0.22999999999999976
PhysRevB.79.184202.pdf,10.1103/PhysRevB.79.184202,AgSbTe2,AgSbSe_xTe_2-x (x=1.75),AgSbSe1.75Te0.25,Se,x=1.75,Te,,Se (x=1.75) @ Te site,figure,Fig. 5,Visually estimated from Fig. 5,500.0,uV/K,False,34.0,52.0,18.0,42.625,7.546875,34.0,65.0,90.0,25.0,82.0625,8.53125,89.0,78.96,127.6,48.64,99.92704999999998,18.346168750000007,78.96,494.0,1234.93,740.9300000000001,795.96875,273.38625,494.0,11.0,16.0,5.0,14.5,1.75,16.0,4.0,5.0,1.0,4.5625,0.4921875,4.0,120.0,145.0,25.0,132.125,10.609375,120.0,1.93,2.55,0.6199999999999999,2.241875,0.269609375,2.55,1.0,2.0,1.0,1.75,0.375,2.0,0.0,4.0,4.0,2.75,1.375,4.0,10.0,10.0,0.0,10.0,0.0,10.0,0.0,0.0,0.0,0.0,0.0,0.0,11.0,16.0,5.0,14.5,1.75,16.0,0.0,1.0,1.0,0.25,0.375,0.0,0.0,3.0,3.0,1.75,0.875,2.0,0.0,0.0,0.0,0.0,0.0,0.0,0.0,0.0,0.0,0.0,0.0,0.0,1.0,3.0,2.0,2.0,0.5,2.0,16.33,34.7633333333,18.4333333333,25.48520833333125,4.577604166665625,25.92,0.0,0.799,0.799,0.3785625,0.3785625,0.799,0.0,0.0,0.0,0.0,0.0,0.0,14.0,225.0,211.0,113.375,86.953125,14.0,1.75,2.75,10.0,0.0,0.1206896551724138,0.1896551724137931,0.6896551724137931,0.0,10.21104019297888,0.4288505747126436,0.0175,1.0,0.0,0.25,0.25,0.0625,300.0,0.0,0.22999999999999976
PhysRevB.79.184202.pdf,10.1103/PhysRevB.79.184202,AgSbTe2,AgSbSe_xTe_2-x (x=1.75),AgSbSe1.75Te0.25,Se,x=1.75,Te,,Se (x=1.75) @ Te site,figure,Fig. 5,Visually estimated from Fig. 5,549.9999999999999,uV/K,False,34.0,52.0,18.0,42.625,7.546875,34.0,65.0,90.0,25.0,82.0625,8.53125,89.0,78.96,127.6,48.64,99.92704999999998,18.346168750000007,78.96,494.0,1234.93,740.9300000000001,795.96875,273.38625,494.0,11.0,16.0,5.0,14.5,1.75,16.0,4.0,5.0,1.0,4.5625,0.4921875,4.0,120.0,145.0,25.0,132.125,10.609375,120.0,1.93,2.55,0.6199999999999999,2.241875,0.269609375,2.55,1.0,2.0,1.0,1.75,0.375,2.0,0.0,4.0,4.0,2.75,1.375,4.0,10.0,10.0,0.0,10.0,0.0,10.0,0.0,0.0,0.0,0.0,0.0,0.0,11.0,16.0,5.0,14.5,1.75,16.0,0.0,1.0,1.0,0.25,0.375,0.0,0.0,3.0,3.0,1.75,0.875,2.0,0.0,0.0,0.0,0.0,0.0,0.0,0.0,0.0,0.0,0.0,0.0,0.0,1.0,3.0,2.0,2.0,0.5,2.0,16.33,34.7633333333,18.4333333333,25.48520833333125,4.577604166665625,25.92,0.0,0.799,0.799,0.3785625,0.3785625,0.799,0.0,0.0,0.0,0.0,0.0,0.0,14.0,225.0,211.0,113.375,86.953125,14.0,1.75,2.75,10.0,0.0,0.1206896551724138,0.1896551724137931,0.6896551724137931,0.0,10.21104019297888,0.4288505747126436,0.0175,1.0,0.0,0.25,0.25,0.0625,500.0,0.0,0.22999999999999976
PhysRevB.79.184202.pdf,10.1103/PhysRevB.79.184202,AgSbTe2,AgSbSe_xTe_2-x (x=2.00),AgSbSe2,Se,x=2.00,Te,,Se (x=2.00) @ Te site,figure,Fig. 5,Visually estimated from Fig. 5,250.0,uV/K,False,34.0,51.0,17.0,41.5,7.5,34.0,65.0,89.0,24.0,82.0,8.5,89.0,78.96,121.76,42.80000000000001,96.88704999999999,17.927050000000005,78.96,494.0,1234.93,740.9300000000001,781.6775,287.6775,494.0,11.0,16.0,5.0,14.5,1.75,16.0,4.0,5.0,1.0,4.5,0.5,4.0,120.0,145.0,25.0,131.0,11.0,120.0,1.93,2.55,0.6199999999999999,2.2699999999999996,0.27999999999999997,2.55,1.0,2.0,1.0,1.75,0.375,2.0,0.0,4.0,4.0,2.75,1.375,4.0,10.0,10.0,0.0,10.0,0.0,10.0,0.0,0.0,0.0,0.0,0.0,0.0,11.0,16.0,5.0,14.5,1.75,16.0,0.0,1.0,1.0,0.25,0.375,0.0,0.0,3.0,3.0,1.75,0.875,2.0,0.0,0.0,0.0,0.0,0.0,0.0,0.0,0.0,0.0,0.0,0.0,0.0,1.0,3.0,2.0,2.0,0.5,2.0,16.33,31.56,15.23,24.9325,4.3012500000000005,25.92,0.0,0.799,0.799,0.3995,0.3995,0.799,0.0,0.0,0.0,0.0,0.0,0.0,14.0,225.0,211.0,104.75,90.75,14.0,1.75,2.75,10.0,0.0,0.1206896551724138,0.1896551724137931,0.6896551724137931,0.0,8.644719482306641,0.47199999999999986,0.02,1.0,0.0,0.25,0.25,0.0,300.0,0.0,0.22999999999999976
PhysRevB.79.184202.pdf,10.1103/PhysRevB.79.184202,AgSbTe2,AgSbSe_xTe_2-x (x=2.00),AgSbSe2,Se,x=2.00,Te,,Se (x=2.00) @ Te site,figure,Fig. 5,Visually estimated from Fig. 5,300.0,uV/K,False,34.0,51.0,17.0,41.5,7.5,34.0,65.0,89.0,24.0,82.0,8.5,89.0,78.96,121.76,42.80000000000001,96.88704999999999,17.927050000000005,78.96,494.0,1234.93,740.9300000000001,781.6775,287.6775,494.0,11.0,16.0,5.0,14.5,1.75,16.0,4.0,5.0,1.0,4.5,0.5,4.0,120.0,145.0,25.0,131.0,11.0,120.0,1.93,2.55,0.6199999999999999,2.2699999999999996,0.27999999999999997,2.55,1.0,2.0,1.0,1.75,0.375,2.0,0.0,4.0,4.0,2.75,1.375,4.0,10.0,10.0,0.0,10.0,0.0,10.0,0.0,0.0,0.0,0.0,0.0,0.0,11.0,16.0,5.0,14.5,1.75,16.0,0.0,1.0,1.0,0.25,0.375,0.0,0.0,3.0,3.0,1.75,0.875,2.0,0.0,0.0,0.0,0.0,0.0,0.0,0.0,0.0,0.0,0.0,0.0,0.0,1.0,3.0,2.0,2.0,0.5,2.0,16.33,31.56,15.23,24.9325,4.3012500000000005,25.92,0.0,0.799,0.799,0.3995,0.3995,0.799,0.0,0.0,0.0,0.0,0.0,0.0,14.0,225.0,211.0,104.75,90.75,14.0,1.75,2.75,10.0,0.0,0.1206896551724138,0.1896551724137931,0.6896551724137931,0.0,8.644719482306641,0.47199999999999986,0.02,1.0,0.0,0.25,0.25,0.0,500.0,0.0,0.22999999999999976
Physica Status Solidi  a - 2011 - Yusufu - Thermoelectric properties and microstructures of AgSbTe2‐added p‐type Pb0 16Ge0.pdf,10.1002/pssa.201127194,"AgSbTe2-(Pb,Ge)Te",(Ag0.5Sb0.5Te)25(Pb0.16Ge0.84Te)75,(Ag0.5Sb0.5Te)25(Pb0.16Ge0.84Te)75,Pb,x=75,unclear,Ge (x=75) @ unclear,Pb (x=75) @ unclear site; Ge (x=75) @ unclear site,figure,Fig. 4b,Visually estimated from figure,49.99999999999999,uV/K,False,32.0,82.0,50.0,47.125,9.544375,52.0,65.0,90.0,25.0,84.12,5.99,90.0,72.64,207.2,134.56,113.46536250000001,26.419623687499993,127.6,600.61,1234.93,634.32,912.6269750000001,228.5148838750001,722.66,11.0,16.0,5.0,14.875,1.140625,16.0,4.0,6.0,2.0,4.745,0.46935000000000004,5.0,120.0,146.0,26.0,133.31,8.385299999999999,138.0,1.93,2.33,0.40000000000000013,2.0717,0.05929600000000015,2.1,1.0,2.0,1.0,1.9375,0.1171875,2.0,0.0,4.0,4.0,2.9375,1.0703125,4.0,10.0,10.0,0.0,10.0,0.0,10.0,0.0,14.0,14.0,0.84,1.5792000000000002,0.0,11.0,28.0,17.0,15.715,1.7592,16.0,0.0,1.0,1.0,0.0625,0.1171875,0.0,0.0,4.0,4.0,2.6875,1.0234375,2.0,0.0,0.0,0.0,0.0,0.0,0.0,0.0,0.0,0.0,0.0,0.0,0.0,1.0,4.0,3.0,2.75,0.96875,2.0,16.33,34.7633333333,18.4333333333,29.307966666649996,5.73687083331875,34.7633333333,0.0,0.464,0.464,0.35264500000000004,0.13047865,0.464,0.0,0.0,0.0,0.0,0.0,0.0,152.0,225.0,73.0,184.8125,35.1640625,152.0,1.9375,2.9375,10.0,0.84,0.12328985046134266,0.18692332166719694,0.6363347120585428,0.053452115812917596,10.192153922293974,0.1231828579248863,0.75,2.0,1.0,0.0625,0.0625,0.5,300.0,,
Physica Status Solidi  a - 2011 - Yusufu - Thermoelectric properties and microstructures of AgSbTe2‐added p‐type Pb0 16Ge0.pdf,10.1002/pssa.201127194,"AgSbTe2-(Pb,Ge)Te",(Ag0.5Sb0.5Te)25(Pb0.16Ge0.84Te)75,(Ag0.5Sb0.5Te)25(Pb0.16Ge0.84Te)75,Pb,x=75,unclear,Ge (x=75) @ unclear,Pb (x=75) @ unclear site; Ge (x=75) @ unclear site,figure,Fig. 4b,Visually estimated from figure,100.0,uV/K,False,32.0,82.0,50.0,47.125,9.544375,52.0,65.0,90.0,25.0,84.12,5.99,90.0,72.64,207.2,134.56,113.46536250000001,26.419623687499993,127.6,600.61,1234.93,634.32,912.6269750000001,228.5148838750001,722.66,11.0,16.0,5.0,14.875,1.140625,16.0,4.0,6.0,2.0,4.745,0.46935000000000004,5.0,120.0,146.0,26.0,133.31,8.385299999999999,138.0,1.93,2.33,0.40000000000000013,2.0717,0.05929600000000015,2.1,1.0,2.0,1.0,1.9375,0.1171875,2.0,0.0,4.0,4.0,2.9375,1.0703125,4.0,10.0,10.0,0.0,10.0,0.0,10.0,0.0,14.0,14.0,0.84,1.5792000000000002,0.0,11.0,28.0,17.0,15.715,1.7592,16.0,0.0,1.0,1.0,0.0625,0.1171875,0.0,0.0,4.0,4.0,2.6875,1.0234375,2.0,0.0,0.0,0.0,0.0,0.0,0.0,0.0,0.0,0.0,0.0,0.0,0.0,1.0,4.0,3.0,2.75,0.96875,2.0,16.33,34.7633333333,18.4333333333,29.307966666649996,5.73687083331875,34.7633333333,0.0,0.464,0.464,0.35264500000000004,0.13047865,0.464,0.0,0.0,0.0,0.0,0.0,0.0,152.0,225.0,73.0,184.8125,35.1640625,152.0,1.9375,2.9375,10.0,0.84,0.12328985046134266,0.18692332166719694,0.6363347120585428,0.053452115812917596,10.192153922293974,0.1231828579248863,0.75,2.0,1.0,0.0625,0.0625,0.5,700.0,,
Physica Status Solidi  a - 2011 - Yusufu - Thermoelectric properties and microstructures of AgSbTe2‐added p‐type Pb0 16Ge0.pdf,10.1002/pssa.201127194,"AgSbTe2-(Pb,Ge)Te",(Ag0.5Sb0.5Te)20(Pb0.16Ge0.84Te)80,(Ag0.5Sb0.5Te)20(Pb0.16Ge0.84Te)80,Pb,x=80,unclear,Ge (x=80) @ unclear,Pb (x=80) @ unclear site; Ge (x=80) @ unclear site,figure,Fig. 4b,Visually estimated from figure,59.99999999999999,uV/K,False,32.0,82.0,50.0,46.9,10.0128,52.0,65.0,90.0,25.0,84.228,5.849200000000001,90.0,72.64,207.2,134.56,112.94924999999999,27.595920999999997,127.6,600.61,1234.93,634.32,913.73494,232.15042632000007,722.66,11.0,16.0,5.0,14.9,1.11,16.0,4.0,6.0,2.0,4.728,0.4892160000000001,5.0,120.0,146.0,26.0,132.864,8.644607999999998,138.0,1.93,2.33,0.40000000000000013,2.07348,0.05935456000000014,2.1,1.0,2.0,1.0,1.95,0.09500000000000003,2.0,0.0,4.0,4.0,2.95,1.055,4.0,10.0,10.0,0.0,10.0,0.0,10.0,0.0,14.0,14.0,0.8960000000000001,1.6773120000000004,0.0,11.0,28.0,17.0,15.796000000000001,1.766112,16.0,0.0,1.0,1.0,0.05,0.095,0.0,0.0,4.0,4.0,2.75,1.025,2.0,0.0,0.0,0.0,0.0,0.0,0.0,0.0,0.0,0.0,0.0,0.0,0.0,1.0,4.0,3.0,2.8,0.98,2.0,16.33,34.7633333333,18.4333333333,29.30488666665,5.683957999984999,34.7633333333,0.0,0.464,0.464,0.360688,0.11830566400000002,0.464,0.0,0.0,0.0,0.0,0.0,0.0,152.0,225.0,73.0,185.55,35.505,152.0,1.95,2.95,10.0,0.8960000000000001,0.12344897442390478,0.186756140795138,0.6330716637123321,0.05672322106862497,9.881997086541185,0.1253273206710745,0.8,2.0,1.0,0.05,0.05,0.5,300.0,,
Physica Status Solidi  a - 2011 - Yusufu - Thermoelectric properties and microstructures of AgSbTe2‐added p‐type Pb0 16Ge0.pdf,10.1002/pssa.201127194,"AgSbTe2-(Pb,Ge)Te",(Ag0.5Sb0.5Te)20(Pb0.16Ge0.84Te)80,(Ag0.5Sb0.5Te)20(Pb0.16Ge0.84Te)80,Pb,x=80,unclear,Ge (x=80) @ unclear,Pb (x=80) @ unclear site; Ge (x=80) @ unclear site,figure,Fig. 4b,Visually estimated from figure,140.0,uV/K,False,32.0,82.0,50.0,46.9,10.0128,52.0,65.0,90.0,25.0,84.228,5.849200000000001,90.0,72.64,207.2,134.56,112.94924999999999,27.595920999999997,127.6,600.61,1234.93,634.32,913.73494,232.15042632000007,722.66,11.0,16.0,5.0,14.9,1.11,16.0,4.0,6.0,2.0,4.728,0.4892160000000001,5.0,120.0,146.0,26.0,132.864,8.644607999999998,138.0,1.93,2.33,0.40000000000000013,2.07348,0.05935456000000014,2.1,1.0,2.0,1.0,1.95,0.09500000000000003,2.0,0.0,4.0,4.0,2.95,1.055,4.0,10.0,10.0,0.0,10.0,0.0,10.0,0.0,14.0,14.0,0.8960000000000001,1.6773120000000004,0.0,11.0,28.0,17.0,15.796000000000001,1.766112,16.0,0.0,1.0,1.0,0.05,0.095,0.0,0.0,4.0,4.0,2.75,1.025,2.0,0.0,0.0,0.0,0.0,0.0,0.0,0.0,0.0,0.0,0.0,0.0,0.0,1.0,4.0,3.0,2.8,0.98,2.0,16.33,34.7633333333,18.4333333333,29.30488666665,5.683957999984999,34.7633333333,0.0,0.464,0.464,0.360688,0.11830566400000002,0.464,0.0,0.0,0.0,0.0,0.0,0.0,152.0,225.0,73.0,185.55,35.505,152.0,1.95,2.95,10.0,0.8960000000000001,0.12344897442390478,0.186756140795138,0.6330716637123321,0.05672322106862497,9.881997086541185,0.1253273206710745,0.8,2.0,1.0,0.05,0.05,0.5,700.0,,
Physica Status Solidi  a - 2011 - Yusufu - Thermoelectric properties and microstructures of AgSbTe2‐added p‐type Pb0 16Ge0.pdf,10.1002/pssa.201127194,"AgSbTe2-(Pb,Ge)Te",(Ag0.5Sb0.5Te)15(Pb0.16Ge0.84Te)85,(Ag0.5Sb0.5Te)15(Pb0.16Ge0.84Te)85,Pb,x=85,unclear,Ge (x=85) @ unclear,Pb (x=85) @ unclear site; Ge (x=85) @ unclear site,figure,Fig. 4b,Visually estimated from figure,65.0,uV/K,False,32.0,82.0,50.0,46.675,10.47795,52.0,65.0,90.0,25.0,84.336,5.7138,90.0,72.64,207.2,134.56,112.43313749999999,28.754670487499997,127.6,600.61,1234.93,634.32,914.842905,235.74829795500003,722.66,11.0,16.0,5.0,14.925,1.080625,16.0,4.0,6.0,2.0,4.711,0.5076539999999998,5.0,120.0,146.0,26.0,132.418,8.866451999999997,138.0,1.93,2.33,0.40000000000000013,2.07526,0.05938464000000012,2.1,1.0,2.0,1.0,1.9625,0.07218750000000008,2.0,0.0,4.0,4.0,2.9625,1.0403125,4.0,10.0,10.0,0.0,10.0,0.0,10.0,0.0,14.0,14.0,0.9520000000000001,1.7745279999999999,0.0,11.0,28.0,17.0,15.877,1.771728,16.0,0.0,1.0,1.0,0.0375,0.0721875,0.0,0.0,4.0,4.0,2.8125,1.0234375,2.0,0.0,0.0,0.0,0.0,0.0,0.0,0.0,0.0,0.0,0.0,0.0,0.0,1.0,4.0,3.0,2.85,0.98875,2.0,16.33,34.7633333333,18.4333333333,29.30180666665,5.630891166651249,34.7633333333,0.0,0.464,0.464,0.36873100000000003,0.10545706599999999,0.464,0.0,0.0,0.0,0.0,0.0,0.0,152.0,225.0,73.0,186.2875,35.8090625,152.0,1.9625,2.9625,10.0,0.9520000000000001,0.12360647477483151,0.1865906657428985,0.6298419096806701,0.0599609498015998,9.50631973010978,0.12774067267151099,0.85,2.0,1.0,0.0375,0.0375,0.5,300.0,,
Physica Status Solidi  a - 2011 - Yusufu - Thermoelectric properties and microstructures of AgSbTe2‐added p‐type Pb0 16Ge0.pdf,10.1002/pssa.201127194,"AgSbTe2-(Pb,Ge)Te",(Ag0.5Sb0.5Te)15(Pb0.16Ge0.84Te)85,(Ag0.5Sb0.5Te)15(Pb0.16Ge0.84Te)85,Pb,x=85,unclear,Ge (x=85) @ unclear,Pb (x=85) @ unclear site; Ge (x=85) @ unclear site,figure,Fig. 4b,Visually estimated from figure,120.0,uV/K,False,32.0,82.0,50.0,46.675,10.47795,52.0,65.0,90.0,25.0,84.336,5.7138,90.0,72.64,207.2,134.56,112.43313749999999,28.754670487499997,127.6,600.61,1234.93,634.32,914.842905,235.74829795500003,722.66,11.0,16.0,5.0,14.925,1.080625,16.0,4.0,6.0,2.0,4.711,0.5076539999999998,5.0,120.0,146.0,26.0,132.418,8.866451999999997,138.0,1.93,2.33,0.40000000000000013,2.07526,0.05938464000000012,2.1,1.0,2.0,1.0,1.9625,0.07218750000000008,2.0,0.0,4.0,4.0,2.9625,1.0403125,4.0,10.0,10.0,0.0,10.0,0.0,10.0,0.0,14.0,14.0,0.9520000000000001,1.7745279999999999,0.0,11.0,28.0,17.0,15.877,1.771728,16.0,0.0,1.0,1.0,0.0375,0.0721875,0.0,0.0,4.0,4.0,2.8125,1.0234375,2.0,0.0,0.0,0.0,0.0,0.0,0.0,0.0,0.0,0.0,0.0,0.0,0.0,1.0,4.0,3.0,2.85,0.98875,2.0,16.33,34.7633333333,18.4333333333,29.30180666665,5.630891166651249,34.7633333333,0.0,0.464,0.464,0.36873100000000003,0.10545706599999999,0.464,0.0,0.0,0.0,0.0,0.0,0.0,152.0,225.0,73.0,186.2875,35.8090625,152.0,1.9625,2.9625,10.0,0.9520000000000001,0.12360647477483151,0.1865906657428985,0.6298419096806701,0.0599609498015998,9.50631973010978,0.12774067267151099,0.85,2.0,1.0,0.0375,0.0375,0.5,700.0,,
Physica Status Solidi  a - 2011 - Yusufu - Thermoelectric properties and microstructures of AgSbTe2‐added p‐type Pb0 16Ge0.pdf,10.1002/pssa.201127194,"AgSbTe2-(Pb,Ge)Te",(Ag0.5Sb0.5Te)10(Pb0.16Ge0.84Te)90,(Ag0.5Sb0.5Te)10(Pb0.16Ge0.84Te)90,Pb,x=90,unclear,Ge (x=90) @ unclear,Pb (x=90) @ unclear site; Ge (x=90) @ unclear site,figure,Fig. 4b,Visually estimated from figure,70.0,uV/K,False,32.0,82.0,50.0,46.45,10.924199999999999,52.0,65.0,90.0,25.0,84.444,5.583799999999999,90.0,72.64,207.2,134.56,111.917025,29.895872149999995,127.6,600.61,1234.93,634.32,915.95087,239.30849878000004,722.66,11.0,16.0,5.0,14.95,1.0525,16.0,4.0,6.0,2.0,4.694,0.524664,5.0,120.0,146.0,26.0,131.972,9.050831999999998,138.0,1.93,2.33,0.40000000000000013,2.0770399999999998,0.059386240000000166,2.1,1.0,2.0,1.0,1.975,0.04874999999999991,2.0,0.0,4.0,4.0,2.975,1.02625,4.0,10.0,10.0,0.0,10.0,0.0,10.0,0.0,14.0,14.0,1.008,1.870848,0.0,11.0,28.0,17.0,15.957999999999997,1.7760480000000007,16.0,0.0,1.0,1.0,0.025,0.04875,0.0,0.0,4.0,4.0,2.875,1.01875,2.0,0.0,0.0,0.0,0.0,0.0,0.0,0.0,0.0,0.0,0.0,0.0,0.0,1.0,4.0,3.0,2.9,0.995,2.0,16.33,34.7633333333,18.4333333333,29.298726666649994,5.577670333317498,34.7633333333,0.0,0.464,0.464,0.37677400000000005,0.09193285599999995,0.464,0.0,0.0,0.0,0.0,0.0,0.0,152.0,225.0,73.0,187.025,36.07625,152.0,1.975,2.975,10.0,1.008,0.12376237623762379,0.18642687053515483,0.6266449429753104,0.06316581025191129,9.047777202064758,0.1304587785217472,0.9,2.0,1.0,0.025,0.025,0.5,300.0,,
Physica Status Solidi  a - 2011 - Yusufu - Thermoelectric properties and microstructures of AgSbTe2‐added p‐type Pb0 16Ge0.pdf,10.1002/pssa.201127194,"AgSbTe2-(Pb,Ge)Te",(Ag0.5Sb0.5Te)10(Pb0.16Ge0.84Te)90,(Ag0.5Sb0.5Te)10(Pb0.16Ge0.84Te)90,Pb,x=90,unclear,Ge (x=90) @ unclear,Pb (x=90) @ unclear site; Ge (x=90) @ unclear site,figure,Fig. 4b,Visually estimated from figure,110.0,uV/K,False,32.0,82.0,50.0,46.45,10.924199999999999,52.0,65.0,90.0,25.0,84.444,5.583799999999999,90.0,72.64,207.2,134.56,111.917025,29.895872149999995,127.6,600.61,1234.93,634.32,915.95087,239.30849878000004,722.66,11.0,16.0,5.0,14.95,1.0525,16.0,4.0,6.0,2.0,4.694,0.524664,5.0,120.0,146.0,26.0,131.972,9.050831999999998,138.0,1.93,2.33,0.40000000000000013,2.0770399999999998,0.059386240000000166,2.1,1.0,2.0,1.0,1.975,0.04874999999999991,2.0,0.0,4.0,4.0,2.975,1.02625,4.0,10.0,10.0,0.0,10.0,0.0,10.0,0.0,14.0,14.0,1.008,1.870848,0.0,11.0,28.0,17.0,15.957999999999997,1.7760480000000007,16.0,0.0,1.0,1.0,0.025,0.04875,0.0,0.0,4.0,4.0,2.875,1.01875,2.0,0.0,0.0,0.0,0.0,0.0,0.0,0.0,0.0,0.0,0.0,0.0,0.0,1.0,4.0,3.0,2.9,0.995,2.0,16.33,34.7633333333,18.4333333333,29.298726666649994,5.577670333317498,34.7633333333,0.0,0.464,0.464,0.37677400000000005,0.09193285599999995,0.464,0.0,0.0,0.0,0.0,0.0,0.0,152.0,225.0,73.0,187.025,36.07625,152.0,1.975,2.975,10.0,1.008,0.12376237623762379,0.18642687053515483,0.6266449429753104,0.06316581025191129,9.047777202064758,0.1304587785217472,0.9,2.0,1.0,0.025,0.025,0.5,700.0,,
Preparation and characterization of nanostructured (GeTe)75(AgSbTe2)x(AgSbSe2)y thermoelectric materials.pdf,10.1016/j.synthmet.2020.116606,(GeTe)75(AgSbTe2)x(AgSbSe2)y,TAGSS[000],(GeTe)75(AgSbTe2)25(AgSbSe2)0,,,,,,body text,,,49.99999999999999,uV/K,False,32.0,52.0,20.0,45.4,8.04,52.0,65.0,90.0,25.0,83.7,6.56,90.0,72.64,127.6,54.959999999999994,108.55482,21.686215999999998,127.6,722.66,1234.93,512.2700000000001,938.621,222.92920000000004,722.66,11.0,16.0,5.0,14.8,1.24,16.0,4.0,5.0,1.0,4.7,0.42,5.0,120.0,145.0,25.0,133.4,8.039999999999997,138.0,1.93,2.1,0.17000000000000015,2.051,0.04900000000000013,2.1,1.0,2.0,1.0,1.9,0.18000000000000005,2.0,0.0,4.0,4.0,2.9,1.12,4.0,10.0,10.0,0.0,10.0,0.0,10.0,0.0,0.0,0.0,0.0,0.0,0.0,11.0,16.0,5.0,14.8,1.24,16.0,0.0,1.0,1.0,0.1,0.18,0.0,0.0,4.0,4.0,2.5,1.0,2.0,0.0,0.0,0.0,0.0,0.0,0.0,0.0,0.0,0.0,0.0,0.0,0.0,1.0,4.0,3.0,2.6,0.92,2.0,16.33,34.7633333333,18.4333333333,29.07216666665,6.188733333319999,34.7633333333,0.0,0.464,0.464,0.3469,0.13876000000000002,0.464,0.0,0.0,0.0,0.0,0.0,0.0,152.0,225.0,73.0,182.6,33.92,152.0,1.9,2.9,10.0,0.0,0.12837837837837837,0.19594594594594594,0.6756756756756757,0.0,9.713640759258476,0.09156250000000019,,0.0,0.0,0.1,0.1,0.5,325.0,,
Preparation and characterization of nanostructured (GeTe)75(AgSbTe2)x(AgSbSe2)y thermoelectric materials.pdf,10.1016/j.synthmet.2020.116606,(GeTe)75(AgSbTe2)x(AgSbSe2)y,TAGSS[000],(GeTe)75(AgSbTe2)25(AgSbSe2)0,,,,,,body text,,,100.0,uV/K,False,32.0,52.0,20.0,45.4,8.04,52.0,65.0,90.0,25.0,83.7,6.56,90.0,72.64,127.6,54.959999999999994,108.55482,21.686215999999998,127.6,722.66,1234.93,512.2700000000001,938.621,222.92920000000004,722.66,11.0,16.0,5.0,14.8,1.24,16.0,4.0,5.0,1.0,4.7,0.42,5.0,120.0,145.0,25.0,133.4,8.039999999999997,138.0,1.93,2.1,0.17000000000000015,2.051,0.04900000000000013,2.1,1.0,2.0,1.0,1.9,0.18000000000000005,2.0,0.0,4.0,4.0,2.9,1.12,4.0,10.0,10.0,0.0,10.0,0.0,10.0,0.0,0.0,0.0,0.0,0.0,0.0,11.0,16.0,5.0,14.8,1.24,16.0,0.0,1.0,1.0,0.1,0.18,0.0,0.0,4.0,4.0,2.5,1.0,2.0,0.0,0.0,0.0,0.0,0.0,0.0,0.0,0.0,0.0,0.0,0.0,0.0,1.0,4.0,3.0,2.6,0.92,2.0,16.33,34.7633333333,18.4333333333,29.07216666665,6.188733333319999,34.7633333333,0.0,0.464,0.464,0.3469,0.13876000000000002,0.464,0.0,0.0,0.0,0.0,0.0,0.0,152.0,225.0,73.0,182.6,33.92,152.0,1.9,2.9,10.0,0.0,0.12837837837837837,0.19594594594594594,0.6756756756756757,0.0,9.713640759258476,0.09156250000000019,,0.0,0.0,0.1,0.1,0.5,625.0,,
Preparation and characterization of nanostructured (GeTe)75(AgSbTe2)x(AgSbSe2)y thermoelectric materials.pdf,10.1016/j.synthmet.2020.116606,(GeTe)75(AgSbTe2)x(AgSbSe2)y,TAGSS[051],(GeTe)75(AgSbTe2)24.49(AgSbSe2)0.51,Se,0.51,unclear,,Se (0.51) @ unclear site,body text,,,100.0,uV/K,False,32.0,52.0,20.0,45.32656,8.0883607296,52.0,65.0,90.0,25.0,83.69591999999999,6.556736000000003,90.0,72.64,127.6,54.959999999999994,108.3563688,21.767329409407992,127.6,494.0,1234.93,740.9300000000001,937.6880672,223.67554624000002,722.66,11.0,16.0,5.0,14.8,1.2399999999999998,16.0,4.0,5.0,1.0,4.69592,0.4232307072,5.0,120.0,145.0,25.0,133.32656,8.104680729599998,138.0,1.93,2.55,0.6199999999999999,2.0528359999999997,0.050836000000000124,2.1,1.0,2.0,1.0,1.9,0.18000000000000002,2.0,0.0,4.0,4.0,2.9,1.12,4.0,10.0,10.0,0.0,10.0,0.0,10.0,0.0,0.0,0.0,0.0,0.0,0.0,11.0,16.0,5.0,14.8,1.2399999999999998,16.0,0.0,1.0,1.0,0.1,0.17999999999999997,0.0,0.0,4.0,4.0,2.5,1.0,2.0,0.0,0.0,0.0,0.0,0.0,0.0,0.0,0.0,0.0,0.0,0.0,0.0,1.0,4.0,3.0,2.6,0.92,2.0,16.33,34.7633333333,18.4333333333,29.036085866650133,6.185295953991974,34.7633333333,0.0,0.799,0.799,0.34826680000000004,0.13930672,0.464,0.0,0.0,0.0,0.0,0.0,0.0,14.0,225.0,211.0,182.03696,34.370432,152.0,1.9,2.9,10.0,0.0,0.12837837837837837,0.19594594594594594,0.6756756756756757,0.0,9.910544141221216,0.09666537774979575,0.51,1.0,0.0,0.1,0.1,0.49591999999999997,325.0,,
Preparation and characterization of nanostructured (GeTe)75(AgSbTe2)x(AgSbSe2)y thermoelectric materials.pdf,10.1016/j.synthmet.2020.116606,(GeTe)75(AgSbTe2)x(AgSbSe2)y,TAGSS[051],(GeTe)75(AgSbTe2)24.49(AgSbSe2)0.51,Se,0.51,unclear,,Se (0.51) @ unclear site,body text,,,160.0,uV/K,False,32.0,52.0,20.0,45.32656,8.0883607296,52.0,65.0,90.0,25.0,83.69591999999999,6.556736000000003,90.0,72.64,127.6,54.959999999999994,108.3563688,21.767329409407992,127.6,494.0,1234.93,740.9300000000001,937.6880672,223.67554624000002,722.66,11.0,16.0,5.0,14.8,1.2399999999999998,16.0,4.0,5.0,1.0,4.69592,0.4232307072,5.0,120.0,145.0,25.0,133.32656,8.104680729599998,138.0,1.93,2.55,0.6199999999999999,2.0528359999999997,0.050836000000000124,2.1,1.0,2.0,1.0,1.9,0.18000000000000002,2.0,0.0,4.0,4.0,2.9,1.12,4.0,10.0,10.0,0.0,10.0,0.0,10.0,0.0,0.0,0.0,0.0,0.0,0.0,11.0,16.0,5.0,14.8,1.2399999999999998,16.0,0.0,1.0,1.0,0.1,0.17999999999999997,0.0,0.0,4.0,4.0,2.5,1.0,2.0,0.0,0.0,0.0,0.0,0.0,0.0,0.0,0.0,0.0,0.0,0.0,0.0,1.0,4.0,3.0,2.6,0.92,2.0,16.33,34.7633333333,18.4333333333,29.036085866650133,6.185295953991974,34.7633333333,0.0,0.799,0.799,0.34826680000000004,0.13930672,0.464,0.0,0.0,0.0,0.0,0.0,0.0,14.0,225.0,211.0,182.03696,34.370432,152.0,1.9,2.9,10.0,0.0,0.12837837837837837,0.19594594594594594,0.6756756756756757,0.0,9.910544141221216,0.09666537774979575,0.51,1.0,0.0,0.1,0.1,0.49591999999999997,625.0,,
Preparation and characterization of nanostructured (GeTe)75(AgSbTe2)x(AgSbSe2)y thermoelectric materials.pdf,10.1016/j.synthmet.2020.116606,(GeTe)75(AgSbTe2)x(AgSbSe2)y,TAGSS[125],(GeTe)75(AgSbTe2)23.75(AgSbSe2)1.25,Se,1.25,unclear,,Se (1.25) @ unclear site,body text,,,100.0,uV/K,False,32.0,52.0,20.0,45.22,8.156400000000001,52.0,65.0,90.0,25.0,83.69,6.5520000000000005,90.0,72.64,127.6,54.959999999999994,108.06842000000002,21.879264399999997,127.6,494.0,1234.93,740.9300000000001,936.3344,224.75848000000008,722.66,11.0,16.0,5.0,14.8,1.24,16.0,4.0,5.0,1.0,4.69,0.4277999999999998,5.0,120.0,145.0,25.0,133.22,8.1964,138.0,1.93,2.55,0.6199999999999999,2.0555,0.05350000000000013,2.1,1.0,2.0,1.0,1.9,0.18000000000000005,2.0,0.0,4.0,4.0,2.9,1.12,4.0,10.0,10.0,0.0,10.0,0.0,10.0,0.0,0.0,0.0,0.0,0.0,0.0,11.0,16.0,5.0,14.8,1.24,16.0,0.0,1.0,1.0,0.1,0.18,0.0,0.0,4.0,4.0,2.5,1.0,2.0,0.0,0.0,0.0,0.0,0.0,0.0,0.0,0.0,0.0,0.0,0.0,0.0,1.0,4.0,3.0,2.6,0.92,2.0,16.33,34.7633333333,18.4333333333,28.983733333316998,6.179261333319941,34.7633333333,0.0,0.799,0.799,0.35025,0.14010000000000003,0.464,0.0,0.0,0.0,0.0,0.0,0.0,14.0,225.0,211.0,181.22,35.024,152.0,1.9,2.9,10.0,0.0,0.12837837837837837,0.19594594594594594,0.6756756756756757,0.0,10.121212030491575,0.10389350569405989,0.0125,1.0,0.0,0.1,0.1,0.49,325.0,,
Preparation and characterization of nanostructured (GeTe)75(AgSbTe2)x(AgSbSe2)y thermoelectric materials.pdf,10.1016/j.synthmet.2020.116606,(GeTe)75(AgSbTe2)x(AgSbSe2)y,TAGSS[000],(GeTe)75(AgSbTe2)25,,,,,,body text,,,49.99999999999999,uV/K,False,32.0,52.0,20.0,45.4,8.04,52.0,65.0,90.0,25.0,83.7,6.56,90.0,72.64,127.6,54.959999999999994,108.55482,21.686215999999998,127.6,722.66,1234.93,512.2700000000001,938.621,222.92920000000004,722.66,11.0,16.0,5.0,14.8,1.24,16.0,4.0,5.0,1.0,4.7,0.42,5.0,120.0,145.0,25.0,133.4,8.039999999999997,138.0,1.93,2.1,0.17000000000000015,2.051,0.04900000000000013,2.1,1.0,2.0,1.0,1.9,0.18000000000000005,2.0,0.0,4.0,4.0,2.9,1.12,4.0,10.0,10.0,0.0,10.0,0.0,10.0,0.0,0.0,0.0,0.0,0.0,0.0,11.0,16.0,5.0,14.8,1.24,16.0,0.0,1.0,1.0,0.1,0.18,0.0,0.0,4.0,4.0,2.5,1.0,2.0,0.0,0.0,0.0,0.0,0.0,0.0,0.0,0.0,0.0,0.0,0.0,0.0,1.0,4.0,3.0,2.6,0.92,2.0,16.33,34.7633333333,18.4333333333,29.07216666665,6.188733333319999,34.7633333333,0.0,0.464,0.464,0.3469,0.13876000000000002,0.464,0.0,0.0,0.0,0.0,0.0,0.0,152.0,225.0,73.0,182.6,33.92,152.0,1.9,2.9,10.0,0.0,0.12837837837837837,0.19594594594594594,0.6756756756756757,0.0,9.713640759258476,0.09156250000000019,,0.0,0.0,0.1,0.1,0.5,325.0,,
Preparation and characterization of nanostructured (GeTe)75(AgSbTe2)x(AgSbSe2)y thermoelectric materials.pdf,10.1016/j.synthmet.2020.116606,(GeTe)75(AgSbTe2)x(AgSbSe2)y,TAGSS[000],(GeTe)75(AgSbTe2)25,,,,,,body text,,,100.0,uV/K,False,32.0,52.0,20.0,45.4,8.04,52.0,65.0,90.0,25.0,83.7,6.56,90.0,72.64,127.6,54.959999999999994,108.55482,21.686215999999998,127.6,722.66,1234.93,512.2700000000001,938.621,222.92920000000004,722.66,11.0,16.0,5.0,14.8,1.24,16.0,4.0,5.0,1.0,4.7,0.42,5.0,120.0,145.0,25.0,133.4,8.039999999999997,138.0,1.93,2.1,0.17000000000000015,2.051,0.04900000000000013,2.1,1.0,2.0,1.0,1.9,0.18000000000000005,2.0,0.0,4.0,4.0,2.9,1.12,4.0,10.0,10.0,0.0,10.0,0.0,10.0,0.0,0.0,0.0,0.0,0.0,0.0,11.0,16.0,5.0,14.8,1.24,16.0,0.0,1.0,1.0,0.1,0.18,0.0,0.0,4.0,4.0,2.5,1.0,2.0,0.0,0.0,0.0,0.0,0.0,0.0,0.0,0.0,0.0,0.0,0.0,0.0,1.0,4.0,3.0,2.6,0.92,2.0,16.33,34.7633333333,18.4333333333,29.07216666665,6.188733333319999,34.7633333333,0.0,0.464,0.464,0.3469,0.13876000000000002,0.464,0.0,0.0,0.0,0.0,0.0,0.0,152.0,225.0,73.0,182.6,33.92,152.0,1.9,2.9,10.0,0.0,0.12837837837837837,0.19594594594594594,0.6756756756756757,0.0,9.713640759258476,0.09156250000000019,,0.0,0.0,0.1,0.1,0.5,625.0,,
Preparation and characterization of nanostructured (GeTe)75(AgSbTe2)x(AgSbSe2)y thermoelectric materials.pdf,10.1016/j.synthmet.2020.116606,(GeTe)75(AgSbTe2)x(AgSbSe2)y,TAGSS[026],(GeTe)75(AgSbTe2)24.74(AgSbSe2)0.26,Se,0.26,Te,,Se (0.26) @ Te site,figure,,Visually estimated from Fig. 7b,59.99999999999999,uV/K,False,32.0,52.0,20.0,45.362559999999995,8.064804249600003,52.0,65.0,90.0,25.0,83.69791999999998,6.558336000000003,90.0,72.64,127.6,54.959999999999994,108.45364879999998,21.727972619008,127.6,494.0,1234.93,740.9300000000001,938.1453872,223.30969024000007,722.66,11.0,16.0,5.0,14.8,1.24,16.0,4.0,5.0,1.0,4.69792,0.4216553472000001,5.0,120.0,145.0,25.0,133.36256,8.0731242496,138.0,1.93,2.55,0.6199999999999999,2.051936,0.04993600000000013,2.1,1.0,2.0,1.0,1.9,0.18000000000000002,2.0,0.0,4.0,4.0,2.9,1.12,4.0,10.0,10.0,0.0,10.0,0.0,10.0,0.0,0.0,0.0,0.0,0.0,0.0,11.0,16.0,5.0,14.8,1.24,16.0,0.0,1.0,1.0,0.1,0.18,0.0,0.0,4.0,4.0,2.5,1.0,2.0,0.0,0.0,0.0,0.0,0.0,0.0,0.0,0.0,0.0,0.0,0.0,0.0,1.0,4.0,3.0,2.6,0.92,2.0,16.33,34.7633333333,18.4333333333,29.05377253331673,6.187054520391985,34.7633333333,0.0,0.799,0.799,0.34759680000000004,0.13903871999999998,0.464,0.0,0.0,0.0,0.0,0.0,0.0,14.0,225.0,211.0,182.31296,34.149632,152.0,1.9,2.9,10.0,0.0,0.12837837837837837,0.19594594594594594,0.6756756756756757,0.0,9.825709132817584,0.0941766152682169,0.26,1.0,0.0,0.1,0.1,0.49792,325.0,0.0,0.22999999999999976
Preparation and characterization of nanostructured (GeTe)75(AgSbTe2)x(AgSbSe2)y thermoelectric materials.pdf,10.1016/j.synthmet.2020.116606,(GeTe)75(AgSbTe2)x(AgSbSe2)y,TAGSS[051],(GeTe)75(AgSbTe2)24.49(AgSbSe2)0.51,Se,0.51,Te,,Se (0.51) @ Te site,figure,,Visually estimated from Fig. 7b,75.0,uV/K,False,32.0,52.0,20.0,45.32656,8.0883607296,52.0,65.0,90.0,25.0,83.69591999999999,6.556736000000003,90.0,72.64,127.6,54.959999999999994,108.3563688,21.767329409407992,127.6,494.0,1234.93,740.9300000000001,937.6880672,223.67554624000002,722.66,11.0,16.0,5.0,14.8,1.2399999999999998,16.0,4.0,5.0,1.0,4.69592,0.4232307072,5.0,120.0,145.0,25.0,133.32656,8.104680729599998,138.0,1.93,2.55,0.6199999999999999,2.0528359999999997,0.050836000000000124,2.1,1.0,2.0,1.0,1.9,0.18000000000000002,2.0,0.0,4.0,4.0,2.9,1.12,4.0,10.0,10.0,0.0,10.0,0.0,10.0,0.0,0.0,0.0,0.0,0.0,0.0,11.0,16.0,5.0,14.8,1.2399999999999998,16.0,0.0,1.0,1.0,0.1,0.17999999999999997,0.0,0.0,4.0,4.0,2.5,1.0,2.0,0.0,0.0,0.0,0.0,0.0,0.0,0.0,0.0,0.0,0.0,0.0,0.0,1.0,4.0,3.0,2.6,0.92,2.0,16.33,34.7633333333,18.4333333333,29.036085866650133,6.185295953991974,34.7633333333,0.0,0.799,0.799,0.34826680000000004,0.13930672,0.464,0.0,0.0,0.0,0.0,0.0,0.0,14.0,225.0,211.0,182.03696,34.370432,152.0,1.9,2.9,10.0,0.0,0.12837837837837837,0.19594594594594594,0.6756756756756757,0.0,9.910544141221216,0.09666537774979575,0.51,1.0,0.0,0.1,0.1,0.49591999999999997,325.0,0.0,0.22999999999999976
Preparation and characterization of nanostructured (GeTe)75(AgSbTe2)x(AgSbSe2)y thermoelectric materials.pdf,10.1016/j.synthmet.2020.116606,(GeTe)75(AgSbTe2)x(AgSbSe2)y,TAGSS[125],(GeTe)75(AgSbTe2)23.75(AgSbSe2)1.25,Se,1.25,Te,,Se (1.25) @ Te site,figure,,Visually estimated from Fig. 7b,84.99999999999999,uV/K,False,32.0,52.0,20.0,45.22,8.156400000000001,52.0,65.0,90.0,25.0,83.69,6.5520000000000005,90.0,72.64,127.6,54.959999999999994,108.06842000000002,21.879264399999997,127.6,494.0,1234.93,740.9300000000001,936.3344,224.75848000000008,722.66,11.0,16.0,5.0,14.8,1.24,16.0,4.0,5.0,1.0,4.69,0.4277999999999998,5.0,120.0,145.0,25.0,133.22,8.1964,138.0,1.93,2.55,0.6199999999999999,2.0555,0.05350000000000013,2.1,1.0,2.0,1.0,1.9,0.18000000000000005,2.0,0.0,4.0,4.0,2.9,1.12,4.0,10.0,10.0,0.0,10.0,0.0,10.0,0.0,0.0,0.0,0.0,0.0,0.0,11.0,16.0,5.0,14.8,1.24,16.0,0.0,1.0,1.0,0.1,0.18,0.0,0.0,4.0,4.0,2.5,1.0,2.0,0.0,0.0,0.0,0.0,0.0,0.0,0.0,0.0,0.0,0.0,0.0,0.0,1.0,4.0,3.0,2.6,0.92,2.0,16.33,34.7633333333,18.4333333333,28.983733333316998,6.179261333319941,34.7633333333,0.0,0.799,0.799,0.35025,0.14010000000000003,0.464,0.0,0.0,0.0,0.0,0.0,0.0,14.0,225.0,211.0,181.22,35.024,152.0,1.9,2.9,10.0,0.0,0.12837837837837837,0.19594594594594594,0.6756756756756757,0.0,10.121212030491575,0.10389350569405989,0.0125,1.0,0.0,0.1,0.1,0.49,325.0,0.0,0.22999999999999976
Preparation and characterization of nanostructured (GeTe)75(AgSbTe2)x(AgSbSe2)y thermoelectric materials.pdf,10.1016/j.synthmet.2020.116606,(GeTe)75(AgSbTe2)x(AgSbSe2)y,TAGSS[625],(GeTe)75(AgSbTe2)18.75(AgSbSe2)6.25,Se,6.25,Te,,Se (6.25) @ Te site,figure,,Visually estimated from Fig. 7b,80.0,uV/K,False,32.0,52.0,20.0,44.5,8.55,52.0,65.0,90.0,25.0,83.65,6.519999999999999,90.0,72.64,127.6,54.959999999999994,106.12282,22.805974,127.6,494.0,1234.93,740.9300000000001,927.188,232.07560000000004,722.66,11.0,16.0,5.0,14.8,1.24,16.0,4.0,5.0,1.0,4.65,0.45499999999999985,5.0,120.0,145.0,25.0,132.5,8.75,138.0,1.93,2.55,0.6199999999999999,2.0735,0.07150000000000012,2.1,1.0,2.0,1.0,1.9,0.18000000000000005,2.0,0.0,4.0,4.0,2.9,1.12,4.0,10.0,10.0,0.0,10.0,0.0,10.0,0.0,0.0,0.0,0.0,0.0,0.0,11.0,16.0,5.0,14.8,1.24,16.0,0.0,1.0,1.0,0.1,0.18,0.0,0.0,4.0,4.0,2.5,1.0,2.0,0.0,0.0,0.0,0.0,0.0,0.0,0.0,0.0,0.0,0.0,0.0,0.0,1.0,4.0,3.0,2.6,0.92,2.0,16.33,34.7633333333,18.4333333333,28.629999999984996,6.1059999999865004,34.7633333333,0.0,0.799,0.799,0.36365000000000003,0.14546,0.464,0.0,0.0,0.0,0.0,0.0,0.0,14.0,225.0,211.0,175.7,39.44,152.0,1.9,2.9,10.0,0.0,0.12837837837837837,0.19594594594594594,0.6756756756756757,0.0,11.065085874264218,0.1479562043795622,0.0625,1.0,0.0,0.1,0.1,0.45,325.0,0.0,0.22999999999999976
Preparation and transport properties of AgSbTe2 by high-pressure and high-temperature.pdf,10.1016/j.jallcom.2006.12.126,AgSbTe2,AgSbTe2 synthesized at 2.0 GPa,AgSbTe2,,,,,,figure,,Visually estimated from Fig. 4.,145.0,uV/K,False,47.0,52.0,5.0,50.5,1.75,52.0,65.0,90.0,25.0,82.5,8.75,90.0,107.8682,127.6,19.731799999999993,121.20705,6.669425,127.6,722.66,1234.93,512.2700000000001,896.0074999999999,173.34750000000003,722.66,11.0,16.0,5.0,14.5,1.75,16.0,5.0,5.0,0.0,5.0,0.0,5.0,138.0,145.0,7.0,140.0,2.5,138.0,1.93,2.1,0.17000000000000015,2.045,0.05750000000000005,2.1,1.0,2.0,1.0,1.75,0.375,2.0,0.0,4.0,4.0,2.75,1.375,4.0,10.0,10.0,0.0,10.0,0.0,10.0,0.0,0.0,0.0,0.0,0.0,0.0,11.0,16.0,5.0,14.5,1.75,16.0,0.0,1.0,1.0,0.25,0.375,0.0,0.0,3.0,3.0,1.75,0.875,2.0,0.0,0.0,0.0,0.0,0.0,0.0,0.0,0.0,0.0,0.0,0.0,0.0,1.0,3.0,2.0,2.0,0.5,2.0,16.33,34.7633333333,18.4333333333,29.35416666665,6.512083333324999,34.7633333333,0.0,0.464,0.464,0.232,0.232,0.464,0.0,0.0,0.0,0.0,0.0,0.0,152.0,225.0,73.0,173.75,25.625,152.0,1.75,2.75,10.0,0.0,0.1206896551724138,0.1896551724137931,0.6896551724137931,0.0,8.644719482306641,0.11200000000000014,,0.0,0.0,0.25,0.25,0.5,300.0,,
Preparation and transport properties of AgSbTe2 by high-pressure and high-temperature.pdf,10.1016/j.jallcom.2006.12.126,AgSbTe2,AgSbTe2 synthesized at 3.5 GPa,AgSbTe2,,,,,,figure,,Visually estimated from Fig. 4.,115.0,uV/K,False,47.0,52.0,5.0,50.5,1.75,52.0,65.0,90.0,25.0,82.5,8.75,90.0,107.8682,127.6,19.731799999999993,121.20705,6.669425,127.6,722.66,1234.93,512.2700000000001,896.0074999999999,173.34750000000003,722.66,11.0,16.0,5.0,14.5,1.75,16.0,5.0,5.0,0.0,5.0,0.0,5.0,138.0,145.0,7.0,140.0,2.5,138.0,1.93,2.1,0.17000000000000015,2.045,0.05750000000000005,2.1,1.0,2.0,1.0,1.75,0.375,2.0,0.0,4.0,4.0,2.75,1.375,4.0,10.0,10.0,0.0,10.0,0.0,10.0,0.0,0.0,0.0,0.0,0.0,0.0,11.0,16.0,5.0,14.5,1.75,16.0,0.0,1.0,1.0,0.25,0.375,0.0,0.0,3.0,3.0,1.75,0.875,2.0,0.0,0.0,0.0,0.0,0.0,0.0,0.0,0.0,0.0,0.0,0.0,0.0,1.0,3.0,2.0,2.0,0.5,2.0,16.33,34.7633333333,18.4333333333,29.35416666665,6.512083333324999,34.7633333333,0.0,0.464,0.464,0.232,0.232,0.464,0.0,0.0,0.0,0.0,0.0,0.0,152.0,225.0,73.0,173.75,25.625,152.0,1.75,2.75,10.0,0.0,0.1206896551724138,0.1896551724137931,0.6896551724137931,0.0,8.644719482306641,0.11200000000000014,,0.0,0.0,0.25,0.25,0.5,300.0,,
Preparation and transport properties of AgSbTe2 by high-pressure and high-temperature.pdf,10.1016/j.jallcom.2006.12.126,AgSbTe2,AgSbTe2 synthesized at 5.2 GPa,AgSbTe2,,,,,,figure,,Visually estimated from Fig. 4.,95.0,uV/K,False,47.0,52.0,5.0,50.5,1.75,52.0,65.0,90.0,25.0,82.5,8.75,90.0,107.8682,127.6,19.731799999999993,121.20705,6.669425,127.6,722.66,1234.93,512.2700000000001,896.0074999999999,173.34750000000003,722.66,11.0,16.0,5.0,14.5,1.75,16.0,5.0,5.0,0.0,5.0,0.0,5.0,138.0,145.0,7.0,140.0,2.5,138.0,1.93,2.1,0.17000000000000015,2.045,0.05750000000000005,2.1,1.0,2.0,1.0,1.75,0.375,2.0,0.0,4.0,4.0,2.75,1.375,4.0,10.0,10.0,0.0,10.0,0.0,10.0,0.0,0.0,0.0,0.0,0.0,0.0,11.0,16.0,5.0,14.5,1.75,16.0,0.0,1.0,1.0,0.25,0.375,0.0,0.0,3.0,3.0,1.75,0.875,2.0,0.0,0.0,0.0,0.0,0.0,0.0,0.0,0.0,0.0,0.0,0.0,0.0,1.0,3.0,2.0,2.0,0.5,2.0,16.33,34.7633333333,18.4333333333,29.35416666665,6.512083333324999,34.7633333333,0.0,0.464,0.464,0.232,0.232,0.464,0.0,0.0,0.0,0.0,0.0,0.0,152.0,225.0,73.0,173.75,25.625,152.0,1.75,2.75,10.0,0.0,0.1206896551724138,0.1896551724137931,0.6896551724137931,0.0,8.644719482306641,0.11200000000000014,,0.0,0.0,0.25,0.25,0.5,300.0,,
Rational design of entropy-driven AgSnSbTe3 with enhanced thermoelectric efficiency index for sustainable waste heat recovery.pdf,10.1039/d5se00534e,AgSnSbTe3,AgSnSbTe3,AgSnSbTe3,,,,,,body text,,,96.6,uV/K,False,47.0,52.0,5.0,50.666666666666664,1.4444444444444453,52.0,65.0,90.0,25.0,83.33333333333333,7.222222222222224,90.0,107.8682,127.6,19.731799999999993,121.85636666666664,5.743633333333331,127.6,505.08,1234.93,729.8500000000001,801.9616666666667,178.26222222222228,722.66,11.0,16.0,5.0,14.666666666666666,1.4444444444444446,16.0,5.0,5.0,0.0,5.0,0.0,5.0,138.0,145.0,7.0,139.5,1.8333333333333333,138.0,1.93,2.1,0.17000000000000015,2.04,0.06333333333333335,2.1,1.0,2.0,1.0,1.8333333333333333,0.27777777777777785,2.0,0.0,4.0,4.0,2.8333333333333335,1.222222222222222,4.0,10.0,10.0,0.0,10.0,0.0,10.0,0.0,0.0,0.0,0.0,0.0,0.0,11.0,16.0,5.0,14.666666666666666,1.4444444444444446,16.0,0.0,1.0,1.0,0.16666666666666666,0.2777777777777778,0.0,0.0,4.0,4.0,2.1666666666666665,0.888888888888889,2.0,0.0,0.0,0.0,0.0,0.0,0.0,0.0,0.0,0.0,0.0,0.0,0.0,1.0,4.0,3.0,2.3333333333333335,0.7777777777777778,2.0,16.33,34.7633333333,18.4333333333,30.910833333316663,4.860277777772223,34.7633333333,0.0,0.464,0.464,0.232,0.232,0.464,0.0,0.0,0.0,0.0,0.0,0.0,141.0,225.0,84.0,164.66666666666666,20.555555555555554,152.0,1.8333333333333333,2.8333333333333335,10.0,0.0,0.125,0.1931818181818182,0.6818181818181819,0.0,10.330331724440974,0.11000000000000011,,0.0,0.0,0.16666666666666666,0.16666666666666666,0.5,323.0,,
Rational design of entropy-driven AgSnSbTe3 with enhanced thermoelectric efficiency index for sustainable waste heat recovery.pdf,10.1039/d5se00534e,AgSnSbTe3,AgSnSbTe3,AgSnSbTe3,,,,,,body text,,,155.3,uV/K,False,47.0,52.0,5.0,50.666666666666664,1.4444444444444453,52.0,65.0,90.0,25.0,83.33333333333333,7.222222222222224,90.0,107.8682,127.6,19.731799999999993,121.85636666666664,5.743633333333331,127.6,505.08,1234.93,729.8500000000001,801.9616666666667,178.26222222222228,722.66,11.0,16.0,5.0,14.666666666666666,1.4444444444444446,16.0,5.0,5.0,0.0,5.0,0.0,5.0,138.0,145.0,7.0,139.5,1.8333333333333333,138.0,1.93,2.1,0.17000000000000015,2.04,0.06333333333333335,2.1,1.0,2.0,1.0,1.8333333333333333,0.27777777777777785,2.0,0.0,4.0,4.0,2.8333333333333335,1.222222222222222,4.0,10.0,10.0,0.0,10.0,0.0,10.0,0.0,0.0,0.0,0.0,0.0,0.0,11.0,16.0,5.0,14.666666666666666,1.4444444444444446,16.0,0.0,1.0,1.0,0.16666666666666666,0.2777777777777778,0.0,0.0,4.0,4.0,2.1666666666666665,0.888888888888889,2.0,0.0,0.0,0.0,0.0,0.0,0.0,0.0,0.0,0.0,0.0,0.0,0.0,1.0,4.0,3.0,2.3333333333333335,0.7777777777777778,2.0,16.33,34.7633333333,18.4333333333,30.910833333316663,4.860277777772223,34.7633333333,0.0,0.464,0.464,0.232,0.232,0.464,0.0,0.0,0.0,0.0,0.0,0.0,141.0,225.0,84.0,164.66666666666666,20.555555555555554,152.0,1.8333333333333333,2.8333333333333335,10.0,0.0,0.125,0.1931818181818182,0.6818181818181819,0.0,10.330331724440974,0.11000000000000011,,0.0,0.0,0.16666666666666666,0.16666666666666666,0.5,593.5,,
Rational design of entropy-driven AgSnSbTe3 with enhanced thermoelectric efficiency index for sustainable waste heat recovery.pdf,10.1039/d5se00534e,AgSnSbTe3,AgSnSbTe3,AgSnSbTe3,,,,,,body text,,,151.4,uV/K,False,47.0,52.0,5.0,50.666666666666664,1.4444444444444453,52.0,65.0,90.0,25.0,83.33333333333333,7.222222222222224,90.0,107.8682,127.6,19.731799999999993,121.85636666666664,5.743633333333331,127.6,505.08,1234.93,729.8500000000001,801.9616666666667,178.26222222222228,722.66,11.0,16.0,5.0,14.666666666666666,1.4444444444444446,16.0,5.0,5.0,0.0,5.0,0.0,5.0,138.0,145.0,7.0,139.5,1.8333333333333333,138.0,1.93,2.1,0.17000000000000015,2.04,0.06333333333333335,2.1,1.0,2.0,1.0,1.8333333333333333,0.27777777777777785,2.0,0.0,4.0,4.0,2.8333333333333335,1.222222222222222,4.0,10.0,10.0,0.0,10.0,0.0,10.0,0.0,0.0,0.0,0.0,0.0,0.0,11.0,16.0,5.0,14.666666666666666,1.4444444444444446,16.0,0.0,1.0,1.0,0.16666666666666666,0.2777777777777778,0.0,0.0,4.0,4.0,2.1666666666666665,0.888888888888889,2.0,0.0,0.0,0.0,0.0,0.0,0.0,0.0,0.0,0.0,0.0,0.0,0.0,1.0,4.0,3.0,2.3333333333333335,0.7777777777777778,2.0,16.33,34.7633333333,18.4333333333,30.910833333316663,4.860277777772223,34.7633333333,0.0,0.464,0.464,0.232,0.232,0.464,0.0,0.0,0.0,0.0,0.0,0.0,141.0,225.0,84.0,164.66666666666666,20.555555555555554,152.0,1.8333333333333333,2.8333333333333335,10.0,0.0,0.125,0.1931818181818182,0.6818181818181819,0.0,10.330331724440974,0.11000000000000011,,0.0,0.0,0.16666666666666666,0.16666666666666666,0.5,673.0,,
Rational design of entropy-driven AgSnSbTe3 with enhanced thermoelectric efficiency index for sustainable waste heat recovery.pdf,10.1039/d5se00534e,AgSnSbTe3,AgSnSbTe3 (This work),AgSnSbTe3,,,,,,figure,,Visually estimated from Fig. 3b,98.0,uV/K,False,47.0,52.0,5.0,50.666666666666664,1.4444444444444453,52.0,65.0,90.0,25.0,83.33333333333333,7.222222222222224,90.0,107.8682,127.6,19.731799999999993,121.85636666666664,5.743633333333331,127.6,505.08,1234.93,729.8500000000001,801.9616666666667,178.26222222222228,722.66,11.0,16.0,5.0,14.666666666666666,1.4444444444444446,16.0,5.0,5.0,0.0,5.0,0.0,5.0,138.0,145.0,7.0,139.5,1.8333333333333333,138.0,1.93,2.1,0.17000000000000015,2.04,0.06333333333333335,2.1,1.0,2.0,1.0,1.8333333333333333,0.27777777777777785,2.0,0.0,4.0,4.0,2.8333333333333335,1.222222222222222,4.0,10.0,10.0,0.0,10.0,0.0,10.0,0.0,0.0,0.0,0.0,0.0,0.0,11.0,16.0,5.0,14.666666666666666,1.4444444444444446,16.0,0.0,1.0,1.0,0.16666666666666666,0.2777777777777778,0.0,0.0,4.0,4.0,2.1666666666666665,0.888888888888889,2.0,0.0,0.0,0.0,0.0,0.0,0.0,0.0,0.0,0.0,0.0,0.0,0.0,1.0,4.0,3.0,2.3333333333333335,0.7777777777777778,2.0,16.33,34.7633333333,18.4333333333,30.910833333316663,4.860277777772223,34.7633333333,0.0,0.464,0.464,0.232,0.232,0.464,0.0,0.0,0.0,0.0,0.0,0.0,141.0,225.0,84.0,164.66666666666666,20.555555555555554,152.0,1.8333333333333333,2.8333333333333335,10.0,0.0,0.125,0.1931818181818182,0.6818181818181819,0.0,10.330331724440974,0.11000000000000011,,0.0,0.0,0.16666666666666666,0.16666666666666666,0.5,300.0,,
Rational design of entropy-driven AgSnSbTe3 with enhanced thermoelectric efficiency index for sustainable waste heat recovery.pdf,10.1039/d5se00534e,AgSnSbTe3,AgSnSbTe3 (This work),AgSnSbTe3,,,,,,figure,,Visually estimated from Fig. 3b,150.0,uV/K,False,47.0,52.0,5.0,50.666666666666664,1.4444444444444453,52.0,65.0,90.0,25.0,83.33333333333333,7.222222222222224,90.0,107.8682,127.6,19.731799999999993,121.85636666666664,5.743633333333331,127.6,505.08,1234.93,729.8500000000001,801.9616666666667,178.26222222222228,722.66,11.0,16.0,5.0,14.666666666666666,1.4444444444444446,16.0,5.0,5.0,0.0,5.0,0.0,5.0,138.0,145.0,7.0,139.5,1.8333333333333333,138.0,1.93,2.1,0.17000000000000015,2.04,0.06333333333333335,2.1,1.0,2.0,1.0,1.8333333333333333,0.27777777777777785,2.0,0.0,4.0,4.0,2.8333333333333335,1.222222222222222,4.0,10.0,10.0,0.0,10.0,0.0,10.0,0.0,0.0,0.0,0.0,0.0,0.0,11.0,16.0,5.0,14.666666666666666,1.4444444444444446,16.0,0.0,1.0,1.0,0.16666666666666666,0.2777777777777778,0.0,0.0,4.0,4.0,2.1666666666666665,0.888888888888889,2.0,0.0,0.0,0.0,0.0,0.0,0.0,0.0,0.0,0.0,0.0,0.0,0.0,1.0,4.0,3.0,2.3333333333333335,0.7777777777777778,2.0,16.33,34.7633333333,18.4333333333,30.910833333316663,4.860277777772223,34.7633333333,0.0,0.464,0.464,0.232,0.232,0.464,0.0,0.0,0.0,0.0,0.0,0.0,141.0,225.0,84.0,164.66666666666666,20.555555555555554,152.0,1.8333333333333333,2.8333333333333335,10.0,0.0,0.125,0.1931818181818182,0.6818181818181819,0.0,10.330331724440974,0.11000000000000011,,0.0,0.0,0.16666666666666666,0.16666666666666666,0.5,600.0,,
Reduced cation disorder and rational design of Ag2Te formation via stepwise optimization strategy to achieve high thermoelectric performance in AgSbTe2.pdf,10.1016/j.jmst.2025.08.053,AgSbTe2,AgSbTe2,AgSbTe2,,,,,,body text,,,244.7,uV/K,False,47.0,52.0,5.0,50.5,1.75,52.0,65.0,90.0,25.0,82.5,8.75,90.0,107.8682,127.6,19.731799999999993,121.20705,6.669425,127.6,722.66,1234.93,512.2700000000001,896.0074999999999,173.34750000000003,722.66,11.0,16.0,5.0,14.5,1.75,16.0,5.0,5.0,0.0,5.0,0.0,5.0,138.0,145.0,7.0,140.0,2.5,138.0,1.93,2.1,0.17000000000000015,2.045,0.05750000000000005,2.1,1.0,2.0,1.0,1.75,0.375,2.0,0.0,4.0,4.0,2.75,1.375,4.0,10.0,10.0,0.0,10.0,0.0,10.0,0.0,0.0,0.0,0.0,0.0,0.0,11.0,16.0,5.0,14.5,1.75,16.0,0.0,1.0,1.0,0.25,0.375,0.0,0.0,3.0,3.0,1.75,0.875,2.0,0.0,0.0,0.0,0.0,0.0,0.0,0.0,0.0,0.0,0.0,0.0,0.0,1.0,3.0,2.0,2.0,0.5,2.0,16.33,34.7633333333,18.4333333333,29.35416666665,6.512083333324999,34.7633333333,0.0,0.464,0.464,0.232,0.232,0.464,0.0,0.0,0.0,0.0,0.0,0.0,152.0,225.0,73.0,173.75,25.625,152.0,1.75,2.75,10.0,0.0,0.1206896551724138,0.1896551724137931,0.6896551724137931,0.0,8.644719482306641,0.11200000000000014,,0.0,0.0,0.25,0.25,0.5,300.0,,
Reduced cation disorder and rational design of Ag2Te formation via stepwise optimization strategy to achieve high thermoelectric performance in AgSbTe2.pdf,10.1016/j.jmst.2025.08.053,AgSbTe2,Ag0.97SbTe2,Ag0.97SbTe2,Ag vacancy,0.03,Ag,,Ag vacancy (0.03) @ Ag site,body text,,,229.6,uV/K,False,47.0,52.0,5.0,50.52644836272041,1.7232518447550556,52.0,65.0,90.0,25.0,82.63224181360202,8.61625922377529,90.0,107.8682,127.6,19.731799999999993,121.30784735516373,6.567485105546001,127.6,722.66,1234.93,512.2700000000001,893.4463727959699,172.07694992037258,722.66,11.0,16.0,5.0,14.526448362720405,1.7232518447550573,16.0,5.0,5.0,0.0,5.000000000000001,8.881784197001252e-16,5.0,138.0,145.0,7.0,139.96221662468514,2.4617883496500848,138.0,1.93,2.1,0.17000000000000015,2.045869017632242,0.05662113204195182,2.1,1.0,2.0,1.0,1.7556675062972293,0.3692682524475125,2.0,0.0,4.0,4.0,2.770780856423174,1.353983592307546,4.0,10.0,10.0,0.0,10.000000000000002,1.7763568394002505e-15,10.0,0.0,0.0,0.0,0.0,0.0,0.0,11.0,16.0,5.0,14.526448362720405,1.7232518447550573,16.0,0.0,1.0,1.0,0.2443324937027708,0.36926825244751255,0.0,0.0,3.0,3.0,1.7632241813602016,0.8616259223775291,2.0,0.0,0.0,0.0,0.0,0.0,0.0,0.0,0.0,0.0,0.0,0.0,0.0,1.0,3.0,2.0,2.0075566750629723,0.4999714483309963,2.0,16.33,34.7633333333,18.4333333333,29.452586062115866,6.412548352771987,34.7633333333,0.0,0.464,0.464,0.2337531486146096,0.23198675202558233,0.464,0.0,0.0,0.0,0.0,0.0,0.0,152.0,225.0,73.0,173.36272040302268,25.23333058391336,152.0,1.7556675062972293,2.770780856423174,10.000000000000002,0.0,0.12086006589214496,0.19074041962892316,0.6883995144789319,0.0,8.622228559051791,0.11124236252545838,0.03,1.0,0.0,0.2443324937027708,0.2518891687657431,0.5037783375314862,300.0,,
Reduced cation disorder and rational design of Ag2Te formation via stepwise optimization strategy to achieve high thermoelectric performance in AgSbTe2.pdf,10.1016/j.jmst.2025.08.053,AgSbTe2,(Ag0.97SbTe2)0.994(Sb2Te3)0.006,(Ag0.97SbTe2)0.994(Sb2Te3)0.006,Ag vacancy,0.03,Ag,Sb2Te3 (0.006) @ unclear,Ag vacancy (0.03) @ Ag site; Sb2Te3 (0.006) @ unclear site,body text,,,243.49999999999997,uV/K,False,47.0,52.0,5.0,50.53454823473786,1.7141782902029363,52.0,65.0,90.0,25.0,82.67274117368932,8.570891451014678,90.0,107.8682,127.6,19.731799999999993,121.33769625016976,6.532409948487583,127.6,722.66,1234.93,512.2700000000001,892.7044166511575,171.57628668834016,722.66,11.0,16.0,5.0,14.534548234737864,1.7141782902029354,16.0,5.0,5.0,0.0,4.999999999999999,8.881784197001252e-16,5.0,138.0,145.0,7.0,139.95042980951567,2.4489306753020172,138.0,1.93,2.1,0.17000000000000015,2.046126533507034,0.05631881910618363,2.1,1.0,2.0,1.0,1.7575109778732352,0.3673761925495404,2.0,0.0,4.0,4.0,2.7770372568646287,1.346802097653395,4.0,10.0,10.0,0.0,9.999999999999998,1.7763568394002505e-15,10.0,0.0,0.0,0.0,0.0,0.0,0.0,11.0,16.0,5.0,14.534548234737864,1.7141782902029354,16.0,0.0,1.0,1.0,0.24248902212676487,0.3673761925495404,0.0,0.0,3.0,3.0,1.7680286103747818,0.8574550576438476,2.0,0.0,0.0,0.0,0.0,0.0,0.0,0.0,0.0,0.0,0.0,0.0,0.0,1.0,3.0,2.0,2.010517632501547,0.5006912472289706,2.0,16.33,34.7633333333,18.4333333333,29.48298770845379,6.378910254936636,34.7633333333,0.0,0.464,0.464,0.2340900059856445,0.23198117187491368,0.464,0.0,0.0,0.0,0.0,0.0,0.0,152.0,225.0,73.0,173.24379178005023,25.10062464048973,152.0,1.7575109778732352,2.7770372568646287,9.999999999999998,0.0,0.12091954627614421,0.19106457331968899,0.6880158804041667,0.0,8.617494839209627,0.1109480002113551,0.03,2.0,1.0,0.24248902212676487,0.2530066546283116,0.5045043232449234,514.0,,
Reduced cation disorder and rational design of Ag2Te formation via stepwise optimization strategy to achieve high thermoelectric performance in AgSbTe2.pdf,10.1016/j.jmst.2025.08.053,AgSbTe2,(Ag0.97SbTe2)0.994(Sb2Te3)0.006,(Ag0.97SbTe2)0.994(Sb2Te3)0.006,Ag vacancy,0.03,Ag,Sb2Te3 (0.006) @ unclear,Ag vacancy (0.03) @ Ag site; Sb2Te3 (0.006) @ unclear site,figure,Fig. 5c,Visually estimated from Fig. 5c,243.49999999999997,uV/K,False,47.0,52.0,5.0,50.53454823473786,1.7141782902029363,52.0,65.0,90.0,25.0,82.67274117368932,8.570891451014678,90.0,107.8682,127.6,19.731799999999993,121.33769625016976,6.532409948487583,127.6,722.66,1234.93,512.2700000000001,892.7044166511575,171.57628668834016,722.66,11.0,16.0,5.0,14.534548234737864,1.7141782902029354,16.0,5.0,5.0,0.0,4.999999999999999,8.881784197001252e-16,5.0,138.0,145.0,7.0,139.95042980951567,2.4489306753020172,138.0,1.93,2.1,0.17000000000000015,2.046126533507034,0.05631881910618363,2.1,1.0,2.0,1.0,1.7575109778732352,0.3673761925495404,2.0,0.0,4.0,4.0,2.7770372568646287,1.346802097653395,4.0,10.0,10.0,0.0,9.999999999999998,1.7763568394002505e-15,10.0,0.0,0.0,0.0,0.0,0.0,0.0,11.0,16.0,5.0,14.534548234737864,1.7141782902029354,16.0,0.0,1.0,1.0,0.24248902212676487,0.3673761925495404,0.0,0.0,3.0,3.0,1.7680286103747818,0.8574550576438476,2.0,0.0,0.0,0.0,0.0,0.0,0.0,0.0,0.0,0.0,0.0,0.0,0.0,1.0,3.0,2.0,2.010517632501547,0.5006912472289706,2.0,16.33,34.7633333333,18.4333333333,29.48298770845379,6.378910254936636,34.7633333333,0.0,0.464,0.464,0.2340900059856445,0.23198117187491368,0.464,0.0,0.0,0.0,0.0,0.0,0.0,152.0,225.0,73.0,173.24379178005023,25.10062464048973,152.0,1.7575109778732352,2.7770372568646287,9.999999999999998,0.0,0.12091954627614421,0.19106457331968899,0.6880158804041667,0.0,8.617494839209627,0.1109480002113551,0.03,2.0,1.0,0.24248902212676487,0.2530066546283116,0.5045043232449234,300.0,,
Reinvestigation of the influence of Se impurity on the structural and thermoelectric properties of AgSbTe2.pdf,10.1063/1.4731525,AgSbTe2,AgSbTe2,AgSbTe2,,,,,,figure,Fig. 4b,Visually estimated from Fig. 4b,239.99999999999997,uV/K,False,47.0,52.0,5.0,50.5,1.75,52.0,65.0,90.0,25.0,82.5,8.75,90.0,107.8682,127.6,19.731799999999993,121.20705,6.669425,127.6,722.66,1234.93,512.2700000000001,896.0074999999999,173.34750000000003,722.66,11.0,16.0,5.0,14.5,1.75,16.0,5.0,5.0,0.0,5.0,0.0,5.0,138.0,145.0,7.0,140.0,2.5,138.0,1.93,2.1,0.17000000000000015,2.045,0.05750000000000005,2.1,1.0,2.0,1.0,1.75,0.375,2.0,0.0,4.0,4.0,2.75,1.375,4.0,10.0,10.0,0.0,10.0,0.0,10.0,0.0,0.0,0.0,0.0,0.0,0.0,11.0,16.0,5.0,14.5,1.75,16.0,0.0,1.0,1.0,0.25,0.375,0.0,0.0,3.0,3.0,1.75,0.875,2.0,0.0,0.0,0.0,0.0,0.0,0.0,0.0,0.0,0.0,0.0,0.0,0.0,1.0,3.0,2.0,2.0,0.5,2.0,16.33,34.7633333333,18.4333333333,29.35416666665,6.512083333324999,34.7633333333,0.0,0.464,0.464,0.232,0.232,0.464,0.0,0.0,0.0,0.0,0.0,0.0,152.0,225.0,73.0,173.75,25.625,152.0,1.75,2.75,10.0,0.0,0.1206896551724138,0.1896551724137931,0.6896551724137931,0.0,8.644719482306641,0.11200000000000014,,0.0,0.0,0.25,0.25,0.5,300.0,,
Small - 2024 - Chen - Cation Modulation in AgSbTe2 Realizes Carrier Optimization  Defect Engineering  and a 7  Single‐Leg.pdf,10.1002/smll.202401723,AgSbTe2,Ag0.96Sb1.04Te2,Ag0.96Sb1.04Te2,,,,,,Table 1,,,238.2,uV/K,False,47.0,52.0,5.0,50.54,1.6992000000000005,52.0,65.0,90.0,25.0,82.7,8.495999999999999,90.0,107.8682,127.6,19.731799999999993,121.345968,6.469328639999999,127.6,722.66,1234.93,512.2700000000001,892.6959999999999,170.036,722.66,11.0,16.0,5.0,14.54,1.6992000000000005,16.0,5.0,5.0,0.0,5.0,0.0,5.0,138.0,145.0,7.0,139.94,2.428799999999999,138.0,1.93,2.1,0.17000000000000015,2.0462,0.05577600000000012,2.1,1.0,2.0,1.0,1.76,0.3648,2.0,0.0,4.0,4.0,2.7800000000000002,1.3343999999999998,4.0,10.0,10.0,0.0,10.0,0.0,10.0,0.0,0.0,0.0,0.0,0.0,0.0,11.0,16.0,5.0,14.54,1.6992000000000005,16.0,0.0,1.0,1.0,0.24,0.3648,0.0,0.0,3.0,3.0,1.78,0.8543999999999999,2.0,0.0,0.0,0.0,0.0,0.0,0.0,0.0,0.0,0.0,0.0,0.0,0.0,1.0,3.0,2.0,2.02,0.5096,2.0,16.33,34.7633333333,18.4333333333,29.50646666665,6.324703999991999,34.7633333333,0.0,0.464,0.464,0.232,0.232,0.464,0.0,0.0,0.0,0.0,0.0,0.0,152.0,225.0,73.0,173.16,24.8832,152.0,1.76,2.7800000000000002,10.0,0.0,0.12104539202200826,0.1911966987620358,0.687757909215956,0.0,8.641392809815343,0.11007682458386697,,0.0,0.0,0.24,0.26,0.5,303.0,,
Small - 2024 - Chen - Cation Modulation in AgSbTe2 Realizes Carrier Optimization  Defect Engineering  and a 7  Single‐Leg.pdf,10.1002/smll.202401723,AgSbTe2,Ag1.00Sb1.00Te2,Ag1.00Sb1.00Te2,,,,,,Table 1,,,210.3,uV/K,False,47.0,52.0,5.0,50.5,1.75,52.0,65.0,90.0,25.0,82.5,8.75,90.0,107.8682,127.6,19.731799999999993,121.20705,6.669425,127.6,722.66,1234.93,512.2700000000001,896.0074999999999,173.34750000000003,722.66,11.0,16.0,5.0,14.5,1.75,16.0,5.0,5.0,0.0,5.0,0.0,5.0,138.0,145.0,7.0,140.0,2.5,138.0,1.93,2.1,0.17000000000000015,2.045,0.05750000000000005,2.1,1.0,2.0,1.0,1.75,0.375,2.0,0.0,4.0,4.0,2.75,1.375,4.0,10.0,10.0,0.0,10.0,0.0,10.0,0.0,0.0,0.0,0.0,0.0,0.0,11.0,16.0,5.0,14.5,1.75,16.0,0.0,1.0,1.0,0.25,0.375,0.0,0.0,3.0,3.0,1.75,0.875,2.0,0.0,0.0,0.0,0.0,0.0,0.0,0.0,0.0,0.0,0.0,0.0,0.0,1.0,3.0,2.0,2.0,0.5,2.0,16.33,34.7633333333,18.4333333333,29.35416666665,6.512083333324999,34.7633333333,0.0,0.464,0.464,0.232,0.232,0.464,0.0,0.0,0.0,0.0,0.0,0.0,152.0,225.0,73.0,173.75,25.625,152.0,1.75,2.75,10.0,0.0,0.1206896551724138,0.1896551724137931,0.6896551724137931,0.0,8.644719482306641,0.11200000000000014,,0.0,0.0,0.25,0.25,0.5,303.0,,
Small - 2024 - Chen - Cation Modulation in AgSbTe2 Realizes Carrier Optimization  Defect Engineering  and a 7  Single‐Leg.pdf,10.1002/smll.202401723,AgSbTe2,Ag1.04Sb0.96Te2,Ag1.04Sb0.96Te2,,,,,,Table 1,,,193.09999999999997,uV/K,False,47.0,52.0,5.0,50.46,1.7991999999999997,52.0,65.0,90.0,25.0,82.3,8.996000000000002,90.0,107.8682,127.6,19.731799999999993,121.06813199999999,6.8639646400000025,127.6,722.66,1234.93,512.2700000000001,899.319,176.65900000000002,722.66,11.0,16.0,5.0,14.46,1.7991999999999997,16.0,5.0,5.0,0.0,5.0,0.0,5.0,138.0,145.0,7.0,140.06,2.5688000000000013,138.0,1.93,2.1,0.17000000000000015,2.0438,0.05917599999999999,2.1,1.0,2.0,1.0,1.74,0.38480000000000003,2.0,0.0,4.0,4.0,2.7199999999999998,1.4144,4.0,10.0,10.0,0.0,10.0,0.0,10.0,0.0,0.0,0.0,0.0,0.0,0.0,11.0,16.0,5.0,14.46,1.7991999999999997,16.0,0.0,1.0,1.0,0.26,0.38480000000000003,0.0,0.0,3.0,3.0,1.72,0.8944,2.0,0.0,0.0,0.0,0.0,0.0,0.0,0.0,0.0,0.0,0.0,0.0,0.0,1.0,3.0,2.0,1.98,0.5096,2.0,16.33,34.7633333333,18.4333333333,29.201866666649998,6.693370666658,34.7633333333,0.0,0.464,0.464,0.232,0.232,0.464,0.0,0.0,0.0,0.0,0.0,0.0,152.0,225.0,73.0,174.34,26.343200000000003,152.0,1.74,2.7199999999999998,10.0,0.0,0.12033195020746887,0.18810511756569845,0.6915629322268326,0.0,8.641392809815343,0.11391805377720884,,0.0,0.0,0.26,0.24,0.5,303.0,,
Small - 2024 - Chen - Cation Modulation in AgSbTe2 Realizes Carrier Optimization  Defect Engineering  and a 7  Single‐Leg.pdf,10.1002/smll.202401723,AgSbTe2,Ag1.02Ge0.02Sb0.96Te2,Ag1.02Ge0.02Sb0.96Te2,Ge,0.02,Ag,,Ge (0.02) @ Ag site,Table 1,,,179.9,uV/K,False,32.0,52.0,20.0,50.385,1.910200000000001,52.0,65.0,90.0,25.0,82.37,8.892399999999999,90.0,72.64,127.6,54.959999999999994,120.89199099999999,7.124653320000002,127.6,722.66,1234.93,512.2700000000001,899.20135,176.54135000000002,722.66,11.0,16.0,5.0,14.475,1.7770000000000001,16.0,4.0,5.0,1.0,4.995,0.009949999999999893,5.0,120.0,145.0,25.0,139.935,2.583150000000001,138.0,1.93,2.1,0.17000000000000015,2.0442,0.05858400000000001,2.1,1.0,2.0,1.0,1.745,0.37994999999999995,2.0,0.0,4.0,4.0,2.73,1.3996,4.0,10.0,10.0,0.0,10.0,0.0,10.0,0.0,0.0,0.0,0.0,0.0,0.0,11.0,16.0,5.0,14.475,1.7770000000000001,16.0,0.0,1.0,1.0,0.255,0.37995,0.0,0.0,4.0,4.0,1.74,0.8874,2.0,0.0,0.0,0.0,0.0,0.0,0.0,0.0,0.0,0.0,0.0,0.0,0.0,1.0,4.0,3.0,1.995,0.50745,2.0,16.33,34.7633333333,18.4333333333,29.235241666649998,6.643975666657999,34.7633333333,0.0,0.464,0.464,0.233915,0.23157585000000003,0.464,0.0,0.0,0.0,0.0,0.0,0.0,152.0,225.0,73.0,174.34,26.3432,152.0,1.745,2.73,10.0,0.0,0.12055267702936098,0.18860103626943006,0.690846286701209,0.0,8.846825142766962,0.11283653462979211,0.02,1.0,0.0,0.255,0.24,0.5,303.0,1.0,0.42000000000000004
Small - 2025 - Iqbal - Realizing High Wide‐Temperature‐Range Thermoelectric Performance in Ga  I  and S co‐doped AgSbTe2.pdf,10.1002/smll.202506235,AgSbTe2,AgSbTe2 (pristine),AgSbTe2,,,,,,figure,Fig. 2C,Visually estimated from Fig. 2C,258.6,uV/K,False,47.0,52.0,5.0,50.5,1.75,52.0,65.0,90.0,25.0,82.5,8.75,90.0,107.8682,127.6,19.731799999999993,121.20705,6.669425,127.6,722.66,1234.93,512.2700000000001,896.0074999999999,173.34750000000003,722.66,11.0,16.0,5.0,14.5,1.75,16.0,5.0,5.0,0.0,5.0,0.0,5.0,138.0,145.0,7.0,140.0,2.5,138.0,1.93,2.1,0.17000000000000015,2.045,0.05750000000000005,2.1,1.0,2.0,1.0,1.75,0.375,2.0,0.0,4.0,4.0,2.75,1.375,4.0,10.0,10.0,0.0,10.0,0.0,10.0,0.0,0.0,0.0,0.0,0.0,0.0,11.0,16.0,5.0,14.5,1.75,16.0,0.0,1.0,1.0,0.25,0.375,0.0,0.0,3.0,3.0,1.75,0.875,2.0,0.0,0.0,0.0,0.0,0.0,0.0,0.0,0.0,0.0,0.0,0.0,0.0,1.0,3.0,2.0,2.0,0.5,2.0,16.33,34.7633333333,18.4333333333,29.35416666665,6.512083333324999,34.7633333333,0.0,0.464,0.464,0.232,0.232,0.464,0.0,0.0,0.0,0.0,0.0,0.0,152.0,225.0,73.0,173.75,25.625,152.0,1.75,2.75,10.0,0.0,0.1206896551724138,0.1896551724137931,0.6896551724137931,0.0,8.644719482306641,0.11200000000000014,,0.0,0.0,0.25,0.25,0.5,300.0,,
Small - 2026 - Song - Decoupling Electron‐Phonon Transport in AgSbSe2 via Stepwise Cd‐Sb Substitution and Interstitial Se.pdf,10.1002/smll.202514707,AgSbSe2,AgSb0.96Cd0.04Se2.02,AgSb0.96Cd0.04Se2.02,Cd,0.04,Sb,Se (0.02) @ interstitial,Cd (0.04) @ Sb site; Se (0.02) @ interstitial site,body text,,,239.99999999999997,uV/K,False,34.0,51.0,17.0,41.43283582089553,7.469815103586545,34.0,65.0,89.0,24.0,81.88557213930349,8.637310957649559,89.0,78.96,121.76,42.80000000000001,96.70483582089554,17.833118586173615,78.96,494.0,1234.93,740.9300000000001,777.1660696517413,288.21557387193394,494.0,11.0,16.0,5.0,14.477611940298509,1.7794609044330578,16.0,4.0,5.0,1.0,4.497512437810945,0.4999876240687113,4.0,120.0,145.0,25.0,130.9950248756219,11.049726491918518,120.0,1.69,2.55,0.8599999999999999,2.267810945273632,0.28359298037177294,2.55,1.0,2.0,1.0,1.7512437810945276,0.3737531249226504,2.0,0.0,4.0,4.0,2.7263681592039806,1.41065815202594,4.0,10.0,10.0,0.0,10.000000000000002,1.7763568394002505e-15,10.0,0.0,0.0,0.0,0.0,0.0,0.0,11.0,16.0,5.0,14.477611940298509,1.7794609044330578,16.0,0.0,1.0,1.0,0.24875621890547267,0.3737531249226505,0.0,0.0,3.0,3.0,1.7213930348258708,0.8906710229944803,2.0,0.0,0.0,0.0,0.0,0.0,0.0,0.0,0.0,0.0,0.0,0.0,0.0,0.0,3.0,3.0,1.9701492537313434,0.5218682705873617,2.0,16.33,31.56,15.23,24.817363184079607,4.328486423603376,25.92,0.0,0.799,0.799,0.4014875621890548,0.3994901116309002,0.799,0.0,0.0,0.0,0.0,0.0,0.0,14.0,225.0,211.0,104.5771144278607,91.02774683794958,14.0,1.7512437810945276,2.7263681592039806,10.000000000000002,0.0,0.12096219931271478,0.18831615120274917,0.6907216494845362,0.0,8.977634959537783,0.47851921865154384,0.04,2.0,1.0,0.24875621890547267,0.23880597014925375,0.0,323.0,1.0,0.19000000000000006
Small - 2026 - Song - Decoupling Electron‐Phonon Transport in AgSbSe2 via Stepwise Cd‐Sb Substitution and Interstitial Se.pdf,10.1002/smll.202514707,AgSbSe2,AgSb0.96Cd0.04Se2.02,AgSb0.96Cd0.04Se2.02,Cd,0.04,Sb,Se (0.02) @ interstitial,Cd (0.04) @ Sb site; Se (0.02) @ interstitial site,body text,,,320.0,uV/K,False,34.0,51.0,17.0,41.43283582089553,7.469815103586545,34.0,65.0,89.0,24.0,81.88557213930349,8.637310957649559,89.0,78.96,121.76,42.80000000000001,96.70483582089554,17.833118586173615,78.96,494.0,1234.93,740.9300000000001,777.1660696517413,288.21557387193394,494.0,11.0,16.0,5.0,14.477611940298509,1.7794609044330578,16.0,4.0,5.0,1.0,4.497512437810945,0.4999876240687113,4.0,120.0,145.0,25.0,130.9950248756219,11.049726491918518,120.0,1.69,2.55,0.8599999999999999,2.267810945273632,0.28359298037177294,2.55,1.0,2.0,1.0,1.7512437810945276,0.3737531249226504,2.0,0.0,4.0,4.0,2.7263681592039806,1.41065815202594,4.0,10.0,10.0,0.0,10.000000000000002,1.7763568394002505e-15,10.0,0.0,0.0,0.0,0.0,0.0,0.0,11.0,16.0,5.0,14.477611940298509,1.7794609044330578,16.0,0.0,1.0,1.0,0.24875621890547267,0.3737531249226505,0.0,0.0,3.0,3.0,1.7213930348258708,0.8906710229944803,2.0,0.0,0.0,0.0,0.0,0.0,0.0,0.0,0.0,0.0,0.0,0.0,0.0,0.0,3.0,3.0,1.9701492537313434,0.5218682705873617,2.0,16.33,31.56,15.23,24.817363184079607,4.328486423603376,25.92,0.0,0.799,0.799,0.4014875621890548,0.3994901116309002,0.799,0.0,0.0,0.0,0.0,0.0,0.0,14.0,225.0,211.0,104.5771144278607,91.02774683794958,14.0,1.7512437810945276,2.7263681592039806,10.000000000000002,0.0,0.12096219931271478,0.18831615120274917,0.6907216494845362,0.0,8.977634959537783,0.47851921865154384,0.04,2.0,1.0,0.24875621890547267,0.23880597014925375,0.0,673.0,1.0,0.19000000000000006
"State of the art Ag50-xSbxSe50-yTey alloys Their high zT values, microstructures and related phase equilibria.pdf",10.1016/j.actamat.2015.04.011,AgSbTe2-family,25Te(S),Ag25Sb25Se25Te25,,,,,,Table 1,,,179.99999999999997,uV/K,False,34.0,52.0,18.0,46.0,6.0,34.0,65.0,90.0,25.0,82.25,8.625,65.0,78.96,127.6,48.64,109.04705,15.632950000000001,78.96,494.0,1234.93,740.9300000000001,838.8425,230.5125,494.0,11.0,16.0,5.0,14.5,1.75,11.0,4.0,5.0,1.0,4.75,0.375,4.0,120.0,145.0,25.0,135.5,7.75,120.0,1.93,2.55,0.6199999999999999,2.1575,0.19625000000000012,1.93,1.0,2.0,1.0,1.75,0.375,1.0,0.0,4.0,4.0,2.75,1.375,0.0,10.0,10.0,0.0,10.0,0.0,10.0,0.0,0.0,0.0,0.0,0.0,0.0,11.0,16.0,5.0,14.5,1.75,11.0,0.0,1.0,1.0,0.25,0.375,0.0,0.0,3.0,3.0,1.75,0.875,0.0,0.0,0.0,0.0,0.0,0.0,0.0,0.0,0.0,0.0,0.0,0.0,0.0,1.0,3.0,2.0,2.0,0.5,1.0,16.33,34.7633333333,18.4333333333,27.143333333325,6.018333333324998,16.33,0.0,0.799,0.799,0.31575000000000003,0.31575000000000003,0.0,0.0,0.0,0.0,0.0,0.0,0.0,14.0,225.0,211.0,139.25,62.625,14.0,1.75,2.75,10.0,0.0,0.1206896551724138,0.1896551724137931,0.6896551724137931,0.0,11.526292643075523,0.3183333333333333,,0.0,0.0,0.25,0.25,0.25,300.0,,
"State of the art Ag50-xSbxSe50-yTey alloys Their high zT values, microstructures and related phase equilibria.pdf",10.1016/j.actamat.2015.04.011,AgSbTe2-family,30Te(S),Ag25Sb25Se20Te30,,,,,,Table 1,,,160.99999999999997,uV/K,False,34.0,52.0,18.0,46.9,5.160000000000001,52.0,65.0,90.0,25.0,82.3,8.65,90.0,78.96,127.6,48.64,111.47904999999999,14.813045000000002,127.6,494.0,1234.93,740.9300000000001,850.2755000000001,219.07950000000005,722.66,11.0,16.0,5.0,14.5,1.75,16.0,4.0,5.0,1.0,4.8,0.3200000000000001,5.0,120.0,145.0,25.0,136.4,6.559999999999995,138.0,1.93,2.55,0.6199999999999999,2.135,0.16599999999999987,2.1,1.0,2.0,1.0,1.75,0.375,2.0,0.0,4.0,4.0,2.75,1.375,4.0,10.0,10.0,0.0,10.0,0.0,10.0,0.0,0.0,0.0,0.0,0.0,0.0,11.0,16.0,5.0,14.5,1.75,16.0,0.0,1.0,1.0,0.25,0.375,0.0,0.0,3.0,3.0,1.75,0.875,2.0,0.0,0.0,0.0,0.0,0.0,0.0,0.0,0.0,0.0,0.0,0.0,0.0,1.0,3.0,2.0,2.0,0.5,2.0,16.33,34.7633333333,18.4333333333,27.58549999999,6.293949999990999,34.7633333333,0.0,0.799,0.799,0.299,0.299,0.464,0.0,0.0,0.0,0.0,0.0,0.0,14.0,225.0,211.0,146.15,52.86,152.0,1.75,2.75,10.0,0.0,0.1206896551724138,0.1896551724137931,0.6896551724137931,0.0,11.442584655719806,0.28724832214765106,,0.0,0.0,0.25,0.25,0.3,300.0,,
"State of the art Ag50-xSbxSe50-yTey alloys Their high zT values, microstructures and related phase equilibria.pdf",10.1016/j.actamat.2015.04.011,AgSbTe2-family,35Te(S),Ag25Sb25Se15Te35,,,,,,Table 1,,,226.0,uV/K,False,34.0,52.0,18.0,47.8,4.540000000000001,52.0,65.0,90.0,25.0,82.35,8.675000000000004,90.0,78.96,127.6,48.64,113.91104999999999,13.506740000000002,127.6,494.0,1234.93,740.9300000000001,861.7085000000001,207.6465,722.66,11.0,16.0,5.0,14.5,1.75,16.0,4.0,5.0,1.0,4.85,0.2550000000000003,5.0,120.0,145.0,25.0,137.3,5.189999999999992,138.0,1.93,2.55,0.6199999999999999,2.1125,0.13124999999999987,2.1,1.0,2.0,1.0,1.75,0.375,2.0,0.0,4.0,4.0,2.75,1.375,4.0,10.0,10.0,0.0,10.0,0.0,10.0,0.0,0.0,0.0,0.0,0.0,0.0,11.0,16.0,5.0,14.5,1.75,16.0,0.0,1.0,1.0,0.25,0.375,0.0,0.0,3.0,3.0,1.75,0.875,2.0,0.0,0.0,0.0,0.0,0.0,0.0,0.0,0.0,0.0,0.0,0.0,0.0,1.0,3.0,2.0,2.0,0.5,2.0,16.33,34.7633333333,18.4333333333,28.027666666654994,6.481133333323999,34.7633333333,0.0,0.799,0.799,0.28225,0.28225000000000006,0.464,0.0,0.0,0.0,0.0,0.0,0.0,14.0,225.0,211.0,153.05,42.45,152.0,1.75,2.75,10.0,0.0,0.1206896551724138,0.1896551724137931,0.6896551724137931,0.0,11.18422368435968,0.253082191780822,,0.0,0.0,0.25,0.25,0.35,300.0,,
"State of the art Ag50-xSbxSe50-yTey alloys Their high zT values, microstructures and related phase equilibria.pdf",10.1016/j.actamat.2015.04.011,AgSbTe2-family,40Te(S),Ag25Sb25Se10Te40,,,,,,Table 1,,,206.0,uV/K,False,34.0,52.0,18.0,48.7,3.7899999999999987,52.0,65.0,90.0,25.0,82.4,8.699999999999998,90.0,78.96,127.6,48.64,116.34305,11.714034999999999,127.6,494.0,1234.93,740.9300000000001,873.1415,196.2135,722.66,11.0,16.0,5.0,14.5,1.75,16.0,4.0,5.0,1.0,4.9,0.17999999999999972,5.0,120.0,145.0,25.0,138.2,3.8,138.0,1.93,2.55,0.6199999999999999,2.09,0.10000000000000007,2.1,1.0,2.0,1.0,1.75,0.375,2.0,0.0,4.0,4.0,2.75,1.375,4.0,10.0,10.0,0.0,10.0,0.0,10.0,0.0,0.0,0.0,0.0,0.0,0.0,11.0,16.0,5.0,14.5,1.75,16.0,0.0,1.0,1.0,0.25,0.375,0.0,0.0,3.0,3.0,1.75,0.875,2.0,0.0,0.0,0.0,0.0,0.0,0.0,0.0,0.0,0.0,0.0,0.0,0.0,1.0,3.0,2.0,2.0,0.5,2.0,16.33,34.7633333333,18.4333333333,28.469833333320004,6.579883333323997,34.7633333333,0.0,0.799,0.799,0.26550000000000007,0.2655,0.464,0.0,0.0,0.0,0.0,0.0,0.0,14.0,225.0,211.0,159.95,35.55,152.0,1.75,2.75,10.0,0.0,0.1206896551724138,0.1896551724137931,0.6896551724137931,0.0,10.725008104539077,0.21418439716312063,,0.0,0.0,0.25,0.25,0.4,300.0,,
"State of the art Ag50-xSbxSe50-yTey alloys Their high zT values, microstructures and related phase equilibria.pdf",10.1016/j.actamat.2015.04.011,AgSbTe2-family,45Te(S),Ag25Sb25Se5Te45,,,,,,Table 1,,,216.0,uV/K,False,34.0,52.0,18.0,49.6,2.8599999999999994,52.0,65.0,90.0,25.0,82.45,8.725,90.0,78.96,127.6,48.64,118.77505000000001,9.434929999999996,127.6,494.0,1234.93,740.9300000000001,884.5745,184.78050000000002,722.66,11.0,16.0,5.0,14.5,1.75,16.0,4.0,5.0,1.0,4.95,0.09499999999999983,5.0,120.0,145.0,25.0,139.1,2.949999999999997,138.0,1.93,2.55,0.6199999999999999,2.0675,0.07750000000000008,2.1,1.0,2.0,1.0,1.75,0.375,2.0,0.0,4.0,4.0,2.75,1.375,4.0,10.0,10.0,0.0,10.0,0.0,10.0,0.0,0.0,0.0,0.0,0.0,0.0,11.0,16.0,5.0,14.5,1.75,16.0,0.0,1.0,1.0,0.25,0.375,0.0,0.0,3.0,3.0,1.75,0.875,2.0,0.0,0.0,0.0,0.0,0.0,0.0,0.0,0.0,0.0,0.0,0.0,0.0,1.0,3.0,2.0,2.0,0.5,2.0,16.33,34.7633333333,18.4333333333,28.911999999985,6.590199999990998,34.7633333333,0.0,0.799,0.799,0.24875000000000003,0.24875,0.464,0.0,0.0,0.0,0.0,0.0,0.0,14.0,225.0,211.0,166.85,29.075,152.0,1.75,2.75,10.0,0.0,0.1206896551724138,0.1896551724137931,0.6896551724137931,0.0,9.996164597312385,0.16828358208955232,,0.0,0.0,0.25,0.25,0.45,300.0,,
"State of the art Ag50-xSbxSe50-yTey alloys Their high zT values, microstructures and related phase equilibria.pdf",10.1016/j.actamat.2015.04.011,AgSbTe2-family,25Te,Ag20Sb30Se25Te25,,,,,,Table 1,,,5.0,uV/K,False,34.0,52.0,18.0,46.2,6.099999999999998,51.0,65.0,90.0,25.0,83.25,7.3,85.0,78.96,127.6,48.64,109.74164,16.140196,121.76,494.0,1234.93,740.9300000000001,822.285,213.955,903.78,11.0,16.0,5.0,14.7,1.4800000000000002,15.0,4.0,5.0,1.0,4.75,0.375,5.0,120.0,145.0,25.0,135.2,7.600000000000005,139.0,1.93,2.55,0.6199999999999999,2.1635,0.19325000000000003,2.05,1.0,2.0,1.0,1.8,0.32,2.0,0.0,4.0,4.0,2.9,1.16,3.0,10.0,10.0,0.0,10.0,0.0,10.0,0.0,0.0,0.0,0.0,0.0,0.0,11.0,16.0,5.0,14.7,1.4800000000000002,15.0,0.0,1.0,1.0,0.2,0.32,0.0,0.0,3.0,3.0,1.9,0.76,3.0,0.0,0.0,0.0,0.0,0.0,0.0,0.0,0.0,0.0,0.0,0.0,0.0,1.0,3.0,2.0,2.1,0.54,3.0,16.33,34.7633333333,18.4333333333,27.904833333324994,5.6223499999925,31.56,0.0,0.799,0.799,0.31575000000000003,0.31575000000000003,0.0,0.0,0.0,0.0,0.0,0.0,0.0,14.0,225.0,211.0,136.3,61.15,166.0,1.8,2.9,10.0,0.0,0.12244897959183675,0.19727891156462585,0.6802721088435374,0.0,11.442584655719807,0.31161073825503355,,0.0,0.0,0.2,0.3,0.25,300.0,,
"State of the art Ag50-xSbxSe50-yTey alloys Their high zT values, microstructures and related phase equilibria.pdf",10.1016/j.actamat.2015.04.011,AgSbTe2-family,30Te,Ag20Sb30Se20Te30,,,,,,Table 1,,,18.999999999999996,uV/K,False,34.0,52.0,18.0,47.1,5.28,51.0,65.0,90.0,25.0,83.3,7.320000000000001,85.0,78.96,127.6,48.64,112.17364000000002,15.007632,121.76,494.0,1234.93,740.9300000000001,833.7180000000001,202.52200000000005,722.66,11.0,16.0,5.0,14.7,1.4800000000000002,15.0,4.0,5.0,1.0,4.8,0.3200000000000001,5.0,120.0,145.0,25.0,136.1,6.440000000000005,138.0,1.93,2.55,0.6199999999999999,2.141,0.1636,2.05,1.0,2.0,1.0,1.8,0.32,2.0,0.0,4.0,4.0,2.9,1.16,3.0,10.0,10.0,0.0,10.0,0.0,10.0,0.0,0.0,0.0,0.0,0.0,0.0,11.0,16.0,5.0,14.7,1.4800000000000002,15.0,0.0,1.0,1.0,0.2,0.32,0.0,0.0,3.0,3.0,1.9,0.76,2.0,0.0,0.0,0.0,0.0,0.0,0.0,0.0,0.0,0.0,0.0,0.0,0.0,1.0,3.0,2.0,2.1,0.54,2.0,16.33,34.7633333333,18.4333333333,28.346999999989997,5.777599999991999,31.56,0.0,0.799,0.799,0.299,0.299,0.0,0.0,0.0,0.0,0.0,0.0,0.0,14.0,225.0,211.0,143.2,51.68,152.0,1.8,2.9,10.0,0.0,0.12244897959183675,0.19727891156462585,0.6802721088435374,0.0,11.35887666836409,0.2802702702702703,,0.0,0.0,0.2,0.3,0.3,300.0,,
"State of the art Ag50-xSbxSe50-yTey alloys Their high zT values, microstructures and related phase equilibria.pdf",10.1016/j.actamat.2015.04.011,AgSbTe2-family,35Te,Ag20Sb30Se15Te35,,,,,,Table 1,,,41.0,uV/K,False,34.0,52.0,18.0,48.0,4.6,52.0,65.0,90.0,25.0,83.35,7.340000000000003,90.0,78.96,127.6,48.64,114.60564000000001,13.388667999999997,127.6,494.0,1234.93,740.9300000000001,845.1510000000001,191.08900000000003,722.66,11.0,16.0,5.0,14.7,1.4800000000000006,16.0,4.0,5.0,1.0,4.85,0.2550000000000003,5.0,120.0,145.0,25.0,137.0,5.1,138.0,1.93,2.55,0.6199999999999999,2.1185,0.12945000000000007,2.1,1.0,2.0,1.0,1.8,0.32,2.0,0.0,4.0,4.0,2.9,1.16,4.0,10.0,10.0,0.0,10.0,0.0,10.0,0.0,0.0,0.0,0.0,0.0,0.0,11.0,16.0,5.0,14.7,1.4800000000000006,16.0,0.0,1.0,1.0,0.2,0.32,0.0,0.0,3.0,3.0,1.9,0.76,2.0,0.0,0.0,0.0,0.0,0.0,0.0,0.0,0.0,0.0,0.0,0.0,0.0,1.0,3.0,2.0,2.1,0.54,2.0,16.33,34.7633333333,18.4333333333,28.789166666654996,5.8444166666585,34.7633333333,0.0,0.799,0.799,0.28225,0.28225,0.464,0.0,0.0,0.0,0.0,0.0,0.0,14.0,225.0,211.0,150.1,40.83,152.0,1.8,2.9,10.0,0.0,0.12244897959183675,0.19727891156462585,0.6802721088435374,0.0,11.100515697003962,0.24572413793103456,,0.0,0.0,0.2,0.3,0.35,300.0,,
"State of the art Ag50-xSbxSe50-yTey alloys Their high zT values, microstructures and related phase equilibria.pdf",10.1016/j.actamat.2015.04.011,AgSbTe2-family,40Te,Ag20Sb30Se10Te40,,,,,,Table 1,,,44.0,uV/K,False,34.0,52.0,18.0,48.9,3.7400000000000007,52.0,65.0,90.0,25.0,83.4,7.359999999999997,90.0,78.96,127.6,48.64,117.03764000000001,11.283303999999996,127.6,494.0,1234.93,740.9300000000001,856.584,179.65600000000003,722.66,11.0,16.0,5.0,14.7,1.4800000000000002,16.0,4.0,5.0,1.0,4.9,0.17999999999999972,5.0,120.0,145.0,25.0,137.9,3.5799999999999956,138.0,1.93,2.55,0.6199999999999999,2.096,0.0940000000000001,2.1,1.0,2.0,1.0,1.8,0.32,2.0,0.0,4.0,4.0,2.9,1.16,4.0,10.0,10.0,0.0,10.0,0.0,10.0,0.0,0.0,0.0,0.0,0.0,0.0,11.0,16.0,5.0,14.7,1.4800000000000002,16.0,0.0,1.0,1.0,0.2,0.32,0.0,0.0,3.0,3.0,1.9,0.76,2.0,0.0,0.0,0.0,0.0,0.0,0.0,0.0,0.0,0.0,0.0,0.0,0.0,1.0,3.0,2.0,2.1,0.54,2.0,16.33,34.7633333333,18.4333333333,29.23133333332,5.822799999991999,34.7633333333,0.0,0.799,0.799,0.26550000000000007,0.2655,0.464,0.0,0.0,0.0,0.0,0.0,0.0,14.0,225.0,211.0,157.0,32.6,152.0,1.8,2.9,10.0,0.0,0.12244897959183675,0.19727891156462585,0.6802721088435374,0.0,10.64130011718336,0.20628571428571432,,0.0,0.0,0.2,0.3,0.4,300.0,,
"State of the art Ag50-xSbxSe50-yTey alloys Their high zT values, microstructures and related phase equilibria.pdf",10.1016/j.actamat.2015.04.011,AgSbTe2-family,45Te,Ag20Sb30Se5Te45,,,,,,Table 1,,,70.0,uV/K,False,34.0,52.0,18.0,49.8,2.700000000000001,52.0,65.0,90.0,25.0,83.45,7.379999999999999,90.0,78.96,127.6,48.64,119.46964,8.69154,127.6,494.0,1234.93,740.9300000000001,868.0169999999999,168.22300000000004,722.66,11.0,16.0,5.0,14.7,1.4800000000000002,16.0,4.0,5.0,1.0,4.95,0.09499999999999983,5.0,120.0,145.0,25.0,138.8,2.6,138.0,1.93,2.55,0.6199999999999999,2.0735,0.07150000000000009,2.1,1.0,2.0,1.0,1.8,0.32,2.0,0.0,4.0,4.0,2.9,1.16,4.0,10.0,10.0,0.0,10.0,0.0,10.0,0.0,0.0,0.0,0.0,0.0,0.0,11.0,16.0,5.0,14.7,1.4800000000000002,16.0,0.0,1.0,1.0,0.2,0.32,0.0,0.0,3.0,3.0,1.9,0.76,2.0,0.0,0.0,0.0,0.0,0.0,0.0,0.0,0.0,0.0,0.0,0.0,0.0,1.0,3.0,2.0,2.1,0.54,2.0,16.33,34.7633333333,18.4333333333,29.673499999984998,5.7127499999925,34.7633333333,0.0,0.799,0.799,0.24875000000000003,0.24875,0.464,0.0,0.0,0.0,0.0,0.0,0.0,14.0,225.0,211.0,163.9,25.7,152.0,1.8,2.9,10.0,0.0,0.12244897959183675,0.19727891156462585,0.6802721088435374,0.0,9.912456609956667,0.15962406015037603,,0.0,0.0,0.2,0.3,0.45,300.0,,
"State of the art Ag50-xSbxSe50-yTey alloys Their high zT values, microstructures and related phase equilibria.pdf",10.1016/j.actamat.2015.04.011,AgSbTe2-family,25Te(S),Ag0.25SbTe2,Ag,0.25,Ag,,Ag (0.25) @ Ag site,figure,Fig. 4b,Visually estimated from Fig. 4b,179.99999999999997,uV/K,False,47.0,52.0,5.0,51.30769230769231,0.85207100591716,52.0,65.0,90.0,25.0,86.53846153846153,4.2603550295858,90.0,107.8682,127.6,19.731799999999993,124.28524615384616,4.079697041420112,127.6,722.66,1234.93,512.2700000000001,817.7946153846153,117.08875739644971,722.66,11.0,16.0,5.0,15.307692307692308,0.8520710059171596,16.0,5.0,5.0,0.0,5.0,0.0,5.0,138.0,145.0,7.0,138.84615384615384,1.0414201183431937,138.0,1.93,2.1,0.17000000000000015,2.0715384615384616,0.03502958579881668,2.1,1.0,2.0,1.0,1.9230769230769231,0.14201183431952658,2.0,0.0,4.0,4.0,3.3846153846153846,0.7573964497041421,4.0,10.0,10.0,0.0,10.0,0.0,10.0,0.0,0.0,0.0,0.0,0.0,0.0,11.0,16.0,5.0,15.307692307692308,0.8520710059171596,16.0,0.0,1.0,1.0,0.07692307692307693,0.14201183431952663,0.0,0.0,3.0,3.0,2.1538461538461537,0.5207100591715975,2.0,0.0,0.0,0.0,0.0,0.0,0.0,0.0,0.0,0.0,0.0,0.0,0.0,1.0,3.0,2.0,2.230769230769231,0.4733727810650888,2.0,16.33,34.7633333333,18.4333333333,32.359743589723074,2.9582642997869817,34.7633333333,0.0,0.464,0.464,0.2855384615384616,0.21964497041420117,0.464,0.0,0.0,0.0,0.0,0.0,0.0,152.0,225.0,73.0,161.92307692307693,12.213017751479292,152.0,1.9230769230769231,3.3846153846153846,10.0,0.0,0.12562814070351758,0.22110552763819094,0.6532663316582914,0.0,7.139969219737963,0.07818181818181841,0.25,1.0,0.0,0.07692307692307693,0.3076923076923077,0.6153846153846154,300.0,0.0,0.0
"State of the art Ag50-xSbxSe50-yTey alloys Their high zT values, microstructures and related phase equilibria.pdf",10.1016/j.actamat.2015.04.011,AgSbTe2-family,30Te(S),Ag0.30SbTe2,Ag,0.30,Ag,,Ag (0.30) @ Ag site,figure,Fig. 4b,Visually estimated from Fig. 4b,199.99999999999997,uV/K,False,47.0,52.0,5.0,51.24242424242424,0.9182736455463728,52.0,65.0,90.0,25.0,86.21212121212122,4.591368227731863,90.0,107.8682,127.6,19.731799999999993,124.03650303030304,4.319390266299351,127.6,722.66,1234.93,512.2700000000001,824.1148484848485,122.97557392102848,722.66,11.0,16.0,5.0,15.242424242424242,0.9182736455463728,16.0,5.0,5.0,0.0,5.0,0.0,5.0,138.0,145.0,7.0,138.93939393939394,1.138659320477502,138.0,1.93,2.1,0.17000000000000015,2.0693939393939393,0.037098255280073586,2.1,1.0,2.0,1.0,1.9090909090909092,0.16528925619834703,2.0,0.0,4.0,4.0,3.3333333333333335,0.8080808080808081,4.0,10.0,10.0,0.0,10.0,0.0,10.0,0.0,0.0,0.0,0.0,0.0,0.0,11.0,16.0,5.0,15.242424242424242,0.9182736455463728,16.0,0.0,1.0,1.0,0.09090909090909091,0.1652892561983471,0.0,0.0,3.0,3.0,2.121212121212121,0.5325987144168962,2.0,0.0,0.0,0.0,0.0,0.0,0.0,0.0,0.0,0.0,0.0,0.0,0.0,1.0,3.0,2.0,2.2121212121212124,0.477502295684114,2.0,16.33,34.7633333333,18.4333333333,32.116868686848484,3.2078359350927443,34.7633333333,0.0,0.464,0.464,0.28121212121212125,0.22156106519742882,0.464,0.0,0.0,0.0,0.0,0.0,0.0,152.0,225.0,73.0,162.87878787878788,13.186409550045914,152.0,1.9090909090909092,3.3333333333333335,10.0,0.0,0.12524850894632208,0.2186878727634195,0.6560636182902585,0.0,7.344042950880542,0.08206896551724159,0.3,1.0,0.0,0.09090909090909091,0.30303030303030304,0.6060606060606061,300.0,0.0,0.0
"State of the art Ag50-xSbxSe50-yTey alloys Their high zT values, microstructures and related phase equilibria.pdf",10.1016/j.actamat.2015.04.011,AgSbTe2-family,35Te(S),Ag0.35SbTe2,Ag,0.35,Ag,,Ag (0.35) @ Ag site,figure,Fig. 4b,Visually estimated from Fig. 4b,219.99999999999997,uV/K,False,47.0,52.0,5.0,51.179104477611936,0.9801737580752958,52.0,65.0,90.0,25.0,85.8955223880597,4.900868790376475,90.0,107.8682,127.6,19.731799999999993,123.79518507462686,4.543062597460455,127.6,722.66,1234.93,512.2700000000001,830.2464179104477,128.4613945199376,722.66,11.0,16.0,5.0,15.17910447761194,0.9801737580752952,16.0,5.0,5.0,0.0,5.0,0.0,5.0,138.0,145.0,7.0,139.02985074626866,1.247493873914018,138.0,1.93,2.1,0.17000000000000015,2.067313432835821,0.039028736912452774,2.1,1.0,2.0,1.0,1.8955223880597014,0.18712408108710188,2.0,0.0,4.0,4.0,3.2835820895522385,0.855424370683894,4.0,10.0,10.0,0.0,10.0,0.0,10.0,0.0,0.0,0.0,0.0,0.0,0.0,11.0,16.0,5.0,15.17910447761194,0.9801737580752952,16.0,0.0,1.0,1.0,0.1044776119402985,0.1871240810871018,0.0,0.0,3.0,3.0,2.08955223880597,0.5435509022053908,2.0,0.0,0.0,0.0,0.0,0.0,0.0,0.0,0.0,0.0,0.0,0.0,0.0,1.0,3.0,2.0,2.1940298507462686,0.4811762085096903,2.0,16.33,34.7633333333,18.4333333333,31.881243781074623,3.441300957881042,34.7633333333,0.0,0.464,0.464,0.2770149253731343,0.22326576074849636,0.464,0.0,0.0,0.0,0.0,0.0,0.0,152.0,225.0,73.0,163.80597014925374,14.096680775228336,152.0,1.8955223880597014,3.2835820895522385,10.0,0.0,0.1248770894788594,0.21632251720747295,0.6588003933136677,0.0,7.52312567384237,0.08557377049180348,0.35,1.0,0.0,0.1044776119402985,0.29850746268656714,0.5970149253731343,300.0,0.0,0.0
"State of the art Ag50-xSbxSe50-yTey alloys Their high zT values, microstructures and related phase equilibria.pdf",10.1016/j.actamat.2015.04.011,AgSbTe2-family,40Te(S),Ag0.40SbTe2,Ag,0.40,Ag,,Ag (0.40) @ Ag site,figure,Fig. 4b,Visually estimated from Fig. 4b,239.99999999999997,uV/K,False,47.0,52.0,5.0,51.117647058823536,1.0380622837370233,52.0,65.0,90.0,25.0,85.58823529411765,5.190311418685121,90.0,107.8682,127.6,19.731799999999993,123.56096470588236,4.751806228373697,127.6,722.66,1234.93,512.2700000000001,836.1976470588236,133.57370242214535,722.66,11.0,16.0,5.0,15.117647058823529,1.0380622837370244,16.0,5.0,5.0,0.0,5.0,0.0,5.0,138.0,145.0,7.0,139.11764705882354,1.384083044982704,138.0,1.93,2.1,0.17000000000000015,2.065294117647059,0.04083044982698971,2.1,1.0,2.0,1.0,1.8823529411764708,0.2076124567474047,2.0,0.0,4.0,4.0,3.235294117647059,0.8996539792387543,4.0,10.0,10.0,0.0,10.0,0.0,10.0,0.0,0.0,0.0,0.0,0.0,0.0,11.0,16.0,5.0,15.117647058823529,1.0380622837370244,16.0,0.0,1.0,1.0,0.11764705882352942,0.20761245674740486,0.0,0.0,3.0,3.0,2.058823529411765,0.5536332179930797,2.0,0.0,0.0,0.0,0.0,0.0,0.0,0.0,0.0,0.0,0.0,0.0,0.0,1.0,3.0,2.0,2.1764705882352944,0.48442906574394473,2.0,16.33,34.7633333333,18.4333333333,31.652549019588236,3.6597462514256045,34.7633333333,0.0,0.464,0.464,0.27294117647058824,0.22477508650519035,0.464,0.0,0.0,0.0,0.0,0.0,0.0,152.0,225.0,73.0,164.7058823529412,14.94809688581315,152.0,1.8823529411764708,3.235294117647059,10.0,0.0,0.12451361867704282,0.21400778210116733,0.6614785992217899,0.0,7.681239011954627,0.0887500000000002,0.4,1.0,0.0,0.11764705882352942,0.29411764705882354,0.5882352941176471,300.0,0.0,0.0
"State of the art Ag50-xSbxSe50-yTey alloys Their high zT values, microstructures and related phase equilibria.pdf",10.1016/j.actamat.2015.04.011,AgSbTe2-family,45Te(S),Ag0.45SbTe2,Ag,0.45,Ag,,Ag (0.45) @ Ag site,figure,Fig. 4b,Visually estimated from Fig. 4b,250.0,uV/K,False,47.0,52.0,5.0,51.05797101449275,1.0922075194286918,52.0,65.0,90.0,25.0,85.28985507246377,5.4610375971434575,90.0,107.8682,127.6,19.731799999999993,123.33353333333332,4.9466280193236685,127.6,722.66,1234.93,512.2700000000001,841.9763768115943,138.33782818735563,722.66,11.0,16.0,5.0,15.057971014492754,1.0922075194286913,16.0,5.0,5.0,0.0,5.0,0.0,5.0,138.0,145.0,7.0,139.20289855072463,1.5122873345935641,138.0,1.93,2.1,0.17000000000000015,2.063333333333333,0.042512077294686146,2.1,1.0,2.0,1.0,1.8695652173913042,0.226843100189036,2.0,0.0,4.0,4.0,3.1884057971014492,0.9409787859693342,4.0,10.0,10.0,0.0,10.0,0.0,10.0,0.0,0.0,0.0,0.0,0.0,0.0,11.0,16.0,5.0,15.057971014492754,1.0922075194286913,16.0,0.0,1.0,1.0,0.13043478260869565,0.2268431001890359,0.0,0.0,3.0,3.0,2.0289855072463765,0.5629069523209408,2.0,0.0,0.0,0.0,0.0,0.0,0.0,0.0,0.0,0.0,0.0,0.0,0.0,1.0,3.0,2.0,2.1594202898550723,0.4872925855912623,2.0,16.33,34.7633333333,18.4333333333,31.430483091768114,3.939256458722116,34.7633333333,0.0,0.464,0.464,0.2689855072463768,0.22610375971434574,0.464,0.0,0.0,0.0,0.0,0.0,0.0,152.0,225.0,73.0,165.57971014492753,15.744591472379751,152.0,1.8695652173913042,3.1884057971014492,10.0,0.0,0.12415784408084696,0.21174205967276227,0.6641000962463908,0.0,7.8214395649005795,0.09164179104477631,0.45,1.0,0.0,0.13043478260869565,0.2898550724637681,0.5797101449275363,300.0,0.0,0.0
Strong anharmonicity induced low lattice thermal conductivity and high thermoelectric performance in system.pdf,10.1063/5.0095121,(Cu1-yInTe2)0.95(AgSbTe2)0.05,(CuInTe2)0.99(AgSbTe2)0.01,(CuInTe2)0.99(AgSbTe2)0.01,Ag,0.01,unclear,Sb (0.01) @ unclear,Ag (0.01) @ unclear site; Sb (0.01) @ unclear site,figure,,Visually estimated from Fig. 1(b),379.99999999999994,uV/K,False,29.0,52.0,23.0,45.550000000000004,8.192249999999998,52.0,64.0,90.0,26.0,79.77750000000002,10.248612500000002,90.0,63.546,127.6,64.054,108.51916050000001,22.264969249999993,127.6,429.75,1357.77,928.02,809.087975,274.200272625,722.66,11.0,16.0,5.0,14.005,1.999975,16.0,4.0,5.0,1.0,4.752500000000001,0.3724874999999994,5.0,132.0,145.0,13.0,137.52500000000003,2.7348749999999833,138.0,1.78,2.1,0.32000000000000006,1.9707500000000004,0.12964625000000007,2.1,1.0,2.0,1.0,1.75,0.37500000000000006,2.0,0.0,4.0,4.0,2.2550000000000003,1.7487250000000003,4.0,10.0,10.0,0.0,10.000000000000002,1.7763568394002505e-15,10.0,0.0,0.0,0.0,0.0,0.0,0.0,11.0,16.0,5.0,14.005,1.999975,16.0,0.0,1.0,1.0,0.25000000000000006,0.3750000000000001,0.0,0.0,5.0,5.0,2.245,1.3675000000000002,2.0,0.0,0.0,0.0,0.0,0.0,0.0,0.0,0.0,0.0,0.0,0.0,0.0,1.0,5.0,4.0,2.4950000000000006,1.2425000000000004,2.0,11.07,34.7633333333,23.693333333299996,26.245566666650003,8.544338833316749,34.7633333333,0.0,0.464,0.464,0.23200000000000004,0.23200000000000004,0.464,0.0,0.0,0.0,0.0,0.0,0.0,139.0,225.0,86.0,167.06750000000002,28.966250000000016,152.0,1.75,2.2550000000000003,10.000000000000002,0.0,0.12495537308104247,0.16101392359871475,0.7140307033202429,0.0,8.877530814278654,0.2305996254830871,0.01,2.0,1.0,0.0025000000000000005,0.0025000000000000005,0.5000000000000001,300.0,,
Strong anharmonicity induced low lattice thermal conductivity and high thermoelectric performance in system.pdf,10.1063/5.0095121,(Cu1-yInTe2)0.95(AgSbTe2)0.05,(CuInTe2)0.97(AgSbTe2)0.03,(CuInTe2)0.97(AgSbTe2)0.03,Ag,0.03,unclear,Sb (0.03) @ unclear,Ag (0.03) @ unclear site; Sb (0.03) @ unclear site,figure,,Visually estimated from Fig. 1(b),320.0,uV/K,False,29.0,52.0,23.0,45.650000000000006,8.075249999999999,52.0,64.0,90.0,26.0,79.83250000000001,10.245012500000001,90.0,63.546,127.6,64.054,108.77548150000001,21.949907749999994,127.6,429.75,1357.77,928.02,810.8439250000001,273.0144786250001,722.66,11.0,16.0,5.0,14.015000000000002,1.9997749999999999,16.0,4.0,5.0,1.0,4.7575,0.36738749999999987,5.0,132.0,145.0,13.0,137.57500000000002,2.7038749999999916,138.0,1.78,2.1,0.32000000000000006,1.9722500000000003,0.12891625000000007,2.1,1.0,2.0,1.0,1.7500000000000002,0.37499999999999994,2.0,0.0,4.0,4.0,2.2650000000000006,1.7460250000000002,4.0,10.0,10.0,0.0,10.0,0.0,10.0,0.0,0.0,0.0,0.0,0.0,0.0,11.0,16.0,5.0,14.015000000000002,1.9997749999999999,16.0,0.0,1.0,1.0,0.25000000000000006,0.3750000000000001,0.0,0.0,5.0,5.0,2.2350000000000003,1.3525000000000003,2.0,0.0,0.0,0.0,0.0,0.0,0.0,0.0,0.0,0.0,0.0,0.0,0.0,1.0,5.0,4.0,2.4850000000000003,1.2275000000000005,2.0,11.07,34.7633333333,23.693333333299996,26.308366666650002,8.533741166650248,34.7633333333,0.0,0.464,0.464,0.23200000000000004,0.232,0.464,0.0,0.0,0.0,0.0,0.0,0.0,139.0,225.0,86.0,167.20250000000001,28.89875000000001,152.0,1.7500000000000002,2.2650000000000006,10.0,0.0,0.1248662147698894,0.16161255797359972,0.7135212272565108,0.0,9.204873842506112,0.2278431062433278,0.03,2.0,1.0,0.007500000000000001,0.007500000000000001,0.5000000000000001,300.0,,
Strong anharmonicity induced low lattice thermal conductivity and high thermoelectric performance in system.pdf,10.1063/5.0095121,(Cu1-yInTe2)0.95(AgSbTe2)0.05,(CuInTe2)0.95(AgSbTe2)0.05,(CuInTe2)0.95(AgSbTe2)0.05,Ag,0.05,unclear,Sb (0.05) @ unclear,Ag (0.05) @ unclear site; Sb (0.05) @ unclear site,figure,,Visually estimated from Fig. 1(b),280.0,uV/K,False,29.0,52.0,23.0,45.75000000000001,7.956249999999997,52.0,64.0,90.0,26.0,79.88750000000002,10.2403125,90.0,63.546,127.6,64.054,109.03180250000003,21.63484624999999,127.6,429.75,1357.77,928.02,812.5998750000001,271.7935656250001,722.66,11.0,16.0,5.0,14.025,1.9993750000000001,16.0,4.0,5.0,1.0,4.762500000000001,0.36218749999999944,5.0,132.0,145.0,13.0,137.62500000000003,2.6718749999999853,138.0,1.78,2.1,0.32000000000000006,1.9737500000000001,0.12815625000000008,2.1,1.0,2.0,1.0,1.75,0.37500000000000006,2.0,0.0,4.0,4.0,2.2750000000000004,1.743125,4.0,10.0,10.0,0.0,10.000000000000002,1.7763568394002505e-15,10.0,0.0,0.0,0.0,0.0,0.0,0.0,11.0,16.0,5.0,14.025,1.9993750000000001,16.0,0.0,1.0,1.0,0.25000000000000006,0.3750000000000001,0.0,0.0,5.0,5.0,2.2250000000000005,1.3375000000000006,2.0,0.0,0.0,0.0,0.0,0.0,0.0,0.0,0.0,0.0,0.0,0.0,0.0,1.0,5.0,4.0,2.4750000000000005,1.2125000000000006,2.0,11.07,34.7633333333,23.693333333299996,26.371166666650005,8.52188749998375,34.7633333333,0.0,0.464,0.464,0.23200000000000004,0.23200000000000007,0.464,0.0,0.0,0.0,0.0,0.0,0.0,139.0,225.0,86.0,167.3375,28.831250000000004,152.0,1.75,2.2750000000000004,10.000000000000002,0.0,0.12477718360071301,0.16221033868092694,0.7130124777183602,0.0,9.469993267257859,0.22514229636898936,0.05,2.0,1.0,0.012500000000000002,0.012500000000000002,0.5000000000000001,300.0,,
Strong anharmonicity induced low lattice thermal conductivity and high thermoelectric performance in system.pdf,10.1063/5.0095121,(Cu1-yInTe2)0.95(AgSbTe2)0.05,(CuInTe2)0.93(AgSbTe2)0.07,(CuInTe2)0.93(AgSbTe2)0.07,Ag,0.07,unclear,Sb (0.07) @ unclear,Ag (0.07) @ unclear site; Sb (0.07) @ unclear site,figure,,Visually estimated from Fig. 1(b),239.99999999999997,uV/K,False,29.0,52.0,23.0,45.85,7.835249999999999,52.0,64.0,90.0,26.0,79.9425,10.2345125,90.0,63.546,127.6,64.054,109.2881235,21.31978475,127.6,429.75,1357.77,928.02,814.355825,270.53753362500004,722.66,11.0,16.0,5.0,14.035,1.998775,16.0,4.0,5.0,1.0,4.767500000000001,0.3568874999999996,5.0,132.0,145.0,13.0,137.67499999999998,2.638875000000009,138.0,1.78,2.1,0.32000000000000006,1.9752500000000002,0.12736625000000004,2.1,1.0,2.0,1.0,1.75,0.37500000000000006,2.0,0.0,4.0,4.0,2.285,1.740025,4.0,10.0,10.0,0.0,10.000000000000002,1.7763568394002505e-15,10.0,0.0,0.0,0.0,0.0,0.0,0.0,11.0,16.0,5.0,14.035,1.998775,16.0,0.0,1.0,1.0,0.25,0.37500000000000006,0.0,0.0,5.0,5.0,2.2150000000000003,1.3225000000000002,2.0,0.0,0.0,0.0,0.0,0.0,0.0,0.0,0.0,0.0,0.0,0.0,0.0,1.0,5.0,4.0,2.4650000000000003,1.1975,2.0,11.07,34.7633333333,23.693333333299996,26.433966666649997,8.508777833317248,34.7633333333,0.0,0.464,0.464,0.232,0.23200000000000004,0.464,0.0,0.0,0.0,0.0,0.0,0.0,139.0,225.0,86.0,167.4725,28.76375,152.0,1.75,2.285,10.000000000000002,0.0,0.12468827930174564,0.16280726754542216,0.7125044531528323,0.0,9.699155253631288,0.22249347004015446,0.07,2.0,1.0,0.0175,0.0175,0.5,300.0,,
Structural Characterization and Thermoelectric Properties of Br-Doped AgSnm[Sb0.8Bi0.2]Te2+m Systems.pdf,10.3390/ma16155213,AgSnm[Sb0.8Bi0.2]Te2+m,AgSn4[Sb0.8Bi0.2]Te6,AgSn4[Sb0.8Bi0.2]Te6,,,,,,Table 2,,,40.0,uV/K,False,47.0,83.0,36.0,51.366666666666674,1.6877777777777776,52.0,65.0,90.0,25.0,84.18333333333334,5.98611111111111,90.0,107.8682,208.9804,101.1122,123.95935666666666,6.4746781111111105,127.6,505.08,1234.93,729.8500000000001,701.9261666666666,136.48165,722.66,11.0,16.0,5.0,14.833333333333334,1.1944444444444444,16.0,5.0,6.0,1.0,5.016666666666667,0.03277777777777772,5.0,138.0,148.0,10.0,139.15,1.2700000000000047,138.0,1.93,2.1,0.17000000000000015,2.0345,0.06756666666666672,2.1,1.0,2.0,1.0,1.9166666666666667,0.1527777777777777,2.0,0.0,4.0,4.0,2.9166666666666665,1.097222222222222,4.0,10.0,10.0,0.0,10.0,0.0,10.0,0.0,14.0,14.0,0.23333333333333336,0.45888888888888896,0.0,11.0,29.0,18.0,15.066666666666668,1.3977777777777778,16.0,0.0,1.0,1.0,0.08333333333333333,0.15277777777777776,0.0,0.0,4.0,4.0,2.5833333333333335,1.013888888888889,2.0,0.0,0.0,0.0,0.0,0.0,0.0,0.0,0.0,0.0,0.0,0.0,0.0,1.0,4.0,3.0,2.6666666666666665,0.9444444444444443,2.0,16.33,34.7633333333,18.4333333333,32.49066666664999,2.817533333328336,34.7633333333,0.0,0.464,0.464,0.232,0.232,0.464,0.0,0.0,0.0,0.0,0.0,0.0,12.0,225.0,213.0,153.01666666666665,13.728333333333325,152.0,1.9166666666666667,2.9166666666666665,10.0,0.23333333333333336,0.12721238938053098,0.19358407079646014,0.663716814159292,0.015486725663716814,9.716522107890086,0.11715677590788316,,0.0,0.0,0.08333333333333333,0.06666666666666667,0.5,300.0,,
Structural Characterization and Thermoelectric Properties of Br-Doped AgSnm[Sb0.8Bi0.2]Te2+m Systems.pdf,10.3390/ma16155213,AgSnm[Sb0.8Bi0.2]Te2+m,AgSn4[Sb0.8Bi0.2]Te5.97Br0.03,AgSn4[Sb0.8Bi0.2]Te5.97Br0.03,Br,0.03,Te,,Br (0.03) @ Te site,Table 2,,,56.99999999999999,uV/K,False,35.0,83.0,48.0,51.32416666666667,1.7283152777777782,52.0,65.0,95.0,30.0,84.19583333333335,5.996527777777775,90.0,79.904,208.9804,129.0764,123.84011666666669,6.57909336111111,127.6,265.8,1234.93,969.1300000000001,700.7840166666667,137.85706508333334,722.66,11.0,17.0,6.0,14.835833333333333,1.1965277777777779,16.0,4.0,6.0,2.0,5.014166666666667,0.03286111111111154,5.0,120.0,148.0,28.0,139.10500000000002,1.2790000000000146,138.0,1.93,2.96,1.03,2.0366500000000003,0.06943000000000002,2.1,1.0,2.0,1.0,1.9166666666666667,0.15277777777777773,2.0,0.0,5.0,5.0,2.9191666666666665,1.0993055555555558,4.0,10.0,10.0,0.0,10.0,0.0,10.0,0.0,14.0,14.0,0.2333333333333334,0.45888888888888907,0.0,11.0,29.0,18.0,15.069166666666668,1.4001944444444447,16.0,0.0,1.0,1.0,0.08333333333333334,0.1527777777777778,0.0,0.0,4.0,4.0,2.5808333333333335,1.0159722222222223,2.0,0.0,0.0,0.0,0.0,0.0,0.0,0.0,0.0,0.0,0.0,0.0,0.0,1.0,4.0,3.0,2.664166666666667,0.946527777777778,2.0,16.33,34.7633333333,18.4333333333,32.477458333316754,2.8285581249949368,34.7633333333,0.0,1.457,1.457,0.23448250000000004,0.23448250000000004,0.464,0.0,0.0,0.0,0.0,0.0,0.0,12.0,225.0,213.0,152.79666666666668,13.794333333333345,152.0,1.9166666666666667,2.9191666666666665,10.0,0.2333333333333334,0.12719128463197477,0.19371785655035112,0.6636067024276945,0.015484156389979542,9.847387866423723,0.12350545114481769,0.03,1.0,0.0,0.08333333333333334,0.06666666666666668,0.49750000000000005,300.0,1.0,0.24999999999999978
Structural Characterization and Thermoelectric Properties of Br-Doped AgSnm[Sb0.8Bi0.2]Te2+m Systems.pdf,10.3390/ma16155213,AgSnm[Sb0.8Bi0.2]Te2+m,AgSn2[Sb0.8Bi0.2]Te3.97Br0.03,AgSn2[Sb0.8Bi0.2]Te3.97Br0.03,Br,0.03,Te,,Br (0.03) @ Te site,Table 2,,,74.0,uV/K,False,35.0,83.0,48.0,51.486250000000005,2.0855843750000003,52.0,65.0,95.0,30.0,83.79375,6.5953124999999995,90.0,79.904,208.9804,129.0764,124.182675,7.631581312499998,127.6,265.8,1234.93,969.1300000000001,744.241025,154.58003875000006,722.66,11.0,17.0,6.0,14.753750000000002,1.3153124999999997,16.0,4.0,6.0,2.0,5.021249999999999,0.04893749999999936,5.0,120.0,148.0,28.0,139.4075,1.8277499999999993,138.0,1.93,2.96,1.03,2.039975,0.06848000000000003,2.1,1.0,2.0,1.0,1.8750000000000002,0.21874999999999983,2.0,0.0,5.0,5.0,2.87875,1.1590624999999999,4.0,10.0,10.0,0.0,10.0,0.0,10.0,0.0,14.0,14.0,0.35000000000000003,0.6825000000000001,0.0,11.0,29.0,18.0,15.10375,1.5985625,16.0,0.0,1.0,1.0,0.125,0.21875,0.0,0.0,4.0,4.0,2.3712500000000003,0.9715625000000001,2.0,0.0,0.0,0.0,0.0,0.0,0.0,0.0,0.0,0.0,0.0,0.0,0.0,1.0,4.0,3.0,2.4962500000000003,0.8778125000000001,2.0,16.33,34.7633333333,18.4333333333,31.704104166650126,3.8890276562424297,34.7633333333,0.0,1.457,1.457,0.23572375,0.23572375,0.464,0.0,0.0,0.0,0.0,0.0,0.0,12.0,225.0,213.0,155.945,19.27475,152.0,1.8750000000000002,2.87875,10.0,0.35000000000000003,0.12414135562360343,0.1905983613341058,0.6620872299925515,0.023173053049739305,10.789195627022929,0.1210777711463362,0.03,1.0,0.0,0.125,0.1,0.49625,300.0,1.0,0.24999999999999978
Structural Characterization and Thermoelectric Properties of Br-Doped AgSnm[Sb0.8Bi0.2]Te2+m Systems.pdf,10.3390/ma16155213,AgSnm[Sb0.8Bi0.2]Te2+m,AgSn2[Sb0.8Bi0.2]Te4,AgSn2[Sb0.8Bi0.2]Te4,Sn,m=2,unclear,Bi (0.2) @ Sb,Sn (m=2) @ unclear site; Bi (0.2) @ Sb site,table,Table 2,,56.99999999999999,uV/K,False,47.0,83.0,36.0,51.55,2.0225,52.0,65.0,90.0,25.0,83.775,6.581249999999999,90.0,107.8682,208.9804,101.1122,124.361535,7.469408249999998,127.6,505.08,1234.93,729.8500000000001,745.95425,153.80908750000003,722.66,11.0,16.0,5.0,14.75,1.3125,16.0,5.0,6.0,1.0,5.025,0.04875000000000034,5.0,138.0,148.0,10.0,139.47500000000002,1.807500000000016,138.0,1.93,2.1,0.17000000000000015,2.03675,0.06590000000000004,2.1,1.0,2.0,1.0,1.875,0.21875,2.0,0.0,4.0,4.0,2.875,1.15625,4.0,10.0,10.0,0.0,10.0,0.0,10.0,0.0,14.0,14.0,0.35000000000000003,0.6825000000000001,0.0,11.0,29.0,18.0,15.1,1.5950000000000002,16.0,0.0,1.0,1.0,0.125,0.21875,0.0,0.0,4.0,4.0,2.375,0.96875,2.0,0.0,0.0,0.0,0.0,0.0,0.0,0.0,0.0,0.0,0.0,0.0,0.0,1.0,4.0,3.0,2.5,0.875,2.0,16.33,34.7633333333,18.4333333333,31.72391666665,3.881262499992499,34.7633333333,0.0,0.464,0.464,0.232,0.232,0.464,0.0,0.0,0.0,0.0,0.0,0.0,12.0,225.0,213.0,156.27499999999998,19.126249999999988,152.0,1.875,2.875,10.0,0.35000000000000003,0.12417218543046359,0.19039735099337748,0.6622516556291391,0.02317880794701987,10.605578218249192,0.11204158790170143,0.02,2.0,1.0,0.125,0.1,0.5,300.0,,
"Structural, characterization and electrical properties of AgPbmSbTem+2 compounds synthesized through a solid-state microwave technique.pdf",10.1016/j.ijhydene.2015.12.205,AgSbTe2,AgSbTe2 (m=0),AgSbTe2,none,0,unclear,,none (0) @ unclear site,table,Table 4,,-49.6,uV/K,False,47.0,52.0,5.0,50.5,1.75,52.0,65.0,90.0,25.0,82.5,8.75,90.0,107.8682,127.6,19.731799999999993,121.20705,6.669425,127.6,722.66,1234.93,512.2700000000001,896.0074999999999,173.34750000000003,722.66,11.0,16.0,5.0,14.5,1.75,16.0,5.0,5.0,0.0,5.0,0.0,5.0,138.0,145.0,7.0,140.0,2.5,138.0,1.93,2.1,0.17000000000000015,2.045,0.05750000000000005,2.1,1.0,2.0,1.0,1.75,0.375,2.0,0.0,4.0,4.0,2.75,1.375,4.0,10.0,10.0,0.0,10.0,0.0,10.0,0.0,0.0,0.0,0.0,0.0,0.0,11.0,16.0,5.0,14.5,1.75,16.0,0.0,1.0,1.0,0.25,0.375,0.0,0.0,3.0,3.0,1.75,0.875,2.0,0.0,0.0,0.0,0.0,0.0,0.0,0.0,0.0,0.0,0.0,0.0,0.0,1.0,3.0,2.0,2.0,0.5,2.0,16.33,34.7633333333,18.4333333333,29.35416666665,6.512083333324999,34.7633333333,0.0,0.464,0.464,0.232,0.232,0.464,0.0,0.0,0.0,0.0,0.0,0.0,152.0,225.0,73.0,173.75,25.625,152.0,1.75,2.75,10.0,0.0,0.1206896551724138,0.1896551724137931,0.6896551724137931,0.0,8.644719482306641,0.11200000000000014,0.0,1.0,0.0,0.25,0.25,0.5,300.0,,
"Structural, characterization and electrical properties of AgPbmSbTem+2 compounds synthesized through a solid-state microwave technique.pdf",10.1016/j.ijhydene.2015.12.205,AgSbTe2,AgPb2SbTe4 (m=2),AgPb2SbTe4,Pb,m=2,Ag,,Pb (m=2) @ Ag site,table,Table 4,,-83.2,uV/K,False,47.0,82.0,35.0,58.75,11.625,52.0,65.0,90.0,25.0,84.0,6.25,90.0,107.8682,207.2,99.33179999999999,144.30352499999998,31.44823749999999,127.6,600.61,1234.93,634.32,778.82125,145.266875,722.66,11.0,16.0,5.0,14.75,1.3125,16.0,5.0,6.0,1.0,5.25,0.375,5.0,138.0,146.0,8.0,141.0,3.5,138.0,1.93,2.33,0.40000000000000013,2.13,0.09999999999999995,2.1,1.0,2.0,1.0,1.875,0.21875,2.0,0.0,4.0,4.0,2.875,1.15625,4.0,10.0,10.0,0.0,10.0,0.0,10.0,0.0,14.0,14.0,3.5,5.25,0.0,11.0,28.0,17.0,18.25,4.875,16.0,0.0,1.0,1.0,0.125,0.21875,0.0,0.0,4.0,4.0,2.375,0.96875,2.0,0.0,0.0,0.0,0.0,0.0,0.0,0.0,0.0,0.0,0.0,0.0,0.0,1.0,4.0,3.0,2.5,0.875,2.0,16.33,34.7633333333,18.4333333333,30.39541666665,4.659062499987499,34.7633333333,0.0,0.464,0.464,0.232,0.232,0.464,0.0,0.0,0.0,0.0,0.0,0.0,152.0,225.0,73.0,181.125,32.90625,152.0,1.875,2.875,10.0,3.5,0.10273972602739725,0.15753424657534246,0.547945205479452,0.1917808219178082,10.085506062691083,0.2000000000000001,0.02,1.0,0.0,0.125,0.125,0.5,300.0,1.0,0.040000000000000036
"Structural, characterization and electrical properties of AgPbmSbTem+2 compounds synthesized through a solid-state microwave technique.pdf",10.1016/j.ijhydene.2015.12.205,AgSbTe2,AgPb4SbTe6 (m=4),AgPb4SbTe6,Pb,m=4,Ag,,Pb (m=4) @ Ag site,table,Table 4,,-6.799999999999999,uV/K,False,47.0,82.0,35.0,61.5,13.666666666666666,52.0,65.0,90.0,25.0,84.5,5.583333333333333,90.0,107.8682,207.2,99.33179999999999,152.00235,36.79843333333333,127.6,600.61,1234.93,634.32,739.7591666666667,109.86527777777782,722.66,11.0,16.0,5.0,14.833333333333334,1.1944444444444444,16.0,5.0,6.0,1.0,5.333333333333333,0.44444444444444436,5.0,138.0,146.0,8.0,141.33333333333334,3.7222222222222237,138.0,1.93,2.33,0.40000000000000013,2.1583333333333337,0.11444444444444456,2.1,1.0,2.0,1.0,1.9166666666666667,0.1527777777777777,2.0,0.0,4.0,4.0,2.9166666666666665,1.0972222222222223,4.0,10.0,10.0,0.0,10.0,0.0,10.0,0.0,14.0,14.0,4.666666666666667,6.222222222222221,0.0,11.0,28.0,17.0,19.5,5.666666666666667,16.0,0.0,1.0,1.0,0.08333333333333333,0.15277777777777776,0.0,0.0,4.0,4.0,2.5833333333333335,1.013888888888889,2.0,0.0,0.0,0.0,0.0,0.0,0.0,0.0,0.0,0.0,0.0,0.0,0.0,1.0,4.0,3.0,2.6666666666666665,0.9444444444444443,2.0,16.33,34.7633333333,18.4333333333,30.742499999983334,4.157083333319442,34.7633333333,0.0,0.464,0.464,0.232,0.232,0.464,0.0,0.0,0.0,0.0,0.0,0.0,152.0,225.0,73.0,183.58333333333334,34.51388888888889,152.0,1.9166666666666667,2.9166666666666665,10.0,4.666666666666667,0.09829059829059829,0.14957264957264957,0.5128205128205128,0.23931623931623933,9.369807337518013,0.21511111111111117,0.04,1.0,0.0,0.08333333333333333,0.08333333333333333,0.5,300.0,1.0,0.040000000000000036
"Structural, characterization and electrical properties of AgPbmSbTem+2 compounds synthesized through a solid-state microwave technique.pdf",10.1016/j.ijhydene.2015.12.205,AgSbTe2,AgPb6SbTe8 (m=6),AgPb6SbTe8,Pb,m=6,Ag,,Pb (m=6) @ Ag site,table,Table 4,,-104.0,uV/K,False,47.0,82.0,35.0,62.875,14.34375,52.0,65.0,90.0,25.0,84.75,5.28125,90.0,107.8682,207.2,99.33179999999999,155.85176249999998,38.511178124999994,127.6,600.61,1234.93,634.32,720.228125,89.71359375,722.66,11.0,16.0,5.0,14.875,1.140625,16.0,5.0,6.0,1.0,5.375,0.46875,5.0,138.0,146.0,8.0,141.5,3.8125,138.0,1.93,2.33,0.40000000000000013,2.1725000000000003,0.11812500000000008,2.1,1.0,2.0,1.0,1.9375,0.1171875,2.0,0.0,4.0,4.0,2.9375,1.0703125,4.0,10.0,10.0,0.0,10.0,0.0,10.0,0.0,14.0,14.0,5.25,6.5625,0.0,11.0,28.0,17.0,20.125,5.90625,16.0,0.0,1.0,1.0,0.0625,0.1171875,0.0,0.0,4.0,4.0,2.6875,1.0234375,2.0,0.0,0.0,0.0,0.0,0.0,0.0,0.0,0.0,0.0,0.0,0.0,0.0,1.0,4.0,3.0,2.75,0.96875,2.0,16.33,34.7633333333,18.4333333333,30.91604166665,3.9277864583187485,34.7633333333,0.0,0.464,0.464,0.232,0.232,0.464,0.0,0.0,0.0,0.0,0.0,0.0,152.0,225.0,73.0,184.8125,35.1640625,152.0,1.9375,2.9375,10.0,5.25,0.09627329192546584,0.14596273291925466,0.4968944099378882,0.2608695652173913,8.821296881090335,0.22077922077922082,0.06,1.0,0.0,0.0625,0.0625,0.5,300.0,1.0,0.040000000000000036
"Structural, characterization and electrical properties of AgPbmSbTem+2 compounds synthesized through a solid-state microwave technique.pdf",10.1016/j.ijhydene.2015.12.205,AgSbTe2,AgPb8SbTe10 (m=8),AgPb8SbTe10,Pb,m=8,Ag,,Pb (m=8) @ Ag site,table,Table 4,,-295.2,uV/K,False,47.0,82.0,35.0,63.7,14.639999999999997,52.0,65.0,90.0,25.0,84.9,5.109999999999999,90.0,107.8682,207.2,99.33179999999999,158.16141,39.230872,127.6,600.61,1234.93,634.32,708.5094999999999,86.31960000000001,722.66,11.0,16.0,5.0,14.9,1.1099999999999999,16.0,5.0,6.0,1.0,5.4,0.4800000000000001,5.0,138.0,146.0,8.0,141.6,3.8599999999999994,138.0,1.93,2.33,0.40000000000000013,2.181,0.11920000000000001,2.1,1.0,2.0,1.0,1.95,0.09500000000000004,2.0,0.0,4.0,4.0,2.95,1.0550000000000002,4.0,10.0,10.0,0.0,10.0,0.0,10.0,0.0,14.0,14.0,5.6,6.719999999999999,0.0,11.0,28.0,17.0,20.5,6.0,16.0,0.0,1.0,1.0,0.05,0.095,0.0,0.0,4.0,4.0,2.75,1.025,2.0,0.0,0.0,0.0,0.0,0.0,0.0,0.0,0.0,0.0,0.0,0.0,0.0,1.0,4.0,3.0,2.8,0.9800000000000001,2.0,16.33,34.7633333333,18.4333333333,31.02016666665,3.797149999984999,34.7633333333,0.0,0.464,0.464,0.23200000000000004,0.23200000000000004,0.464,0.0,0.0,0.0,0.0,0.0,0.0,152.0,225.0,73.0,185.55,35.505,152.0,1.95,2.95,10.0,5.6,0.0951219512195122,0.14390243902439026,0.4878048780487805,0.27317073170731704,8.41974957592397,0.2235897435897436,0.08,1.0,0.0,0.05,0.05,0.5,300.0,1.0,0.040000000000000036
"Structural, characterization and electrical properties of AgPbmSbTem+2 compounds synthesized through a solid-state microwave technique.pdf",10.1016/j.ijhydene.2015.12.205,AgSbTe2,AgPb10SbTe12 (m=10),AgPb10SbTe12,Pb,m=10,Ag,,Pb (m=10) @ Ag site,table,Table 4,,-146.8,uV/K,False,47.0,82.0,35.0,64.25,14.791666666666666,52.0,65.0,90.0,25.0,85.0,5.0,90.0,107.8682,207.2,99.33179999999999,159.701175,39.58235416666667,127.6,600.61,1234.93,634.32,700.6970833333334,83.40590277777777,722.66,11.0,16.0,5.0,14.916666666666666,1.090277777777778,16.0,5.0,6.0,1.0,5.416666666666667,0.48611111111111116,5.0,138.0,146.0,8.0,141.66666666666666,3.888888888888888,138.0,1.93,2.33,0.40000000000000013,2.186666666666667,0.1194444444444445,2.1,1.0,2.0,1.0,1.9583333333333333,0.07986111111111117,2.0,0.0,4.0,4.0,2.9583333333333335,1.045138888888889,4.0,10.0,10.0,0.0,10.0,0.0,10.0,0.0,14.0,14.0,5.833333333333333,6.805555555555556,0.0,11.0,28.0,17.0,20.75,6.041666666666667,16.0,0.0,1.0,1.0,0.041666666666666664,0.07986111111111112,0.0,0.0,4.0,4.0,2.7916666666666665,1.0243055555555556,2.0,0.0,0.0,0.0,0.0,0.0,0.0,0.0,0.0,0.0,0.0,0.0,0.0,1.0,4.0,3.0,2.8333333333333335,0.986111111111111,2.0,16.33,34.7633333333,18.4333333333,31.089583333316664,3.7129513888736096,34.7633333333,0.0,0.464,0.464,0.232,0.23200000000000007,0.464,0.0,0.0,0.0,0.0,0.0,0.0,152.0,225.0,73.0,186.04166666666666,35.71180555555555,152.0,1.9583333333333333,2.9583333333333335,10.0,5.833333333333333,0.09437751004016064,0.142570281124498,0.4819277108433735,0.28112449799196787,8.116495679119133,0.2252121212121213,0.1,1.0,0.0,0.041666666666666664,0.041666666666666664,0.5,300.0,1.0,0.040000000000000036
Synergistic Effect of Mg–Se Co-Doping and Post-Annealing on the Thermoelectric Performance of Polycrystalline AgSbTe2.pdf,10.1021/acsaem.6c01258,AgSbTe2,AgSb0.95Mg0.05Te1.85Se0.15,AgSb0.95Mg0.05Te1.85Se0.15,Mg,5 at%,Sb,Se (15 at%) @ Te,Mg (5 at%) @ Sb site; Se (15 at%) @ Te site,body text,,,190.69999999999996,uV/K,False,12.0,52.0,40.0,49.3375,3.252500000000001,52.0,65.0,90.0,25.0,82.25,8.981250000000001,90.0,24.305,127.6,103.29499999999999,118.1648625,10.4351925,127.6,494.0,1234.93,740.9300000000001,887.6729999999999,182.16250000000002,722.66,2.0,16.0,14.0,14.3375,1.9771874999999999,16.0,3.0,5.0,2.0,4.9375,0.11875,5.0,120.0,145.0,25.0,139.35,2.8662499999999973,138.0,1.31,2.55,1.2399999999999998,2.052625,0.0811250000000001,2.1,1.0,2.0,1.0,1.75,0.375,2.0,0.0,4.0,4.0,2.7125,1.4240625000000002,4.0,0.0,10.0,10.0,9.875,0.246875,10.0,0.0,0.0,0.0,0.0,0.0,0.0,2.0,16.0,14.0,14.3375,1.9771874999999999,16.0,0.0,1.0,1.0,0.25,0.375,0.0,0.0,3.0,3.0,1.7125,0.8990625,2.0,0.0,0.0,0.0,0.0,0.0,0.0,0.0,0.0,0.0,0.0,0.0,0.0,0.0,3.0,3.0,1.9625,0.5303125000000001,2.0,16.33,34.7633333333,18.4333333333,28.914166666651248,6.66724999999075,34.7633333333,0.0,0.799,0.799,0.24456250000000002,0.2445625,0.464,0.0,0.0,0.0,0.0,0.0,0.0,14.0,225.0,211.0,168.92499999999998,28.664374999999993,152.0,1.75,2.7125,9.875,0.0,0.12205754141238012,0.18918918918918917,0.6887532693984306,0.0,10.164778205710808,0.17915962441314565,0.05,2.0,1.0,0.25,0.2375,0.4625,300.0,1.0,0.040000000000000036
Synergistic Effect of Mg–Se Co-Doping and Post-Annealing on the Thermoelectric Performance of Polycrystalline AgSbTe2.pdf,10.1021/acsaem.6c01258,AgSbTe2,AgSbTe2,AgSbTe2,,,,,,figure,Figure 2b,Visually estimated from Figure 2b,150.0,uV/K,False,47.0,52.0,5.0,50.5,1.75,52.0,65.0,90.0,25.0,82.5,8.75,90.0,107.8682,127.6,19.731799999999993,121.20705,6.669425,127.6,722.66,1234.93,512.2700000000001,896.0074999999999,173.34750000000003,722.66,11.0,16.0,5.0,14.5,1.75,16.0,5.0,5.0,0.0,5.0,0.0,5.0,138.0,145.0,7.0,140.0,2.5,138.0,1.93,2.1,0.17000000000000015,2.045,0.05750000000000005,2.1,1.0,2.0,1.0,1.75,0.375,2.0,0.0,4.0,4.0,2.75,1.375,4.0,10.0,10.0,0.0,10.0,0.0,10.0,0.0,0.0,0.0,0.0,0.0,0.0,11.0,16.0,5.0,14.5,1.75,16.0,0.0,1.0,1.0,0.25,0.375,0.0,0.0,3.0,3.0,1.75,0.875,2.0,0.0,0.0,0.0,0.0,0.0,0.0,0.0,0.0,0.0,0.0,0.0,0.0,1.0,3.0,2.0,2.0,0.5,2.0,16.33,34.7633333333,18.4333333333,29.35416666665,6.512083333324999,34.7633333333,0.0,0.464,0.464,0.232,0.232,0.464,0.0,0.0,0.0,0.0,0.0,0.0,152.0,225.0,73.0,173.75,25.625,152.0,1.75,2.75,10.0,0.0,0.1206896551724138,0.1896551724137931,0.6896551724137931,0.0,8.644719482306641,0.11200000000000014,,0.0,0.0,0.25,0.25,0.5,300.0,,
Synergistic Effect of Mg–Se Co-Doping and Post-Annealing on the Thermoelectric Performance of Polycrystalline AgSbTe2.pdf,10.1021/acsaem.6c01258,AgSbTe2,AgSbTe1.85Se0.15,AgSbTe1.85Se0.15,Se,0.15,Te,,Se (0.15) @ Te site,figure,Figure 2b,Visually estimated from Figure 2b,199.99999999999997,uV/K,False,34.0,52.0,18.0,49.824999999999996,2.5993750000000015,52.0,65.0,90.0,25.0,82.4625,8.731249999999998,90.0,78.96,127.6,48.64,119.38305,8.789153749999999,127.6,494.0,1234.93,740.9300000000001,887.43275,181.92225000000002,722.66,11.0,16.0,5.0,14.5,1.75,16.0,4.0,5.0,1.0,4.9625,0.07218749999999968,5.0,120.0,145.0,25.0,139.325,2.837499999999994,138.0,1.93,2.55,0.6199999999999999,2.061875,0.07187500000000009,2.1,1.0,2.0,1.0,1.75,0.375,2.0,0.0,4.0,4.0,2.75,1.375,4.0,10.0,10.0,0.0,10.0,0.0,10.0,0.0,0.0,0.0,0.0,0.0,0.0,11.0,16.0,5.0,14.5,1.75,16.0,0.0,1.0,1.0,0.25,0.375,0.0,0.0,3.0,3.0,1.75,0.875,2.0,0.0,0.0,0.0,0.0,0.0,0.0,0.0,0.0,0.0,0.0,0.0,0.0,1.0,3.0,2.0,2.0,0.5,2.0,16.33,34.7633333333,18.4333333333,29.02254166665125,6.578961458324467,34.7633333333,0.0,0.799,0.799,0.24456250000000002,0.24456250000000002,0.464,0.0,0.0,0.0,0.0,0.0,0.0,14.0,225.0,211.0,168.57500000000002,28.21250000000001,152.0,1.75,2.75,10.0,0.0,0.1206896551724138,0.1896551724137931,0.6896551724137931,0.0,9.752141313235201,0.15535291331122703,0.15,1.0,0.0,0.25,0.25,0.4625,300.0,0.0,0.22999999999999976
Synergistic Effect of Mg–Se Co-Doping and Post-Annealing on the Thermoelectric Performance of Polycrystalline AgSbTe2.pdf,10.1021/acsaem.6c01258,AgSbTe2,Ag0.96Mg0.04SbTe1.85Se0.15,Ag0.96Mg0.04SbTe1.85Se0.15,Mg,0.04,Ag,Se (0.15) @ Te,Mg (0.04) @ Ag site; Se (0.15) @ Te site,figure,Figure 2b,Visually estimated from Figure 2b,219.99999999999997,uV/K,False,12.0,52.0,40.0,49.475,3.0981249999999996,52.0,65.0,90.0,25.0,82.4925,8.686249999999996,90.0,24.305,127.6,103.29499999999999,118.54741800000001,9.979929349999995,127.6,494.0,1234.93,740.9300000000001,884.31345,178.80295,722.66,2.0,16.0,14.0,14.41,1.8849999999999998,16.0,3.0,5.0,2.0,4.942500000000001,0.10953749999999929,5.0,120.0,145.0,25.0,139.285,2.777499999999998,138.0,1.31,2.55,1.2399999999999998,2.055675,0.07807500000000009,2.1,1.0,2.0,1.0,1.76,0.3648,2.0,0.0,4.0,4.0,2.75,1.375,4.0,0.0,10.0,10.0,9.9,0.19799999999999965,10.0,0.0,0.0,0.0,0.0,0.0,0.0,2.0,16.0,14.0,14.41,1.8849999999999998,16.0,0.0,1.0,1.0,0.24,0.3648,0.0,0.0,3.0,3.0,1.75,0.875,2.0,0.0,0.0,0.0,0.0,0.0,0.0,0.0,0.0,0.0,0.0,0.0,0.0,0.0,3.0,3.0,1.99,0.515,2.0,16.33,34.7633333333,18.4333333333,29.08814166665125,6.485481458324468,34.7633333333,0.0,0.799,0.799,0.24456250000000002,0.24456250000000002,0.464,0.0,0.0,0.0,0.0,0.0,0.0,14.0,225.0,211.0,168.26500000000001,27.74750000000001,152.0,1.76,2.75,9.9,0.0,0.12213740458015267,0.19083969465648853,0.6870229007633588,0.0,10.101232647797115,0.17270509227035885,0.04,2.0,1.0,0.24,0.25,0.4625,300.0,1.0,0.43000000000000005
Synergistic Effect of Mg–Se Co-Doping and Post-Annealing on the Thermoelectric Performance of Polycrystalline AgSbTe2.pdf,10.1021/acsaem.6c01258,AgSbTe2,Ag0.95Mg0.05SbTe1.85Se0.15,Ag0.95Mg0.05SbTe1.85Se0.15,Mg,0.05,Ag,Se (0.15) @ Te,Mg (0.05) @ Ag site; Se (0.15) @ Te site,figure,Figure 2b,Visually estimated from Figure 2b,189.99999999999997,uV/K,False,12.0,52.0,40.0,49.387499999999996,3.2228125000000016,52.0,65.0,90.0,25.0,82.5,8.675,90.0,24.305,127.6,103.29499999999999,118.33851,10.277623249999998,127.6,494.0,1234.93,740.9300000000001,883.5336250000001,178.02312500000002,722.66,2.0,16.0,14.0,14.3875,1.9187500000000006,16.0,3.0,5.0,2.0,4.9375,0.11875,5.0,120.0,145.0,25.0,139.275,2.762500000000003,138.0,1.31,2.55,1.2399999999999998,2.054125,0.07962500000000008,2.1,1.0,2.0,1.0,1.7625,0.3621875,2.0,0.0,4.0,4.0,2.75,1.375,4.0,0.0,10.0,10.0,9.875,0.246875,10.0,0.0,0.0,0.0,0.0,0.0,0.0,2.0,16.0,14.0,14.3875,1.9187500000000006,16.0,0.0,1.0,1.0,0.2375,0.3621875,0.0,0.0,3.0,3.0,1.75,0.875,2.0,0.0,0.0,0.0,0.0,0.0,0.0,0.0,0.0,0.0,0.0,0.0,0.0,0.0,3.0,3.0,1.9875,0.5187499999999999,2.0,16.33,34.7633333333,18.4333333333,29.10454166665125,6.4621114583244665,34.7633333333,0.0,0.799,0.799,0.24456250000000002,0.24456250000000002,0.464,0.0,0.0,0.0,0.0,0.0,0.0,14.0,225.0,211.0,168.1875,27.631249999999998,152.0,1.7625,2.75,9.875,0.0,0.12250217202432667,0.1911381407471764,0.6863596872284969,0.0,10.164778205710808,0.1769624413145541,0.05,2.0,1.0,0.2375,0.25,0.4625,300.0,1.0,0.43000000000000005
Synergistic Effect of Mg–Se Co-Doping and Post-Annealing on the Thermoelectric Performance of Polycrystalline AgSbTe2.pdf,10.1021/acsaem.6c01258,AgSbTe2,Ag0.94Mg0.06SbTe1.85Se0.15,Ag0.94Mg0.06SbTe1.85Se0.15,Mg,0.06,Ag,Se (0.15) @ Te,Mg (0.06) @ Ag site; Se (0.15) @ Te site,figure,Figure 2b,Visually estimated from Figure 2b,209.99999999999997,uV/K,False,12.0,52.0,40.0,49.300000000000004,3.347499999999998,52.0,65.0,90.0,25.0,82.50750000000001,8.663749999999997,90.0,24.305,127.6,103.29499999999999,118.12960199999999,10.575317150000004,127.6,494.0,1234.93,740.9300000000001,882.7538000000001,177.2433,722.66,2.0,16.0,14.0,14.365,1.9525000000000001,16.0,3.0,5.0,2.0,4.9325,0.1279124999999999,5.0,120.0,145.0,25.0,139.265,2.747499999999993,138.0,1.31,2.55,1.2399999999999998,2.052575,0.0811750000000001,2.1,1.0,2.0,1.0,1.765,0.35955000000000004,2.0,0.0,4.0,4.0,2.75,1.375,4.0,0.0,10.0,10.0,9.85,0.2955000000000003,10.0,0.0,0.0,0.0,0.0,0.0,0.0,2.0,16.0,14.0,14.365,1.9525000000000001,16.0,0.0,1.0,1.0,0.235,0.35955,0.0,0.0,3.0,3.0,1.75,0.875,2.0,0.0,0.0,0.0,0.0,0.0,0.0,0.0,0.0,0.0,0.0,0.0,0.0,0.0,3.0,3.0,1.985,0.5225,2.0,16.33,34.7633333333,18.4333333333,29.120941666651248,6.4387414583244675,34.7633333333,0.0,0.799,0.799,0.24456250000000002,0.24456250000000002,0.464,0.0,0.0,0.0,0.0,0.0,0.0,14.0,225.0,211.0,168.10999999999999,27.514999999999993,152.0,1.765,2.75,9.85,0.0,0.12286808214410024,0.19143752175426385,0.6856943961016359,0.0,10.223919558568038,0.18118881118881128,0.06,2.0,1.0,0.235,0.25,0.4625,300.0,1.0,0.43000000000000005
Synergistic Effect of Mg–Se Co-Doping and Post-Annealing on the Thermoelectric Performance of Polycrystalline AgSbTe2.pdf,10.1021/acsaem.6c01258,AgSbTe2,AgSb0.95Mg0.05Te1.85Se0.15 (without annealing),AgSb0.95Mg0.05Te1.85Se0.15,Mg,0.05,Sb,Se (0.15) @ Te,Mg (0.05) @ Sb site; Se (0.15) @ Te site,figure,,Visually estimated from Fig 7b,199.99999999999997,uV/K,False,12.0,52.0,40.0,49.3375,3.252500000000001,52.0,65.0,90.0,25.0,82.25,8.981250000000001,90.0,24.305,127.6,103.29499999999999,118.1648625,10.4351925,127.6,494.0,1234.93,740.9300000000001,887.6729999999999,182.16250000000002,722.66,2.0,16.0,14.0,14.3375,1.9771874999999999,16.0,3.0,5.0,2.0,4.9375,0.11875,5.0,120.0,145.0,25.0,139.35,2.8662499999999973,138.0,1.31,2.55,1.2399999999999998,2.052625,0.0811250000000001,2.1,1.0,2.0,1.0,1.75,0.375,2.0,0.0,4.0,4.0,2.7125,1.4240625000000002,4.0,0.0,10.0,10.0,9.875,0.246875,10.0,0.0,0.0,0.0,0.0,0.0,0.0,2.0,16.0,14.0,14.3375,1.9771874999999999,16.0,0.0,1.0,1.0,0.25,0.375,0.0,0.0,3.0,3.0,1.7125,0.8990625,2.0,0.0,0.0,0.0,0.0,0.0,0.0,0.0,0.0,0.0,0.0,0.0,0.0,0.0,3.0,3.0,1.9625,0.5303125000000001,2.0,16.33,34.7633333333,18.4333333333,28.914166666651248,6.66724999999075,34.7633333333,0.0,0.799,0.799,0.24456250000000002,0.2445625,0.464,0.0,0.0,0.0,0.0,0.0,0.0,14.0,225.0,211.0,168.92499999999998,28.664374999999993,152.0,1.75,2.7125,9.875,0.0,0.12205754141238012,0.18918918918918917,0.6887532693984306,0.0,10.164778205710808,0.17915962441314565,0.05,2.0,1.0,0.25,0.2375,0.4625,300.0,1.0,0.040000000000000036
Synergistic Effect of Mg–Se Co-Doping and Post-Annealing on the Thermoelectric Performance of Polycrystalline AgSbTe2.pdf,10.1021/acsaem.6c01258,AgSbTe2,AgSb0.95Mg0.05Te1.85Se0.15 (without annealing),AgSb0.95Mg0.05Te1.85Se0.15,Mg,0.05,Sb,Se (0.15) @ Te,Mg (0.05) @ Sb site; Se (0.15) @ Te site,figure,,Visually estimated from Fig 7b,209.99999999999997,uV/K,False,12.0,52.0,40.0,49.3375,3.252500000000001,52.0,65.0,90.0,25.0,82.25,8.981250000000001,90.0,24.305,127.6,103.29499999999999,118.1648625,10.4351925,127.6,494.0,1234.93,740.9300000000001,887.6729999999999,182.16250000000002,722.66,2.0,16.0,14.0,14.3375,1.9771874999999999,16.0,3.0,5.0,2.0,4.9375,0.11875,5.0,120.0,145.0,25.0,139.35,2.8662499999999973,138.0,1.31,2.55,1.2399999999999998,2.052625,0.0811250000000001,2.1,1.0,2.0,1.0,1.75,0.375,2.0,0.0,4.0,4.0,2.7125,1.4240625000000002,4.0,0.0,10.0,10.0,9.875,0.246875,10.0,0.0,0.0,0.0,0.0,0.0,0.0,2.0,16.0,14.0,14.3375,1.9771874999999999,16.0,0.0,1.0,1.0,0.25,0.375,0.0,0.0,3.0,3.0,1.7125,0.8990625,2.0,0.0,0.0,0.0,0.0,0.0,0.0,0.0,0.0,0.0,0.0,0.0,0.0,0.0,3.0,3.0,1.9625,0.5303125000000001,2.0,16.33,34.7633333333,18.4333333333,28.914166666651248,6.66724999999075,34.7633333333,0.0,0.799,0.799,0.24456250000000002,0.2445625,0.464,0.0,0.0,0.0,0.0,0.0,0.0,14.0,225.0,211.0,168.92499999999998,28.664374999999993,152.0,1.75,2.7125,9.875,0.0,0.12205754141238012,0.18918918918918917,0.6887532693984306,0.0,10.164778205710808,0.17915962441314565,0.05,2.0,1.0,0.25,0.2375,0.4625,500.0,1.0,0.040000000000000036
Synergistic Effect of Mg–Se Co-Doping and Post-Annealing on the Thermoelectric Performance of Polycrystalline AgSbTe2.pdf,10.1021/acsaem.6c01258,AgSbTe2,AgSb0.95Mg0.05Te1.85Se0.15 (annealed),AgSb0.95Mg0.05Te1.85Se0.15,Mg,0.05,Sb,Se (0.15) @ Te,Mg (0.05) @ Sb site; Se (0.15) @ Te site,figure,,Visually estimated from Fig 7b,205.0,uV/K,False,12.0,52.0,40.0,49.3375,3.252500000000001,52.0,65.0,90.0,25.0,82.25,8.981250000000001,90.0,24.305,127.6,103.29499999999999,118.1648625,10.4351925,127.6,494.0,1234.93,740.9300000000001,887.6729999999999,182.16250000000002,722.66,2.0,16.0,14.0,14.3375,1.9771874999999999,16.0,3.0,5.0,2.0,4.9375,0.11875,5.0,120.0,145.0,25.0,139.35,2.8662499999999973,138.0,1.31,2.55,1.2399999999999998,2.052625,0.0811250000000001,2.1,1.0,2.0,1.0,1.75,0.375,2.0,0.0,4.0,4.0,2.7125,1.4240625000000002,4.0,0.0,10.0,10.0,9.875,0.246875,10.0,0.0,0.0,0.0,0.0,0.0,0.0,2.0,16.0,14.0,14.3375,1.9771874999999999,16.0,0.0,1.0,1.0,0.25,0.375,0.0,0.0,3.0,3.0,1.7125,0.8990625,2.0,0.0,0.0,0.0,0.0,0.0,0.0,0.0,0.0,0.0,0.0,0.0,0.0,0.0,3.0,3.0,1.9625,0.5303125000000001,2.0,16.33,34.7633333333,18.4333333333,28.914166666651248,6.66724999999075,34.7633333333,0.0,0.799,0.799,0.24456250000000002,0.2445625,0.464,0.0,0.0,0.0,0.0,0.0,0.0,14.0,225.0,211.0,168.92499999999998,28.664374999999993,152.0,1.75,2.7125,9.875,0.0,0.12205754141238012,0.18918918918918917,0.6887532693984306,0.0,10.164778205710808,0.17915962441314565,0.05,2.0,1.0,0.25,0.2375,0.4625,300.0,1.0,0.040000000000000036
Synergistic Effect of Mg–Se Co-Doping and Post-Annealing on the Thermoelectric Performance of Polycrystalline AgSbTe2.pdf,10.1021/acsaem.6c01258,AgSbTe2,AgSb0.95Mg0.05Te1.85Se0.15 (annealed),AgSb0.95Mg0.05Te1.85Se0.15,Mg,0.05,Sb,Se (0.15) @ Te,Mg (0.05) @ Sb site; Se (0.15) @ Te site,figure,,Visually estimated from Fig 7b,215.0,uV/K,False,12.0,52.0,40.0,49.3375,3.252500000000001,52.0,65.0,90.0,25.0,82.25,8.981250000000001,90.0,24.305,127.6,103.29499999999999,118.1648625,10.4351925,127.6,494.0,1234.93,740.9300000000001,887.6729999999999,182.16250000000002,722.66,2.0,16.0,14.0,14.3375,1.9771874999999999,16.0,3.0,5.0,2.0,4.9375,0.11875,5.0,120.0,145.0,25.0,139.35,2.8662499999999973,138.0,1.31,2.55,1.2399999999999998,2.052625,0.0811250000000001,2.1,1.0,2.0,1.0,1.75,0.375,2.0,0.0,4.0,4.0,2.7125,1.4240625000000002,4.0,0.0,10.0,10.0,9.875,0.246875,10.0,0.0,0.0,0.0,0.0,0.0,0.0,2.0,16.0,14.0,14.3375,1.9771874999999999,16.0,0.0,1.0,1.0,0.25,0.375,0.0,0.0,3.0,3.0,1.7125,0.8990625,2.0,0.0,0.0,0.0,0.0,0.0,0.0,0.0,0.0,0.0,0.0,0.0,0.0,0.0,3.0,3.0,1.9625,0.5303125000000001,2.0,16.33,34.7633333333,18.4333333333,28.914166666651248,6.66724999999075,34.7633333333,0.0,0.799,0.799,0.24456250000000002,0.2445625,0.464,0.0,0.0,0.0,0.0,0.0,0.0,14.0,225.0,211.0,168.92499999999998,28.664374999999993,152.0,1.75,2.7125,9.875,0.0,0.12205754141238012,0.18918918918918917,0.6887532693984306,0.0,10.164778205710808,0.17915962441314565,0.05,2.0,1.0,0.25,0.2375,0.4625,500.0,1.0,0.040000000000000036
Synergistic Optimization of Thermoelectric Performance in AgSbTe2 via Ag Vacancy and In Doping.pdf,10.1021/acsaem.6c00054,AgSbTe2,Ag0.97SbTe2,Ag0.97SbTe2,Ag vacancy,x = 0.03,Ag,,Ag vacancy (x = 0.03) @ Ag site,text,Section 3.2,,150.67999999999998,uV/K,False,47.0,52.0,5.0,50.52644836272041,1.7232518447550556,52.0,65.0,90.0,25.0,82.63224181360202,8.61625922377529,90.0,107.8682,127.6,19.731799999999993,121.30784735516373,6.567485105546001,127.6,722.66,1234.93,512.2700000000001,893.4463727959699,172.07694992037258,722.66,11.0,16.0,5.0,14.526448362720405,1.7232518447550573,16.0,5.0,5.0,0.0,5.000000000000001,8.881784197001252e-16,5.0,138.0,145.0,7.0,139.96221662468514,2.4617883496500848,138.0,1.93,2.1,0.17000000000000015,2.045869017632242,0.05662113204195182,2.1,1.0,2.0,1.0,1.7556675062972293,0.3692682524475125,2.0,0.0,4.0,4.0,2.770780856423174,1.353983592307546,4.0,10.0,10.0,0.0,10.000000000000002,1.7763568394002505e-15,10.0,0.0,0.0,0.0,0.0,0.0,0.0,11.0,16.0,5.0,14.526448362720405,1.7232518447550573,16.0,0.0,1.0,1.0,0.2443324937027708,0.36926825244751255,0.0,0.0,3.0,3.0,1.7632241813602016,0.8616259223775291,2.0,0.0,0.0,0.0,0.0,0.0,0.0,0.0,0.0,0.0,0.0,0.0,0.0,1.0,3.0,2.0,2.0075566750629723,0.4999714483309963,2.0,16.33,34.7633333333,18.4333333333,29.452586062115866,6.412548352771987,34.7633333333,0.0,0.464,0.464,0.2337531486146096,0.23198675202558233,0.464,0.0,0.0,0.0,0.0,0.0,0.0,152.0,225.0,73.0,173.36272040302268,25.23333058391336,152.0,1.7556675062972293,2.770780856423174,10.000000000000002,0.0,0.12086006589214496,0.19074041962892316,0.6883995144789319,0.0,8.622228559051791,0.11124236252545838,0.03,1.0,0.0,0.2443324937027708,0.2518891687657431,0.5037783375314862,303.0,,
Synergistic Optimization of Thermoelectric Performance in AgSbTe2 via Ag Vacancy and In Doping.pdf,10.1021/acsaem.6c00054,AgSbTe2,Ag0.97Sb0.96In0.04Te2,Ag0.97Sb0.96In0.04Te2,Ag vacancy,x = 0.03,Ag,In (y = 0.04) @ Sb,Ag vacancy (x = 0.03) @ Ag site; In (y = 0.04) @ Sb site,table,Table 1,,185.0,uV/K,False,47.0,52.0,5.0,50.50629722921914,1.7437582879150306,52.0,65.0,90.0,25.0,82.53148614609572,8.718791439575153,90.0,107.8682,127.6,19.731799999999993,121.23790277078085,6.662673953898573,127.6,429.75,1234.93,805.1800000000001,888.670251889169,176.5125006820677,722.66,11.0,16.0,5.0,14.506297229219145,1.7437582879150297,16.0,5.0,5.0,0.0,5.0,0.0,5.0,138.0,145.0,7.0,139.99244332493703,2.487472162122722,138.0,1.78,2.1,0.32000000000000006,2.043148614609572,0.0605945091968097,2.1,1.0,2.0,1.0,1.7556675062972293,0.3692682524475125,2.0,0.0,4.0,4.0,2.7506297229219143,1.379413612166818,4.0,10.0,10.0,0.0,10.0,0.0,10.0,0.0,0.0,0.0,0.0,0.0,0.0,11.0,16.0,5.0,14.506297229219145,1.7437582879150297,16.0,0.0,1.0,1.0,0.2443324937027708,0.36926825244751255,0.0,0.0,5.0,5.0,1.783375314861461,0.8714730757761294,2.0,0.0,0.0,0.0,0.0,0.0,0.0,0.0,0.0,0.0,0.0,0.0,0.0,1.0,5.0,4.0,2.027707808564232,0.5301220107988758,2.0,16.33,34.7633333333,18.4333333333,29.37903442483627,6.479760588959514,34.7633333333,0.0,0.464,0.464,0.2337531486146096,0.23198675202558233,0.464,0.0,0.0,0.0,0.0,0.0,0.0,139.0,225.0,86.0,173.0906801007557,25.366267154794475,152.0,1.7556675062972293,2.7506297229219143,10.0,0.0,0.12102795624240319,0.1896162528216704,0.6893557909359264,0.0,8.973957863396286,0.11707460997494154,0.03,2.0,1.0,0.2443324937027708,0.24181360201511334,0.5037783375314862,300.0,,
Synthesis and thermoelectric properties of Mn-doped AgSbTe2 compounds.pdf,10.1088/1674-1056/21/10/106101,Ag0.9Sb1-xMnxTe2.05,Ag0.9Sb1.1-xMnxTe2.05 (x=0.05),Ag0.9Sb1.05Mn0.05Te2.05,Mn,x=0.05,Sb,,Mn (x=0.05) @ Sb site,figure,Fig. 4b,Visually estimated from Fig. 4b,179.99999999999997,uV/K,False,25.0,52.0,27.0,50.2962962962963,2.0896204846822126,52.0,52.0,90.0,38.0,82.67901234567901,8.61484529797287,90.0,54.938045,127.6,72.66195499999999,120.80402030864198,7.3755738484987,127.6,722.66,1519.0,796.34,893.286172839506,172.73266880048774,722.66,7.0,16.0,9.0,14.518518518518519,1.749428440786465,16.0,4.0,5.0,1.0,4.987654320987654,0.024386526444139668,5.0,138.0,145.0,7.0,139.82716049382717,2.2990397805212646,138.0,1.55,2.1,0.55,2.0424691358024694,0.06214601432708417,2.1,1.0,2.0,1.0,1.7777777777777777,0.34567901234567905,2.0,0.0,4.0,4.0,2.802469135802469,1.3147386069196767,4.0,5.0,10.0,5.0,9.938271604938272,0.12193263222069747,10.0,0.0,0.0,0.0,0.0,0.0,0.0,7.0,16.0,9.0,14.518518518518519,1.749428440786465,16.0,0.0,1.0,1.0,0.22222222222222224,0.34567901234567905,0.0,0.0,3.0,3.0,1.7901234567901236,0.8398110044200578,2.0,0.0,5.0,5.0,0.0617283950617284,0.12193263222069806,0.0,0.0,0.0,0.0,0.0,0.0,0.0,1.0,5.0,4.0,2.0740740740740744,0.5523548239597623,2.0,10.4875862069,34.7633333333,24.2757471264,29.536842628051847,6.340059845088525,34.7633333333,0.0,0.464,0.464,0.23486419753086418,0.231964639536656,0.464,0.0,0.000310120689655,0.000310120689655,3.8286504895679014e-06,7.562766399146472e-06,0.0,152.0,225.0,73.0,172.65432098765433,24.359701265051065,152.0,1.7777777777777777,2.802469135802469,9.938271604938272,0.0,0.12244897959183672,0.19302721088435373,0.6845238095238095,0.0,9.005513939282014,0.12336412250850769,0.05,1.0,0.0,0.22222222222222224,0.2592592592592593,0.5061728395061729,325.0,1.0,0.06999999999999995
Synthesis and thermoelectric properties of Mn-doped AgSbTe2 compounds.pdf,10.1088/1674-1056/21/10/106101,Ag0.9Sb1-xMnxTe2.05,Ag0.9Sb1.1-xMnxTe2.05 (x=0.05),Ag0.9Sb1.05Mn0.05Te2.05,Mn,x=0.05,Sb,,Mn (x=0.05) @ Sb site,figure,Fig. 4b,Visually estimated from Fig. 4b,239.99999999999997,uV/K,False,25.0,52.0,27.0,50.2962962962963,2.0896204846822126,52.0,52.0,90.0,38.0,82.67901234567901,8.61484529797287,90.0,54.938045,127.6,72.66195499999999,120.80402030864198,7.3755738484987,127.6,722.66,1519.0,796.34,893.286172839506,172.73266880048774,722.66,7.0,16.0,9.0,14.518518518518519,1.749428440786465,16.0,4.0,5.0,1.0,4.987654320987654,0.024386526444139668,5.0,138.0,145.0,7.0,139.82716049382717,2.2990397805212646,138.0,1.55,2.1,0.55,2.0424691358024694,0.06214601432708417,2.1,1.0,2.0,1.0,1.7777777777777777,0.34567901234567905,2.0,0.0,4.0,4.0,2.802469135802469,1.3147386069196767,4.0,5.0,10.0,5.0,9.938271604938272,0.12193263222069747,10.0,0.0,0.0,0.0,0.0,0.0,0.0,7.0,16.0,9.0,14.518518518518519,1.749428440786465,16.0,0.0,1.0,1.0,0.22222222222222224,0.34567901234567905,0.0,0.0,3.0,3.0,1.7901234567901236,0.8398110044200578,2.0,0.0,5.0,5.0,0.0617283950617284,0.12193263222069806,0.0,0.0,0.0,0.0,0.0,0.0,0.0,1.0,5.0,4.0,2.0740740740740744,0.5523548239597623,2.0,10.4875862069,34.7633333333,24.2757471264,29.536842628051847,6.340059845088525,34.7633333333,0.0,0.464,0.464,0.23486419753086418,0.231964639536656,0.464,0.0,0.000310120689655,0.000310120689655,3.8286504895679014e-06,7.562766399146472e-06,0.0,152.0,225.0,73.0,172.65432098765433,24.359701265051065,152.0,1.7777777777777777,2.802469135802469,9.938271604938272,0.0,0.12244897959183672,0.19302721088435373,0.6845238095238095,0.0,9.005513939282014,0.12336412250850769,0.05,1.0,0.0,0.22222222222222224,0.2592592592592593,0.5061728395061729,475.0,1.0,0.06999999999999995
Synthesis and thermoelectric properties of Mn-doped AgSbTe2 compounds.pdf,10.1088/1674-1056/21/10/106101,Ag0.9Sb1-xMnxTe2.05,Ag0.9Sb1.1-xMnxTe2.05 (x=0.05),Ag0.9Sb1.05Mn0.05Te2.05,Mn,x=0.05,Sb,,Mn (x=0.05) @ Sb site,figure,Fig. 4b,Visually estimated from Fig. 4b,260.0,uV/K,False,25.0,52.0,27.0,50.2962962962963,2.0896204846822126,52.0,52.0,90.0,38.0,82.67901234567901,8.61484529797287,90.0,54.938045,127.6,72.66195499999999,120.80402030864198,7.3755738484987,127.6,722.66,1519.0,796.34,893.286172839506,172.73266880048774,722.66,7.0,16.0,9.0,14.518518518518519,1.749428440786465,16.0,4.0,5.0,1.0,4.987654320987654,0.024386526444139668,5.0,138.0,145.0,7.0,139.82716049382717,2.2990397805212646,138.0,1.55,2.1,0.55,2.0424691358024694,0.06214601432708417,2.1,1.0,2.0,1.0,1.7777777777777777,0.34567901234567905,2.0,0.0,4.0,4.0,2.802469135802469,1.3147386069196767,4.0,5.0,10.0,5.0,9.938271604938272,0.12193263222069747,10.0,0.0,0.0,0.0,0.0,0.0,0.0,7.0,16.0,9.0,14.518518518518519,1.749428440786465,16.0,0.0,1.0,1.0,0.22222222222222224,0.34567901234567905,0.0,0.0,3.0,3.0,1.7901234567901236,0.8398110044200578,2.0,0.0,5.0,5.0,0.0617283950617284,0.12193263222069806,0.0,0.0,0.0,0.0,0.0,0.0,0.0,1.0,5.0,4.0,2.0740740740740744,0.5523548239597623,2.0,10.4875862069,34.7633333333,24.2757471264,29.536842628051847,6.340059845088525,34.7633333333,0.0,0.464,0.464,0.23486419753086418,0.231964639536656,0.464,0.0,0.000310120689655,0.000310120689655,3.8286504895679014e-06,7.562766399146472e-06,0.0,152.0,225.0,73.0,172.65432098765433,24.359701265051065,152.0,1.7777777777777777,2.802469135802469,9.938271604938272,0.0,0.12244897959183672,0.19302721088435373,0.6845238095238095,0.0,9.005513939282014,0.12336412250850769,0.05,1.0,0.0,0.22222222222222224,0.2592592592592593,0.5061728395061729,575.0,1.0,0.06999999999999995
Synthesis and thermoelectric properties of Mn-doped AgSbTe2 compounds.pdf,10.1088/1674-1056/21/10/106101,Ag0.9Sb1-xMnxTe2.05,Ag0.9Sb1.1-xMnxTe2.05 (x=0.10),Ag0.9Sb1.0Mn0.1Te2.05,Mn,x=0.10,Sb,,Mn (x=0.10) @ Sb site,figure,Fig. 4b,Visually estimated from Fig. 4b,179.99999999999997,uV/K,False,25.0,52.0,27.0,49.97530864197531,2.555707971345831,52.0,52.0,90.0,38.0,82.2716049382716,9.171162932479813,90.0,54.938045,127.6,72.66195499999999,119.97905790123457,8.59450538332571,127.6,722.66,1519.0,796.34,900.8814814814815,180.4217466849566,722.66,7.0,16.0,9.0,14.419753086419751,1.8862978204542,16.0,4.0,5.0,1.0,4.9753086419753085,0.04816338972717585,5.0,138.0,145.0,7.0,139.82716049382717,2.2990397805212646,138.0,1.55,2.1,0.55,2.0362962962962965,0.07125743026977586,2.1,1.0,2.0,1.0,1.7777777777777777,0.3456790123456791,2.0,0.0,4.0,4.0,2.765432098765432,1.3656454808718184,4.0,5.0,10.0,5.0,9.876543209876544,0.24081694863587755,10.0,0.0,0.0,0.0,0.0,0.0,0.0,7.0,16.0,9.0,14.419753086419751,1.8862978204542,16.0,0.0,1.0,1.0,0.22222222222222224,0.34567901234567905,0.0,0.0,3.0,3.0,1.7530864197530864,0.8657216887669563,2.0,0.0,5.0,5.0,0.1234567901234568,0.2408169486358787,0.0,0.0,0.0,0.0,0.0,0.0,0.0,1.0,5.0,4.0,2.0987654320987654,0.5883249504648682,2.0,10.4875862069,34.7633333333,24.2757471264,29.27668937134691,6.6819411114355125,34.7633333333,0.0,0.464,0.464,0.23486419753086418,0.231964639536656,0.464,0.0,0.000310120689655,0.000310120689655,7.657300979135803e-06,1.4936463638314284e-05,0.0,152.0,225.0,73.0,173.28395061728395,25.143728090230145,152.0,1.7777777777777777,2.765432098765432,9.876543209876544,0.0,0.12328767123287672,0.19178082191780824,0.6849315068493153,0.0,9.275891164927625,0.13894026974951845,0.1,1.0,0.0,0.22222222222222224,0.2469135802469136,0.5061728395061729,325.0,1.0,0.06999999999999995
Synthesis and thermoelectric properties of Mn-doped AgSbTe2 compounds.pdf,10.1088/1674-1056/21/10/106101,Ag0.9Sb1-xMnxTe2.05,Ag0.9Sb1.1-xMnxTe2.05 (x=0.10),Ag0.9Sb1.0Mn0.1Te2.05,Mn,x=0.10,Sb,,Mn (x=0.10) @ Sb site,figure,Fig. 4b,Visually estimated from Fig. 4b,205.0,uV/K,False,25.0,52.0,27.0,49.97530864197531,2.555707971345831,52.0,52.0,90.0,38.0,82.2716049382716,9.171162932479813,90.0,54.938045,127.6,72.66195499999999,119.97905790123457,8.59450538332571,127.6,722.66,1519.0,796.34,900.8814814814815,180.4217466849566,722.66,7.0,16.0,9.0,14.419753086419751,1.8862978204542,16.0,4.0,5.0,1.0,4.9753086419753085,0.04816338972717585,5.0,138.0,145.0,7.0,139.82716049382717,2.2990397805212646,138.0,1.55,2.1,0.55,2.0362962962962965,0.07125743026977586,2.1,1.0,2.0,1.0,1.7777777777777777,0.3456790123456791,2.0,0.0,4.0,4.0,2.765432098765432,1.3656454808718184,4.0,5.0,10.0,5.0,9.876543209876544,0.24081694863587755,10.0,0.0,0.0,0.0,0.0,0.0,0.0,7.0,16.0,9.0,14.419753086419751,1.8862978204542,16.0,0.0,1.0,1.0,0.22222222222222224,0.34567901234567905,0.0,0.0,3.0,3.0,1.7530864197530864,0.8657216887669563,2.0,0.0,5.0,5.0,0.1234567901234568,0.2408169486358787,0.0,0.0,0.0,0.0,0.0,0.0,0.0,1.0,5.0,4.0,2.0987654320987654,0.5883249504648682,2.0,10.4875862069,34.7633333333,24.2757471264,29.27668937134691,6.6819411114355125,34.7633333333,0.0,0.464,0.464,0.23486419753086418,0.231964639536656,0.464,0.0,0.000310120689655,0.000310120689655,7.657300979135803e-06,1.4936463638314284e-05,0.0,152.0,225.0,73.0,173.28395061728395,25.143728090230145,152.0,1.7777777777777777,2.765432098765432,9.876543209876544,0.0,0.12328767123287672,0.19178082191780824,0.6849315068493153,0.0,9.275891164927625,0.13894026974951845,0.1,1.0,0.0,0.22222222222222224,0.2469135802469136,0.5061728395061729,475.0,1.0,0.06999999999999995
Synthesis and thermoelectric properties of Mn-doped AgSbTe2 compounds.pdf,10.1088/1674-1056/21/10/106101,Ag0.9Sb1-xMnxTe2.05,Ag0.9Sb1.1-xMnxTe2.05 (x=0.10),Ag0.9Sb1.0Mn0.1Te2.05,Mn,x=0.10,Sb,,Mn (x=0.10) @ Sb site,figure,Fig. 4b,Visually estimated from Fig. 4b,215.0,uV/K,False,25.0,52.0,27.0,49.97530864197531,2.555707971345831,52.0,52.0,90.0,38.0,82.2716049382716,9.171162932479813,90.0,54.938045,127.6,72.66195499999999,119.97905790123457,8.59450538332571,127.6,722.66,1519.0,796.34,900.8814814814815,180.4217466849566,722.66,7.0,16.0,9.0,14.419753086419751,1.8862978204542,16.0,4.0,5.0,1.0,4.9753086419753085,0.04816338972717585,5.0,138.0,145.0,7.0,139.82716049382717,2.2990397805212646,138.0,1.55,2.1,0.55,2.0362962962962965,0.07125743026977586,2.1,1.0,2.0,1.0,1.7777777777777777,0.3456790123456791,2.0,0.0,4.0,4.0,2.765432098765432,1.3656454808718184,4.0,5.0,10.0,5.0,9.876543209876544,0.24081694863587755,10.0,0.0,0.0,0.0,0.0,0.0,0.0,7.0,16.0,9.0,14.419753086419751,1.8862978204542,16.0,0.0,1.0,1.0,0.22222222222222224,0.34567901234567905,0.0,0.0,3.0,3.0,1.7530864197530864,0.8657216887669563,2.0,0.0,5.0,5.0,0.1234567901234568,0.2408169486358787,0.0,0.0,0.0,0.0,0.0,0.0,0.0,1.0,5.0,4.0,2.0987654320987654,0.5883249504648682,2.0,10.4875862069,34.7633333333,24.2757471264,29.27668937134691,6.6819411114355125,34.7633333333,0.0,0.464,0.464,0.23486419753086418,0.231964639536656,0.464,0.0,0.000310120689655,0.000310120689655,7.657300979135803e-06,1.4936463638314284e-05,0.0,152.0,225.0,73.0,173.28395061728395,25.143728090230145,152.0,1.7777777777777777,2.765432098765432,9.876543209876544,0.0,0.12328767123287672,0.19178082191780824,0.6849315068493153,0.0,9.275891164927625,0.13894026974951845,0.1,1.0,0.0,0.22222222222222224,0.2469135802469136,0.5061728395061729,575.0,1.0,0.06999999999999995
Synthesis and thermoelectric properties of Mn-doped AgSbTe2 compounds.pdf,10.1088/1674-1056/21/10/106101,Ag0.9Sb1-xMnxTe2.05,Ag0.9Sb1.1-xMnxTe2.05 (x=0.20),Ag0.9Sb0.9Mn0.2Te2.05,Mn,x=0.20,Sb,,Mn (x=0.20) @ Sb site,figure,Fig. 4b,Visually estimated from Fig. 4b,179.99999999999997,uV/K,False,25.0,52.0,27.0,49.333333333333336,3.4403292181069953,52.0,52.0,90.0,38.0,81.45679012345678,10.223441548544432,90.0,54.938045,127.6,72.66195499999999,118.32913308641976,10.91015180003048,127.6,722.66,1519.0,796.34,916.0720987654321,201.26305746075295,722.66,7.0,16.0,9.0,14.222222222222221,2.1454046639231827,16.0,4.0,5.0,1.0,4.950617283950618,0.09388812680993691,5.0,138.0,145.0,7.0,139.82716049382717,2.2990397805212646,138.0,1.55,2.1,0.55,2.0239506172839503,0.08856576741350419,2.1,1.0,2.0,1.0,1.7777777777777777,0.3456790123456791,2.0,0.0,4.0,4.0,2.691358024691358,1.4619722603261698,4.0,5.0,10.0,5.0,9.753086419753087,0.469440634049687,10.0,0.0,0.0,0.0,0.0,0.0,0.0,7.0,16.0,9.0,14.222222222222221,2.1454046639231827,16.0,0.0,1.0,1.0,0.22222222222222224,0.34567901234567905,0.0,0.0,3.0,3.0,1.6790123456790125,0.9120560890108215,2.0,0.0,5.0,5.0,0.2469135802469136,0.46944063404968756,0.0,0.0,0.0,0.0,0.0,0.0,0.0,1.0,5.0,4.0,2.148148148148148,0.66026520347508,2.0,10.4875862069,34.7633333333,24.2757471264,28.756382857937034,7.327162420913946,34.7633333333,0.0,0.464,0.464,0.23486419753086418,0.231964639536656,0.464,0.0,0.000310120689655,0.000310120689655,1.5314601958271606e-05,2.911665063671392e-05,0.0,152.0,225.0,73.0,174.5432098765432,26.61850327693948,152.0,1.7777777777777777,2.691358024691358,9.753086419753087,0.0,0.125,0.18923611111111113,0.685763888888889,0.0,9.658671650286621,0.1683111954459204,0.2,1.0,0.0,0.22222222222222224,0.22222222222222224,0.5061728395061729,325.0,1.0,0.06999999999999995
Synthesis and thermoelectric properties of Mn-doped AgSbTe2 compounds.pdf,10.1088/1674-1056/21/10/106101,Ag0.9Sb1-xMnxTe2.05,Ag0.9Sb1.1-xMnxTe2.05 (x=0.20),Ag0.9Sb0.9Mn0.2Te2.05,Mn,x=0.20,Sb,,Mn (x=0.20) @ Sb site,figure,Fig. 4b,Visually estimated from Fig. 4b,225.0,uV/K,False,25.0,52.0,27.0,49.333333333333336,3.4403292181069953,52.0,52.0,90.0,38.0,81.45679012345678,10.223441548544432,90.0,54.938045,127.6,72.66195499999999,118.32913308641976,10.91015180003048,127.6,722.66,1519.0,796.34,916.0720987654321,201.26305746075295,722.66,7.0,16.0,9.0,14.222222222222221,2.1454046639231827,16.0,4.0,5.0,1.0,4.950617283950618,0.09388812680993691,5.0,138.0,145.0,7.0,139.82716049382717,2.2990397805212646,138.0,1.55,2.1,0.55,2.0239506172839503,0.08856576741350419,2.1,1.0,2.0,1.0,1.7777777777777777,0.3456790123456791,2.0,0.0,4.0,4.0,2.691358024691358,1.4619722603261698,4.0,5.0,10.0,5.0,9.753086419753087,0.469440634049687,10.0,0.0,0.0,0.0,0.0,0.0,0.0,7.0,16.0,9.0,14.222222222222221,2.1454046639231827,16.0,0.0,1.0,1.0,0.22222222222222224,0.34567901234567905,0.0,0.0,3.0,3.0,1.6790123456790125,0.9120560890108215,2.0,0.0,5.0,5.0,0.2469135802469136,0.46944063404968756,0.0,0.0,0.0,0.0,0.0,0.0,0.0,1.0,5.0,4.0,2.148148148148148,0.66026520347508,2.0,10.4875862069,34.7633333333,24.2757471264,28.756382857937034,7.327162420913946,34.7633333333,0.0,0.464,0.464,0.23486419753086418,0.231964639536656,0.464,0.0,0.000310120689655,0.000310120689655,1.5314601958271606e-05,2.911665063671392e-05,0.0,152.0,225.0,73.0,174.5432098765432,26.61850327693948,152.0,1.7777777777777777,2.691358024691358,9.753086419753087,0.0,0.125,0.18923611111111113,0.685763888888889,0.0,9.658671650286621,0.1683111954459204,0.2,1.0,0.0,0.22222222222222224,0.22222222222222224,0.5061728395061729,475.0,1.0,0.06999999999999995
Synthesis and thermoelectric properties of Mn-doped AgSbTe2 compounds.pdf,10.1088/1674-1056/21/10/106101,Ag0.9Sb1-xMnxTe2.05,Ag0.9Sb1.1-xMnxTe2.05 (x=0.20),Ag0.9Sb0.9Mn0.2Te2.05,Mn,x=0.20,Sb,,Mn (x=0.20) @ Sb site,figure,Fig. 4b,Visually estimated from Fig. 4b,260.0,uV/K,False,25.0,52.0,27.0,49.333333333333336,3.4403292181069953,52.0,52.0,90.0,38.0,81.45679012345678,10.223441548544432,90.0,54.938045,127.6,72.66195499999999,118.32913308641976,10.91015180003048,127.6,722.66,1519.0,796.34,916.0720987654321,201.26305746075295,722.66,7.0,16.0,9.0,14.222222222222221,2.1454046639231827,16.0,4.0,5.0,1.0,4.950617283950618,0.09388812680993691,5.0,138.0,145.0,7.0,139.82716049382717,2.2990397805212646,138.0,1.55,2.1,0.55,2.0239506172839503,0.08856576741350419,2.1,1.0,2.0,1.0,1.7777777777777777,0.3456790123456791,2.0,0.0,4.0,4.0,2.691358024691358,1.4619722603261698,4.0,5.0,10.0,5.0,9.753086419753087,0.469440634049687,10.0,0.0,0.0,0.0,0.0,0.0,0.0,7.0,16.0,9.0,14.222222222222221,2.1454046639231827,16.0,0.0,1.0,1.0,0.22222222222222224,0.34567901234567905,0.0,0.0,3.0,3.0,1.6790123456790125,0.9120560890108215,2.0,0.0,5.0,5.0,0.2469135802469136,0.46944063404968756,0.0,0.0,0.0,0.0,0.0,0.0,0.0,1.0,5.0,4.0,2.148148148148148,0.66026520347508,2.0,10.4875862069,34.7633333333,24.2757471264,28.756382857937034,7.327162420913946,34.7633333333,0.0,0.464,0.464,0.23486419753086418,0.231964639536656,0.464,0.0,0.000310120689655,0.000310120689655,1.5314601958271606e-05,2.911665063671392e-05,0.0,152.0,225.0,73.0,174.5432098765432,26.61850327693948,152.0,1.7777777777777777,2.691358024691358,9.753086419753087,0.0,0.125,0.18923611111111113,0.685763888888889,0.0,9.658671650286621,0.1683111954459204,0.2,1.0,0.0,0.22222222222222224,0.22222222222222224,0.5061728395061729,575.0,1.0,0.06999999999999995
"Thermodynamic, Structural and Thermoelectric Properties of AgSbTe2 Thick Films Developed by Melt Spinning.pdf",10.3390/nano8070474,AgSbTe2,SAT-5,AgSbTe2,,,,,,figure,,Visually estimated from Fig. 4b,280.0,uV/K,False,47.0,52.0,5.0,50.5,1.75,52.0,65.0,90.0,25.0,82.5,8.75,90.0,107.8682,127.6,19.731799999999993,121.20705,6.669425,127.6,722.66,1234.93,512.2700000000001,896.0074999999999,173.34750000000003,722.66,11.0,16.0,5.0,14.5,1.75,16.0,5.0,5.0,0.0,5.0,0.0,5.0,138.0,145.0,7.0,140.0,2.5,138.0,1.93,2.1,0.17000000000000015,2.045,0.05750000000000005,2.1,1.0,2.0,1.0,1.75,0.375,2.0,0.0,4.0,4.0,2.75,1.375,4.0,10.0,10.0,0.0,10.0,0.0,10.0,0.0,0.0,0.0,0.0,0.0,0.0,11.0,16.0,5.0,14.5,1.75,16.0,0.0,1.0,1.0,0.25,0.375,0.0,0.0,3.0,3.0,1.75,0.875,2.0,0.0,0.0,0.0,0.0,0.0,0.0,0.0,0.0,0.0,0.0,0.0,0.0,1.0,3.0,2.0,2.0,0.5,2.0,16.33,34.7633333333,18.4333333333,29.35416666665,6.512083333324999,34.7633333333,0.0,0.464,0.464,0.232,0.232,0.464,0.0,0.0,0.0,0.0,0.0,0.0,152.0,225.0,73.0,173.75,25.625,152.0,1.75,2.75,10.0,0.0,0.1206896551724138,0.1896551724137931,0.6896551724137931,0.0,8.644719482306641,0.11200000000000014,,0.0,0.0,0.25,0.25,0.5,300.0,,
"Thermodynamic, Structural and Thermoelectric Properties of AgSbTe2 Thick Films Developed by Melt Spinning.pdf",10.3390/nano8070474,AgSbTe2,SAT-5,AgSbTe2,,,,,,figure,,Visually estimated from Fig. 4b,270.0,uV/K,False,47.0,52.0,5.0,50.5,1.75,52.0,65.0,90.0,25.0,82.5,8.75,90.0,107.8682,127.6,19.731799999999993,121.20705,6.669425,127.6,722.66,1234.93,512.2700000000001,896.0074999999999,173.34750000000003,722.66,11.0,16.0,5.0,14.5,1.75,16.0,5.0,5.0,0.0,5.0,0.0,5.0,138.0,145.0,7.0,140.0,2.5,138.0,1.93,2.1,0.17000000000000015,2.045,0.05750000000000005,2.1,1.0,2.0,1.0,1.75,0.375,2.0,0.0,4.0,4.0,2.75,1.375,4.0,10.0,10.0,0.0,10.0,0.0,10.0,0.0,0.0,0.0,0.0,0.0,0.0,11.0,16.0,5.0,14.5,1.75,16.0,0.0,1.0,1.0,0.25,0.375,0.0,0.0,3.0,3.0,1.75,0.875,2.0,0.0,0.0,0.0,0.0,0.0,0.0,0.0,0.0,0.0,0.0,0.0,0.0,1.0,3.0,2.0,2.0,0.5,2.0,16.33,34.7633333333,18.4333333333,29.35416666665,6.512083333324999,34.7633333333,0.0,0.464,0.464,0.232,0.232,0.464,0.0,0.0,0.0,0.0,0.0,0.0,152.0,225.0,73.0,173.75,25.625,152.0,1.75,2.75,10.0,0.0,0.1206896551724138,0.1896551724137931,0.6896551724137931,0.0,8.644719482306641,0.11200000000000014,,0.0,0.0,0.25,0.25,0.5,500.0,,
"Thermodynamic, Structural and Thermoelectric Properties of AgSbTe2 Thick Films Developed by Melt Spinning.pdf",10.3390/nano8070474,AgSbTe2,SAT-10,AgSbTe2,,,,,,figure,,Visually estimated from Fig. 4b,239.99999999999997,uV/K,False,47.0,52.0,5.0,50.5,1.75,52.0,65.0,90.0,25.0,82.5,8.75,90.0,107.8682,127.6,19.731799999999993,121.20705,6.669425,127.6,722.66,1234.93,512.2700000000001,896.0074999999999,173.34750000000003,722.66,11.0,16.0,5.0,14.5,1.75,16.0,5.0,5.0,0.0,5.0,0.0,5.0,138.0,145.0,7.0,140.0,2.5,138.0,1.93,2.1,0.17000000000000015,2.045,0.05750000000000005,2.1,1.0,2.0,1.0,1.75,0.375,2.0,0.0,4.0,4.0,2.75,1.375,4.0,10.0,10.0,0.0,10.0,0.0,10.0,0.0,0.0,0.0,0.0,0.0,0.0,11.0,16.0,5.0,14.5,1.75,16.0,0.0,1.0,1.0,0.25,0.375,0.0,0.0,3.0,3.0,1.75,0.875,2.0,0.0,0.0,0.0,0.0,0.0,0.0,0.0,0.0,0.0,0.0,0.0,0.0,1.0,3.0,2.0,2.0,0.5,2.0,16.33,34.7633333333,18.4333333333,29.35416666665,6.512083333324999,34.7633333333,0.0,0.464,0.464,0.232,0.232,0.464,0.0,0.0,0.0,0.0,0.0,0.0,152.0,225.0,73.0,173.75,25.625,152.0,1.75,2.75,10.0,0.0,0.1206896551724138,0.1896551724137931,0.6896551724137931,0.0,8.644719482306641,0.11200000000000014,,0.0,0.0,0.25,0.25,0.5,300.0,,
"Thermodynamic, Structural and Thermoelectric Properties of AgSbTe2 Thick Films Developed by Melt Spinning.pdf",10.3390/nano8070474,AgSbTe2,SAT-10,AgSbTe2,,,,,,figure,,Visually estimated from Fig. 4b,260.0,uV/K,False,47.0,52.0,5.0,50.5,1.75,52.0,65.0,90.0,25.0,82.5,8.75,90.0,107.8682,127.6,19.731799999999993,121.20705,6.669425,127.6,722.66,1234.93,512.2700000000001,896.0074999999999,173.34750000000003,722.66,11.0,16.0,5.0,14.5,1.75,16.0,5.0,5.0,0.0,5.0,0.0,5.0,138.0,145.0,7.0,140.0,2.5,138.0,1.93,2.1,0.17000000000000015,2.045,0.05750000000000005,2.1,1.0,2.0,1.0,1.75,0.375,2.0,0.0,4.0,4.0,2.75,1.375,4.0,10.0,10.0,0.0,10.0,0.0,10.0,0.0,0.0,0.0,0.0,0.0,0.0,11.0,16.0,5.0,14.5,1.75,16.0,0.0,1.0,1.0,0.25,0.375,0.0,0.0,3.0,3.0,1.75,0.875,2.0,0.0,0.0,0.0,0.0,0.0,0.0,0.0,0.0,0.0,0.0,0.0,0.0,1.0,3.0,2.0,2.0,0.5,2.0,16.33,34.7633333333,18.4333333333,29.35416666665,6.512083333324999,34.7633333333,0.0,0.464,0.464,0.232,0.232,0.464,0.0,0.0,0.0,0.0,0.0,0.0,152.0,225.0,73.0,173.75,25.625,152.0,1.75,2.75,10.0,0.0,0.1206896551724138,0.1896551724137931,0.6896551724137931,0.0,8.644719482306641,0.11200000000000014,,0.0,0.0,0.25,0.25,0.5,500.0,,
"Thermodynamic, Structural and Thermoelectric Properties of AgSbTe2 Thick Films Developed by Melt Spinning.pdf",10.3390/nano8070474,AgSbTe2,SATS-10,AgSbTe2-xSex,Se,1%,Te,,Se (1%) @ Te site,figure,,Visually estimated from Fig. 4b,250.0,uV/K,True,34.0,52.0,18.0,50.41,1.8691000000000015,52.0,65.0,90.0,25.0,82.49499999999999,8.747500000000004,90.0,78.96,127.6,48.64,120.96385000000001,6.967863499999995,127.6,494.0,1234.93,740.9300000000001,894.8642,174.49080000000004,722.66,11.0,16.0,5.0,14.5,1.75,16.0,4.0,5.0,1.0,4.994999999999999,0.009950000000000774,5.0,120.0,145.0,25.0,139.91,2.544999999999998,138.0,1.93,2.55,0.6199999999999999,2.04725,0.05862500000000001,2.1,1.0,2.0,1.0,1.75,0.375,2.0,0.0,4.0,4.0,2.75,1.375,4.0,10.0,10.0,0.0,10.0,0.0,10.0,0.0,0.0,0.0,0.0,0.0,0.0,11.0,16.0,5.0,14.5,1.75,16.0,0.0,1.0,1.0,0.25,0.375,0.0,0.0,3.0,3.0,1.75,0.875,2.0,0.0,0.0,0.0,0.0,0.0,0.0,0.0,0.0,0.0,0.0,0.0,0.0,1.0,3.0,2.0,2.0,0.5,2.0,16.33,34.7633333333,18.4333333333,29.3099499999835,6.523874499991584,34.7633333333,0.0,0.799,0.799,0.23367500000000002,0.233675,0.464,0.0,0.0,0.0,0.0,0.0,0.0,14.0,225.0,211.0,173.06,25.970000000000002,152.0,1.75,2.75,10.0,0.0,0.1206896551724138,0.1896551724137931,0.6896551724137931,0.0,8.877530814278654,0.1182276371140568,0.01,1.0,0.0,0.25,0.25,0.495,300.0,0.0,0.22999999999999976
"Thermodynamic, Structural and Thermoelectric Properties of AgSbTe2 Thick Films Developed by Melt Spinning.pdf",10.3390/nano8070474,AgSbTe2,SATS-10,AgSbTe2-xSex,Se,1%,Te,,Se (1%) @ Te site,figure,,Visually estimated from Fig. 4b,219.99999999999997,uV/K,True,34.0,52.0,18.0,50.41,1.8691000000000015,52.0,65.0,90.0,25.0,82.49499999999999,8.747500000000004,90.0,78.96,127.6,48.64,120.96385000000001,6.967863499999995,127.6,494.0,1234.93,740.9300000000001,894.8642,174.49080000000004,722.66,11.0,16.0,5.0,14.5,1.75,16.0,4.0,5.0,1.0,4.994999999999999,0.009950000000000774,5.0,120.0,145.0,25.0,139.91,2.544999999999998,138.0,1.93,2.55,0.6199999999999999,2.04725,0.05862500000000001,2.1,1.0,2.0,1.0,1.75,0.375,2.0,0.0,4.0,4.0,2.75,1.375,4.0,10.0,10.0,0.0,10.0,0.0,10.0,0.0,0.0,0.0,0.0,0.0,0.0,11.0,16.0,5.0,14.5,1.75,16.0,0.0,1.0,1.0,0.25,0.375,0.0,0.0,3.0,3.0,1.75,0.875,2.0,0.0,0.0,0.0,0.0,0.0,0.0,0.0,0.0,0.0,0.0,0.0,0.0,1.0,3.0,2.0,2.0,0.5,2.0,16.33,34.7633333333,18.4333333333,29.3099499999835,6.523874499991584,34.7633333333,0.0,0.799,0.799,0.23367500000000002,0.233675,0.464,0.0,0.0,0.0,0.0,0.0,0.0,14.0,225.0,211.0,173.06,25.970000000000002,152.0,1.75,2.75,10.0,0.0,0.1206896551724138,0.1896551724137931,0.6896551724137931,0.0,8.877530814278654,0.1182276371140568,0.01,1.0,0.0,0.25,0.25,0.495,500.0,0.0,0.22999999999999976
Thermoelectric Properties of the Pseudobinary Alloy (Ag0.365Sb0.558Te)0.975(GeTe)0.025 Prepared by Spark Plasma Sintering.pdf,10.1007/s11664-010-1278-1,AgSbTe2,(Ag0.365Sb0.558Te)0.975(GeTe)0.025,(Ag0.365Sb0.558Te)0.975(GeTe)0.025,Ge,1.3 at.%,Sb,Ge (remaining Ge atoms) @ interstitial,Ge (1.3 at.%) @ Sb site; Ge (remaining Ge atoms) @ interstitial site,text,body text,,131.0,uV/K,False,32.0,52.0,20.0,50.53322856734678,1.7878290640811494,52.0,65.0,90.0,25.0,83.82203202722184,7.0847866263549175,90.0,72.64,127.6,54.959999999999994,121.58765857111315,6.344251109287612,127.6,722.66,1234.93,512.2700000000001,874.9053717677313,158.1831726095627,722.66,11.0,16.0,5.0,14.767003909243218,1.4127902270821042,16.0,4.0,5.0,1.0,4.9870124810057535,0.02563768668924125,5.0,120.0,145.0,25.0,139.34300037663806,2.0917020049757147,138.0,1.93,2.1,0.17000000000000015,2.053270257282751,0.04855227369092183,2.1,1.0,2.0,1.0,1.8151226671169005,0.3013954093382621,2.0,0.0,4.0,4.0,2.9518812421263165,1.1161970134886927,4.0,10.0,10.0,0.0,10.0,0.0,10.0,0.0,0.0,0.0,0.0,0.0,0.0,11.0,16.0,5.0,14.767003909243218,1.4127902270821042,16.0,0.0,1.0,1.0,0.18487733288309935,0.30139540933826203,0.0,0.0,4.0,4.0,1.9388547605750874,0.7169005939656445,2.0,0.0,0.0,0.0,0.0,0.0,0.0,0.0,0.0,0.0,0.0,0.0,0.0,1.0,4.0,3.0,2.1237320934581865,0.5440630177462694,2.0,16.33,34.7633333333,18.4333333333,30.29734409564009,5.353909562634303,34.7633333333,0.0,0.464,0.464,0.246022572308012,0.23003687248520094,0.464,0.0,0.0,0.0,0.0,0.0,0.0,152.0,225.0,73.0,170.40101562398536,21.606439912427323,152.0,1.8151226671169005,2.9518812421263165,10.0,0.0,0.12291746370980153,0.199897098982863,0.6771854373073354,0.0,8.86197593613825,0.10029535711725207,0.013000000000000001,2.0,1.0,0.18487733288309935,0.282634388352793,0.5195007597698612,551.0,1.0,0.030000000000000027
Thermoelectric Properties of the Pseudobinary Alloy (Ag0.365Sb0.558Te)0.975(GeTe)0.025 Prepared by Spark Plasma Sintering.pdf,10.1007/s11664-010-1278-1,AgSbTe2,(Ag0.365Sb0.558Te)0.975(GeTe)0.025,(Ag0.365Sb0.558Te)0.975(GeTe)0.025,Ge,0.025,Sb,Ge (0.025) @ interstitial,Ge (0.025) @ Sb site; Ge (0.025) @ interstitial site,figure,,Visually estimated from Fig. 3,59.99999999999999,uV/K,False,32.0,52.0,20.0,50.53322856734678,1.7878290640811494,52.0,65.0,90.0,25.0,83.82203202722184,7.0847866263549175,90.0,72.64,127.6,54.959999999999994,121.58765857111315,6.344251109287612,127.6,722.66,1234.93,512.2700000000001,874.9053717677313,158.1831726095627,722.66,11.0,16.0,5.0,14.767003909243218,1.4127902270821042,16.0,4.0,5.0,1.0,4.9870124810057535,0.02563768668924125,5.0,120.0,145.0,25.0,139.34300037663806,2.0917020049757147,138.0,1.93,2.1,0.17000000000000015,2.053270257282751,0.04855227369092183,2.1,1.0,2.0,1.0,1.8151226671169005,0.3013954093382621,2.0,0.0,4.0,4.0,2.9518812421263165,1.1161970134886927,4.0,10.0,10.0,0.0,10.0,0.0,10.0,0.0,0.0,0.0,0.0,0.0,0.0,11.0,16.0,5.0,14.767003909243218,1.4127902270821042,16.0,0.0,1.0,1.0,0.18487733288309935,0.30139540933826203,0.0,0.0,4.0,4.0,1.9388547605750874,0.7169005939656445,2.0,0.0,0.0,0.0,0.0,0.0,0.0,0.0,0.0,0.0,0.0,0.0,0.0,1.0,4.0,3.0,2.1237320934581865,0.5440630177462694,2.0,16.33,34.7633333333,18.4333333333,30.29734409564009,5.353909562634303,34.7633333333,0.0,0.464,0.464,0.246022572308012,0.23003687248520094,0.464,0.0,0.0,0.0,0.0,0.0,0.0,152.0,225.0,73.0,170.40101562398536,21.606439912427323,152.0,1.8151226671169005,2.9518812421263165,10.0,0.0,0.12291746370980153,0.199897098982863,0.6771854373073354,0.0,8.86197593613825,0.10029535711725207,0.025,2.0,1.0,0.18487733288309935,0.282634388352793,0.5195007597698612,318.0,1.0,0.030000000000000027
Thermoelectric properties of (GeTe)1-x[(Ag2Te)0.4(Sb2Te3)0.6]x alloys.pdf,10.1007/s12598-,AgSbTe2-family (GeTe-Ag2Te-Sb2Te3 alloys),x = 0.03,(GeTe)0.97[(Ag2Te)0.4(Sb2Te3)0.6]0.03,,,,,,figure,Fig. 5b,,5.0,uV/K,False,32.0,52.0,20.0,42.534365924491766,9.891902174982592,52.0,65.0,90.0,25.0,84.45788964181993,5.577098067733805,90.0,72.64,127.6,54.959999999999994,101.46495488867376,27.06699539401118,127.6,722.66,1234.93,512.2700000000001,961.2333785091964,241.26848186046342,722.66,11.0,16.0,5.0,14.985479186834459,1.0179731962376146,16.0,4.0,5.0,1.0,4.530493707647627,0.498140267587802,5.0,120.0,145.0,25.0,129.64762826718297,9.059244355438016,138.0,1.93,2.1,0.17000000000000015,2.054898354307841,0.04523262820626973,2.1,1.0,2.0,1.0,1.9883833494675702,0.022963407925674383,2.0,0.0,4.0,4.0,2.9970958373668917,1.0059179693540086,4.0,10.0,10.0,0.0,9.999999999999996,3.552713678800501e-15,10.0,0.0,0.0,0.0,0.0,0.0,0.0,11.0,16.0,5.0,14.985479186834459,1.0179731962376146,16.0,0.0,1.0,1.0,0.011616650532429815,0.022963407925674424,0.0,0.0,4.0,4.0,2.933204259438528,1.0040624540221104,2.0,0.0,0.0,0.0,0.0,0.0,0.0,0.0,0.0,0.0,0.0,0.0,0.0,1.0,4.0,3.0,2.9448209099709577,0.9927494332712641,2.0,16.33,34.7633333333,18.4333333333,28.972770248450527,5.897544653397703,34.7633333333,0.0,0.464,0.464,0.4124946757018393,0.051654904136393495,0.464,0.0,0.0,0.0,0.0,0.0,0.0,152.0,225.0,73.0,187.3659244917715,36.21323432253542,152.0,1.9883833494675702,2.9970958373668917,9.999999999999996,0.0,0.13268733850129202,0.19999999999999998,0.6673126614987079,0.0,6.8463913272354135,0.08870744771539014,,0.0,0.0,0.011616650532429815,0.017424975798644722,0.5014520813165537,300.0,,
Thermoelectric properties of AgSbTe2 from first-principles calculations.pdf,10.1063/1.4895062,AgSbTe2,pure AgSbTe2,AgSbTe2,,,,,,figure,Fig. 2,"Visually estimated from Fig. 2, Fd3m structure, Eg=0.008eV, carrier concentration 2.5x10^19 h/cm^3",100.0,uV/K,False,47.0,52.0,5.0,50.5,1.75,52.0,65.0,90.0,25.0,82.5,8.75,90.0,107.8682,127.6,19.731799999999993,121.20705,6.669425,127.6,722.66,1234.93,512.2700000000001,896.0074999999999,173.34750000000003,722.66,11.0,16.0,5.0,14.5,1.75,16.0,5.0,5.0,0.0,5.0,0.0,5.0,138.0,145.0,7.0,140.0,2.5,138.0,1.93,2.1,0.17000000000000015,2.045,0.05750000000000005,2.1,1.0,2.0,1.0,1.75,0.375,2.0,0.0,4.0,4.0,2.75,1.375,4.0,10.0,10.0,0.0,10.0,0.0,10.0,0.0,0.0,0.0,0.0,0.0,0.0,11.0,16.0,5.0,14.5,1.75,16.0,0.0,1.0,1.0,0.25,0.375,0.0,0.0,3.0,3.0,1.75,0.875,2.0,0.0,0.0,0.0,0.0,0.0,0.0,0.0,0.0,0.0,0.0,0.0,0.0,1.0,3.0,2.0,2.0,0.5,2.0,16.33,34.7633333333,18.4333333333,29.35416666665,6.512083333324999,34.7633333333,0.0,0.464,0.464,0.232,0.232,0.464,0.0,0.0,0.0,0.0,0.0,0.0,152.0,225.0,73.0,173.75,25.625,152.0,1.75,2.75,10.0,0.0,0.1206896551724138,0.1896551724137931,0.6896551724137931,0.0,8.644719482306641,0.11200000000000014,,0.0,0.0,0.25,0.25,0.5,200.0,,
Thermoelectric properties of AgSbTe2 from first-principles calculations.pdf,10.1063/1.4895062,AgSbTe2,pure AgSbTe2,AgSbTe2,,,,,,figure,Fig. 2,"Visually estimated from Fig. 2, Fd3m structure, Eg=0.008eV, carrier concentration 2.5x10^19 h/cm^3",199.99999999999997,uV/K,False,47.0,52.0,5.0,50.5,1.75,52.0,65.0,90.0,25.0,82.5,8.75,90.0,107.8682,127.6,19.731799999999993,121.20705,6.669425,127.6,722.66,1234.93,512.2700000000001,896.0074999999999,173.34750000000003,722.66,11.0,16.0,5.0,14.5,1.75,16.0,5.0,5.0,0.0,5.0,0.0,5.0,138.0,145.0,7.0,140.0,2.5,138.0,1.93,2.1,0.17000000000000015,2.045,0.05750000000000005,2.1,1.0,2.0,1.0,1.75,0.375,2.0,0.0,4.0,4.0,2.75,1.375,4.0,10.0,10.0,0.0,10.0,0.0,10.0,0.0,0.0,0.0,0.0,0.0,0.0,11.0,16.0,5.0,14.5,1.75,16.0,0.0,1.0,1.0,0.25,0.375,0.0,0.0,3.0,3.0,1.75,0.875,2.0,0.0,0.0,0.0,0.0,0.0,0.0,0.0,0.0,0.0,0.0,0.0,0.0,1.0,3.0,2.0,2.0,0.5,2.0,16.33,34.7633333333,18.4333333333,29.35416666665,6.512083333324999,34.7633333333,0.0,0.464,0.464,0.232,0.232,0.464,0.0,0.0,0.0,0.0,0.0,0.0,152.0,225.0,73.0,173.75,25.625,152.0,1.75,2.75,10.0,0.0,0.1206896551724138,0.1896551724137931,0.6896551724137931,0.0,8.644719482306641,0.11200000000000014,,0.0,0.0,0.25,0.25,0.5,400.0,,
Thermoelectric properties of AgSbTe2 from first-principles calculations.pdf,10.1063/1.4895062,AgSbTe2,pure AgSbTe2,AgSbTe2,,,,,,figure,Fig. 2,"Visually estimated from Fig. 2, Fd3m structure, Eg=0.008eV, carrier concentration 2.5x10^19 h/cm^3",250.0,uV/K,False,47.0,52.0,5.0,50.5,1.75,52.0,65.0,90.0,25.0,82.5,8.75,90.0,107.8682,127.6,19.731799999999993,121.20705,6.669425,127.6,722.66,1234.93,512.2700000000001,896.0074999999999,173.34750000000003,722.66,11.0,16.0,5.0,14.5,1.75,16.0,5.0,5.0,0.0,5.0,0.0,5.0,138.0,145.0,7.0,140.0,2.5,138.0,1.93,2.1,0.17000000000000015,2.045,0.05750000000000005,2.1,1.0,2.0,1.0,1.75,0.375,2.0,0.0,4.0,4.0,2.75,1.375,4.0,10.0,10.0,0.0,10.0,0.0,10.0,0.0,0.0,0.0,0.0,0.0,0.0,11.0,16.0,5.0,14.5,1.75,16.0,0.0,1.0,1.0,0.25,0.375,0.0,0.0,3.0,3.0,1.75,0.875,2.0,0.0,0.0,0.0,0.0,0.0,0.0,0.0,0.0,0.0,0.0,0.0,0.0,1.0,3.0,2.0,2.0,0.5,2.0,16.33,34.7633333333,18.4333333333,29.35416666665,6.512083333324999,34.7633333333,0.0,0.464,0.464,0.232,0.232,0.464,0.0,0.0,0.0,0.0,0.0,0.0,152.0,225.0,73.0,173.75,25.625,152.0,1.75,2.75,10.0,0.0,0.1206896551724138,0.1896551724137931,0.6896551724137931,0.0,8.644719482306641,0.11200000000000014,,0.0,0.0,0.25,0.25,0.5,600.0,,
"Thermoelectric properties of p-type (AgSbTe2)x(Pb0.5Sn0.5Te)1 − x (x = 0.05, 0.09, 0.2).pdf",10.1016/j.jallcom.2005.08.033,AgSbTe2-PbTe-SnTe,x=0.05,(AgSbTe2)0.05(Pb0.5Sn0.5Te)0.95,Pb,0.95 * 0.5,unclear,Sn (0.95 * 0.5) @ unclear,Pb (0.95 * 0.5) @ unclear site; Sn (0.95 * 0.5) @ unclear site,figure,,Visually estimated from Fig 3B,80.0,uV/K,False,47.0,82.0,35.0,58.19047619047618,10.770975056689336,52.0,65.0,90.0,25.0,84.98809523809523,5.012471655328799,90.0,107.8682,207.2,99.33179999999999,142.98507619047615,29.04960839002265,127.6,505.08,1234.93,729.8500000000001,662.3482142857143,99.07433673469386,722.66,11.0,16.0,5.0,14.95238095238095,1.0498866213151927,16.0,5.0,6.0,1.0,5.226190476190475,0.35005668934240314,5.0,138.0,146.0,8.0,140.22619047619045,2.8392857142857024,138.0,1.93,2.33,0.40000000000000013,2.1151190476190473,0.09720804988662113,2.1,1.0,2.0,1.0,1.9761904761904763,0.04648526077097498,2.0,0.0,4.0,4.0,2.9761904761904763,1.0249433106575963,4.0,10.0,10.0,0.0,10.0,0.0,10.0,0.0,14.0,14.0,3.166666666666666,4.90079365079365,0.0,11.0,28.0,17.0,18.119047619047617,4.469954648526076,16.0,0.0,1.0,1.0,0.023809523809523808,0.04648526077097506,0.0,0.0,4.0,4.0,2.8809523809523814,1.0181405895691609,2.0,0.0,0.0,0.0,0.0,0.0,0.0,0.0,0.0,0.0,0.0,0.0,0.0,1.0,4.0,3.0,2.9047619047619047,0.9954648526077098,2.0,16.33,34.7633333333,18.4333333333,32.40886904760237,2.7508092403536857,34.7633333333,0.0,0.464,0.464,0.232,0.23200000000000004,0.464,0.0,0.0,0.0,0.0,0.0,0.0,141.0,225.0,84.0,168.0952380952381,28.452380952380953,152.0,1.9761904761904763,2.9761904761904763,10.0,3.166666666666666,0.10906701708278582,0.16425755584756901,0.5519053876478318,0.1747700394218134,9.952136307910054,0.20964050854888217,0.95,2.0,1.0,0.023809523809523808,0.023809523809523808,0.5,300.0,,
"Thermoelectric properties of p-type (AgSbTe2)x(Pb0.5Sn0.5Te)1 − x (x = 0.05, 0.09, 0.2).pdf",10.1016/j.jallcom.2005.08.033,AgSbTe2-PbTe-SnTe,x=0.09,(AgSbTe2)0.09(Pb0.5Sn0.5Te)0.91,Pb,0.91 * 0.5,unclear,Sn (0.91 * 0.5) @ unclear,Pb (0.91 * 0.5) @ unclear site; Sn (0.91 * 0.5) @ unclear site,figure,,Visually estimated from Fig 3B,100.0,uV/K,False,47.0,82.0,35.0,57.596330275229356,10.186852958505174,52.0,65.0,90.0,25.0,84.79587155963303,5.220983082232136,90.0,107.8682,207.2,99.33179999999999,141.3025633027523,27.507645593805243,127.6,505.08,1234.93,729.8500000000001,680.4001146788991,106.49096730073225,722.66,11.0,16.0,5.0,14.917431192660551,1.0893864152849084,16.0,5.0,6.0,1.0,5.208715596330275,0.33030679235754534,5.0,138.0,146.0,8.0,140.20871559633028,2.8130733944954147,138.0,1.93,2.33,0.40000000000000013,2.1097018348623857,0.09195932581432562,2.1,1.0,2.0,1.0,1.9587155963302754,0.07916000336671983,2.0,0.0,4.0,4.0,2.9587155963302756,1.0446932076424544,4.0,10.0,10.0,0.0,10.0,0.0,10.0,0.0,14.0,14.0,2.922018348623853,4.62429509300564,0.0,11.0,28.0,17.0,17.839449541284402,4.241330696069353,16.0,0.0,1.0,1.0,0.041284403669724766,0.07916000336671998,0.0,0.0,4.0,4.0,2.793577981651376,1.024240383806077,2.0,0.0,0.0,0.0,0.0,0.0,0.0,0.0,0.0,0.0,0.0,0.0,0.0,1.0,4.0,3.0,2.834862385321101,0.9863647841090817,2.0,16.33,34.7633333333,18.4333333333,32.17287079509036,3.054699958607691,34.7633333333,0.0,0.464,0.464,0.23200000000000004,0.23199999999999998,0.464,0.0,0.0,0.0,0.0,0.0,0.0,141.0,225.0,84.0,168.5321100917431,28.23394495412843,152.0,1.9587155963302754,2.9587155963302756,10.0,2.922018348623853,0.10979686294677296,0.1658524042170224,0.5605554127024942,0.16379532013371045,10.507540980099932,0.201282525805268,0.91,2.0,1.0,0.041284403669724766,0.041284403669724766,0.5,300.0,,
"Thermoelectric properties of p-type (AgSbTe2)x(Pb0.5Sn0.5Te)1 − x (x = 0.05, 0.09, 0.2).pdf",10.1016/j.jallcom.2005.08.033,AgSbTe2-PbTe-SnTe,x=0.2,(AgSbTe2)0.2(Pb0.5Sn0.5Te)0.8,Pb,0.8 * 0.5,unclear,Sn (0.8 * 0.5) @ unclear,Pb (0.8 * 0.5) @ unclear site; Sn (0.8 * 0.5) @ unclear site,figure,,Visually estimated from Fig 3B,120.0,uV/K,False,47.0,82.0,35.0,56.16666666666667,8.611111111111114,52.0,65.0,90.0,25.0,84.33333333333334,5.777777777777778,90.0,107.8682,207.2,99.33179999999999,137.25401666666667,23.31532777777779,127.6,505.08,1234.93,729.8500000000001,723.8375000000001,115.1725000000001,722.66,11.0,16.0,5.0,14.833333333333334,1.1944444444444444,16.0,5.0,6.0,1.0,5.166666666666667,0.277777777777778,5.0,138.0,146.0,8.0,140.1666666666667,2.750000000000024,138.0,1.93,2.33,0.40000000000000013,2.096666666666667,0.08111111111111104,2.1,1.0,2.0,1.0,1.916666666666667,0.15277777777777754,2.0,0.0,4.0,4.0,2.916666666666667,1.0972222222222223,4.0,10.0,10.0,0.0,10.0,0.0,10.0,0.0,14.0,14.0,2.3333333333333335,3.88888888888889,0.0,11.0,28.0,17.0,17.166666666666668,3.6111111111111125,16.0,0.0,1.0,1.0,0.08333333333333334,0.1527777777777778,0.0,0.0,4.0,4.0,2.583333333333334,1.013888888888889,2.0,0.0,0.0,0.0,0.0,0.0,0.0,0.0,0.0,0.0,0.0,0.0,0.0,1.0,4.0,3.0,2.666666666666667,0.9444444444444446,2.0,16.33,34.7633333333,18.4333333333,31.60499999998334,3.7183333333222186,34.7633333333,0.0,0.464,0.464,0.23200000000000004,0.23200000000000004,0.464,0.0,0.0,0.0,0.0,0.0,0.0,141.0,225.0,84.0,169.58333333333334,27.708333333333346,152.0,1.916666666666667,2.916666666666667,10.0,2.3333333333333335,0.11165048543689321,0.16990291262135923,0.5825242718446602,0.13592233009708737,11.290856111363935,0.18285714285714294,0.8,2.0,1.0,0.08333333333333334,0.08333333333333334,0.5000000000000001,300.0,,
Transport properties of (AgSbТe2 )0.7 (PbTe)0.3 thermoelectric compound.pdf,10.1063/10.0014020,AgSbTe2,(AgSbTe2)0.7(PbTe)0.3,(AgSbTe2)0.7(PbTe)0.3,Pb,0.3,multiple sites,,Pb (0.3) @ multiple sites site,figure,,Visually estimated from Fig. 3,199.99999999999997,uV/K,False,47.0,82.0,35.0,53.41176470588236,5.044982698961945,52.0,65.0,90.0,25.0,83.0294117647059,7.78200692041522,90.0,107.8682,207.2,99.33179999999999,129.35874705882352,13.736691695501728,127.6,600.61,1234.93,634.32,854.6476470588236,176.81782006920423,722.66,11.0,16.0,5.0,14.58823529411765,1.5813148788927325,16.0,5.0,6.0,1.0,5.088235294117648,0.16089965397923925,5.0,138.0,146.0,8.0,140.3529411764706,2.910034602076133,138.0,1.93,2.33,0.40000000000000013,2.075,0.07000000000000008,2.1,1.0,2.0,1.0,1.7941176470588238,0.3269896193771625,2.0,0.0,4.0,4.0,2.7941176470588234,1.290657439446367,4.0,10.0,10.0,0.0,10.000000000000002,1.7763568394002505e-15,10.0,0.0,14.0,14.0,1.235294117647059,2.252595155709343,0.0,11.0,28.0,17.0,15.823529411764708,2.3252595155709344,16.0,0.0,1.0,1.0,0.2058823529411765,0.3269896193771627,0.0,0.0,4.0,4.0,1.970588235294118,0.8114186851211073,2.0,0.0,0.0,0.0,0.0,0.0,0.0,0.0,0.0,0.0,0.0,0.0,0.0,1.0,4.0,3.0,2.1764705882352944,0.660899653979239,2.0,16.33,34.7633333333,18.4333333333,29.721666666650002,5.798627450970587,34.7633333333,0.0,0.464,0.464,0.23200000000000004,0.23200000000000004,0.464,0.0,0.0,0.0,0.0,0.0,0.0,152.0,225.0,73.0,176.35294117647058,28.6159169550173,152.0,1.7941176470588238,2.7941176470588234,10.000000000000002,1.235294117647059,0.11338289962825279,0.17657992565055758,0.6319702602230484,0.07806691449814127,10.073473272591903,0.15281578947368435,0.3,1.0,0.0,0.2058823529411765,0.2058823529411765,0.5000000000000001,100.0,,
Transport properties of (AgSbТe2 )0.7 (PbTe)0.3 thermoelectric compound.pdf,10.1063/10.0014020,AgSbTe2,(AgSbTe2)0.7(PbTe)0.3,(AgSbTe2)0.7(PbTe)0.3,Pb,0.3,multiple sites,,Pb (0.3) @ multiple sites site,figure,,Visually estimated from Fig. 3,250.0,uV/K,False,47.0,82.0,35.0,53.41176470588236,5.044982698961945,52.0,65.0,90.0,25.0,83.0294117647059,7.78200692041522,90.0,107.8682,207.2,99.33179999999999,129.35874705882352,13.736691695501728,127.6,600.61,1234.93,634.32,854.6476470588236,176.81782006920423,722.66,11.0,16.0,5.0,14.58823529411765,1.5813148788927325,16.0,5.0,6.0,1.0,5.088235294117648,0.16089965397923925,5.0,138.0,146.0,8.0,140.3529411764706,2.910034602076133,138.0,1.93,2.33,0.40000000000000013,2.075,0.07000000000000008,2.1,1.0,2.0,1.0,1.7941176470588238,0.3269896193771625,2.0,0.0,4.0,4.0,2.7941176470588234,1.290657439446367,4.0,10.0,10.0,0.0,10.000000000000002,1.7763568394002505e-15,10.0,0.0,14.0,14.0,1.235294117647059,2.252595155709343,0.0,11.0,28.0,17.0,15.823529411764708,2.3252595155709344,16.0,0.0,1.0,1.0,0.2058823529411765,0.3269896193771627,0.0,0.0,4.0,4.0,1.970588235294118,0.8114186851211073,2.0,0.0,0.0,0.0,0.0,0.0,0.0,0.0,0.0,0.0,0.0,0.0,0.0,1.0,4.0,3.0,2.1764705882352944,0.660899653979239,2.0,16.33,34.7633333333,18.4333333333,29.721666666650002,5.798627450970587,34.7633333333,0.0,0.464,0.464,0.23200000000000004,0.23200000000000004,0.464,0.0,0.0,0.0,0.0,0.0,0.0,152.0,225.0,73.0,176.35294117647058,28.6159169550173,152.0,1.7941176470588238,2.7941176470588234,10.000000000000002,1.235294117647059,0.11338289962825279,0.17657992565055758,0.6319702602230484,0.07806691449814127,10.073473272591903,0.15281578947368435,0.3,1.0,0.0,0.2058823529411765,0.2058823529411765,0.5000000000000001,200.0,,
Transport properties of (AgSbТe2 )0.7 (PbTe)0.3 thermoelectric compound.pdf,10.1063/10.0014020,AgSbTe2,(AgSbTe2)0.7(PbTe)0.3,(AgSbTe2)0.7(PbTe)0.3,Pb,0.3,multiple sites,,Pb (0.3) @ multiple sites site,figure,,Visually estimated from Fig. 3,300.0,uV/K,False,47.0,82.0,35.0,53.41176470588236,5.044982698961945,52.0,65.0,90.0,25.0,83.0294117647059,7.78200692041522,90.0,107.8682,207.2,99.33179999999999,129.35874705882352,13.736691695501728,127.6,600.61,1234.93,634.32,854.6476470588236,176.81782006920423,722.66,11.0,16.0,5.0,14.58823529411765,1.5813148788927325,16.0,5.0,6.0,1.0,5.088235294117648,0.16089965397923925,5.0,138.0,146.0,8.0,140.3529411764706,2.910034602076133,138.0,1.93,2.33,0.40000000000000013,2.075,0.07000000000000008,2.1,1.0,2.0,1.0,1.7941176470588238,0.3269896193771625,2.0,0.0,4.0,4.0,2.7941176470588234,1.290657439446367,4.0,10.0,10.0,0.0,10.000000000000002,1.7763568394002505e-15,10.0,0.0,14.0,14.0,1.235294117647059,2.252595155709343,0.0,11.0,28.0,17.0,15.823529411764708,2.3252595155709344,16.0,0.0,1.0,1.0,0.2058823529411765,0.3269896193771627,0.0,0.0,4.0,4.0,1.970588235294118,0.8114186851211073,2.0,0.0,0.0,0.0,0.0,0.0,0.0,0.0,0.0,0.0,0.0,0.0,0.0,1.0,4.0,3.0,2.1764705882352944,0.660899653979239,2.0,16.33,34.7633333333,18.4333333333,29.721666666650002,5.798627450970587,34.7633333333,0.0,0.464,0.464,0.23200000000000004,0.23200000000000004,0.464,0.0,0.0,0.0,0.0,0.0,0.0,152.0,225.0,73.0,176.35294117647058,28.6159169550173,152.0,1.7941176470588238,2.7941176470588234,10.000000000000002,1.235294117647059,0.11338289962825279,0.17657992565055758,0.6319702602230484,0.07806691449814127,10.073473272591903,0.15281578947368435,0.3,1.0,0.0,0.2058823529411765,0.2058823529411765,0.5000000000000001,300.0,,
Transport properties of (AgSbТe2 )0.7 (PbTe)0.3 thermoelectric compound.pdf,10.1063/10.0014020,AgSbTe2,(AgSbTe2)0.7(PbTe)0.3,(AgSbTe2)0.7(PbTe)0.3,Pb,0.3,multiple sites,,Pb (0.3) @ multiple sites site,figure,,Visually estimated from Fig. 3,399.99999999999994,uV/K,False,47.0,82.0,35.0,53.41176470588236,5.044982698961945,52.0,65.0,90.0,25.0,83.0294117647059,7.78200692041522,90.0,107.8682,207.2,99.33179999999999,129.35874705882352,13.736691695501728,127.6,600.61,1234.93,634.32,854.6476470588236,176.81782006920423,722.66,11.0,16.0,5.0,14.58823529411765,1.5813148788927325,16.0,5.0,6.0,1.0,5.088235294117648,0.16089965397923925,5.0,138.0,146.0,8.0,140.3529411764706,2.910034602076133,138.0,1.93,2.33,0.40000000000000013,2.075,0.07000000000000008,2.1,1.0,2.0,1.0,1.7941176470588238,0.3269896193771625,2.0,0.0,4.0,4.0,2.7941176470588234,1.290657439446367,4.0,10.0,10.0,0.0,10.000000000000002,1.7763568394002505e-15,10.0,0.0,14.0,14.0,1.235294117647059,2.252595155709343,0.0,11.0,28.0,17.0,15.823529411764708,2.3252595155709344,16.0,0.0,1.0,1.0,0.2058823529411765,0.3269896193771627,0.0,0.0,4.0,4.0,1.970588235294118,0.8114186851211073,2.0,0.0,0.0,0.0,0.0,0.0,0.0,0.0,0.0,0.0,0.0,0.0,0.0,1.0,4.0,3.0,2.1764705882352944,0.660899653979239,2.0,16.33,34.7633333333,18.4333333333,29.721666666650002,5.798627450970587,34.7633333333,0.0,0.464,0.464,0.23200000000000004,0.23200000000000004,0.464,0.0,0.0,0.0,0.0,0.0,0.0,152.0,225.0,73.0,176.35294117647058,28.6159169550173,152.0,1.7941176470588238,2.7941176470588234,10.000000000000002,1.235294117647059,0.11338289962825279,0.17657992565055758,0.6319702602230484,0.07806691449814127,10.073473272591903,0.15281578947368435,0.3,1.0,0.0,0.2058823529411765,0.2058823529411765,0.5000000000000001,400.0,,
Transport properties of (AgSbТe2 )0.7 (PbTe)0.3 thermoelectric compound.pdf,10.1063/10.0014020,AgSbTe2,(AgSbTe2)0.7(PbTe)0.3,(AgSbTe2)0.7(PbTe)0.3,Pb,0.3,multiple sites,,Pb (0.3) @ multiple sites site,figure,,Visually estimated from Fig. 3,300.0,uV/K,False,47.0,82.0,35.0,53.41176470588236,5.044982698961945,52.0,65.0,90.0,25.0,83.0294117647059,7.78200692041522,90.0,107.8682,207.2,99.33179999999999,129.35874705882352,13.736691695501728,127.6,600.61,1234.93,634.32,854.6476470588236,176.81782006920423,722.66,11.0,16.0,5.0,14.58823529411765,1.5813148788927325,16.0,5.0,6.0,1.0,5.088235294117648,0.16089965397923925,5.0,138.0,146.0,8.0,140.3529411764706,2.910034602076133,138.0,1.93,2.33,0.40000000000000013,2.075,0.07000000000000008,2.1,1.0,2.0,1.0,1.7941176470588238,0.3269896193771625,2.0,0.0,4.0,4.0,2.7941176470588234,1.290657439446367,4.0,10.0,10.0,0.0,10.000000000000002,1.7763568394002505e-15,10.0,0.0,14.0,14.0,1.235294117647059,2.252595155709343,0.0,11.0,28.0,17.0,15.823529411764708,2.3252595155709344,16.0,0.0,1.0,1.0,0.2058823529411765,0.3269896193771627,0.0,0.0,4.0,4.0,1.970588235294118,0.8114186851211073,2.0,0.0,0.0,0.0,0.0,0.0,0.0,0.0,0.0,0.0,0.0,0.0,0.0,1.0,4.0,3.0,2.1764705882352944,0.660899653979239,2.0,16.33,34.7633333333,18.4333333333,29.721666666650002,5.798627450970587,34.7633333333,0.0,0.464,0.464,0.23200000000000004,0.23200000000000004,0.464,0.0,0.0,0.0,0.0,0.0,0.0,152.0,225.0,73.0,176.35294117647058,28.6159169550173,152.0,1.7941176470588238,2.7941176470588234,10.000000000000002,1.235294117647059,0.11338289962825279,0.17657992565055758,0.6319702602230484,0.07806691449814127,10.073473272591903,0.15281578947368435,0.3,1.0,0.0,0.2058823529411765,0.2058823529411765,0.5000000000000001,500.0,,
Ultralow lattice thermal conductivity and enhanced thermoelectric performance enabled by CuInSe2 alloying in AgSbTe2.pdf,10.1016/j.jallcom.2026.188903,(AgSbTe2)1-x(CuInSe2)x,x=0,AgSbTe2,,,,,,figure,Fig. 4b,Visually estimated from Fig. 4b,239.99999999999997,uV/K,False,47.0,52.0,5.0,50.5,1.75,52.0,65.0,90.0,25.0,82.5,8.75,90.0,107.8682,127.6,19.731799999999993,121.20705,6.669425,127.6,722.66,1234.93,512.2700000000001,896.0074999999999,173.34750000000003,722.66,11.0,16.0,5.0,14.5,1.75,16.0,5.0,5.0,0.0,5.0,0.0,5.0,138.0,145.0,7.0,140.0,2.5,138.0,1.93,2.1,0.17000000000000015,2.045,0.05750000000000005,2.1,1.0,2.0,1.0,1.75,0.375,2.0,0.0,4.0,4.0,2.75,1.375,4.0,10.0,10.0,0.0,10.0,0.0,10.0,0.0,0.0,0.0,0.0,0.0,0.0,11.0,16.0,5.0,14.5,1.75,16.0,0.0,1.0,1.0,0.25,0.375,0.0,0.0,3.0,3.0,1.75,0.875,2.0,0.0,0.0,0.0,0.0,0.0,0.0,0.0,0.0,0.0,0.0,0.0,0.0,1.0,3.0,2.0,2.0,0.5,2.0,16.33,34.7633333333,18.4333333333,29.35416666665,6.512083333324999,34.7633333333,0.0,0.464,0.464,0.232,0.232,0.464,0.0,0.0,0.0,0.0,0.0,0.0,152.0,225.0,73.0,173.75,25.625,152.0,1.75,2.75,10.0,0.0,0.1206896551724138,0.1896551724137931,0.6896551724137931,0.0,8.644719482306641,0.11200000000000014,,0.0,0.0,0.25,0.25,0.5,300.0,,
Ultralow lattice thermal conductivity and enhanced thermoelectric performance enabled by CuInSe2 alloying in AgSbTe2.pdf,10.1016/j.jallcom.2026.188903,(AgSbTe2)1-x(CuInSe2)x,x=0,AgSbTe2,,,,,,figure,Fig. 4b,Visually estimated from Fig. 4b,320.0,uV/K,False,47.0,52.0,5.0,50.5,1.75,52.0,65.0,90.0,25.0,82.5,8.75,90.0,107.8682,127.6,19.731799999999993,121.20705,6.669425,127.6,722.66,1234.93,512.2700000000001,896.0074999999999,173.34750000000003,722.66,11.0,16.0,5.0,14.5,1.75,16.0,5.0,5.0,0.0,5.0,0.0,5.0,138.0,145.0,7.0,140.0,2.5,138.0,1.93,2.1,0.17000000000000015,2.045,0.05750000000000005,2.1,1.0,2.0,1.0,1.75,0.375,2.0,0.0,4.0,4.0,2.75,1.375,4.0,10.0,10.0,0.0,10.0,0.0,10.0,0.0,0.0,0.0,0.0,0.0,0.0,11.0,16.0,5.0,14.5,1.75,16.0,0.0,1.0,1.0,0.25,0.375,0.0,0.0,3.0,3.0,1.75,0.875,2.0,0.0,0.0,0.0,0.0,0.0,0.0,0.0,0.0,0.0,0.0,0.0,0.0,1.0,3.0,2.0,2.0,0.5,2.0,16.33,34.7633333333,18.4333333333,29.35416666665,6.512083333324999,34.7633333333,0.0,0.464,0.464,0.232,0.232,0.464,0.0,0.0,0.0,0.0,0.0,0.0,152.0,225.0,73.0,173.75,25.625,152.0,1.75,2.75,10.0,0.0,0.1206896551724138,0.1896551724137931,0.6896551724137931,0.0,8.644719482306641,0.11200000000000014,,0.0,0.0,0.25,0.25,0.5,500.0,,
Ultralow lattice thermal conductivity and enhanced thermoelectric performance enabled by CuInSe2 alloying in AgSbTe2.pdf,10.1016/j.jallcom.2026.188903,(AgSbTe2)1-x(CuInSe2)x,x=0,AgSbTe2,,,,,,figure,Fig. 4b,Visually estimated from Fig. 4b,260.0,uV/K,False,47.0,52.0,5.0,50.5,1.75,52.0,65.0,90.0,25.0,82.5,8.75,90.0,107.8682,127.6,19.731799999999993,121.20705,6.669425,127.6,722.66,1234.93,512.2700000000001,896.0074999999999,173.34750000000003,722.66,11.0,16.0,5.0,14.5,1.75,16.0,5.0,5.0,0.0,5.0,0.0,5.0,138.0,145.0,7.0,140.0,2.5,138.0,1.93,2.1,0.17000000000000015,2.045,0.05750000000000005,2.1,1.0,2.0,1.0,1.75,0.375,2.0,0.0,4.0,4.0,2.75,1.375,4.0,10.0,10.0,0.0,10.0,0.0,10.0,0.0,0.0,0.0,0.0,0.0,0.0,11.0,16.0,5.0,14.5,1.75,16.0,0.0,1.0,1.0,0.25,0.375,0.0,0.0,3.0,3.0,1.75,0.875,2.0,0.0,0.0,0.0,0.0,0.0,0.0,0.0,0.0,0.0,0.0,0.0,0.0,1.0,3.0,2.0,2.0,0.5,2.0,16.33,34.7633333333,18.4333333333,29.35416666665,6.512083333324999,34.7633333333,0.0,0.464,0.464,0.232,0.232,0.464,0.0,0.0,0.0,0.0,0.0,0.0,152.0,225.0,73.0,173.75,25.625,152.0,1.75,2.75,10.0,0.0,0.1206896551724138,0.1896551724137931,0.6896551724137931,0.0,8.644719482306641,0.11200000000000014,,0.0,0.0,0.25,0.25,0.5,600.0,,
Ultralow lattice thermal conductivity and enhanced thermoelectric performance enabled by CuInSe2 alloying in AgSbTe2.pdf,10.1016/j.jallcom.2026.188903,(AgSbTe2)1-x(CuInSe2)x,x=0.01,(AgSbTe2)0.99(CuInSe2)0.01,Cu,0.01,unclear,In (0.01) @ unclear; Se (0.01) @ Te,Cu (0.01) @ unclear site; In (0.01) @ unclear site; Se (0.01) @ Te site,figure,Fig. 4b,Visually estimated from Fig. 4b,229.99999999999997,uV/K,False,29.0,52.0,23.0,50.360000000000014,1.9403999999999937,52.0,64.0,90.0,26.0,82.4675,8.776087500000001,90.0,63.546,127.6,64.054,120.83568950000003,7.154201092499984,127.6,429.75,1357.77,928.02,893.9862250000001,175.93400612500005,722.66,11.0,16.0,5.0,14.495000000000003,1.7549749999999988,16.0,4.0,5.0,1.0,4.992500000000001,0.014887499999999406,5.0,120.0,145.0,25.0,139.88500000000002,2.54250000000001,138.0,1.78,2.55,0.7699999999999998,2.0465000000000004,0.05973249999999981,2.1,1.0,2.0,1.0,1.75,0.375,2.0,0.0,4.0,4.0,2.7450000000000006,1.381225,4.0,10.0,10.0,0.0,10.000000000000004,3.552713678800501e-15,10.0,0.0,0.0,0.0,0.0,0.0,0.0,11.0,16.0,5.0,14.495000000000003,1.7549749999999988,16.0,0.0,1.0,1.0,0.25000000000000006,0.37500000000000006,0.0,0.0,5.0,5.0,1.7550000000000001,0.8775,2.0,0.0,0.0,0.0,0.0,0.0,0.0,0.0,0.0,0.0,0.0,0.0,0.0,1.0,5.0,4.0,2.0050000000000003,0.5075000000000003,2.0,11.07,34.7633333333,23.693333333299996,29.278549999983497,6.559253249991504,34.7633333333,0.0,0.799,0.799,0.23367500000000005,0.23367500000000002,0.464,0.0,0.0,0.0,0.0,0.0,0.0,14.0,225.0,211.0,172.9925,26.003750000000007,152.0,1.75,2.7450000000000006,10.000000000000004,0.0,0.12073128665056913,0.1893756467747499,0.6898930665746811,0.0,9.110342146250666,0.11965529509428005,0.01,3.0,1.0,0.24750000000000003,0.24750000000000003,0.49500000000000005,300.0,,
Ultralow lattice thermal conductivity and enhanced thermoelectric performance enabled by CuInSe2 alloying in AgSbTe2.pdf,10.1016/j.jallcom.2026.188903,(AgSbTe2)1-x(CuInSe2)x,x=0.01,(AgSbTe2)0.99(CuInSe2)0.01,Cu,0.01,unclear,In (0.01) @ unclear; Se (0.01) @ Te,Cu (0.01) @ unclear site; In (0.01) @ unclear site; Se (0.01) @ Te site,figure,Fig. 4b,Visually estimated from Fig. 4b,260.0,uV/K,False,29.0,52.0,23.0,50.360000000000014,1.9403999999999937,52.0,64.0,90.0,26.0,82.4675,8.776087500000001,90.0,63.546,127.6,64.054,120.83568950000003,7.154201092499984,127.6,429.75,1357.77,928.02,893.9862250000001,175.93400612500005,722.66,11.0,16.0,5.0,14.495000000000003,1.7549749999999988,16.0,4.0,5.0,1.0,4.992500000000001,0.014887499999999406,5.0,120.0,145.0,25.0,139.88500000000002,2.54250000000001,138.0,1.78,2.55,0.7699999999999998,2.0465000000000004,0.05973249999999981,2.1,1.0,2.0,1.0,1.75,0.375,2.0,0.0,4.0,4.0,2.7450000000000006,1.381225,4.0,10.0,10.0,0.0,10.000000000000004,3.552713678800501e-15,10.0,0.0,0.0,0.0,0.0,0.0,0.0,11.0,16.0,5.0,14.495000000000003,1.7549749999999988,16.0,0.0,1.0,1.0,0.25000000000000006,0.37500000000000006,0.0,0.0,5.0,5.0,1.7550000000000001,0.8775,2.0,0.0,0.0,0.0,0.0,0.0,0.0,0.0,0.0,0.0,0.0,0.0,0.0,1.0,5.0,4.0,2.0050000000000003,0.5075000000000003,2.0,11.07,34.7633333333,23.693333333299996,29.278549999983497,6.559253249991504,34.7633333333,0.0,0.799,0.799,0.23367500000000005,0.23367500000000002,0.464,0.0,0.0,0.0,0.0,0.0,0.0,14.0,225.0,211.0,172.9925,26.003750000000007,152.0,1.75,2.7450000000000006,10.000000000000004,0.0,0.12073128665056913,0.1893756467747499,0.6898930665746811,0.0,9.110342146250666,0.11965529509428005,0.01,3.0,1.0,0.24750000000000003,0.24750000000000003,0.49500000000000005,500.0,,
Ultralow lattice thermal conductivity and enhanced thermoelectric performance enabled by CuInSe2 alloying in AgSbTe2.pdf,10.1016/j.jallcom.2026.188903,(AgSbTe2)1-x(CuInSe2)x,x=0.01,(AgSbTe2)0.99(CuInSe2)0.01,Cu,0.01,unclear,In (0.01) @ unclear; Se (0.01) @ Te,Cu (0.01) @ unclear site; In (0.01) @ unclear site; Se (0.01) @ Te site,figure,Fig. 4b,Visually estimated from Fig. 4b,270.0,uV/K,False,29.0,52.0,23.0,50.360000000000014,1.9403999999999937,52.0,64.0,90.0,26.0,82.4675,8.776087500000001,90.0,63.546,127.6,64.054,120.83568950000003,7.154201092499984,127.6,429.75,1357.77,928.02,893.9862250000001,175.93400612500005,722.66,11.0,16.0,5.0,14.495000000000003,1.7549749999999988,16.0,4.0,5.0,1.0,4.992500000000001,0.014887499999999406,5.0,120.0,145.0,25.0,139.88500000000002,2.54250000000001,138.0,1.78,2.55,0.7699999999999998,2.0465000000000004,0.05973249999999981,2.1,1.0,2.0,1.0,1.75,0.375,2.0,0.0,4.0,4.0,2.7450000000000006,1.381225,4.0,10.0,10.0,0.0,10.000000000000004,3.552713678800501e-15,10.0,0.0,0.0,0.0,0.0,0.0,0.0,11.0,16.0,5.0,14.495000000000003,1.7549749999999988,16.0,0.0,1.0,1.0,0.25000000000000006,0.37500000000000006,0.0,0.0,5.0,5.0,1.7550000000000001,0.8775,2.0,0.0,0.0,0.0,0.0,0.0,0.0,0.0,0.0,0.0,0.0,0.0,0.0,1.0,5.0,4.0,2.0050000000000003,0.5075000000000003,2.0,11.07,34.7633333333,23.693333333299996,29.278549999983497,6.559253249991504,34.7633333333,0.0,0.799,0.799,0.23367500000000005,0.23367500000000002,0.464,0.0,0.0,0.0,0.0,0.0,0.0,14.0,225.0,211.0,172.9925,26.003750000000007,152.0,1.75,2.7450000000000006,10.000000000000004,0.0,0.12073128665056913,0.1893756467747499,0.6898930665746811,0.0,9.110342146250666,0.11965529509428005,0.01,3.0,1.0,0.24750000000000003,0.24750000000000003,0.49500000000000005,600.0,,
Ultralow lattice thermal conductivity and enhanced thermoelectric performance enabled by CuInSe2 alloying in AgSbTe2.pdf,10.1016/j.jallcom.2026.188903,(AgSbTe2)1-x(CuInSe2)x,x=0.03,(AgSbTe2)0.97(CuInSe2)0.03,Cu,0.03,unclear,In (0.03) @ unclear; Se (0.03) @ Te,Cu (0.03) @ unclear site; In (0.03) @ unclear site; Se (0.03) @ Te site,figure,Fig. 4b,Visually estimated from Fig. 4b,229.99999999999997,uV/K,False,29.0,52.0,23.0,50.080000000000005,2.308599999999998,52.0,64.0,90.0,26.0,82.40250000000002,8.827287499999994,90.0,63.546,127.6,64.054,120.09296850000001,8.090330832499994,127.6,429.75,1357.77,928.02,889.943675,181.04638012500007,722.66,11.0,16.0,5.0,14.485000000000001,1.7647749999999993,16.0,4.0,5.0,1.0,4.9775,0.04398749999999997,5.0,120.0,145.0,25.0,139.65500000000006,2.6275000000000293,138.0,1.78,2.55,0.7699999999999998,2.0495000000000005,0.06424249999999976,2.1,1.0,2.0,1.0,1.7500000000000002,0.37499999999999994,2.0,0.0,4.0,4.0,2.7350000000000003,1.393525,4.0,10.0,10.0,0.0,10.0,0.0,10.0,0.0,0.0,0.0,0.0,0.0,0.0,11.0,16.0,5.0,14.485000000000001,1.7647749999999993,16.0,0.0,1.0,1.0,0.25000000000000006,0.37500000000000006,0.0,0.0,5.0,5.0,1.7650000000000003,0.8825,2.0,0.0,0.0,0.0,0.0,0.0,0.0,0.0,0.0,0.0,0.0,0.0,0.0,1.0,5.0,4.0,2.0150000000000006,0.5225000000000004,2.0,11.07,34.7633333333,23.693333333299996,29.1273166666505,6.646787583324522,34.7633333333,0.0,0.799,0.799,0.23702500000000004,0.23702500000000007,0.464,0.0,0.0,0.0,0.0,0.0,0.0,14.0,225.0,211.0,171.47750000000002,26.761250000000018,152.0,1.7500000000000002,2.7350000000000003,10.0,0.0,0.12081463583016915,0.18881601656886435,0.6903693476009665,0.0,9.765028202705581,0.13428207011169957,0.03,3.0,1.0,0.24250000000000002,0.24250000000000002,0.48500000000000004,300.0,,
Ultralow lattice thermal conductivity and enhanced thermoelectric performance enabled by CuInSe2 alloying in AgSbTe2.pdf,10.1016/j.jallcom.2026.188903,(AgSbTe2)1-x(CuInSe2)x,x=0.03,(AgSbTe2)0.97(CuInSe2)0.03,Cu,0.03,unclear,In (0.03) @ unclear; Se (0.03) @ Te,Cu (0.03) @ unclear site; In (0.03) @ unclear site; Se (0.03) @ Te site,figure,Fig. 4b,Visually estimated from Fig. 4b,250.0,uV/K,False,29.0,52.0,23.0,50.080000000000005,2.308599999999998,52.0,64.0,90.0,26.0,82.40250000000002,8.827287499999994,90.0,63.546,127.6,64.054,120.09296850000001,8.090330832499994,127.6,429.75,1357.77,928.02,889.943675,181.04638012500007,722.66,11.0,16.0,5.0,14.485000000000001,1.7647749999999993,16.0,4.0,5.0,1.0,4.9775,0.04398749999999997,5.0,120.0,145.0,25.0,139.65500000000006,2.6275000000000293,138.0,1.78,2.55,0.7699999999999998,2.0495000000000005,0.06424249999999976,2.1,1.0,2.0,1.0,1.7500000000000002,0.37499999999999994,2.0,0.0,4.0,4.0,2.7350000000000003,1.393525,4.0,10.0,10.0,0.0,10.0,0.0,10.0,0.0,0.0,0.0,0.0,0.0,0.0,11.0,16.0,5.0,14.485000000000001,1.7647749999999993,16.0,0.0,1.0,1.0,0.25000000000000006,0.37500000000000006,0.0,0.0,5.0,5.0,1.7650000000000003,0.8825,2.0,0.0,0.0,0.0,0.0,0.0,0.0,0.0,0.0,0.0,0.0,0.0,0.0,1.0,5.0,4.0,2.0150000000000006,0.5225000000000004,2.0,11.07,34.7633333333,23.693333333299996,29.1273166666505,6.646787583324522,34.7633333333,0.0,0.799,0.799,0.23702500000000004,0.23702500000000007,0.464,0.0,0.0,0.0,0.0,0.0,0.0,14.0,225.0,211.0,171.47750000000002,26.761250000000018,152.0,1.7500000000000002,2.7350000000000003,10.0,0.0,0.12081463583016915,0.18881601656886435,0.6903693476009665,0.0,9.765028202705581,0.13428207011169957,0.03,3.0,1.0,0.24250000000000002,0.24250000000000002,0.48500000000000004,500.0,,
Ultralow lattice thermal conductivity and enhanced thermoelectric performance enabled by CuInSe2 alloying in AgSbTe2.pdf,10.1016/j.jallcom.2026.188903,(AgSbTe2)1-x(CuInSe2)x,x=0.03,(AgSbTe2)0.97(CuInSe2)0.03,Cu,0.03,unclear,In (0.03) @ unclear; Se (0.03) @ Te,Cu (0.03) @ unclear site; In (0.03) @ unclear site; Se (0.03) @ Te site,figure,Fig. 4b,Visually estimated from Fig. 4b,260.0,uV/K,False,29.0,52.0,23.0,50.080000000000005,2.308599999999998,52.0,64.0,90.0,26.0,82.40250000000002,8.827287499999994,90.0,63.546,127.6,64.054,120.09296850000001,8.090330832499994,127.6,429.75,1357.77,928.02,889.943675,181.04638012500007,722.66,11.0,16.0,5.0,14.485000000000001,1.7647749999999993,16.0,4.0,5.0,1.0,4.9775,0.04398749999999997,5.0,120.0,145.0,25.0,139.65500000000006,2.6275000000000293,138.0,1.78,2.55,0.7699999999999998,2.0495000000000005,0.06424249999999976,2.1,1.0,2.0,1.0,1.7500000000000002,0.37499999999999994,2.0,0.0,4.0,4.0,2.7350000000000003,1.393525,4.0,10.0,10.0,0.0,10.0,0.0,10.0,0.0,0.0,0.0,0.0,0.0,0.0,11.0,16.0,5.0,14.485000000000001,1.7647749999999993,16.0,0.0,1.0,1.0,0.25000000000000006,0.37500000000000006,0.0,0.0,5.0,5.0,1.7650000000000003,0.8825,2.0,0.0,0.0,0.0,0.0,0.0,0.0,0.0,0.0,0.0,0.0,0.0,0.0,1.0,5.0,4.0,2.0150000000000006,0.5225000000000004,2.0,11.07,34.7633333333,23.693333333299996,29.1273166666505,6.646787583324522,34.7633333333,0.0,0.799,0.799,0.23702500000000004,0.23702500000000007,0.464,0.0,0.0,0.0,0.0,0.0,0.0,14.0,225.0,211.0,171.47750000000002,26.761250000000018,152.0,1.7500000000000002,2.7350000000000003,10.0,0.0,0.12081463583016915,0.18881601656886435,0.6903693476009665,0.0,9.765028202705581,0.13428207011169957,0.03,3.0,1.0,0.24250000000000002,0.24250000000000002,0.48500000000000004,600.0,,
Ultralow lattice thermal conductivity and enhanced thermoelectric performance enabled by CuInSe2 alloying in AgSbTe2.pdf,10.1016/j.jallcom.2026.188903,(AgSbTe2)1-x(CuInSe2)x,x=0.05,(AgSbTe2)0.95(CuInSe2)0.05,Cu,0.05,unclear,In (0.05) @ unclear; Se (0.05) @ Te,Cu (0.05) @ unclear site; In (0.05) @ unclear site; Se (0.05) @ Te site,figure,Fig. 4b,Visually estimated from Fig. 4b,219.99999999999997,uV/K,False,29.0,52.0,23.0,49.8,2.6600000000000015,52.0,64.0,90.0,26.0,82.3375,8.877187499999998,90.0,63.546,127.6,64.054,119.35024750000001,8.981897312499996,127.6,429.75,1357.77,928.02,885.9011250000001,186.0779031250001,722.66,11.0,16.0,5.0,14.475,1.7743750000000003,16.0,4.0,5.0,1.0,4.9625,0.0721874999999997,5.0,120.0,145.0,25.0,139.42500000000004,2.7125000000000203,138.0,1.78,2.55,0.7699999999999998,2.0525,0.0700000000000001,2.1,1.0,2.0,1.0,1.75,0.375,2.0,0.0,4.0,4.0,2.7250000000000005,1.405625,4.0,10.0,10.0,0.0,10.000000000000002,1.7763568394002505e-15,10.0,0.0,0.0,0.0,0.0,0.0,0.0,11.0,16.0,5.0,14.475,1.7743750000000003,16.0,0.0,1.0,1.0,0.25000000000000006,0.37500000000000006,0.0,0.0,5.0,5.0,1.7750000000000001,0.8875,2.0,0.0,0.0,0.0,0.0,0.0,0.0,0.0,0.0,0.0,0.0,0.0,0.0,1.0,5.0,4.0,2.0250000000000004,0.5375000000000003,2.0,11.07,34.7633333333,23.693333333299996,28.976083333317497,6.725247916657563,34.7633333333,0.0,0.799,0.799,0.24037500000000003,0.240375,0.464,0.0,0.0,0.0,0.0,0.0,0.0,14.0,225.0,211.0,169.96250000000003,27.518750000000022,152.0,1.75,2.7250000000000005,10.000000000000002,0.0,0.12089810017271158,0.1882556131260795,0.6908462867012091,0.0,10.295267052209075,0.1480794701986756,0.05,3.0,1.0,0.23750000000000002,0.23750000000000002,0.47500000000000003,300.0,,
Ultralow lattice thermal conductivity and enhanced thermoelectric performance enabled by CuInSe2 alloying in AgSbTe2.pdf,10.1016/j.jallcom.2026.188903,(AgSbTe2)1-x(CuInSe2)x,x=0.05,(AgSbTe2)0.95(CuInSe2)0.05,Cu,0.05,unclear,In (0.05) @ unclear; Se (0.05) @ Te,Cu (0.05) @ unclear site; In (0.05) @ unclear site; Se (0.05) @ Te site,figure,Fig. 4b,Visually estimated from Fig. 4b,239.99999999999997,uV/K,False,29.0,52.0,23.0,49.8,2.6600000000000015,52.0,64.0,90.0,26.0,82.3375,8.877187499999998,90.0,63.546,127.6,64.054,119.35024750000001,8.981897312499996,127.6,429.75,1357.77,928.02,885.9011250000001,186.0779031250001,722.66,11.0,16.0,5.0,14.475,1.7743750000000003,16.0,4.0,5.0,1.0,4.9625,0.0721874999999997,5.0,120.0,145.0,25.0,139.42500000000004,2.7125000000000203,138.0,1.78,2.55,0.7699999999999998,2.0525,0.0700000000000001,2.1,1.0,2.0,1.0,1.75,0.375,2.0,0.0,4.0,4.0,2.7250000000000005,1.405625,4.0,10.0,10.0,0.0,10.000000000000002,1.7763568394002505e-15,10.0,0.0,0.0,0.0,0.0,0.0,0.0,11.0,16.0,5.0,14.475,1.7743750000000003,16.0,0.0,1.0,1.0,0.25000000000000006,0.37500000000000006,0.0,0.0,5.0,5.0,1.7750000000000001,0.8875,2.0,0.0,0.0,0.0,0.0,0.0,0.0,0.0,0.0,0.0,0.0,0.0,0.0,1.0,5.0,4.0,2.0250000000000004,0.5375000000000003,2.0,11.07,34.7633333333,23.693333333299996,28.976083333317497,6.725247916657563,34.7633333333,0.0,0.799,0.799,0.24037500000000003,0.240375,0.464,0.0,0.0,0.0,0.0,0.0,0.0,14.0,225.0,211.0,169.96250000000003,27.518750000000022,152.0,1.75,2.7250000000000005,10.000000000000002,0.0,0.12089810017271158,0.1882556131260795,0.6908462867012091,0.0,10.295267052209075,0.1480794701986756,0.05,3.0,1.0,0.23750000000000002,0.23750000000000002,0.47500000000000003,500.0,,
Ultralow lattice thermal conductivity and enhanced thermoelectric performance enabled by CuInSe2 alloying in AgSbTe2.pdf,10.1016/j.jallcom.2026.188903,(AgSbTe2)1-x(CuInSe2)x,x=0.05,(AgSbTe2)0.95(CuInSe2)0.05,Cu,0.05,unclear,In (0.05) @ unclear; Se (0.05) @ Te,Cu (0.05) @ unclear site; In (0.05) @ unclear site; Se (0.05) @ Te site,figure,Fig. 4b,Visually estimated from Fig. 4b,250.0,uV/K,False,29.0,52.0,23.0,49.8,2.6600000000000015,52.0,64.0,90.0,26.0,82.3375,8.877187499999998,90.0,63.546,127.6,64.054,119.35024750000001,8.981897312499996,127.6,429.75,1357.77,928.02,885.9011250000001,186.0779031250001,722.66,11.0,16.0,5.0,14.475,1.7743750000000003,16.0,4.0,5.0,1.0,4.9625,0.0721874999999997,5.0,120.0,145.0,25.0,139.42500000000004,2.7125000000000203,138.0,1.78,2.55,0.7699999999999998,2.0525,0.0700000000000001,2.1,1.0,2.0,1.0,1.75,0.375,2.0,0.0,4.0,4.0,2.7250000000000005,1.405625,4.0,10.0,10.0,0.0,10.000000000000002,1.7763568394002505e-15,10.0,0.0,0.0,0.0,0.0,0.0,0.0,11.0,16.0,5.0,14.475,1.7743750000000003,16.0,0.0,1.0,1.0,0.25000000000000006,0.37500000000000006,0.0,0.0,5.0,5.0,1.7750000000000001,0.8875,2.0,0.0,0.0,0.0,0.0,0.0,0.0,0.0,0.0,0.0,0.0,0.0,0.0,1.0,5.0,4.0,2.0250000000000004,0.5375000000000003,2.0,11.07,34.7633333333,23.693333333299996,28.976083333317497,6.725247916657563,34.7633333333,0.0,0.799,0.799,0.24037500000000003,0.240375,0.464,0.0,0.0,0.0,0.0,0.0,0.0,14.0,225.0,211.0,169.96250000000003,27.518750000000022,152.0,1.75,2.7250000000000005,10.000000000000002,0.0,0.12089810017271158,0.1882556131260795,0.6908462867012091,0.0,10.295267052209075,0.1480794701986756,0.05,3.0,1.0,0.23750000000000002,0.23750000000000002,0.47500000000000003,600.0,,
Wang_2025_Phys._Scr._100_125919.pdf,10.1088/1402-4896/ae26ec,AgSbTe2,Ag16Sb16Te32,Ag16Sb16Te32,,,,,,text,Section 3.3.3,,444.0,uV/K,False,47.0,52.0,5.0,50.5,1.75,52.0,65.0,90.0,25.0,82.5,8.75,90.0,107.8682,127.6,19.731799999999993,121.20705,6.669425,127.6,722.66,1234.93,512.2700000000001,896.0074999999999,173.34750000000003,722.66,11.0,16.0,5.0,14.5,1.75,16.0,5.0,5.0,0.0,5.0,0.0,5.0,138.0,145.0,7.0,140.0,2.5,138.0,1.93,2.1,0.17000000000000015,2.045,0.05750000000000005,2.1,1.0,2.0,1.0,1.75,0.375,2.0,0.0,4.0,4.0,2.75,1.375,4.0,10.0,10.0,0.0,10.0,0.0,10.0,0.0,0.0,0.0,0.0,0.0,0.0,11.0,16.0,5.0,14.5,1.75,16.0,0.0,1.0,1.0,0.25,0.375,0.0,0.0,3.0,3.0,1.75,0.875,2.0,0.0,0.0,0.0,0.0,0.0,0.0,0.0,0.0,0.0,0.0,0.0,0.0,1.0,3.0,2.0,2.0,0.5,2.0,16.33,34.7633333333,18.4333333333,29.35416666665,6.512083333324999,34.7633333333,0.0,0.464,0.464,0.232,0.232,0.464,0.0,0.0,0.0,0.0,0.0,0.0,152.0,225.0,73.0,173.75,25.625,152.0,1.75,2.75,10.0,0.0,0.1206896551724138,0.1896551724137931,0.6896551724137931,0.0,8.644719482306641,0.11200000000000014,,0.0,0.0,0.25,0.25,0.5,450.0,,
Wang_2025_Phys._Scr._100_125919.pdf,10.1088/1402-4896/ae26ec,AgSbTe2,Ag16Sb15V1Te32,Ag16Sb15V1Te32,V,1,Sb,,V (1) @ Sb site,text,Section 3.3.3,,425.0,uV/K,False,23.0,52.0,29.0,50.0625,2.376953125,52.0,46.0,90.0,44.0,81.890625,9.56689453125,90.0,50.9415,127.6,76.6585,120.10051093749999,8.277374560546878,127.6,722.66,2183.0,1460.3400000000001,915.9953125,199.06124023437502,722.66,5.0,16.0,11.0,14.34375,1.9638671875,16.0,4.0,5.0,1.0,4.984375,0.03076171875,5.0,138.0,153.0,15.0,140.21875,2.7900390625,138.0,1.63,2.1,0.4700000000000002,2.0384375,0.06698242187499996,2.1,1.0,2.0,1.0,1.75,0.375,2.0,0.0,4.0,4.0,2.703125,1.43603515625,4.0,3.0,10.0,7.0,9.890625,0.21533203125,10.0,0.0,0.0,0.0,0.0,0.0,0.0,5.0,16.0,11.0,14.34375,1.9638671875,16.0,0.0,1.0,1.0,0.25,0.375,0.0,0.0,3.0,3.0,1.703125,0.90478515625,2.0,0.0,7.0,7.0,0.109375,0.21533203125,0.0,0.0,0.0,0.0,0.0,0.0,0.0,1.0,7.0,6.0,2.0625,0.59375,2.0,13.01,34.7633333333,21.7533333333,29.06432291665,6.868859049470311,34.7633333333,0.0,0.464,0.464,0.232,0.232,0.464,0.0,0.0,0.0,0.0,0.0,0.0,152.0,229.0,77.0,174.734375,26.82861328125,152.0,1.75,2.703125,9.890625,0.0,0.12200435729847495,0.18845315904139434,0.6895424836601307,0.0,9.13068248398541,0.1281698841698843,1.0,1.0,0.0,0.25,0.234375,0.5,700.0,2.0,0.21999999999999997
Wang_2025_Phys._Scr._100_125919.pdf,10.1088/1402-4896/ae26ec,AgSbTe2,Ag16Sb15Cr1Te32,Ag16Sb15Cr1Te32,Cr,1,Sb,,Cr (1) @ Sb site,text,Section 3.3.3,,637.0,uV/K,False,24.0,52.0,28.0,50.078125,2.35400390625,52.0,49.0,90.0,41.0,81.9375,9.498046875,90.0,51.9961,127.6,75.6039,120.1169890625,8.253172314453124,127.6,722.66,2180.0,1457.3400000000001,915.9484375,198.99239257812502,722.66,6.0,16.0,10.0,14.359375,1.94091796875,16.0,4.0,5.0,1.0,4.984375,0.03076171875,5.0,138.0,145.0,7.0,140.0,2.5,138.0,1.66,2.1,0.44000000000000017,2.03890625,0.06629394531249995,2.1,1.0,2.0,1.0,1.734375,0.39013671875,2.0,0.0,4.0,4.0,2.703125,1.43603515625,4.0,5.0,10.0,5.0,9.921875,0.15380859375,10.0,0.0,0.0,0.0,0.0,0.0,0.0,6.0,16.0,10.0,14.359375,1.94091796875,16.0,0.0,1.0,1.0,0.265625,0.39013671875,0.0,0.0,3.0,3.0,1.703125,0.90478515625,2.0,0.0,5.0,5.0,0.078125,0.15380859375,0.0,0.0,0.0,0.0,0.0,0.0,0.0,1.0,6.0,5.0,2.046875,0.5703125,2.0,11.19,34.7633333333,23.5733333333,29.035885416649997,6.910626627595312,34.7633333333,0.0,0.464,0.464,0.232,0.232,0.464,0.0,0.0,0.0,0.0,0.0,0.0,152.0,229.0,77.0,174.734375,26.82861328125,152.0,1.734375,2.703125,9.921875,0.0,0.12078346028291621,0.1882480957562568,0.690968443960827,0.0,9.13068248398541,0.12671042471042485,1.0,1.0,0.0,0.25,0.234375,0.5,400.0,0.0,0.039999999999999925
Wang_2025_Phys._Scr._100_125919.pdf,10.1088/1402-4896/ae26ec,AgSbTe2,Ag16Sb14V1Cr1Te32,Ag16Sb14V1Cr1Te32,V,1,Sb,Cr (1) @ Sb,V (1) @ Sb site; Cr (1) @ Sb site,text,Section 3.3.3,,615.0,uV/K,False,23.0,52.0,29.0,49.640625,2.9541015625,52.0,46.0,90.0,44.0,81.328125,10.2783203125,90.0,50.9415,127.6,76.6585,119.01044999999999,9.792478125000002,127.6,722.66,2183.0,1460.3400000000001,935.93625,227.34460937500003,722.66,5.0,16.0,11.0,14.203125,2.1455078125,16.0,4.0,5.0,1.0,4.96875,0.060546875,5.0,138.0,153.0,15.0,140.21875,2.7900390625,138.0,1.63,2.1,0.4700000000000002,2.03234375,0.07538085937500007,2.1,1.0,2.0,1.0,1.734375,0.39013671875,2.0,0.0,4.0,4.0,2.65625,1.494140625,4.0,3.0,10.0,7.0,9.8125,0.36328125,10.0,0.0,0.0,0.0,0.0,0.0,0.0,5.0,16.0,11.0,14.203125,2.1455078125,16.0,0.0,1.0,1.0,0.265625,0.39013671875,0.0,0.0,3.0,3.0,1.65625,0.931640625,2.0,0.0,7.0,7.0,0.1875,0.36328125,0.0,0.0,0.0,0.0,0.0,0.0,0.0,1.0,7.0,6.0,2.109375,0.6640625,2.0,11.19,34.7633333333,23.5733333333,28.746041666649997,7.248398437490625,34.7633333333,0.0,0.464,0.464,0.232,0.23200000000000004,0.464,0.0,0.0,0.0,0.0,0.0,0.0,152.0,229.0,77.0,175.71875,27.970703125,152.0,1.734375,2.65625,9.8125,0.0,0.12211221122112212,0.18701870187018702,0.6908690869086909,0.0,9.607978160190815,0.14203972498090162,1.0,2.0,1.0,0.25,0.21875,0.5,300.0,2.0,0.21999999999999997
ae5c01632.pdf,10.1021/acsaem.5c01632,AgSbTe2,AgSbTe2,AgSbTe2,,,,,,text,body text,,199.99999999999997,uV/K,False,47.0,52.0,5.0,50.5,1.75,52.0,65.0,90.0,25.0,82.5,8.75,90.0,107.8682,127.6,19.731799999999993,121.20705,6.669425,127.6,722.66,1234.93,512.2700000000001,896.0074999999999,173.34750000000003,722.66,11.0,16.0,5.0,14.5,1.75,16.0,5.0,5.0,0.0,5.0,0.0,5.0,138.0,145.0,7.0,140.0,2.5,138.0,1.93,2.1,0.17000000000000015,2.045,0.05750000000000005,2.1,1.0,2.0,1.0,1.75,0.375,2.0,0.0,4.0,4.0,2.75,1.375,4.0,10.0,10.0,0.0,10.0,0.0,10.0,0.0,0.0,0.0,0.0,0.0,0.0,11.0,16.0,5.0,14.5,1.75,16.0,0.0,1.0,1.0,0.25,0.375,0.0,0.0,3.0,3.0,1.75,0.875,2.0,0.0,0.0,0.0,0.0,0.0,0.0,0.0,0.0,0.0,0.0,0.0,0.0,1.0,3.0,2.0,2.0,0.5,2.0,16.33,34.7633333333,18.4333333333,29.35416666665,6.512083333324999,34.7633333333,0.0,0.464,0.464,0.232,0.232,0.464,0.0,0.0,0.0,0.0,0.0,0.0,152.0,225.0,73.0,173.75,25.625,152.0,1.75,2.75,10.0,0.0,0.1206896551724138,0.1896551724137931,0.6896551724137931,0.0,8.644719482306641,0.11200000000000014,,0.0,0.0,0.25,0.25,0.5,300.0,,
ae5c01632.pdf,10.1021/acsaem.5c01632,AgSbTe2,AgSbTe2,AgSbTe2,,,,,,text,body text,,229.99999999999997,uV/K,False,47.0,52.0,5.0,50.5,1.75,52.0,65.0,90.0,25.0,82.5,8.75,90.0,107.8682,127.6,19.731799999999993,121.20705,6.669425,127.6,722.66,1234.93,512.2700000000001,896.0074999999999,173.34750000000003,722.66,11.0,16.0,5.0,14.5,1.75,16.0,5.0,5.0,0.0,5.0,0.0,5.0,138.0,145.0,7.0,140.0,2.5,138.0,1.93,2.1,0.17000000000000015,2.045,0.05750000000000005,2.1,1.0,2.0,1.0,1.75,0.375,2.0,0.0,4.0,4.0,2.75,1.375,4.0,10.0,10.0,0.0,10.0,0.0,10.0,0.0,0.0,0.0,0.0,0.0,0.0,11.0,16.0,5.0,14.5,1.75,16.0,0.0,1.0,1.0,0.25,0.375,0.0,0.0,3.0,3.0,1.75,0.875,2.0,0.0,0.0,0.0,0.0,0.0,0.0,0.0,0.0,0.0,0.0,0.0,0.0,1.0,3.0,2.0,2.0,0.5,2.0,16.33,34.7633333333,18.4333333333,29.35416666665,6.512083333324999,34.7633333333,0.0,0.464,0.464,0.232,0.232,0.464,0.0,0.0,0.0,0.0,0.0,0.0,152.0,225.0,73.0,173.75,25.625,152.0,1.75,2.75,10.0,0.0,0.1206896551724138,0.1896551724137931,0.6896551724137931,0.0,8.644719482306641,0.11200000000000014,,0.0,0.0,0.25,0.25,0.5,530.0,,
ae5c01632.pdf,10.1021/acsaem.5c01632,AgSbTe2,AgSbTe2,AgSbTe2,,,,,,figure,Fig. 2c,Visually estimated from Fig. 2c,219.99999999999997,uV/K,False,47.0,52.0,5.0,50.5,1.75,52.0,65.0,90.0,25.0,82.5,8.75,90.0,107.8682,127.6,19.731799999999993,121.20705,6.669425,127.6,722.66,1234.93,512.2700000000001,896.0074999999999,173.34750000000003,722.66,11.0,16.0,5.0,14.5,1.75,16.0,5.0,5.0,0.0,5.0,0.0,5.0,138.0,145.0,7.0,140.0,2.5,138.0,1.93,2.1,0.17000000000000015,2.045,0.05750000000000005,2.1,1.0,2.0,1.0,1.75,0.375,2.0,0.0,4.0,4.0,2.75,1.375,4.0,10.0,10.0,0.0,10.0,0.0,10.0,0.0,0.0,0.0,0.0,0.0,0.0,11.0,16.0,5.0,14.5,1.75,16.0,0.0,1.0,1.0,0.25,0.375,0.0,0.0,3.0,3.0,1.75,0.875,2.0,0.0,0.0,0.0,0.0,0.0,0.0,0.0,0.0,0.0,0.0,0.0,0.0,1.0,3.0,2.0,2.0,0.5,2.0,16.33,34.7633333333,18.4333333333,29.35416666665,6.512083333324999,34.7633333333,0.0,0.464,0.464,0.232,0.232,0.464,0.0,0.0,0.0,0.0,0.0,0.0,152.0,225.0,73.0,173.75,25.625,152.0,1.75,2.75,10.0,0.0,0.1206896551724138,0.1896551724137931,0.6896551724137931,0.0,8.644719482306641,0.11200000000000014,,0.0,0.0,0.25,0.25,0.5,300.0,,
ae5c01632.pdf,10.1021/acsaem.5c01632,AgSbTe2,AgSbTe1.95Se0.05,AgSbTe1.95Se0.05,Se,x=0.05,Te,,Se (x=0.05) @ Te site,figure,Fig. 2c,Visually estimated from Fig. 2c,229.99999999999997,uV/K,False,34.0,52.0,18.0,50.27499999999999,2.044375000000004,52.0,65.0,90.0,25.0,82.4875,8.743750000000002,90.0,78.96,127.6,48.64,120.59904999999999,7.406401250000002,127.6,494.0,1234.93,740.9300000000001,893.1492499999999,176.20575000000002,722.66,11.0,16.0,5.0,14.5,1.75,16.0,4.0,5.0,1.0,4.9875,0.024687500000000175,5.0,120.0,145.0,25.0,139.77499999999998,2.6124999999999887,138.0,1.93,2.55,0.6199999999999999,2.0506249999999997,0.0606250000000001,2.1,1.0,2.0,1.0,1.75,0.375,2.0,0.0,4.0,4.0,2.75,1.375,4.0,10.0,10.0,0.0,10.0,0.0,10.0,0.0,0.0,0.0,0.0,0.0,0.0,11.0,16.0,5.0,14.5,1.75,16.0,0.0,1.0,1.0,0.25,0.375,0.0,0.0,3.0,3.0,1.75,0.875,2.0,0.0,0.0,0.0,0.0,0.0,0.0,0.0,0.0,0.0,0.0,0.0,0.0,1.0,3.0,2.0,2.0,0.5,2.0,16.33,34.7633333333,18.4333333333,29.24362499998375,6.539903124991466,34.7633333333,0.0,0.799,0.799,0.23618750000000002,0.23618750000000002,0.464,0.0,0.0,0.0,0.0,0.0,0.0,14.0,225.0,211.0,172.025,26.487500000000004,152.0,1.75,2.75,10.0,0.0,0.1206896551724138,0.1896551724137931,0.6896551724137931,0.0,9.130728295777725,0.12729279058361953,0.05,1.0,0.0,0.25,0.25,0.4875,300.0,0.0,0.22999999999999976
ae5c01632.pdf,10.1021/acsaem.5c01632,AgSbTe2,AgSbTe1.9Se0.1,AgSbTe1.9Se0.1,Se,x=0.1,Te,,Se (x=0.1) @ Te site,figure,Fig. 2c,Visually estimated from Fig. 2c,239.99999999999997,uV/K,False,34.0,52.0,18.0,50.050000000000004,2.327499999999998,52.0,65.0,90.0,25.0,82.475,8.737500000000004,90.0,78.96,127.6,48.64,119.99104999999999,8.112977500000003,127.6,494.0,1234.93,740.9300000000001,890.291,179.06400000000002,722.66,11.0,16.0,5.0,14.5,1.75,16.0,4.0,5.0,1.0,4.975,0.04875000000000034,5.0,120.0,145.0,25.0,139.55,2.725000000000006,138.0,1.93,2.55,0.6199999999999999,2.05625,0.0662500000000001,2.1,1.0,2.0,1.0,1.75,0.375,2.0,0.0,4.0,4.0,2.75,1.375,4.0,10.0,10.0,0.0,10.0,0.0,10.0,0.0,0.0,0.0,0.0,0.0,0.0,11.0,16.0,5.0,14.5,1.75,16.0,0.0,1.0,1.0,0.25,0.375,0.0,0.0,3.0,3.0,1.75,0.875,2.0,0.0,0.0,0.0,0.0,0.0,0.0,0.0,0.0,0.0,0.0,0.0,0.0,1.0,3.0,2.0,2.0,0.5,2.0,16.33,34.7633333333,18.4333333333,29.133083333317497,6.562195833324624,34.7633333333,0.0,0.799,0.799,0.240375,0.24037500000000003,0.464,0.0,0.0,0.0,0.0,0.0,0.0,14.0,225.0,211.0,170.29999999999998,27.34999999999999,152.0,1.75,2.75,10.0,0.0,0.1206896551724138,0.1896551724137931,0.6896551724137931,0.0,9.469993267257859,0.14171483622350683,0.1,1.0,0.0,0.25,0.25,0.475,300.0,0.0,0.22999999999999976
ae5c01674.pdf,10.1021/acsaem.5c01674,AgSbTe2,pristine AgSbTe2,AgSbTe2,,,,,,body text,,,224.41999999999996,uV/K,False,47.0,52.0,5.0,50.5,1.75,52.0,65.0,90.0,25.0,82.5,8.75,90.0,107.8682,127.6,19.731799999999993,121.20705,6.669425,127.6,722.66,1234.93,512.2700000000001,896.0074999999999,173.34750000000003,722.66,11.0,16.0,5.0,14.5,1.75,16.0,5.0,5.0,0.0,5.0,0.0,5.0,138.0,145.0,7.0,140.0,2.5,138.0,1.93,2.1,0.17000000000000015,2.045,0.05750000000000005,2.1,1.0,2.0,1.0,1.75,0.375,2.0,0.0,4.0,4.0,2.75,1.375,4.0,10.0,10.0,0.0,10.0,0.0,10.0,0.0,0.0,0.0,0.0,0.0,0.0,11.0,16.0,5.0,14.5,1.75,16.0,0.0,1.0,1.0,0.25,0.375,0.0,0.0,3.0,3.0,1.75,0.875,2.0,0.0,0.0,0.0,0.0,0.0,0.0,0.0,0.0,0.0,0.0,0.0,0.0,1.0,3.0,2.0,2.0,0.5,2.0,16.33,34.7633333333,18.4333333333,29.35416666665,6.512083333324999,34.7633333333,0.0,0.464,0.464,0.232,0.232,0.464,0.0,0.0,0.0,0.0,0.0,0.0,152.0,225.0,73.0,173.75,25.625,152.0,1.75,2.75,10.0,0.0,0.1206896551724138,0.1896551724137931,0.6896551724137931,0.0,8.644719482306641,0.11200000000000014,,0.0,0.0,0.25,0.25,0.5,325.0,,
ae5c01674.pdf,10.1021/acsaem.5c01674,AgSbTe2,pristine AgSbTe2,AgSbTe2,,,,,,body text,,,229.18,uV/K,False,47.0,52.0,5.0,50.5,1.75,52.0,65.0,90.0,25.0,82.5,8.75,90.0,107.8682,127.6,19.731799999999993,121.20705,6.669425,127.6,722.66,1234.93,512.2700000000001,896.0074999999999,173.34750000000003,722.66,11.0,16.0,5.0,14.5,1.75,16.0,5.0,5.0,0.0,5.0,0.0,5.0,138.0,145.0,7.0,140.0,2.5,138.0,1.93,2.1,0.17000000000000015,2.045,0.05750000000000005,2.1,1.0,2.0,1.0,1.75,0.375,2.0,0.0,4.0,4.0,2.75,1.375,4.0,10.0,10.0,0.0,10.0,0.0,10.0,0.0,0.0,0.0,0.0,0.0,0.0,11.0,16.0,5.0,14.5,1.75,16.0,0.0,1.0,1.0,0.25,0.375,0.0,0.0,3.0,3.0,1.75,0.875,2.0,0.0,0.0,0.0,0.0,0.0,0.0,0.0,0.0,0.0,0.0,0.0,0.0,1.0,3.0,2.0,2.0,0.5,2.0,16.33,34.7633333333,18.4333333333,29.35416666665,6.512083333324999,34.7633333333,0.0,0.464,0.464,0.232,0.232,0.464,0.0,0.0,0.0,0.0,0.0,0.0,152.0,225.0,73.0,173.75,25.625,152.0,1.75,2.75,10.0,0.0,0.1206896551724138,0.1896551724137931,0.6896551724137931,0.0,8.644719482306641,0.11200000000000014,,0.0,0.0,0.25,0.25,0.5,525.0,,
ae5c01674.pdf,10.1021/acsaem.5c01674,AgSbTe2,pristine AgSbTe2,AgSbTe2,,,,,,table,Table 2,,224.4,uV/K,False,47.0,52.0,5.0,50.5,1.75,52.0,65.0,90.0,25.0,82.5,8.75,90.0,107.8682,127.6,19.731799999999993,121.20705,6.669425,127.6,722.66,1234.93,512.2700000000001,896.0074999999999,173.34750000000003,722.66,11.0,16.0,5.0,14.5,1.75,16.0,5.0,5.0,0.0,5.0,0.0,5.0,138.0,145.0,7.0,140.0,2.5,138.0,1.93,2.1,0.17000000000000015,2.045,0.05750000000000005,2.1,1.0,2.0,1.0,1.75,0.375,2.0,0.0,4.0,4.0,2.75,1.375,4.0,10.0,10.0,0.0,10.0,0.0,10.0,0.0,0.0,0.0,0.0,0.0,0.0,11.0,16.0,5.0,14.5,1.75,16.0,0.0,1.0,1.0,0.25,0.375,0.0,0.0,3.0,3.0,1.75,0.875,2.0,0.0,0.0,0.0,0.0,0.0,0.0,0.0,0.0,0.0,0.0,0.0,0.0,1.0,3.0,2.0,2.0,0.5,2.0,16.33,34.7633333333,18.4333333333,29.35416666665,6.512083333324999,34.7633333333,0.0,0.464,0.464,0.232,0.232,0.464,0.0,0.0,0.0,0.0,0.0,0.0,152.0,225.0,73.0,173.75,25.625,152.0,1.75,2.75,10.0,0.0,0.1206896551724138,0.1896551724137931,0.6896551724137931,0.0,8.644719482306641,0.11200000000000014,,0.0,0.0,0.25,0.25,0.5,325.0,,
ae5c01674.pdf,10.1021/acsaem.5c01674,AgSbTe2,pristine AgSbTe2,AgSbTe2,,,,,,figure,Fig. 8c,Visually estimated from figure,224.0,uV/K,False,47.0,52.0,5.0,50.5,1.75,52.0,65.0,90.0,25.0,82.5,8.75,90.0,107.8682,127.6,19.731799999999993,121.20705,6.669425,127.6,722.66,1234.93,512.2700000000001,896.0074999999999,173.34750000000003,722.66,11.0,16.0,5.0,14.5,1.75,16.0,5.0,5.0,0.0,5.0,0.0,5.0,138.0,145.0,7.0,140.0,2.5,138.0,1.93,2.1,0.17000000000000015,2.045,0.05750000000000005,2.1,1.0,2.0,1.0,1.75,0.375,2.0,0.0,4.0,4.0,2.75,1.375,4.0,10.0,10.0,0.0,10.0,0.0,10.0,0.0,0.0,0.0,0.0,0.0,0.0,11.0,16.0,5.0,14.5,1.75,16.0,0.0,1.0,1.0,0.25,0.375,0.0,0.0,3.0,3.0,1.75,0.875,2.0,0.0,0.0,0.0,0.0,0.0,0.0,0.0,0.0,0.0,0.0,0.0,0.0,1.0,3.0,2.0,2.0,0.5,2.0,16.33,34.7633333333,18.4333333333,29.35416666665,6.512083333324999,34.7633333333,0.0,0.464,0.464,0.232,0.232,0.464,0.0,0.0,0.0,0.0,0.0,0.0,152.0,225.0,73.0,173.75,25.625,152.0,1.75,2.75,10.0,0.0,0.1206896551724138,0.1896551724137931,0.6896551724137931,0.0,8.644719482306641,0.11200000000000014,,0.0,0.0,0.25,0.25,0.5,325.0,,
am1c21252.pdf,10.1021/acsami.1c21252,AgSbTe2,SC41,(Ag2Te)0.41(Sb2Te3)0.59,cation vacancy,nonstoichiometric,Ag,,cation vacancy (nonstoichiometric) @ Ag site,Table 2,,,243.09999999999997,uV/K,False,47.0,52.0,5.0,50.736842105263165,1.4661294384286034,52.0,65.0,90.0,25.0,83.6842105263158,7.330647192143034,90.0,107.8682,127.6,19.731799999999993,122.08055598086123,5.757123426661474,127.6,722.66,1234.93,512.2700000000001,874.2827272727274,158.15193562418443,722.66,11.0,16.0,5.0,14.736842105263161,1.4661294384286054,16.0,5.0,5.0,0.0,5.0,0.0,5.0,138.0,145.0,7.0,139.65550239234452,2.096884228840926,138.0,1.93,2.1,0.17000000000000015,2.052535885167464,0.04950802408369783,2.1,1.0,2.0,1.0,1.8038277511961727,0.3153773952061535,2.0,0.0,4.0,4.0,2.9330143540669864,1.1507520432224532,4.0,10.0,10.0,0.0,10.0,0.0,10.0,0.0,0.0,0.0,0.0,0.0,0.0,11.0,16.0,5.0,14.736842105263161,1.4661294384286054,16.0,0.0,1.0,1.0,0.19617224880382775,0.3153773952061537,0.0,0.0,3.0,3.0,1.889952153110048,0.7415123280144683,2.0,0.0,0.0,0.0,0.0,0.0,0.0,0.0,0.0,0.0,0.0,0.0,0.0,1.0,3.0,2.0,2.086124401913876,0.5159680410247018,2.0,16.33,34.7633333333,18.4333333333,30.242934609233014,5.458663339507689,34.7633333333,0.0,0.464,0.464,0.24199043062200964,0.2315697900689087,0.464,0.0,0.0,0.0,0.0,0.0,0.0,152.0,225.0,73.0,170.27272727272728,21.47194432361897,152.0,1.8038277511961727,2.9330143540669864,10.0,0.0,0.1224025974025974,0.19902597402597402,0.6785714285714284,0.0,8.448121605565614,0.1029777010286059,,1.0,0.0,0.19617224880382775,0.2822966507177034,0.521531100478469,300.0,,
am1c21252.pdf,10.1021/acsami.1c21252,AgSbTe2,SC42,(Ag2Te)0.42(Sb2Te3)0.58,cation vacancy,nonstoichiometric,Ag,,cation vacancy (nonstoichiometric) @ Ag site,Table 2,,,260.5,uV/K,False,47.0,52.0,5.0,50.71153846153847,1.4988905325443755,52.0,65.0,90.0,25.0,83.55769230769232,7.494452662721886,90.0,107.8682,127.6,19.731799999999993,121.9872326923077,5.828642973372776,127.6,722.66,1234.93,512.2700000000001,876.6037500000001,159.8646634615385,722.66,11.0,16.0,5.0,14.711538461538463,1.4988905325443778,16.0,5.0,5.0,0.0,5.000000000000001,8.881784197001252e-16,5.0,138.0,145.0,7.0,139.6923076923077,2.1434911242603643,138.0,1.93,2.1,0.17000000000000015,2.0517307692307694,0.05012573964497052,2.1,1.0,2.0,1.0,1.7980769230769231,0.32230029585798814,2.0,0.0,4.0,4.0,2.9134615384615383,1.1765902366863905,4.0,10.0,10.0,0.0,10.000000000000002,1.7763568394002505e-15,10.0,0.0,0.0,0.0,0.0,0.0,0.0,11.0,16.0,5.0,14.711538461538463,1.4988905325443778,16.0,0.0,1.0,1.0,0.20192307692307696,0.3223002958579882,0.0,0.0,3.0,3.0,1.875,0.7572115384615385,2.0,0.0,0.0,0.0,0.0,0.0,0.0,0.0,0.0,0.0,0.0,0.0,0.0,1.0,3.0,2.0,2.076923076923077,0.5147928994082841,2.0,16.33,34.7633333333,18.4333333333,30.147980769213465,5.580338387566972,34.7633333333,0.0,0.464,0.464,0.24092307692307696,0.23165680473372782,0.464,0.0,0.0,0.0,0.0,0.0,0.0,152.0,225.0,73.0,170.64423076923077,21.95136834319527,152.0,1.7980769230769231,2.9134615384615383,10.000000000000002,0.0,0.1222222222222222,0.19803921568627447,0.6797385620915033,0.0,8.476351979415439,0.10400725294650968,,1.0,0.0,0.20192307692307696,0.27884615384615385,0.5192307692307693,300.0,,
am1c21252.pdf,10.1021/acsami.1c21252,AgSbTe2,SC43,(Ag2Te)0.43(Sb2Te3)0.57,cation vacancy,nonstoichiometric,Ag,,cation vacancy (nonstoichiometric) @ Ag site,Table 2,,,263.8,uV/K,False,47.0,52.0,5.0,50.68599033816425,1.5313776284160652,52.0,65.0,90.0,25.0,83.42995169082127,7.656888142080321,90.0,107.8682,127.6,19.731799999999993,121.89300772946861,5.899982347312652,127.6,722.66,1234.93,512.2700000000001,878.9471980676329,161.5722723984224,722.66,11.0,16.0,5.0,14.685990338164252,1.5313776284160652,16.0,5.0,5.0,0.0,5.0,0.0,5.0,138.0,145.0,7.0,139.72946859903382,2.1896893743144568,138.0,1.93,2.1,0.17000000000000015,2.0509178743961356,0.0507419076291163,2.1,1.0,2.0,1.0,1.7922705314009664,0.32915587294919363,2.0,0.0,4.0,4.0,2.8937198067632854,1.2022217554668722,4.0,10.0,10.0,0.0,10.0,0.0,10.0,0.0,0.0,0.0,0.0,0.0,0.0,11.0,16.0,5.0,14.685990338164252,1.5313776284160652,16.0,0.0,1.0,1.0,0.20772946859903382,0.3291558729491937,0.0,0.0,3.0,3.0,1.8599033816425123,0.7727134822282901,2.0,0.0,0.0,0.0,0.0,0.0,0.0,0.0,0.0,0.0,0.0,0.0,0.0,1.0,3.0,2.0,2.067632850241546,0.5134775607365402,2.0,16.33,34.7633333333,18.4333333333,30.052109500787925,5.700973029312855,34.7633333333,0.0,0.464,0.464,0.23984541062801937,0.2317346962589559,0.464,0.0,0.0,0.0,0.0,0.0,0.0,152.0,225.0,73.0,171.0193236714976,22.426754416672512,152.0,1.7922705314009664,2.8937198067632854,10.0,0.0,0.12203947368421053,0.19703947368421054,0.6809210526315789,0.0,8.503027306906615,0.10502927534027846,,1.0,0.0,0.20772946859903382,0.2753623188405797,0.5169082125603865,300.0,,
am1c21252.pdf,10.1021/acsami.1c21252,AgSbTe2,Q-SPS41,(Ag2Te)0.41(Sb2Te3)0.59,cation vacancy,nonstoichiometric,Ag,,cation vacancy (nonstoichiometric) @ Ag site,Table 2,,,299.1,uV/K,False,47.0,52.0,5.0,50.736842105263165,1.4661294384286034,52.0,65.0,90.0,25.0,83.6842105263158,7.330647192143034,90.0,107.8682,127.6,19.731799999999993,122.08055598086123,5.757123426661474,127.6,722.66,1234.93,512.2700000000001,874.2827272727274,158.15193562418443,722.66,11.0,16.0,5.0,14.736842105263161,1.4661294384286054,16.0,5.0,5.0,0.0,5.0,0.0,5.0,138.0,145.0,7.0,139.65550239234452,2.096884228840926,138.0,1.93,2.1,0.17000000000000015,2.052535885167464,0.04950802408369783,2.1,1.0,2.0,1.0,1.8038277511961727,0.3153773952061535,2.0,0.0,4.0,4.0,2.9330143540669864,1.1507520432224532,4.0,10.0,10.0,0.0,10.0,0.0,10.0,0.0,0.0,0.0,0.0,0.0,0.0,11.0,16.0,5.0,14.736842105263161,1.4661294384286054,16.0,0.0,1.0,1.0,0.19617224880382775,0.3153773952061537,0.0,0.0,3.0,3.0,1.889952153110048,0.7415123280144683,2.0,0.0,0.0,0.0,0.0,0.0,0.0,0.0,0.0,0.0,0.0,0.0,0.0,1.0,3.0,2.0,2.086124401913876,0.5159680410247018,2.0,16.33,34.7633333333,18.4333333333,30.242934609233014,5.458663339507689,34.7633333333,0.0,0.464,0.464,0.24199043062200964,0.2315697900689087,0.464,0.0,0.0,0.0,0.0,0.0,0.0,152.0,225.0,73.0,170.27272727272728,21.47194432361897,152.0,1.8038277511961727,2.9330143540669864,10.0,0.0,0.1224025974025974,0.19902597402597402,0.6785714285714284,0.0,8.448121605565614,0.1029777010286059,,1.0,0.0,0.19617224880382775,0.2822966507177034,0.521531100478469,300.0,,
am1c21252.pdf,10.1021/acsami.1c21252,AgSbTe2,Q-SPS42,(Ag2Te)0.42(Sb2Te3)0.58,cation vacancy,nonstoichiometric,Ag,,cation vacancy (nonstoichiometric) @ Ag site,Table 2,,,315.9,uV/K,False,47.0,52.0,5.0,50.71153846153847,1.4988905325443755,52.0,65.0,90.0,25.0,83.55769230769232,7.494452662721886,90.0,107.8682,127.6,19.731799999999993,121.9872326923077,5.828642973372776,127.6,722.66,1234.93,512.2700000000001,876.6037500000001,159.8646634615385,722.66,11.0,16.0,5.0,14.711538461538463,1.4988905325443778,16.0,5.0,5.0,0.0,5.000000000000001,8.881784197001252e-16,5.0,138.0,145.0,7.0,139.6923076923077,2.1434911242603643,138.0,1.93,2.1,0.17000000000000015,2.0517307692307694,0.05012573964497052,2.1,1.0,2.0,1.0,1.7980769230769231,0.32230029585798814,2.0,0.0,4.0,4.0,2.9134615384615383,1.1765902366863905,4.0,10.0,10.0,0.0,10.000000000000002,1.7763568394002505e-15,10.0,0.0,0.0,0.0,0.0,0.0,0.0,11.0,16.0,5.0,14.711538461538463,1.4988905325443778,16.0,0.0,1.0,1.0,0.20192307692307696,0.3223002958579882,0.0,0.0,3.0,3.0,1.875,0.7572115384615385,2.0,0.0,0.0,0.0,0.0,0.0,0.0,0.0,0.0,0.0,0.0,0.0,0.0,1.0,3.0,2.0,2.076923076923077,0.5147928994082841,2.0,16.33,34.7633333333,18.4333333333,30.147980769213465,5.580338387566972,34.7633333333,0.0,0.464,0.464,0.24092307692307696,0.23165680473372782,0.464,0.0,0.0,0.0,0.0,0.0,0.0,152.0,225.0,73.0,170.64423076923077,21.95136834319527,152.0,1.7980769230769231,2.9134615384615383,10.000000000000002,0.0,0.1222222222222222,0.19803921568627447,0.6797385620915033,0.0,8.476351979415439,0.10400725294650968,,1.0,0.0,0.20192307692307696,0.27884615384615385,0.5192307692307693,300.0,,
am1c21252.pdf,10.1021/acsami.1c21252,AgSbTe2,Q-SPS43,(Ag2Te)0.43(Sb2Te3)0.57,cation vacancy,nonstoichiometric,Ag,,cation vacancy (nonstoichiometric) @ Ag site,Table 2,,,313.8,uV/K,False,47.0,52.0,5.0,50.68599033816425,1.5313776284160652,52.0,65.0,90.0,25.0,83.42995169082127,7.656888142080321,90.0,107.8682,127.6,19.731799999999993,121.89300772946861,5.899982347312652,127.6,722.66,1234.93,512.2700000000001,878.9471980676329,161.5722723984224,722.66,11.0,16.0,5.0,14.685990338164252,1.5313776284160652,16.0,5.0,5.0,0.0,5.0,0.0,5.0,138.0,145.0,7.0,139.72946859903382,2.1896893743144568,138.0,1.93,2.1,0.17000000000000015,2.0509178743961356,0.0507419076291163,2.1,1.0,2.0,1.0,1.7922705314009664,0.32915587294919363,2.0,0.0,4.0,4.0,2.8937198067632854,1.2022217554668722,4.0,10.0,10.0,0.0,10.0,0.0,10.0,0.0,0.0,0.0,0.0,0.0,0.0,11.0,16.0,5.0,14.685990338164252,1.5313776284160652,16.0,0.0,1.0,1.0,0.20772946859903382,0.3291558729491937,0.0,0.0,3.0,3.0,1.8599033816425123,0.7727134822282901,2.0,0.0,0.0,0.0,0.0,0.0,0.0,0.0,0.0,0.0,0.0,0.0,0.0,1.0,3.0,2.0,2.067632850241546,0.5134775607365402,2.0,16.33,34.7633333333,18.4333333333,30.052109500787925,5.700973029312855,34.7633333333,0.0,0.464,0.464,0.23984541062801937,0.2317346962589559,0.464,0.0,0.0,0.0,0.0,0.0,0.0,152.0,225.0,73.0,171.0193236714976,22.426754416672512,152.0,1.7922705314009664,2.8937198067632854,10.0,0.0,0.12203947368421053,0.19703947368421054,0.6809210526315789,0.0,8.503027306906615,0.10502927534027846,,1.0,0.0,0.20772946859903382,0.2753623188405797,0.5169082125603865,300.0,,
am2c22930.pdf,10.1021/acsami.2c22930,AgSbTe2,AgSbTe2,AgSbTe2,,,,,,body text,,,242.0,uV/K,False,47.0,52.0,5.0,50.5,1.75,52.0,65.0,90.0,25.0,82.5,8.75,90.0,107.8682,127.6,19.731799999999993,121.20705,6.669425,127.6,722.66,1234.93,512.2700000000001,896.0074999999999,173.34750000000003,722.66,11.0,16.0,5.0,14.5,1.75,16.0,5.0,5.0,0.0,5.0,0.0,5.0,138.0,145.0,7.0,140.0,2.5,138.0,1.93,2.1,0.17000000000000015,2.045,0.05750000000000005,2.1,1.0,2.0,1.0,1.75,0.375,2.0,0.0,4.0,4.0,2.75,1.375,4.0,10.0,10.0,0.0,10.0,0.0,10.0,0.0,0.0,0.0,0.0,0.0,0.0,11.0,16.0,5.0,14.5,1.75,16.0,0.0,1.0,1.0,0.25,0.375,0.0,0.0,3.0,3.0,1.75,0.875,2.0,0.0,0.0,0.0,0.0,0.0,0.0,0.0,0.0,0.0,0.0,0.0,0.0,1.0,3.0,2.0,2.0,0.5,2.0,16.33,34.7633333333,18.4333333333,29.35416666665,6.512083333324999,34.7633333333,0.0,0.464,0.464,0.232,0.232,0.464,0.0,0.0,0.0,0.0,0.0,0.0,152.0,225.0,73.0,173.75,25.625,152.0,1.75,2.75,10.0,0.0,0.1206896551724138,0.1896551724137931,0.6896551724137931,0.0,8.644719482306641,0.11200000000000014,,0.0,0.0,0.25,0.25,0.5,300.0,,
am2c22930.pdf,10.1021/acsami.2c22930,AgSbTe2,AgSbTe2,AgSbTe2,,,,,,body text,,,352.0,uV/K,False,47.0,52.0,5.0,50.5,1.75,52.0,65.0,90.0,25.0,82.5,8.75,90.0,107.8682,127.6,19.731799999999993,121.20705,6.669425,127.6,722.66,1234.93,512.2700000000001,896.0074999999999,173.34750000000003,722.66,11.0,16.0,5.0,14.5,1.75,16.0,5.0,5.0,0.0,5.0,0.0,5.0,138.0,145.0,7.0,140.0,2.5,138.0,1.93,2.1,0.17000000000000015,2.045,0.05750000000000005,2.1,1.0,2.0,1.0,1.75,0.375,2.0,0.0,4.0,4.0,2.75,1.375,4.0,10.0,10.0,0.0,10.0,0.0,10.0,0.0,0.0,0.0,0.0,0.0,0.0,11.0,16.0,5.0,14.5,1.75,16.0,0.0,1.0,1.0,0.25,0.375,0.0,0.0,3.0,3.0,1.75,0.875,2.0,0.0,0.0,0.0,0.0,0.0,0.0,0.0,0.0,0.0,0.0,0.0,0.0,1.0,3.0,2.0,2.0,0.5,2.0,16.33,34.7633333333,18.4333333333,29.35416666665,6.512083333324999,34.7633333333,0.0,0.464,0.464,0.232,0.232,0.464,0.0,0.0,0.0,0.0,0.0,0.0,152.0,225.0,73.0,173.75,25.625,152.0,1.75,2.75,10.0,0.0,0.1206896551724138,0.1896551724137931,0.6896551724137931,0.0,8.644719482306641,0.11200000000000014,,0.0,0.0,0.25,0.25,0.5,425.0,,
am2c22930.pdf,10.1021/acsami.2c22930,AgSbTe2,AgSb0.98Mg0.02Te2,AgSb0.98Mg0.02Te2,Mg,0.02,Sb,,Mg (0.02) @ Sb site,body text,,,260.0,uV/K,False,12.0,52.0,40.0,50.30499999999999,2.0355500000000037,52.0,65.0,90.0,25.0,82.415,8.851649999999996,90.0,24.305,127.6,103.29499999999999,120.719775,7.389935249999999,127.6,722.66,1234.93,512.2700000000001,896.1035999999999,173.44360000000003,722.66,2.0,16.0,14.0,14.434999999999999,1.8418500000000007,16.0,3.0,5.0,2.0,4.99,0.01989999999999979,5.0,138.0,145.0,7.0,140.01,2.5048999999999957,138.0,1.31,2.1,0.79,2.0413,0.06296299999999996,2.1,1.0,2.0,1.0,1.75,0.375,2.0,0.0,4.0,4.0,2.735,1.39485,4.0,0.0,10.0,10.0,9.95,0.0995000000000007,10.0,0.0,0.0,0.0,0.0,0.0,0.0,2.0,16.0,14.0,14.434999999999999,1.8418500000000007,16.0,0.0,1.0,1.0,0.25,0.375,0.0,0.0,3.0,3.0,1.7349999999999999,0.88485,2.0,0.0,0.0,0.0,0.0,0.0,0.0,0.0,0.0,0.0,0.0,0.0,0.0,0.0,3.0,3.0,1.9849999999999999,0.5123500000000001,2.0,16.33,34.7633333333,18.4333333333,29.31081666665,6.554616499991499,34.7633333333,0.0,0.464,0.464,0.232,0.23199999999999998,0.464,0.0,0.0,0.0,0.0,0.0,0.0,152.0,225.0,73.0,173.89,25.756099999999993,152.0,1.75,2.735,9.95,0.0,0.12123311395912713,0.18947003810183582,0.6892968479390371,0.0,8.848505117923192,0.12234122240816016,0.02,1.0,0.0,0.25,0.245,0.5,300.0,1.0,0.040000000000000036
am2c22930.pdf,10.1021/acsami.2c22930,AgSbTe2,AgSb0.98Mg0.02Te2,AgSb0.98Mg0.02Te2,Mg,0.02,Sb,,Mg (0.02) @ Sb site,body text,,,186.0,uV/K,False,12.0,52.0,40.0,50.30499999999999,2.0355500000000037,52.0,65.0,90.0,25.0,82.415,8.851649999999996,90.0,24.305,127.6,103.29499999999999,120.719775,7.389935249999999,127.6,722.66,1234.93,512.2700000000001,896.1035999999999,173.44360000000003,722.66,2.0,16.0,14.0,14.434999999999999,1.8418500000000007,16.0,3.0,5.0,2.0,4.99,0.01989999999999979,5.0,138.0,145.0,7.0,140.01,2.5048999999999957,138.0,1.31,2.1,0.79,2.0413,0.06296299999999996,2.1,1.0,2.0,1.0,1.75,0.375,2.0,0.0,4.0,4.0,2.735,1.39485,4.0,0.0,10.0,10.0,9.95,0.0995000000000007,10.0,0.0,0.0,0.0,0.0,0.0,0.0,2.0,16.0,14.0,14.434999999999999,1.8418500000000007,16.0,0.0,1.0,1.0,0.25,0.375,0.0,0.0,3.0,3.0,1.7349999999999999,0.88485,2.0,0.0,0.0,0.0,0.0,0.0,0.0,0.0,0.0,0.0,0.0,0.0,0.0,0.0,3.0,3.0,1.9849999999999999,0.5123500000000001,2.0,16.33,34.7633333333,18.4333333333,29.31081666665,6.554616499991499,34.7633333333,0.0,0.464,0.464,0.232,0.23199999999999998,0.464,0.0,0.0,0.0,0.0,0.0,0.0,152.0,225.0,73.0,173.89,25.756099999999993,152.0,1.75,2.735,9.95,0.0,0.12123311395912713,0.18947003810183582,0.6892968479390371,0.0,8.848505117923192,0.12234122240816016,0.02,1.0,0.0,0.25,0.245,0.5,573.0,1.0,0.040000000000000036
am2c22930.pdf,10.1021/acsami.2c22930,AgSbTe2,AgSbTe2,AgSbTe2,,,,,,body text,,,242.0,uV/K,False,47.0,52.0,5.0,50.5,1.75,52.0,65.0,90.0,25.0,82.5,8.75,90.0,107.8682,127.6,19.731799999999993,121.20705,6.669425,127.6,722.66,1234.93,512.2700000000001,896.0074999999999,173.34750000000003,722.66,11.0,16.0,5.0,14.5,1.75,16.0,5.0,5.0,0.0,5.0,0.0,5.0,138.0,145.0,7.0,140.0,2.5,138.0,1.93,2.1,0.17000000000000015,2.045,0.05750000000000005,2.1,1.0,2.0,1.0,1.75,0.375,2.0,0.0,4.0,4.0,2.75,1.375,4.0,10.0,10.0,0.0,10.0,0.0,10.0,0.0,0.0,0.0,0.0,0.0,0.0,11.0,16.0,5.0,14.5,1.75,16.0,0.0,1.0,1.0,0.25,0.375,0.0,0.0,3.0,3.0,1.75,0.875,2.0,0.0,0.0,0.0,0.0,0.0,0.0,0.0,0.0,0.0,0.0,0.0,0.0,1.0,3.0,2.0,2.0,0.5,2.0,16.33,34.7633333333,18.4333333333,29.35416666665,6.512083333324999,34.7633333333,0.0,0.464,0.464,0.232,0.232,0.464,0.0,0.0,0.0,0.0,0.0,0.0,152.0,225.0,73.0,173.75,25.625,152.0,1.75,2.75,10.0,0.0,0.1206896551724138,0.1896551724137931,0.6896551724137931,0.0,8.644719482306641,0.11200000000000014,,0.0,0.0,0.25,0.25,0.5,300.0,,
am2c22930.pdf,10.1021/acsami.2c22930,AgSbTe2,AgSb0.98Mg0.02Te2,AgSb0.98Mg0.02Te2,Mg,0.02,Sb,,Mg (0.02) @ Sb site,body text,,,260.0,uV/K,False,12.0,52.0,40.0,50.30499999999999,2.0355500000000037,52.0,65.0,90.0,25.0,82.415,8.851649999999996,90.0,24.305,127.6,103.29499999999999,120.719775,7.389935249999999,127.6,722.66,1234.93,512.2700000000001,896.1035999999999,173.44360000000003,722.66,2.0,16.0,14.0,14.434999999999999,1.8418500000000007,16.0,3.0,5.0,2.0,4.99,0.01989999999999979,5.0,138.0,145.0,7.0,140.01,2.5048999999999957,138.0,1.31,2.1,0.79,2.0413,0.06296299999999996,2.1,1.0,2.0,1.0,1.75,0.375,2.0,0.0,4.0,4.0,2.735,1.39485,4.0,0.0,10.0,10.0,9.95,0.0995000000000007,10.0,0.0,0.0,0.0,0.0,0.0,0.0,2.0,16.0,14.0,14.434999999999999,1.8418500000000007,16.0,0.0,1.0,1.0,0.25,0.375,0.0,0.0,3.0,3.0,1.7349999999999999,0.88485,2.0,0.0,0.0,0.0,0.0,0.0,0.0,0.0,0.0,0.0,0.0,0.0,0.0,0.0,3.0,3.0,1.9849999999999999,0.5123500000000001,2.0,16.33,34.7633333333,18.4333333333,29.31081666665,6.554616499991499,34.7633333333,0.0,0.464,0.464,0.232,0.23199999999999998,0.464,0.0,0.0,0.0,0.0,0.0,0.0,152.0,225.0,73.0,173.89,25.756099999999993,152.0,1.75,2.735,9.95,0.0,0.12123311395912713,0.18947003810183582,0.6892968479390371,0.0,8.848505117923192,0.12234122240816016,0.02,1.0,0.0,0.25,0.245,0.5,300.0,1.0,0.040000000000000036
am4c05454.pdf,10.1021/acsami.4c05454,AgSbTe2,AgSb1-xCuxTe2 (x=0),AgSbTe2,none,0,unclear,,none (0) @ unclear site,figure,,Visually estimated from Fig. 5c,199.99999999999997,uV/K,False,47.0,52.0,5.0,50.5,1.75,52.0,65.0,90.0,25.0,82.5,8.75,90.0,107.8682,127.6,19.731799999999993,121.20705,6.669425,127.6,722.66,1234.93,512.2700000000001,896.0074999999999,173.34750000000003,722.66,11.0,16.0,5.0,14.5,1.75,16.0,5.0,5.0,0.0,5.0,0.0,5.0,138.0,145.0,7.0,140.0,2.5,138.0,1.93,2.1,0.17000000000000015,2.045,0.05750000000000005,2.1,1.0,2.0,1.0,1.75,0.375,2.0,0.0,4.0,4.0,2.75,1.375,4.0,10.0,10.0,0.0,10.0,0.0,10.0,0.0,0.0,0.0,0.0,0.0,0.0,11.0,16.0,5.0,14.5,1.75,16.0,0.0,1.0,1.0,0.25,0.375,0.0,0.0,3.0,3.0,1.75,0.875,2.0,0.0,0.0,0.0,0.0,0.0,0.0,0.0,0.0,0.0,0.0,0.0,0.0,1.0,3.0,2.0,2.0,0.5,2.0,16.33,34.7633333333,18.4333333333,29.35416666665,6.512083333324999,34.7633333333,0.0,0.464,0.464,0.232,0.232,0.464,0.0,0.0,0.0,0.0,0.0,0.0,152.0,225.0,73.0,173.75,25.625,152.0,1.75,2.75,10.0,0.0,0.1206896551724138,0.1896551724137931,0.6896551724137931,0.0,8.644719482306641,0.11200000000000014,0.0,1.0,0.0,0.25,0.25,0.5,323.0,,
am4c05454.pdf,10.1021/acsami.4c05454,AgSbTe2,AgSb1-xCuxTe2 (x=0),AgSbTe2,none,0,unclear,,none (0) @ unclear site,figure,,Visually estimated from Fig. 5c,379.99999999999994,uV/K,False,47.0,52.0,5.0,50.5,1.75,52.0,65.0,90.0,25.0,82.5,8.75,90.0,107.8682,127.6,19.731799999999993,121.20705,6.669425,127.6,722.66,1234.93,512.2700000000001,896.0074999999999,173.34750000000003,722.66,11.0,16.0,5.0,14.5,1.75,16.0,5.0,5.0,0.0,5.0,0.0,5.0,138.0,145.0,7.0,140.0,2.5,138.0,1.93,2.1,0.17000000000000015,2.045,0.05750000000000005,2.1,1.0,2.0,1.0,1.75,0.375,2.0,0.0,4.0,4.0,2.75,1.375,4.0,10.0,10.0,0.0,10.0,0.0,10.0,0.0,0.0,0.0,0.0,0.0,0.0,11.0,16.0,5.0,14.5,1.75,16.0,0.0,1.0,1.0,0.25,0.375,0.0,0.0,3.0,3.0,1.75,0.875,2.0,0.0,0.0,0.0,0.0,0.0,0.0,0.0,0.0,0.0,0.0,0.0,0.0,1.0,3.0,2.0,2.0,0.5,2.0,16.33,34.7633333333,18.4333333333,29.35416666665,6.512083333324999,34.7633333333,0.0,0.464,0.464,0.232,0.232,0.464,0.0,0.0,0.0,0.0,0.0,0.0,152.0,225.0,73.0,173.75,25.625,152.0,1.75,2.75,10.0,0.0,0.1206896551724138,0.1896551724137931,0.6896551724137931,0.0,8.644719482306641,0.11200000000000014,0.0,1.0,0.0,0.25,0.25,0.5,423.0,,
am4c05454.pdf,10.1021/acsami.4c05454,AgSbTe2,AgSb1-xCuxTe2 (x=0),AgSbTe2,none,0,unclear,,none (0) @ unclear site,figure,,Visually estimated from Fig. 5c,280.0,uV/K,False,47.0,52.0,5.0,50.5,1.75,52.0,65.0,90.0,25.0,82.5,8.75,90.0,107.8682,127.6,19.731799999999993,121.20705,6.669425,127.6,722.66,1234.93,512.2700000000001,896.0074999999999,173.34750000000003,722.66,11.0,16.0,5.0,14.5,1.75,16.0,5.0,5.0,0.0,5.0,0.0,5.0,138.0,145.0,7.0,140.0,2.5,138.0,1.93,2.1,0.17000000000000015,2.045,0.05750000000000005,2.1,1.0,2.0,1.0,1.75,0.375,2.0,0.0,4.0,4.0,2.75,1.375,4.0,10.0,10.0,0.0,10.0,0.0,10.0,0.0,0.0,0.0,0.0,0.0,0.0,11.0,16.0,5.0,14.5,1.75,16.0,0.0,1.0,1.0,0.25,0.375,0.0,0.0,3.0,3.0,1.75,0.875,2.0,0.0,0.0,0.0,0.0,0.0,0.0,0.0,0.0,0.0,0.0,0.0,0.0,1.0,3.0,2.0,2.0,0.5,2.0,16.33,34.7633333333,18.4333333333,29.35416666665,6.512083333324999,34.7633333333,0.0,0.464,0.464,0.232,0.232,0.464,0.0,0.0,0.0,0.0,0.0,0.0,152.0,225.0,73.0,173.75,25.625,152.0,1.75,2.75,10.0,0.0,0.1206896551724138,0.1896551724137931,0.6896551724137931,0.0,8.644719482306641,0.11200000000000014,0.0,1.0,0.0,0.25,0.25,0.5,573.0,,
am4c05454.pdf,10.1021/acsami.4c05454,AgSbTe2,AgSb1-xCuxTe2 (x=0.04),Ag0.96Cu0.04Te2,Cu,0.04,Ag,,Cu (0.04) @ Ag site,figure,,Visually estimated from Fig. 5c,239.99999999999997,uV/K,False,29.0,52.0,23.0,50.093333333333334,2.542222222222222,52.0,64.0,90.0,26.0,81.65333333333332,11.128888888888893,90.0,63.546,127.6,64.054,120.43177066666665,9.557639111111113,127.6,722.66,1357.77,635.11,895.0545333333333,229.8593777777778,722.66,11.0,16.0,5.0,14.333333333333334,2.222222222222222,16.0,4.0,5.0,1.0,4.986666666666667,0.026311111111110546,5.0,132.0,145.0,13.0,140.16,3.0975999999999986,138.0,1.9,2.1,0.20000000000000018,2.0429333333333335,0.07608888888888891,2.1,1.0,2.0,1.0,1.6666666666666667,0.4444444444444444,2.0,0.0,4.0,4.0,2.6666666666666665,1.7777777777777777,4.0,10.0,10.0,0.0,10.0,0.0,10.0,0.0,0.0,0.0,0.0,0.0,0.0,11.0,16.0,5.0,14.333333333333334,2.222222222222222,16.0,0.0,1.0,1.0,0.3333333333333333,0.4444444444444445,0.0,0.0,2.0,2.0,1.3333333333333333,0.8888888888888888,2.0,0.0,0.0,0.0,0.0,0.0,0.0,0.0,0.0,0.0,0.0,0.0,0.0,1.0,2.0,1.0,1.6666666666666667,0.4444444444444444,2.0,11.07,34.7633333333,23.693333333299996,28.54875555553333,8.286103703688887,34.7633333333,0.0,0.464,0.464,0.30933333333333335,0.20622222222222222,0.464,0.0,0.0,0.0,0.0,0.0,0.0,152.0,225.0,73.0,176.33333333333334,32.44444444444445,152.0,1.6666666666666667,2.6666666666666665,10.0,0.0,0.11627906976744186,0.18604651162790695,0.6976744186046512,0.0,5.757728370863799,0.1685400313971744,0.04,1.0,0.0,0.32,0.0,0.6666666666666666,323.0,1.0,0.42000000000000004
am4c05454.pdf,10.1021/acsami.4c05454,AgSbTe2,AgSb1-xCuxTe2 (x=0.04),Ag0.96Cu0.04Te2,Cu,0.04,Ag,,Cu (0.04) @ Ag site,figure,,Visually estimated from Fig. 5c,239.99999999999997,uV/K,False,29.0,52.0,23.0,50.093333333333334,2.542222222222222,52.0,64.0,90.0,26.0,81.65333333333332,11.128888888888893,90.0,63.546,127.6,64.054,120.43177066666665,9.557639111111113,127.6,722.66,1357.77,635.11,895.0545333333333,229.8593777777778,722.66,11.0,16.0,5.0,14.333333333333334,2.222222222222222,16.0,4.0,5.0,1.0,4.986666666666667,0.026311111111110546,5.0,132.0,145.0,13.0,140.16,3.0975999999999986,138.0,1.9,2.1,0.20000000000000018,2.0429333333333335,0.07608888888888891,2.1,1.0,2.0,1.0,1.6666666666666667,0.4444444444444444,2.0,0.0,4.0,4.0,2.6666666666666665,1.7777777777777777,4.0,10.0,10.0,0.0,10.0,0.0,10.0,0.0,0.0,0.0,0.0,0.0,0.0,11.0,16.0,5.0,14.333333333333334,2.222222222222222,16.0,0.0,1.0,1.0,0.3333333333333333,0.4444444444444445,0.0,0.0,2.0,2.0,1.3333333333333333,0.8888888888888888,2.0,0.0,0.0,0.0,0.0,0.0,0.0,0.0,0.0,0.0,0.0,0.0,0.0,1.0,2.0,1.0,1.6666666666666667,0.4444444444444444,2.0,11.07,34.7633333333,23.693333333299996,28.54875555553333,8.286103703688887,34.7633333333,0.0,0.464,0.464,0.30933333333333335,0.20622222222222222,0.464,0.0,0.0,0.0,0.0,0.0,0.0,152.0,225.0,73.0,176.33333333333334,32.44444444444445,152.0,1.6666666666666667,2.6666666666666665,10.0,0.0,0.11627906976744186,0.18604651162790695,0.6976744186046512,0.0,5.757728370863799,0.1685400313971744,0.04,1.0,0.0,0.32,0.0,0.6666666666666666,423.0,1.0,0.42000000000000004
am4c05454.pdf,10.1021/acsami.4c05454,AgSbTe2,AgSb1-xCuxTe2 (x=0.04),Ag0.96Cu0.04Te2,Cu,0.04,Ag,,Cu (0.04) @ Ag site,figure,,Visually estimated from Fig. 5c,219.99999999999997,uV/K,False,29.0,52.0,23.0,50.093333333333334,2.542222222222222,52.0,64.0,90.0,26.0,81.65333333333332,11.128888888888893,90.0,63.546,127.6,64.054,120.43177066666665,9.557639111111113,127.6,722.66,1357.77,635.11,895.0545333333333,229.8593777777778,722.66,11.0,16.0,5.0,14.333333333333334,2.222222222222222,16.0,4.0,5.0,1.0,4.986666666666667,0.026311111111110546,5.0,132.0,145.0,13.0,140.16,3.0975999999999986,138.0,1.9,2.1,0.20000000000000018,2.0429333333333335,0.07608888888888891,2.1,1.0,2.0,1.0,1.6666666666666667,0.4444444444444444,2.0,0.0,4.0,4.0,2.6666666666666665,1.7777777777777777,4.0,10.0,10.0,0.0,10.0,0.0,10.0,0.0,0.0,0.0,0.0,0.0,0.0,11.0,16.0,5.0,14.333333333333334,2.222222222222222,16.0,0.0,1.0,1.0,0.3333333333333333,0.4444444444444445,0.0,0.0,2.0,2.0,1.3333333333333333,0.8888888888888888,2.0,0.0,0.0,0.0,0.0,0.0,0.0,0.0,0.0,0.0,0.0,0.0,0.0,1.0,2.0,1.0,1.6666666666666667,0.4444444444444444,2.0,11.07,34.7633333333,23.693333333299996,28.54875555553333,8.286103703688887,34.7633333333,0.0,0.464,0.464,0.30933333333333335,0.20622222222222222,0.464,0.0,0.0,0.0,0.0,0.0,0.0,152.0,225.0,73.0,176.33333333333334,32.44444444444445,152.0,1.6666666666666667,2.6666666666666665,10.0,0.0,0.11627906976744186,0.18604651162790695,0.6976744186046512,0.0,5.757728370863799,0.1685400313971744,0.04,1.0,0.0,0.32,0.0,0.6666666666666666,573.0,1.0,0.42000000000000004
am4c06836.pdf,10.1021/acsami.4c06836,AgSbTe2,"x=0, y=0",AgSbTe2,,,,,,figure,Fig. 5b,Visually estimated from Fig. 5b,100.0,uV/K,False,47.0,52.0,5.0,50.5,1.75,52.0,65.0,90.0,25.0,82.5,8.75,90.0,107.8682,127.6,19.731799999999993,121.20705,6.669425,127.6,722.66,1234.93,512.2700000000001,896.0074999999999,173.34750000000003,722.66,11.0,16.0,5.0,14.5,1.75,16.0,5.0,5.0,0.0,5.0,0.0,5.0,138.0,145.0,7.0,140.0,2.5,138.0,1.93,2.1,0.17000000000000015,2.045,0.05750000000000005,2.1,1.0,2.0,1.0,1.75,0.375,2.0,0.0,4.0,4.0,2.75,1.375,4.0,10.0,10.0,0.0,10.0,0.0,10.0,0.0,0.0,0.0,0.0,0.0,0.0,11.0,16.0,5.0,14.5,1.75,16.0,0.0,1.0,1.0,0.25,0.375,0.0,0.0,3.0,3.0,1.75,0.875,2.0,0.0,0.0,0.0,0.0,0.0,0.0,0.0,0.0,0.0,0.0,0.0,0.0,1.0,3.0,2.0,2.0,0.5,2.0,16.33,34.7633333333,18.4333333333,29.35416666665,6.512083333324999,34.7633333333,0.0,0.464,0.464,0.232,0.232,0.464,0.0,0.0,0.0,0.0,0.0,0.0,152.0,225.0,73.0,173.75,25.625,152.0,1.75,2.75,10.0,0.0,0.1206896551724138,0.1896551724137931,0.6896551724137931,0.0,8.644719482306641,0.11200000000000014,,0.0,0.0,0.25,0.25,0.5,300.0,,
am4c06836.pdf,10.1021/acsami.4c06836,AgSbTe2,"x=0.15, y=0.15",Ag0.85Sn0.15Sb0.85Ge0.15Te2,Sn,0.15,Ag,Ge (0.15) @ Sb,Sn (0.15) @ Ag site; Ge (0.15) @ Sb site,figure,Fig. 5b,Visually estimated from Fig. 5b,150.0,uV/K,False,32.0,52.0,20.0,49.9,2.5750000000000006,52.0,65.0,90.0,25.0,82.8375,8.081562499999997,90.0,72.64,127.6,54.959999999999994,119.77161749999999,8.6734450625,127.6,505.08,1234.93,729.8500000000001,880.173875,185.64591562500004,722.66,11.0,16.0,5.0,14.575,1.6056250000000003,16.0,4.0,5.0,1.0,4.9625,0.07218749999999967,5.0,120.0,145.0,25.0,139.0625,2.5234375,138.0,1.93,2.1,0.17000000000000015,2.044625,0.05765937500000007,2.1,1.0,2.0,1.0,1.7874999999999999,0.3346875,2.0,0.0,4.0,4.0,2.7874999999999996,1.3028125000000004,4.0,10.0,10.0,0.0,10.0,0.0,10.0,0.0,0.0,0.0,0.0,0.0,0.0,11.0,16.0,5.0,14.575,1.6056250000000003,16.0,0.0,1.0,1.0,0.2125,0.33468749999999997,0.0,0.0,4.0,4.0,1.9375,0.8234375,2.0,0.0,0.0,0.0,0.0,0.0,0.0,0.0,0.0,0.0,0.0,0.0,0.0,1.0,4.0,3.0,2.15,0.6387499999999999,2.0,16.33,34.7633333333,18.4333333333,29.669166666649996,6.168958333325,34.7633333333,0.0,0.464,0.464,0.2463625,0.2278853125,0.464,0.0,0.0,0.0,0.0,0.0,0.0,141.0,225.0,84.0,172.8125,26.09375,152.0,1.7874999999999999,2.7874999999999996,10.0,0.0,0.12264150943396226,0.19125214408233274,0.686106346483705,0.0,10.402018936732537,0.10683634633682224,0.15,2.0,1.0,0.2125,0.2125,0.5,750.0,1.0,0.4600000000000001
am7b00689.pdf,10.1021/acsami.7b00689,Ag16.7Sb30Te53.3,AQ,Ag16.7Sb30Te53.3,,,,,,text,Section 3.1,,260.0,uV/K,False,47.0,52.0,5.0,50.865,1.2909099999999987,52.0,65.0,90.0,25.0,84.325,6.4545499999999985,90.0,107.8682,127.6,19.731799999999993,122.5527894,5.380326499599996,127.6,722.66,1234.93,512.2700000000001,862.54509,149.11750594,722.66,11.0,16.0,5.0,14.865,1.2909099999999998,16.0,5.0,5.0,0.0,5.0,0.0,5.0,138.0,145.0,7.0,139.469,1.847353999999996,138.0,1.93,2.1,0.17000000000000015,2.05661,0.046253740000000106,2.1,1.0,2.0,1.0,1.8330000000000002,0.27822199999999986,2.0,0.0,4.0,4.0,3.032,1.031888,4.0,10.0,10.0,0.0,10.0,0.0,10.0,0.0,0.0,0.0,0.0,0.0,0.0,11.0,16.0,5.0,14.865,1.2909099999999998,16.0,0.0,1.0,1.0,0.16699999999999998,0.27822199999999997,0.0,0.0,3.0,3.0,1.966,0.656644,2.0,0.0,0.0,0.0,0.0,0.0,0.0,0.0,0.0,0.0,0.0,0.0,0.0,1.0,3.0,2.0,2.133,0.5202,2.0,16.33,34.7633333333,18.4333333333,30.723966666648895,4.807584866660734,34.7633333333,0.0,0.464,0.464,0.247312,0.230989408,0.464,0.0,0.0,0.0,0.0,0.0,0.0,152.0,225.0,73.0,168.391,18.90740599999999,152.0,1.8330000000000002,3.032,10.0,0.0,0.12330978809283553,0.2039690548267743,0.6727211570803902,0.0,8.276745312414512,0.09745082956814315,,0.0,0.0,0.16699999999999998,0.3,0.5329999999999999,300.0,,
am7b00689.pdf,10.1021/acsami.7b00689,Ag16.7Sb30Te53.3,380 °C/8 h,Ag16.7Sb30Te53.3,,,,,,text,Section 3.1,,150.0,uV/K,False,47.0,52.0,5.0,50.865,1.2909099999999987,52.0,65.0,90.0,25.0,84.325,6.4545499999999985,90.0,107.8682,127.6,19.731799999999993,122.5527894,5.380326499599996,127.6,722.66,1234.93,512.2700000000001,862.54509,149.11750594,722.66,11.0,16.0,5.0,14.865,1.2909099999999998,16.0,5.0,5.0,0.0,5.0,0.0,5.0,138.0,145.0,7.0,139.469,1.847353999999996,138.0,1.93,2.1,0.17000000000000015,2.05661,0.046253740000000106,2.1,1.0,2.0,1.0,1.8330000000000002,0.27822199999999986,2.0,0.0,4.0,4.0,3.032,1.031888,4.0,10.0,10.0,0.0,10.0,0.0,10.0,0.0,0.0,0.0,0.0,0.0,0.0,11.0,16.0,5.0,14.865,1.2909099999999998,16.0,0.0,1.0,1.0,0.16699999999999998,0.27822199999999997,0.0,0.0,3.0,3.0,1.966,0.656644,2.0,0.0,0.0,0.0,0.0,0.0,0.0,0.0,0.0,0.0,0.0,0.0,0.0,1.0,3.0,2.0,2.133,0.5202,2.0,16.33,34.7633333333,18.4333333333,30.723966666648895,4.807584866660734,34.7633333333,0.0,0.464,0.464,0.247312,0.230989408,0.464,0.0,0.0,0.0,0.0,0.0,0.0,152.0,225.0,73.0,168.391,18.90740599999999,152.0,1.8330000000000002,3.032,10.0,0.0,0.12330978809283553,0.2039690548267743,0.6727211570803902,0.0,8.276745312414512,0.09745082956814315,,0.0,0.0,0.16699999999999998,0.3,0.5329999999999999,300.0,,
am7b00689.pdf,10.1021/acsami.7b00689,Ag16.7Sb30Te53.3,380 °C/192 h,Ag16.7Sb30Te53.3,,,,,,text,Section 3.1,,150.0,uV/K,False,47.0,52.0,5.0,50.865,1.2909099999999987,52.0,65.0,90.0,25.0,84.325,6.4545499999999985,90.0,107.8682,127.6,19.731799999999993,122.5527894,5.380326499599996,127.6,722.66,1234.93,512.2700000000001,862.54509,149.11750594,722.66,11.0,16.0,5.0,14.865,1.2909099999999998,16.0,5.0,5.0,0.0,5.0,0.0,5.0,138.0,145.0,7.0,139.469,1.847353999999996,138.0,1.93,2.1,0.17000000000000015,2.05661,0.046253740000000106,2.1,1.0,2.0,1.0,1.8330000000000002,0.27822199999999986,2.0,0.0,4.0,4.0,3.032,1.031888,4.0,10.0,10.0,0.0,10.0,0.0,10.0,0.0,0.0,0.0,0.0,0.0,0.0,11.0,16.0,5.0,14.865,1.2909099999999998,16.0,0.0,1.0,1.0,0.16699999999999998,0.27822199999999997,0.0,0.0,3.0,3.0,1.966,0.656644,2.0,0.0,0.0,0.0,0.0,0.0,0.0,0.0,0.0,0.0,0.0,0.0,0.0,1.0,3.0,2.0,2.133,0.5202,2.0,16.33,34.7633333333,18.4333333333,30.723966666648895,4.807584866660734,34.7633333333,0.0,0.464,0.464,0.247312,0.230989408,0.464,0.0,0.0,0.0,0.0,0.0,0.0,152.0,225.0,73.0,168.391,18.90740599999999,152.0,1.8330000000000002,3.032,10.0,0.0,0.12330978809283553,0.2039690548267743,0.6727211570803902,0.0,8.276745312414512,0.09745082956814315,,0.0,0.0,0.16699999999999998,0.3,0.5329999999999999,300.0,,
am7b00689.pdf,10.1021/acsami.7b00689,Ag16.7Sb30Te53.3,AQ,Ag16.7Sb30Te53.3,,,,,,figure,Figure 1c,Visually estimated from Figure 1c,260.0,uV/K,False,47.0,52.0,5.0,50.865,1.2909099999999987,52.0,65.0,90.0,25.0,84.325,6.4545499999999985,90.0,107.8682,127.6,19.731799999999993,122.5527894,5.380326499599996,127.6,722.66,1234.93,512.2700000000001,862.54509,149.11750594,722.66,11.0,16.0,5.0,14.865,1.2909099999999998,16.0,5.0,5.0,0.0,5.0,0.0,5.0,138.0,145.0,7.0,139.469,1.847353999999996,138.0,1.93,2.1,0.17000000000000015,2.05661,0.046253740000000106,2.1,1.0,2.0,1.0,1.8330000000000002,0.27822199999999986,2.0,0.0,4.0,4.0,3.032,1.031888,4.0,10.0,10.0,0.0,10.0,0.0,10.0,0.0,0.0,0.0,0.0,0.0,0.0,11.0,16.0,5.0,14.865,1.2909099999999998,16.0,0.0,1.0,1.0,0.16699999999999998,0.27822199999999997,0.0,0.0,3.0,3.0,1.966,0.656644,2.0,0.0,0.0,0.0,0.0,0.0,0.0,0.0,0.0,0.0,0.0,0.0,0.0,1.0,3.0,2.0,2.133,0.5202,2.0,16.33,34.7633333333,18.4333333333,30.723966666648895,4.807584866660734,34.7633333333,0.0,0.464,0.464,0.247312,0.230989408,0.464,0.0,0.0,0.0,0.0,0.0,0.0,152.0,225.0,73.0,168.391,18.90740599999999,152.0,1.8330000000000002,3.032,10.0,0.0,0.12330978809283553,0.2039690548267743,0.6727211570803902,0.0,8.276745312414512,0.09745082956814315,,0.0,0.0,0.16699999999999998,0.3,0.5329999999999999,298.15,,
am7b00689.pdf,10.1021/acsami.7b00689,Ag16.7Sb30Te53.3,380 C/8 h,Ag16.7Sb30Te53.3,,,,,,figure,Figure 1c,Visually estimated from Figure 1c,150.0,uV/K,False,47.0,52.0,5.0,50.865,1.2909099999999987,52.0,65.0,90.0,25.0,84.325,6.4545499999999985,90.0,107.8682,127.6,19.731799999999993,122.5527894,5.380326499599996,127.6,722.66,1234.93,512.2700000000001,862.54509,149.11750594,722.66,11.0,16.0,5.0,14.865,1.2909099999999998,16.0,5.0,5.0,0.0,5.0,0.0,5.0,138.0,145.0,7.0,139.469,1.847353999999996,138.0,1.93,2.1,0.17000000000000015,2.05661,0.046253740000000106,2.1,1.0,2.0,1.0,1.8330000000000002,0.27822199999999986,2.0,0.0,4.0,4.0,3.032,1.031888,4.0,10.0,10.0,0.0,10.0,0.0,10.0,0.0,0.0,0.0,0.0,0.0,0.0,11.0,16.0,5.0,14.865,1.2909099999999998,16.0,0.0,1.0,1.0,0.16699999999999998,0.27822199999999997,0.0,0.0,3.0,3.0,1.966,0.656644,2.0,0.0,0.0,0.0,0.0,0.0,0.0,0.0,0.0,0.0,0.0,0.0,0.0,1.0,3.0,2.0,2.133,0.5202,2.0,16.33,34.7633333333,18.4333333333,30.723966666648895,4.807584866660734,34.7633333333,0.0,0.464,0.464,0.247312,0.230989408,0.464,0.0,0.0,0.0,0.0,0.0,0.0,152.0,225.0,73.0,168.391,18.90740599999999,152.0,1.8330000000000002,3.032,10.0,0.0,0.12330978809283553,0.2039690548267743,0.6727211570803902,0.0,8.276745312414512,0.09745082956814315,,0.0,0.0,0.16699999999999998,0.3,0.5329999999999999,298.15,,
am7b00689.pdf,10.1021/acsami.7b00689,Ag16.7Sb30Te53.3,380 C/192 h,Ag16.7Sb30Te53.3,,,,,,figure,Figure 1c,Visually estimated from Figure 1c,150.0,uV/K,False,47.0,52.0,5.0,50.865,1.2909099999999987,52.0,65.0,90.0,25.0,84.325,6.4545499999999985,90.0,107.8682,127.6,19.731799999999993,122.5527894,5.380326499599996,127.6,722.66,1234.93,512.2700000000001,862.54509,149.11750594,722.66,11.0,16.0,5.0,14.865,1.2909099999999998,16.0,5.0,5.0,0.0,5.0,0.0,5.0,138.0,145.0,7.0,139.469,1.847353999999996,138.0,1.93,2.1,0.17000000000000015,2.05661,0.046253740000000106,2.1,1.0,2.0,1.0,1.8330000000000002,0.27822199999999986,2.0,0.0,4.0,4.0,3.032,1.031888,4.0,10.0,10.0,0.0,10.0,0.0,10.0,0.0,0.0,0.0,0.0,0.0,0.0,11.0,16.0,5.0,14.865,1.2909099999999998,16.0,0.0,1.0,1.0,0.16699999999999998,0.27822199999999997,0.0,0.0,3.0,3.0,1.966,0.656644,2.0,0.0,0.0,0.0,0.0,0.0,0.0,0.0,0.0,0.0,0.0,0.0,0.0,1.0,3.0,2.0,2.133,0.5202,2.0,16.33,34.7633333333,18.4333333333,30.723966666648895,4.807584866660734,34.7633333333,0.0,0.464,0.464,0.247312,0.230989408,0.464,0.0,0.0,0.0,0.0,0.0,0.0,152.0,225.0,73.0,168.391,18.90740599999999,152.0,1.8330000000000002,3.032,10.0,0.0,0.12330978809283553,0.2039690548267743,0.6727211570803902,0.0,8.276745312414512,0.09745082956814315,,0.0,0.0,0.16699999999999998,0.3,0.5329999999999999,298.15,,
applsci-08-00052-v2.pdf,10.3390/app8010052,Ag1-xSb1+xTe2+x,x=0.19,Ag0.81Sb1.19Te2.19,,,,,,body text,Section 3.4,,250.0,uV/K,False,47.0,52.0,5.0,50.74940334128878,1.4496499792095054,52.0,65.0,90.0,25.0,83.74701670644392,7.248249896047527,90.0,107.8682,127.6,19.731799999999993,122.12688353221958,5.721300746748989,127.6,722.66,1234.93,512.2700000000001,873.1305250596661,157.2937708260947,722.66,11.0,16.0,5.0,14.749403341288783,1.4496499792095054,16.0,5.0,5.0,0.0,5.0,0.0,5.0,138.0,145.0,7.0,139.63723150357995,2.0734331656803064,138.0,1.93,2.1,0.17000000000000015,2.052935560859189,0.04919862611855717,2.1,1.0,2.0,1.0,1.8066825775656328,0.3118915932353995,2.0,0.0,4.0,4.0,2.942720763723151,1.1377583859741056,4.0,10.0,10.0,0.0,10.0,0.0,10.0,0.0,0.0,0.0,0.0,0.0,0.0,11.0,16.0,5.0,14.749403341288783,1.4496499792095054,16.0,0.0,1.0,1.0,0.1933174224343676,0.3118915932353997,0.0,0.0,3.0,3.0,1.8973747016706444,0.7335911734382923,2.0,0.0,0.0,0.0,0.0,0.0,0.0,0.0,0.0,0.0,0.0,0.0,0.0,1.0,3.0,2.0,2.0906921241050123,0.516504234995244,2.0,16.33,34.7633333333,18.4333333333,30.290071599027925,5.397450117046594,34.7633333333,0.0,0.464,0.464,0.2425202863961814,0.23152294644026866,0.464,0.0,0.0,0.0,0.0,0.0,0.0,152.0,225.0,73.0,170.08830548926016,21.23077448863929,152.0,1.8066825775656328,2.942720763723151,10.0,0.0,0.12249190938511328,0.19951456310679616,0.6779935275080906,0.0,8.433427485206984,0.10246000112277566,,0.0,0.0,0.1933174224343676,0.2840095465393795,0.5226730310262531,300.0,,
applsci-08-00052-v2.pdf,10.3390/app8010052,Ag1-xSb1+xTe2+x,"x=0.4, slowly cooled",Ag0.6Sb1.4Te2.4,Sb,x=0.4,Ag,,Sb (x=0.4) @ Ag site,figure,Fig. 5b,Visually estimated from Fig. 5b,49.99999999999999,uV/K,False,47.0,52.0,5.0,50.99999999999999,1.090909090909096,52.0,65.0,90.0,25.0,85.0,5.454545454545454,90.0,107.8682,127.6,19.731799999999993,123.05111818181815,4.962416528925617,127.6,722.66,1234.93,512.2700000000001,850.1440909090909,139.07355371900826,722.66,11.0,16.0,5.0,14.999999999999998,1.0909090909090922,16.0,5.0,5.0,0.0,5.0,0.0,5.0,138.0,145.0,7.0,139.27272727272725,1.561983471074365,138.0,1.93,2.1,0.17000000000000015,2.0609090909090906,0.042644628099173694,2.1,1.0,2.0,1.0,1.8636363636363633,0.23553719008264487,2.0,0.0,4.0,4.0,3.136363636363636,0.9421487603305785,4.0,10.0,10.0,0.0,10.0,0.0,10.0,0.0,0.0,0.0,0.0,0.0,0.0,11.0,16.0,5.0,14.999999999999998,1.0909090909090922,16.0,0.0,1.0,1.0,0.13636363636363635,0.23553719008264462,0.0,0.0,3.0,3.0,2.0454545454545454,0.6074380165289255,2.0,0.0,0.0,0.0,0.0,0.0,0.0,0.0,0.0,0.0,0.0,0.0,0.0,1.0,3.0,2.0,2.181818181818181,0.5206611570247931,2.0,16.33,34.7633333333,18.4333333333,31.230454545436363,4.063760330573552,34.7633333333,0.0,0.464,0.464,0.25309090909090903,0.23008264462809921,0.464,0.0,0.0,0.0,0.0,0.0,0.0,152.0,225.0,73.0,166.4090909090909,15.979338842975203,152.0,1.8636363636363633,3.136363636363636,10.0,0.0,0.12424242424242424,0.20909090909090908,0.6666666666666667,0.0,8.037381740455404,0.09106382978723424,0.4,1.0,0.0,0.13636363636363635,0.3181818181818181,0.5454545454545454,300.0,2.0,0.39
applsci-08-00052-v2.pdf,10.3390/app8010052,Ag1-xSb1+xTe2+x,"x=0.1, slowly cooled",Ag0.9Sb1.1Te2.1,Sb,x=0.1,Ag,,Sb (x=0.1) @ Ag site,figure,Fig. 5b,Visually estimated from Fig. 5b,250.0,uV/K,False,47.0,52.0,5.0,50.63414634146343,1.5954788816180774,52.0,65.0,90.0,25.0,83.17073170731707,7.977394408090422,90.0,107.8682,127.6,19.731799999999993,121.7018,6.073287804878045,127.6,722.66,1234.93,512.2700000000001,883.7026829268294,164.97055324211783,722.66,11.0,16.0,5.0,14.634146341463415,1.5954788816180845,16.0,5.0,5.0,0.0,5.0,0.0,5.0,138.0,145.0,7.0,139.80487804878052,2.2807852468768792,138.0,1.93,2.1,0.17000000000000015,2.0492682926829273,0.05236168947055298,2.1,1.0,2.0,1.0,1.780487804878049,0.34265318262938715,2.0,0.0,4.0,4.0,2.853658536585366,1.2528256989886974,4.0,10.0,10.0,0.0,10.0,0.0,10.0,0.0,0.0,0.0,0.0,0.0,0.0,11.0,16.0,5.0,14.634146341463415,1.5954788816180845,16.0,0.0,1.0,1.0,0.21951219512195125,0.3426531826293874,0.0,0.0,3.0,3.0,1.829268292682927,0.8030933967876266,2.0,0.0,0.0,0.0,0.0,0.0,0.0,0.0,0.0,0.0,0.0,0.0,0.0,1.0,3.0,2.0,2.048780487804878,0.5104104699583581,2.0,16.33,34.7633333333,18.4333333333,29.857560975592683,5.938929208796786,34.7633333333,0.0,0.464,0.464,0.2376585365853659,0.23186198691255208,0.464,0.0,0.0,0.0,0.0,0.0,0.0,152.0,225.0,73.0,171.78048780487805,23.364663890541348,152.0,1.780487804878049,2.853658536585366,10.0,0.0,0.12166666666666667,0.195,0.6833333333333333,0.0,8.551650782787032,0.10705202312138744,0.1,1.0,0.0,0.21951219512195125,0.26829268292682934,0.5121951219512195,300.0,2.0,0.39
applsci-08-00052-v2.pdf,10.3390/app8010052,Ag1-xSb1+xTe2+x,"Ag1-xSb1+xTe2+x, x=0.19 (quenched)",Ag0.81Sb1.19Te2.19,,,,,,figure,Figure 10a,Visually estimated from Figure 10a,219.99999999999997,uV/K,False,47.0,52.0,5.0,50.74940334128878,1.4496499792095054,52.0,65.0,90.0,25.0,83.74701670644392,7.248249896047527,90.0,107.8682,127.6,19.731799999999993,122.12688353221958,5.721300746748989,127.6,722.66,1234.93,512.2700000000001,873.1305250596661,157.2937708260947,722.66,11.0,16.0,5.0,14.749403341288783,1.4496499792095054,16.0,5.0,5.0,0.0,5.0,0.0,5.0,138.0,145.0,7.0,139.63723150357995,2.0734331656803064,138.0,1.93,2.1,0.17000000000000015,2.052935560859189,0.04919862611855717,2.1,1.0,2.0,1.0,1.8066825775656328,0.3118915932353995,2.0,0.0,4.0,4.0,2.942720763723151,1.1377583859741056,4.0,10.0,10.0,0.0,10.0,0.0,10.0,0.0,0.0,0.0,0.0,0.0,0.0,11.0,16.0,5.0,14.749403341288783,1.4496499792095054,16.0,0.0,1.0,1.0,0.1933174224343676,0.3118915932353997,0.0,0.0,3.0,3.0,1.8973747016706444,0.7335911734382923,2.0,0.0,0.0,0.0,0.0,0.0,0.0,0.0,0.0,0.0,0.0,0.0,0.0,1.0,3.0,2.0,2.0906921241050123,0.516504234995244,2.0,16.33,34.7633333333,18.4333333333,30.290071599027925,5.397450117046594,34.7633333333,0.0,0.464,0.464,0.2425202863961814,0.23152294644026866,0.464,0.0,0.0,0.0,0.0,0.0,0.0,152.0,225.0,73.0,170.08830548926016,21.23077448863929,152.0,1.8066825775656328,2.942720763723151,10.0,0.0,0.12249190938511328,0.19951456310679616,0.6779935275080906,0.0,8.433427485206984,0.10246000112277566,,0.0,0.0,0.1933174224343676,0.2840095465393795,0.5226730310262531,300.0,,
applsci-08-00052-v2.pdf,10.3390/app8010052,Ag1-xSb1+xTe2+x,"Ag1-xSb1+xTe2+x, x=0.19 (quenched)",Ag0.81Sb1.19Te2.19,,,,,,figure,Figure 10a,Visually estimated from Figure 10a,280.0,uV/K,False,47.0,52.0,5.0,50.74940334128878,1.4496499792095054,52.0,65.0,90.0,25.0,83.74701670644392,7.248249896047527,90.0,107.8682,127.6,19.731799999999993,122.12688353221958,5.721300746748989,127.6,722.66,1234.93,512.2700000000001,873.1305250596661,157.2937708260947,722.66,11.0,16.0,5.0,14.749403341288783,1.4496499792095054,16.0,5.0,5.0,0.0,5.0,0.0,5.0,138.0,145.0,7.0,139.63723150357995,2.0734331656803064,138.0,1.93,2.1,0.17000000000000015,2.052935560859189,0.04919862611855717,2.1,1.0,2.0,1.0,1.8066825775656328,0.3118915932353995,2.0,0.0,4.0,4.0,2.942720763723151,1.1377583859741056,4.0,10.0,10.0,0.0,10.0,0.0,10.0,0.0,0.0,0.0,0.0,0.0,0.0,11.0,16.0,5.0,14.749403341288783,1.4496499792095054,16.0,0.0,1.0,1.0,0.1933174224343676,0.3118915932353997,0.0,0.0,3.0,3.0,1.8973747016706444,0.7335911734382923,2.0,0.0,0.0,0.0,0.0,0.0,0.0,0.0,0.0,0.0,0.0,0.0,0.0,1.0,3.0,2.0,2.0906921241050123,0.516504234995244,2.0,16.33,34.7633333333,18.4333333333,30.290071599027925,5.397450117046594,34.7633333333,0.0,0.464,0.464,0.2425202863961814,0.23152294644026866,0.464,0.0,0.0,0.0,0.0,0.0,0.0,152.0,225.0,73.0,170.08830548926016,21.23077448863929,152.0,1.8066825775656328,2.942720763723151,10.0,0.0,0.12249190938511328,0.19951456310679616,0.6779935275080906,0.0,8.433427485206984,0.10246000112277566,,0.0,0.0,0.1933174224343676,0.2840095465393795,0.5226730310262531,450.0,,
c0jm00138d.pdf,10.1039/c0jm00138d,AgSbTe2,"(Ag2Te)x(Sb2Te3)100-x, x=44",(Ag2Te)44(Sb2Te3)56,,,,,,figure,Fig. 7b,Visually estimated from Fig. 7b,199.99999999999997,uV/K,False,47.0,52.0,5.0,50.66019417475728,1.563578094071073,52.0,65.0,90.0,25.0,83.30097087378641,7.817890470355356,90.0,107.8682,127.6,19.731799999999993,121.79786796116504,5.971126175888393,127.6,722.66,1234.93,512.2700000000001,881.3133980582525,163.27437081723068,722.66,11.0,16.0,5.0,14.660194174757281,1.563578094071072,16.0,5.0,5.0,0.0,5.0,0.0,5.0,138.0,145.0,7.0,139.76699029126215,2.235460458101618,138.0,1.93,2.1,0.17000000000000015,2.050097087378641,0.051356395513243586,2.1,1.0,2.0,1.0,1.7864077669902914,0.33594118201527,2.0,0.0,4.0,4.0,2.8737864077669903,1.2276369120558015,4.0,10.0,10.0,0.0,10.0,0.0,10.0,0.0,0.0,0.0,0.0,0.0,0.0,11.0,16.0,5.0,14.660194174757281,1.563578094071072,16.0,0.0,1.0,1.0,0.21359223300970873,0.33594118201527007,0.0,0.0,3.0,3.0,1.8446601941747574,0.7880101800358187,2.0,0.0,0.0,0.0,0.0,0.0,0.0,0.0,0.0,0.0,0.0,0.0,0.0,1.0,3.0,2.0,2.058252427184466,0.5120180978414554,2.0,16.33,34.7633333333,18.4333333333,29.95530744334854,5.820519684537241,34.7633333333,0.0,0.464,0.464,0.2387572815533981,0.23180318597417288,0.464,0.0,0.0,0.0,0.0,0.0,0.0,152.0,225.0,73.0,171.39805825242718,22.89791686304081,152.0,1.7864077669902914,2.8737864077669903,10.0,0.0,0.12185430463576159,0.19602649006622516,0.6821192052980133,0.0,8.528132530661713,0.10604409063074112,,0.0,0.0,0.21359223300970873,0.27184466019417475,0.5145631067961165,300.0,,
c0jm00138d.pdf,10.1039/c0jm00138d,AgSbTe2,"(Ag2Te)x(Sb2Te3)100-x, x=50",(Ag2Te)50(Sb2Te3)50,,,,,,figure,Fig. 7b,Visually estimated from Fig. 7b,229.99999999999997,uV/K,False,47.0,52.0,5.0,50.5,1.75,52.0,65.0,90.0,25.0,82.5,8.75,90.0,107.8682,127.6,19.731799999999993,121.20705,6.669425,127.6,722.66,1234.93,512.2700000000001,896.0075,173.3475,722.66,11.0,16.0,5.0,14.5,1.75,16.0,5.0,5.0,0.0,5.0,0.0,5.0,138.0,145.0,7.0,140.0,2.5,138.0,1.93,2.1,0.17000000000000015,2.045,0.05750000000000005,2.1,1.0,2.0,1.0,1.75,0.375,2.0,0.0,4.0,4.0,2.75,1.375,4.0,10.0,10.0,0.0,10.0,0.0,10.0,0.0,0.0,0.0,0.0,0.0,0.0,11.0,16.0,5.0,14.5,1.75,16.0,0.0,1.0,1.0,0.25,0.375,0.0,0.0,3.0,3.0,1.75,0.875,2.0,0.0,0.0,0.0,0.0,0.0,0.0,0.0,0.0,0.0,0.0,0.0,0.0,1.0,3.0,2.0,2.0,0.5,2.0,16.33,34.7633333333,18.4333333333,29.35416666665,6.512083333324999,34.7633333333,0.0,0.464,0.464,0.23200000000000004,0.23199999999999998,0.464,0.0,0.0,0.0,0.0,0.0,0.0,152.0,225.0,73.0,173.75,25.625,152.0,1.75,2.75,10.0,0.0,0.1206896551724138,0.1896551724137931,0.6896551724137931,0.0,8.644719482306641,0.11200000000000014,,0.0,0.0,0.25,0.25,0.5,300.0,,
cm101503y.pdf,10.1021/cm101503y,AgSbTe2,x=0,AgSbTe2,,,,,,figure,Fig. 5b,Visually estimated from Fig. 5b,250.0,uV/K,False,47.0,52.0,5.0,50.5,1.75,52.0,65.0,90.0,25.0,82.5,8.75,90.0,107.8682,127.6,19.731799999999993,121.20705,6.669425,127.6,722.66,1234.93,512.2700000000001,896.0074999999999,173.34750000000003,722.66,11.0,16.0,5.0,14.5,1.75,16.0,5.0,5.0,0.0,5.0,0.0,5.0,138.0,145.0,7.0,140.0,2.5,138.0,1.93,2.1,0.17000000000000015,2.045,0.05750000000000005,2.1,1.0,2.0,1.0,1.75,0.375,2.0,0.0,4.0,4.0,2.75,1.375,4.0,10.0,10.0,0.0,10.0,0.0,10.0,0.0,0.0,0.0,0.0,0.0,0.0,11.0,16.0,5.0,14.5,1.75,16.0,0.0,1.0,1.0,0.25,0.375,0.0,0.0,3.0,3.0,1.75,0.875,2.0,0.0,0.0,0.0,0.0,0.0,0.0,0.0,0.0,0.0,0.0,0.0,0.0,1.0,3.0,2.0,2.0,0.5,2.0,16.33,34.7633333333,18.4333333333,29.35416666665,6.512083333324999,34.7633333333,0.0,0.464,0.464,0.232,0.232,0.464,0.0,0.0,0.0,0.0,0.0,0.0,152.0,225.0,73.0,173.75,25.625,152.0,1.75,2.75,10.0,0.0,0.1206896551724138,0.1896551724137931,0.6896551724137931,0.0,8.644719482306641,0.11200000000000014,,0.0,0.0,0.25,0.25,0.5,300.0,,
cm101503y.pdf,10.1021/cm101503y,AgSbTe2,x=0,AgSbTe2,,,,,,figure,Fig. 5b,Visually estimated from Fig. 5b,300.0,uV/K,False,47.0,52.0,5.0,50.5,1.75,52.0,65.0,90.0,25.0,82.5,8.75,90.0,107.8682,127.6,19.731799999999993,121.20705,6.669425,127.6,722.66,1234.93,512.2700000000001,896.0074999999999,173.34750000000003,722.66,11.0,16.0,5.0,14.5,1.75,16.0,5.0,5.0,0.0,5.0,0.0,5.0,138.0,145.0,7.0,140.0,2.5,138.0,1.93,2.1,0.17000000000000015,2.045,0.05750000000000005,2.1,1.0,2.0,1.0,1.75,0.375,2.0,0.0,4.0,4.0,2.75,1.375,4.0,10.0,10.0,0.0,10.0,0.0,10.0,0.0,0.0,0.0,0.0,0.0,0.0,11.0,16.0,5.0,14.5,1.75,16.0,0.0,1.0,1.0,0.25,0.375,0.0,0.0,3.0,3.0,1.75,0.875,2.0,0.0,0.0,0.0,0.0,0.0,0.0,0.0,0.0,0.0,0.0,0.0,0.0,1.0,3.0,2.0,2.0,0.5,2.0,16.33,34.7633333333,18.4333333333,29.35416666665,6.512083333324999,34.7633333333,0.0,0.464,0.464,0.232,0.232,0.464,0.0,0.0,0.0,0.0,0.0,0.0,152.0,225.0,73.0,173.75,25.625,152.0,1.75,2.75,10.0,0.0,0.1206896551724138,0.1896551724137931,0.6896551724137931,0.0,8.644719482306641,0.11200000000000014,,0.0,0.0,0.25,0.25,0.5,500.0,,
cm101503y.pdf,10.1021/cm101503y,AgSbTe2,x=0,AgSbTe2,,,,,,figure,Fig. 5b,Visually estimated from Fig. 5b,239.99999999999997,uV/K,False,47.0,52.0,5.0,50.5,1.75,52.0,65.0,90.0,25.0,82.5,8.75,90.0,107.8682,127.6,19.731799999999993,121.20705,6.669425,127.6,722.66,1234.93,512.2700000000001,896.0074999999999,173.34750000000003,722.66,11.0,16.0,5.0,14.5,1.75,16.0,5.0,5.0,0.0,5.0,0.0,5.0,138.0,145.0,7.0,140.0,2.5,138.0,1.93,2.1,0.17000000000000015,2.045,0.05750000000000005,2.1,1.0,2.0,1.0,1.75,0.375,2.0,0.0,4.0,4.0,2.75,1.375,4.0,10.0,10.0,0.0,10.0,0.0,10.0,0.0,0.0,0.0,0.0,0.0,0.0,11.0,16.0,5.0,14.5,1.75,16.0,0.0,1.0,1.0,0.25,0.375,0.0,0.0,3.0,3.0,1.75,0.875,2.0,0.0,0.0,0.0,0.0,0.0,0.0,0.0,0.0,0.0,0.0,0.0,0.0,1.0,3.0,2.0,2.0,0.5,2.0,16.33,34.7633333333,18.4333333333,29.35416666665,6.512083333324999,34.7633333333,0.0,0.464,0.464,0.232,0.232,0.464,0.0,0.0,0.0,0.0,0.0,0.0,152.0,225.0,73.0,173.75,25.625,152.0,1.75,2.75,10.0,0.0,0.1206896551724138,0.1896551724137931,0.6896551724137931,0.0,8.644719482306641,0.11200000000000014,,0.0,0.0,0.25,0.25,0.5,700.0,,
cm101503y.pdf,10.1021/cm101503y,AgSbTe2,x=0.02,AgSbSe0.02Te1.98,Se,x=0.02,Te,,Se (x=0.02) @ Te site,figure,Fig. 5b,Visually estimated from Fig. 5b,260.0,uV/K,False,34.0,52.0,18.0,50.41,1.8691000000000018,52.0,65.0,90.0,25.0,82.495,8.747499999999997,90.0,78.96,127.6,48.64,120.96385,6.967863500000002,127.6,494.0,1234.93,740.9300000000001,894.8642,174.49080000000004,722.66,11.0,16.0,5.0,14.5,1.75,16.0,4.0,5.0,1.0,4.995,0.009949999999999895,5.0,120.0,145.0,25.0,139.91,2.544999999999998,138.0,1.93,2.55,0.6199999999999999,2.04725,0.05862500000000001,2.1,1.0,2.0,1.0,1.75,0.375,2.0,0.0,4.0,4.0,2.75,1.375,4.0,10.0,10.0,0.0,10.0,0.0,10.0,0.0,0.0,0.0,0.0,0.0,0.0,11.0,16.0,5.0,14.5,1.75,16.0,0.0,1.0,1.0,0.25,0.375,0.0,0.0,3.0,3.0,1.75,0.875,2.0,0.0,0.0,0.0,0.0,0.0,0.0,0.0,0.0,0.0,0.0,0.0,0.0,1.0,3.0,2.0,2.0,0.5,2.0,16.33,34.7633333333,18.4333333333,29.3099499999835,6.523874499991584,34.7633333333,0.0,0.799,0.799,0.23367500000000002,0.23367500000000002,0.464,0.0,0.0,0.0,0.0,0.0,0.0,14.0,225.0,211.0,173.06,25.97,152.0,1.75,2.75,10.0,0.0,0.1206896551724138,0.1896551724137931,0.6896551724137931,0.0,8.877530814278654,0.1182276371140568,0.02,1.0,0.0,0.25,0.25,0.495,300.0,0.0,0.22999999999999976
cm101503y.pdf,10.1021/cm101503y,AgSbTe2,x=0.02,AgSbSe0.02Te1.98,Se,x=0.02,Te,,Se (x=0.02) @ Te site,figure,Fig. 5b,Visually estimated from Fig. 5b,229.99999999999997,uV/K,False,34.0,52.0,18.0,50.41,1.8691000000000018,52.0,65.0,90.0,25.0,82.495,8.747499999999997,90.0,78.96,127.6,48.64,120.96385,6.967863500000002,127.6,494.0,1234.93,740.9300000000001,894.8642,174.49080000000004,722.66,11.0,16.0,5.0,14.5,1.75,16.0,4.0,5.0,1.0,4.995,0.009949999999999895,5.0,120.0,145.0,25.0,139.91,2.544999999999998,138.0,1.93,2.55,0.6199999999999999,2.04725,0.05862500000000001,2.1,1.0,2.0,1.0,1.75,0.375,2.0,0.0,4.0,4.0,2.75,1.375,4.0,10.0,10.0,0.0,10.0,0.0,10.0,0.0,0.0,0.0,0.0,0.0,0.0,11.0,16.0,5.0,14.5,1.75,16.0,0.0,1.0,1.0,0.25,0.375,0.0,0.0,3.0,3.0,1.75,0.875,2.0,0.0,0.0,0.0,0.0,0.0,0.0,0.0,0.0,0.0,0.0,0.0,0.0,1.0,3.0,2.0,2.0,0.5,2.0,16.33,34.7633333333,18.4333333333,29.3099499999835,6.523874499991584,34.7633333333,0.0,0.799,0.799,0.23367500000000002,0.23367500000000002,0.464,0.0,0.0,0.0,0.0,0.0,0.0,14.0,225.0,211.0,173.06,25.97,152.0,1.75,2.75,10.0,0.0,0.1206896551724138,0.1896551724137931,0.6896551724137931,0.0,8.877530814278654,0.1182276371140568,0.02,1.0,0.0,0.25,0.25,0.495,500.0,0.0,0.22999999999999976
cm101503y.pdf,10.1021/cm101503y,AgSbTe2,x=0.02,AgSbSe0.02Te1.98,Se,x=0.02,Te,,Se (x=0.02) @ Te site,figure,Fig. 5b,Visually estimated from Fig. 5b,235.0,uV/K,False,34.0,52.0,18.0,50.41,1.8691000000000018,52.0,65.0,90.0,25.0,82.495,8.747499999999997,90.0,78.96,127.6,48.64,120.96385,6.967863500000002,127.6,494.0,1234.93,740.9300000000001,894.8642,174.49080000000004,722.66,11.0,16.0,5.0,14.5,1.75,16.0,4.0,5.0,1.0,4.995,0.009949999999999895,5.0,120.0,145.0,25.0,139.91,2.544999999999998,138.0,1.93,2.55,0.6199999999999999,2.04725,0.05862500000000001,2.1,1.0,2.0,1.0,1.75,0.375,2.0,0.0,4.0,4.0,2.75,1.375,4.0,10.0,10.0,0.0,10.0,0.0,10.0,0.0,0.0,0.0,0.0,0.0,0.0,11.0,16.0,5.0,14.5,1.75,16.0,0.0,1.0,1.0,0.25,0.375,0.0,0.0,3.0,3.0,1.75,0.875,2.0,0.0,0.0,0.0,0.0,0.0,0.0,0.0,0.0,0.0,0.0,0.0,0.0,1.0,3.0,2.0,2.0,0.5,2.0,16.33,34.7633333333,18.4333333333,29.3099499999835,6.523874499991584,34.7633333333,0.0,0.799,0.799,0.23367500000000002,0.23367500000000002,0.464,0.0,0.0,0.0,0.0,0.0,0.0,14.0,225.0,211.0,173.06,25.97,152.0,1.75,2.75,10.0,0.0,0.1206896551724138,0.1896551724137931,0.6896551724137931,0.0,8.877530814278654,0.1182276371140568,0.02,1.0,0.0,0.25,0.25,0.495,700.0,0.0,0.22999999999999976
cm5c01646.pdf,10.1021/acs.chemmater.5c01646,AgSbTe2,AST,AgSbTe2,,,,,,Table 1,,,267.0,uV/K,False,47.0,52.0,5.0,50.5,1.75,52.0,65.0,90.0,25.0,82.5,8.75,90.0,107.8682,127.6,19.731799999999993,121.20705,6.669425,127.6,722.66,1234.93,512.2700000000001,896.0074999999999,173.34750000000003,722.66,11.0,16.0,5.0,14.5,1.75,16.0,5.0,5.0,0.0,5.0,0.0,5.0,138.0,145.0,7.0,140.0,2.5,138.0,1.93,2.1,0.17000000000000015,2.045,0.05750000000000005,2.1,1.0,2.0,1.0,1.75,0.375,2.0,0.0,4.0,4.0,2.75,1.375,4.0,10.0,10.0,0.0,10.0,0.0,10.0,0.0,0.0,0.0,0.0,0.0,0.0,11.0,16.0,5.0,14.5,1.75,16.0,0.0,1.0,1.0,0.25,0.375,0.0,0.0,3.0,3.0,1.75,0.875,2.0,0.0,0.0,0.0,0.0,0.0,0.0,0.0,0.0,0.0,0.0,0.0,0.0,1.0,3.0,2.0,2.0,0.5,2.0,16.33,34.7633333333,18.4333333333,29.35416666665,6.512083333324999,34.7633333333,0.0,0.464,0.464,0.232,0.232,0.464,0.0,0.0,0.0,0.0,0.0,0.0,152.0,225.0,73.0,173.75,25.625,152.0,1.75,2.75,10.0,0.0,0.1206896551724138,0.1896551724137931,0.6896551724137931,0.0,8.644719482306641,0.11200000000000014,,0.0,0.0,0.25,0.25,0.5,300.0,,
d3ee01033c.pdf,10.1039/d3ee01033c,AgSbTe2,AgSbTe2,AgSbTe2,Ag vacancy,0,Ag,,Ag vacancy (0) @ Ag site,figure,Fig. 2b,Visually estimated from Fig. 2b,24.999999999999996,uV/K,False,47.0,52.0,5.0,50.5,1.75,52.0,65.0,90.0,25.0,82.5,8.75,90.0,107.8682,127.6,19.731799999999993,121.20705,6.669425,127.6,722.66,1234.93,512.2700000000001,896.0074999999999,173.34750000000003,722.66,11.0,16.0,5.0,14.5,1.75,16.0,5.0,5.0,0.0,5.0,0.0,5.0,138.0,145.0,7.0,140.0,2.5,138.0,1.93,2.1,0.17000000000000015,2.045,0.05750000000000005,2.1,1.0,2.0,1.0,1.75,0.375,2.0,0.0,4.0,4.0,2.75,1.375,4.0,10.0,10.0,0.0,10.0,0.0,10.0,0.0,0.0,0.0,0.0,0.0,0.0,11.0,16.0,5.0,14.5,1.75,16.0,0.0,1.0,1.0,0.25,0.375,0.0,0.0,3.0,3.0,1.75,0.875,2.0,0.0,0.0,0.0,0.0,0.0,0.0,0.0,0.0,0.0,0.0,0.0,0.0,1.0,3.0,2.0,2.0,0.5,2.0,16.33,34.7633333333,18.4333333333,29.35416666665,6.512083333324999,34.7633333333,0.0,0.464,0.464,0.232,0.232,0.464,0.0,0.0,0.0,0.0,0.0,0.0,152.0,225.0,73.0,173.75,25.625,152.0,1.75,2.75,10.0,0.0,0.1206896551724138,0.1896551724137931,0.6896551724137931,0.0,8.644719482306641,0.11200000000000014,0.0,1.0,0.0,0.25,0.25,0.5,0.0,,
d3ee01033c.pdf,10.1039/d3ee01033c,AgSbTe2,AgSbTe2,AgSbTe2,Ag vacancy,0,Ag,,Ag vacancy (0) @ Ag site,figure,Fig. 2b,Visually estimated from Fig. 2b,225.0,uV/K,False,47.0,52.0,5.0,50.5,1.75,52.0,65.0,90.0,25.0,82.5,8.75,90.0,107.8682,127.6,19.731799999999993,121.20705,6.669425,127.6,722.66,1234.93,512.2700000000001,896.0074999999999,173.34750000000003,722.66,11.0,16.0,5.0,14.5,1.75,16.0,5.0,5.0,0.0,5.0,0.0,5.0,138.0,145.0,7.0,140.0,2.5,138.0,1.93,2.1,0.17000000000000015,2.045,0.05750000000000005,2.1,1.0,2.0,1.0,1.75,0.375,2.0,0.0,4.0,4.0,2.75,1.375,4.0,10.0,10.0,0.0,10.0,0.0,10.0,0.0,0.0,0.0,0.0,0.0,0.0,11.0,16.0,5.0,14.5,1.75,16.0,0.0,1.0,1.0,0.25,0.375,0.0,0.0,3.0,3.0,1.75,0.875,2.0,0.0,0.0,0.0,0.0,0.0,0.0,0.0,0.0,0.0,0.0,0.0,0.0,1.0,3.0,2.0,2.0,0.5,2.0,16.33,34.7633333333,18.4333333333,29.35416666665,6.512083333324999,34.7633333333,0.0,0.464,0.464,0.232,0.232,0.464,0.0,0.0,0.0,0.0,0.0,0.0,152.0,225.0,73.0,173.75,25.625,152.0,1.75,2.75,10.0,0.0,0.1206896551724138,0.1896551724137931,0.6896551724137931,0.0,8.644719482306641,0.11200000000000014,0.0,1.0,0.0,0.25,0.25,0.5,300.0,,
d3ee01033c.pdf,10.1039/d3ee01033c,AgSbTe2,Ag0.98SbTe2,Ag0.98SbTe2,Ag vacancy,0.02,Ag,,Ag vacancy (0.02) @ Ag site,figure,Fig. 2b,Visually estimated from Fig. 2b,24.999999999999996,uV/K,False,47.0,52.0,5.0,50.517587939698494,1.7322794878917191,52.0,65.0,90.0,25.0,82.58793969849246,8.661397439458598,90.0,107.8682,127.6,19.731799999999993,121.27407939698493,6.6018903563041285,127.6,722.66,1234.93,512.2700000000001,894.3043718592965,172.50690639125276,722.66,11.0,16.0,5.0,14.517587939698492,1.73227948789172,16.0,5.0,5.0,0.0,5.0,0.0,5.0,138.0,145.0,7.0,139.9748743718593,2.474684982702459,138.0,1.93,2.1,0.17000000000000015,2.0455778894472365,0.05691775460215636,2.1,1.0,2.0,1.0,1.7537688442211057,0.3712027474053684,2.0,0.0,4.0,4.0,2.763819095477387,1.3610767404863513,4.0,10.0,10.0,0.0,10.0,0.0,10.0,0.0,0.0,0.0,0.0,0.0,0.0,11.0,16.0,5.0,14.517587939698492,1.73227948789172,16.0,0.0,1.0,1.0,0.24623115577889446,0.3712027474053685,0.0,0.0,3.0,3.0,1.7587939698492463,0.8661397439458599,2.0,0.0,0.0,0.0,0.0,0.0,0.0,0.0,0.0,0.0,0.0,0.0,0.0,1.0,3.0,2.0,2.0050251256281406,0.49998737405621063,2.0,16.33,34.7633333333,18.4333333333,29.419614740351758,6.446141932434534,34.7633333333,0.0,0.464,0.464,0.23316582914572864,0.23199414156208178,0.464,0.0,0.0,0.0,0.0,0.0,0.0,152.0,225.0,73.0,173.4924623115578,25.36552107270019,152.0,1.7537688442211057,2.763819095477387,10.0,0.0,0.12080304603669091,0.19037729318103153,0.6888196607822776,0.0,8.629923216940622,0.11149797570850219,0.02,1.0,0.0,0.24623115577889446,0.25125628140703515,0.5025125628140703,0.0,,
d3ee01033c.pdf,10.1039/d3ee01033c,AgSbTe2,Ag0.98SbTe2,Ag0.98SbTe2,Ag vacancy,0.02,Ag,,Ag vacancy (0.02) @ Ag site,figure,Fig. 2b,Visually estimated from Fig. 2b,175.0,uV/K,False,47.0,52.0,5.0,50.517587939698494,1.7322794878917191,52.0,65.0,90.0,25.0,82.58793969849246,8.661397439458598,90.0,107.8682,127.6,19.731799999999993,121.27407939698493,6.6018903563041285,127.6,722.66,1234.93,512.2700000000001,894.3043718592965,172.50690639125276,722.66,11.0,16.0,5.0,14.517587939698492,1.73227948789172,16.0,5.0,5.0,0.0,5.0,0.0,5.0,138.0,145.0,7.0,139.9748743718593,2.474684982702459,138.0,1.93,2.1,0.17000000000000015,2.0455778894472365,0.05691775460215636,2.1,1.0,2.0,1.0,1.7537688442211057,0.3712027474053684,2.0,0.0,4.0,4.0,2.763819095477387,1.3610767404863513,4.0,10.0,10.0,0.0,10.0,0.0,10.0,0.0,0.0,0.0,0.0,0.0,0.0,11.0,16.0,5.0,14.517587939698492,1.73227948789172,16.0,0.0,1.0,1.0,0.24623115577889446,0.3712027474053685,0.0,0.0,3.0,3.0,1.7587939698492463,0.8661397439458599,2.0,0.0,0.0,0.0,0.0,0.0,0.0,0.0,0.0,0.0,0.0,0.0,0.0,1.0,3.0,2.0,2.0050251256281406,0.49998737405621063,2.0,16.33,34.7633333333,18.4333333333,29.419614740351758,6.446141932434534,34.7633333333,0.0,0.464,0.464,0.23316582914572864,0.23199414156208178,0.464,0.0,0.0,0.0,0.0,0.0,0.0,152.0,225.0,73.0,173.4924623115578,25.36552107270019,152.0,1.7537688442211057,2.763819095477387,10.0,0.0,0.12080304603669091,0.19037729318103153,0.6888196607822776,0.0,8.629923216940622,0.11149797570850219,0.02,1.0,0.0,0.24623115577889446,0.25125628140703515,0.5025125628140703,300.0,,
d3ee01033c.pdf,10.1039/d3ee01033c,AgSbTe2,AgSbTe2,AgSbTe2,,,,,,figure,Fig. 4c,Visually estimated from Fig. 4c,274.99999999999994,uV/K,False,47.0,52.0,5.0,50.5,1.75,52.0,65.0,90.0,25.0,82.5,8.75,90.0,107.8682,127.6,19.731799999999993,121.20705,6.669425,127.6,722.66,1234.93,512.2700000000001,896.0074999999999,173.34750000000003,722.66,11.0,16.0,5.0,14.5,1.75,16.0,5.0,5.0,0.0,5.0,0.0,5.0,138.0,145.0,7.0,140.0,2.5,138.0,1.93,2.1,0.17000000000000015,2.045,0.05750000000000005,2.1,1.0,2.0,1.0,1.75,0.375,2.0,0.0,4.0,4.0,2.75,1.375,4.0,10.0,10.0,0.0,10.0,0.0,10.0,0.0,0.0,0.0,0.0,0.0,0.0,11.0,16.0,5.0,14.5,1.75,16.0,0.0,1.0,1.0,0.25,0.375,0.0,0.0,3.0,3.0,1.75,0.875,2.0,0.0,0.0,0.0,0.0,0.0,0.0,0.0,0.0,0.0,0.0,0.0,0.0,1.0,3.0,2.0,2.0,0.5,2.0,16.33,34.7633333333,18.4333333333,29.35416666665,6.512083333324999,34.7633333333,0.0,0.464,0.464,0.232,0.232,0.464,0.0,0.0,0.0,0.0,0.0,0.0,152.0,225.0,73.0,173.75,25.625,152.0,1.75,2.75,10.0,0.0,0.1206896551724138,0.1896551724137931,0.6896551724137931,0.0,8.644719482306641,0.11200000000000014,,0.0,0.0,0.25,0.25,0.5,300.0,,
d3ee01033c.pdf,10.1039/d3ee01033c,AgSbTe2,Ag0.99SbTe2,Ag0.99SbTe2,Ag vacancy,0.01,Ag,,Ag vacancy (0.01) @ Ag site,figure,Fig. 4c,Visually estimated from Fig. 4c,250.0,uV/K,False,47.0,52.0,5.0,50.50877192982456,1.7411950929956468,52.0,65.0,90.0,25.0,82.54385964912281,8.705975464978232,90.0,107.8682,127.6,19.731799999999993,121.24048070175436,6.635868618915719,127.6,722.66,1234.93,512.2700000000001,895.1580701754385,172.93039616585324,722.66,11.0,16.0,5.0,14.508771929824562,1.7411950929956468,16.0,5.0,5.0,0.0,4.999999999999999,8.881784197001252e-16,5.0,138.0,145.0,7.0,139.98746867167918,2.4874215614223445,138.0,1.93,2.1,0.17000000000000015,2.0452882205513783,0.057210695912714216,2.1,1.0,2.0,1.0,1.7518796992481203,0.3731132342133529,2.0,0.0,4.0,4.0,2.756892230576441,1.3680818587822938,4.0,10.0,10.0,0.0,9.999999999999998,1.7763568394002505e-15,10.0,0.0,0.0,0.0,0.0,0.0,0.0,11.0,16.0,5.0,14.508771929824562,1.7411950929956468,16.0,0.0,1.0,1.0,0.24812030075187969,0.37311323421335285,0.0,0.0,3.0,3.0,1.7543859649122806,0.8705975464978235,2.0,0.0,0.0,0.0,0.0,0.0,0.0,0.0,0.0,0.0,0.0,0.0,0.0,1.0,3.0,2.0,2.0025062656641603,0.4999968593162103,2.0,16.33,34.7633333333,18.4333333333,29.386808688370923,6.479318597236701,34.7633333333,0.0,0.464,0.464,0.23258145363408522,0.23199854272272158,0.464,0.0,0.0,0.0,0.0,0.0,0.0,152.0,225.0,73.0,173.62155388471177,25.49607100457911,152.0,1.7518796992481203,2.756892230576441,9.999999999999998,0.0,0.12074624287441699,0.19001554672655036,0.6892382103990325,0.0,8.637419023671859,0.11175050301810881,0.01,1.0,0.0,0.24812030075187969,0.2506265664160401,0.5012531328320802,300.0,,
d3ee01033c.pdf,10.1039/d3ee01033c,AgSbTe2,Ag0.98SbTe2,Ag0.98SbTe2,Ag vacancy,0.02,Ag,,Ag vacancy (0.02) @ Ag site,figure,Fig. 4c,Visually estimated from Fig. 4c,235.0,uV/K,False,47.0,52.0,5.0,50.517587939698494,1.7322794878917191,52.0,65.0,90.0,25.0,82.58793969849246,8.661397439458598,90.0,107.8682,127.6,19.731799999999993,121.27407939698493,6.6018903563041285,127.6,722.66,1234.93,512.2700000000001,894.3043718592965,172.50690639125276,722.66,11.0,16.0,5.0,14.517587939698492,1.73227948789172,16.0,5.0,5.0,0.0,5.0,0.0,5.0,138.0,145.0,7.0,139.9748743718593,2.474684982702459,138.0,1.93,2.1,0.17000000000000015,2.0455778894472365,0.05691775460215636,2.1,1.0,2.0,1.0,1.7537688442211057,0.3712027474053684,2.0,0.0,4.0,4.0,2.763819095477387,1.3610767404863513,4.0,10.0,10.0,0.0,10.0,0.0,10.0,0.0,0.0,0.0,0.0,0.0,0.0,11.0,16.0,5.0,14.517587939698492,1.73227948789172,16.0,0.0,1.0,1.0,0.24623115577889446,0.3712027474053685,0.0,0.0,3.0,3.0,1.7587939698492463,0.8661397439458599,2.0,0.0,0.0,0.0,0.0,0.0,0.0,0.0,0.0,0.0,0.0,0.0,0.0,1.0,3.0,2.0,2.0050251256281406,0.49998737405621063,2.0,16.33,34.7633333333,18.4333333333,29.419614740351758,6.446141932434534,34.7633333333,0.0,0.464,0.464,0.23316582914572864,0.23199414156208178,0.464,0.0,0.0,0.0,0.0,0.0,0.0,152.0,225.0,73.0,173.4924623115578,25.36552107270019,152.0,1.7537688442211057,2.763819095477387,10.0,0.0,0.12080304603669091,0.19037729318103153,0.6888196607822776,0.0,8.629923216940622,0.11149797570850219,0.02,1.0,0.0,0.24623115577889446,0.25125628140703515,0.5025125628140703,300.0,,
d3ee01033c.pdf,10.1039/d3ee01033c,AgSbTe2,Ag0.97SbTe2,Ag0.97SbTe2,Ag vacancy,0.03,Ag,,Ag vacancy (0.03) @ Ag site,figure,Fig. 4c,Visually estimated from Fig. 4c,209.99999999999997,uV/K,False,47.0,52.0,5.0,50.52644836272041,1.7232518447550556,52.0,65.0,90.0,25.0,82.63224181360202,8.61625922377529,90.0,107.8682,127.6,19.731799999999993,121.30784735516373,6.567485105546001,127.6,722.66,1234.93,512.2700000000001,893.4463727959699,172.07694992037258,722.66,11.0,16.0,5.0,14.526448362720405,1.7232518447550573,16.0,5.0,5.0,0.0,5.000000000000001,8.881784197001252e-16,5.0,138.0,145.0,7.0,139.96221662468514,2.4617883496500848,138.0,1.93,2.1,0.17000000000000015,2.045869017632242,0.05662113204195182,2.1,1.0,2.0,1.0,1.7556675062972293,0.3692682524475125,2.0,0.0,4.0,4.0,2.770780856423174,1.353983592307546,4.0,10.0,10.0,0.0,10.000000000000002,1.7763568394002505e-15,10.0,0.0,0.0,0.0,0.0,0.0,0.0,11.0,16.0,5.0,14.526448362720405,1.7232518447550573,16.0,0.0,1.0,1.0,0.2443324937027708,0.36926825244751255,0.0,0.0,3.0,3.0,1.7632241813602016,0.8616259223775291,2.0,0.0,0.0,0.0,0.0,0.0,0.0,0.0,0.0,0.0,0.0,0.0,0.0,1.0,3.0,2.0,2.0075566750629723,0.4999714483309963,2.0,16.33,34.7633333333,18.4333333333,29.452586062115866,6.412548352771987,34.7633333333,0.0,0.464,0.464,0.2337531486146096,0.23198675202558233,0.464,0.0,0.0,0.0,0.0,0.0,0.0,152.0,225.0,73.0,173.36272040302268,25.23333058391336,152.0,1.7556675062972293,2.770780856423174,10.000000000000002,0.0,0.12086006589214496,0.19074041962892316,0.6883995144789319,0.0,8.622228559051791,0.11124236252545838,0.03,1.0,0.0,0.2443324937027708,0.2518891687657431,0.5037783375314862,300.0,,
d3nr04584f.pdf,10.1039/d3nr04584f,AgSbTe2,Ag0.91Sb1.09Te2.09,Ag0.91Sb1.09Te2.09,Ag,0.91,Ag,Sb (1.09) @ Sb; Te (2.09) @ Te,Ag (0.91) @ Ag site; Sb (1.09) @ Sb site; Te (2.09) @ Te site,figure,Fig. 3a,Visually estimated from Fig. 3a,300.0,uV/K,False,47.0,52.0,5.0,50.62102689486553,1.611312701382701,52.0,65.0,90.0,25.0,83.10513447432763,8.056563506913516,90.0,107.8682,127.6,19.731799999999993,121.65341369193155,6.134251569514763,127.6,722.66,1234.93,512.2700000000001,884.9060880195599,165.8162953353938,722.66,11.0,16.0,5.0,14.621026894865526,1.611312701382703,16.0,5.0,5.0,0.0,5.0,0.0,5.0,138.0,145.0,7.0,139.8239608801956,2.303274131551111,138.0,1.93,2.1,0.17000000000000015,2.0488508557457212,0.05288717786239923,2.1,1.0,2.0,1.0,1.7775061124694376,0.3459807150841997,2.0,0.0,4.0,4.0,2.8435207823960877,1.2653319862985037,4.0,10.0,10.0,0.0,10.0,0.0,10.0,0.0,0.0,0.0,0.0,0.0,0.0,11.0,16.0,5.0,14.621026894865526,1.611312701382703,16.0,0.0,1.0,1.0,0.22249388753056237,0.34598071508419964,0.0,0.0,3.0,3.0,1.821515892420538,0.8105523042066942,2.0,0.0,0.0,0.0,0.0,0.0,0.0,0.0,0.0,0.0,0.0,0.0,0.0,1.0,3.0,2.0,2.0440097799511,0.5095497994392667,2.0,16.33,34.7633333333,18.4333333333,29.808329258336673,5.997691748208495,34.7633333333,0.0,0.464,0.464,0.23710513447432763,0.23188766207758205,0.464,0.0,0.0,0.0,0.0,0.0,0.0,152.0,225.0,73.0,171.97310513447434,23.59631996461045,152.0,1.7775061124694376,2.8435207823960877,10.0,0.0,0.12157190635451504,0.19448160535117054,0.6839464882943144,0.0,8.562809027947324,0.10755351031535813,0.91,3.0,1.0,0.22249388753056237,0.2665036674816626,0.511002444987775,500.0,0.0,0.0
d3nr04584f.pdf,10.1039/d3nr04584f,AgSbTe2,AgSbTe2,AgSbTe2,,,,,,figure,Fig. 3a,Visually estimated from Fig. 3a,250.0,uV/K,False,47.0,52.0,5.0,50.5,1.75,52.0,65.0,90.0,25.0,82.5,8.75,90.0,107.8682,127.6,19.731799999999993,121.20705,6.669425,127.6,722.66,1234.93,512.2700000000001,896.0074999999999,173.34750000000003,722.66,11.0,16.0,5.0,14.5,1.75,16.0,5.0,5.0,0.0,5.0,0.0,5.0,138.0,145.0,7.0,140.0,2.5,138.0,1.93,2.1,0.17000000000000015,2.045,0.05750000000000005,2.1,1.0,2.0,1.0,1.75,0.375,2.0,0.0,4.0,4.0,2.75,1.375,4.0,10.0,10.0,0.0,10.0,0.0,10.0,0.0,0.0,0.0,0.0,0.0,0.0,11.0,16.0,5.0,14.5,1.75,16.0,0.0,1.0,1.0,0.25,0.375,0.0,0.0,3.0,3.0,1.75,0.875,2.0,0.0,0.0,0.0,0.0,0.0,0.0,0.0,0.0,0.0,0.0,0.0,0.0,1.0,3.0,2.0,2.0,0.5,2.0,16.33,34.7633333333,18.4333333333,29.35416666665,6.512083333324999,34.7633333333,0.0,0.464,0.464,0.232,0.232,0.464,0.0,0.0,0.0,0.0,0.0,0.0,152.0,225.0,73.0,173.75,25.625,152.0,1.75,2.75,10.0,0.0,0.1206896551724138,0.1896551724137931,0.6896551724137931,0.0,8.644719482306641,0.11200000000000014,,0.0,0.0,0.25,0.25,0.5,500.0,,
d4cp01171f.pdf,10.1039/d4cp01171f,AgSbTe2,Ag0.927Sb1.07Te2.005,Ag0.927Sb1.07Te2.005,Ag,0.927,Ag,Sb (1.07) @ Sb,Ag (0.927) @ Ag site; Sb (1.07) @ Sb site,body text,,,250.99999999999997,uV/K,False,47.0,52.0,5.0,50.574462768615696,1.655935525490626,52.0,65.0,90.0,25.0,82.87231384307846,8.279677627453141,90.0,107.8682,127.6,19.731799999999993,121.46802133933033,6.3003670072759705,127.6,722.66,1234.93,512.2700000000001,889.7446301849077,167.41863244414776,722.66,11.0,16.0,5.0,14.574462768615692,1.6559355254906278,16.0,5.0,5.0,0.0,5.0,0.0,5.0,138.0,145.0,7.0,139.8888055972014,2.367854678357979,138.0,1.93,2.1,0.17000000000000015,2.047253873063468,0.05432001015983769,2.1,1.0,2.0,1.0,1.7683658170914545,0.35595957643367215,2.0,0.0,4.0,4.0,2.806096951524238,1.2999759490569558,4.0,10.0,10.0,0.0,10.0,0.0,10.0,0.0,0.0,0.0,0.0,0.0,0.0,11.0,16.0,5.0,14.574462768615692,1.6559355254906278,16.0,0.0,1.0,1.0,0.23163418290854576,0.35595957643367226,0.0,0.0,3.0,3.0,1.804097951024488,0.8357815095450775,2.0,0.0,0.0,0.0,0.0,0.0,0.0,0.0,0.0,0.0,0.0,0.0,0.0,1.0,3.0,2.0,2.035732133933034,0.5156254955980283,2.0,16.33,34.7633333333,18.4333333333,29.637079793419915,6.164749109695282,34.7633333333,0.0,0.464,0.464,0.23246376811594205,0.23199907292730448,0.464,0.0,0.0,0.0,0.0,0.0,0.0,152.0,225.0,73.0,172.65242378810598,24.25097608616983,152.0,1.7683658170914545,2.806096951524238,10.0,0.0,0.12133317331596002,0.19253518953486382,0.6861316371491761,0.0,8.62829644673765,0.10854199714764695,0.927,2.0,1.0,0.23163418290854576,0.26736631684157924,0.500999500249875,300.0,0.0,0.0
d4cp01171f.pdf,10.1039/d4cp01171f,AgSbTe2,Ag0.927Sb1.07Te2.005,Ag0.927Sb1.07Te2.005,Ag,0.927,Ag,Sb (1.07) @ Sb,Ag (0.927) @ Ag site; Sb (1.07) @ Sb site,figure,Fig. 5c,Visually estimated from Fig. 5c,0.0,uV/K,False,47.0,52.0,5.0,50.574462768615696,1.655935525490626,52.0,65.0,90.0,25.0,82.87231384307846,8.279677627453141,90.0,107.8682,127.6,19.731799999999993,121.46802133933033,6.3003670072759705,127.6,722.66,1234.93,512.2700000000001,889.7446301849077,167.41863244414776,722.66,11.0,16.0,5.0,14.574462768615692,1.6559355254906278,16.0,5.0,5.0,0.0,5.0,0.0,5.0,138.0,145.0,7.0,139.8888055972014,2.367854678357979,138.0,1.93,2.1,0.17000000000000015,2.047253873063468,0.05432001015983769,2.1,1.0,2.0,1.0,1.7683658170914545,0.35595957643367215,2.0,0.0,4.0,4.0,2.806096951524238,1.2999759490569558,4.0,10.0,10.0,0.0,10.0,0.0,10.0,0.0,0.0,0.0,0.0,0.0,0.0,11.0,16.0,5.0,14.574462768615692,1.6559355254906278,16.0,0.0,1.0,1.0,0.23163418290854576,0.35595957643367226,0.0,0.0,3.0,3.0,1.804097951024488,0.8357815095450775,2.0,0.0,0.0,0.0,0.0,0.0,0.0,0.0,0.0,0.0,0.0,0.0,0.0,1.0,3.0,2.0,2.035732133933034,0.5156254955980283,2.0,16.33,34.7633333333,18.4333333333,29.637079793419915,6.164749109695282,34.7633333333,0.0,0.464,0.464,0.23246376811594205,0.23199907292730448,0.464,0.0,0.0,0.0,0.0,0.0,0.0,152.0,225.0,73.0,172.65242378810598,24.25097608616983,152.0,1.7683658170914545,2.806096951524238,10.0,0.0,0.12133317331596002,0.19253518953486382,0.6861316371491761,0.0,8.62829644673765,0.10854199714764695,0.927,2.0,1.0,0.23163418290854576,0.26736631684157924,0.500999500249875,0.0,0.0,0.0
d4cp01171f.pdf,10.1039/d4cp01171f,AgSbTe2,Ag0.927Sb1.07Te2.005,Ag0.927Sb1.07Te2.005,Ag,0.927,Ag,Sb (1.07) @ Sb,Ag (0.927) @ Ag site; Sb (1.07) @ Sb site,figure,Fig. 5c,Visually estimated from Fig. 5c,49.99999999999999,uV/K,False,47.0,52.0,5.0,50.574462768615696,1.655935525490626,52.0,65.0,90.0,25.0,82.87231384307846,8.279677627453141,90.0,107.8682,127.6,19.731799999999993,121.46802133933033,6.3003670072759705,127.6,722.66,1234.93,512.2700000000001,889.7446301849077,167.41863244414776,722.66,11.0,16.0,5.0,14.574462768615692,1.6559355254906278,16.0,5.0,5.0,0.0,5.0,0.0,5.0,138.0,145.0,7.0,139.8888055972014,2.367854678357979,138.0,1.93,2.1,0.17000000000000015,2.047253873063468,0.05432001015983769,2.1,1.0,2.0,1.0,1.7683658170914545,0.35595957643367215,2.0,0.0,4.0,4.0,2.806096951524238,1.2999759490569558,4.0,10.0,10.0,0.0,10.0,0.0,10.0,0.0,0.0,0.0,0.0,0.0,0.0,11.0,16.0,5.0,14.574462768615692,1.6559355254906278,16.0,0.0,1.0,1.0,0.23163418290854576,0.35595957643367226,0.0,0.0,3.0,3.0,1.804097951024488,0.8357815095450775,2.0,0.0,0.0,0.0,0.0,0.0,0.0,0.0,0.0,0.0,0.0,0.0,0.0,1.0,3.0,2.0,2.035732133933034,0.5156254955980283,2.0,16.33,34.7633333333,18.4333333333,29.637079793419915,6.164749109695282,34.7633333333,0.0,0.464,0.464,0.23246376811594205,0.23199907292730448,0.464,0.0,0.0,0.0,0.0,0.0,0.0,152.0,225.0,73.0,172.65242378810598,24.25097608616983,152.0,1.7683658170914545,2.806096951524238,10.0,0.0,0.12133317331596002,0.19253518953486382,0.6861316371491761,0.0,8.62829644673765,0.10854199714764695,0.927,2.0,1.0,0.23163418290854576,0.26736631684157924,0.500999500249875,50.0,0.0,0.0
d4cp01171f.pdf,10.1039/d4cp01171f,AgSbTe2,Ag0.927Sb1.07Te2.005,Ag0.927Sb1.07Te2.005,Ag,0.927,Ag,Sb (1.07) @ Sb,Ag (0.927) @ Ag site; Sb (1.07) @ Sb site,figure,Fig. 5c,Visually estimated from Fig. 5c,100.0,uV/K,False,47.0,52.0,5.0,50.574462768615696,1.655935525490626,52.0,65.0,90.0,25.0,82.87231384307846,8.279677627453141,90.0,107.8682,127.6,19.731799999999993,121.46802133933033,6.3003670072759705,127.6,722.66,1234.93,512.2700000000001,889.7446301849077,167.41863244414776,722.66,11.0,16.0,5.0,14.574462768615692,1.6559355254906278,16.0,5.0,5.0,0.0,5.0,0.0,5.0,138.0,145.0,7.0,139.8888055972014,2.367854678357979,138.0,1.93,2.1,0.17000000000000015,2.047253873063468,0.05432001015983769,2.1,1.0,2.0,1.0,1.7683658170914545,0.35595957643367215,2.0,0.0,4.0,4.0,2.806096951524238,1.2999759490569558,4.0,10.0,10.0,0.0,10.0,0.0,10.0,0.0,0.0,0.0,0.0,0.0,0.0,11.0,16.0,5.0,14.574462768615692,1.6559355254906278,16.0,0.0,1.0,1.0,0.23163418290854576,0.35595957643367226,0.0,0.0,3.0,3.0,1.804097951024488,0.8357815095450775,2.0,0.0,0.0,0.0,0.0,0.0,0.0,0.0,0.0,0.0,0.0,0.0,0.0,1.0,3.0,2.0,2.035732133933034,0.5156254955980283,2.0,16.33,34.7633333333,18.4333333333,29.637079793419915,6.164749109695282,34.7633333333,0.0,0.464,0.464,0.23246376811594205,0.23199907292730448,0.464,0.0,0.0,0.0,0.0,0.0,0.0,152.0,225.0,73.0,172.65242378810598,24.25097608616983,152.0,1.7683658170914545,2.806096951524238,10.0,0.0,0.12133317331596002,0.19253518953486382,0.6861316371491761,0.0,8.62829644673765,0.10854199714764695,0.927,2.0,1.0,0.23163418290854576,0.26736631684157924,0.500999500249875,100.0,0.0,0.0
d4cp01171f.pdf,10.1039/d4cp01171f,AgSbTe2,Ag0.927Sb1.07Te2.005,Ag0.927Sb1.07Te2.005,Ag,0.927,Ag,Sb (1.07) @ Sb,Ag (0.927) @ Ag site; Sb (1.07) @ Sb site,figure,Fig. 5c,Visually estimated from Fig. 5c,150.0,uV/K,False,47.0,52.0,5.0,50.574462768615696,1.655935525490626,52.0,65.0,90.0,25.0,82.87231384307846,8.279677627453141,90.0,107.8682,127.6,19.731799999999993,121.46802133933033,6.3003670072759705,127.6,722.66,1234.93,512.2700000000001,889.7446301849077,167.41863244414776,722.66,11.0,16.0,5.0,14.574462768615692,1.6559355254906278,16.0,5.0,5.0,0.0,5.0,0.0,5.0,138.0,145.0,7.0,139.8888055972014,2.367854678357979,138.0,1.93,2.1,0.17000000000000015,2.047253873063468,0.05432001015983769,2.1,1.0,2.0,1.0,1.7683658170914545,0.35595957643367215,2.0,0.0,4.0,4.0,2.806096951524238,1.2999759490569558,4.0,10.0,10.0,0.0,10.0,0.0,10.0,0.0,0.0,0.0,0.0,0.0,0.0,11.0,16.0,5.0,14.574462768615692,1.6559355254906278,16.0,0.0,1.0,1.0,0.23163418290854576,0.35595957643367226,0.0,0.0,3.0,3.0,1.804097951024488,0.8357815095450775,2.0,0.0,0.0,0.0,0.0,0.0,0.0,0.0,0.0,0.0,0.0,0.0,0.0,1.0,3.0,2.0,2.035732133933034,0.5156254955980283,2.0,16.33,34.7633333333,18.4333333333,29.637079793419915,6.164749109695282,34.7633333333,0.0,0.464,0.464,0.23246376811594205,0.23199907292730448,0.464,0.0,0.0,0.0,0.0,0.0,0.0,152.0,225.0,73.0,172.65242378810598,24.25097608616983,152.0,1.7683658170914545,2.806096951524238,10.0,0.0,0.12133317331596002,0.19253518953486382,0.6861316371491761,0.0,8.62829644673765,0.10854199714764695,0.927,2.0,1.0,0.23163418290854576,0.26736631684157924,0.500999500249875,150.0,0.0,0.0
d4cp01171f.pdf,10.1039/d4cp01171f,AgSbTe2,Ag0.927Sb1.07Te2.005,Ag0.927Sb1.07Te2.005,Ag,0.927,Ag,Sb (1.07) @ Sb,Ag (0.927) @ Ag site; Sb (1.07) @ Sb site,figure,Fig. 5c,Visually estimated from Fig. 5c,199.99999999999997,uV/K,False,47.0,52.0,5.0,50.574462768615696,1.655935525490626,52.0,65.0,90.0,25.0,82.87231384307846,8.279677627453141,90.0,107.8682,127.6,19.731799999999993,121.46802133933033,6.3003670072759705,127.6,722.66,1234.93,512.2700000000001,889.7446301849077,167.41863244414776,722.66,11.0,16.0,5.0,14.574462768615692,1.6559355254906278,16.0,5.0,5.0,0.0,5.0,0.0,5.0,138.0,145.0,7.0,139.8888055972014,2.367854678357979,138.0,1.93,2.1,0.17000000000000015,2.047253873063468,0.05432001015983769,2.1,1.0,2.0,1.0,1.7683658170914545,0.35595957643367215,2.0,0.0,4.0,4.0,2.806096951524238,1.2999759490569558,4.0,10.0,10.0,0.0,10.0,0.0,10.0,0.0,0.0,0.0,0.0,0.0,0.0,11.0,16.0,5.0,14.574462768615692,1.6559355254906278,16.0,0.0,1.0,1.0,0.23163418290854576,0.35595957643367226,0.0,0.0,3.0,3.0,1.804097951024488,0.8357815095450775,2.0,0.0,0.0,0.0,0.0,0.0,0.0,0.0,0.0,0.0,0.0,0.0,0.0,1.0,3.0,2.0,2.035732133933034,0.5156254955980283,2.0,16.33,34.7633333333,18.4333333333,29.637079793419915,6.164749109695282,34.7633333333,0.0,0.464,0.464,0.23246376811594205,0.23199907292730448,0.464,0.0,0.0,0.0,0.0,0.0,0.0,152.0,225.0,73.0,172.65242378810598,24.25097608616983,152.0,1.7683658170914545,2.806096951524238,10.0,0.0,0.12133317331596002,0.19253518953486382,0.6861316371491761,0.0,8.62829644673765,0.10854199714764695,0.927,2.0,1.0,0.23163418290854576,0.26736631684157924,0.500999500249875,200.0,0.0,0.0
d4cp01171f.pdf,10.1039/d4cp01171f,AgSbTe2,Ag0.927Sb1.07Te2.005,Ag0.927Sb1.07Te2.005,Ag,0.927,Ag,Sb (1.07) @ Sb,Ag (0.927) @ Ag site; Sb (1.07) @ Sb site,figure,Fig. 5c,Visually estimated from Fig. 5c,250.0,uV/K,False,47.0,52.0,5.0,50.574462768615696,1.655935525490626,52.0,65.0,90.0,25.0,82.87231384307846,8.279677627453141,90.0,107.8682,127.6,19.731799999999993,121.46802133933033,6.3003670072759705,127.6,722.66,1234.93,512.2700000000001,889.7446301849077,167.41863244414776,722.66,11.0,16.0,5.0,14.574462768615692,1.6559355254906278,16.0,5.0,5.0,0.0,5.0,0.0,5.0,138.0,145.0,7.0,139.8888055972014,2.367854678357979,138.0,1.93,2.1,0.17000000000000015,2.047253873063468,0.05432001015983769,2.1,1.0,2.0,1.0,1.7683658170914545,0.35595957643367215,2.0,0.0,4.0,4.0,2.806096951524238,1.2999759490569558,4.0,10.0,10.0,0.0,10.0,0.0,10.0,0.0,0.0,0.0,0.0,0.0,0.0,11.0,16.0,5.0,14.574462768615692,1.6559355254906278,16.0,0.0,1.0,1.0,0.23163418290854576,0.35595957643367226,0.0,0.0,3.0,3.0,1.804097951024488,0.8357815095450775,2.0,0.0,0.0,0.0,0.0,0.0,0.0,0.0,0.0,0.0,0.0,0.0,0.0,1.0,3.0,2.0,2.035732133933034,0.5156254955980283,2.0,16.33,34.7633333333,18.4333333333,29.637079793419915,6.164749109695282,34.7633333333,0.0,0.464,0.464,0.23246376811594205,0.23199907292730448,0.464,0.0,0.0,0.0,0.0,0.0,0.0,152.0,225.0,73.0,172.65242378810598,24.25097608616983,152.0,1.7683658170914545,2.806096951524238,10.0,0.0,0.12133317331596002,0.19253518953486382,0.6861316371491761,0.0,8.62829644673765,0.10854199714764695,0.927,2.0,1.0,0.23163418290854576,0.26736631684157924,0.500999500249875,300.0,0.0,0.0
d5dt01185j.pdf,10.1039/d5dt01185j,Ba2.75Pb1.1Sb4.1Se10-deltaTe_delta,Ba2.75Pb1.1Sb4.1Se8Te2,Ba2.75Pb1.1Sb4.1Se8Te2,Te,δ = 2,Te,,Te (δ = 2) @ Te site,body text,,,69.6,uV/K,False,34.0,82.0,48.0,46.200557103064064,10.875148392703347,34.0,9.0,90.0,81.0,75.45125348189414,20.361108309215485,89.0,78.96,207.2,128.24,110.95628133704734,28.520362194582603,78.96,494.0,1000.0,506.0,697.1303064066852,192.89301262404854,494.0,2.0,16.0,14.0,13.5041782729805,3.524957130996812,16.0,4.0,6.0,2.0,4.768802228412256,0.6852833233758274,4.0,120.0,215.0,95.0,142.49303621169918,22.646441290803153,120.0,0.89,2.55,1.6599999999999997,2.117855153203343,0.4111997889525996,2.55,2.0,2.0,0.0,2.0,0.0,2.0,0.0,4.0,4.0,3.0362116991643457,1.073858831014657,4.0,0.0,10.0,10.0,8.467966573816156,2.594641568578766,10.0,0.0,14.0,14.0,0.8579387186629528,1.610726173757187,0.0,2.0,28.0,26.0,14.362116991643456,3.787835289918607,16.0,0.0,0.0,0.0,0.0,0.0,0.0,0.0,4.0,4.0,2.0445682451253484,0.6761275905680435,2.0,0.0,0.0,0.0,0.0,0.0,0.0,0.0,0.0,0.0,0.0,0.0,0.0,0.0,4.0,4.0,2.0445682451253484,0.6761275905680435,2.0,25.92,63.59,37.67,34.098950789225626,9.184306453234349,25.92,0.0,0.799,0.799,0.407799442896936,0.3612262474685951,0.799,0.0,0.0,0.0,0.0,0.0,0.0,14.0,229.0,215.0,109.96378830083566,85.53875280297329,14.0,2.0,3.0362116991643457,8.467966573816156,0.8579387186629528,0.13925523661753295,0.21140418929402638,0.5896043444530643,0.05973622963537627,11.644243040740827,0.7726778059662321,0.02,1.0,0.0,0.0,0.22841225626740946,0.11142061281337048,300.0,0.0,0.0
d5dt01185j.pdf,10.1039/d5dt01185j,Ba2.75Pb1.1Sb4.1Se10-deltaTe_delta,Ba2.75Pb1.1Sb4.1Se8Te2,Ba2.75Pb1.1Sb4.1Se8Te2,Te,δ = 2,Te,,Te (δ = 2) @ Te site,body text,,,104.0,uV/K,False,34.0,82.0,48.0,46.200557103064064,10.875148392703347,34.0,9.0,90.0,81.0,75.45125348189414,20.361108309215485,89.0,78.96,207.2,128.24,110.95628133704734,28.520362194582603,78.96,494.0,1000.0,506.0,697.1303064066852,192.89301262404854,494.0,2.0,16.0,14.0,13.5041782729805,3.524957130996812,16.0,4.0,6.0,2.0,4.768802228412256,0.6852833233758274,4.0,120.0,215.0,95.0,142.49303621169918,22.646441290803153,120.0,0.89,2.55,1.6599999999999997,2.117855153203343,0.4111997889525996,2.55,2.0,2.0,0.0,2.0,0.0,2.0,0.0,4.0,4.0,3.0362116991643457,1.073858831014657,4.0,0.0,10.0,10.0,8.467966573816156,2.594641568578766,10.0,0.0,14.0,14.0,0.8579387186629528,1.610726173757187,0.0,2.0,28.0,26.0,14.362116991643456,3.787835289918607,16.0,0.0,0.0,0.0,0.0,0.0,0.0,0.0,4.0,4.0,2.0445682451253484,0.6761275905680435,2.0,0.0,0.0,0.0,0.0,0.0,0.0,0.0,0.0,0.0,0.0,0.0,0.0,0.0,4.0,4.0,2.0445682451253484,0.6761275905680435,2.0,25.92,63.59,37.67,34.098950789225626,9.184306453234349,25.92,0.0,0.799,0.799,0.407799442896936,0.3612262474685951,0.799,0.0,0.0,0.0,0.0,0.0,0.0,14.0,229.0,215.0,109.96378830083566,85.53875280297329,14.0,2.0,3.0362116991643457,8.467966573816156,0.8579387186629528,0.13925523661753295,0.21140418929402638,0.5896043444530643,0.05973622963537627,11.644243040740827,0.7726778059662321,0.02,1.0,0.0,0.0,0.22841225626740946,0.11142061281337048,773.0,0.0,0.0
ed81045f677092e8679784819bd15f32.pdf,10.30546/209501.2024.1.3.077,AgSbTe2-PbTe,(AgSbTe2)0.8(PbTe)0.2,(AgSbTe2)0.8(PbTe)0.2,Pb,0.2,multiple sites,,Pb (0.2) @ multiple sites site,figure,Fig. 2,Visually estimated from Fig. 2,54.99999999999999,uV/K,False,47.0,82.0,35.0,52.33333333333333,3.296296296296292,52.0,65.0,90.0,25.0,82.83333333333331,8.129629629629637,90.0,107.8682,207.2,99.33179999999999,126.33959999999999,10.244888888888886,127.6,600.61,1234.93,634.32,869.966111111111,177.23456790123456,722.66,11.0,16.0,5.0,14.555555555555554,1.6419753086419762,16.0,5.0,6.0,1.0,5.0555555555555545,0.1049382716049373,5.0,138.0,146.0,8.0,140.2222222222222,2.765432098765422,138.0,1.93,2.33,0.40000000000000013,2.0638888888888887,0.06567901234567913,2.1,1.0,2.0,1.0,1.7777777777777777,0.34567901234567905,2.0,0.0,4.0,4.0,2.7777777777777777,1.3209876543209877,4.0,10.0,10.0,0.0,9.999999999999998,1.7763568394002505e-15,10.0,0.0,14.0,14.0,0.7777777777777778,1.4691358024691359,0.0,11.0,28.0,17.0,15.333333333333332,2.074074074074074,16.0,0.0,1.0,1.0,0.2222222222222222,0.345679012345679,0.0,0.0,4.0,4.0,1.8888888888888886,0.8395061728395063,2.0,0.0,0.0,0.0,0.0,0.0,0.0,0.0,0.0,0.0,0.0,0.0,0.0,1.0,4.0,3.0,2.111111111111111,0.6049382716049383,2.0,16.33,34.7633333333,18.4333333333,29.585555555538885,6.0553086419660485,34.7633333333,0.0,0.464,0.464,0.23199999999999998,0.23199999999999998,0.464,0.0,0.0,0.0,0.0,0.0,0.0,152.0,225.0,73.0,175.38888888888889,27.561728395061728,152.0,1.7777777777777777,2.7777777777777777,9.999999999999998,0.7777777777777778,0.11594202898550725,0.18115942028985507,0.6521739130434782,0.050724637681159424,9.774720397088396,0.13933333333333348,0.2,1.0,0.0,0.2222222222222222,0.2222222222222222,0.49999999999999994,80.0,,
ed81045f677092e8679784819bd15f32.pdf,10.30546/209501.2024.1.3.077,AgSbTe2-PbTe,(AgSbTe2)0.8(PbTe)0.2,(AgSbTe2)0.8(PbTe)0.2,Pb,0.2,multiple sites,,Pb (0.2) @ multiple sites site,figure,Fig. 2,Visually estimated from Fig. 2,59.99999999999999,uV/K,False,47.0,82.0,35.0,52.33333333333333,3.296296296296292,52.0,65.0,90.0,25.0,82.83333333333331,8.129629629629637,90.0,107.8682,207.2,99.33179999999999,126.33959999999999,10.244888888888886,127.6,600.61,1234.93,634.32,869.966111111111,177.23456790123456,722.66,11.0,16.0,5.0,14.555555555555554,1.6419753086419762,16.0,5.0,6.0,1.0,5.0555555555555545,0.1049382716049373,5.0,138.0,146.0,8.0,140.2222222222222,2.765432098765422,138.0,1.93,2.33,0.40000000000000013,2.0638888888888887,0.06567901234567913,2.1,1.0,2.0,1.0,1.7777777777777777,0.34567901234567905,2.0,0.0,4.0,4.0,2.7777777777777777,1.3209876543209877,4.0,10.0,10.0,0.0,9.999999999999998,1.7763568394002505e-15,10.0,0.0,14.0,14.0,0.7777777777777778,1.4691358024691359,0.0,11.0,28.0,17.0,15.333333333333332,2.074074074074074,16.0,0.0,1.0,1.0,0.2222222222222222,0.345679012345679,0.0,0.0,4.0,4.0,1.8888888888888886,0.8395061728395063,2.0,0.0,0.0,0.0,0.0,0.0,0.0,0.0,0.0,0.0,0.0,0.0,0.0,1.0,4.0,3.0,2.111111111111111,0.6049382716049383,2.0,16.33,34.7633333333,18.4333333333,29.585555555538885,6.0553086419660485,34.7633333333,0.0,0.464,0.464,0.23199999999999998,0.23199999999999998,0.464,0.0,0.0,0.0,0.0,0.0,0.0,152.0,225.0,73.0,175.38888888888889,27.561728395061728,152.0,1.7777777777777777,2.7777777777777777,9.999999999999998,0.7777777777777778,0.11594202898550725,0.18115942028985507,0.6521739130434782,0.050724637681159424,9.774720397088396,0.13933333333333348,0.2,1.0,0.0,0.2222222222222222,0.2222222222222222,0.49999999999999994,200.0,,
ed81045f677092e8679784819bd15f32.pdf,10.30546/209501.2024.1.3.077,AgSbTe2-PbTe,(AgSbTe2)0.8(PbTe)0.2,(AgSbTe2)0.8(PbTe)0.2,Pb,0.2,multiple sites,,Pb (0.2) @ multiple sites site,figure,Fig. 2,Visually estimated from Fig. 2,65.0,uV/K,False,47.0,82.0,35.0,52.33333333333333,3.296296296296292,52.0,65.0,90.0,25.0,82.83333333333331,8.129629629629637,90.0,107.8682,207.2,99.33179999999999,126.33959999999999,10.244888888888886,127.6,600.61,1234.93,634.32,869.966111111111,177.23456790123456,722.66,11.0,16.0,5.0,14.555555555555554,1.6419753086419762,16.0,5.0,6.0,1.0,5.0555555555555545,0.1049382716049373,5.0,138.0,146.0,8.0,140.2222222222222,2.765432098765422,138.0,1.93,2.33,0.40000000000000013,2.0638888888888887,0.06567901234567913,2.1,1.0,2.0,1.0,1.7777777777777777,0.34567901234567905,2.0,0.0,4.0,4.0,2.7777777777777777,1.3209876543209877,4.0,10.0,10.0,0.0,9.999999999999998,1.7763568394002505e-15,10.0,0.0,14.0,14.0,0.7777777777777778,1.4691358024691359,0.0,11.0,28.0,17.0,15.333333333333332,2.074074074074074,16.0,0.0,1.0,1.0,0.2222222222222222,0.345679012345679,0.0,0.0,4.0,4.0,1.8888888888888886,0.8395061728395063,2.0,0.0,0.0,0.0,0.0,0.0,0.0,0.0,0.0,0.0,0.0,0.0,0.0,1.0,4.0,3.0,2.111111111111111,0.6049382716049383,2.0,16.33,34.7633333333,18.4333333333,29.585555555538885,6.0553086419660485,34.7633333333,0.0,0.464,0.464,0.23199999999999998,0.23199999999999998,0.464,0.0,0.0,0.0,0.0,0.0,0.0,152.0,225.0,73.0,175.38888888888889,27.561728395061728,152.0,1.7777777777777777,2.7777777777777777,9.999999999999998,0.7777777777777778,0.11594202898550725,0.18115942028985507,0.6521739130434782,0.050724637681159424,9.774720397088396,0.13933333333333348,0.2,1.0,0.0,0.2222222222222222,0.2222222222222222,0.49999999999999994,300.0,,
ed81045f677092e8679784819bd15f32.pdf,10.30546/209501.2024.1.3.077,AgSbTe2-PbTe,(AgSbTe2)0.8(PbTe)0.2,(AgSbTe2)0.8(PbTe)0.2,Pb,0.2,multiple sites,,Pb (0.2) @ multiple sites site,figure,Fig. 2,Visually estimated from Fig. 2,122.0,uV/K,False,47.0,82.0,35.0,52.33333333333333,3.296296296296292,52.0,65.0,90.0,25.0,82.83333333333331,8.129629629629637,90.0,107.8682,207.2,99.33179999999999,126.33959999999999,10.244888888888886,127.6,600.61,1234.93,634.32,869.966111111111,177.23456790123456,722.66,11.0,16.0,5.0,14.555555555555554,1.6419753086419762,16.0,5.0,6.0,1.0,5.0555555555555545,0.1049382716049373,5.0,138.0,146.0,8.0,140.2222222222222,2.765432098765422,138.0,1.93,2.33,0.40000000000000013,2.0638888888888887,0.06567901234567913,2.1,1.0,2.0,1.0,1.7777777777777777,0.34567901234567905,2.0,0.0,4.0,4.0,2.7777777777777777,1.3209876543209877,4.0,10.0,10.0,0.0,9.999999999999998,1.7763568394002505e-15,10.0,0.0,14.0,14.0,0.7777777777777778,1.4691358024691359,0.0,11.0,28.0,17.0,15.333333333333332,2.074074074074074,16.0,0.0,1.0,1.0,0.2222222222222222,0.345679012345679,0.0,0.0,4.0,4.0,1.8888888888888886,0.8395061728395063,2.0,0.0,0.0,0.0,0.0,0.0,0.0,0.0,0.0,0.0,0.0,0.0,0.0,1.0,4.0,3.0,2.111111111111111,0.6049382716049383,2.0,16.33,34.7633333333,18.4333333333,29.585555555538885,6.0553086419660485,34.7633333333,0.0,0.464,0.464,0.23199999999999998,0.23199999999999998,0.464,0.0,0.0,0.0,0.0,0.0,0.0,152.0,225.0,73.0,175.38888888888889,27.561728395061728,152.0,1.7777777777777777,2.7777777777777777,9.999999999999998,0.7777777777777778,0.11594202898550725,0.18115942028985507,0.6521739130434782,0.050724637681159424,9.774720397088396,0.13933333333333348,0.2,1.0,0.0,0.2222222222222222,0.2222222222222222,0.49999999999999994,410.0,,
ed81045f677092e8679784819bd15f32.pdf,10.30546/209501.2024.1.3.077,AgSbTe2-PbTe,(AgSbTe2)0.8(PbTe)0.2,(AgSbTe2)0.8(PbTe)0.2,Pb,0.2,multiple sites,,Pb (0.2) @ multiple sites site,figure,Fig. 2,Visually estimated from Fig. 2,105.0,uV/K,False,47.0,82.0,35.0,52.33333333333333,3.296296296296292,52.0,65.0,90.0,25.0,82.83333333333331,8.129629629629637,90.0,107.8682,207.2,99.33179999999999,126.33959999999999,10.244888888888886,127.6,600.61,1234.93,634.32,869.966111111111,177.23456790123456,722.66,11.0,16.0,5.0,14.555555555555554,1.6419753086419762,16.0,5.0,6.0,1.0,5.0555555555555545,0.1049382716049373,5.0,138.0,146.0,8.0,140.2222222222222,2.765432098765422,138.0,1.93,2.33,0.40000000000000013,2.0638888888888887,0.06567901234567913,2.1,1.0,2.0,1.0,1.7777777777777777,0.34567901234567905,2.0,0.0,4.0,4.0,2.7777777777777777,1.3209876543209877,4.0,10.0,10.0,0.0,9.999999999999998,1.7763568394002505e-15,10.0,0.0,14.0,14.0,0.7777777777777778,1.4691358024691359,0.0,11.0,28.0,17.0,15.333333333333332,2.074074074074074,16.0,0.0,1.0,1.0,0.2222222222222222,0.345679012345679,0.0,0.0,4.0,4.0,1.8888888888888886,0.8395061728395063,2.0,0.0,0.0,0.0,0.0,0.0,0.0,0.0,0.0,0.0,0.0,0.0,0.0,1.0,4.0,3.0,2.111111111111111,0.6049382716049383,2.0,16.33,34.7633333333,18.4333333333,29.585555555538885,6.0553086419660485,34.7633333333,0.0,0.464,0.464,0.23199999999999998,0.23199999999999998,0.464,0.0,0.0,0.0,0.0,0.0,0.0,152.0,225.0,73.0,175.38888888888889,27.561728395061728,152.0,1.7777777777777777,2.7777777777777777,9.999999999999998,0.7777777777777778,0.11594202898550725,0.18115942028985507,0.6521739130434782,0.050724637681159424,9.774720397088396,0.13933333333333348,0.2,1.0,0.0,0.2222222222222222,0.2222222222222222,0.49999999999999994,530.0,,
el3c01653.pdf,10.1021/acsaelm.3c01653,AgSbTe2,Ag0.7Sb1.12Te2,Ag0.7Sb1.12Te2,Ag vacancy,0.3,Ag,Sb (0.12) @ Ag,Ag vacancy (0.3) @ Ag site; Sb (0.12) @ Ag site,body text,,,157.0,uV/K,False,47.0,52.0,5.0,50.79057591623037,1.389216304377621,52.0,65.0,90.0,25.0,83.95287958115182,6.946081521888114,90.0,107.8682,127.6,19.731799999999993,122.27197382198952,5.57908500315232,127.6,722.66,1234.93,512.2700000000001,869.6347120418848,153.90022203338725,722.66,11.0,16.0,5.0,14.790575916230365,1.389216304377622,16.0,5.0,5.0,0.0,5.0,0.0,5.0,138.0,145.0,7.0,139.5759162303665,1.9878841040541624,138.0,1.93,2.1,0.17000000000000015,2.0541884816753924,0.04797017625613345,2.1,1.0,2.0,1.0,1.8167539267015707,0.2993338998382719,2.0,0.0,4.0,4.0,2.9738219895287954,1.0898824045393494,4.0,10.0,10.0,0.0,10.0,0.0,10.0,0.0,0.0,0.0,0.0,0.0,0.0,11.0,16.0,5.0,14.790575916230365,1.389216304377622,16.0,0.0,1.0,1.0,0.1832460732984293,0.2993338998382719,0.0,0.0,3.0,3.0,1.9267015706806283,0.7061209944902825,2.0,0.0,0.0,0.0,0.0,0.0,0.0,0.0,0.0,0.0,0.0,0.0,0.0,1.0,3.0,2.0,2.1099476439790577,0.5219155176667306,2.0,16.33,34.7633333333,18.4333333333,30.446300174502614,5.173513152959075,34.7633333333,0.0,0.464,0.464,0.24293193717277486,0.231484882541597,0.464,0.0,0.0,0.0,0.0,0.0,0.0,152.0,225.0,73.0,169.48167539267016,20.34702996080151,152.0,1.8167539267015707,2.9738219895287954,10.0,0.0,0.12283185840707966,0.20106194690265486,0.6761061946902656,0.0,8.393268458300069,0.10037974683544318,0.3,2.0,1.0,0.1832460732984293,0.29319371727748694,0.5235602094240838,750.0,,
el3c01653.pdf,10.1021/acsaelm.3c01653,AgSbTe2,Ag0.7Sb1.12Te1.95Se0.05,Ag0.7Sb1.12Te1.95Se0.05,Ag vacancy,0.3,Ag,Sb (0.12) @ Ag; Se (0.05) @ Te,Ag vacancy (0.3) @ Ag site; Sb (0.12) @ Ag site; Se (0.05) @ Te site,body text,,,208.99999999999997,uV/K,False,34.0,52.0,18.0,50.554973821989535,1.7362462651791308,52.0,65.0,90.0,25.0,83.93979057591623,6.94128450426249,90.0,78.96,127.6,48.64,121.63532460732984,6.162698144239471,127.6,494.0,1234.93,740.9300000000001,866.641780104712,156.75212576409638,722.66,11.0,16.0,5.0,14.790575916230367,1.3892163043776213,16.0,4.0,5.0,1.0,4.986910994764398,0.02583536635508894,5.0,120.0,145.0,25.0,139.34031413612564,2.074230421315197,138.0,1.93,2.55,0.6199999999999999,2.0600785340314136,0.05358268687810105,2.1,1.0,2.0,1.0,1.8167539267015707,0.299333899838272,2.0,0.0,4.0,4.0,2.973821989528796,1.0898824045393494,4.0,10.0,10.0,0.0,10.000000000000002,1.7763568394002505e-15,10.0,0.0,0.0,0.0,0.0,0.0,0.0,11.0,16.0,5.0,14.790575916230367,1.3892163043776213,16.0,0.0,1.0,1.0,0.18324607329842932,0.29933389983827197,0.0,0.0,3.0,3.0,1.9267015706806283,0.7061209944902826,2.0,0.0,0.0,0.0,0.0,0.0,0.0,0.0,0.0,0.0,0.0,0.0,0.0,1.0,3.0,2.0,2.1099476439790577,0.5219155176667306,2.0,16.33,34.7633333333,18.4333333333,30.330549738202883,5.246550944320498,34.7633333333,0.0,0.799,0.799,0.2473167539267016,0.23566308489350624,0.464,0.0,0.0,0.0,0.0,0.0,0.0,14.0,225.0,211.0,167.67539267015707,21.009018393136152,152.0,1.8167539267015707,2.973821989528796,10.000000000000002,0.0,0.12283185840707964,0.20106194690265486,0.6761061946902656,0.0,8.902178210625811,0.11697556120756401,0.3,3.0,1.0,0.18324607329842932,0.29319371727748694,0.5104712041884817,750.0,,
el3c01653.pdf,10.1021/acsaelm.3c01653,AgSbTe2,Ag0.7Sb1.12Te2,Ag0.7Sb1.12Te2,Ag,0.7,Ag,Sb (1.12) @ Sb,Ag (0.7) @ Ag site; Sb (1.12) @ Sb site,figure,Fig. 6a,Visually estimated from Fig. 6a,150.0,uV/K,False,47.0,52.0,5.0,50.79057591623037,1.389216304377621,52.0,65.0,90.0,25.0,83.95287958115182,6.946081521888114,90.0,107.8682,127.6,19.731799999999993,122.27197382198952,5.57908500315232,127.6,722.66,1234.93,512.2700000000001,869.6347120418848,153.90022203338725,722.66,11.0,16.0,5.0,14.790575916230365,1.389216304377622,16.0,5.0,5.0,0.0,5.0,0.0,5.0,138.0,145.0,7.0,139.5759162303665,1.9878841040541624,138.0,1.93,2.1,0.17000000000000015,2.0541884816753924,0.04797017625613345,2.1,1.0,2.0,1.0,1.8167539267015707,0.2993338998382719,2.0,0.0,4.0,4.0,2.9738219895287954,1.0898824045393494,4.0,10.0,10.0,0.0,10.0,0.0,10.0,0.0,0.0,0.0,0.0,0.0,0.0,11.0,16.0,5.0,14.790575916230365,1.389216304377622,16.0,0.0,1.0,1.0,0.1832460732984293,0.2993338998382719,0.0,0.0,3.0,3.0,1.9267015706806283,0.7061209944902825,2.0,0.0,0.0,0.0,0.0,0.0,0.0,0.0,0.0,0.0,0.0,0.0,0.0,1.0,3.0,2.0,2.1099476439790577,0.5219155176667306,2.0,16.33,34.7633333333,18.4333333333,30.446300174502614,5.173513152959075,34.7633333333,0.0,0.464,0.464,0.24293193717277486,0.231484882541597,0.464,0.0,0.0,0.0,0.0,0.0,0.0,152.0,225.0,73.0,169.48167539267016,20.34702996080151,152.0,1.8167539267015707,2.9738219895287954,10.0,0.0,0.12283185840707966,0.20106194690265486,0.6761061946902656,0.0,8.393268458300069,0.10037974683544318,0.7,2.0,1.0,0.1832460732984293,0.29319371727748694,0.5235602094240838,300.0,0.0,0.0
el3c01653.pdf,10.1021/acsaelm.3c01653,AgSbTe2,Ag0.7Sb1.12Te2,Ag0.7Sb1.12Te2,Ag,0.7,Ag,Sb (1.12) @ Sb,Ag (0.7) @ Ag site; Sb (1.12) @ Sb site,figure,Fig. 6a,Visually estimated from Fig. 6a,250.0,uV/K,False,47.0,52.0,5.0,50.79057591623037,1.389216304377621,52.0,65.0,90.0,25.0,83.95287958115182,6.946081521888114,90.0,107.8682,127.6,19.731799999999993,122.27197382198952,5.57908500315232,127.6,722.66,1234.93,512.2700000000001,869.6347120418848,153.90022203338725,722.66,11.0,16.0,5.0,14.790575916230365,1.389216304377622,16.0,5.0,5.0,0.0,5.0,0.0,5.0,138.0,145.0,7.0,139.5759162303665,1.9878841040541624,138.0,1.93,2.1,0.17000000000000015,2.0541884816753924,0.04797017625613345,2.1,1.0,2.0,1.0,1.8167539267015707,0.2993338998382719,2.0,0.0,4.0,4.0,2.9738219895287954,1.0898824045393494,4.0,10.0,10.0,0.0,10.0,0.0,10.0,0.0,0.0,0.0,0.0,0.0,0.0,11.0,16.0,5.0,14.790575916230365,1.389216304377622,16.0,0.0,1.0,1.0,0.1832460732984293,0.2993338998382719,0.0,0.0,3.0,3.0,1.9267015706806283,0.7061209944902825,2.0,0.0,0.0,0.0,0.0,0.0,0.0,0.0,0.0,0.0,0.0,0.0,0.0,1.0,3.0,2.0,2.1099476439790577,0.5219155176667306,2.0,16.33,34.7633333333,18.4333333333,30.446300174502614,5.173513152959075,34.7633333333,0.0,0.464,0.464,0.24293193717277486,0.231484882541597,0.464,0.0,0.0,0.0,0.0,0.0,0.0,152.0,225.0,73.0,169.48167539267016,20.34702996080151,152.0,1.8167539267015707,2.9738219895287954,10.0,0.0,0.12283185840707966,0.20106194690265486,0.6761061946902656,0.0,8.393268458300069,0.10037974683544318,0.7,2.0,1.0,0.1832460732984293,0.29319371727748694,0.5235602094240838,750.0,0.0,0.0
el3c01653.pdf,10.1021/acsaelm.3c01653,AgSbTe2,Ag0.7Sb1.12Te1.95Se0.05,Ag0.7Sb1.12Te1.95Se0.05,Ag,0.7,Ag,Sb (1.12) @ Sb; Se (0.05) @ Te,Ag (0.7) @ Ag site; Sb (1.12) @ Sb site; Se (0.05) @ Te site,figure,Fig. 6a,Visually estimated from Fig. 6a,100.0,uV/K,False,34.0,52.0,18.0,50.554973821989535,1.7362462651791308,52.0,65.0,90.0,25.0,83.93979057591623,6.94128450426249,90.0,78.96,127.6,48.64,121.63532460732984,6.162698144239471,127.6,494.0,1234.93,740.9300000000001,866.641780104712,156.75212576409638,722.66,11.0,16.0,5.0,14.790575916230367,1.3892163043776213,16.0,4.0,5.0,1.0,4.986910994764398,0.02583536635508894,5.0,120.0,145.0,25.0,139.34031413612564,2.074230421315197,138.0,1.93,2.55,0.6199999999999999,2.0600785340314136,0.05358268687810105,2.1,1.0,2.0,1.0,1.8167539267015707,0.299333899838272,2.0,0.0,4.0,4.0,2.973821989528796,1.0898824045393494,4.0,10.0,10.0,0.0,10.000000000000002,1.7763568394002505e-15,10.0,0.0,0.0,0.0,0.0,0.0,0.0,11.0,16.0,5.0,14.790575916230367,1.3892163043776213,16.0,0.0,1.0,1.0,0.18324607329842932,0.29933389983827197,0.0,0.0,3.0,3.0,1.9267015706806283,0.7061209944902826,2.0,0.0,0.0,0.0,0.0,0.0,0.0,0.0,0.0,0.0,0.0,0.0,0.0,1.0,3.0,2.0,2.1099476439790577,0.5219155176667306,2.0,16.33,34.7633333333,18.4333333333,30.330549738202883,5.246550944320498,34.7633333333,0.0,0.799,0.799,0.2473167539267016,0.23566308489350624,0.464,0.0,0.0,0.0,0.0,0.0,0.0,14.0,225.0,211.0,167.67539267015707,21.009018393136152,152.0,1.8167539267015707,2.973821989528796,10.000000000000002,0.0,0.12283185840707964,0.20106194690265486,0.6761061946902656,0.0,8.902178210625811,0.11697556120756401,0.7,3.0,1.0,0.18324607329842932,0.29319371727748694,0.5104712041884817,300.0,0.0,0.0
el3c01653.pdf,10.1021/acsaelm.3c01653,AgSbTe2,Ag0.7Sb1.12Te1.95Se0.05,Ag0.7Sb1.12Te1.95Se0.05,Ag,0.7,Ag,Sb (1.12) @ Sb; Se (0.05) @ Te,Ag (0.7) @ Ag site; Sb (1.12) @ Sb site; Se (0.05) @ Te site,figure,Fig. 6a,Visually estimated from Fig. 6a,179.99999999999997,uV/K,False,34.0,52.0,18.0,50.554973821989535,1.7362462651791308,52.0,65.0,90.0,25.0,83.93979057591623,6.94128450426249,90.0,78.96,127.6,48.64,121.63532460732984,6.162698144239471,127.6,494.0,1234.93,740.9300000000001,866.641780104712,156.75212576409638,722.66,11.0,16.0,5.0,14.790575916230367,1.3892163043776213,16.0,4.0,5.0,1.0,4.986910994764398,0.02583536635508894,5.0,120.0,145.0,25.0,139.34031413612564,2.074230421315197,138.0,1.93,2.55,0.6199999999999999,2.0600785340314136,0.05358268687810105,2.1,1.0,2.0,1.0,1.8167539267015707,0.299333899838272,2.0,0.0,4.0,4.0,2.973821989528796,1.0898824045393494,4.0,10.0,10.0,0.0,10.000000000000002,1.7763568394002505e-15,10.0,0.0,0.0,0.0,0.0,0.0,0.0,11.0,16.0,5.0,14.790575916230367,1.3892163043776213,16.0,0.0,1.0,1.0,0.18324607329842932,0.29933389983827197,0.0,0.0,3.0,3.0,1.9267015706806283,0.7061209944902826,2.0,0.0,0.0,0.0,0.0,0.0,0.0,0.0,0.0,0.0,0.0,0.0,0.0,1.0,3.0,2.0,2.1099476439790577,0.5219155176667306,2.0,16.33,34.7633333333,18.4333333333,30.330549738202883,5.246550944320498,34.7633333333,0.0,0.799,0.799,0.2473167539267016,0.23566308489350624,0.464,0.0,0.0,0.0,0.0,0.0,0.0,14.0,225.0,211.0,167.67539267015707,21.009018393136152,152.0,1.8167539267015707,2.973821989528796,10.000000000000002,0.0,0.12283185840707964,0.20106194690265486,0.6761061946902656,0.0,8.902178210625811,0.11697556120756401,0.7,3.0,1.0,0.18324607329842932,0.29319371727748694,0.5104712041884817,750.0,0.0,0.0
ja1c07522.pdf,10.1021/jacs.1c07522,AgSbTe2,ATMS,AgMnSbTe3,Mn,equimolar ratio,multiple sites,,Mn (equimolar ratio) @ multiple sites site,text,"Results and Discussion, Section 3",,197.0,uV/K,False,25.0,52.0,27.0,46.5,7.166666666666667,52.0,52.0,90.0,38.0,78.66666666666667,13.444444444444443,90.0,54.938045,127.6,72.66195499999999,111.2277075,19.883056666666665,127.6,722.66,1519.0,796.34,970.9483333333334,270.67777777777786,722.66,7.0,16.0,9.0,13.5,3.0,16.0,4.0,5.0,1.0,4.833333333333333,0.27777777777777796,5.0,138.0,145.0,7.0,139.5,1.8333333333333333,138.0,1.55,2.1,0.55,1.9716666666666667,0.15444444444444447,2.1,1.0,2.0,1.0,1.8333333333333333,0.27777777777777785,2.0,0.0,4.0,4.0,2.5,1.6666666666666667,4.0,5.0,10.0,5.0,9.166666666666666,1.3888888888888893,10.0,0.0,0.0,0.0,0.0,0.0,0.0,7.0,16.0,9.0,13.5,3.0,16.0,0.0,1.0,1.0,0.16666666666666666,0.2777777777777778,0.0,0.0,3.0,3.0,1.5,1.0,2.0,0.0,5.0,5.0,0.8333333333333334,1.3888888888888886,0.0,0.0,0.0,0.0,0.0,0.0,0.0,1.0,5.0,4.0,2.5,1.0,2.0,10.4875862069,34.7633333333,24.2757471264,27.111264367799993,9.134980842900001,34.7633333333,0.0,0.464,0.464,0.232,0.232,0.464,0.0,0.000310120689655,0.000310120689655,5.1686781609166664e-05,8.614463601527778e-05,0.0,152.0,225.0,73.0,177.33333333333334,29.111111111111114,152.0,1.8333333333333333,2.5,9.166666666666666,0.0,0.13580246913580246,0.18518518518518517,0.6790123456790123,0.0,10.330331724440974,0.2758333333333335,,1.0,0.0,0.16666666666666666,0.16666666666666666,0.5,300.0,,
ja1c07522.pdf,10.1021/jacs.1c07522,AgSbTe2,ATMS,AgMnSbTe3,Mn,equimolar ratio,multiple sites,,Mn (equimolar ratio) @ multiple sites site,text,"Results and Discussion, Section 3",,289.0,uV/K,False,25.0,52.0,27.0,46.5,7.166666666666667,52.0,52.0,90.0,38.0,78.66666666666667,13.444444444444443,90.0,54.938045,127.6,72.66195499999999,111.2277075,19.883056666666665,127.6,722.66,1519.0,796.34,970.9483333333334,270.67777777777786,722.66,7.0,16.0,9.0,13.5,3.0,16.0,4.0,5.0,1.0,4.833333333333333,0.27777777777777796,5.0,138.0,145.0,7.0,139.5,1.8333333333333333,138.0,1.55,2.1,0.55,1.9716666666666667,0.15444444444444447,2.1,1.0,2.0,1.0,1.8333333333333333,0.27777777777777785,2.0,0.0,4.0,4.0,2.5,1.6666666666666667,4.0,5.0,10.0,5.0,9.166666666666666,1.3888888888888893,10.0,0.0,0.0,0.0,0.0,0.0,0.0,7.0,16.0,9.0,13.5,3.0,16.0,0.0,1.0,1.0,0.16666666666666666,0.2777777777777778,0.0,0.0,3.0,3.0,1.5,1.0,2.0,0.0,5.0,5.0,0.8333333333333334,1.3888888888888886,0.0,0.0,0.0,0.0,0.0,0.0,0.0,1.0,5.0,4.0,2.5,1.0,2.0,10.4875862069,34.7633333333,24.2757471264,27.111264367799993,9.134980842900001,34.7633333333,0.0,0.464,0.464,0.232,0.232,0.464,0.0,0.000310120689655,0.000310120689655,5.1686781609166664e-05,8.614463601527778e-05,0.0,152.0,225.0,73.0,177.33333333333334,29.111111111111114,152.0,1.8333333333333333,2.5,9.166666666666666,0.0,0.13580246913580246,0.18518518518518517,0.6790123456790123,0.0,10.330331724440974,0.2758333333333335,,1.0,0.0,0.16666666666666666,0.16666666666666666,0.5,573.0,,
ja1c07522.pdf,10.1021/jacs.1c07522,AgSbTe2,ATMS,AgMnSbTe3,Mn,equimolar ratio,multiple sites,,Mn (equimolar ratio) @ multiple sites site,text,"Results and Discussion, Section 3",,225.0,uV/K,False,25.0,52.0,27.0,46.5,7.166666666666667,52.0,52.0,90.0,38.0,78.66666666666667,13.444444444444443,90.0,54.938045,127.6,72.66195499999999,111.2277075,19.883056666666665,127.6,722.66,1519.0,796.34,970.9483333333334,270.67777777777786,722.66,7.0,16.0,9.0,13.5,3.0,16.0,4.0,5.0,1.0,4.833333333333333,0.27777777777777796,5.0,138.0,145.0,7.0,139.5,1.8333333333333333,138.0,1.55,2.1,0.55,1.9716666666666667,0.15444444444444447,2.1,1.0,2.0,1.0,1.8333333333333333,0.27777777777777785,2.0,0.0,4.0,4.0,2.5,1.6666666666666667,4.0,5.0,10.0,5.0,9.166666666666666,1.3888888888888893,10.0,0.0,0.0,0.0,0.0,0.0,0.0,7.0,16.0,9.0,13.5,3.0,16.0,0.0,1.0,1.0,0.16666666666666666,0.2777777777777778,0.0,0.0,3.0,3.0,1.5,1.0,2.0,0.0,5.0,5.0,0.8333333333333334,1.3888888888888886,0.0,0.0,0.0,0.0,0.0,0.0,0.0,1.0,5.0,4.0,2.5,1.0,2.0,10.4875862069,34.7633333333,24.2757471264,27.111264367799993,9.134980842900001,34.7633333333,0.0,0.464,0.464,0.232,0.232,0.464,0.0,0.000310120689655,0.000310120689655,5.1686781609166664e-05,8.614463601527778e-05,0.0,152.0,225.0,73.0,177.33333333333334,29.111111111111114,152.0,1.8333333333333333,2.5,9.166666666666666,0.0,0.13580246913580246,0.18518518518518517,0.6790123456790123,0.0,10.330331724440974,0.2758333333333335,,1.0,0.0,0.16666666666666666,0.16666666666666666,0.5,823.0,,
ja1c07522.pdf,10.1021/jacs.1c07522,AgSbTe2,AgMnSbTe3 (m=1),AgMnSbTe3,Mn,equimolar ratio,multiple sites,,Mn (equimolar ratio) @ multiple sites site,figure,Figure 4B,Visually estimated from Figure 4B,239.99999999999997,uV/K,False,25.0,52.0,27.0,46.5,7.166666666666667,52.0,52.0,90.0,38.0,78.66666666666667,13.444444444444443,90.0,54.938045,127.6,72.66195499999999,111.2277075,19.883056666666665,127.6,722.66,1519.0,796.34,970.9483333333334,270.67777777777786,722.66,7.0,16.0,9.0,13.5,3.0,16.0,4.0,5.0,1.0,4.833333333333333,0.27777777777777796,5.0,138.0,145.0,7.0,139.5,1.8333333333333333,138.0,1.55,2.1,0.55,1.9716666666666667,0.15444444444444447,2.1,1.0,2.0,1.0,1.8333333333333333,0.27777777777777785,2.0,0.0,4.0,4.0,2.5,1.6666666666666667,4.0,5.0,10.0,5.0,9.166666666666666,1.3888888888888893,10.0,0.0,0.0,0.0,0.0,0.0,0.0,7.0,16.0,9.0,13.5,3.0,16.0,0.0,1.0,1.0,0.16666666666666666,0.2777777777777778,0.0,0.0,3.0,3.0,1.5,1.0,2.0,0.0,5.0,5.0,0.8333333333333334,1.3888888888888886,0.0,0.0,0.0,0.0,0.0,0.0,0.0,1.0,5.0,4.0,2.5,1.0,2.0,10.4875862069,34.7633333333,24.2757471264,27.111264367799993,9.134980842900001,34.7633333333,0.0,0.464,0.464,0.232,0.232,0.464,0.0,0.000310120689655,0.000310120689655,5.1686781609166664e-05,8.614463601527778e-05,0.0,152.0,225.0,73.0,177.33333333333334,29.111111111111114,152.0,1.8333333333333333,2.5,9.166666666666666,0.0,0.13580246913580246,0.18518518518518517,0.6790123456790123,0.0,10.330331724440974,0.2758333333333335,,1.0,0.0,0.16666666666666666,0.16666666666666666,0.5,823.0,,
ja1c07522.pdf,10.1021/jacs.1c07522,AgSbTe2,AgMnSbTe2 (m=1),AgMnSbTe2,Mn,equimolar,multiple sites,,Mn (equimolar) @ multiple sites site,body text,,,197.0,uV/K,False,25.0,52.0,27.0,45.4,8.16,52.0,52.0,90.0,38.0,76.4,14.319999999999999,90.0,54.938045,127.6,72.66195499999999,107.953249,21.240101199999998,127.6,722.66,1519.0,796.34,1020.606,285.08720000000005,722.66,7.0,16.0,9.0,13.0,3.2,16.0,4.0,5.0,1.0,4.8,0.3200000000000001,5.0,138.0,145.0,7.0,139.8,2.0800000000000067,138.0,1.55,2.1,0.55,1.9460000000000002,0.16479999999999997,2.1,1.0,2.0,1.0,1.8,0.31999999999999995,2.0,0.0,4.0,4.0,2.2,1.7600000000000002,4.0,5.0,10.0,5.0,9.0,1.6,10.0,0.0,0.0,0.0,0.0,0.0,0.0,7.0,16.0,9.0,13.0,3.2,16.0,0.0,1.0,1.0,0.2,0.32,0.0,0.0,3.0,3.0,1.4,1.12,2.0,0.0,5.0,5.0,1.0,1.6,0.0,0.0,0.0,0.0,0.0,0.0,0.0,1.0,5.0,4.0,2.6,1.12,2.0,10.4875862069,34.7633333333,24.2757471264,25.580850574699998,9.737645977,34.7633333333,0.0,0.464,0.464,0.18560000000000001,0.22271999999999997,0.464,0.0,0.000310120689655,0.000310120689655,6.2024137931e-05,9.923862068959999e-05,0.0,152.0,225.0,73.0,182.4,30.880000000000003,152.0,1.8,2.2,9.0,0.0,0.13846153846153847,0.16923076923076924,0.6923076923076923,0.0,11.076352830310181,0.28222222222222226,,1.0,0.0,0.2,0.2,0.4,300.0,,
ja1c07522.pdf,10.1021/jacs.1c07522,AgSbTe2,AgMnSbTe2 (m=1),AgMnSbTe2,Mn,equimolar,multiple sites,,Mn (equimolar) @ multiple sites site,body text,,,289.0,uV/K,False,25.0,52.0,27.0,45.4,8.16,52.0,52.0,90.0,38.0,76.4,14.319999999999999,90.0,54.938045,127.6,72.66195499999999,107.953249,21.240101199999998,127.6,722.66,1519.0,796.34,1020.606,285.08720000000005,722.66,7.0,16.0,9.0,13.0,3.2,16.0,4.0,5.0,1.0,4.8,0.3200000000000001,5.0,138.0,145.0,7.0,139.8,2.0800000000000067,138.0,1.55,2.1,0.55,1.9460000000000002,0.16479999999999997,2.1,1.0,2.0,1.0,1.8,0.31999999999999995,2.0,0.0,4.0,4.0,2.2,1.7600000000000002,4.0,5.0,10.0,5.0,9.0,1.6,10.0,0.0,0.0,0.0,0.0,0.0,0.0,7.0,16.0,9.0,13.0,3.2,16.0,0.0,1.0,1.0,0.2,0.32,0.0,0.0,3.0,3.0,1.4,1.12,2.0,0.0,5.0,5.0,1.0,1.6,0.0,0.0,0.0,0.0,0.0,0.0,0.0,1.0,5.0,4.0,2.6,1.12,2.0,10.4875862069,34.7633333333,24.2757471264,25.580850574699998,9.737645977,34.7633333333,0.0,0.464,0.464,0.18560000000000001,0.22271999999999997,0.464,0.0,0.000310120689655,0.000310120689655,6.2024137931e-05,9.923862068959999e-05,0.0,152.0,225.0,73.0,182.4,30.880000000000003,152.0,1.8,2.2,9.0,0.0,0.13846153846153847,0.16923076923076924,0.6923076923076923,0.0,11.076352830310181,0.28222222222222226,,1.0,0.0,0.2,0.2,0.4,573.0,,
ja1c07522.pdf,10.1021/jacs.1c07522,AgSbTe2,AgMnSbTe2 (m=1),AgMnSbTe2,Mn,equimolar,multiple sites,,Mn (equimolar) @ multiple sites site,body text,,,225.0,uV/K,False,25.0,52.0,27.0,45.4,8.16,52.0,52.0,90.0,38.0,76.4,14.319999999999999,90.0,54.938045,127.6,72.66195499999999,107.953249,21.240101199999998,127.6,722.66,1519.0,796.34,1020.606,285.08720000000005,722.66,7.0,16.0,9.0,13.0,3.2,16.0,4.0,5.0,1.0,4.8,0.3200000000000001,5.0,138.0,145.0,7.0,139.8,2.0800000000000067,138.0,1.55,2.1,0.55,1.9460000000000002,0.16479999999999997,2.1,1.0,2.0,1.0,1.8,0.31999999999999995,2.0,0.0,4.0,4.0,2.2,1.7600000000000002,4.0,5.0,10.0,5.0,9.0,1.6,10.0,0.0,0.0,0.0,0.0,0.0,0.0,7.0,16.0,9.0,13.0,3.2,16.0,0.0,1.0,1.0,0.2,0.32,0.0,0.0,3.0,3.0,1.4,1.12,2.0,0.0,5.0,5.0,1.0,1.6,0.0,0.0,0.0,0.0,0.0,0.0,0.0,1.0,5.0,4.0,2.6,1.12,2.0,10.4875862069,34.7633333333,24.2757471264,25.580850574699998,9.737645977,34.7633333333,0.0,0.464,0.464,0.18560000000000001,0.22271999999999997,0.464,0.0,0.000310120689655,0.000310120689655,6.2024137931e-05,9.923862068959999e-05,0.0,152.0,225.0,73.0,182.4,30.880000000000003,152.0,1.8,2.2,9.0,0.0,0.13846153846153847,0.16923076923076924,0.6923076923076923,0.0,11.076352830310181,0.28222222222222226,,1.0,0.0,0.2,0.2,0.4,823.0,,
ja1c08931.pdf,10.1021/jacs.1c08931,(SnSe)0.5(AgSbTe2)0.5,pristine (SnSe)0.5(AgSbSe2)0.5,(SnSe)0.5(AgSbSe2)0.5,,,,,,body text,,,194.0,uV/K,False,34.0,51.0,17.0,41.666666666666664,7.666666666666667,34.0,65.0,89.0,24.0,82.83333333333333,6.88888888888889,89.0,78.96,121.76,42.80000000000001,97.53636666666667,18.57636666666667,78.96,494.0,1234.93,740.9300000000001,687.6316666666667,254.48222222222225,494.0,11.0,16.0,5.0,14.666666666666666,1.4444444444444446,16.0,4.0,5.0,1.0,4.5,0.5,4.0,120.0,145.0,25.0,130.5,10.5,120.0,1.93,2.55,0.6199999999999999,2.265,0.285,2.55,1.0,2.0,1.0,1.8333333333333333,0.27777777777777785,2.0,0.0,4.0,4.0,2.8333333333333335,1.222222222222222,4.0,10.0,10.0,0.0,10.0,0.0,10.0,0.0,0.0,0.0,0.0,0.0,0.0,11.0,16.0,5.0,14.666666666666666,1.4444444444444446,16.0,0.0,1.0,1.0,0.16666666666666666,0.2777777777777778,0.0,0.0,4.0,4.0,2.1666666666666665,0.888888888888889,2.0,0.0,0.0,0.0,0.0,0.0,0.0,0.0,0.0,0.0,0.0,0.0,0.0,1.0,4.0,3.0,2.3333333333333335,0.7777777777777777,2.0,16.33,33.285,16.955,26.489166666666666,3.955555555555554,25.92,0.0,0.799,0.799,0.3995,0.3995,0.799,0.0,0.0,0.0,0.0,0.0,0.0,14.0,225.0,211.0,95.66666666666667,81.66666666666666,14.0,1.8333333333333333,2.8333333333333335,10.0,0.0,0.125,0.1931818181818182,0.6818181818181819,0.0,10.330331724440972,0.44749999999999984,,0.0,0.0,0.16666666666666666,0.16666666666666666,0.0,295.0,,
ja1c08931.pdf,10.1021/jacs.1c08931,(SnSe)0.5(AgSbTe2)0.5,pristine (SnSe)0.5(AgSbSe2)0.5,(SnSe)0.5(AgSbSe2)0.5,,,,,,body text,,,242.0,uV/K,False,34.0,51.0,17.0,41.666666666666664,7.666666666666667,34.0,65.0,89.0,24.0,82.83333333333333,6.88888888888889,89.0,78.96,121.76,42.80000000000001,97.53636666666667,18.57636666666667,78.96,494.0,1234.93,740.9300000000001,687.6316666666667,254.48222222222225,494.0,11.0,16.0,5.0,14.666666666666666,1.4444444444444446,16.0,4.0,5.0,1.0,4.5,0.5,4.0,120.0,145.0,25.0,130.5,10.5,120.0,1.93,2.55,0.6199999999999999,2.265,0.285,2.55,1.0,2.0,1.0,1.8333333333333333,0.27777777777777785,2.0,0.0,4.0,4.0,2.8333333333333335,1.222222222222222,4.0,10.0,10.0,0.0,10.0,0.0,10.0,0.0,0.0,0.0,0.0,0.0,0.0,11.0,16.0,5.0,14.666666666666666,1.4444444444444446,16.0,0.0,1.0,1.0,0.16666666666666666,0.2777777777777778,0.0,0.0,4.0,4.0,2.1666666666666665,0.888888888888889,2.0,0.0,0.0,0.0,0.0,0.0,0.0,0.0,0.0,0.0,0.0,0.0,0.0,1.0,4.0,3.0,2.3333333333333335,0.7777777777777777,2.0,16.33,33.285,16.955,26.489166666666666,3.955555555555554,25.92,0.0,0.799,0.799,0.3995,0.3995,0.799,0.0,0.0,0.0,0.0,0.0,0.0,14.0,225.0,211.0,95.66666666666667,81.66666666666666,14.0,1.8333333333333333,2.8333333333333335,10.0,0.0,0.125,0.1931818181818182,0.6818181818181819,0.0,10.330331724440972,0.44749999999999984,,0.0,0.0,0.16666666666666666,0.16666666666666666,0.0,725.0,,
ja1c08931.pdf,10.1021/jacs.1c08931,(SnSe)0.5(AgSbTe2)0.5,(SnSe)0.5(AgSb1-xGexSe2)0.5 (x = 0.08),(SnSe)0.5(AgSb0.92Ge0.08Se2)0.5,Ge,x = 0.08,Sb,,Ge (x = 0.08) @ Sb site,body text,,,78.0,uV/K,False,32.0,51.0,19.0,41.413333333333334,7.664355555555556,34.0,65.0,89.0,24.0,82.75333333333333,6.935644444444446,89.0,72.64,121.76,49.120000000000005,96.88143333333333,18.56787155555556,78.96,494.0,1234.93,740.9300000000001,691.7332666666667,259.9510222222222,494.0,11.0,16.0,5.0,14.653333333333334,1.4529777777777773,16.0,4.0,5.0,1.0,4.486666666666667,0.4996444444444445,4.0,120.0,145.0,25.0,130.24666666666667,10.519911111111112,120.0,1.93,2.55,0.6199999999999999,2.2644666666666664,0.2855333333333333,2.55,1.0,2.0,1.0,1.8333333333333333,0.27777777777777785,2.0,0.0,4.0,4.0,2.8200000000000003,1.2351999999999999,4.0,10.0,10.0,0.0,10.0,0.0,10.0,0.0,0.0,0.0,0.0,0.0,0.0,11.0,16.0,5.0,14.653333333333334,1.4529777777777773,16.0,0.0,1.0,1.0,0.16666666666666666,0.2777777777777778,0.0,0.0,4.0,4.0,2.18,0.9066666666666667,2.0,0.0,0.0,0.0,0.0,0.0,0.0,0.0,0.0,0.0,0.0,0.0,0.0,1.0,4.0,3.0,2.3466666666666667,0.7955555555555556,2.0,16.33,33.285,16.955,26.3751,3.8933359999999992,25.92,0.0,0.799,0.799,0.4046066666666667,0.3943933333333334,0.799,0.0,0.0,0.0,0.0,0.0,0.0,14.0,225.0,211.0,96.45333333333333,82.45333333333333,14.0,1.8333333333333333,2.8200000000000003,10.0,0.0,0.12511373976342127,0.1924476797088262,0.6824385805277524,0.0,10.716634644543182,0.44528094354624953,0.08,1.0,0.0,0.16666666666666666,0.15333333333333335,0.0,300.0,1.0,0.030000000000000027
ja1c08931.pdf,10.1021/jacs.1c08931,(SnSe)0.5(AgSbTe2)0.5,"(SnSe)0.5(AgSb1-xGexTe2)0.5, x=0.0",(SnSe)0.5(AgSbTe2)0.5,Ge,x=0.0,Sb,,Ge (x=0.0) @ Sb site,body text,,,194.0,uV/K,False,34.0,52.0,18.0,47.666666666666664,4.777777777777779,52.0,65.0,90.0,25.0,83.16666666666667,7.11111111111111,90.0,78.96,127.6,48.64,113.7497,13.557066666666664,127.6,494.0,1234.93,740.9300000000001,763.8516666666666,203.6688888888889,722.66,11.0,16.0,5.0,14.666666666666666,1.4444444444444446,16.0,4.0,5.0,1.0,4.833333333333333,0.27777777777777796,5.0,120.0,145.0,25.0,136.5,5.5,138.0,1.93,2.55,0.6199999999999999,2.1149999999999998,0.14499999999999982,2.1,1.0,2.0,1.0,1.8333333333333333,0.27777777777777785,2.0,0.0,4.0,4.0,2.8333333333333335,1.222222222222222,4.0,10.0,10.0,0.0,10.0,0.0,10.0,0.0,0.0,0.0,0.0,0.0,0.0,11.0,16.0,5.0,14.666666666666666,1.4444444444444446,16.0,0.0,1.0,1.0,0.16666666666666666,0.2777777777777778,0.0,0.0,4.0,4.0,2.1666666666666665,0.8888888888888888,2.0,0.0,0.0,0.0,0.0,0.0,0.0,0.0,0.0,0.0,0.0,0.0,0.0,1.0,4.0,3.0,2.3333333333333335,0.7777777777777778,2.0,16.33,34.7633333333,18.4333333333,29.436944444433333,5.541296296288887,34.7633333333,0.0,0.799,0.799,0.28783333333333333,0.2878333333333334,0.464,0.0,0.0,0.0,0.0,0.0,0.0,14.0,225.0,211.0,141.66666666666666,42.77777777777778,152.0,1.8333333333333333,2.8333333333333335,10.0,0.0,0.125,0.1931818181818182,0.6818181818181819,0.0,12.976468353498262,0.25499999999999995,0.0,1.0,0.0,0.16666666666666666,0.16666666666666666,0.3333333333333333,295.0,1.0,0.030000000000000027
ja1c08931.pdf,10.1021/jacs.1c08931,(SnSe)0.5(AgSbTe2)0.5,"(SnSe)0.5(AgSb1-xGexTe2)0.5, x=0.0",(SnSe)0.5(AgSbTe2)0.5,Ge,x=0.0,Sb,,Ge (x=0.0) @ Sb site,body text,,,242.0,uV/K,False,34.0,52.0,18.0,47.666666666666664,4.777777777777779,52.0,65.0,90.0,25.0,83.16666666666667,7.11111111111111,90.0,78.96,127.6,48.64,113.7497,13.557066666666664,127.6,494.0,1234.93,740.9300000000001,763.8516666666666,203.6688888888889,722.66,11.0,16.0,5.0,14.666666666666666,1.4444444444444446,16.0,4.0,5.0,1.0,4.833333333333333,0.27777777777777796,5.0,120.0,145.0,25.0,136.5,5.5,138.0,1.93,2.55,0.6199999999999999,2.1149999999999998,0.14499999999999982,2.1,1.0,2.0,1.0,1.8333333333333333,0.27777777777777785,2.0,0.0,4.0,4.0,2.8333333333333335,1.222222222222222,4.0,10.0,10.0,0.0,10.0,0.0,10.0,0.0,0.0,0.0,0.0,0.0,0.0,11.0,16.0,5.0,14.666666666666666,1.4444444444444446,16.0,0.0,1.0,1.0,0.16666666666666666,0.2777777777777778,0.0,0.0,4.0,4.0,2.1666666666666665,0.8888888888888888,2.0,0.0,0.0,0.0,0.0,0.0,0.0,0.0,0.0,0.0,0.0,0.0,0.0,1.0,4.0,3.0,2.3333333333333335,0.7777777777777778,2.0,16.33,34.7633333333,18.4333333333,29.436944444433333,5.541296296288887,34.7633333333,0.0,0.799,0.799,0.28783333333333333,0.2878333333333334,0.464,0.0,0.0,0.0,0.0,0.0,0.0,14.0,225.0,211.0,141.66666666666666,42.77777777777778,152.0,1.8333333333333333,2.8333333333333335,10.0,0.0,0.125,0.1931818181818182,0.6818181818181819,0.0,12.976468353498262,0.25499999999999995,0.0,1.0,0.0,0.16666666666666666,0.16666666666666666,0.3333333333333333,725.0,1.0,0.030000000000000027
ja1c08931.pdf,10.1021/jacs.1c08931,(SnSe)0.5(AgSbTe2)0.5,"(SnSe)0.5(AgSb1-xGexTe2)0.5, x=0.08",(SnSe)0.5(AgSb0.92Ge0.08Te2)0.5,Ge,x=0.08,Sb,,Ge (x=0.08) @ Sb site,body text,,,78.0,uV/K,False,32.0,52.0,20.0,47.413333333333334,5.019911111111111,52.0,65.0,90.0,25.0,83.08666666666666,7.166755555555558,90.0,72.64,127.6,54.959999999999994,113.09476666666666,14.199238222222226,127.6,494.0,1234.93,740.9300000000001,767.9532666666668,209.13768888888896,722.66,11.0,16.0,5.0,14.65333333333333,1.4529777777777786,16.0,4.0,5.0,1.0,4.82,0.29519999999999985,5.0,120.0,145.0,25.0,136.24666666666667,5.848799999999997,138.0,1.93,2.55,0.6199999999999999,2.1144666666666665,0.14517777777777766,2.1,1.0,2.0,1.0,1.8333333333333333,0.27777777777777785,2.0,0.0,4.0,4.0,2.8200000000000003,1.2351999999999999,4.0,10.0,10.0,0.0,10.0,0.0,10.0,0.0,0.0,0.0,0.0,0.0,0.0,11.0,16.0,5.0,14.65333333333333,1.4529777777777786,16.0,0.0,1.0,1.0,0.16666666666666666,0.2777777777777778,0.0,0.0,4.0,4.0,2.18,0.9066666666666666,2.0,0.0,0.0,0.0,0.0,0.0,0.0,0.0,0.0,0.0,0.0,0.0,0.0,1.0,4.0,3.0,2.3466666666666667,0.7955555555555556,2.0,16.33,34.7633333333,18.4333333333,29.322877777766667,5.6337285925848875,34.7633333333,0.0,0.799,0.799,0.29294000000000003,0.28512826666666663,0.464,0.0,0.0,0.0,0.0,0.0,0.0,14.0,225.0,211.0,142.45333333333335,43.30222222222221,152.0,1.8333333333333333,2.8200000000000003,10.0,0.0,0.1251137397634213,0.19244767970882626,0.6824385805277526,0.0,13.362771273600476,0.25410300136425645,0.08,1.0,0.0,0.16666666666666666,0.15333333333333335,0.3333333333333333,300.0,1.0,0.030000000000000027
ja3c09643.pdf,10.1021/jacs.3c09643,AgSbTe2,AgSb0.96Hg0.04Te2,AgSb0.96Hg0.04Te2,Hg,4 mol %,Sb,,Hg (4 mol %) @ Sb site,body text,Page 5,,239.99999999999997,uV/K,False,47.0,80.0,33.0,50.790000000000006,1.894999999999997,52.0,65.0,90.0,25.0,82.36,8.9072,90.0,107.8682,200.59,92.7218,121.99535,7.176542999999995,127.6,234.32,1234.93,1000.6100000000001,889.3128999999999,179.75275800000003,722.66,11.0,16.0,5.0,14.469999999999999,1.7844000000000004,16.0,5.0,6.0,1.0,5.01,0.01979999999999979,5.0,132.0,145.0,13.0,139.93,2.5350000000000037,138.0,1.93,2.1,0.17000000000000015,2.0445,0.058139999999999914,2.1,1.0,2.0,1.0,1.75,0.375,2.0,0.0,4.0,4.0,2.7199999999999998,1.4144,4.0,10.0,10.0,0.0,10.0,0.0,10.0,0.0,14.0,14.0,0.14,0.2772,0.0,11.0,26.0,15.0,14.61,1.8050000000000002,16.0,0.0,1.0,1.0,0.25,0.375,0.0,0.0,3.0,3.0,1.72,0.8944,2.0,0.0,0.0,0.0,0.0,0.0,0.0,0.0,0.0,0.0,0.0,0.0,0.0,0.0,3.0,3.0,1.97,0.5244000000000001,2.0,16.33,34.7633333333,18.4333333333,29.290942528719,6.561538390795878,34.7633333333,0.0,0.464,0.464,0.232,0.232,0.464,0.0,0.0,0.0,0.0,0.0,0.0,152.0,225.0,73.0,173.75,25.625,152.0,1.75,2.7199999999999998,10.0,0.14,0.11978097193702944,0.1861738535249829,0.6844626967830254,0.009582477754962355,8.993810816868557,0.11192442045093692,0.04,1.0,0.0,0.25,0.24,0.5,297.0,1.0,0.2599999999999999
ja3c09643.pdf,10.1021/jacs.3c09643,AgSbTe2,AgSbTe2,AgSbTe2,,,,,,figure,Figure 5b,Visually estimated from Figure 5b,272.99999999999994,uV/K,False,47.0,52.0,5.0,50.5,1.75,52.0,65.0,90.0,25.0,82.5,8.75,90.0,107.8682,127.6,19.731799999999993,121.20705,6.669425,127.6,722.66,1234.93,512.2700000000001,896.0074999999999,173.34750000000003,722.66,11.0,16.0,5.0,14.5,1.75,16.0,5.0,5.0,0.0,5.0,0.0,5.0,138.0,145.0,7.0,140.0,2.5,138.0,1.93,2.1,0.17000000000000015,2.045,0.05750000000000005,2.1,1.0,2.0,1.0,1.75,0.375,2.0,0.0,4.0,4.0,2.75,1.375,4.0,10.0,10.0,0.0,10.0,0.0,10.0,0.0,0.0,0.0,0.0,0.0,0.0,11.0,16.0,5.0,14.5,1.75,16.0,0.0,1.0,1.0,0.25,0.375,0.0,0.0,3.0,3.0,1.75,0.875,2.0,0.0,0.0,0.0,0.0,0.0,0.0,0.0,0.0,0.0,0.0,0.0,0.0,1.0,3.0,2.0,2.0,0.5,2.0,16.33,34.7633333333,18.4333333333,29.35416666665,6.512083333324999,34.7633333333,0.0,0.464,0.464,0.232,0.232,0.464,0.0,0.0,0.0,0.0,0.0,0.0,152.0,225.0,73.0,173.75,25.625,152.0,1.75,2.75,10.0,0.0,0.1206896551724138,0.1896551724137931,0.6896551724137931,0.0,8.644719482306641,0.11200000000000014,,0.0,0.0,0.25,0.25,0.5,300.0,,
ja3c09643.pdf,10.1021/jacs.3c09643,AgSbTe2,AgSb0.96Hg0.04Te2,AgSb0.96Hg0.04Te2,Hg,4 mol %,Sb,,Hg (4 mol %) @ Sb site,figure,Figure 5b,Visually estimated from Figure 5b,239.99999999999997,uV/K,False,47.0,80.0,33.0,50.790000000000006,1.894999999999997,52.0,65.0,90.0,25.0,82.36,8.9072,90.0,107.8682,200.59,92.7218,121.99535,7.176542999999995,127.6,234.32,1234.93,1000.6100000000001,889.3128999999999,179.75275800000003,722.66,11.0,16.0,5.0,14.469999999999999,1.7844000000000004,16.0,5.0,6.0,1.0,5.01,0.01979999999999979,5.0,132.0,145.0,13.0,139.93,2.5350000000000037,138.0,1.93,2.1,0.17000000000000015,2.0445,0.058139999999999914,2.1,1.0,2.0,1.0,1.75,0.375,2.0,0.0,4.0,4.0,2.7199999999999998,1.4144,4.0,10.0,10.0,0.0,10.0,0.0,10.0,0.0,14.0,14.0,0.14,0.2772,0.0,11.0,26.0,15.0,14.61,1.8050000000000002,16.0,0.0,1.0,1.0,0.25,0.375,0.0,0.0,3.0,3.0,1.72,0.8944,2.0,0.0,0.0,0.0,0.0,0.0,0.0,0.0,0.0,0.0,0.0,0.0,0.0,0.0,3.0,3.0,1.97,0.5244000000000001,2.0,16.33,34.7633333333,18.4333333333,29.290942528719,6.561538390795878,34.7633333333,0.0,0.464,0.464,0.232,0.232,0.464,0.0,0.0,0.0,0.0,0.0,0.0,152.0,225.0,73.0,173.75,25.625,152.0,1.75,2.7199999999999998,10.0,0.14,0.11978097193702944,0.1861738535249829,0.6844626967830254,0.009582477754962355,8.993810816868557,0.11192442045093692,0.04,1.0,0.0,0.25,0.24,0.5,300.0,1.0,0.2599999999999999
ja3c09643.pdf,10.1021/jacs.3c09643,AgSbTe2,AgSb0.98Hg0.02Te2,AgSb0.98Hg0.02Te2,Hg,2 mol %,Sb,,Hg (2 mol %) @ Sb site,figure,Figure 5b,Visually estimated from Figure 5b,250.0,uV/K,False,47.0,80.0,33.0,50.644999999999996,1.822500000000002,52.0,65.0,90.0,25.0,82.43,8.829299999999996,90.0,107.8682,200.59,92.7218,121.60119999999999,6.866500000000002,127.6,234.32,1234.93,1000.6100000000001,892.6602,176.58360200000004,722.66,11.0,16.0,5.0,14.485,1.7673500000000002,16.0,5.0,6.0,1.0,5.005,0.009949999999999895,5.0,132.0,145.0,13.0,139.965,2.517500000000002,138.0,1.93,2.1,0.17000000000000015,2.04475,0.057822499999999985,2.1,1.0,2.0,1.0,1.75,0.375,2.0,0.0,4.0,4.0,2.735,1.39485,4.0,10.0,10.0,0.0,10.0,0.0,10.0,0.0,14.0,14.0,0.07,0.1393,0.0,11.0,26.0,15.0,14.555,1.7775,16.0,0.0,1.0,1.0,0.25,0.375,0.0,0.0,3.0,3.0,1.7349999999999999,0.88485,2.0,0.0,0.0,0.0,0.0,0.0,0.0,0.0,0.0,0.0,0.0,0.0,0.0,0.0,3.0,3.0,1.9849999999999999,0.5123500000000001,2.0,16.33,34.7633333333,18.4333333333,29.322554597684498,6.537126982750094,34.7633333333,0.0,0.464,0.464,0.232,0.23199999999999998,0.464,0.0,0.0,0.0,0.0,0.0,0.0,152.0,225.0,73.0,173.75,25.625,152.0,1.75,2.735,10.0,0.07,0.12023359670216421,0.18790793541738235,0.687049124012367,0.0048093438680865686,8.848505117923192,0.11195712805801274,0.02,1.0,0.0,0.25,0.245,0.5,300.0,1.0,0.2599999999999999
ja3c09643.pdf,10.1021/jacs.3c09643,AgSbTe2,AgSb0.94Hg0.06Te2,AgSb0.94Hg0.06Te2,Hg,6 mol %,Sb,,Hg (6 mol %) @ Sb site,figure,Figure 5b,Visually estimated from Figure 5b,245.0,uV/K,False,47.0,80.0,33.0,50.935,1.967499999999999,52.0,65.0,90.0,25.0,82.28999999999999,8.983700000000002,90.0,107.8682,200.59,92.7218,122.3895,7.556514999999996,127.6,234.32,1234.93,1000.6100000000001,885.9656,182.854968,722.66,11.0,16.0,5.0,14.455,1.8011499999999998,16.0,5.0,6.0,1.0,5.015,0.029549999999999688,5.0,132.0,145.0,13.0,139.89499999999998,2.552499999999991,138.0,1.93,2.1,0.17000000000000015,2.04425,0.05845250000000006,2.1,1.0,2.0,1.0,1.75,0.375,2.0,0.0,4.0,4.0,2.705,1.43365,4.0,10.0,10.0,0.0,10.0,0.0,10.0,0.0,14.0,14.0,0.21,0.41369999999999996,0.0,11.0,26.0,15.0,14.665,1.8325000000000005,16.0,0.0,1.0,1.0,0.25,0.375,0.0,0.0,3.0,3.0,1.705,0.90365,2.0,0.0,0.0,0.0,0.0,0.0,0.0,0.0,0.0,0.0,0.0,0.0,0.0,0.0,3.0,3.0,1.955,0.53615,2.0,16.33,34.7633333333,18.4333333333,29.2593304597535,6.5853175574623535,34.7633333333,0.0,0.464,0.464,0.232,0.232,0.464,0.0,0.0,0.0,0.0,0.0,0.0,152.0,225.0,73.0,173.75,25.625,152.0,1.75,2.705,10.0,0.21,0.11933174224343676,0.1844527787248551,0.6818956699624957,0.014319809069212411,9.11649772763948,0.11190174827940841,0.06,1.0,0.0,0.25,0.235,0.5,300.0,1.0,0.2599999999999999
ja6c00040.pdf,10.1021/jacs.6c00040,AgSbTe2,nanocrystalline Ag0.8Sb1.2Te2.2,Ag0.8Sb1.2Te2.2,,,,,,text,body text,,330.0,uV/K,False,47.0,52.0,5.0,50.76190476190476,1.4331065759637207,52.0,65.0,90.0,25.0,83.80952380952381,7.165532879818594,90.0,107.8682,127.6,19.731799999999993,122.17299047619048,5.685438548752829,127.6,722.66,1234.93,512.2700000000001,871.9838095238096,156.43446712018144,722.66,11.0,16.0,5.0,14.761904761904761,1.4331065759637196,16.0,5.0,5.0,0.0,5.0,0.0,5.0,138.0,145.0,7.0,139.61904761904762,2.049886621315194,138.0,1.93,2.1,0.17000000000000015,2.0533333333333332,0.048888888888889,2.1,1.0,2.0,1.0,1.8095238095238095,0.30839002267573695,2.0,0.0,4.0,4.0,2.9523809523809526,1.1247165532879817,4.0,10.0,10.0,0.0,10.0,0.0,10.0,0.0,0.0,0.0,0.0,0.0,0.0,11.0,16.0,5.0,14.761904761904761,1.4331065759637196,16.0,0.0,1.0,1.0,0.19047619047619047,0.30839002267573695,0.0,0.0,3.0,3.0,1.9047619047619047,0.7256235827664398,2.0,0.0,0.0,0.0,0.0,0.0,0.0,0.0,0.0,0.0,0.0,0.0,0.0,1.0,3.0,2.0,2.0952380952380953,0.5170068027210885,2.0,16.33,34.7633333333,18.4333333333,30.336984126966666,5.335993953130157,34.7633333333,0.0,0.464,0.464,0.24304761904761907,0.23147392290249433,0.464,0.0,0.0,0.0,0.0,0.0,0.0,152.0,225.0,73.0,169.9047619047619,20.98866213151927,152.0,1.8095238095238095,2.9523809523809526,10.0,0.0,0.12258064516129033,0.2,0.6774193548387097,0.0,8.418349425754691,0.10194029850746285,,0.0,0.0,0.19047619047619047,0.2857142857142857,0.5238095238095238,300.0,,
ja6c00040.pdf,10.1021/jacs.6c00040,AgSbTe2,nanocrystalline Ag0.8Sb1.2Te2.2,Ag0.8Sb1.2Te2.2,,,,,,text,body text,,300.0,uV/K,False,47.0,52.0,5.0,50.76190476190476,1.4331065759637207,52.0,65.0,90.0,25.0,83.80952380952381,7.165532879818594,90.0,107.8682,127.6,19.731799999999993,122.17299047619048,5.685438548752829,127.6,722.66,1234.93,512.2700000000001,871.9838095238096,156.43446712018144,722.66,11.0,16.0,5.0,14.761904761904761,1.4331065759637196,16.0,5.0,5.0,0.0,5.0,0.0,5.0,138.0,145.0,7.0,139.61904761904762,2.049886621315194,138.0,1.93,2.1,0.17000000000000015,2.0533333333333332,0.048888888888889,2.1,1.0,2.0,1.0,1.8095238095238095,0.30839002267573695,2.0,0.0,4.0,4.0,2.9523809523809526,1.1247165532879817,4.0,10.0,10.0,0.0,10.0,0.0,10.0,0.0,0.0,0.0,0.0,0.0,0.0,11.0,16.0,5.0,14.761904761904761,1.4331065759637196,16.0,0.0,1.0,1.0,0.19047619047619047,0.30839002267573695,0.0,0.0,3.0,3.0,1.9047619047619047,0.7256235827664398,2.0,0.0,0.0,0.0,0.0,0.0,0.0,0.0,0.0,0.0,0.0,0.0,0.0,1.0,3.0,2.0,2.0952380952380953,0.5170068027210885,2.0,16.33,34.7633333333,18.4333333333,30.336984126966666,5.335993953130157,34.7633333333,0.0,0.464,0.464,0.24304761904761907,0.23147392290249433,0.464,0.0,0.0,0.0,0.0,0.0,0.0,152.0,225.0,73.0,169.9047619047619,20.98866213151927,152.0,1.8095238095238095,2.9523809523809526,10.0,0.0,0.12258064516129033,0.2,0.6774193548387097,0.0,8.418349425754691,0.10194029850746285,,0.0,0.0,0.19047619047619047,0.2857142857142857,0.5238095238095238,575.0,,
ja6c00040.pdf,10.1021/jacs.6c00040,AgSbTe2,bulk Ag0.8Sb1.2Te2.2,Ag0.8Sb1.2Te2.2,,,,,,text,body text,,179.99999999999997,uV/K,False,47.0,52.0,5.0,50.76190476190476,1.4331065759637207,52.0,65.0,90.0,25.0,83.80952380952381,7.165532879818594,90.0,107.8682,127.6,19.731799999999993,122.17299047619048,5.685438548752829,127.6,722.66,1234.93,512.2700000000001,871.9838095238096,156.43446712018144,722.66,11.0,16.0,5.0,14.761904761904761,1.4331065759637196,16.0,5.0,5.0,0.0,5.0,0.0,5.0,138.0,145.0,7.0,139.61904761904762,2.049886621315194,138.0,1.93,2.1,0.17000000000000015,2.0533333333333332,0.048888888888889,2.1,1.0,2.0,1.0,1.8095238095238095,0.30839002267573695,2.0,0.0,4.0,4.0,2.9523809523809526,1.1247165532879817,4.0,10.0,10.0,0.0,10.0,0.0,10.0,0.0,0.0,0.0,0.0,0.0,0.0,11.0,16.0,5.0,14.761904761904761,1.4331065759637196,16.0,0.0,1.0,1.0,0.19047619047619047,0.30839002267573695,0.0,0.0,3.0,3.0,1.9047619047619047,0.7256235827664398,2.0,0.0,0.0,0.0,0.0,0.0,0.0,0.0,0.0,0.0,0.0,0.0,0.0,1.0,3.0,2.0,2.0952380952380953,0.5170068027210885,2.0,16.33,34.7633333333,18.4333333333,30.336984126966666,5.335993953130157,34.7633333333,0.0,0.464,0.464,0.24304761904761907,0.23147392290249433,0.464,0.0,0.0,0.0,0.0,0.0,0.0,152.0,225.0,73.0,169.9047619047619,20.98866213151927,152.0,1.8095238095238095,2.9523809523809526,10.0,0.0,0.12258064516129033,0.2,0.6774193548387097,0.0,8.418349425754691,0.10194029850746285,,0.0,0.0,0.19047619047619047,0.2857142857142857,0.5238095238095238,300.0,,
ja6c00040.pdf,10.1021/jacs.6c00040,AgSbTe2,nanocrystalline Ag0.8Sb1.2Te2.2,Ag0.8Sb1.2Te2.2,Ag,0.8,Ag,Sb (1.2) @ Sb; Te (2.2) @ Te,Ag (0.8) @ Ag site; Sb (1.2) @ Sb site; Te (2.2) @ Te site,figure,Figure 4b,Visually estimated from Figure 4b,280.0,uV/K,False,47.0,52.0,5.0,50.76190476190476,1.4331065759637207,52.0,65.0,90.0,25.0,83.80952380952381,7.165532879818594,90.0,107.8682,127.6,19.731799999999993,122.17299047619048,5.685438548752829,127.6,722.66,1234.93,512.2700000000001,871.9838095238096,156.43446712018144,722.66,11.0,16.0,5.0,14.761904761904761,1.4331065759637196,16.0,5.0,5.0,0.0,5.0,0.0,5.0,138.0,145.0,7.0,139.61904761904762,2.049886621315194,138.0,1.93,2.1,0.17000000000000015,2.0533333333333332,0.048888888888889,2.1,1.0,2.0,1.0,1.8095238095238095,0.30839002267573695,2.0,0.0,4.0,4.0,2.9523809523809526,1.1247165532879817,4.0,10.0,10.0,0.0,10.0,0.0,10.0,0.0,0.0,0.0,0.0,0.0,0.0,11.0,16.0,5.0,14.761904761904761,1.4331065759637196,16.0,0.0,1.0,1.0,0.19047619047619047,0.30839002267573695,0.0,0.0,3.0,3.0,1.9047619047619047,0.7256235827664398,2.0,0.0,0.0,0.0,0.0,0.0,0.0,0.0,0.0,0.0,0.0,0.0,0.0,1.0,3.0,2.0,2.0952380952380953,0.5170068027210885,2.0,16.33,34.7633333333,18.4333333333,30.336984126966666,5.335993953130157,34.7633333333,0.0,0.464,0.464,0.24304761904761907,0.23147392290249433,0.464,0.0,0.0,0.0,0.0,0.0,0.0,152.0,225.0,73.0,169.9047619047619,20.98866213151927,152.0,1.8095238095238095,2.9523809523809526,10.0,0.0,0.12258064516129033,0.2,0.6774193548387097,0.0,8.418349425754691,0.10194029850746285,0.8,3.0,1.0,0.19047619047619047,0.2857142857142857,0.5238095238095238,575.0,0.0,0.0
ja6c00040.pdf,10.1021/jacs.6c00040,AgSbTe2,bulk Ag0.8Sb1.2Te2.2,Ag0.8Sb1.2Te2.2,Ag,0.8,Ag,Sb (1.2) @ Sb; Te (2.2) @ Te,Ag (0.8) @ Ag site; Sb (1.2) @ Sb site; Te (2.2) @ Te site,figure,Figure 4b,Visually estimated from Figure 4b,239.99999999999997,uV/K,False,47.0,52.0,5.0,50.76190476190476,1.4331065759637207,52.0,65.0,90.0,25.0,83.80952380952381,7.165532879818594,90.0,107.8682,127.6,19.731799999999993,122.17299047619048,5.685438548752829,127.6,722.66,1234.93,512.2700000000001,871.9838095238096,156.43446712018144,722.66,11.0,16.0,5.0,14.761904761904761,1.4331065759637196,16.0,5.0,5.0,0.0,5.0,0.0,5.0,138.0,145.0,7.0,139.61904761904762,2.049886621315194,138.0,1.93,2.1,0.17000000000000015,2.0533333333333332,0.048888888888889,2.1,1.0,2.0,1.0,1.8095238095238095,0.30839002267573695,2.0,0.0,4.0,4.0,2.9523809523809526,1.1247165532879817,4.0,10.0,10.0,0.0,10.0,0.0,10.0,0.0,0.0,0.0,0.0,0.0,0.0,11.0,16.0,5.0,14.761904761904761,1.4331065759637196,16.0,0.0,1.0,1.0,0.19047619047619047,0.30839002267573695,0.0,0.0,3.0,3.0,1.9047619047619047,0.7256235827664398,2.0,0.0,0.0,0.0,0.0,0.0,0.0,0.0,0.0,0.0,0.0,0.0,0.0,1.0,3.0,2.0,2.0952380952380953,0.5170068027210885,2.0,16.33,34.7633333333,18.4333333333,30.336984126966666,5.335993953130157,34.7633333333,0.0,0.464,0.464,0.24304761904761907,0.23147392290249433,0.464,0.0,0.0,0.0,0.0,0.0,0.0,152.0,225.0,73.0,169.9047619047619,20.98866213151927,152.0,1.8095238095238095,2.9523809523809526,10.0,0.0,0.12258064516129033,0.2,0.6774193548387097,0.0,8.418349425754691,0.10194029850746285,0.8,3.0,1.0,0.19047619047619047,0.2857142857142857,0.5238095238095238,575.0,0.0,0.0
jp4c04467.pdf,10.1021/acs.jpcc.4c04467,AgSbTe2,AgSbTe2,AgSbTe2,,,,,,body text,,,197.0,uV/K,False,47.0,52.0,5.0,50.5,1.75,52.0,65.0,90.0,25.0,82.5,8.75,90.0,107.8682,127.6,19.731799999999993,121.20705,6.669425,127.6,722.66,1234.93,512.2700000000001,896.0074999999999,173.34750000000003,722.66,11.0,16.0,5.0,14.5,1.75,16.0,5.0,5.0,0.0,5.0,0.0,5.0,138.0,145.0,7.0,140.0,2.5,138.0,1.93,2.1,0.17000000000000015,2.045,0.05750000000000005,2.1,1.0,2.0,1.0,1.75,0.375,2.0,0.0,4.0,4.0,2.75,1.375,4.0,10.0,10.0,0.0,10.0,0.0,10.0,0.0,0.0,0.0,0.0,0.0,0.0,11.0,16.0,5.0,14.5,1.75,16.0,0.0,1.0,1.0,0.25,0.375,0.0,0.0,3.0,3.0,1.75,0.875,2.0,0.0,0.0,0.0,0.0,0.0,0.0,0.0,0.0,0.0,0.0,0.0,0.0,1.0,3.0,2.0,2.0,0.5,2.0,16.33,34.7633333333,18.4333333333,29.35416666665,6.512083333324999,34.7633333333,0.0,0.464,0.464,0.232,0.232,0.464,0.0,0.0,0.0,0.0,0.0,0.0,152.0,225.0,73.0,173.75,25.625,152.0,1.75,2.75,10.0,0.0,0.1206896551724138,0.1896551724137931,0.6896551724137931,0.0,8.644719482306641,0.11200000000000014,,0.0,0.0,0.25,0.25,0.5,300.0,,
jp4c04467.pdf,10.1021/acs.jpcc.4c04467,AgSbTe2,AgSbTe1.94S0.06,AgSbTe1.94S0.06,S,x = 0.06,Te,,S (x = 0.06) @ Te site,body text,,,189.0,uV/K,False,16.0,52.0,36.0,49.96,2.4987999999999997,52.0,65.0,90.0,25.0,82.47,8.735000000000001,90.0,32.065,127.6,95.535,119.774025,8.58418325,127.6,388.36,1234.93,846.57,890.9929999999999,178.36200000000002,722.66,11.0,16.0,5.0,14.5,1.75,16.0,3.0,5.0,2.0,4.97,0.059100000000000236,5.0,105.0,145.0,40.0,139.505,2.747499999999998,138.0,1.93,2.58,0.6500000000000001,2.0521999999999996,0.0622000000000001,2.1,1.0,2.0,1.0,1.75,0.37499999999999994,2.0,0.0,4.0,4.0,2.75,1.375,4.0,0.0,10.0,10.0,9.85,0.2955000000000003,10.0,0.0,0.0,0.0,0.0,0.0,0.0,6.0,16.0,10.0,14.35,1.9255000000000002,16.0,0.0,1.0,1.0,0.25,0.37499999999999994,0.0,0.0,3.0,3.0,1.75,0.875,2.0,0.0,0.0,0.0,0.0,0.0,0.0,0.0,0.0,0.0,0.0,0.0,0.0,1.0,3.0,2.0,2.0,0.5,2.0,16.33,34.7633333333,18.4333333333,29.219519791650498,6.5477392395747644,34.7633333333,0.0,2.202,2.202,0.25807,0.25807,0.464,0.0,0.0,0.0,0.0,0.0,0.0,70.0,225.0,155.0,172.52,26.240000000000006,152.0,1.75,2.75,9.85,0.0,0.12195121951219512,0.1916376306620209,0.686411149825784,0.0,9.204873842506112,0.13163005238058026,0.06,1.0,0.0,0.25,0.25,0.485,300.0,0.0,0.3699999999999999
materials-15-02843.pdf,10.3390/ma15082843,AgSbTe2-family,9-AgSbTe2,AgSbTe2,carrier concentration,10^20 e-/cm^3,unclear,,carrier concentration (10^20 e-/cm^3) @ unclear site,figure,Fig. 2c,Visually estimated from Fig. 2c,150.0,uV/K,False,47.0,52.0,5.0,50.5,1.75,52.0,65.0,90.0,25.0,82.5,8.75,90.0,107.8682,127.6,19.731799999999993,121.20705,6.669425,127.6,722.66,1234.93,512.2700000000001,896.0074999999999,173.34750000000003,722.66,11.0,16.0,5.0,14.5,1.75,16.0,5.0,5.0,0.0,5.0,0.0,5.0,138.0,145.0,7.0,140.0,2.5,138.0,1.93,2.1,0.17000000000000015,2.045,0.05750000000000005,2.1,1.0,2.0,1.0,1.75,0.375,2.0,0.0,4.0,4.0,2.75,1.375,4.0,10.0,10.0,0.0,10.0,0.0,10.0,0.0,0.0,0.0,0.0,0.0,0.0,11.0,16.0,5.0,14.5,1.75,16.0,0.0,1.0,1.0,0.25,0.375,0.0,0.0,3.0,3.0,1.75,0.875,2.0,0.0,0.0,0.0,0.0,0.0,0.0,0.0,0.0,0.0,0.0,0.0,0.0,1.0,3.0,2.0,2.0,0.5,2.0,16.33,34.7633333333,18.4333333333,29.35416666665,6.512083333324999,34.7633333333,0.0,0.464,0.464,0.232,0.232,0.464,0.0,0.0,0.0,0.0,0.0,0.0,152.0,225.0,73.0,173.75,25.625,152.0,1.75,2.75,10.0,0.0,0.1206896551724138,0.1896551724137931,0.6896551724137931,0.0,8.644719482306641,0.11200000000000014,0.1,1.0,0.0,0.25,0.25,0.5,300.0,,
materials-15-02843.pdf,10.3390/ma15082843,AgSbTe2-family,9-AgSbTe2,AgSbTe2,carrier concentration,10^20 e-/cm^3,unclear,,carrier concentration (10^20 e-/cm^3) @ unclear site,figure,Fig. 2c,Visually estimated from Fig. 2c,250.0,uV/K,False,47.0,52.0,5.0,50.5,1.75,52.0,65.0,90.0,25.0,82.5,8.75,90.0,107.8682,127.6,19.731799999999993,121.20705,6.669425,127.6,722.66,1234.93,512.2700000000001,896.0074999999999,173.34750000000003,722.66,11.0,16.0,5.0,14.5,1.75,16.0,5.0,5.0,0.0,5.0,0.0,5.0,138.0,145.0,7.0,140.0,2.5,138.0,1.93,2.1,0.17000000000000015,2.045,0.05750000000000005,2.1,1.0,2.0,1.0,1.75,0.375,2.0,0.0,4.0,4.0,2.75,1.375,4.0,10.0,10.0,0.0,10.0,0.0,10.0,0.0,0.0,0.0,0.0,0.0,0.0,11.0,16.0,5.0,14.5,1.75,16.0,0.0,1.0,1.0,0.25,0.375,0.0,0.0,3.0,3.0,1.75,0.875,2.0,0.0,0.0,0.0,0.0,0.0,0.0,0.0,0.0,0.0,0.0,0.0,0.0,1.0,3.0,2.0,2.0,0.5,2.0,16.33,34.7633333333,18.4333333333,29.35416666665,6.512083333324999,34.7633333333,0.0,0.464,0.464,0.232,0.232,0.464,0.0,0.0,0.0,0.0,0.0,0.0,152.0,225.0,73.0,173.75,25.625,152.0,1.75,2.75,10.0,0.0,0.1206896551724138,0.1896551724137931,0.6896551724137931,0.0,8.644719482306641,0.11200000000000014,0.1,1.0,0.0,0.25,0.25,0.5,600.0,,
materials-15-02843.pdf,10.3390/ma15082843,AgSbTe2-family,9-AgSbTe2,AgSbTe2,carrier concentration,10^20 e-/cm^3,unclear,,carrier concentration (10^20 e-/cm^3) @ unclear site,figure,Fig. 2c,Visually estimated from Fig. 2c,300.0,uV/K,False,47.0,52.0,5.0,50.5,1.75,52.0,65.0,90.0,25.0,82.5,8.75,90.0,107.8682,127.6,19.731799999999993,121.20705,6.669425,127.6,722.66,1234.93,512.2700000000001,896.0074999999999,173.34750000000003,722.66,11.0,16.0,5.0,14.5,1.75,16.0,5.0,5.0,0.0,5.0,0.0,5.0,138.0,145.0,7.0,140.0,2.5,138.0,1.93,2.1,0.17000000000000015,2.045,0.05750000000000005,2.1,1.0,2.0,1.0,1.75,0.375,2.0,0.0,4.0,4.0,2.75,1.375,4.0,10.0,10.0,0.0,10.0,0.0,10.0,0.0,0.0,0.0,0.0,0.0,0.0,11.0,16.0,5.0,14.5,1.75,16.0,0.0,1.0,1.0,0.25,0.375,0.0,0.0,3.0,3.0,1.75,0.875,2.0,0.0,0.0,0.0,0.0,0.0,0.0,0.0,0.0,0.0,0.0,0.0,0.0,1.0,3.0,2.0,2.0,0.5,2.0,16.33,34.7633333333,18.4333333333,29.35416666665,6.512083333324999,34.7633333333,0.0,0.464,0.464,0.232,0.232,0.464,0.0,0.0,0.0,0.0,0.0,0.0,152.0,225.0,73.0,173.75,25.625,152.0,1.75,2.75,10.0,0.0,0.1206896551724138,0.1896551724137931,0.6896551724137931,0.0,8.644719482306641,0.11200000000000014,0.1,1.0,0.0,0.25,0.25,0.5,900.0,,
materials-15-02843.pdf,10.3390/ma15082843,AgSbTe2-family,AgSb0.94Cd0.06Te2,AgSb0.94Cd0.06Te2,Cd,6 mol%,Sb,,Cd (6 mol%) @ Sb site,figure,,Visually estimated from Fig. 8a,250.0,uV/K,False,47.0,52.0,5.0,50.455,1.8011500000000007,52.0,65.0,90.0,25.0,82.27499999999999,9.005750000000004,90.0,107.8682,127.6,19.731799999999993,121.06681499999999,6.858981950000002,127.6,594.22,1234.93,640.71,891.3641,177.618423,722.66,11.0,16.0,5.0,14.455,1.8011499999999998,16.0,5.0,5.0,0.0,5.0,0.0,5.0,138.0,145.0,7.0,140.075,2.580249999999995,138.0,1.69,2.1,0.41000000000000014,2.0396,0.06528799999999998,2.1,1.0,2.0,1.0,1.75,0.375,2.0,0.0,4.0,4.0,2.705,1.43365,4.0,10.0,10.0,0.0,10.0,0.0,10.0,0.0,0.0,0.0,0.0,0.0,0.0,11.0,16.0,5.0,14.455,1.8011499999999998,16.0,0.0,1.0,1.0,0.25,0.375,0.0,0.0,3.0,3.0,1.705,0.90365,2.0,0.0,0.0,0.0,0.0,0.0,0.0,0.0,0.0,0.0,0.0,0.0,0.0,0.0,3.0,3.0,1.955,0.53615,2.0,16.33,34.7633333333,18.4333333333,29.17319166665,6.711941583324499,34.7633333333,0.0,0.464,0.464,0.232,0.232,0.464,0.0,0.0,0.0,0.0,0.0,0.0,152.0,225.0,73.0,174.17,26.009899999999995,152.0,1.75,2.705,10.0,0.0,0.12106537530266344,0.18713248011068834,0.6918021445866482,0.0,9.11649772763948,0.1247338027054823,0.06,1.0,0.0,0.25,0.235,0.5,300.0,1.0,0.19000000000000006
materials-15-02843.pdf,10.3390/ma15082843,AgSbTe2-family,AgSb0.94Cd0.06Te2,AgSb0.94Cd0.06Te2,Cd,6 mol%,Sb,,Cd (6 mol%) @ Sb site,figure,,Visually estimated from Fig. 8a,350.0,uV/K,False,47.0,52.0,5.0,50.455,1.8011500000000007,52.0,65.0,90.0,25.0,82.27499999999999,9.005750000000004,90.0,107.8682,127.6,19.731799999999993,121.06681499999999,6.858981950000002,127.6,594.22,1234.93,640.71,891.3641,177.618423,722.66,11.0,16.0,5.0,14.455,1.8011499999999998,16.0,5.0,5.0,0.0,5.0,0.0,5.0,138.0,145.0,7.0,140.075,2.580249999999995,138.0,1.69,2.1,0.41000000000000014,2.0396,0.06528799999999998,2.1,1.0,2.0,1.0,1.75,0.375,2.0,0.0,4.0,4.0,2.705,1.43365,4.0,10.0,10.0,0.0,10.0,0.0,10.0,0.0,0.0,0.0,0.0,0.0,0.0,11.0,16.0,5.0,14.455,1.8011499999999998,16.0,0.0,1.0,1.0,0.25,0.375,0.0,0.0,3.0,3.0,1.705,0.90365,2.0,0.0,0.0,0.0,0.0,0.0,0.0,0.0,0.0,0.0,0.0,0.0,0.0,0.0,3.0,3.0,1.955,0.53615,2.0,16.33,34.7633333333,18.4333333333,29.17319166665,6.711941583324499,34.7633333333,0.0,0.464,0.464,0.232,0.232,0.464,0.0,0.0,0.0,0.0,0.0,0.0,152.0,225.0,73.0,174.17,26.009899999999995,152.0,1.75,2.705,10.0,0.0,0.12106537530266344,0.18713248011068834,0.6918021445866482,0.0,9.11649772763948,0.1247338027054823,0.06,1.0,0.0,0.25,0.235,0.5,900.0,1.0,0.19000000000000006
materials-15-02843.pdf,10.3390/ma15082843,AgSbTe2-family,AgSbTe1.85Se0.15,AgSbTe1.85Se0.15,Se,0.15,Te,,Se (0.15) @ Te site,figure,,Visually estimated from Fig. 8a,199.99999999999997,uV/K,False,34.0,52.0,18.0,49.824999999999996,2.5993750000000015,52.0,65.0,90.0,25.0,82.4625,8.731249999999998,90.0,78.96,127.6,48.64,119.38305,8.789153749999999,127.6,494.0,1234.93,740.9300000000001,887.43275,181.92225000000002,722.66,11.0,16.0,5.0,14.5,1.75,16.0,4.0,5.0,1.0,4.9625,0.07218749999999968,5.0,120.0,145.0,25.0,139.325,2.837499999999994,138.0,1.93,2.55,0.6199999999999999,2.061875,0.07187500000000009,2.1,1.0,2.0,1.0,1.75,0.375,2.0,0.0,4.0,4.0,2.75,1.375,4.0,10.0,10.0,0.0,10.0,0.0,10.0,0.0,0.0,0.0,0.0,0.0,0.0,11.0,16.0,5.0,14.5,1.75,16.0,0.0,1.0,1.0,0.25,0.375,0.0,0.0,3.0,3.0,1.75,0.875,2.0,0.0,0.0,0.0,0.0,0.0,0.0,0.0,0.0,0.0,0.0,0.0,0.0,1.0,3.0,2.0,2.0,0.5,2.0,16.33,34.7633333333,18.4333333333,29.02254166665125,6.578961458324467,34.7633333333,0.0,0.799,0.799,0.24456250000000002,0.24456250000000002,0.464,0.0,0.0,0.0,0.0,0.0,0.0,14.0,225.0,211.0,168.57500000000002,28.21250000000001,152.0,1.75,2.75,10.0,0.0,0.1206896551724138,0.1896551724137931,0.6896551724137931,0.0,9.752141313235201,0.15535291331122703,0.15,1.0,0.0,0.25,0.25,0.4625,300.0,0.0,0.22999999999999976
materials-15-02843.pdf,10.3390/ma15082843,AgSbTe2-family,AgSbTe1.85Se0.15,AgSbTe1.85Se0.15,Se,0.15,Te,,Se (0.15) @ Te site,figure,,Visually estimated from Fig. 8a,300.0,uV/K,False,34.0,52.0,18.0,49.824999999999996,2.5993750000000015,52.0,65.0,90.0,25.0,82.4625,8.731249999999998,90.0,78.96,127.6,48.64,119.38305,8.789153749999999,127.6,494.0,1234.93,740.9300000000001,887.43275,181.92225000000002,722.66,11.0,16.0,5.0,14.5,1.75,16.0,4.0,5.0,1.0,4.9625,0.07218749999999968,5.0,120.0,145.0,25.0,139.325,2.837499999999994,138.0,1.93,2.55,0.6199999999999999,2.061875,0.07187500000000009,2.1,1.0,2.0,1.0,1.75,0.375,2.0,0.0,4.0,4.0,2.75,1.375,4.0,10.0,10.0,0.0,10.0,0.0,10.0,0.0,0.0,0.0,0.0,0.0,0.0,11.0,16.0,5.0,14.5,1.75,16.0,0.0,1.0,1.0,0.25,0.375,0.0,0.0,3.0,3.0,1.75,0.875,2.0,0.0,0.0,0.0,0.0,0.0,0.0,0.0,0.0,0.0,0.0,0.0,0.0,1.0,3.0,2.0,2.0,0.5,2.0,16.33,34.7633333333,18.4333333333,29.02254166665125,6.578961458324467,34.7633333333,0.0,0.799,0.799,0.24456250000000002,0.24456250000000002,0.464,0.0,0.0,0.0,0.0,0.0,0.0,14.0,225.0,211.0,168.57500000000002,28.21250000000001,152.0,1.75,2.75,10.0,0.0,0.1206896551724138,0.1896551724137931,0.6896551724137931,0.0,9.752141313235201,0.15535291331122703,0.15,1.0,0.0,0.25,0.25,0.4625,900.0,0.0,0.22999999999999976
nanomaterials-12-03910.pdf,10.3390/nano12213910,AgSbTe2,AgSbTe2 (arc-melted),AgSbTe2,,,,,,body text,,,270.0,uV/K,False,47.0,52.0,5.0,50.5,1.75,52.0,65.0,90.0,25.0,82.5,8.75,90.0,107.8682,127.6,19.731799999999993,121.20705,6.669425,127.6,722.66,1234.93,512.2700000000001,896.0074999999999,173.34750000000003,722.66,11.0,16.0,5.0,14.5,1.75,16.0,5.0,5.0,0.0,5.0,0.0,5.0,138.0,145.0,7.0,140.0,2.5,138.0,1.93,2.1,0.17000000000000015,2.045,0.05750000000000005,2.1,1.0,2.0,1.0,1.75,0.375,2.0,0.0,4.0,4.0,2.75,1.375,4.0,10.0,10.0,0.0,10.0,0.0,10.0,0.0,0.0,0.0,0.0,0.0,0.0,11.0,16.0,5.0,14.5,1.75,16.0,0.0,1.0,1.0,0.25,0.375,0.0,0.0,3.0,3.0,1.75,0.875,2.0,0.0,0.0,0.0,0.0,0.0,0.0,0.0,0.0,0.0,0.0,0.0,0.0,1.0,3.0,2.0,2.0,0.5,2.0,16.33,34.7633333333,18.4333333333,29.35416666665,6.512083333324999,34.7633333333,0.0,0.464,0.464,0.232,0.232,0.464,0.0,0.0,0.0,0.0,0.0,0.0,152.0,225.0,73.0,173.75,25.625,152.0,1.75,2.75,10.0,0.0,0.1206896551724138,0.1896551724137931,0.6896551724137931,0.0,8.644719482306641,0.11200000000000014,,0.0,0.0,0.25,0.25,0.5,300.0,,
nanomaterials-12-03910.pdf,10.3390/nano12213910,AgSbTe2,arc-melted AgSbTe2,AgSbTe2,,,,,,figure,Fig. 4b,Visually estimated from Fig. 4b,199.99999999999997,uV/K,False,47.0,52.0,5.0,50.5,1.75,52.0,65.0,90.0,25.0,82.5,8.75,90.0,107.8682,127.6,19.731799999999993,121.20705,6.669425,127.6,722.66,1234.93,512.2700000000001,896.0074999999999,173.34750000000003,722.66,11.0,16.0,5.0,14.5,1.75,16.0,5.0,5.0,0.0,5.0,0.0,5.0,138.0,145.0,7.0,140.0,2.5,138.0,1.93,2.1,0.17000000000000015,2.045,0.05750000000000005,2.1,1.0,2.0,1.0,1.75,0.375,2.0,0.0,4.0,4.0,2.75,1.375,4.0,10.0,10.0,0.0,10.0,0.0,10.0,0.0,0.0,0.0,0.0,0.0,0.0,11.0,16.0,5.0,14.5,1.75,16.0,0.0,1.0,1.0,0.25,0.375,0.0,0.0,3.0,3.0,1.75,0.875,2.0,0.0,0.0,0.0,0.0,0.0,0.0,0.0,0.0,0.0,0.0,0.0,0.0,1.0,3.0,2.0,2.0,0.5,2.0,16.33,34.7633333333,18.4333333333,29.35416666665,6.512083333324999,34.7633333333,0.0,0.464,0.464,0.232,0.232,0.464,0.0,0.0,0.0,0.0,0.0,0.0,152.0,225.0,73.0,173.75,25.625,152.0,1.75,2.75,10.0,0.0,0.1206896551724138,0.1896551724137931,0.6896551724137931,0.0,8.644719482306641,0.11200000000000014,,0.0,0.0,0.25,0.25,0.5,300.0,,
nanomaterials-12-03910.pdf,10.3390/nano12213910,AgSbTe2,arc-melted AgSbTe2,AgSbTe2,,,,,,figure,Fig. 4b,Visually estimated from Fig. 4b,339.99999999999994,uV/K,False,47.0,52.0,5.0,50.5,1.75,52.0,65.0,90.0,25.0,82.5,8.75,90.0,107.8682,127.6,19.731799999999993,121.20705,6.669425,127.6,722.66,1234.93,512.2700000000001,896.0074999999999,173.34750000000003,722.66,11.0,16.0,5.0,14.5,1.75,16.0,5.0,5.0,0.0,5.0,0.0,5.0,138.0,145.0,7.0,140.0,2.5,138.0,1.93,2.1,0.17000000000000015,2.045,0.05750000000000005,2.1,1.0,2.0,1.0,1.75,0.375,2.0,0.0,4.0,4.0,2.75,1.375,4.0,10.0,10.0,0.0,10.0,0.0,10.0,0.0,0.0,0.0,0.0,0.0,0.0,11.0,16.0,5.0,14.5,1.75,16.0,0.0,1.0,1.0,0.25,0.375,0.0,0.0,3.0,3.0,1.75,0.875,2.0,0.0,0.0,0.0,0.0,0.0,0.0,0.0,0.0,0.0,0.0,0.0,0.0,1.0,3.0,2.0,2.0,0.5,2.0,16.33,34.7633333333,18.4333333333,29.35416666665,6.512083333324999,34.7633333333,0.0,0.464,0.464,0.232,0.232,0.464,0.0,0.0,0.0,0.0,0.0,0.0,152.0,225.0,73.0,173.75,25.625,152.0,1.75,2.75,10.0,0.0,0.1206896551724138,0.1896551724137931,0.6896551724137931,0.0,8.644719482306641,0.11200000000000014,,0.0,0.0,0.25,0.25,0.5,540.0,,
nz1c01184.pdf,10.1021/acsenergylett.1c01184,AgSbTe2,AgSb1-xCd xTe2 (x=0.02),AgSb0.98Cd0.02Te2,Cd,2 mol %,Sb,,Cd (2 mol %) @ Sb site,figure,Fig. 7b,Visually estimated from Fig. 7b,239.99999999999997,uV/K,False,47.0,52.0,5.0,50.485,1.7673500000000002,52.0,65.0,90.0,25.0,82.42500000000001,8.836749999999995,90.0,107.8682,127.6,19.731799999999993,121.160305,6.7335455500000005,127.6,594.22,1234.93,640.71,894.4596999999999,174.80209700000003,722.66,11.0,16.0,5.0,14.485,1.7673500000000002,16.0,5.0,5.0,0.0,5.0,0.0,5.0,138.0,145.0,7.0,140.025,2.5272500000000027,138.0,1.69,2.1,0.41000000000000014,2.0432,0.060131999999999956,2.1,1.0,2.0,1.0,1.75,0.375,2.0,0.0,4.0,4.0,2.735,1.39485,4.0,10.0,10.0,0.0,10.0,0.0,10.0,0.0,0.0,0.0,0.0,0.0,0.0,11.0,16.0,5.0,14.485,1.7673500000000002,16.0,0.0,1.0,1.0,0.25,0.375,0.0,0.0,3.0,3.0,1.7349999999999999,0.88485,2.0,0.0,0.0,0.0,0.0,0.0,0.0,0.0,0.0,0.0,0.0,0.0,0.0,0.0,3.0,3.0,1.9849999999999999,0.5123500000000001,2.0,16.33,34.7633333333,18.4333333333,29.293841666649996,6.5799092499915,34.7633333333,0.0,0.464,0.464,0.232,0.23199999999999998,0.464,0.0,0.0,0.0,0.0,0.0,0.0,152.0,225.0,73.0,173.89,25.756099999999993,152.0,1.75,2.735,10.0,0.0,0.12081463583016915,0.18881601656886435,0.6903693476009666,0.0,8.848505117923192,0.11631524424256928,0.02,1.0,0.0,0.25,0.245,0.5,300.0,1.0,0.19000000000000006
nz6b00639.pdf,10.1021/acsenergylett.6b00639,AgSbTe2,AgSbTe2,AgSbTe2,,,,,,body text,,,263.99999999999994,uV/K,False,47.0,52.0,5.0,50.5,1.75,52.0,65.0,90.0,25.0,82.5,8.75,90.0,107.8682,127.6,19.731799999999993,121.20705,6.669425,127.6,722.66,1234.93,512.2700000000001,896.0074999999999,173.34750000000003,722.66,11.0,16.0,5.0,14.5,1.75,16.0,5.0,5.0,0.0,5.0,0.0,5.0,138.0,145.0,7.0,140.0,2.5,138.0,1.93,2.1,0.17000000000000015,2.045,0.05750000000000005,2.1,1.0,2.0,1.0,1.75,0.375,2.0,0.0,4.0,4.0,2.75,1.375,4.0,10.0,10.0,0.0,10.0,0.0,10.0,0.0,0.0,0.0,0.0,0.0,0.0,11.0,16.0,5.0,14.5,1.75,16.0,0.0,1.0,1.0,0.25,0.375,0.0,0.0,3.0,3.0,1.75,0.875,2.0,0.0,0.0,0.0,0.0,0.0,0.0,0.0,0.0,0.0,0.0,0.0,0.0,1.0,3.0,2.0,2.0,0.5,2.0,16.33,34.7633333333,18.4333333333,29.35416666665,6.512083333324999,34.7633333333,0.0,0.464,0.464,0.232,0.232,0.464,0.0,0.0,0.0,0.0,0.0,0.0,152.0,225.0,73.0,173.75,25.625,152.0,1.75,2.75,10.0,0.0,0.1206896551724138,0.1896551724137931,0.6896551724137931,0.0,8.644719482306641,0.11200000000000014,,0.0,0.0,0.25,0.25,0.5,300.0,,
nz6b00639.pdf,10.1021/acsenergylett.6b00639,AgSbTe2,AgSbTe2,AgSbTe2,,,,,,body text,,,359.99999999999994,uV/K,False,47.0,52.0,5.0,50.5,1.75,52.0,65.0,90.0,25.0,82.5,8.75,90.0,107.8682,127.6,19.731799999999993,121.20705,6.669425,127.6,722.66,1234.93,512.2700000000001,896.0074999999999,173.34750000000003,722.66,11.0,16.0,5.0,14.5,1.75,16.0,5.0,5.0,0.0,5.0,0.0,5.0,138.0,145.0,7.0,140.0,2.5,138.0,1.93,2.1,0.17000000000000015,2.045,0.05750000000000005,2.1,1.0,2.0,1.0,1.75,0.375,2.0,0.0,4.0,4.0,2.75,1.375,4.0,10.0,10.0,0.0,10.0,0.0,10.0,0.0,0.0,0.0,0.0,0.0,0.0,11.0,16.0,5.0,14.5,1.75,16.0,0.0,1.0,1.0,0.25,0.375,0.0,0.0,3.0,3.0,1.75,0.875,2.0,0.0,0.0,0.0,0.0,0.0,0.0,0.0,0.0,0.0,0.0,0.0,0.0,1.0,3.0,2.0,2.0,0.5,2.0,16.33,34.7633333333,18.4333333333,29.35416666665,6.512083333324999,34.7633333333,0.0,0.464,0.464,0.232,0.232,0.464,0.0,0.0,0.0,0.0,0.0,0.0,152.0,225.0,73.0,173.75,25.625,152.0,1.75,2.75,10.0,0.0,0.1206896551724138,0.1896551724137931,0.6896551724137931,0.0,8.644719482306641,0.11200000000000014,,0.0,0.0,0.25,0.25,0.5,438.0,,
nz6b00639.pdf,10.1021/acsenergylett.6b00639,AgSbTe2,AgSb0.96Zn0.04Te2,AgSb0.96Zn0.04Te2,Zn,0.04,Sb,,Zn (0.04) @ Sb site,body text,,,235.0,uV/K,False,30.0,52.0,22.0,50.290000000000006,2.050799999999997,52.0,65.0,90.0,25.0,82.34,8.936799999999998,90.0,65.38,127.6,62.22,120.64325,7.49279,127.6,692.68,1234.93,542.2500000000001,893.8964999999998,175.26083,722.66,11.0,16.0,5.0,14.469999999999999,1.7844000000000004,16.0,4.0,5.0,1.0,4.99,0.01979999999999979,5.0,122.0,145.0,23.0,139.82999999999998,2.584999999999992,138.0,1.65,2.1,0.4500000000000002,2.041,0.06332000000000006,2.1,1.0,2.0,1.0,1.75,0.375,2.0,0.0,4.0,4.0,2.7199999999999998,1.4144,4.0,10.0,10.0,0.0,10.0,0.0,10.0,0.0,0.0,0.0,0.0,0.0,0.0,11.0,16.0,5.0,14.469999999999999,1.7844000000000004,16.0,0.0,1.0,1.0,0.25,0.375,0.0,0.0,3.0,3.0,1.72,0.8944,2.0,0.0,0.0,0.0,0.0,0.0,0.0,0.0,0.0,0.0,0.0,0.0,0.0,0.0,3.0,3.0,1.97,0.5244000000000001,2.0,13.96,34.7633333333,20.803333333299996,29.17816666665,6.728446666657998,34.7633333333,0.0,0.464,0.464,0.232,0.232,0.464,0.0,0.0,0.0,0.0,0.0,0.0,152.0,225.0,73.0,174.03,25.8844,152.0,1.75,2.7199999999999998,10.0,0.0,0.12093987560469939,0.1879751209398756,0.6910850034554251,0.0,8.993810816868557,0.12181644966656095,0.04,1.0,0.0,0.25,0.24,0.5,300.0,1.0,0.020000000000000018
nz6b00639.pdf,10.1021/acsenergylett.6b00639,AgSbTe2,AgSb0.96Zn0.04Te2,AgSb0.96Zn0.04Te2,Zn,0.04,Sb,,Zn (0.04) @ Sb site,body text,,,274.99999999999994,uV/K,False,30.0,52.0,22.0,50.290000000000006,2.050799999999997,52.0,65.0,90.0,25.0,82.34,8.936799999999998,90.0,65.38,127.6,62.22,120.64325,7.49279,127.6,692.68,1234.93,542.2500000000001,893.8964999999998,175.26083,722.66,11.0,16.0,5.0,14.469999999999999,1.7844000000000004,16.0,4.0,5.0,1.0,4.99,0.01979999999999979,5.0,122.0,145.0,23.0,139.82999999999998,2.584999999999992,138.0,1.65,2.1,0.4500000000000002,2.041,0.06332000000000006,2.1,1.0,2.0,1.0,1.75,0.375,2.0,0.0,4.0,4.0,2.7199999999999998,1.4144,4.0,10.0,10.0,0.0,10.0,0.0,10.0,0.0,0.0,0.0,0.0,0.0,0.0,11.0,16.0,5.0,14.469999999999999,1.7844000000000004,16.0,0.0,1.0,1.0,0.25,0.375,0.0,0.0,3.0,3.0,1.72,0.8944,2.0,0.0,0.0,0.0,0.0,0.0,0.0,0.0,0.0,0.0,0.0,0.0,0.0,0.0,3.0,3.0,1.97,0.5244000000000001,2.0,13.96,34.7633333333,20.803333333299996,29.17816666665,6.728446666657998,34.7633333333,0.0,0.464,0.464,0.232,0.232,0.464,0.0,0.0,0.0,0.0,0.0,0.0,152.0,225.0,73.0,174.03,25.8844,152.0,1.75,2.7199999999999998,10.0,0.0,0.12093987560469939,0.1879751209398756,0.6910850034554251,0.0,8.993810816868557,0.12181644966656095,0.04,1.0,0.0,0.25,0.24,0.5,610.0,1.0,0.020000000000000018
nz6b00639.pdf,10.1021/acsenergylett.6b00639,AgSbTe2,Ag0.96Zn0.04Te2,Ag0.96Zn0.04Te2,Zn,0.04,Sb,,Zn (0.04) @ Sb site,body text,,,274.99999999999994,uV/K,False,30.0,52.0,22.0,50.10666666666666,2.524444444444446,52.0,65.0,90.0,25.0,81.72,11.040000000000001,90.0,65.38,127.6,62.22,120.456224,9.525034666666661,127.6,692.68,1234.93,542.2500000000001,886.1866666666666,223.19573333333335,722.66,11.0,16.0,5.0,14.346666666666666,2.204444444444445,16.0,4.0,5.0,1.0,4.986666666666667,0.026311111111110546,5.0,122.0,145.0,23.0,140.02666666666667,3.1829333333333345,138.0,1.65,2.1,0.4500000000000002,2.0396,0.08053333333333339,2.1,1.0,2.0,1.0,1.68,0.43520000000000003,2.0,0.0,4.0,4.0,2.6666666666666665,1.7777777777777777,4.0,10.0,10.0,0.0,10.0,0.0,10.0,0.0,0.0,0.0,0.0,0.0,0.0,11.0,16.0,5.0,14.346666666666666,2.204444444444445,16.0,0.0,1.0,1.0,0.32,0.43520000000000003,0.0,0.0,2.0,2.0,1.3333333333333333,0.8888888888888888,2.0,0.0,0.0,0.0,0.0,0.0,0.0,0.0,0.0,0.0,0.0,0.0,0.0,0.0,2.0,2.0,1.6533333333333333,0.46222222222222226,2.0,13.96,34.7633333333,20.803333333299996,28.587288888866663,8.23472592591111,34.7633333333,0.0,0.464,0.464,0.30933333333333335,0.20622222222222222,0.464,0.0,0.0,0.0,0.0,0.0,0.0,152.0,225.0,73.0,175.92,31.893333333333327,152.0,1.68,2.6666666666666665,10.0,0.0,0.1171003717472119,0.18587360594795538,0.6970260223048328,0.0,5.757728370863799,0.18306122448979606,0.04,1.0,0.0,0.32,0.0,0.6666666666666666,300.0,1.0,0.020000000000000018
nz6b00639.pdf,10.1021/acsenergylett.6b00639,AgSbTe2,Ag0.96Zn0.04Te2,Ag0.96Zn0.04Te2,Zn,0.04,Sb,,Zn (0.04) @ Sb site,body text,,,235.0,uV/K,False,30.0,52.0,22.0,50.10666666666666,2.524444444444446,52.0,65.0,90.0,25.0,81.72,11.040000000000001,90.0,65.38,127.6,62.22,120.456224,9.525034666666661,127.6,692.68,1234.93,542.2500000000001,886.1866666666666,223.19573333333335,722.66,11.0,16.0,5.0,14.346666666666666,2.204444444444445,16.0,4.0,5.0,1.0,4.986666666666667,0.026311111111110546,5.0,122.0,145.0,23.0,140.02666666666667,3.1829333333333345,138.0,1.65,2.1,0.4500000000000002,2.0396,0.08053333333333339,2.1,1.0,2.0,1.0,1.68,0.43520000000000003,2.0,0.0,4.0,4.0,2.6666666666666665,1.7777777777777777,4.0,10.0,10.0,0.0,10.0,0.0,10.0,0.0,0.0,0.0,0.0,0.0,0.0,11.0,16.0,5.0,14.346666666666666,2.204444444444445,16.0,0.0,1.0,1.0,0.32,0.43520000000000003,0.0,0.0,2.0,2.0,1.3333333333333333,0.8888888888888888,2.0,0.0,0.0,0.0,0.0,0.0,0.0,0.0,0.0,0.0,0.0,0.0,0.0,0.0,2.0,2.0,1.6533333333333333,0.46222222222222226,2.0,13.96,34.7633333333,20.803333333299996,28.587288888866663,8.23472592591111,34.7633333333,0.0,0.464,0.464,0.30933333333333335,0.20622222222222222,0.464,0.0,0.0,0.0,0.0,0.0,0.0,152.0,225.0,73.0,175.92,31.893333333333327,152.0,1.68,2.6666666666666665,10.0,0.0,0.1171003717472119,0.18587360594795538,0.6970260223048328,0.0,5.757728370863799,0.18306122448979606,0.04,1.0,0.0,0.32,0.0,0.6666666666666666,610.0,1.0,0.020000000000000018
nz8b00137.pdf,10.1021/acsenergylett.8b00137,AgSnmSbTe2+m,AgSnmSbTe2+m (m=50),AgSn50SbTe52,Ag,m=50,Sn,Sb (m=50) @ Sn,Ag (m=50) @ Sn site; Sb (m=50) @ Sn site,figure,,Visually estimated from Fig. 2b,44.99999999999999,uV/K,False,47.0,52.0,5.0,50.98076923076923,1.0196005917159763,52.0,65.0,90.0,25.0,84.90384615384616,5.098002958579881,90.0,107.8682,127.6,19.731799999999993,123.08007884615384,4.519921153846154,127.6,505.08,1234.93,729.8500000000001,624.7214423076923,115.03984837278107,722.66,11.0,16.0,5.0,14.98076923076923,1.0196005917159765,16.0,5.0,5.0,0.0,5.0,0.0,5.0,138.0,145.0,7.0,138.55769230769232,0.5576923076923077,138.0,1.93,2.1,0.17000000000000015,2.0305769230769233,0.06979659763313616,2.1,1.0,2.0,1.0,1.9903846153846154,0.019045857988165646,2.0,0.0,4.0,4.0,2.9903846153846154,1.0098002958579881,4.0,10.0,10.0,0.0,10.0,0.0,10.0,0.0,0.0,0.0,0.0,0.0,0.0,11.0,16.0,5.0,14.98076923076923,1.0196005917159765,16.0,0.0,1.0,1.0,0.009615384615384616,0.01904585798816568,0.0,0.0,4.0,4.0,2.951923076923077,1.008690828402367,2.0,0.0,0.0,0.0,0.0,0.0,0.0,0.0,0.0,0.0,0.0,0.0,0.0,1.0,4.0,3.0,2.9615384615384617,0.9992603550295859,2.0,16.33,34.7633333333,18.4333333333,33.84455128203461,0.9187820512653846,34.7633333333,0.0,0.464,0.464,0.232,0.232,0.464,0.0,0.0,0.0,0.0,0.0,0.0,141.0,225.0,84.0,147.54807692307693,6.296227810650887,152.0,1.9903846153846154,2.9903846153846154,10.0,0.0,0.13286264441591786,0.199614890885751,0.6675224646983312,0.0,6.551702995131204,0.13602852049910885,0.5,2.0,1.0,0.009615384615384616,0.009615384615384616,0.5,300.0,,
nz8b00137.pdf,10.1021/acsenergylett.8b00137,AgSnmSbTe2+m,AgSnmSbTe2+m (m=5),AgSn5SbTe7,Ag,m=5,Sn,Sb (m=5) @ Sn,Ag (m=5) @ Sn site; Sb (m=5) @ Sn site,figure,,Visually estimated from Fig. 2b,110.0,uV/K,False,47.0,52.0,5.0,50.857142857142854,1.1632653061224494,52.0,65.0,90.0,25.0,84.28571428571429,5.816326530612244,90.0,107.8682,127.6,19.731799999999993,122.59844285714284,5.001557142857142,127.6,505.08,1234.93,729.8500000000001,694.4807142857143,135.28622448979593,722.66,11.0,16.0,5.0,14.857142857142858,1.163265306122449,16.0,5.0,5.0,0.0,5.0,0.0,5.0,138.0,145.0,7.0,138.92857142857142,0.9285714285714286,138.0,1.93,2.1,0.17000000000000015,2.0342857142857147,0.06795918367346938,2.1,1.0,2.0,1.0,1.9285714285714286,0.13265306122448978,2.0,0.0,4.0,4.0,2.9285714285714284,1.0816326530612246,4.0,10.0,10.0,0.0,10.0,0.0,10.0,0.0,0.0,0.0,0.0,0.0,0.0,11.0,16.0,5.0,14.857142857142858,1.163265306122449,16.0,0.0,1.0,1.0,0.07142857142857142,0.13265306122448978,0.0,0.0,4.0,4.0,2.642857142857143,1.0204081632653061,2.0,0.0,0.0,0.0,0.0,0.0,0.0,0.0,0.0,0.0,0.0,0.0,0.0,1.0,4.0,3.0,2.7142857142857144,0.9591836734693876,2.0,16.33,34.7633333333,18.4333333333,32.689880952364284,2.498537414961223,34.7633333333,0.0,0.464,0.464,0.232,0.232,0.464,0.0,0.0,0.0,0.0,0.0,0.0,141.0,225.0,84.0,154.28571428571428,11.775510204081627,152.0,1.9285714285714286,2.9285714285714284,10.0,0.0,0.12980769230769232,0.1971153846153846,0.673076923076923,0.0,9.07359800378948,0.11933333333333344,0.05,2.0,1.0,0.07142857142857142,0.07142857142857142,0.5,300.0,,
s10854-025-15118-x.pdf,10.1007/s10854-025-15118-x,AgSbTe2,MQ-450,AgSbTe2,,,,,,body text,Page 1,,235.0,uV/K,False,47.0,52.0,5.0,50.5,1.75,52.0,65.0,90.0,25.0,82.5,8.75,90.0,107.8682,127.6,19.731799999999993,121.20705,6.669425,127.6,722.66,1234.93,512.2700000000001,896.0074999999999,173.34750000000003,722.66,11.0,16.0,5.0,14.5,1.75,16.0,5.0,5.0,0.0,5.0,0.0,5.0,138.0,145.0,7.0,140.0,2.5,138.0,1.93,2.1,0.17000000000000015,2.045,0.05750000000000005,2.1,1.0,2.0,1.0,1.75,0.375,2.0,0.0,4.0,4.0,2.75,1.375,4.0,10.0,10.0,0.0,10.0,0.0,10.0,0.0,0.0,0.0,0.0,0.0,0.0,11.0,16.0,5.0,14.5,1.75,16.0,0.0,1.0,1.0,0.25,0.375,0.0,0.0,3.0,3.0,1.75,0.875,2.0,0.0,0.0,0.0,0.0,0.0,0.0,0.0,0.0,0.0,0.0,0.0,0.0,1.0,3.0,2.0,2.0,0.5,2.0,16.33,34.7633333333,18.4333333333,29.35416666665,6.512083333324999,34.7633333333,0.0,0.464,0.464,0.232,0.232,0.464,0.0,0.0,0.0,0.0,0.0,0.0,152.0,225.0,73.0,173.75,25.625,152.0,1.75,2.75,10.0,0.0,0.1206896551724138,0.1896551724137931,0.6896551724137931,0.0,8.644719482306641,0.11200000000000014,,0.0,0.0,0.25,0.25,0.5,300.0,,
s10854-025-15118-x.pdf,10.1007/s10854-025-15118-x,AgSbTe2,MQ-450,AgSbTe2,,,,,,body text,Page 5,,294.99999999999994,uV/K,False,47.0,52.0,5.0,50.5,1.75,52.0,65.0,90.0,25.0,82.5,8.75,90.0,107.8682,127.6,19.731799999999993,121.20705,6.669425,127.6,722.66,1234.93,512.2700000000001,896.0074999999999,173.34750000000003,722.66,11.0,16.0,5.0,14.5,1.75,16.0,5.0,5.0,0.0,5.0,0.0,5.0,138.0,145.0,7.0,140.0,2.5,138.0,1.93,2.1,0.17000000000000015,2.045,0.05750000000000005,2.1,1.0,2.0,1.0,1.75,0.375,2.0,0.0,4.0,4.0,2.75,1.375,4.0,10.0,10.0,0.0,10.0,0.0,10.0,0.0,0.0,0.0,0.0,0.0,0.0,11.0,16.0,5.0,14.5,1.75,16.0,0.0,1.0,1.0,0.25,0.375,0.0,0.0,3.0,3.0,1.75,0.875,2.0,0.0,0.0,0.0,0.0,0.0,0.0,0.0,0.0,0.0,0.0,0.0,0.0,1.0,3.0,2.0,2.0,0.5,2.0,16.33,34.7633333333,18.4333333333,29.35416666665,6.512083333324999,34.7633333333,0.0,0.464,0.464,0.232,0.232,0.464,0.0,0.0,0.0,0.0,0.0,0.0,152.0,225.0,73.0,173.75,25.625,152.0,1.75,2.75,10.0,0.0,0.1206896551724138,0.1896551724137931,0.6896551724137931,0.0,8.644719482306641,0.11200000000000014,,0.0,0.0,0.25,0.25,0.5,500.0,,
s10854-026-17196-x.pdf,10.1007/s10854-026-17196-x,AgSbTe2,AST-AS,AgSbTe2,,,,,,body text,Table 6,,404.49999999999994,uV/K,False,47.0,52.0,5.0,50.5,1.75,52.0,65.0,90.0,25.0,82.5,8.75,90.0,107.8682,127.6,19.731799999999993,121.20705,6.669425,127.6,722.66,1234.93,512.2700000000001,896.0074999999999,173.34750000000003,722.66,11.0,16.0,5.0,14.5,1.75,16.0,5.0,5.0,0.0,5.0,0.0,5.0,138.0,145.0,7.0,140.0,2.5,138.0,1.93,2.1,0.17000000000000015,2.045,0.05750000000000005,2.1,1.0,2.0,1.0,1.75,0.375,2.0,0.0,4.0,4.0,2.75,1.375,4.0,10.0,10.0,0.0,10.0,0.0,10.0,0.0,0.0,0.0,0.0,0.0,0.0,11.0,16.0,5.0,14.5,1.75,16.0,0.0,1.0,1.0,0.25,0.375,0.0,0.0,3.0,3.0,1.75,0.875,2.0,0.0,0.0,0.0,0.0,0.0,0.0,0.0,0.0,0.0,0.0,0.0,0.0,1.0,3.0,2.0,2.0,0.5,2.0,16.33,34.7633333333,18.4333333333,29.35416666665,6.512083333324999,34.7633333333,0.0,0.464,0.464,0.232,0.232,0.464,0.0,0.0,0.0,0.0,0.0,0.0,152.0,225.0,73.0,173.75,25.625,152.0,1.75,2.75,10.0,0.0,0.1206896551724138,0.1896551724137931,0.6896551724137931,0.0,8.644719482306641,0.11200000000000014,,0.0,0.0,0.25,0.25,0.5,300.0,,
s10854-026-17196-x.pdf,10.1007/s10854-026-17196-x,AgSbTe2,AST-50,AgSbTe2,,,,,,body text,Table 6,,303.0,uV/K,False,47.0,52.0,5.0,50.5,1.75,52.0,65.0,90.0,25.0,82.5,8.75,90.0,107.8682,127.6,19.731799999999993,121.20705,6.669425,127.6,722.66,1234.93,512.2700000000001,896.0074999999999,173.34750000000003,722.66,11.0,16.0,5.0,14.5,1.75,16.0,5.0,5.0,0.0,5.0,0.0,5.0,138.0,145.0,7.0,140.0,2.5,138.0,1.93,2.1,0.17000000000000015,2.045,0.05750000000000005,2.1,1.0,2.0,1.0,1.75,0.375,2.0,0.0,4.0,4.0,2.75,1.375,4.0,10.0,10.0,0.0,10.0,0.0,10.0,0.0,0.0,0.0,0.0,0.0,0.0,11.0,16.0,5.0,14.5,1.75,16.0,0.0,1.0,1.0,0.25,0.375,0.0,0.0,3.0,3.0,1.75,0.875,2.0,0.0,0.0,0.0,0.0,0.0,0.0,0.0,0.0,0.0,0.0,0.0,0.0,1.0,3.0,2.0,2.0,0.5,2.0,16.33,34.7633333333,18.4333333333,29.35416666665,6.512083333324999,34.7633333333,0.0,0.464,0.464,0.232,0.232,0.464,0.0,0.0,0.0,0.0,0.0,0.0,152.0,225.0,73.0,173.75,25.625,152.0,1.75,2.75,10.0,0.0,0.1206896551724138,0.1896551724137931,0.6896551724137931,0.0,8.644719482306641,0.11200000000000014,,0.0,0.0,0.25,0.25,0.5,300.0,,
s10854-026-17196-x.pdf,10.1007/s10854-026-17196-x,AgSbTe2,AST-70,AgSbTe2,,,,,,body text,Table 6,,200.2,uV/K,False,47.0,52.0,5.0,50.5,1.75,52.0,65.0,90.0,25.0,82.5,8.75,90.0,107.8682,127.6,19.731799999999993,121.20705,6.669425,127.6,722.66,1234.93,512.2700000000001,896.0074999999999,173.34750000000003,722.66,11.0,16.0,5.0,14.5,1.75,16.0,5.0,5.0,0.0,5.0,0.0,5.0,138.0,145.0,7.0,140.0,2.5,138.0,1.93,2.1,0.17000000000000015,2.045,0.05750000000000005,2.1,1.0,2.0,1.0,1.75,0.375,2.0,0.0,4.0,4.0,2.75,1.375,4.0,10.0,10.0,0.0,10.0,0.0,10.0,0.0,0.0,0.0,0.0,0.0,0.0,11.0,16.0,5.0,14.5,1.75,16.0,0.0,1.0,1.0,0.25,0.375,0.0,0.0,3.0,3.0,1.75,0.875,2.0,0.0,0.0,0.0,0.0,0.0,0.0,0.0,0.0,0.0,0.0,0.0,0.0,1.0,3.0,2.0,2.0,0.5,2.0,16.33,34.7633333333,18.4333333333,29.35416666665,6.512083333324999,34.7633333333,0.0,0.464,0.464,0.232,0.232,0.464,0.0,0.0,0.0,0.0,0.0,0.0,152.0,225.0,73.0,173.75,25.625,152.0,1.75,2.75,10.0,0.0,0.1206896551724138,0.1896551724137931,0.6896551724137931,0.0,8.644719482306641,0.11200000000000014,,0.0,0.0,0.25,0.25,0.5,300.0,,
s10854-026-17196-x.pdf,10.1007/s10854-026-17196-x,AgSbTe2,AST-90,AgSbTe2,,,,,,body text,Table 6,,175.2,uV/K,False,47.0,52.0,5.0,50.5,1.75,52.0,65.0,90.0,25.0,82.5,8.75,90.0,107.8682,127.6,19.731799999999993,121.20705,6.669425,127.6,722.66,1234.93,512.2700000000001,896.0074999999999,173.34750000000003,722.66,11.0,16.0,5.0,14.5,1.75,16.0,5.0,5.0,0.0,5.0,0.0,5.0,138.0,145.0,7.0,140.0,2.5,138.0,1.93,2.1,0.17000000000000015,2.045,0.05750000000000005,2.1,1.0,2.0,1.0,1.75,0.375,2.0,0.0,4.0,4.0,2.75,1.375,4.0,10.0,10.0,0.0,10.0,0.0,10.0,0.0,0.0,0.0,0.0,0.0,0.0,11.0,16.0,5.0,14.5,1.75,16.0,0.0,1.0,1.0,0.25,0.375,0.0,0.0,3.0,3.0,1.75,0.875,2.0,0.0,0.0,0.0,0.0,0.0,0.0,0.0,0.0,0.0,0.0,0.0,0.0,1.0,3.0,2.0,2.0,0.5,2.0,16.33,34.7633333333,18.4333333333,29.35416666665,6.512083333324999,34.7633333333,0.0,0.464,0.464,0.232,0.232,0.464,0.0,0.0,0.0,0.0,0.0,0.0,152.0,225.0,73.0,173.75,25.625,152.0,1.75,2.75,10.0,0.0,0.1206896551724138,0.1896551724137931,0.6896551724137931,0.0,8.644719482306641,0.11200000000000014,,0.0,0.0,0.25,0.25,0.5,300.0,,
s10854-026-17196-x.pdf,10.1007/s10854-026-17196-x,AgSbTe2,AST-110,AgSbTe2,,,,,,body text,Table 6,,122.0,uV/K,False,47.0,52.0,5.0,50.5,1.75,52.0,65.0,90.0,25.0,82.5,8.75,90.0,107.8682,127.6,19.731799999999993,121.20705,6.669425,127.6,722.66,1234.93,512.2700000000001,896.0074999999999,173.34750000000003,722.66,11.0,16.0,5.0,14.5,1.75,16.0,5.0,5.0,0.0,5.0,0.0,5.0,138.0,145.0,7.0,140.0,2.5,138.0,1.93,2.1,0.17000000000000015,2.045,0.05750000000000005,2.1,1.0,2.0,1.0,1.75,0.375,2.0,0.0,4.0,4.0,2.75,1.375,4.0,10.0,10.0,0.0,10.0,0.0,10.0,0.0,0.0,0.0,0.0,0.0,0.0,11.0,16.0,5.0,14.5,1.75,16.0,0.0,1.0,1.0,0.25,0.375,0.0,0.0,3.0,3.0,1.75,0.875,2.0,0.0,0.0,0.0,0.0,0.0,0.0,0.0,0.0,0.0,0.0,0.0,0.0,1.0,3.0,2.0,2.0,0.5,2.0,16.33,34.7633333333,18.4333333333,29.35416666665,6.512083333324999,34.7633333333,0.0,0.464,0.464,0.232,0.232,0.464,0.0,0.0,0.0,0.0,0.0,0.0,152.0,225.0,73.0,173.75,25.625,152.0,1.75,2.75,10.0,0.0,0.1206896551724138,0.1896551724137931,0.6896551724137931,0.0,8.644719482306641,0.11200000000000014,,0.0,0.0,0.25,0.25,0.5,300.0,,
s11664-015-4102-0.pdf,10.1007/s11664-015-4102-0,AgSbTe2,AgSbTe2,AgSbTe2,,,,,,figure,Fig. 7,,270.0,uV/K,False,47.0,52.0,5.0,50.5,1.75,52.0,65.0,90.0,25.0,82.5,8.75,90.0,107.8682,127.6,19.731799999999993,121.20705,6.669425,127.6,722.66,1234.93,512.2700000000001,896.0074999999999,173.34750000000003,722.66,11.0,16.0,5.0,14.5,1.75,16.0,5.0,5.0,0.0,5.0,0.0,5.0,138.0,145.0,7.0,140.0,2.5,138.0,1.93,2.1,0.17000000000000015,2.045,0.05750000000000005,2.1,1.0,2.0,1.0,1.75,0.375,2.0,0.0,4.0,4.0,2.75,1.375,4.0,10.0,10.0,0.0,10.0,0.0,10.0,0.0,0.0,0.0,0.0,0.0,0.0,11.0,16.0,5.0,14.5,1.75,16.0,0.0,1.0,1.0,0.25,0.375,0.0,0.0,3.0,3.0,1.75,0.875,2.0,0.0,0.0,0.0,0.0,0.0,0.0,0.0,0.0,0.0,0.0,0.0,0.0,1.0,3.0,2.0,2.0,0.5,2.0,16.33,34.7633333333,18.4333333333,29.35416666665,6.512083333324999,34.7633333333,0.0,0.464,0.464,0.232,0.232,0.464,0.0,0.0,0.0,0.0,0.0,0.0,152.0,225.0,73.0,173.75,25.625,152.0,1.75,2.75,10.0,0.0,0.1206896551724138,0.1896551724137931,0.6896551724137931,0.0,8.644719482306641,0.11200000000000014,,0.0,0.0,0.25,0.25,0.5,574.0,,
s11664-015-4102-0.pdf,10.1007/s11664-015-4102-0,AgSbTe2,AgSbTe1.98Se0.02,AgSbTe1.98Se0.02,Se,0.02,Te,,Se (0.02) @ Te site,body text,page 6,,278.0,uV/K,False,34.0,52.0,18.0,50.41,1.8691000000000015,52.0,65.0,90.0,25.0,82.49499999999999,8.747500000000004,90.0,78.96,127.6,48.64,120.96385000000001,6.967863499999995,127.6,494.0,1234.93,740.9300000000001,894.8642,174.49080000000004,722.66,11.0,16.0,5.0,14.5,1.75,16.0,4.0,5.0,1.0,4.994999999999999,0.009950000000000774,5.0,120.0,145.0,25.0,139.91,2.544999999999998,138.0,1.93,2.55,0.6199999999999999,2.04725,0.05862500000000001,2.1,1.0,2.0,1.0,1.75,0.375,2.0,0.0,4.0,4.0,2.75,1.375,4.0,10.0,10.0,0.0,10.0,0.0,10.0,0.0,0.0,0.0,0.0,0.0,0.0,11.0,16.0,5.0,14.5,1.75,16.0,0.0,1.0,1.0,0.25,0.375,0.0,0.0,3.0,3.0,1.75,0.875,2.0,0.0,0.0,0.0,0.0,0.0,0.0,0.0,0.0,0.0,0.0,0.0,0.0,1.0,3.0,2.0,2.0,0.5,2.0,16.33,34.7633333333,18.4333333333,29.3099499999835,6.523874499991584,34.7633333333,0.0,0.799,0.799,0.23367500000000002,0.233675,0.464,0.0,0.0,0.0,0.0,0.0,0.0,14.0,225.0,211.0,173.06,25.970000000000002,152.0,1.75,2.75,10.0,0.0,0.1206896551724138,0.1896551724137931,0.6896551724137931,0.0,8.877530814278654,0.1182276371140568,0.02,1.0,0.0,0.25,0.25,0.495,563.0,0.0,0.22999999999999976
s11664-015-4102-0.pdf,10.1007/s11664-015-4102-0,AgSbTe2,AgSbTe2,AgSbTe2,,,,,,figure,Fig. 7,"Visually estimated from Fig. 7, measurement 1",219.99999999999997,uV/K,False,47.0,52.0,5.0,50.5,1.75,52.0,65.0,90.0,25.0,82.5,8.75,90.0,107.8682,127.6,19.731799999999993,121.20705,6.669425,127.6,722.66,1234.93,512.2700000000001,896.0074999999999,173.34750000000003,722.66,11.0,16.0,5.0,14.5,1.75,16.0,5.0,5.0,0.0,5.0,0.0,5.0,138.0,145.0,7.0,140.0,2.5,138.0,1.93,2.1,0.17000000000000015,2.045,0.05750000000000005,2.1,1.0,2.0,1.0,1.75,0.375,2.0,0.0,4.0,4.0,2.75,1.375,4.0,10.0,10.0,0.0,10.0,0.0,10.0,0.0,0.0,0.0,0.0,0.0,0.0,11.0,16.0,5.0,14.5,1.75,16.0,0.0,1.0,1.0,0.25,0.375,0.0,0.0,3.0,3.0,1.75,0.875,2.0,0.0,0.0,0.0,0.0,0.0,0.0,0.0,0.0,0.0,0.0,0.0,0.0,1.0,3.0,2.0,2.0,0.5,2.0,16.33,34.7633333333,18.4333333333,29.35416666665,6.512083333324999,34.7633333333,0.0,0.464,0.464,0.232,0.232,0.464,0.0,0.0,0.0,0.0,0.0,0.0,152.0,225.0,73.0,173.75,25.625,152.0,1.75,2.75,10.0,0.0,0.1206896551724138,0.1896551724137931,0.6896551724137931,0.0,8.644719482306641,0.11200000000000014,,0.0,0.0,0.25,0.25,0.5,300.0,,
s11664-015-4102-0.pdf,10.1007/s11664-015-4102-0,AgSbTe2,AgSbTe2,AgSbTe2,,,,,,figure,Fig. 7,"Visually estimated from Fig. 7, measurement 1",339.99999999999994,uV/K,False,47.0,52.0,5.0,50.5,1.75,52.0,65.0,90.0,25.0,82.5,8.75,90.0,107.8682,127.6,19.731799999999993,121.20705,6.669425,127.6,722.66,1234.93,512.2700000000001,896.0074999999999,173.34750000000003,722.66,11.0,16.0,5.0,14.5,1.75,16.0,5.0,5.0,0.0,5.0,0.0,5.0,138.0,145.0,7.0,140.0,2.5,138.0,1.93,2.1,0.17000000000000015,2.045,0.05750000000000005,2.1,1.0,2.0,1.0,1.75,0.375,2.0,0.0,4.0,4.0,2.75,1.375,4.0,10.0,10.0,0.0,10.0,0.0,10.0,0.0,0.0,0.0,0.0,0.0,0.0,11.0,16.0,5.0,14.5,1.75,16.0,0.0,1.0,1.0,0.25,0.375,0.0,0.0,3.0,3.0,1.75,0.875,2.0,0.0,0.0,0.0,0.0,0.0,0.0,0.0,0.0,0.0,0.0,0.0,0.0,1.0,3.0,2.0,2.0,0.5,2.0,16.33,34.7633333333,18.4333333333,29.35416666665,6.512083333324999,34.7633333333,0.0,0.464,0.464,0.232,0.232,0.464,0.0,0.0,0.0,0.0,0.0,0.0,152.0,225.0,73.0,173.75,25.625,152.0,1.75,2.75,10.0,0.0,0.1206896551724138,0.1896551724137931,0.6896551724137931,0.0,8.644719482306641,0.11200000000000014,,0.0,0.0,0.25,0.25,0.5,400.0,,
s11664-015-4102-0.pdf,10.1007/s11664-015-4102-0,AgSbTe2,AgSbTe2,AgSbTe2,,,,,,figure,Fig. 7,"Visually estimated from Fig. 7, measurement 1",280.0,uV/K,False,47.0,52.0,5.0,50.5,1.75,52.0,65.0,90.0,25.0,82.5,8.75,90.0,107.8682,127.6,19.731799999999993,121.20705,6.669425,127.6,722.66,1234.93,512.2700000000001,896.0074999999999,173.34750000000003,722.66,11.0,16.0,5.0,14.5,1.75,16.0,5.0,5.0,0.0,5.0,0.0,5.0,138.0,145.0,7.0,140.0,2.5,138.0,1.93,2.1,0.17000000000000015,2.045,0.05750000000000005,2.1,1.0,2.0,1.0,1.75,0.375,2.0,0.0,4.0,4.0,2.75,1.375,4.0,10.0,10.0,0.0,10.0,0.0,10.0,0.0,0.0,0.0,0.0,0.0,0.0,11.0,16.0,5.0,14.5,1.75,16.0,0.0,1.0,1.0,0.25,0.375,0.0,0.0,3.0,3.0,1.75,0.875,2.0,0.0,0.0,0.0,0.0,0.0,0.0,0.0,0.0,0.0,0.0,0.0,0.0,1.0,3.0,2.0,2.0,0.5,2.0,16.33,34.7633333333,18.4333333333,29.35416666665,6.512083333324999,34.7633333333,0.0,0.464,0.464,0.232,0.232,0.464,0.0,0.0,0.0,0.0,0.0,0.0,152.0,225.0,73.0,173.75,25.625,152.0,1.75,2.75,10.0,0.0,0.1206896551724138,0.1896551724137931,0.6896551724137931,0.0,8.644719482306641,0.11200000000000014,,0.0,0.0,0.25,0.25,0.5,600.0,,
s12613-011-0446-5.pdf,10.1007/s12613-011-0446-5,Ag0.84Sb1.15Te2.16,AgSbTe2,Ag0.84Sb1.15Te2.16,,,,,,figure,,Visually estimated from Fig. 2(b),290.0,uV/K,False,47.0,52.0,5.0,50.71084337349397,1.502220931920455,52.0,65.0,90.0,25.0,83.55421686746988,7.511104659602266,90.0,107.8682,127.6,19.731799999999993,121.98778024096384,5.84211791784003,127.6,722.66,1234.93,512.2700000000001,876.5382650602409,160.18171206270867,722.66,11.0,16.0,5.0,14.710843373493976,1.5022209319204527,16.0,5.0,5.0,0.0,5.0,0.0,5.0,138.0,145.0,7.0,139.69397590361444,2.1479808390187167,138.0,1.93,2.1,0.17000000000000015,2.0517349397590356,0.05024218319059382,2.1,1.0,2.0,1.0,1.7975903614457829,0.3228799535491364,2.0,0.0,4.0,4.0,2.9132530120481923,1.1793409783713167,4.0,10.0,10.0,0.0,10.0,0.0,10.0,0.0,0.0,0.0,0.0,0.0,0.0,11.0,16.0,5.0,14.710843373493976,1.5022209319204527,16.0,0.0,1.0,1.0,0.20240963855421684,0.3228799535491363,0.0,0.0,3.0,3.0,1.8722891566265059,0.7579387429235013,2.0,0.0,0.0,0.0,0.0,0.0,0.0,0.0,0.0,0.0,0.0,0.0,0.0,1.0,3.0,2.0,2.0746987951807228,0.512817535201045,2.0,16.33,34.7633333333,18.4333333333,30.14457831323566,5.592407606321907,34.7633333333,0.0,0.464,0.464,0.2415036144578313,0.23161069531136594,0.464,0.0,0.0,0.0,0.0,0.0,0.0,152.0,225.0,73.0,170.655421686747,21.99973290753375,152.0,1.7975903614457829,2.9132530120481923,10.0,0.0,0.12219492219492217,0.198034398034398,0.6797706797706797,0.0,8.471128009532151,0.10420332801458872,,0.0,0.0,0.20240963855421684,0.2771084337349397,0.5204819277108433,300.0,,
s12613-011-0446-5.pdf,10.1007/s12613-011-0446-5,Ag0.84Sb1.15Te2.16,AgSbTe2-Ce,Ag0.84Sb1.15Ce0.01Te2.16,Ce,0.01,Sb,,Ce (0.01) @ Sb site,figure,,Visually estimated from Fig. 2(b),285.0,uV/K,False,47.0,58.0,11.0,50.72836538461538,1.505686020710062,52.0,15.0,90.0,75.0,83.38942307692307,7.755293084319532,90.0,107.8682,140.116,32.24780000000001,122.03135769230768,5.869766253698221,127.6,722.66,1234.93,512.2700000000001,877.0057211538461,160.28209504437874,722.66,3.0,16.0,13.0,14.682692307692308,1.543407914201183,16.0,5.0,6.0,1.0,5.002403846153847,0.004796135355030129,5.0,138.0,204.0,66.0,139.84855769230768,2.388810558431945,138.0,1.12,2.1,0.98,2.0494951923076923,0.05272640070266275,2.1,1.0,2.0,1.0,1.7980769230769231,0.3223002958579881,2.0,0.0,4.0,4.0,2.90625,1.1876502403846154,4.0,1.0,10.0,9.0,9.978365384615385,0.043165218195265864,10.0,0.0,1.0,1.0,0.002403846153846154,0.0047961353550295864,0.0,4.0,16.0,12.0,14.685096153846153,1.5395825628698228,16.0,0.0,1.0,1.0,0.2019230769230769,0.32230029585798814,0.0,0.0,3.0,3.0,1.8677884615384615,0.7632789386094674,2.0,0.0,9.0,9.0,0.021634615384615384,0.043165218195266274,0.0,0.0,13.0,13.0,0.03125,0.062349759615384616,0.0,1.0,22.0,21.0,2.1225961538461537,0.5806675295857988,2.0,16.33,37.24,20.910000000000004,30.16163461536731,5.58585244082141,34.7633333333,0.0,0.464,0.464,0.2409230769230769,0.23165680473372782,0.464,0.0,0.0,0.0,0.0,0.0,0.0,152.0,225.0,73.0,170.71153846153848,22.036150147929003,152.0,1.7980769230769231,2.90625,9.978365384615385,0.002403846153846154,0.12244229824848585,0.1979047307251596,0.6794892781142577,0.00016369291209690623,8.591260798965358,0.11067585141069392,0.01,1.0,0.0,0.2019230769230769,0.27644230769230765,0.5192307692307693,300.0,0.0,0.2499999999999999
s12613-011-0446-5.pdf,10.1007/s12613-011-0446-5,Ag0.84Sb1.15Te2.16,AgSbTe2-Yb,Ag0.84Sb1.15Yb0.01Te2.16,Yb,0.01,Sb,,Yb (0.01) @ Sb site,figure,,Visually estimated from Fig. 2(b),280.0,uV/K,False,47.0,70.0,23.0,50.75721153846154,1.5173354289940817,52.0,39.0,90.0,51.0,83.44711538461537,7.663484652366871,90.0,107.8682,173.054,65.1858,122.11053557692307,5.9455181721523624,127.6,722.66,1234.93,512.2700000000001,877.056201923077,160.3345173816568,722.66,3.0,16.0,13.0,14.682692307692308,1.543407914201183,16.0,5.0,6.0,1.0,5.002403846153847,0.004796135355030129,5.0,138.0,187.0,49.0,139.80769230769232,2.323779585798824,138.0,1.26,2.1,0.8400000000000001,2.0498317307692306,0.05219085151627227,2.1,1.0,2.0,1.0,1.7980769230769231,0.3223002958579881,2.0,0.0,4.0,4.0,2.90625,1.1876502403846154,4.0,0.0,10.0,10.0,9.975961538461538,0.047961353550295995,10.0,0.0,14.0,14.0,0.03365384615384616,0.0671458949704142,0.0,11.0,16.0,5.0,14.713942307692308,1.499861316568047,16.0,0.0,1.0,1.0,0.2019230769230769,0.32230029585798814,0.0,0.0,3.0,3.0,1.8677884615384615,0.7632789386094674,2.0,0.0,0.0,0.0,0.0,0.0,0.0,0.0,0.0,0.0,0.0,0.0,0.0,0.0,3.0,3.0,2.0697115384615383,0.5143421782544378,2.0,16.33,34.7633333333,18.4333333333,30.154134615367305,5.582823594667566,34.7633333333,0.0,0.464,0.464,0.2409230769230769,0.23165680473372782,0.464,0.0,0.0,0.0,0.0,0.0,0.0,152.0,225.0,73.0,170.78605769230768,22.154736039201175,152.0,1.7980769230769231,2.90625,9.975961538461538,0.03365384615384616,0.12220225453357295,0.19751674562979904,0.6779937918640745,0.0022872079725535046,8.591260798965358,0.1108322810456286,0.01,1.0,0.0,0.2019230769230769,0.27644230769230765,0.5192307692307693,300.0,0.0,0.10799999999999998
s12613-011-0446-5.pdf,10.1007/s12613-011-0446-5,Ag0.84Sb1.15Te2.16,AgSbTe2-Cu,Ag0.84Sb1.15Cu0.01Te2.16,Cu,0.01,Sb,,Cu (0.01) @ Sb site,figure,,Visually estimated from Fig. 2(b),229.99999999999997,uV/K,False,29.0,52.0,23.0,50.65865384615385,1.5816614275147924,52.0,64.0,90.0,26.0,83.50721153846153,7.567850869082843,90.0,63.546,127.6,64.054,121.84729519230767,5.97396268491124,127.6,722.66,1357.77,635.11,877.6950721153845,160.9979595044379,722.66,11.0,16.0,5.0,14.701923076923077,1.512805103550296,16.0,4.0,5.0,1.0,4.997596153846153,0.004796135355030129,5.0,132.0,145.0,13.0,139.67548076923075,2.1502866124260214,138.0,1.9,2.1,0.20000000000000018,2.0513701923076924,0.05050018491124271,2.1,1.0,2.0,1.0,1.7956730769230769,0.3251548631656805,2.0,0.0,4.0,4.0,2.90625,1.1876502403846154,4.0,10.0,10.0,0.0,10.0,0.0,10.0,0.0,0.0,0.0,0.0,0.0,0.0,11.0,16.0,5.0,14.701923076923077,1.512805103550296,16.0,0.0,1.0,1.0,0.20432692307692307,0.32515486316568043,0.0,0.0,3.0,3.0,1.8677884615384615,0.7632789386094674,2.0,0.0,0.0,0.0,0.0,0.0,0.0,0.0,0.0,0.0,0.0,0.0,0.0,1.0,3.0,2.0,2.0721153846153846,0.5130131286982248,2.0,11.07,34.7633333333,23.693333333299996,30.09872596152115,5.651931282352394,34.7633333333,0.0,0.464,0.464,0.2409230769230769,0.23165680473372782,0.464,0.0,0.0,0.0,0.0,0.0,0.0,152.0,225.0,73.0,170.78605769230768,22.154736039201175,152.0,1.7956730769230769,2.90625,10.0,0.0,0.12213865271419228,0.19767822105951602,0.6801831262262917,0.0,8.591260798965358,0.10457509564824082,0.01,1.0,0.0,0.2019230769230769,0.27644230769230765,0.5192307692307693,300.0,1.0,0.030000000000000027
s40843-024-3152-0.pdf,10.1007/s40843-024-3152-0,AgSbTe2,Ag0.9Sb1.1Te2.1,Ag0.9Sb1.1Te2.1,Ag,0.9,Ag,Sb (1.1) @ Sb; Te (2.1) @ Te,Ag (0.9) @ Ag site; Sb (1.1) @ Sb site; Te (2.1) @ Te site,figure,Fig. 2e,Visually estimated from Fig. 2e for the as-prepared sample.,250.0,uV/K,False,47.0,52.0,5.0,50.63414634146343,1.5954788816180774,52.0,65.0,90.0,25.0,83.17073170731707,7.977394408090422,90.0,107.8682,127.6,19.731799999999993,121.7018,6.073287804878045,127.6,722.66,1234.93,512.2700000000001,883.7026829268294,164.97055324211783,722.66,11.0,16.0,5.0,14.634146341463415,1.5954788816180845,16.0,5.0,5.0,0.0,5.0,0.0,5.0,138.0,145.0,7.0,139.80487804878052,2.2807852468768792,138.0,1.93,2.1,0.17000000000000015,2.0492682926829273,0.05236168947055298,2.1,1.0,2.0,1.0,1.780487804878049,0.34265318262938715,2.0,0.0,4.0,4.0,2.853658536585366,1.2528256989886974,4.0,10.0,10.0,0.0,10.0,0.0,10.0,0.0,0.0,0.0,0.0,0.0,0.0,11.0,16.0,5.0,14.634146341463415,1.5954788816180845,16.0,0.0,1.0,1.0,0.21951219512195125,0.3426531826293874,0.0,0.0,3.0,3.0,1.829268292682927,0.8030933967876266,2.0,0.0,0.0,0.0,0.0,0.0,0.0,0.0,0.0,0.0,0.0,0.0,0.0,1.0,3.0,2.0,2.048780487804878,0.5104104699583581,2.0,16.33,34.7633333333,18.4333333333,29.857560975592683,5.938929208796786,34.7633333333,0.0,0.464,0.464,0.2376585365853659,0.23186198691255208,0.464,0.0,0.0,0.0,0.0,0.0,0.0,152.0,225.0,73.0,171.78048780487805,23.364663890541348,152.0,1.780487804878049,2.853658536585366,10.0,0.0,0.12166666666666667,0.195,0.6833333333333333,0.0,8.551650782787032,0.10705202312138744,0.9,3.0,1.0,0.21951219512195125,0.26829268292682934,0.5121951219512195,300.0,0.0,0.0
s41467-024-55280-0.pdf,10.1038/s41467-024-55280-0,AgSbTe2,AgSbTe2,AgSbTe2,,,,,,body text,,,270.0,uV/K,False,47.0,52.0,5.0,50.5,1.75,52.0,65.0,90.0,25.0,82.5,8.75,90.0,107.8682,127.6,19.731799999999993,121.20705,6.669425,127.6,722.66,1234.93,512.2700000000001,896.0074999999999,173.34750000000003,722.66,11.0,16.0,5.0,14.5,1.75,16.0,5.0,5.0,0.0,5.0,0.0,5.0,138.0,145.0,7.0,140.0,2.5,138.0,1.93,2.1,0.17000000000000015,2.045,0.05750000000000005,2.1,1.0,2.0,1.0,1.75,0.375,2.0,0.0,4.0,4.0,2.75,1.375,4.0,10.0,10.0,0.0,10.0,0.0,10.0,0.0,0.0,0.0,0.0,0.0,0.0,11.0,16.0,5.0,14.5,1.75,16.0,0.0,1.0,1.0,0.25,0.375,0.0,0.0,3.0,3.0,1.75,0.875,2.0,0.0,0.0,0.0,0.0,0.0,0.0,0.0,0.0,0.0,0.0,0.0,0.0,1.0,3.0,2.0,2.0,0.5,2.0,16.33,34.7633333333,18.4333333333,29.35416666665,6.512083333324999,34.7633333333,0.0,0.464,0.464,0.232,0.232,0.464,0.0,0.0,0.0,0.0,0.0,0.0,152.0,225.0,73.0,173.75,25.625,152.0,1.75,2.75,10.0,0.0,0.1206896551724138,0.1896551724137931,0.6896551724137931,0.0,8.644719482306641,0.11200000000000014,,0.0,0.0,0.25,0.25,0.5,300.0,,
s41467-024-55280-0.pdf,10.1038/s41467-024-55280-0,AgSbTe2,AgSbTe2,AgSbTe2,,,,,,body text,,,388.99999999999994,uV/K,False,47.0,52.0,5.0,50.5,1.75,52.0,65.0,90.0,25.0,82.5,8.75,90.0,107.8682,127.6,19.731799999999993,121.20705,6.669425,127.6,722.66,1234.93,512.2700000000001,896.0074999999999,173.34750000000003,722.66,11.0,16.0,5.0,14.5,1.75,16.0,5.0,5.0,0.0,5.0,0.0,5.0,138.0,145.0,7.0,140.0,2.5,138.0,1.93,2.1,0.17000000000000015,2.045,0.05750000000000005,2.1,1.0,2.0,1.0,1.75,0.375,2.0,0.0,4.0,4.0,2.75,1.375,4.0,10.0,10.0,0.0,10.0,0.0,10.0,0.0,0.0,0.0,0.0,0.0,0.0,11.0,16.0,5.0,14.5,1.75,16.0,0.0,1.0,1.0,0.25,0.375,0.0,0.0,3.0,3.0,1.75,0.875,2.0,0.0,0.0,0.0,0.0,0.0,0.0,0.0,0.0,0.0,0.0,0.0,0.0,1.0,3.0,2.0,2.0,0.5,2.0,16.33,34.7633333333,18.4333333333,29.35416666665,6.512083333324999,34.7633333333,0.0,0.464,0.464,0.232,0.232,0.464,0.0,0.0,0.0,0.0,0.0,0.0,152.0,225.0,73.0,173.75,25.625,152.0,1.75,2.75,10.0,0.0,0.1206896551724138,0.1896551724137931,0.6896551724137931,0.0,8.644719482306641,0.11200000000000014,,0.0,0.0,0.25,0.25,0.5,465.0,,
s41467-024-55280-0.pdf,10.1038/s41467-024-55280-0,AgSbTe2,Pristine AgSbTe2,AgSbTe2,,,,,,body text,,,270.0,uV/K,False,47.0,52.0,5.0,50.5,1.75,52.0,65.0,90.0,25.0,82.5,8.75,90.0,107.8682,127.6,19.731799999999993,121.20705,6.669425,127.6,722.66,1234.93,512.2700000000001,896.0074999999999,173.34750000000003,722.66,11.0,16.0,5.0,14.5,1.75,16.0,5.0,5.0,0.0,5.0,0.0,5.0,138.0,145.0,7.0,140.0,2.5,138.0,1.93,2.1,0.17000000000000015,2.045,0.05750000000000005,2.1,1.0,2.0,1.0,1.75,0.375,2.0,0.0,4.0,4.0,2.75,1.375,4.0,10.0,10.0,0.0,10.0,0.0,10.0,0.0,0.0,0.0,0.0,0.0,0.0,11.0,16.0,5.0,14.5,1.75,16.0,0.0,1.0,1.0,0.25,0.375,0.0,0.0,3.0,3.0,1.75,0.875,2.0,0.0,0.0,0.0,0.0,0.0,0.0,0.0,0.0,0.0,0.0,0.0,0.0,1.0,3.0,2.0,2.0,0.5,2.0,16.33,34.7633333333,18.4333333333,29.35416666665,6.512083333324999,34.7633333333,0.0,0.464,0.464,0.232,0.232,0.464,0.0,0.0,0.0,0.0,0.0,0.0,152.0,225.0,73.0,173.75,25.625,152.0,1.75,2.75,10.0,0.0,0.1206896551724138,0.1896551724137931,0.6896551724137931,0.0,8.644719482306641,0.11200000000000014,,0.0,0.0,0.25,0.25,0.5,300.0,,
s41467-024-55280-0.pdf,10.1038/s41467-024-55280-0,AgSbTe2,Pristine AgSbTe2,AgSbTe2,,,,,,body text,,,388.99999999999994,uV/K,False,47.0,52.0,5.0,50.5,1.75,52.0,65.0,90.0,25.0,82.5,8.75,90.0,107.8682,127.6,19.731799999999993,121.20705,6.669425,127.6,722.66,1234.93,512.2700000000001,896.0074999999999,173.34750000000003,722.66,11.0,16.0,5.0,14.5,1.75,16.0,5.0,5.0,0.0,5.0,0.0,5.0,138.0,145.0,7.0,140.0,2.5,138.0,1.93,2.1,0.17000000000000015,2.045,0.05750000000000005,2.1,1.0,2.0,1.0,1.75,0.375,2.0,0.0,4.0,4.0,2.75,1.375,4.0,10.0,10.0,0.0,10.0,0.0,10.0,0.0,0.0,0.0,0.0,0.0,0.0,11.0,16.0,5.0,14.5,1.75,16.0,0.0,1.0,1.0,0.25,0.375,0.0,0.0,3.0,3.0,1.75,0.875,2.0,0.0,0.0,0.0,0.0,0.0,0.0,0.0,0.0,0.0,0.0,0.0,0.0,1.0,3.0,2.0,2.0,0.5,2.0,16.33,34.7633333333,18.4333333333,29.35416666665,6.512083333324999,34.7633333333,0.0,0.464,0.464,0.232,0.232,0.464,0.0,0.0,0.0,0.0,0.0,0.0,152.0,225.0,73.0,173.75,25.625,152.0,1.75,2.75,10.0,0.0,0.1206896551724138,0.1896551724137931,0.6896551724137931,0.0,8.644719482306641,0.11200000000000014,,0.0,0.0,0.25,0.25,0.5,465.0,,
s41467-024-55280-0.pdf,10.1038/s41467-024-55280-0,AgSbTe2,AgSbTe2,AgSbTe2,,,,,,figure,Fig. 4d,Visually estimated from Fig. 4d,239.99999999999997,uV/K,False,47.0,52.0,5.0,50.5,1.75,52.0,65.0,90.0,25.0,82.5,8.75,90.0,107.8682,127.6,19.731799999999993,121.20705,6.669425,127.6,722.66,1234.93,512.2700000000001,896.0074999999999,173.34750000000003,722.66,11.0,16.0,5.0,14.5,1.75,16.0,5.0,5.0,0.0,5.0,0.0,5.0,138.0,145.0,7.0,140.0,2.5,138.0,1.93,2.1,0.17000000000000015,2.045,0.05750000000000005,2.1,1.0,2.0,1.0,1.75,0.375,2.0,0.0,4.0,4.0,2.75,1.375,4.0,10.0,10.0,0.0,10.0,0.0,10.0,0.0,0.0,0.0,0.0,0.0,0.0,11.0,16.0,5.0,14.5,1.75,16.0,0.0,1.0,1.0,0.25,0.375,0.0,0.0,3.0,3.0,1.75,0.875,2.0,0.0,0.0,0.0,0.0,0.0,0.0,0.0,0.0,0.0,0.0,0.0,0.0,1.0,3.0,2.0,2.0,0.5,2.0,16.33,34.7633333333,18.4333333333,29.35416666665,6.512083333324999,34.7633333333,0.0,0.464,0.464,0.232,0.232,0.464,0.0,0.0,0.0,0.0,0.0,0.0,152.0,225.0,73.0,173.75,25.625,152.0,1.75,2.75,10.0,0.0,0.1206896551724138,0.1896551724137931,0.6896551724137931,0.0,8.644719482306641,0.11200000000000014,,0.0,0.0,0.25,0.25,0.5,300.0,,
s41467-024-55280-0.pdf,10.1038/s41467-024-55280-0,AgSbTe2,AgSbTe2,AgSbTe2,,,,,,figure,Fig. 4d,Visually estimated from Fig. 4d,379.99999999999994,uV/K,False,47.0,52.0,5.0,50.5,1.75,52.0,65.0,90.0,25.0,82.5,8.75,90.0,107.8682,127.6,19.731799999999993,121.20705,6.669425,127.6,722.66,1234.93,512.2700000000001,896.0074999999999,173.34750000000003,722.66,11.0,16.0,5.0,14.5,1.75,16.0,5.0,5.0,0.0,5.0,0.0,5.0,138.0,145.0,7.0,140.0,2.5,138.0,1.93,2.1,0.17000000000000015,2.045,0.05750000000000005,2.1,1.0,2.0,1.0,1.75,0.375,2.0,0.0,4.0,4.0,2.75,1.375,4.0,10.0,10.0,0.0,10.0,0.0,10.0,0.0,0.0,0.0,0.0,0.0,0.0,11.0,16.0,5.0,14.5,1.75,16.0,0.0,1.0,1.0,0.25,0.375,0.0,0.0,3.0,3.0,1.75,0.875,2.0,0.0,0.0,0.0,0.0,0.0,0.0,0.0,0.0,0.0,0.0,0.0,0.0,1.0,3.0,2.0,2.0,0.5,2.0,16.33,34.7633333333,18.4333333333,29.35416666665,6.512083333324999,34.7633333333,0.0,0.464,0.464,0.232,0.232,0.464,0.0,0.0,0.0,0.0,0.0,0.0,152.0,225.0,73.0,173.75,25.625,152.0,1.75,2.75,10.0,0.0,0.1206896551724138,0.1896551724137931,0.6896551724137931,0.0,8.644719482306641,0.11200000000000014,,0.0,0.0,0.25,0.25,0.5,500.0,,
s41467-024-55280-0.pdf,10.1038/s41467-024-55280-0,AgSbTe2,AgSbTe2,AgSbTe2,,,,,,figure,Fig. 4d,Visually estimated from Fig. 4d,300.0,uV/K,False,47.0,52.0,5.0,50.5,1.75,52.0,65.0,90.0,25.0,82.5,8.75,90.0,107.8682,127.6,19.731799999999993,121.20705,6.669425,127.6,722.66,1234.93,512.2700000000001,896.0074999999999,173.34750000000003,722.66,11.0,16.0,5.0,14.5,1.75,16.0,5.0,5.0,0.0,5.0,0.0,5.0,138.0,145.0,7.0,140.0,2.5,138.0,1.93,2.1,0.17000000000000015,2.045,0.05750000000000005,2.1,1.0,2.0,1.0,1.75,0.375,2.0,0.0,4.0,4.0,2.75,1.375,4.0,10.0,10.0,0.0,10.0,0.0,10.0,0.0,0.0,0.0,0.0,0.0,0.0,11.0,16.0,5.0,14.5,1.75,16.0,0.0,1.0,1.0,0.25,0.375,0.0,0.0,3.0,3.0,1.75,0.875,2.0,0.0,0.0,0.0,0.0,0.0,0.0,0.0,0.0,0.0,0.0,0.0,0.0,1.0,3.0,2.0,2.0,0.5,2.0,16.33,34.7633333333,18.4333333333,29.35416666665,6.512083333324999,34.7633333333,0.0,0.464,0.464,0.232,0.232,0.464,0.0,0.0,0.0,0.0,0.0,0.0,152.0,225.0,73.0,173.75,25.625,152.0,1.75,2.75,10.0,0.0,0.1206896551724138,0.1896551724137931,0.6896551724137931,0.0,8.644719482306641,0.11200000000000014,,0.0,0.0,0.25,0.25,0.5,673.0,,
s41467-024-55280-0.pdf,10.1038/s41467-024-55280-0,AgSbTe2,AgSb0.97Sn0.03Te2,AgSb0.97Sn0.03Te2,Sn,0.03,Sb,,Sn (0.03) @ Sb site,figure,Fig. 4d,Visually estimated from Fig. 4d,229.99999999999997,uV/K,False,47.0,52.0,5.0,50.4925,1.7536375000000002,52.0,65.0,90.0,25.0,82.4625,8.768187499999996,90.0,107.8682,127.6,19.731799999999993,121.184175,6.695100125,127.6,505.08,1234.93,729.8500000000001,893.0172499999999,176.17630875000003,722.66,11.0,16.0,5.0,14.4925,1.7536375000000002,16.0,5.0,5.0,0.0,5.0,0.0,5.0,138.0,145.0,7.0,140.0,2.5,138.0,1.93,2.1,0.17000000000000015,2.044325,0.058427374999999934,2.1,1.0,2.0,1.0,1.75,0.375,2.0,0.0,4.0,4.0,2.7425,1.3823874999999999,4.0,10.0,10.0,0.0,10.0,0.0,10.0,0.0,0.0,0.0,0.0,0.0,0.0,11.0,16.0,5.0,14.4925,1.7536375000000002,16.0,0.0,1.0,1.0,0.25,0.375,0.0,0.0,4.0,4.0,1.7575,0.8787499999999999,2.0,0.0,0.0,0.0,0.0,0.0,0.0,0.0,0.0,0.0,0.0,0.0,0.0,1.0,4.0,3.0,2.0075000000000003,0.5112500000000002,2.0,16.33,34.7633333333,18.4333333333,29.367104166649998,6.518552083325,34.7633333333,0.0,0.464,0.464,0.232,0.232,0.464,0.0,0.0,0.0,0.0,0.0,0.0,141.0,225.0,84.0,173.5625,25.71875,152.0,1.75,2.7425,10.0,0.0,0.12075211316198034,0.18923581162670347,0.6900120752113162,0.0,8.924796662406377,0.11240957626613124,0.03,1.0,0.0,0.25,0.2425,0.5,300.0,1.0,0.07000000000000006
s41467-024-55280-0.pdf,10.1038/s41467-024-55280-0,AgSbTe2,AgSb0.97Sn0.03Te2,AgSb0.97Sn0.03Te2,Sn,0.03,Sb,,Sn (0.03) @ Sb site,figure,Fig. 4d,Visually estimated from Fig. 4d,310.0,uV/K,False,47.0,52.0,5.0,50.4925,1.7536375000000002,52.0,65.0,90.0,25.0,82.4625,8.768187499999996,90.0,107.8682,127.6,19.731799999999993,121.184175,6.695100125,127.6,505.08,1234.93,729.8500000000001,893.0172499999999,176.17630875000003,722.66,11.0,16.0,5.0,14.4925,1.7536375000000002,16.0,5.0,5.0,0.0,5.0,0.0,5.0,138.0,145.0,7.0,140.0,2.5,138.0,1.93,2.1,0.17000000000000015,2.044325,0.058427374999999934,2.1,1.0,2.0,1.0,1.75,0.375,2.0,0.0,4.0,4.0,2.7425,1.3823874999999999,4.0,10.0,10.0,0.0,10.0,0.0,10.0,0.0,0.0,0.0,0.0,0.0,0.0,11.0,16.0,5.0,14.4925,1.7536375000000002,16.0,0.0,1.0,1.0,0.25,0.375,0.0,0.0,4.0,4.0,1.7575,0.8787499999999999,2.0,0.0,0.0,0.0,0.0,0.0,0.0,0.0,0.0,0.0,0.0,0.0,0.0,1.0,4.0,3.0,2.0075000000000003,0.5112500000000002,2.0,16.33,34.7633333333,18.4333333333,29.367104166649998,6.518552083325,34.7633333333,0.0,0.464,0.464,0.232,0.232,0.464,0.0,0.0,0.0,0.0,0.0,0.0,141.0,225.0,84.0,173.5625,25.71875,152.0,1.75,2.7425,10.0,0.0,0.12075211316198034,0.18923581162670347,0.6900120752113162,0.0,8.924796662406377,0.11240957626613124,0.03,1.0,0.0,0.25,0.2425,0.5,673.0,1.0,0.07000000000000006
s41467-024-55280-0.pdf,10.1038/s41467-024-55280-0,AgSbTe2,AgSb0.94Sn0.06Te2,AgSb0.94Sn0.06Te2,Sn,0.06,Sb,,Sn (0.06) @ Sb site,figure,Fig. 4d,Visually estimated from Fig. 4d,199.99999999999997,uV/K,False,47.0,52.0,5.0,50.485,1.7570500000000004,52.0,65.0,90.0,25.0,82.425,8.785250000000001,90.0,107.8682,127.6,19.731799999999993,121.1613,6.720089,127.6,505.08,1234.93,729.8500000000001,890.027,178.91541,722.66,11.0,16.0,5.0,14.485,1.7570500000000004,16.0,5.0,5.0,0.0,5.0,0.0,5.0,138.0,145.0,7.0,140.0,2.5,138.0,1.93,2.1,0.17000000000000015,2.04365,0.05933450000000003,2.1,1.0,2.0,1.0,1.75,0.375,2.0,0.0,4.0,4.0,2.735,1.3895499999999998,4.0,10.0,10.0,0.0,10.0,0.0,10.0,0.0,0.0,0.0,0.0,0.0,0.0,11.0,16.0,5.0,14.485,1.7570500000000004,16.0,0.0,1.0,1.0,0.25,0.375,0.0,0.0,4.0,4.0,1.765,0.8825000000000001,2.0,0.0,0.0,0.0,0.0,0.0,0.0,0.0,0.0,0.0,0.0,0.0,0.0,1.0,4.0,3.0,2.0149999999999997,0.5224999999999999,2.0,16.33,34.7633333333,18.4333333333,29.380041666649998,6.525020833325,34.7633333333,0.0,0.464,0.464,0.232,0.232,0.464,0.0,0.0,0.0,0.0,0.0,0.0,141.0,225.0,84.0,173.375,25.8125,152.0,1.75,2.735,10.0,0.0,0.12081463583016915,0.18881601656886435,0.6903693476009666,0.0,9.11649772763948,0.11282256150621008,0.06,1.0,0.0,0.25,0.235,0.5,300.0,1.0,0.07000000000000006
s41467-024-55280-0.pdf,10.1038/s41467-024-55280-0,AgSbTe2,AgSb0.94Sn0.06Te2,AgSb0.94Sn0.06Te2,Sn,0.06,Sb,,Sn (0.06) @ Sb site,figure,Fig. 4d,Visually estimated from Fig. 4d,310.0,uV/K,False,47.0,52.0,5.0,50.485,1.7570500000000004,52.0,65.0,90.0,25.0,82.425,8.785250000000001,90.0,107.8682,127.6,19.731799999999993,121.1613,6.720089,127.6,505.08,1234.93,729.8500000000001,890.027,178.91541,722.66,11.0,16.0,5.0,14.485,1.7570500000000004,16.0,5.0,5.0,0.0,5.0,0.0,5.0,138.0,145.0,7.0,140.0,2.5,138.0,1.93,2.1,0.17000000000000015,2.04365,0.05933450000000003,2.1,1.0,2.0,1.0,1.75,0.375,2.0,0.0,4.0,4.0,2.735,1.3895499999999998,4.0,10.0,10.0,0.0,10.0,0.0,10.0,0.0,0.0,0.0,0.0,0.0,0.0,11.0,16.0,5.0,14.485,1.7570500000000004,16.0,0.0,1.0,1.0,0.25,0.375,0.0,0.0,4.0,4.0,1.765,0.8825000000000001,2.0,0.0,0.0,0.0,0.0,0.0,0.0,0.0,0.0,0.0,0.0,0.0,0.0,1.0,4.0,3.0,2.0149999999999997,0.5224999999999999,2.0,16.33,34.7633333333,18.4333333333,29.380041666649998,6.525020833325,34.7633333333,0.0,0.464,0.464,0.232,0.232,0.464,0.0,0.0,0.0,0.0,0.0,0.0,141.0,225.0,84.0,173.375,25.8125,152.0,1.75,2.735,10.0,0.0,0.12081463583016915,0.18881601656886435,0.6903693476009666,0.0,9.11649772763948,0.11282256150621008,0.06,1.0,0.0,0.25,0.235,0.5,673.0,1.0,0.07000000000000006
s41467-024-55280-0.pdf,10.1038/s41467-024-55280-0,AgSbTe2,AgSb0.9Sn0.1Te2,AgSb0.9Sn0.1Te2,Sn,0.1,Sb,,Sn (0.1) @ Sb site,figure,Fig. 4d,Visually estimated from Fig. 4d,179.99999999999997,uV/K,False,47.0,52.0,5.0,50.475,1.7612499999999995,52.0,65.0,90.0,25.0,82.375,8.80625,90.0,107.8682,127.6,19.731799999999993,121.1308,6.75234,127.6,505.08,1234.93,729.8500000000001,886.04,182.42800000000003,722.66,11.0,16.0,5.0,14.475,1.76125,16.0,5.0,5.0,0.0,5.0,0.0,5.0,138.0,145.0,7.0,140.0,2.5,138.0,1.93,2.1,0.17000000000000015,2.04275,0.06051250000000009,2.1,1.0,2.0,1.0,1.75,0.375,2.0,0.0,4.0,4.0,2.725,1.39875,4.0,10.0,10.0,0.0,10.0,0.0,10.0,0.0,0.0,0.0,0.0,0.0,0.0,11.0,16.0,5.0,14.475,1.76125,16.0,0.0,1.0,1.0,0.25,0.375,0.0,0.0,4.0,4.0,1.775,0.8875000000000001,2.0,0.0,0.0,0.0,0.0,0.0,0.0,0.0,0.0,0.0,0.0,0.0,0.0,1.0,4.0,3.0,2.0250000000000004,0.5375000000000002,2.0,16.33,34.7633333333,18.4333333333,29.39729166665,6.533645833324999,34.7633333333,0.0,0.464,0.464,0.232,0.232,0.464,0.0,0.0,0.0,0.0,0.0,0.0,141.0,225.0,84.0,173.125,25.9375,152.0,1.75,2.725,10.0,0.0,0.12089810017271158,0.18825561312607947,0.690846286701209,0.0,9.320442039809514,0.1133791748526524,0.1,1.0,0.0,0.25,0.225,0.5,300.0,1.0,0.07000000000000006
s41467-024-55280-0.pdf,10.1038/s41467-024-55280-0,AgSbTe2,AgSb0.9Sn0.1Te2,AgSb0.9Sn0.1Te2,Sn,0.1,Sb,,Sn (0.1) @ Sb site,figure,Fig. 4d,Visually estimated from Fig. 4d,300.0,uV/K,False,47.0,52.0,5.0,50.475,1.7612499999999995,52.0,65.0,90.0,25.0,82.375,8.80625,90.0,107.8682,127.6,19.731799999999993,121.1308,6.75234,127.6,505.08,1234.93,729.8500000000001,886.04,182.42800000000003,722.66,11.0,16.0,5.0,14.475,1.76125,16.0,5.0,5.0,0.0,5.0,0.0,5.0,138.0,145.0,7.0,140.0,2.5,138.0,1.93,2.1,0.17000000000000015,2.04275,0.06051250000000009,2.1,1.0,2.0,1.0,1.75,0.375,2.0,0.0,4.0,4.0,2.725,1.39875,4.0,10.0,10.0,0.0,10.0,0.0,10.0,0.0,0.0,0.0,0.0,0.0,0.0,11.0,16.0,5.0,14.475,1.76125,16.0,0.0,1.0,1.0,0.25,0.375,0.0,0.0,4.0,4.0,1.775,0.8875000000000001,2.0,0.0,0.0,0.0,0.0,0.0,0.0,0.0,0.0,0.0,0.0,0.0,0.0,1.0,4.0,3.0,2.0250000000000004,0.5375000000000002,2.0,16.33,34.7633333333,18.4333333333,29.39729166665,6.533645833324999,34.7633333333,0.0,0.464,0.464,0.232,0.232,0.464,0.0,0.0,0.0,0.0,0.0,0.0,141.0,225.0,84.0,173.125,25.9375,152.0,1.75,2.725,10.0,0.0,0.12089810017271158,0.18825561312607947,0.690846286701209,0.0,9.320442039809514,0.1133791748526524,0.1,1.0,0.0,0.25,0.225,0.5,673.0,1.0,0.07000000000000006
science.1092963.pdf,,AgPb_mSbTe_2+m,AgPb10SbTe12,AgPb10SbTe12,Ag,nominal,Ag,Sb (nominal) @ Sb,Ag (nominal) @ Ag site; Sb (nominal) @ Sb site,body text,,,-154.0,uV/K,False,47.0,82.0,35.0,64.25,14.791666666666666,52.0,65.0,90.0,25.0,85.0,5.0,90.0,107.8682,207.2,99.33179999999999,159.701175,39.58235416666667,127.6,600.61,1234.93,634.32,700.6970833333334,83.40590277777777,722.66,11.0,16.0,5.0,14.916666666666666,1.090277777777778,16.0,5.0,6.0,1.0,5.416666666666667,0.48611111111111116,5.0,138.0,146.0,8.0,141.66666666666666,3.888888888888888,138.0,1.93,2.33,0.40000000000000013,2.186666666666667,0.1194444444444445,2.1,1.0,2.0,1.0,1.9583333333333333,0.07986111111111117,2.0,0.0,4.0,4.0,2.9583333333333335,1.045138888888889,4.0,10.0,10.0,0.0,10.0,0.0,10.0,0.0,14.0,14.0,5.833333333333333,6.805555555555556,0.0,11.0,28.0,17.0,20.75,6.041666666666667,16.0,0.0,1.0,1.0,0.041666666666666664,0.07986111111111112,0.0,0.0,4.0,4.0,2.7916666666666665,1.0243055555555556,2.0,0.0,0.0,0.0,0.0,0.0,0.0,0.0,0.0,0.0,0.0,0.0,0.0,1.0,4.0,3.0,2.8333333333333335,0.986111111111111,2.0,16.33,34.7633333333,18.4333333333,31.089583333316664,3.7129513888736096,34.7633333333,0.0,0.464,0.464,0.232,0.23200000000000007,0.464,0.0,0.0,0.0,0.0,0.0,0.0,152.0,225.0,73.0,186.04166666666666,35.71180555555555,152.0,1.9583333333333333,2.9583333333333335,10.0,5.833333333333333,0.09437751004016064,0.142570281124498,0.4819277108433735,0.28112449799196787,8.116495679119133,0.2252121212121213,,2.0,1.0,0.041666666666666664,0.041666666666666664,0.5,300.0,0.0,0.0
science.1092963.pdf,,AgPb_mSbTe_2+m,AgPb10SbTe12,AgPb10SbTe12,Ag,nominal,Ag,Sb (nominal) @ Sb,Ag (nominal) @ Ag site; Sb (nominal) @ Sb site,body text,,,-290.0,uV/K,False,47.0,82.0,35.0,64.25,14.791666666666666,52.0,65.0,90.0,25.0,85.0,5.0,90.0,107.8682,207.2,99.33179999999999,159.701175,39.58235416666667,127.6,600.61,1234.93,634.32,700.6970833333334,83.40590277777777,722.66,11.0,16.0,5.0,14.916666666666666,1.090277777777778,16.0,5.0,6.0,1.0,5.416666666666667,0.48611111111111116,5.0,138.0,146.0,8.0,141.66666666666666,3.888888888888888,138.0,1.93,2.33,0.40000000000000013,2.186666666666667,0.1194444444444445,2.1,1.0,2.0,1.0,1.9583333333333333,0.07986111111111117,2.0,0.0,4.0,4.0,2.9583333333333335,1.045138888888889,4.0,10.0,10.0,0.0,10.0,0.0,10.0,0.0,14.0,14.0,5.833333333333333,6.805555555555556,0.0,11.0,28.0,17.0,20.75,6.041666666666667,16.0,0.0,1.0,1.0,0.041666666666666664,0.07986111111111112,0.0,0.0,4.0,4.0,2.7916666666666665,1.0243055555555556,2.0,0.0,0.0,0.0,0.0,0.0,0.0,0.0,0.0,0.0,0.0,0.0,0.0,1.0,4.0,3.0,2.8333333333333335,0.986111111111111,2.0,16.33,34.7633333333,18.4333333333,31.089583333316664,3.7129513888736096,34.7633333333,0.0,0.464,0.464,0.232,0.23200000000000007,0.464,0.0,0.0,0.0,0.0,0.0,0.0,152.0,225.0,73.0,186.04166666666666,35.71180555555555,152.0,1.9583333333333333,2.9583333333333335,10.0,5.833333333333333,0.09437751004016064,0.142570281124498,0.4819277108433735,0.28112449799196787,8.116495679119133,0.2252121212121213,,2.0,1.0,0.041666666666666664,0.041666666666666664,0.5,700.0,0.0,0.0
science.1092963.pdf,,AgPb_mSbTe_2+m,AgPb10SbTe12,AgPb10SbTe12,Pb,m=10,multiple sites,,Pb (m=10) @ multiple sites site,figure,Fig. 2A,Visually estimated from Fig. 2A,-49.99999999999999,uV/K,False,47.0,82.0,35.0,64.25,14.791666666666666,52.0,65.0,90.0,25.0,85.0,5.0,90.0,107.8682,207.2,99.33179999999999,159.701175,39.58235416666667,127.6,600.61,1234.93,634.32,700.6970833333334,83.40590277777777,722.66,11.0,16.0,5.0,14.916666666666666,1.090277777777778,16.0,5.0,6.0,1.0,5.416666666666667,0.48611111111111116,5.0,138.0,146.0,8.0,141.66666666666666,3.888888888888888,138.0,1.93,2.33,0.40000000000000013,2.186666666666667,0.1194444444444445,2.1,1.0,2.0,1.0,1.9583333333333333,0.07986111111111117,2.0,0.0,4.0,4.0,2.9583333333333335,1.045138888888889,4.0,10.0,10.0,0.0,10.0,0.0,10.0,0.0,14.0,14.0,5.833333333333333,6.805555555555556,0.0,11.0,28.0,17.0,20.75,6.041666666666667,16.0,0.0,1.0,1.0,0.041666666666666664,0.07986111111111112,0.0,0.0,4.0,4.0,2.7916666666666665,1.0243055555555556,2.0,0.0,0.0,0.0,0.0,0.0,0.0,0.0,0.0,0.0,0.0,0.0,0.0,1.0,4.0,3.0,2.8333333333333335,0.986111111111111,2.0,16.33,34.7633333333,18.4333333333,31.089583333316664,3.7129513888736096,34.7633333333,0.0,0.464,0.464,0.232,0.23200000000000007,0.464,0.0,0.0,0.0,0.0,0.0,0.0,152.0,225.0,73.0,186.04166666666666,35.71180555555555,152.0,1.9583333333333333,2.9583333333333335,10.0,5.833333333333333,0.09437751004016064,0.142570281124498,0.4819277108433735,0.28112449799196787,8.116495679119133,0.2252121212121213,0.1,1.0,0.0,0.041666666666666664,0.041666666666666664,0.5,300.0,,
science.1092963.pdf,,AgPb_mSbTe_2+m,AgPb10SbTe12,AgPb10SbTe12,Pb,m=10,multiple sites,,Pb (m=10) @ multiple sites site,figure,Fig. 2A,Visually estimated from Fig. 2A,-250.0,uV/K,False,47.0,82.0,35.0,64.25,14.791666666666666,52.0,65.0,90.0,25.0,85.0,5.0,90.0,107.8682,207.2,99.33179999999999,159.701175,39.58235416666667,127.6,600.61,1234.93,634.32,700.6970833333334,83.40590277777777,722.66,11.0,16.0,5.0,14.916666666666666,1.090277777777778,16.0,5.0,6.0,1.0,5.416666666666667,0.48611111111111116,5.0,138.0,146.0,8.0,141.66666666666666,3.888888888888888,138.0,1.93,2.33,0.40000000000000013,2.186666666666667,0.1194444444444445,2.1,1.0,2.0,1.0,1.9583333333333333,0.07986111111111117,2.0,0.0,4.0,4.0,2.9583333333333335,1.045138888888889,4.0,10.0,10.0,0.0,10.0,0.0,10.0,0.0,14.0,14.0,5.833333333333333,6.805555555555556,0.0,11.0,28.0,17.0,20.75,6.041666666666667,16.0,0.0,1.0,1.0,0.041666666666666664,0.07986111111111112,0.0,0.0,4.0,4.0,2.7916666666666665,1.0243055555555556,2.0,0.0,0.0,0.0,0.0,0.0,0.0,0.0,0.0,0.0,0.0,0.0,0.0,1.0,4.0,3.0,2.8333333333333335,0.986111111111111,2.0,16.33,34.7633333333,18.4333333333,31.089583333316664,3.7129513888736096,34.7633333333,0.0,0.464,0.464,0.232,0.23200000000000007,0.464,0.0,0.0,0.0,0.0,0.0,0.0,152.0,225.0,73.0,186.04166666666666,35.71180555555555,152.0,1.9583333333333333,2.9583333333333335,10.0,5.833333333333333,0.09437751004016064,0.142570281124498,0.4819277108433735,0.28112449799196787,8.116495679119133,0.2252121212121213,0.1,1.0,0.0,0.041666666666666664,0.041666666666666664,0.5,700.0,,
science.1092963.pdf,,AgPb_mSbTe_2+m,AgPb18SbTe20,AgPb18SbTe20,Pb,m=18,multiple sites,,Pb (m=18) @ multiple sites site,figure,Fig. 3A,Visually estimated from Fig. 3A,-135.0,uV/K,False,47.0,82.0,35.0,65.35,14.985,52.0,65.0,90.0,25.0,85.2,4.8,90.0,107.8682,207.2,99.33179999999999,162.78070499999998,39.9773655,127.6,600.61,1234.93,634.32,685.0722499999999,76.01602499999998,722.66,11.0,16.0,5.0,14.95,1.0525,16.0,5.0,6.0,1.0,5.45,0.495,5.0,138.0,146.0,8.0,141.8,3.9400000000000004,138.0,1.93,2.33,0.40000000000000013,2.1979999999999995,0.11879999999999995,2.1,1.0,2.0,1.0,1.975,0.04874999999999992,2.0,0.0,4.0,4.0,2.975,1.0262499999999999,4.0,10.0,10.0,0.0,10.0,0.0,10.0,0.0,14.0,14.0,6.3,6.9300000000000015,0.0,11.0,28.0,17.0,21.25,6.075,16.0,0.0,1.0,1.0,0.025,0.04875,0.0,0.0,4.0,4.0,2.875,1.01875,2.0,0.0,0.0,0.0,0.0,0.0,0.0,0.0,0.0,0.0,0.0,0.0,0.0,1.0,4.0,3.0,2.9,0.9949999999999999,2.0,16.33,34.7633333333,18.4333333333,31.228416666650002,3.5514958333174986,34.7633333333,0.0,0.464,0.464,0.23200000000000004,0.23200000000000004,0.464,0.0,0.0,0.0,0.0,0.0,0.0,152.0,225.0,73.0,187.025,36.07625,152.0,1.975,2.975,10.0,6.3,0.09294117647058824,0.14,0.47058823529411764,0.2964705882352941,7.402748752620393,0.22782608695652173,0.18,1.0,0.0,0.025,0.025,0.5,300.0,,
science.1092963.pdf,,AgPb_mSbTe_2+m,AgPb18SbTe20,AgPb18SbTe20,Pb,m=18,multiple sites,,Pb (m=18) @ multiple sites site,figure,Fig. 3A,Visually estimated from Fig. 3A,-335.0,uV/K,False,47.0,82.0,35.0,65.35,14.985,52.0,65.0,90.0,25.0,85.2,4.8,90.0,107.8682,207.2,99.33179999999999,162.78070499999998,39.9773655,127.6,600.61,1234.93,634.32,685.0722499999999,76.01602499999998,722.66,11.0,16.0,5.0,14.95,1.0525,16.0,5.0,6.0,1.0,5.45,0.495,5.0,138.0,146.0,8.0,141.8,3.9400000000000004,138.0,1.93,2.33,0.40000000000000013,2.1979999999999995,0.11879999999999995,2.1,1.0,2.0,1.0,1.975,0.04874999999999992,2.0,0.0,4.0,4.0,2.975,1.0262499999999999,4.0,10.0,10.0,0.0,10.0,0.0,10.0,0.0,14.0,14.0,6.3,6.9300000000000015,0.0,11.0,28.0,17.0,21.25,6.075,16.0,0.0,1.0,1.0,0.025,0.04875,0.0,0.0,4.0,4.0,2.875,1.01875,2.0,0.0,0.0,0.0,0.0,0.0,0.0,0.0,0.0,0.0,0.0,0.0,0.0,1.0,4.0,3.0,2.9,0.9949999999999999,2.0,16.33,34.7633333333,18.4333333333,31.228416666650002,3.5514958333174986,34.7633333333,0.0,0.464,0.464,0.23200000000000004,0.23200000000000004,0.464,0.0,0.0,0.0,0.0,0.0,0.0,152.0,225.0,73.0,187.025,36.07625,152.0,1.975,2.975,10.0,6.3,0.09294117647058824,0.14,0.47058823529411764,0.2964705882352941,7.402748752620393,0.22782608695652173,0.18,1.0,0.0,0.025,0.025,0.5,700.0,,
science.abb3517.pdf,,AgSbTe2,AgSbTe2,AgSbTe2,,,,,,figure,Fig. 4B,Visually estimated from Fig. 4B,280.0,uV/K,False,47.0,52.0,5.0,50.5,1.75,52.0,65.0,90.0,25.0,82.5,8.75,90.0,107.8682,127.6,19.731799999999993,121.20705,6.669425,127.6,722.66,1234.93,512.2700000000001,896.0074999999999,173.34750000000003,722.66,11.0,16.0,5.0,14.5,1.75,16.0,5.0,5.0,0.0,5.0,0.0,5.0,138.0,145.0,7.0,140.0,2.5,138.0,1.93,2.1,0.17000000000000015,2.045,0.05750000000000005,2.1,1.0,2.0,1.0,1.75,0.375,2.0,0.0,4.0,4.0,2.75,1.375,4.0,10.0,10.0,0.0,10.0,0.0,10.0,0.0,0.0,0.0,0.0,0.0,0.0,11.0,16.0,5.0,14.5,1.75,16.0,0.0,1.0,1.0,0.25,0.375,0.0,0.0,3.0,3.0,1.75,0.875,2.0,0.0,0.0,0.0,0.0,0.0,0.0,0.0,0.0,0.0,0.0,0.0,0.0,1.0,3.0,2.0,2.0,0.5,2.0,16.33,34.7633333333,18.4333333333,29.35416666665,6.512083333324999,34.7633333333,0.0,0.464,0.464,0.232,0.232,0.464,0.0,0.0,0.0,0.0,0.0,0.0,152.0,225.0,73.0,173.75,25.625,152.0,1.75,2.75,10.0,0.0,0.1206896551724138,0.1896551724137931,0.6896551724137931,0.0,8.644719482306641,0.11200000000000014,,0.0,0.0,0.25,0.25,0.5,300.0,,
science.abb3517.pdf,,AgSbTe2,AgSb0.98Cd0.02Te2,AgSb0.98Cd0.02Te2,Cd,2 mol %,Sb,,Cd (2 mol %) @ Sb site,figure,Fig. 4B,Visually estimated from Fig. 4B,260.0,uV/K,False,47.0,52.0,5.0,50.485,1.7673500000000002,52.0,65.0,90.0,25.0,82.42500000000001,8.836749999999995,90.0,107.8682,127.6,19.731799999999993,121.160305,6.7335455500000005,127.6,594.22,1234.93,640.71,894.4596999999999,174.80209700000003,722.66,11.0,16.0,5.0,14.485,1.7673500000000002,16.0,5.0,5.0,0.0,5.0,0.0,5.0,138.0,145.0,7.0,140.025,2.5272500000000027,138.0,1.69,2.1,0.41000000000000014,2.0432,0.060131999999999956,2.1,1.0,2.0,1.0,1.75,0.375,2.0,0.0,4.0,4.0,2.735,1.39485,4.0,10.0,10.0,0.0,10.0,0.0,10.0,0.0,0.0,0.0,0.0,0.0,0.0,11.0,16.0,5.0,14.485,1.7673500000000002,16.0,0.0,1.0,1.0,0.25,0.375,0.0,0.0,3.0,3.0,1.7349999999999999,0.88485,2.0,0.0,0.0,0.0,0.0,0.0,0.0,0.0,0.0,0.0,0.0,0.0,0.0,0.0,3.0,3.0,1.9849999999999999,0.5123500000000001,2.0,16.33,34.7633333333,18.4333333333,29.293841666649996,6.5799092499915,34.7633333333,0.0,0.464,0.464,0.232,0.23199999999999998,0.464,0.0,0.0,0.0,0.0,0.0,0.0,152.0,225.0,73.0,173.89,25.756099999999993,152.0,1.75,2.735,10.0,0.0,0.12081463583016915,0.18881601656886435,0.6903693476009666,0.0,8.848505117923192,0.11631524424256928,0.02,1.0,0.0,0.25,0.245,0.5,300.0,1.0,0.19000000000000006
science.abb3517.pdf,,AgSbTe2,AgSb0.94Cd0.06Te2,AgSb0.94Cd0.06Te2,Cd,6 mol %,Sb,,Cd (6 mol %) @ Sb site,figure,Fig. 4B,Visually estimated from Fig. 4B,250.0,uV/K,False,47.0,52.0,5.0,50.455,1.8011500000000007,52.0,65.0,90.0,25.0,82.27499999999999,9.005750000000004,90.0,107.8682,127.6,19.731799999999993,121.06681499999999,6.858981950000002,127.6,594.22,1234.93,640.71,891.3641,177.618423,722.66,11.0,16.0,5.0,14.455,1.8011499999999998,16.0,5.0,5.0,0.0,5.0,0.0,5.0,138.0,145.0,7.0,140.075,2.580249999999995,138.0,1.69,2.1,0.41000000000000014,2.0396,0.06528799999999998,2.1,1.0,2.0,1.0,1.75,0.375,2.0,0.0,4.0,4.0,2.705,1.43365,4.0,10.0,10.0,0.0,10.0,0.0,10.0,0.0,0.0,0.0,0.0,0.0,0.0,11.0,16.0,5.0,14.455,1.8011499999999998,16.0,0.0,1.0,1.0,0.25,0.375,0.0,0.0,3.0,3.0,1.705,0.90365,2.0,0.0,0.0,0.0,0.0,0.0,0.0,0.0,0.0,0.0,0.0,0.0,0.0,0.0,3.0,3.0,1.955,0.53615,2.0,16.33,34.7633333333,18.4333333333,29.17319166665,6.711941583324499,34.7633333333,0.0,0.464,0.464,0.232,0.232,0.464,0.0,0.0,0.0,0.0,0.0,0.0,152.0,225.0,73.0,174.17,26.009899999999995,152.0,1.75,2.705,10.0,0.0,0.12106537530266344,0.18713248011068834,0.6918021445866482,0.0,9.11649772763948,0.1247338027054823,0.06,1.0,0.0,0.25,0.235,0.5,300.0,1.0,0.19000000000000006
sectional-analysis-of-thermoelectric-performance-in-agsbte2-ingots-processed-by-horizontal-zone-melting.pdf,10.1142/S0217979226502358,AgSbTe2,Part I,AgSbTe2,,,,,,figure,Fig. 4,Visually estimated from Fig. 4,89.99999999999999,uV/K,False,47.0,52.0,5.0,50.5,1.75,52.0,65.0,90.0,25.0,82.5,8.75,90.0,107.8682,127.6,19.731799999999993,121.20705,6.669425,127.6,722.66,1234.93,512.2700000000001,896.0074999999999,173.34750000000003,722.66,11.0,16.0,5.0,14.5,1.75,16.0,5.0,5.0,0.0,5.0,0.0,5.0,138.0,145.0,7.0,140.0,2.5,138.0,1.93,2.1,0.17000000000000015,2.045,0.05750000000000005,2.1,1.0,2.0,1.0,1.75,0.375,2.0,0.0,4.0,4.0,2.75,1.375,4.0,10.0,10.0,0.0,10.0,0.0,10.0,0.0,0.0,0.0,0.0,0.0,0.0,11.0,16.0,5.0,14.5,1.75,16.0,0.0,1.0,1.0,0.25,0.375,0.0,0.0,3.0,3.0,1.75,0.875,2.0,0.0,0.0,0.0,0.0,0.0,0.0,0.0,0.0,0.0,0.0,0.0,0.0,1.0,3.0,2.0,2.0,0.5,2.0,16.33,34.7633333333,18.4333333333,29.35416666665,6.512083333324999,34.7633333333,0.0,0.464,0.464,0.232,0.232,0.464,0.0,0.0,0.0,0.0,0.0,0.0,152.0,225.0,73.0,173.75,25.625,152.0,1.75,2.75,10.0,0.0,0.1206896551724138,0.1896551724137931,0.6896551724137931,0.0,8.644719482306641,0.11200000000000014,,0.0,0.0,0.25,0.25,0.5,80.0,,
sectional-analysis-of-thermoelectric-performance-in-agsbte2-ingots-processed-by-horizontal-zone-melting.pdf,10.1142/S0217979226502358,AgSbTe2,Part I,AgSbTe2,,,,,,figure,Fig. 4,Visually estimated from Fig. 4,219.99999999999997,uV/K,False,47.0,52.0,5.0,50.5,1.75,52.0,65.0,90.0,25.0,82.5,8.75,90.0,107.8682,127.6,19.731799999999993,121.20705,6.669425,127.6,722.66,1234.93,512.2700000000001,896.0074999999999,173.34750000000003,722.66,11.0,16.0,5.0,14.5,1.75,16.0,5.0,5.0,0.0,5.0,0.0,5.0,138.0,145.0,7.0,140.0,2.5,138.0,1.93,2.1,0.17000000000000015,2.045,0.05750000000000005,2.1,1.0,2.0,1.0,1.75,0.375,2.0,0.0,4.0,4.0,2.75,1.375,4.0,10.0,10.0,0.0,10.0,0.0,10.0,0.0,0.0,0.0,0.0,0.0,0.0,11.0,16.0,5.0,14.5,1.75,16.0,0.0,1.0,1.0,0.25,0.375,0.0,0.0,3.0,3.0,1.75,0.875,2.0,0.0,0.0,0.0,0.0,0.0,0.0,0.0,0.0,0.0,0.0,0.0,0.0,1.0,3.0,2.0,2.0,0.5,2.0,16.33,34.7633333333,18.4333333333,29.35416666665,6.512083333324999,34.7633333333,0.0,0.464,0.464,0.232,0.232,0.464,0.0,0.0,0.0,0.0,0.0,0.0,152.0,225.0,73.0,173.75,25.625,152.0,1.75,2.75,10.0,0.0,0.1206896551724138,0.1896551724137931,0.6896551724137931,0.0,8.644719482306641,0.11200000000000014,,0.0,0.0,0.25,0.25,0.5,300.0,,
sectional-analysis-of-thermoelectric-performance-in-agsbte2-ingots-processed-by-horizontal-zone-melting.pdf,10.1142/S0217979226502358,AgSbTe2,Part II,AgSbTe2,,,,,,figure,Fig. 4,Visually estimated from Fig. 4,135.0,uV/K,False,47.0,52.0,5.0,50.5,1.75,52.0,65.0,90.0,25.0,82.5,8.75,90.0,107.8682,127.6,19.731799999999993,121.20705,6.669425,127.6,722.66,1234.93,512.2700000000001,896.0074999999999,173.34750000000003,722.66,11.0,16.0,5.0,14.5,1.75,16.0,5.0,5.0,0.0,5.0,0.0,5.0,138.0,145.0,7.0,140.0,2.5,138.0,1.93,2.1,0.17000000000000015,2.045,0.05750000000000005,2.1,1.0,2.0,1.0,1.75,0.375,2.0,0.0,4.0,4.0,2.75,1.375,4.0,10.0,10.0,0.0,10.0,0.0,10.0,0.0,0.0,0.0,0.0,0.0,0.0,11.0,16.0,5.0,14.5,1.75,16.0,0.0,1.0,1.0,0.25,0.375,0.0,0.0,3.0,3.0,1.75,0.875,2.0,0.0,0.0,0.0,0.0,0.0,0.0,0.0,0.0,0.0,0.0,0.0,0.0,1.0,3.0,2.0,2.0,0.5,2.0,16.33,34.7633333333,18.4333333333,29.35416666665,6.512083333324999,34.7633333333,0.0,0.464,0.464,0.232,0.232,0.464,0.0,0.0,0.0,0.0,0.0,0.0,152.0,225.0,73.0,173.75,25.625,152.0,1.75,2.75,10.0,0.0,0.1206896551724138,0.1896551724137931,0.6896551724137931,0.0,8.644719482306641,0.11200000000000014,,0.0,0.0,0.25,0.25,0.5,80.0,,
sectional-analysis-of-thermoelectric-performance-in-agsbte2-ingots-processed-by-horizontal-zone-melting.pdf,10.1142/S0217979226502358,AgSbTe2,Part II,AgSbTe2,,,,,,figure,Fig. 4,Visually estimated from Fig. 4,300.0,uV/K,False,47.0,52.0,5.0,50.5,1.75,52.0,65.0,90.0,25.0,82.5,8.75,90.0,107.8682,127.6,19.731799999999993,121.20705,6.669425,127.6,722.66,1234.93,512.2700000000001,896.0074999999999,173.34750000000003,722.66,11.0,16.0,5.0,14.5,1.75,16.0,5.0,5.0,0.0,5.0,0.0,5.0,138.0,145.0,7.0,140.0,2.5,138.0,1.93,2.1,0.17000000000000015,2.045,0.05750000000000005,2.1,1.0,2.0,1.0,1.75,0.375,2.0,0.0,4.0,4.0,2.75,1.375,4.0,10.0,10.0,0.0,10.0,0.0,10.0,0.0,0.0,0.0,0.0,0.0,0.0,11.0,16.0,5.0,14.5,1.75,16.0,0.0,1.0,1.0,0.25,0.375,0.0,0.0,3.0,3.0,1.75,0.875,2.0,0.0,0.0,0.0,0.0,0.0,0.0,0.0,0.0,0.0,0.0,0.0,0.0,1.0,3.0,2.0,2.0,0.5,2.0,16.33,34.7633333333,18.4333333333,29.35416666665,6.512083333324999,34.7633333333,0.0,0.464,0.464,0.232,0.232,0.464,0.0,0.0,0.0,0.0,0.0,0.0,152.0,225.0,73.0,173.75,25.625,152.0,1.75,2.75,10.0,0.0,0.1206896551724138,0.1896551724137931,0.6896551724137931,0.0,8.644719482306641,0.11200000000000014,,0.0,0.0,0.25,0.25,0.5,300.0,,
sectional-analysis-of-thermoelectric-performance-in-agsbte2-ingots-processed-by-horizontal-zone-melting.pdf,10.1142/S0217979226502358,AgSbTe2,Part III,AgSbTe2,,,,,,figure,Fig. 4,Visually estimated from Fig. 4,189.99999999999997,uV/K,False,47.0,52.0,5.0,50.5,1.75,52.0,65.0,90.0,25.0,82.5,8.75,90.0,107.8682,127.6,19.731799999999993,121.20705,6.669425,127.6,722.66,1234.93,512.2700000000001,896.0074999999999,173.34750000000003,722.66,11.0,16.0,5.0,14.5,1.75,16.0,5.0,5.0,0.0,5.0,0.0,5.0,138.0,145.0,7.0,140.0,2.5,138.0,1.93,2.1,0.17000000000000015,2.045,0.05750000000000005,2.1,1.0,2.0,1.0,1.75,0.375,2.0,0.0,4.0,4.0,2.75,1.375,4.0,10.0,10.0,0.0,10.0,0.0,10.0,0.0,0.0,0.0,0.0,0.0,0.0,11.0,16.0,5.0,14.5,1.75,16.0,0.0,1.0,1.0,0.25,0.375,0.0,0.0,3.0,3.0,1.75,0.875,2.0,0.0,0.0,0.0,0.0,0.0,0.0,0.0,0.0,0.0,0.0,0.0,0.0,1.0,3.0,2.0,2.0,0.5,2.0,16.33,34.7633333333,18.4333333333,29.35416666665,6.512083333324999,34.7633333333,0.0,0.464,0.464,0.232,0.232,0.464,0.0,0.0,0.0,0.0,0.0,0.0,152.0,225.0,73.0,173.75,25.625,152.0,1.75,2.75,10.0,0.0,0.1206896551724138,0.1896551724137931,0.6896551724137931,0.0,8.644719482306641,0.11200000000000014,,0.0,0.0,0.25,0.25,0.5,80.0,,
sectional-analysis-of-thermoelectric-performance-in-agsbte2-ingots-processed-by-horizontal-zone-melting.pdf,10.1142/S0217979226502358,AgSbTe2,Part III,AgSbTe2,,,,,,figure,Fig. 4,Visually estimated from Fig. 4,330.0,uV/K,False,47.0,52.0,5.0,50.5,1.75,52.0,65.0,90.0,25.0,82.5,8.75,90.0,107.8682,127.6,19.731799999999993,121.20705,6.669425,127.6,722.66,1234.93,512.2700000000001,896.0074999999999,173.34750000000003,722.66,11.0,16.0,5.0,14.5,1.75,16.0,5.0,5.0,0.0,5.0,0.0,5.0,138.0,145.0,7.0,140.0,2.5,138.0,1.93,2.1,0.17000000000000015,2.045,0.05750000000000005,2.1,1.0,2.0,1.0,1.75,0.375,2.0,0.0,4.0,4.0,2.75,1.375,4.0,10.0,10.0,0.0,10.0,0.0,10.0,0.0,0.0,0.0,0.0,0.0,0.0,11.0,16.0,5.0,14.5,1.75,16.0,0.0,1.0,1.0,0.25,0.375,0.0,0.0,3.0,3.0,1.75,0.875,2.0,0.0,0.0,0.0,0.0,0.0,0.0,0.0,0.0,0.0,0.0,0.0,0.0,1.0,3.0,2.0,2.0,0.5,2.0,16.33,34.7633333333,18.4333333333,29.35416666665,6.512083333324999,34.7633333333,0.0,0.464,0.464,0.232,0.232,0.464,0.0,0.0,0.0,0.0,0.0,0.0,152.0,225.0,73.0,173.75,25.625,152.0,1.75,2.75,10.0,0.0,0.1206896551724138,0.1896551724137931,0.6896551724137931,0.0,8.644719482306641,0.11200000000000014,,0.0,0.0,0.25,0.25,0.5,300.0,,
ssrn-4526442.pdf,,AgSbTe2,AgSbTe2 (pristine),AgSbTe2,,,,,,text,"Page 2, Introduction",,260.0,uV/K,False,47.0,52.0,5.0,50.5,1.75,52.0,65.0,90.0,25.0,82.5,8.75,90.0,107.8682,127.6,19.731799999999993,121.20705,6.669425,127.6,722.66,1234.93,512.2700000000001,896.0074999999999,173.34750000000003,722.66,11.0,16.0,5.0,14.5,1.75,16.0,5.0,5.0,0.0,5.0,0.0,5.0,138.0,145.0,7.0,140.0,2.5,138.0,1.93,2.1,0.17000000000000015,2.045,0.05750000000000005,2.1,1.0,2.0,1.0,1.75,0.375,2.0,0.0,4.0,4.0,2.75,1.375,4.0,10.0,10.0,0.0,10.0,0.0,10.0,0.0,0.0,0.0,0.0,0.0,0.0,11.0,16.0,5.0,14.5,1.75,16.0,0.0,1.0,1.0,0.25,0.375,0.0,0.0,3.0,3.0,1.75,0.875,2.0,0.0,0.0,0.0,0.0,0.0,0.0,0.0,0.0,0.0,0.0,0.0,0.0,1.0,3.0,2.0,2.0,0.5,2.0,16.33,34.7633333333,18.4333333333,29.35416666665,6.512083333324999,34.7633333333,0.0,0.464,0.464,0.232,0.232,0.464,0.0,0.0,0.0,0.0,0.0,0.0,152.0,225.0,73.0,173.75,25.625,152.0,1.75,2.75,10.0,0.0,0.1206896551724138,0.1896551724137931,0.6896551724137931,0.0,8.644719482306641,0.11200000000000014,,0.0,0.0,0.25,0.25,0.5,300.0,,
ssrn-4526442.pdf,,AgSbTe2,AgSb0.95Ti0.05Te2,AgSb0.95Ti0.05Te2,Ti,0.05,Sb,,Ti (0.05) @ Sb site,figure,Fig. 6a,Visually estimated from Fig. 6a,260.0,uV/K,False,22.0,52.0,30.0,50.137499999999996,2.272187500000002,52.0,43.0,90.0,47.0,81.975,9.461875000000003,90.0,47.867,127.6,79.733,120.2833875,8.018003437499996,127.6,722.66,1941.0,1218.3400000000001,908.9727499999999,188.77930625,722.66,4.0,16.0,12.0,14.3625,1.9403124999999997,16.0,4.0,5.0,1.0,4.9875,0.024687500000000175,5.0,138.0,160.0,22.0,140.2625,2.8621874999999948,138.0,1.54,2.1,0.56,2.0386249999999997,0.06677812500000016,2.1,1.0,2.0,1.0,1.75,0.375,2.0,0.0,4.0,4.0,2.7125,1.4240625,4.0,2.0,10.0,8.0,9.9,0.19749999999999965,10.0,0.0,0.0,0.0,0.0,0.0,0.0,4.0,16.0,12.0,14.3625,1.9403124999999997,16.0,0.0,1.0,1.0,0.25,0.375,0.0,0.0,3.0,3.0,1.7125,0.8990625,2.0,0.0,8.0,8.0,0.1,0.1975,0.0,0.0,0.0,0.0,0.0,0.0,0.0,1.0,8.0,7.0,2.0625,0.59375,2.0,16.33,34.7633333333,18.4333333333,29.16829166665,6.7311031249912485,34.7633333333,0.0,0.464,0.464,0.232,0.232,0.464,0.0,2.25333333333e-05,2.25333333333e-05,2.8166666666625e-07,5.562916666658437e-07,0.0,152.0,225.0,73.0,174.1,25.947499999999998,152.0,1.75,2.7125,9.9,0.0,0.12184508268059181,0.1888598781549173,0.6892950391644909,0.0,9.05735637478225,0.12852402179296696,0.05,1.0,0.0,0.25,0.2375,0.5,323.0,1.0,0.15500000000000003
ssrn-6617408.pdf,,SnTe-AgSbTe2 (s-AST),s-AST,AgSbTe2,Ag,1,multiple sites,Sb (1) @ multiple sites,Ag (1) @ multiple sites site; Sb (1) @ multiple sites site,body text,,,231.2,uV/K,False,47.0,52.0,5.0,50.5,1.75,52.0,65.0,90.0,25.0,82.5,8.75,90.0,107.8682,127.6,19.731799999999993,121.20705,6.669425,127.6,722.66,1234.93,512.2700000000001,896.0074999999999,173.34750000000003,722.66,11.0,16.0,5.0,14.5,1.75,16.0,5.0,5.0,0.0,5.0,0.0,5.0,138.0,145.0,7.0,140.0,2.5,138.0,1.93,2.1,0.17000000000000015,2.045,0.05750000000000005,2.1,1.0,2.0,1.0,1.75,0.375,2.0,0.0,4.0,4.0,2.75,1.375,4.0,10.0,10.0,0.0,10.0,0.0,10.0,0.0,0.0,0.0,0.0,0.0,0.0,11.0,16.0,5.0,14.5,1.75,16.0,0.0,1.0,1.0,0.25,0.375,0.0,0.0,3.0,3.0,1.75,0.875,2.0,0.0,0.0,0.0,0.0,0.0,0.0,0.0,0.0,0.0,0.0,0.0,0.0,1.0,3.0,2.0,2.0,0.5,2.0,16.33,34.7633333333,18.4333333333,29.35416666665,6.512083333324999,34.7633333333,0.0,0.464,0.464,0.232,0.232,0.464,0.0,0.0,0.0,0.0,0.0,0.0,152.0,225.0,73.0,173.75,25.625,152.0,1.75,2.75,10.0,0.0,0.1206896551724138,0.1896551724137931,0.6896551724137931,0.0,8.644719482306641,0.11200000000000014,1.0,2.0,1.0,0.25,0.25,0.5,537.0,,
ssrn-6617408.pdf,,SnTe-AgSbTe2 (s-AST),SnTe-8% s-AST,SnTe-8% AgSbTe2,Ag,8%,Ag,Sb (8%) @ Sb,Ag (8%) @ Ag site; Sb (8%) @ Sb site,body text,,,172.3,uV/K,True,47.0,52.0,5.0,50.5,1.75,52.0,65.0,90.0,25.0,82.5,8.75,90.0,107.8682,127.6,19.731799999999993,121.20705,6.669425,127.6,722.66,1234.93,512.2700000000001,896.0074999999999,173.34750000000003,722.66,11.0,16.0,5.0,14.5,1.75,16.0,5.0,5.0,0.0,5.0,0.0,5.0,138.0,145.0,7.0,140.0,2.5,138.0,1.93,2.1,0.17000000000000015,2.045,0.05750000000000005,2.1,1.0,2.0,1.0,1.75,0.375,2.0,0.0,4.0,4.0,2.75,1.375,4.0,10.0,10.0,0.0,10.0,0.0,10.0,0.0,0.0,0.0,0.0,0.0,0.0,11.0,16.0,5.0,14.5,1.75,16.0,0.0,1.0,1.0,0.25,0.375,0.0,0.0,3.0,3.0,1.75,0.875,2.0,0.0,0.0,0.0,0.0,0.0,0.0,0.0,0.0,0.0,0.0,0.0,0.0,1.0,3.0,2.0,2.0,0.5,2.0,16.33,34.7633333333,18.4333333333,29.35416666665,6.512083333324999,34.7633333333,0.0,0.464,0.464,0.232,0.232,0.464,0.0,0.0,0.0,0.0,0.0,0.0,152.0,225.0,73.0,173.75,25.625,152.0,1.75,2.75,10.0,0.0,0.1206896551724138,0.1896551724137931,0.6896551724137931,0.0,8.644719482306641,0.11200000000000014,0.08,2.0,1.0,0.25,0.25,0.5,823.0,0.0,0.0
ssrn-6617408.pdf,,SnTe-AgSbTe2 (s-AST),s-AST pellet,AgSbTe2,,,,,,figure,Figure 2b,Visually estimated from Figure 2b,150.0,uV/K,False,47.0,52.0,5.0,50.5,1.75,52.0,65.0,90.0,25.0,82.5,8.75,90.0,107.8682,127.6,19.731799999999993,121.20705,6.669425,127.6,722.66,1234.93,512.2700000000001,896.0074999999999,173.34750000000003,722.66,11.0,16.0,5.0,14.5,1.75,16.0,5.0,5.0,0.0,5.0,0.0,5.0,138.0,145.0,7.0,140.0,2.5,138.0,1.93,2.1,0.17000000000000015,2.045,0.05750000000000005,2.1,1.0,2.0,1.0,1.75,0.375,2.0,0.0,4.0,4.0,2.75,1.375,4.0,10.0,10.0,0.0,10.0,0.0,10.0,0.0,0.0,0.0,0.0,0.0,0.0,11.0,16.0,5.0,14.5,1.75,16.0,0.0,1.0,1.0,0.25,0.375,0.0,0.0,3.0,3.0,1.75,0.875,2.0,0.0,0.0,0.0,0.0,0.0,0.0,0.0,0.0,0.0,0.0,0.0,0.0,1.0,3.0,2.0,2.0,0.5,2.0,16.33,34.7633333333,18.4333333333,29.35416666665,6.512083333324999,34.7633333333,0.0,0.464,0.464,0.232,0.232,0.464,0.0,0.0,0.0,0.0,0.0,0.0,152.0,225.0,73.0,173.75,25.625,152.0,1.75,2.75,10.0,0.0,0.1206896551724138,0.1896551724137931,0.6896551724137931,0.0,8.644719482306641,0.11200000000000014,,0.0,0.0,0.25,0.25,0.5,300.0,,
ssrn-6617408.pdf,,SnTe-AgSbTe2 (s-AST),s-AST pellet,AgSbTe2,,,,,,figure,Figure 2b,Visually estimated from Figure 2b,229.99999999999997,uV/K,False,47.0,52.0,5.0,50.5,1.75,52.0,65.0,90.0,25.0,82.5,8.75,90.0,107.8682,127.6,19.731799999999993,121.20705,6.669425,127.6,722.66,1234.93,512.2700000000001,896.0074999999999,173.34750000000003,722.66,11.0,16.0,5.0,14.5,1.75,16.0,5.0,5.0,0.0,5.0,0.0,5.0,138.0,145.0,7.0,140.0,2.5,138.0,1.93,2.1,0.17000000000000015,2.045,0.05750000000000005,2.1,1.0,2.0,1.0,1.75,0.375,2.0,0.0,4.0,4.0,2.75,1.375,4.0,10.0,10.0,0.0,10.0,0.0,10.0,0.0,0.0,0.0,0.0,0.0,0.0,11.0,16.0,5.0,14.5,1.75,16.0,0.0,1.0,1.0,0.25,0.375,0.0,0.0,3.0,3.0,1.75,0.875,2.0,0.0,0.0,0.0,0.0,0.0,0.0,0.0,0.0,0.0,0.0,0.0,0.0,1.0,3.0,2.0,2.0,0.5,2.0,16.33,34.7633333333,18.4333333333,29.35416666665,6.512083333324999,34.7633333333,0.0,0.464,0.464,0.232,0.232,0.464,0.0,0.0,0.0,0.0,0.0,0.0,152.0,225.0,73.0,173.75,25.625,152.0,1.75,2.75,10.0,0.0,0.1206896551724138,0.1896551724137931,0.6896551724137931,0.0,8.644719482306641,0.11200000000000014,,0.0,0.0,0.25,0.25,0.5,600.0,,
