source_pdf,doi,base_composition,sample_id,full_formula,primary_dopant_element,primary_dopant_pct,primary_dopant_site,codopant_elements,all_dopants_detail,source_type,source_detail,notes,target_value,unit,_formula_reconstructed,MagpieData minimum Number,MagpieData maximum Number,MagpieData range Number,MagpieData mean Number,MagpieData avg_dev Number,MagpieData mode Number,MagpieData minimum MendeleevNumber,MagpieData maximum MendeleevNumber,MagpieData range MendeleevNumber,MagpieData mean MendeleevNumber,MagpieData avg_dev MendeleevNumber,MagpieData mode MendeleevNumber,MagpieData minimum AtomicWeight,MagpieData maximum AtomicWeight,MagpieData range AtomicWeight,MagpieData mean AtomicWeight,MagpieData avg_dev AtomicWeight,MagpieData mode AtomicWeight,MagpieData minimum MeltingT,MagpieData maximum MeltingT,MagpieData range MeltingT,MagpieData mean MeltingT,MagpieData avg_dev MeltingT,MagpieData mode MeltingT,MagpieData minimum Column,MagpieData maximum Column,MagpieData range Column,MagpieData mean Column,MagpieData avg_dev Column,MagpieData mode Column,MagpieData minimum Row,MagpieData maximum Row,MagpieData range Row,MagpieData mean Row,MagpieData avg_dev Row,MagpieData mode Row,MagpieData minimum CovalentRadius,MagpieData maximum CovalentRadius,MagpieData range CovalentRadius,MagpieData mean CovalentRadius,MagpieData avg_dev CovalentRadius,MagpieData mode CovalentRadius,MagpieData minimum Electronegativity,MagpieData maximum Electronegativity,MagpieData range Electronegativity,MagpieData mean Electronegativity,MagpieData avg_dev Electronegativity,MagpieData mode Electronegativity,MagpieData minimum NsValence,MagpieData maximum NsValence,MagpieData range NsValence,MagpieData mean NsValence,MagpieData avg_dev NsValence,MagpieData mode NsValence,MagpieData minimum NpValence,MagpieData maximum NpValence,MagpieData range NpValence,MagpieData mean NpValence,MagpieData avg_dev NpValence,MagpieData mode NpValence,MagpieData minimum NdValence,MagpieData maximum NdValence,MagpieData range NdValence,MagpieData mean NdValence,MagpieData avg_dev NdValence,MagpieData mode NdValence,MagpieData minimum NfValence,MagpieData maximum NfValence,MagpieData range NfValence,MagpieData mean NfValence,MagpieData avg_dev NfValence,MagpieData mode NfValence,MagpieData minimum NValence,MagpieData maximum NValence,MagpieData range NValence,MagpieData mean NValence,MagpieData avg_dev NValence,MagpieData mode NValence,MagpieData minimum NsUnfilled,MagpieData maximum NsUnfilled,MagpieData range NsUnfilled,MagpieData mean NsUnfilled,MagpieData avg_dev NsUnfilled,MagpieData mode NsUnfilled,MagpieData minimum NpUnfilled,MagpieData maximum NpUnfilled,MagpieData range NpUnfilled,MagpieData mean NpUnfilled,MagpieData avg_dev NpUnfilled,MagpieData mode NpUnfilled,MagpieData minimum NdUnfilled,MagpieData maximum NdUnfilled,MagpieData range NdUnfilled,MagpieData mean NdUnfilled,MagpieData avg_dev NdUnfilled,MagpieData mode NdUnfilled,MagpieData minimum NfUnfilled,MagpieData maximum NfUnfilled,MagpieData range NfUnfilled,MagpieData mean NfUnfilled,MagpieData avg_dev NfUnfilled,MagpieData mode NfUnfilled,MagpieData minimum NUnfilled,MagpieData maximum NUnfilled,MagpieData range NUnfilled,MagpieData mean NUnfilled,MagpieData avg_dev NUnfilled,MagpieData mode NUnfilled,MagpieData minimum GSvolume_pa,MagpieData maximum GSvolume_pa,MagpieData range GSvolume_pa,MagpieData mean GSvolume_pa,MagpieData avg_dev GSvolume_pa,MagpieData mode GSvolume_pa,MagpieData minimum GSbandgap,MagpieData maximum GSbandgap,MagpieData range GSbandgap,MagpieData mean GSbandgap,MagpieData avg_dev GSbandgap,MagpieData mode GSbandgap,MagpieData minimum GSmagmom,MagpieData maximum GSmagmom,MagpieData range GSmagmom,MagpieData mean GSmagmom,MagpieData avg_dev GSmagmom,MagpieData mode GSmagmom,MagpieData minimum SpaceGroupNumber,MagpieData maximum SpaceGroupNumber,MagpieData range SpaceGroupNumber,MagpieData mean SpaceGroupNumber,MagpieData avg_dev SpaceGroupNumber,MagpieData mode SpaceGroupNumber,avg s valence electrons,avg p valence electrons,avg d valence electrons,avg f valence electrons,frac s valence electrons,frac p valence electrons,frac d valence electrons,frac f valence electrons,mixing_entropy,ionic_character,dopant_concentration,num_dopants,is_codoped,frac_Ag,frac_Sb,frac_Te,temperature_K,dopant_host_charge_mismatch,dopant_host_radius_mismatch
1-s2.0-S0013468616305072-main.pdf,10.1016/j.electacta.2016.02.206,AgSbTe2,"Bulk Ag20.2Sb27.9Te51.9 [Table 1, Ref 17]",Ag20.2Sb27.9Te51.9,,,,,,table,Table 1,,0.87,W/m.K,False,47.0,52.0,5.0,50.71099999999999,1.4992440000000051,52.0,65.0,90.0,25.0,83.555,7.4962199999999966,90.0,107.8682,127.6,19.731799999999993,121.98481639999999,5.828560576799996,127.6,722.66,1234.93,512.2700000000001,876.6710199999999,159.86343876000004,722.66,11.0,16.0,5.0,14.710999999999999,1.4992440000000011,16.0,5.0,5.0,0.0,5.0,0.0,5.0,138.0,145.0,7.0,139.69299999999998,2.1440279999999903,138.0,1.93,2.1,0.17000000000000015,2.05171,0.05012502000000011,2.1,1.0,2.0,1.0,1.798,0.32239199999999996,2.0,0.0,4.0,4.0,2.9129999999999994,1.1768520000000005,4.0,10.0,10.0,0.0,10.0,0.0,10.0,0.0,0.0,0.0,0.0,0.0,0.0,11.0,16.0,5.0,14.710999999999999,1.4992440000000011,16.0,0.0,1.0,1.0,0.20199999999999999,0.32239199999999996,0.0,0.0,3.0,3.0,1.875,0.7575,2.0,0.0,0.0,0.0,0.0,0.0,0.0,0.0,0.0,0.0,0.0,0.0,0.0,1.0,3.0,2.0,2.077,0.5150339999999999,2.0,16.33,34.7633333333,18.4333333333,30.146069999982696,5.581692279993011,34.7633333333,0.0,0.464,0.464,0.24081600000000003,0.23166499200000001,0.464,0.0,0.0,0.0,0.0,0.0,0.0,152.0,225.0,73.0,170.65200000000002,21.95659200000001,152.0,1.798,2.9129999999999994,10.0,0.0,0.12222146692950854,0.19801509074841953,0.679763442322072,0.0,8.477750362789715,0.1040058235865059,,0.0,0.0,0.20199999999999999,0.27899999999999997,0.519,300.0,,
1-s2.0-S0925838819316007-main.pdf,10.1016/j.jallcom.2019.04.294,TlSbTe2,Tl0.98In0.02SbTe2,Tl0.98In0.02SbTe2,In,0.02,Tl,,In (0.02) @ Tl site,body text,,,1.03,W/m.K,False,49.0,81.0,32.0,58.84,10.858400000000001,52.0,75.0,90.0,15.0,85.245,4.755,90.0,114.818,204.3833,89.5653,144.88799849999998,29.15269773499999,127.6,429.75,903.78,474.03,730.7887499999999,86.49562499999998,722.66,13.0,16.0,3.0,15.0,1.0,16.0,5.0,6.0,1.0,5.245,0.36995000000000006,5.0,138.0,145.0,7.0,139.985,2.4775000000000067,138.0,1.62,2.1,0.48,1.9683000000000002,0.17254999999999987,2.1,2.0,2.0,0.0,2.0,0.0,2.0,1.0,4.0,3.0,3.0,1.0,4.0,10.0,10.0,0.0,10.0,0.0,10.0,0.0,14.0,14.0,3.4299999999999997,5.1793,0.0,13.0,27.0,14.0,18.43,4.199299999999999,16.0,0.0,0.0,0.0,0.0,0.0,0.0,2.0,5.0,3.0,3.0,1.0,2.0,0.0,0.0,0.0,0.0,0.0,0.0,0.0,0.0,0.0,0.0,0.0,0.0,2.0,5.0,3.0,3.0,1.0,2.0,24.26,34.7633333333,10.503333333299995,31.98591666665,2.777416666649999,34.7633333333,0.0,0.464,0.464,0.232,0.232,0.464,0.0,0.0,0.0,0.0,0.0,0.0,139.0,194.0,55.0,165.725,13.99225,152.0,2.0,3.0,10.0,3.4299999999999997,0.10851871947911015,0.16277807921866522,0.5425935973955507,0.1861096039066739,8.848505117923192,0.29554864929476454,0.02,1.0,0.0,0.0,0.25,0.5,371.0,,
1-s2.0-S0925838819316007-main.pdf,10.1016/j.jallcom.2019.04.294,TlSbTe2,Tl0.98In0.02SbTe2,Tl0.98In0.02SbTe2,In,0.02,Tl,,In (0.02) @ Tl site,body text,,,0.7,W/m.K,False,49.0,81.0,32.0,58.84,10.858400000000001,52.0,75.0,90.0,15.0,85.245,4.755,90.0,114.818,204.3833,89.5653,144.88799849999998,29.15269773499999,127.6,429.75,903.78,474.03,730.7887499999999,86.49562499999998,722.66,13.0,16.0,3.0,15.0,1.0,16.0,5.0,6.0,1.0,5.245,0.36995000000000006,5.0,138.0,145.0,7.0,139.985,2.4775000000000067,138.0,1.62,2.1,0.48,1.9683000000000002,0.17254999999999987,2.1,2.0,2.0,0.0,2.0,0.0,2.0,1.0,4.0,3.0,3.0,1.0,4.0,10.0,10.0,0.0,10.0,0.0,10.0,0.0,14.0,14.0,3.4299999999999997,5.1793,0.0,13.0,27.0,14.0,18.43,4.199299999999999,16.0,0.0,0.0,0.0,0.0,0.0,0.0,2.0,5.0,3.0,3.0,1.0,2.0,0.0,0.0,0.0,0.0,0.0,0.0,0.0,0.0,0.0,0.0,0.0,0.0,2.0,5.0,3.0,3.0,1.0,2.0,24.26,34.7633333333,10.503333333299995,31.98591666665,2.777416666649999,34.7633333333,0.0,0.464,0.464,0.232,0.232,0.464,0.0,0.0,0.0,0.0,0.0,0.0,139.0,194.0,55.0,165.725,13.99225,152.0,2.0,3.0,10.0,3.4299999999999997,0.10851871947911015,0.16277807921866522,0.5425935973955507,0.1861096039066739,8.848505117923192,0.29554864929476454,0.02,1.0,0.0,0.0,0.25,0.5,575.0,,
1-s2.0-S0925838819316007-main.pdf,10.1016/j.jallcom.2019.04.294,TlSbTe2,Tl0.98Yb0.02SbTe2,Tl0.98Yb0.02SbTe2,Yb,0.02,Tl,,Yb (0.02) @ Tl site,body text,,,0.68,W/m.K,False,51.0,81.0,30.0,58.945,10.9175,52.0,39.0,90.0,51.0,85.065,4.9350000000000005,90.0,121.76,204.3833,82.62329999999999,145.17917849999998,29.288767749999987,127.6,577.0,1092.0,515.0,734.0999999999999,88.41899999999997,722.66,3.0,16.0,13.0,14.95,1.0750000000000004,16.0,5.0,6.0,1.0,5.25,0.375,5.0,138.0,187.0,49.0,140.21,2.815000000000004,138.0,1.26,2.1,0.8400000000000001,1.9657,0.17644999999999997,2.1,2.0,2.0,0.0,2.0,0.0,2.0,0.0,4.0,4.0,2.995,1.0074999999999998,4.0,0.0,10.0,10.0,9.95,0.0995000000000007,10.0,0.0,14.0,14.0,3.4999999999999996,5.25,0.0,15.0,27.0,12.0,18.445,4.19195,16.0,0.0,0.0,0.0,0.0,0.0,0.0,0.0,5.0,5.0,2.975,1.00475,2.0,0.0,0.0,0.0,0.0,0.0,0.0,0.0,0.0,0.0,0.0,0.0,0.0,0.0,5.0,5.0,2.975,1.00475,2.0,26.91,34.7633333333,7.853333333299997,32.03521666665,2.7489644999834986,34.7633333333,0.0,0.464,0.464,0.232,0.232,0.464,0.0,0.0,0.0,0.0,0.0,0.0,152.0,225.0,73.0,166.155,14.232500000000002,152.0,2.0,2.995,9.95,3.4999999999999996,0.10843046896177826,0.16237462727026294,0.5394415830848468,0.18975332068311193,8.848505117923192,0.30508247669136984,0.02,1.0,0.0,0.0,0.25,0.5,625.0,,
1-s2.0-S092583882601529X-main.pdf,10.1016/j.jallcom.2026.187461,Te(1-x)(AgSbTe2)x,x=0%,Te,,,,,,figure,Fig. 4a,Visually estimated from Fig. 4a,2.1,W/m.K,False,52.0,52.0,0.0,52.0,0.0,52.0,90.0,90.0,0.0,90.0,0.0,90.0,127.6,127.6,0.0,127.6,0.0,127.6,722.66,722.66,0.0,722.66,0.0,722.66,16.0,16.0,0.0,16.0,0.0,16.0,5.0,5.0,0.0,5.0,0.0,5.0,138.0,138.0,0.0,138.0,0.0,138.0,2.1,2.1,0.0,2.1,0.0,2.1,2.0,2.0,0.0,2.0,0.0,2.0,4.0,4.0,0.0,4.0,0.0,4.0,10.0,10.0,0.0,10.0,0.0,10.0,0.0,0.0,0.0,0.0,0.0,0.0,16.0,16.0,0.0,16.0,0.0,16.0,0.0,0.0,0.0,0.0,0.0,0.0,2.0,2.0,0.0,2.0,0.0,2.0,0.0,0.0,0.0,0.0,0.0,0.0,0.0,0.0,0.0,0.0,0.0,0.0,2.0,2.0,0.0,2.0,0.0,2.0,34.7633333333,34.7633333333,0.0,34.7633333333,0.0,34.7633333333,0.464,0.464,0.0,0.464,0.0,0.464,0.0,0.0,0.0,0.0,0.0,0.0,152.0,152.0,0.0,152.0,0.0,152.0,2.0,4.0,10.0,0.0,0.125,0.25,0.625,0.0,-0.0,0.0,,0.0,0.0,0.0,0.0,1.0,300.0,,
1-s2.0-S1359645412005150-main.pdf,10.1016/j.actamat.2012.07.057,AgSbTe2,5 at.% Pb,Ag20Sb25Te50Pb5,Pb,5 at.%,Sb,,Pb (5 at.%) @ Sb site,body text,Abstract,,0.35,W/m.K,False,47.0,82.0,35.0,52.25,2.975,52.0,65.0,90.0,25.0,83.3,7.550000000000001,90.0,107.8682,207.2,99.33179999999999,126.17363999999999,9.528995999999996,127.6,600.61,1234.93,634.32,864.2915,167.99965000000003,722.66,11.0,16.0,5.0,14.65,1.5249999999999997,16.0,5.0,6.0,1.0,5.05,0.09499999999999983,5.0,138.0,146.0,8.0,140.05,2.5750000000000055,138.0,1.93,2.33,0.40000000000000013,2.065,0.06150000000000011,2.1,1.0,2.0,1.0,1.8,0.32,2.0,0.0,4.0,4.0,2.85,1.225,4.0,10.0,10.0,0.0,10.0,0.0,10.0,0.0,14.0,14.0,0.7,1.33,0.0,11.0,28.0,17.0,15.35,1.915,16.0,0.0,1.0,1.0,0.2,0.32,0.0,0.0,4.0,4.0,1.95,0.78,2.0,0.0,0.0,0.0,0.0,0.0,0.0,0.0,0.0,0.0,0.0,0.0,0.0,1.0,4.0,3.0,2.15,0.6099999999999999,2.0,16.33,34.7633333333,18.4333333333,29.94316666665,5.628583333324998,34.7633333333,0.0,0.464,0.464,0.23200000000000004,0.23199999999999998,0.464,0.0,0.0,0.0,0.0,0.0,0.0,152.0,225.0,73.0,173.75,25.625,152.0,1.8,2.85,10.0,0.7,0.11726384364820848,0.18566775244299674,0.6514657980456027,0.04560260586319218,9.684863793422858,0.13178294573643423,0.05,1.0,0.0,0.2,0.25,0.5,300.0,1.0,0.43000000000000005
1-s2.0-S1359645412005150-main.pdf,10.1016/j.actamat.2012.07.057,AgSbTe2,6 at.% Pb,Ag20Sb24Te50Pb6,Pb,6 at.%,Sb,,Pb (6 at.%) @ Sb site,body text,Abstract,,0.35,W/m.K,False,47.0,82.0,35.0,52.56,3.532800000000002,52.0,65.0,90.0,25.0,83.26,7.575199999999999,90.0,107.8682,207.2,99.33179999999999,127.02804,10.192595199999994,127.6,600.61,1234.93,634.32,861.2598000000002,169.877776,722.66,11.0,16.0,5.0,14.64,1.5327999999999997,16.0,5.0,6.0,1.0,5.06,0.11279999999999965,5.0,138.0,146.0,8.0,140.12,2.657600000000002,138.0,1.93,2.33,0.40000000000000013,2.0678,0.0636640000000001,2.1,1.0,2.0,1.0,1.8,0.31999999999999995,2.0,0.0,4.0,4.0,2.84,1.2368000000000001,4.0,10.0,10.0,0.0,10.0,0.0,10.0,0.0,14.0,14.0,0.84,1.5792000000000002,0.0,11.0,28.0,17.0,15.48,2.0224,16.0,0.0,1.0,1.0,0.2,0.32,0.0,0.0,4.0,4.0,1.96,0.7839999999999999,2.0,0.0,0.0,0.0,0.0,0.0,0.0,0.0,0.0,0.0,0.0,0.0,0.0,1.0,4.0,3.0,2.16,0.6240000000000001,2.0,16.33,34.7633333333,18.4333333333,29.908666666649996,5.647306666658,34.7633333333,0.0,0.464,0.464,0.23200000000000004,0.23199999999999998,0.464,0.0,0.0,0.0,0.0,0.0,0.0,152.0,225.0,73.0,174.34,26.343200000000007,152.0,1.8,2.84,10.0,0.84,0.11627906976744186,0.18346253229974158,0.6459948320413437,0.05426356589147287,9.809184668290387,0.13715166461159073,0.06,1.0,0.0,0.2,0.24,0.5,300.0,1.0,0.43000000000000005
1-s2.0-S1359645421008223-main.pdf,10.1016/j.actamat.2021.117443,AgSbTe2,HT673,AgSb0.998Ce0.002Te2,Ce,0.2 mol%,unclear,,Ce (0.2 mol%) @ unclear site,body text,,,0.63,W/m.K,False,47.0,58.0,11.0,50.5035,1.7517499999999986,52.0,15.0,90.0,75.0,82.465,8.799964999999998,90.0,107.8682,140.116,32.24780000000001,121.216228,6.674013999999998,127.6,722.66,1234.93,512.2700000000001,896.0911099999998,173.43111000000005,722.66,3.0,16.0,13.0,14.494,1.758494,16.0,5.0,6.0,1.0,5.000500000000001,0.0009995000000006104,5.0,138.0,204.0,66.0,140.0325,2.547717499999999,138.0,1.12,2.1,0.98,2.0445349999999998,0.05819203500000013,2.1,1.0,2.0,1.0,1.75,0.375,2.0,0.0,4.0,4.0,2.7485,1.3769985,4.0,1.0,10.0,9.0,9.9955,0.00899550000000017,10.0,0.0,1.0,1.0,0.0005,0.0009995,0.0,4.0,16.0,12.0,14.494499999999999,1.7577445000000007,16.0,0.0,1.0,1.0,0.25,0.375,0.0,0.0,3.0,3.0,1.7485,0.8759985,2.0,0.0,9.0,9.0,0.0045000000000000005,0.0089955,0.0,0.0,13.0,13.0,0.006500000000000001,0.012993500000000002,0.0,1.0,22.0,21.0,2.0095,0.51425,2.0,16.33,37.24,20.910000000000004,29.357006666649998,6.513503333325,34.7633333333,0.0,0.464,0.464,0.232,0.23200000000000004,0.464,0.0,0.0,0.0,0.0,0.0,0.0,152.0,225.0,73.0,173.764,25.638236000000006,152.0,1.75,2.7485,9.9955,0.0005,0.12073545137810895,0.18962365035013282,0.6896064024285075,3.449584325088827e-05,8.674708116969997,0.11334600827349736,0.002,1.0,0.0,0.25,0.2495,0.5,673.0,,
1-s2.0-S1359645422000684-main.pdf,10.1016/j.actamat.2022.117681,(Sn1-xPbxSe)0.6(AgSbTe2)0.4,(Sn0.86Pb0.14Se)0.6(AgSbTe2)0.4,(Sn0.86Pb0.14Se)0.6(AgSbTe2)0.4,Pb,14%,Sn,,Pb (14%) @ Sn site,body text,,,0.6,W/m.K,False,34.0,82.0,48.0,47.81714285714286,6.155102040816326,52.0,65.0,90.0,25.0,83.38714285714286,6.645102040816326,90.0,78.96,207.2,128.24,114.27372857142858,16.964606122448977,127.6,494.0,1234.93,740.9300000000001,728.9587571428572,194.51213877551027,722.66,11.0,16.0,5.0,14.714285714285717,1.3673469387755095,16.0,4.0,6.0,2.0,4.815714285714286,0.3495918367346938,5.0,120.0,146.0,26.0,135.71000000000004,6.732857142857123,138.0,1.93,2.55,0.6199999999999999,2.1461000000000006,0.1841340000000003,2.1,1.0,2.0,1.0,1.857142857142857,0.2448979591836736,2.0,0.0,4.0,4.0,2.857142857142857,1.183673469387755,4.0,10.0,10.0,0.0,10.0,0.0,10.0,0.0,14.0,14.0,0.4200000000000001,0.8148000000000003,0.0,11.0,28.0,17.0,15.134285714285717,1.637657142857143,16.0,0.0,1.0,1.0,0.14285714285714288,0.24489795918367352,0.0,0.0,4.0,4.0,2.285714285714286,0.9387755102040819,2.0,0.0,0.0,0.0,0.0,0.0,0.0,0.0,0.0,0.0,0.0,0.0,0.0,1.0,4.0,3.0,2.4285714285714284,0.836734693877551,2.0,16.33,34.7633333333,18.4333333333,29.305345238085717,5.229824455774938,34.7633333333,0.0,0.799,0.799,0.3037857142857143,0.3037857142857143,0.464,0.0,0.0,0.0,0.0,0.0,0.0,14.0,225.0,211.0,135.02,51.86571428571428,152.0,1.857142857142857,2.857142857142857,10.0,0.4200000000000001,0.12271096847272038,0.18878610534264675,0.6607513686992637,0.027751557485369078,13.809284983942522,0.28977060483891626,0.14,1.0,0.0,0.14285714285714288,0.14285714285714288,0.28571428571428575,300.0,,
1-s2.0-S1359645422000684-main.pdf,10.1016/j.actamat.2022.117681,(Sn1-xPbxSe)0.6(AgSbTe2)0.4,"(SnSe)1-m(AgSbTe2)m, m=0%",SnSe,,,,,,figure,,Visually estimated from Fig. 4d,1.1,W/m.K,False,34.0,50.0,16.0,42.0,8.0,34.0,80.0,89.0,9.0,84.5,4.5,80.0,78.96,118.71,39.75,98.835,19.875,78.96,494.0,505.08,11.079999999999984,499.53999999999996,5.539999999999992,494.0,14.0,16.0,2.0,15.0,1.0,14.0,4.0,5.0,1.0,4.5,0.5,4.0,120.0,139.0,19.0,129.5,9.5,120.0,1.96,2.55,0.5899999999999999,2.255,0.29499999999999993,1.96,2.0,2.0,0.0,2.0,0.0,2.0,2.0,4.0,2.0,3.0,1.0,2.0,10.0,10.0,0.0,10.0,0.0,10.0,0.0,0.0,0.0,0.0,0.0,0.0,14.0,16.0,2.0,15.0,1.0,14.0,0.0,0.0,0.0,0.0,0.0,0.0,2.0,4.0,2.0,3.0,1.0,2.0,0.0,0.0,0.0,0.0,0.0,0.0,0.0,0.0,0.0,0.0,0.0,0.0,2.0,4.0,2.0,3.0,1.0,2.0,25.92,33.285,7.364999999999995,29.6025,3.6824999999999974,25.92,0.0,0.799,0.799,0.3995,0.3995,0.0,0.0,0.0,0.0,0.0,0.0,0.0,14.0,141.0,127.0,77.5,63.5,14.0,2.0,3.0,10.0,0.0,0.13333333333333333,0.2,0.6666666666666666,0.0,5.763146321537762,0.5899999999999999,,0.0,0.0,0.0,0.0,0.0,300.0,,
1-s2.0-S1359645422000684-main.pdf,10.1016/j.actamat.2022.117681,(Sn1-xPbxSe)0.6(AgSbTe2)0.4,x=0%,"(Sn1-xPbxSe)0.6(AgSbTe2)0.4, x=0",,,,,,figure,,Visually estimated from Fig. 6a,1.0,W/m.K,False,34.0,52.0,18.0,46.85714285714287,5.510204081632648,52.0,65.0,90.0,25.0,83.35714285714286,6.683673469387753,90.0,78.96,127.6,48.64,111.61902857142857,15.068391836734696,127.6,494.0,1234.93,740.9300000000001,726.0928571428572,196.14979591836737,722.66,11.0,16.0,5.0,14.714285714285717,1.3673469387755095,16.0,4.0,5.0,1.0,4.7857142857142865,0.3367346938775506,5.0,120.0,145.0,25.0,135.5,6.642857142857142,138.0,1.93,2.55,0.6199999999999999,2.1350000000000002,0.177857142857143,2.1,1.0,2.0,1.0,1.857142857142857,0.2448979591836736,2.0,0.0,4.0,4.0,2.857142857142857,1.183673469387755,4.0,10.0,10.0,0.0,10.0,0.0,10.0,0.0,0.0,0.0,0.0,0.0,0.0,11.0,16.0,5.0,14.714285714285717,1.3673469387755095,16.0,0.0,1.0,1.0,0.14285714285714288,0.24489795918367352,0.0,0.0,4.0,4.0,2.285714285714286,0.9387755102040817,2.0,0.0,0.0,0.0,0.0,0.0,0.0,0.0,0.0,0.0,0.0,0.0,0.0,1.0,4.0,3.0,2.4285714285714284,0.836734693877551,2.0,16.33,34.7633333333,18.4333333333,29.460595238085713,5.268996598632652,34.7633333333,0.0,0.799,0.799,0.3037857142857143,0.3037857142857143,0.464,0.0,0.0,0.0,0.0,0.0,0.0,14.0,225.0,211.0,132.5,50.785714285714285,152.0,1.857142857142857,2.857142857142857,10.0,0.0,0.12621359223300968,0.19417475728155337,0.6796116504854368,0.0,13.087773464324139,0.2866233766233766,,0.0,0.0,0.14285714285714288,0.14285714285714288,0.28571428571428575,300.0,,
1-s2.0-S1359645422000684-main.pdf,10.1016/j.actamat.2022.117681,(Sn1-xPbxSe)0.6(AgSbTe2)0.4,x=0%,"(Sn1-xPbxSe)0.6(AgSbTe2)0.4, x=0",,,,,,figure,,Visually estimated from Fig. 6a,0.8,W/m.K,False,34.0,52.0,18.0,46.85714285714287,5.510204081632648,52.0,65.0,90.0,25.0,83.35714285714286,6.683673469387753,90.0,78.96,127.6,48.64,111.61902857142857,15.068391836734696,127.6,494.0,1234.93,740.9300000000001,726.0928571428572,196.14979591836737,722.66,11.0,16.0,5.0,14.714285714285717,1.3673469387755095,16.0,4.0,5.0,1.0,4.7857142857142865,0.3367346938775506,5.0,120.0,145.0,25.0,135.5,6.642857142857142,138.0,1.93,2.55,0.6199999999999999,2.1350000000000002,0.177857142857143,2.1,1.0,2.0,1.0,1.857142857142857,0.2448979591836736,2.0,0.0,4.0,4.0,2.857142857142857,1.183673469387755,4.0,10.0,10.0,0.0,10.0,0.0,10.0,0.0,0.0,0.0,0.0,0.0,0.0,11.0,16.0,5.0,14.714285714285717,1.3673469387755095,16.0,0.0,1.0,1.0,0.14285714285714288,0.24489795918367352,0.0,0.0,4.0,4.0,2.285714285714286,0.9387755102040817,2.0,0.0,0.0,0.0,0.0,0.0,0.0,0.0,0.0,0.0,0.0,0.0,0.0,1.0,4.0,3.0,2.4285714285714284,0.836734693877551,2.0,16.33,34.7633333333,18.4333333333,29.460595238085713,5.268996598632652,34.7633333333,0.0,0.799,0.799,0.3037857142857143,0.3037857142857143,0.464,0.0,0.0,0.0,0.0,0.0,0.0,14.0,225.0,211.0,132.5,50.785714285714285,152.0,1.857142857142857,2.857142857142857,10.0,0.0,0.12621359223300968,0.19417475728155337,0.6796116504854368,0.0,13.087773464324139,0.2866233766233766,,0.0,0.0,0.14285714285714288,0.14285714285714288,0.28571428571428575,800.0,,
1-s2.0-S1359645425002769-main.pdf,10.1016/j.actamat.2025.120985,AgSbTe2,QA-AgSbTe2 (A = 0 h),AgSbTe2,,,,,,body text,,Value for A = 24 h,0.38,W/m.K,False,47.0,52.0,5.0,50.5,1.75,52.0,65.0,90.0,25.0,82.5,8.75,90.0,107.8682,127.6,19.731799999999993,121.20705,6.669425,127.6,722.66,1234.93,512.2700000000001,896.0074999999999,173.34750000000003,722.66,11.0,16.0,5.0,14.5,1.75,16.0,5.0,5.0,0.0,5.0,0.0,5.0,138.0,145.0,7.0,140.0,2.5,138.0,1.93,2.1,0.17000000000000015,2.045,0.05750000000000005,2.1,1.0,2.0,1.0,1.75,0.375,2.0,0.0,4.0,4.0,2.75,1.375,4.0,10.0,10.0,0.0,10.0,0.0,10.0,0.0,0.0,0.0,0.0,0.0,0.0,11.0,16.0,5.0,14.5,1.75,16.0,0.0,1.0,1.0,0.25,0.375,0.0,0.0,3.0,3.0,1.75,0.875,2.0,0.0,0.0,0.0,0.0,0.0,0.0,0.0,0.0,0.0,0.0,0.0,0.0,1.0,3.0,2.0,2.0,0.5,2.0,16.33,34.7633333333,18.4333333333,29.35416666665,6.512083333324999,34.7633333333,0.0,0.464,0.464,0.232,0.232,0.464,0.0,0.0,0.0,0.0,0.0,0.0,152.0,225.0,73.0,173.75,25.625,152.0,1.75,2.75,10.0,0.0,0.1206896551724138,0.1896551724137931,0.6896551724137931,0.0,8.644719482306641,0.11200000000000014,,0.0,0.0,0.25,0.25,0.5,548.0,,
1-s2.0-S1359645425002769-main.pdf,10.1016/j.actamat.2025.120985,AgSbTe2,QA-AgSbTe2 (A = 0 h),AgSbTe2,,,,,,body text,,Value for A = 0 h,0.4,W/m.K,False,47.0,52.0,5.0,50.5,1.75,52.0,65.0,90.0,25.0,82.5,8.75,90.0,107.8682,127.6,19.731799999999993,121.20705,6.669425,127.6,722.66,1234.93,512.2700000000001,896.0074999999999,173.34750000000003,722.66,11.0,16.0,5.0,14.5,1.75,16.0,5.0,5.0,0.0,5.0,0.0,5.0,138.0,145.0,7.0,140.0,2.5,138.0,1.93,2.1,0.17000000000000015,2.045,0.05750000000000005,2.1,1.0,2.0,1.0,1.75,0.375,2.0,0.0,4.0,4.0,2.75,1.375,4.0,10.0,10.0,0.0,10.0,0.0,10.0,0.0,0.0,0.0,0.0,0.0,0.0,11.0,16.0,5.0,14.5,1.75,16.0,0.0,1.0,1.0,0.25,0.375,0.0,0.0,3.0,3.0,1.75,0.875,2.0,0.0,0.0,0.0,0.0,0.0,0.0,0.0,0.0,0.0,0.0,0.0,0.0,1.0,3.0,2.0,2.0,0.5,2.0,16.33,34.7633333333,18.4333333333,29.35416666665,6.512083333324999,34.7633333333,0.0,0.464,0.464,0.232,0.232,0.464,0.0,0.0,0.0,0.0,0.0,0.0,152.0,225.0,73.0,173.75,25.625,152.0,1.75,2.75,10.0,0.0,0.1206896551724138,0.1896551724137931,0.6896551724137931,0.0,8.644719482306641,0.11200000000000014,,0.0,0.0,0.25,0.25,0.5,548.0,,
1-s2.0-S1359645425002769-main.pdf,10.1016/j.actamat.2025.120985,AgSbTe2,QA-AgSbTe2 (A = 24 h),AgSbTe2,,,,,,figure,Fig. 4a,Visually estimated from Fig. 4a,0.38,W/m.K,False,47.0,52.0,5.0,50.5,1.75,52.0,65.0,90.0,25.0,82.5,8.75,90.0,107.8682,127.6,19.731799999999993,121.20705,6.669425,127.6,722.66,1234.93,512.2700000000001,896.0074999999999,173.34750000000003,722.66,11.0,16.0,5.0,14.5,1.75,16.0,5.0,5.0,0.0,5.0,0.0,5.0,138.0,145.0,7.0,140.0,2.5,138.0,1.93,2.1,0.17000000000000015,2.045,0.05750000000000005,2.1,1.0,2.0,1.0,1.75,0.375,2.0,0.0,4.0,4.0,2.75,1.375,4.0,10.0,10.0,0.0,10.0,0.0,10.0,0.0,0.0,0.0,0.0,0.0,0.0,11.0,16.0,5.0,14.5,1.75,16.0,0.0,1.0,1.0,0.25,0.375,0.0,0.0,3.0,3.0,1.75,0.875,2.0,0.0,0.0,0.0,0.0,0.0,0.0,0.0,0.0,0.0,0.0,0.0,0.0,1.0,3.0,2.0,2.0,0.5,2.0,16.33,34.7633333333,18.4333333333,29.35416666665,6.512083333324999,34.7633333333,0.0,0.464,0.464,0.232,0.232,0.464,0.0,0.0,0.0,0.0,0.0,0.0,152.0,225.0,73.0,173.75,25.625,152.0,1.75,2.75,10.0,0.0,0.1206896551724138,0.1896551724137931,0.6896551724137931,0.0,8.644719482306641,0.11200000000000014,,0.0,0.0,0.25,0.25,0.5,548.0,,
1-s2.0-S221128552201196X-main.pdf,10.1016/j.nanoen.2022.108118,AgSbTe2,Slow Cooling,AgSbTe2,,,,,,figure,,Visually estimated from Fig. 7d,0.75,W/m.K,False,47.0,52.0,5.0,50.5,1.75,52.0,65.0,90.0,25.0,82.5,8.75,90.0,107.8682,127.6,19.731799999999993,121.20705,6.669425,127.6,722.66,1234.93,512.2700000000001,896.0074999999999,173.34750000000003,722.66,11.0,16.0,5.0,14.5,1.75,16.0,5.0,5.0,0.0,5.0,0.0,5.0,138.0,145.0,7.0,140.0,2.5,138.0,1.93,2.1,0.17000000000000015,2.045,0.05750000000000005,2.1,1.0,2.0,1.0,1.75,0.375,2.0,0.0,4.0,4.0,2.75,1.375,4.0,10.0,10.0,0.0,10.0,0.0,10.0,0.0,0.0,0.0,0.0,0.0,0.0,11.0,16.0,5.0,14.5,1.75,16.0,0.0,1.0,1.0,0.25,0.375,0.0,0.0,3.0,3.0,1.75,0.875,2.0,0.0,0.0,0.0,0.0,0.0,0.0,0.0,0.0,0.0,0.0,0.0,0.0,1.0,3.0,2.0,2.0,0.5,2.0,16.33,34.7633333333,18.4333333333,29.35416666665,6.512083333324999,34.7633333333,0.0,0.464,0.464,0.232,0.232,0.464,0.0,0.0,0.0,0.0,0.0,0.0,152.0,225.0,73.0,173.75,25.625,152.0,1.75,2.75,10.0,0.0,0.1206896551724138,0.1896551724137931,0.6896551724137931,0.0,8.644719482306641,0.11200000000000014,,0.0,0.0,0.25,0.25,0.5,325.0,,
1-s2.0-S221128552201196X-main.pdf,10.1016/j.nanoen.2022.108118,AgSbTe2,Slow Cooling,AgSbTe2,,,,,,figure,,Visually estimated from Fig. 7d,0.75,W/m.K,False,47.0,52.0,5.0,50.5,1.75,52.0,65.0,90.0,25.0,82.5,8.75,90.0,107.8682,127.6,19.731799999999993,121.20705,6.669425,127.6,722.66,1234.93,512.2700000000001,896.0074999999999,173.34750000000003,722.66,11.0,16.0,5.0,14.5,1.75,16.0,5.0,5.0,0.0,5.0,0.0,5.0,138.0,145.0,7.0,140.0,2.5,138.0,1.93,2.1,0.17000000000000015,2.045,0.05750000000000005,2.1,1.0,2.0,1.0,1.75,0.375,2.0,0.0,4.0,4.0,2.75,1.375,4.0,10.0,10.0,0.0,10.0,0.0,10.0,0.0,0.0,0.0,0.0,0.0,0.0,11.0,16.0,5.0,14.5,1.75,16.0,0.0,1.0,1.0,0.25,0.375,0.0,0.0,3.0,3.0,1.75,0.875,2.0,0.0,0.0,0.0,0.0,0.0,0.0,0.0,0.0,0.0,0.0,0.0,0.0,1.0,3.0,2.0,2.0,0.5,2.0,16.33,34.7633333333,18.4333333333,29.35416666665,6.512083333324999,34.7633333333,0.0,0.464,0.464,0.232,0.232,0.464,0.0,0.0,0.0,0.0,0.0,0.0,152.0,225.0,73.0,173.75,25.625,152.0,1.75,2.75,10.0,0.0,0.1206896551724138,0.1896551724137931,0.6896551724137931,0.0,8.644719482306641,0.11200000000000014,,0.0,0.0,0.25,0.25,0.5,425.0,,
1-s2.0-S221128552201196X-main.pdf,10.1016/j.nanoen.2022.108118,AgSbTe2,Slow Cooling,AgSbTe2,,,,,,figure,,Visually estimated from Fig. 7d,0.75,W/m.K,False,47.0,52.0,5.0,50.5,1.75,52.0,65.0,90.0,25.0,82.5,8.75,90.0,107.8682,127.6,19.731799999999993,121.20705,6.669425,127.6,722.66,1234.93,512.2700000000001,896.0074999999999,173.34750000000003,722.66,11.0,16.0,5.0,14.5,1.75,16.0,5.0,5.0,0.0,5.0,0.0,5.0,138.0,145.0,7.0,140.0,2.5,138.0,1.93,2.1,0.17000000000000015,2.045,0.05750000000000005,2.1,1.0,2.0,1.0,1.75,0.375,2.0,0.0,4.0,4.0,2.75,1.375,4.0,10.0,10.0,0.0,10.0,0.0,10.0,0.0,0.0,0.0,0.0,0.0,0.0,11.0,16.0,5.0,14.5,1.75,16.0,0.0,1.0,1.0,0.25,0.375,0.0,0.0,3.0,3.0,1.75,0.875,2.0,0.0,0.0,0.0,0.0,0.0,0.0,0.0,0.0,0.0,0.0,0.0,0.0,1.0,3.0,2.0,2.0,0.5,2.0,16.33,34.7633333333,18.4333333333,29.35416666665,6.512083333324999,34.7633333333,0.0,0.464,0.464,0.232,0.232,0.464,0.0,0.0,0.0,0.0,0.0,0.0,152.0,225.0,73.0,173.75,25.625,152.0,1.75,2.75,10.0,0.0,0.1206896551724138,0.1896551724137931,0.6896551724137931,0.0,8.644719482306641,0.11200000000000014,,0.0,0.0,0.25,0.25,0.5,525.0,,
1-s2.0-S221128552201196X-main.pdf,10.1016/j.nanoen.2022.108118,AgSbTe2,Slow Cooling,AgSbTe2,,,,,,figure,,Visually estimated from Fig. 7d,0.8,W/m.K,False,47.0,52.0,5.0,50.5,1.75,52.0,65.0,90.0,25.0,82.5,8.75,90.0,107.8682,127.6,19.731799999999993,121.20705,6.669425,127.6,722.66,1234.93,512.2700000000001,896.0074999999999,173.34750000000003,722.66,11.0,16.0,5.0,14.5,1.75,16.0,5.0,5.0,0.0,5.0,0.0,5.0,138.0,145.0,7.0,140.0,2.5,138.0,1.93,2.1,0.17000000000000015,2.045,0.05750000000000005,2.1,1.0,2.0,1.0,1.75,0.375,2.0,0.0,4.0,4.0,2.75,1.375,4.0,10.0,10.0,0.0,10.0,0.0,10.0,0.0,0.0,0.0,0.0,0.0,0.0,11.0,16.0,5.0,14.5,1.75,16.0,0.0,1.0,1.0,0.25,0.375,0.0,0.0,3.0,3.0,1.75,0.875,2.0,0.0,0.0,0.0,0.0,0.0,0.0,0.0,0.0,0.0,0.0,0.0,0.0,1.0,3.0,2.0,2.0,0.5,2.0,16.33,34.7633333333,18.4333333333,29.35416666665,6.512083333324999,34.7633333333,0.0,0.464,0.464,0.232,0.232,0.464,0.0,0.0,0.0,0.0,0.0,0.0,152.0,225.0,73.0,173.75,25.625,152.0,1.75,2.75,10.0,0.0,0.1206896551724138,0.1896551724137931,0.6896551724137931,0.0,8.644719482306641,0.11200000000000014,,0.0,0.0,0.25,0.25,0.5,625.0,,
1-s2.0-S221128552201196X-main.pdf,10.1016/j.nanoen.2022.108118,AgSbTe2,Fast Cooling,AgSbTe2,,,,,,figure,,Visually estimated from Fig. 7d,0.6,W/m.K,False,47.0,52.0,5.0,50.5,1.75,52.0,65.0,90.0,25.0,82.5,8.75,90.0,107.8682,127.6,19.731799999999993,121.20705,6.669425,127.6,722.66,1234.93,512.2700000000001,896.0074999999999,173.34750000000003,722.66,11.0,16.0,5.0,14.5,1.75,16.0,5.0,5.0,0.0,5.0,0.0,5.0,138.0,145.0,7.0,140.0,2.5,138.0,1.93,2.1,0.17000000000000015,2.045,0.05750000000000005,2.1,1.0,2.0,1.0,1.75,0.375,2.0,0.0,4.0,4.0,2.75,1.375,4.0,10.0,10.0,0.0,10.0,0.0,10.0,0.0,0.0,0.0,0.0,0.0,0.0,11.0,16.0,5.0,14.5,1.75,16.0,0.0,1.0,1.0,0.25,0.375,0.0,0.0,3.0,3.0,1.75,0.875,2.0,0.0,0.0,0.0,0.0,0.0,0.0,0.0,0.0,0.0,0.0,0.0,0.0,1.0,3.0,2.0,2.0,0.5,2.0,16.33,34.7633333333,18.4333333333,29.35416666665,6.512083333324999,34.7633333333,0.0,0.464,0.464,0.232,0.232,0.464,0.0,0.0,0.0,0.0,0.0,0.0,152.0,225.0,73.0,173.75,25.625,152.0,1.75,2.75,10.0,0.0,0.1206896551724138,0.1896551724137931,0.6896551724137931,0.0,8.644719482306641,0.11200000000000014,,0.0,0.0,0.25,0.25,0.5,325.0,,
1-s2.0-S221128552201196X-main.pdf,10.1016/j.nanoen.2022.108118,AgSbTe2,Fast Cooling,AgSbTe2,,,,,,figure,,Visually estimated from Fig. 7d,0.65,W/m.K,False,47.0,52.0,5.0,50.5,1.75,52.0,65.0,90.0,25.0,82.5,8.75,90.0,107.8682,127.6,19.731799999999993,121.20705,6.669425,127.6,722.66,1234.93,512.2700000000001,896.0074999999999,173.34750000000003,722.66,11.0,16.0,5.0,14.5,1.75,16.0,5.0,5.0,0.0,5.0,0.0,5.0,138.0,145.0,7.0,140.0,2.5,138.0,1.93,2.1,0.17000000000000015,2.045,0.05750000000000005,2.1,1.0,2.0,1.0,1.75,0.375,2.0,0.0,4.0,4.0,2.75,1.375,4.0,10.0,10.0,0.0,10.0,0.0,10.0,0.0,0.0,0.0,0.0,0.0,0.0,11.0,16.0,5.0,14.5,1.75,16.0,0.0,1.0,1.0,0.25,0.375,0.0,0.0,3.0,3.0,1.75,0.875,2.0,0.0,0.0,0.0,0.0,0.0,0.0,0.0,0.0,0.0,0.0,0.0,0.0,1.0,3.0,2.0,2.0,0.5,2.0,16.33,34.7633333333,18.4333333333,29.35416666665,6.512083333324999,34.7633333333,0.0,0.464,0.464,0.232,0.232,0.464,0.0,0.0,0.0,0.0,0.0,0.0,152.0,225.0,73.0,173.75,25.625,152.0,1.75,2.75,10.0,0.0,0.1206896551724138,0.1896551724137931,0.6896551724137931,0.0,8.644719482306641,0.11200000000000014,,0.0,0.0,0.25,0.25,0.5,425.0,,
1-s2.0-S221128552201196X-main.pdf,10.1016/j.nanoen.2022.108118,AgSbTe2,Fast Cooling,AgSbTe2,,,,,,figure,,Visually estimated from Fig. 7d,0.6,W/m.K,False,47.0,52.0,5.0,50.5,1.75,52.0,65.0,90.0,25.0,82.5,8.75,90.0,107.8682,127.6,19.731799999999993,121.20705,6.669425,127.6,722.66,1234.93,512.2700000000001,896.0074999999999,173.34750000000003,722.66,11.0,16.0,5.0,14.5,1.75,16.0,5.0,5.0,0.0,5.0,0.0,5.0,138.0,145.0,7.0,140.0,2.5,138.0,1.93,2.1,0.17000000000000015,2.045,0.05750000000000005,2.1,1.0,2.0,1.0,1.75,0.375,2.0,0.0,4.0,4.0,2.75,1.375,4.0,10.0,10.0,0.0,10.0,0.0,10.0,0.0,0.0,0.0,0.0,0.0,0.0,11.0,16.0,5.0,14.5,1.75,16.0,0.0,1.0,1.0,0.25,0.375,0.0,0.0,3.0,3.0,1.75,0.875,2.0,0.0,0.0,0.0,0.0,0.0,0.0,0.0,0.0,0.0,0.0,0.0,0.0,1.0,3.0,2.0,2.0,0.5,2.0,16.33,34.7633333333,18.4333333333,29.35416666665,6.512083333324999,34.7633333333,0.0,0.464,0.464,0.232,0.232,0.464,0.0,0.0,0.0,0.0,0.0,0.0,152.0,225.0,73.0,173.75,25.625,152.0,1.75,2.75,10.0,0.0,0.1206896551724138,0.1896551724137931,0.6896551724137931,0.0,8.644719482306641,0.11200000000000014,,0.0,0.0,0.25,0.25,0.5,525.0,,
1-s2.0-S221128552201196X-main.pdf,10.1016/j.nanoen.2022.108118,AgSbTe2,Fast Cooling,AgSbTe2,,,,,,figure,,Visually estimated from Fig. 7d,0.65,W/m.K,False,47.0,52.0,5.0,50.5,1.75,52.0,65.0,90.0,25.0,82.5,8.75,90.0,107.8682,127.6,19.731799999999993,121.20705,6.669425,127.6,722.66,1234.93,512.2700000000001,896.0074999999999,173.34750000000003,722.66,11.0,16.0,5.0,14.5,1.75,16.0,5.0,5.0,0.0,5.0,0.0,5.0,138.0,145.0,7.0,140.0,2.5,138.0,1.93,2.1,0.17000000000000015,2.045,0.05750000000000005,2.1,1.0,2.0,1.0,1.75,0.375,2.0,0.0,4.0,4.0,2.75,1.375,4.0,10.0,10.0,0.0,10.0,0.0,10.0,0.0,0.0,0.0,0.0,0.0,0.0,11.0,16.0,5.0,14.5,1.75,16.0,0.0,1.0,1.0,0.25,0.375,0.0,0.0,3.0,3.0,1.75,0.875,2.0,0.0,0.0,0.0,0.0,0.0,0.0,0.0,0.0,0.0,0.0,0.0,0.0,1.0,3.0,2.0,2.0,0.5,2.0,16.33,34.7633333333,18.4333333333,29.35416666665,6.512083333324999,34.7633333333,0.0,0.464,0.464,0.232,0.232,0.464,0.0,0.0,0.0,0.0,0.0,0.0,152.0,225.0,73.0,173.75,25.625,152.0,1.75,2.75,10.0,0.0,0.1206896551724138,0.1896551724137931,0.6896551724137931,0.0,8.644719482306641,0.11200000000000014,,0.0,0.0,0.25,0.25,0.5,625.0,,
1-s2.0-S221128552201196X-main.pdf,10.1016/j.nanoen.2022.108118,AgSbTe2,Quenched,AgSbTe2,,,,,,figure,,Visually estimated from Fig. 7d,0.6,W/m.K,False,47.0,52.0,5.0,50.5,1.75,52.0,65.0,90.0,25.0,82.5,8.75,90.0,107.8682,127.6,19.731799999999993,121.20705,6.669425,127.6,722.66,1234.93,512.2700000000001,896.0074999999999,173.34750000000003,722.66,11.0,16.0,5.0,14.5,1.75,16.0,5.0,5.0,0.0,5.0,0.0,5.0,138.0,145.0,7.0,140.0,2.5,138.0,1.93,2.1,0.17000000000000015,2.045,0.05750000000000005,2.1,1.0,2.0,1.0,1.75,0.375,2.0,0.0,4.0,4.0,2.75,1.375,4.0,10.0,10.0,0.0,10.0,0.0,10.0,0.0,0.0,0.0,0.0,0.0,0.0,11.0,16.0,5.0,14.5,1.75,16.0,0.0,1.0,1.0,0.25,0.375,0.0,0.0,3.0,3.0,1.75,0.875,2.0,0.0,0.0,0.0,0.0,0.0,0.0,0.0,0.0,0.0,0.0,0.0,0.0,1.0,3.0,2.0,2.0,0.5,2.0,16.33,34.7633333333,18.4333333333,29.35416666665,6.512083333324999,34.7633333333,0.0,0.464,0.464,0.232,0.232,0.464,0.0,0.0,0.0,0.0,0.0,0.0,152.0,225.0,73.0,173.75,25.625,152.0,1.75,2.75,10.0,0.0,0.1206896551724138,0.1896551724137931,0.6896551724137931,0.0,8.644719482306641,0.11200000000000014,,0.0,0.0,0.25,0.25,0.5,325.0,,
1-s2.0-S221128552201196X-main.pdf,10.1016/j.nanoen.2022.108118,AgSbTe2,Quenched,AgSbTe2,,,,,,figure,,Visually estimated from Fig. 7d,0.65,W/m.K,False,47.0,52.0,5.0,50.5,1.75,52.0,65.0,90.0,25.0,82.5,8.75,90.0,107.8682,127.6,19.731799999999993,121.20705,6.669425,127.6,722.66,1234.93,512.2700000000001,896.0074999999999,173.34750000000003,722.66,11.0,16.0,5.0,14.5,1.75,16.0,5.0,5.0,0.0,5.0,0.0,5.0,138.0,145.0,7.0,140.0,2.5,138.0,1.93,2.1,0.17000000000000015,2.045,0.05750000000000005,2.1,1.0,2.0,1.0,1.75,0.375,2.0,0.0,4.0,4.0,2.75,1.375,4.0,10.0,10.0,0.0,10.0,0.0,10.0,0.0,0.0,0.0,0.0,0.0,0.0,11.0,16.0,5.0,14.5,1.75,16.0,0.0,1.0,1.0,0.25,0.375,0.0,0.0,3.0,3.0,1.75,0.875,2.0,0.0,0.0,0.0,0.0,0.0,0.0,0.0,0.0,0.0,0.0,0.0,0.0,1.0,3.0,2.0,2.0,0.5,2.0,16.33,34.7633333333,18.4333333333,29.35416666665,6.512083333324999,34.7633333333,0.0,0.464,0.464,0.232,0.232,0.464,0.0,0.0,0.0,0.0,0.0,0.0,152.0,225.0,73.0,173.75,25.625,152.0,1.75,2.75,10.0,0.0,0.1206896551724138,0.1896551724137931,0.6896551724137931,0.0,8.644719482306641,0.11200000000000014,,0.0,0.0,0.25,0.25,0.5,425.0,,
1-s2.0-S221128552201196X-main.pdf,10.1016/j.nanoen.2022.108118,AgSbTe2,Quenched,AgSbTe2,,,,,,figure,,Visually estimated from Fig. 7d,0.7,W/m.K,False,47.0,52.0,5.0,50.5,1.75,52.0,65.0,90.0,25.0,82.5,8.75,90.0,107.8682,127.6,19.731799999999993,121.20705,6.669425,127.6,722.66,1234.93,512.2700000000001,896.0074999999999,173.34750000000003,722.66,11.0,16.0,5.0,14.5,1.75,16.0,5.0,5.0,0.0,5.0,0.0,5.0,138.0,145.0,7.0,140.0,2.5,138.0,1.93,2.1,0.17000000000000015,2.045,0.05750000000000005,2.1,1.0,2.0,1.0,1.75,0.375,2.0,0.0,4.0,4.0,2.75,1.375,4.0,10.0,10.0,0.0,10.0,0.0,10.0,0.0,0.0,0.0,0.0,0.0,0.0,11.0,16.0,5.0,14.5,1.75,16.0,0.0,1.0,1.0,0.25,0.375,0.0,0.0,3.0,3.0,1.75,0.875,2.0,0.0,0.0,0.0,0.0,0.0,0.0,0.0,0.0,0.0,0.0,0.0,0.0,1.0,3.0,2.0,2.0,0.5,2.0,16.33,34.7633333333,18.4333333333,29.35416666665,6.512083333324999,34.7633333333,0.0,0.464,0.464,0.232,0.232,0.464,0.0,0.0,0.0,0.0,0.0,0.0,152.0,225.0,73.0,173.75,25.625,152.0,1.75,2.75,10.0,0.0,0.1206896551724138,0.1896551724137931,0.6896551724137931,0.0,8.644719482306641,0.11200000000000014,,0.0,0.0,0.25,0.25,0.5,525.0,,
1-s2.0-S221128552201196X-main.pdf,10.1016/j.nanoen.2022.108118,AgSbTe2,Quenched,AgSbTe2,,,,,,figure,,Visually estimated from Fig. 7d,0.8,W/m.K,False,47.0,52.0,5.0,50.5,1.75,52.0,65.0,90.0,25.0,82.5,8.75,90.0,107.8682,127.6,19.731799999999993,121.20705,6.669425,127.6,722.66,1234.93,512.2700000000001,896.0074999999999,173.34750000000003,722.66,11.0,16.0,5.0,14.5,1.75,16.0,5.0,5.0,0.0,5.0,0.0,5.0,138.0,145.0,7.0,140.0,2.5,138.0,1.93,2.1,0.17000000000000015,2.045,0.05750000000000005,2.1,1.0,2.0,1.0,1.75,0.375,2.0,0.0,4.0,4.0,2.75,1.375,4.0,10.0,10.0,0.0,10.0,0.0,10.0,0.0,0.0,0.0,0.0,0.0,0.0,11.0,16.0,5.0,14.5,1.75,16.0,0.0,1.0,1.0,0.25,0.375,0.0,0.0,3.0,3.0,1.75,0.875,2.0,0.0,0.0,0.0,0.0,0.0,0.0,0.0,0.0,0.0,0.0,0.0,0.0,1.0,3.0,2.0,2.0,0.5,2.0,16.33,34.7633333333,18.4333333333,29.35416666665,6.512083333324999,34.7633333333,0.0,0.464,0.464,0.232,0.232,0.464,0.0,0.0,0.0,0.0,0.0,0.0,152.0,225.0,73.0,173.75,25.625,152.0,1.75,2.75,10.0,0.0,0.1206896551724138,0.1896551724137931,0.6896551724137931,0.0,8.644719482306641,0.11200000000000014,,0.0,0.0,0.25,0.25,0.5,625.0,,
1-s2.0-S2352847816300041-main.pdf,10.1016/j.jmat.2016.05.001,SnCd0.05Te-x%AgSbSe2,SnCd0.05Te,SnCd0.05Te,Cd,5%,unclear,,Cd (5%) @ unclear site,text,"Page 5, Section 3",,4.7,W/m.K,False,48.0,52.0,4.0,50.92682926829269,1.046995835812017,50.0,70.0,90.0,20.0,84.63414634146342,5.234979179060084,80.0,112.411,127.6,15.188999999999993,122.8929512195122,4.59224271267103,118.71,505.08,722.66,217.57999999999998,613.3907317073172,106.60416418798334,505.08,12.0,16.0,4.0,14.926829268292686,1.0469958358120168,14.0,5.0,5.0,0.0,5.0,0.0,5.0,138.0,144.0,6.0,138.63414634146343,0.6186793575252821,138.0,1.69,2.1,0.41000000000000014,2.021707317073171,0.07638310529446765,1.96,2.0,2.0,0.0,2.0,0.0,2.0,0.0,4.0,4.0,2.9268292682926833,1.0469958358120168,2.0,10.0,10.0,0.0,10.0,0.0,10.0,0.0,0.0,0.0,0.0,0.0,0.0,12.0,16.0,4.0,14.926829268292686,1.0469958358120168,14.0,0.0,0.0,0.0,0.0,0.0,0.0,0.0,4.0,4.0,2.9268292682926833,1.0469958358120168,2.0,0.0,0.0,0.0,0.0,0.0,0.0,0.0,0.0,0.0,0.0,0.0,0.0,0.0,4.0,4.0,2.9268292682926833,1.0469958358120168,2.0,19.495,34.7633333333,15.268333333299996,33.66979674795122,1.0668649613158834,33.285,0.0,0.464,0.464,0.22634146341463418,0.23186198691255208,0.0,0.0,0.0,0.0,0.0,0.0,0.0,141.0,194.0,53.0,147.65853658536585,6.496133254015467,141.0,2.0,2.9268292682926833,10.0,0.0,0.13398692810457513,0.19607843137254902,0.6699346405228757,0.0,6.575961979568499,0.15818181818181828,0.05,1.0,0.0,0.0,0.0,0.48780487804878053,300.0,,
1-s2.0-S2352847816300041-main.pdf,10.1016/j.jmat.2016.05.001,SnCd0.05Te-x%AgSbSe2,SnCd0.05Te,SnCd0.05Te,Cd,5%,unclear,,Cd (5%) @ unclear site,text,"Page 5, Section 3",,2.2,W/m.K,False,48.0,52.0,4.0,50.92682926829269,1.046995835812017,50.0,70.0,90.0,20.0,84.63414634146342,5.234979179060084,80.0,112.411,127.6,15.188999999999993,122.8929512195122,4.59224271267103,118.71,505.08,722.66,217.57999999999998,613.3907317073172,106.60416418798334,505.08,12.0,16.0,4.0,14.926829268292686,1.0469958358120168,14.0,5.0,5.0,0.0,5.0,0.0,5.0,138.0,144.0,6.0,138.63414634146343,0.6186793575252821,138.0,1.69,2.1,0.41000000000000014,2.021707317073171,0.07638310529446765,1.96,2.0,2.0,0.0,2.0,0.0,2.0,0.0,4.0,4.0,2.9268292682926833,1.0469958358120168,2.0,10.0,10.0,0.0,10.0,0.0,10.0,0.0,0.0,0.0,0.0,0.0,0.0,12.0,16.0,4.0,14.926829268292686,1.0469958358120168,14.0,0.0,0.0,0.0,0.0,0.0,0.0,0.0,4.0,4.0,2.9268292682926833,1.0469958358120168,2.0,0.0,0.0,0.0,0.0,0.0,0.0,0.0,0.0,0.0,0.0,0.0,0.0,0.0,4.0,4.0,2.9268292682926833,1.0469958358120168,2.0,19.495,34.7633333333,15.268333333299996,33.66979674795122,1.0668649613158834,33.285,0.0,0.464,0.464,0.22634146341463418,0.23186198691255208,0.0,0.0,0.0,0.0,0.0,0.0,0.0,141.0,194.0,53.0,147.65853658536585,6.496133254015467,141.0,2.0,2.9268292682926833,10.0,0.0,0.13398692810457513,0.19607843137254902,0.6699346405228757,0.0,6.575961979568499,0.15818181818181828,0.05,1.0,0.0,0.0,0.0,0.48780487804878053,820.0,,
1-s2.0-S2352847816300041-main.pdf,10.1016/j.jmat.2016.05.001,SnCd0.05Te-x%AgSbSe2,SnCd0.05Te,SnCd0.05Te,Cd,0.05,unclear,,Cd (0.05) @ unclear site,figure,Fig. 5a,Visually estimated from Fig. 5a,4.7,W/m.K,False,48.0,52.0,4.0,50.92682926829269,1.046995835812017,50.0,70.0,90.0,20.0,84.63414634146342,5.234979179060084,80.0,112.411,127.6,15.188999999999993,122.8929512195122,4.59224271267103,118.71,505.08,722.66,217.57999999999998,613.3907317073172,106.60416418798334,505.08,12.0,16.0,4.0,14.926829268292686,1.0469958358120168,14.0,5.0,5.0,0.0,5.0,0.0,5.0,138.0,144.0,6.0,138.63414634146343,0.6186793575252821,138.0,1.69,2.1,0.41000000000000014,2.021707317073171,0.07638310529446765,1.96,2.0,2.0,0.0,2.0,0.0,2.0,0.0,4.0,4.0,2.9268292682926833,1.0469958358120168,2.0,10.0,10.0,0.0,10.0,0.0,10.0,0.0,0.0,0.0,0.0,0.0,0.0,12.0,16.0,4.0,14.926829268292686,1.0469958358120168,14.0,0.0,0.0,0.0,0.0,0.0,0.0,0.0,4.0,4.0,2.9268292682926833,1.0469958358120168,2.0,0.0,0.0,0.0,0.0,0.0,0.0,0.0,0.0,0.0,0.0,0.0,0.0,0.0,4.0,4.0,2.9268292682926833,1.0469958358120168,2.0,19.495,34.7633333333,15.268333333299996,33.66979674795122,1.0668649613158834,33.285,0.0,0.464,0.464,0.22634146341463418,0.23186198691255208,0.0,0.0,0.0,0.0,0.0,0.0,0.0,141.0,194.0,53.0,147.65853658536585,6.496133254015467,141.0,2.0,2.9268292682926833,10.0,0.0,0.13398692810457513,0.19607843137254902,0.6699346405228757,0.0,6.575961979568499,0.15818181818181828,0.05,1.0,0.0,0.0,0.0,0.48780487804878053,300.0,,
1-s2.0-S235284782200096X-main.pdf,10.1016/j.jmat.2022.07.005,AgSbTe2,AgSb2-xTe3-x (x=1.0),AgSbTe2,,,,,,figure,,Visually estimated from Fig. 6c,0.5,W/m.K,False,47.0,52.0,5.0,50.5,1.75,52.0,65.0,90.0,25.0,82.5,8.75,90.0,107.8682,127.6,19.731799999999993,121.20705,6.669425,127.6,722.66,1234.93,512.2700000000001,896.0074999999999,173.34750000000003,722.66,11.0,16.0,5.0,14.5,1.75,16.0,5.0,5.0,0.0,5.0,0.0,5.0,138.0,145.0,7.0,140.0,2.5,138.0,1.93,2.1,0.17000000000000015,2.045,0.05750000000000005,2.1,1.0,2.0,1.0,1.75,0.375,2.0,0.0,4.0,4.0,2.75,1.375,4.0,10.0,10.0,0.0,10.0,0.0,10.0,0.0,0.0,0.0,0.0,0.0,0.0,11.0,16.0,5.0,14.5,1.75,16.0,0.0,1.0,1.0,0.25,0.375,0.0,0.0,3.0,3.0,1.75,0.875,2.0,0.0,0.0,0.0,0.0,0.0,0.0,0.0,0.0,0.0,0.0,0.0,0.0,1.0,3.0,2.0,2.0,0.5,2.0,16.33,34.7633333333,18.4333333333,29.35416666665,6.512083333324999,34.7633333333,0.0,0.464,0.464,0.232,0.232,0.464,0.0,0.0,0.0,0.0,0.0,0.0,152.0,225.0,73.0,173.75,25.625,152.0,1.75,2.75,10.0,0.0,0.1206896551724138,0.1896551724137931,0.6896551724137931,0.0,8.644719482306641,0.11200000000000014,,0.0,0.0,0.25,0.25,0.5,300.0,,
1-s2.0-S235284782200096X-main.pdf,10.1016/j.jmat.2022.07.005,AgSbTe2,AgSb2-xTe3-x (x=0.9),Ag0.9Sb1.1Te2.1,,,,,,figure,,Visually estimated from Fig. 6c,0.55,W/m.K,False,47.0,52.0,5.0,50.63414634146343,1.5954788816180774,52.0,65.0,90.0,25.0,83.17073170731707,7.977394408090422,90.0,107.8682,127.6,19.731799999999993,121.7018,6.073287804878045,127.6,722.66,1234.93,512.2700000000001,883.7026829268294,164.97055324211783,722.66,11.0,16.0,5.0,14.634146341463415,1.5954788816180845,16.0,5.0,5.0,0.0,5.0,0.0,5.0,138.0,145.0,7.0,139.80487804878052,2.2807852468768792,138.0,1.93,2.1,0.17000000000000015,2.0492682926829273,0.05236168947055298,2.1,1.0,2.0,1.0,1.780487804878049,0.34265318262938715,2.0,0.0,4.0,4.0,2.853658536585366,1.2528256989886974,4.0,10.0,10.0,0.0,10.0,0.0,10.0,0.0,0.0,0.0,0.0,0.0,0.0,11.0,16.0,5.0,14.634146341463415,1.5954788816180845,16.0,0.0,1.0,1.0,0.21951219512195125,0.3426531826293874,0.0,0.0,3.0,3.0,1.829268292682927,0.8030933967876266,2.0,0.0,0.0,0.0,0.0,0.0,0.0,0.0,0.0,0.0,0.0,0.0,0.0,1.0,3.0,2.0,2.048780487804878,0.5104104699583581,2.0,16.33,34.7633333333,18.4333333333,29.857560975592683,5.938929208796786,34.7633333333,0.0,0.464,0.464,0.2376585365853659,0.23186198691255208,0.464,0.0,0.0,0.0,0.0,0.0,0.0,152.0,225.0,73.0,171.78048780487805,23.364663890541348,152.0,1.780487804878049,2.853658536585366,10.0,0.0,0.12166666666666667,0.195,0.6833333333333333,0.0,8.551650782787032,0.10705202312138744,,0.0,0.0,0.21951219512195125,0.26829268292682934,0.5121951219512195,300.0,,
1-s2.0-S235284782200096X-main.pdf,10.1016/j.jmat.2022.07.005,AgSbTe2,AgSb2-xTe3-x (x=0.8),Ag0.8Sb1.2Te2.2,,,,,,figure,,Visually estimated from Fig. 6c,0.7,W/m.K,False,47.0,52.0,5.0,50.76190476190476,1.4331065759637207,52.0,65.0,90.0,25.0,83.80952380952381,7.165532879818594,90.0,107.8682,127.6,19.731799999999993,122.17299047619048,5.685438548752829,127.6,722.66,1234.93,512.2700000000001,871.9838095238096,156.43446712018144,722.66,11.0,16.0,5.0,14.761904761904761,1.4331065759637196,16.0,5.0,5.0,0.0,5.0,0.0,5.0,138.0,145.0,7.0,139.61904761904762,2.049886621315194,138.0,1.93,2.1,0.17000000000000015,2.0533333333333332,0.048888888888889,2.1,1.0,2.0,1.0,1.8095238095238095,0.30839002267573695,2.0,0.0,4.0,4.0,2.9523809523809526,1.1247165532879817,4.0,10.0,10.0,0.0,10.0,0.0,10.0,0.0,0.0,0.0,0.0,0.0,0.0,11.0,16.0,5.0,14.761904761904761,1.4331065759637196,16.0,0.0,1.0,1.0,0.19047619047619047,0.30839002267573695,0.0,0.0,3.0,3.0,1.9047619047619047,0.7256235827664398,2.0,0.0,0.0,0.0,0.0,0.0,0.0,0.0,0.0,0.0,0.0,0.0,0.0,1.0,3.0,2.0,2.0952380952380953,0.5170068027210885,2.0,16.33,34.7633333333,18.4333333333,30.336984126966666,5.335993953130157,34.7633333333,0.0,0.464,0.464,0.24304761904761907,0.23147392290249433,0.464,0.0,0.0,0.0,0.0,0.0,0.0,152.0,225.0,73.0,169.9047619047619,20.98866213151927,152.0,1.8095238095238095,2.9523809523809526,10.0,0.0,0.12258064516129033,0.2,0.6774193548387097,0.0,8.418349425754691,0.10194029850746285,,0.0,0.0,0.19047619047619047,0.2857142857142857,0.5238095238095238,300.0,,
1-s2.0-S235284782200096X-main.pdf,10.1016/j.jmat.2022.07.005,AgSbTe2,AgSb2-xTe3-x (x=0.7),Ag0.7Sb1.3Te2.3,,,,,,figure,,Visually estimated from Fig. 6c,0.9,W/m.K,False,47.0,52.0,5.0,50.883720930232556,1.2644672796106016,52.0,65.0,90.0,25.0,84.4186046511628,6.3223363980529985,90.0,107.8682,127.6,19.731799999999993,122.62226511627908,5.325018712817734,127.6,722.66,1234.93,512.2700000000001,860.81,147.78837209302327,722.66,11.0,16.0,5.0,14.883720930232558,1.2644672796106005,16.0,5.0,5.0,0.0,5.0,0.0,5.0,138.0,145.0,7.0,139.4418604651163,1.8096268253109877,138.0,1.93,2.1,0.17000000000000015,2.0572093023255813,0.04577609518658746,2.1,1.0,2.0,1.0,1.8372093023255813,0.2725797728501893,2.0,0.0,4.0,4.0,3.046511627906977,1.0200108166576527,4.0,10.0,10.0,0.0,10.0,0.0,10.0,0.0,0.0,0.0,0.0,0.0,0.0,11.0,16.0,5.0,14.883720930232558,1.2644672796106005,16.0,0.0,1.0,1.0,0.1627906976744186,0.2725797728501893,0.0,0.0,3.0,3.0,1.9767441860465118,0.6435911303407247,2.0,0.0,0.0,0.0,0.0,0.0,0.0,0.0,0.0,0.0,0.0,0.0,0.0,1.0,3.0,2.0,2.13953488372093,0.5202812330989723,2.0,16.33,34.7633333333,18.4333333333,30.794108527113952,4.709244636734775,34.7633333333,0.0,0.464,0.464,0.2481860465116279,0.23087074094104923,0.464,0.0,0.0,0.0,0.0,0.0,0.0,152.0,225.0,73.0,168.11627906976744,18.52028123309897,152.0,1.8372093023255813,3.046511627906977,10.0,0.0,0.12343749999999999,0.20468750000000002,0.671875,0.0,8.246694975174437,0.09662431941923791,,0.0,0.0,0.1627906976744186,0.3023255813953489,0.5348837209302325,300.0,,
1-s2.0-S2542529325000483-main.pdf,10.1016/j.mtphys.2025.101692,AgSbTe2,"(AgSb1-yCdyTe2)0.9(Bi2Te3)0.1, y=0.00",(AgSbTe2)0.9(Bi2Te3)0.1,Bi,0.1,multiple sites,Cd (y=0.00) @ Sb,Bi (0.1) @ multiple sites site; Cd (y=0.00) @ Sb site,figure,,Visually estimated from Fig. 3d,0.7,W/m.K,False,47.0,83.0,36.0,52.195121951219505,3.0053539559785776,52.0,65.0,90.0,25.0,83.21951219512194,7.998810232004767,90.0,107.8682,208.9804,101.1122,125.95645365853657,9.783530041641876,127.6,544.4,1234.93,690.5300000000001,866.1719512195122,178.40462819750152,722.66,11.0,16.0,5.0,14.634146341463413,1.5954788816180847,16.0,5.0,6.0,1.0,5.048780487804877,0.09280190362879162,5.0,138.0,148.0,10.0,140.2439024390244,2.844735276621061,138.0,1.93,2.1,0.17000000000000015,2.0478048780487805,0.05443188578227245,2.1,1.0,2.0,1.0,1.7804878048780488,0.3426531826293872,2.0,0.0,4.0,4.0,2.8536585365853657,1.252825698988697,4.0,10.0,10.0,0.0,9.999999999999998,1.7763568394002505e-15,10.0,0.0,14.0,14.0,0.6829268292682926,1.2992266508030932,0.0,11.0,29.0,18.0,15.317073170731705,2.034503271861987,16.0,0.0,1.0,1.0,0.2195121951219512,0.3426531826293872,0.0,0.0,3.0,3.0,1.8292682926829267,0.8030933967876265,2.0,0.0,0.0,0.0,0.0,0.0,0.0,0.0,0.0,0.0,0.0,0.0,0.0,1.0,3.0,2.0,2.0487804878048776,0.5104104699583578,2.0,16.33,34.7633333333,18.4333333333,29.92536585364146,5.968697204037716,34.7633333333,0.0,0.464,0.464,0.23765853658536584,0.231861986912552,0.464,0.0,0.0,0.0,0.0,0.0,0.0,12.0,225.0,213.0,164.26829268292678,27.42296252230814,152.0,1.7804878048780488,2.8536585365853657,9.999999999999998,0.6829268292682926,0.11624203821656053,0.18630573248407645,0.6528662420382165,0.0445859872611465,9.609317844630432,0.1058100558659219,0.1,2.0,1.0,0.2195121951219512,0.2195121951219512,0.5121951219512194,300.0,,
1-s2.0-S2542529325000483-main.pdf,10.1016/j.mtphys.2025.101692,AgSbTe2,"(AgSb1-yCdyTe2)0.9(Bi2Te3)0.1, y=0.00",(AgSbTe2)0.9(Bi2Te3)0.1,Bi,0.1,multiple sites,Cd (y=0.00) @ Sb,Bi (0.1) @ multiple sites site; Cd (y=0.00) @ Sb site,figure,,Visually estimated from Fig. 3d,0.6,W/m.K,False,47.0,83.0,36.0,52.195121951219505,3.0053539559785776,52.0,65.0,90.0,25.0,83.21951219512194,7.998810232004767,90.0,107.8682,208.9804,101.1122,125.95645365853657,9.783530041641876,127.6,544.4,1234.93,690.5300000000001,866.1719512195122,178.40462819750152,722.66,11.0,16.0,5.0,14.634146341463413,1.5954788816180847,16.0,5.0,6.0,1.0,5.048780487804877,0.09280190362879162,5.0,138.0,148.0,10.0,140.2439024390244,2.844735276621061,138.0,1.93,2.1,0.17000000000000015,2.0478048780487805,0.05443188578227245,2.1,1.0,2.0,1.0,1.7804878048780488,0.3426531826293872,2.0,0.0,4.0,4.0,2.8536585365853657,1.252825698988697,4.0,10.0,10.0,0.0,9.999999999999998,1.7763568394002505e-15,10.0,0.0,14.0,14.0,0.6829268292682926,1.2992266508030932,0.0,11.0,29.0,18.0,15.317073170731705,2.034503271861987,16.0,0.0,1.0,1.0,0.2195121951219512,0.3426531826293872,0.0,0.0,3.0,3.0,1.8292682926829267,0.8030933967876265,2.0,0.0,0.0,0.0,0.0,0.0,0.0,0.0,0.0,0.0,0.0,0.0,0.0,1.0,3.0,2.0,2.0487804878048776,0.5104104699583578,2.0,16.33,34.7633333333,18.4333333333,29.92536585364146,5.968697204037716,34.7633333333,0.0,0.464,0.464,0.23765853658536584,0.231861986912552,0.464,0.0,0.0,0.0,0.0,0.0,0.0,12.0,225.0,213.0,164.26829268292678,27.42296252230814,152.0,1.7804878048780488,2.8536585365853657,9.999999999999998,0.6829268292682926,0.11624203821656053,0.18630573248407645,0.6528662420382165,0.0445859872611465,9.609317844630432,0.1058100558659219,0.1,2.0,1.0,0.2195121951219512,0.2195121951219512,0.5121951219512194,450.0,,
1-s2.0-S2542529325000483-main.pdf,10.1016/j.mtphys.2025.101692,AgSbTe2,"(AgSb1-yCdyTe2)0.9(Bi2Te3)0.1, y=0.02",(AgSb0.98Cd0.02Te2)0.9(Bi2Te3)0.1,Bi,0.1,multiple sites,Cd (y=0.02) @ Sb,Bi (0.1) @ multiple sites site; Cd (y=0.02) @ Sb site,figure,,Visually estimated from Fig. 3d,0.65,W/m.K,False,47.0,83.0,36.0,52.181951219512186,3.006638905413436,52.0,65.0,90.0,25.0,83.15365853658535,8.085394408090426,90.0,107.8682,208.9804,101.1122,125.91540926829265,9.829579845330159,127.6,544.4,1234.93,690.5300000000001,864.8129073170732,179.25578495657348,722.66,11.0,16.0,5.0,14.620975609756098,1.6127100535395593,16.0,5.0,6.0,1.0,5.048780487804877,0.09280190362879162,5.0,138.0,148.0,10.0,140.26585365853657,2.865744199881017,138.0,1.69,2.1,0.41000000000000014,2.046224390243902,0.056711643069601594,2.1,1.0,2.0,1.0,1.7804878048780488,0.3426531826293872,2.0,0.0,4.0,4.0,2.840487804878048,1.2719842950624631,4.0,10.0,10.0,0.0,9.999999999999998,1.7763568394002505e-15,10.0,0.0,14.0,14.0,0.6829268292682926,1.2992266508030932,0.0,11.0,29.0,18.0,15.303902439024391,2.049280190362879,16.0,0.0,1.0,1.0,0.2195121951219512,0.3426531826293872,0.0,0.0,3.0,3.0,1.8160975609756094,0.8132573468173708,2.0,0.0,0.0,0.0,0.0,0.0,0.0,0.0,0.0,0.0,0.0,0.0,0.0,0.0,3.0,3.0,2.0356097560975606,0.5090098750743602,2.0,16.33,34.7633333333,18.4333333333,29.872397560958532,6.036561444370701,34.7633333333,0.0,0.464,0.464,0.23765853658536584,0.23186198691255203,0.464,0.0,0.0,0.0,0.0,0.0,0.0,12.0,225.0,213.0,164.3912195121951,27.560880428316473,152.0,1.7804878048780488,2.840487804878048,9.999999999999998,0.6829268292682926,0.11634207758263475,0.1856054569215567,0.6534281069709621,0.0446243585248462,9.788251573464477,0.10964741111752306,0.1,2.0,1.0,0.2195121951219512,0.21512195121951216,0.5121951219512194,300.0,,
1-s2.0-S2542529325000483-main.pdf,10.1016/j.mtphys.2025.101692,AgSbTe2,"(AgSb1-yCdyTe2)0.9(Bi2Te3)0.1, y=0.02",(AgSb0.98Cd0.02Te2)0.9(Bi2Te3)0.1,Bi,0.1,multiple sites,Cd (y=0.02) @ Sb,Bi (0.1) @ multiple sites site; Cd (y=0.02) @ Sb site,figure,,Visually estimated from Fig. 3d,0.55,W/m.K,False,47.0,83.0,36.0,52.181951219512186,3.006638905413436,52.0,65.0,90.0,25.0,83.15365853658535,8.085394408090426,90.0,107.8682,208.9804,101.1122,125.91540926829265,9.829579845330159,127.6,544.4,1234.93,690.5300000000001,864.8129073170732,179.25578495657348,722.66,11.0,16.0,5.0,14.620975609756098,1.6127100535395593,16.0,5.0,6.0,1.0,5.048780487804877,0.09280190362879162,5.0,138.0,148.0,10.0,140.26585365853657,2.865744199881017,138.0,1.69,2.1,0.41000000000000014,2.046224390243902,0.056711643069601594,2.1,1.0,2.0,1.0,1.7804878048780488,0.3426531826293872,2.0,0.0,4.0,4.0,2.840487804878048,1.2719842950624631,4.0,10.0,10.0,0.0,9.999999999999998,1.7763568394002505e-15,10.0,0.0,14.0,14.0,0.6829268292682926,1.2992266508030932,0.0,11.0,29.0,18.0,15.303902439024391,2.049280190362879,16.0,0.0,1.0,1.0,0.2195121951219512,0.3426531826293872,0.0,0.0,3.0,3.0,1.8160975609756094,0.8132573468173708,2.0,0.0,0.0,0.0,0.0,0.0,0.0,0.0,0.0,0.0,0.0,0.0,0.0,0.0,3.0,3.0,2.0356097560975606,0.5090098750743602,2.0,16.33,34.7633333333,18.4333333333,29.872397560958532,6.036561444370701,34.7633333333,0.0,0.464,0.464,0.23765853658536584,0.23186198691255203,0.464,0.0,0.0,0.0,0.0,0.0,0.0,12.0,225.0,213.0,164.3912195121951,27.560880428316473,152.0,1.7804878048780488,2.840487804878048,9.999999999999998,0.6829268292682926,0.11634207758263475,0.1856054569215567,0.6534281069709621,0.0446243585248462,9.788251573464477,0.10964741111752306,0.1,2.0,1.0,0.2195121951219512,0.21512195121951216,0.5121951219512194,450.0,,
202106_1_online.pdf,10.1063/1.3029774,AgSbTe2,AgSbTe2,AgSbTe2,,,,,,body text,,,0.3,W/m.K,False,47.0,52.0,5.0,50.5,1.75,52.0,65.0,90.0,25.0,82.5,8.75,90.0,107.8682,127.6,19.731799999999993,121.20705,6.669425,127.6,722.66,1234.93,512.2700000000001,896.0074999999999,173.34750000000003,722.66,11.0,16.0,5.0,14.5,1.75,16.0,5.0,5.0,0.0,5.0,0.0,5.0,138.0,145.0,7.0,140.0,2.5,138.0,1.93,2.1,0.17000000000000015,2.045,0.05750000000000005,2.1,1.0,2.0,1.0,1.75,0.375,2.0,0.0,4.0,4.0,2.75,1.375,4.0,10.0,10.0,0.0,10.0,0.0,10.0,0.0,0.0,0.0,0.0,0.0,0.0,11.0,16.0,5.0,14.5,1.75,16.0,0.0,1.0,1.0,0.25,0.375,0.0,0.0,3.0,3.0,1.75,0.875,2.0,0.0,0.0,0.0,0.0,0.0,0.0,0.0,0.0,0.0,0.0,0.0,0.0,1.0,3.0,2.0,2.0,0.5,2.0,16.33,34.7633333333,18.4333333333,29.35416666665,6.512083333324999,34.7633333333,0.0,0.464,0.464,0.232,0.232,0.464,0.0,0.0,0.0,0.0,0.0,0.0,152.0,225.0,73.0,173.75,25.625,152.0,1.75,2.75,10.0,0.0,0.1206896551724138,0.1896551724137931,0.6896551724137931,0.0,8.644719482306641,0.11200000000000014,,0.0,0.0,0.25,0.25,0.5,300.0,,
202106_1_online.pdf,10.1063/1.3029774,AgSbTe2,AgSbTe2,AgSbTe2,,,,,,body text,,,0.39,W/m.K,False,47.0,52.0,5.0,50.5,1.75,52.0,65.0,90.0,25.0,82.5,8.75,90.0,107.8682,127.6,19.731799999999993,121.20705,6.669425,127.6,722.66,1234.93,512.2700000000001,896.0074999999999,173.34750000000003,722.66,11.0,16.0,5.0,14.5,1.75,16.0,5.0,5.0,0.0,5.0,0.0,5.0,138.0,145.0,7.0,140.0,2.5,138.0,1.93,2.1,0.17000000000000015,2.045,0.05750000000000005,2.1,1.0,2.0,1.0,1.75,0.375,2.0,0.0,4.0,4.0,2.75,1.375,4.0,10.0,10.0,0.0,10.0,0.0,10.0,0.0,0.0,0.0,0.0,0.0,0.0,11.0,16.0,5.0,14.5,1.75,16.0,0.0,1.0,1.0,0.25,0.375,0.0,0.0,3.0,3.0,1.75,0.875,2.0,0.0,0.0,0.0,0.0,0.0,0.0,0.0,0.0,0.0,0.0,0.0,0.0,1.0,3.0,2.0,2.0,0.5,2.0,16.33,34.7633333333,18.4333333333,29.35416666665,6.512083333324999,34.7633333333,0.0,0.464,0.464,0.232,0.232,0.464,0.0,0.0,0.0,0.0,0.0,0.0,152.0,225.0,73.0,173.75,25.625,152.0,1.75,2.75,10.0,0.0,0.1206896551724138,0.1896551724137931,0.6896551724137931,0.0,8.644719482306641,0.11200000000000014,,0.0,0.0,0.25,0.25,0.5,620.0,,
202106_1_online.pdf,10.1063/1.3029774,AgSbTe2,Ag0.88Sb1.04Te2,Ag0.88Sb1.04Te2,,,,,,body text,,,0.45,W/m.K,False,47.0,52.0,5.0,50.61224489795919,1.62182423990004,52.0,65.0,90.0,25.0,83.06122448979592,8.109121199500208,90.0,107.8682,127.6,19.731799999999993,121.62102448979591,6.17473752603082,127.6,722.66,1234.93,512.2700000000001,885.7116326530612,166.37921699291962,722.66,11.0,16.0,5.0,14.612244897959185,1.6218242399000409,16.0,5.0,5.0,0.0,5.000000000000001,8.881784197001252e-16,5.0,138.0,145.0,7.0,139.83673469387753,2.3182007496876196,138.0,1.93,2.1,0.17000000000000015,2.0485714285714285,0.05323615160349861,2.1,1.0,2.0,1.0,1.7755102040816326,0.34818825489379424,2.0,0.0,4.0,4.0,2.8367346938775513,1.2736359850062473,4.0,10.0,10.0,0.0,10.000000000000002,1.7763568394002505e-15,10.0,0.0,0.0,0.0,0.0,0.0,0.0,11.0,16.0,5.0,14.612244897959185,1.6218242399000409,16.0,0.0,1.0,1.0,0.22448979591836735,0.34818825489379424,0.0,0.0,3.0,3.0,1.816326530612245,0.8154935443565182,2.0,0.0,0.0,0.0,0.0,0.0,0.0,0.0,0.0,0.0,0.0,0.0,0.0,1.0,3.0,2.0,2.0408163265306123,0.5089546022490629,2.0,16.33,34.7633333333,18.4333333333,29.775374149642857,6.036698597798832,34.7633333333,0.0,0.464,0.464,0.23673469387755103,0.23190337359433572,0.464,0.0,0.0,0.0,0.0,0.0,0.0,152.0,225.0,73.0,172.10204081632654,23.750104123281968,152.0,1.7755102040816326,2.8367346938775513,10.000000000000002,0.0,0.12150837988826814,0.1941340782122905,0.6843575418994414,0.0,8.570023634099385,0.10788694481830431,,0.0,0.0,0.22448979591836735,0.2653061224489796,0.5102040816326531,300.0,,
202106_1_online.pdf,10.1063/1.3029774,AgSbTe2,Ag0.83Sb1.06Te2,Ag0.83Sb1.06Te2,,,,,,body text,,,0.45,W/m.K,False,47.0,52.0,5.0,50.660668380462724,1.5621361212257392,52.0,65.0,90.0,25.0,83.30334190231362,7.810680606128696,90.0,107.8682,127.6,19.731799999999993,121.79851053984575,5.965541861341118,127.6,722.66,1234.93,512.2700000000001,881.3158611825193,163.1422737095314,722.66,11.0,16.0,5.0,14.660668380462726,1.5621361212257383,16.0,5.0,5.0,0.0,5.0,0.0,5.0,138.0,145.0,7.0,139.76606683804627,2.2335036115278104,138.0,1.93,2.1,0.17000000000000015,2.050102827763496,0.0513081462586159,2.1,1.0,2.0,1.0,1.7866323907455013,0.3356837451510365,2.0,0.0,4.0,4.0,2.8740359897172234,1.2264523760747021,4.0,10.0,10.0,0.0,10.0,0.0,10.0,0.0,0.0,0.0,0.0,0.0,0.0,11.0,16.0,5.0,14.660668380462726,1.5621361212257383,16.0,0.0,1.0,1.0,0.21336760925449869,0.3356837451510365,0.0,0.0,3.0,3.0,1.8457583547557839,0.7876500948315172,2.0,0.0,0.0,0.0,0.0,0.0,0.0,0.0,0.0,0.0,0.0,0.0,0.0,1.0,3.0,2.0,2.0591259640102826,0.5127642561177892,2.0,16.33,34.7633333333,18.4333333333,29.957369323033415,5.815278425767475,34.7633333333,0.0,0.464,0.464,0.238560411311054,0.23181448708374913,0.464,0.0,0.0,0.0,0.0,0.0,0.0,152.0,225.0,73.0,171.39074550128535,22.876956932613453,152.0,1.7866323907455013,2.8740359897172234,10.0,0.0,0.12186568472733648,0.19603717341749954,0.6820971418551639,0.0,8.529924263485075,0.10596506287823526,,0.0,0.0,0.21336760925449869,0.2724935732647815,0.5141388174807198,300.0,,
28.pdf,,AgSbTe2,Undoped AgSbTe2,AgSbTe2,,,,,,table,Table 2,,1.15,W/m.K,False,47.0,52.0,5.0,50.5,1.75,52.0,65.0,90.0,25.0,82.5,8.75,90.0,107.8682,127.6,19.731799999999993,121.20705,6.669425,127.6,722.66,1234.93,512.2700000000001,896.0074999999999,173.34750000000003,722.66,11.0,16.0,5.0,14.5,1.75,16.0,5.0,5.0,0.0,5.0,0.0,5.0,138.0,145.0,7.0,140.0,2.5,138.0,1.93,2.1,0.17000000000000015,2.045,0.05750000000000005,2.1,1.0,2.0,1.0,1.75,0.375,2.0,0.0,4.0,4.0,2.75,1.375,4.0,10.0,10.0,0.0,10.0,0.0,10.0,0.0,0.0,0.0,0.0,0.0,0.0,11.0,16.0,5.0,14.5,1.75,16.0,0.0,1.0,1.0,0.25,0.375,0.0,0.0,3.0,3.0,1.75,0.875,2.0,0.0,0.0,0.0,0.0,0.0,0.0,0.0,0.0,0.0,0.0,0.0,0.0,1.0,3.0,2.0,2.0,0.5,2.0,16.33,34.7633333333,18.4333333333,29.35416666665,6.512083333324999,34.7633333333,0.0,0.464,0.464,0.232,0.232,0.464,0.0,0.0,0.0,0.0,0.0,0.0,152.0,225.0,73.0,173.75,25.625,152.0,1.75,2.75,10.0,0.0,0.1206896551724138,0.1896551724137931,0.6896551724137931,0.0,8.644719482306641,0.11200000000000014,,0.0,0.0,0.25,0.25,0.5,300.0,,
28.pdf,,AgSbTe2,undoped AgSbTe2,AgSbTe2,,,,,,table,Table 2,,1.15,W/m.K,False,47.0,52.0,5.0,50.5,1.75,52.0,65.0,90.0,25.0,82.5,8.75,90.0,107.8682,127.6,19.731799999999993,121.20705,6.669425,127.6,722.66,1234.93,512.2700000000001,896.0074999999999,173.34750000000003,722.66,11.0,16.0,5.0,14.5,1.75,16.0,5.0,5.0,0.0,5.0,0.0,5.0,138.0,145.0,7.0,140.0,2.5,138.0,1.93,2.1,0.17000000000000015,2.045,0.05750000000000005,2.1,1.0,2.0,1.0,1.75,0.375,2.0,0.0,4.0,4.0,2.75,1.375,4.0,10.0,10.0,0.0,10.0,0.0,10.0,0.0,0.0,0.0,0.0,0.0,0.0,11.0,16.0,5.0,14.5,1.75,16.0,0.0,1.0,1.0,0.25,0.375,0.0,0.0,3.0,3.0,1.75,0.875,2.0,0.0,0.0,0.0,0.0,0.0,0.0,0.0,0.0,0.0,0.0,0.0,0.0,1.0,3.0,2.0,2.0,0.5,2.0,16.33,34.7633333333,18.4333333333,29.35416666665,6.512083333324999,34.7633333333,0.0,0.464,0.464,0.232,0.232,0.464,0.0,0.0,0.0,0.0,0.0,0.0,152.0,225.0,73.0,173.75,25.625,152.0,1.75,2.75,10.0,0.0,0.1206896551724138,0.1896551724137931,0.6896551724137931,0.0,8.644719482306641,0.11200000000000014,,0.0,0.0,0.25,0.25,0.5,300.0,,
Adv Funct Materials - 2024 - Kim - Enhancement of Phase Stability and Thermoelectric Performance of Meta‐Stable AgSbTe2 by.pdf,10.1002/adfm.202404886,AgSbTe2,initial AgSbTe2,AgSbTe2,,,,,,body text,Page 6,,0.63,W/m.K,False,47.0,52.0,5.0,50.5,1.75,52.0,65.0,90.0,25.0,82.5,8.75,90.0,107.8682,127.6,19.731799999999993,121.20705,6.669425,127.6,722.66,1234.93,512.2700000000001,896.0074999999999,173.34750000000003,722.66,11.0,16.0,5.0,14.5,1.75,16.0,5.0,5.0,0.0,5.0,0.0,5.0,138.0,145.0,7.0,140.0,2.5,138.0,1.93,2.1,0.17000000000000015,2.045,0.05750000000000005,2.1,1.0,2.0,1.0,1.75,0.375,2.0,0.0,4.0,4.0,2.75,1.375,4.0,10.0,10.0,0.0,10.0,0.0,10.0,0.0,0.0,0.0,0.0,0.0,0.0,11.0,16.0,5.0,14.5,1.75,16.0,0.0,1.0,1.0,0.25,0.375,0.0,0.0,3.0,3.0,1.75,0.875,2.0,0.0,0.0,0.0,0.0,0.0,0.0,0.0,0.0,0.0,0.0,0.0,0.0,1.0,3.0,2.0,2.0,0.5,2.0,16.33,34.7633333333,18.4333333333,29.35416666665,6.512083333324999,34.7633333333,0.0,0.464,0.464,0.232,0.232,0.464,0.0,0.0,0.0,0.0,0.0,0.0,152.0,225.0,73.0,173.75,25.625,152.0,1.75,2.75,10.0,0.0,0.1206896551724138,0.1896551724137931,0.6896551724137931,0.0,8.644719482306641,0.11200000000000014,,0.0,0.0,0.25,0.25,0.5,300.0,,
Adv Funct Materials - 2025 - Li - Supercompliant Lattice Boosts n‐type AgSbTe2 Thermoelectrics.pdf,10.1002/adfm.202502367,AgSbTe2,Ag0.8Na0.3Sb0.6Bi0.4Te2,Ag0.8Na0.3Sb0.6Bi0.4Te2,Na,10 at.% (excessive),interstitial,Bi (40 at.%) @ Sb,Na (10 at.% (excessive)) @ interstitial site; Bi (40 at.%) @ Sb site,body text,,,0.42,W/m.K,False,11.0,83.0,72.0,50.90243902439025,7.362284354550862,52.0,2.0,90.0,88.0,77.5609756097561,15.959547888161811,90.0,22.98976928,208.9804,185.99063072,123.18040263024392,21.05326521337299,127.6,370.87,1234.93,864.0600000000001,805.9885365853659,196.01368233194535,722.66,1.0,16.0,15.0,13.682926829268295,2.903033908387864,16.0,3.0,6.0,3.0,4.951219512195123,0.28554431885782205,5.0,138.0,166.0,28.0,142.53658536585365,5.461035098155858,138.0,0.93,2.1,1.17,1.96609756097561,0.1657108863771564,2.1,1.0,2.0,1.0,1.7317073170731707,0.3926234384295063,2.0,0.0,4.0,4.0,2.682926829268293,1.439619274241523,4.0,0.0,10.0,10.0,9.26829268292683,1.3563355145746572,10.0,0.0,14.0,14.0,1.3658536585365857,2.4651992861392036,0.0,1.0,29.0,28.0,15.04878048780488,3.6502082093991675,16.0,0.0,1.0,1.0,0.26829268292682934,0.3926234384295063,0.0,0.0,3.0,3.0,1.707317073170732,0.9161213563355146,2.0,0.0,0.0,0.0,0.0,0.0,0.0,0.0,0.0,0.0,0.0,0.0,0.0,1.0,3.0,2.0,1.975609756097561,0.5234979179060084,2.0,16.33,34.7633333333,18.4333333333,30.1169918699,5.508141978975609,34.7633333333,0.0,0.464,0.464,0.22634146341463418,0.23186198691255208,0.464,0.0,0.0,0.0,0.0,0.0,0.0,12.0,229.0,217.0,160.2682926829268,36.9970255800119,152.0,1.7317073170731707,2.682926829268293,9.26829268292683,1.3658536585365857,0.11507293354943272,0.17828200972447325,0.6158833063209076,0.0907617504051864,11.379600578820291,0.30519031141868525,0.1,2.0,1.0,0.19512195121951223,0.14634146341463417,0.48780487804878053,300.0,,
Adv Funct Materials - 2025 - Li - Supercompliant Lattice Boosts n‐type AgSbTe2 Thermoelectrics.pdf,10.1002/adfm.202502367,AgSbTe2,Ag0.8Na0.3Sb0.6Bi0.4Te2,Ag0.8Na0.3Sb0.6Bi0.4Te2,Na,10 at.% (excessive),interstitial,Bi (40 at.%) @ Sb,Na (10 at.% (excessive)) @ interstitial site; Bi (40 at.%) @ Sb site,body text,,,0.27,W/m.K,False,11.0,83.0,72.0,50.90243902439025,7.362284354550862,52.0,2.0,90.0,88.0,77.5609756097561,15.959547888161811,90.0,22.98976928,208.9804,185.99063072,123.18040263024392,21.05326521337299,127.6,370.87,1234.93,864.0600000000001,805.9885365853659,196.01368233194535,722.66,1.0,16.0,15.0,13.682926829268295,2.903033908387864,16.0,3.0,6.0,3.0,4.951219512195123,0.28554431885782205,5.0,138.0,166.0,28.0,142.53658536585365,5.461035098155858,138.0,0.93,2.1,1.17,1.96609756097561,0.1657108863771564,2.1,1.0,2.0,1.0,1.7317073170731707,0.3926234384295063,2.0,0.0,4.0,4.0,2.682926829268293,1.439619274241523,4.0,0.0,10.0,10.0,9.26829268292683,1.3563355145746572,10.0,0.0,14.0,14.0,1.3658536585365857,2.4651992861392036,0.0,1.0,29.0,28.0,15.04878048780488,3.6502082093991675,16.0,0.0,1.0,1.0,0.26829268292682934,0.3926234384295063,0.0,0.0,3.0,3.0,1.707317073170732,0.9161213563355146,2.0,0.0,0.0,0.0,0.0,0.0,0.0,0.0,0.0,0.0,0.0,0.0,0.0,1.0,3.0,2.0,1.975609756097561,0.5234979179060084,2.0,16.33,34.7633333333,18.4333333333,30.1169918699,5.508141978975609,34.7633333333,0.0,0.464,0.464,0.22634146341463418,0.23186198691255208,0.464,0.0,0.0,0.0,0.0,0.0,0.0,12.0,229.0,217.0,160.2682926829268,36.9970255800119,152.0,1.7317073170731707,2.682926829268293,9.26829268292683,1.3658536585365857,0.11507293354943272,0.17828200972447325,0.6158833063209076,0.0907617504051864,11.379600578820291,0.30519031141868525,0.1,2.0,1.0,0.19512195121951223,0.14634146341463417,0.48780487804878053,523.0,,
Adv Funct Materials - 2025 - Li - Supercompliant Lattice Boosts n‐type AgSbTe2 Thermoelectrics.pdf,10.1002/adfm.202502367,AgSbTe2,Ag0.1Na0.9Sb0.6Bi0.4Te2,Ag0.1Na0.9Sb0.6Bi0.4Te2,Na,0.9,Ag,Bi (0.4) @ Sb,Na (0.9) @ Ag site; Bi (0.4) @ Sb site,figure,,Visually estimated from Fig. 6a,0.55,W/m.K,False,11.0,83.0,72.0,45.6,15.57,52.0,2.0,90.0,88.0,68.425,30.062500000000004,90.0,22.98976928,208.9804,185.99063072,110.831443088,39.676915367999996,127.6,370.87,1234.93,864.0600000000001,665.656,156.9049,722.66,1.0,16.0,15.0,12.25,5.125,16.0,3.0,6.0,3.0,4.65,0.7424999999999998,5.0,138.0,166.0,28.0,145.625,9.64375,138.0,0.93,2.1,1.17,1.817,0.39915,2.1,1.0,2.0,1.0,1.75,0.375,2.0,0.0,4.0,4.0,2.75,1.375,4.0,0.0,10.0,10.0,7.75,3.4875000000000003,10.0,0.0,14.0,14.0,1.4000000000000001,2.52,0.0,1.0,29.0,28.0,13.65,5.825,16.0,0.0,1.0,1.0,0.25,0.375,0.0,0.0,3.0,3.0,1.75,0.875,2.0,0.0,0.0,0.0,0.0,0.0,0.0,0.0,0.0,0.0,0.0,0.0,0.0,1.0,3.0,2.0,2.0,0.5,2.0,16.33,34.7633333333,18.4333333333,32.3986666666425,2.474933333328999,34.7633333333,0.0,0.464,0.464,0.232,0.23199999999999998,0.464,0.0,0.0,0.0,0.0,0.0,0.0,12.0,229.0,217.0,159.25,36.7,152.0,1.75,2.75,7.75,1.4000000000000001,0.1282051282051282,0.20146520146520147,0.5677655677655677,0.10256410256410257,10.719374626516096,0.6321200750469044,0.9,2.0,1.0,0.025,0.15,0.5,300.0,0.0,0.13000000000000012
Adv Funct Materials - 2025 - Li - Supercompliant Lattice Boosts n‐type AgSbTe2 Thermoelectrics.pdf,10.1002/adfm.202502367,AgSbTe2,Ag0.8Na0.2Sb0.6Bi0.4Te2,Ag0.8Na0.2Sb0.6Bi0.4Te2,Na,0.2,Ag,Bi (0.4) @ Sb,Na (0.2) @ Ag site; Bi (0.4) @ Sb site,figure,,Visually estimated from Fig. 6a,0.45,W/m.K,False,11.0,83.0,72.0,51.900000000000006,6.3199999999999985,52.0,2.0,90.0,88.0,79.45,13.524999999999999,90.0,22.98976928,208.9804,185.99063072,125.685168464,18.573877843199995,127.6,370.87,1234.93,864.0600000000001,816.8665,193.29945000000004,722.66,1.0,16.0,15.0,14.0,2.5,16.0,3.0,6.0,3.0,5.0,0.2,5.0,138.0,166.0,28.0,141.95,4.834999999999997,138.0,0.93,2.1,1.17,1.992,0.131,2.1,1.0,2.0,1.0,1.75,0.37500000000000006,2.0,0.0,4.0,4.0,2.75,1.375,4.0,0.0,10.0,10.0,9.5,0.9500000000000001,10.0,0.0,14.0,14.0,1.4000000000000001,2.52,0.0,1.0,29.0,28.0,15.4,3.3200000000000003,16.0,0.0,1.0,1.0,0.25,0.37500000000000006,0.0,0.0,3.0,3.0,1.75,0.875,2.0,0.0,0.0,0.0,0.0,0.0,0.0,0.0,0.0,0.0,0.0,0.0,0.0,1.0,3.0,2.0,2.0,0.5,2.0,16.33,34.7633333333,18.4333333333,30.138833333315,5.613083333327499,34.7633333333,0.0,0.464,0.464,0.232,0.23199999999999998,0.464,0.0,0.0,0.0,0.0,0.0,0.0,12.0,229.0,217.0,158.55,35.86000000000001,152.0,1.75,2.75,9.5,1.4000000000000001,0.11363636363636363,0.17857142857142858,0.6168831168831169,0.09090909090909091,11.08379638012944,0.24800000000000005,0.2,2.0,1.0,0.2,0.15,0.5,300.0,0.0,0.13000000000000012
Adv Funct Materials - 2025 - Li - Supercompliant Lattice Boosts n‐type AgSbTe2 Thermoelectrics.pdf,10.1002/adfm.202502367,AgSbTe2,Ag0.8Na0.3Sb0.6Bi0.4Te2,Ag0.8Na0.3Sb0.6Bi0.4Te2,Na,0.3,Ag,Bi (0.4) @ Sb,Na (0.3) @ Ag site; Bi (0.4) @ Sb site,figure,,Visually estimated from Fig. 6a,0.4,W/m.K,False,11.0,83.0,72.0,50.90243902439025,7.362284354550862,52.0,2.0,90.0,88.0,77.5609756097561,15.959547888161811,90.0,22.98976928,208.9804,185.99063072,123.18040263024392,21.05326521337299,127.6,370.87,1234.93,864.0600000000001,805.9885365853659,196.01368233194535,722.66,1.0,16.0,15.0,13.682926829268295,2.903033908387864,16.0,3.0,6.0,3.0,4.951219512195123,0.28554431885782205,5.0,138.0,166.0,28.0,142.53658536585365,5.461035098155858,138.0,0.93,2.1,1.17,1.96609756097561,0.1657108863771564,2.1,1.0,2.0,1.0,1.7317073170731707,0.3926234384295063,2.0,0.0,4.0,4.0,2.682926829268293,1.439619274241523,4.0,0.0,10.0,10.0,9.26829268292683,1.3563355145746572,10.0,0.0,14.0,14.0,1.3658536585365857,2.4651992861392036,0.0,1.0,29.0,28.0,15.04878048780488,3.6502082093991675,16.0,0.0,1.0,1.0,0.26829268292682934,0.3926234384295063,0.0,0.0,3.0,3.0,1.707317073170732,0.9161213563355146,2.0,0.0,0.0,0.0,0.0,0.0,0.0,0.0,0.0,0.0,0.0,0.0,0.0,1.0,3.0,2.0,1.975609756097561,0.5234979179060084,2.0,16.33,34.7633333333,18.4333333333,30.1169918699,5.508141978975609,34.7633333333,0.0,0.464,0.464,0.22634146341463418,0.23186198691255208,0.464,0.0,0.0,0.0,0.0,0.0,0.0,12.0,229.0,217.0,160.2682926829268,36.9970255800119,152.0,1.7317073170731707,2.682926829268293,9.26829268292683,1.3658536585365857,0.11507293354943272,0.17828200972447325,0.6158833063209076,0.0907617504051864,11.379600578820291,0.30519031141868525,0.3,2.0,1.0,0.19512195121951223,0.14634146341463417,0.48780487804878053,300.0,0.0,0.13000000000000012
Adv Funct Materials - 2025 - Li - Supercompliant Lattice Boosts n‐type AgSbTe2 Thermoelectrics.pdf,10.1002/adfm.202502367,AgSbTe2,Ag0.7Na0.4Sb0.6Bi0.4Te2,Ag0.7Na0.4Sb0.6Bi0.4Te2,Na,0.4,Ag,Bi (0.4) @ Sb,Na (0.4) @ Ag site; Bi (0.4) @ Sb site,figure,,Visually estimated from Fig. 6a,0.38,W/m.K,False,11.0,83.0,72.0,50.024390243902445,8.647233789411063,52.0,2.0,90.0,88.0,76.02439024390245,18.20820939916716,90.0,22.98976928,208.9804,185.99063072,121.11019700292685,23.667106824985115,127.6,370.87,1234.93,864.0600000000001,784.9139024390245,188.4541106484236,722.66,1.0,16.0,15.0,13.439024390243905,3.259964306960142,16.0,3.0,6.0,3.0,4.902439024390245,0.3712076145151689,5.0,138.0,166.0,28.0,143.0487804878049,6.110648423557411,138.0,0.93,2.1,1.17,1.941707317073171,0.20140392623438425,2.1,1.0,2.0,1.0,1.7317073170731707,0.3926234384295063,2.0,0.0,4.0,4.0,2.682926829268293,1.439619274241523,4.0,0.0,10.0,10.0,9.02439024390244,1.760856632956573,10.0,0.0,14.0,14.0,1.3658536585365857,2.4651992861392036,0.0,1.0,29.0,28.0,14.80487804878049,3.992861392028554,16.0,0.0,1.0,1.0,0.26829268292682934,0.3926234384295063,0.0,0.0,3.0,3.0,1.707317073170732,0.9161213563355146,2.0,0.0,0.0,0.0,0.0,0.0,0.0,0.0,0.0,0.0,0.0,0.0,0.0,1.0,3.0,2.0,1.975609756097561,0.5234979179060084,2.0,16.33,34.7633333333,18.4333333333,30.431951219492685,5.047225857620461,34.7633333333,0.0,0.464,0.464,0.22634146341463418,0.23186198691255205,0.464,0.0,0.0,0.0,0.0,0.0,0.0,12.0,229.0,217.0,160.3658536585366,37.11124330755503,152.0,1.7317073170731707,2.682926829268293,9.02439024390244,1.3658536585365857,0.11696869851729817,0.18121911037891267,0.6095551894563427,0.09225700164744648,11.5346999255489,0.3615120274914089,0.4,2.0,1.0,0.17073170731707318,0.14634146341463417,0.48780487804878053,300.0,0.0,0.13000000000000012
Adv Funct Materials - 2026 - Zhang - Improving Stability of High‐Performance AgSbTe2 Thermoelectrics by Lattice Regulation.pdf,10.1002/adfm.75160,AgSbTe2,AgSb1-xPbxTe2 (x=0),AgSbTe2,Pb,x=0,Sb,,Pb (x=0) @ Sb site,figure,,Visually estimated from Fig. 5c,0.6,W/m.K,False,47.0,52.0,5.0,50.5,1.75,52.0,65.0,90.0,25.0,82.5,8.75,90.0,107.8682,127.6,19.731799999999993,121.20705,6.669425,127.6,722.66,1234.93,512.2700000000001,896.0074999999999,173.34750000000003,722.66,11.0,16.0,5.0,14.5,1.75,16.0,5.0,5.0,0.0,5.0,0.0,5.0,138.0,145.0,7.0,140.0,2.5,138.0,1.93,2.1,0.17000000000000015,2.045,0.05750000000000005,2.1,1.0,2.0,1.0,1.75,0.375,2.0,0.0,4.0,4.0,2.75,1.375,4.0,10.0,10.0,0.0,10.0,0.0,10.0,0.0,0.0,0.0,0.0,0.0,0.0,11.0,16.0,5.0,14.5,1.75,16.0,0.0,1.0,1.0,0.25,0.375,0.0,0.0,3.0,3.0,1.75,0.875,2.0,0.0,0.0,0.0,0.0,0.0,0.0,0.0,0.0,0.0,0.0,0.0,0.0,1.0,3.0,2.0,2.0,0.5,2.0,16.33,34.7633333333,18.4333333333,29.35416666665,6.512083333324999,34.7633333333,0.0,0.464,0.464,0.232,0.232,0.464,0.0,0.0,0.0,0.0,0.0,0.0,152.0,225.0,73.0,173.75,25.625,152.0,1.75,2.75,10.0,0.0,0.1206896551724138,0.1896551724137931,0.6896551724137931,0.0,8.644719482306641,0.11200000000000014,0.0,1.0,0.0,0.25,0.25,0.5,300.0,1.0,0.43000000000000005
Adv Funct Materials - 2026 - Zhang - Improving Stability of High‐Performance AgSbTe2 Thermoelectrics by Lattice Regulation.pdf,10.1002/adfm.75160,AgSbTe2,AgSb1-xPbxTe2 (x=0.03),AgSb0.97Pb0.03Te2,Pb,x=0.03,Sb,,Pb (x=0.03) @ Sb site,figure,,Visually estimated from Fig. 5c,0.5,W/m.K,False,47.0,82.0,35.0,50.7325,1.866249999999999,52.0,65.0,90.0,25.0,82.47,8.75705,90.0,107.8682,207.2,99.33179999999999,121.84785,7.032432249999996,127.6,600.61,1234.93,634.32,893.733725,175.47058087500002,722.66,11.0,16.0,5.0,14.4925,1.7536375000000002,16.0,5.0,6.0,1.0,5.0075,0.014887500000000279,5.0,138.0,146.0,8.0,140.0525,2.5629625000000047,138.0,1.93,2.33,0.40000000000000013,2.0471,0.05855000000000005,2.1,1.0,2.0,1.0,1.75,0.375,2.0,0.0,4.0,4.0,2.7425,1.3823874999999999,4.0,10.0,10.0,0.0,10.0,0.0,10.0,0.0,14.0,14.0,0.105,0.20842499999999997,0.0,11.0,28.0,17.0,14.5975,1.79875,16.0,0.0,1.0,1.0,0.25,0.375,0.0,0.0,4.0,4.0,1.7575,0.8787499999999999,2.0,0.0,0.0,0.0,0.0,0.0,0.0,0.0,0.0,0.0,0.0,0.0,0.0,1.0,4.0,3.0,2.0075000000000003,0.5112500000000002,2.0,16.33,34.7633333333,18.4333333333,29.328291666649996,6.517420208324751,34.7633333333,0.0,0.464,0.464,0.232,0.232,0.464,0.0,0.0,0.0,0.0,0.0,0.0,152.0,225.0,73.0,174.1925,26.165862499999996,152.0,1.75,2.7425,10.0,0.105,0.11988354170234629,0.18787463606781984,0.6850488097276931,0.007193012502140777,8.924796662406377,0.11678988288162906,0.03,1.0,0.0,0.25,0.2425,0.5,300.0,1.0,0.43000000000000005
Advanced Energy Materials - 2011 - Han - Lead‐Free Thermoelectrics  High Figure of Merit in p‐type AgSnmSbTem 2.pdf,10.1002/aenm.201100613,AgSnmSbTem+2,AgSn2SbTe4,AgSn2SbTe4,Ag,m=2,unclear,Sb (m=2) @ unclear,Ag (m=2) @ unclear site; Sb (m=2) @ unclear site,body text,,Value is 1.45 +/- 0.05 W m-1 K-1 throughout the temperature range.,1.45,W/m.K,False,47.0,52.0,5.0,50.75,1.3125,52.0,65.0,90.0,25.0,83.75,6.5625,90.0,107.8682,127.6,19.731799999999993,122.18102499999999,5.418974999999998,127.6,505.08,1234.93,729.8500000000001,754.93875,157.20812500000005,722.66,11.0,16.0,5.0,14.75,1.3125,16.0,5.0,5.0,0.0,5.0,0.0,5.0,138.0,145.0,7.0,139.25,1.4375,138.0,1.93,2.1,0.17000000000000015,2.0375,0.06562500000000002,2.1,1.0,2.0,1.0,1.875,0.21875,2.0,0.0,4.0,4.0,2.875,1.15625,4.0,10.0,10.0,0.0,10.0,0.0,10.0,0.0,0.0,0.0,0.0,0.0,0.0,11.0,16.0,5.0,14.75,1.3125,16.0,0.0,1.0,1.0,0.125,0.21875,0.0,0.0,4.0,4.0,2.375,0.96875,2.0,0.0,0.0,0.0,0.0,0.0,0.0,0.0,0.0,0.0,0.0,0.0,0.0,1.0,4.0,3.0,2.5,0.875,2.0,16.33,34.7633333333,18.4333333333,31.689166666649996,3.872083333325,34.7633333333,0.0,0.464,0.464,0.232,0.232,0.464,0.0,0.0,0.0,0.0,0.0,0.0,141.0,225.0,84.0,160.125,17.6875,152.0,1.875,2.875,10.0,0.0,0.1271186440677966,0.19491525423728814,0.6779661016949152,0.0,10.085506062691083,0.11238095238095248,0.02,2.0,1.0,0.125,0.125,0.5,300.0,,
Advanced Energy Materials - 2017 - Hong - Achieving zT   2 in p‐Type AgSbTe2 xSex Alloys via Exploring the Extra Light.pdf,10.1002/aenm.201702333,AgSbTe2,AgSbTe1.8Se0.2,AgSbTe1.8Se0.2,Se,x=0.2,Te,,Se (x=0.2) @ Te site,body text,Section 2.3,,0.27,W/m.K,False,34.0,52.0,18.0,49.60000000000001,2.8599999999999968,52.0,65.0,90.0,25.0,82.45,8.725,90.0,78.96,127.6,48.64,118.77505,9.434930000000001,127.6,494.0,1234.93,740.9300000000001,884.5745000000001,184.78050000000002,722.66,11.0,16.0,5.0,14.5,1.75,16.0,4.0,5.0,1.0,4.95,0.09499999999999985,5.0,120.0,145.0,25.0,139.1,2.949999999999997,138.0,1.93,2.55,0.6199999999999999,2.0675,0.0775000000000001,2.1,1.0,2.0,1.0,1.75,0.375,2.0,0.0,4.0,4.0,2.75,1.375,4.0,10.0,10.0,0.0,10.0,0.0,10.0,0.0,0.0,0.0,0.0,0.0,0.0,11.0,16.0,5.0,14.5,1.75,16.0,0.0,1.0,1.0,0.25,0.375,0.0,0.0,3.0,3.0,1.75,0.875,2.0,0.0,0.0,0.0,0.0,0.0,0.0,0.0,0.0,0.0,0.0,0.0,0.0,1.0,3.0,2.0,2.0,0.5,2.0,16.33,34.7633333333,18.4333333333,28.911999999985,6.590199999990999,34.7633333333,0.0,0.799,0.799,0.24875000000000003,0.24875000000000003,0.464,0.0,0.0,0.0,0.0,0.0,0.0,14.0,225.0,211.0,166.85,29.074999999999996,152.0,1.75,2.75,10.0,0.0,0.1206896551724138,0.1896551724137931,0.6896551724137931,0.0,9.996164597312385,0.16828358208955232,0.2,1.0,0.0,0.25,0.25,0.45,300.0,0.0,0.22999999999999976
Advanced Energy Materials - 2026 - Li - Rare‐Earth Yttrium Doping Advances High‐Performance AgSbTe2 Thermoelectrics.pdf,10.1002/aenm.202505258,AgSbTe2,AgSbTe2,AgSbTe2,,,,,,figure,,Visually estimated from Fig. 4f,0.48,W/m.K,False,47.0,52.0,5.0,50.5,1.75,52.0,65.0,90.0,25.0,82.5,8.75,90.0,107.8682,127.6,19.731799999999993,121.20705,6.669425,127.6,722.66,1234.93,512.2700000000001,896.0074999999999,173.34750000000003,722.66,11.0,16.0,5.0,14.5,1.75,16.0,5.0,5.0,0.0,5.0,0.0,5.0,138.0,145.0,7.0,140.0,2.5,138.0,1.93,2.1,0.17000000000000015,2.045,0.05750000000000005,2.1,1.0,2.0,1.0,1.75,0.375,2.0,0.0,4.0,4.0,2.75,1.375,4.0,10.0,10.0,0.0,10.0,0.0,10.0,0.0,0.0,0.0,0.0,0.0,0.0,11.0,16.0,5.0,14.5,1.75,16.0,0.0,1.0,1.0,0.25,0.375,0.0,0.0,3.0,3.0,1.75,0.875,2.0,0.0,0.0,0.0,0.0,0.0,0.0,0.0,0.0,0.0,0.0,0.0,0.0,1.0,3.0,2.0,2.0,0.5,2.0,16.33,34.7633333333,18.4333333333,29.35416666665,6.512083333324999,34.7633333333,0.0,0.464,0.464,0.232,0.232,0.464,0.0,0.0,0.0,0.0,0.0,0.0,152.0,225.0,73.0,173.75,25.625,152.0,1.75,2.75,10.0,0.0,0.1206896551724138,0.1896551724137931,0.6896551724137931,0.0,8.644719482306641,0.11200000000000014,,0.0,0.0,0.25,0.25,0.5,300.0,,
Advanced Energy Materials - 2026 - Li - Rare‐Earth Yttrium Doping Advances High‐Performance AgSbTe2 Thermoelectrics.pdf,10.1002/aenm.202505258,AgSbTe2,AgSb0.99Y0.01Te2,AgSb0.99Y0.01Te2,Y,0.01,Sb,,Y (0.01) @ Sb site,figure,,Visually estimated from Fig. 4f,0.47,W/m.K,False,39.0,52.0,13.0,50.47,1.7923500000000006,52.0,12.0,90.0,78.0,82.3175,9.010337500000002,90.0,88.90585,127.6,38.69414999999999,121.124914625,6.789452635624997,127.6,722.66,1799.0,1076.3400000000001,898.2455499999999,175.58555,722.66,3.0,16.0,13.0,14.47,1.7923499999999997,16.0,5.0,5.0,0.0,5.0,0.0,5.0,138.0,190.0,52.0,140.1275,2.685612499999999,138.0,1.22,2.1,0.8800000000000001,2.042925,0.06057712500000008,2.1,1.0,2.0,1.0,1.75,0.375,2.0,0.0,4.0,4.0,2.7424999999999997,1.3849625,4.0,1.0,10.0,9.0,9.9775,0.04488750000000085,10.0,0.0,0.0,0.0,0.0,0.0,0.0,3.0,16.0,13.0,14.47,1.7923499999999997,16.0,0.0,1.0,1.0,0.25,0.375,0.0,0.0,3.0,3.0,1.7425,0.8799625,2.0,0.0,9.0,9.0,0.0225,0.0448875,0.0,0.0,0.0,0.0,0.0,0.0,0.0,1.0,9.0,8.0,2.0149999999999997,0.5224999999999999,2.0,16.33,34.7633333333,18.4333333333,29.356179166649998,6.513089583325,34.7633333333,0.0,0.464,0.464,0.232,0.232,0.464,0.0,0.0,0.0,0.0,0.0,0.0,152.0,225.0,73.0,173.82,25.690899999999996,152.0,1.75,2.7424999999999997,9.9775,0.0,0.12093987560469938,0.18953006219765028,0.6895300621976502,0.0,8.761125148292647,0.11790993832212233,0.01,1.0,0.0,0.25,0.2475,0.5,300.0,0.0,0.14
Advanced Energy Materials - 2026 - Li - Rare‐Earth Yttrium Doping Advances High‐Performance AgSbTe2 Thermoelectrics.pdf,10.1002/aenm.202505258,AgSbTe2,AgSb0.98Y0.02Te2,AgSb0.98Y0.02Te2,Y,0.02,Sb,,Y (0.02) @ Sb site,figure,,Visually estimated from Fig. 4f,0.46,W/m.K,False,39.0,52.0,13.0,50.44,1.8344000000000011,52.0,12.0,90.0,78.0,82.135,9.268849999999997,90.0,88.90585,127.6,38.69414999999999,121.04277925,6.9086589175,127.6,722.66,1799.0,1076.3400000000001,900.4836,177.82360000000003,722.66,3.0,16.0,13.0,14.44,1.8344000000000003,16.0,5.0,5.0,0.0,5.0,0.0,5.0,138.0,190.0,52.0,140.255,2.8699499999999976,138.0,1.22,2.1,0.8800000000000001,2.04085,0.06363350000000009,2.1,1.0,2.0,1.0,1.75,0.375,2.0,0.0,4.0,4.0,2.735,1.39485,4.0,1.0,10.0,9.0,9.955,0.08954999999999994,10.0,0.0,0.0,0.0,0.0,0.0,0.0,3.0,16.0,13.0,14.44,1.8344000000000003,16.0,0.0,1.0,1.0,0.25,0.375,0.0,0.0,3.0,3.0,1.7349999999999999,0.88485,2.0,0.0,9.0,9.0,0.045,0.08954999999999999,0.0,0.0,0.0,0.0,0.0,0.0,0.0,1.0,9.0,8.0,2.0300000000000002,0.5450000000000002,2.0,16.33,34.7633333333,18.4333333333,29.358191666649997,6.514095833324999,34.7633333333,0.0,0.464,0.464,0.232,0.23199999999999998,0.464,0.0,0.0,0.0,0.0,0.0,0.0,152.0,225.0,73.0,173.89,25.756099999999993,152.0,1.75,2.735,9.955,0.0,0.12119113573407203,0.18940443213296398,0.689404432132964,0.0,8.848505117923192,0.12376842776316853,0.02,1.0,0.0,0.25,0.245,0.5,300.0,0.0,0.14
Advanced Energy Materials - 2026 - Li - Rare‐Earth Yttrium Doping Advances High‐Performance AgSbTe2 Thermoelectrics.pdf,10.1002/aenm.202505258,AgSbTe2,AgSb0.97Y0.03Te2,AgSb0.97Y0.03Te2,Y,0.03,Sb,,Y (0.03) @ Sb site,figure,,Visually estimated from Fig. 4f,0.47,W/m.K,False,39.0,52.0,13.0,50.41,1.8761500000000018,52.0,12.0,90.0,78.0,81.9525,9.525537499999999,90.0,88.90585,127.6,38.69414999999999,120.960643875,7.027043845624997,127.6,722.66,1799.0,1076.3400000000001,902.72165,180.06165000000004,722.66,3.0,16.0,13.0,14.41,1.87615,16.0,5.0,5.0,0.0,5.0,0.0,5.0,138.0,190.0,52.0,140.3825,3.053012499999997,138.0,1.22,2.1,0.8800000000000001,2.0387750000000002,0.06666912499999991,2.1,1.0,2.0,1.0,1.75,0.375,2.0,0.0,4.0,4.0,2.7275,1.4046625,4.0,1.0,10.0,9.0,9.932500000000001,0.133987499999999,10.0,0.0,0.0,0.0,0.0,0.0,0.0,3.0,16.0,13.0,14.41,1.87615,16.0,0.0,1.0,1.0,0.25,0.375,0.0,0.0,3.0,3.0,1.7275,0.8896625,2.0,0.0,9.0,9.0,0.0675,0.13398749999999998,0.0,0.0,0.0,0.0,0.0,0.0,0.0,1.0,9.0,8.0,2.045,0.5674999999999999,2.0,16.33,34.7633333333,18.4333333333,29.36020416665,6.515102083324999,34.7633333333,0.0,0.464,0.464,0.232,0.232,0.464,0.0,0.0,0.0,0.0,0.0,0.0,152.0,225.0,73.0,173.95999999999998,25.820599999999992,152.0,1.75,2.7275,9.932500000000001,0.0,0.12144344205412907,0.18927827897293545,0.6892782789729355,0.0,8.924796662406377,0.12957646497385233,0.03,1.0,0.0,0.25,0.2425,0.5,300.0,0.0,0.14
Advanced Materials - 2022 - Zhang - Defect‐Engineering‐Stabilized AgSbTe2 with High Thermoelectric Performance.pdf,10.1002/adma.202208994,AgSbTe2,AgSbTe2,AgSbTe2,,,,,,figure,Fig. 4F,Visually estimated from Fig. 4F,0.55,W/m.K,False,47.0,52.0,5.0,50.5,1.75,52.0,65.0,90.0,25.0,82.5,8.75,90.0,107.8682,127.6,19.731799999999993,121.20705,6.669425,127.6,722.66,1234.93,512.2700000000001,896.0074999999999,173.34750000000003,722.66,11.0,16.0,5.0,14.5,1.75,16.0,5.0,5.0,0.0,5.0,0.0,5.0,138.0,145.0,7.0,140.0,2.5,138.0,1.93,2.1,0.17000000000000015,2.045,0.05750000000000005,2.1,1.0,2.0,1.0,1.75,0.375,2.0,0.0,4.0,4.0,2.75,1.375,4.0,10.0,10.0,0.0,10.0,0.0,10.0,0.0,0.0,0.0,0.0,0.0,0.0,11.0,16.0,5.0,14.5,1.75,16.0,0.0,1.0,1.0,0.25,0.375,0.0,0.0,3.0,3.0,1.75,0.875,2.0,0.0,0.0,0.0,0.0,0.0,0.0,0.0,0.0,0.0,0.0,0.0,0.0,1.0,3.0,2.0,2.0,0.5,2.0,16.33,34.7633333333,18.4333333333,29.35416666665,6.512083333324999,34.7633333333,0.0,0.464,0.464,0.232,0.232,0.464,0.0,0.0,0.0,0.0,0.0,0.0,152.0,225.0,73.0,173.75,25.625,152.0,1.75,2.75,10.0,0.0,0.1206896551724138,0.1896551724137931,0.6896551724137931,0.0,8.644719482306641,0.11200000000000014,,0.0,0.0,0.25,0.25,0.5,300.0,,
Advanced Materials - 2022 - Zhang - Defect‐Engineering‐Stabilized AgSbTe2 with High Thermoelectric Performance.pdf,10.1002/adma.202208994,AgSbTe2,AgSbTe1.9Se0.05S0.05,AgSbTe1.9Se0.05S0.05,Se,0.05,Te,S (0.05) @ Te,Se (0.05) @ Te site; S (0.05) @ Te site,figure,Fig. 4F,Visually estimated from Fig. 4F,0.52,W/m.K,False,16.0,52.0,36.0,49.82500000000001,2.6537499999999956,52.0,65.0,90.0,25.0,82.4625,8.73125,90.0,32.065,127.6,95.535,119.4048625,8.962949375000003,127.6,388.36,1234.93,846.57,888.9705000000001,180.38450000000006,722.66,11.0,16.0,5.0,14.5,1.7500000000000002,16.0,3.0,5.0,2.0,4.9625,0.07312499999999968,5.0,105.0,145.0,40.0,139.36250000000004,2.8187500000000205,138.0,1.93,2.58,0.6500000000000001,2.056625,0.06662500000000011,2.1,1.0,2.0,1.0,1.75,0.37500000000000006,2.0,0.0,4.0,4.0,2.75,1.3750000000000002,4.0,0.0,10.0,10.0,9.875000000000002,0.24687499999999832,10.0,0.0,0.0,0.0,0.0,0.0,0.0,6.0,16.0,10.0,14.375,1.8968750000000003,16.0,0.0,1.0,1.0,0.25000000000000006,0.37500000000000006,0.0,0.0,3.0,3.0,1.75,0.8750000000000002,2.0,0.0,0.0,0.0,0.0,0.0,0.0,0.0,0.0,0.0,0.0,0.0,0.0,1.0,3.0,2.0,2.0,0.5000000000000001,2.0,16.33,34.7633333333,18.4333333333,29.131419270817503,6.564608723949624,34.7633333333,0.0,2.202,2.202,0.2579125000000001,0.25791250000000004,0.464,0.0,0.0,0.0,0.0,0.0,0.0,14.0,225.0,211.0,171.00000000000003,27.000000000000014,152.0,1.75,2.75,9.875000000000002,0.0,0.12173913043478261,0.19130434782608696,0.6869565217391306,0.0,9.614071925296303,0.1427876745305731,0.05,2.0,1.0,0.25000000000000006,0.25000000000000006,0.47500000000000003,300.0,0.0,0.22999999999999976
Advanced Materials - 2022 - Zhang - Defect‐Engineering‐Stabilized AgSbTe2 with High Thermoelectric Performance.pdf,10.1002/adma.202208994,AgSbTe2,AgSbTe1.85Se0.1S0.05,AgSbTe1.85Se0.1S0.05,Se,0.1,Te,S (0.05) @ Te,Se (0.1) @ Te site; S (0.05) @ Te site,figure,Fig. 4F,Visually estimated from Fig. 4F,0.5,W/m.K,False,16.0,52.0,36.0,49.6,2.9199999999999995,52.0,65.0,90.0,25.0,82.44999999999999,8.725000000000007,90.0,32.065,127.6,95.535,118.7968625,9.624470937499996,127.6,388.36,1234.93,846.57,886.1122500000001,183.24275000000003,722.66,11.0,16.0,5.0,14.5,1.7500000000000002,16.0,3.0,5.0,2.0,4.949999999999999,0.09625000000000065,5.0,105.0,145.0,40.0,139.1375,2.9312499999999946,138.0,1.93,2.58,0.6500000000000001,2.06225,0.0722500000000001,2.1,1.0,2.0,1.0,1.75,0.37499999999999994,2.0,0.0,4.0,4.0,2.75,1.375,4.0,0.0,10.0,10.0,9.875,0.246875,10.0,0.0,0.0,0.0,0.0,0.0,0.0,6.0,16.0,10.0,14.375,1.8968749999999999,16.0,0.0,1.0,1.0,0.25,0.37499999999999994,0.0,0.0,3.0,3.0,1.75,0.875,2.0,0.0,0.0,0.0,0.0,0.0,0.0,0.0,0.0,0.0,0.0,0.0,0.0,1.0,3.0,2.0,2.0,0.5,2.0,16.33,34.7633333333,18.4333333333,29.02087760415125,6.581332747386969,34.7633333333,0.0,2.202,2.202,0.2621,0.2621,0.464,0.0,0.0,0.0,0.0,0.0,0.0,14.0,225.0,211.0,169.275,27.862500000000004,152.0,1.75,2.75,9.875,0.0,0.12173913043478261,0.19130434782608696,0.6869565217391305,0.0,9.950601560414498,0.1563274964505444,0.1,2.0,1.0,0.25,0.25,0.4625,300.0,0.0,0.22999999999999976
Advanced Materials - 2022 - Zhang - Defect‐Engineering‐Stabilized AgSbTe2 with High Thermoelectric Performance.pdf,10.1002/adma.202208994,AgSbTe2,AgSbTe1.8Se0.1S0.1,AgSbTe1.8Se0.1S0.1,Se,0.1,Te,S (0.1) @ Te,Se (0.1) @ Te site; S (0.1) @ Te site,figure,Fig. 4F,Visually estimated from Fig. 4F,0.48,W/m.K,False,16.0,52.0,36.0,49.150000000000006,3.489999999999998,52.0,65.0,90.0,25.0,82.425,8.7125,90.0,32.065,127.6,95.535,117.602675,11.076254999999996,127.6,388.36,1234.93,846.57,881.9335,187.42150000000004,722.66,11.0,16.0,5.0,14.5,1.7500000000000002,16.0,3.0,5.0,2.0,4.925,0.14250000000000018,5.0,105.0,145.0,40.0,138.725,3.2750000000000004,138.0,1.93,2.58,0.6500000000000001,2.06825,0.07825000000000011,2.1,1.0,2.0,1.0,1.75,0.37499999999999994,2.0,0.0,4.0,4.0,2.75,1.375,4.0,0.0,10.0,10.0,9.75,0.48750000000000004,10.0,0.0,0.0,0.0,0.0,0.0,0.0,6.0,16.0,10.0,14.25,2.0375,16.0,0.0,1.0,1.0,0.25,0.37499999999999994,0.0,0.0,3.0,3.0,1.75,0.875,2.0,0.0,0.0,0.0,0.0,0.0,0.0,0.0,0.0,0.0,0.0,0.0,0.0,1.0,3.0,2.0,2.0,0.5,2.0,16.33,34.7633333333,18.4333333333,28.908671874985,6.594859374991,34.7633333333,0.0,2.202,2.202,0.283825,0.28382500000000005,0.464,0.0,0.0,0.0,0.0,0.0,0.0,14.0,225.0,211.0,168.25,28.375,152.0,1.75,2.75,9.75,0.0,0.12280701754385964,0.19298245614035087,0.6842105263157895,0.0,10.284321913389274,0.1701489757914341,0.1,2.0,1.0,0.25,0.25,0.45,300.0,0.0,0.22999999999999976
Advanced Materials - 2023 - Taneja - High Thermoelectric Performance in Phonon‐Glass Electron‐Crystal Like AgSbTe2.pdf,10.1002/adma.202307058,AgSbTe2,AgSbTe2,AgSbTe2,,,,,,body text,,,0.48,W/m.K,False,47.0,52.0,5.0,50.5,1.75,52.0,65.0,90.0,25.0,82.5,8.75,90.0,107.8682,127.6,19.731799999999993,121.20705,6.669425,127.6,722.66,1234.93,512.2700000000001,896.0074999999999,173.34750000000003,722.66,11.0,16.0,5.0,14.5,1.75,16.0,5.0,5.0,0.0,5.0,0.0,5.0,138.0,145.0,7.0,140.0,2.5,138.0,1.93,2.1,0.17000000000000015,2.045,0.05750000000000005,2.1,1.0,2.0,1.0,1.75,0.375,2.0,0.0,4.0,4.0,2.75,1.375,4.0,10.0,10.0,0.0,10.0,0.0,10.0,0.0,0.0,0.0,0.0,0.0,0.0,11.0,16.0,5.0,14.5,1.75,16.0,0.0,1.0,1.0,0.25,0.375,0.0,0.0,3.0,3.0,1.75,0.875,2.0,0.0,0.0,0.0,0.0,0.0,0.0,0.0,0.0,0.0,0.0,0.0,0.0,1.0,3.0,2.0,2.0,0.5,2.0,16.33,34.7633333333,18.4333333333,29.35416666665,6.512083333324999,34.7633333333,0.0,0.464,0.464,0.232,0.232,0.464,0.0,0.0,0.0,0.0,0.0,0.0,152.0,225.0,73.0,173.75,25.625,152.0,1.75,2.75,10.0,0.0,0.1206896551724138,0.1896551724137931,0.6896551724137931,0.0,8.644719482306641,0.11200000000000014,,0.0,0.0,0.25,0.25,0.5,300.0,,
Advanced Materials - 2023 - Taneja - High Thermoelectric Performance in Phonon‐Glass Electron‐Crystal Like AgSbTe2.pdf,10.1002/adma.202307058,AgSbTe2,AgSb0.96Yb0.04Te2,AgSb0.96Yb0.04Te2,Yb,4 mol%,Sb,,Yb (4 mol%) @ Sb site,body text,,,0.22,W/m.K,False,47.0,70.0,23.0,50.69,1.845000000000001,52.0,39.0,90.0,51.0,82.03999999999999,9.380800000000004,90.0,107.8682,173.054,65.1858,121.71999,6.925895000000001,127.6,722.66,1234.93,512.2700000000001,897.8897,175.22970000000004,722.66,3.0,16.0,13.0,14.379999999999999,1.9176000000000004,16.0,5.0,6.0,1.0,5.01,0.01979999999999979,5.0,138.0,187.0,49.0,140.48000000000002,3.190400000000009,138.0,1.26,2.1,0.8400000000000001,2.0370999999999997,0.06909200000000017,2.1,1.0,2.0,1.0,1.75,0.375,2.0,0.0,4.0,4.0,2.7199999999999998,1.4144,4.0,0.0,10.0,10.0,9.9,0.19799999999999965,10.0,0.0,14.0,14.0,0.14,0.2772,0.0,11.0,16.0,5.0,14.51,1.7550000000000001,16.0,0.0,1.0,1.0,0.25,0.375,0.0,0.0,3.0,3.0,1.72,0.8944,2.0,0.0,0.0,0.0,0.0,0.0,0.0,0.0,0.0,0.0,0.0,0.0,0.0,0.0,3.0,3.0,1.97,0.5244000000000001,2.0,16.33,34.7633333333,18.4333333333,29.37976666665,6.524883333324999,34.7633333333,0.0,0.464,0.464,0.232,0.232,0.464,0.0,0.0,0.0,0.0,0.0,0.0,152.0,225.0,73.0,174.34,26.343200000000003,152.0,1.75,2.7199999999999998,9.9,0.14,0.12060647829083392,0.18745692625775326,0.6822880771881461,0.009648518263266714,8.993810816868557,0.1391076532232456,0.04,1.0,0.0,0.25,0.24,0.5,573.0,0.0,0.10799999999999998
Advanced Materials - 2024 - Li - High‐Performance AgSbTe2 Thermoelectrics  Advances  Challenges  and Perspectives.pdf,10.1002/adma.202409275,AgSbTe2,AgSb0.94Cd0.06Te2,AgSb0.94Cd0.06Te2,Cd,0.06,Sb,,Cd (0.06) @ Sb site,Table 1,,,0.39,W/m.K,False,47.0,52.0,5.0,50.455,1.8011500000000007,52.0,65.0,90.0,25.0,82.27499999999999,9.005750000000004,90.0,107.8682,127.6,19.731799999999993,121.06681499999999,6.858981950000002,127.6,594.22,1234.93,640.71,891.3641,177.618423,722.66,11.0,16.0,5.0,14.455,1.8011499999999998,16.0,5.0,5.0,0.0,5.0,0.0,5.0,138.0,145.0,7.0,140.075,2.580249999999995,138.0,1.69,2.1,0.41000000000000014,2.0396,0.06528799999999998,2.1,1.0,2.0,1.0,1.75,0.375,2.0,0.0,4.0,4.0,2.705,1.43365,4.0,10.0,10.0,0.0,10.0,0.0,10.0,0.0,0.0,0.0,0.0,0.0,0.0,11.0,16.0,5.0,14.455,1.8011499999999998,16.0,0.0,1.0,1.0,0.25,0.375,0.0,0.0,3.0,3.0,1.705,0.90365,2.0,0.0,0.0,0.0,0.0,0.0,0.0,0.0,0.0,0.0,0.0,0.0,0.0,0.0,3.0,3.0,1.955,0.53615,2.0,16.33,34.7633333333,18.4333333333,29.17319166665,6.711941583324499,34.7633333333,0.0,0.464,0.464,0.232,0.232,0.464,0.0,0.0,0.0,0.0,0.0,0.0,152.0,225.0,73.0,174.17,26.009899999999995,152.0,1.75,2.705,10.0,0.0,0.12106537530266344,0.18713248011068834,0.6918021445866482,0.0,9.11649772763948,0.1247338027054823,0.06,1.0,0.0,0.25,0.235,0.5,573.0,1.0,0.19000000000000006
Advanced Materials - 2024 - Li - High‐Performance AgSbTe2 Thermoelectrics  Advances  Challenges  and Perspectives.pdf,10.1002/adma.202409275,AgSbTe2,Ag0.98SbTe2,Ag0.98SbTe2,Ag vacancy,0.02,Ag,,Ag vacancy (0.02) @ Ag site,body text,,,0.24,W/m.K,False,47.0,52.0,5.0,50.517587939698494,1.7322794878917191,52.0,65.0,90.0,25.0,82.58793969849246,8.661397439458598,90.0,107.8682,127.6,19.731799999999993,121.27407939698493,6.6018903563041285,127.6,722.66,1234.93,512.2700000000001,894.3043718592965,172.50690639125276,722.66,11.0,16.0,5.0,14.517587939698492,1.73227948789172,16.0,5.0,5.0,0.0,5.0,0.0,5.0,138.0,145.0,7.0,139.9748743718593,2.474684982702459,138.0,1.93,2.1,0.17000000000000015,2.0455778894472365,0.05691775460215636,2.1,1.0,2.0,1.0,1.7537688442211057,0.3712027474053684,2.0,0.0,4.0,4.0,2.763819095477387,1.3610767404863513,4.0,10.0,10.0,0.0,10.0,0.0,10.0,0.0,0.0,0.0,0.0,0.0,0.0,11.0,16.0,5.0,14.517587939698492,1.73227948789172,16.0,0.0,1.0,1.0,0.24623115577889446,0.3712027474053685,0.0,0.0,3.0,3.0,1.7587939698492463,0.8661397439458599,2.0,0.0,0.0,0.0,0.0,0.0,0.0,0.0,0.0,0.0,0.0,0.0,0.0,1.0,3.0,2.0,2.0050251256281406,0.49998737405621063,2.0,16.33,34.7633333333,18.4333333333,29.419614740351758,6.446141932434534,34.7633333333,0.0,0.464,0.464,0.23316582914572864,0.23199414156208178,0.464,0.0,0.0,0.0,0.0,0.0,0.0,152.0,225.0,73.0,173.4924623115578,25.36552107270019,152.0,1.7537688442211057,2.763819095477387,10.0,0.0,0.12080304603669091,0.19037729318103153,0.6888196607822776,0.0,8.629923216940622,0.11149797570850219,0.02,1.0,0.0,0.24623115577889446,0.25125628140703515,0.5025125628140703,573.0,,
Angew Chem Int Ed - 2026 - Han - Lead‐Doping Enabled Band Engineering and Phonon Transport Modulation  Key to.pdf,10.1002/anie.2554196,AgSbTe2,AgSbTe2,AgSbTe2,,,,,,body text,Page 5,,0.68,W/m.K,False,47.0,52.0,5.0,50.5,1.75,52.0,65.0,90.0,25.0,82.5,8.75,90.0,107.8682,127.6,19.731799999999993,121.20705,6.669425,127.6,722.66,1234.93,512.2700000000001,896.0074999999999,173.34750000000003,722.66,11.0,16.0,5.0,14.5,1.75,16.0,5.0,5.0,0.0,5.0,0.0,5.0,138.0,145.0,7.0,140.0,2.5,138.0,1.93,2.1,0.17000000000000015,2.045,0.05750000000000005,2.1,1.0,2.0,1.0,1.75,0.375,2.0,0.0,4.0,4.0,2.75,1.375,4.0,10.0,10.0,0.0,10.0,0.0,10.0,0.0,0.0,0.0,0.0,0.0,0.0,11.0,16.0,5.0,14.5,1.75,16.0,0.0,1.0,1.0,0.25,0.375,0.0,0.0,3.0,3.0,1.75,0.875,2.0,0.0,0.0,0.0,0.0,0.0,0.0,0.0,0.0,0.0,0.0,0.0,0.0,1.0,3.0,2.0,2.0,0.5,2.0,16.33,34.7633333333,18.4333333333,29.35416666665,6.512083333324999,34.7633333333,0.0,0.464,0.464,0.232,0.232,0.464,0.0,0.0,0.0,0.0,0.0,0.0,152.0,225.0,73.0,173.75,25.625,152.0,1.75,2.75,10.0,0.0,0.1206896551724138,0.1896551724137931,0.6896551724137931,0.0,8.644719482306641,0.11200000000000014,,0.0,0.0,0.25,0.25,0.5,300.0,,
Angew Chem Int Ed - 2026 - Han - Lead‐Doping Enabled Band Engineering and Phonon Transport Modulation  Key to.pdf,10.1002/anie.2554196,AgSbTe2,AgSbTe2,AgSbTe2,,,,,,body text,Page 5,,0.52,W/m.K,False,47.0,52.0,5.0,50.5,1.75,52.0,65.0,90.0,25.0,82.5,8.75,90.0,107.8682,127.6,19.731799999999993,121.20705,6.669425,127.6,722.66,1234.93,512.2700000000001,896.0074999999999,173.34750000000003,722.66,11.0,16.0,5.0,14.5,1.75,16.0,5.0,5.0,0.0,5.0,0.0,5.0,138.0,145.0,7.0,140.0,2.5,138.0,1.93,2.1,0.17000000000000015,2.045,0.05750000000000005,2.1,1.0,2.0,1.0,1.75,0.375,2.0,0.0,4.0,4.0,2.75,1.375,4.0,10.0,10.0,0.0,10.0,0.0,10.0,0.0,0.0,0.0,0.0,0.0,0.0,11.0,16.0,5.0,14.5,1.75,16.0,0.0,1.0,1.0,0.25,0.375,0.0,0.0,3.0,3.0,1.75,0.875,2.0,0.0,0.0,0.0,0.0,0.0,0.0,0.0,0.0,0.0,0.0,0.0,0.0,1.0,3.0,2.0,2.0,0.5,2.0,16.33,34.7633333333,18.4333333333,29.35416666665,6.512083333324999,34.7633333333,0.0,0.464,0.464,0.232,0.232,0.464,0.0,0.0,0.0,0.0,0.0,0.0,152.0,225.0,73.0,173.75,25.625,152.0,1.75,2.75,10.0,0.0,0.1206896551724138,0.1896551724137931,0.6896551724137931,0.0,8.644719482306641,0.11200000000000014,,0.0,0.0,0.25,0.25,0.5,480.0,,
Angew Chem Int Ed - 2026 - Han - Lead‐Doping Enabled Band Engineering and Phonon Transport Modulation  Key to.pdf,10.1002/anie.2554196,AgSbTe2,Ag0.96Pb0.04Te2,Ag0.96Pb0.04Te2,Pb,0.04,Sb,,Pb (0.04) @ Sb site,body text,,,0.27,W/m.K,False,47.0,82.0,35.0,50.800000000000004,2.4319999999999986,52.0,65.0,90.0,25.0,81.88,10.826666666666668,90.0,107.8682,207.2,99.33179999999999,122.34715733333333,9.26653269333333,127.6,600.61,1234.93,634.32,884.9590666666667,223.98139733333338,722.66,11.0,16.0,5.0,14.373333333333333,2.168888888888889,16.0,5.0,6.0,1.0,5.013333333333333,0.026311111111110546,5.0,138.0,146.0,8.0,140.34666666666666,3.1288888888888877,138.0,1.93,2.33,0.40000000000000013,2.0486666666666666,0.07594666666666676,2.1,1.0,2.0,1.0,1.68,0.43520000000000003,2.0,0.0,4.0,4.0,2.6933333333333334,1.7422222222222221,4.0,10.0,10.0,0.0,10.0,0.0,10.0,0.0,14.0,14.0,0.18666666666666668,0.36835555555555555,0.0,11.0,28.0,17.0,14.56,2.2783999999999995,16.0,0.0,1.0,1.0,0.32,0.43520000000000003,0.0,0.0,4.0,4.0,1.3866666666666667,0.8874666666666666,2.0,0.0,0.0,0.0,0.0,0.0,0.0,0.0,0.0,0.0,0.0,0.0,0.0,1.0,4.0,3.0,1.7066666666666668,0.4522666666666666,2.0,16.33,34.7633333333,18.4333333333,28.77595555553333,7.9831703703555545,34.7633333333,0.0,0.464,0.464,0.30933333333333335,0.20622222222222222,0.464,0.0,0.0,0.0,0.0,0.0,0.0,152.0,225.0,73.0,176.33333333333334,32.44444444444445,152.0,1.68,2.6933333333333334,10.0,0.18666666666666668,0.11538461538461538,0.184981684981685,0.6868131868131868,0.01282051282051282,5.757728370863799,0.17668759811616971,0.04,1.0,0.0,0.32,0.0,0.6666666666666666,623.0,1.0,0.43000000000000005
Band convergence strategy to improve thermoelectric performance in Ti-Doped AgSbTe2.pdf,10.1088/1402-4896/ad3c74,AgSbTe2,Ag1.05Sb0.99Ti0.01Te2,Ag1.05Sb0.99Ti0.01Te2,Ti,0.01,Sb,,Ti (0.01) @ Sb site,body text,,,0.48,W/m.K,False,22.0,52.0,30.0,50.385185185185186,1.895454961133973,52.0,43.0,90.0,47.0,82.18024691358026,9.101758878219776,90.0,47.867,127.6,79.733,120.85992098765432,7.096906788599298,127.6,722.66,1941.0,1218.3400000000001,902.7527654320987,177.86939795762845,722.66,4.0,16.0,12.0,14.42962962962963,1.8298308184727936,16.0,4.0,5.0,1.0,4.997530864197531,0.004926078341716389,5.0,138.0,160.0,22.0,140.11358024691359,2.631903673220548,138.0,1.54,2.1,0.56,2.042320987654321,0.060721109586953155,2.1,1.0,2.0,1.0,1.740740740740741,0.3840877914951989,2.0,0.0,4.0,4.0,2.708641975308642,1.417857033988721,4.0,2.0,10.0,8.0,9.980246913580247,0.03940862673372935,10.0,0.0,0.0,0.0,0.0,0.0,0.0,4.0,16.0,12.0,14.42962962962963,1.8298308184727936,16.0,0.0,1.0,1.0,0.2592592592592593,0.384087791495199,0.0,0.0,3.0,3.0,1.7209876543209877,0.9008626733729616,2.0,0.0,8.0,8.0,0.019753086419753086,0.039408626733729614,0.0,0.0,0.0,0.0,0.0,0.0,0.0,1.0,8.0,7.0,2.0,0.5185185185185186,2.0,16.33,34.7633333333,18.4333333333,29.15665843619753,6.712423675244137,34.7633333333,0.0,0.464,0.464,0.2291358024691358,0.23196463953665605,0.464,0.0,2.25333333333e-05,2.25333333333e-05,5.563786008222222e-08,1.110009652998409e-07,0.0,152.0,225.0,73.0,174.45185185185184,26.306684956561494,152.0,1.740740740740741,2.708641975308642,9.980246913580247,0.0,0.12063655030800823,0.18771389459274468,0.6916495550992471,0.0,8.793377449607608,0.11649140487218755,0.01,1.0,0.0,0.2592592592592593,0.24444444444444446,0.4938271604938272,498.0,1.0,0.15500000000000003
Chen_2012_J._Phys._D__Appl._Phys._45_115302.pdf,10.1088/0022-3727/45/11/115302,Ag0.366Sb0.558Te,0% GeTe,"(Ag0.366Sb0.558Te)1-x(GeTe)x, x=0",Ge,0%,unclear,,Ge (0%) @ unclear site,figure,Fig. 4a,Visually estimated from Fig. 4a,0.55,W/m.K,False,47.0,52.0,5.0,50.75883575883576,1.430076806376183,52.0,65.0,90.0,25.0,83.79417879417879,7.1503840318809155,90.0,107.8682,127.6,19.731799999999993,122.15272411642411,5.66244894342607,127.6,722.66,1234.93,512.2700000000001,872.6370166320166,155.90126469024602,722.66,11.0,16.0,5.0,14.75883575883576,1.4300768063761822,16.0,5.0,5.0,0.0,5.000000000000001,8.881784197001252e-16,5.0,138.0,145.0,7.0,139.62162162162164,2.0462437489464644,138.0,1.93,2.1,0.17000000000000015,2.0531600831600834,0.0486901422452359,2.1,1.0,2.0,1.0,1.80977130977131,0.3080834712851344,2.0,0.0,4.0,4.0,2.9490644490644495,1.121993335091048,4.0,10.0,10.0,0.0,10.000000000000002,1.7763568394002505e-15,10.0,0.0,0.0,0.0,0.0,0.0,0.0,11.0,16.0,5.0,14.75883575883576,1.4300768063761822,16.0,0.0,1.0,1.0,0.19022869022869024,0.3080834712851345,0.0,0.0,3.0,3.0,1.9095634095634098,0.7265074926197587,2.0,0.0,0.0,0.0,0.0,0.0,0.0,0.0,0.0,0.0,0.0,0.0,0.0,1.0,3.0,2.0,2.0997920997921,0.5221580128025035,2.0,16.33,34.7633333333,18.4333333333,30.327751212733887,5.325547758690854,34.7633333333,0.0,0.464,0.464,0.24116424116424118,0.23163800294777429,0.464,0.0,0.0,0.0,0.0,0.0,0.0,152.0,225.0,73.0,169.94698544698545,20.945325703121966,152.0,1.80977130977131,2.9490644490644495,10.000000000000002,0.0,0.12262290463445556,0.199816875616284,0.6775602197492605,0.0,8.437570244035221,0.10159946393814033,0.0,1.0,0.0,0.19022869022869024,0.29002079002079006,0.5197505197505198,300.0,,
Chen_2012_J._Phys._D__Appl._Phys._45_115302.pdf,10.1088/0022-3727/45/11/115302,Ag0.366Sb0.558Te,0% GeTe,"(Ag0.366Sb0.558Te)1-x(GeTe)x, x=0",Ge,0%,unclear,,Ge (0%) @ unclear site,figure,Fig. 4a,Visually estimated from Fig. 4a,0.75,W/m.K,False,47.0,52.0,5.0,50.75883575883576,1.430076806376183,52.0,65.0,90.0,25.0,83.79417879417879,7.1503840318809155,90.0,107.8682,127.6,19.731799999999993,122.15272411642411,5.66244894342607,127.6,722.66,1234.93,512.2700000000001,872.6370166320166,155.90126469024602,722.66,11.0,16.0,5.0,14.75883575883576,1.4300768063761822,16.0,5.0,5.0,0.0,5.000000000000001,8.881784197001252e-16,5.0,138.0,145.0,7.0,139.62162162162164,2.0462437489464644,138.0,1.93,2.1,0.17000000000000015,2.0531600831600834,0.0486901422452359,2.1,1.0,2.0,1.0,1.80977130977131,0.3080834712851344,2.0,0.0,4.0,4.0,2.9490644490644495,1.121993335091048,4.0,10.0,10.0,0.0,10.000000000000002,1.7763568394002505e-15,10.0,0.0,0.0,0.0,0.0,0.0,0.0,11.0,16.0,5.0,14.75883575883576,1.4300768063761822,16.0,0.0,1.0,1.0,0.19022869022869024,0.3080834712851345,0.0,0.0,3.0,3.0,1.9095634095634098,0.7265074926197587,2.0,0.0,0.0,0.0,0.0,0.0,0.0,0.0,0.0,0.0,0.0,0.0,0.0,1.0,3.0,2.0,2.0997920997921,0.5221580128025035,2.0,16.33,34.7633333333,18.4333333333,30.327751212733887,5.325547758690854,34.7633333333,0.0,0.464,0.464,0.24116424116424118,0.23163800294777429,0.464,0.0,0.0,0.0,0.0,0.0,0.0,152.0,225.0,73.0,169.94698544698545,20.945325703121966,152.0,1.80977130977131,2.9490644490644495,10.000000000000002,0.0,0.12262290463445556,0.199816875616284,0.6775602197492605,0.0,8.437570244035221,0.10159946393814033,0.0,1.0,0.0,0.19022869022869024,0.29002079002079006,0.5197505197505198,600.0,,
Drymiotis_2011_J._Phys.__Condens._Matter_23_135305.pdf,10.1088/0953-8984/23/13/135305,Cu0.2Ag2.8SbSeTe2,slow-cooled Cu0.2Ag2.8SbSeTe2,Cu0.2Ag2.8SbSeTe2,,,,,,body text,,,0.6,W/m.K,False,29.0,52.0,23.0,46.628571428571426,4.615510204081635,47.0,64.0,90.0,26.0,78.39999999999999,11.542857142857144,65.0,63.546,127.6,64.054,110.09430857142856,13.336306938775508,107.8682,494.0,1357.77,863.77,938.9225714285714,260.7400816326531,1234.93,11.0,16.0,5.0,13.714285714285714,2.326530612244898,11.0,4.0,5.0,1.0,4.828571428571428,0.2840816326530614,5.0,120.0,145.0,25.0,138.2,5.66857142857143,145.0,1.9,2.55,0.6499999999999999,2.083428571428571,0.14277551020408166,1.93,1.0,2.0,1.0,1.5714285714285714,0.4897959183673469,1.0,0.0,4.0,4.0,2.142857142857143,1.836734693877551,0.0,10.0,10.0,0.0,10.0,0.0,10.0,0.0,0.0,0.0,0.0,0.0,0.0,11.0,16.0,5.0,13.714285714285714,2.326530612244898,11.0,0.0,1.0,1.0,0.42857142857142855,0.4897959183673469,1.0,0.0,3.0,3.0,1.2857142857142858,1.1020408163265305,0.0,0.0,0.0,0.0,0.0,0.0,0.0,0.0,0.0,0.0,0.0,0.0,0.0,1.0,3.0,2.0,1.7142857142857142,0.6122448979591836,1.0,11.07,34.7633333333,23.693333333299996,24.99209523808571,7.725224489787755,16.33,0.0,0.799,0.799,0.24671428571428572,0.2819591836734694,0.0,0.0,0.0,0.0,0.0,0.0,0.0,14.0,225.0,211.0,165.57142857142858,51.06122448979591,225.0,1.5714285714285714,2.142857142857143,10.0,0.0,0.11458333333333334,0.15625,0.7291666666666667,0.0,11.490622848726412,0.27225512528473805,,0.0,0.0,0.39999999999999997,0.14285714285714285,0.2857142857142857,700.0,,
Drymiotis_2011_J._Phys.__Condens._Matter_23_135305.pdf,10.1088/0953-8984/23/13/135305,Cu0.2Ag2.8SbSeTe2,quenched Cu0.2Ag2.8SbSeTe2,Cu0.2Ag2.8SbSeTe2,,,,,,body text,,,0.57,W/m.K,False,29.0,52.0,23.0,46.628571428571426,4.615510204081635,47.0,64.0,90.0,26.0,78.39999999999999,11.542857142857144,65.0,63.546,127.6,64.054,110.09430857142856,13.336306938775508,107.8682,494.0,1357.77,863.77,938.9225714285714,260.7400816326531,1234.93,11.0,16.0,5.0,13.714285714285714,2.326530612244898,11.0,4.0,5.0,1.0,4.828571428571428,0.2840816326530614,5.0,120.0,145.0,25.0,138.2,5.66857142857143,145.0,1.9,2.55,0.6499999999999999,2.083428571428571,0.14277551020408166,1.93,1.0,2.0,1.0,1.5714285714285714,0.4897959183673469,1.0,0.0,4.0,4.0,2.142857142857143,1.836734693877551,0.0,10.0,10.0,0.0,10.0,0.0,10.0,0.0,0.0,0.0,0.0,0.0,0.0,11.0,16.0,5.0,13.714285714285714,2.326530612244898,11.0,0.0,1.0,1.0,0.42857142857142855,0.4897959183673469,1.0,0.0,3.0,3.0,1.2857142857142858,1.1020408163265305,0.0,0.0,0.0,0.0,0.0,0.0,0.0,0.0,0.0,0.0,0.0,0.0,0.0,1.0,3.0,2.0,1.7142857142857142,0.6122448979591836,1.0,11.07,34.7633333333,23.693333333299996,24.99209523808571,7.725224489787755,16.33,0.0,0.799,0.799,0.24671428571428572,0.2819591836734694,0.0,0.0,0.0,0.0,0.0,0.0,0.0,14.0,225.0,211.0,165.57142857142858,51.06122448979591,225.0,1.5714285714285714,2.142857142857143,10.0,0.0,0.11458333333333334,0.15625,0.7291666666666667,0.0,11.490622848726412,0.27225512528473805,,0.0,0.0,0.39999999999999997,0.14285714285714285,0.2857142857142857,680.0,,
Du_2018_Chinese_Phys._B_27_048102.pdf,10.1088/1674-1056/27/4/048102,AgSbTe2-family,(GeTe)80(AgSbSe2)20,(GeTe)80(AgSbSe2)20,AgSbSe2,20%,multiple sites,,AgSbSe2 (20%) @ multiple sites site,text,"page 8, section 4",klat,0.4,W/m.K,False,32.0,52.0,20.0,41.833333333333336,9.166666666666666,32.0,65.0,90.0,25.0,83.66666666666667,6.2222222222222205,79.0,72.64,127.6,54.959999999999994,99.04235000000001,24.295683333333333,72.64,494.0,1234.93,740.9300000000001,905.2458333333333,259.0501388888889,722.66,11.0,16.0,5.0,14.833333333333334,1.1944444444444442,14.0,4.0,5.0,1.0,4.5,0.5,4.0,120.0,145.0,25.0,129.66666666666666,9.666666666666666,120.0,1.93,2.55,0.6199999999999999,2.1266666666666665,0.14111111111111102,2.01,1.0,2.0,1.0,1.9166666666666667,0.1527777777777777,2.0,0.0,4.0,4.0,2.9166666666666665,1.097222222222222,2.0,10.0,10.0,0.0,10.0,0.0,10.0,0.0,0.0,0.0,0.0,0.0,0.0,11.0,16.0,5.0,14.833333333333334,1.1944444444444442,14.0,0.0,1.0,1.0,0.08333333333333333,0.15277777777777776,0.0,0.0,4.0,4.0,2.5833333333333335,1.013888888888889,2.0,0.0,0.0,0.0,0.0,0.0,0.0,0.0,0.0,0.0,0.0,0.0,0.0,1.0,4.0,3.0,2.6666666666666665,0.9444444444444443,2.0,16.33,34.7633333333,18.4333333333,27.566944444433332,5.463101851838887,23.005,0.0,0.799,0.799,0.4155,0.16016666666666665,0.383,0.0,0.0,0.0,0.0,0.0,0.0,14.0,225.0,211.0,160.58333333333334,54.583333333333336,152.0,1.9166666666666667,2.9166666666666665,10.0,0.0,0.12921348314606743,0.19662921348314605,0.6741573033707865,0.0,12.015943966575303,0.24679245283018875,0.2,1.0,0.0,0.08333333333333333,0.08333333333333333,0.3333333333333333,300.0,,
Du_2018_Chinese_Phys._B_27_048102.pdf,10.1088/1674-1056/27/4/048102,AgSbTe2-family,(GeTe)80(AgSbSe2)20,(GeTe)80(AgSbSe2)20,AgSbSe2,20 mol%,unclear,,AgSbSe2 (20 mol%) @ unclear site,figure,Fig. 5c,Visually estimated from Fig. 5c,2.5,W/m.K,False,32.0,52.0,20.0,41.833333333333336,9.166666666666666,32.0,65.0,90.0,25.0,83.66666666666667,6.2222222222222205,79.0,72.64,127.6,54.959999999999994,99.04235000000001,24.295683333333333,72.64,494.0,1234.93,740.9300000000001,905.2458333333333,259.0501388888889,722.66,11.0,16.0,5.0,14.833333333333334,1.1944444444444442,14.0,4.0,5.0,1.0,4.5,0.5,4.0,120.0,145.0,25.0,129.66666666666666,9.666666666666666,120.0,1.93,2.55,0.6199999999999999,2.1266666666666665,0.14111111111111102,2.01,1.0,2.0,1.0,1.9166666666666667,0.1527777777777777,2.0,0.0,4.0,4.0,2.9166666666666665,1.097222222222222,2.0,10.0,10.0,0.0,10.0,0.0,10.0,0.0,0.0,0.0,0.0,0.0,0.0,11.0,16.0,5.0,14.833333333333334,1.1944444444444442,14.0,0.0,1.0,1.0,0.08333333333333333,0.15277777777777776,0.0,0.0,4.0,4.0,2.5833333333333335,1.013888888888889,2.0,0.0,0.0,0.0,0.0,0.0,0.0,0.0,0.0,0.0,0.0,0.0,0.0,1.0,4.0,3.0,2.6666666666666665,0.9444444444444443,2.0,16.33,34.7633333333,18.4333333333,27.566944444433332,5.463101851838887,23.005,0.0,0.799,0.799,0.4155,0.16016666666666665,0.383,0.0,0.0,0.0,0.0,0.0,0.0,14.0,225.0,211.0,160.58333333333334,54.583333333333336,152.0,1.9166666666666667,2.9166666666666665,10.0,0.0,0.12921348314606743,0.19662921348314605,0.6741573033707865,0.0,12.015943966575303,0.24679245283018875,0.2,1.0,0.0,0.08333333333333333,0.08333333333333333,0.3333333333333333,700.0,,
Effect of Ce Substitution for Sb on the Thermoelectric Properties of AgSbTe2 Compound.pdf,10.1007/s11664-014-3076-7,AgSbTe2,AgSbTe2,AgSbTe2,,,,,,body text,Introduction,,0.6499999999999999,W/m.K,False,47.0,52.0,5.0,50.5,1.75,52.0,65.0,90.0,25.0,82.5,8.75,90.0,107.8682,127.6,19.731799999999993,121.20705,6.669425,127.6,722.66,1234.93,512.2700000000001,896.0074999999999,173.34750000000003,722.66,11.0,16.0,5.0,14.5,1.75,16.0,5.0,5.0,0.0,5.0,0.0,5.0,138.0,145.0,7.0,140.0,2.5,138.0,1.93,2.1,0.17000000000000015,2.045,0.05750000000000005,2.1,1.0,2.0,1.0,1.75,0.375,2.0,0.0,4.0,4.0,2.75,1.375,4.0,10.0,10.0,0.0,10.0,0.0,10.0,0.0,0.0,0.0,0.0,0.0,0.0,11.0,16.0,5.0,14.5,1.75,16.0,0.0,1.0,1.0,0.25,0.375,0.0,0.0,3.0,3.0,1.75,0.875,2.0,0.0,0.0,0.0,0.0,0.0,0.0,0.0,0.0,0.0,0.0,0.0,0.0,1.0,3.0,2.0,2.0,0.5,2.0,16.33,34.7633333333,18.4333333333,29.35416666665,6.512083333324999,34.7633333333,0.0,0.464,0.464,0.232,0.232,0.464,0.0,0.0,0.0,0.0,0.0,0.0,152.0,225.0,73.0,173.75,25.625,152.0,1.75,2.75,10.0,0.0,0.1206896551724138,0.1896551724137931,0.6896551724137931,0.0,8.644719482306641,0.11200000000000014,,0.0,0.0,0.25,0.25,0.5,300.0,,
Effect of Ce Substitution for Sb on the Thermoelectric Properties of AgSbTe2 Compound.pdf,10.1007/s11664-014-3076-7,AgSbTe2,AgSbTe2,AgSbTe2,,,,,,figure,Fig. 5a,Visually estimated from Fig. 5a,0.58,W/m.K,False,47.0,52.0,5.0,50.5,1.75,52.0,65.0,90.0,25.0,82.5,8.75,90.0,107.8682,127.6,19.731799999999993,121.20705,6.669425,127.6,722.66,1234.93,512.2700000000001,896.0074999999999,173.34750000000003,722.66,11.0,16.0,5.0,14.5,1.75,16.0,5.0,5.0,0.0,5.0,0.0,5.0,138.0,145.0,7.0,140.0,2.5,138.0,1.93,2.1,0.17000000000000015,2.045,0.05750000000000005,2.1,1.0,2.0,1.0,1.75,0.375,2.0,0.0,4.0,4.0,2.75,1.375,4.0,10.0,10.0,0.0,10.0,0.0,10.0,0.0,0.0,0.0,0.0,0.0,0.0,11.0,16.0,5.0,14.5,1.75,16.0,0.0,1.0,1.0,0.25,0.375,0.0,0.0,3.0,3.0,1.75,0.875,2.0,0.0,0.0,0.0,0.0,0.0,0.0,0.0,0.0,0.0,0.0,0.0,0.0,1.0,3.0,2.0,2.0,0.5,2.0,16.33,34.7633333333,18.4333333333,29.35416666665,6.512083333324999,34.7633333333,0.0,0.464,0.464,0.232,0.232,0.464,0.0,0.0,0.0,0.0,0.0,0.0,152.0,225.0,73.0,173.75,25.625,152.0,1.75,2.75,10.0,0.0,0.1206896551724138,0.1896551724137931,0.6896551724137931,0.0,8.644719482306641,0.11200000000000014,,0.0,0.0,0.25,0.25,0.5,300.0,,
Effect of Ce Substitution for Sb on the Thermoelectric Properties of AgSbTe2 Compound.pdf,10.1007/s11664-014-3076-7,AgSbTe2,AgSbTe2,AgSbTe2,,,,,,figure,Fig. 5a,Visually estimated from Fig. 5a,0.55,W/m.K,False,47.0,52.0,5.0,50.5,1.75,52.0,65.0,90.0,25.0,82.5,8.75,90.0,107.8682,127.6,19.731799999999993,121.20705,6.669425,127.6,722.66,1234.93,512.2700000000001,896.0074999999999,173.34750000000003,722.66,11.0,16.0,5.0,14.5,1.75,16.0,5.0,5.0,0.0,5.0,0.0,5.0,138.0,145.0,7.0,140.0,2.5,138.0,1.93,2.1,0.17000000000000015,2.045,0.05750000000000005,2.1,1.0,2.0,1.0,1.75,0.375,2.0,0.0,4.0,4.0,2.75,1.375,4.0,10.0,10.0,0.0,10.0,0.0,10.0,0.0,0.0,0.0,0.0,0.0,0.0,11.0,16.0,5.0,14.5,1.75,16.0,0.0,1.0,1.0,0.25,0.375,0.0,0.0,3.0,3.0,1.75,0.875,2.0,0.0,0.0,0.0,0.0,0.0,0.0,0.0,0.0,0.0,0.0,0.0,0.0,1.0,3.0,2.0,2.0,0.5,2.0,16.33,34.7633333333,18.4333333333,29.35416666665,6.512083333324999,34.7633333333,0.0,0.464,0.464,0.232,0.232,0.464,0.0,0.0,0.0,0.0,0.0,0.0,152.0,225.0,73.0,173.75,25.625,152.0,1.75,2.75,10.0,0.0,0.1206896551724138,0.1896551724137931,0.6896551724137931,0.0,8.644719482306641,0.11200000000000014,,0.0,0.0,0.25,0.25,0.5,500.0,,
Effects_of_nano-domains_on_thermoelectric_properties_in_telluride_system.pdf,10.1109/NMDC.2011.6155313,AgSbTe2,AgSbTe2,AgSbTe2,,,,,,table,Table I,,0.56,W/m.K,False,47.0,52.0,5.0,50.5,1.75,52.0,65.0,90.0,25.0,82.5,8.75,90.0,107.8682,127.6,19.731799999999993,121.20705,6.669425,127.6,722.66,1234.93,512.2700000000001,896.0074999999999,173.34750000000003,722.66,11.0,16.0,5.0,14.5,1.75,16.0,5.0,5.0,0.0,5.0,0.0,5.0,138.0,145.0,7.0,140.0,2.5,138.0,1.93,2.1,0.17000000000000015,2.045,0.05750000000000005,2.1,1.0,2.0,1.0,1.75,0.375,2.0,0.0,4.0,4.0,2.75,1.375,4.0,10.0,10.0,0.0,10.0,0.0,10.0,0.0,0.0,0.0,0.0,0.0,0.0,11.0,16.0,5.0,14.5,1.75,16.0,0.0,1.0,1.0,0.25,0.375,0.0,0.0,3.0,3.0,1.75,0.875,2.0,0.0,0.0,0.0,0.0,0.0,0.0,0.0,0.0,0.0,0.0,0.0,0.0,1.0,3.0,2.0,2.0,0.5,2.0,16.33,34.7633333333,18.4333333333,29.35416666665,6.512083333324999,34.7633333333,0.0,0.464,0.464,0.232,0.232,0.464,0.0,0.0,0.0,0.0,0.0,0.0,152.0,225.0,73.0,173.75,25.625,152.0,1.75,2.75,10.0,0.0,0.1206896551724138,0.1896551724137931,0.6896551724137931,0.0,8.644719482306641,0.11200000000000014,,0.0,0.0,0.25,0.25,0.5,623.0,,
Enhanced Thermoelectric Properties of AgSb1–xPbxBiySe2 Achieved via Microwave Smelting Combined with Spark Plasma Sintering.pdf,10.1021/acsami.4c20502,AgSbSe2,AgSb1-xPbxSe2 (x=0.05),AgSb0.95Pb0.05Se2,Pb,0.05,Sb,,Pb (0.05) @ Sb site,body text,,,0.405,W/m.K,False,34.0,82.0,48.0,41.887499999999996,7.887499999999999,34.0,65.0,89.0,24.0,81.95,8.498749999999998,89.0,78.96,207.2,128.24,97.95505,18.995050000000006,78.96,494.0,1234.93,740.9300000000001,777.8878749999999,288.319821875,494.0,11.0,16.0,5.0,14.4875,1.7559374999999997,16.0,4.0,6.0,2.0,4.5125,0.5125,4.0,120.0,146.0,26.0,131.08749999999998,11.087499999999999,120.0,1.93,2.55,0.6199999999999999,2.2735,0.27791249999999995,2.55,1.0,2.0,1.0,1.75,0.375,2.0,0.0,4.0,4.0,2.7375,1.3871875,4.0,10.0,10.0,0.0,10.0,0.0,10.0,0.0,14.0,14.0,0.17500000000000002,0.34562500000000007,0.0,11.0,28.0,17.0,14.6625,1.8312500000000003,16.0,0.0,1.0,1.0,0.25,0.375,0.0,0.0,4.0,4.0,1.7625,0.88125,2.0,0.0,0.0,0.0,0.0,0.0,0.0,0.0,0.0,0.0,0.0,0.0,0.0,1.0,4.0,3.0,2.0125,0.51875,2.0,16.33,31.56,15.23,24.889375,4.2796875000000005,25.92,0.0,0.799,0.799,0.3995,0.3995,0.799,0.0,0.0,0.0,0.0,0.0,0.0,14.0,225.0,211.0,105.4875,91.4875,14.0,1.75,2.7375,10.0,0.17500000000000002,0.11935208866155159,0.1867007672634271,0.6820119352088662,0.011935208866155159,9.05735637478225,0.4674195146111937,0.05,1.0,0.0,0.25,0.2375,0.0,673.0,1.0,0.43000000000000005
Enhanced Thermoelectric Properties of AgSb1–xPbxBiySe2 Achieved via Microwave Smelting Combined with Spark Plasma Sintering.pdf,10.1021/acsami.4c20502,AgSbSe2,AgSb1-xPbxSe2 (x=0),AgSbSe2,,,,,,figure,Figure 2e,Visually estimated from Figure 2e,0.54,W/m.K,False,34.0,51.0,17.0,41.5,7.5,34.0,65.0,89.0,24.0,82.0,8.5,89.0,78.96,121.76,42.80000000000001,96.88704999999999,17.927050000000005,78.96,494.0,1234.93,740.9300000000001,781.6775,287.6775,494.0,11.0,16.0,5.0,14.5,1.75,16.0,4.0,5.0,1.0,4.5,0.5,4.0,120.0,145.0,25.0,131.0,11.0,120.0,1.93,2.55,0.6199999999999999,2.2699999999999996,0.27999999999999997,2.55,1.0,2.0,1.0,1.75,0.375,2.0,0.0,4.0,4.0,2.75,1.375,4.0,10.0,10.0,0.0,10.0,0.0,10.0,0.0,0.0,0.0,0.0,0.0,0.0,11.0,16.0,5.0,14.5,1.75,16.0,0.0,1.0,1.0,0.25,0.375,0.0,0.0,3.0,3.0,1.75,0.875,2.0,0.0,0.0,0.0,0.0,0.0,0.0,0.0,0.0,0.0,0.0,0.0,0.0,1.0,3.0,2.0,2.0,0.5,2.0,16.33,31.56,15.23,24.9325,4.3012500000000005,25.92,0.0,0.799,0.799,0.3995,0.3995,0.799,0.0,0.0,0.0,0.0,0.0,0.0,14.0,225.0,211.0,104.75,90.75,14.0,1.75,2.75,10.0,0.0,0.1206896551724138,0.1896551724137931,0.6896551724137931,0.0,8.644719482306641,0.47199999999999986,,0.0,0.0,0.25,0.25,0.0,300.0,,
Enhanced Thermoelectric Properties of AgSb1–xPbxBiySe2 Achieved via Microwave Smelting Combined with Spark Plasma Sintering.pdf,10.1021/acsami.4c20502,AgSbSe2,AgSb1-xPbxSe2 (x=0.05),AgSb0.95Pb0.05Se2,Pb,x=0.05,Sb,,Pb (x=0.05) @ Sb site,figure,Figure 2e,Visually estimated from Figure 2e,0.48,W/m.K,False,34.0,82.0,48.0,41.887499999999996,7.887499999999999,34.0,65.0,89.0,24.0,81.95,8.498749999999998,89.0,78.96,207.2,128.24,97.95505,18.995050000000006,78.96,494.0,1234.93,740.9300000000001,777.8878749999999,288.319821875,494.0,11.0,16.0,5.0,14.4875,1.7559374999999997,16.0,4.0,6.0,2.0,4.5125,0.5125,4.0,120.0,146.0,26.0,131.08749999999998,11.087499999999999,120.0,1.93,2.55,0.6199999999999999,2.2735,0.27791249999999995,2.55,1.0,2.0,1.0,1.75,0.375,2.0,0.0,4.0,4.0,2.7375,1.3871875,4.0,10.0,10.0,0.0,10.0,0.0,10.0,0.0,14.0,14.0,0.17500000000000002,0.34562500000000007,0.0,11.0,28.0,17.0,14.6625,1.8312500000000003,16.0,0.0,1.0,1.0,0.25,0.375,0.0,0.0,4.0,4.0,1.7625,0.88125,2.0,0.0,0.0,0.0,0.0,0.0,0.0,0.0,0.0,0.0,0.0,0.0,0.0,1.0,4.0,3.0,2.0125,0.51875,2.0,16.33,31.56,15.23,24.889375,4.2796875000000005,25.92,0.0,0.799,0.799,0.3995,0.3995,0.799,0.0,0.0,0.0,0.0,0.0,0.0,14.0,225.0,211.0,105.4875,91.4875,14.0,1.75,2.7375,10.0,0.17500000000000002,0.11935208866155159,0.1867007672634271,0.6820119352088662,0.011935208866155159,9.05735637478225,0.4674195146111937,0.05,1.0,0.0,0.25,0.2375,0.0,300.0,1.0,0.43000000000000005
Enhanced thermoelectric composite performance from graphene nanosheets additives in AgSbTe2 matrix.pdf,10.1016/j.ceramint.2022.06.092,AgSbTe2,AgSbTe2,AgSbTe2,,,,,,figure,Fig. 8a,Visually estimated from Fig. 8a,0.55,W/m.K,False,47.0,52.0,5.0,50.5,1.75,52.0,65.0,90.0,25.0,82.5,8.75,90.0,107.8682,127.6,19.731799999999993,121.20705,6.669425,127.6,722.66,1234.93,512.2700000000001,896.0074999999999,173.34750000000003,722.66,11.0,16.0,5.0,14.5,1.75,16.0,5.0,5.0,0.0,5.0,0.0,5.0,138.0,145.0,7.0,140.0,2.5,138.0,1.93,2.1,0.17000000000000015,2.045,0.05750000000000005,2.1,1.0,2.0,1.0,1.75,0.375,2.0,0.0,4.0,4.0,2.75,1.375,4.0,10.0,10.0,0.0,10.0,0.0,10.0,0.0,0.0,0.0,0.0,0.0,0.0,11.0,16.0,5.0,14.5,1.75,16.0,0.0,1.0,1.0,0.25,0.375,0.0,0.0,3.0,3.0,1.75,0.875,2.0,0.0,0.0,0.0,0.0,0.0,0.0,0.0,0.0,0.0,0.0,0.0,0.0,1.0,3.0,2.0,2.0,0.5,2.0,16.33,34.7633333333,18.4333333333,29.35416666665,6.512083333324999,34.7633333333,0.0,0.464,0.464,0.232,0.232,0.464,0.0,0.0,0.0,0.0,0.0,0.0,152.0,225.0,73.0,173.75,25.625,152.0,1.75,2.75,10.0,0.0,0.1206896551724138,0.1896551724137931,0.6896551724137931,0.0,8.644719482306641,0.11200000000000014,,0.0,0.0,0.25,0.25,0.5,300.0,,
Enhanced thermoelectric composite performance from graphene nanosheets additives in AgSbTe2 matrix.pdf,10.1016/j.ceramint.2022.06.092,AgSbTe2,AgSbTe2,AgSbTe2,,,,,,figure,Fig. 8a,Visually estimated from Fig. 8a,0.44,W/m.K,False,47.0,52.0,5.0,50.5,1.75,52.0,65.0,90.0,25.0,82.5,8.75,90.0,107.8682,127.6,19.731799999999993,121.20705,6.669425,127.6,722.66,1234.93,512.2700000000001,896.0074999999999,173.34750000000003,722.66,11.0,16.0,5.0,14.5,1.75,16.0,5.0,5.0,0.0,5.0,0.0,5.0,138.0,145.0,7.0,140.0,2.5,138.0,1.93,2.1,0.17000000000000015,2.045,0.05750000000000005,2.1,1.0,2.0,1.0,1.75,0.375,2.0,0.0,4.0,4.0,2.75,1.375,4.0,10.0,10.0,0.0,10.0,0.0,10.0,0.0,0.0,0.0,0.0,0.0,0.0,11.0,16.0,5.0,14.5,1.75,16.0,0.0,1.0,1.0,0.25,0.375,0.0,0.0,3.0,3.0,1.75,0.875,2.0,0.0,0.0,0.0,0.0,0.0,0.0,0.0,0.0,0.0,0.0,0.0,0.0,1.0,3.0,2.0,2.0,0.5,2.0,16.33,34.7633333333,18.4333333333,29.35416666665,6.512083333324999,34.7633333333,0.0,0.464,0.464,0.232,0.232,0.464,0.0,0.0,0.0,0.0,0.0,0.0,152.0,225.0,73.0,173.75,25.625,152.0,1.75,2.75,10.0,0.0,0.1206896551724138,0.1896551724137931,0.6896551724137931,0.0,8.644719482306641,0.11200000000000014,,0.0,0.0,0.25,0.25,0.5,500.0,,
Enhanced thermoelectric performance in Bi-doped p-type AgSbTe2 compounds.pdf,10.1063/1.4828478,AgSbTe2,AgBi0.05Sb0.95Te2,AgBi0.05Sb0.95Te2,Bi,0.05,Sb,,Bi (0.05) @ Sb site,body text,,,0.48,W/m.K,False,47.0,83.0,36.0,50.9,1.9500000000000008,52.0,65.0,90.0,25.0,82.5125,8.756249999999998,90.0,107.8682,208.9804,101.1122,122.297305,7.469772374999995,127.6,544.4,1234.93,690.5300000000001,891.5152499999999,177.53313125,722.66,11.0,16.0,5.0,14.5,1.75,16.0,5.0,6.0,1.0,5.0125,0.024687500000000175,5.0,138.0,148.0,10.0,140.1125,2.640937500000005,138.0,1.93,2.1,0.17000000000000015,2.044625,0.05792812500000005,2.1,1.0,2.0,1.0,1.75,0.375,2.0,0.0,4.0,4.0,2.75,1.375,4.0,10.0,10.0,0.0,10.0,0.0,10.0,0.0,14.0,14.0,0.17500000000000002,0.34562500000000007,0.0,11.0,29.0,18.0,14.675,1.8374999999999997,16.0,0.0,1.0,1.0,0.25,0.375,0.0,0.0,3.0,3.0,1.75,0.875,2.0,0.0,0.0,0.0,0.0,0.0,0.0,0.0,0.0,0.0,0.0,0.0,0.0,1.0,3.0,2.0,2.0,0.5,2.0,16.33,34.7633333333,18.4333333333,29.371541666649996,6.520770833325001,34.7633333333,0.0,0.464,0.464,0.232,0.232,0.464,0.0,0.0,0.0,0.0,0.0,0.0,12.0,225.0,213.0,171.825,26.587499999999995,152.0,1.75,2.75,10.0,0.17500000000000002,0.11925042589437819,0.18739352640545143,0.6814310051107325,0.01192504258943782,9.05735637478225,0.111525507677068,0.05,1.0,0.0,0.25,0.2375,0.5,510.0,0.0,0.2699999999999999
Enhanced thermoelectric performance of p-type sintered BiSbTe-based composites with AgSbTe2 addition.pdf,10.1016/j.ceramint.2020.08.182,BST (Bi0.5Sb1.5Te3) with AgSbTe2 addition,BST-0 wt% AgSbTe2,Bi0.48Sb1.52Te3,AgSbTe2,0 wt%,unclear,,AgSbTe2 (0 wt%) @ unclear site,body text,,minimum value,1.37,W/m.K,False,51.0,83.0,32.0,54.672000000000004,5.438976000000003,52.0,85.0,90.0,5.0,88.096,2.2847999999999993,90.0,121.76,208.9804,87.2204,133.6371584,14.465902387200007,127.6,544.4,903.78,359.38,760.6075199999999,87.04886783999999,722.66,15.0,16.0,1.0,15.6,0.4800000000000001,16.0,5.0,6.0,1.0,5.096,0.17356800000000006,5.0,138.0,148.0,10.0,139.26399999999998,1.677311999999985,138.0,2.02,2.1,0.08000000000000007,2.07712,0.027456000000000137,2.1,2.0,2.0,0.0,2.0,0.0,2.0,3.0,4.0,1.0,3.6,0.48,4.0,10.0,10.0,0.0,10.0,0.0,10.0,0.0,14.0,14.0,1.3439999999999999,2.429952,0.0,15.0,29.0,14.0,16.944,2.3147519999999995,16.0,0.0,0.0,0.0,0.0,0.0,0.0,2.0,3.0,1.0,2.4,0.48,2.0,0.0,0.0,0.0,0.0,0.0,0.0,0.0,0.0,0.0,0.0,0.0,0.0,2.0,3.0,1.0,2.4,0.48,2.0,31.56,34.7633333333,3.203333333299998,33.61543999998,1.3774719999839986,34.7633333333,0.0,0.464,0.464,0.27840000000000004,0.22271999999999997,0.464,0.0,0.0,0.0,0.0,0.0,0.0,12.0,166.0,154.0,142.81599999999997,25.116672000000023,152.0,2.0,3.6,10.0,1.3439999999999999,0.11803588290840417,0.21246458923512748,0.5901794145420208,0.07932011331444759,7.428503731470032,0.054251069900142834,0.0,1.0,0.0,0.0,0.304,0.6,300.0,,
Enhanced thermoelectric performance of.pdf,10.1063/1.3106102,AgSbTe2,HPHT synthesized AgSbTe2,AgSbTe2,,,,,,body text,"Page 4, Section III",,0.76,W/m.K,False,47.0,52.0,5.0,50.5,1.75,52.0,65.0,90.0,25.0,82.5,8.75,90.0,107.8682,127.6,19.731799999999993,121.20705,6.669425,127.6,722.66,1234.93,512.2700000000001,896.0074999999999,173.34750000000003,722.66,11.0,16.0,5.0,14.5,1.75,16.0,5.0,5.0,0.0,5.0,0.0,5.0,138.0,145.0,7.0,140.0,2.5,138.0,1.93,2.1,0.17000000000000015,2.045,0.05750000000000005,2.1,1.0,2.0,1.0,1.75,0.375,2.0,0.0,4.0,4.0,2.75,1.375,4.0,10.0,10.0,0.0,10.0,0.0,10.0,0.0,0.0,0.0,0.0,0.0,0.0,11.0,16.0,5.0,14.5,1.75,16.0,0.0,1.0,1.0,0.25,0.375,0.0,0.0,3.0,3.0,1.75,0.875,2.0,0.0,0.0,0.0,0.0,0.0,0.0,0.0,0.0,0.0,0.0,0.0,0.0,1.0,3.0,2.0,2.0,0.5,2.0,16.33,34.7633333333,18.4333333333,29.35416666665,6.512083333324999,34.7633333333,0.0,0.464,0.464,0.232,0.232,0.464,0.0,0.0,0.0,0.0,0.0,0.0,152.0,225.0,73.0,173.75,25.625,152.0,1.75,2.75,10.0,0.0,0.1206896551724138,0.1896551724137931,0.6896551724137931,0.0,8.644719482306641,0.11200000000000014,,0.0,0.0,0.25,0.25,0.5,300.0,,
Enhanced thermoelectric performance of.pdf,10.1063/1.3106102,AgSbTe2,AgSbTe2 synthesized by HPHT,AgSbTe2,,,,,,text,body text,Explicitly stated in text,0.76,W/m.K,False,47.0,52.0,5.0,50.5,1.75,52.0,65.0,90.0,25.0,82.5,8.75,90.0,107.8682,127.6,19.731799999999993,121.20705,6.669425,127.6,722.66,1234.93,512.2700000000001,896.0074999999999,173.34750000000003,722.66,11.0,16.0,5.0,14.5,1.75,16.0,5.0,5.0,0.0,5.0,0.0,5.0,138.0,145.0,7.0,140.0,2.5,138.0,1.93,2.1,0.17000000000000015,2.045,0.05750000000000005,2.1,1.0,2.0,1.0,1.75,0.375,2.0,0.0,4.0,4.0,2.75,1.375,4.0,10.0,10.0,0.0,10.0,0.0,10.0,0.0,0.0,0.0,0.0,0.0,0.0,11.0,16.0,5.0,14.5,1.75,16.0,0.0,1.0,1.0,0.25,0.375,0.0,0.0,3.0,3.0,1.75,0.875,2.0,0.0,0.0,0.0,0.0,0.0,0.0,0.0,0.0,0.0,0.0,0.0,0.0,1.0,3.0,2.0,2.0,0.5,2.0,16.33,34.7633333333,18.4333333333,29.35416666665,6.512083333324999,34.7633333333,0.0,0.464,0.464,0.232,0.232,0.464,0.0,0.0,0.0,0.0,0.0,0.0,152.0,225.0,73.0,173.75,25.625,152.0,1.75,2.75,10.0,0.0,0.1206896551724138,0.1896551724137931,0.6896551724137931,0.0,8.644719482306641,0.11200000000000014,,0.0,0.0,0.25,0.25,0.5,300.0,,
Entropy engineering enhances the thermoelectric performance and microhardness of (GeTe)1−x(AgSb0.5Bi0.5Te2)x.pdf,10.1007/s40843-022-2211-8,GeTe-AgSbTe2-AgBiTe2 system,(GeTe)0.70(AgSb0.5Bi0.5Te2)0.30,(GeTe)0.70(AgSb0.5Bi0.5Te2)0.30,Bi,50% of Sb,Sb,,Bi (50% of Sb) @ Sb site,body text,,,0.72,W/m.K,False,32.0,83.0,51.0,47.769230769230774,8.668639053254436,52.0,65.0,90.0,25.0,83.63461538461539,6.79585798816568,90.0,72.64,208.9804,136.3404,114.88443076923076,24.366131360946746,127.6,544.4,1234.93,690.5300000000001,913.5169230769231,234.57082840236694,722.66,11.0,16.0,5.0,14.769230769230768,1.2840236686390536,16.0,4.0,6.0,2.0,4.788461538461539,0.42455621301775115,5.0,120.0,148.0,28.0,134.59615384615387,7.859467455621291,138.0,1.93,2.1,0.17000000000000015,2.0486538461538464,0.05150147928994091,2.1,1.0,2.0,1.0,1.8846153846153846,0.2041420118343196,2.0,0.0,4.0,4.0,2.884615384615385,1.1420118343195267,4.0,10.0,10.0,0.0,10.000000000000002,1.7763568394002505e-15,10.0,0.0,14.0,14.0,0.8076923076923078,1.5221893491124263,0.0,11.0,29.0,18.0,15.576923076923077,1.9718934911242607,16.0,0.0,1.0,1.0,0.11538461538461539,0.2041420118343196,0.0,0.0,4.0,4.0,2.4230769230769234,0.9822485207100594,2.0,0.0,0.0,0.0,0.0,0.0,0.0,0.0,0.0,0.0,0.0,0.0,0.0,1.0,4.0,3.0,2.5384615384615388,0.893491124260355,2.0,16.33,34.7633333333,18.4333333333,29.181282051265377,6.291370808665682,34.7633333333,0.0,0.464,0.464,0.33511538461538465,0.15466863905325445,0.464,0.0,0.0,0.0,0.0,0.0,0.0,12.0,225.0,213.0,172.80769230769232,40.14792899408285,152.0,1.8846153846153846,2.884615384615385,10.000000000000002,0.8076923076923078,0.12098765432098765,0.1851851851851852,0.6419753086419754,0.051851851851851864,10.62734308805415,0.09256467941507329,0.5,1.0,0.0,0.11538461538461539,0.057692307692307696,0.5,300.0,0.0,0.2699999999999999
Entropy engineering enhances the thermoelectric performance and microhardness of (GeTe)1−x(AgSb0.5Bi0.5Te2)x.pdf,10.1007/s40843-022-2211-8,GeTe-AgSbTe2-AgBiTe2 system,(GeTe)0.70(AgSb0.5Bi0.5Te2)0.30,(GeTe)0.70(AgSb0.5Bi0.5Te2)0.30,Bi,50% of Sb,Sb,,Bi (50% of Sb) @ Sb site,body text,,,0.82,W/m.K,False,32.0,83.0,51.0,47.769230769230774,8.668639053254436,52.0,65.0,90.0,25.0,83.63461538461539,6.79585798816568,90.0,72.64,208.9804,136.3404,114.88443076923076,24.366131360946746,127.6,544.4,1234.93,690.5300000000001,913.5169230769231,234.57082840236694,722.66,11.0,16.0,5.0,14.769230769230768,1.2840236686390536,16.0,4.0,6.0,2.0,4.788461538461539,0.42455621301775115,5.0,120.0,148.0,28.0,134.59615384615387,7.859467455621291,138.0,1.93,2.1,0.17000000000000015,2.0486538461538464,0.05150147928994091,2.1,1.0,2.0,1.0,1.8846153846153846,0.2041420118343196,2.0,0.0,4.0,4.0,2.884615384615385,1.1420118343195267,4.0,10.0,10.0,0.0,10.000000000000002,1.7763568394002505e-15,10.0,0.0,14.0,14.0,0.8076923076923078,1.5221893491124263,0.0,11.0,29.0,18.0,15.576923076923077,1.9718934911242607,16.0,0.0,1.0,1.0,0.11538461538461539,0.2041420118343196,0.0,0.0,4.0,4.0,2.4230769230769234,0.9822485207100594,2.0,0.0,0.0,0.0,0.0,0.0,0.0,0.0,0.0,0.0,0.0,0.0,0.0,1.0,4.0,3.0,2.5384615384615388,0.893491124260355,2.0,16.33,34.7633333333,18.4333333333,29.181282051265377,6.291370808665682,34.7633333333,0.0,0.464,0.464,0.33511538461538465,0.15466863905325445,0.464,0.0,0.0,0.0,0.0,0.0,0.0,12.0,225.0,213.0,172.80769230769232,40.14792899408285,152.0,1.8846153846153846,2.884615384615385,10.000000000000002,0.8076923076923078,0.12098765432098765,0.1851851851851852,0.6419753086419754,0.051851851851851864,10.62734308805415,0.09256467941507329,0.5,1.0,0.0,0.11538461538461539,0.057692307692307696,0.5,573.0,0.0,0.2699999999999999
Excellent thermoelectric performance achieved over broad temperature plateau in indium-doped SnTe-AgSbTe2 alloys.pdf,10.1063/1.5018477,SnTe-AgSbTe2,"(Sn0.995In0.005Te)1-x(Ag0.366Sb0.558Te)x, x=0.05",(Sn0.995In0.005Te)0.95(Ag0.366Sb0.558Te)0.05,In,0.005,Sn,Ag (0.05 * 0.366) @ multiple sites; Sb (0.05 * 0.558) @ multiple sites,In (0.005) @ Sn site; Ag (0.05 * 0.366) @ multiple sites site; Sb (0.05 * 0.558) @ multiple sites site,figure,,Visually estimated from Fig. 4d,1.8,W/m.K,False,47.0,52.0,5.0,50.985998396954216,1.0163232619685045,52.0,65.0,90.0,25.0,84.92999198477106,5.081616309842523,90.0,107.8682,127.6,19.731799999999993,123.09743766155695,4.51113349207799,127.6,429.75,1234.93,805.1800000000001,626.1611379120328,115.60454715602766,722.66,11.0,16.0,5.0,14.985998396954214,1.0163232619685045,16.0,5.0,5.0,0.0,5.0,0.0,5.0,138.0,145.0,7.0,138.56119126340047,0.5622595565579209,138.0,1.78,2.1,0.32000000000000006,2.0306878068329826,0.06998397290489647,2.1,1.0,2.0,1.0,1.9908325819056207,0.01816675307972428,2.0,0.0,4.0,4.0,2.9951658150485923,1.0068821347676102,4.0,10.0,10.0,0.0,10.0,0.0,10.0,0.0,0.0,0.0,0.0,0.0,0.0,11.0,16.0,5.0,14.985998396954214,1.0163232619685045,16.0,0.0,1.0,1.0,0.00916741809437932,0.018166753079724336,0.0,0.0,5.0,5.0,2.949829676385132,1.0057224320839393,2.0,0.0,0.0,0.0,0.0,0.0,0.0,0.0,0.0,0.0,0.0,0.0,0.0,1.0,5.0,4.0,2.9589970944795114,0.9967405483503519,2.0,16.33,34.7633333333,18.4333333333,33.82455544699929,0.9405649597241773,34.7633333333,0.0,0.464,0.464,0.23244163911431723,0.23199915928833065,0.464,0.0,0.0,0.0,0.0,0.0,0.0,139.0,225.0,86.0,147.62518785692816,6.315427776857784,152.0,1.9908325819056207,2.9951658150485923,10.0,0.0,0.13284617608862428,0.1998642823595481,0.6672895415518275,0.0,6.795730248791316,0.1360377322631075,0.005,3.0,1.0,0.00916741809437932,0.013976555455365197,0.5009518084360285,873.0,,
Excellent thermoelectric performance achieved over broad temperature plateau in indium-doped SnTe-AgSbTe2 alloys.pdf,10.1063/1.5018477,SnTe-AgSbTe2,"(Sn0.995In0.005Te)1-x(Ag0.366Sb0.558Te)x, x=0.20",(Sn0.995In0.005Te)0.8(Ag0.366Sb0.558Te)0.2,In,0.005,Sn,Ag (0.2 * 0.366) @ multiple sites; Sb (0.2 * 0.558) @ multiple sites,In (0.005) @ Sn site; Ag (0.2 * 0.366) @ multiple sites site; Sb (0.2 * 0.558) @ multiple sites site,figure,,Visually estimated from Fig. 4d,1.2,W/m.K,False,47.0,52.0,5.0,50.951229343006865,1.062286842315177,52.0,65.0,90.0,25.0,84.75614671503428,5.311434211575892,90.0,107.8682,127.6,19.731799999999993,122.9528417170496,4.682747161376887,127.6,429.75,1234.93,805.1800000000001,663.8862374042725,128.3215537317795,722.66,11.0,16.0,5.0,14.951229343006851,1.062286842315179,16.0,5.0,5.0,0.0,5.0,0.0,5.0,138.0,145.0,7.0,138.7234985892785,0.7290392878663006,138.0,1.78,2.1,0.32000000000000006,2.0341273679967755,0.0681620493095369,2.1,1.0,2.0,1.0,1.9631197097944377,0.07104026879983157,2.0,0.0,4.0,4.0,2.9881096332124146,1.0209767550595328,4.0,10.0,10.0,0.0,10.0,0.0,10.0,0.0,0.0,0.0,0.0,0.0,0.0,11.0,16.0,5.0,14.951229343006851,1.062286842315179,16.0,0.0,1.0,1.0,0.03688029020556228,0.07104026879983157,0.0,0.0,5.0,5.0,2.7906086255542126,1.0025001782998595,2.0,0.0,0.0,0.0,0.0,0.0,0.0,0.0,0.0,0.0,0.0,0.0,0.0,1.0,5.0,4.0,2.827488915759775,0.9686226364302599,2.0,16.33,34.7633333333,18.4333333333,33.289341663291005,1.4852797964621003,34.7633333333,0.0,0.464,0.464,0.23377670294236197,0.23198639364937332,0.464,0.0,0.0,0.0,0.0,0.0,0.0,139.0,225.0,86.0,151.04171704957682,8.102956106067534,152.0,1.9631197097944377,2.9881096332124146,10.0,0.0,0.13130155820348305,0.1998571197498248,0.6688413220466922,0.0,8.379898403275396,0.12430573218831958,0.005,3.0,1.0,0.03688029020556228,0.056227327690447415,0.5038291011688836,873.0,,
Ge-induced cation ordering for enhanced thermoelectric performance in AgSbTe2.pdf,10.1039/d5ta10429g,AgSbTe2,AgSbTe2,AgSbTe2,,,,,,text,Thermal transport section,,0.49,W/m.K,False,47.0,52.0,5.0,50.5,1.75,52.0,65.0,90.0,25.0,82.5,8.75,90.0,107.8682,127.6,19.731799999999993,121.20705,6.669425,127.6,722.66,1234.93,512.2700000000001,896.0074999999999,173.34750000000003,722.66,11.0,16.0,5.0,14.5,1.75,16.0,5.0,5.0,0.0,5.0,0.0,5.0,138.0,145.0,7.0,140.0,2.5,138.0,1.93,2.1,0.17000000000000015,2.045,0.05750000000000005,2.1,1.0,2.0,1.0,1.75,0.375,2.0,0.0,4.0,4.0,2.75,1.375,4.0,10.0,10.0,0.0,10.0,0.0,10.0,0.0,0.0,0.0,0.0,0.0,0.0,11.0,16.0,5.0,14.5,1.75,16.0,0.0,1.0,1.0,0.25,0.375,0.0,0.0,3.0,3.0,1.75,0.875,2.0,0.0,0.0,0.0,0.0,0.0,0.0,0.0,0.0,0.0,0.0,0.0,0.0,1.0,3.0,2.0,2.0,0.5,2.0,16.33,34.7633333333,18.4333333333,29.35416666665,6.512083333324999,34.7633333333,0.0,0.464,0.464,0.232,0.232,0.464,0.0,0.0,0.0,0.0,0.0,0.0,152.0,225.0,73.0,173.75,25.625,152.0,1.75,2.75,10.0,0.0,0.1206896551724138,0.1896551724137931,0.6896551724137931,0.0,8.644719482306641,0.11200000000000014,,0.0,0.0,0.25,0.25,0.5,300.0,,
Ge-induced cation ordering for enhanced thermoelectric performance in AgSbTe2.pdf,10.1039/d5ta10429g,AgSbTe2,AgSb0.94Ge0.06Te2,AgSb0.94Ge0.06Te2,Ge,0.06,Sb,,Ge (0.06) @ Sb site,text,Thermal transport section,,0.59,W/m.K,False,32.0,52.0,20.0,50.215,2.1539499999999983,52.0,65.0,90.0,25.0,82.41,8.807300000000001,90.0,72.64,127.6,54.959999999999994,120.47025,7.735932500000001,127.6,722.66,1234.93,512.2700000000001,900.6218000000001,177.96180000000004,722.66,11.0,16.0,5.0,14.485,1.7570500000000004,16.0,4.0,5.0,1.0,4.984999999999999,0.02955000000000055,5.0,120.0,145.0,25.0,139.71499999999997,2.6424999999999876,138.0,1.93,2.1,0.17000000000000015,2.0444,0.05823200000000002,2.1,1.0,2.0,1.0,1.75,0.375,2.0,0.0,4.0,4.0,2.735,1.3895499999999998,4.0,10.0,10.0,0.0,10.0,0.0,10.0,0.0,0.0,0.0,0.0,0.0,0.0,11.0,16.0,5.0,14.485,1.7570500000000004,16.0,0.0,1.0,1.0,0.25,0.375,0.0,0.0,4.0,4.0,1.765,0.8825000000000001,2.0,0.0,0.0,0.0,0.0,0.0,0.0,0.0,0.0,0.0,0.0,0.0,0.0,1.0,4.0,3.0,2.0149999999999997,0.5224999999999999,2.0,16.33,34.7633333333,18.4333333333,29.22584166665,6.6345460833245,34.7633333333,0.0,0.464,0.464,0.237745,0.23061265,0.464,0.0,0.0,0.0,0.0,0.0,0.0,152.0,225.0,73.0,174.635,26.693449999999995,152.0,1.75,2.735,10.0,0.0,0.12081463583016915,0.18881601656886435,0.6903693476009666,0.0,9.11649772763948,0.111671544972708,0.06,1.0,0.0,0.25,0.235,0.5,300.0,1.0,0.030000000000000027
Glassy thermal conductivity in the two-phase CuxAg3−xSbSeTe2 alloy and high temperature thermoelectric behavior.pdf,10.1088/0953-8984/22/3/035801,AgSbTe2,x=0,Ag3SbSeTe2,Se,stoichiometric,unclear,,Se (stoichiometric) @ unclear site,body text,Section 3,,0.67,W/m.K,False,34.0,52.0,18.0,47.142857142857146,3.8775510204081636,47.0,65.0,90.0,25.0,78.42857142857143,11.510204081632653,65.0,78.96,127.6,48.64,111.36065714285714,12.250865306122448,107.8682,494.0,1234.93,740.9300000000001,935.4128571428571,256.7289795918368,1234.93,11.0,16.0,5.0,13.714285714285714,2.326530612244898,11.0,4.0,5.0,1.0,4.857142857142857,0.24489795918367374,5.0,120.0,145.0,25.0,138.57142857142858,5.632653061224488,145.0,1.93,2.55,0.6199999999999999,2.084285714285714,0.14204081632653062,1.93,1.0,2.0,1.0,1.5714285714285714,0.4897959183673469,1.0,0.0,4.0,4.0,2.142857142857143,1.836734693877551,0.0,10.0,10.0,0.0,10.0,0.0,10.0,0.0,0.0,0.0,0.0,0.0,0.0,11.0,16.0,5.0,13.714285714285714,2.326530612244898,11.0,0.0,1.0,1.0,0.42857142857142855,0.4897959183673469,1.0,0.0,3.0,3.0,1.2857142857142858,1.1020408163265307,0.0,0.0,0.0,0.0,0.0,0.0,0.0,0.0,0.0,0.0,0.0,0.0,0.0,1.0,3.0,2.0,1.7142857142857142,0.6122448979591836,1.0,16.33,34.7633333333,18.4333333333,25.14238095237143,7.553469387746938,16.33,0.0,0.799,0.799,0.24671428571428572,0.2819591836734694,0.0,0.0,0.0,0.0,0.0,0.0,0.0,14.0,225.0,211.0,165.57142857142858,51.06122448979591,225.0,1.5714285714285714,2.142857142857143,10.0,0.0,0.11458333333333334,0.15625,0.7291666666666667,0.0,10.617853612236527,0.27882352941176475,,1.0,0.0,0.42857142857142855,0.14285714285714285,0.2857142857142857,700.0,,
Glassy thermal conductivity in the two-phase CuxAg3−xSbSeTe2 alloy and high temperature thermoelectric behavior.pdf,10.1088/0953-8984/22/3/035801,AgSbTe2,x=0.1,Cu0.1Ag2.9SbSeTe2,Cu,x=0.1,Ag,Se (stoichiometric) @ unclear,Cu (x=0.1) @ Ag site; Se (stoichiometric) @ unclear site,body text,Section 3,,0.67,W/m.K,False,29.0,52.0,23.0,46.885714285714286,4.192653061224489,47.0,64.0,90.0,26.0,78.41428571428571,11.526530612244898,65.0,63.546,127.6,64.054,110.72748285714286,12.79358612244898,107.8682,494.0,1357.77,863.77,937.1677142857143,258.7345306122449,1234.93,11.0,16.0,5.0,13.714285714285714,2.326530612244898,11.0,4.0,5.0,1.0,4.8428571428571425,0.2648979591836737,5.0,120.0,145.0,25.0,138.3857142857143,5.6559183673469375,145.0,1.9,2.55,0.6499999999999999,2.0838571428571426,0.14240816326530614,1.93,1.0,2.0,1.0,1.5714285714285714,0.4897959183673469,1.0,0.0,4.0,4.0,2.142857142857143,1.836734693877551,0.0,10.0,10.0,0.0,10.0,0.0,10.0,0.0,0.0,0.0,0.0,0.0,0.0,11.0,16.0,5.0,13.714285714285714,2.326530612244898,11.0,0.0,1.0,1.0,0.42857142857142855,0.4897959183673469,1.0,0.0,3.0,3.0,1.2857142857142858,1.1020408163265305,0.0,0.0,0.0,0.0,0.0,0.0,0.0,0.0,0.0,0.0,0.0,0.0,0.0,1.0,3.0,2.0,1.7142857142857142,0.6122448979591838,1.0,11.07,34.7633333333,23.693333333299996,25.067238095228568,7.639346938767347,16.33,0.0,0.799,0.799,0.24671428571428572,0.2819591836734694,0.0,0.0,0.0,0.0,0.0,0.0,0.0,14.0,225.0,211.0,165.57142857142858,51.06122448979591,225.0,1.5714285714285714,2.142857142857143,10.0,0.0,0.11458333333333334,0.15625,0.7291666666666667,0.0,11.138617195453085,0.27534412955465587,0.1,2.0,1.0,0.41428571428571426,0.14285714285714285,0.2857142857142857,700.0,1.0,0.42000000000000004
Glassy thermal conductivity in the two-phase CuxAg3−xSbSeTe2 alloy and high temperature thermoelectric behavior.pdf,10.1088/0953-8984/22/3/035801,AgSbTe2,x=0.2,Cu0.2Ag2.8SbSeTe2,Cu,x=0.2,Ag,Se (stoichiometric) @ unclear,Cu (x=0.2) @ Ag site; Se (stoichiometric) @ unclear site,body text,Section 3,,0.585,W/m.K,False,29.0,52.0,23.0,46.628571428571426,4.615510204081635,47.0,64.0,90.0,26.0,78.39999999999999,11.542857142857144,65.0,63.546,127.6,64.054,110.09430857142856,13.336306938775508,107.8682,494.0,1357.77,863.77,938.9225714285714,260.7400816326531,1234.93,11.0,16.0,5.0,13.714285714285714,2.326530612244898,11.0,4.0,5.0,1.0,4.828571428571428,0.2840816326530614,5.0,120.0,145.0,25.0,138.2,5.66857142857143,145.0,1.9,2.55,0.6499999999999999,2.083428571428571,0.14277551020408166,1.93,1.0,2.0,1.0,1.5714285714285714,0.4897959183673469,1.0,0.0,4.0,4.0,2.142857142857143,1.836734693877551,0.0,10.0,10.0,0.0,10.0,0.0,10.0,0.0,0.0,0.0,0.0,0.0,0.0,11.0,16.0,5.0,13.714285714285714,2.326530612244898,11.0,0.0,1.0,1.0,0.42857142857142855,0.4897959183673469,1.0,0.0,3.0,3.0,1.2857142857142858,1.1020408163265305,0.0,0.0,0.0,0.0,0.0,0.0,0.0,0.0,0.0,0.0,0.0,0.0,0.0,1.0,3.0,2.0,1.7142857142857142,0.6122448979591836,1.0,11.07,34.7633333333,23.693333333299996,24.99209523808571,7.725224489787755,16.33,0.0,0.799,0.799,0.24671428571428572,0.2819591836734694,0.0,0.0,0.0,0.0,0.0,0.0,0.0,14.0,225.0,211.0,165.57142857142858,51.06122448979591,225.0,1.5714285714285714,2.142857142857143,10.0,0.0,0.11458333333333334,0.15625,0.7291666666666667,0.0,11.490622848726412,0.27225512528473805,0.2,2.0,1.0,0.39999999999999997,0.14285714285714285,0.2857142857142857,700.0,1.0,0.42000000000000004
Glassy thermal conductivity in the two-phase CuxAg3−xSbSeTe2 alloy and high temperature thermoelectric behavior.pdf,10.1088/0953-8984/22/3/035801,AgSbTe2,CuxAg3-xSbSeTe2 (x=0),Ag3SbSeTe2,Cu,x=0,unclear,,Cu (x=0) @ unclear site,body text,page 4,,0.67,W/m.K,False,34.0,52.0,18.0,47.142857142857146,3.8775510204081636,47.0,65.0,90.0,25.0,78.42857142857143,11.510204081632653,65.0,78.96,127.6,48.64,111.36065714285714,12.250865306122448,107.8682,494.0,1234.93,740.9300000000001,935.4128571428571,256.7289795918368,1234.93,11.0,16.0,5.0,13.714285714285714,2.326530612244898,11.0,4.0,5.0,1.0,4.857142857142857,0.24489795918367374,5.0,120.0,145.0,25.0,138.57142857142858,5.632653061224488,145.0,1.93,2.55,0.6199999999999999,2.084285714285714,0.14204081632653062,1.93,1.0,2.0,1.0,1.5714285714285714,0.4897959183673469,1.0,0.0,4.0,4.0,2.142857142857143,1.836734693877551,0.0,10.0,10.0,0.0,10.0,0.0,10.0,0.0,0.0,0.0,0.0,0.0,0.0,11.0,16.0,5.0,13.714285714285714,2.326530612244898,11.0,0.0,1.0,1.0,0.42857142857142855,0.4897959183673469,1.0,0.0,3.0,3.0,1.2857142857142858,1.1020408163265307,0.0,0.0,0.0,0.0,0.0,0.0,0.0,0.0,0.0,0.0,0.0,0.0,0.0,1.0,3.0,2.0,1.7142857142857142,0.6122448979591836,1.0,16.33,34.7633333333,18.4333333333,25.14238095237143,7.553469387746938,16.33,0.0,0.799,0.799,0.24671428571428572,0.2819591836734694,0.0,0.0,0.0,0.0,0.0,0.0,0.0,14.0,225.0,211.0,165.57142857142858,51.06122448979591,225.0,1.5714285714285714,2.142857142857143,10.0,0.0,0.11458333333333334,0.15625,0.7291666666666667,0.0,10.617853612236527,0.27882352941176475,0.0,1.0,0.0,0.42857142857142855,0.14285714285714285,0.2857142857142857,700.0,,
Glassy thermal conductivity in the two-phase CuxAg3−xSbSeTe2 alloy and high temperature thermoelectric behavior.pdf,10.1088/0953-8984/22/3/035801,AgSbTe2,CuxAg3-xSbSeTe2 (x=0.1),Cu0.1Ag2.9SbSeTe2,Cu,x=0.1,unclear,,Cu (x=0.1) @ unclear site,figure,Fig. 6,Visually estimated from Fig. 6,0.5,W/m.K,False,29.0,52.0,23.0,46.885714285714286,4.192653061224489,47.0,64.0,90.0,26.0,78.41428571428571,11.526530612244898,65.0,63.546,127.6,64.054,110.72748285714286,12.79358612244898,107.8682,494.0,1357.77,863.77,937.1677142857143,258.7345306122449,1234.93,11.0,16.0,5.0,13.714285714285714,2.326530612244898,11.0,4.0,5.0,1.0,4.8428571428571425,0.2648979591836737,5.0,120.0,145.0,25.0,138.3857142857143,5.6559183673469375,145.0,1.9,2.55,0.6499999999999999,2.0838571428571426,0.14240816326530614,1.93,1.0,2.0,1.0,1.5714285714285714,0.4897959183673469,1.0,0.0,4.0,4.0,2.142857142857143,1.836734693877551,0.0,10.0,10.0,0.0,10.0,0.0,10.0,0.0,0.0,0.0,0.0,0.0,0.0,11.0,16.0,5.0,13.714285714285714,2.326530612244898,11.0,0.0,1.0,1.0,0.42857142857142855,0.4897959183673469,1.0,0.0,3.0,3.0,1.2857142857142858,1.1020408163265305,0.0,0.0,0.0,0.0,0.0,0.0,0.0,0.0,0.0,0.0,0.0,0.0,0.0,1.0,3.0,2.0,1.7142857142857142,0.6122448979591838,1.0,11.07,34.7633333333,23.693333333299996,25.067238095228568,7.639346938767347,16.33,0.0,0.799,0.799,0.24671428571428572,0.2819591836734694,0.0,0.0,0.0,0.0,0.0,0.0,0.0,14.0,225.0,211.0,165.57142857142858,51.06122448979591,225.0,1.5714285714285714,2.142857142857143,10.0,0.0,0.11458333333333334,0.15625,0.7291666666666667,0.0,11.138617195453085,0.27534412955465587,0.1,1.0,0.0,0.41428571428571426,0.14285714285714285,0.2857142857142857,700.0,,
Glassy thermal conductivity in the two-phase CuxAg3−xSbSeTe2 alloy and high temperature thermoelectric behavior.pdf,10.1088/0953-8984/22/3/035801,AgSbTe2,CuxAg3-xSbSeTe2 (x=0.2),Cu0.2Ag2.8SbSeTe2,Cu,x=0.2,unclear,,Cu (x=0.2) @ unclear site,body text,page 4,,0.6,W/m.K,False,29.0,52.0,23.0,46.628571428571426,4.615510204081635,47.0,64.0,90.0,26.0,78.39999999999999,11.542857142857144,65.0,63.546,127.6,64.054,110.09430857142856,13.336306938775508,107.8682,494.0,1357.77,863.77,938.9225714285714,260.7400816326531,1234.93,11.0,16.0,5.0,13.714285714285714,2.326530612244898,11.0,4.0,5.0,1.0,4.828571428571428,0.2840816326530614,5.0,120.0,145.0,25.0,138.2,5.66857142857143,145.0,1.9,2.55,0.6499999999999999,2.083428571428571,0.14277551020408166,1.93,1.0,2.0,1.0,1.5714285714285714,0.4897959183673469,1.0,0.0,4.0,4.0,2.142857142857143,1.836734693877551,0.0,10.0,10.0,0.0,10.0,0.0,10.0,0.0,0.0,0.0,0.0,0.0,0.0,11.0,16.0,5.0,13.714285714285714,2.326530612244898,11.0,0.0,1.0,1.0,0.42857142857142855,0.4897959183673469,1.0,0.0,3.0,3.0,1.2857142857142858,1.1020408163265305,0.0,0.0,0.0,0.0,0.0,0.0,0.0,0.0,0.0,0.0,0.0,0.0,0.0,1.0,3.0,2.0,1.7142857142857142,0.6122448979591836,1.0,11.07,34.7633333333,23.693333333299996,24.99209523808571,7.725224489787755,16.33,0.0,0.799,0.799,0.24671428571428572,0.2819591836734694,0.0,0.0,0.0,0.0,0.0,0.0,0.0,14.0,225.0,211.0,165.57142857142858,51.06122448979591,225.0,1.5714285714285714,2.142857142857143,10.0,0.0,0.11458333333333334,0.15625,0.7291666666666667,0.0,11.490622848726412,0.27225512528473805,0.2,1.0,0.0,0.39999999999999997,0.14285714285714285,0.2857142857142857,700.0,,
High Power Factor of HPHT-Sintered GeTe-AgSbTe2 Alloys.pdf,10.1007/s11664-010-1383-1,TAGS-85 (GeTe-AgSbTe2 alloy),C,(GeTe)0.85(AgSbTe2)0.15,,,,,,body text,,,1.6,W/m.K,False,32.0,52.0,20.0,44.21739130434783,9.030245746691872,52.0,65.0,90.0,25.0,83.97826086956522,6.1550094517958405,90.0,72.64,127.6,54.959999999999994,105.6209695652174,24.37723837429111,127.6,722.66,1234.93,512.2700000000001,948.5023913043477,231.67574669187147,722.66,11.0,16.0,5.0,14.869565217391303,1.1474480151228736,16.0,4.0,5.0,1.0,4.630434782608696,0.4659735349716445,5.0,120.0,145.0,25.0,131.8695652173913,8.773156899810962,138.0,1.93,2.1,0.17000000000000015,2.0523913043478266,0.04760869565217405,2.1,1.0,2.0,1.0,1.9347826086956523,0.12192816635160669,2.0,0.0,4.0,4.0,2.9347826086956523,1.0737240075614365,4.0,10.0,10.0,0.0,10.0,0.0,10.0,0.0,0.0,0.0,0.0,0.0,0.0,11.0,16.0,5.0,14.869565217391303,1.1474480151228736,16.0,0.0,1.0,1.0,0.06521739130434782,0.12192816635160682,0.0,0.0,4.0,4.0,2.6739130434782608,1.0226843100189034,2.0,0.0,0.0,0.0,0.0,0.0,0.0,0.0,0.0,0.0,0.0,0.0,0.0,1.0,4.0,3.0,2.739130434782609,0.9659735349716446,2.0,16.33,34.7633333333,18.4333333333,29.00677536230217,6.089587271567106,34.7633333333,0.0,0.464,0.464,0.3735434782608696,0.09744612476370512,0.464,0.0,0.0,0.0,0.0,0.0,0.0,152.0,225.0,73.0,184.65217391304347,35.08506616257089,152.0,1.9347826086956523,2.9347826086956523,10.0,0.0,0.13011695906432752,0.1973684210526316,0.672514619883041,0.0,8.900964213004231,0.08995312500000022,,0.0,0.0,0.06521739130434782,0.06521739130434782,0.5,300.0,,
High Power Factor of HPHT-Sintered GeTe-AgSbTe2 Alloys.pdf,10.1007/s11664-010-1383-1,TAGS-85 (GeTe-AgSbTe2 alloy),D,(GeTe)0.85(AgSbTe2)0.15,,,,,,body text,,,2.7,W/m.K,False,32.0,52.0,20.0,44.21739130434783,9.030245746691872,52.0,65.0,90.0,25.0,83.97826086956522,6.1550094517958405,90.0,72.64,127.6,54.959999999999994,105.6209695652174,24.37723837429111,127.6,722.66,1234.93,512.2700000000001,948.5023913043477,231.67574669187147,722.66,11.0,16.0,5.0,14.869565217391303,1.1474480151228736,16.0,4.0,5.0,1.0,4.630434782608696,0.4659735349716445,5.0,120.0,145.0,25.0,131.8695652173913,8.773156899810962,138.0,1.93,2.1,0.17000000000000015,2.0523913043478266,0.04760869565217405,2.1,1.0,2.0,1.0,1.9347826086956523,0.12192816635160669,2.0,0.0,4.0,4.0,2.9347826086956523,1.0737240075614365,4.0,10.0,10.0,0.0,10.0,0.0,10.0,0.0,0.0,0.0,0.0,0.0,0.0,11.0,16.0,5.0,14.869565217391303,1.1474480151228736,16.0,0.0,1.0,1.0,0.06521739130434782,0.12192816635160682,0.0,0.0,4.0,4.0,2.6739130434782608,1.0226843100189034,2.0,0.0,0.0,0.0,0.0,0.0,0.0,0.0,0.0,0.0,0.0,0.0,0.0,1.0,4.0,3.0,2.739130434782609,0.9659735349716446,2.0,16.33,34.7633333333,18.4333333333,29.00677536230217,6.089587271567106,34.7633333333,0.0,0.464,0.464,0.3735434782608696,0.09744612476370512,0.464,0.0,0.0,0.0,0.0,0.0,0.0,152.0,225.0,73.0,184.65217391304347,35.08506616257089,152.0,1.9347826086956523,2.9347826086956523,10.0,0.0,0.13011695906432752,0.1973684210526316,0.672514619883041,0.0,8.900964213004231,0.08995312500000022,,0.0,0.0,0.06521739130434782,0.06521739130434782,0.5,300.0,,
Impact of In Situ Generated Ag2Te Nanoparticles on the Microstructure and Thermoelectric Properties of AgSbTe2 Compounds.pdf,10.1007/s11664-011-1620-2,AgSbTe2,x=44,(Ag2Te)0.44(Sb2Te3)0.56,Ag2Te,x=44,unclear,,Ag2Te (x=44) @ unclear site,body text,,,0.84,W/m.K,False,47.0,52.0,5.0,50.66019417475729,1.5635780940710688,52.0,65.0,90.0,25.0,83.3009708737864,7.817890470355365,90.0,107.8682,127.6,19.731799999999993,121.79786796116505,5.971126175888392,127.6,722.66,1234.93,512.2700000000001,881.3133980582523,163.2743708172307,722.66,11.0,16.0,5.0,14.660194174757283,1.5635780940710708,16.0,5.0,5.0,0.0,5.0,0.0,5.0,138.0,145.0,7.0,139.76699029126212,2.2354604581016018,138.0,1.93,2.1,0.17000000000000015,2.050097087378641,0.05135639551324358,2.1,1.0,2.0,1.0,1.7864077669902914,0.33594118201527,2.0,0.0,4.0,4.0,2.8737864077669903,1.2276369120558017,4.0,10.0,10.0,0.0,10.0,0.0,10.0,0.0,0.0,0.0,0.0,0.0,0.0,11.0,16.0,5.0,14.660194174757283,1.5635780940710708,16.0,0.0,1.0,1.0,0.21359223300970873,0.33594118201527,0.0,0.0,3.0,3.0,1.8446601941747574,0.7880101800358186,2.0,0.0,0.0,0.0,0.0,0.0,0.0,0.0,0.0,0.0,0.0,0.0,0.0,1.0,3.0,2.0,2.058252427184466,0.5120180978414554,2.0,16.33,34.7633333333,18.4333333333,29.955307443348545,5.82051968453724,34.7633333333,0.0,0.464,0.464,0.23875728155339807,0.2318031859741729,0.464,0.0,0.0,0.0,0.0,0.0,0.0,152.0,225.0,73.0,171.3980582524272,22.897916863040827,152.0,1.7864077669902914,2.8737864077669903,10.0,0.0,0.12185430463576158,0.19602649006622516,0.6821192052980132,0.0,8.528132530661713,0.10604409063074109,0.44,1.0,0.0,0.21359223300970873,0.2718446601941748,0.5145631067961165,591.0,,
Impact of In Situ Generated Ag2Te Nanoparticles on the Microstructure and Thermoelectric Properties of AgSbTe2 Compounds.pdf,10.1007/s11664-011-1620-2,AgSbTe2,x=44,(Ag2Te)44(Sb2Te3)56,Ag2Te,x=44,unclear,,Ag2Te (x=44) @ unclear site,figure,,Visually estimated from Fig. 4,0.84,W/m.K,False,47.0,52.0,5.0,50.66019417475728,1.563578094071073,52.0,65.0,90.0,25.0,83.30097087378641,7.817890470355356,90.0,107.8682,127.6,19.731799999999993,121.79786796116504,5.971126175888393,127.6,722.66,1234.93,512.2700000000001,881.3133980582525,163.27437081723068,722.66,11.0,16.0,5.0,14.660194174757281,1.563578094071072,16.0,5.0,5.0,0.0,5.0,0.0,5.0,138.0,145.0,7.0,139.76699029126215,2.235460458101618,138.0,1.93,2.1,0.17000000000000015,2.050097087378641,0.051356395513243586,2.1,1.0,2.0,1.0,1.7864077669902914,0.33594118201527,2.0,0.0,4.0,4.0,2.8737864077669903,1.2276369120558015,4.0,10.0,10.0,0.0,10.0,0.0,10.0,0.0,0.0,0.0,0.0,0.0,0.0,11.0,16.0,5.0,14.660194174757281,1.563578094071072,16.0,0.0,1.0,1.0,0.21359223300970873,0.33594118201527007,0.0,0.0,3.0,3.0,1.8446601941747574,0.7880101800358187,2.0,0.0,0.0,0.0,0.0,0.0,0.0,0.0,0.0,0.0,0.0,0.0,0.0,1.0,3.0,2.0,2.058252427184466,0.5120180978414554,2.0,16.33,34.7633333333,18.4333333333,29.95530744334854,5.820519684537241,34.7633333333,0.0,0.464,0.464,0.2387572815533981,0.23180318597417288,0.464,0.0,0.0,0.0,0.0,0.0,0.0,152.0,225.0,73.0,171.39805825242718,22.89791686304081,152.0,1.7864077669902914,2.8737864077669903,10.0,0.0,0.12185430463576159,0.19602649006622516,0.6821192052980133,0.0,8.528132530661713,0.10604409063074112,0.44,1.0,0.0,0.21359223300970873,0.27184466019417475,0.5145631067961165,591.0,,
Improved Thermoelectric Properties in Structure Controlled Ag-Sb-Te System.pdf,,AgSbTe2,Ag0.208Sb0.275Te0.517 (A),Ag0.208Sb0.275Te0.517,,,,,,Table 1,,,0.7,W/m.K,False,47.0,52.0,5.0,50.685,1.5329599999999988,52.0,65.0,90.0,25.0,83.42500000000001,7.664799999999993,90.0,107.8682,127.6,19.731799999999993,121.88978560000001,5.904361689599995,127.6,722.66,1234.93,512.2700000000001,879.02016,161.67640544000002,722.66,11.0,16.0,5.0,14.685,1.5329599999999997,16.0,5.0,5.0,0.0,5.0,0.0,5.0,138.0,145.0,7.0,139.731,2.191903999999997,138.0,1.93,2.1,0.17000000000000015,2.05089,0.050779740000000115,2.1,1.0,2.0,1.0,1.792,0.329472,2.0,0.0,4.0,4.0,2.8930000000000002,1.203488,4.0,10.0,10.0,0.0,10.0,0.0,10.0,0.0,0.0,0.0,0.0,0.0,0.0,11.0,16.0,5.0,14.685,1.5329599999999997,16.0,0.0,1.0,1.0,0.208,0.329472,0.0,0.0,3.0,3.0,1.859,0.773344,2.0,0.0,0.0,0.0,0.0,0.0,0.0,0.0,0.0,0.0,0.0,0.0,0.0,1.0,3.0,2.0,2.067,0.5131500000000001,2.0,16.33,34.7633333333,18.4333333333,30.0482833333161,5.706805866659495,34.7633333333,0.0,0.464,0.464,0.23988800000000002,0.231731808,0.464,0.0,0.0,0.0,0.0,0.0,0.0,152.0,225.0,73.0,171.034,22.449855999999997,152.0,1.792,2.8930000000000002,10.0,0.0,0.12202928157984337,0.19700374531835207,0.6809669731018045,0.0,8.503177143599974,0.10509193218881056,,0.0,0.0,0.208,0.275,0.517,300.0,,
Improved Thermoelectric Properties in Structure Controlled Ag-Sb-Te System.pdf,,AgSbTe2,Ag0.208Sb0.275Te0.517 (B),Ag0.208Sb0.275Te0.517,,,,,,Table 1,,,1.0,W/m.K,False,47.0,52.0,5.0,50.685,1.5329599999999988,52.0,65.0,90.0,25.0,83.42500000000001,7.664799999999993,90.0,107.8682,127.6,19.731799999999993,121.88978560000001,5.904361689599995,127.6,722.66,1234.93,512.2700000000001,879.02016,161.67640544000002,722.66,11.0,16.0,5.0,14.685,1.5329599999999997,16.0,5.0,5.0,0.0,5.0,0.0,5.0,138.0,145.0,7.0,139.731,2.191903999999997,138.0,1.93,2.1,0.17000000000000015,2.05089,0.050779740000000115,2.1,1.0,2.0,1.0,1.792,0.329472,2.0,0.0,4.0,4.0,2.8930000000000002,1.203488,4.0,10.0,10.0,0.0,10.0,0.0,10.0,0.0,0.0,0.0,0.0,0.0,0.0,11.0,16.0,5.0,14.685,1.5329599999999997,16.0,0.0,1.0,1.0,0.208,0.329472,0.0,0.0,3.0,3.0,1.859,0.773344,2.0,0.0,0.0,0.0,0.0,0.0,0.0,0.0,0.0,0.0,0.0,0.0,0.0,1.0,3.0,2.0,2.067,0.5131500000000001,2.0,16.33,34.7633333333,18.4333333333,30.0482833333161,5.706805866659495,34.7633333333,0.0,0.464,0.464,0.23988800000000002,0.231731808,0.464,0.0,0.0,0.0,0.0,0.0,0.0,152.0,225.0,73.0,171.034,22.449855999999997,152.0,1.792,2.8930000000000002,10.0,0.0,0.12202928157984337,0.19700374531835207,0.6809669731018045,0.0,8.503177143599974,0.10509193218881056,,0.0,0.0,0.208,0.275,0.517,300.0,,
Impurity band engineering and hierarchical defect scattering enable high zT in Co-doped AgSbTe2.pdf,10.1039/d5ta09240j,AgSbTe2,AgSbTe2 (pristine),AgSbTe2,,,,,,body text,,,0.7,W/m.K,False,47.0,52.0,5.0,50.5,1.75,52.0,65.0,90.0,25.0,82.5,8.75,90.0,107.8682,127.6,19.731799999999993,121.20705,6.669425,127.6,722.66,1234.93,512.2700000000001,896.0074999999999,173.34750000000003,722.66,11.0,16.0,5.0,14.5,1.75,16.0,5.0,5.0,0.0,5.0,0.0,5.0,138.0,145.0,7.0,140.0,2.5,138.0,1.93,2.1,0.17000000000000015,2.045,0.05750000000000005,2.1,1.0,2.0,1.0,1.75,0.375,2.0,0.0,4.0,4.0,2.75,1.375,4.0,10.0,10.0,0.0,10.0,0.0,10.0,0.0,0.0,0.0,0.0,0.0,0.0,11.0,16.0,5.0,14.5,1.75,16.0,0.0,1.0,1.0,0.25,0.375,0.0,0.0,3.0,3.0,1.75,0.875,2.0,0.0,0.0,0.0,0.0,0.0,0.0,0.0,0.0,0.0,0.0,0.0,0.0,1.0,3.0,2.0,2.0,0.5,2.0,16.33,34.7633333333,18.4333333333,29.35416666665,6.512083333324999,34.7633333333,0.0,0.464,0.464,0.232,0.232,0.464,0.0,0.0,0.0,0.0,0.0,0.0,152.0,225.0,73.0,173.75,25.625,152.0,1.75,2.75,10.0,0.0,0.1206896551724138,0.1896551724137931,0.6896551724137931,0.0,8.644719482306641,0.11200000000000014,,0.0,0.0,0.25,0.25,0.5,300.0,,
Impurity band engineering and hierarchical defect scattering enable high zT in Co-doped AgSbTe2.pdf,10.1039/d5ta09240j,AgSbTe2,AgSb0.97Co0.03Te2,AgSb0.97Co0.03Te2,Co,x=0.03,Sb,,Co (x=0.03) @ Sb site,body text,,,0.5,W/m.K,False,27.0,52.0,25.0,50.32,2.0098,52.0,58.0,90.0,32.0,82.2975,9.013212500000002,90.0,58.933195,127.6,68.666805,120.7358489625,7.360864290687498,127.6,722.66,1768.0,1045.3400000000001,902.4891499999999,179.82915000000003,722.66,9.0,16.0,7.0,14.454999999999998,1.8093250000000007,16.0,4.0,5.0,1.0,4.9925,0.014887500000000279,5.0,126.0,145.0,19.0,139.90249999999997,2.5487499999999876,138.0,1.88,2.1,0.2200000000000002,2.0437250000000002,0.0593183749999999,2.1,1.0,2.0,1.0,1.75,0.375,2.0,0.0,4.0,4.0,2.7275,1.4046625,4.0,7.0,10.0,3.0,9.9775,0.04466250000000084,10.0,0.0,0.0,0.0,0.0,0.0,0.0,9.0,16.0,7.0,14.454999999999998,1.8093250000000007,16.0,0.0,1.0,1.0,0.25,0.375,0.0,0.0,3.0,3.0,1.7275,0.8896625,2.0,0.0,3.0,3.0,0.0225,0.044662499999999994,0.0,0.0,0.0,0.0,0.0,0.0,0.0,1.0,3.0,2.0,2.0,0.5,2.0,10.245,34.7633333333,24.5183333333,29.19430416665,6.716391645824749,34.7633333333,0.0,0.464,0.464,0.232,0.232,0.464,0.0,1.5484712,1.5484712,0.011613534,0.02305286499,0.0,152.0,225.0,73.0,173.95999999999998,25.820599999999992,152.0,1.75,2.7275,9.9775,0.0,0.12106537530266345,0.18868903493600833,0.6902455897613283,0.0,8.924796662406377,0.11394623292438025,0.03,1.0,0.0,0.25,0.2425,0.5,298.0,0.0,0.15000000000000002
Impurity band engineering and hierarchical defect scattering enable high zT in Co-doped AgSbTe2.pdf,10.1039/d5ta09240j,AgSbTe2,AgSb0.97Co0.03Te2,AgSb0.97Co0.03Te2,Co,x=0.03,Sb,,Co (x=0.03) @ Sb site,body text,,,0.45,W/m.K,False,27.0,52.0,25.0,50.32,2.0098,52.0,58.0,90.0,32.0,82.2975,9.013212500000002,90.0,58.933195,127.6,68.666805,120.7358489625,7.360864290687498,127.6,722.66,1768.0,1045.3400000000001,902.4891499999999,179.82915000000003,722.66,9.0,16.0,7.0,14.454999999999998,1.8093250000000007,16.0,4.0,5.0,1.0,4.9925,0.014887500000000279,5.0,126.0,145.0,19.0,139.90249999999997,2.5487499999999876,138.0,1.88,2.1,0.2200000000000002,2.0437250000000002,0.0593183749999999,2.1,1.0,2.0,1.0,1.75,0.375,2.0,0.0,4.0,4.0,2.7275,1.4046625,4.0,7.0,10.0,3.0,9.9775,0.04466250000000084,10.0,0.0,0.0,0.0,0.0,0.0,0.0,9.0,16.0,7.0,14.454999999999998,1.8093250000000007,16.0,0.0,1.0,1.0,0.25,0.375,0.0,0.0,3.0,3.0,1.7275,0.8896625,2.0,0.0,3.0,3.0,0.0225,0.044662499999999994,0.0,0.0,0.0,0.0,0.0,0.0,0.0,1.0,3.0,2.0,2.0,0.5,2.0,10.245,34.7633333333,24.5183333333,29.19430416665,6.716391645824749,34.7633333333,0.0,0.464,0.464,0.232,0.232,0.464,0.0,1.5484712,1.5484712,0.011613534,0.02305286499,0.0,152.0,225.0,73.0,173.95999999999998,25.820599999999992,152.0,1.75,2.7275,9.9775,0.0,0.12106537530266345,0.18868903493600833,0.6902455897613283,0.0,8.924796662406377,0.11394623292438025,0.03,1.0,0.0,0.25,0.2425,0.5,648.0,0.0,0.15000000000000002
Impurity band engineering and hierarchical defect scattering enable high zT in Co-doped AgSbTe2.pdf,10.1039/d5ta09240j,AgSbTe2,AgSb1-xCoxTe2 (x=0),AgSbTe2,,,,,,figure,Fig. 6d,Visually estimated from Fig. 6d,0.7,W/m.K,False,47.0,52.0,5.0,50.5,1.75,52.0,65.0,90.0,25.0,82.5,8.75,90.0,107.8682,127.6,19.731799999999993,121.20705,6.669425,127.6,722.66,1234.93,512.2700000000001,896.0074999999999,173.34750000000003,722.66,11.0,16.0,5.0,14.5,1.75,16.0,5.0,5.0,0.0,5.0,0.0,5.0,138.0,145.0,7.0,140.0,2.5,138.0,1.93,2.1,0.17000000000000015,2.045,0.05750000000000005,2.1,1.0,2.0,1.0,1.75,0.375,2.0,0.0,4.0,4.0,2.75,1.375,4.0,10.0,10.0,0.0,10.0,0.0,10.0,0.0,0.0,0.0,0.0,0.0,0.0,11.0,16.0,5.0,14.5,1.75,16.0,0.0,1.0,1.0,0.25,0.375,0.0,0.0,3.0,3.0,1.75,0.875,2.0,0.0,0.0,0.0,0.0,0.0,0.0,0.0,0.0,0.0,0.0,0.0,0.0,1.0,3.0,2.0,2.0,0.5,2.0,16.33,34.7633333333,18.4333333333,29.35416666665,6.512083333324999,34.7633333333,0.0,0.464,0.464,0.232,0.232,0.464,0.0,0.0,0.0,0.0,0.0,0.0,152.0,225.0,73.0,173.75,25.625,152.0,1.75,2.75,10.0,0.0,0.1206896551724138,0.1896551724137931,0.6896551724137931,0.0,8.644719482306641,0.11200000000000014,,0.0,0.0,0.25,0.25,0.5,298.0,,
Impurity band engineering and hierarchical defect scattering enable high zT in Co-doped AgSbTe2.pdf,10.1039/d5ta09240j,AgSbTe2,AgSb1-xCoxTe2 (x=0.03),AgSb0.97Co0.03Te2,Co,x=0.03,Sb,,Co (x=0.03) @ Sb site,figure,Fig. 6d,Visually estimated from Fig. 6d,0.5,W/m.K,False,27.0,52.0,25.0,50.32,2.0098,52.0,58.0,90.0,32.0,82.2975,9.013212500000002,90.0,58.933195,127.6,68.666805,120.7358489625,7.360864290687498,127.6,722.66,1768.0,1045.3400000000001,902.4891499999999,179.82915000000003,722.66,9.0,16.0,7.0,14.454999999999998,1.8093250000000007,16.0,4.0,5.0,1.0,4.9925,0.014887500000000279,5.0,126.0,145.0,19.0,139.90249999999997,2.5487499999999876,138.0,1.88,2.1,0.2200000000000002,2.0437250000000002,0.0593183749999999,2.1,1.0,2.0,1.0,1.75,0.375,2.0,0.0,4.0,4.0,2.7275,1.4046625,4.0,7.0,10.0,3.0,9.9775,0.04466250000000084,10.0,0.0,0.0,0.0,0.0,0.0,0.0,9.0,16.0,7.0,14.454999999999998,1.8093250000000007,16.0,0.0,1.0,1.0,0.25,0.375,0.0,0.0,3.0,3.0,1.7275,0.8896625,2.0,0.0,3.0,3.0,0.0225,0.044662499999999994,0.0,0.0,0.0,0.0,0.0,0.0,0.0,1.0,3.0,2.0,2.0,0.5,2.0,10.245,34.7633333333,24.5183333333,29.19430416665,6.716391645824749,34.7633333333,0.0,0.464,0.464,0.232,0.232,0.464,0.0,1.5484712,1.5484712,0.011613534,0.02305286499,0.0,152.0,225.0,73.0,173.95999999999998,25.820599999999992,152.0,1.75,2.7275,9.9775,0.0,0.12106537530266345,0.18868903493600833,0.6902455897613283,0.0,8.924796662406377,0.11394623292438025,0.03,1.0,0.0,0.25,0.2425,0.5,298.0,0.0,0.15000000000000002
Influence of nanoscale Ag2 Te precipitates on the thermoelectric properties of the Sn doped P-type AgSbTe2 compound.pdf,10.1063/1.4896435,AgSbTe2,"Ag(Sb1-xSnx)Te2, x=0.01",AgSb0.99Sn0.01Te2,Sn,x=0.01,Sb,,Sn (x=0.01) @ Sb site,figure,,Visually estimated from Fig. 4e,0.65,W/m.K,False,47.0,52.0,5.0,50.4975,1.751237499999999,52.0,65.0,90.0,25.0,82.48750000000001,8.756187499999996,90.0,107.8682,127.6,19.731799999999993,121.19942499999999,6.678059625000002,127.6,505.08,1234.93,729.8500000000001,895.0107499999999,174.30040375000004,722.66,11.0,16.0,5.0,14.4975,1.7512374999999998,16.0,5.0,5.0,0.0,5.0,0.0,5.0,138.0,145.0,7.0,140.0,2.5,138.0,1.93,2.1,0.17000000000000015,2.044775,0.05781137500000001,2.1,1.0,2.0,1.0,1.75,0.375,2.0,0.0,4.0,4.0,2.7475,1.3774875,4.0,10.0,10.0,0.0,10.0,0.0,10.0,0.0,0.0,0.0,0.0,0.0,0.0,11.0,16.0,5.0,14.4975,1.7512374999999998,16.0,0.0,1.0,1.0,0.25,0.375,0.0,0.0,4.0,4.0,1.7525,0.87625,2.0,0.0,0.0,0.0,0.0,0.0,0.0,0.0,0.0,0.0,0.0,0.0,0.0,1.0,4.0,3.0,2.0025,0.50375,2.0,16.33,34.7633333333,18.4333333333,29.35847916665,6.514239583324999,34.7633333333,0.0,0.464,0.464,0.232,0.232,0.464,0.0,0.0,0.0,0.0,0.0,0.0,141.0,225.0,84.0,173.6875,25.65625,152.0,1.75,2.7475,10.0,0.0,0.12071046732195205,0.18951543369546472,0.6897740989825831,0.0,8.761125148292647,0.11213617038264251,0.01,1.0,0.0,0.25,0.2475,0.5,300.0,1.0,0.07000000000000006
Influence of nanoscale Ag2 Te precipitates on the thermoelectric properties of the Sn doped P-type AgSbTe2 compound.pdf,10.1063/1.4896435,AgSbTe2,"Ag(Sb1-xSnx)Te2, x=0.03",AgSb0.97Sn0.03Te2,Sn,x=0.03,Sb,,Sn (x=0.03) @ Sb site,figure,,Visually estimated from Fig. 4e,0.68,W/m.K,False,47.0,52.0,5.0,50.4925,1.7536375000000002,52.0,65.0,90.0,25.0,82.4625,8.768187499999996,90.0,107.8682,127.6,19.731799999999993,121.184175,6.695100125,127.6,505.08,1234.93,729.8500000000001,893.0172499999999,176.17630875000003,722.66,11.0,16.0,5.0,14.4925,1.7536375000000002,16.0,5.0,5.0,0.0,5.0,0.0,5.0,138.0,145.0,7.0,140.0,2.5,138.0,1.93,2.1,0.17000000000000015,2.044325,0.058427374999999934,2.1,1.0,2.0,1.0,1.75,0.375,2.0,0.0,4.0,4.0,2.7425,1.3823874999999999,4.0,10.0,10.0,0.0,10.0,0.0,10.0,0.0,0.0,0.0,0.0,0.0,0.0,11.0,16.0,5.0,14.4925,1.7536375000000002,16.0,0.0,1.0,1.0,0.25,0.375,0.0,0.0,4.0,4.0,1.7575,0.8787499999999999,2.0,0.0,0.0,0.0,0.0,0.0,0.0,0.0,0.0,0.0,0.0,0.0,0.0,1.0,4.0,3.0,2.0075000000000003,0.5112500000000002,2.0,16.33,34.7633333333,18.4333333333,29.367104166649998,6.518552083325,34.7633333333,0.0,0.464,0.464,0.232,0.232,0.464,0.0,0.0,0.0,0.0,0.0,0.0,141.0,225.0,84.0,173.5625,25.71875,152.0,1.75,2.7425,10.0,0.0,0.12075211316198034,0.18923581162670347,0.6900120752113162,0.0,8.924796662406377,0.11240957626613124,0.03,1.0,0.0,0.25,0.2425,0.5,300.0,1.0,0.07000000000000006
Influence of nanoscale Ag2 Te precipitates on the thermoelectric properties of the Sn doped P-type AgSbTe2 compound.pdf,10.1063/1.4896435,AgSbTe2,"Ag(Sb1-xSnx)Te2, x=0.05",AgSb0.95Sn0.05Te2,Sn,x=0.05,Sb,,Sn (x=0.05) @ Sb site,figure,,Visually estimated from Fig. 4e,0.68,W/m.K,False,47.0,52.0,5.0,50.4875,1.7559375000000013,52.0,65.0,90.0,25.0,82.4375,8.7796875,90.0,107.8682,127.6,19.731799999999993,121.168925,6.711835624999997,127.6,505.08,1234.93,729.8500000000001,891.0237499999998,178.01234375,722.66,11.0,16.0,5.0,14.4875,1.7559374999999997,16.0,5.0,5.0,0.0,5.0,0.0,5.0,138.0,145.0,7.0,140.0,2.5,138.0,1.93,2.1,0.17000000000000015,2.043875,0.05903437500000007,2.1,1.0,2.0,1.0,1.75,0.375,2.0,0.0,4.0,4.0,2.7375,1.3871875,4.0,10.0,10.0,0.0,10.0,0.0,10.0,0.0,0.0,0.0,0.0,0.0,0.0,11.0,16.0,5.0,14.4875,1.7559374999999997,16.0,0.0,1.0,1.0,0.25,0.375,0.0,0.0,4.0,4.0,1.7625,0.88125,2.0,0.0,0.0,0.0,0.0,0.0,0.0,0.0,0.0,0.0,0.0,0.0,0.0,1.0,4.0,3.0,2.0125,0.51875,2.0,16.33,34.7633333333,18.4333333333,29.375729166649997,6.522864583325,34.7633333333,0.0,0.464,0.464,0.232,0.232,0.464,0.0,0.0,0.0,0.0,0.0,0.0,141.0,225.0,84.0,173.4375,25.78125,152.0,1.75,2.7375,10.0,0.0,0.12079378774805867,0.1889559965487489,0.6902502157031923,0.0,9.05735637478225,0.1126844972758793,0.05,1.0,0.0,0.25,0.2375,0.5,300.0,1.0,0.07000000000000006
Influence of nanoscale Ag2 Te precipitates on the thermoelectric properties of the Sn doped P-type AgSbTe2 compound.pdf,10.1063/1.4896435,AgSbTe2,"Ag(Sb1-xSnx)Te2, x=0.07",AgSb0.93Sn0.07Te2,Sn,x=0.07,Sb,,Sn (x=0.07) @ Sb site,figure,,Visually estimated from Fig. 4e,0.7,W/m.K,False,47.0,52.0,5.0,50.4825,1.7581374999999992,52.0,65.0,90.0,25.0,82.4125,8.790687500000002,90.0,107.8682,127.6,19.731799999999993,121.15367499999999,6.728266125000001,127.6,505.08,1234.93,729.8500000000001,889.03025,179.80850875000002,722.66,11.0,16.0,5.0,14.482500000000002,1.7581374999999992,16.0,5.0,5.0,0.0,5.0,0.0,5.0,138.0,145.0,7.0,140.0,2.5,138.0,1.93,2.1,0.17000000000000015,2.043425,0.059632375,2.1,1.0,2.0,1.0,1.75,0.375,2.0,0.0,4.0,4.0,2.7325,1.3918875000000002,4.0,10.0,10.0,0.0,10.0,0.0,10.0,0.0,0.0,0.0,0.0,0.0,0.0,11.0,16.0,5.0,14.482500000000002,1.7581374999999992,16.0,0.0,1.0,1.0,0.25,0.375,0.0,0.0,4.0,4.0,1.7675,0.88375,2.0,0.0,0.0,0.0,0.0,0.0,0.0,0.0,0.0,0.0,0.0,0.0,0.0,1.0,4.0,3.0,2.0175,0.52625,2.0,16.33,34.7633333333,18.4333333333,29.38435416665,6.5271770833249985,34.7633333333,0.0,0.464,0.464,0.232,0.232,0.464,0.0,0.0,0.0,0.0,0.0,0.0,141.0,225.0,84.0,173.3125,25.84375,152.0,1.75,2.7325,10.0,0.0,0.12083549110996028,0.18867598826169513,0.6904885206283444,0.0,9.171937367968965,0.11296104716590012,0.07,1.0,0.0,0.25,0.2325,0.5,300.0,1.0,0.07000000000000006
Large Mobility Enables Higher Thermoelectric Cooling and Power Generation Performance in n‑type AgPb18+xSbTe20 Crystals.pdf,10.1021/jacs.3c09655,AgPb18+xSbTe20,AgPb18SbTe20,AgPb18SbTe20,Pb,18,unclear,,Pb (18) @ unclear site,body text,,,1.98,W/m.K,False,47.0,82.0,35.0,65.35,14.985,52.0,65.0,90.0,25.0,85.2,4.8,90.0,107.8682,207.2,99.33179999999999,162.78070499999998,39.9773655,127.6,600.61,1234.93,634.32,685.0722499999999,76.01602499999998,722.66,11.0,16.0,5.0,14.95,1.0525,16.0,5.0,6.0,1.0,5.45,0.495,5.0,138.0,146.0,8.0,141.8,3.9400000000000004,138.0,1.93,2.33,0.40000000000000013,2.1979999999999995,0.11879999999999995,2.1,1.0,2.0,1.0,1.975,0.04874999999999992,2.0,0.0,4.0,4.0,2.975,1.0262499999999999,4.0,10.0,10.0,0.0,10.0,0.0,10.0,0.0,14.0,14.0,6.3,6.9300000000000015,0.0,11.0,28.0,17.0,21.25,6.075,16.0,0.0,1.0,1.0,0.025,0.04875,0.0,0.0,4.0,4.0,2.875,1.01875,2.0,0.0,0.0,0.0,0.0,0.0,0.0,0.0,0.0,0.0,0.0,0.0,0.0,1.0,4.0,3.0,2.9,0.9949999999999999,2.0,16.33,34.7633333333,18.4333333333,31.228416666650002,3.5514958333174986,34.7633333333,0.0,0.464,0.464,0.23200000000000004,0.23200000000000004,0.464,0.0,0.0,0.0,0.0,0.0,0.0,152.0,225.0,73.0,187.025,36.07625,152.0,1.975,2.975,10.0,6.3,0.09294117647058824,0.14,0.47058823529411764,0.2964705882352941,7.402748752620393,0.22782608695652173,0.18,1.0,0.0,0.025,0.025,0.5,303.0,,
Large Mobility Enables Higher Thermoelectric Cooling and Power Generation Performance in n‑type AgPb18+xSbTe20 Crystals.pdf,10.1021/jacs.3c09655,AgPb18+xSbTe20,AgPb18.5SbTe20,AgPb18.5SbTe20,Pb,18.5,unclear,,Pb (18.5) @ unclear site,body text,,,2.08,W/m.K,False,47.0,82.0,35.0,65.55555555555556,15.023319615912206,52.0,65.0,90.0,25.0,85.14814814814815,4.791952446273434,90.0,107.8682,207.2,99.33179999999999,163.3290913580247,40.07959554945893,127.6,600.61,1234.93,634.32,684.0295061728395,76.21041304679163,722.66,11.0,16.0,5.0,14.938271604938272,1.0516689529035208,16.0,5.0,6.0,1.0,5.45679012345679,0.49626581313824114,5.0,138.0,146.0,8.0,141.85185185185185,3.945130315500686,138.0,1.93,2.33,0.40000000000000013,2.19962962962963,0.1191037951531779,2.1,1.0,2.0,1.0,1.9753086419753085,0.04816338972717584,2.0,0.0,4.0,4.0,2.962962962962963,1.0260631001371743,4.0,10.0,10.0,0.0,10.0,0.0,10.0,0.0,14.0,14.0,6.395061728395062,6.947721383935376,0.0,11.0,28.0,17.0,21.333333333333332,6.090534979423869,16.0,0.0,1.0,1.0,0.024691358024691357,0.04816338972717573,0.0,0.0,4.0,4.0,2.888888888888889,1.0205761316872428,2.0,0.0,0.0,0.0,0.0,0.0,0.0,0.0,0.0,0.0,0.0,0.0,0.0,1.0,4.0,3.0,2.9135802469135803,0.9967992684042067,2.0,16.33,34.7633333333,18.4333333333,31.18991769545679,3.5475750647608577,34.7633333333,0.0,0.464,0.464,0.22913580246913584,0.231964639536656,0.464,0.0,0.0,0.0,0.0,0.0,0.0,152.0,225.0,73.0,187.49382716049382,36.11705532693187,152.0,1.9753086419753085,2.962962962962963,10.0,6.395061728395062,0.09259259259259259,0.1388888888888889,0.46875,0.29976851851851855,7.392548009922821,0.228125,0.185,1.0,0.0,0.024691358024691357,0.024691358024691357,0.49382716049382713,303.0,,
"Large-scale production of (GeTe)x(AgSbTe2)100−x (x=75, 80, 85, 90) with enhanced thermoelectric properties via gas-atomization and spark plasma sintering.pdf",10.1016/j.actamat.2017.01.053,(GeTe)x(AgSbTe2)100-x,TAGS-80,(GeTe)80(AgSbTe2)20,,,,,,text,Section 3.2,,1.38,W/m.K,False,32.0,52.0,20.0,44.833333333333336,8.555555555555555,52.0,65.0,90.0,25.0,83.83333333333333,6.3611111111111125,90.0,72.64,127.6,54.959999999999994,107.14901666666668,23.006011111111107,127.6,722.66,1234.93,512.2700000000001,943.3558333333334,227.2918055555556,722.66,11.0,16.0,5.0,14.833333333333334,1.1944444444444444,16.0,4.0,5.0,1.0,4.666666666666667,0.4444444444444443,5.0,120.0,145.0,25.0,132.66666666666666,8.444444444444448,138.0,1.93,2.1,0.17000000000000015,2.0516666666666667,0.04833333333333347,2.1,1.0,2.0,1.0,1.9166666666666667,0.1527777777777777,2.0,0.0,4.0,4.0,2.9166666666666665,1.0972222222222223,4.0,10.0,10.0,0.0,10.0,0.0,10.0,0.0,0.0,0.0,0.0,0.0,0.0,11.0,16.0,5.0,14.833333333333334,1.1944444444444444,16.0,0.0,1.0,1.0,0.08333333333333333,0.15277777777777776,0.0,0.0,4.0,4.0,2.5833333333333335,1.0138888888888888,2.0,0.0,0.0,0.0,0.0,0.0,0.0,0.0,0.0,0.0,0.0,0.0,0.0,1.0,4.0,3.0,2.6666666666666665,0.9444444444444444,2.0,16.33,34.7633333333,18.4333333333,29.040833333316662,6.142361111097221,34.7633333333,0.0,0.464,0.464,0.35966666666666663,0.11988888888888892,0.464,0.0,0.0,0.0,0.0,0.0,0.0,152.0,225.0,73.0,183.58333333333334,34.51388888888889,152.0,1.9166666666666667,2.9166666666666665,10.0,0.0,0.12921348314606743,0.19662921348314605,0.6741573033707865,0.0,9.369807337518013,0.09066666666666687,,0.0,0.0,0.08333333333333333,0.08333333333333333,0.5,300.0,,
"Large-scale production of (GeTe)x(AgSbTe2)100−x (x=75, 80, 85, 90) with enhanced thermoelectric properties via gas-atomization and spark plasma sintering.pdf",10.1016/j.actamat.2017.01.053,(GeTe)x(AgSbTe2)100-x,TAGS-90,(GeTe)90(AgSbTe2)10,,,,,,text,Section 3.2,,1.76,W/m.K,False,32.0,52.0,20.0,43.54545454545455,9.446280991735536,52.0,65.0,90.0,25.0,84.13636363636364,5.942148760330578,90.0,72.64,127.6,54.959999999999994,103.95400909090908,25.620552892561978,127.6,722.66,1234.93,512.2700000000001,954.1168181818181,236.03289256198352,722.66,11.0,16.0,5.0,14.909090909090908,1.0991735537190082,16.0,4.0,5.0,1.0,4.590909090909091,0.48347107438016534,5.0,120.0,145.0,25.0,131.0,9.0,138.0,1.93,2.1,0.17000000000000015,2.053181818181818,0.04681818181818195,2.1,1.0,2.0,1.0,1.9545454545454546,0.08677685950413219,2.0,0.0,4.0,4.0,2.9545454545454546,1.0495867768595042,4.0,10.0,10.0,0.0,10.0,0.0,10.0,0.0,0.0,0.0,0.0,0.0,0.0,11.0,16.0,5.0,14.909090909090908,1.0991735537190082,16.0,0.0,1.0,1.0,0.045454545454545456,0.08677685950413223,0.0,0.0,4.0,4.0,2.772727272727273,1.0247933884297522,2.0,0.0,0.0,0.0,0.0,0.0,0.0,0.0,0.0,0.0,0.0,0.0,0.0,1.0,4.0,3.0,2.8181818181818183,0.9834710743801653,2.0,16.33,34.7633333333,18.4333333333,28.969621212104542,6.029201101913222,34.7633333333,0.0,0.464,0.464,0.38868181818181813,0.07531818181818184,0.464,0.0,0.0,0.0,0.0,0.0,0.0,152.0,225.0,73.0,185.8181818181818,35.6198347107438,152.0,1.9545454545454546,2.9545454545454546,10.0,0.0,0.13109756097560976,0.19817073170731708,0.6707317073170732,0.0,8.258175511476624,0.08950000000000025,,0.0,0.0,0.045454545454545456,0.045454545454545456,0.5,300.0,,
"Large-scale production of (GeTe)x(AgSbTe2)100−x (x=75, 80, 85, 90) with enhanced thermoelectric properties via gas-atomization and spark plasma sintering.pdf",10.1016/j.actamat.2017.01.053,(GeTe)x(AgSbTe2)100-x,TAGS-75,(GeTe)75(AgSbTe2)25,Ge,75 mol%,multiple sites,,Ge (75 mol%) @ multiple sites site,figure,Fig. 7d,visually estimated from figure,2.0,W/m.K,False,32.0,52.0,20.0,45.4,8.04,52.0,65.0,90.0,25.0,83.7,6.56,90.0,72.64,127.6,54.959999999999994,108.55482,21.686215999999998,127.6,722.66,1234.93,512.2700000000001,938.621,222.92920000000004,722.66,11.0,16.0,5.0,14.8,1.24,16.0,4.0,5.0,1.0,4.7,0.42,5.0,120.0,145.0,25.0,133.4,8.039999999999997,138.0,1.93,2.1,0.17000000000000015,2.051,0.04900000000000013,2.1,1.0,2.0,1.0,1.9,0.18000000000000005,2.0,0.0,4.0,4.0,2.9,1.12,4.0,10.0,10.0,0.0,10.0,0.0,10.0,0.0,0.0,0.0,0.0,0.0,0.0,11.0,16.0,5.0,14.8,1.24,16.0,0.0,1.0,1.0,0.1,0.18,0.0,0.0,4.0,4.0,2.5,1.0,2.0,0.0,0.0,0.0,0.0,0.0,0.0,0.0,0.0,0.0,0.0,0.0,0.0,1.0,4.0,3.0,2.6,0.92,2.0,16.33,34.7633333333,18.4333333333,29.07216666665,6.188733333319999,34.7633333333,0.0,0.464,0.464,0.3469,0.13876000000000002,0.464,0.0,0.0,0.0,0.0,0.0,0.0,152.0,225.0,73.0,182.6,33.92,152.0,1.9,2.9,10.0,0.0,0.12837837837837837,0.19594594594594594,0.6756756756756757,0.0,9.713640759258476,0.09156250000000019,0.75,1.0,0.0,0.1,0.1,0.5,300.0,,
Low lattice thermal conductivity by alloying SnTe with AgSbTe2 and CaTe-MnTe.pdf,10.1063/1.5109465,SnTe-AgSbTe2,(Sn0.95Ca0.05)0.75(AgSbTe2)0.125,(Sn0.95Ca0.05)0.75(AgSbTe2)0.125,Ca,0.05,unclear,,Ca (0.05) @ unclear site,figure,,Visually estimated from Fig. 3c,1.5,W/m.K,False,20.0,52.0,32.0,49.3,2.218000000000002,50.0,7.0,90.0,83.0,78.80999999999999,7.070600000000009,80.0,40.078,127.6,87.52199999999999,117.34985999999999,6.532643600000002,118.71,505.08,1234.93,729.8500000000001,679.7485999999999,199.12220399999998,505.08,2.0,16.0,14.0,13.839999999999998,1.2784000000000015,14.0,4.0,5.0,1.0,4.97,0.05820000000000024,5.0,138.0,176.0,38.0,140.51,3.0273999999999934,139.0,1.0,2.1,1.1,1.9651999999999998,0.07087999999999997,1.96,1.0,2.0,1.0,1.9,0.18000000000000008,2.0,0.0,4.0,4.0,2.2399999999999998,0.8559999999999999,2.0,0.0,10.0,10.0,9.7,0.5820000000000006,10.0,0.0,0.0,0.0,0.0,0.0,0.0,2.0,16.0,14.0,13.839999999999998,1.2784000000000015,14.0,0.0,1.0,1.0,0.1,0.18,0.0,0.0,4.0,4.0,2.9799999999999995,1.1668,4.0,0.0,0.0,0.0,0.0,0.0,0.0,0.0,0.0,0.0,0.0,0.0,0.0,0.0,4.0,4.0,3.0799999999999996,1.0488,4.0,16.33,37.77,21.440000000000005,31.847216666659996,3.160886666664,33.285,0.0,0.464,0.464,0.09280000000000001,0.14848,0.0,0.0,0.0,0.0,0.0,0.0,0.0,141.0,225.0,84.0,156.61999999999998,19.654799999999987,141.0,1.9,2.2399999999999998,9.7,0.0,0.13728323699421965,0.16184971098265896,0.7008670520231214,0.0,10.043946681690443,0.18676652556170634,0.05,1.0,0.0,0.1,0.1,0.2,800.0,,
Low lattice thermal conductivity by alloying SnTe with AgSbTe2 and CaTe-MnTe.pdf,10.1063/1.5109465,SnTe-AgSbTe2,(Sn0.85Mn0.15)0.85(AgSbTe2)0.075,(Sn0.85Mn0.15)0.85(AgSbTe2)0.075,Mn,0.15,unclear,,Mn (0.15) @ unclear site,figure,,Visually estimated from Fig. 3c,1.2,W/m.K,False,25.0,52.0,27.0,47.35869565217392,5.004584120982982,50.0,52.0,90.0,38.0,77.54782608695653,7.301625708884681,80.0,54.938045,127.6,72.66195499999999,112.29103542391307,13.294293801465006,118.71,505.08,1519.0,1013.9200000000001,719.4739565217392,269.3906671077506,505.08,7.0,16.0,9.0,13.354347826086958,1.71609640831758,14.0,4.0,5.0,1.0,4.88913043478261,0.19715500945179515,5.0,138.0,145.0,7.0,139.2608695652174,0.7485822306238304,139.0,1.55,2.1,0.55,1.936717391304348,0.08662655954631365,1.96,1.0,2.0,1.0,1.9347826086956523,0.12192816635160672,2.0,0.0,4.0,4.0,1.9739130434782615,0.6951606805293004,2.0,5.0,10.0,5.0,9.445652173913047,0.985775047258977,10.0,0.0,0.0,0.0,0.0,0.0,0.0,7.0,16.0,9.0,13.354347826086958,1.71609640831758,14.0,0.0,1.0,1.0,0.06521739130434784,0.12192816635160683,0.0,0.0,4.0,4.0,2.9695652173913047,1.2987334593572781,4.0,0.0,5.0,5.0,0.5543478260869567,0.9857750472589796,0.0,0.0,0.0,0.0,0.0,0.0,0.0,1.0,5.0,4.0,3.58913043478261,0.829111531190926,4.0,10.4875862069,34.7633333333,24.2757471264,29.732025862065004,6.0153356446754955,33.285,0.0,0.464,0.464,0.06052173913043479,0.10525519848771268,0.0,0.0,0.000310120689655,0.000310120689655,3.43829460269674e-05,6.1141847500129e-05,0.0,141.0,225.0,84.0,157.96956521739133,22.879905482041607,141.0,1.9347826086956523,1.9739130434782615,9.445652173913047,0.0,0.14488035161972979,0.14781051603451087,0.7073091323457595,0.0,9.625097540110923,0.21726527756957978,0.15,1.0,0.0,0.06521739130434784,0.06521739130434784,0.13043478260869568,800.0,,
Low solubility and transport consequences of Eu addition in AgSbTe2 thermoelectrics.pdf,10.1016/j.physb.2026.418712,AgSbTe2,0 wt% Eu,AgSbTe2,,,,,,figure,Fig. 3d,Visually estimated from Fig. 3d,0.6,W/m.K,False,47.0,52.0,5.0,50.5,1.75,52.0,65.0,90.0,25.0,82.5,8.75,90.0,107.8682,127.6,19.731799999999993,121.20705,6.669425,127.6,722.66,1234.93,512.2700000000001,896.0074999999999,173.34750000000003,722.66,11.0,16.0,5.0,14.5,1.75,16.0,5.0,5.0,0.0,5.0,0.0,5.0,138.0,145.0,7.0,140.0,2.5,138.0,1.93,2.1,0.17000000000000015,2.045,0.05750000000000005,2.1,1.0,2.0,1.0,1.75,0.375,2.0,0.0,4.0,4.0,2.75,1.375,4.0,10.0,10.0,0.0,10.0,0.0,10.0,0.0,0.0,0.0,0.0,0.0,0.0,11.0,16.0,5.0,14.5,1.75,16.0,0.0,1.0,1.0,0.25,0.375,0.0,0.0,3.0,3.0,1.75,0.875,2.0,0.0,0.0,0.0,0.0,0.0,0.0,0.0,0.0,0.0,0.0,0.0,0.0,1.0,3.0,2.0,2.0,0.5,2.0,16.33,34.7633333333,18.4333333333,29.35416666665,6.512083333324999,34.7633333333,0.0,0.464,0.464,0.232,0.232,0.464,0.0,0.0,0.0,0.0,0.0,0.0,152.0,225.0,73.0,173.75,25.625,152.0,1.75,2.75,10.0,0.0,0.1206896551724138,0.1896551724137931,0.6896551724137931,0.0,8.644719482306641,0.11200000000000014,,0.0,0.0,0.25,0.25,0.5,300.0,,
Low solubility and transport consequences of Eu addition in AgSbTe2 thermoelectrics.pdf,10.1016/j.physb.2026.418712,AgSbTe2,0 wt% Eu,AgSbTe2,,,,,,figure,Fig. 3d,Visually estimated from Fig. 3d,0.8,W/m.K,False,47.0,52.0,5.0,50.5,1.75,52.0,65.0,90.0,25.0,82.5,8.75,90.0,107.8682,127.6,19.731799999999993,121.20705,6.669425,127.6,722.66,1234.93,512.2700000000001,896.0074999999999,173.34750000000003,722.66,11.0,16.0,5.0,14.5,1.75,16.0,5.0,5.0,0.0,5.0,0.0,5.0,138.0,145.0,7.0,140.0,2.5,138.0,1.93,2.1,0.17000000000000015,2.045,0.05750000000000005,2.1,1.0,2.0,1.0,1.75,0.375,2.0,0.0,4.0,4.0,2.75,1.375,4.0,10.0,10.0,0.0,10.0,0.0,10.0,0.0,0.0,0.0,0.0,0.0,0.0,11.0,16.0,5.0,14.5,1.75,16.0,0.0,1.0,1.0,0.25,0.375,0.0,0.0,3.0,3.0,1.75,0.875,2.0,0.0,0.0,0.0,0.0,0.0,0.0,0.0,0.0,0.0,0.0,0.0,0.0,1.0,3.0,2.0,2.0,0.5,2.0,16.33,34.7633333333,18.4333333333,29.35416666665,6.512083333324999,34.7633333333,0.0,0.464,0.464,0.232,0.232,0.464,0.0,0.0,0.0,0.0,0.0,0.0,152.0,225.0,73.0,173.75,25.625,152.0,1.75,2.75,10.0,0.0,0.1206896551724138,0.1896551724137931,0.6896551724137931,0.0,8.644719482306641,0.11200000000000014,,0.0,0.0,0.25,0.25,0.5,600.0,,
Nanostructures in high-performance (GeTe)x(AgSbTe2)100−x thermoelectric materials.pdf,10.1088/0957-4484/19/24/245707,AgSbTe2,TAGS-75,(GeTe)75(AgSbTe2)25,Ge,75 mol%,multiple sites,,Ge (75 mol%) @ multiple sites site,figure,,Visually estimated from Fig. 2(c),1.1,W/m.K,False,32.0,52.0,20.0,45.4,8.04,52.0,65.0,90.0,25.0,83.7,6.56,90.0,72.64,127.6,54.959999999999994,108.55482,21.686215999999998,127.6,722.66,1234.93,512.2700000000001,938.621,222.92920000000004,722.66,11.0,16.0,5.0,14.8,1.24,16.0,4.0,5.0,1.0,4.7,0.42,5.0,120.0,145.0,25.0,133.4,8.039999999999997,138.0,1.93,2.1,0.17000000000000015,2.051,0.04900000000000013,2.1,1.0,2.0,1.0,1.9,0.18000000000000005,2.0,0.0,4.0,4.0,2.9,1.12,4.0,10.0,10.0,0.0,10.0,0.0,10.0,0.0,0.0,0.0,0.0,0.0,0.0,11.0,16.0,5.0,14.8,1.24,16.0,0.0,1.0,1.0,0.1,0.18,0.0,0.0,4.0,4.0,2.5,1.0,2.0,0.0,0.0,0.0,0.0,0.0,0.0,0.0,0.0,0.0,0.0,0.0,0.0,1.0,4.0,3.0,2.6,0.92,2.0,16.33,34.7633333333,18.4333333333,29.07216666665,6.188733333319999,34.7633333333,0.0,0.464,0.464,0.3469,0.13876000000000002,0.464,0.0,0.0,0.0,0.0,0.0,0.0,152.0,225.0,73.0,182.6,33.92,152.0,1.9,2.9,10.0,0.0,0.12837837837837837,0.19594594594594594,0.6756756756756757,0.0,9.713640759258476,0.09156250000000019,0.75,1.0,0.0,0.1,0.1,0.5,300.0,,
Nanostructures in high-performance (GeTe)x(AgSbTe2)100−x thermoelectric materials.pdf,10.1088/0957-4484/19/24/245707,AgSbTe2,TAGS-75,(GeTe)75(AgSbTe2)25,Ge,75 mol%,multiple sites,,Ge (75 mol%) @ multiple sites site,figure,,Visually estimated from Fig. 2(c),1.1,W/m.K,False,32.0,52.0,20.0,45.4,8.04,52.0,65.0,90.0,25.0,83.7,6.56,90.0,72.64,127.6,54.959999999999994,108.55482,21.686215999999998,127.6,722.66,1234.93,512.2700000000001,938.621,222.92920000000004,722.66,11.0,16.0,5.0,14.8,1.24,16.0,4.0,5.0,1.0,4.7,0.42,5.0,120.0,145.0,25.0,133.4,8.039999999999997,138.0,1.93,2.1,0.17000000000000015,2.051,0.04900000000000013,2.1,1.0,2.0,1.0,1.9,0.18000000000000005,2.0,0.0,4.0,4.0,2.9,1.12,4.0,10.0,10.0,0.0,10.0,0.0,10.0,0.0,0.0,0.0,0.0,0.0,0.0,11.0,16.0,5.0,14.8,1.24,16.0,0.0,1.0,1.0,0.1,0.18,0.0,0.0,4.0,4.0,2.5,1.0,2.0,0.0,0.0,0.0,0.0,0.0,0.0,0.0,0.0,0.0,0.0,0.0,0.0,1.0,4.0,3.0,2.6,0.92,2.0,16.33,34.7633333333,18.4333333333,29.07216666665,6.188733333319999,34.7633333333,0.0,0.464,0.464,0.3469,0.13876000000000002,0.464,0.0,0.0,0.0,0.0,0.0,0.0,152.0,225.0,73.0,182.6,33.92,152.0,1.9,2.9,10.0,0.0,0.12837837837837837,0.19594594594594594,0.6756756756756757,0.0,9.713640759258476,0.09156250000000019,0.75,1.0,0.0,0.1,0.1,0.5,720.0,,
Nanostructures in high-performance (GeTe)x(AgSbTe2)100−x thermoelectric materials.pdf,10.1088/0957-4484/19/24/245707,AgSbTe2,TAGS-80,(GeTe)80(AgSbTe2)20,Ge,80 mol%,multiple sites,,Ge (80 mol%) @ multiple sites site,figure,,Visually estimated from Fig. 2(c),1.0,W/m.K,False,32.0,52.0,20.0,44.833333333333336,8.555555555555555,52.0,65.0,90.0,25.0,83.83333333333333,6.3611111111111125,90.0,72.64,127.6,54.959999999999994,107.14901666666668,23.006011111111107,127.6,722.66,1234.93,512.2700000000001,943.3558333333334,227.2918055555556,722.66,11.0,16.0,5.0,14.833333333333334,1.1944444444444444,16.0,4.0,5.0,1.0,4.666666666666667,0.4444444444444443,5.0,120.0,145.0,25.0,132.66666666666666,8.444444444444448,138.0,1.93,2.1,0.17000000000000015,2.0516666666666667,0.04833333333333347,2.1,1.0,2.0,1.0,1.9166666666666667,0.1527777777777777,2.0,0.0,4.0,4.0,2.9166666666666665,1.0972222222222223,4.0,10.0,10.0,0.0,10.0,0.0,10.0,0.0,0.0,0.0,0.0,0.0,0.0,11.0,16.0,5.0,14.833333333333334,1.1944444444444444,16.0,0.0,1.0,1.0,0.08333333333333333,0.15277777777777776,0.0,0.0,4.0,4.0,2.5833333333333335,1.0138888888888888,2.0,0.0,0.0,0.0,0.0,0.0,0.0,0.0,0.0,0.0,0.0,0.0,0.0,1.0,4.0,3.0,2.6666666666666665,0.9444444444444444,2.0,16.33,34.7633333333,18.4333333333,29.040833333316662,6.142361111097221,34.7633333333,0.0,0.464,0.464,0.35966666666666663,0.11988888888888892,0.464,0.0,0.0,0.0,0.0,0.0,0.0,152.0,225.0,73.0,183.58333333333334,34.51388888888889,152.0,1.9166666666666667,2.9166666666666665,10.0,0.0,0.12921348314606743,0.19662921348314605,0.6741573033707865,0.0,9.369807337518013,0.09066666666666687,0.8,1.0,0.0,0.08333333333333333,0.08333333333333333,0.5,300.0,,
Nanostructures in high-performance (GeTe)x(AgSbTe2)100−x thermoelectric materials.pdf,10.1088/0957-4484/19/24/245707,AgSbTe2,TAGS-80,(GeTe)80(AgSbTe2)20,Ge,80 mol%,multiple sites,,Ge (80 mol%) @ multiple sites site,figure,,Visually estimated from Fig. 2(c),1.0,W/m.K,False,32.0,52.0,20.0,44.833333333333336,8.555555555555555,52.0,65.0,90.0,25.0,83.83333333333333,6.3611111111111125,90.0,72.64,127.6,54.959999999999994,107.14901666666668,23.006011111111107,127.6,722.66,1234.93,512.2700000000001,943.3558333333334,227.2918055555556,722.66,11.0,16.0,5.0,14.833333333333334,1.1944444444444444,16.0,4.0,5.0,1.0,4.666666666666667,0.4444444444444443,5.0,120.0,145.0,25.0,132.66666666666666,8.444444444444448,138.0,1.93,2.1,0.17000000000000015,2.0516666666666667,0.04833333333333347,2.1,1.0,2.0,1.0,1.9166666666666667,0.1527777777777777,2.0,0.0,4.0,4.0,2.9166666666666665,1.0972222222222223,4.0,10.0,10.0,0.0,10.0,0.0,10.0,0.0,0.0,0.0,0.0,0.0,0.0,11.0,16.0,5.0,14.833333333333334,1.1944444444444444,16.0,0.0,1.0,1.0,0.08333333333333333,0.15277777777777776,0.0,0.0,4.0,4.0,2.5833333333333335,1.0138888888888888,2.0,0.0,0.0,0.0,0.0,0.0,0.0,0.0,0.0,0.0,0.0,0.0,0.0,1.0,4.0,3.0,2.6666666666666665,0.9444444444444444,2.0,16.33,34.7633333333,18.4333333333,29.040833333316662,6.142361111097221,34.7633333333,0.0,0.464,0.464,0.35966666666666663,0.11988888888888892,0.464,0.0,0.0,0.0,0.0,0.0,0.0,152.0,225.0,73.0,183.58333333333334,34.51388888888889,152.0,1.9166666666666667,2.9166666666666665,10.0,0.0,0.12921348314606743,0.19662921348314605,0.6741573033707865,0.0,9.369807337518013,0.09066666666666687,0.8,1.0,0.0,0.08333333333333333,0.08333333333333333,0.5,720.0,,
Nanostructures in high-performance (GeTe)x(AgSbTe2)100−x thermoelectric materials.pdf,10.1088/0957-4484/19/24/245707,AgSbTe2,TAGS-85,(GeTe)85(AgSbTe2)15,Ge,85 mol%,multiple sites,,Ge (85 mol%) @ multiple sites site,figure,,Visually estimated from Fig. 2(c),1.4,W/m.K,False,32.0,52.0,20.0,44.21739130434783,9.030245746691872,52.0,65.0,90.0,25.0,83.97826086956522,6.155009451795841,90.0,72.64,127.6,54.959999999999994,105.62096956521741,24.377238374291107,127.6,722.66,1234.93,512.2700000000001,948.5023913043481,231.67574669187155,722.66,11.0,16.0,5.0,14.869565217391305,1.1474480151228734,16.0,4.0,5.0,1.0,4.630434782608695,0.4659735349716447,5.0,120.0,145.0,25.0,131.8695652173913,8.773156899810962,138.0,1.93,2.1,0.17000000000000015,2.052391304347826,0.04760869565217406,2.1,1.0,2.0,1.0,1.934782608695652,0.12192816635160686,2.0,0.0,4.0,4.0,2.9347826086956523,1.0737240075614367,4.0,10.0,10.0,0.0,10.0,0.0,10.0,0.0,0.0,0.0,0.0,0.0,0.0,11.0,16.0,5.0,14.869565217391305,1.1474480151228734,16.0,0.0,1.0,1.0,0.06521739130434782,0.12192816635160683,0.0,0.0,4.0,4.0,2.6739130434782608,1.0226843100189036,2.0,0.0,0.0,0.0,0.0,0.0,0.0,0.0,0.0,0.0,0.0,0.0,0.0,1.0,4.0,3.0,2.739130434782609,0.9659735349716446,2.0,16.33,34.7633333333,18.4333333333,29.006775362302168,6.089587271567107,34.7633333333,0.0,0.464,0.464,0.37354347826086953,0.09744612476370514,0.464,0.0,0.0,0.0,0.0,0.0,0.0,152.0,225.0,73.0,184.65217391304347,35.08506616257089,152.0,1.934782608695652,2.9347826086956523,10.0,0.0,0.13011695906432746,0.19736842105263158,0.672514619883041,0.0,8.900964213004231,0.08995312500000023,0.85,1.0,0.0,0.06521739130434782,0.06521739130434782,0.5,300.0,,
Nanostructures in high-performance (GeTe)x(AgSbTe2)100−x thermoelectric materials.pdf,10.1088/0957-4484/19/24/245707,AgSbTe2,TAGS-85,(GeTe)85(AgSbTe2)15,Ge,85 mol%,multiple sites,,Ge (85 mol%) @ multiple sites site,figure,,Visually estimated from Fig. 2(c),1.4,W/m.K,False,32.0,52.0,20.0,44.21739130434783,9.030245746691872,52.0,65.0,90.0,25.0,83.97826086956522,6.155009451795841,90.0,72.64,127.6,54.959999999999994,105.62096956521741,24.377238374291107,127.6,722.66,1234.93,512.2700000000001,948.5023913043481,231.67574669187155,722.66,11.0,16.0,5.0,14.869565217391305,1.1474480151228734,16.0,4.0,5.0,1.0,4.630434782608695,0.4659735349716447,5.0,120.0,145.0,25.0,131.8695652173913,8.773156899810962,138.0,1.93,2.1,0.17000000000000015,2.052391304347826,0.04760869565217406,2.1,1.0,2.0,1.0,1.934782608695652,0.12192816635160686,2.0,0.0,4.0,4.0,2.9347826086956523,1.0737240075614367,4.0,10.0,10.0,0.0,10.0,0.0,10.0,0.0,0.0,0.0,0.0,0.0,0.0,11.0,16.0,5.0,14.869565217391305,1.1474480151228734,16.0,0.0,1.0,1.0,0.06521739130434782,0.12192816635160683,0.0,0.0,4.0,4.0,2.6739130434782608,1.0226843100189036,2.0,0.0,0.0,0.0,0.0,0.0,0.0,0.0,0.0,0.0,0.0,0.0,0.0,1.0,4.0,3.0,2.739130434782609,0.9659735349716446,2.0,16.33,34.7633333333,18.4333333333,29.006775362302168,6.089587271567107,34.7633333333,0.0,0.464,0.464,0.37354347826086953,0.09744612476370514,0.464,0.0,0.0,0.0,0.0,0.0,0.0,152.0,225.0,73.0,184.65217391304347,35.08506616257089,152.0,1.934782608695652,2.9347826086956523,10.0,0.0,0.13011695906432746,0.19736842105263158,0.672514619883041,0.0,8.900964213004231,0.08995312500000023,0.85,1.0,0.0,0.06521739130434782,0.06521739130434782,0.5,720.0,,
Nanostructures in high-performance (GeTe)x(AgSbTe2)100−x thermoelectric materials.pdf,10.1088/0957-4484/19/24/245707,AgSbTe2,TAGS-90,(GeTe)90(AgSbTe2)10,Ge,90 mol%,multiple sites,,Ge (90 mol%) @ multiple sites site,figure,,Visually estimated from Fig. 2(c),2.4,W/m.K,False,32.0,52.0,20.0,43.54545454545455,9.446280991735536,52.0,65.0,90.0,25.0,84.13636363636364,5.942148760330578,90.0,72.64,127.6,54.959999999999994,103.95400909090908,25.620552892561978,127.6,722.66,1234.93,512.2700000000001,954.1168181818181,236.03289256198352,722.66,11.0,16.0,5.0,14.909090909090908,1.0991735537190082,16.0,4.0,5.0,1.0,4.590909090909091,0.48347107438016534,5.0,120.0,145.0,25.0,131.0,9.0,138.0,1.93,2.1,0.17000000000000015,2.053181818181818,0.04681818181818195,2.1,1.0,2.0,1.0,1.9545454545454546,0.08677685950413219,2.0,0.0,4.0,4.0,2.9545454545454546,1.0495867768595042,4.0,10.0,10.0,0.0,10.0,0.0,10.0,0.0,0.0,0.0,0.0,0.0,0.0,11.0,16.0,5.0,14.909090909090908,1.0991735537190082,16.0,0.0,1.0,1.0,0.045454545454545456,0.08677685950413223,0.0,0.0,4.0,4.0,2.772727272727273,1.0247933884297522,2.0,0.0,0.0,0.0,0.0,0.0,0.0,0.0,0.0,0.0,0.0,0.0,0.0,1.0,4.0,3.0,2.8181818181818183,0.9834710743801653,2.0,16.33,34.7633333333,18.4333333333,28.969621212104542,6.029201101913222,34.7633333333,0.0,0.464,0.464,0.38868181818181813,0.07531818181818184,0.464,0.0,0.0,0.0,0.0,0.0,0.0,152.0,225.0,73.0,185.8181818181818,35.6198347107438,152.0,1.9545454545454546,2.9545454545454546,10.0,0.0,0.13109756097560976,0.19817073170731708,0.6707317073170732,0.0,8.258175511476624,0.08950000000000025,0.9,1.0,0.0,0.045454545454545456,0.045454545454545456,0.5,300.0,,
Nanostructures in high-performance (GeTe)x(AgSbTe2)100−x thermoelectric materials.pdf,10.1088/0957-4484/19/24/245707,AgSbTe2,TAGS-90,(GeTe)90(AgSbTe2)10,Ge,90 mol%,multiple sites,,Ge (90 mol%) @ multiple sites site,figure,,Visually estimated from Fig. 2(c),2.5,W/m.K,False,32.0,52.0,20.0,43.54545454545455,9.446280991735536,52.0,65.0,90.0,25.0,84.13636363636364,5.942148760330578,90.0,72.64,127.6,54.959999999999994,103.95400909090908,25.620552892561978,127.6,722.66,1234.93,512.2700000000001,954.1168181818181,236.03289256198352,722.66,11.0,16.0,5.0,14.909090909090908,1.0991735537190082,16.0,4.0,5.0,1.0,4.590909090909091,0.48347107438016534,5.0,120.0,145.0,25.0,131.0,9.0,138.0,1.93,2.1,0.17000000000000015,2.053181818181818,0.04681818181818195,2.1,1.0,2.0,1.0,1.9545454545454546,0.08677685950413219,2.0,0.0,4.0,4.0,2.9545454545454546,1.0495867768595042,4.0,10.0,10.0,0.0,10.0,0.0,10.0,0.0,0.0,0.0,0.0,0.0,0.0,11.0,16.0,5.0,14.909090909090908,1.0991735537190082,16.0,0.0,1.0,1.0,0.045454545454545456,0.08677685950413223,0.0,0.0,4.0,4.0,2.772727272727273,1.0247933884297522,2.0,0.0,0.0,0.0,0.0,0.0,0.0,0.0,0.0,0.0,0.0,0.0,0.0,1.0,4.0,3.0,2.8181818181818183,0.9834710743801653,2.0,16.33,34.7633333333,18.4333333333,28.969621212104542,6.029201101913222,34.7633333333,0.0,0.464,0.464,0.38868181818181813,0.07531818181818184,0.464,0.0,0.0,0.0,0.0,0.0,0.0,152.0,225.0,73.0,185.8181818181818,35.6198347107438,152.0,1.9545454545454546,2.9545454545454546,10.0,0.0,0.13109756097560976,0.19817073170731708,0.6707317073170732,0.0,8.258175511476624,0.08950000000000025,0.9,1.0,0.0,0.045454545454545456,0.045454545454545456,0.5,720.0,,
Optimized Carrier Concentration and Reduced Thermal Conductivity in Cu-Deficient CuGaTe2 Alloyed with AgSbTe2 for Superior Thermoelectric Performance.pdf,10.1021/acsami.6c05111,Cu0.96GaTe2-AgSbTe2,Cu0.96GaTe2,Cu0.96GaTe2,Cu vacancy,0.04,Ag,,Cu vacancy (0.04) @ Ag site,body text,,,5.57,W/m.K,False,29.0,52.0,23.0,41.121212121212125,10.98867462503826,52.0,64.0,90.0,26.0,79.65656565656566,10.447913478216508,90.0,63.546,127.6,64.054,97.45635353535353,30.448127742067133,127.6,302.91,1357.77,1054.86,770.6285858585858,284.6746250382614,722.66,11.0,16.0,5.0,14.030303030303031,1.9895928986838078,16.0,4.0,5.0,1.0,4.505050505050505,0.49994898479746963,5.0,122.0,138.0,16.0,132.50505050505052,5.55045403530252,138.0,1.81,2.1,0.29000000000000004,1.9782828282828282,0.1229466380981533,2.1,1.0,2.0,1.0,1.7575757575757576,0.36730945821854916,2.0,0.0,4.0,4.0,2.272727272727273,1.7447199265381084,4.0,10.0,10.0,0.0,10.0,0.0,10.0,0.0,0.0,0.0,0.0,0.0,0.0,11.0,16.0,5.0,14.030303030303031,1.9895928986838078,16.0,0.0,1.0,1.0,0.24242424242424243,0.36730945821854916,0.0,0.0,5.0,5.0,2.272727272727273,1.3774104683195594,2.0,0.0,0.0,0.0,0.0,0.0,0.0,0.0,0.0,0.0,0.0,0.0,0.0,1.0,5.0,4.0,2.5151515151515156,1.2549739822467099,2.0,11.07,34.7633333333,23.693333333299996,25.002870370353534,9.85905349792572,34.7633333333,0.0,0.464,0.464,0.23434343434343435,0.23197632894602593,0.464,0.0,0.0,0.0,0.0,0.0,0.0,64.0,225.0,161.0,147.4747474747475,42.158963371084575,152.0,1.7575757575757576,2.272727272727273,10.0,0.0,0.12526997840172785,0.16198704103671707,0.712742980561555,0.0,8.61433146760054,0.21524590163934437,0.04,1.0,0.0,0.0,0.0,0.5050505050505051,303.0,,
Optimized Carrier Concentration and Reduced Thermal Conductivity in Cu-Deficient CuGaTe2 Alloyed with AgSbTe2 for Superior Thermoelectric Performance.pdf,10.1021/acsami.6c05111,Cu0.96GaTe2-AgSbTe2,(Cu0.96GaTe2)0.89(AgSbTe2)0.11,(Cu0.96GaTe2)0.89(AgSbTe2)0.11,AgSbTe2,0.11,multiple sites,,AgSbTe2 (0.11) @ multiple sites site,body text,,,3.37,W/m.K,False,29.0,52.0,23.0,42.162143073352844,10.685118745412518,52.0,64.0,90.0,26.0,79.97215215417215,10.396911994095852,90.0,63.546,127.6,64.054,100.09239087882152,29.388555266378894,127.6,302.91,1357.77,1054.86,784.5441146201191,278.6916513228454,722.66,11.0,16.0,5.0,14.082433659570176,1.9857052660210535,16.0,4.0,5.0,1.0,4.55998385632126,0.492803873961661,5.0,122.0,145.0,23.0,133.33689839572193,5.6664744029347816,138.0,1.81,2.1,0.29000000000000004,1.985687619816366,0.11890784087754443,2.1,1.0,2.0,1.0,1.7567349409746746,0.36817434016546075,2.0,0.0,4.0,4.0,2.3256987185955005,1.7267559801046795,4.0,10.0,10.0,0.0,10.000000000000004,3.552713678800501e-15,10.0,0.0,0.0,0.0,0.0,0.0,0.0,11.0,16.0,5.0,14.082433659570176,1.9857052660210535,16.0,0.0,1.0,1.0,0.24326505902532541,0.3681743401654608,0.0,0.0,5.0,5.0,2.214710927252548,1.294162583365681,2.0,0.0,0.0,0.0,0.0,0.0,0.0,0.0,0.0,0.0,0.0,0.0,0.0,1.0,5.0,4.0,2.4579759862778734,1.1714378033105273,2.0,11.07,34.7633333333,23.693333333299996,25.48581113575825,9.697914019851728,34.7633333333,0.0,0.464,0.464,0.2340833417414994,0.2319812917551213,0.464,0.0,0.0,0.0,0.0,0.0,0.0,64.0,225.0,161.0,150.3909797195036,38.78920994367782,152.0,1.7567349409746746,2.3256987185955005,10.000000000000004,0.0,0.12474654476932887,0.16514892062104594,0.7101045346096254,0.0,10.062442434048231,0.20224062375370794,0.11,1.0,0.0,0.027746947835738073,0.027746947835738073,0.5044899606497831,303.0,,
Peng2014.pdf,10.1039/c3ta13729e,Yb0.2Co4Sb12,Matrix,Yb0.2Co4Sb12,,,,,,Table 1,,,2.94,W/m.K,False,27.0,70.0,43.0,45.308641975308646,9.04130467916476,51.0,39.0,85.0,46.0,77.76543209876543,10.717878372199362,85.0,58.933195,173.054,114.120805,106.88046790123458,23.67766563023929,121.76,903.78,1768.0,864.22,1119.4913580246916,320.25118122237484,903.78,3.0,15.0,12.0,13.37037037037037,2.414266117969822,15.0,4.0,6.0,2.0,4.765432098765433,0.3779911598841636,5.0,126.0,187.0,61.0,136.38271604938274,5.127267184880344,139.0,1.26,2.05,0.7899999999999998,1.9982716049382716,0.07663465935070864,2.05,2.0,2.0,0.0,2.0,0.0,2.0,0.0,3.0,3.0,2.2222222222222223,1.1522633744855966,3.0,0.0,10.0,10.0,9.135802469135802,1.2802926383173299,10.0,0.0,14.0,14.0,0.17283950617283952,0.3414113702179546,0.0,9.0,16.0,7.0,13.530864197530864,2.2374638012498096,15.0,0.0,0.0,0.0,0.0,0.0,0.0,0.0,3.0,3.0,2.2222222222222223,1.1522633744855966,3.0,0.0,3.0,3.0,0.7407407407407408,1.1156835848193876,0.0,0.0,0.0,0.0,0.0,0.0,0.0,0.0,3.0,3.0,2.9629629629629632,0.07315957933241857,3.0,10.245,34.12,23.875,26.32864197530864,7.942539247065998,31.56,0.0,0.0,0.0,0.0,0.0,0.0,0.0,1.5484712,1.5484712,0.3823385679012346,0.5758679664685262,0.0,166.0,225.0,59.0,173.64197530864197,11.321444901691814,166.0,2.0,2.2222222222222223,9.135802469135802,0.17283950617283952,0.1478102189781022,0.1642335766423358,0.6751824817518248,0.012773722627737228,5.170883612010259,0.2160937499999999,,0.0,0.0,0.0,0.7407407407407408,0.0,300.0,,
Peng2014.pdf,10.1039/c3ta13729e,Yb0.2Co4Sb12,Matrix-2 wt% AgSbTe2,Yb0.2Co4Sb12-2 wt% AgSbTe2,Te,less than y = 0.02,Sb,,Te (less than y = 0.02) @ Sb site,Table 1,,,3.25,W/m.K,True,47.0,52.0,5.0,50.504999999999995,1.7525000000000022,52.0,65.0,90.0,25.0,82.525,8.762499999999996,90.0,107.8682,127.6,19.731799999999993,121.23625,6.684024999999999,127.6,722.66,1234.93,512.2700000000001,895.1018999999999,174.16631900000004,722.66,11.0,16.0,5.0,14.504999999999999,1.7525000000000004,16.0,5.0,5.0,0.0,5.0,0.0,5.0,138.0,145.0,7.0,139.995,2.502500000000002,138.0,1.93,2.1,0.17000000000000015,2.0452500000000002,0.0576249999999999,2.1,1.0,2.0,1.0,1.75,0.375,2.0,0.0,4.0,4.0,2.755,1.3775,4.0,10.0,10.0,0.0,10.0,0.0,10.0,0.0,0.0,0.0,0.0,0.0,0.0,11.0,16.0,5.0,14.504999999999999,1.7525000000000004,16.0,0.0,1.0,1.0,0.25,0.375,0.0,0.0,3.0,3.0,1.745,0.8724999999999999,2.0,0.0,0.0,0.0,0.0,0.0,0.0,0.0,0.0,0.0,0.0,0.0,0.0,1.0,3.0,2.0,1.995,0.49749999999999994,2.0,16.33,34.7633333333,18.4333333333,29.370183333316497,6.520091666658249,34.7633333333,0.0,0.464,0.464,0.23432,0.2319768,0.464,0.0,0.0,0.0,0.0,0.0,0.0,152.0,225.0,73.0,173.68,25.660000000000004,152.0,1.75,2.755,10.0,0.0,0.12064805239572562,0.18993450534298517,0.6894174422612892,0.0,8.615278055891286,0.11245481564784335,0.02,1.0,0.0,0.25,0.245,0.505,300.0,1.0,0.21000000000000008
Peng2014.pdf,10.1039/c3ta13729e,Yb0.2Co4Sb12,Matrix-4 wt% AgSbTe2,Yb0.2Co4Sb12-4 wt% AgSbTe2,Te,less than y = 0.02,Sb,,Te (less than y = 0.02) @ Sb site,Table 1,,,2.62,W/m.K,True,47.0,52.0,5.0,50.504999999999995,1.7525000000000022,52.0,65.0,90.0,25.0,82.525,8.762499999999996,90.0,107.8682,127.6,19.731799999999993,121.23625,6.684024999999999,127.6,722.66,1234.93,512.2700000000001,895.1018999999999,174.16631900000004,722.66,11.0,16.0,5.0,14.504999999999999,1.7525000000000004,16.0,5.0,5.0,0.0,5.0,0.0,5.0,138.0,145.0,7.0,139.995,2.502500000000002,138.0,1.93,2.1,0.17000000000000015,2.0452500000000002,0.0576249999999999,2.1,1.0,2.0,1.0,1.75,0.375,2.0,0.0,4.0,4.0,2.755,1.3775,4.0,10.0,10.0,0.0,10.0,0.0,10.0,0.0,0.0,0.0,0.0,0.0,0.0,11.0,16.0,5.0,14.504999999999999,1.7525000000000004,16.0,0.0,1.0,1.0,0.25,0.375,0.0,0.0,3.0,3.0,1.745,0.8724999999999999,2.0,0.0,0.0,0.0,0.0,0.0,0.0,0.0,0.0,0.0,0.0,0.0,0.0,1.0,3.0,2.0,1.995,0.49749999999999994,2.0,16.33,34.7633333333,18.4333333333,29.370183333316497,6.520091666658249,34.7633333333,0.0,0.464,0.464,0.23432,0.2319768,0.464,0.0,0.0,0.0,0.0,0.0,0.0,152.0,225.0,73.0,173.68,25.660000000000004,152.0,1.75,2.755,10.0,0.0,0.12064805239572562,0.18993450534298517,0.6894174422612892,0.0,8.615278055891286,0.11245481564784335,0.02,1.0,0.0,0.25,0.245,0.505,300.0,1.0,0.21000000000000008
Peng2014.pdf,10.1039/c3ta13729e,Yb0.2Co4Sb12,Matrix-6 wt% AgSbTe2,Yb0.2Co4Sb12-6 wt% AgSbTe2,Te,less than y = 0.02,Sb,,Te (less than y = 0.02) @ Sb site,Table 1,,,3.31,W/m.K,True,47.0,52.0,5.0,50.504999999999995,1.7525000000000022,52.0,65.0,90.0,25.0,82.525,8.762499999999996,90.0,107.8682,127.6,19.731799999999993,121.23625,6.684024999999999,127.6,722.66,1234.93,512.2700000000001,895.1018999999999,174.16631900000004,722.66,11.0,16.0,5.0,14.504999999999999,1.7525000000000004,16.0,5.0,5.0,0.0,5.0,0.0,5.0,138.0,145.0,7.0,139.995,2.502500000000002,138.0,1.93,2.1,0.17000000000000015,2.0452500000000002,0.0576249999999999,2.1,1.0,2.0,1.0,1.75,0.375,2.0,0.0,4.0,4.0,2.755,1.3775,4.0,10.0,10.0,0.0,10.0,0.0,10.0,0.0,0.0,0.0,0.0,0.0,0.0,11.0,16.0,5.0,14.504999999999999,1.7525000000000004,16.0,0.0,1.0,1.0,0.25,0.375,0.0,0.0,3.0,3.0,1.745,0.8724999999999999,2.0,0.0,0.0,0.0,0.0,0.0,0.0,0.0,0.0,0.0,0.0,0.0,0.0,1.0,3.0,2.0,1.995,0.49749999999999994,2.0,16.33,34.7633333333,18.4333333333,29.370183333316497,6.520091666658249,34.7633333333,0.0,0.464,0.464,0.23432,0.2319768,0.464,0.0,0.0,0.0,0.0,0.0,0.0,152.0,225.0,73.0,173.68,25.660000000000004,152.0,1.75,2.755,10.0,0.0,0.12064805239572562,0.18993450534298517,0.6894174422612892,0.0,8.615278055891286,0.11245481564784335,0.02,1.0,0.0,0.25,0.245,0.505,300.0,1.0,0.21000000000000008
Peng2014.pdf,10.1039/c3ta13729e,Yb0.2Co4Sb12,Matrix-8 wt% AgSbTe2,Yb0.2Co4Sb12-8 wt% AgSbTe2,Te,less than y = 0.02,Sb,,Te (less than y = 0.02) @ Sb site,Table 1,,,2.41,W/m.K,True,47.0,52.0,5.0,50.504999999999995,1.7525000000000022,52.0,65.0,90.0,25.0,82.525,8.762499999999996,90.0,107.8682,127.6,19.731799999999993,121.23625,6.684024999999999,127.6,722.66,1234.93,512.2700000000001,895.1018999999999,174.16631900000004,722.66,11.0,16.0,5.0,14.504999999999999,1.7525000000000004,16.0,5.0,5.0,0.0,5.0,0.0,5.0,138.0,145.0,7.0,139.995,2.502500000000002,138.0,1.93,2.1,0.17000000000000015,2.0452500000000002,0.0576249999999999,2.1,1.0,2.0,1.0,1.75,0.375,2.0,0.0,4.0,4.0,2.755,1.3775,4.0,10.0,10.0,0.0,10.0,0.0,10.0,0.0,0.0,0.0,0.0,0.0,0.0,11.0,16.0,5.0,14.504999999999999,1.7525000000000004,16.0,0.0,1.0,1.0,0.25,0.375,0.0,0.0,3.0,3.0,1.745,0.8724999999999999,2.0,0.0,0.0,0.0,0.0,0.0,0.0,0.0,0.0,0.0,0.0,0.0,0.0,1.0,3.0,2.0,1.995,0.49749999999999994,2.0,16.33,34.7633333333,18.4333333333,29.370183333316497,6.520091666658249,34.7633333333,0.0,0.464,0.464,0.23432,0.2319768,0.464,0.0,0.0,0.0,0.0,0.0,0.0,152.0,225.0,73.0,173.68,25.660000000000004,152.0,1.75,2.755,10.0,0.0,0.12064805239572562,0.18993450534298517,0.6894174422612892,0.0,8.615278055891286,0.11245481564784335,0.02,1.0,0.0,0.25,0.245,0.505,300.0,1.0,0.21000000000000008
"Phase compositions, nanoscale microstructures and thermoelectric properties in Ag2−ySbyTe1+y alloys with precipitated Sb2Te3 plates.pdf",10.1016/j.actamat.2010.04.007,Ag2-ySbTe1+y,Ag0.71Sb1.29Te2.29,Ag0.71Sb1.29Te2.29,Sb,1.29,unclear,,Sb (1.29) @ unclear site,body text,,,0.6,W/m.K,False,47.0,52.0,5.0,50.871794871794876,1.2815731277269713,52.0,65.0,90.0,25.0,84.35897435897435,6.407865638634874,90.0,107.8682,127.6,19.731799999999993,122.57828018648019,5.361183390657511,127.6,722.66,1234.93,512.2700000000001,861.9039393939394,148.6566998657908,722.66,11.0,16.0,5.0,14.87179487179487,1.2815731277269748,16.0,5.0,5.0,0.0,5.0,0.0,5.0,138.0,145.0,7.0,139.45920745920745,1.8340152466026516,138.0,1.93,2.1,0.17000000000000015,2.0568298368298366,0.046088425948565936,2.1,1.0,2.0,1.0,1.8344988344988344,0.2762210594378427,2.0,0.0,4.0,4.0,3.0372960372960374,1.0277818529566782,4.0,10.0,10.0,0.0,10.0,0.0,10.0,0.0,0.0,0.0,0.0,0.0,0.0,11.0,16.0,5.0,14.87179487179487,1.2815731277269748,16.0,0.0,1.0,1.0,0.1655011655011655,0.27622105943784264,0.0,0.0,3.0,3.0,1.9696969696969695,0.6519742883379248,2.0,0.0,0.0,0.0,0.0,0.0,0.0,0.0,0.0,0.0,0.0,0.0,0.0,1.0,3.0,2.0,2.1351981351981353,0.520090631978744,2.0,16.33,34.7633333333,18.4333333333,30.749355089337296,4.772840146120968,34.7633333333,0.0,0.464,0.464,0.24768298368298372,0.23093984492585892,0.464,0.0,0.0,0.0,0.0,0.0,0.0,152.0,225.0,73.0,168.2913752913753,18.770686966491162,152.0,1.8344988344988344,3.0372960372960374,10.0,0.0,0.12335423197492164,0.20423197492163012,0.6724137931034483,0.0,8.265556677035,0.09716625120544423,0.0129,1.0,0.0,0.1655011655011655,0.30069930069930073,0.5337995337995338,300.0,,
Physica Status Solidi  a - 2011 - Yusufu - Thermoelectric properties and microstructures of AgSbTe2‐added p‐type Pb0 16Ge0.pdf,10.1002/pssa.201127194,"AgSbTe2-(Pb,Ge)Te",(Ag0.5Sb0.5Te)25(Pb0.16Ge0.84Te)75,(Ag0.5Sb0.5Te)25(Pb0.16Ge0.84Te)75,Pb,x=75,unclear,Ge (x=75) @ unclear,Pb (x=75) @ unclear site; Ge (x=75) @ unclear site,figure,Fig. 5a,Visually estimated from figure,2.0,W/m.K,False,32.0,82.0,50.0,47.125,9.544375,52.0,65.0,90.0,25.0,84.12,5.99,90.0,72.64,207.2,134.56,113.46536250000001,26.419623687499993,127.6,600.61,1234.93,634.32,912.6269750000001,228.5148838750001,722.66,11.0,16.0,5.0,14.875,1.140625,16.0,4.0,6.0,2.0,4.745,0.46935000000000004,5.0,120.0,146.0,26.0,133.31,8.385299999999999,138.0,1.93,2.33,0.40000000000000013,2.0717,0.05929600000000015,2.1,1.0,2.0,1.0,1.9375,0.1171875,2.0,0.0,4.0,4.0,2.9375,1.0703125,4.0,10.0,10.0,0.0,10.0,0.0,10.0,0.0,14.0,14.0,0.84,1.5792000000000002,0.0,11.0,28.0,17.0,15.715,1.7592,16.0,0.0,1.0,1.0,0.0625,0.1171875,0.0,0.0,4.0,4.0,2.6875,1.0234375,2.0,0.0,0.0,0.0,0.0,0.0,0.0,0.0,0.0,0.0,0.0,0.0,0.0,1.0,4.0,3.0,2.75,0.96875,2.0,16.33,34.7633333333,18.4333333333,29.307966666649996,5.73687083331875,34.7633333333,0.0,0.464,0.464,0.35264500000000004,0.13047865,0.464,0.0,0.0,0.0,0.0,0.0,0.0,152.0,225.0,73.0,184.8125,35.1640625,152.0,1.9375,2.9375,10.0,0.84,0.12328985046134266,0.18692332166719694,0.6363347120585428,0.053452115812917596,10.192153922293974,0.1231828579248863,0.75,2.0,1.0,0.0625,0.0625,0.5,300.0,,
Physica Status Solidi  a - 2011 - Yusufu - Thermoelectric properties and microstructures of AgSbTe2‐added p‐type Pb0 16Ge0.pdf,10.1002/pssa.201127194,"AgSbTe2-(Pb,Ge)Te",(Ag0.5Sb0.5Te)25(Pb0.16Ge0.84Te)75,(Ag0.5Sb0.5Te)25(Pb0.16Ge0.84Te)75,Pb,x=75,unclear,Ge (x=75) @ unclear,Pb (x=75) @ unclear site; Ge (x=75) @ unclear site,figure,Fig. 5a,Visually estimated from figure,1.8,W/m.K,False,32.0,82.0,50.0,47.125,9.544375,52.0,65.0,90.0,25.0,84.12,5.99,90.0,72.64,207.2,134.56,113.46536250000001,26.419623687499993,127.6,600.61,1234.93,634.32,912.6269750000001,228.5148838750001,722.66,11.0,16.0,5.0,14.875,1.140625,16.0,4.0,6.0,2.0,4.745,0.46935000000000004,5.0,120.0,146.0,26.0,133.31,8.385299999999999,138.0,1.93,2.33,0.40000000000000013,2.0717,0.05929600000000015,2.1,1.0,2.0,1.0,1.9375,0.1171875,2.0,0.0,4.0,4.0,2.9375,1.0703125,4.0,10.0,10.0,0.0,10.0,0.0,10.0,0.0,14.0,14.0,0.84,1.5792000000000002,0.0,11.0,28.0,17.0,15.715,1.7592,16.0,0.0,1.0,1.0,0.0625,0.1171875,0.0,0.0,4.0,4.0,2.6875,1.0234375,2.0,0.0,0.0,0.0,0.0,0.0,0.0,0.0,0.0,0.0,0.0,0.0,0.0,1.0,4.0,3.0,2.75,0.96875,2.0,16.33,34.7633333333,18.4333333333,29.307966666649996,5.73687083331875,34.7633333333,0.0,0.464,0.464,0.35264500000000004,0.13047865,0.464,0.0,0.0,0.0,0.0,0.0,0.0,152.0,225.0,73.0,184.8125,35.1640625,152.0,1.9375,2.9375,10.0,0.84,0.12328985046134266,0.18692332166719694,0.6363347120585428,0.053452115812917596,10.192153922293974,0.1231828579248863,0.75,2.0,1.0,0.0625,0.0625,0.5,700.0,,
Physica Status Solidi  a - 2011 - Yusufu - Thermoelectric properties and microstructures of AgSbTe2‐added p‐type Pb0 16Ge0.pdf,10.1002/pssa.201127194,"AgSbTe2-(Pb,Ge)Te",(Ag0.5Sb0.5Te)20(Pb0.16Ge0.84Te)80,(Ag0.5Sb0.5Te)20(Pb0.16Ge0.84Te)80,Pb,x=80,unclear,Ge (x=80) @ unclear,Pb (x=80) @ unclear site; Ge (x=80) @ unclear site,figure,Fig. 5a,Visually estimated from figure,2.1,W/m.K,False,32.0,82.0,50.0,46.9,10.0128,52.0,65.0,90.0,25.0,84.228,5.849200000000001,90.0,72.64,207.2,134.56,112.94924999999999,27.595920999999997,127.6,600.61,1234.93,634.32,913.73494,232.15042632000007,722.66,11.0,16.0,5.0,14.9,1.11,16.0,4.0,6.0,2.0,4.728,0.4892160000000001,5.0,120.0,146.0,26.0,132.864,8.644607999999998,138.0,1.93,2.33,0.40000000000000013,2.07348,0.05935456000000014,2.1,1.0,2.0,1.0,1.95,0.09500000000000003,2.0,0.0,4.0,4.0,2.95,1.055,4.0,10.0,10.0,0.0,10.0,0.0,10.0,0.0,14.0,14.0,0.8960000000000001,1.6773120000000004,0.0,11.0,28.0,17.0,15.796000000000001,1.766112,16.0,0.0,1.0,1.0,0.05,0.095,0.0,0.0,4.0,4.0,2.75,1.025,2.0,0.0,0.0,0.0,0.0,0.0,0.0,0.0,0.0,0.0,0.0,0.0,0.0,1.0,4.0,3.0,2.8,0.98,2.0,16.33,34.7633333333,18.4333333333,29.30488666665,5.683957999984999,34.7633333333,0.0,0.464,0.464,0.360688,0.11830566400000002,0.464,0.0,0.0,0.0,0.0,0.0,0.0,152.0,225.0,73.0,185.55,35.505,152.0,1.95,2.95,10.0,0.8960000000000001,0.12344897442390478,0.186756140795138,0.6330716637123321,0.05672322106862497,9.881997086541185,0.1253273206710745,0.8,2.0,1.0,0.05,0.05,0.5,300.0,,
Physica Status Solidi  a - 2011 - Yusufu - Thermoelectric properties and microstructures of AgSbTe2‐added p‐type Pb0 16Ge0.pdf,10.1002/pssa.201127194,"AgSbTe2-(Pb,Ge)Te",(Ag0.5Sb0.5Te)20(Pb0.16Ge0.84Te)80,(Ag0.5Sb0.5Te)20(Pb0.16Ge0.84Te)80,Pb,x=80,unclear,Ge (x=80) @ unclear,Pb (x=80) @ unclear site; Ge (x=80) @ unclear site,figure,Fig. 5a,Visually estimated from figure,1.8,W/m.K,False,32.0,82.0,50.0,46.9,10.0128,52.0,65.0,90.0,25.0,84.228,5.849200000000001,90.0,72.64,207.2,134.56,112.94924999999999,27.595920999999997,127.6,600.61,1234.93,634.32,913.73494,232.15042632000007,722.66,11.0,16.0,5.0,14.9,1.11,16.0,4.0,6.0,2.0,4.728,0.4892160000000001,5.0,120.0,146.0,26.0,132.864,8.644607999999998,138.0,1.93,2.33,0.40000000000000013,2.07348,0.05935456000000014,2.1,1.0,2.0,1.0,1.95,0.09500000000000003,2.0,0.0,4.0,4.0,2.95,1.055,4.0,10.0,10.0,0.0,10.0,0.0,10.0,0.0,14.0,14.0,0.8960000000000001,1.6773120000000004,0.0,11.0,28.0,17.0,15.796000000000001,1.766112,16.0,0.0,1.0,1.0,0.05,0.095,0.0,0.0,4.0,4.0,2.75,1.025,2.0,0.0,0.0,0.0,0.0,0.0,0.0,0.0,0.0,0.0,0.0,0.0,0.0,1.0,4.0,3.0,2.8,0.98,2.0,16.33,34.7633333333,18.4333333333,29.30488666665,5.683957999984999,34.7633333333,0.0,0.464,0.464,0.360688,0.11830566400000002,0.464,0.0,0.0,0.0,0.0,0.0,0.0,152.0,225.0,73.0,185.55,35.505,152.0,1.95,2.95,10.0,0.8960000000000001,0.12344897442390478,0.186756140795138,0.6330716637123321,0.05672322106862497,9.881997086541185,0.1253273206710745,0.8,2.0,1.0,0.05,0.05,0.5,700.0,,
Physica Status Solidi  a - 2011 - Yusufu - Thermoelectric properties and microstructures of AgSbTe2‐added p‐type Pb0 16Ge0.pdf,10.1002/pssa.201127194,"AgSbTe2-(Pb,Ge)Te",(Ag0.5Sb0.5Te)15(Pb0.16Ge0.84Te)85,(Ag0.5Sb0.5Te)15(Pb0.16Ge0.84Te)85,Pb,x=85,unclear,Ge (x=85) @ unclear,Pb (x=85) @ unclear site; Ge (x=85) @ unclear site,figure,Fig. 5a,Visually estimated from figure,2.2,W/m.K,False,32.0,82.0,50.0,46.675,10.47795,52.0,65.0,90.0,25.0,84.336,5.7138,90.0,72.64,207.2,134.56,112.43313749999999,28.754670487499997,127.6,600.61,1234.93,634.32,914.842905,235.74829795500003,722.66,11.0,16.0,5.0,14.925,1.080625,16.0,4.0,6.0,2.0,4.711,0.5076539999999998,5.0,120.0,146.0,26.0,132.418,8.866451999999997,138.0,1.93,2.33,0.40000000000000013,2.07526,0.05938464000000012,2.1,1.0,2.0,1.0,1.9625,0.07218750000000008,2.0,0.0,4.0,4.0,2.9625,1.0403125,4.0,10.0,10.0,0.0,10.0,0.0,10.0,0.0,14.0,14.0,0.9520000000000001,1.7745279999999999,0.0,11.0,28.0,17.0,15.877,1.771728,16.0,0.0,1.0,1.0,0.0375,0.0721875,0.0,0.0,4.0,4.0,2.8125,1.0234375,2.0,0.0,0.0,0.0,0.0,0.0,0.0,0.0,0.0,0.0,0.0,0.0,0.0,1.0,4.0,3.0,2.85,0.98875,2.0,16.33,34.7633333333,18.4333333333,29.30180666665,5.630891166651249,34.7633333333,0.0,0.464,0.464,0.36873100000000003,0.10545706599999999,0.464,0.0,0.0,0.0,0.0,0.0,0.0,152.0,225.0,73.0,186.2875,35.8090625,152.0,1.9625,2.9625,10.0,0.9520000000000001,0.12360647477483151,0.1865906657428985,0.6298419096806701,0.0599609498015998,9.50631973010978,0.12774067267151099,0.85,2.0,1.0,0.0375,0.0375,0.5,300.0,,
Physica Status Solidi  a - 2011 - Yusufu - Thermoelectric properties and microstructures of AgSbTe2‐added p‐type Pb0 16Ge0.pdf,10.1002/pssa.201127194,"AgSbTe2-(Pb,Ge)Te",(Ag0.5Sb0.5Te)15(Pb0.16Ge0.84Te)85,(Ag0.5Sb0.5Te)15(Pb0.16Ge0.84Te)85,Pb,x=85,unclear,Ge (x=85) @ unclear,Pb (x=85) @ unclear site; Ge (x=85) @ unclear site,figure,Fig. 5a,Visually estimated from figure,1.9,W/m.K,False,32.0,82.0,50.0,46.675,10.47795,52.0,65.0,90.0,25.0,84.336,5.7138,90.0,72.64,207.2,134.56,112.43313749999999,28.754670487499997,127.6,600.61,1234.93,634.32,914.842905,235.74829795500003,722.66,11.0,16.0,5.0,14.925,1.080625,16.0,4.0,6.0,2.0,4.711,0.5076539999999998,5.0,120.0,146.0,26.0,132.418,8.866451999999997,138.0,1.93,2.33,0.40000000000000013,2.07526,0.05938464000000012,2.1,1.0,2.0,1.0,1.9625,0.07218750000000008,2.0,0.0,4.0,4.0,2.9625,1.0403125,4.0,10.0,10.0,0.0,10.0,0.0,10.0,0.0,14.0,14.0,0.9520000000000001,1.7745279999999999,0.0,11.0,28.0,17.0,15.877,1.771728,16.0,0.0,1.0,1.0,0.0375,0.0721875,0.0,0.0,4.0,4.0,2.8125,1.0234375,2.0,0.0,0.0,0.0,0.0,0.0,0.0,0.0,0.0,0.0,0.0,0.0,0.0,1.0,4.0,3.0,2.85,0.98875,2.0,16.33,34.7633333333,18.4333333333,29.30180666665,5.630891166651249,34.7633333333,0.0,0.464,0.464,0.36873100000000003,0.10545706599999999,0.464,0.0,0.0,0.0,0.0,0.0,0.0,152.0,225.0,73.0,186.2875,35.8090625,152.0,1.9625,2.9625,10.0,0.9520000000000001,0.12360647477483151,0.1865906657428985,0.6298419096806701,0.0599609498015998,9.50631973010978,0.12774067267151099,0.85,2.0,1.0,0.0375,0.0375,0.5,700.0,,
Physica Status Solidi  a - 2011 - Yusufu - Thermoelectric properties and microstructures of AgSbTe2‐added p‐type Pb0 16Ge0.pdf,10.1002/pssa.201127194,"AgSbTe2-(Pb,Ge)Te",(Ag0.5Sb0.5Te)10(Pb0.16Ge0.84Te)90,(Ag0.5Sb0.5Te)10(Pb0.16Ge0.84Te)90,Pb,x=90,unclear,Ge (x=90) @ unclear,Pb (x=90) @ unclear site; Ge (x=90) @ unclear site,figure,Fig. 5a,Visually estimated from figure,2.3,W/m.K,False,32.0,82.0,50.0,46.45,10.924199999999999,52.0,65.0,90.0,25.0,84.444,5.583799999999999,90.0,72.64,207.2,134.56,111.917025,29.895872149999995,127.6,600.61,1234.93,634.32,915.95087,239.30849878000004,722.66,11.0,16.0,5.0,14.95,1.0525,16.0,4.0,6.0,2.0,4.694,0.524664,5.0,120.0,146.0,26.0,131.972,9.050831999999998,138.0,1.93,2.33,0.40000000000000013,2.0770399999999998,0.059386240000000166,2.1,1.0,2.0,1.0,1.975,0.04874999999999991,2.0,0.0,4.0,4.0,2.975,1.02625,4.0,10.0,10.0,0.0,10.0,0.0,10.0,0.0,14.0,14.0,1.008,1.870848,0.0,11.0,28.0,17.0,15.957999999999997,1.7760480000000007,16.0,0.0,1.0,1.0,0.025,0.04875,0.0,0.0,4.0,4.0,2.875,1.01875,2.0,0.0,0.0,0.0,0.0,0.0,0.0,0.0,0.0,0.0,0.0,0.0,0.0,1.0,4.0,3.0,2.9,0.995,2.0,16.33,34.7633333333,18.4333333333,29.298726666649994,5.577670333317498,34.7633333333,0.0,0.464,0.464,0.37677400000000005,0.09193285599999995,0.464,0.0,0.0,0.0,0.0,0.0,0.0,152.0,225.0,73.0,187.025,36.07625,152.0,1.975,2.975,10.0,1.008,0.12376237623762379,0.18642687053515483,0.6266449429753104,0.06316581025191129,9.047777202064758,0.1304587785217472,0.9,2.0,1.0,0.025,0.025,0.5,300.0,,
Physica Status Solidi  a - 2011 - Yusufu - Thermoelectric properties and microstructures of AgSbTe2‐added p‐type Pb0 16Ge0.pdf,10.1002/pssa.201127194,"AgSbTe2-(Pb,Ge)Te",(Ag0.5Sb0.5Te)10(Pb0.16Ge0.84Te)90,(Ag0.5Sb0.5Te)10(Pb0.16Ge0.84Te)90,Pb,x=90,unclear,Ge (x=90) @ unclear,Pb (x=90) @ unclear site; Ge (x=90) @ unclear site,figure,Fig. 5a,Visually estimated from figure,2.0,W/m.K,False,32.0,82.0,50.0,46.45,10.924199999999999,52.0,65.0,90.0,25.0,84.444,5.583799999999999,90.0,72.64,207.2,134.56,111.917025,29.895872149999995,127.6,600.61,1234.93,634.32,915.95087,239.30849878000004,722.66,11.0,16.0,5.0,14.95,1.0525,16.0,4.0,6.0,2.0,4.694,0.524664,5.0,120.0,146.0,26.0,131.972,9.050831999999998,138.0,1.93,2.33,0.40000000000000013,2.0770399999999998,0.059386240000000166,2.1,1.0,2.0,1.0,1.975,0.04874999999999991,2.0,0.0,4.0,4.0,2.975,1.02625,4.0,10.0,10.0,0.0,10.0,0.0,10.0,0.0,14.0,14.0,1.008,1.870848,0.0,11.0,28.0,17.0,15.957999999999997,1.7760480000000007,16.0,0.0,1.0,1.0,0.025,0.04875,0.0,0.0,4.0,4.0,2.875,1.01875,2.0,0.0,0.0,0.0,0.0,0.0,0.0,0.0,0.0,0.0,0.0,0.0,0.0,1.0,4.0,3.0,2.9,0.995,2.0,16.33,34.7633333333,18.4333333333,29.298726666649994,5.577670333317498,34.7633333333,0.0,0.464,0.464,0.37677400000000005,0.09193285599999995,0.464,0.0,0.0,0.0,0.0,0.0,0.0,152.0,225.0,73.0,187.025,36.07625,152.0,1.975,2.975,10.0,1.008,0.12376237623762379,0.18642687053515483,0.6266449429753104,0.06316581025191129,9.047777202064758,0.1304587785217472,0.9,2.0,1.0,0.025,0.025,0.5,700.0,,
Preparation and characterization of nanostructured (GeTe)75(AgSbTe2)x(AgSbSe2)y thermoelectric materials.pdf,10.1016/j.synthmet.2020.116606,(GeTe)75(AgSbTe2)x(AgSbSe2)y,TAGSS[125],(GeTe)75(AgSbTe2)23.75(AgSbSe2)1.25,Se,1.25,unclear,,Se (1.25) @ unclear site,body text,,,0.95,W/m.K,False,32.0,52.0,20.0,45.22,8.156400000000001,52.0,65.0,90.0,25.0,83.69,6.5520000000000005,90.0,72.64,127.6,54.959999999999994,108.06842000000002,21.879264399999997,127.6,494.0,1234.93,740.9300000000001,936.3344,224.75848000000008,722.66,11.0,16.0,5.0,14.8,1.24,16.0,4.0,5.0,1.0,4.69,0.4277999999999998,5.0,120.0,145.0,25.0,133.22,8.1964,138.0,1.93,2.55,0.6199999999999999,2.0555,0.05350000000000013,2.1,1.0,2.0,1.0,1.9,0.18000000000000005,2.0,0.0,4.0,4.0,2.9,1.12,4.0,10.0,10.0,0.0,10.0,0.0,10.0,0.0,0.0,0.0,0.0,0.0,0.0,11.0,16.0,5.0,14.8,1.24,16.0,0.0,1.0,1.0,0.1,0.18,0.0,0.0,4.0,4.0,2.5,1.0,2.0,0.0,0.0,0.0,0.0,0.0,0.0,0.0,0.0,0.0,0.0,0.0,0.0,1.0,4.0,3.0,2.6,0.92,2.0,16.33,34.7633333333,18.4333333333,28.983733333316998,6.179261333319941,34.7633333333,0.0,0.799,0.799,0.35025,0.14010000000000003,0.464,0.0,0.0,0.0,0.0,0.0,0.0,14.0,225.0,211.0,181.22,35.024,152.0,1.9,2.9,10.0,0.0,0.12837837837837837,0.19594594594594594,0.6756756756756757,0.0,10.121212030491575,0.10389350569405989,0.0125,1.0,0.0,0.1,0.1,0.49,325.0,,
Rational design of entropy-driven AgSnSbTe3 with enhanced thermoelectric efficiency index for sustainable waste heat recovery.pdf,10.1039/d5se00534e,AgSnSbTe3,AgSnSbTe3 (This work),AgSnSbTe3,,,,,,body text,,,1.14,W/m.K,False,47.0,52.0,5.0,50.666666666666664,1.4444444444444453,52.0,65.0,90.0,25.0,83.33333333333333,7.222222222222224,90.0,107.8682,127.6,19.731799999999993,121.85636666666664,5.743633333333331,127.6,505.08,1234.93,729.8500000000001,801.9616666666667,178.26222222222228,722.66,11.0,16.0,5.0,14.666666666666666,1.4444444444444446,16.0,5.0,5.0,0.0,5.0,0.0,5.0,138.0,145.0,7.0,139.5,1.8333333333333333,138.0,1.93,2.1,0.17000000000000015,2.04,0.06333333333333335,2.1,1.0,2.0,1.0,1.8333333333333333,0.27777777777777785,2.0,0.0,4.0,4.0,2.8333333333333335,1.222222222222222,4.0,10.0,10.0,0.0,10.0,0.0,10.0,0.0,0.0,0.0,0.0,0.0,0.0,11.0,16.0,5.0,14.666666666666666,1.4444444444444446,16.0,0.0,1.0,1.0,0.16666666666666666,0.2777777777777778,0.0,0.0,4.0,4.0,2.1666666666666665,0.888888888888889,2.0,0.0,0.0,0.0,0.0,0.0,0.0,0.0,0.0,0.0,0.0,0.0,0.0,1.0,4.0,3.0,2.3333333333333335,0.7777777777777778,2.0,16.33,34.7633333333,18.4333333333,30.910833333316663,4.860277777772223,34.7633333333,0.0,0.464,0.464,0.232,0.232,0.464,0.0,0.0,0.0,0.0,0.0,0.0,141.0,225.0,84.0,164.66666666666666,20.555555555555554,152.0,1.8333333333333333,2.8333333333333335,10.0,0.0,0.125,0.1931818181818182,0.6818181818181819,0.0,10.330331724440974,0.11000000000000011,,0.0,0.0,0.16666666666666666,0.16666666666666666,0.5,300.0,,
Rational design of entropy-driven AgSnSbTe3 with enhanced thermoelectric efficiency index for sustainable waste heat recovery.pdf,10.1039/d5se00534e,AgSnSbTe3,AgSnSbTe3 (This work),AgSnSbTe3,,,,,,figure,,Visually estimated from Fig. 5a,1.05,W/m.K,False,47.0,52.0,5.0,50.666666666666664,1.4444444444444453,52.0,65.0,90.0,25.0,83.33333333333333,7.222222222222224,90.0,107.8682,127.6,19.731799999999993,121.85636666666664,5.743633333333331,127.6,505.08,1234.93,729.8500000000001,801.9616666666667,178.26222222222228,722.66,11.0,16.0,5.0,14.666666666666666,1.4444444444444446,16.0,5.0,5.0,0.0,5.0,0.0,5.0,138.0,145.0,7.0,139.5,1.8333333333333333,138.0,1.93,2.1,0.17000000000000015,2.04,0.06333333333333335,2.1,1.0,2.0,1.0,1.8333333333333333,0.27777777777777785,2.0,0.0,4.0,4.0,2.8333333333333335,1.222222222222222,4.0,10.0,10.0,0.0,10.0,0.0,10.0,0.0,0.0,0.0,0.0,0.0,0.0,11.0,16.0,5.0,14.666666666666666,1.4444444444444446,16.0,0.0,1.0,1.0,0.16666666666666666,0.2777777777777778,0.0,0.0,4.0,4.0,2.1666666666666665,0.888888888888889,2.0,0.0,0.0,0.0,0.0,0.0,0.0,0.0,0.0,0.0,0.0,0.0,0.0,1.0,4.0,3.0,2.3333333333333335,0.7777777777777778,2.0,16.33,34.7633333333,18.4333333333,30.910833333316663,4.860277777772223,34.7633333333,0.0,0.464,0.464,0.232,0.232,0.464,0.0,0.0,0.0,0.0,0.0,0.0,141.0,225.0,84.0,164.66666666666666,20.555555555555554,152.0,1.8333333333333333,2.8333333333333335,10.0,0.0,0.125,0.1931818181818182,0.6818181818181819,0.0,10.330331724440974,0.11000000000000011,,0.0,0.0,0.16666666666666666,0.16666666666666666,0.5,600.0,,
Reinvestigation of the influence of Se impurity on the structural and thermoelectric properties of AgSbTe2.pdf,10.1063/1.4731525,AgSbTe2,AgSbTe2,AgSbTe2,Se,x=0.0,Te,,Se (x=0.0) @ Te site,body text,"Page 4, Figure 5(a) description",,0.47,W/m.K,False,47.0,52.0,5.0,50.5,1.75,52.0,65.0,90.0,25.0,82.5,8.75,90.0,107.8682,127.6,19.731799999999993,121.20705,6.669425,127.6,722.66,1234.93,512.2700000000001,896.0074999999999,173.34750000000003,722.66,11.0,16.0,5.0,14.5,1.75,16.0,5.0,5.0,0.0,5.0,0.0,5.0,138.0,145.0,7.0,140.0,2.5,138.0,1.93,2.1,0.17000000000000015,2.045,0.05750000000000005,2.1,1.0,2.0,1.0,1.75,0.375,2.0,0.0,4.0,4.0,2.75,1.375,4.0,10.0,10.0,0.0,10.0,0.0,10.0,0.0,0.0,0.0,0.0,0.0,0.0,11.0,16.0,5.0,14.5,1.75,16.0,0.0,1.0,1.0,0.25,0.375,0.0,0.0,3.0,3.0,1.75,0.875,2.0,0.0,0.0,0.0,0.0,0.0,0.0,0.0,0.0,0.0,0.0,0.0,0.0,1.0,3.0,2.0,2.0,0.5,2.0,16.33,34.7633333333,18.4333333333,29.35416666665,6.512083333324999,34.7633333333,0.0,0.464,0.464,0.232,0.232,0.464,0.0,0.0,0.0,0.0,0.0,0.0,152.0,225.0,73.0,173.75,25.625,152.0,1.75,2.75,10.0,0.0,0.1206896551724138,0.1896551724137931,0.6896551724137931,0.0,8.644719482306641,0.11200000000000014,0.0,1.0,0.0,0.25,0.25,0.5,300.0,0.0,0.22999999999999976
Reinvestigation of the influence of Se impurity on the structural and thermoelectric properties of AgSbTe2.pdf,10.1063/1.4731525,AgSbTe2,AgSbTe2,AgSbTe2,,,,,,figure,Fig. 5a,Visually estimated from Fig. 5a,0.45,W/m.K,False,47.0,52.0,5.0,50.5,1.75,52.0,65.0,90.0,25.0,82.5,8.75,90.0,107.8682,127.6,19.731799999999993,121.20705,6.669425,127.6,722.66,1234.93,512.2700000000001,896.0074999999999,173.34750000000003,722.66,11.0,16.0,5.0,14.5,1.75,16.0,5.0,5.0,0.0,5.0,0.0,5.0,138.0,145.0,7.0,140.0,2.5,138.0,1.93,2.1,0.17000000000000015,2.045,0.05750000000000005,2.1,1.0,2.0,1.0,1.75,0.375,2.0,0.0,4.0,4.0,2.75,1.375,4.0,10.0,10.0,0.0,10.0,0.0,10.0,0.0,0.0,0.0,0.0,0.0,0.0,11.0,16.0,5.0,14.5,1.75,16.0,0.0,1.0,1.0,0.25,0.375,0.0,0.0,3.0,3.0,1.75,0.875,2.0,0.0,0.0,0.0,0.0,0.0,0.0,0.0,0.0,0.0,0.0,0.0,0.0,1.0,3.0,2.0,2.0,0.5,2.0,16.33,34.7633333333,18.4333333333,29.35416666665,6.512083333324999,34.7633333333,0.0,0.464,0.464,0.232,0.232,0.464,0.0,0.0,0.0,0.0,0.0,0.0,152.0,225.0,73.0,173.75,25.625,152.0,1.75,2.75,10.0,0.0,0.1206896551724138,0.1896551724137931,0.6896551724137931,0.0,8.644719482306641,0.11200000000000014,,0.0,0.0,0.25,0.25,0.5,300.0,,
Small - 2024 - Chen - Cation Modulation in AgSbTe2 Realizes Carrier Optimization  Defect Engineering  and a 7  Single‐Leg.pdf,10.1002/smll.202401723,AgSbTe2,Ag0.96Sb1.04Te2,Ag0.96Sb1.04Te2,,,,,,Table 1,,,0.58,W/m.K,False,47.0,52.0,5.0,50.54,1.6992000000000005,52.0,65.0,90.0,25.0,82.7,8.495999999999999,90.0,107.8682,127.6,19.731799999999993,121.345968,6.469328639999999,127.6,722.66,1234.93,512.2700000000001,892.6959999999999,170.036,722.66,11.0,16.0,5.0,14.54,1.6992000000000005,16.0,5.0,5.0,0.0,5.0,0.0,5.0,138.0,145.0,7.0,139.94,2.428799999999999,138.0,1.93,2.1,0.17000000000000015,2.0462,0.05577600000000012,2.1,1.0,2.0,1.0,1.76,0.3648,2.0,0.0,4.0,4.0,2.7800000000000002,1.3343999999999998,4.0,10.0,10.0,0.0,10.0,0.0,10.0,0.0,0.0,0.0,0.0,0.0,0.0,11.0,16.0,5.0,14.54,1.6992000000000005,16.0,0.0,1.0,1.0,0.24,0.3648,0.0,0.0,3.0,3.0,1.78,0.8543999999999999,2.0,0.0,0.0,0.0,0.0,0.0,0.0,0.0,0.0,0.0,0.0,0.0,0.0,1.0,3.0,2.0,2.02,0.5096,2.0,16.33,34.7633333333,18.4333333333,29.50646666665,6.324703999991999,34.7633333333,0.0,0.464,0.464,0.232,0.232,0.464,0.0,0.0,0.0,0.0,0.0,0.0,152.0,225.0,73.0,173.16,24.8832,152.0,1.76,2.7800000000000002,10.0,0.0,0.12104539202200826,0.1911966987620358,0.687757909215956,0.0,8.641392809815343,0.11007682458386697,,0.0,0.0,0.24,0.26,0.5,303.0,,
Small - 2024 - Chen - Cation Modulation in AgSbTe2 Realizes Carrier Optimization  Defect Engineering  and a 7  Single‐Leg.pdf,10.1002/smll.202401723,AgSbTe2,Ag1.00Sb1.00Te2,Ag1.00Sb1.00Te2,,,,,,Table 1,,,0.65,W/m.K,False,47.0,52.0,5.0,50.5,1.75,52.0,65.0,90.0,25.0,82.5,8.75,90.0,107.8682,127.6,19.731799999999993,121.20705,6.669425,127.6,722.66,1234.93,512.2700000000001,896.0074999999999,173.34750000000003,722.66,11.0,16.0,5.0,14.5,1.75,16.0,5.0,5.0,0.0,5.0,0.0,5.0,138.0,145.0,7.0,140.0,2.5,138.0,1.93,2.1,0.17000000000000015,2.045,0.05750000000000005,2.1,1.0,2.0,1.0,1.75,0.375,2.0,0.0,4.0,4.0,2.75,1.375,4.0,10.0,10.0,0.0,10.0,0.0,10.0,0.0,0.0,0.0,0.0,0.0,0.0,11.0,16.0,5.0,14.5,1.75,16.0,0.0,1.0,1.0,0.25,0.375,0.0,0.0,3.0,3.0,1.75,0.875,2.0,0.0,0.0,0.0,0.0,0.0,0.0,0.0,0.0,0.0,0.0,0.0,0.0,1.0,3.0,2.0,2.0,0.5,2.0,16.33,34.7633333333,18.4333333333,29.35416666665,6.512083333324999,34.7633333333,0.0,0.464,0.464,0.232,0.232,0.464,0.0,0.0,0.0,0.0,0.0,0.0,152.0,225.0,73.0,173.75,25.625,152.0,1.75,2.75,10.0,0.0,0.1206896551724138,0.1896551724137931,0.6896551724137931,0.0,8.644719482306641,0.11200000000000014,,0.0,0.0,0.25,0.25,0.5,303.0,,
Small - 2024 - Chen - Cation Modulation in AgSbTe2 Realizes Carrier Optimization  Defect Engineering  and a 7  Single‐Leg.pdf,10.1002/smll.202401723,AgSbTe2,Ag1.04Sb0.96Te2,Ag1.04Sb0.96Te2,,,,,,Table 1,,,0.68,W/m.K,False,47.0,52.0,5.0,50.46,1.7991999999999997,52.0,65.0,90.0,25.0,82.3,8.996000000000002,90.0,107.8682,127.6,19.731799999999993,121.06813199999999,6.8639646400000025,127.6,722.66,1234.93,512.2700000000001,899.319,176.65900000000002,722.66,11.0,16.0,5.0,14.46,1.7991999999999997,16.0,5.0,5.0,0.0,5.0,0.0,5.0,138.0,145.0,7.0,140.06,2.5688000000000013,138.0,1.93,2.1,0.17000000000000015,2.0438,0.05917599999999999,2.1,1.0,2.0,1.0,1.74,0.38480000000000003,2.0,0.0,4.0,4.0,2.7199999999999998,1.4144,4.0,10.0,10.0,0.0,10.0,0.0,10.0,0.0,0.0,0.0,0.0,0.0,0.0,11.0,16.0,5.0,14.46,1.7991999999999997,16.0,0.0,1.0,1.0,0.26,0.38480000000000003,0.0,0.0,3.0,3.0,1.72,0.8944,2.0,0.0,0.0,0.0,0.0,0.0,0.0,0.0,0.0,0.0,0.0,0.0,0.0,1.0,3.0,2.0,1.98,0.5096,2.0,16.33,34.7633333333,18.4333333333,29.201866666649998,6.693370666658,34.7633333333,0.0,0.464,0.464,0.232,0.232,0.464,0.0,0.0,0.0,0.0,0.0,0.0,152.0,225.0,73.0,174.34,26.343200000000003,152.0,1.74,2.7199999999999998,10.0,0.0,0.12033195020746887,0.18810511756569845,0.6915629322268326,0.0,8.641392809815343,0.11391805377720884,,0.0,0.0,0.26,0.24,0.5,303.0,,
Small - 2024 - Chen - Cation Modulation in AgSbTe2 Realizes Carrier Optimization  Defect Engineering  and a 7  Single‐Leg.pdf,10.1002/smll.202401723,AgSbTe2,Ag1.02Ge0.02Sb0.96Te2,Ag1.02Ge0.02Sb0.96Te2,Ge,0.02,Ag,,Ge (0.02) @ Ag site,Table 1,,,0.62,W/m.K,False,32.0,52.0,20.0,50.385,1.910200000000001,52.0,65.0,90.0,25.0,82.37,8.892399999999999,90.0,72.64,127.6,54.959999999999994,120.89199099999999,7.124653320000002,127.6,722.66,1234.93,512.2700000000001,899.20135,176.54135000000002,722.66,11.0,16.0,5.0,14.475,1.7770000000000001,16.0,4.0,5.0,1.0,4.995,0.009949999999999893,5.0,120.0,145.0,25.0,139.935,2.583150000000001,138.0,1.93,2.1,0.17000000000000015,2.0442,0.05858400000000001,2.1,1.0,2.0,1.0,1.745,0.37994999999999995,2.0,0.0,4.0,4.0,2.73,1.3996,4.0,10.0,10.0,0.0,10.0,0.0,10.0,0.0,0.0,0.0,0.0,0.0,0.0,11.0,16.0,5.0,14.475,1.7770000000000001,16.0,0.0,1.0,1.0,0.255,0.37995,0.0,0.0,4.0,4.0,1.74,0.8874,2.0,0.0,0.0,0.0,0.0,0.0,0.0,0.0,0.0,0.0,0.0,0.0,0.0,1.0,4.0,3.0,1.995,0.50745,2.0,16.33,34.7633333333,18.4333333333,29.235241666649998,6.643975666657999,34.7633333333,0.0,0.464,0.464,0.233915,0.23157585000000003,0.464,0.0,0.0,0.0,0.0,0.0,0.0,152.0,225.0,73.0,174.34,26.3432,152.0,1.745,2.73,10.0,0.0,0.12055267702936098,0.18860103626943006,0.690846286701209,0.0,8.846825142766962,0.11283653462979211,0.02,1.0,0.0,0.255,0.24,0.5,303.0,1.0,0.42000000000000004
Small - 2025 - Iqbal - Realizing High Wide‐Temperature‐Range Thermoelectric Performance in Ga  I  and S co‐doped AgSbTe2.pdf,10.1002/smll.202506235,AgSbTe2,AgSb0.98Ga0.02Te1.84S0.10I0.06,AgSb0.98Ga0.02Te1.84S0.10I0.06,Ga,0.02,Sb,S (0.10) @ Te; I (0.06) @ Te,Ga (0.02) @ Sb site; S (0.10) @ Te site; I (0.06) @ Te site,body text,"Page 1, abstract",Refers to lattice thermal conductivity,0.31,W/m.K,False,16.0,53.0,37.0,49.515,3.1184,52.0,65.0,96.0,31.0,82.485,8.82735,90.0,32.065,127.6,95.535,118.54805705,10.152331947999999,127.6,302.91,1234.93,932.02,879.6084999999998,189.50478500000006,722.66,11.0,17.0,6.0,14.505000000000003,1.7675499999999988,16.0,3.0,5.0,2.0,4.945,0.10669999999999974,5.0,105.0,145.0,40.0,139.10500000000002,2.947500000000009,138.0,1.81,2.66,0.8500000000000001,2.0642,0.0766000000000001,2.1,1.0,2.0,1.0,1.75,0.37499999999999994,2.0,0.0,5.0,5.0,2.7550000000000003,1.39505,4.0,0.0,10.0,10.0,9.750000000000002,0.4874999999999983,10.0,0.0,0.0,0.0,0.0,0.0,0.0,6.0,17.0,11.0,14.255000000000003,2.052799999999999,16.0,0.0,1.0,1.0,0.25,0.37499999999999994,0.0,0.0,5.0,5.0,1.745,0.89485,2.0,0.0,0.0,0.0,0.0,0.0,0.0,0.0,0.0,0.0,0.0,0.0,0.0,1.0,5.0,4.0,1.995,0.52735,2.0,16.33,43.015,26.685000000000002,29.190017708318,6.703491166658079,34.7633333333,0.0,2.202,2.202,0.28442,0.28442000000000006,0.464,0.0,0.0,0.0,0.0,0.0,0.0,64.0,225.0,161.0,169.87,27.565,152.0,1.75,2.7550000000000003,9.750000000000002,0.0,0.12276394247632408,0.1932655208698702,0.6839705366538057,0.0,10.227435590754128,0.16694135338345878,0.02,3.0,1.0,0.25,0.245,0.46,300.0,0.0,0.14
Small - 2025 - Iqbal - Realizing High Wide‐Temperature‐Range Thermoelectric Performance in Ga  I  and S co‐doped AgSbTe2.pdf,10.1002/smll.202506235,AgSbTe2,"AgSb1-xGaxTe2-y-3xSyIx (x=0, y=0)",AgSbTe2,,,,,,figure,Fig. 4A,Visually estimated from Fig. 4A,0.75,W/m.K,False,47.0,52.0,5.0,50.5,1.75,52.0,65.0,90.0,25.0,82.5,8.75,90.0,107.8682,127.6,19.731799999999993,121.20705,6.669425,127.6,722.66,1234.93,512.2700000000001,896.0074999999999,173.34750000000003,722.66,11.0,16.0,5.0,14.5,1.75,16.0,5.0,5.0,0.0,5.0,0.0,5.0,138.0,145.0,7.0,140.0,2.5,138.0,1.93,2.1,0.17000000000000015,2.045,0.05750000000000005,2.1,1.0,2.0,1.0,1.75,0.375,2.0,0.0,4.0,4.0,2.75,1.375,4.0,10.0,10.0,0.0,10.0,0.0,10.0,0.0,0.0,0.0,0.0,0.0,0.0,11.0,16.0,5.0,14.5,1.75,16.0,0.0,1.0,1.0,0.25,0.375,0.0,0.0,3.0,3.0,1.75,0.875,2.0,0.0,0.0,0.0,0.0,0.0,0.0,0.0,0.0,0.0,0.0,0.0,0.0,1.0,3.0,2.0,2.0,0.5,2.0,16.33,34.7633333333,18.4333333333,29.35416666665,6.512083333324999,34.7633333333,0.0,0.464,0.464,0.232,0.232,0.464,0.0,0.0,0.0,0.0,0.0,0.0,152.0,225.0,73.0,173.75,25.625,152.0,1.75,2.75,10.0,0.0,0.1206896551724138,0.1896551724137931,0.6896551724137931,0.0,8.644719482306641,0.11200000000000014,,0.0,0.0,0.25,0.25,0.5,300.0,,
Small - 2025 - Iqbal - Realizing High Wide‐Temperature‐Range Thermoelectric Performance in Ga  I  and S co‐doped AgSbTe2.pdf,10.1002/smll.202506235,AgSbTe2,AgSb0.98Ga0.02Te1.84S0.10I0.06,AgSb0.98Ga0.02Te1.84S0.10I0.06,Ga,0.02,Sb,S (0.10) @ Te; I (0.06) @ Te,Ga (0.02) @ Sb site; S (0.10) @ Te site; I (0.06) @ Te site,figure,Fig. 4A,Visually estimated from Fig. 4A,0.55,W/m.K,False,16.0,53.0,37.0,49.515,3.1184,52.0,65.0,96.0,31.0,82.485,8.82735,90.0,32.065,127.6,95.535,118.54805705,10.152331947999999,127.6,302.91,1234.93,932.02,879.6084999999998,189.50478500000006,722.66,11.0,17.0,6.0,14.505000000000003,1.7675499999999988,16.0,3.0,5.0,2.0,4.945,0.10669999999999974,5.0,105.0,145.0,40.0,139.10500000000002,2.947500000000009,138.0,1.81,2.66,0.8500000000000001,2.0642,0.0766000000000001,2.1,1.0,2.0,1.0,1.75,0.37499999999999994,2.0,0.0,5.0,5.0,2.7550000000000003,1.39505,4.0,0.0,10.0,10.0,9.750000000000002,0.4874999999999983,10.0,0.0,0.0,0.0,0.0,0.0,0.0,6.0,17.0,11.0,14.255000000000003,2.052799999999999,16.0,0.0,1.0,1.0,0.25,0.37499999999999994,0.0,0.0,5.0,5.0,1.745,0.89485,2.0,0.0,0.0,0.0,0.0,0.0,0.0,0.0,0.0,0.0,0.0,0.0,0.0,1.0,5.0,4.0,1.995,0.52735,2.0,16.33,43.015,26.685000000000002,29.190017708318,6.703491166658079,34.7633333333,0.0,2.202,2.202,0.28442,0.28442000000000006,0.464,0.0,0.0,0.0,0.0,0.0,0.0,64.0,225.0,161.0,169.87,27.565,152.0,1.75,2.7550000000000003,9.750000000000002,0.0,0.12276394247632408,0.1932655208698702,0.6839705366538057,0.0,10.227435590754128,0.16694135338345878,0.02,3.0,1.0,0.25,0.245,0.46,300.0,0.0,0.14
Small - 2026 - Song - Decoupling Electron‐Phonon Transport in AgSbSe2 via Stepwise Cd‐Sb Substitution and Interstitial Se.pdf,10.1002/smll.202514707,AgSbSe2,AgSb0.96Cd0.04Se2.02,AgSb0.96Cd0.04Se2.02,Cd,0.04,Sb,Se (2.02) @ interstitial,Cd (0.04) @ Sb site; Se (2.02) @ interstitial site,body text,,,0.49,W/m.K,False,34.0,51.0,17.0,41.43283582089553,7.469815103586545,34.0,65.0,89.0,24.0,81.88557213930349,8.637310957649559,89.0,78.96,121.76,42.80000000000001,96.70483582089554,17.833118586173615,78.96,494.0,1234.93,740.9300000000001,777.1660696517413,288.21557387193394,494.0,11.0,16.0,5.0,14.477611940298509,1.7794609044330578,16.0,4.0,5.0,1.0,4.497512437810945,0.4999876240687113,4.0,120.0,145.0,25.0,130.9950248756219,11.049726491918518,120.0,1.69,2.55,0.8599999999999999,2.267810945273632,0.28359298037177294,2.55,1.0,2.0,1.0,1.7512437810945276,0.3737531249226504,2.0,0.0,4.0,4.0,2.7263681592039806,1.41065815202594,4.0,10.0,10.0,0.0,10.000000000000002,1.7763568394002505e-15,10.0,0.0,0.0,0.0,0.0,0.0,0.0,11.0,16.0,5.0,14.477611940298509,1.7794609044330578,16.0,0.0,1.0,1.0,0.24875621890547267,0.3737531249226505,0.0,0.0,3.0,3.0,1.7213930348258708,0.8906710229944803,2.0,0.0,0.0,0.0,0.0,0.0,0.0,0.0,0.0,0.0,0.0,0.0,0.0,0.0,3.0,3.0,1.9701492537313434,0.5218682705873617,2.0,16.33,31.56,15.23,24.817363184079607,4.328486423603376,25.92,0.0,0.799,0.799,0.4014875621890548,0.3994901116309002,0.799,0.0,0.0,0.0,0.0,0.0,0.0,14.0,225.0,211.0,104.5771144278607,91.02774683794958,14.0,1.7512437810945276,2.7263681592039806,10.000000000000002,0.0,0.12096219931271478,0.18831615120274917,0.6907216494845362,0.0,8.977634959537783,0.47851921865154384,0.04,2.0,1.0,0.24875621890547267,0.23880597014925375,0.0,323.0,1.0,0.19000000000000006
"State of the art Ag50-xSbxSe50-yTey alloys Their high zT values, microstructures and related phase equilibria.pdf",10.1016/j.actamat.2015.04.011,AgSbTe2-family,25Te(S),Ag25Sb25Se25Te25,,,,,,Table 1,,,0.37,W/m.K,False,34.0,52.0,18.0,46.0,6.0,34.0,65.0,90.0,25.0,82.25,8.625,65.0,78.96,127.6,48.64,109.04705,15.632950000000001,78.96,494.0,1234.93,740.9300000000001,838.8425,230.5125,494.0,11.0,16.0,5.0,14.5,1.75,11.0,4.0,5.0,1.0,4.75,0.375,4.0,120.0,145.0,25.0,135.5,7.75,120.0,1.93,2.55,0.6199999999999999,2.1575,0.19625000000000012,1.93,1.0,2.0,1.0,1.75,0.375,1.0,0.0,4.0,4.0,2.75,1.375,0.0,10.0,10.0,0.0,10.0,0.0,10.0,0.0,0.0,0.0,0.0,0.0,0.0,11.0,16.0,5.0,14.5,1.75,11.0,0.0,1.0,1.0,0.25,0.375,0.0,0.0,3.0,3.0,1.75,0.875,0.0,0.0,0.0,0.0,0.0,0.0,0.0,0.0,0.0,0.0,0.0,0.0,0.0,1.0,3.0,2.0,2.0,0.5,1.0,16.33,34.7633333333,18.4333333333,27.143333333325,6.018333333324998,16.33,0.0,0.799,0.799,0.31575000000000003,0.31575000000000003,0.0,0.0,0.0,0.0,0.0,0.0,0.0,14.0,225.0,211.0,139.25,62.625,14.0,1.75,2.75,10.0,0.0,0.1206896551724138,0.1896551724137931,0.6896551724137931,0.0,11.526292643075523,0.3183333333333333,,0.0,0.0,0.25,0.25,0.25,300.0,,
"State of the art Ag50-xSbxSe50-yTey alloys Their high zT values, microstructures and related phase equilibria.pdf",10.1016/j.actamat.2015.04.011,AgSbTe2-family,30Te(S),Ag25Sb25Se20Te30,,,,,,Table 1,,,0.41,W/m.K,False,34.0,52.0,18.0,46.9,5.160000000000001,52.0,65.0,90.0,25.0,82.3,8.65,90.0,78.96,127.6,48.64,111.47904999999999,14.813045000000002,127.6,494.0,1234.93,740.9300000000001,850.2755000000001,219.07950000000005,722.66,11.0,16.0,5.0,14.5,1.75,16.0,4.0,5.0,1.0,4.8,0.3200000000000001,5.0,120.0,145.0,25.0,136.4,6.559999999999995,138.0,1.93,2.55,0.6199999999999999,2.135,0.16599999999999987,2.1,1.0,2.0,1.0,1.75,0.375,2.0,0.0,4.0,4.0,2.75,1.375,4.0,10.0,10.0,0.0,10.0,0.0,10.0,0.0,0.0,0.0,0.0,0.0,0.0,11.0,16.0,5.0,14.5,1.75,16.0,0.0,1.0,1.0,0.25,0.375,0.0,0.0,3.0,3.0,1.75,0.875,2.0,0.0,0.0,0.0,0.0,0.0,0.0,0.0,0.0,0.0,0.0,0.0,0.0,1.0,3.0,2.0,2.0,0.5,2.0,16.33,34.7633333333,18.4333333333,27.58549999999,6.293949999990999,34.7633333333,0.0,0.799,0.799,0.299,0.299,0.464,0.0,0.0,0.0,0.0,0.0,0.0,14.0,225.0,211.0,146.15,52.86,152.0,1.75,2.75,10.0,0.0,0.1206896551724138,0.1896551724137931,0.6896551724137931,0.0,11.442584655719806,0.28724832214765106,,0.0,0.0,0.25,0.25,0.3,300.0,,
"State of the art Ag50-xSbxSe50-yTey alloys Their high zT values, microstructures and related phase equilibria.pdf",10.1016/j.actamat.2015.04.011,AgSbTe2-family,35Te(S),Ag25Sb25Se15Te35,,,,,,Table 1,,,0.46,W/m.K,False,34.0,52.0,18.0,47.8,4.540000000000001,52.0,65.0,90.0,25.0,82.35,8.675000000000004,90.0,78.96,127.6,48.64,113.91104999999999,13.506740000000002,127.6,494.0,1234.93,740.9300000000001,861.7085000000001,207.6465,722.66,11.0,16.0,5.0,14.5,1.75,16.0,4.0,5.0,1.0,4.85,0.2550000000000003,5.0,120.0,145.0,25.0,137.3,5.189999999999992,138.0,1.93,2.55,0.6199999999999999,2.1125,0.13124999999999987,2.1,1.0,2.0,1.0,1.75,0.375,2.0,0.0,4.0,4.0,2.75,1.375,4.0,10.0,10.0,0.0,10.0,0.0,10.0,0.0,0.0,0.0,0.0,0.0,0.0,11.0,16.0,5.0,14.5,1.75,16.0,0.0,1.0,1.0,0.25,0.375,0.0,0.0,3.0,3.0,1.75,0.875,2.0,0.0,0.0,0.0,0.0,0.0,0.0,0.0,0.0,0.0,0.0,0.0,0.0,1.0,3.0,2.0,2.0,0.5,2.0,16.33,34.7633333333,18.4333333333,28.027666666654994,6.481133333323999,34.7633333333,0.0,0.799,0.799,0.28225,0.28225000000000006,0.464,0.0,0.0,0.0,0.0,0.0,0.0,14.0,225.0,211.0,153.05,42.45,152.0,1.75,2.75,10.0,0.0,0.1206896551724138,0.1896551724137931,0.6896551724137931,0.0,11.18422368435968,0.253082191780822,,0.0,0.0,0.25,0.25,0.35,300.0,,
"State of the art Ag50-xSbxSe50-yTey alloys Their high zT values, microstructures and related phase equilibria.pdf",10.1016/j.actamat.2015.04.011,AgSbTe2-family,40Te(S),Ag25Sb25Se10Te40,,,,,,Table 1,,,0.53,W/m.K,False,34.0,52.0,18.0,48.7,3.7899999999999987,52.0,65.0,90.0,25.0,82.4,8.699999999999998,90.0,78.96,127.6,48.64,116.34305,11.714034999999999,127.6,494.0,1234.93,740.9300000000001,873.1415,196.2135,722.66,11.0,16.0,5.0,14.5,1.75,16.0,4.0,5.0,1.0,4.9,0.17999999999999972,5.0,120.0,145.0,25.0,138.2,3.8,138.0,1.93,2.55,0.6199999999999999,2.09,0.10000000000000007,2.1,1.0,2.0,1.0,1.75,0.375,2.0,0.0,4.0,4.0,2.75,1.375,4.0,10.0,10.0,0.0,10.0,0.0,10.0,0.0,0.0,0.0,0.0,0.0,0.0,11.0,16.0,5.0,14.5,1.75,16.0,0.0,1.0,1.0,0.25,0.375,0.0,0.0,3.0,3.0,1.75,0.875,2.0,0.0,0.0,0.0,0.0,0.0,0.0,0.0,0.0,0.0,0.0,0.0,0.0,1.0,3.0,2.0,2.0,0.5,2.0,16.33,34.7633333333,18.4333333333,28.469833333320004,6.579883333323997,34.7633333333,0.0,0.799,0.799,0.26550000000000007,0.2655,0.464,0.0,0.0,0.0,0.0,0.0,0.0,14.0,225.0,211.0,159.95,35.55,152.0,1.75,2.75,10.0,0.0,0.1206896551724138,0.1896551724137931,0.6896551724137931,0.0,10.725008104539077,0.21418439716312063,,0.0,0.0,0.25,0.25,0.4,300.0,,
"State of the art Ag50-xSbxSe50-yTey alloys Their high zT values, microstructures and related phase equilibria.pdf",10.1016/j.actamat.2015.04.011,AgSbTe2-family,45Te(S),Ag25Sb25Se5Te45,,,,,,Table 1,,,0.41,W/m.K,False,34.0,52.0,18.0,49.6,2.8599999999999994,52.0,65.0,90.0,25.0,82.45,8.725,90.0,78.96,127.6,48.64,118.77505000000001,9.434929999999996,127.6,494.0,1234.93,740.9300000000001,884.5745,184.78050000000002,722.66,11.0,16.0,5.0,14.5,1.75,16.0,4.0,5.0,1.0,4.95,0.09499999999999983,5.0,120.0,145.0,25.0,139.1,2.949999999999997,138.0,1.93,2.55,0.6199999999999999,2.0675,0.07750000000000008,2.1,1.0,2.0,1.0,1.75,0.375,2.0,0.0,4.0,4.0,2.75,1.375,4.0,10.0,10.0,0.0,10.0,0.0,10.0,0.0,0.0,0.0,0.0,0.0,0.0,11.0,16.0,5.0,14.5,1.75,16.0,0.0,1.0,1.0,0.25,0.375,0.0,0.0,3.0,3.0,1.75,0.875,2.0,0.0,0.0,0.0,0.0,0.0,0.0,0.0,0.0,0.0,0.0,0.0,0.0,1.0,3.0,2.0,2.0,0.5,2.0,16.33,34.7633333333,18.4333333333,28.911999999985,6.590199999990998,34.7633333333,0.0,0.799,0.799,0.24875000000000003,0.24875,0.464,0.0,0.0,0.0,0.0,0.0,0.0,14.0,225.0,211.0,166.85,29.075,152.0,1.75,2.75,10.0,0.0,0.1206896551724138,0.1896551724137931,0.6896551724137931,0.0,9.996164597312385,0.16828358208955232,,0.0,0.0,0.25,0.25,0.45,300.0,,
"State of the art Ag50-xSbxSe50-yTey alloys Their high zT values, microstructures and related phase equilibria.pdf",10.1016/j.actamat.2015.04.011,AgSbTe2-family,25Te,Ag20Sb30Se25Te25,,,,,,Table 1,,,0.68,W/m.K,False,34.0,52.0,18.0,46.2,6.099999999999998,51.0,65.0,90.0,25.0,83.25,7.3,85.0,78.96,127.6,48.64,109.74164,16.140196,121.76,494.0,1234.93,740.9300000000001,822.285,213.955,903.78,11.0,16.0,5.0,14.7,1.4800000000000002,15.0,4.0,5.0,1.0,4.75,0.375,5.0,120.0,145.0,25.0,135.2,7.600000000000005,139.0,1.93,2.55,0.6199999999999999,2.1635,0.19325000000000003,2.05,1.0,2.0,1.0,1.8,0.32,2.0,0.0,4.0,4.0,2.9,1.16,3.0,10.0,10.0,0.0,10.0,0.0,10.0,0.0,0.0,0.0,0.0,0.0,0.0,11.0,16.0,5.0,14.7,1.4800000000000002,15.0,0.0,1.0,1.0,0.2,0.32,0.0,0.0,3.0,3.0,1.9,0.76,3.0,0.0,0.0,0.0,0.0,0.0,0.0,0.0,0.0,0.0,0.0,0.0,0.0,1.0,3.0,2.0,2.1,0.54,3.0,16.33,34.7633333333,18.4333333333,27.904833333324994,5.6223499999925,31.56,0.0,0.799,0.799,0.31575000000000003,0.31575000000000003,0.0,0.0,0.0,0.0,0.0,0.0,0.0,14.0,225.0,211.0,136.3,61.15,166.0,1.8,2.9,10.0,0.0,0.12244897959183675,0.19727891156462585,0.6802721088435374,0.0,11.442584655719807,0.31161073825503355,,0.0,0.0,0.2,0.3,0.25,300.0,,
"State of the art Ag50-xSbxSe50-yTey alloys Their high zT values, microstructures and related phase equilibria.pdf",10.1016/j.actamat.2015.04.011,AgSbTe2-family,30Te,Ag20Sb30Se20Te30,,,,,,Table 1,,,0.5,W/m.K,False,34.0,52.0,18.0,47.1,5.28,51.0,65.0,90.0,25.0,83.3,7.320000000000001,85.0,78.96,127.6,48.64,112.17364000000002,15.007632,121.76,494.0,1234.93,740.9300000000001,833.7180000000001,202.52200000000005,722.66,11.0,16.0,5.0,14.7,1.4800000000000002,15.0,4.0,5.0,1.0,4.8,0.3200000000000001,5.0,120.0,145.0,25.0,136.1,6.440000000000005,138.0,1.93,2.55,0.6199999999999999,2.141,0.1636,2.05,1.0,2.0,1.0,1.8,0.32,2.0,0.0,4.0,4.0,2.9,1.16,3.0,10.0,10.0,0.0,10.0,0.0,10.0,0.0,0.0,0.0,0.0,0.0,0.0,11.0,16.0,5.0,14.7,1.4800000000000002,15.0,0.0,1.0,1.0,0.2,0.32,0.0,0.0,3.0,3.0,1.9,0.76,2.0,0.0,0.0,0.0,0.0,0.0,0.0,0.0,0.0,0.0,0.0,0.0,0.0,1.0,3.0,2.0,2.1,0.54,2.0,16.33,34.7633333333,18.4333333333,28.346999999989997,5.777599999991999,31.56,0.0,0.799,0.799,0.299,0.299,0.0,0.0,0.0,0.0,0.0,0.0,0.0,14.0,225.0,211.0,143.2,51.68,152.0,1.8,2.9,10.0,0.0,0.12244897959183675,0.19727891156462585,0.6802721088435374,0.0,11.35887666836409,0.2802702702702703,,0.0,0.0,0.2,0.3,0.3,300.0,,
"State of the art Ag50-xSbxSe50-yTey alloys Their high zT values, microstructures and related phase equilibria.pdf",10.1016/j.actamat.2015.04.011,AgSbTe2-family,35Te,Ag20Sb30Se15Te35,,,,,,Table 1,,,0.63,W/m.K,False,34.0,52.0,18.0,48.0,4.6,52.0,65.0,90.0,25.0,83.35,7.340000000000003,90.0,78.96,127.6,48.64,114.60564000000001,13.388667999999997,127.6,494.0,1234.93,740.9300000000001,845.1510000000001,191.08900000000003,722.66,11.0,16.0,5.0,14.7,1.4800000000000006,16.0,4.0,5.0,1.0,4.85,0.2550000000000003,5.0,120.0,145.0,25.0,137.0,5.1,138.0,1.93,2.55,0.6199999999999999,2.1185,0.12945000000000007,2.1,1.0,2.0,1.0,1.8,0.32,2.0,0.0,4.0,4.0,2.9,1.16,4.0,10.0,10.0,0.0,10.0,0.0,10.0,0.0,0.0,0.0,0.0,0.0,0.0,11.0,16.0,5.0,14.7,1.4800000000000006,16.0,0.0,1.0,1.0,0.2,0.32,0.0,0.0,3.0,3.0,1.9,0.76,2.0,0.0,0.0,0.0,0.0,0.0,0.0,0.0,0.0,0.0,0.0,0.0,0.0,1.0,3.0,2.0,2.1,0.54,2.0,16.33,34.7633333333,18.4333333333,28.789166666654996,5.8444166666585,34.7633333333,0.0,0.799,0.799,0.28225,0.28225,0.464,0.0,0.0,0.0,0.0,0.0,0.0,14.0,225.0,211.0,150.1,40.83,152.0,1.8,2.9,10.0,0.0,0.12244897959183675,0.19727891156462585,0.6802721088435374,0.0,11.100515697003962,0.24572413793103456,,0.0,0.0,0.2,0.3,0.35,300.0,,
"State of the art Ag50-xSbxSe50-yTey alloys Their high zT values, microstructures and related phase equilibria.pdf",10.1016/j.actamat.2015.04.011,AgSbTe2-family,40Te,Ag20Sb30Se10Te40,,,,,,Table 1,,,0.68,W/m.K,False,34.0,52.0,18.0,48.9,3.7400000000000007,52.0,65.0,90.0,25.0,83.4,7.359999999999997,90.0,78.96,127.6,48.64,117.03764000000001,11.283303999999996,127.6,494.0,1234.93,740.9300000000001,856.584,179.65600000000003,722.66,11.0,16.0,5.0,14.7,1.4800000000000002,16.0,4.0,5.0,1.0,4.9,0.17999999999999972,5.0,120.0,145.0,25.0,137.9,3.5799999999999956,138.0,1.93,2.55,0.6199999999999999,2.096,0.0940000000000001,2.1,1.0,2.0,1.0,1.8,0.32,2.0,0.0,4.0,4.0,2.9,1.16,4.0,10.0,10.0,0.0,10.0,0.0,10.0,0.0,0.0,0.0,0.0,0.0,0.0,11.0,16.0,5.0,14.7,1.4800000000000002,16.0,0.0,1.0,1.0,0.2,0.32,0.0,0.0,3.0,3.0,1.9,0.76,2.0,0.0,0.0,0.0,0.0,0.0,0.0,0.0,0.0,0.0,0.0,0.0,0.0,1.0,3.0,2.0,2.1,0.54,2.0,16.33,34.7633333333,18.4333333333,29.23133333332,5.822799999991999,34.7633333333,0.0,0.799,0.799,0.26550000000000007,0.2655,0.464,0.0,0.0,0.0,0.0,0.0,0.0,14.0,225.0,211.0,157.0,32.6,152.0,1.8,2.9,10.0,0.0,0.12244897959183675,0.19727891156462585,0.6802721088435374,0.0,10.64130011718336,0.20628571428571432,,0.0,0.0,0.2,0.3,0.4,300.0,,
"State of the art Ag50-xSbxSe50-yTey alloys Their high zT values, microstructures and related phase equilibria.pdf",10.1016/j.actamat.2015.04.011,AgSbTe2-family,45Te,Ag20Sb30Se5Te45,,,,,,Table 1,,,0.75,W/m.K,False,34.0,52.0,18.0,49.8,2.700000000000001,52.0,65.0,90.0,25.0,83.45,7.379999999999999,90.0,78.96,127.6,48.64,119.46964,8.69154,127.6,494.0,1234.93,740.9300000000001,868.0169999999999,168.22300000000004,722.66,11.0,16.0,5.0,14.7,1.4800000000000002,16.0,4.0,5.0,1.0,4.95,0.09499999999999983,5.0,120.0,145.0,25.0,138.8,2.6,138.0,1.93,2.55,0.6199999999999999,2.0735,0.07150000000000009,2.1,1.0,2.0,1.0,1.8,0.32,2.0,0.0,4.0,4.0,2.9,1.16,4.0,10.0,10.0,0.0,10.0,0.0,10.0,0.0,0.0,0.0,0.0,0.0,0.0,11.0,16.0,5.0,14.7,1.4800000000000002,16.0,0.0,1.0,1.0,0.2,0.32,0.0,0.0,3.0,3.0,1.9,0.76,2.0,0.0,0.0,0.0,0.0,0.0,0.0,0.0,0.0,0.0,0.0,0.0,0.0,1.0,3.0,2.0,2.1,0.54,2.0,16.33,34.7633333333,18.4333333333,29.673499999984998,5.7127499999925,34.7633333333,0.0,0.799,0.799,0.24875000000000003,0.24875,0.464,0.0,0.0,0.0,0.0,0.0,0.0,14.0,225.0,211.0,163.9,25.7,152.0,1.8,2.9,10.0,0.0,0.12244897959183675,0.19727891156462585,0.6802721088435374,0.0,9.912456609956667,0.15962406015037603,,0.0,0.0,0.2,0.3,0.45,300.0,,
Strong anharmonicity induced low lattice thermal conductivity and high thermoelectric performance in system.pdf,10.1063/5.0095121,(Cu1-yInTe2)0.95(AgSbTe2)0.05,(CuInTe2)0.99(AgSbTe2)0.01,(CuInTe2)0.99(AgSbTe2)0.01,Ag,0.01,unclear,Sb (0.01) @ unclear,Ag (0.01) @ unclear site; Sb (0.01) @ unclear site,figure,,Visually estimated from Fig. 2(a),4.5,W/m.K,False,29.0,52.0,23.0,45.550000000000004,8.192249999999998,52.0,64.0,90.0,26.0,79.77750000000002,10.248612500000002,90.0,63.546,127.6,64.054,108.51916050000001,22.264969249999993,127.6,429.75,1357.77,928.02,809.087975,274.200272625,722.66,11.0,16.0,5.0,14.005,1.999975,16.0,4.0,5.0,1.0,4.752500000000001,0.3724874999999994,5.0,132.0,145.0,13.0,137.52500000000003,2.7348749999999833,138.0,1.78,2.1,0.32000000000000006,1.9707500000000004,0.12964625000000007,2.1,1.0,2.0,1.0,1.75,0.37500000000000006,2.0,0.0,4.0,4.0,2.2550000000000003,1.7487250000000003,4.0,10.0,10.0,0.0,10.000000000000002,1.7763568394002505e-15,10.0,0.0,0.0,0.0,0.0,0.0,0.0,11.0,16.0,5.0,14.005,1.999975,16.0,0.0,1.0,1.0,0.25000000000000006,0.3750000000000001,0.0,0.0,5.0,5.0,2.245,1.3675000000000002,2.0,0.0,0.0,0.0,0.0,0.0,0.0,0.0,0.0,0.0,0.0,0.0,0.0,1.0,5.0,4.0,2.4950000000000006,1.2425000000000004,2.0,11.07,34.7633333333,23.693333333299996,26.245566666650003,8.544338833316749,34.7633333333,0.0,0.464,0.464,0.23200000000000004,0.23200000000000004,0.464,0.0,0.0,0.0,0.0,0.0,0.0,139.0,225.0,86.0,167.06750000000002,28.966250000000016,152.0,1.75,2.2550000000000003,10.000000000000002,0.0,0.12495537308104247,0.16101392359871475,0.7140307033202429,0.0,8.877530814278654,0.2305996254830871,0.01,2.0,1.0,0.0025000000000000005,0.0025000000000000005,0.5000000000000001,300.0,,
Strong anharmonicity induced low lattice thermal conductivity and high thermoelectric performance in system.pdf,10.1063/5.0095121,(Cu1-yInTe2)0.95(AgSbTe2)0.05,(CuInTe2)0.97(AgSbTe2)0.03,(CuInTe2)0.97(AgSbTe2)0.03,Ag,0.03,unclear,Sb (0.03) @ unclear,Ag (0.03) @ unclear site; Sb (0.03) @ unclear site,figure,,Visually estimated from Fig. 2(a),4.0,W/m.K,False,29.0,52.0,23.0,45.650000000000006,8.075249999999999,52.0,64.0,90.0,26.0,79.83250000000001,10.245012500000001,90.0,63.546,127.6,64.054,108.77548150000001,21.949907749999994,127.6,429.75,1357.77,928.02,810.8439250000001,273.0144786250001,722.66,11.0,16.0,5.0,14.015000000000002,1.9997749999999999,16.0,4.0,5.0,1.0,4.7575,0.36738749999999987,5.0,132.0,145.0,13.0,137.57500000000002,2.7038749999999916,138.0,1.78,2.1,0.32000000000000006,1.9722500000000003,0.12891625000000007,2.1,1.0,2.0,1.0,1.7500000000000002,0.37499999999999994,2.0,0.0,4.0,4.0,2.2650000000000006,1.7460250000000002,4.0,10.0,10.0,0.0,10.0,0.0,10.0,0.0,0.0,0.0,0.0,0.0,0.0,11.0,16.0,5.0,14.015000000000002,1.9997749999999999,16.0,0.0,1.0,1.0,0.25000000000000006,0.3750000000000001,0.0,0.0,5.0,5.0,2.2350000000000003,1.3525000000000003,2.0,0.0,0.0,0.0,0.0,0.0,0.0,0.0,0.0,0.0,0.0,0.0,0.0,1.0,5.0,4.0,2.4850000000000003,1.2275000000000005,2.0,11.07,34.7633333333,23.693333333299996,26.308366666650002,8.533741166650248,34.7633333333,0.0,0.464,0.464,0.23200000000000004,0.232,0.464,0.0,0.0,0.0,0.0,0.0,0.0,139.0,225.0,86.0,167.20250000000001,28.89875000000001,152.0,1.7500000000000002,2.2650000000000006,10.0,0.0,0.1248662147698894,0.16161255797359972,0.7135212272565108,0.0,9.204873842506112,0.2278431062433278,0.03,2.0,1.0,0.007500000000000001,0.007500000000000001,0.5000000000000001,300.0,,
Strong anharmonicity induced low lattice thermal conductivity and high thermoelectric performance in system.pdf,10.1063/5.0095121,(Cu1-yInTe2)0.95(AgSbTe2)0.05,(CuInTe2)0.95(AgSbTe2)0.05,(CuInTe2)0.95(AgSbTe2)0.05,Ag,0.05,unclear,Sb (0.05) @ unclear,Ag (0.05) @ unclear site; Sb (0.05) @ unclear site,figure,,Visually estimated from Fig. 2(a),3.5,W/m.K,False,29.0,52.0,23.0,45.75000000000001,7.956249999999997,52.0,64.0,90.0,26.0,79.88750000000002,10.2403125,90.0,63.546,127.6,64.054,109.03180250000003,21.63484624999999,127.6,429.75,1357.77,928.02,812.5998750000001,271.7935656250001,722.66,11.0,16.0,5.0,14.025,1.9993750000000001,16.0,4.0,5.0,1.0,4.762500000000001,0.36218749999999944,5.0,132.0,145.0,13.0,137.62500000000003,2.6718749999999853,138.0,1.78,2.1,0.32000000000000006,1.9737500000000001,0.12815625000000008,2.1,1.0,2.0,1.0,1.75,0.37500000000000006,2.0,0.0,4.0,4.0,2.2750000000000004,1.743125,4.0,10.0,10.0,0.0,10.000000000000002,1.7763568394002505e-15,10.0,0.0,0.0,0.0,0.0,0.0,0.0,11.0,16.0,5.0,14.025,1.9993750000000001,16.0,0.0,1.0,1.0,0.25000000000000006,0.3750000000000001,0.0,0.0,5.0,5.0,2.2250000000000005,1.3375000000000006,2.0,0.0,0.0,0.0,0.0,0.0,0.0,0.0,0.0,0.0,0.0,0.0,0.0,1.0,5.0,4.0,2.4750000000000005,1.2125000000000006,2.0,11.07,34.7633333333,23.693333333299996,26.371166666650005,8.52188749998375,34.7633333333,0.0,0.464,0.464,0.23200000000000004,0.23200000000000007,0.464,0.0,0.0,0.0,0.0,0.0,0.0,139.0,225.0,86.0,167.3375,28.831250000000004,152.0,1.75,2.2750000000000004,10.000000000000002,0.0,0.12477718360071301,0.16221033868092694,0.7130124777183602,0.0,9.469993267257859,0.22514229636898936,0.05,2.0,1.0,0.012500000000000002,0.012500000000000002,0.5000000000000001,300.0,,
Strong anharmonicity induced low lattice thermal conductivity and high thermoelectric performance in system.pdf,10.1063/5.0095121,(Cu1-yInTe2)0.95(AgSbTe2)0.05,(CuInTe2)0.93(AgSbTe2)0.07,(CuInTe2)0.93(AgSbTe2)0.07,Ag,0.07,unclear,Sb (0.07) @ unclear,Ag (0.07) @ unclear site; Sb (0.07) @ unclear site,figure,,Visually estimated from Fig. 2(a),3.2,W/m.K,False,29.0,52.0,23.0,45.85,7.835249999999999,52.0,64.0,90.0,26.0,79.9425,10.2345125,90.0,63.546,127.6,64.054,109.2881235,21.31978475,127.6,429.75,1357.77,928.02,814.355825,270.53753362500004,722.66,11.0,16.0,5.0,14.035,1.998775,16.0,4.0,5.0,1.0,4.767500000000001,0.3568874999999996,5.0,132.0,145.0,13.0,137.67499999999998,2.638875000000009,138.0,1.78,2.1,0.32000000000000006,1.9752500000000002,0.12736625000000004,2.1,1.0,2.0,1.0,1.75,0.37500000000000006,2.0,0.0,4.0,4.0,2.285,1.740025,4.0,10.0,10.0,0.0,10.000000000000002,1.7763568394002505e-15,10.0,0.0,0.0,0.0,0.0,0.0,0.0,11.0,16.0,5.0,14.035,1.998775,16.0,0.0,1.0,1.0,0.25,0.37500000000000006,0.0,0.0,5.0,5.0,2.2150000000000003,1.3225000000000002,2.0,0.0,0.0,0.0,0.0,0.0,0.0,0.0,0.0,0.0,0.0,0.0,0.0,1.0,5.0,4.0,2.4650000000000003,1.1975,2.0,11.07,34.7633333333,23.693333333299996,26.433966666649997,8.508777833317248,34.7633333333,0.0,0.464,0.464,0.232,0.23200000000000004,0.464,0.0,0.0,0.0,0.0,0.0,0.0,139.0,225.0,86.0,167.4725,28.76375,152.0,1.75,2.285,10.000000000000002,0.0,0.12468827930174564,0.16280726754542216,0.7125044531528323,0.0,9.699155253631288,0.22249347004015446,0.07,2.0,1.0,0.0175,0.0175,0.5,300.0,,
Synergistic Effect of Mg–Se Co-Doping and Post-Annealing on the Thermoelectric Performance of Polycrystalline AgSbTe2.pdf,10.1021/acsaem.6c01258,AgSbTe2,AgSbTe1.85Se0.15,AgSbTe1.85Se0.15,Se,15 at%,Te,,Se (15 at%) @ Te site,body text,,,0.36,W/m.K,False,34.0,52.0,18.0,49.824999999999996,2.5993750000000015,52.0,65.0,90.0,25.0,82.4625,8.731249999999998,90.0,78.96,127.6,48.64,119.38305,8.789153749999999,127.6,494.0,1234.93,740.9300000000001,887.43275,181.92225000000002,722.66,11.0,16.0,5.0,14.5,1.75,16.0,4.0,5.0,1.0,4.9625,0.07218749999999968,5.0,120.0,145.0,25.0,139.325,2.837499999999994,138.0,1.93,2.55,0.6199999999999999,2.061875,0.07187500000000009,2.1,1.0,2.0,1.0,1.75,0.375,2.0,0.0,4.0,4.0,2.75,1.375,4.0,10.0,10.0,0.0,10.0,0.0,10.0,0.0,0.0,0.0,0.0,0.0,0.0,11.0,16.0,5.0,14.5,1.75,16.0,0.0,1.0,1.0,0.25,0.375,0.0,0.0,3.0,3.0,1.75,0.875,2.0,0.0,0.0,0.0,0.0,0.0,0.0,0.0,0.0,0.0,0.0,0.0,0.0,1.0,3.0,2.0,2.0,0.5,2.0,16.33,34.7633333333,18.4333333333,29.02254166665125,6.578961458324467,34.7633333333,0.0,0.799,0.799,0.24456250000000002,0.24456250000000002,0.464,0.0,0.0,0.0,0.0,0.0,0.0,14.0,225.0,211.0,168.57500000000002,28.21250000000001,152.0,1.75,2.75,10.0,0.0,0.1206896551724138,0.1896551724137931,0.6896551724137931,0.0,9.752141313235201,0.15535291331122703,0.15,1.0,0.0,0.25,0.25,0.4625,507.0,0.0,0.22999999999999976
Synergistic Effect of Mg–Se Co-Doping and Post-Annealing on the Thermoelectric Performance of Polycrystalline AgSbTe2.pdf,10.1021/acsaem.6c01258,AgSbTe2,AgSbTe2,AgSbTe2,,,,,,figure,Figure 3a,Visually estimated from Figure 3a,0.6,W/m.K,False,47.0,52.0,5.0,50.5,1.75,52.0,65.0,90.0,25.0,82.5,8.75,90.0,107.8682,127.6,19.731799999999993,121.20705,6.669425,127.6,722.66,1234.93,512.2700000000001,896.0074999999999,173.34750000000003,722.66,11.0,16.0,5.0,14.5,1.75,16.0,5.0,5.0,0.0,5.0,0.0,5.0,138.0,145.0,7.0,140.0,2.5,138.0,1.93,2.1,0.17000000000000015,2.045,0.05750000000000005,2.1,1.0,2.0,1.0,1.75,0.375,2.0,0.0,4.0,4.0,2.75,1.375,4.0,10.0,10.0,0.0,10.0,0.0,10.0,0.0,0.0,0.0,0.0,0.0,0.0,11.0,16.0,5.0,14.5,1.75,16.0,0.0,1.0,1.0,0.25,0.375,0.0,0.0,3.0,3.0,1.75,0.875,2.0,0.0,0.0,0.0,0.0,0.0,0.0,0.0,0.0,0.0,0.0,0.0,0.0,1.0,3.0,2.0,2.0,0.5,2.0,16.33,34.7633333333,18.4333333333,29.35416666665,6.512083333324999,34.7633333333,0.0,0.464,0.464,0.232,0.232,0.464,0.0,0.0,0.0,0.0,0.0,0.0,152.0,225.0,73.0,173.75,25.625,152.0,1.75,2.75,10.0,0.0,0.1206896551724138,0.1896551724137931,0.6896551724137931,0.0,8.644719482306641,0.11200000000000014,,0.0,0.0,0.25,0.25,0.5,300.0,,
Synergistic Effect of Mg–Se Co-Doping and Post-Annealing on the Thermoelectric Performance of Polycrystalline AgSbTe2.pdf,10.1021/acsaem.6c01258,AgSbTe2,AgSbTe1.85Se0.15,AgSbTe1.85Se0.15,Se,0.15,Te,,Se (0.15) @ Te site,figure,Figure 3a,Visually estimated from Figure 3a,0.5,W/m.K,False,34.0,52.0,18.0,49.824999999999996,2.5993750000000015,52.0,65.0,90.0,25.0,82.4625,8.731249999999998,90.0,78.96,127.6,48.64,119.38305,8.789153749999999,127.6,494.0,1234.93,740.9300000000001,887.43275,181.92225000000002,722.66,11.0,16.0,5.0,14.5,1.75,16.0,4.0,5.0,1.0,4.9625,0.07218749999999968,5.0,120.0,145.0,25.0,139.325,2.837499999999994,138.0,1.93,2.55,0.6199999999999999,2.061875,0.07187500000000009,2.1,1.0,2.0,1.0,1.75,0.375,2.0,0.0,4.0,4.0,2.75,1.375,4.0,10.0,10.0,0.0,10.0,0.0,10.0,0.0,0.0,0.0,0.0,0.0,0.0,11.0,16.0,5.0,14.5,1.75,16.0,0.0,1.0,1.0,0.25,0.375,0.0,0.0,3.0,3.0,1.75,0.875,2.0,0.0,0.0,0.0,0.0,0.0,0.0,0.0,0.0,0.0,0.0,0.0,0.0,1.0,3.0,2.0,2.0,0.5,2.0,16.33,34.7633333333,18.4333333333,29.02254166665125,6.578961458324467,34.7633333333,0.0,0.799,0.799,0.24456250000000002,0.24456250000000002,0.464,0.0,0.0,0.0,0.0,0.0,0.0,14.0,225.0,211.0,168.57500000000002,28.21250000000001,152.0,1.75,2.75,10.0,0.0,0.1206896551724138,0.1896551724137931,0.6896551724137931,0.0,9.752141313235201,0.15535291331122703,0.15,1.0,0.0,0.25,0.25,0.4625,300.0,0.0,0.22999999999999976
Synergistic Effect of Mg–Se Co-Doping and Post-Annealing on the Thermoelectric Performance of Polycrystalline AgSbTe2.pdf,10.1021/acsaem.6c01258,AgSbTe2,Ag0.96Mg0.04SbTe1.85Se0.15,Ag0.96Mg0.04SbTe1.85Se0.15,Mg,0.04,Ag,Se (0.15) @ Te,Mg (0.04) @ Ag site; Se (0.15) @ Te site,figure,Figure 3a,Visually estimated from Figure 3a,0.45,W/m.K,False,12.0,52.0,40.0,49.475,3.0981249999999996,52.0,65.0,90.0,25.0,82.4925,8.686249999999996,90.0,24.305,127.6,103.29499999999999,118.54741800000001,9.979929349999995,127.6,494.0,1234.93,740.9300000000001,884.31345,178.80295,722.66,2.0,16.0,14.0,14.41,1.8849999999999998,16.0,3.0,5.0,2.0,4.942500000000001,0.10953749999999929,5.0,120.0,145.0,25.0,139.285,2.777499999999998,138.0,1.31,2.55,1.2399999999999998,2.055675,0.07807500000000009,2.1,1.0,2.0,1.0,1.76,0.3648,2.0,0.0,4.0,4.0,2.75,1.375,4.0,0.0,10.0,10.0,9.9,0.19799999999999965,10.0,0.0,0.0,0.0,0.0,0.0,0.0,2.0,16.0,14.0,14.41,1.8849999999999998,16.0,0.0,1.0,1.0,0.24,0.3648,0.0,0.0,3.0,3.0,1.75,0.875,2.0,0.0,0.0,0.0,0.0,0.0,0.0,0.0,0.0,0.0,0.0,0.0,0.0,0.0,3.0,3.0,1.99,0.515,2.0,16.33,34.7633333333,18.4333333333,29.08814166665125,6.485481458324468,34.7633333333,0.0,0.799,0.799,0.24456250000000002,0.24456250000000002,0.464,0.0,0.0,0.0,0.0,0.0,0.0,14.0,225.0,211.0,168.26500000000001,27.74750000000001,152.0,1.76,2.75,9.9,0.0,0.12213740458015267,0.19083969465648853,0.6870229007633588,0.0,10.101232647797115,0.17270509227035885,0.04,2.0,1.0,0.24,0.25,0.4625,300.0,1.0,0.43000000000000005
Synergistic Effect of Mg–Se Co-Doping and Post-Annealing on the Thermoelectric Performance of Polycrystalline AgSbTe2.pdf,10.1021/acsaem.6c01258,AgSbTe2,Ag0.95Mg0.05SbTe1.85Se0.15,Ag0.95Mg0.05SbTe1.85Se0.15,Mg,0.05,Ag,Se (0.15) @ Te,Mg (0.05) @ Ag site; Se (0.15) @ Te site,figure,Figure 3a,Visually estimated from Figure 3a,0.5,W/m.K,False,12.0,52.0,40.0,49.387499999999996,3.2228125000000016,52.0,65.0,90.0,25.0,82.5,8.675,90.0,24.305,127.6,103.29499999999999,118.33851,10.277623249999998,127.6,494.0,1234.93,740.9300000000001,883.5336250000001,178.02312500000002,722.66,2.0,16.0,14.0,14.3875,1.9187500000000006,16.0,3.0,5.0,2.0,4.9375,0.11875,5.0,120.0,145.0,25.0,139.275,2.762500000000003,138.0,1.31,2.55,1.2399999999999998,2.054125,0.07962500000000008,2.1,1.0,2.0,1.0,1.7625,0.3621875,2.0,0.0,4.0,4.0,2.75,1.375,4.0,0.0,10.0,10.0,9.875,0.246875,10.0,0.0,0.0,0.0,0.0,0.0,0.0,2.0,16.0,14.0,14.3875,1.9187500000000006,16.0,0.0,1.0,1.0,0.2375,0.3621875,0.0,0.0,3.0,3.0,1.75,0.875,2.0,0.0,0.0,0.0,0.0,0.0,0.0,0.0,0.0,0.0,0.0,0.0,0.0,0.0,3.0,3.0,1.9875,0.5187499999999999,2.0,16.33,34.7633333333,18.4333333333,29.10454166665125,6.4621114583244665,34.7633333333,0.0,0.799,0.799,0.24456250000000002,0.24456250000000002,0.464,0.0,0.0,0.0,0.0,0.0,0.0,14.0,225.0,211.0,168.1875,27.631249999999998,152.0,1.7625,2.75,9.875,0.0,0.12250217202432667,0.1911381407471764,0.6863596872284969,0.0,10.164778205710808,0.1769624413145541,0.05,2.0,1.0,0.2375,0.25,0.4625,300.0,1.0,0.43000000000000005
Synergistic Effect of Mg–Se Co-Doping and Post-Annealing on the Thermoelectric Performance of Polycrystalline AgSbTe2.pdf,10.1021/acsaem.6c01258,AgSbTe2,Ag0.94Mg0.06SbTe1.85Se0.15,Ag0.94Mg0.06SbTe1.85Se0.15,Mg,0.06,Ag,Se (0.15) @ Te,Mg (0.06) @ Ag site; Se (0.15) @ Te site,figure,Figure 3a,Visually estimated from Figure 3a,0.4,W/m.K,False,12.0,52.0,40.0,49.300000000000004,3.347499999999998,52.0,65.0,90.0,25.0,82.50750000000001,8.663749999999997,90.0,24.305,127.6,103.29499999999999,118.12960199999999,10.575317150000004,127.6,494.0,1234.93,740.9300000000001,882.7538000000001,177.2433,722.66,2.0,16.0,14.0,14.365,1.9525000000000001,16.0,3.0,5.0,2.0,4.9325,0.1279124999999999,5.0,120.0,145.0,25.0,139.265,2.747499999999993,138.0,1.31,2.55,1.2399999999999998,2.052575,0.0811750000000001,2.1,1.0,2.0,1.0,1.765,0.35955000000000004,2.0,0.0,4.0,4.0,2.75,1.375,4.0,0.0,10.0,10.0,9.85,0.2955000000000003,10.0,0.0,0.0,0.0,0.0,0.0,0.0,2.0,16.0,14.0,14.365,1.9525000000000001,16.0,0.0,1.0,1.0,0.235,0.35955,0.0,0.0,3.0,3.0,1.75,0.875,2.0,0.0,0.0,0.0,0.0,0.0,0.0,0.0,0.0,0.0,0.0,0.0,0.0,0.0,3.0,3.0,1.985,0.5225,2.0,16.33,34.7633333333,18.4333333333,29.120941666651248,6.4387414583244675,34.7633333333,0.0,0.799,0.799,0.24456250000000002,0.24456250000000002,0.464,0.0,0.0,0.0,0.0,0.0,0.0,14.0,225.0,211.0,168.10999999999999,27.514999999999993,152.0,1.765,2.75,9.85,0.0,0.12286808214410024,0.19143752175426385,0.6856943961016359,0.0,10.223919558568038,0.18118881118881128,0.06,2.0,1.0,0.235,0.25,0.4625,300.0,1.0,0.43000000000000005
Synergistic Effect of Mg–Se Co-Doping and Post-Annealing on the Thermoelectric Performance of Polycrystalline AgSbTe2.pdf,10.1021/acsaem.6c01258,AgSbTe2,AgSb0.95Mg0.05Te1.85Se0.15 (without annealing),AgSb0.95Mg0.05Te1.85Se0.15,Mg,0.05,Sb,Se (0.15) @ Te,Mg (0.05) @ Sb site; Se (0.15) @ Te site,figure,,Visually estimated from Fig 7d,0.6,W/m.K,False,12.0,52.0,40.0,49.3375,3.252500000000001,52.0,65.0,90.0,25.0,82.25,8.981250000000001,90.0,24.305,127.6,103.29499999999999,118.1648625,10.4351925,127.6,494.0,1234.93,740.9300000000001,887.6729999999999,182.16250000000002,722.66,2.0,16.0,14.0,14.3375,1.9771874999999999,16.0,3.0,5.0,2.0,4.9375,0.11875,5.0,120.0,145.0,25.0,139.35,2.8662499999999973,138.0,1.31,2.55,1.2399999999999998,2.052625,0.0811250000000001,2.1,1.0,2.0,1.0,1.75,0.375,2.0,0.0,4.0,4.0,2.7125,1.4240625000000002,4.0,0.0,10.0,10.0,9.875,0.246875,10.0,0.0,0.0,0.0,0.0,0.0,0.0,2.0,16.0,14.0,14.3375,1.9771874999999999,16.0,0.0,1.0,1.0,0.25,0.375,0.0,0.0,3.0,3.0,1.7125,0.8990625,2.0,0.0,0.0,0.0,0.0,0.0,0.0,0.0,0.0,0.0,0.0,0.0,0.0,0.0,3.0,3.0,1.9625,0.5303125000000001,2.0,16.33,34.7633333333,18.4333333333,28.914166666651248,6.66724999999075,34.7633333333,0.0,0.799,0.799,0.24456250000000002,0.2445625,0.464,0.0,0.0,0.0,0.0,0.0,0.0,14.0,225.0,211.0,168.92499999999998,28.664374999999993,152.0,1.75,2.7125,9.875,0.0,0.12205754141238012,0.18918918918918917,0.6887532693984306,0.0,10.164778205710808,0.17915962441314565,0.05,2.0,1.0,0.25,0.2375,0.4625,300.0,1.0,0.040000000000000036
Synergistic Effect of Mg–Se Co-Doping and Post-Annealing on the Thermoelectric Performance of Polycrystalline AgSbTe2.pdf,10.1021/acsaem.6c01258,AgSbTe2,AgSb0.95Mg0.05Te1.85Se0.15 (annealed),AgSb0.95Mg0.05Te1.85Se0.15,Mg,0.05,Sb,Se (0.15) @ Te,Mg (0.05) @ Sb site; Se (0.15) @ Te site,figure,,Visually estimated from Fig 7d,0.65,W/m.K,False,12.0,52.0,40.0,49.3375,3.252500000000001,52.0,65.0,90.0,25.0,82.25,8.981250000000001,90.0,24.305,127.6,103.29499999999999,118.1648625,10.4351925,127.6,494.0,1234.93,740.9300000000001,887.6729999999999,182.16250000000002,722.66,2.0,16.0,14.0,14.3375,1.9771874999999999,16.0,3.0,5.0,2.0,4.9375,0.11875,5.0,120.0,145.0,25.0,139.35,2.8662499999999973,138.0,1.31,2.55,1.2399999999999998,2.052625,0.0811250000000001,2.1,1.0,2.0,1.0,1.75,0.375,2.0,0.0,4.0,4.0,2.7125,1.4240625000000002,4.0,0.0,10.0,10.0,9.875,0.246875,10.0,0.0,0.0,0.0,0.0,0.0,0.0,2.0,16.0,14.0,14.3375,1.9771874999999999,16.0,0.0,1.0,1.0,0.25,0.375,0.0,0.0,3.0,3.0,1.7125,0.8990625,2.0,0.0,0.0,0.0,0.0,0.0,0.0,0.0,0.0,0.0,0.0,0.0,0.0,0.0,3.0,3.0,1.9625,0.5303125000000001,2.0,16.33,34.7633333333,18.4333333333,28.914166666651248,6.66724999999075,34.7633333333,0.0,0.799,0.799,0.24456250000000002,0.2445625,0.464,0.0,0.0,0.0,0.0,0.0,0.0,14.0,225.0,211.0,168.92499999999998,28.664374999999993,152.0,1.75,2.7125,9.875,0.0,0.12205754141238012,0.18918918918918917,0.6887532693984306,0.0,10.164778205710808,0.17915962441314565,0.05,2.0,1.0,0.25,0.2375,0.4625,300.0,1.0,0.040000000000000036
Synergistic Suppression of Bipolar Effect and Lattice Thermal Conductivity Leading to High Average Figure of Merit in Bi0.4Sb1.6Te3 Materials through Alloying with AgSbTe2.pdf,10.1021/acsami.4c12307,Bi0.4Sb1.6Te3 alloyed with AgSbTe2,commercial,Bi0.4Sb1.6Te3,,,,,,figure,Fig. 1 (right),Visually estimated from Fig. 1 (right),0.6,W/m.K,False,51.0,83.0,32.0,54.160000000000004,4.614400000000003,52.0,85.0,90.0,5.0,88.08,2.3040000000000003,90.0,121.76,208.9804,87.2204,132.241632,12.278202880000011,127.6,544.4,903.78,359.38,766.3576,87.95033600000004,722.66,15.0,16.0,1.0,15.6,0.4800000000000001,16.0,5.0,6.0,1.0,5.08,0.14720000000000005,5.0,138.0,148.0,10.0,139.12,1.4208000000000038,138.0,2.02,2.1,0.08000000000000007,2.0776000000000003,0.026880000000000043,2.1,2.0,2.0,0.0,2.0,0.0,2.0,3.0,4.0,1.0,3.6,0.48,4.0,10.0,10.0,0.0,10.0,0.0,10.0,0.0,14.0,14.0,1.12,2.0608000000000004,0.0,15.0,29.0,14.0,16.72,1.9647999999999992,16.0,0.0,0.0,0.0,0.0,0.0,0.0,2.0,3.0,1.0,2.4,0.48,2.0,0.0,0.0,0.0,0.0,0.0,0.0,0.0,0.0,0.0,0.0,0.0,0.0,2.0,3.0,1.0,2.4,0.48,2.0,31.56,34.7633333333,3.203333333299998,33.59319999998,1.4041599999839982,34.7633333333,0.0,0.464,0.464,0.27840000000000004,0.22271999999999997,0.464,0.0,0.0,0.0,0.0,0.0,0.0,12.0,166.0,154.0,145.28000000000003,21.324799999999975,152.0,2.0,3.6,10.0,1.12,0.11961722488038279,0.215311004784689,0.5980861244019139,0.06698564593301437,7.259961244612273,0.05349397590361465,,0.0,0.0,0.0,0.32,0.6,480.0,,
Synthesis and thermoelectric properties of Mn-doped AgSbTe2 compounds.pdf,10.1088/1674-1056/21/10/106101,Ag0.9Sb1-xMnxTe2.05,x=0.05,Ag0.9Sb0.95Mn0.05Te2.05,Mn,x=0.05,Sb,,Mn (x=0.05) @ Sb site,figure,Fig. 5a,Visually estimated from Fig. 5a,0.88,W/m.K,False,25.0,52.0,27.0,50.278481012658226,2.1339528921647184,52.0,52.0,90.0,38.0,82.62025316455696,8.804678737381833,90.0,54.938045,127.6,72.66195499999999,120.77981829113924,7.550655760294824,127.6,722.66,1519.0,796.34,893.0205063291138,176.8298926454094,722.66,7.0,16.0,9.0,14.50632911392405,1.7878545104951131,16.0,4.0,5.0,1.0,4.987341772151899,0.024995994231693703,5.0,138.0,145.0,7.0,139.84810126582275,2.347700688992129,138.0,1.55,2.1,0.55,2.042278481012658,0.0636276237782407,2.1,1.0,2.0,1.0,1.7721518987341771,0.3518666880307644,2.0,0.0,4.0,4.0,2.7974683544303796,1.345617689472841,4.0,5.0,10.0,5.0,9.936708860759493,0.12497997115846851,10.0,0.0,0.0,0.0,0.0,0.0,0.0,7.0,16.0,9.0,14.50632911392405,1.7878545104951131,16.0,0.0,1.0,1.0,0.22784810126582278,0.35186668803076426,0.0,0.0,3.0,3.0,1.7594936708860758,0.8463387277679859,2.0,0.0,5.0,5.0,0.06329113924050632,0.12497997115846816,0.0,0.0,0.0,0.0,0.0,0.0,0.0,1.0,5.0,4.0,2.050632911392405,0.5313251081557442,2.0,10.4875862069,34.7633333333,24.2757471264,29.485623454078475,6.475930618242815,34.7633333333,0.0,0.464,0.464,0.24081012658227846,0.2316654382310527,0.464,0.0,0.000310120689655,0.000310120689655,3.925578350063291e-06,7.751774969745232e-06,0.0,152.0,225.0,73.0,172.82278481012656,24.895369331837838,152.0,1.7721518987341771,2.7974683544303796,9.936708860759493,0.0,0.12216404886561955,0.19284467713787085,0.6849912739965096,0.0,8.941614467586554,0.12614352090862174,0.05,1.0,0.0,0.22784810126582278,0.24050632911392403,0.5189873417721518,300.0,1.0,0.06999999999999995
Synthesis and thermoelectric properties of Mn-doped AgSbTe2 compounds.pdf,10.1088/1674-1056/21/10/106101,Ag0.9Sb1-xMnxTe2.05,x=0.05,Ag0.9Sb0.95Mn0.05Te2.05,Mn,x=0.05,Sb,,Mn (x=0.05) @ Sb site,figure,Fig. 5a,Visually estimated from Fig. 5a,0.98,W/m.K,False,25.0,52.0,27.0,50.278481012658226,2.1339528921647184,52.0,52.0,90.0,38.0,82.62025316455696,8.804678737381833,90.0,54.938045,127.6,72.66195499999999,120.77981829113924,7.550655760294824,127.6,722.66,1519.0,796.34,893.0205063291138,176.8298926454094,722.66,7.0,16.0,9.0,14.50632911392405,1.7878545104951131,16.0,4.0,5.0,1.0,4.987341772151899,0.024995994231693703,5.0,138.0,145.0,7.0,139.84810126582275,2.347700688992129,138.0,1.55,2.1,0.55,2.042278481012658,0.0636276237782407,2.1,1.0,2.0,1.0,1.7721518987341771,0.3518666880307644,2.0,0.0,4.0,4.0,2.7974683544303796,1.345617689472841,4.0,5.0,10.0,5.0,9.936708860759493,0.12497997115846851,10.0,0.0,0.0,0.0,0.0,0.0,0.0,7.0,16.0,9.0,14.50632911392405,1.7878545104951131,16.0,0.0,1.0,1.0,0.22784810126582278,0.35186668803076426,0.0,0.0,3.0,3.0,1.7594936708860758,0.8463387277679859,2.0,0.0,5.0,5.0,0.06329113924050632,0.12497997115846816,0.0,0.0,0.0,0.0,0.0,0.0,0.0,1.0,5.0,4.0,2.050632911392405,0.5313251081557442,2.0,10.4875862069,34.7633333333,24.2757471264,29.485623454078475,6.475930618242815,34.7633333333,0.0,0.464,0.464,0.24081012658227846,0.2316654382310527,0.464,0.0,0.000310120689655,0.000310120689655,3.925578350063291e-06,7.751774969745232e-06,0.0,152.0,225.0,73.0,172.82278481012656,24.895369331837838,152.0,1.7721518987341771,2.7974683544303796,9.936708860759493,0.0,0.12216404886561955,0.19284467713787085,0.6849912739965096,0.0,8.941614467586554,0.12614352090862174,0.05,1.0,0.0,0.22784810126582278,0.24050632911392403,0.5189873417721518,375.0,1.0,0.06999999999999995
Synthesis and thermoelectric properties of Mn-doped AgSbTe2 compounds.pdf,10.1088/1674-1056/21/10/106101,Ag0.9Sb1-xMnxTe2.05,x=0.05,Ag0.9Sb0.95Mn0.05Te2.05,Mn,x=0.05,Sb,,Mn (x=0.05) @ Sb site,figure,Fig. 5a,Visually estimated from Fig. 5a,0.88,W/m.K,False,25.0,52.0,27.0,50.278481012658226,2.1339528921647184,52.0,52.0,90.0,38.0,82.62025316455696,8.804678737381833,90.0,54.938045,127.6,72.66195499999999,120.77981829113924,7.550655760294824,127.6,722.66,1519.0,796.34,893.0205063291138,176.8298926454094,722.66,7.0,16.0,9.0,14.50632911392405,1.7878545104951131,16.0,4.0,5.0,1.0,4.987341772151899,0.024995994231693703,5.0,138.0,145.0,7.0,139.84810126582275,2.347700688992129,138.0,1.55,2.1,0.55,2.042278481012658,0.0636276237782407,2.1,1.0,2.0,1.0,1.7721518987341771,0.3518666880307644,2.0,0.0,4.0,4.0,2.7974683544303796,1.345617689472841,4.0,5.0,10.0,5.0,9.936708860759493,0.12497997115846851,10.0,0.0,0.0,0.0,0.0,0.0,0.0,7.0,16.0,9.0,14.50632911392405,1.7878545104951131,16.0,0.0,1.0,1.0,0.22784810126582278,0.35186668803076426,0.0,0.0,3.0,3.0,1.7594936708860758,0.8463387277679859,2.0,0.0,5.0,5.0,0.06329113924050632,0.12497997115846816,0.0,0.0,0.0,0.0,0.0,0.0,0.0,1.0,5.0,4.0,2.050632911392405,0.5313251081557442,2.0,10.4875862069,34.7633333333,24.2757471264,29.485623454078475,6.475930618242815,34.7633333333,0.0,0.464,0.464,0.24081012658227846,0.2316654382310527,0.464,0.0,0.000310120689655,0.000310120689655,3.925578350063291e-06,7.751774969745232e-06,0.0,152.0,225.0,73.0,172.82278481012656,24.895369331837838,152.0,1.7721518987341771,2.7974683544303796,9.936708860759493,0.0,0.12216404886561955,0.19284467713787085,0.6849912739965096,0.0,8.941614467586554,0.12614352090862174,0.05,1.0,0.0,0.22784810126582278,0.24050632911392403,0.5189873417721518,475.0,1.0,0.06999999999999995
Synthesis and thermoelectric properties of Mn-doped AgSbTe2 compounds.pdf,10.1088/1674-1056/21/10/106101,Ag0.9Sb1-xMnxTe2.05,x=0.05,Ag0.9Sb0.95Mn0.05Te2.05,Mn,x=0.05,Sb,,Mn (x=0.05) @ Sb site,figure,Fig. 5a,Visually estimated from Fig. 5a,0.72,W/m.K,False,25.0,52.0,27.0,50.278481012658226,2.1339528921647184,52.0,52.0,90.0,38.0,82.62025316455696,8.804678737381833,90.0,54.938045,127.6,72.66195499999999,120.77981829113924,7.550655760294824,127.6,722.66,1519.0,796.34,893.0205063291138,176.8298926454094,722.66,7.0,16.0,9.0,14.50632911392405,1.7878545104951131,16.0,4.0,5.0,1.0,4.987341772151899,0.024995994231693703,5.0,138.0,145.0,7.0,139.84810126582275,2.347700688992129,138.0,1.55,2.1,0.55,2.042278481012658,0.0636276237782407,2.1,1.0,2.0,1.0,1.7721518987341771,0.3518666880307644,2.0,0.0,4.0,4.0,2.7974683544303796,1.345617689472841,4.0,5.0,10.0,5.0,9.936708860759493,0.12497997115846851,10.0,0.0,0.0,0.0,0.0,0.0,0.0,7.0,16.0,9.0,14.50632911392405,1.7878545104951131,16.0,0.0,1.0,1.0,0.22784810126582278,0.35186668803076426,0.0,0.0,3.0,3.0,1.7594936708860758,0.8463387277679859,2.0,0.0,5.0,5.0,0.06329113924050632,0.12497997115846816,0.0,0.0,0.0,0.0,0.0,0.0,0.0,1.0,5.0,4.0,2.050632911392405,0.5313251081557442,2.0,10.4875862069,34.7633333333,24.2757471264,29.485623454078475,6.475930618242815,34.7633333333,0.0,0.464,0.464,0.24081012658227846,0.2316654382310527,0.464,0.0,0.000310120689655,0.000310120689655,3.925578350063291e-06,7.751774969745232e-06,0.0,152.0,225.0,73.0,172.82278481012656,24.895369331837838,152.0,1.7721518987341771,2.7974683544303796,9.936708860759493,0.0,0.12216404886561955,0.19284467713787085,0.6849912739965096,0.0,8.941614467586554,0.12614352090862174,0.05,1.0,0.0,0.22784810126582278,0.24050632911392403,0.5189873417721518,575.0,1.0,0.06999999999999995
Synthesis and thermoelectric properties of Mn-doped AgSbTe2 compounds.pdf,10.1088/1674-1056/21/10/106101,Ag0.9Sb1-xMnxTe2.05,x=0.10,Ag0.9Sb0.90Mn0.10Te2.05,Mn,x=0.10,Sb,,Mn (x=0.10) @ Sb site,figure,Fig. 5a,Visually estimated from Fig. 5a,0.78,W/m.K,False,25.0,52.0,27.0,49.949367088607595,2.6072744752443517,52.0,52.0,90.0,38.0,82.2025316455696,9.368370453452986,90.0,54.938045,127.6,72.66195499999999,119.93397075949368,8.789258865566412,127.6,722.66,1519.0,796.34,900.8081012658228,184.913219035411,722.66,7.0,16.0,9.0,14.405063291139237,1.9266143246274652,16.0,4.0,5.0,1.0,4.9746835443037964,0.04935106553437047,5.0,138.0,145.0,7.0,139.84810126582278,2.347700688992144,138.0,1.55,2.1,0.55,2.0359493670886075,0.07288575548790263,2.1,1.0,2.0,1.0,1.7721518987341771,0.3518666880307644,2.0,0.0,4.0,4.0,2.7594936708860756,1.3972119852587728,4.0,5.0,10.0,5.0,9.873417721518987,0.2467553276718481,10.0,0.0,0.0,0.0,0.0,0.0,0.0,7.0,16.0,9.0,14.405063291139237,1.9266143246274652,16.0,0.0,1.0,1.0,0.22784810126582278,0.35186668803076426,0.0,0.0,3.0,3.0,1.721518987341772,0.8716551834641886,2.0,0.0,5.0,5.0,0.12658227848101264,0.24675532767184744,0.0,0.0,0.0,0.0,0.0,0.0,0.0,1.0,5.0,4.0,2.075949367088607,0.5691395609677934,2.0,10.4875862069,34.7633333333,24.2757471264,29.218884038975943,6.82183565482833,34.7633333333,0.0,0.464,0.464,0.24081012658227846,0.2316654382310527,0.464,0.0,0.000310120689655,0.000310120689655,7.851156700126582e-06,1.5304786478727766e-05,0.0,152.0,225.0,73.0,173.46835443037972,25.6869091491748,152.0,1.7721518987341771,2.7594936708860756,9.873417721518987,0.0,0.12302284710017576,0.19156414762741653,0.6854130052724078,0.0,9.208030330905302,0.14228249744114652,0.1,1.0,0.0,0.22784810126582278,0.22784810126582278,0.5189873417721518,300.0,1.0,0.06999999999999995
Synthesis and thermoelectric properties of Mn-doped AgSbTe2 compounds.pdf,10.1088/1674-1056/21/10/106101,Ag0.9Sb1-xMnxTe2.05,x=0.10,Ag0.9Sb0.90Mn0.10Te2.05,Mn,x=0.10,Sb,,Mn (x=0.10) @ Sb site,figure,Fig. 5a,Visually estimated from Fig. 5a,0.85,W/m.K,False,25.0,52.0,27.0,49.949367088607595,2.6072744752443517,52.0,52.0,90.0,38.0,82.2025316455696,9.368370453452986,90.0,54.938045,127.6,72.66195499999999,119.93397075949368,8.789258865566412,127.6,722.66,1519.0,796.34,900.8081012658228,184.913219035411,722.66,7.0,16.0,9.0,14.405063291139237,1.9266143246274652,16.0,4.0,5.0,1.0,4.9746835443037964,0.04935106553437047,5.0,138.0,145.0,7.0,139.84810126582278,2.347700688992144,138.0,1.55,2.1,0.55,2.0359493670886075,0.07288575548790263,2.1,1.0,2.0,1.0,1.7721518987341771,0.3518666880307644,2.0,0.0,4.0,4.0,2.7594936708860756,1.3972119852587728,4.0,5.0,10.0,5.0,9.873417721518987,0.2467553276718481,10.0,0.0,0.0,0.0,0.0,0.0,0.0,7.0,16.0,9.0,14.405063291139237,1.9266143246274652,16.0,0.0,1.0,1.0,0.22784810126582278,0.35186668803076426,0.0,0.0,3.0,3.0,1.721518987341772,0.8716551834641886,2.0,0.0,5.0,5.0,0.12658227848101264,0.24675532767184744,0.0,0.0,0.0,0.0,0.0,0.0,0.0,1.0,5.0,4.0,2.075949367088607,0.5691395609677934,2.0,10.4875862069,34.7633333333,24.2757471264,29.218884038975943,6.82183565482833,34.7633333333,0.0,0.464,0.464,0.24081012658227846,0.2316654382310527,0.464,0.0,0.000310120689655,0.000310120689655,7.851156700126582e-06,1.5304786478727766e-05,0.0,152.0,225.0,73.0,173.46835443037972,25.6869091491748,152.0,1.7721518987341771,2.7594936708860756,9.873417721518987,0.0,0.12302284710017576,0.19156414762741653,0.6854130052724078,0.0,9.208030330905302,0.14228249744114652,0.1,1.0,0.0,0.22784810126582278,0.22784810126582278,0.5189873417721518,375.0,1.0,0.06999999999999995
Synthesis and thermoelectric properties of Mn-doped AgSbTe2 compounds.pdf,10.1088/1674-1056/21/10/106101,Ag0.9Sb1-xMnxTe2.05,x=0.10,Ag0.9Sb0.90Mn0.10Te2.05,Mn,x=0.10,Sb,,Mn (x=0.10) @ Sb site,figure,Fig. 5a,Visually estimated from Fig. 5a,0.75,W/m.K,False,25.0,52.0,27.0,49.949367088607595,2.6072744752443517,52.0,52.0,90.0,38.0,82.2025316455696,9.368370453452986,90.0,54.938045,127.6,72.66195499999999,119.93397075949368,8.789258865566412,127.6,722.66,1519.0,796.34,900.8081012658228,184.913219035411,722.66,7.0,16.0,9.0,14.405063291139237,1.9266143246274652,16.0,4.0,5.0,1.0,4.9746835443037964,0.04935106553437047,5.0,138.0,145.0,7.0,139.84810126582278,2.347700688992144,138.0,1.55,2.1,0.55,2.0359493670886075,0.07288575548790263,2.1,1.0,2.0,1.0,1.7721518987341771,0.3518666880307644,2.0,0.0,4.0,4.0,2.7594936708860756,1.3972119852587728,4.0,5.0,10.0,5.0,9.873417721518987,0.2467553276718481,10.0,0.0,0.0,0.0,0.0,0.0,0.0,7.0,16.0,9.0,14.405063291139237,1.9266143246274652,16.0,0.0,1.0,1.0,0.22784810126582278,0.35186668803076426,0.0,0.0,3.0,3.0,1.721518987341772,0.8716551834641886,2.0,0.0,5.0,5.0,0.12658227848101264,0.24675532767184744,0.0,0.0,0.0,0.0,0.0,0.0,0.0,1.0,5.0,4.0,2.075949367088607,0.5691395609677934,2.0,10.4875862069,34.7633333333,24.2757471264,29.218884038975943,6.82183565482833,34.7633333333,0.0,0.464,0.464,0.24081012658227846,0.2316654382310527,0.464,0.0,0.000310120689655,0.000310120689655,7.851156700126582e-06,1.5304786478727766e-05,0.0,152.0,225.0,73.0,173.46835443037972,25.6869091491748,152.0,1.7721518987341771,2.7594936708860756,9.873417721518987,0.0,0.12302284710017576,0.19156414762741653,0.6854130052724078,0.0,9.208030330905302,0.14228249744114652,0.1,1.0,0.0,0.22784810126582278,0.22784810126582278,0.5189873417721518,475.0,1.0,0.06999999999999995
Synthesis and thermoelectric properties of Mn-doped AgSbTe2 compounds.pdf,10.1088/1674-1056/21/10/106101,Ag0.9Sb1-xMnxTe2.05,x=0.10,Ag0.9Sb0.90Mn0.10Te2.05,Mn,x=0.10,Sb,,Mn (x=0.10) @ Sb site,figure,Fig. 5a,Visually estimated from Fig. 5a,0.52,W/m.K,False,25.0,52.0,27.0,49.949367088607595,2.6072744752443517,52.0,52.0,90.0,38.0,82.2025316455696,9.368370453452986,90.0,54.938045,127.6,72.66195499999999,119.93397075949368,8.789258865566412,127.6,722.66,1519.0,796.34,900.8081012658228,184.913219035411,722.66,7.0,16.0,9.0,14.405063291139237,1.9266143246274652,16.0,4.0,5.0,1.0,4.9746835443037964,0.04935106553437047,5.0,138.0,145.0,7.0,139.84810126582278,2.347700688992144,138.0,1.55,2.1,0.55,2.0359493670886075,0.07288575548790263,2.1,1.0,2.0,1.0,1.7721518987341771,0.3518666880307644,2.0,0.0,4.0,4.0,2.7594936708860756,1.3972119852587728,4.0,5.0,10.0,5.0,9.873417721518987,0.2467553276718481,10.0,0.0,0.0,0.0,0.0,0.0,0.0,7.0,16.0,9.0,14.405063291139237,1.9266143246274652,16.0,0.0,1.0,1.0,0.22784810126582278,0.35186668803076426,0.0,0.0,3.0,3.0,1.721518987341772,0.8716551834641886,2.0,0.0,5.0,5.0,0.12658227848101264,0.24675532767184744,0.0,0.0,0.0,0.0,0.0,0.0,0.0,1.0,5.0,4.0,2.075949367088607,0.5691395609677934,2.0,10.4875862069,34.7633333333,24.2757471264,29.218884038975943,6.82183565482833,34.7633333333,0.0,0.464,0.464,0.24081012658227846,0.2316654382310527,0.464,0.0,0.000310120689655,0.000310120689655,7.851156700126582e-06,1.5304786478727766e-05,0.0,152.0,225.0,73.0,173.46835443037972,25.6869091491748,152.0,1.7721518987341771,2.7594936708860756,9.873417721518987,0.0,0.12302284710017576,0.19156414762741653,0.6854130052724078,0.0,9.208030330905302,0.14228249744114652,0.1,1.0,0.0,0.22784810126582278,0.22784810126582278,0.5189873417721518,575.0,1.0,0.06999999999999995
Synthesis and thermoelectric properties of Mn-doped AgSbTe2 compounds.pdf,10.1088/1674-1056/21/10/106101,Ag0.9Sb1-xMnxTe2.05,x=0.20,Ag0.9Sb0.80Mn0.20Te2.05,Mn,x=0.20,Sb,,Mn (x=0.20) @ Sb site,figure,Fig. 5a,Visually estimated from Fig. 5a,1.05,W/m.K,False,25.0,52.0,27.0,49.291139240506325,3.5039256529402354,52.0,52.0,90.0,38.0,81.36708860759492,10.432302515622501,90.0,54.938045,127.6,72.66195499999999,118.24227569620254,11.137981906745708,127.6,722.66,1519.0,796.34,916.3832911392404,206.18500240346097,722.66,7.0,16.0,9.0,14.202531645569618,2.188751802595739,16.0,4.0,5.0,1.0,4.949367088607595,0.09613843935266808,5.0,138.0,145.0,7.0,139.84810126582278,2.347700688992144,138.0,1.55,2.1,0.55,2.023291139240506,0.09044063451369981,2.1,1.0,2.0,1.0,1.7721518987341771,0.3518666880307644,2.0,0.0,4.0,4.0,2.683544303797468,1.4946322704694763,4.0,5.0,10.0,5.0,9.746835443037975,0.48069219676333885,10.0,0.0,0.0,0.0,0.0,0.0,0.0,7.0,16.0,9.0,14.202531645569618,2.188751802595739,16.0,0.0,1.0,1.0,0.22784810126582278,0.35186668803076426,0.0,0.0,3.0,3.0,1.6455696202531644,0.9165197884954336,2.0,0.0,5.0,5.0,0.2531645569620253,0.48069219676333924,0.0,0.0,0.0,0.0,0.0,0.0,0.0,1.0,5.0,4.0,2.1265822784810124,0.6447684665918922,2.0,10.4875862069,34.7633333333,24.2757471264,28.68540520877088,7.473128348490114,34.7633333333,0.0,0.464,0.464,0.24081012658227846,0.2316654382310527,0.464,0.0,0.000310120689655,0.000310120689655,1.5702313400253164e-05,2.981451911440474e-05,0.0,152.0,225.0,73.0,174.75949367088606,27.171927575709013,152.0,1.7721518987341771,2.683544303797468,9.746835443037975,0.0,0.12477718360071302,0.18894830659536543,0.6862745098039217,0.0,9.577065018108687,0.17274470232088807,0.2,1.0,0.0,0.22784810126582278,0.20253164556962025,0.5189873417721518,300.0,1.0,0.06999999999999995
Synthesis and thermoelectric properties of Mn-doped AgSbTe2 compounds.pdf,10.1088/1674-1056/21/10/106101,Ag0.9Sb1-xMnxTe2.05,x=0.20,Ag0.9Sb0.80Mn0.20Te2.05,Mn,x=0.20,Sb,,Mn (x=0.20) @ Sb site,figure,Fig. 5a,Visually estimated from Fig. 5a,1.08,W/m.K,False,25.0,52.0,27.0,49.291139240506325,3.5039256529402354,52.0,52.0,90.0,38.0,81.36708860759492,10.432302515622501,90.0,54.938045,127.6,72.66195499999999,118.24227569620254,11.137981906745708,127.6,722.66,1519.0,796.34,916.3832911392404,206.18500240346097,722.66,7.0,16.0,9.0,14.202531645569618,2.188751802595739,16.0,4.0,5.0,1.0,4.949367088607595,0.09613843935266808,5.0,138.0,145.0,7.0,139.84810126582278,2.347700688992144,138.0,1.55,2.1,0.55,2.023291139240506,0.09044063451369981,2.1,1.0,2.0,1.0,1.7721518987341771,0.3518666880307644,2.0,0.0,4.0,4.0,2.683544303797468,1.4946322704694763,4.0,5.0,10.0,5.0,9.746835443037975,0.48069219676333885,10.0,0.0,0.0,0.0,0.0,0.0,0.0,7.0,16.0,9.0,14.202531645569618,2.188751802595739,16.0,0.0,1.0,1.0,0.22784810126582278,0.35186668803076426,0.0,0.0,3.0,3.0,1.6455696202531644,0.9165197884954336,2.0,0.0,5.0,5.0,0.2531645569620253,0.48069219676333924,0.0,0.0,0.0,0.0,0.0,0.0,0.0,1.0,5.0,4.0,2.1265822784810124,0.6447684665918922,2.0,10.4875862069,34.7633333333,24.2757471264,28.68540520877088,7.473128348490114,34.7633333333,0.0,0.464,0.464,0.24081012658227846,0.2316654382310527,0.464,0.0,0.000310120689655,0.000310120689655,1.5702313400253164e-05,2.981451911440474e-05,0.0,152.0,225.0,73.0,174.75949367088606,27.171927575709013,152.0,1.7721518987341771,2.683544303797468,9.746835443037975,0.0,0.12477718360071302,0.18894830659536543,0.6862745098039217,0.0,9.577065018108687,0.17274470232088807,0.2,1.0,0.0,0.22784810126582278,0.20253164556962025,0.5189873417721518,375.0,1.0,0.06999999999999995
Synthesis and thermoelectric properties of Mn-doped AgSbTe2 compounds.pdf,10.1088/1674-1056/21/10/106101,Ag0.9Sb1-xMnxTe2.05,x=0.20,Ag0.9Sb0.80Mn0.20Te2.05,Mn,x=0.20,Sb,,Mn (x=0.20) @ Sb site,figure,Fig. 5a,Visually estimated from Fig. 5a,0.82,W/m.K,False,25.0,52.0,27.0,49.291139240506325,3.5039256529402354,52.0,52.0,90.0,38.0,81.36708860759492,10.432302515622501,90.0,54.938045,127.6,72.66195499999999,118.24227569620254,11.137981906745708,127.6,722.66,1519.0,796.34,916.3832911392404,206.18500240346097,722.66,7.0,16.0,9.0,14.202531645569618,2.188751802595739,16.0,4.0,5.0,1.0,4.949367088607595,0.09613843935266808,5.0,138.0,145.0,7.0,139.84810126582278,2.347700688992144,138.0,1.55,2.1,0.55,2.023291139240506,0.09044063451369981,2.1,1.0,2.0,1.0,1.7721518987341771,0.3518666880307644,2.0,0.0,4.0,4.0,2.683544303797468,1.4946322704694763,4.0,5.0,10.0,5.0,9.746835443037975,0.48069219676333885,10.0,0.0,0.0,0.0,0.0,0.0,0.0,7.0,16.0,9.0,14.202531645569618,2.188751802595739,16.0,0.0,1.0,1.0,0.22784810126582278,0.35186668803076426,0.0,0.0,3.0,3.0,1.6455696202531644,0.9165197884954336,2.0,0.0,5.0,5.0,0.2531645569620253,0.48069219676333924,0.0,0.0,0.0,0.0,0.0,0.0,0.0,1.0,5.0,4.0,2.1265822784810124,0.6447684665918922,2.0,10.4875862069,34.7633333333,24.2757471264,28.68540520877088,7.473128348490114,34.7633333333,0.0,0.464,0.464,0.24081012658227846,0.2316654382310527,0.464,0.0,0.000310120689655,0.000310120689655,1.5702313400253164e-05,2.981451911440474e-05,0.0,152.0,225.0,73.0,174.75949367088606,27.171927575709013,152.0,1.7721518987341771,2.683544303797468,9.746835443037975,0.0,0.12477718360071302,0.18894830659536543,0.6862745098039217,0.0,9.577065018108687,0.17274470232088807,0.2,1.0,0.0,0.22784810126582278,0.20253164556962025,0.5189873417721518,475.0,1.0,0.06999999999999995
Synthesis and thermoelectric properties of Mn-doped AgSbTe2 compounds.pdf,10.1088/1674-1056/21/10/106101,Ag0.9Sb1-xMnxTe2.05,x=0.20,Ag0.9Sb0.80Mn0.20Te2.05,Mn,x=0.20,Sb,,Mn (x=0.20) @ Sb site,figure,Fig. 5a,Visually estimated from Fig. 5a,0.68,W/m.K,False,25.0,52.0,27.0,49.291139240506325,3.5039256529402354,52.0,52.0,90.0,38.0,81.36708860759492,10.432302515622501,90.0,54.938045,127.6,72.66195499999999,118.24227569620254,11.137981906745708,127.6,722.66,1519.0,796.34,916.3832911392404,206.18500240346097,722.66,7.0,16.0,9.0,14.202531645569618,2.188751802595739,16.0,4.0,5.0,1.0,4.949367088607595,0.09613843935266808,5.0,138.0,145.0,7.0,139.84810126582278,2.347700688992144,138.0,1.55,2.1,0.55,2.023291139240506,0.09044063451369981,2.1,1.0,2.0,1.0,1.7721518987341771,0.3518666880307644,2.0,0.0,4.0,4.0,2.683544303797468,1.4946322704694763,4.0,5.0,10.0,5.0,9.746835443037975,0.48069219676333885,10.0,0.0,0.0,0.0,0.0,0.0,0.0,7.0,16.0,9.0,14.202531645569618,2.188751802595739,16.0,0.0,1.0,1.0,0.22784810126582278,0.35186668803076426,0.0,0.0,3.0,3.0,1.6455696202531644,0.9165197884954336,2.0,0.0,5.0,5.0,0.2531645569620253,0.48069219676333924,0.0,0.0,0.0,0.0,0.0,0.0,0.0,1.0,5.0,4.0,2.1265822784810124,0.6447684665918922,2.0,10.4875862069,34.7633333333,24.2757471264,28.68540520877088,7.473128348490114,34.7633333333,0.0,0.464,0.464,0.24081012658227846,0.2316654382310527,0.464,0.0,0.000310120689655,0.000310120689655,1.5702313400253164e-05,2.981451911440474e-05,0.0,152.0,225.0,73.0,174.75949367088606,27.171927575709013,152.0,1.7721518987341771,2.683544303797468,9.746835443037975,0.0,0.12477718360071302,0.18894830659536543,0.6862745098039217,0.0,9.577065018108687,0.17274470232088807,0.2,1.0,0.0,0.22784810126582278,0.20253164556962025,0.5189873417721518,575.0,1.0,0.06999999999999995
Thermoelectric Properties of the Pseudobinary Alloy (Ag0.365Sb0.558Te)0.975(GeTe)0.025 Prepared by Spark Plasma Sintering.pdf,10.1007/s11664-010-1278-1,AgSbTe2,(Ag0.365Sb0.558Te)0.975(GeTe)0.025,(Ag0.365Sb0.558Te)0.975(GeTe)0.025,Ge,1.3 at.%,Sb,Ge (remaining Ge atoms) @ interstitial,Ge (1.3 at.%) @ Sb site; Ge (remaining Ge atoms) @ interstitial site,text,body text,,0.8200000000000001,W/m.K,False,32.0,52.0,20.0,50.53322856734678,1.7878290640811494,52.0,65.0,90.0,25.0,83.82203202722184,7.0847866263549175,90.0,72.64,127.6,54.959999999999994,121.58765857111315,6.344251109287612,127.6,722.66,1234.93,512.2700000000001,874.9053717677313,158.1831726095627,722.66,11.0,16.0,5.0,14.767003909243218,1.4127902270821042,16.0,4.0,5.0,1.0,4.9870124810057535,0.02563768668924125,5.0,120.0,145.0,25.0,139.34300037663806,2.0917020049757147,138.0,1.93,2.1,0.17000000000000015,2.053270257282751,0.04855227369092183,2.1,1.0,2.0,1.0,1.8151226671169005,0.3013954093382621,2.0,0.0,4.0,4.0,2.9518812421263165,1.1161970134886927,4.0,10.0,10.0,0.0,10.0,0.0,10.0,0.0,0.0,0.0,0.0,0.0,0.0,11.0,16.0,5.0,14.767003909243218,1.4127902270821042,16.0,0.0,1.0,1.0,0.18487733288309935,0.30139540933826203,0.0,0.0,4.0,4.0,1.9388547605750874,0.7169005939656445,2.0,0.0,0.0,0.0,0.0,0.0,0.0,0.0,0.0,0.0,0.0,0.0,0.0,1.0,4.0,3.0,2.1237320934581865,0.5440630177462694,2.0,16.33,34.7633333333,18.4333333333,30.29734409564009,5.353909562634303,34.7633333333,0.0,0.464,0.464,0.246022572308012,0.23003687248520094,0.464,0.0,0.0,0.0,0.0,0.0,0.0,152.0,225.0,73.0,170.40101562398536,21.606439912427323,152.0,1.8151226671169005,2.9518812421263165,10.0,0.0,0.12291746370980153,0.199897098982863,0.6771854373073354,0.0,8.86197593613825,0.10029535711725207,0.013000000000000001,2.0,1.0,0.18487733288309935,0.282634388352793,0.5195007597698612,300.0,1.0,0.030000000000000027
"Thermoelectric properties of p-type (AgSbTe2)x(Pb0.5Sn0.5Te)1 − x (x = 0.05, 0.09, 0.2).pdf",10.1016/j.jallcom.2005.08.033,AgSbTe2-PbTe-SnTe,x=0.2,(AgSbTe2)0.2(Pb0.5Sn0.5Te)0.8,Sn,0.5 in Pb0.5Sn0.5Te,multiple sites,,Sn (0.5 in Pb0.5Sn0.5Te) @ multiple sites site,text,Section 3 Results and discussion,,0.8,W/m.K,False,47.0,82.0,35.0,56.16666666666667,8.611111111111114,52.0,65.0,90.0,25.0,84.33333333333334,5.777777777777778,90.0,107.8682,207.2,99.33179999999999,137.25401666666667,23.31532777777779,127.6,505.08,1234.93,729.8500000000001,723.8375000000001,115.1725000000001,722.66,11.0,16.0,5.0,14.833333333333334,1.1944444444444444,16.0,5.0,6.0,1.0,5.166666666666667,0.277777777777778,5.0,138.0,146.0,8.0,140.1666666666667,2.750000000000024,138.0,1.93,2.33,0.40000000000000013,2.096666666666667,0.08111111111111104,2.1,1.0,2.0,1.0,1.916666666666667,0.15277777777777754,2.0,0.0,4.0,4.0,2.916666666666667,1.0972222222222223,4.0,10.0,10.0,0.0,10.0,0.0,10.0,0.0,14.0,14.0,2.3333333333333335,3.88888888888889,0.0,11.0,28.0,17.0,17.166666666666668,3.6111111111111125,16.0,0.0,1.0,1.0,0.08333333333333334,0.1527777777777778,0.0,0.0,4.0,4.0,2.583333333333334,1.013888888888889,2.0,0.0,0.0,0.0,0.0,0.0,0.0,0.0,0.0,0.0,0.0,0.0,0.0,1.0,4.0,3.0,2.666666666666667,0.9444444444444446,2.0,16.33,34.7633333333,18.4333333333,31.60499999998334,3.7183333333222186,34.7633333333,0.0,0.464,0.464,0.23200000000000004,0.23200000000000004,0.464,0.0,0.0,0.0,0.0,0.0,0.0,141.0,225.0,84.0,169.58333333333334,27.708333333333346,152.0,1.916666666666667,2.916666666666667,10.0,2.3333333333333335,0.11165048543689321,0.16990291262135923,0.5825242718446602,0.13592233009708737,11.290856111363935,0.18285714285714294,0.5,1.0,0.0,0.08333333333333334,0.08333333333333334,0.5000000000000001,300.0,,
"Thermoelectric properties of p-type (AgSbTe2)x(Pb0.5Sn0.5Te)1 − x (x = 0.05, 0.09, 0.2).pdf",10.1016/j.jallcom.2005.08.033,AgSbTe2-PbTe-SnTe,x=0.05,(AgSbTe2)0.05(Pb0.5Sn0.5Te)0.95,Pb,0.95 * 0.5,unclear,Sn (0.95 * 0.5) @ unclear,Pb (0.95 * 0.5) @ unclear site; Sn (0.95 * 0.5) @ unclear site,figure,,Visually estimated from Fig 5,1.35,W/m.K,False,47.0,82.0,35.0,58.19047619047618,10.770975056689336,52.0,65.0,90.0,25.0,84.98809523809523,5.012471655328799,90.0,107.8682,207.2,99.33179999999999,142.98507619047615,29.04960839002265,127.6,505.08,1234.93,729.8500000000001,662.3482142857143,99.07433673469386,722.66,11.0,16.0,5.0,14.95238095238095,1.0498866213151927,16.0,5.0,6.0,1.0,5.226190476190475,0.35005668934240314,5.0,138.0,146.0,8.0,140.22619047619045,2.8392857142857024,138.0,1.93,2.33,0.40000000000000013,2.1151190476190473,0.09720804988662113,2.1,1.0,2.0,1.0,1.9761904761904763,0.04648526077097498,2.0,0.0,4.0,4.0,2.9761904761904763,1.0249433106575963,4.0,10.0,10.0,0.0,10.0,0.0,10.0,0.0,14.0,14.0,3.166666666666666,4.90079365079365,0.0,11.0,28.0,17.0,18.119047619047617,4.469954648526076,16.0,0.0,1.0,1.0,0.023809523809523808,0.04648526077097506,0.0,0.0,4.0,4.0,2.8809523809523814,1.0181405895691609,2.0,0.0,0.0,0.0,0.0,0.0,0.0,0.0,0.0,0.0,0.0,0.0,0.0,1.0,4.0,3.0,2.9047619047619047,0.9954648526077098,2.0,16.33,34.7633333333,18.4333333333,32.40886904760237,2.7508092403536857,34.7633333333,0.0,0.464,0.464,0.232,0.23200000000000004,0.464,0.0,0.0,0.0,0.0,0.0,0.0,141.0,225.0,84.0,168.0952380952381,28.452380952380953,152.0,1.9761904761904763,2.9761904761904763,10.0,3.166666666666666,0.10906701708278582,0.16425755584756901,0.5519053876478318,0.1747700394218134,9.952136307910054,0.20964050854888217,0.95,2.0,1.0,0.023809523809523808,0.023809523809523808,0.5,300.0,,
"Thermoelectric properties of p-type (AgSbTe2)x(Pb0.5Sn0.5Te)1 − x (x = 0.05, 0.09, 0.2).pdf",10.1016/j.jallcom.2005.08.033,AgSbTe2-PbTe-SnTe,x=0.09,(AgSbTe2)0.09(Pb0.5Sn0.5Te)0.91,Pb,0.91 * 0.5,unclear,Sn (0.91 * 0.5) @ unclear,Pb (0.91 * 0.5) @ unclear site; Sn (0.91 * 0.5) @ unclear site,figure,,Visually estimated from Fig 5,0.95,W/m.K,False,47.0,82.0,35.0,57.596330275229356,10.186852958505174,52.0,65.0,90.0,25.0,84.79587155963303,5.220983082232136,90.0,107.8682,207.2,99.33179999999999,141.3025633027523,27.507645593805243,127.6,505.08,1234.93,729.8500000000001,680.4001146788991,106.49096730073225,722.66,11.0,16.0,5.0,14.917431192660551,1.0893864152849084,16.0,5.0,6.0,1.0,5.208715596330275,0.33030679235754534,5.0,138.0,146.0,8.0,140.20871559633028,2.8130733944954147,138.0,1.93,2.33,0.40000000000000013,2.1097018348623857,0.09195932581432562,2.1,1.0,2.0,1.0,1.9587155963302754,0.07916000336671983,2.0,0.0,4.0,4.0,2.9587155963302756,1.0446932076424544,4.0,10.0,10.0,0.0,10.0,0.0,10.0,0.0,14.0,14.0,2.922018348623853,4.62429509300564,0.0,11.0,28.0,17.0,17.839449541284402,4.241330696069353,16.0,0.0,1.0,1.0,0.041284403669724766,0.07916000336671998,0.0,0.0,4.0,4.0,2.793577981651376,1.024240383806077,2.0,0.0,0.0,0.0,0.0,0.0,0.0,0.0,0.0,0.0,0.0,0.0,0.0,1.0,4.0,3.0,2.834862385321101,0.9863647841090817,2.0,16.33,34.7633333333,18.4333333333,32.17287079509036,3.054699958607691,34.7633333333,0.0,0.464,0.464,0.23200000000000004,0.23199999999999998,0.464,0.0,0.0,0.0,0.0,0.0,0.0,141.0,225.0,84.0,168.5321100917431,28.23394495412843,152.0,1.9587155963302754,2.9587155963302756,10.0,2.922018348623853,0.10979686294677296,0.1658524042170224,0.5605554127024942,0.16379532013371045,10.507540980099932,0.201282525805268,0.91,2.0,1.0,0.041284403669724766,0.041284403669724766,0.5,300.0,,
"Thermoelectric properties of p-type (AgSbTe2)x(Pb0.5Sn0.5Te)1 − x (x = 0.05, 0.09, 0.2).pdf",10.1016/j.jallcom.2005.08.033,AgSbTe2-PbTe-SnTe,x=0.2,(AgSbTe2)0.2(Pb0.5Sn0.5Te)0.8,Pb,0.8 * 0.5,unclear,Sn (0.8 * 0.5) @ unclear,Pb (0.8 * 0.5) @ unclear site; Sn (0.8 * 0.5) @ unclear site,figure,,Visually estimated from Fig 5,0.85,W/m.K,False,47.0,82.0,35.0,56.16666666666667,8.611111111111114,52.0,65.0,90.0,25.0,84.33333333333334,5.777777777777778,90.0,107.8682,207.2,99.33179999999999,137.25401666666667,23.31532777777779,127.6,505.08,1234.93,729.8500000000001,723.8375000000001,115.1725000000001,722.66,11.0,16.0,5.0,14.833333333333334,1.1944444444444444,16.0,5.0,6.0,1.0,5.166666666666667,0.277777777777778,5.0,138.0,146.0,8.0,140.1666666666667,2.750000000000024,138.0,1.93,2.33,0.40000000000000013,2.096666666666667,0.08111111111111104,2.1,1.0,2.0,1.0,1.916666666666667,0.15277777777777754,2.0,0.0,4.0,4.0,2.916666666666667,1.0972222222222223,4.0,10.0,10.0,0.0,10.0,0.0,10.0,0.0,14.0,14.0,2.3333333333333335,3.88888888888889,0.0,11.0,28.0,17.0,17.166666666666668,3.6111111111111125,16.0,0.0,1.0,1.0,0.08333333333333334,0.1527777777777778,0.0,0.0,4.0,4.0,2.583333333333334,1.013888888888889,2.0,0.0,0.0,0.0,0.0,0.0,0.0,0.0,0.0,0.0,0.0,0.0,0.0,1.0,4.0,3.0,2.666666666666667,0.9444444444444446,2.0,16.33,34.7633333333,18.4333333333,31.60499999998334,3.7183333333222186,34.7633333333,0.0,0.464,0.464,0.23200000000000004,0.23200000000000004,0.464,0.0,0.0,0.0,0.0,0.0,0.0,141.0,225.0,84.0,169.58333333333334,27.708333333333346,152.0,1.916666666666667,2.916666666666667,10.0,2.3333333333333335,0.11165048543689321,0.16990291262135923,0.5825242718446602,0.13592233009708737,11.290856111363935,0.18285714285714294,0.8,2.0,1.0,0.08333333333333334,0.08333333333333334,0.5000000000000001,300.0,,
"Transport and mechanical property evaluation of (AgSbTe)1 x(GeTe)x (x ¼ 0.80, 0.82, 0.85, 0.87, 0.90).pdf",10.1016/j.jssc.2009.05.024,AgSbTe2-GeTe,(AgSbTe2)0.20(GeTe)0.80,(Ag0.80SbTe1.90)0.20(GeTe)0.80,,,,,,Table 1,,,1.7,W/m.K,False,32.0,52.0,20.0,44.73504273504273,8.70772152823435,52.0,65.0,90.0,25.0,84.1025641025641,6.101249178172256,90.0,72.64,127.6,54.959999999999994,106.9619282051282,23.46798509752356,127.6,722.66,1234.93,512.2700000000001,940.2579487179487,225.69330703484556,722.66,11.0,16.0,5.0,14.88888888888889,1.1396011396011396,16.0,4.0,5.0,1.0,4.6581196581196584,0.4499963474322447,5.0,120.0,145.0,25.0,132.4102564102564,8.485645408722332,138.0,1.93,2.1,0.17000000000000015,2.0533333333333332,0.047065527065527205,2.1,1.0,2.0,1.0,1.9316239316239316,0.12740156329899918,2.0,0.0,4.0,4.0,2.957264957264957,1.0589524435678281,4.0,10.0,10.0,0.0,10.0,0.0,10.0,0.0,0.0,0.0,0.0,0.0,0.0,11.0,16.0,5.0,14.88888888888889,1.1396011396011396,16.0,0.0,1.0,1.0,0.06837606837606838,0.1274015632989992,0.0,0.0,4.0,4.0,2.632478632478632,0.9978815107020232,2.0,0.0,0.0,0.0,0.0,0.0,0.0,0.0,0.0,0.0,0.0,0.0,0.0,1.0,4.0,3.0,2.7008547008547006,0.9394404266199138,2.0,16.33,34.7633333333,18.4333333333,29.20920227918547,6.003448023947051,34.7633333333,0.0,0.464,0.464,0.3649230769230769,0.11228402366863907,0.464,0.0,0.0,0.0,0.0,0.0,0.0,152.0,225.0,73.0,183.14529914529913,34.34231865001096,152.0,1.9316239316239316,2.957264957264957,10.0,0.0,0.12973593570608496,0.1986222732491389,0.6716417910447761,0.0,9.194451111177155,0.08842728564661319,,0.0,0.0,0.06837606837606838,0.08547008547008546,0.5042735042735043,325.0,,
"Transport and mechanical property evaluation of (AgSbTe)1 x(GeTe)x (x ¼ 0.80, 0.82, 0.85, 0.87, 0.90).pdf",10.1016/j.jssc.2009.05.024,AgSbTe2-GeTe,(AgSbTe2)0.17(GeTe)0.83,(Ag0.84Sb0.99Te2.01)0.17(GeTe)0.83,,,,,,Table 1,,,1.8,W/m.K,False,32.0,52.0,20.0,44.44106710480802,8.929510287954567,52.0,65.0,90.0,25.0,84.14497578692493,6.056928783743152,90.0,72.64,127.6,54.959999999999994,106.23309709443099,24.111268236231165,127.6,722.66,1234.93,512.2700000000001,942.864450017295,228.8061804074502,722.66,11.0,16.0,5.0,14.90076962988585,1.1282157522941523,16.0,4.0,5.0,1.0,4.641127637495676,0.46016597986977803,5.0,120.0,145.0,25.0,132.0452698028364,8.645428862291766,138.0,1.93,2.1,0.17000000000000015,2.053566672431684,0.047047673739013654,2.1,1.0,2.0,1.0,1.9382566585956416,0.11586220239316648,2.0,0.0,4.0,4.0,2.9625129712902107,1.0566695074983719,4.0,10.0,10.0,0.0,10.0,0.0,10.0,0.0,0.0,0.0,0.0,0.0,0.0,11.0,16.0,5.0,14.90076962988585,1.1282157522941523,16.0,0.0,1.0,1.0,0.06174334140435835,0.11586220239316641,0.0,0.0,4.0,4.0,2.6670269802836386,1.0051945395908364,2.0,0.0,0.0,0.0,0.0,0.0,0.0,0.0,0.0,0.0,0.0,0.0,0.0,1.0,4.0,3.0,2.728770321687997,0.9518925872179801,2.0,16.33,34.7633333333,18.4333333333,29.172353712654623,6.0124452539522775,34.7633333333,0.0,0.464,0.464,0.372517640954687,0.10021639406866406,0.464,0.0,0.0,0.0,0.0,0.0,0.0,152.0,225.0,73.0,183.7237115185057,34.722910268763094,152.0,1.9382566585956416,2.9625129712902107,10.0,0.0,0.13007762060210376,0.19881610446137107,0.6711062749365253,0.0,8.93719783112948,0.0887950912122541,,0.0,0.0,0.06174334140435835,0.07276893808370806,0.5066153580076098,325.0,,
"Transport and mechanical property evaluation of (AgSbTe)1 x(GeTe)x (x ¼ 0.80, 0.82, 0.85, 0.87, 0.90).pdf",10.1016/j.jssc.2009.05.024,AgSbTe2-GeTe,(AgSbTe2)0.15(GeTe)0.85,(Ag0.85Sb1.01Te1.95)0.15(GeTe)0.85,,,,,,Table 1,,,1.6,W/m.K,False,32.0,52.0,20.0,44.168611049966984,9.107038866363137,52.0,65.0,90.0,25.0,84.14703940127669,6.00152411600085,90.0,72.64,127.6,54.959999999999994,105.53679749064496,24.620099376665816,127.6,722.66,1234.93,512.2700000000001,946.381375742901,230.7336827746548,722.66,11.0,16.0,5.0,14.904248294078803,1.115036502277816,16.0,4.0,5.0,1.0,4.625797930882676,0.4683497611712747,5.0,120.0,145.0,25.0,131.72397094430994,8.774268371264306,138.0,1.93,2.1,0.17000000000000015,2.053444860224521,0.046831826716693496,2.1,1.0,2.0,1.0,1.9438696896324013,0.10595939725127135,2.0,0.0,4.0,4.0,2.9603786044464013,1.0510852615860506,4.0,10.0,10.0,0.0,10.0,0.0,10.0,0.0,0.0,0.0,0.0,0.0,0.0,11.0,16.0,5.0,14.904248294078803,1.115036502277816,16.0,0.0,1.0,1.0,0.0561303103675985,0.10595939725127114,0.0,0.0,4.0,4.0,2.702839533348008,1.0104390995835086,2.0,0.0,0.0,0.0,0.0,0.0,0.0,0.0,0.0,0.0,0.0,0.0,0.0,1.0,4.0,3.0,2.7589698437156063,0.9609436068842792,2.0,16.33,34.7633333333,18.4333333333,29.115022378734423,6.008020581301255,34.7633333333,0.0,0.464,0.464,0.3766982170372001,0.0925369161817115,0.464,0.0,0.0,0.0,0.0,0.0,0.0,152.0,225.0,73.0,184.3480079242791,34.98773696149432,152.0,1.9438696896324013,2.9603786044464013,10.0,0.0,0.13042386648944024,0.19862649534780683,0.6709496381627529,0.0,8.777785207119878,0.08856884645200531,,0.0,0.0,0.0561303103675985,0.06669601584855822,0.5029716046665199,325.0,,
"Transport and mechanical property evaluation of (AgSbTe)1 x(GeTe)x (x ¼ 0.80, 0.82, 0.85, 0.87, 0.90).pdf",10.1016/j.jssc.2009.05.024,AgSbTe2-GeTe,(AgSbTe2)0.13(GeTe)0.87,(Ag0.75SbTe2.20)0.13(GeTe)0.88,,,,,,Table 1,,,2.0,W/m.K,False,32.0,52.0,20.0,43.98702441170002,9.279596641562366,52.0,65.0,90.0,25.0,84.38420936881461,5.8307144561392334,90.0,72.64,127.6,54.959999999999994,105.14657994281944,25.16453956426752,127.6,722.66,1234.93,512.2700000000001,944.1612645700462,231.81881581946774,722.66,11.0,16.0,5.0,14.954255553111944,1.077884146177192,16.0,4.0,5.0,1.0,4.612931603254894,0.4744929059725586,5.0,120.0,145.0,25.0,131.39014734990104,8.817532146833436,138.0,1.93,2.1,0.17000000000000015,2.0550142951396526,0.046143243340369754,2.1,1.0,2.0,1.0,1.9571145810424455,0.08209251959677899,2.0,0.0,4.0,4.0,2.9971409720694964,1.028990807299699,4.0,10.0,10.0,0.0,10.0,0.0,10.0,0.0,0.0,0.0,0.0,0.0,0.0,11.0,16.0,5.0,14.954255553111944,1.077884146177192,16.0,0.0,1.0,1.0,0.04288541895755443,0.08209251959677893,0.0,0.0,4.0,4.0,2.745546514185177,1.0002181840096513,2.0,0.0,0.0,0.0,0.0,0.0,0.0,0.0,0.0,0.0,0.0,0.0,0.0,1.0,4.0,3.0,2.788431933142731,0.9621145788659259,2.0,16.33,34.7633333333,18.4333333333,29.238364489389834,5.932638036840614,34.7633333333,0.0,0.464,0.464,0.38621684627226743,0.07978461160900478,0.464,0.0,0.0,0.0,0.0,0.0,0.0,152.0,225.0,73.0,184.1871563668353,35.095275699510466,152.0,1.9571145810424455,2.9971409720694964,10.0,0.0,0.13087342088621554,0.20042060679147608,0.6687059723223082,0.0,8.38537978996177,0.08789515496403476,,0.0,0.0,0.04288541895755443,0.05718055861007258,0.5128656256872663,325.0,,
"Transport and mechanical property evaluation of (AgSbTe)1 x(GeTe)x (x ¼ 0.80, 0.82, 0.85, 0.87, 0.90).pdf",10.1016/j.jssc.2009.05.024,AgSbTe2-GeTe,(AgSbTe2)0.10(GeTe)0.90,(AgSb1.04Te2.32)0.10(GeTe)0.90,,,,,,Table 1,,,2.2,W/m.K,False,32.0,52.0,20.0,43.67978533094812,9.402331661765036,52.0,65.0,90.0,25.0,84.22182468694096,5.9229201135429035,90.0,72.64,127.6,54.959999999999994,104.32426654740608,25.506117971972692,127.6,722.66,1234.93,512.2700000000001,950.714329159213,235.27609198639286,722.66,11.0,16.0,5.0,14.924865831842574,1.0955866116659896,16.0,4.0,5.0,1.0,4.597495527728086,0.48098924414604405,5.0,120.0,145.0,25.0,131.11449016100178,8.947263993650814,138.0,1.93,2.1,0.17000000000000015,2.0538461538461537,0.04673180129351879,2.1,1.0,2.0,1.0,1.955277280858676,0.08544519506786029,2.0,0.0,4.0,4.0,2.9695885509838997,1.0461436055312163,4.0,10.0,10.0,0.0,9.999999999999998,1.7763568394002505e-15,10.0,0.0,0.0,0.0,0.0,0.0,0.0,11.0,16.0,5.0,14.924865831842574,1.0955866116659896,16.0,0.0,1.0,1.0,0.044722719141323794,0.08544519506786012,0.0,0.0,4.0,4.0,2.7620751341681573,1.0186731353266278,2.0,0.0,0.0,0.0,0.0,0.0,0.0,0.0,0.0,0.0,0.0,0.0,0.0,1.0,4.0,3.0,2.806797853309481,0.9785106934501616,2.0,16.33,34.7633333333,18.4333333333,29.057170542618778,6.010438767995335,34.7633333333,0.0,0.464,0.464,0.3890644007155635,0.0758739699373722,0.464,0.0,0.0,0.0,0.0,0.0,0.0,152.0,225.0,73.0,185.29874776386404,35.51095906631123,152.0,1.955277280858676,2.9695885509838997,9.999999999999998,0.0,0.13100803068440608,0.1989691957329498,0.6700227735826441,0.0,8.25275245861335,0.08936198508306298,,0.0,0.0,0.044722719141323794,0.046511627906976744,0.5062611806797853,325.0,,
Transport properties of (AgSbТe2 )0.7 (PbTe)0.3 thermoelectric compound.pdf,10.1063/10.0014020,AgSbTe2,(AgSbTe2)0.7(PbTe)0.3,(AgSbTe2)0.7(PbTe)0.3,Pb,0.3,multiple sites,,Pb (0.3) @ multiple sites site,figure,,Visually estimated from Fig. 5,0.8,W/m.K,False,47.0,82.0,35.0,53.41176470588236,5.044982698961945,52.0,65.0,90.0,25.0,83.0294117647059,7.78200692041522,90.0,107.8682,207.2,99.33179999999999,129.35874705882352,13.736691695501728,127.6,600.61,1234.93,634.32,854.6476470588236,176.81782006920423,722.66,11.0,16.0,5.0,14.58823529411765,1.5813148788927325,16.0,5.0,6.0,1.0,5.088235294117648,0.16089965397923925,5.0,138.0,146.0,8.0,140.3529411764706,2.910034602076133,138.0,1.93,2.33,0.40000000000000013,2.075,0.07000000000000008,2.1,1.0,2.0,1.0,1.7941176470588238,0.3269896193771625,2.0,0.0,4.0,4.0,2.7941176470588234,1.290657439446367,4.0,10.0,10.0,0.0,10.000000000000002,1.7763568394002505e-15,10.0,0.0,14.0,14.0,1.235294117647059,2.252595155709343,0.0,11.0,28.0,17.0,15.823529411764708,2.3252595155709344,16.0,0.0,1.0,1.0,0.2058823529411765,0.3269896193771627,0.0,0.0,4.0,4.0,1.970588235294118,0.8114186851211073,2.0,0.0,0.0,0.0,0.0,0.0,0.0,0.0,0.0,0.0,0.0,0.0,0.0,1.0,4.0,3.0,2.1764705882352944,0.660899653979239,2.0,16.33,34.7633333333,18.4333333333,29.721666666650002,5.798627450970587,34.7633333333,0.0,0.464,0.464,0.23200000000000004,0.23200000000000004,0.464,0.0,0.0,0.0,0.0,0.0,0.0,152.0,225.0,73.0,176.35294117647058,28.6159169550173,152.0,1.7941176470588238,2.7941176470588234,10.000000000000002,1.235294117647059,0.11338289962825279,0.17657992565055758,0.6319702602230484,0.07806691449814127,10.073473272591903,0.15281578947368435,0.3,1.0,0.0,0.2058823529411765,0.2058823529411765,0.5000000000000001,100.0,,
Transport properties of (AgSbТe2 )0.7 (PbTe)0.3 thermoelectric compound.pdf,10.1063/10.0014020,AgSbTe2,(AgSbTe2)0.7(PbTe)0.3,(AgSbTe2)0.7(PbTe)0.3,Pb,0.3,multiple sites,,Pb (0.3) @ multiple sites site,figure,,Visually estimated from Fig. 5,0.8199999999999998,W/m.K,False,47.0,82.0,35.0,53.41176470588236,5.044982698961945,52.0,65.0,90.0,25.0,83.0294117647059,7.78200692041522,90.0,107.8682,207.2,99.33179999999999,129.35874705882352,13.736691695501728,127.6,600.61,1234.93,634.32,854.6476470588236,176.81782006920423,722.66,11.0,16.0,5.0,14.58823529411765,1.5813148788927325,16.0,5.0,6.0,1.0,5.088235294117648,0.16089965397923925,5.0,138.0,146.0,8.0,140.3529411764706,2.910034602076133,138.0,1.93,2.33,0.40000000000000013,2.075,0.07000000000000008,2.1,1.0,2.0,1.0,1.7941176470588238,0.3269896193771625,2.0,0.0,4.0,4.0,2.7941176470588234,1.290657439446367,4.0,10.0,10.0,0.0,10.000000000000002,1.7763568394002505e-15,10.0,0.0,14.0,14.0,1.235294117647059,2.252595155709343,0.0,11.0,28.0,17.0,15.823529411764708,2.3252595155709344,16.0,0.0,1.0,1.0,0.2058823529411765,0.3269896193771627,0.0,0.0,4.0,4.0,1.970588235294118,0.8114186851211073,2.0,0.0,0.0,0.0,0.0,0.0,0.0,0.0,0.0,0.0,0.0,0.0,0.0,1.0,4.0,3.0,2.1764705882352944,0.660899653979239,2.0,16.33,34.7633333333,18.4333333333,29.721666666650002,5.798627450970587,34.7633333333,0.0,0.464,0.464,0.23200000000000004,0.23200000000000004,0.464,0.0,0.0,0.0,0.0,0.0,0.0,152.0,225.0,73.0,176.35294117647058,28.6159169550173,152.0,1.7941176470588238,2.7941176470588234,10.000000000000002,1.235294117647059,0.11338289962825279,0.17657992565055758,0.6319702602230484,0.07806691449814127,10.073473272591903,0.15281578947368435,0.3,1.0,0.0,0.2058823529411765,0.2058823529411765,0.5000000000000001,200.0,,
Transport properties of (AgSbТe2 )0.7 (PbTe)0.3 thermoelectric compound.pdf,10.1063/10.0014020,AgSbTe2,(AgSbTe2)0.7(PbTe)0.3,(AgSbTe2)0.7(PbTe)0.3,Pb,0.3,multiple sites,,Pb (0.3) @ multiple sites site,figure,,Visually estimated from Fig. 5,0.8400000000000001,W/m.K,False,47.0,82.0,35.0,53.41176470588236,5.044982698961945,52.0,65.0,90.0,25.0,83.0294117647059,7.78200692041522,90.0,107.8682,207.2,99.33179999999999,129.35874705882352,13.736691695501728,127.6,600.61,1234.93,634.32,854.6476470588236,176.81782006920423,722.66,11.0,16.0,5.0,14.58823529411765,1.5813148788927325,16.0,5.0,6.0,1.0,5.088235294117648,0.16089965397923925,5.0,138.0,146.0,8.0,140.3529411764706,2.910034602076133,138.0,1.93,2.33,0.40000000000000013,2.075,0.07000000000000008,2.1,1.0,2.0,1.0,1.7941176470588238,0.3269896193771625,2.0,0.0,4.0,4.0,2.7941176470588234,1.290657439446367,4.0,10.0,10.0,0.0,10.000000000000002,1.7763568394002505e-15,10.0,0.0,14.0,14.0,1.235294117647059,2.252595155709343,0.0,11.0,28.0,17.0,15.823529411764708,2.3252595155709344,16.0,0.0,1.0,1.0,0.2058823529411765,0.3269896193771627,0.0,0.0,4.0,4.0,1.970588235294118,0.8114186851211073,2.0,0.0,0.0,0.0,0.0,0.0,0.0,0.0,0.0,0.0,0.0,0.0,0.0,1.0,4.0,3.0,2.1764705882352944,0.660899653979239,2.0,16.33,34.7633333333,18.4333333333,29.721666666650002,5.798627450970587,34.7633333333,0.0,0.464,0.464,0.23200000000000004,0.23200000000000004,0.464,0.0,0.0,0.0,0.0,0.0,0.0,152.0,225.0,73.0,176.35294117647058,28.6159169550173,152.0,1.7941176470588238,2.7941176470588234,10.000000000000002,1.235294117647059,0.11338289962825279,0.17657992565055758,0.6319702602230484,0.07806691449814127,10.073473272591903,0.15281578947368435,0.3,1.0,0.0,0.2058823529411765,0.2058823529411765,0.5000000000000001,300.0,,
Transport properties of (AgSbТe2 )0.7 (PbTe)0.3 thermoelectric compound.pdf,10.1063/10.0014020,AgSbTe2,(AgSbTe2)0.7(PbTe)0.3,(AgSbTe2)0.7(PbTe)0.3,Pb,0.3,multiple sites,,Pb (0.3) @ multiple sites site,figure,,Visually estimated from Fig. 5,0.86,W/m.K,False,47.0,82.0,35.0,53.41176470588236,5.044982698961945,52.0,65.0,90.0,25.0,83.0294117647059,7.78200692041522,90.0,107.8682,207.2,99.33179999999999,129.35874705882352,13.736691695501728,127.6,600.61,1234.93,634.32,854.6476470588236,176.81782006920423,722.66,11.0,16.0,5.0,14.58823529411765,1.5813148788927325,16.0,5.0,6.0,1.0,5.088235294117648,0.16089965397923925,5.0,138.0,146.0,8.0,140.3529411764706,2.910034602076133,138.0,1.93,2.33,0.40000000000000013,2.075,0.07000000000000008,2.1,1.0,2.0,1.0,1.7941176470588238,0.3269896193771625,2.0,0.0,4.0,4.0,2.7941176470588234,1.290657439446367,4.0,10.0,10.0,0.0,10.000000000000002,1.7763568394002505e-15,10.0,0.0,14.0,14.0,1.235294117647059,2.252595155709343,0.0,11.0,28.0,17.0,15.823529411764708,2.3252595155709344,16.0,0.0,1.0,1.0,0.2058823529411765,0.3269896193771627,0.0,0.0,4.0,4.0,1.970588235294118,0.8114186851211073,2.0,0.0,0.0,0.0,0.0,0.0,0.0,0.0,0.0,0.0,0.0,0.0,0.0,1.0,4.0,3.0,2.1764705882352944,0.660899653979239,2.0,16.33,34.7633333333,18.4333333333,29.721666666650002,5.798627450970587,34.7633333333,0.0,0.464,0.464,0.23200000000000004,0.23200000000000004,0.464,0.0,0.0,0.0,0.0,0.0,0.0,152.0,225.0,73.0,176.35294117647058,28.6159169550173,152.0,1.7941176470588238,2.7941176470588234,10.000000000000002,1.235294117647059,0.11338289962825279,0.17657992565055758,0.6319702602230484,0.07806691449814127,10.073473272591903,0.15281578947368435,0.3,1.0,0.0,0.2058823529411765,0.2058823529411765,0.5000000000000001,400.0,,
Transport properties of (AgSbТe2 )0.7 (PbTe)0.3 thermoelectric compound.pdf,10.1063/10.0014020,AgSbTe2,(AgSbTe2)0.7(PbTe)0.3,(AgSbTe2)0.7(PbTe)0.3,Pb,0.3,multiple sites,,Pb (0.3) @ multiple sites site,figure,,Visually estimated from Fig. 5,0.88,W/m.K,False,47.0,82.0,35.0,53.41176470588236,5.044982698961945,52.0,65.0,90.0,25.0,83.0294117647059,7.78200692041522,90.0,107.8682,207.2,99.33179999999999,129.35874705882352,13.736691695501728,127.6,600.61,1234.93,634.32,854.6476470588236,176.81782006920423,722.66,11.0,16.0,5.0,14.58823529411765,1.5813148788927325,16.0,5.0,6.0,1.0,5.088235294117648,0.16089965397923925,5.0,138.0,146.0,8.0,140.3529411764706,2.910034602076133,138.0,1.93,2.33,0.40000000000000013,2.075,0.07000000000000008,2.1,1.0,2.0,1.0,1.7941176470588238,0.3269896193771625,2.0,0.0,4.0,4.0,2.7941176470588234,1.290657439446367,4.0,10.0,10.0,0.0,10.000000000000002,1.7763568394002505e-15,10.0,0.0,14.0,14.0,1.235294117647059,2.252595155709343,0.0,11.0,28.0,17.0,15.823529411764708,2.3252595155709344,16.0,0.0,1.0,1.0,0.2058823529411765,0.3269896193771627,0.0,0.0,4.0,4.0,1.970588235294118,0.8114186851211073,2.0,0.0,0.0,0.0,0.0,0.0,0.0,0.0,0.0,0.0,0.0,0.0,0.0,1.0,4.0,3.0,2.1764705882352944,0.660899653979239,2.0,16.33,34.7633333333,18.4333333333,29.721666666650002,5.798627450970587,34.7633333333,0.0,0.464,0.464,0.23200000000000004,0.23200000000000004,0.464,0.0,0.0,0.0,0.0,0.0,0.0,152.0,225.0,73.0,176.35294117647058,28.6159169550173,152.0,1.7941176470588238,2.7941176470588234,10.000000000000002,1.235294117647059,0.11338289962825279,0.17657992565055758,0.6319702602230484,0.07806691449814127,10.073473272591903,0.15281578947368435,0.3,1.0,0.0,0.2058823529411765,0.2058823529411765,0.5000000000000001,500.0,,
ae5c01632.pdf,10.1021/acsaem.5c01632,AgSbTe2,AgSbTe2,AgSbTe2,,,,,,text,body text,,0.778,W/m.K,False,47.0,52.0,5.0,50.5,1.75,52.0,65.0,90.0,25.0,82.5,8.75,90.0,107.8682,127.6,19.731799999999993,121.20705,6.669425,127.6,722.66,1234.93,512.2700000000001,896.0074999999999,173.34750000000003,722.66,11.0,16.0,5.0,14.5,1.75,16.0,5.0,5.0,0.0,5.0,0.0,5.0,138.0,145.0,7.0,140.0,2.5,138.0,1.93,2.1,0.17000000000000015,2.045,0.05750000000000005,2.1,1.0,2.0,1.0,1.75,0.375,2.0,0.0,4.0,4.0,2.75,1.375,4.0,10.0,10.0,0.0,10.0,0.0,10.0,0.0,0.0,0.0,0.0,0.0,0.0,11.0,16.0,5.0,14.5,1.75,16.0,0.0,1.0,1.0,0.25,0.375,0.0,0.0,3.0,3.0,1.75,0.875,2.0,0.0,0.0,0.0,0.0,0.0,0.0,0.0,0.0,0.0,0.0,0.0,0.0,1.0,3.0,2.0,2.0,0.5,2.0,16.33,34.7633333333,18.4333333333,29.35416666665,6.512083333324999,34.7633333333,0.0,0.464,0.464,0.232,0.232,0.464,0.0,0.0,0.0,0.0,0.0,0.0,152.0,225.0,73.0,173.75,25.625,152.0,1.75,2.75,10.0,0.0,0.1206896551724138,0.1896551724137931,0.6896551724137931,0.0,8.644719482306641,0.11200000000000014,,0.0,0.0,0.25,0.25,0.5,300.0,,
ae5c01632.pdf,10.1021/acsaem.5c01632,AgSbTe2,AgSbTe1.95Se0.05,AgSbTe1.95Se0.05,Se,0.05,Te,,Se (0.05) @ Te site,text,body text,,0.49,W/m.K,False,34.0,52.0,18.0,50.27499999999999,2.044375000000004,52.0,65.0,90.0,25.0,82.4875,8.743750000000002,90.0,78.96,127.6,48.64,120.59904999999999,7.406401250000002,127.6,494.0,1234.93,740.9300000000001,893.1492499999999,176.20575000000002,722.66,11.0,16.0,5.0,14.5,1.75,16.0,4.0,5.0,1.0,4.9875,0.024687500000000175,5.0,120.0,145.0,25.0,139.77499999999998,2.6124999999999887,138.0,1.93,2.55,0.6199999999999999,2.0506249999999997,0.0606250000000001,2.1,1.0,2.0,1.0,1.75,0.375,2.0,0.0,4.0,4.0,2.75,1.375,4.0,10.0,10.0,0.0,10.0,0.0,10.0,0.0,0.0,0.0,0.0,0.0,0.0,11.0,16.0,5.0,14.5,1.75,16.0,0.0,1.0,1.0,0.25,0.375,0.0,0.0,3.0,3.0,1.75,0.875,2.0,0.0,0.0,0.0,0.0,0.0,0.0,0.0,0.0,0.0,0.0,0.0,0.0,1.0,3.0,2.0,2.0,0.5,2.0,16.33,34.7633333333,18.4333333333,29.24362499998375,6.539903124991466,34.7633333333,0.0,0.799,0.799,0.23618750000000002,0.23618750000000002,0.464,0.0,0.0,0.0,0.0,0.0,0.0,14.0,225.0,211.0,172.025,26.487500000000004,152.0,1.75,2.75,10.0,0.0,0.1206896551724138,0.1896551724137931,0.6896551724137931,0.0,9.130728295777725,0.12729279058361953,0.05,1.0,0.0,0.25,0.25,0.4875,300.0,0.0,0.22999999999999976
ae5c01632.pdf,10.1021/acsaem.5c01632,AgSbTe2,AgSbTe1.9Se0.1,AgSbTe1.9Se0.1,Se,0.1,Te,,Se (0.1) @ Te site,text,body text,,0.48,W/m.K,False,34.0,52.0,18.0,50.050000000000004,2.327499999999998,52.0,65.0,90.0,25.0,82.475,8.737500000000004,90.0,78.96,127.6,48.64,119.99104999999999,8.112977500000003,127.6,494.0,1234.93,740.9300000000001,890.291,179.06400000000002,722.66,11.0,16.0,5.0,14.5,1.75,16.0,4.0,5.0,1.0,4.975,0.04875000000000034,5.0,120.0,145.0,25.0,139.55,2.725000000000006,138.0,1.93,2.55,0.6199999999999999,2.05625,0.0662500000000001,2.1,1.0,2.0,1.0,1.75,0.375,2.0,0.0,4.0,4.0,2.75,1.375,4.0,10.0,10.0,0.0,10.0,0.0,10.0,0.0,0.0,0.0,0.0,0.0,0.0,11.0,16.0,5.0,14.5,1.75,16.0,0.0,1.0,1.0,0.25,0.375,0.0,0.0,3.0,3.0,1.75,0.875,2.0,0.0,0.0,0.0,0.0,0.0,0.0,0.0,0.0,0.0,0.0,0.0,0.0,1.0,3.0,2.0,2.0,0.5,2.0,16.33,34.7633333333,18.4333333333,29.133083333317497,6.562195833324624,34.7633333333,0.0,0.799,0.799,0.240375,0.24037500000000003,0.464,0.0,0.0,0.0,0.0,0.0,0.0,14.0,225.0,211.0,170.29999999999998,27.34999999999999,152.0,1.75,2.75,10.0,0.0,0.1206896551724138,0.1896551724137931,0.6896551724137931,0.0,9.469993267257859,0.14171483622350683,0.1,1.0,0.0,0.25,0.25,0.475,525.0,0.0,0.22999999999999976
ae5c01632.pdf,10.1021/acsaem.5c01632,AgSbTe2,AgSbTe1.9Se0.1,AgSbTe1.9Se0.1,Se,0.1,Te,,Se (0.1) @ Te site,text,body text,,0.44,W/m.K,False,34.0,52.0,18.0,50.050000000000004,2.327499999999998,52.0,65.0,90.0,25.0,82.475,8.737500000000004,90.0,78.96,127.6,48.64,119.99104999999999,8.112977500000003,127.6,494.0,1234.93,740.9300000000001,890.291,179.06400000000002,722.66,11.0,16.0,5.0,14.5,1.75,16.0,4.0,5.0,1.0,4.975,0.04875000000000034,5.0,120.0,145.0,25.0,139.55,2.725000000000006,138.0,1.93,2.55,0.6199999999999999,2.05625,0.0662500000000001,2.1,1.0,2.0,1.0,1.75,0.375,2.0,0.0,4.0,4.0,2.75,1.375,4.0,10.0,10.0,0.0,10.0,0.0,10.0,0.0,0.0,0.0,0.0,0.0,0.0,11.0,16.0,5.0,14.5,1.75,16.0,0.0,1.0,1.0,0.25,0.375,0.0,0.0,3.0,3.0,1.75,0.875,2.0,0.0,0.0,0.0,0.0,0.0,0.0,0.0,0.0,0.0,0.0,0.0,0.0,1.0,3.0,2.0,2.0,0.5,2.0,16.33,34.7633333333,18.4333333333,29.133083333317497,6.562195833324624,34.7633333333,0.0,0.799,0.799,0.240375,0.24037500000000003,0.464,0.0,0.0,0.0,0.0,0.0,0.0,14.0,225.0,211.0,170.29999999999998,27.34999999999999,152.0,1.75,2.75,10.0,0.0,0.1206896551724138,0.1896551724137931,0.6896551724137931,0.0,9.469993267257859,0.14171483622350683,0.1,1.0,0.0,0.25,0.25,0.475,300.0,0.0,0.22999999999999976
ae5c01632.pdf,10.1021/acsaem.5c01632,AgSbTe2,AgSbTe1.85Se0.15,AgSbTe1.85Se0.15,Se,0.15,Te,,Se (0.15) @ Te site,text,body text,,0.5,W/m.K,False,34.0,52.0,18.0,49.824999999999996,2.5993750000000015,52.0,65.0,90.0,25.0,82.4625,8.731249999999998,90.0,78.96,127.6,48.64,119.38305,8.789153749999999,127.6,494.0,1234.93,740.9300000000001,887.43275,181.92225000000002,722.66,11.0,16.0,5.0,14.5,1.75,16.0,4.0,5.0,1.0,4.9625,0.07218749999999968,5.0,120.0,145.0,25.0,139.325,2.837499999999994,138.0,1.93,2.55,0.6199999999999999,2.061875,0.07187500000000009,2.1,1.0,2.0,1.0,1.75,0.375,2.0,0.0,4.0,4.0,2.75,1.375,4.0,10.0,10.0,0.0,10.0,0.0,10.0,0.0,0.0,0.0,0.0,0.0,0.0,11.0,16.0,5.0,14.5,1.75,16.0,0.0,1.0,1.0,0.25,0.375,0.0,0.0,3.0,3.0,1.75,0.875,2.0,0.0,0.0,0.0,0.0,0.0,0.0,0.0,0.0,0.0,0.0,0.0,0.0,1.0,3.0,2.0,2.0,0.5,2.0,16.33,34.7633333333,18.4333333333,29.02254166665125,6.578961458324467,34.7633333333,0.0,0.799,0.799,0.24456250000000002,0.24456250000000002,0.464,0.0,0.0,0.0,0.0,0.0,0.0,14.0,225.0,211.0,168.57500000000002,28.21250000000001,152.0,1.75,2.75,10.0,0.0,0.1206896551724138,0.1896551724137931,0.6896551724137931,0.0,9.752141313235201,0.15535291331122703,0.15,1.0,0.0,0.25,0.25,0.4625,300.0,0.0,0.22999999999999976
ae5c01632.pdf,10.1021/acsaem.5c01632,AgSbTe2,AgSbTe1.8Se0.2,AgSbTe1.8Se0.2,Se,0.2,Te,,Se (0.2) @ Te site,text,body text,,0.51,W/m.K,False,34.0,52.0,18.0,49.60000000000001,2.8599999999999968,52.0,65.0,90.0,25.0,82.45,8.725,90.0,78.96,127.6,48.64,118.77505,9.434930000000001,127.6,494.0,1234.93,740.9300000000001,884.5745000000001,184.78050000000002,722.66,11.0,16.0,5.0,14.5,1.75,16.0,4.0,5.0,1.0,4.95,0.09499999999999985,5.0,120.0,145.0,25.0,139.1,2.949999999999997,138.0,1.93,2.55,0.6199999999999999,2.0675,0.0775000000000001,2.1,1.0,2.0,1.0,1.75,0.375,2.0,0.0,4.0,4.0,2.75,1.375,4.0,10.0,10.0,0.0,10.0,0.0,10.0,0.0,0.0,0.0,0.0,0.0,0.0,11.0,16.0,5.0,14.5,1.75,16.0,0.0,1.0,1.0,0.25,0.375,0.0,0.0,3.0,3.0,1.75,0.875,2.0,0.0,0.0,0.0,0.0,0.0,0.0,0.0,0.0,0.0,0.0,0.0,0.0,1.0,3.0,2.0,2.0,0.5,2.0,16.33,34.7633333333,18.4333333333,28.911999999985,6.590199999990999,34.7633333333,0.0,0.799,0.799,0.24875000000000003,0.24875000000000003,0.464,0.0,0.0,0.0,0.0,0.0,0.0,14.0,225.0,211.0,166.85,29.074999999999996,152.0,1.75,2.75,10.0,0.0,0.1206896551724138,0.1896551724137931,0.6896551724137931,0.0,9.996164597312385,0.16828358208955232,0.2,1.0,0.0,0.25,0.25,0.45,300.0,0.0,0.22999999999999976
ae5c01632.pdf,10.1021/acsaem.5c01632,AgSbTe2,AgSbTe2,AgSbTe2,,,,,,figure,Fig. 6a,Visually estimated from Fig. 6a,0.8,W/m.K,False,47.0,52.0,5.0,50.5,1.75,52.0,65.0,90.0,25.0,82.5,8.75,90.0,107.8682,127.6,19.731799999999993,121.20705,6.669425,127.6,722.66,1234.93,512.2700000000001,896.0074999999999,173.34750000000003,722.66,11.0,16.0,5.0,14.5,1.75,16.0,5.0,5.0,0.0,5.0,0.0,5.0,138.0,145.0,7.0,140.0,2.5,138.0,1.93,2.1,0.17000000000000015,2.045,0.05750000000000005,2.1,1.0,2.0,1.0,1.75,0.375,2.0,0.0,4.0,4.0,2.75,1.375,4.0,10.0,10.0,0.0,10.0,0.0,10.0,0.0,0.0,0.0,0.0,0.0,0.0,11.0,16.0,5.0,14.5,1.75,16.0,0.0,1.0,1.0,0.25,0.375,0.0,0.0,3.0,3.0,1.75,0.875,2.0,0.0,0.0,0.0,0.0,0.0,0.0,0.0,0.0,0.0,0.0,0.0,0.0,1.0,3.0,2.0,2.0,0.5,2.0,16.33,34.7633333333,18.4333333333,29.35416666665,6.512083333324999,34.7633333333,0.0,0.464,0.464,0.232,0.232,0.464,0.0,0.0,0.0,0.0,0.0,0.0,152.0,225.0,73.0,173.75,25.625,152.0,1.75,2.75,10.0,0.0,0.1206896551724138,0.1896551724137931,0.6896551724137931,0.0,8.644719482306641,0.11200000000000014,,0.0,0.0,0.25,0.25,0.5,300.0,,
ae5c01632.pdf,10.1021/acsaem.5c01632,AgSbTe2,AgSbTe1.95Se0.05,AgSbTe1.95Se0.05,Se,x=0.05,Te,,Se (x=0.05) @ Te site,figure,Fig. 6a,Visually estimated from Fig. 6a,0.5,W/m.K,False,34.0,52.0,18.0,50.27499999999999,2.044375000000004,52.0,65.0,90.0,25.0,82.4875,8.743750000000002,90.0,78.96,127.6,48.64,120.59904999999999,7.406401250000002,127.6,494.0,1234.93,740.9300000000001,893.1492499999999,176.20575000000002,722.66,11.0,16.0,5.0,14.5,1.75,16.0,4.0,5.0,1.0,4.9875,0.024687500000000175,5.0,120.0,145.0,25.0,139.77499999999998,2.6124999999999887,138.0,1.93,2.55,0.6199999999999999,2.0506249999999997,0.0606250000000001,2.1,1.0,2.0,1.0,1.75,0.375,2.0,0.0,4.0,4.0,2.75,1.375,4.0,10.0,10.0,0.0,10.0,0.0,10.0,0.0,0.0,0.0,0.0,0.0,0.0,11.0,16.0,5.0,14.5,1.75,16.0,0.0,1.0,1.0,0.25,0.375,0.0,0.0,3.0,3.0,1.75,0.875,2.0,0.0,0.0,0.0,0.0,0.0,0.0,0.0,0.0,0.0,0.0,0.0,0.0,1.0,3.0,2.0,2.0,0.5,2.0,16.33,34.7633333333,18.4333333333,29.24362499998375,6.539903124991466,34.7633333333,0.0,0.799,0.799,0.23618750000000002,0.23618750000000002,0.464,0.0,0.0,0.0,0.0,0.0,0.0,14.0,225.0,211.0,172.025,26.487500000000004,152.0,1.75,2.75,10.0,0.0,0.1206896551724138,0.1896551724137931,0.6896551724137931,0.0,9.130728295777725,0.12729279058361953,0.05,1.0,0.0,0.25,0.25,0.4875,300.0,0.0,0.22999999999999976
ae5c01632.pdf,10.1021/acsaem.5c01632,AgSbTe2,AgSbTe1.9Se0.1,AgSbTe1.9Se0.1,Se,x=0.1,Te,,Se (x=0.1) @ Te site,figure,Fig. 6a,Visually estimated from Fig. 6a,0.45,W/m.K,False,34.0,52.0,18.0,50.050000000000004,2.327499999999998,52.0,65.0,90.0,25.0,82.475,8.737500000000004,90.0,78.96,127.6,48.64,119.99104999999999,8.112977500000003,127.6,494.0,1234.93,740.9300000000001,890.291,179.06400000000002,722.66,11.0,16.0,5.0,14.5,1.75,16.0,4.0,5.0,1.0,4.975,0.04875000000000034,5.0,120.0,145.0,25.0,139.55,2.725000000000006,138.0,1.93,2.55,0.6199999999999999,2.05625,0.0662500000000001,2.1,1.0,2.0,1.0,1.75,0.375,2.0,0.0,4.0,4.0,2.75,1.375,4.0,10.0,10.0,0.0,10.0,0.0,10.0,0.0,0.0,0.0,0.0,0.0,0.0,11.0,16.0,5.0,14.5,1.75,16.0,0.0,1.0,1.0,0.25,0.375,0.0,0.0,3.0,3.0,1.75,0.875,2.0,0.0,0.0,0.0,0.0,0.0,0.0,0.0,0.0,0.0,0.0,0.0,0.0,1.0,3.0,2.0,2.0,0.5,2.0,16.33,34.7633333333,18.4333333333,29.133083333317497,6.562195833324624,34.7633333333,0.0,0.799,0.799,0.240375,0.24037500000000003,0.464,0.0,0.0,0.0,0.0,0.0,0.0,14.0,225.0,211.0,170.29999999999998,27.34999999999999,152.0,1.75,2.75,10.0,0.0,0.1206896551724138,0.1896551724137931,0.6896551724137931,0.0,9.469993267257859,0.14171483622350683,0.1,1.0,0.0,0.25,0.25,0.475,300.0,0.0,0.22999999999999976
am2c22930.pdf,10.1021/acsami.2c22930,AgSbTe2,AgSb0.98Mg0.02Te2,AgSb0.98Mg0.02Te2,Mg,0.02,Sb,,Mg (0.02) @ Sb site,body text,,,0.55,W/m.K,False,12.0,52.0,40.0,50.30499999999999,2.0355500000000037,52.0,65.0,90.0,25.0,82.415,8.851649999999996,90.0,24.305,127.6,103.29499999999999,120.719775,7.389935249999999,127.6,722.66,1234.93,512.2700000000001,896.1035999999999,173.44360000000003,722.66,2.0,16.0,14.0,14.434999999999999,1.8418500000000007,16.0,3.0,5.0,2.0,4.99,0.01989999999999979,5.0,138.0,145.0,7.0,140.01,2.5048999999999957,138.0,1.31,2.1,0.79,2.0413,0.06296299999999996,2.1,1.0,2.0,1.0,1.75,0.375,2.0,0.0,4.0,4.0,2.735,1.39485,4.0,0.0,10.0,10.0,9.95,0.0995000000000007,10.0,0.0,0.0,0.0,0.0,0.0,0.0,2.0,16.0,14.0,14.434999999999999,1.8418500000000007,16.0,0.0,1.0,1.0,0.25,0.375,0.0,0.0,3.0,3.0,1.7349999999999999,0.88485,2.0,0.0,0.0,0.0,0.0,0.0,0.0,0.0,0.0,0.0,0.0,0.0,0.0,0.0,3.0,3.0,1.9849999999999999,0.5123500000000001,2.0,16.33,34.7633333333,18.4333333333,29.31081666665,6.554616499991499,34.7633333333,0.0,0.464,0.464,0.232,0.23199999999999998,0.464,0.0,0.0,0.0,0.0,0.0,0.0,152.0,225.0,73.0,173.89,25.756099999999993,152.0,1.75,2.735,9.95,0.0,0.12123311395912713,0.18947003810183582,0.6892968479390371,0.0,8.848505117923192,0.12234122240816016,0.02,1.0,0.0,0.25,0.245,0.5,300.0,1.0,0.040000000000000036
am2c22930.pdf,10.1021/acsami.2c22930,AgSbTe2,AgSb0.98Mg0.02Te2,AgSb0.98Mg0.02Te2,Mg,0.02,Sb,,Mg (0.02) @ Sb site,body text,,,0.69,W/m.K,False,12.0,52.0,40.0,50.30499999999999,2.0355500000000037,52.0,65.0,90.0,25.0,82.415,8.851649999999996,90.0,24.305,127.6,103.29499999999999,120.719775,7.389935249999999,127.6,722.66,1234.93,512.2700000000001,896.1035999999999,173.44360000000003,722.66,2.0,16.0,14.0,14.434999999999999,1.8418500000000007,16.0,3.0,5.0,2.0,4.99,0.01989999999999979,5.0,138.0,145.0,7.0,140.01,2.5048999999999957,138.0,1.31,2.1,0.79,2.0413,0.06296299999999996,2.1,1.0,2.0,1.0,1.75,0.375,2.0,0.0,4.0,4.0,2.735,1.39485,4.0,0.0,10.0,10.0,9.95,0.0995000000000007,10.0,0.0,0.0,0.0,0.0,0.0,0.0,2.0,16.0,14.0,14.434999999999999,1.8418500000000007,16.0,0.0,1.0,1.0,0.25,0.375,0.0,0.0,3.0,3.0,1.7349999999999999,0.88485,2.0,0.0,0.0,0.0,0.0,0.0,0.0,0.0,0.0,0.0,0.0,0.0,0.0,0.0,3.0,3.0,1.9849999999999999,0.5123500000000001,2.0,16.33,34.7633333333,18.4333333333,29.31081666665,6.554616499991499,34.7633333333,0.0,0.464,0.464,0.232,0.23199999999999998,0.464,0.0,0.0,0.0,0.0,0.0,0.0,152.0,225.0,73.0,173.89,25.756099999999993,152.0,1.75,2.735,9.95,0.0,0.12123311395912713,0.18947003810183582,0.6892968479390371,0.0,8.848505117923192,0.12234122240816016,0.02,1.0,0.0,0.25,0.245,0.5,573.0,1.0,0.040000000000000036
am4c05873.pdf,10.1021/acsami.4c05873,AgSbTe2,AgSb0.96Mg0.02Ti0.02Te2,AgSb0.96Mg0.02Ti0.02Te2,Mg,0.02,Sb,Ti (0.02) @ Sb,Mg (0.02) @ Sb site; Ti (0.02) @ Sb site,body text,Page 6,,0.58,W/m.K,False,12.0,52.0,40.0,50.16,2.2432000000000016,52.0,43.0,90.0,47.0,82.20500000000001,9.136599999999994,90.0,24.305,127.6,103.29499999999999,120.35031,7.926341200000001,127.6,722.66,1941.0,1218.3400000000001,901.2897,178.6297,722.66,2.0,16.0,14.0,14.379999999999999,1.9176000000000006,16.0,3.0,5.0,2.0,4.985,0.02969999999999969,5.0,138.0,160.0,22.0,140.115,2.6502000000000043,138.0,1.31,2.1,0.79,2.0387500000000003,0.06664999999999988,2.1,1.0,2.0,1.0,1.75,0.375,2.0,0.0,4.0,4.0,2.7199999999999998,1.4144,4.0,0.0,10.0,10.0,9.91,0.17819999999999986,10.0,0.0,0.0,0.0,0.0,0.0,0.0,2.0,16.0,14.0,14.379999999999999,1.9176000000000006,16.0,0.0,1.0,1.0,0.25,0.375,0.0,0.0,3.0,3.0,1.72,0.8944000000000001,2.0,0.0,8.0,8.0,0.04,0.0796,0.0,0.0,0.0,0.0,0.0,0.0,0.0,0.0,8.0,8.0,2.01,0.5350999999999999,2.0,16.33,34.7633333333,18.4333333333,29.236466666649996,6.642162666658001,34.7633333333,0.0,0.464,0.464,0.232,0.23199999999999998,0.464,0.0,2.25333333333e-05,2.25333333333e-05,1.126666666665e-07,2.24206666666335e-07,0.0,152.0,225.0,73.0,174.03,25.8844,152.0,1.75,2.7199999999999998,9.91,0.0,0.12169680111265647,0.18915159944367177,0.6891515994436718,0.0,9.051442280083934,0.12889815035325883,0.02,2.0,1.0,0.25,0.24,0.5,300.0,1.0,0.040000000000000036
am4c05873.pdf,10.1021/acsami.4c05873,AgSbTe2,AgSb0.96Mg0.02Ti0.02Te2,AgSb0.96Mg0.02Ti0.02Te2,Mg,0.02,Sb,Ti (0.02) @ Sb,Mg (0.02) @ Sb site; Ti (0.02) @ Sb site,body text,Page 6,,0.76,W/m.K,False,12.0,52.0,40.0,50.16,2.2432000000000016,52.0,43.0,90.0,47.0,82.20500000000001,9.136599999999994,90.0,24.305,127.6,103.29499999999999,120.35031,7.926341200000001,127.6,722.66,1941.0,1218.3400000000001,901.2897,178.6297,722.66,2.0,16.0,14.0,14.379999999999999,1.9176000000000006,16.0,3.0,5.0,2.0,4.985,0.02969999999999969,5.0,138.0,160.0,22.0,140.115,2.6502000000000043,138.0,1.31,2.1,0.79,2.0387500000000003,0.06664999999999988,2.1,1.0,2.0,1.0,1.75,0.375,2.0,0.0,4.0,4.0,2.7199999999999998,1.4144,4.0,0.0,10.0,10.0,9.91,0.17819999999999986,10.0,0.0,0.0,0.0,0.0,0.0,0.0,2.0,16.0,14.0,14.379999999999999,1.9176000000000006,16.0,0.0,1.0,1.0,0.25,0.375,0.0,0.0,3.0,3.0,1.72,0.8944000000000001,2.0,0.0,8.0,8.0,0.04,0.0796,0.0,0.0,0.0,0.0,0.0,0.0,0.0,0.0,8.0,8.0,2.01,0.5350999999999999,2.0,16.33,34.7633333333,18.4333333333,29.236466666649996,6.642162666658001,34.7633333333,0.0,0.464,0.464,0.232,0.23199999999999998,0.464,0.0,2.25333333333e-05,2.25333333333e-05,1.126666666665e-07,2.24206666666335e-07,0.0,152.0,225.0,73.0,174.03,25.8844,152.0,1.75,2.7199999999999998,9.91,0.0,0.12169680111265647,0.18915159944367177,0.6891515994436718,0.0,9.051442280083934,0.12889815035325883,0.02,2.0,1.0,0.25,0.24,0.5,573.0,1.0,0.040000000000000036
am4c05873.pdf,10.1021/acsami.4c05873,AgSbTe2,Ag0.96Mg0.02Ti0.02Te2,Ag0.96Mg0.02Ti0.02Te2,Mg,0.02,unclear,Ti (0.02) @ unclear,Mg (0.02) @ unclear site; Ti (0.02) @ unclear site,body text,,,0.33,W/m.K,False,12.0,52.0,40.0,49.93333333333334,2.755555555555554,52.0,43.0,90.0,47.0,81.54,11.28,90.0,24.305,127.6,103.29499999999999,120.06563733333333,10.045816888888886,127.6,722.66,1941.0,1218.3400000000001,896.0442666666667,231.17902222222224,722.66,2.0,16.0,14.0,14.226666666666667,2.3644444444444446,16.0,3.0,5.0,2.0,4.9799999999999995,0.039466666666667115,5.0,138.0,160.0,22.0,140.40666666666667,3.2088888888888882,138.0,1.31,2.1,0.79,2.0366,0.08453333333333342,2.1,1.0,2.0,1.0,1.68,0.43520000000000003,2.0,0.0,4.0,4.0,2.6666666666666665,1.7777777777777777,4.0,0.0,10.0,10.0,9.88,0.23679999999999923,10.0,0.0,0.0,0.0,0.0,0.0,0.0,2.0,16.0,14.0,14.226666666666667,2.3644444444444446,16.0,0.0,1.0,1.0,0.32,0.4352,0.0,0.0,2.0,2.0,1.3333333333333333,0.8888888888888888,2.0,0.0,8.0,8.0,0.05333333333333334,0.10595555555555557,0.0,0.0,0.0,0.0,0.0,0.0,0.0,0.0,8.0,8.0,1.7066666666666668,0.4750222222222222,2.0,16.33,34.7633333333,18.4333333333,28.665022222199998,8.131081481466666,34.7633333333,0.0,0.464,0.464,0.30933333333333335,0.20622222222222222,0.464,0.0,2.25333333333e-05,2.25333333333e-05,1.50222222222e-07,2.9844148148104e-07,0.0,152.0,225.0,73.0,175.92,31.89333333333333,152.0,1.68,2.6666666666666665,9.88,0.0,0.11808809746954077,0.1874414245548266,0.6944704779756327,0.0,5.834570321817636,0.19613694329998052,0.02,2.0,1.0,0.32,0.0,0.6666666666666666,523.0,,
am7b00689.pdf,10.1021/acsami.7b00689,Ag16.7Sb30Te53.3,AQ,Ag16.7Sb30Te53.3,,,,,,text,Section 3.1,,0.5,W/m.K,False,47.0,52.0,5.0,50.865,1.2909099999999987,52.0,65.0,90.0,25.0,84.325,6.4545499999999985,90.0,107.8682,127.6,19.731799999999993,122.5527894,5.380326499599996,127.6,722.66,1234.93,512.2700000000001,862.54509,149.11750594,722.66,11.0,16.0,5.0,14.865,1.2909099999999998,16.0,5.0,5.0,0.0,5.0,0.0,5.0,138.0,145.0,7.0,139.469,1.847353999999996,138.0,1.93,2.1,0.17000000000000015,2.05661,0.046253740000000106,2.1,1.0,2.0,1.0,1.8330000000000002,0.27822199999999986,2.0,0.0,4.0,4.0,3.032,1.031888,4.0,10.0,10.0,0.0,10.0,0.0,10.0,0.0,0.0,0.0,0.0,0.0,0.0,11.0,16.0,5.0,14.865,1.2909099999999998,16.0,0.0,1.0,1.0,0.16699999999999998,0.27822199999999997,0.0,0.0,3.0,3.0,1.966,0.656644,2.0,0.0,0.0,0.0,0.0,0.0,0.0,0.0,0.0,0.0,0.0,0.0,0.0,1.0,3.0,2.0,2.133,0.5202,2.0,16.33,34.7633333333,18.4333333333,30.723966666648895,4.807584866660734,34.7633333333,0.0,0.464,0.464,0.247312,0.230989408,0.464,0.0,0.0,0.0,0.0,0.0,0.0,152.0,225.0,73.0,168.391,18.90740599999999,152.0,1.8330000000000002,3.032,10.0,0.0,0.12330978809283553,0.2039690548267743,0.6727211570803902,0.0,8.276745312414512,0.09745082956814315,,0.0,0.0,0.16699999999999998,0.3,0.5329999999999999,300.0,,
am7b00689.pdf,10.1021/acsami.7b00689,Ag16.7Sb30Te53.3,380 °C/8 h,Ag16.7Sb30Te53.3,,,,,,text,Section 3.1,,0.7,W/m.K,False,47.0,52.0,5.0,50.865,1.2909099999999987,52.0,65.0,90.0,25.0,84.325,6.4545499999999985,90.0,107.8682,127.6,19.731799999999993,122.5527894,5.380326499599996,127.6,722.66,1234.93,512.2700000000001,862.54509,149.11750594,722.66,11.0,16.0,5.0,14.865,1.2909099999999998,16.0,5.0,5.0,0.0,5.0,0.0,5.0,138.0,145.0,7.0,139.469,1.847353999999996,138.0,1.93,2.1,0.17000000000000015,2.05661,0.046253740000000106,2.1,1.0,2.0,1.0,1.8330000000000002,0.27822199999999986,2.0,0.0,4.0,4.0,3.032,1.031888,4.0,10.0,10.0,0.0,10.0,0.0,10.0,0.0,0.0,0.0,0.0,0.0,0.0,11.0,16.0,5.0,14.865,1.2909099999999998,16.0,0.0,1.0,1.0,0.16699999999999998,0.27822199999999997,0.0,0.0,3.0,3.0,1.966,0.656644,2.0,0.0,0.0,0.0,0.0,0.0,0.0,0.0,0.0,0.0,0.0,0.0,0.0,1.0,3.0,2.0,2.133,0.5202,2.0,16.33,34.7633333333,18.4333333333,30.723966666648895,4.807584866660734,34.7633333333,0.0,0.464,0.464,0.247312,0.230989408,0.464,0.0,0.0,0.0,0.0,0.0,0.0,152.0,225.0,73.0,168.391,18.90740599999999,152.0,1.8330000000000002,3.032,10.0,0.0,0.12330978809283553,0.2039690548267743,0.6727211570803902,0.0,8.276745312414512,0.09745082956814315,,0.0,0.0,0.16699999999999998,0.3,0.5329999999999999,300.0,,
am7b00689.pdf,10.1021/acsami.7b00689,Ag16.7Sb30Te53.3,380 °C/192 h,Ag16.7Sb30Te53.3,,,,,,text,Section 3.1,,0.6,W/m.K,False,47.0,52.0,5.0,50.865,1.2909099999999987,52.0,65.0,90.0,25.0,84.325,6.4545499999999985,90.0,107.8682,127.6,19.731799999999993,122.5527894,5.380326499599996,127.6,722.66,1234.93,512.2700000000001,862.54509,149.11750594,722.66,11.0,16.0,5.0,14.865,1.2909099999999998,16.0,5.0,5.0,0.0,5.0,0.0,5.0,138.0,145.0,7.0,139.469,1.847353999999996,138.0,1.93,2.1,0.17000000000000015,2.05661,0.046253740000000106,2.1,1.0,2.0,1.0,1.8330000000000002,0.27822199999999986,2.0,0.0,4.0,4.0,3.032,1.031888,4.0,10.0,10.0,0.0,10.0,0.0,10.0,0.0,0.0,0.0,0.0,0.0,0.0,11.0,16.0,5.0,14.865,1.2909099999999998,16.0,0.0,1.0,1.0,0.16699999999999998,0.27822199999999997,0.0,0.0,3.0,3.0,1.966,0.656644,2.0,0.0,0.0,0.0,0.0,0.0,0.0,0.0,0.0,0.0,0.0,0.0,0.0,1.0,3.0,2.0,2.133,0.5202,2.0,16.33,34.7633333333,18.4333333333,30.723966666648895,4.807584866660734,34.7633333333,0.0,0.464,0.464,0.247312,0.230989408,0.464,0.0,0.0,0.0,0.0,0.0,0.0,152.0,225.0,73.0,168.391,18.90740599999999,152.0,1.8330000000000002,3.032,10.0,0.0,0.12330978809283553,0.2039690548267743,0.6727211570803902,0.0,8.276745312414512,0.09745082956814315,,0.0,0.0,0.16699999999999998,0.3,0.5329999999999999,300.0,,
am7b00689.pdf,10.1021/acsami.7b00689,Ag16.7Sb30Te53.3,AQ,Ag16.7Sb30Te53.3,,,,,,figure,Figure 1a,Visually estimated from Figure 1a,0.5,W/m.K,False,47.0,52.0,5.0,50.865,1.2909099999999987,52.0,65.0,90.0,25.0,84.325,6.4545499999999985,90.0,107.8682,127.6,19.731799999999993,122.5527894,5.380326499599996,127.6,722.66,1234.93,512.2700000000001,862.54509,149.11750594,722.66,11.0,16.0,5.0,14.865,1.2909099999999998,16.0,5.0,5.0,0.0,5.0,0.0,5.0,138.0,145.0,7.0,139.469,1.847353999999996,138.0,1.93,2.1,0.17000000000000015,2.05661,0.046253740000000106,2.1,1.0,2.0,1.0,1.8330000000000002,0.27822199999999986,2.0,0.0,4.0,4.0,3.032,1.031888,4.0,10.0,10.0,0.0,10.0,0.0,10.0,0.0,0.0,0.0,0.0,0.0,0.0,11.0,16.0,5.0,14.865,1.2909099999999998,16.0,0.0,1.0,1.0,0.16699999999999998,0.27822199999999997,0.0,0.0,3.0,3.0,1.966,0.656644,2.0,0.0,0.0,0.0,0.0,0.0,0.0,0.0,0.0,0.0,0.0,0.0,0.0,1.0,3.0,2.0,2.133,0.5202,2.0,16.33,34.7633333333,18.4333333333,30.723966666648895,4.807584866660734,34.7633333333,0.0,0.464,0.464,0.247312,0.230989408,0.464,0.0,0.0,0.0,0.0,0.0,0.0,152.0,225.0,73.0,168.391,18.90740599999999,152.0,1.8330000000000002,3.032,10.0,0.0,0.12330978809283553,0.2039690548267743,0.6727211570803902,0.0,8.276745312414512,0.09745082956814315,,0.0,0.0,0.16699999999999998,0.3,0.5329999999999999,298.15,,
am7b00689.pdf,10.1021/acsami.7b00689,Ag16.7Sb30Te53.3,380 C/8 h,Ag16.7Sb30Te53.3,,,,,,figure,Figure 1a,Visually estimated from Figure 1a,0.7,W/m.K,False,47.0,52.0,5.0,50.865,1.2909099999999987,52.0,65.0,90.0,25.0,84.325,6.4545499999999985,90.0,107.8682,127.6,19.731799999999993,122.5527894,5.380326499599996,127.6,722.66,1234.93,512.2700000000001,862.54509,149.11750594,722.66,11.0,16.0,5.0,14.865,1.2909099999999998,16.0,5.0,5.0,0.0,5.0,0.0,5.0,138.0,145.0,7.0,139.469,1.847353999999996,138.0,1.93,2.1,0.17000000000000015,2.05661,0.046253740000000106,2.1,1.0,2.0,1.0,1.8330000000000002,0.27822199999999986,2.0,0.0,4.0,4.0,3.032,1.031888,4.0,10.0,10.0,0.0,10.0,0.0,10.0,0.0,0.0,0.0,0.0,0.0,0.0,11.0,16.0,5.0,14.865,1.2909099999999998,16.0,0.0,1.0,1.0,0.16699999999999998,0.27822199999999997,0.0,0.0,3.0,3.0,1.966,0.656644,2.0,0.0,0.0,0.0,0.0,0.0,0.0,0.0,0.0,0.0,0.0,0.0,0.0,1.0,3.0,2.0,2.133,0.5202,2.0,16.33,34.7633333333,18.4333333333,30.723966666648895,4.807584866660734,34.7633333333,0.0,0.464,0.464,0.247312,0.230989408,0.464,0.0,0.0,0.0,0.0,0.0,0.0,152.0,225.0,73.0,168.391,18.90740599999999,152.0,1.8330000000000002,3.032,10.0,0.0,0.12330978809283553,0.2039690548267743,0.6727211570803902,0.0,8.276745312414512,0.09745082956814315,,0.0,0.0,0.16699999999999998,0.3,0.5329999999999999,298.15,,
am7b00689.pdf,10.1021/acsami.7b00689,Ag16.7Sb30Te53.3,380 C/192 h,Ag16.7Sb30Te53.3,,,,,,figure,Figure 1a,Visually estimated from Figure 1a,0.6,W/m.K,False,47.0,52.0,5.0,50.865,1.2909099999999987,52.0,65.0,90.0,25.0,84.325,6.4545499999999985,90.0,107.8682,127.6,19.731799999999993,122.5527894,5.380326499599996,127.6,722.66,1234.93,512.2700000000001,862.54509,149.11750594,722.66,11.0,16.0,5.0,14.865,1.2909099999999998,16.0,5.0,5.0,0.0,5.0,0.0,5.0,138.0,145.0,7.0,139.469,1.847353999999996,138.0,1.93,2.1,0.17000000000000015,2.05661,0.046253740000000106,2.1,1.0,2.0,1.0,1.8330000000000002,0.27822199999999986,2.0,0.0,4.0,4.0,3.032,1.031888,4.0,10.0,10.0,0.0,10.0,0.0,10.0,0.0,0.0,0.0,0.0,0.0,0.0,11.0,16.0,5.0,14.865,1.2909099999999998,16.0,0.0,1.0,1.0,0.16699999999999998,0.27822199999999997,0.0,0.0,3.0,3.0,1.966,0.656644,2.0,0.0,0.0,0.0,0.0,0.0,0.0,0.0,0.0,0.0,0.0,0.0,0.0,1.0,3.0,2.0,2.133,0.5202,2.0,16.33,34.7633333333,18.4333333333,30.723966666648895,4.807584866660734,34.7633333333,0.0,0.464,0.464,0.247312,0.230989408,0.464,0.0,0.0,0.0,0.0,0.0,0.0,152.0,225.0,73.0,168.391,18.90740599999999,152.0,1.8330000000000002,3.032,10.0,0.0,0.12330978809283553,0.2039690548267743,0.6727211570803902,0.0,8.276745312414512,0.09745082956814315,,0.0,0.0,0.16699999999999998,0.3,0.5329999999999999,298.15,,
applsci-08-00052-v2.pdf,10.3390/app8010052,Ag1-xSb1+xTe2+x,x=0.19,Ag0.81Sb1.19Te2.19,,,,,,body text,Section 3.4,,0.6000000000000001,W/m.K,False,47.0,52.0,5.0,50.74940334128878,1.4496499792095054,52.0,65.0,90.0,25.0,83.74701670644392,7.248249896047527,90.0,107.8682,127.6,19.731799999999993,122.12688353221958,5.721300746748989,127.6,722.66,1234.93,512.2700000000001,873.1305250596661,157.2937708260947,722.66,11.0,16.0,5.0,14.749403341288783,1.4496499792095054,16.0,5.0,5.0,0.0,5.0,0.0,5.0,138.0,145.0,7.0,139.63723150357995,2.0734331656803064,138.0,1.93,2.1,0.17000000000000015,2.052935560859189,0.04919862611855717,2.1,1.0,2.0,1.0,1.8066825775656328,0.3118915932353995,2.0,0.0,4.0,4.0,2.942720763723151,1.1377583859741056,4.0,10.0,10.0,0.0,10.0,0.0,10.0,0.0,0.0,0.0,0.0,0.0,0.0,11.0,16.0,5.0,14.749403341288783,1.4496499792095054,16.0,0.0,1.0,1.0,0.1933174224343676,0.3118915932353997,0.0,0.0,3.0,3.0,1.8973747016706444,0.7335911734382923,2.0,0.0,0.0,0.0,0.0,0.0,0.0,0.0,0.0,0.0,0.0,0.0,0.0,1.0,3.0,2.0,2.0906921241050123,0.516504234995244,2.0,16.33,34.7633333333,18.4333333333,30.290071599027925,5.397450117046594,34.7633333333,0.0,0.464,0.464,0.2425202863961814,0.23152294644026866,0.464,0.0,0.0,0.0,0.0,0.0,0.0,152.0,225.0,73.0,170.08830548926016,21.23077448863929,152.0,1.8066825775656328,2.942720763723151,10.0,0.0,0.12249190938511328,0.19951456310679616,0.6779935275080906,0.0,8.433427485206984,0.10246000112277566,,0.0,0.0,0.1933174224343676,0.2840095465393795,0.5226730310262531,300.0,,
applsci-08-00052-v2.pdf,10.3390/app8010052,Ag1-xSb1+xTe2+x,"x=0.4, slowly cooled",Ag0.6Sb1.4Te2.4,Sb,x=0.4,Ag,,Sb (x=0.4) @ Ag site,figure,Fig. 7a,Visually estimated from Fig. 7a,1.2,W/m.K,False,47.0,52.0,5.0,50.99999999999999,1.090909090909096,52.0,65.0,90.0,25.0,85.0,5.454545454545454,90.0,107.8682,127.6,19.731799999999993,123.05111818181815,4.962416528925617,127.6,722.66,1234.93,512.2700000000001,850.1440909090909,139.07355371900826,722.66,11.0,16.0,5.0,14.999999999999998,1.0909090909090922,16.0,5.0,5.0,0.0,5.0,0.0,5.0,138.0,145.0,7.0,139.27272727272725,1.561983471074365,138.0,1.93,2.1,0.17000000000000015,2.0609090909090906,0.042644628099173694,2.1,1.0,2.0,1.0,1.8636363636363633,0.23553719008264487,2.0,0.0,4.0,4.0,3.136363636363636,0.9421487603305785,4.0,10.0,10.0,0.0,10.0,0.0,10.0,0.0,0.0,0.0,0.0,0.0,0.0,11.0,16.0,5.0,14.999999999999998,1.0909090909090922,16.0,0.0,1.0,1.0,0.13636363636363635,0.23553719008264462,0.0,0.0,3.0,3.0,2.0454545454545454,0.6074380165289255,2.0,0.0,0.0,0.0,0.0,0.0,0.0,0.0,0.0,0.0,0.0,0.0,0.0,1.0,3.0,2.0,2.181818181818181,0.5206611570247931,2.0,16.33,34.7633333333,18.4333333333,31.230454545436363,4.063760330573552,34.7633333333,0.0,0.464,0.464,0.25309090909090903,0.23008264462809921,0.464,0.0,0.0,0.0,0.0,0.0,0.0,152.0,225.0,73.0,166.4090909090909,15.979338842975203,152.0,1.8636363636363633,3.136363636363636,10.0,0.0,0.12424242424242424,0.20909090909090908,0.6666666666666667,0.0,8.037381740455404,0.09106382978723424,0.4,1.0,0.0,0.13636363636363635,0.3181818181818181,0.5454545454545454,300.0,2.0,0.39
applsci-08-00052-v2.pdf,10.3390/app8010052,Ag1-xSb1+xTe2+x,"x=0.1, slowly cooled",Ag0.9Sb1.1Te2.1,Sb,x=0.1,Ag,,Sb (x=0.1) @ Ag site,figure,Fig. 7a,Visually estimated from Fig. 7a,0.6,W/m.K,False,47.0,52.0,5.0,50.63414634146343,1.5954788816180774,52.0,65.0,90.0,25.0,83.17073170731707,7.977394408090422,90.0,107.8682,127.6,19.731799999999993,121.7018,6.073287804878045,127.6,722.66,1234.93,512.2700000000001,883.7026829268294,164.97055324211783,722.66,11.0,16.0,5.0,14.634146341463415,1.5954788816180845,16.0,5.0,5.0,0.0,5.0,0.0,5.0,138.0,145.0,7.0,139.80487804878052,2.2807852468768792,138.0,1.93,2.1,0.17000000000000015,2.0492682926829273,0.05236168947055298,2.1,1.0,2.0,1.0,1.780487804878049,0.34265318262938715,2.0,0.0,4.0,4.0,2.853658536585366,1.2528256989886974,4.0,10.0,10.0,0.0,10.0,0.0,10.0,0.0,0.0,0.0,0.0,0.0,0.0,11.0,16.0,5.0,14.634146341463415,1.5954788816180845,16.0,0.0,1.0,1.0,0.21951219512195125,0.3426531826293874,0.0,0.0,3.0,3.0,1.829268292682927,0.8030933967876266,2.0,0.0,0.0,0.0,0.0,0.0,0.0,0.0,0.0,0.0,0.0,0.0,0.0,1.0,3.0,2.0,2.048780487804878,0.5104104699583581,2.0,16.33,34.7633333333,18.4333333333,29.857560975592683,5.938929208796786,34.7633333333,0.0,0.464,0.464,0.2376585365853659,0.23186198691255208,0.464,0.0,0.0,0.0,0.0,0.0,0.0,152.0,225.0,73.0,171.78048780487805,23.364663890541348,152.0,1.780487804878049,2.853658536585366,10.0,0.0,0.12166666666666667,0.195,0.6833333333333333,0.0,8.551650782787032,0.10705202312138744,0.1,1.0,0.0,0.21951219512195125,0.26829268292682934,0.5121951219512195,300.0,2.0,0.39
applsci-08-00052-v2.pdf,10.3390/app8010052,Ag1-xSb1+xTe2+x,"Ag1-xSb1+xTe2+x, x=0.19 (quenched)",Ag0.81Sb1.19Te2.19,,,,,,figure,Figure 10b,Visually estimated from Figure 10b,0.55,W/m.K,False,47.0,52.0,5.0,50.74940334128878,1.4496499792095054,52.0,65.0,90.0,25.0,83.74701670644392,7.248249896047527,90.0,107.8682,127.6,19.731799999999993,122.12688353221958,5.721300746748989,127.6,722.66,1234.93,512.2700000000001,873.1305250596661,157.2937708260947,722.66,11.0,16.0,5.0,14.749403341288783,1.4496499792095054,16.0,5.0,5.0,0.0,5.0,0.0,5.0,138.0,145.0,7.0,139.63723150357995,2.0734331656803064,138.0,1.93,2.1,0.17000000000000015,2.052935560859189,0.04919862611855717,2.1,1.0,2.0,1.0,1.8066825775656328,0.3118915932353995,2.0,0.0,4.0,4.0,2.942720763723151,1.1377583859741056,4.0,10.0,10.0,0.0,10.0,0.0,10.0,0.0,0.0,0.0,0.0,0.0,0.0,11.0,16.0,5.0,14.749403341288783,1.4496499792095054,16.0,0.0,1.0,1.0,0.1933174224343676,0.3118915932353997,0.0,0.0,3.0,3.0,1.8973747016706444,0.7335911734382923,2.0,0.0,0.0,0.0,0.0,0.0,0.0,0.0,0.0,0.0,0.0,0.0,0.0,1.0,3.0,2.0,2.0906921241050123,0.516504234995244,2.0,16.33,34.7633333333,18.4333333333,30.290071599027925,5.397450117046594,34.7633333333,0.0,0.464,0.464,0.2425202863961814,0.23152294644026866,0.464,0.0,0.0,0.0,0.0,0.0,0.0,152.0,225.0,73.0,170.08830548926016,21.23077448863929,152.0,1.8066825775656328,2.942720763723151,10.0,0.0,0.12249190938511328,0.19951456310679616,0.6779935275080906,0.0,8.433427485206984,0.10246000112277566,,0.0,0.0,0.1933174224343676,0.2840095465393795,0.5226730310262531,300.0,,
applsci-08-00052-v2.pdf,10.3390/app8010052,Ag1-xSb1+xTe2+x,"Ag1-xSb1+xTe2+x, x=0.19 (quenched)",Ag0.81Sb1.19Te2.19,,,,,,figure,Figure 10b,Visually estimated from Figure 10b,0.65,W/m.K,False,47.0,52.0,5.0,50.74940334128878,1.4496499792095054,52.0,65.0,90.0,25.0,83.74701670644392,7.248249896047527,90.0,107.8682,127.6,19.731799999999993,122.12688353221958,5.721300746748989,127.6,722.66,1234.93,512.2700000000001,873.1305250596661,157.2937708260947,722.66,11.0,16.0,5.0,14.749403341288783,1.4496499792095054,16.0,5.0,5.0,0.0,5.0,0.0,5.0,138.0,145.0,7.0,139.63723150357995,2.0734331656803064,138.0,1.93,2.1,0.17000000000000015,2.052935560859189,0.04919862611855717,2.1,1.0,2.0,1.0,1.8066825775656328,0.3118915932353995,2.0,0.0,4.0,4.0,2.942720763723151,1.1377583859741056,4.0,10.0,10.0,0.0,10.0,0.0,10.0,0.0,0.0,0.0,0.0,0.0,0.0,11.0,16.0,5.0,14.749403341288783,1.4496499792095054,16.0,0.0,1.0,1.0,0.1933174224343676,0.3118915932353997,0.0,0.0,3.0,3.0,1.8973747016706444,0.7335911734382923,2.0,0.0,0.0,0.0,0.0,0.0,0.0,0.0,0.0,0.0,0.0,0.0,0.0,1.0,3.0,2.0,2.0906921241050123,0.516504234995244,2.0,16.33,34.7633333333,18.4333333333,30.290071599027925,5.397450117046594,34.7633333333,0.0,0.464,0.464,0.2425202863961814,0.23152294644026866,0.464,0.0,0.0,0.0,0.0,0.0,0.0,152.0,225.0,73.0,170.08830548926016,21.23077448863929,152.0,1.8066825775656328,2.942720763723151,10.0,0.0,0.12249190938511328,0.19951456310679616,0.6779935275080906,0.0,8.433427485206984,0.10246000112277566,,0.0,0.0,0.1933174224343676,0.2840095465393795,0.5226730310262531,600.0,,
c0jm00138d.pdf,10.1039/c0jm00138d,AgSbTe2,x=50,AgSbTe2,,,,,,text,page 1,,0.6,W/m.K,False,47.0,52.0,5.0,50.5,1.75,52.0,65.0,90.0,25.0,82.5,8.75,90.0,107.8682,127.6,19.731799999999993,121.20705,6.669425,127.6,722.66,1234.93,512.2700000000001,896.0074999999999,173.34750000000003,722.66,11.0,16.0,5.0,14.5,1.75,16.0,5.0,5.0,0.0,5.0,0.0,5.0,138.0,145.0,7.0,140.0,2.5,138.0,1.93,2.1,0.17000000000000015,2.045,0.05750000000000005,2.1,1.0,2.0,1.0,1.75,0.375,2.0,0.0,4.0,4.0,2.75,1.375,4.0,10.0,10.0,0.0,10.0,0.0,10.0,0.0,0.0,0.0,0.0,0.0,0.0,11.0,16.0,5.0,14.5,1.75,16.0,0.0,1.0,1.0,0.25,0.375,0.0,0.0,3.0,3.0,1.75,0.875,2.0,0.0,0.0,0.0,0.0,0.0,0.0,0.0,0.0,0.0,0.0,0.0,0.0,1.0,3.0,2.0,2.0,0.5,2.0,16.33,34.7633333333,18.4333333333,29.35416666665,6.512083333324999,34.7633333333,0.0,0.464,0.464,0.232,0.232,0.464,0.0,0.0,0.0,0.0,0.0,0.0,152.0,225.0,73.0,173.75,25.625,152.0,1.75,2.75,10.0,0.0,0.1206896551724138,0.1896551724137931,0.6896551724137931,0.0,8.644719482306641,0.11200000000000014,,0.0,0.0,0.25,0.25,0.5,300.0,,
c0jm00138d.pdf,10.1039/c0jm00138d,AgSbTe2,x=50,AgSbTe2,,,,,,text,page 5,,0.61,W/m.K,False,47.0,52.0,5.0,50.5,1.75,52.0,65.0,90.0,25.0,82.5,8.75,90.0,107.8682,127.6,19.731799999999993,121.20705,6.669425,127.6,722.66,1234.93,512.2700000000001,896.0074999999999,173.34750000000003,722.66,11.0,16.0,5.0,14.5,1.75,16.0,5.0,5.0,0.0,5.0,0.0,5.0,138.0,145.0,7.0,140.0,2.5,138.0,1.93,2.1,0.17000000000000015,2.045,0.05750000000000005,2.1,1.0,2.0,1.0,1.75,0.375,2.0,0.0,4.0,4.0,2.75,1.375,4.0,10.0,10.0,0.0,10.0,0.0,10.0,0.0,0.0,0.0,0.0,0.0,0.0,11.0,16.0,5.0,14.5,1.75,16.0,0.0,1.0,1.0,0.25,0.375,0.0,0.0,3.0,3.0,1.75,0.875,2.0,0.0,0.0,0.0,0.0,0.0,0.0,0.0,0.0,0.0,0.0,0.0,0.0,1.0,3.0,2.0,2.0,0.5,2.0,16.33,34.7633333333,18.4333333333,29.35416666665,6.512083333324999,34.7633333333,0.0,0.464,0.464,0.232,0.232,0.464,0.0,0.0,0.0,0.0,0.0,0.0,152.0,225.0,73.0,173.75,25.625,152.0,1.75,2.75,10.0,0.0,0.1206896551724138,0.1896551724137931,0.6896551724137931,0.0,8.644719482306641,0.11200000000000014,,0.0,0.0,0.25,0.25,0.5,300.0,,
c0jm00138d.pdf,10.1039/c0jm00138d,AgSbTe2,"(Ag2Te)x(Sb2Te3)100-x, x=44",(Ag2Te)44(Sb2Te3)56,,,,,,figure,Fig. 8a,Visually estimated from Fig. 8a,0.65,W/m.K,False,47.0,52.0,5.0,50.66019417475728,1.563578094071073,52.0,65.0,90.0,25.0,83.30097087378641,7.817890470355356,90.0,107.8682,127.6,19.731799999999993,121.79786796116504,5.971126175888393,127.6,722.66,1234.93,512.2700000000001,881.3133980582525,163.27437081723068,722.66,11.0,16.0,5.0,14.660194174757281,1.563578094071072,16.0,5.0,5.0,0.0,5.0,0.0,5.0,138.0,145.0,7.0,139.76699029126215,2.235460458101618,138.0,1.93,2.1,0.17000000000000015,2.050097087378641,0.051356395513243586,2.1,1.0,2.0,1.0,1.7864077669902914,0.33594118201527,2.0,0.0,4.0,4.0,2.8737864077669903,1.2276369120558015,4.0,10.0,10.0,0.0,10.0,0.0,10.0,0.0,0.0,0.0,0.0,0.0,0.0,11.0,16.0,5.0,14.660194174757281,1.563578094071072,16.0,0.0,1.0,1.0,0.21359223300970873,0.33594118201527007,0.0,0.0,3.0,3.0,1.8446601941747574,0.7880101800358187,2.0,0.0,0.0,0.0,0.0,0.0,0.0,0.0,0.0,0.0,0.0,0.0,0.0,1.0,3.0,2.0,2.058252427184466,0.5120180978414554,2.0,16.33,34.7633333333,18.4333333333,29.95530744334854,5.820519684537241,34.7633333333,0.0,0.464,0.464,0.2387572815533981,0.23180318597417288,0.464,0.0,0.0,0.0,0.0,0.0,0.0,152.0,225.0,73.0,171.39805825242718,22.89791686304081,152.0,1.7864077669902914,2.8737864077669903,10.0,0.0,0.12185430463576159,0.19602649006622516,0.6821192052980133,0.0,8.528132530661713,0.10604409063074112,,0.0,0.0,0.21359223300970873,0.27184466019417475,0.5145631067961165,300.0,,
c0jm00138d.pdf,10.1039/c0jm00138d,AgSbTe2,"(Ag2Te)x(Sb2Te3)100-x, x=50",(Ag2Te)50(Sb2Te3)50,,,,,,figure,Fig. 8a,Visually estimated from Fig. 8a,0.6,W/m.K,False,47.0,52.0,5.0,50.5,1.75,52.0,65.0,90.0,25.0,82.5,8.75,90.0,107.8682,127.6,19.731799999999993,121.20705,6.669425,127.6,722.66,1234.93,512.2700000000001,896.0075,173.3475,722.66,11.0,16.0,5.0,14.5,1.75,16.0,5.0,5.0,0.0,5.0,0.0,5.0,138.0,145.0,7.0,140.0,2.5,138.0,1.93,2.1,0.17000000000000015,2.045,0.05750000000000005,2.1,1.0,2.0,1.0,1.75,0.375,2.0,0.0,4.0,4.0,2.75,1.375,4.0,10.0,10.0,0.0,10.0,0.0,10.0,0.0,0.0,0.0,0.0,0.0,0.0,11.0,16.0,5.0,14.5,1.75,16.0,0.0,1.0,1.0,0.25,0.375,0.0,0.0,3.0,3.0,1.75,0.875,2.0,0.0,0.0,0.0,0.0,0.0,0.0,0.0,0.0,0.0,0.0,0.0,0.0,1.0,3.0,2.0,2.0,0.5,2.0,16.33,34.7633333333,18.4333333333,29.35416666665,6.512083333324999,34.7633333333,0.0,0.464,0.464,0.23200000000000004,0.23199999999999998,0.464,0.0,0.0,0.0,0.0,0.0,0.0,152.0,225.0,73.0,173.75,25.625,152.0,1.75,2.75,10.0,0.0,0.1206896551724138,0.1896551724137931,0.6896551724137931,0.0,8.644719482306641,0.11200000000000014,,0.0,0.0,0.25,0.25,0.5,300.0,,
c2ee23391f.pdf,10.1039/c2ee23391f,AgSbTe2,Ag0.73Sb1.12Te2,Ag0.73Sb1.12Te2,Ag,0.73,Ag,Sb (1.12) @ Sb,Ag (0.73) @ Ag site; Sb (1.12) @ Sb site,Table 1,,,0.54,W/m.K,False,47.0,52.0,5.0,50.76103896103896,1.4262641254849033,52.0,65.0,90.0,25.0,83.8051948051948,7.131320627424526,90.0,107.8682,127.6,19.731799999999993,122.15973662337662,5.652221689998309,127.6,722.66,1234.93,512.2700000000001,872.4811688311687,155.65835722718842,722.66,11.0,16.0,5.0,14.76103896103896,1.4262641254849056,16.0,5.0,5.0,0.0,5.0,0.0,5.0,138.0,145.0,7.0,139.6181818181818,2.0408972845336346,138.0,1.93,2.1,0.17000000000000015,2.053220779220779,0.04860178782256716,2.1,1.0,2.0,1.0,1.8103896103896104,0.3073165795243717,2.0,0.0,4.0,4.0,2.9506493506493503,1.1189475459605331,4.0,10.0,10.0,0.0,10.0,0.0,10.0,0.0,0.0,0.0,0.0,0.0,0.0,11.0,16.0,5.0,14.76103896103896,1.4262641254849056,16.0,0.0,1.0,1.0,0.1896103896103896,0.3073165795243717,0.0,0.0,3.0,3.0,1.9116883116883117,0.7249519311856975,2.0,0.0,0.0,0.0,0.0,0.0,0.0,0.0,0.0,0.0,0.0,0.0,0.0,1.0,3.0,2.0,2.101298701298701,0.5228807556080283,2.0,16.33,34.7633333333,18.4333333333,30.336303030285713,5.311481149147309,34.7633333333,0.0,0.464,0.464,0.24103896103896105,0.23164783268679373,0.464,0.0,0.0,0.0,0.0,0.0,0.0,152.0,225.0,73.0,169.91428571428574,20.889647495361796,152.0,1.8103896103896104,2.9506493506493503,10.0,0.0,0.12264648953017773,0.19989442196023227,0.67745908850959,0.0,8.436691645506034,0.10145032760757938,0.73,2.0,1.0,0.1896103896103896,0.29090909090909095,0.5194805194805194,100.0,0.0,0.0
c2ee23391f.pdf,10.1039/c2ee23391f,AgSbTe2,Ag0.73Sb1.12Te2,Ag0.73Sb1.12Te2,Ag,0.73,Ag,Sb (1.12) @ Sb,Ag (0.73) @ Ag site; Sb (1.12) @ Sb site,figure,Fig. 6a,Visually estimated from Fig. 6a,0.45,W/m.K,False,47.0,52.0,5.0,50.76103896103896,1.4262641254849033,52.0,65.0,90.0,25.0,83.8051948051948,7.131320627424526,90.0,107.8682,127.6,19.731799999999993,122.15973662337662,5.652221689998309,127.6,722.66,1234.93,512.2700000000001,872.4811688311687,155.65835722718842,722.66,11.0,16.0,5.0,14.76103896103896,1.4262641254849056,16.0,5.0,5.0,0.0,5.0,0.0,5.0,138.0,145.0,7.0,139.6181818181818,2.0408972845336346,138.0,1.93,2.1,0.17000000000000015,2.053220779220779,0.04860178782256716,2.1,1.0,2.0,1.0,1.8103896103896104,0.3073165795243717,2.0,0.0,4.0,4.0,2.9506493506493503,1.1189475459605331,4.0,10.0,10.0,0.0,10.0,0.0,10.0,0.0,0.0,0.0,0.0,0.0,0.0,11.0,16.0,5.0,14.76103896103896,1.4262641254849056,16.0,0.0,1.0,1.0,0.1896103896103896,0.3073165795243717,0.0,0.0,3.0,3.0,1.9116883116883117,0.7249519311856975,2.0,0.0,0.0,0.0,0.0,0.0,0.0,0.0,0.0,0.0,0.0,0.0,0.0,1.0,3.0,2.0,2.101298701298701,0.5228807556080283,2.0,16.33,34.7633333333,18.4333333333,30.336303030285713,5.311481149147309,34.7633333333,0.0,0.464,0.464,0.24103896103896105,0.23164783268679373,0.464,0.0,0.0,0.0,0.0,0.0,0.0,152.0,225.0,73.0,169.91428571428574,20.889647495361796,152.0,1.8103896103896104,2.9506493506493503,10.0,0.0,0.12264648953017773,0.19989442196023227,0.67745908850959,0.0,8.436691645506034,0.10145032760757938,0.73,2.0,1.0,0.1896103896103896,0.29090909090909095,0.5194805194805194,300.0,0.0,0.0
c2ee23391f.pdf,10.1039/c2ee23391f,AgSbTe2,Ag0.73Sb1.12Te2,Ag0.73Sb1.12Te2,Ag,0.73,Ag,Sb (1.12) @ Sb,Ag (0.73) @ Ag site; Sb (1.12) @ Sb site,figure,Fig. 6a,Visually estimated from Fig. 6a,0.65,W/m.K,False,47.0,52.0,5.0,50.76103896103896,1.4262641254849033,52.0,65.0,90.0,25.0,83.8051948051948,7.131320627424526,90.0,107.8682,127.6,19.731799999999993,122.15973662337662,5.652221689998309,127.6,722.66,1234.93,512.2700000000001,872.4811688311687,155.65835722718842,722.66,11.0,16.0,5.0,14.76103896103896,1.4262641254849056,16.0,5.0,5.0,0.0,5.0,0.0,5.0,138.0,145.0,7.0,139.6181818181818,2.0408972845336346,138.0,1.93,2.1,0.17000000000000015,2.053220779220779,0.04860178782256716,2.1,1.0,2.0,1.0,1.8103896103896104,0.3073165795243717,2.0,0.0,4.0,4.0,2.9506493506493503,1.1189475459605331,4.0,10.0,10.0,0.0,10.0,0.0,10.0,0.0,0.0,0.0,0.0,0.0,0.0,11.0,16.0,5.0,14.76103896103896,1.4262641254849056,16.0,0.0,1.0,1.0,0.1896103896103896,0.3073165795243717,0.0,0.0,3.0,3.0,1.9116883116883117,0.7249519311856975,2.0,0.0,0.0,0.0,0.0,0.0,0.0,0.0,0.0,0.0,0.0,0.0,0.0,1.0,3.0,2.0,2.101298701298701,0.5228807556080283,2.0,16.33,34.7633333333,18.4333333333,30.336303030285713,5.311481149147309,34.7633333333,0.0,0.464,0.464,0.24103896103896105,0.23164783268679373,0.464,0.0,0.0,0.0,0.0,0.0,0.0,152.0,225.0,73.0,169.91428571428574,20.889647495361796,152.0,1.8103896103896104,2.9506493506493503,10.0,0.0,0.12264648953017773,0.19989442196023227,0.67745908850959,0.0,8.436691645506034,0.10145032760757938,0.73,2.0,1.0,0.1896103896103896,0.29090909090909095,0.5194805194805194,570.0,0.0,0.0
c2ee23391f.pdf,10.1039/c2ee23391f,AgSbTe2,Ag1-xNaxSbTe2,Ag1-xNaxSbTe2,Na,"x = 0.5, 0.8, 1",Ag,,"Na (x = 0.5, 0.8, 1) @ Ag site",figure,Fig. 6b,Visually estimated from Fig. 6b,0.5,W/m.K,True,11.0,52.0,41.0,46.0,8.75,52.0,2.0,90.0,88.0,74.625,20.5625,90.0,22.98976928,127.6,104.61023071999999,110.59724616,22.58413076,127.6,370.87,1234.93,864.0600000000001,787.9999999999999,169.6225,722.66,1.0,16.0,15.0,13.25,3.625,16.0,3.0,5.0,2.0,4.75,0.4375,5.0,138.0,166.0,28.0,142.625,6.4375,138.0,0.93,2.1,1.17,1.92,0.24750000000000005,2.1,1.0,2.0,1.0,1.75,0.375,2.0,0.0,4.0,4.0,2.75,1.375,4.0,0.0,10.0,10.0,8.75,2.1875,10.0,0.0,0.0,0.0,0.0,0.0,0.0,1.0,16.0,15.0,13.25,3.625,16.0,0.0,1.0,1.0,0.25,0.375,0.0,0.0,3.0,3.0,1.75,0.875,2.0,0.0,0.0,0.0,0.0,0.0,0.0,0.0,0.0,0.0,0.0,0.0,0.0,1.0,3.0,2.0,2.0,0.5,2.0,16.33,34.7633333333,18.4333333333,30.968333333312497,4.09083333333125,34.7633333333,0.0,0.464,0.464,0.232,0.232,0.464,0.0,0.0,0.0,0.0,0.0,0.0,152.0,229.0,77.0,174.25,26.375,152.0,1.75,2.75,8.75,0.0,0.1320754716981132,0.20754716981132076,0.660377358490566,0.0,10.085506062691083,0.4400000000000001,0.5,1.0,0.0,0.125,0.25,0.5,377.0,0.0,0.13000000000000012
c8ta01393d.pdf,10.1039/c8ta01393d,GeSe-AgSbTe2,x=0.05,GeSeAg0.05Sb0.05Te0.1,Ag,5%,unclear,Sb (5%) @ unclear; Te (10%) @ unclear,Ag (5%) @ unclear site; Sb (5%) @ unclear site; Te (10%) @ unclear site,body text,,,1.39,W/m.K,False,32.0,52.0,20.0,34.59090909090909,2.892561983471077,32.0,65.0,90.0,25.0,83.86363636363637,5.278925619834712,79.0,72.64,127.6,54.959999999999994,79.92791363636363,7.505297520661152,72.64,494.0,1234.93,740.9300000000001,856.6370454545456,341.8497727272728,494.0,11.0,16.0,5.0,14.954545454545455,1.047520661157025,14.0,4.0,5.0,1.0,4.090909090909092,0.16528925619834778,4.0,120.0,145.0,25.0,121.81818181818183,3.30578512396695,120.0,1.93,2.55,0.6199999999999999,2.2586363636363638,0.2648760330578513,2.01,1.0,2.0,1.0,1.9772727272727273,0.04442148760330577,2.0,0.0,4.0,4.0,2.977272727272728,1.0237603305785123,2.0,10.0,10.0,0.0,10.000000000000002,1.7763568394002505e-15,10.0,0.0,0.0,0.0,0.0,0.0,0.0,11.0,16.0,5.0,14.954545454545455,1.047520661157025,14.0,0.0,1.0,1.0,0.02272727272727273,0.04442148760330579,0.0,0.0,4.0,4.0,2.886363636363637,1.0175619834710747,2.0,0.0,0.0,0.0,0.0,0.0,0.0,0.0,0.0,0.0,0.0,0.0,0.0,1.0,4.0,3.0,2.9090909090909096,0.9958677685950414,2.0,16.33,34.7633333333,18.4333333333,24.907196969695455,2.119142561982026,23.005,0.0,0.799,0.799,0.5583636363636364,0.21876033057851246,0.383,0.0,0.0,0.0,0.0,0.0,0.0,14.0,225.0,211.0,124.4318181818182,100.39256198347108,14.0,1.9772727272727273,2.977272727272728,10.000000000000002,0.0,0.13221884498480244,0.19908814589665658,0.6686930091185411,0.0,8.557992961474945,0.46541592920353986,0.05,3.0,1.0,0.02272727272727273,0.02272727272727273,0.04545454545454546,301.0,,
d4cp01171f.pdf,10.1039/d4cp01171f,AgSbTe2,Ag0.927Sb1.07Te2.005,Ag0.927Sb1.07Te2.005,Ag,0.927,Ag,Sb (1.07) @ Sb,Ag (0.927) @ Ag site; Sb (1.07) @ Sb site,body text,,,0.2,W/m.K,False,47.0,52.0,5.0,50.574462768615696,1.655935525490626,52.0,65.0,90.0,25.0,82.87231384307846,8.279677627453141,90.0,107.8682,127.6,19.731799999999993,121.46802133933033,6.3003670072759705,127.6,722.66,1234.93,512.2700000000001,889.7446301849077,167.41863244414776,722.66,11.0,16.0,5.0,14.574462768615692,1.6559355254906278,16.0,5.0,5.0,0.0,5.0,0.0,5.0,138.0,145.0,7.0,139.8888055972014,2.367854678357979,138.0,1.93,2.1,0.17000000000000015,2.047253873063468,0.05432001015983769,2.1,1.0,2.0,1.0,1.7683658170914545,0.35595957643367215,2.0,0.0,4.0,4.0,2.806096951524238,1.2999759490569558,4.0,10.0,10.0,0.0,10.0,0.0,10.0,0.0,0.0,0.0,0.0,0.0,0.0,11.0,16.0,5.0,14.574462768615692,1.6559355254906278,16.0,0.0,1.0,1.0,0.23163418290854576,0.35595957643367226,0.0,0.0,3.0,3.0,1.804097951024488,0.8357815095450775,2.0,0.0,0.0,0.0,0.0,0.0,0.0,0.0,0.0,0.0,0.0,0.0,0.0,1.0,3.0,2.0,2.035732133933034,0.5156254955980283,2.0,16.33,34.7633333333,18.4333333333,29.637079793419915,6.164749109695282,34.7633333333,0.0,0.464,0.464,0.23246376811594205,0.23199907292730448,0.464,0.0,0.0,0.0,0.0,0.0,0.0,152.0,225.0,73.0,172.65242378810598,24.25097608616983,152.0,1.7683658170914545,2.806096951524238,10.0,0.0,0.12133317331596002,0.19253518953486382,0.6861316371491761,0.0,8.62829644673765,0.10854199714764695,0.927,2.0,1.0,0.23163418290854576,0.26736631684157924,0.500999500249875,300.0,0.0,0.0
el3c01653.pdf,10.1021/acsaelm.3c01653,AgSbTe2,Ag0.7Sb1.12Te2,Ag0.7Sb1.12Te2,Ag vacancy,0.3,Ag,Sb (0.12) @ Ag,Ag vacancy (0.3) @ Ag site; Sb (0.12) @ Ag site,body text,,,0.5,W/m.K,False,47.0,52.0,5.0,50.79057591623037,1.389216304377621,52.0,65.0,90.0,25.0,83.95287958115182,6.946081521888114,90.0,107.8682,127.6,19.731799999999993,122.27197382198952,5.57908500315232,127.6,722.66,1234.93,512.2700000000001,869.6347120418848,153.90022203338725,722.66,11.0,16.0,5.0,14.790575916230365,1.389216304377622,16.0,5.0,5.0,0.0,5.0,0.0,5.0,138.0,145.0,7.0,139.5759162303665,1.9878841040541624,138.0,1.93,2.1,0.17000000000000015,2.0541884816753924,0.04797017625613345,2.1,1.0,2.0,1.0,1.8167539267015707,0.2993338998382719,2.0,0.0,4.0,4.0,2.9738219895287954,1.0898824045393494,4.0,10.0,10.0,0.0,10.0,0.0,10.0,0.0,0.0,0.0,0.0,0.0,0.0,11.0,16.0,5.0,14.790575916230365,1.389216304377622,16.0,0.0,1.0,1.0,0.1832460732984293,0.2993338998382719,0.0,0.0,3.0,3.0,1.9267015706806283,0.7061209944902825,2.0,0.0,0.0,0.0,0.0,0.0,0.0,0.0,0.0,0.0,0.0,0.0,0.0,1.0,3.0,2.0,2.1099476439790577,0.5219155176667306,2.0,16.33,34.7633333333,18.4333333333,30.446300174502614,5.173513152959075,34.7633333333,0.0,0.464,0.464,0.24293193717277486,0.231484882541597,0.464,0.0,0.0,0.0,0.0,0.0,0.0,152.0,225.0,73.0,169.48167539267016,20.34702996080151,152.0,1.8167539267015707,2.9738219895287954,10.0,0.0,0.12283185840707966,0.20106194690265486,0.6761061946902656,0.0,8.393268458300069,0.10037974683544318,0.3,2.0,1.0,0.1832460732984293,0.29319371727748694,0.5235602094240838,773.0,,
el3c01653.pdf,10.1021/acsaelm.3c01653,AgSbTe2,Ag0.7Sb1.12Te1.95Se0.05,Ag0.7Sb1.12Te1.95Se0.05,Ag vacancy,0.3,Ag,Sb (0.12) @ Ag; Se (0.05) @ Te,Ag vacancy (0.3) @ Ag site; Sb (0.12) @ Ag site; Se (0.05) @ Te site,body text,,,0.64,W/m.K,False,34.0,52.0,18.0,50.554973821989535,1.7362462651791308,52.0,65.0,90.0,25.0,83.93979057591623,6.94128450426249,90.0,78.96,127.6,48.64,121.63532460732984,6.162698144239471,127.6,494.0,1234.93,740.9300000000001,866.641780104712,156.75212576409638,722.66,11.0,16.0,5.0,14.790575916230367,1.3892163043776213,16.0,4.0,5.0,1.0,4.986910994764398,0.02583536635508894,5.0,120.0,145.0,25.0,139.34031413612564,2.074230421315197,138.0,1.93,2.55,0.6199999999999999,2.0600785340314136,0.05358268687810105,2.1,1.0,2.0,1.0,1.8167539267015707,0.299333899838272,2.0,0.0,4.0,4.0,2.973821989528796,1.0898824045393494,4.0,10.0,10.0,0.0,10.000000000000002,1.7763568394002505e-15,10.0,0.0,0.0,0.0,0.0,0.0,0.0,11.0,16.0,5.0,14.790575916230367,1.3892163043776213,16.0,0.0,1.0,1.0,0.18324607329842932,0.29933389983827197,0.0,0.0,3.0,3.0,1.9267015706806283,0.7061209944902826,2.0,0.0,0.0,0.0,0.0,0.0,0.0,0.0,0.0,0.0,0.0,0.0,0.0,1.0,3.0,2.0,2.1099476439790577,0.5219155176667306,2.0,16.33,34.7633333333,18.4333333333,30.330549738202883,5.246550944320498,34.7633333333,0.0,0.799,0.799,0.2473167539267016,0.23566308489350624,0.464,0.0,0.0,0.0,0.0,0.0,0.0,14.0,225.0,211.0,167.67539267015707,21.009018393136152,152.0,1.8167539267015707,2.973821989528796,10.000000000000002,0.0,0.12283185840707964,0.20106194690265486,0.6761061946902656,0.0,8.902178210625811,0.11697556120756401,0.3,3.0,1.0,0.18324607329842932,0.29319371727748694,0.5104712041884817,773.0,,
el3c01653.pdf,10.1021/acsaelm.3c01653,AgSbTe2,AgSbTe2,AgSbTe2,,,,,,figure,Fig. 7b,Visually estimated from Fig. 7b,0.45,W/m.K,False,47.0,52.0,5.0,50.5,1.75,52.0,65.0,90.0,25.0,82.5,8.75,90.0,107.8682,127.6,19.731799999999993,121.20705,6.669425,127.6,722.66,1234.93,512.2700000000001,896.0074999999999,173.34750000000003,722.66,11.0,16.0,5.0,14.5,1.75,16.0,5.0,5.0,0.0,5.0,0.0,5.0,138.0,145.0,7.0,140.0,2.5,138.0,1.93,2.1,0.17000000000000015,2.045,0.05750000000000005,2.1,1.0,2.0,1.0,1.75,0.375,2.0,0.0,4.0,4.0,2.75,1.375,4.0,10.0,10.0,0.0,10.0,0.0,10.0,0.0,0.0,0.0,0.0,0.0,0.0,11.0,16.0,5.0,14.5,1.75,16.0,0.0,1.0,1.0,0.25,0.375,0.0,0.0,3.0,3.0,1.75,0.875,2.0,0.0,0.0,0.0,0.0,0.0,0.0,0.0,0.0,0.0,0.0,0.0,0.0,1.0,3.0,2.0,2.0,0.5,2.0,16.33,34.7633333333,18.4333333333,29.35416666665,6.512083333324999,34.7633333333,0.0,0.464,0.464,0.232,0.232,0.464,0.0,0.0,0.0,0.0,0.0,0.0,152.0,225.0,73.0,173.75,25.625,152.0,1.75,2.75,10.0,0.0,0.1206896551724138,0.1896551724137931,0.6896551724137931,0.0,8.644719482306641,0.11200000000000014,,0.0,0.0,0.25,0.25,0.5,300.0,,
el3c01653.pdf,10.1021/acsaelm.3c01653,AgSbTe2,AgSbTe2,AgSbTe2,,,,,,figure,Fig. 7b,Visually estimated from Fig. 7b,0.4,W/m.K,False,47.0,52.0,5.0,50.5,1.75,52.0,65.0,90.0,25.0,82.5,8.75,90.0,107.8682,127.6,19.731799999999993,121.20705,6.669425,127.6,722.66,1234.93,512.2700000000001,896.0074999999999,173.34750000000003,722.66,11.0,16.0,5.0,14.5,1.75,16.0,5.0,5.0,0.0,5.0,0.0,5.0,138.0,145.0,7.0,140.0,2.5,138.0,1.93,2.1,0.17000000000000015,2.045,0.05750000000000005,2.1,1.0,2.0,1.0,1.75,0.375,2.0,0.0,4.0,4.0,2.75,1.375,4.0,10.0,10.0,0.0,10.0,0.0,10.0,0.0,0.0,0.0,0.0,0.0,0.0,11.0,16.0,5.0,14.5,1.75,16.0,0.0,1.0,1.0,0.25,0.375,0.0,0.0,3.0,3.0,1.75,0.875,2.0,0.0,0.0,0.0,0.0,0.0,0.0,0.0,0.0,0.0,0.0,0.0,0.0,1.0,3.0,2.0,2.0,0.5,2.0,16.33,34.7633333333,18.4333333333,29.35416666665,6.512083333324999,34.7633333333,0.0,0.464,0.464,0.232,0.232,0.464,0.0,0.0,0.0,0.0,0.0,0.0,152.0,225.0,73.0,173.75,25.625,152.0,1.75,2.75,10.0,0.0,0.1206896551724138,0.1896551724137931,0.6896551724137931,0.0,8.644719482306641,0.11200000000000014,,0.0,0.0,0.25,0.25,0.5,500.0,,
el3c01653.pdf,10.1021/acsaelm.3c01653,AgSbTe2,AgSbTe2,AgSbTe2,,,,,,figure,Fig. 7b,Visually estimated from Fig. 7b,0.45,W/m.K,False,47.0,52.0,5.0,50.5,1.75,52.0,65.0,90.0,25.0,82.5,8.75,90.0,107.8682,127.6,19.731799999999993,121.20705,6.669425,127.6,722.66,1234.93,512.2700000000001,896.0074999999999,173.34750000000003,722.66,11.0,16.0,5.0,14.5,1.75,16.0,5.0,5.0,0.0,5.0,0.0,5.0,138.0,145.0,7.0,140.0,2.5,138.0,1.93,2.1,0.17000000000000015,2.045,0.05750000000000005,2.1,1.0,2.0,1.0,1.75,0.375,2.0,0.0,4.0,4.0,2.75,1.375,4.0,10.0,10.0,0.0,10.0,0.0,10.0,0.0,0.0,0.0,0.0,0.0,0.0,11.0,16.0,5.0,14.5,1.75,16.0,0.0,1.0,1.0,0.25,0.375,0.0,0.0,3.0,3.0,1.75,0.875,2.0,0.0,0.0,0.0,0.0,0.0,0.0,0.0,0.0,0.0,0.0,0.0,0.0,1.0,3.0,2.0,2.0,0.5,2.0,16.33,34.7633333333,18.4333333333,29.35416666665,6.512083333324999,34.7633333333,0.0,0.464,0.464,0.232,0.232,0.464,0.0,0.0,0.0,0.0,0.0,0.0,152.0,225.0,73.0,173.75,25.625,152.0,1.75,2.75,10.0,0.0,0.1206896551724138,0.1896551724137931,0.6896551724137931,0.0,8.644719482306641,0.11200000000000014,,0.0,0.0,0.25,0.25,0.5,773.0,,
el3c01653.pdf,10.1021/acsaelm.3c01653,AgSbTe2,Ag0.7Sb1.12Te2,Ag0.7Sb1.12Te2,Ag,0.7,Ag,,Ag (0.7) @ Ag site,figure,Fig. 7b,Visually estimated from Fig. 7b,0.8,W/m.K,False,47.0,52.0,5.0,50.79057591623037,1.389216304377621,52.0,65.0,90.0,25.0,83.95287958115182,6.946081521888114,90.0,107.8682,127.6,19.731799999999993,122.27197382198952,5.57908500315232,127.6,722.66,1234.93,512.2700000000001,869.6347120418848,153.90022203338725,722.66,11.0,16.0,5.0,14.790575916230365,1.389216304377622,16.0,5.0,5.0,0.0,5.0,0.0,5.0,138.0,145.0,7.0,139.5759162303665,1.9878841040541624,138.0,1.93,2.1,0.17000000000000015,2.0541884816753924,0.04797017625613345,2.1,1.0,2.0,1.0,1.8167539267015707,0.2993338998382719,2.0,0.0,4.0,4.0,2.9738219895287954,1.0898824045393494,4.0,10.0,10.0,0.0,10.0,0.0,10.0,0.0,0.0,0.0,0.0,0.0,0.0,11.0,16.0,5.0,14.790575916230365,1.389216304377622,16.0,0.0,1.0,1.0,0.1832460732984293,0.2993338998382719,0.0,0.0,3.0,3.0,1.9267015706806283,0.7061209944902825,2.0,0.0,0.0,0.0,0.0,0.0,0.0,0.0,0.0,0.0,0.0,0.0,0.0,1.0,3.0,2.0,2.1099476439790577,0.5219155176667306,2.0,16.33,34.7633333333,18.4333333333,30.446300174502614,5.173513152959075,34.7633333333,0.0,0.464,0.464,0.24293193717277486,0.231484882541597,0.464,0.0,0.0,0.0,0.0,0.0,0.0,152.0,225.0,73.0,169.48167539267016,20.34702996080151,152.0,1.8167539267015707,2.9738219895287954,10.0,0.0,0.12283185840707966,0.20106194690265486,0.6761061946902656,0.0,8.393268458300069,0.10037974683544318,0.7,1.0,0.0,0.1832460732984293,0.29319371727748694,0.5235602094240838,300.0,0.0,0.0
el3c01653.pdf,10.1021/acsaelm.3c01653,AgSbTe2,Ag0.7Sb1.12Te2,Ag0.7Sb1.12Te2,Ag,0.7,Ag,,Ag (0.7) @ Ag site,figure,Fig. 7b,Visually estimated from Fig. 7b,0.55,W/m.K,False,47.0,52.0,5.0,50.79057591623037,1.389216304377621,52.0,65.0,90.0,25.0,83.95287958115182,6.946081521888114,90.0,107.8682,127.6,19.731799999999993,122.27197382198952,5.57908500315232,127.6,722.66,1234.93,512.2700000000001,869.6347120418848,153.90022203338725,722.66,11.0,16.0,5.0,14.790575916230365,1.389216304377622,16.0,5.0,5.0,0.0,5.0,0.0,5.0,138.0,145.0,7.0,139.5759162303665,1.9878841040541624,138.0,1.93,2.1,0.17000000000000015,2.0541884816753924,0.04797017625613345,2.1,1.0,2.0,1.0,1.8167539267015707,0.2993338998382719,2.0,0.0,4.0,4.0,2.9738219895287954,1.0898824045393494,4.0,10.0,10.0,0.0,10.0,0.0,10.0,0.0,0.0,0.0,0.0,0.0,0.0,11.0,16.0,5.0,14.790575916230365,1.389216304377622,16.0,0.0,1.0,1.0,0.1832460732984293,0.2993338998382719,0.0,0.0,3.0,3.0,1.9267015706806283,0.7061209944902825,2.0,0.0,0.0,0.0,0.0,0.0,0.0,0.0,0.0,0.0,0.0,0.0,0.0,1.0,3.0,2.0,2.1099476439790577,0.5219155176667306,2.0,16.33,34.7633333333,18.4333333333,30.446300174502614,5.173513152959075,34.7633333333,0.0,0.464,0.464,0.24293193717277486,0.231484882541597,0.464,0.0,0.0,0.0,0.0,0.0,0.0,152.0,225.0,73.0,169.48167539267016,20.34702996080151,152.0,1.8167539267015707,2.9738219895287954,10.0,0.0,0.12283185840707966,0.20106194690265486,0.6761061946902656,0.0,8.393268458300069,0.10037974683544318,0.7,1.0,0.0,0.1832460732984293,0.29319371727748694,0.5235602094240838,500.0,0.0,0.0
el3c01653.pdf,10.1021/acsaelm.3c01653,AgSbTe2,Ag0.7Sb1.12Te1.95Se0.05,Ag0.7Sb1.12Te1.95Se0.05,Ag,0.7,Ag,Se (0.05) @ Te,Ag (0.7) @ Ag site; Se (0.05) @ Te site,figure,Fig. 7b,Visually estimated from Fig. 7b,0.95,W/m.K,False,34.0,52.0,18.0,50.554973821989535,1.7362462651791308,52.0,65.0,90.0,25.0,83.93979057591623,6.94128450426249,90.0,78.96,127.6,48.64,121.63532460732984,6.162698144239471,127.6,494.0,1234.93,740.9300000000001,866.641780104712,156.75212576409638,722.66,11.0,16.0,5.0,14.790575916230367,1.3892163043776213,16.0,4.0,5.0,1.0,4.986910994764398,0.02583536635508894,5.0,120.0,145.0,25.0,139.34031413612564,2.074230421315197,138.0,1.93,2.55,0.6199999999999999,2.0600785340314136,0.05358268687810105,2.1,1.0,2.0,1.0,1.8167539267015707,0.299333899838272,2.0,0.0,4.0,4.0,2.973821989528796,1.0898824045393494,4.0,10.0,10.0,0.0,10.000000000000002,1.7763568394002505e-15,10.0,0.0,0.0,0.0,0.0,0.0,0.0,11.0,16.0,5.0,14.790575916230367,1.3892163043776213,16.0,0.0,1.0,1.0,0.18324607329842932,0.29933389983827197,0.0,0.0,3.0,3.0,1.9267015706806283,0.7061209944902826,2.0,0.0,0.0,0.0,0.0,0.0,0.0,0.0,0.0,0.0,0.0,0.0,0.0,1.0,3.0,2.0,2.1099476439790577,0.5219155176667306,2.0,16.33,34.7633333333,18.4333333333,30.330549738202883,5.246550944320498,34.7633333333,0.0,0.799,0.799,0.2473167539267016,0.23566308489350624,0.464,0.0,0.0,0.0,0.0,0.0,0.0,14.0,225.0,211.0,167.67539267015707,21.009018393136152,152.0,1.8167539267015707,2.973821989528796,10.000000000000002,0.0,0.12283185840707964,0.20106194690265486,0.6761061946902656,0.0,8.902178210625811,0.11697556120756401,0.7,2.0,1.0,0.18324607329842932,0.29319371727748694,0.5104712041884817,300.0,0.0,0.0
el3c01653.pdf,10.1021/acsaelm.3c01653,AgSbTe2,Ag0.7Sb1.12Te1.95Se0.05,Ag0.7Sb1.12Te1.95Se0.05,Ag,0.7,Ag,Se (0.05) @ Te,Ag (0.7) @ Ag site; Se (0.05) @ Te site,figure,Fig. 7b,Visually estimated from Fig. 7b,0.8,W/m.K,False,34.0,52.0,18.0,50.554973821989535,1.7362462651791308,52.0,65.0,90.0,25.0,83.93979057591623,6.94128450426249,90.0,78.96,127.6,48.64,121.63532460732984,6.162698144239471,127.6,494.0,1234.93,740.9300000000001,866.641780104712,156.75212576409638,722.66,11.0,16.0,5.0,14.790575916230367,1.3892163043776213,16.0,4.0,5.0,1.0,4.986910994764398,0.02583536635508894,5.0,120.0,145.0,25.0,139.34031413612564,2.074230421315197,138.0,1.93,2.55,0.6199999999999999,2.0600785340314136,0.05358268687810105,2.1,1.0,2.0,1.0,1.8167539267015707,0.299333899838272,2.0,0.0,4.0,4.0,2.973821989528796,1.0898824045393494,4.0,10.0,10.0,0.0,10.000000000000002,1.7763568394002505e-15,10.0,0.0,0.0,0.0,0.0,0.0,0.0,11.0,16.0,5.0,14.790575916230367,1.3892163043776213,16.0,0.0,1.0,1.0,0.18324607329842932,0.29933389983827197,0.0,0.0,3.0,3.0,1.9267015706806283,0.7061209944902826,2.0,0.0,0.0,0.0,0.0,0.0,0.0,0.0,0.0,0.0,0.0,0.0,0.0,1.0,3.0,2.0,2.1099476439790577,0.5219155176667306,2.0,16.33,34.7633333333,18.4333333333,30.330549738202883,5.246550944320498,34.7633333333,0.0,0.799,0.799,0.2473167539267016,0.23566308489350624,0.464,0.0,0.0,0.0,0.0,0.0,0.0,14.0,225.0,211.0,167.67539267015707,21.009018393136152,152.0,1.8167539267015707,2.973821989528796,10.000000000000002,0.0,0.12283185840707964,0.20106194690265486,0.6761061946902656,0.0,8.902178210625811,0.11697556120756401,0.7,2.0,1.0,0.18324607329842932,0.29319371727748694,0.5104712041884817,500.0,0.0,0.0
el3c01653.pdf,10.1021/acsaelm.3c01653,AgSbTe2,Ag0.7Sb1.12Te1.95Se0.05,Ag0.7Sb1.12Te1.95Se0.05,Ag,0.7,Ag,Se (0.05) @ Te,Ag (0.7) @ Ag site; Se (0.05) @ Te site,figure,Fig. 7b,Visually estimated from Fig. 7b,0.65,W/m.K,False,34.0,52.0,18.0,50.554973821989535,1.7362462651791308,52.0,65.0,90.0,25.0,83.93979057591623,6.94128450426249,90.0,78.96,127.6,48.64,121.63532460732984,6.162698144239471,127.6,494.0,1234.93,740.9300000000001,866.641780104712,156.75212576409638,722.66,11.0,16.0,5.0,14.790575916230367,1.3892163043776213,16.0,4.0,5.0,1.0,4.986910994764398,0.02583536635508894,5.0,120.0,145.0,25.0,139.34031413612564,2.074230421315197,138.0,1.93,2.55,0.6199999999999999,2.0600785340314136,0.05358268687810105,2.1,1.0,2.0,1.0,1.8167539267015707,0.299333899838272,2.0,0.0,4.0,4.0,2.973821989528796,1.0898824045393494,4.0,10.0,10.0,0.0,10.000000000000002,1.7763568394002505e-15,10.0,0.0,0.0,0.0,0.0,0.0,0.0,11.0,16.0,5.0,14.790575916230367,1.3892163043776213,16.0,0.0,1.0,1.0,0.18324607329842932,0.29933389983827197,0.0,0.0,3.0,3.0,1.9267015706806283,0.7061209944902826,2.0,0.0,0.0,0.0,0.0,0.0,0.0,0.0,0.0,0.0,0.0,0.0,0.0,1.0,3.0,2.0,2.1099476439790577,0.5219155176667306,2.0,16.33,34.7633333333,18.4333333333,30.330549738202883,5.246550944320498,34.7633333333,0.0,0.799,0.799,0.2473167539267016,0.23566308489350624,0.464,0.0,0.0,0.0,0.0,0.0,0.0,14.0,225.0,211.0,167.67539267015707,21.009018393136152,152.0,1.8167539267015707,2.973821989528796,10.000000000000002,0.0,0.12283185840707964,0.20106194690265486,0.6761061946902656,0.0,8.902178210625811,0.11697556120756401,0.7,2.0,1.0,0.18324607329842932,0.29319371727748694,0.5104712041884817,773.0,0.0,0.0
ja1c07522.pdf,10.1021/jacs.1c07522,AgSbTe2,ATMS,AgMnSbTe3,Mn,equimolar ratio,multiple sites,,Mn (equimolar ratio) @ multiple sites site,text,"Results and Discussion, Section 3",,0.7,W/m.K,False,25.0,52.0,27.0,46.5,7.166666666666667,52.0,52.0,90.0,38.0,78.66666666666667,13.444444444444443,90.0,54.938045,127.6,72.66195499999999,111.2277075,19.883056666666665,127.6,722.66,1519.0,796.34,970.9483333333334,270.67777777777786,722.66,7.0,16.0,9.0,13.5,3.0,16.0,4.0,5.0,1.0,4.833333333333333,0.27777777777777796,5.0,138.0,145.0,7.0,139.5,1.8333333333333333,138.0,1.55,2.1,0.55,1.9716666666666667,0.15444444444444447,2.1,1.0,2.0,1.0,1.8333333333333333,0.27777777777777785,2.0,0.0,4.0,4.0,2.5,1.6666666666666667,4.0,5.0,10.0,5.0,9.166666666666666,1.3888888888888893,10.0,0.0,0.0,0.0,0.0,0.0,0.0,7.0,16.0,9.0,13.5,3.0,16.0,0.0,1.0,1.0,0.16666666666666666,0.2777777777777778,0.0,0.0,3.0,3.0,1.5,1.0,2.0,0.0,5.0,5.0,0.8333333333333334,1.3888888888888886,0.0,0.0,0.0,0.0,0.0,0.0,0.0,1.0,5.0,4.0,2.5,1.0,2.0,10.4875862069,34.7633333333,24.2757471264,27.111264367799993,9.134980842900001,34.7633333333,0.0,0.464,0.464,0.232,0.232,0.464,0.0,0.000310120689655,0.000310120689655,5.1686781609166664e-05,8.614463601527778e-05,0.0,152.0,225.0,73.0,177.33333333333334,29.111111111111114,152.0,1.8333333333333333,2.5,9.166666666666666,0.0,0.13580246913580246,0.18518518518518517,0.6790123456790123,0.0,10.330331724440974,0.2758333333333335,,1.0,0.0,0.16666666666666666,0.16666666666666666,0.5,300.0,,
ja1c07522.pdf,10.1021/jacs.1c07522,AgSbTe2,ATMS,AgMnSbTe3,Mn,equimolar ratio,multiple sites,,Mn (equimolar ratio) @ multiple sites site,text,"Results and Discussion, Section 3",,0.57,W/m.K,False,25.0,52.0,27.0,46.5,7.166666666666667,52.0,52.0,90.0,38.0,78.66666666666667,13.444444444444443,90.0,54.938045,127.6,72.66195499999999,111.2277075,19.883056666666665,127.6,722.66,1519.0,796.34,970.9483333333334,270.67777777777786,722.66,7.0,16.0,9.0,13.5,3.0,16.0,4.0,5.0,1.0,4.833333333333333,0.27777777777777796,5.0,138.0,145.0,7.0,139.5,1.8333333333333333,138.0,1.55,2.1,0.55,1.9716666666666667,0.15444444444444447,2.1,1.0,2.0,1.0,1.8333333333333333,0.27777777777777785,2.0,0.0,4.0,4.0,2.5,1.6666666666666667,4.0,5.0,10.0,5.0,9.166666666666666,1.3888888888888893,10.0,0.0,0.0,0.0,0.0,0.0,0.0,7.0,16.0,9.0,13.5,3.0,16.0,0.0,1.0,1.0,0.16666666666666666,0.2777777777777778,0.0,0.0,3.0,3.0,1.5,1.0,2.0,0.0,5.0,5.0,0.8333333333333334,1.3888888888888886,0.0,0.0,0.0,0.0,0.0,0.0,0.0,1.0,5.0,4.0,2.5,1.0,2.0,10.4875862069,34.7633333333,24.2757471264,27.111264367799993,9.134980842900001,34.7633333333,0.0,0.464,0.464,0.232,0.232,0.464,0.0,0.000310120689655,0.000310120689655,5.1686781609166664e-05,8.614463601527778e-05,0.0,152.0,225.0,73.0,177.33333333333334,29.111111111111114,152.0,1.8333333333333333,2.5,9.166666666666666,0.0,0.13580246913580246,0.18518518518518517,0.6790123456790123,0.0,10.330331724440974,0.2758333333333335,,1.0,0.0,0.16666666666666666,0.16666666666666666,0.5,623.0,,
ja1c07522.pdf,10.1021/jacs.1c07522,AgSbTe2,AgMnSbTe3 (m=1),AgMnSbTe3,Mn,equimolar ratio,multiple sites,,Mn (equimolar ratio) @ multiple sites site,figure,Figure 4D,Visually estimated from Figure 4D,0.7,W/m.K,False,25.0,52.0,27.0,46.5,7.166666666666667,52.0,52.0,90.0,38.0,78.66666666666667,13.444444444444443,90.0,54.938045,127.6,72.66195499999999,111.2277075,19.883056666666665,127.6,722.66,1519.0,796.34,970.9483333333334,270.67777777777786,722.66,7.0,16.0,9.0,13.5,3.0,16.0,4.0,5.0,1.0,4.833333333333333,0.27777777777777796,5.0,138.0,145.0,7.0,139.5,1.8333333333333333,138.0,1.55,2.1,0.55,1.9716666666666667,0.15444444444444447,2.1,1.0,2.0,1.0,1.8333333333333333,0.27777777777777785,2.0,0.0,4.0,4.0,2.5,1.6666666666666667,4.0,5.0,10.0,5.0,9.166666666666666,1.3888888888888893,10.0,0.0,0.0,0.0,0.0,0.0,0.0,7.0,16.0,9.0,13.5,3.0,16.0,0.0,1.0,1.0,0.16666666666666666,0.2777777777777778,0.0,0.0,3.0,3.0,1.5,1.0,2.0,0.0,5.0,5.0,0.8333333333333334,1.3888888888888886,0.0,0.0,0.0,0.0,0.0,0.0,0.0,1.0,5.0,4.0,2.5,1.0,2.0,10.4875862069,34.7633333333,24.2757471264,27.111264367799993,9.134980842900001,34.7633333333,0.0,0.464,0.464,0.232,0.232,0.464,0.0,0.000310120689655,0.000310120689655,5.1686781609166664e-05,8.614463601527778e-05,0.0,152.0,225.0,73.0,177.33333333333334,29.111111111111114,152.0,1.8333333333333333,2.5,9.166666666666666,0.0,0.13580246913580246,0.18518518518518517,0.6790123456790123,0.0,10.330331724440974,0.2758333333333335,,1.0,0.0,0.16666666666666666,0.16666666666666666,0.5,823.0,,
ja1c07522.pdf,10.1021/jacs.1c07522,AgSbTe2,AgMnSbTe2 (m=1),AgMnSbTe2,Mn,equimolar,multiple sites,,Mn (equimolar) @ multiple sites site,body text,,,0.7,W/m.K,False,25.0,52.0,27.0,45.4,8.16,52.0,52.0,90.0,38.0,76.4,14.319999999999999,90.0,54.938045,127.6,72.66195499999999,107.953249,21.240101199999998,127.6,722.66,1519.0,796.34,1020.606,285.08720000000005,722.66,7.0,16.0,9.0,13.0,3.2,16.0,4.0,5.0,1.0,4.8,0.3200000000000001,5.0,138.0,145.0,7.0,139.8,2.0800000000000067,138.0,1.55,2.1,0.55,1.9460000000000002,0.16479999999999997,2.1,1.0,2.0,1.0,1.8,0.31999999999999995,2.0,0.0,4.0,4.0,2.2,1.7600000000000002,4.0,5.0,10.0,5.0,9.0,1.6,10.0,0.0,0.0,0.0,0.0,0.0,0.0,7.0,16.0,9.0,13.0,3.2,16.0,0.0,1.0,1.0,0.2,0.32,0.0,0.0,3.0,3.0,1.4,1.12,2.0,0.0,5.0,5.0,1.0,1.6,0.0,0.0,0.0,0.0,0.0,0.0,0.0,1.0,5.0,4.0,2.6,1.12,2.0,10.4875862069,34.7633333333,24.2757471264,25.580850574699998,9.737645977,34.7633333333,0.0,0.464,0.464,0.18560000000000001,0.22271999999999997,0.464,0.0,0.000310120689655,0.000310120689655,6.2024137931e-05,9.923862068959999e-05,0.0,152.0,225.0,73.0,182.4,30.880000000000003,152.0,1.8,2.2,9.0,0.0,0.13846153846153847,0.16923076923076924,0.6923076923076923,0.0,11.076352830310181,0.28222222222222226,,1.0,0.0,0.2,0.2,0.4,300.0,,
ja1c07522.pdf,10.1021/jacs.1c07522,AgSbTe2,AgMnSbTe2 (m=1),AgMnSbTe2,Mn,equimolar,multiple sites,,Mn (equimolar) @ multiple sites site,body text,,,0.57,W/m.K,False,25.0,52.0,27.0,45.4,8.16,52.0,52.0,90.0,38.0,76.4,14.319999999999999,90.0,54.938045,127.6,72.66195499999999,107.953249,21.240101199999998,127.6,722.66,1519.0,796.34,1020.606,285.08720000000005,722.66,7.0,16.0,9.0,13.0,3.2,16.0,4.0,5.0,1.0,4.8,0.3200000000000001,5.0,138.0,145.0,7.0,139.8,2.0800000000000067,138.0,1.55,2.1,0.55,1.9460000000000002,0.16479999999999997,2.1,1.0,2.0,1.0,1.8,0.31999999999999995,2.0,0.0,4.0,4.0,2.2,1.7600000000000002,4.0,5.0,10.0,5.0,9.0,1.6,10.0,0.0,0.0,0.0,0.0,0.0,0.0,7.0,16.0,9.0,13.0,3.2,16.0,0.0,1.0,1.0,0.2,0.32,0.0,0.0,3.0,3.0,1.4,1.12,2.0,0.0,5.0,5.0,1.0,1.6,0.0,0.0,0.0,0.0,0.0,0.0,0.0,1.0,5.0,4.0,2.6,1.12,2.0,10.4875862069,34.7633333333,24.2757471264,25.580850574699998,9.737645977,34.7633333333,0.0,0.464,0.464,0.18560000000000001,0.22271999999999997,0.464,0.0,0.000310120689655,0.000310120689655,6.2024137931e-05,9.923862068959999e-05,0.0,152.0,225.0,73.0,182.4,30.880000000000003,152.0,1.8,2.2,9.0,0.0,0.13846153846153847,0.16923076923076924,0.6923076923076923,0.0,11.076352830310181,0.28222222222222226,,1.0,0.0,0.2,0.2,0.4,623.0,,
ja1c08931.pdf,10.1021/jacs.1c08931,(SnSe)0.5(AgSbTe2)0.5,pristine (SnSe)0.5(AgSbSe2)0.5,(SnSe)0.5(AgSbSe2)0.5,,,,,,body text,,,0.52,W/m.K,False,34.0,51.0,17.0,41.666666666666664,7.666666666666667,34.0,65.0,89.0,24.0,82.83333333333333,6.88888888888889,89.0,78.96,121.76,42.80000000000001,97.53636666666667,18.57636666666667,78.96,494.0,1234.93,740.9300000000001,687.6316666666667,254.48222222222225,494.0,11.0,16.0,5.0,14.666666666666666,1.4444444444444446,16.0,4.0,5.0,1.0,4.5,0.5,4.0,120.0,145.0,25.0,130.5,10.5,120.0,1.93,2.55,0.6199999999999999,2.265,0.285,2.55,1.0,2.0,1.0,1.8333333333333333,0.27777777777777785,2.0,0.0,4.0,4.0,2.8333333333333335,1.222222222222222,4.0,10.0,10.0,0.0,10.0,0.0,10.0,0.0,0.0,0.0,0.0,0.0,0.0,11.0,16.0,5.0,14.666666666666666,1.4444444444444446,16.0,0.0,1.0,1.0,0.16666666666666666,0.2777777777777778,0.0,0.0,4.0,4.0,2.1666666666666665,0.888888888888889,2.0,0.0,0.0,0.0,0.0,0.0,0.0,0.0,0.0,0.0,0.0,0.0,0.0,1.0,4.0,3.0,2.3333333333333335,0.7777777777777777,2.0,16.33,33.285,16.955,26.489166666666666,3.955555555555554,25.92,0.0,0.799,0.799,0.3995,0.3995,0.799,0.0,0.0,0.0,0.0,0.0,0.0,14.0,225.0,211.0,95.66666666666667,81.66666666666666,14.0,1.8333333333333333,2.8333333333333335,10.0,0.0,0.125,0.1931818181818182,0.6818181818181819,0.0,10.330331724440972,0.44749999999999984,,0.0,0.0,0.16666666666666666,0.16666666666666666,0.0,295.0,,
ja1c08931.pdf,10.1021/jacs.1c08931,(SnSe)0.5(AgSbTe2)0.5,pristine (SnSe)0.5(AgSbSe2)0.5,(SnSe)0.5(AgSbSe2)0.5,,,,,,body text,,,0.45,W/m.K,False,34.0,51.0,17.0,41.666666666666664,7.666666666666667,34.0,65.0,89.0,24.0,82.83333333333333,6.88888888888889,89.0,78.96,121.76,42.80000000000001,97.53636666666667,18.57636666666667,78.96,494.0,1234.93,740.9300000000001,687.6316666666667,254.48222222222225,494.0,11.0,16.0,5.0,14.666666666666666,1.4444444444444446,16.0,4.0,5.0,1.0,4.5,0.5,4.0,120.0,145.0,25.0,130.5,10.5,120.0,1.93,2.55,0.6199999999999999,2.265,0.285,2.55,1.0,2.0,1.0,1.8333333333333333,0.27777777777777785,2.0,0.0,4.0,4.0,2.8333333333333335,1.222222222222222,4.0,10.0,10.0,0.0,10.0,0.0,10.0,0.0,0.0,0.0,0.0,0.0,0.0,11.0,16.0,5.0,14.666666666666666,1.4444444444444446,16.0,0.0,1.0,1.0,0.16666666666666666,0.2777777777777778,0.0,0.0,4.0,4.0,2.1666666666666665,0.888888888888889,2.0,0.0,0.0,0.0,0.0,0.0,0.0,0.0,0.0,0.0,0.0,0.0,0.0,1.0,4.0,3.0,2.3333333333333335,0.7777777777777777,2.0,16.33,33.285,16.955,26.489166666666666,3.955555555555554,25.92,0.0,0.799,0.799,0.3995,0.3995,0.799,0.0,0.0,0.0,0.0,0.0,0.0,14.0,225.0,211.0,95.66666666666667,81.66666666666666,14.0,1.8333333333333333,2.8333333333333335,10.0,0.0,0.125,0.1931818181818182,0.6818181818181819,0.0,10.330331724440972,0.44749999999999984,,0.0,0.0,0.16666666666666666,0.16666666666666666,0.0,579.0,,
ja1c08931.pdf,10.1021/jacs.1c08931,(SnSe)0.5(AgSbTe2)0.5,(SnSe)0.5(AgSb1-xGexSe2)0.5 (x = 0.10),(SnSe)0.5(AgSb0.9Ge0.1Se2)0.5,Ge,x = 0.10,Sb,,Ge (x = 0.10) @ Sb site,body text,,,0.8,W/m.K,False,32.0,51.0,19.0,41.35,7.661666666666666,34.0,65.0,89.0,24.0,82.73333333333333,6.946666666666666,89.0,72.64,121.76,49.120000000000005,96.7177,18.560290000000006,78.96,494.0,1234.93,740.9300000000001,692.7586666666667,261.31822222222223,494.0,11.0,16.0,5.0,14.65,1.4549999999999998,16.0,4.0,5.0,1.0,4.483333333333333,0.4994444444444444,4.0,120.0,145.0,25.0,130.18333333333334,10.522777777777778,120.0,1.93,2.55,0.6199999999999999,2.2643333333333335,0.2856666666666666,2.55,1.0,2.0,1.0,1.8333333333333333,0.27777777777777785,2.0,0.0,4.0,4.0,2.8166666666666664,1.2383333333333335,4.0,10.0,10.0,0.0,10.0,0.0,10.0,0.0,0.0,0.0,0.0,0.0,0.0,11.0,16.0,5.0,14.65,1.4549999999999998,16.0,0.0,1.0,1.0,0.16666666666666666,0.27777777777777773,0.0,0.0,4.0,4.0,2.183333333333333,0.911111111111111,2.0,0.0,0.0,0.0,0.0,0.0,0.0,0.0,0.0,0.0,0.0,0.0,0.0,1.0,4.0,3.0,2.35,0.8000000000000002,2.0,16.33,33.285,16.955,26.34658333333333,3.8768305555555536,25.92,0.0,0.799,0.799,0.4058833333333334,0.3931166666666667,0.799,0.0,0.0,0.0,0.0,0.0,0.0,14.0,225.0,211.0,96.64999999999999,82.65,14.0,1.8333333333333333,2.8166666666666664,10.0,0.0,0.12514220705346984,0.19226393629124003,0.68259385665529,0.0,10.780813429442887,0.4447973531844498,0.1,1.0,0.0,0.16666666666666666,0.15,0.0,300.0,1.0,0.030000000000000027
ja1c08931.pdf,10.1021/jacs.1c08931,(SnSe)0.5(AgSbTe2)0.5,(SnSe)0.5(AgSbSe2)0.5,(SnSe)0.5(AgSbSe2)0.5,,,,,,figure,Figure 1c,Visually estimated from Figure 1c,0.52,W/m.K,False,34.0,51.0,17.0,41.666666666666664,7.666666666666667,34.0,65.0,89.0,24.0,82.83333333333333,6.88888888888889,89.0,78.96,121.76,42.80000000000001,97.53636666666667,18.57636666666667,78.96,494.0,1234.93,740.9300000000001,687.6316666666667,254.48222222222225,494.0,11.0,16.0,5.0,14.666666666666666,1.4444444444444446,16.0,4.0,5.0,1.0,4.5,0.5,4.0,120.0,145.0,25.0,130.5,10.5,120.0,1.93,2.55,0.6199999999999999,2.265,0.285,2.55,1.0,2.0,1.0,1.8333333333333333,0.27777777777777785,2.0,0.0,4.0,4.0,2.8333333333333335,1.222222222222222,4.0,10.0,10.0,0.0,10.0,0.0,10.0,0.0,0.0,0.0,0.0,0.0,0.0,11.0,16.0,5.0,14.666666666666666,1.4444444444444446,16.0,0.0,1.0,1.0,0.16666666666666666,0.2777777777777778,0.0,0.0,4.0,4.0,2.1666666666666665,0.888888888888889,2.0,0.0,0.0,0.0,0.0,0.0,0.0,0.0,0.0,0.0,0.0,0.0,0.0,1.0,4.0,3.0,2.3333333333333335,0.7777777777777777,2.0,16.33,33.285,16.955,26.489166666666666,3.955555555555554,25.92,0.0,0.799,0.799,0.3995,0.3995,0.799,0.0,0.0,0.0,0.0,0.0,0.0,14.0,225.0,211.0,95.66666666666667,81.66666666666666,14.0,1.8333333333333333,2.8333333333333335,10.0,0.0,0.125,0.1931818181818182,0.6818181818181819,0.0,10.330331724440972,0.44749999999999984,,0.0,0.0,0.16666666666666666,0.16666666666666666,0.0,295.0,,
ja1c08931.pdf,10.1021/jacs.1c08931,(SnSe)0.5(AgSbTe2)0.5,(SnSe)0.5(AgSbSe2)0.5,(SnSe)0.5(AgSbSe2)0.5,,,,,,figure,Figure 1c,Visually estimated from Figure 1c,0.45,W/m.K,False,34.0,51.0,17.0,41.666666666666664,7.666666666666667,34.0,65.0,89.0,24.0,82.83333333333333,6.88888888888889,89.0,78.96,121.76,42.80000000000001,97.53636666666667,18.57636666666667,78.96,494.0,1234.93,740.9300000000001,687.6316666666667,254.48222222222225,494.0,11.0,16.0,5.0,14.666666666666666,1.4444444444444446,16.0,4.0,5.0,1.0,4.5,0.5,4.0,120.0,145.0,25.0,130.5,10.5,120.0,1.93,2.55,0.6199999999999999,2.265,0.285,2.55,1.0,2.0,1.0,1.8333333333333333,0.27777777777777785,2.0,0.0,4.0,4.0,2.8333333333333335,1.222222222222222,4.0,10.0,10.0,0.0,10.0,0.0,10.0,0.0,0.0,0.0,0.0,0.0,0.0,11.0,16.0,5.0,14.666666666666666,1.4444444444444446,16.0,0.0,1.0,1.0,0.16666666666666666,0.2777777777777778,0.0,0.0,4.0,4.0,2.1666666666666665,0.888888888888889,2.0,0.0,0.0,0.0,0.0,0.0,0.0,0.0,0.0,0.0,0.0,0.0,0.0,1.0,4.0,3.0,2.3333333333333335,0.7777777777777777,2.0,16.33,33.285,16.955,26.489166666666666,3.955555555555554,25.92,0.0,0.799,0.799,0.3995,0.3995,0.799,0.0,0.0,0.0,0.0,0.0,0.0,14.0,225.0,211.0,95.66666666666667,81.66666666666666,14.0,1.8333333333333333,2.8333333333333335,10.0,0.0,0.125,0.1931818181818182,0.6818181818181819,0.0,10.330331724440972,0.44749999999999984,,0.0,0.0,0.16666666666666666,0.16666666666666666,0.0,579.0,,
jp4c04467.pdf,10.1021/acs.jpcc.4c04467,AgSbTe2,AgSbTe1.92S0.08,AgSbTe1.92S0.08,S,x = 0.08,Te,,S (x = 0.08) @ Te site,body text,,,0.45,W/m.K,False,16.0,52.0,36.0,49.78,2.7411999999999996,52.0,65.0,90.0,25.0,82.46,8.730000000000002,90.0,32.065,127.6,95.535,119.29634999999999,9.203329000000002,127.6,388.36,1234.93,846.57,889.3215,180.0335,722.66,11.0,16.0,5.0,14.5,1.75,16.0,3.0,5.0,2.0,4.96,0.07840000000000003,5.0,105.0,145.0,40.0,139.34,2.830000000000002,138.0,1.93,2.58,0.6500000000000001,2.0546,0.0646000000000001,2.1,1.0,2.0,1.0,1.75,0.375,2.0,0.0,4.0,4.0,2.75,1.375,4.0,0.0,10.0,10.0,9.8,0.3919999999999993,10.0,0.0,0.0,0.0,0.0,0.0,0.0,6.0,16.0,10.0,14.299999999999999,1.9820000000000004,16.0,0.0,1.0,1.0,0.25,0.375,0.0,0.0,3.0,3.0,1.75,0.875,2.0,0.0,0.0,0.0,0.0,0.0,0.0,0.0,0.0,0.0,0.0,0.0,0.0,1.0,3.0,2.0,2.0,0.5,2.0,16.33,34.7633333333,18.4333333333,29.174637499983998,6.557829249991359,34.7633333333,0.0,2.202,2.202,0.26676,0.26676,0.464,0.0,0.0,0.0,0.0,0.0,0.0,70.0,225.0,155.0,172.10999999999999,26.444999999999993,152.0,1.75,2.75,9.8,0.0,0.12237762237762238,0.19230769230769232,0.6853146853146854,0.0,9.342902151430469,0.1378702266376903,0.08,1.0,0.0,0.25,0.25,0.48,523.0,0.0,0.3699999999999999
nanomaterials-12-03910.pdf,10.3390/nano12213910,AgSbTe2,AgSbTe2 (arc-melted),AgSbTe2,,,,,,body text,,Almost constant value,0.4,W/m.K,False,47.0,52.0,5.0,50.5,1.75,52.0,65.0,90.0,25.0,82.5,8.75,90.0,107.8682,127.6,19.731799999999993,121.20705,6.669425,127.6,722.66,1234.93,512.2700000000001,896.0074999999999,173.34750000000003,722.66,11.0,16.0,5.0,14.5,1.75,16.0,5.0,5.0,0.0,5.0,0.0,5.0,138.0,145.0,7.0,140.0,2.5,138.0,1.93,2.1,0.17000000000000015,2.045,0.05750000000000005,2.1,1.0,2.0,1.0,1.75,0.375,2.0,0.0,4.0,4.0,2.75,1.375,4.0,10.0,10.0,0.0,10.0,0.0,10.0,0.0,0.0,0.0,0.0,0.0,0.0,11.0,16.0,5.0,14.5,1.75,16.0,0.0,1.0,1.0,0.25,0.375,0.0,0.0,3.0,3.0,1.75,0.875,2.0,0.0,0.0,0.0,0.0,0.0,0.0,0.0,0.0,0.0,0.0,0.0,0.0,1.0,3.0,2.0,2.0,0.5,2.0,16.33,34.7633333333,18.4333333333,29.35416666665,6.512083333324999,34.7633333333,0.0,0.464,0.464,0.232,0.232,0.464,0.0,0.0,0.0,0.0,0.0,0.0,152.0,225.0,73.0,173.75,25.625,152.0,1.75,2.75,10.0,0.0,0.1206896551724138,0.1896551724137931,0.6896551724137931,0.0,8.644719482306641,0.11200000000000014,,0.0,0.0,0.25,0.25,0.5,300.0,,
nnano.2013.95.pdf,10.1038/NNANO.2013.95,AgSbTe2,AgSbTe2 (x=0),AgSbTe2,,,,,,body text,,Value stated as approximately 0.7 W m^-1 K^-1 for AgSbTe2.,0.7,W/m.K,False,47.0,52.0,5.0,50.5,1.75,52.0,65.0,90.0,25.0,82.5,8.75,90.0,107.8682,127.6,19.731799999999993,121.20705,6.669425,127.6,722.66,1234.93,512.2700000000001,896.0074999999999,173.34750000000003,722.66,11.0,16.0,5.0,14.5,1.75,16.0,5.0,5.0,0.0,5.0,0.0,5.0,138.0,145.0,7.0,140.0,2.5,138.0,1.93,2.1,0.17000000000000015,2.045,0.05750000000000005,2.1,1.0,2.0,1.0,1.75,0.375,2.0,0.0,4.0,4.0,2.75,1.375,4.0,10.0,10.0,0.0,10.0,0.0,10.0,0.0,0.0,0.0,0.0,0.0,0.0,11.0,16.0,5.0,14.5,1.75,16.0,0.0,1.0,1.0,0.25,0.375,0.0,0.0,3.0,3.0,1.75,0.875,2.0,0.0,0.0,0.0,0.0,0.0,0.0,0.0,0.0,0.0,0.0,0.0,0.0,1.0,3.0,2.0,2.0,0.5,2.0,16.33,34.7633333333,18.4333333333,29.35416666665,6.512083333324999,34.7633333333,0.0,0.464,0.464,0.232,0.232,0.464,0.0,0.0,0.0,0.0,0.0,0.0,152.0,225.0,73.0,173.75,25.625,152.0,1.75,2.75,10.0,0.0,0.1206896551724138,0.1896551724137931,0.6896551724137931,0.0,8.644719482306641,0.11200000000000014,,0.0,0.0,0.25,0.25,0.5,300.0,,
s10854-025-15118-x.pdf,10.1007/s10854-025-15118-x,AgSbTe2,MQ-450,AgSbTe2,,,,,,body text,Page 1,,0.4,W/m.K,False,47.0,52.0,5.0,50.5,1.75,52.0,65.0,90.0,25.0,82.5,8.75,90.0,107.8682,127.6,19.731799999999993,121.20705,6.669425,127.6,722.66,1234.93,512.2700000000001,896.0074999999999,173.34750000000003,722.66,11.0,16.0,5.0,14.5,1.75,16.0,5.0,5.0,0.0,5.0,0.0,5.0,138.0,145.0,7.0,140.0,2.5,138.0,1.93,2.1,0.17000000000000015,2.045,0.05750000000000005,2.1,1.0,2.0,1.0,1.75,0.375,2.0,0.0,4.0,4.0,2.75,1.375,4.0,10.0,10.0,0.0,10.0,0.0,10.0,0.0,0.0,0.0,0.0,0.0,0.0,11.0,16.0,5.0,14.5,1.75,16.0,0.0,1.0,1.0,0.25,0.375,0.0,0.0,3.0,3.0,1.75,0.875,2.0,0.0,0.0,0.0,0.0,0.0,0.0,0.0,0.0,0.0,0.0,0.0,0.0,1.0,3.0,2.0,2.0,0.5,2.0,16.33,34.7633333333,18.4333333333,29.35416666665,6.512083333324999,34.7633333333,0.0,0.464,0.464,0.232,0.232,0.464,0.0,0.0,0.0,0.0,0.0,0.0,152.0,225.0,73.0,173.75,25.625,152.0,1.75,2.75,10.0,0.0,0.1206896551724138,0.1896551724137931,0.6896551724137931,0.0,8.644719482306641,0.11200000000000014,,0.0,0.0,0.25,0.25,0.5,500.0,,
s10854-025-15118-x.pdf,10.1007/s10854-025-15118-x,AgSbTe2,MQ-450,AgSbTe2,,,,,,body text,Page 7,,0.54,W/m.K,False,47.0,52.0,5.0,50.5,1.75,52.0,65.0,90.0,25.0,82.5,8.75,90.0,107.8682,127.6,19.731799999999993,121.20705,6.669425,127.6,722.66,1234.93,512.2700000000001,896.0074999999999,173.34750000000003,722.66,11.0,16.0,5.0,14.5,1.75,16.0,5.0,5.0,0.0,5.0,0.0,5.0,138.0,145.0,7.0,140.0,2.5,138.0,1.93,2.1,0.17000000000000015,2.045,0.05750000000000005,2.1,1.0,2.0,1.0,1.75,0.375,2.0,0.0,4.0,4.0,2.75,1.375,4.0,10.0,10.0,0.0,10.0,0.0,10.0,0.0,0.0,0.0,0.0,0.0,0.0,11.0,16.0,5.0,14.5,1.75,16.0,0.0,1.0,1.0,0.25,0.375,0.0,0.0,3.0,3.0,1.75,0.875,2.0,0.0,0.0,0.0,0.0,0.0,0.0,0.0,0.0,0.0,0.0,0.0,0.0,1.0,3.0,2.0,2.0,0.5,2.0,16.33,34.7633333333,18.4333333333,29.35416666665,6.512083333324999,34.7633333333,0.0,0.464,0.464,0.232,0.232,0.464,0.0,0.0,0.0,0.0,0.0,0.0,152.0,225.0,73.0,173.75,25.625,152.0,1.75,2.75,10.0,0.0,0.1206896551724138,0.1896551724137931,0.6896551724137931,0.0,8.644719482306641,0.11200000000000014,,0.0,0.0,0.25,0.25,0.5,300.0,,
s11664-014-3145-y.pdf,10.1007/s11664-014-3145-y,AgSbTe2,La0.125Ag0.875SbTe2,La0.125Ag0.875SbTe2,La,0.125,Ag,,La (0.125) @ Ag site,body text,"Page 1, Results section",Ternary alloy (pure AgSbTe2) Series A,0.92,W/m.K,False,47.0,57.0,10.0,50.8125,1.66796875,52.0,13.0,90.0,77.0,80.875,11.1875,90.0,107.8682,138.90547,31.037270000000007,122.1769646875,6.468566894531246,127.6,722.66,1234.93,512.2700000000001,894.6971874999999,172.03718750000002,722.66,3.0,16.0,13.0,14.25,2.125,16.0,5.0,6.0,1.0,5.03125,0.060546875,5.0,138.0,207.0,69.0,141.9375,5.40625,138.0,1.1,2.1,1.0,2.0190625,0.09640625000000003,2.1,1.0,2.0,1.0,1.78125,0.341796875,2.0,0.0,4.0,4.0,2.75,1.375,4.0,1.0,10.0,9.0,9.71875,0.544921875,10.0,0.0,0.0,0.0,0.0,0.0,0.0,3.0,16.0,13.0,14.25,2.125,16.0,0.0,1.0,1.0,0.21875,0.341796875,0.0,0.0,3.0,3.0,1.75,0.875,2.0,0.0,9.0,9.0,0.28125,0.544921875,0.0,0.0,0.0,0.0,0.0,0.0,0.0,1.0,9.0,8.0,2.25,0.796875,2.0,16.33,36.8975,20.567500000000003,29.99690104165,5.979269205721875,34.7633333333,0.0,0.464,0.464,0.232,0.232,0.464,0.0,0.0,0.0,0.0,0.0,0.0,152.0,225.0,73.0,172.78125,24.171875,152.0,1.78125,2.75,9.71875,0.0,0.125,0.19298245614035087,0.6820175438596491,0.0,9.427879837642761,0.18828746177370043,0.125,1.0,0.0,0.21875,0.25,0.5,573.0,2.0,0.1180000000000001
s11664-014-3145-y.pdf,10.1007/s11664-014-3145-y,AgSbTe2,La0.125Ag0.875SbTe2,La0.125Ag0.875SbTe2,La,0.125,Ag,,La (0.125) @ Ag site,body text,"Page 1, Results section",Quaternary alloy (La-doped) Series A,0.71,W/m.K,False,47.0,57.0,10.0,50.8125,1.66796875,52.0,13.0,90.0,77.0,80.875,11.1875,90.0,107.8682,138.90547,31.037270000000007,122.1769646875,6.468566894531246,127.6,722.66,1234.93,512.2700000000001,894.6971874999999,172.03718750000002,722.66,3.0,16.0,13.0,14.25,2.125,16.0,5.0,6.0,1.0,5.03125,0.060546875,5.0,138.0,207.0,69.0,141.9375,5.40625,138.0,1.1,2.1,1.0,2.0190625,0.09640625000000003,2.1,1.0,2.0,1.0,1.78125,0.341796875,2.0,0.0,4.0,4.0,2.75,1.375,4.0,1.0,10.0,9.0,9.71875,0.544921875,10.0,0.0,0.0,0.0,0.0,0.0,0.0,3.0,16.0,13.0,14.25,2.125,16.0,0.0,1.0,1.0,0.21875,0.341796875,0.0,0.0,3.0,3.0,1.75,0.875,2.0,0.0,9.0,9.0,0.28125,0.544921875,0.0,0.0,0.0,0.0,0.0,0.0,0.0,1.0,9.0,8.0,2.25,0.796875,2.0,16.33,36.8975,20.567500000000003,29.99690104165,5.979269205721875,34.7633333333,0.0,0.464,0.464,0.232,0.232,0.464,0.0,0.0,0.0,0.0,0.0,0.0,152.0,225.0,73.0,172.78125,24.171875,152.0,1.78125,2.75,9.71875,0.0,0.125,0.19298245614035087,0.6820175438596491,0.0,9.427879837642761,0.18828746177370043,0.125,1.0,0.0,0.21875,0.25,0.5,573.0,2.0,0.1180000000000001
s11664-014-3145-y.pdf,10.1007/s11664-014-3145-y,AgSbTe2,Series A pure AST,AgSbTe2,,,,,,figure,Fig. 6a,Visually estimated from Fig. 6a,0.7,W/m.K,False,47.0,52.0,5.0,50.5,1.75,52.0,65.0,90.0,25.0,82.5,8.75,90.0,107.8682,127.6,19.731799999999993,121.20705,6.669425,127.6,722.66,1234.93,512.2700000000001,896.0074999999999,173.34750000000003,722.66,11.0,16.0,5.0,14.5,1.75,16.0,5.0,5.0,0.0,5.0,0.0,5.0,138.0,145.0,7.0,140.0,2.5,138.0,1.93,2.1,0.17000000000000015,2.045,0.05750000000000005,2.1,1.0,2.0,1.0,1.75,0.375,2.0,0.0,4.0,4.0,2.75,1.375,4.0,10.0,10.0,0.0,10.0,0.0,10.0,0.0,0.0,0.0,0.0,0.0,0.0,11.0,16.0,5.0,14.5,1.75,16.0,0.0,1.0,1.0,0.25,0.375,0.0,0.0,3.0,3.0,1.75,0.875,2.0,0.0,0.0,0.0,0.0,0.0,0.0,0.0,0.0,0.0,0.0,0.0,0.0,1.0,3.0,2.0,2.0,0.5,2.0,16.33,34.7633333333,18.4333333333,29.35416666665,6.512083333324999,34.7633333333,0.0,0.464,0.464,0.232,0.232,0.464,0.0,0.0,0.0,0.0,0.0,0.0,152.0,225.0,73.0,173.75,25.625,152.0,1.75,2.75,10.0,0.0,0.1206896551724138,0.1896551724137931,0.6896551724137931,0.0,8.644719482306641,0.11200000000000014,,0.0,0.0,0.25,0.25,0.5,300.0,,
s11664-014-3145-y.pdf,10.1007/s11664-014-3145-y,AgSbTe2,Series A pure AST,AgSbTe2,,,,,,figure,Fig. 6a,Visually estimated from Fig. 6a,0.75,W/m.K,False,47.0,52.0,5.0,50.5,1.75,52.0,65.0,90.0,25.0,82.5,8.75,90.0,107.8682,127.6,19.731799999999993,121.20705,6.669425,127.6,722.66,1234.93,512.2700000000001,896.0074999999999,173.34750000000003,722.66,11.0,16.0,5.0,14.5,1.75,16.0,5.0,5.0,0.0,5.0,0.0,5.0,138.0,145.0,7.0,140.0,2.5,138.0,1.93,2.1,0.17000000000000015,2.045,0.05750000000000005,2.1,1.0,2.0,1.0,1.75,0.375,2.0,0.0,4.0,4.0,2.75,1.375,4.0,10.0,10.0,0.0,10.0,0.0,10.0,0.0,0.0,0.0,0.0,0.0,0.0,11.0,16.0,5.0,14.5,1.75,16.0,0.0,1.0,1.0,0.25,0.375,0.0,0.0,3.0,3.0,1.75,0.875,2.0,0.0,0.0,0.0,0.0,0.0,0.0,0.0,0.0,0.0,0.0,0.0,0.0,1.0,3.0,2.0,2.0,0.5,2.0,16.33,34.7633333333,18.4333333333,29.35416666665,6.512083333324999,34.7633333333,0.0,0.464,0.464,0.232,0.232,0.464,0.0,0.0,0.0,0.0,0.0,0.0,152.0,225.0,73.0,173.75,25.625,152.0,1.75,2.75,10.0,0.0,0.1206896551724138,0.1896551724137931,0.6896551724137931,0.0,8.644719482306641,0.11200000000000014,,0.0,0.0,0.25,0.25,0.5,400.0,,
s11664-014-3145-y.pdf,10.1007/s11664-014-3145-y,AgSbTe2,Series A pure AST,AgSbTe2,,,,,,figure,Fig. 6a,Visually estimated from Fig. 6a,0.85,W/m.K,False,47.0,52.0,5.0,50.5,1.75,52.0,65.0,90.0,25.0,82.5,8.75,90.0,107.8682,127.6,19.731799999999993,121.20705,6.669425,127.6,722.66,1234.93,512.2700000000001,896.0074999999999,173.34750000000003,722.66,11.0,16.0,5.0,14.5,1.75,16.0,5.0,5.0,0.0,5.0,0.0,5.0,138.0,145.0,7.0,140.0,2.5,138.0,1.93,2.1,0.17000000000000015,2.045,0.05750000000000005,2.1,1.0,2.0,1.0,1.75,0.375,2.0,0.0,4.0,4.0,2.75,1.375,4.0,10.0,10.0,0.0,10.0,0.0,10.0,0.0,0.0,0.0,0.0,0.0,0.0,11.0,16.0,5.0,14.5,1.75,16.0,0.0,1.0,1.0,0.25,0.375,0.0,0.0,3.0,3.0,1.75,0.875,2.0,0.0,0.0,0.0,0.0,0.0,0.0,0.0,0.0,0.0,0.0,0.0,0.0,1.0,3.0,2.0,2.0,0.5,2.0,16.33,34.7633333333,18.4333333333,29.35416666665,6.512083333324999,34.7633333333,0.0,0.464,0.464,0.232,0.232,0.464,0.0,0.0,0.0,0.0,0.0,0.0,152.0,225.0,73.0,173.75,25.625,152.0,1.75,2.75,10.0,0.0,0.1206896551724138,0.1896551724137931,0.6896551724137931,0.0,8.644719482306641,0.11200000000000014,,0.0,0.0,0.25,0.25,0.5,500.0,,
s11664-014-3145-y.pdf,10.1007/s11664-014-3145-y,AgSbTe2,Series A pure AST,AgSbTe2,,,,,,figure,Fig. 6a,Visually estimated from Fig. 6a,0.95,W/m.K,False,47.0,52.0,5.0,50.5,1.75,52.0,65.0,90.0,25.0,82.5,8.75,90.0,107.8682,127.6,19.731799999999993,121.20705,6.669425,127.6,722.66,1234.93,512.2700000000001,896.0074999999999,173.34750000000003,722.66,11.0,16.0,5.0,14.5,1.75,16.0,5.0,5.0,0.0,5.0,0.0,5.0,138.0,145.0,7.0,140.0,2.5,138.0,1.93,2.1,0.17000000000000015,2.045,0.05750000000000005,2.1,1.0,2.0,1.0,1.75,0.375,2.0,0.0,4.0,4.0,2.75,1.375,4.0,10.0,10.0,0.0,10.0,0.0,10.0,0.0,0.0,0.0,0.0,0.0,0.0,11.0,16.0,5.0,14.5,1.75,16.0,0.0,1.0,1.0,0.25,0.375,0.0,0.0,3.0,3.0,1.75,0.875,2.0,0.0,0.0,0.0,0.0,0.0,0.0,0.0,0.0,0.0,0.0,0.0,0.0,1.0,3.0,2.0,2.0,0.5,2.0,16.33,34.7633333333,18.4333333333,29.35416666665,6.512083333324999,34.7633333333,0.0,0.464,0.464,0.232,0.232,0.464,0.0,0.0,0.0,0.0,0.0,0.0,152.0,225.0,73.0,173.75,25.625,152.0,1.75,2.75,10.0,0.0,0.1206896551724138,0.1896551724137931,0.6896551724137931,0.0,8.644719482306641,0.11200000000000014,,0.0,0.0,0.25,0.25,0.5,600.0,,
s11664-014-3145-y.pdf,10.1007/s11664-014-3145-y,AgSbTe2,Series A pure AST,AgSbTe2,,,,,,figure,Fig. 6a,Visually estimated from Fig. 6a,0.75,W/m.K,False,47.0,52.0,5.0,50.5,1.75,52.0,65.0,90.0,25.0,82.5,8.75,90.0,107.8682,127.6,19.731799999999993,121.20705,6.669425,127.6,722.66,1234.93,512.2700000000001,896.0074999999999,173.34750000000003,722.66,11.0,16.0,5.0,14.5,1.75,16.0,5.0,5.0,0.0,5.0,0.0,5.0,138.0,145.0,7.0,140.0,2.5,138.0,1.93,2.1,0.17000000000000015,2.045,0.05750000000000005,2.1,1.0,2.0,1.0,1.75,0.375,2.0,0.0,4.0,4.0,2.75,1.375,4.0,10.0,10.0,0.0,10.0,0.0,10.0,0.0,0.0,0.0,0.0,0.0,0.0,11.0,16.0,5.0,14.5,1.75,16.0,0.0,1.0,1.0,0.25,0.375,0.0,0.0,3.0,3.0,1.75,0.875,2.0,0.0,0.0,0.0,0.0,0.0,0.0,0.0,0.0,0.0,0.0,0.0,0.0,1.0,3.0,2.0,2.0,0.5,2.0,16.33,34.7633333333,18.4333333333,29.35416666665,6.512083333324999,34.7633333333,0.0,0.464,0.464,0.232,0.232,0.464,0.0,0.0,0.0,0.0,0.0,0.0,152.0,225.0,73.0,173.75,25.625,152.0,1.75,2.75,10.0,0.0,0.1206896551724138,0.1896551724137931,0.6896551724137931,0.0,8.644719482306641,0.11200000000000014,,0.0,0.0,0.25,0.25,0.5,650.0,,
s11664-014-3145-y.pdf,10.1007/s11664-014-3145-y,AgSbTe2,Series A pure AST,AgSbTe2,,,,,,figure,Fig. 6a,Visually estimated from Fig. 6a,0.85,W/m.K,False,47.0,52.0,5.0,50.5,1.75,52.0,65.0,90.0,25.0,82.5,8.75,90.0,107.8682,127.6,19.731799999999993,121.20705,6.669425,127.6,722.66,1234.93,512.2700000000001,896.0074999999999,173.34750000000003,722.66,11.0,16.0,5.0,14.5,1.75,16.0,5.0,5.0,0.0,5.0,0.0,5.0,138.0,145.0,7.0,140.0,2.5,138.0,1.93,2.1,0.17000000000000015,2.045,0.05750000000000005,2.1,1.0,2.0,1.0,1.75,0.375,2.0,0.0,4.0,4.0,2.75,1.375,4.0,10.0,10.0,0.0,10.0,0.0,10.0,0.0,0.0,0.0,0.0,0.0,0.0,11.0,16.0,5.0,14.5,1.75,16.0,0.0,1.0,1.0,0.25,0.375,0.0,0.0,3.0,3.0,1.75,0.875,2.0,0.0,0.0,0.0,0.0,0.0,0.0,0.0,0.0,0.0,0.0,0.0,0.0,1.0,3.0,2.0,2.0,0.5,2.0,16.33,34.7633333333,18.4333333333,29.35416666665,6.512083333324999,34.7633333333,0.0,0.464,0.464,0.232,0.232,0.464,0.0,0.0,0.0,0.0,0.0,0.0,152.0,225.0,73.0,173.75,25.625,152.0,1.75,2.75,10.0,0.0,0.1206896551724138,0.1896551724137931,0.6896551724137931,0.0,8.644719482306641,0.11200000000000014,,0.0,0.0,0.25,0.25,0.5,700.0,,
s11664-014-3145-y.pdf,10.1007/s11664-014-3145-y,AgSbTe2,Series B pure AST,AgSbTe2,,,,,,figure,Fig. 6b,Visually estimated from Fig. 6b,0.85,W/m.K,False,47.0,52.0,5.0,50.5,1.75,52.0,65.0,90.0,25.0,82.5,8.75,90.0,107.8682,127.6,19.731799999999993,121.20705,6.669425,127.6,722.66,1234.93,512.2700000000001,896.0074999999999,173.34750000000003,722.66,11.0,16.0,5.0,14.5,1.75,16.0,5.0,5.0,0.0,5.0,0.0,5.0,138.0,145.0,7.0,140.0,2.5,138.0,1.93,2.1,0.17000000000000015,2.045,0.05750000000000005,2.1,1.0,2.0,1.0,1.75,0.375,2.0,0.0,4.0,4.0,2.75,1.375,4.0,10.0,10.0,0.0,10.0,0.0,10.0,0.0,0.0,0.0,0.0,0.0,0.0,11.0,16.0,5.0,14.5,1.75,16.0,0.0,1.0,1.0,0.25,0.375,0.0,0.0,3.0,3.0,1.75,0.875,2.0,0.0,0.0,0.0,0.0,0.0,0.0,0.0,0.0,0.0,0.0,0.0,0.0,1.0,3.0,2.0,2.0,0.5,2.0,16.33,34.7633333333,18.4333333333,29.35416666665,6.512083333324999,34.7633333333,0.0,0.464,0.464,0.232,0.232,0.464,0.0,0.0,0.0,0.0,0.0,0.0,152.0,225.0,73.0,173.75,25.625,152.0,1.75,2.75,10.0,0.0,0.1206896551724138,0.1896551724137931,0.6896551724137931,0.0,8.644719482306641,0.11200000000000014,,0.0,0.0,0.25,0.25,0.5,300.0,,
s11664-014-3145-y.pdf,10.1007/s11664-014-3145-y,AgSbTe2,Series B pure AST,AgSbTe2,,,,,,figure,Fig. 6b,Visually estimated from Fig. 6b,0.75,W/m.K,False,47.0,52.0,5.0,50.5,1.75,52.0,65.0,90.0,25.0,82.5,8.75,90.0,107.8682,127.6,19.731799999999993,121.20705,6.669425,127.6,722.66,1234.93,512.2700000000001,896.0074999999999,173.34750000000003,722.66,11.0,16.0,5.0,14.5,1.75,16.0,5.0,5.0,0.0,5.0,0.0,5.0,138.0,145.0,7.0,140.0,2.5,138.0,1.93,2.1,0.17000000000000015,2.045,0.05750000000000005,2.1,1.0,2.0,1.0,1.75,0.375,2.0,0.0,4.0,4.0,2.75,1.375,4.0,10.0,10.0,0.0,10.0,0.0,10.0,0.0,0.0,0.0,0.0,0.0,0.0,11.0,16.0,5.0,14.5,1.75,16.0,0.0,1.0,1.0,0.25,0.375,0.0,0.0,3.0,3.0,1.75,0.875,2.0,0.0,0.0,0.0,0.0,0.0,0.0,0.0,0.0,0.0,0.0,0.0,0.0,1.0,3.0,2.0,2.0,0.5,2.0,16.33,34.7633333333,18.4333333333,29.35416666665,6.512083333324999,34.7633333333,0.0,0.464,0.464,0.232,0.232,0.464,0.0,0.0,0.0,0.0,0.0,0.0,152.0,225.0,73.0,173.75,25.625,152.0,1.75,2.75,10.0,0.0,0.1206896551724138,0.1896551724137931,0.6896551724137931,0.0,8.644719482306641,0.11200000000000014,,0.0,0.0,0.25,0.25,0.5,400.0,,
s11664-014-3145-y.pdf,10.1007/s11664-014-3145-y,AgSbTe2,Series B pure AST,AgSbTe2,,,,,,figure,Fig. 6b,Visually estimated from Fig. 6b,0.75,W/m.K,False,47.0,52.0,5.0,50.5,1.75,52.0,65.0,90.0,25.0,82.5,8.75,90.0,107.8682,127.6,19.731799999999993,121.20705,6.669425,127.6,722.66,1234.93,512.2700000000001,896.0074999999999,173.34750000000003,722.66,11.0,16.0,5.0,14.5,1.75,16.0,5.0,5.0,0.0,5.0,0.0,5.0,138.0,145.0,7.0,140.0,2.5,138.0,1.93,2.1,0.17000000000000015,2.045,0.05750000000000005,2.1,1.0,2.0,1.0,1.75,0.375,2.0,0.0,4.0,4.0,2.75,1.375,4.0,10.0,10.0,0.0,10.0,0.0,10.0,0.0,0.0,0.0,0.0,0.0,0.0,11.0,16.0,5.0,14.5,1.75,16.0,0.0,1.0,1.0,0.25,0.375,0.0,0.0,3.0,3.0,1.75,0.875,2.0,0.0,0.0,0.0,0.0,0.0,0.0,0.0,0.0,0.0,0.0,0.0,0.0,1.0,3.0,2.0,2.0,0.5,2.0,16.33,34.7633333333,18.4333333333,29.35416666665,6.512083333324999,34.7633333333,0.0,0.464,0.464,0.232,0.232,0.464,0.0,0.0,0.0,0.0,0.0,0.0,152.0,225.0,73.0,173.75,25.625,152.0,1.75,2.75,10.0,0.0,0.1206896551724138,0.1896551724137931,0.6896551724137931,0.0,8.644719482306641,0.11200000000000014,,0.0,0.0,0.25,0.25,0.5,500.0,,
s11664-014-3145-y.pdf,10.1007/s11664-014-3145-y,AgSbTe2,Series B pure AST,AgSbTe2,,,,,,figure,Fig. 6b,Visually estimated from Fig. 6b,0.85,W/m.K,False,47.0,52.0,5.0,50.5,1.75,52.0,65.0,90.0,25.0,82.5,8.75,90.0,107.8682,127.6,19.731799999999993,121.20705,6.669425,127.6,722.66,1234.93,512.2700000000001,896.0074999999999,173.34750000000003,722.66,11.0,16.0,5.0,14.5,1.75,16.0,5.0,5.0,0.0,5.0,0.0,5.0,138.0,145.0,7.0,140.0,2.5,138.0,1.93,2.1,0.17000000000000015,2.045,0.05750000000000005,2.1,1.0,2.0,1.0,1.75,0.375,2.0,0.0,4.0,4.0,2.75,1.375,4.0,10.0,10.0,0.0,10.0,0.0,10.0,0.0,0.0,0.0,0.0,0.0,0.0,11.0,16.0,5.0,14.5,1.75,16.0,0.0,1.0,1.0,0.25,0.375,0.0,0.0,3.0,3.0,1.75,0.875,2.0,0.0,0.0,0.0,0.0,0.0,0.0,0.0,0.0,0.0,0.0,0.0,0.0,1.0,3.0,2.0,2.0,0.5,2.0,16.33,34.7633333333,18.4333333333,29.35416666665,6.512083333324999,34.7633333333,0.0,0.464,0.464,0.232,0.232,0.464,0.0,0.0,0.0,0.0,0.0,0.0,152.0,225.0,73.0,173.75,25.625,152.0,1.75,2.75,10.0,0.0,0.1206896551724138,0.1896551724137931,0.6896551724137931,0.0,8.644719482306641,0.11200000000000014,,0.0,0.0,0.25,0.25,0.5,600.0,,
s11664-014-3145-y.pdf,10.1007/s11664-014-3145-y,AgSbTe2,Series B pure AST,AgSbTe2,,,,,,figure,Fig. 6b,Visually estimated from Fig. 6b,0.85,W/m.K,False,47.0,52.0,5.0,50.5,1.75,52.0,65.0,90.0,25.0,82.5,8.75,90.0,107.8682,127.6,19.731799999999993,121.20705,6.669425,127.6,722.66,1234.93,512.2700000000001,896.0074999999999,173.34750000000003,722.66,11.0,16.0,5.0,14.5,1.75,16.0,5.0,5.0,0.0,5.0,0.0,5.0,138.0,145.0,7.0,140.0,2.5,138.0,1.93,2.1,0.17000000000000015,2.045,0.05750000000000005,2.1,1.0,2.0,1.0,1.75,0.375,2.0,0.0,4.0,4.0,2.75,1.375,4.0,10.0,10.0,0.0,10.0,0.0,10.0,0.0,0.0,0.0,0.0,0.0,0.0,11.0,16.0,5.0,14.5,1.75,16.0,0.0,1.0,1.0,0.25,0.375,0.0,0.0,3.0,3.0,1.75,0.875,2.0,0.0,0.0,0.0,0.0,0.0,0.0,0.0,0.0,0.0,0.0,0.0,0.0,1.0,3.0,2.0,2.0,0.5,2.0,16.33,34.7633333333,18.4333333333,29.35416666665,6.512083333324999,34.7633333333,0.0,0.464,0.464,0.232,0.232,0.464,0.0,0.0,0.0,0.0,0.0,0.0,152.0,225.0,73.0,173.75,25.625,152.0,1.75,2.75,10.0,0.0,0.1206896551724138,0.1896551724137931,0.6896551724137931,0.0,8.644719482306641,0.11200000000000014,,0.0,0.0,0.25,0.25,0.5,700.0,,
s11664-015-4102-0.pdf,10.1007/s11664-015-4102-0,AgSbTe2,AgSbTe2,AgSbTe2,,,,,,body text,page 4,,0.7,W/m.K,False,47.0,52.0,5.0,50.5,1.75,52.0,65.0,90.0,25.0,82.5,8.75,90.0,107.8682,127.6,19.731799999999993,121.20705,6.669425,127.6,722.66,1234.93,512.2700000000001,896.0074999999999,173.34750000000003,722.66,11.0,16.0,5.0,14.5,1.75,16.0,5.0,5.0,0.0,5.0,0.0,5.0,138.0,145.0,7.0,140.0,2.5,138.0,1.93,2.1,0.17000000000000015,2.045,0.05750000000000005,2.1,1.0,2.0,1.0,1.75,0.375,2.0,0.0,4.0,4.0,2.75,1.375,4.0,10.0,10.0,0.0,10.0,0.0,10.0,0.0,0.0,0.0,0.0,0.0,0.0,11.0,16.0,5.0,14.5,1.75,16.0,0.0,1.0,1.0,0.25,0.375,0.0,0.0,3.0,3.0,1.75,0.875,2.0,0.0,0.0,0.0,0.0,0.0,0.0,0.0,0.0,0.0,0.0,0.0,0.0,1.0,3.0,2.0,2.0,0.5,2.0,16.33,34.7633333333,18.4333333333,29.35416666665,6.512083333324999,34.7633333333,0.0,0.464,0.464,0.232,0.232,0.464,0.0,0.0,0.0,0.0,0.0,0.0,152.0,225.0,73.0,173.75,25.625,152.0,1.75,2.75,10.0,0.0,0.1206896551724138,0.1896551724137931,0.6896551724137931,0.0,8.644719482306641,0.11200000000000014,,0.0,0.0,0.25,0.25,0.5,300.0,,
s11664-015-4102-0.pdf,10.1007/s11664-015-4102-0,AgSbTe2,AgSbTe1.98Se0.02,AgSbTe1.98Se0.02,Se,0.02,Te,,Se (0.02) @ Te site,body text,page 7,,0.55,W/m.K,False,34.0,52.0,18.0,50.41,1.8691000000000015,52.0,65.0,90.0,25.0,82.49499999999999,8.747500000000004,90.0,78.96,127.6,48.64,120.96385000000001,6.967863499999995,127.6,494.0,1234.93,740.9300000000001,894.8642,174.49080000000004,722.66,11.0,16.0,5.0,14.5,1.75,16.0,4.0,5.0,1.0,4.994999999999999,0.009950000000000774,5.0,120.0,145.0,25.0,139.91,2.544999999999998,138.0,1.93,2.55,0.6199999999999999,2.04725,0.05862500000000001,2.1,1.0,2.0,1.0,1.75,0.375,2.0,0.0,4.0,4.0,2.75,1.375,4.0,10.0,10.0,0.0,10.0,0.0,10.0,0.0,0.0,0.0,0.0,0.0,0.0,11.0,16.0,5.0,14.5,1.75,16.0,0.0,1.0,1.0,0.25,0.375,0.0,0.0,3.0,3.0,1.75,0.875,2.0,0.0,0.0,0.0,0.0,0.0,0.0,0.0,0.0,0.0,0.0,0.0,0.0,1.0,3.0,2.0,2.0,0.5,2.0,16.33,34.7633333333,18.4333333333,29.3099499999835,6.523874499991584,34.7633333333,0.0,0.799,0.799,0.23367500000000002,0.233675,0.464,0.0,0.0,0.0,0.0,0.0,0.0,14.0,225.0,211.0,173.06,25.970000000000002,152.0,1.75,2.75,10.0,0.0,0.1206896551724138,0.1896551724137931,0.6896551724137931,0.0,8.877530814278654,0.1182276371140568,0.02,1.0,0.0,0.25,0.25,0.495,424.0,0.0,0.22999999999999976
s11664-015-4102-0.pdf,10.1007/s11664-015-4102-0,AgSbTe2,AgSbTe2,AgSbTe2,,,,,,figure,Fig. 8,"Visually estimated from Fig. 8, total thermal conductivity",0.7,W/m.K,False,47.0,52.0,5.0,50.5,1.75,52.0,65.0,90.0,25.0,82.5,8.75,90.0,107.8682,127.6,19.731799999999993,121.20705,6.669425,127.6,722.66,1234.93,512.2700000000001,896.0074999999999,173.34750000000003,722.66,11.0,16.0,5.0,14.5,1.75,16.0,5.0,5.0,0.0,5.0,0.0,5.0,138.0,145.0,7.0,140.0,2.5,138.0,1.93,2.1,0.17000000000000015,2.045,0.05750000000000005,2.1,1.0,2.0,1.0,1.75,0.375,2.0,0.0,4.0,4.0,2.75,1.375,4.0,10.0,10.0,0.0,10.0,0.0,10.0,0.0,0.0,0.0,0.0,0.0,0.0,11.0,16.0,5.0,14.5,1.75,16.0,0.0,1.0,1.0,0.25,0.375,0.0,0.0,3.0,3.0,1.75,0.875,2.0,0.0,0.0,0.0,0.0,0.0,0.0,0.0,0.0,0.0,0.0,0.0,0.0,1.0,3.0,2.0,2.0,0.5,2.0,16.33,34.7633333333,18.4333333333,29.35416666665,6.512083333324999,34.7633333333,0.0,0.464,0.464,0.232,0.232,0.464,0.0,0.0,0.0,0.0,0.0,0.0,152.0,225.0,73.0,173.75,25.625,152.0,1.75,2.75,10.0,0.0,0.1206896551724138,0.1896551724137931,0.6896551724137931,0.0,8.644719482306641,0.11200000000000014,,0.0,0.0,0.25,0.25,0.5,300.0,,
s11664-015-4102-0.pdf,10.1007/s11664-015-4102-0,AgSbTe2,AgSbTe2,AgSbTe2,,,,,,figure,Fig. 8,"Visually estimated from Fig. 8, total thermal conductivity",0.7,W/m.K,False,47.0,52.0,5.0,50.5,1.75,52.0,65.0,90.0,25.0,82.5,8.75,90.0,107.8682,127.6,19.731799999999993,121.20705,6.669425,127.6,722.66,1234.93,512.2700000000001,896.0074999999999,173.34750000000003,722.66,11.0,16.0,5.0,14.5,1.75,16.0,5.0,5.0,0.0,5.0,0.0,5.0,138.0,145.0,7.0,140.0,2.5,138.0,1.93,2.1,0.17000000000000015,2.045,0.05750000000000005,2.1,1.0,2.0,1.0,1.75,0.375,2.0,0.0,4.0,4.0,2.75,1.375,4.0,10.0,10.0,0.0,10.0,0.0,10.0,0.0,0.0,0.0,0.0,0.0,0.0,11.0,16.0,5.0,14.5,1.75,16.0,0.0,1.0,1.0,0.25,0.375,0.0,0.0,3.0,3.0,1.75,0.875,2.0,0.0,0.0,0.0,0.0,0.0,0.0,0.0,0.0,0.0,0.0,0.0,0.0,1.0,3.0,2.0,2.0,0.5,2.0,16.33,34.7633333333,18.4333333333,29.35416666665,6.512083333324999,34.7633333333,0.0,0.464,0.464,0.232,0.232,0.464,0.0,0.0,0.0,0.0,0.0,0.0,152.0,225.0,73.0,173.75,25.625,152.0,1.75,2.75,10.0,0.0,0.1206896551724138,0.1896551724137931,0.6896551724137931,0.0,8.644719482306641,0.11200000000000014,,0.0,0.0,0.25,0.25,0.5,600.0,,
s12613-011-0446-5.pdf,10.1007/s12613-011-0446-5,Ag0.84Sb1.15Te2.16,AgSbTe2,Ag0.84Sb1.15Te2.16,,,,,,figure,,Visually estimated from Fig. 3(a),0.7,W/m.K,False,47.0,52.0,5.0,50.71084337349397,1.502220931920455,52.0,65.0,90.0,25.0,83.55421686746988,7.511104659602266,90.0,107.8682,127.6,19.731799999999993,121.98778024096384,5.84211791784003,127.6,722.66,1234.93,512.2700000000001,876.5382650602409,160.18171206270867,722.66,11.0,16.0,5.0,14.710843373493976,1.5022209319204527,16.0,5.0,5.0,0.0,5.0,0.0,5.0,138.0,145.0,7.0,139.69397590361444,2.1479808390187167,138.0,1.93,2.1,0.17000000000000015,2.0517349397590356,0.05024218319059382,2.1,1.0,2.0,1.0,1.7975903614457829,0.3228799535491364,2.0,0.0,4.0,4.0,2.9132530120481923,1.1793409783713167,4.0,10.0,10.0,0.0,10.0,0.0,10.0,0.0,0.0,0.0,0.0,0.0,0.0,11.0,16.0,5.0,14.710843373493976,1.5022209319204527,16.0,0.0,1.0,1.0,0.20240963855421684,0.3228799535491363,0.0,0.0,3.0,3.0,1.8722891566265059,0.7579387429235013,2.0,0.0,0.0,0.0,0.0,0.0,0.0,0.0,0.0,0.0,0.0,0.0,0.0,1.0,3.0,2.0,2.0746987951807228,0.512817535201045,2.0,16.33,34.7633333333,18.4333333333,30.14457831323566,5.592407606321907,34.7633333333,0.0,0.464,0.464,0.2415036144578313,0.23161069531136594,0.464,0.0,0.0,0.0,0.0,0.0,0.0,152.0,225.0,73.0,170.655421686747,21.99973290753375,152.0,1.7975903614457829,2.9132530120481923,10.0,0.0,0.12219492219492217,0.198034398034398,0.6797706797706797,0.0,8.471128009532151,0.10420332801458872,,0.0,0.0,0.20240963855421684,0.2771084337349397,0.5204819277108433,300.0,,
s12613-011-0446-5.pdf,10.1007/s12613-011-0446-5,Ag0.84Sb1.15Te2.16,AgSbTe2-Ce,Ag0.84Sb1.15Ce0.01Te2.16,Ce,0.01,Sb,,Ce (0.01) @ Sb site,figure,,Visually estimated from Fig. 3(a),0.85,W/m.K,False,47.0,58.0,11.0,50.72836538461538,1.505686020710062,52.0,15.0,90.0,75.0,83.38942307692307,7.755293084319532,90.0,107.8682,140.116,32.24780000000001,122.03135769230768,5.869766253698221,127.6,722.66,1234.93,512.2700000000001,877.0057211538461,160.28209504437874,722.66,3.0,16.0,13.0,14.682692307692308,1.543407914201183,16.0,5.0,6.0,1.0,5.002403846153847,0.004796135355030129,5.0,138.0,204.0,66.0,139.84855769230768,2.388810558431945,138.0,1.12,2.1,0.98,2.0494951923076923,0.05272640070266275,2.1,1.0,2.0,1.0,1.7980769230769231,0.3223002958579881,2.0,0.0,4.0,4.0,2.90625,1.1876502403846154,4.0,1.0,10.0,9.0,9.978365384615385,0.043165218195265864,10.0,0.0,1.0,1.0,0.002403846153846154,0.0047961353550295864,0.0,4.0,16.0,12.0,14.685096153846153,1.5395825628698228,16.0,0.0,1.0,1.0,0.2019230769230769,0.32230029585798814,0.0,0.0,3.0,3.0,1.8677884615384615,0.7632789386094674,2.0,0.0,9.0,9.0,0.021634615384615384,0.043165218195266274,0.0,0.0,13.0,13.0,0.03125,0.062349759615384616,0.0,1.0,22.0,21.0,2.1225961538461537,0.5806675295857988,2.0,16.33,37.24,20.910000000000004,30.16163461536731,5.58585244082141,34.7633333333,0.0,0.464,0.464,0.2409230769230769,0.23165680473372782,0.464,0.0,0.0,0.0,0.0,0.0,0.0,152.0,225.0,73.0,170.71153846153848,22.036150147929003,152.0,1.7980769230769231,2.90625,9.978365384615385,0.002403846153846154,0.12244229824848585,0.1979047307251596,0.6794892781142577,0.00016369291209690623,8.591260798965358,0.11067585141069392,0.01,1.0,0.0,0.2019230769230769,0.27644230769230765,0.5192307692307693,300.0,0.0,0.2499999999999999
s12613-011-0446-5.pdf,10.1007/s12613-011-0446-5,Ag0.84Sb1.15Te2.16,AgSbTe2-Yb,Ag0.84Sb1.15Yb0.01Te2.16,Yb,0.01,Sb,,Yb (0.01) @ Sb site,figure,,Visually estimated from Fig. 3(a),0.8,W/m.K,False,47.0,70.0,23.0,50.75721153846154,1.5173354289940817,52.0,39.0,90.0,51.0,83.44711538461537,7.663484652366871,90.0,107.8682,173.054,65.1858,122.11053557692307,5.9455181721523624,127.6,722.66,1234.93,512.2700000000001,877.056201923077,160.3345173816568,722.66,3.0,16.0,13.0,14.682692307692308,1.543407914201183,16.0,5.0,6.0,1.0,5.002403846153847,0.004796135355030129,5.0,138.0,187.0,49.0,139.80769230769232,2.323779585798824,138.0,1.26,2.1,0.8400000000000001,2.0498317307692306,0.05219085151627227,2.1,1.0,2.0,1.0,1.7980769230769231,0.3223002958579881,2.0,0.0,4.0,4.0,2.90625,1.1876502403846154,4.0,0.0,10.0,10.0,9.975961538461538,0.047961353550295995,10.0,0.0,14.0,14.0,0.03365384615384616,0.0671458949704142,0.0,11.0,16.0,5.0,14.713942307692308,1.499861316568047,16.0,0.0,1.0,1.0,0.2019230769230769,0.32230029585798814,0.0,0.0,3.0,3.0,1.8677884615384615,0.7632789386094674,2.0,0.0,0.0,0.0,0.0,0.0,0.0,0.0,0.0,0.0,0.0,0.0,0.0,0.0,3.0,3.0,2.0697115384615383,0.5143421782544378,2.0,16.33,34.7633333333,18.4333333333,30.154134615367305,5.582823594667566,34.7633333333,0.0,0.464,0.464,0.2409230769230769,0.23165680473372782,0.464,0.0,0.0,0.0,0.0,0.0,0.0,152.0,225.0,73.0,170.78605769230768,22.154736039201175,152.0,1.7980769230769231,2.90625,9.975961538461538,0.03365384615384616,0.12220225453357295,0.19751674562979904,0.6779937918640745,0.0022872079725535046,8.591260798965358,0.1108322810456286,0.01,1.0,0.0,0.2019230769230769,0.27644230769230765,0.5192307692307693,300.0,0.0,0.10799999999999998
s12613-011-0446-5.pdf,10.1007/s12613-011-0446-5,Ag0.84Sb1.15Te2.16,AgSbTe2-Cu,Ag0.84Sb1.15Cu0.01Te2.16,Cu,0.01,Sb,,Cu (0.01) @ Sb site,figure,,Visually estimated from Fig. 3(a),0.75,W/m.K,False,29.0,52.0,23.0,50.65865384615385,1.5816614275147924,52.0,64.0,90.0,26.0,83.50721153846153,7.567850869082843,90.0,63.546,127.6,64.054,121.84729519230767,5.97396268491124,127.6,722.66,1357.77,635.11,877.6950721153845,160.9979595044379,722.66,11.0,16.0,5.0,14.701923076923077,1.512805103550296,16.0,4.0,5.0,1.0,4.997596153846153,0.004796135355030129,5.0,132.0,145.0,13.0,139.67548076923075,2.1502866124260214,138.0,1.9,2.1,0.20000000000000018,2.0513701923076924,0.05050018491124271,2.1,1.0,2.0,1.0,1.7956730769230769,0.3251548631656805,2.0,0.0,4.0,4.0,2.90625,1.1876502403846154,4.0,10.0,10.0,0.0,10.0,0.0,10.0,0.0,0.0,0.0,0.0,0.0,0.0,11.0,16.0,5.0,14.701923076923077,1.512805103550296,16.0,0.0,1.0,1.0,0.20432692307692307,0.32515486316568043,0.0,0.0,3.0,3.0,1.8677884615384615,0.7632789386094674,2.0,0.0,0.0,0.0,0.0,0.0,0.0,0.0,0.0,0.0,0.0,0.0,0.0,1.0,3.0,2.0,2.0721153846153846,0.5130131286982248,2.0,11.07,34.7633333333,23.693333333299996,30.09872596152115,5.651931282352394,34.7633333333,0.0,0.464,0.464,0.2409230769230769,0.23165680473372782,0.464,0.0,0.0,0.0,0.0,0.0,0.0,152.0,225.0,73.0,170.78605769230768,22.154736039201175,152.0,1.7956730769230769,2.90625,10.0,0.0,0.12213865271419228,0.19767822105951602,0.6801831262262917,0.0,8.591260798965358,0.10457509564824082,0.01,1.0,0.0,0.2019230769230769,0.27644230769230765,0.5192307692307693,300.0,1.0,0.030000000000000027
s41467-024-55280-0.pdf,10.1038/s41467-024-55280-0,AgSbTe2,AgSbTe2,AgSbTe2,,,,,,body text,,,0.55,W/m.K,False,47.0,52.0,5.0,50.5,1.75,52.0,65.0,90.0,25.0,82.5,8.75,90.0,107.8682,127.6,19.731799999999993,121.20705,6.669425,127.6,722.66,1234.93,512.2700000000001,896.0074999999999,173.34750000000003,722.66,11.0,16.0,5.0,14.5,1.75,16.0,5.0,5.0,0.0,5.0,0.0,5.0,138.0,145.0,7.0,140.0,2.5,138.0,1.93,2.1,0.17000000000000015,2.045,0.05750000000000005,2.1,1.0,2.0,1.0,1.75,0.375,2.0,0.0,4.0,4.0,2.75,1.375,4.0,10.0,10.0,0.0,10.0,0.0,10.0,0.0,0.0,0.0,0.0,0.0,0.0,11.0,16.0,5.0,14.5,1.75,16.0,0.0,1.0,1.0,0.25,0.375,0.0,0.0,3.0,3.0,1.75,0.875,2.0,0.0,0.0,0.0,0.0,0.0,0.0,0.0,0.0,0.0,0.0,0.0,0.0,1.0,3.0,2.0,2.0,0.5,2.0,16.33,34.7633333333,18.4333333333,29.35416666665,6.512083333324999,34.7633333333,0.0,0.464,0.464,0.232,0.232,0.464,0.0,0.0,0.0,0.0,0.0,0.0,152.0,225.0,73.0,173.75,25.625,152.0,1.75,2.75,10.0,0.0,0.1206896551724138,0.1896551724137931,0.6896551724137931,0.0,8.644719482306641,0.11200000000000014,,0.0,0.0,0.25,0.25,0.5,300.0,,
s41467-024-55280-0.pdf,10.1038/s41467-024-55280-0,AgSbTe2,AgSbTe2,AgSbTe2,,,,,,body text,,,0.48,W/m.K,False,47.0,52.0,5.0,50.5,1.75,52.0,65.0,90.0,25.0,82.5,8.75,90.0,107.8682,127.6,19.731799999999993,121.20705,6.669425,127.6,722.66,1234.93,512.2700000000001,896.0074999999999,173.34750000000003,722.66,11.0,16.0,5.0,14.5,1.75,16.0,5.0,5.0,0.0,5.0,0.0,5.0,138.0,145.0,7.0,140.0,2.5,138.0,1.93,2.1,0.17000000000000015,2.045,0.05750000000000005,2.1,1.0,2.0,1.0,1.75,0.375,2.0,0.0,4.0,4.0,2.75,1.375,4.0,10.0,10.0,0.0,10.0,0.0,10.0,0.0,0.0,0.0,0.0,0.0,0.0,11.0,16.0,5.0,14.5,1.75,16.0,0.0,1.0,1.0,0.25,0.375,0.0,0.0,3.0,3.0,1.75,0.875,2.0,0.0,0.0,0.0,0.0,0.0,0.0,0.0,0.0,0.0,0.0,0.0,0.0,1.0,3.0,2.0,2.0,0.5,2.0,16.33,34.7633333333,18.4333333333,29.35416666665,6.512083333324999,34.7633333333,0.0,0.464,0.464,0.232,0.232,0.464,0.0,0.0,0.0,0.0,0.0,0.0,152.0,225.0,73.0,173.75,25.625,152.0,1.75,2.75,10.0,0.0,0.1206896551724138,0.1896551724137931,0.6896551724137931,0.0,8.644719482306641,0.11200000000000014,,0.0,0.0,0.25,0.25,0.5,450.0,,
science.1092963.pdf,,AgPb_mSbTe_2+m,AgPb10SbTe12,AgPb10SbTe12,Ag,nominal,Ag,Sb (nominal) @ Sb,Ag (nominal) @ Ag site; Sb (nominal) @ Sb site,body text,,,1.3,W/m.K,False,47.0,82.0,35.0,64.25,14.791666666666666,52.0,65.0,90.0,25.0,85.0,5.0,90.0,107.8682,207.2,99.33179999999999,159.701175,39.58235416666667,127.6,600.61,1234.93,634.32,700.6970833333334,83.40590277777777,722.66,11.0,16.0,5.0,14.916666666666666,1.090277777777778,16.0,5.0,6.0,1.0,5.416666666666667,0.48611111111111116,5.0,138.0,146.0,8.0,141.66666666666666,3.888888888888888,138.0,1.93,2.33,0.40000000000000013,2.186666666666667,0.1194444444444445,2.1,1.0,2.0,1.0,1.9583333333333333,0.07986111111111117,2.0,0.0,4.0,4.0,2.9583333333333335,1.045138888888889,4.0,10.0,10.0,0.0,10.0,0.0,10.0,0.0,14.0,14.0,5.833333333333333,6.805555555555556,0.0,11.0,28.0,17.0,20.75,6.041666666666667,16.0,0.0,1.0,1.0,0.041666666666666664,0.07986111111111112,0.0,0.0,4.0,4.0,2.7916666666666665,1.0243055555555556,2.0,0.0,0.0,0.0,0.0,0.0,0.0,0.0,0.0,0.0,0.0,0.0,0.0,1.0,4.0,3.0,2.8333333333333335,0.986111111111111,2.0,16.33,34.7633333333,18.4333333333,31.089583333316664,3.7129513888736096,34.7633333333,0.0,0.464,0.464,0.232,0.23200000000000007,0.464,0.0,0.0,0.0,0.0,0.0,0.0,152.0,225.0,73.0,186.04166666666666,35.71180555555555,152.0,1.9583333333333333,2.9583333333333335,10.0,5.833333333333333,0.09437751004016064,0.142570281124498,0.4819277108433735,0.28112449799196787,8.116495679119133,0.2252121212121213,,2.0,1.0,0.041666666666666664,0.041666666666666664,0.5,300.0,0.0,0.0
science.1092963.pdf,,AgPb_mSbTe_2+m,AgPb10SbTe12,AgPb10SbTe12,Pb,m=10,multiple sites,,Pb (m=10) @ multiple sites site,figure,Fig. 2B,Visually estimated from Fig. 2B,2.0,W/m.K,False,47.0,82.0,35.0,64.25,14.791666666666666,52.0,65.0,90.0,25.0,85.0,5.0,90.0,107.8682,207.2,99.33179999999999,159.701175,39.58235416666667,127.6,600.61,1234.93,634.32,700.6970833333334,83.40590277777777,722.66,11.0,16.0,5.0,14.916666666666666,1.090277777777778,16.0,5.0,6.0,1.0,5.416666666666667,0.48611111111111116,5.0,138.0,146.0,8.0,141.66666666666666,3.888888888888888,138.0,1.93,2.33,0.40000000000000013,2.186666666666667,0.1194444444444445,2.1,1.0,2.0,1.0,1.9583333333333333,0.07986111111111117,2.0,0.0,4.0,4.0,2.9583333333333335,1.045138888888889,4.0,10.0,10.0,0.0,10.0,0.0,10.0,0.0,14.0,14.0,5.833333333333333,6.805555555555556,0.0,11.0,28.0,17.0,20.75,6.041666666666667,16.0,0.0,1.0,1.0,0.041666666666666664,0.07986111111111112,0.0,0.0,4.0,4.0,2.7916666666666665,1.0243055555555556,2.0,0.0,0.0,0.0,0.0,0.0,0.0,0.0,0.0,0.0,0.0,0.0,0.0,1.0,4.0,3.0,2.8333333333333335,0.986111111111111,2.0,16.33,34.7633333333,18.4333333333,31.089583333316664,3.7129513888736096,34.7633333333,0.0,0.464,0.464,0.232,0.23200000000000007,0.464,0.0,0.0,0.0,0.0,0.0,0.0,152.0,225.0,73.0,186.04166666666666,35.71180555555555,152.0,1.9583333333333333,2.9583333333333335,10.0,5.833333333333333,0.09437751004016064,0.142570281124498,0.4819277108433735,0.28112449799196787,8.116495679119133,0.2252121212121213,0.1,1.0,0.0,0.041666666666666664,0.041666666666666664,0.5,300.0,,
science.1092963.pdf,,AgPb_mSbTe_2+m,AgPb10SbTe12,AgPb10SbTe12,Pb,m=10,multiple sites,,Pb (m=10) @ multiple sites site,figure,Fig. 2B,Visually estimated from Fig. 2B,1.0,W/m.K,False,47.0,82.0,35.0,64.25,14.791666666666666,52.0,65.0,90.0,25.0,85.0,5.0,90.0,107.8682,207.2,99.33179999999999,159.701175,39.58235416666667,127.6,600.61,1234.93,634.32,700.6970833333334,83.40590277777777,722.66,11.0,16.0,5.0,14.916666666666666,1.090277777777778,16.0,5.0,6.0,1.0,5.416666666666667,0.48611111111111116,5.0,138.0,146.0,8.0,141.66666666666666,3.888888888888888,138.0,1.93,2.33,0.40000000000000013,2.186666666666667,0.1194444444444445,2.1,1.0,2.0,1.0,1.9583333333333333,0.07986111111111117,2.0,0.0,4.0,4.0,2.9583333333333335,1.045138888888889,4.0,10.0,10.0,0.0,10.0,0.0,10.0,0.0,14.0,14.0,5.833333333333333,6.805555555555556,0.0,11.0,28.0,17.0,20.75,6.041666666666667,16.0,0.0,1.0,1.0,0.041666666666666664,0.07986111111111112,0.0,0.0,4.0,4.0,2.7916666666666665,1.0243055555555556,2.0,0.0,0.0,0.0,0.0,0.0,0.0,0.0,0.0,0.0,0.0,0.0,0.0,1.0,4.0,3.0,2.8333333333333335,0.986111111111111,2.0,16.33,34.7633333333,18.4333333333,31.089583333316664,3.7129513888736096,34.7633333333,0.0,0.464,0.464,0.232,0.23200000000000007,0.464,0.0,0.0,0.0,0.0,0.0,0.0,152.0,225.0,73.0,186.04166666666666,35.71180555555555,152.0,1.9583333333333333,2.9583333333333335,10.0,5.833333333333333,0.09437751004016064,0.142570281124498,0.4819277108433735,0.28112449799196787,8.116495679119133,0.2252121212121213,0.1,1.0,0.0,0.041666666666666664,0.041666666666666664,0.5,700.0,,
science.1092963.pdf,,AgPb_mSbTe_2+m,AgPb18SbTe20,AgPb18SbTe20,Pb,m=18,multiple sites,,Pb (m=18) @ multiple sites site,figure,Fig. 3B,Visually estimated from Fig. 3B,2.2,W/m.K,False,47.0,82.0,35.0,65.35,14.985,52.0,65.0,90.0,25.0,85.2,4.8,90.0,107.8682,207.2,99.33179999999999,162.78070499999998,39.9773655,127.6,600.61,1234.93,634.32,685.0722499999999,76.01602499999998,722.66,11.0,16.0,5.0,14.95,1.0525,16.0,5.0,6.0,1.0,5.45,0.495,5.0,138.0,146.0,8.0,141.8,3.9400000000000004,138.0,1.93,2.33,0.40000000000000013,2.1979999999999995,0.11879999999999995,2.1,1.0,2.0,1.0,1.975,0.04874999999999992,2.0,0.0,4.0,4.0,2.975,1.0262499999999999,4.0,10.0,10.0,0.0,10.0,0.0,10.0,0.0,14.0,14.0,6.3,6.9300000000000015,0.0,11.0,28.0,17.0,21.25,6.075,16.0,0.0,1.0,1.0,0.025,0.04875,0.0,0.0,4.0,4.0,2.875,1.01875,2.0,0.0,0.0,0.0,0.0,0.0,0.0,0.0,0.0,0.0,0.0,0.0,0.0,1.0,4.0,3.0,2.9,0.9949999999999999,2.0,16.33,34.7633333333,18.4333333333,31.228416666650002,3.5514958333174986,34.7633333333,0.0,0.464,0.464,0.23200000000000004,0.23200000000000004,0.464,0.0,0.0,0.0,0.0,0.0,0.0,152.0,225.0,73.0,187.025,36.07625,152.0,1.975,2.975,10.0,6.3,0.09294117647058824,0.14,0.47058823529411764,0.2964705882352941,7.402748752620393,0.22782608695652173,0.18,1.0,0.0,0.025,0.025,0.5,300.0,,
science.1092963.pdf,,AgPb_mSbTe_2+m,AgPb18SbTe20,AgPb18SbTe20,Pb,m=18,multiple sites,,Pb (m=18) @ multiple sites site,figure,Fig. 3B,Visually estimated from Fig. 3B,0.9,W/m.K,False,47.0,82.0,35.0,65.35,14.985,52.0,65.0,90.0,25.0,85.2,4.8,90.0,107.8682,207.2,99.33179999999999,162.78070499999998,39.9773655,127.6,600.61,1234.93,634.32,685.0722499999999,76.01602499999998,722.66,11.0,16.0,5.0,14.95,1.0525,16.0,5.0,6.0,1.0,5.45,0.495,5.0,138.0,146.0,8.0,141.8,3.9400000000000004,138.0,1.93,2.33,0.40000000000000013,2.1979999999999995,0.11879999999999995,2.1,1.0,2.0,1.0,1.975,0.04874999999999992,2.0,0.0,4.0,4.0,2.975,1.0262499999999999,4.0,10.0,10.0,0.0,10.0,0.0,10.0,0.0,14.0,14.0,6.3,6.9300000000000015,0.0,11.0,28.0,17.0,21.25,6.075,16.0,0.0,1.0,1.0,0.025,0.04875,0.0,0.0,4.0,4.0,2.875,1.01875,2.0,0.0,0.0,0.0,0.0,0.0,0.0,0.0,0.0,0.0,0.0,0.0,0.0,1.0,4.0,3.0,2.9,0.9949999999999999,2.0,16.33,34.7633333333,18.4333333333,31.228416666650002,3.5514958333174986,34.7633333333,0.0,0.464,0.464,0.23200000000000004,0.23200000000000004,0.464,0.0,0.0,0.0,0.0,0.0,0.0,152.0,225.0,73.0,187.025,36.07625,152.0,1.975,2.975,10.0,6.3,0.09294117647058824,0.14,0.47058823529411764,0.2964705882352941,7.402748752620393,0.22782608695652173,0.18,1.0,0.0,0.025,0.025,0.5,800.0,,
science.abb3517.pdf,,AgSbTe2,Pristine AgSbTe2,AgSbTe2,,,,,,body text,,,0.5,W/m.K,False,47.0,52.0,5.0,50.5,1.75,52.0,65.0,90.0,25.0,82.5,8.75,90.0,107.8682,127.6,19.731799999999993,121.20705,6.669425,127.6,722.66,1234.93,512.2700000000001,896.0074999999999,173.34750000000003,722.66,11.0,16.0,5.0,14.5,1.75,16.0,5.0,5.0,0.0,5.0,0.0,5.0,138.0,145.0,7.0,140.0,2.5,138.0,1.93,2.1,0.17000000000000015,2.045,0.05750000000000005,2.1,1.0,2.0,1.0,1.75,0.375,2.0,0.0,4.0,4.0,2.75,1.375,4.0,10.0,10.0,0.0,10.0,0.0,10.0,0.0,0.0,0.0,0.0,0.0,0.0,11.0,16.0,5.0,14.5,1.75,16.0,0.0,1.0,1.0,0.25,0.375,0.0,0.0,3.0,3.0,1.75,0.875,2.0,0.0,0.0,0.0,0.0,0.0,0.0,0.0,0.0,0.0,0.0,0.0,0.0,1.0,3.0,2.0,2.0,0.5,2.0,16.33,34.7633333333,18.4333333333,29.35416666665,6.512083333324999,34.7633333333,0.0,0.464,0.464,0.232,0.232,0.464,0.0,0.0,0.0,0.0,0.0,0.0,152.0,225.0,73.0,173.75,25.625,152.0,1.75,2.75,10.0,0.0,0.1206896551724138,0.1896551724137931,0.6896551724137931,0.0,8.644719482306641,0.11200000000000014,,0.0,0.0,0.25,0.25,0.5,300.0,,
science.abb3517.pdf,,AgSbTe2,Pristine AgSbTe2,AgSbTe2,,,,,,body text,,,0.55,W/m.K,False,47.0,52.0,5.0,50.5,1.75,52.0,65.0,90.0,25.0,82.5,8.75,90.0,107.8682,127.6,19.731799999999993,121.20705,6.669425,127.6,722.66,1234.93,512.2700000000001,896.0074999999999,173.34750000000003,722.66,11.0,16.0,5.0,14.5,1.75,16.0,5.0,5.0,0.0,5.0,0.0,5.0,138.0,145.0,7.0,140.0,2.5,138.0,1.93,2.1,0.17000000000000015,2.045,0.05750000000000005,2.1,1.0,2.0,1.0,1.75,0.375,2.0,0.0,4.0,4.0,2.75,1.375,4.0,10.0,10.0,0.0,10.0,0.0,10.0,0.0,0.0,0.0,0.0,0.0,0.0,11.0,16.0,5.0,14.5,1.75,16.0,0.0,1.0,1.0,0.25,0.375,0.0,0.0,3.0,3.0,1.75,0.875,2.0,0.0,0.0,0.0,0.0,0.0,0.0,0.0,0.0,0.0,0.0,0.0,0.0,1.0,3.0,2.0,2.0,0.5,2.0,16.33,34.7633333333,18.4333333333,29.35416666665,6.512083333324999,34.7633333333,0.0,0.464,0.464,0.232,0.232,0.464,0.0,0.0,0.0,0.0,0.0,0.0,152.0,225.0,73.0,173.75,25.625,152.0,1.75,2.75,10.0,0.0,0.1206896551724138,0.1896551724137931,0.6896551724137931,0.0,8.644719482306641,0.11200000000000014,,0.0,0.0,0.25,0.25,0.5,300.0,,
science.abb3517.pdf,,AgSbTe2,6 mol % Cd-doped AgSbTe2,AgSb0.94Cd0.06Te2,Cd,6 mol %,Sb,,Cd (6 mol %) @ Sb site,body text,,,0.28,W/m.K,False,47.0,52.0,5.0,50.455,1.8011500000000007,52.0,65.0,90.0,25.0,82.27499999999999,9.005750000000004,90.0,107.8682,127.6,19.731799999999993,121.06681499999999,6.858981950000002,127.6,594.22,1234.93,640.71,891.3641,177.618423,722.66,11.0,16.0,5.0,14.455,1.8011499999999998,16.0,5.0,5.0,0.0,5.0,0.0,5.0,138.0,145.0,7.0,140.075,2.580249999999995,138.0,1.69,2.1,0.41000000000000014,2.0396,0.06528799999999998,2.1,1.0,2.0,1.0,1.75,0.375,2.0,0.0,4.0,4.0,2.705,1.43365,4.0,10.0,10.0,0.0,10.0,0.0,10.0,0.0,0.0,0.0,0.0,0.0,0.0,11.0,16.0,5.0,14.455,1.8011499999999998,16.0,0.0,1.0,1.0,0.25,0.375,0.0,0.0,3.0,3.0,1.705,0.90365,2.0,0.0,0.0,0.0,0.0,0.0,0.0,0.0,0.0,0.0,0.0,0.0,0.0,0.0,3.0,3.0,1.955,0.53615,2.0,16.33,34.7633333333,18.4333333333,29.17319166665,6.711941583324499,34.7633333333,0.0,0.464,0.464,0.232,0.232,0.464,0.0,0.0,0.0,0.0,0.0,0.0,152.0,225.0,73.0,174.17,26.009899999999995,152.0,1.75,2.705,10.0,0.0,0.12106537530266344,0.18713248011068834,0.6918021445866482,0.0,9.11649772763948,0.1247338027054823,0.06,1.0,0.0,0.25,0.235,0.5,300.0,1.0,0.19000000000000006
science.abb3517.pdf,,AgSbTe2,AgSbTe2,AgSbTe2,,,,,,figure,Fig. 4D,Visually estimated from Fig. 4D,0.55,W/m.K,False,47.0,52.0,5.0,50.5,1.75,52.0,65.0,90.0,25.0,82.5,8.75,90.0,107.8682,127.6,19.731799999999993,121.20705,6.669425,127.6,722.66,1234.93,512.2700000000001,896.0074999999999,173.34750000000003,722.66,11.0,16.0,5.0,14.5,1.75,16.0,5.0,5.0,0.0,5.0,0.0,5.0,138.0,145.0,7.0,140.0,2.5,138.0,1.93,2.1,0.17000000000000015,2.045,0.05750000000000005,2.1,1.0,2.0,1.0,1.75,0.375,2.0,0.0,4.0,4.0,2.75,1.375,4.0,10.0,10.0,0.0,10.0,0.0,10.0,0.0,0.0,0.0,0.0,0.0,0.0,11.0,16.0,5.0,14.5,1.75,16.0,0.0,1.0,1.0,0.25,0.375,0.0,0.0,3.0,3.0,1.75,0.875,2.0,0.0,0.0,0.0,0.0,0.0,0.0,0.0,0.0,0.0,0.0,0.0,0.0,1.0,3.0,2.0,2.0,0.5,2.0,16.33,34.7633333333,18.4333333333,29.35416666665,6.512083333324999,34.7633333333,0.0,0.464,0.464,0.232,0.232,0.464,0.0,0.0,0.0,0.0,0.0,0.0,152.0,225.0,73.0,173.75,25.625,152.0,1.75,2.75,10.0,0.0,0.1206896551724138,0.1896551724137931,0.6896551724137931,0.0,8.644719482306641,0.11200000000000014,,0.0,0.0,0.25,0.25,0.5,300.0,,
science.abb3517.pdf,,AgSbTe2,AgSb0.98Cd0.02Te2,AgSb0.98Cd0.02Te2,Cd,2 mol %,Sb,,Cd (2 mol %) @ Sb site,figure,Fig. 4D,Visually estimated from Fig. 4D,0.4,W/m.K,False,47.0,52.0,5.0,50.485,1.7673500000000002,52.0,65.0,90.0,25.0,82.42500000000001,8.836749999999995,90.0,107.8682,127.6,19.731799999999993,121.160305,6.7335455500000005,127.6,594.22,1234.93,640.71,894.4596999999999,174.80209700000003,722.66,11.0,16.0,5.0,14.485,1.7673500000000002,16.0,5.0,5.0,0.0,5.0,0.0,5.0,138.0,145.0,7.0,140.025,2.5272500000000027,138.0,1.69,2.1,0.41000000000000014,2.0432,0.060131999999999956,2.1,1.0,2.0,1.0,1.75,0.375,2.0,0.0,4.0,4.0,2.735,1.39485,4.0,10.0,10.0,0.0,10.0,0.0,10.0,0.0,0.0,0.0,0.0,0.0,0.0,11.0,16.0,5.0,14.485,1.7673500000000002,16.0,0.0,1.0,1.0,0.25,0.375,0.0,0.0,3.0,3.0,1.7349999999999999,0.88485,2.0,0.0,0.0,0.0,0.0,0.0,0.0,0.0,0.0,0.0,0.0,0.0,0.0,0.0,3.0,3.0,1.9849999999999999,0.5123500000000001,2.0,16.33,34.7633333333,18.4333333333,29.293841666649996,6.5799092499915,34.7633333333,0.0,0.464,0.464,0.232,0.23199999999999998,0.464,0.0,0.0,0.0,0.0,0.0,0.0,152.0,225.0,73.0,173.89,25.756099999999993,152.0,1.75,2.735,10.0,0.0,0.12081463583016915,0.18881601656886435,0.6903693476009666,0.0,8.848505117923192,0.11631524424256928,0.02,1.0,0.0,0.25,0.245,0.5,300.0,1.0,0.19000000000000006
science.abb3517.pdf,,AgSbTe2,AgSb0.94Cd0.06Te2,AgSb0.94Cd0.06Te2,Cd,6 mol %,Sb,,Cd (6 mol %) @ Sb site,figure,Fig. 4D,Visually estimated from Fig. 4D,0.35,W/m.K,False,47.0,52.0,5.0,50.455,1.8011500000000007,52.0,65.0,90.0,25.0,82.27499999999999,9.005750000000004,90.0,107.8682,127.6,19.731799999999993,121.06681499999999,6.858981950000002,127.6,594.22,1234.93,640.71,891.3641,177.618423,722.66,11.0,16.0,5.0,14.455,1.8011499999999998,16.0,5.0,5.0,0.0,5.0,0.0,5.0,138.0,145.0,7.0,140.075,2.580249999999995,138.0,1.69,2.1,0.41000000000000014,2.0396,0.06528799999999998,2.1,1.0,2.0,1.0,1.75,0.375,2.0,0.0,4.0,4.0,2.705,1.43365,4.0,10.0,10.0,0.0,10.0,0.0,10.0,0.0,0.0,0.0,0.0,0.0,0.0,11.0,16.0,5.0,14.455,1.8011499999999998,16.0,0.0,1.0,1.0,0.25,0.375,0.0,0.0,3.0,3.0,1.705,0.90365,2.0,0.0,0.0,0.0,0.0,0.0,0.0,0.0,0.0,0.0,0.0,0.0,0.0,0.0,3.0,3.0,1.955,0.53615,2.0,16.33,34.7633333333,18.4333333333,29.17319166665,6.711941583324499,34.7633333333,0.0,0.464,0.464,0.232,0.232,0.464,0.0,0.0,0.0,0.0,0.0,0.0,152.0,225.0,73.0,174.17,26.009899999999995,152.0,1.75,2.705,10.0,0.0,0.12106537530266344,0.18713248011068834,0.6918021445866482,0.0,9.11649772763948,0.1247338027054823,0.06,1.0,0.0,0.25,0.235,0.5,300.0,1.0,0.19000000000000006
sectional-analysis-of-thermoelectric-performance-in-agsbte2-ingots-processed-by-horizontal-zone-melting.pdf,10.1142/S0217979226502358,AgSbTe2,Part I,AgSbTe2,,,,,,figure,Fig. 2,Visually estimated from Fig. 2,0.6,W/m.K,False,47.0,52.0,5.0,50.5,1.75,52.0,65.0,90.0,25.0,82.5,8.75,90.0,107.8682,127.6,19.731799999999993,121.20705,6.669425,127.6,722.66,1234.93,512.2700000000001,896.0074999999999,173.34750000000003,722.66,11.0,16.0,5.0,14.5,1.75,16.0,5.0,5.0,0.0,5.0,0.0,5.0,138.0,145.0,7.0,140.0,2.5,138.0,1.93,2.1,0.17000000000000015,2.045,0.05750000000000005,2.1,1.0,2.0,1.0,1.75,0.375,2.0,0.0,4.0,4.0,2.75,1.375,4.0,10.0,10.0,0.0,10.0,0.0,10.0,0.0,0.0,0.0,0.0,0.0,0.0,11.0,16.0,5.0,14.5,1.75,16.0,0.0,1.0,1.0,0.25,0.375,0.0,0.0,3.0,3.0,1.75,0.875,2.0,0.0,0.0,0.0,0.0,0.0,0.0,0.0,0.0,0.0,0.0,0.0,0.0,1.0,3.0,2.0,2.0,0.5,2.0,16.33,34.7633333333,18.4333333333,29.35416666665,6.512083333324999,34.7633333333,0.0,0.464,0.464,0.232,0.232,0.464,0.0,0.0,0.0,0.0,0.0,0.0,152.0,225.0,73.0,173.75,25.625,152.0,1.75,2.75,10.0,0.0,0.1206896551724138,0.1896551724137931,0.6896551724137931,0.0,8.644719482306641,0.11200000000000014,,0.0,0.0,0.25,0.25,0.5,80.0,,
sectional-analysis-of-thermoelectric-performance-in-agsbte2-ingots-processed-by-horizontal-zone-melting.pdf,10.1142/S0217979226502358,AgSbTe2,Part I,AgSbTe2,,,,,,figure,Fig. 2,Visually estimated from Fig. 2,0.65,W/m.K,False,47.0,52.0,5.0,50.5,1.75,52.0,65.0,90.0,25.0,82.5,8.75,90.0,107.8682,127.6,19.731799999999993,121.20705,6.669425,127.6,722.66,1234.93,512.2700000000001,896.0074999999999,173.34750000000003,722.66,11.0,16.0,5.0,14.5,1.75,16.0,5.0,5.0,0.0,5.0,0.0,5.0,138.0,145.0,7.0,140.0,2.5,138.0,1.93,2.1,0.17000000000000015,2.045,0.05750000000000005,2.1,1.0,2.0,1.0,1.75,0.375,2.0,0.0,4.0,4.0,2.75,1.375,4.0,10.0,10.0,0.0,10.0,0.0,10.0,0.0,0.0,0.0,0.0,0.0,0.0,11.0,16.0,5.0,14.5,1.75,16.0,0.0,1.0,1.0,0.25,0.375,0.0,0.0,3.0,3.0,1.75,0.875,2.0,0.0,0.0,0.0,0.0,0.0,0.0,0.0,0.0,0.0,0.0,0.0,0.0,1.0,3.0,2.0,2.0,0.5,2.0,16.33,34.7633333333,18.4333333333,29.35416666665,6.512083333324999,34.7633333333,0.0,0.464,0.464,0.232,0.232,0.464,0.0,0.0,0.0,0.0,0.0,0.0,152.0,225.0,73.0,173.75,25.625,152.0,1.75,2.75,10.0,0.0,0.1206896551724138,0.1896551724137931,0.6896551724137931,0.0,8.644719482306641,0.11200000000000014,,0.0,0.0,0.25,0.25,0.5,300.0,,
sectional-analysis-of-thermoelectric-performance-in-agsbte2-ingots-processed-by-horizontal-zone-melting.pdf,10.1142/S0217979226502358,AgSbTe2,Part II,AgSbTe2,,,,,,figure,Fig. 2,Visually estimated from Fig. 2,0.68,W/m.K,False,47.0,52.0,5.0,50.5,1.75,52.0,65.0,90.0,25.0,82.5,8.75,90.0,107.8682,127.6,19.731799999999993,121.20705,6.669425,127.6,722.66,1234.93,512.2700000000001,896.0074999999999,173.34750000000003,722.66,11.0,16.0,5.0,14.5,1.75,16.0,5.0,5.0,0.0,5.0,0.0,5.0,138.0,145.0,7.0,140.0,2.5,138.0,1.93,2.1,0.17000000000000015,2.045,0.05750000000000005,2.1,1.0,2.0,1.0,1.75,0.375,2.0,0.0,4.0,4.0,2.75,1.375,4.0,10.0,10.0,0.0,10.0,0.0,10.0,0.0,0.0,0.0,0.0,0.0,0.0,11.0,16.0,5.0,14.5,1.75,16.0,0.0,1.0,1.0,0.25,0.375,0.0,0.0,3.0,3.0,1.75,0.875,2.0,0.0,0.0,0.0,0.0,0.0,0.0,0.0,0.0,0.0,0.0,0.0,0.0,1.0,3.0,2.0,2.0,0.5,2.0,16.33,34.7633333333,18.4333333333,29.35416666665,6.512083333324999,34.7633333333,0.0,0.464,0.464,0.232,0.232,0.464,0.0,0.0,0.0,0.0,0.0,0.0,152.0,225.0,73.0,173.75,25.625,152.0,1.75,2.75,10.0,0.0,0.1206896551724138,0.1896551724137931,0.6896551724137931,0.0,8.644719482306641,0.11200000000000014,,0.0,0.0,0.25,0.25,0.5,80.0,,
sectional-analysis-of-thermoelectric-performance-in-agsbte2-ingots-processed-by-horizontal-zone-melting.pdf,10.1142/S0217979226502358,AgSbTe2,Part II,AgSbTe2,,,,,,figure,Fig. 2,Visually estimated from Fig. 2,0.8,W/m.K,False,47.0,52.0,5.0,50.5,1.75,52.0,65.0,90.0,25.0,82.5,8.75,90.0,107.8682,127.6,19.731799999999993,121.20705,6.669425,127.6,722.66,1234.93,512.2700000000001,896.0074999999999,173.34750000000003,722.66,11.0,16.0,5.0,14.5,1.75,16.0,5.0,5.0,0.0,5.0,0.0,5.0,138.0,145.0,7.0,140.0,2.5,138.0,1.93,2.1,0.17000000000000015,2.045,0.05750000000000005,2.1,1.0,2.0,1.0,1.75,0.375,2.0,0.0,4.0,4.0,2.75,1.375,4.0,10.0,10.0,0.0,10.0,0.0,10.0,0.0,0.0,0.0,0.0,0.0,0.0,11.0,16.0,5.0,14.5,1.75,16.0,0.0,1.0,1.0,0.25,0.375,0.0,0.0,3.0,3.0,1.75,0.875,2.0,0.0,0.0,0.0,0.0,0.0,0.0,0.0,0.0,0.0,0.0,0.0,0.0,1.0,3.0,2.0,2.0,0.5,2.0,16.33,34.7633333333,18.4333333333,29.35416666665,6.512083333324999,34.7633333333,0.0,0.464,0.464,0.232,0.232,0.464,0.0,0.0,0.0,0.0,0.0,0.0,152.0,225.0,73.0,173.75,25.625,152.0,1.75,2.75,10.0,0.0,0.1206896551724138,0.1896551724137931,0.6896551724137931,0.0,8.644719482306641,0.11200000000000014,,0.0,0.0,0.25,0.25,0.5,300.0,,
sectional-analysis-of-thermoelectric-performance-in-agsbte2-ingots-processed-by-horizontal-zone-melting.pdf,10.1142/S0217979226502358,AgSbTe2,Part III,AgSbTe2,,,,,,figure,Fig. 2,Visually estimated from Fig. 2,0.58,W/m.K,False,47.0,52.0,5.0,50.5,1.75,52.0,65.0,90.0,25.0,82.5,8.75,90.0,107.8682,127.6,19.731799999999993,121.20705,6.669425,127.6,722.66,1234.93,512.2700000000001,896.0074999999999,173.34750000000003,722.66,11.0,16.0,5.0,14.5,1.75,16.0,5.0,5.0,0.0,5.0,0.0,5.0,138.0,145.0,7.0,140.0,2.5,138.0,1.93,2.1,0.17000000000000015,2.045,0.05750000000000005,2.1,1.0,2.0,1.0,1.75,0.375,2.0,0.0,4.0,4.0,2.75,1.375,4.0,10.0,10.0,0.0,10.0,0.0,10.0,0.0,0.0,0.0,0.0,0.0,0.0,11.0,16.0,5.0,14.5,1.75,16.0,0.0,1.0,1.0,0.25,0.375,0.0,0.0,3.0,3.0,1.75,0.875,2.0,0.0,0.0,0.0,0.0,0.0,0.0,0.0,0.0,0.0,0.0,0.0,0.0,1.0,3.0,2.0,2.0,0.5,2.0,16.33,34.7633333333,18.4333333333,29.35416666665,6.512083333324999,34.7633333333,0.0,0.464,0.464,0.232,0.232,0.464,0.0,0.0,0.0,0.0,0.0,0.0,152.0,225.0,73.0,173.75,25.625,152.0,1.75,2.75,10.0,0.0,0.1206896551724138,0.1896551724137931,0.6896551724137931,0.0,8.644719482306641,0.11200000000000014,,0.0,0.0,0.25,0.25,0.5,80.0,,
sectional-analysis-of-thermoelectric-performance-in-agsbte2-ingots-processed-by-horizontal-zone-melting.pdf,10.1142/S0217979226502358,AgSbTe2,Part III,AgSbTe2,,,,,,figure,Fig. 2,Visually estimated from Fig. 2,0.62,W/m.K,False,47.0,52.0,5.0,50.5,1.75,52.0,65.0,90.0,25.0,82.5,8.75,90.0,107.8682,127.6,19.731799999999993,121.20705,6.669425,127.6,722.66,1234.93,512.2700000000001,896.0074999999999,173.34750000000003,722.66,11.0,16.0,5.0,14.5,1.75,16.0,5.0,5.0,0.0,5.0,0.0,5.0,138.0,145.0,7.0,140.0,2.5,138.0,1.93,2.1,0.17000000000000015,2.045,0.05750000000000005,2.1,1.0,2.0,1.0,1.75,0.375,2.0,0.0,4.0,4.0,2.75,1.375,4.0,10.0,10.0,0.0,10.0,0.0,10.0,0.0,0.0,0.0,0.0,0.0,0.0,11.0,16.0,5.0,14.5,1.75,16.0,0.0,1.0,1.0,0.25,0.375,0.0,0.0,3.0,3.0,1.75,0.875,2.0,0.0,0.0,0.0,0.0,0.0,0.0,0.0,0.0,0.0,0.0,0.0,0.0,1.0,3.0,2.0,2.0,0.5,2.0,16.33,34.7633333333,18.4333333333,29.35416666665,6.512083333324999,34.7633333333,0.0,0.464,0.464,0.232,0.232,0.464,0.0,0.0,0.0,0.0,0.0,0.0,152.0,225.0,73.0,173.75,25.625,152.0,1.75,2.75,10.0,0.0,0.1206896551724138,0.1896551724137931,0.6896551724137931,0.0,8.644719482306641,0.11200000000000014,,0.0,0.0,0.25,0.25,0.5,300.0,,
ssrn-4526442.pdf,,AgSbTe2,AgSbTe2 (pristine),AgSbTe2,,,,,,text,"Page 2, Introduction",,0.6,W/m.K,False,47.0,52.0,5.0,50.5,1.75,52.0,65.0,90.0,25.0,82.5,8.75,90.0,107.8682,127.6,19.731799999999993,121.20705,6.669425,127.6,722.66,1234.93,512.2700000000001,896.0074999999999,173.34750000000003,722.66,11.0,16.0,5.0,14.5,1.75,16.0,5.0,5.0,0.0,5.0,0.0,5.0,138.0,145.0,7.0,140.0,2.5,138.0,1.93,2.1,0.17000000000000015,2.045,0.05750000000000005,2.1,1.0,2.0,1.0,1.75,0.375,2.0,0.0,4.0,4.0,2.75,1.375,4.0,10.0,10.0,0.0,10.0,0.0,10.0,0.0,0.0,0.0,0.0,0.0,0.0,11.0,16.0,5.0,14.5,1.75,16.0,0.0,1.0,1.0,0.25,0.375,0.0,0.0,3.0,3.0,1.75,0.875,2.0,0.0,0.0,0.0,0.0,0.0,0.0,0.0,0.0,0.0,0.0,0.0,0.0,1.0,3.0,2.0,2.0,0.5,2.0,16.33,34.7633333333,18.4333333333,29.35416666665,6.512083333324999,34.7633333333,0.0,0.464,0.464,0.232,0.232,0.464,0.0,0.0,0.0,0.0,0.0,0.0,152.0,225.0,73.0,173.75,25.625,152.0,1.75,2.75,10.0,0.0,0.1206896551724138,0.1896551724137931,0.6896551724137931,0.0,8.644719482306641,0.11200000000000014,,0.0,0.0,0.25,0.25,0.5,300.0,,
ssrn-4526442.pdf,,AgSbTe2,AgSb0.95Ti0.05Te2,AgSb0.95Ti0.05Te2,Ti,0.05,Sb,,Ti (0.05) @ Sb site,text,body text,Explicitly stated in text,0.52,W/m.K,False,22.0,52.0,30.0,50.137499999999996,2.272187500000002,52.0,43.0,90.0,47.0,81.975,9.461875000000003,90.0,47.867,127.6,79.733,120.2833875,8.018003437499996,127.6,722.66,1941.0,1218.3400000000001,908.9727499999999,188.77930625,722.66,4.0,16.0,12.0,14.3625,1.9403124999999997,16.0,4.0,5.0,1.0,4.9875,0.024687500000000175,5.0,138.0,160.0,22.0,140.2625,2.8621874999999948,138.0,1.54,2.1,0.56,2.0386249999999997,0.06677812500000016,2.1,1.0,2.0,1.0,1.75,0.375,2.0,0.0,4.0,4.0,2.7125,1.4240625,4.0,2.0,10.0,8.0,9.9,0.19749999999999965,10.0,0.0,0.0,0.0,0.0,0.0,0.0,4.0,16.0,12.0,14.3625,1.9403124999999997,16.0,0.0,1.0,1.0,0.25,0.375,0.0,0.0,3.0,3.0,1.7125,0.8990625,2.0,0.0,8.0,8.0,0.1,0.1975,0.0,0.0,0.0,0.0,0.0,0.0,0.0,1.0,8.0,7.0,2.0625,0.59375,2.0,16.33,34.7633333333,18.4333333333,29.16829166665,6.7311031249912485,34.7633333333,0.0,0.464,0.464,0.232,0.232,0.464,0.0,2.25333333333e-05,2.25333333333e-05,2.8166666666625e-07,5.562916666658437e-07,0.0,152.0,225.0,73.0,174.1,25.947499999999998,152.0,1.75,2.7125,9.9,0.0,0.12184508268059181,0.1888598781549173,0.6892950391644909,0.0,9.05735637478225,0.12852402179296696,0.05,1.0,0.0,0.25,0.2375,0.5,300.0,1.0,0.15500000000000003
ssrn-6617408.pdf,,SnTe-AgSbTe2 (s-AST),s-AST,AgSbTe2,Ag,1,multiple sites,Sb (1) @ multiple sites,Ag (1) @ multiple sites site; Sb (1) @ multiple sites site,body text,,,0.45,W/m.K,False,47.0,52.0,5.0,50.5,1.75,52.0,65.0,90.0,25.0,82.5,8.75,90.0,107.8682,127.6,19.731799999999993,121.20705,6.669425,127.6,722.66,1234.93,512.2700000000001,896.0074999999999,173.34750000000003,722.66,11.0,16.0,5.0,14.5,1.75,16.0,5.0,5.0,0.0,5.0,0.0,5.0,138.0,145.0,7.0,140.0,2.5,138.0,1.93,2.1,0.17000000000000015,2.045,0.05750000000000005,2.1,1.0,2.0,1.0,1.75,0.375,2.0,0.0,4.0,4.0,2.75,1.375,4.0,10.0,10.0,0.0,10.0,0.0,10.0,0.0,0.0,0.0,0.0,0.0,0.0,11.0,16.0,5.0,14.5,1.75,16.0,0.0,1.0,1.0,0.25,0.375,0.0,0.0,3.0,3.0,1.75,0.875,2.0,0.0,0.0,0.0,0.0,0.0,0.0,0.0,0.0,0.0,0.0,0.0,0.0,1.0,3.0,2.0,2.0,0.5,2.0,16.33,34.7633333333,18.4333333333,29.35416666665,6.512083333324999,34.7633333333,0.0,0.464,0.464,0.232,0.232,0.464,0.0,0.0,0.0,0.0,0.0,0.0,152.0,225.0,73.0,173.75,25.625,152.0,1.75,2.75,10.0,0.0,0.1206896551724138,0.1896551724137931,0.6896551724137931,0.0,8.644719482306641,0.11200000000000014,1.0,2.0,1.0,0.25,0.25,0.5,537.0,,
ssrn-6617408.pdf,,SnTe-AgSbTe2 (s-AST),SnTe-8% s-AST,SnTe-8% AgSbTe2,Ag,8%,Ag,Sb (8%) @ Sb,Ag (8%) @ Ag site; Sb (8%) @ Sb site,body text,,,1.79,W/m.K,True,47.0,52.0,5.0,50.5,1.75,52.0,65.0,90.0,25.0,82.5,8.75,90.0,107.8682,127.6,19.731799999999993,121.20705,6.669425,127.6,722.66,1234.93,512.2700000000001,896.0074999999999,173.34750000000003,722.66,11.0,16.0,5.0,14.5,1.75,16.0,5.0,5.0,0.0,5.0,0.0,5.0,138.0,145.0,7.0,140.0,2.5,138.0,1.93,2.1,0.17000000000000015,2.045,0.05750000000000005,2.1,1.0,2.0,1.0,1.75,0.375,2.0,0.0,4.0,4.0,2.75,1.375,4.0,10.0,10.0,0.0,10.0,0.0,10.0,0.0,0.0,0.0,0.0,0.0,0.0,11.0,16.0,5.0,14.5,1.75,16.0,0.0,1.0,1.0,0.25,0.375,0.0,0.0,3.0,3.0,1.75,0.875,2.0,0.0,0.0,0.0,0.0,0.0,0.0,0.0,0.0,0.0,0.0,0.0,0.0,1.0,3.0,2.0,2.0,0.5,2.0,16.33,34.7633333333,18.4333333333,29.35416666665,6.512083333324999,34.7633333333,0.0,0.464,0.464,0.232,0.232,0.464,0.0,0.0,0.0,0.0,0.0,0.0,152.0,225.0,73.0,173.75,25.625,152.0,1.75,2.75,10.0,0.0,0.1206896551724138,0.1896551724137931,0.6896551724137931,0.0,8.644719482306641,0.11200000000000014,0.08,2.0,1.0,0.25,0.25,0.5,823.0,0.0,0.0
ssrn-6617408.pdf,,SnTe-AgSbTe2 (s-AST),s-AST pellet,AgSbTe2,,,,,,figure,Figure 2c,Visually estimated from Figure 2c (K_tot),0.5,W/m.K,False,47.0,52.0,5.0,50.5,1.75,52.0,65.0,90.0,25.0,82.5,8.75,90.0,107.8682,127.6,19.731799999999993,121.20705,6.669425,127.6,722.66,1234.93,512.2700000000001,896.0074999999999,173.34750000000003,722.66,11.0,16.0,5.0,14.5,1.75,16.0,5.0,5.0,0.0,5.0,0.0,5.0,138.0,145.0,7.0,140.0,2.5,138.0,1.93,2.1,0.17000000000000015,2.045,0.05750000000000005,2.1,1.0,2.0,1.0,1.75,0.375,2.0,0.0,4.0,4.0,2.75,1.375,4.0,10.0,10.0,0.0,10.0,0.0,10.0,0.0,0.0,0.0,0.0,0.0,0.0,11.0,16.0,5.0,14.5,1.75,16.0,0.0,1.0,1.0,0.25,0.375,0.0,0.0,3.0,3.0,1.75,0.875,2.0,0.0,0.0,0.0,0.0,0.0,0.0,0.0,0.0,0.0,0.0,0.0,0.0,1.0,3.0,2.0,2.0,0.5,2.0,16.33,34.7633333333,18.4333333333,29.35416666665,6.512083333324999,34.7633333333,0.0,0.464,0.464,0.232,0.232,0.464,0.0,0.0,0.0,0.0,0.0,0.0,152.0,225.0,73.0,173.75,25.625,152.0,1.75,2.75,10.0,0.0,0.1206896551724138,0.1896551724137931,0.6896551724137931,0.0,8.644719482306641,0.11200000000000014,,0.0,0.0,0.25,0.25,0.5,300.0,,
ssrn-6617408.pdf,,SnTe-AgSbTe2 (s-AST),s-AST pellet,AgSbTe2,,,,,,figure,Figure 2c,Visually estimated from Figure 2c (K_tot),0.48,W/m.K,False,47.0,52.0,5.0,50.5,1.75,52.0,65.0,90.0,25.0,82.5,8.75,90.0,107.8682,127.6,19.731799999999993,121.20705,6.669425,127.6,722.66,1234.93,512.2700000000001,896.0074999999999,173.34750000000003,722.66,11.0,16.0,5.0,14.5,1.75,16.0,5.0,5.0,0.0,5.0,0.0,5.0,138.0,145.0,7.0,140.0,2.5,138.0,1.93,2.1,0.17000000000000015,2.045,0.05750000000000005,2.1,1.0,2.0,1.0,1.75,0.375,2.0,0.0,4.0,4.0,2.75,1.375,4.0,10.0,10.0,0.0,10.0,0.0,10.0,0.0,0.0,0.0,0.0,0.0,0.0,11.0,16.0,5.0,14.5,1.75,16.0,0.0,1.0,1.0,0.25,0.375,0.0,0.0,3.0,3.0,1.75,0.875,2.0,0.0,0.0,0.0,0.0,0.0,0.0,0.0,0.0,0.0,0.0,0.0,0.0,1.0,3.0,2.0,2.0,0.5,2.0,16.33,34.7633333333,18.4333333333,29.35416666665,6.512083333324999,34.7633333333,0.0,0.464,0.464,0.232,0.232,0.464,0.0,0.0,0.0,0.0,0.0,0.0,152.0,225.0,73.0,173.75,25.625,152.0,1.75,2.75,10.0,0.0,0.1206896551724138,0.1896551724137931,0.6896551724137931,0.0,8.644719482306641,0.11200000000000014,,0.0,0.0,0.25,0.25,0.5,600.0,,
