source_pdf,doi,base_composition,sample_id,full_formula,num_dopants,is_codoped,primary_dopant_element,primary_dopant_pct,primary_dopant_site,codopant_elements,all_dopants_detail,source_type,source_detail,notes,temperature_K,target_value,unit
1-s2.0-S0925838810006912-main.pdf,10.1016/j.jallcom.2010.03.170,AgxSb2-xTe3-x,Ag0.84Sb1.16Te2.16,Ag0.84Sb1.16Te2.16,0,No,,,,,,body text,,,500.0,1.53,dimensionless
1-s2.0-S0925838810006912-main.pdf,10.1016/j.jallcom.2010.03.170,AgxSb2-xTe3-x,Ag0.90Sb1.10Te2.10,Ag0.90Sb1.10Te2.10,0,No,,,,,,body text,,,673.0,1.53,dimensionless
1-s2.0-S0925838819316007-main.pdf,10.1016/j.jallcom.2019.04.294,TlSbTe2,Tl0.98In0.02SbTe2,Tl0.98In0.02SbTe2,1,No,In,0.02,Tl,,In (0.02) @ Tl site,body text,,,480.0,0.61,dimensionless
1-s2.0-S0925838819316007-main.pdf,10.1016/j.jallcom.2019.04.294,TlSbTe2,TlSb0.98In0.02Te2,TlSb0.98In0.02Te2,1,No,In,0.02,Sb,,In (0.02) @ Sb site,body text,,,622.0,0.77,dimensionless
1-s2.0-S0925838819316007-main.pdf,10.1016/j.jallcom.2019.04.294,TlSbTe2,Tl0.98Yb0.02SbTe2,Tl0.98Yb0.02SbTe2,1,No,Yb,0.02,Tl,,Yb (0.02) @ Tl site,body text,,,625.0,0.85,dimensionless
1-s2.0-S092583882601529X-main.pdf,10.1016/j.jallcom.2026.187461,Te(1-x)(AgSbTe2)x,"Te(1-x)(AgSbTe2)x, x=0.01",Te0.99(AgSbTe2)0.01,2,Yes,Ag,1.0%,unclear,Sb (1.0%) @ Te,Ag (1.0%) @ unclear site; Sb (1.0%) @ Te site,body text,,,650.0,0.85,dimensionless
1-s2.0-S092583882601529X-main.pdf,10.1016/j.jallcom.2026.187461,Te(1-x)(AgSbTe2)x,x=0.5%,Te(0.995)(AgSbTe2)0.005,1,No,AgSbTe2,0.5%,Te,,AgSbTe2 (0.5%) @ Te site,figure,Fig. 6a,Visually estimated from Fig. 6a,650.0,0.85,dimensionless
1-s2.0-S092583882601529X-main.pdf,10.1016/j.jallcom.2026.187461,Te(1-x)(AgSbTe2)x,x=1.0%,Te(0.99)(AgSbTe2)0.01,1,No,AgSbTe2,1.0%,Te,,AgSbTe2 (1.0%) @ Te site,figure,Fig. 6a,Visually estimated from Fig. 6a,650.0,0.85,dimensionless
1-s2.0-S092583882601529X-main.pdf,10.1016/j.jallcom.2026.187461,Te(1-x)(AgSbTe2)x,x=1.5%,Te(0.985)(AgSbTe2)0.015,1,No,AgSbTe2,1.5%,Te,,AgSbTe2 (1.5%) @ Te site,figure,Fig. 6a,Visually estimated from Fig. 6a,650.0,0.8,dimensionless
1-s2.0-S092583882601529X-main.pdf,10.1016/j.jallcom.2026.187461,Te(1-x)(AgSbTe2)x,x=2.0%,Te(0.98)(AgSbTe2)0.02,1,No,AgSbTe2,2.0%,Te,,AgSbTe2 (2.0%) @ Te site,figure,Fig. 6a,Visually estimated from Fig. 6a,650.0,0.75,dimensionless
1-s2.0-S1359645412005150-main.pdf,10.1016/j.actamat.2012.07.057,AgSbTe2,3 at.% Pb,Ag20Sb27Te50Pb3,1,No,Pb,3 at.%,Sb,,Pb (3 at.%) @ Sb site,body text,Abstract,,425.0,0.75,dimensionless
1-s2.0-S1359645412005150-main.pdf,10.1016/j.actamat.2012.07.057,AgSbTe2,4 at.% Pb,Ag20Sb26Te50Pb4,1,No,Pb,4 at.%,Sb,,Pb (4 at.%) @ Sb site,body text,Abstract,,425.0,0.75,dimensionless
1-s2.0-S1359645412005150-main.pdf,10.1016/j.actamat.2012.07.057,AgSbTe2,5 at.% Pb,Ag20Sb25Te50Pb5,1,No,Pb,5 at.%,Sb,,Pb (5 at.%) @ Sb site,body text,Abstract,,425.0,0.75,dimensionless
1-s2.0-S1359645412005150-main.pdf,10.1016/j.actamat.2012.07.057,AgSbTe2,6 at.% Pb,Ag20Sb24Te50Pb6,1,No,Pb,6 at.%,Sb,,Pb (6 at.%) @ Sb site,body text,Abstract,,425.0,0.75,dimensionless
1-s2.0-S1359645412005150-main.pdf,10.1016/j.actamat.2012.07.057,AgSbTe2,5 at.% Pb (annealed),Ag20Sb25Te50Pb5,1,No,Pb,5 at.%,Sb,,Pb (5 at.%) @ Sb site,body text,Abstract,,425.0,0.4,dimensionless
1-s2.0-S1359645412005150-main.pdf,10.1016/j.actamat.2012.07.057,AgSbTe2,Pb-doped AgSbTe2 (3 at.%),PbxAgSbTe2 (x=0.03),1,No,Pb,3 at.%,unclear,,Pb (3 at.%) @ unclear site,figure,,Visually estimated from Fig. 5d,300.0,0.3,dimensionless
1-s2.0-S1359645412005150-main.pdf,10.1016/j.actamat.2012.07.057,AgSbTe2,Pb-doped AgSbTe2 (3 at.%),PbxAgSbTe2 (x=0.03),1,No,Pb,3 at.%,unclear,,Pb (3 at.%) @ unclear site,figure,,Visually estimated from Fig. 5d,650.0,0.2,dimensionless
1-s2.0-S1359645412005150-main.pdf,10.1016/j.actamat.2012.07.057,AgSbTe2,Pb-doped AgSbTe2 (5 at.%),PbxAgSbTe2 (x=0.05),1,No,Pb,5 at.%,unclear,,Pb (5 at.%) @ unclear site,figure,,Visually estimated from Fig. 5d; peak value,425.0,0.8,dimensionless
1-s2.0-S1359645412005150-main.pdf,10.1016/j.actamat.2012.07.057,AgSbTe2,"Pb-doped AgSbTe2 (5 at.%, annealed)",PbxAgSbTe2 (x=0.05),1,No,Pb,5 at.%,unclear,,Pb (5 at.%) @ unclear site,figure,,Visually estimated from Fig. 5d,425.0,0.4,dimensionless
1-s2.0-S1359645421008223-main.pdf,10.1016/j.actamat.2021.117443,AgSbTe2,as-sintered,AgSb0.998Ce0.002Te2,1,No,Ce,0.2 mol%,unclear,,Ce (0.2 mol%) @ unclear site,body text,,,673.0,1.5,dimensionless
1-s2.0-S1359645421008223-main.pdf,10.1016/j.actamat.2021.117443,AgSbTe2,HT523,AgSb0.998Ce0.002Te2,1,No,Ce,0.2 mol%,unclear,,Ce (0.2 mol%) @ unclear site,body text,,,673.0,1.31,dimensionless
1-s2.0-S1359645421008223-main.pdf,10.1016/j.actamat.2021.117443,AgSbTe2,HT573,AgSb0.998Ce0.002Te2,1,No,Ce,0.2 mol%,unclear,,Ce (0.2 mol%) @ unclear site,body text,,,673.0,1.27,dimensionless
1-s2.0-S1359645421008223-main.pdf,10.1016/j.actamat.2021.117443,AgSbTe2,HT673,AgSb0.998Ce0.002Te2,1,No,Ce,0.2 mol%,unclear,,Ce (0.2 mol%) @ unclear site,body text,,,673.0,1.49,dimensionless
1-s2.0-S1359645421008223-main.pdf,10.1016/j.actamat.2021.117443,AgSbTe2,as-sintered,0.2 mol% Ce-doped AgSbTe2,1,No,Ce,0.2 mol%,unclear,,Ce (0.2 mol%) @ unclear site,figure,Fig. 7c,Visually estimated from figure,673.0,0.5,dimensionless
1-s2.0-S1359645421008223-main.pdf,10.1016/j.actamat.2021.117443,AgSbTe2,HT523,0.2 mol% Ce-doped AgSbTe2,1,No,Ce,0.2 mol%,unclear,,Ce (0.2 mol%) @ unclear site,figure,Fig. 7c,Visually estimated from figure,673.0,1.31,dimensionless
1-s2.0-S1359645421008223-main.pdf,10.1016/j.actamat.2021.117443,AgSbTe2,HT573,0.2 mol% Ce-doped AgSbTe2,1,No,Ce,0.2 mol%,unclear,,Ce (0.2 mol%) @ unclear site,figure,Fig. 7c,Visually estimated from figure,673.0,1.27,dimensionless
1-s2.0-S1359645421008223-main.pdf,10.1016/j.actamat.2021.117443,AgSbTe2,HT673,0.2 mol% Ce-doped AgSbTe2,1,No,Ce,0.2 mol%,unclear,,Ce (0.2 mol%) @ unclear site,figure,Fig. 7c,Visually estimated from figure,673.0,1.49,dimensionless
1-s2.0-S1359645422000684-main.pdf,10.1016/j.actamat.2022.117681,(Sn1-xPbxSe)0.6(AgSbTe2)0.4,(SnSe)0.6(AgSbTe2)0.4,(SnSe)0.6(AgSbTe2)0.4,0,No,,,,,,body text,,,723.0,0.94,dimensionless
1-s2.0-S1359645422000684-main.pdf,10.1016/j.actamat.2022.117681,(Sn1-xPbxSe)0.6(AgSbTe2)0.4,(Sn0.9Pb0.1Se)0.6(AgSbTe2)0.4,(Sn0.9Pb0.1Se)0.6(AgSbTe2)0.4,1,No,Pb,10%,Sn,,Pb (10%) @ Sn site,body text,,,723.0,1.2,dimensionless
1-s2.0-S1359645422000684-main.pdf,10.1016/j.actamat.2022.117681,(Sn1-xPbxSe)0.6(AgSbTe2)0.4,"(SnSe)1-m(AgSbTe2)m, m=0%",SnSe,0,No,,,,,,figure,,Visually estimated from Fig. 4f,300.0,0.1,dimensionless
1-s2.0-S1359645422000684-main.pdf,10.1016/j.actamat.2022.117681,(Sn1-xPbxSe)0.6(AgSbTe2)0.4,x=0%,"(Sn1-xPbxSe)0.6(AgSbTe2)0.4, x=0",0,No,,,,,,figure,,Visually estimated from Fig. 9a,773.0,0.8,dimensionless
1-s2.0-S1359645422000684-main.pdf,10.1016/j.actamat.2022.117681,(Sn1-xPbxSe)0.6(AgSbTe2)0.4,x=10%,"(Sn1-xPbxSe)0.6(AgSbTe2)0.4, x=0.10",1,No,Pb,10%,Sn,,Pb (10%) @ Sn site,text,Section 3.7,,723.0,1.2,dimensionless
1-s2.0-S1359645425002769-main.pdf,10.1016/j.actamat.2025.120985,AgSbTe2,QA-AgSbTe2 (A = 0 h),AgSbTe2,0,No,,,,,,body text,,Value for A = 24 h,548.0,1.18,dimensionless
1-s2.0-S1359645425002769-main.pdf,10.1016/j.actamat.2025.120985,AgSbTe2,QA-AgSbTe2 (A = 0 h),AgSbTe2,0,No,,,,,,body text,,Average ZT for A = 24 h,,0.94,dimensionless
1-s2.0-S1359645425002769-main.pdf,10.1016/j.actamat.2025.120985,AgSbTe2,QA-AgSbTe2 (A = 24 h),AgSbTe2,0,No,,,,,,figure,Fig. 5b,Visually estimated from Fig. 5b,548.0,1.18,dimensionless
1-s2.0-S1359645425002769-main.pdf,10.1016/j.actamat.2025.120985,AgSbTe2,QA-AgSbTe2 (A = 0 h),AgSbTe2,1,No,Ag vacancy,0 h annealing,Ag,,Ag vacancy (0 h annealing) @ Ag site,figure,,Visually estimated from Fig. 5a,300.0,0.6,dimensionless
1-s2.0-S1359645425002769-main.pdf,10.1016/j.actamat.2025.120985,AgSbTe2,QA-AgSbTe2 (A = 0 h),AgSbTe2,1,No,Ag vacancy,0 h annealing,Ag,,Ag vacancy (0 h annealing) @ Ag site,figure,,Visually estimated from Fig. 5a,400.0,0.8,dimensionless
1-s2.0-S1359645425002769-main.pdf,10.1016/j.actamat.2025.120985,AgSbTe2,QA-AgSbTe2 (A = 0 h),AgSbTe2,1,No,Ag vacancy,0 h annealing,Ag,,Ag vacancy (0 h annealing) @ Ag site,figure,,Visually estimated from Fig. 5a,500.0,0.9,dimensionless
1-s2.0-S1359645425002769-main.pdf,10.1016/j.actamat.2025.120985,AgSbTe2,QA-AgSbTe2 (A = 0 h),AgSbTe2,1,No,Ag vacancy,0 h annealing,Ag,,Ag vacancy (0 h annealing) @ Ag site,figure,,Visually estimated from Fig. 5a,600.0,0.9,dimensionless
1-s2.0-S1359645425002769-main.pdf,10.1016/j.actamat.2025.120985,AgSbTe2,QA-AgSbTe2 (A = 12 h),AgSbTe2,1,No,Ag vacancy,12 h annealing,Ag,,Ag vacancy (12 h annealing) @ Ag site,figure,,Visually estimated from Fig. 5a,300.0,0.5,dimensionless
1-s2.0-S1359645425002769-main.pdf,10.1016/j.actamat.2025.120985,AgSbTe2,QA-AgSbTe2 (A = 12 h),AgSbTe2,1,No,Ag vacancy,12 h annealing,Ag,,Ag vacancy (12 h annealing) @ Ag site,figure,,Visually estimated from Fig. 5a,400.0,0.8,dimensionless
1-s2.0-S1359645425002769-main.pdf,10.1016/j.actamat.2025.120985,AgSbTe2,QA-AgSbTe2 (A = 12 h),AgSbTe2,1,No,Ag vacancy,12 h annealing,Ag,,Ag vacancy (12 h annealing) @ Ag site,figure,,Visually estimated from Fig. 5a,500.0,1.0,dimensionless
1-s2.0-S1359645425002769-main.pdf,10.1016/j.actamat.2025.120985,AgSbTe2,QA-AgSbTe2 (A = 12 h),AgSbTe2,1,No,Ag vacancy,12 h annealing,Ag,,Ag vacancy (12 h annealing) @ Ag site,figure,,Visually estimated from Fig. 5a,600.0,1.1,dimensionless
1-s2.0-S1359645425002769-main.pdf,10.1016/j.actamat.2025.120985,AgSbTe2,QA-AgSbTe2 (A = 24 h),AgSbTe2,1,No,Ag vacancy,24 h annealing,Ag,,Ag vacancy (24 h annealing) @ Ag site,figure,,Visually estimated from Fig. 5a,300.0,0.6,dimensionless
1-s2.0-S1359645425002769-main.pdf,10.1016/j.actamat.2025.120985,AgSbTe2,QA-AgSbTe2 (A = 24 h),AgSbTe2,1,No,Ag vacancy,24 h annealing,Ag,,Ag vacancy (24 h annealing) @ Ag site,figure,,Visually estimated from Fig. 5a,400.0,0.9,dimensionless
1-s2.0-S1359645425002769-main.pdf,10.1016/j.actamat.2025.120985,AgSbTe2,QA-AgSbTe2 (A = 24 h),AgSbTe2,1,No,Ag vacancy,24 h annealing,Ag,,Ag vacancy (24 h annealing) @ Ag site,figure,,Visually estimated from Fig. 5a,500.0,1.1,dimensionless
1-s2.0-S1359645425002769-main.pdf,10.1016/j.actamat.2025.120985,AgSbTe2,QA-AgSbTe2 (A = 24 h),AgSbTe2,1,No,Ag vacancy,24 h annealing,Ag,,Ag vacancy (24 h annealing) @ Ag site,figure,,Visually estimated from Fig. 5a,600.0,1.2,dimensionless
1-s2.0-S1359645425002769-main.pdf,10.1016/j.actamat.2025.120985,AgSbTe2,QA-AgSbTe2 (A = 36 h),AgSbTe2,1,No,Ag vacancy,36 h annealing,Ag,,Ag vacancy (36 h annealing) @ Ag site,figure,,Visually estimated from Fig. 5a,300.0,0.5,dimensionless
1-s2.0-S1359645425002769-main.pdf,10.1016/j.actamat.2025.120985,AgSbTe2,QA-AgSbTe2 (A = 36 h),AgSbTe2,1,No,Ag vacancy,36 h annealing,Ag,,Ag vacancy (36 h annealing) @ Ag site,figure,,Visually estimated from Fig. 5a,400.0,0.7,dimensionless
1-s2.0-S1359645425002769-main.pdf,10.1016/j.actamat.2025.120985,AgSbTe2,QA-AgSbTe2 (A = 36 h),AgSbTe2,1,No,Ag vacancy,36 h annealing,Ag,,Ag vacancy (36 h annealing) @ Ag site,figure,,Visually estimated from Fig. 5a,500.0,0.8,dimensionless
1-s2.0-S1359645425002769-main.pdf,10.1016/j.actamat.2025.120985,AgSbTe2,QA-AgSbTe2 (A = 36 h),AgSbTe2,1,No,Ag vacancy,36 h annealing,Ag,,Ag vacancy (36 h annealing) @ Ag site,figure,,Visually estimated from Fig. 5a,600.0,0.8,dimensionless
1-s2.0-S1359645425002769-main.pdf,10.1016/j.actamat.2025.120985,AgSbTe2,QA-AgSbTe2 (A = 48 h),AgSbTe2,1,No,Ag vacancy,48 h annealing,Ag,,Ag vacancy (48 h annealing) @ Ag site,figure,,Visually estimated from Fig. 5a,300.0,0.4,dimensionless
1-s2.0-S1359645425002769-main.pdf,10.1016/j.actamat.2025.120985,AgSbTe2,QA-AgSbTe2 (A = 48 h),AgSbTe2,1,No,Ag vacancy,48 h annealing,Ag,,Ag vacancy (48 h annealing) @ Ag site,figure,,Visually estimated from Fig. 5a,400.0,0.6,dimensionless
1-s2.0-S1359645425002769-main.pdf,10.1016/j.actamat.2025.120985,AgSbTe2,QA-AgSbTe2 (A = 48 h),AgSbTe2,1,No,Ag vacancy,48 h annealing,Ag,,Ag vacancy (48 h annealing) @ Ag site,figure,,Visually estimated from Fig. 5a,500.0,0.7,dimensionless
1-s2.0-S1359645425002769-main.pdf,10.1016/j.actamat.2025.120985,AgSbTe2,QA-AgSbTe2 (A = 48 h),AgSbTe2,1,No,Ag vacancy,48 h annealing,Ag,,Ag vacancy (48 h annealing) @ Ag site,figure,,Visually estimated from Fig. 5a,600.0,0.7,dimensionless
1-s2.0-S221128552201196X-main.pdf,10.1016/j.nanoen.2022.108118,AgSbTe2,quenched,AgSbTe2,0,No,,,,,,text,Abstract and Section 5,,623.0,1.15,dimensionless
1-s2.0-S2352847816300041-main.pdf,10.1016/j.jmat.2016.05.001,SnCd0.05Te-x%AgSbSe2,SnCd0.05Te + 3% AgSbSe2,SnCd0.05Te-0.03AgSbSe2,2,Yes,Cd,5%,unclear,AgSbSe2 (3%) @ multiple sites,Cd (5%) @ unclear site; AgSbSe2 (3%) @ multiple sites site,text,"Page 6, Section 3",,820.0,0.92,dimensionless
1-s2.0-S2352847816300041-main.pdf,10.1016/j.jmat.2016.05.001,SnCd0.05Te-x%AgSbSe2,SnCd0.05Te,SnCd0.05Te,1,No,Cd,0.05,unclear,,Cd (0.05) @ unclear site,figure,,Visually estimated from Fig. 7,300.0,0.08,dimensionless
1-s2.0-S2352847816300041-main.pdf,10.1016/j.jmat.2016.05.001,SnCd0.05Te-x%AgSbSe2,SnCd0.05Te,SnCd0.05Te,1,No,Cd,0.05,unclear,,Cd (0.05) @ unclear site,figure,,Visually estimated from Fig. 7,820.0,0.92,dimensionless
1-s2.0-S2352847816300041-main.pdf,10.1016/j.jmat.2016.05.001,SnCd0.05Te-x%AgSbSe2,SnCd0.05Te-3%AgSbSe2,SnCd0.05Te-3%AgSbSe2,2,Yes,Cd,0.05,unclear,AgSbSe2 (3%) @ unclear,Cd (0.05) @ unclear site; AgSbSe2 (3%) @ unclear site,figure,,Visually estimated from Fig. 7,300.0,0.09,dimensionless
1-s2.0-S2352847816300041-main.pdf,10.1016/j.jmat.2016.05.001,SnCd0.05Te-x%AgSbSe2,SnCd0.05Te-3%AgSbSe2,SnCd0.05Te-3%AgSbSe2,2,Yes,Cd,0.05,unclear,AgSbSe2 (3%) @ unclear,Cd (0.05) @ unclear site; AgSbSe2 (3%) @ unclear site,figure,,Visually estimated from Fig. 7,820.0,0.93,dimensionless
1-s2.0-S2352847816300041-main.pdf,10.1016/j.jmat.2016.05.001,SnCd0.05Te-x%AgSbSe2,SnCd0.05Te-6%AgSbSe2,SnCd0.05Te-6%AgSbSe2,2,Yes,Cd,0.05,unclear,AgSbSe2 (6%) @ unclear,Cd (0.05) @ unclear site; AgSbSe2 (6%) @ unclear site,figure,,Visually estimated from Fig. 7,300.0,0.07,dimensionless
1-s2.0-S2352847816300041-main.pdf,10.1016/j.jmat.2016.05.001,SnCd0.05Te-x%AgSbSe2,SnCd0.05Te-6%AgSbSe2,SnCd0.05Te-6%AgSbSe2,2,Yes,Cd,0.05,unclear,AgSbSe2 (6%) @ unclear,Cd (0.05) @ unclear site; AgSbSe2 (6%) @ unclear site,figure,,Visually estimated from Fig. 7,820.0,0.82,dimensionless
1-s2.0-S2352847816300041-main.pdf,10.1016/j.jmat.2016.05.001,SnCd0.05Te-x%AgSbSe2,SnCd0.05Te-9%AgSbSe2,SnCd0.05Te-9%AgSbSe2,2,Yes,Cd,0.05,unclear,AgSbSe2 (9%) @ unclear,Cd (0.05) @ unclear site; AgSbSe2 (9%) @ unclear site,figure,,Visually estimated from Fig. 7,300.0,0.06,dimensionless
1-s2.0-S2352847816300041-main.pdf,10.1016/j.jmat.2016.05.001,SnCd0.05Te-x%AgSbSe2,SnCd0.05Te-9%AgSbSe2,SnCd0.05Te-9%AgSbSe2,2,Yes,Cd,0.05,unclear,AgSbSe2 (9%) @ unclear,Cd (0.05) @ unclear site; AgSbSe2 (9%) @ unclear site,figure,,Visually estimated from Fig. 7,820.0,0.78,dimensionless
1-s2.0-S2352847816300041-main.pdf,10.1016/j.jmat.2016.05.001,SnCd0.05Te-x%AgSbSe2,SnCd0.05Te-12%AgSbSe2,SnCd0.05Te-12%AgSbSe2,2,Yes,Cd,0.05,unclear,AgSbSe2 (12%) @ unclear,Cd (0.05) @ unclear site; AgSbSe2 (12%) @ unclear site,figure,,Visually estimated from Fig. 7,300.0,0.05,dimensionless
1-s2.0-S2352847816300041-main.pdf,10.1016/j.jmat.2016.05.001,SnCd0.05Te-x%AgSbSe2,SnCd0.05Te-12%AgSbSe2,SnCd0.05Te-12%AgSbSe2,2,Yes,Cd,0.05,unclear,AgSbSe2 (12%) @ unclear,Cd (0.05) @ unclear site; AgSbSe2 (12%) @ unclear site,figure,,Visually estimated from Fig. 7,820.0,0.72,dimensionless
1-s2.0-S2352847816300041-main.pdf,10.1016/j.jmat.2016.05.001,SnCd0.05Te-x%AgSbSe2,SnCd0.05Te-15%AgSbSe2,SnCd0.05Te-15%AgSbSe2,2,Yes,Cd,0.05,unclear,AgSbSe2 (15%) @ unclear,Cd (0.05) @ unclear site; AgSbSe2 (15%) @ unclear site,figure,,Visually estimated from Fig. 7,300.0,0.04,dimensionless
1-s2.0-S2352847816300041-main.pdf,10.1016/j.jmat.2016.05.001,SnCd0.05Te-x%AgSbSe2,SnCd0.05Te-15%AgSbSe2,SnCd0.05Te-15%AgSbSe2,2,Yes,Cd,0.05,unclear,AgSbSe2 (15%) @ unclear,Cd (0.05) @ unclear site; AgSbSe2 (15%) @ unclear site,figure,,Visually estimated from Fig. 7,820.0,0.68,dimensionless
1-s2.0-S235284782200096X-main.pdf,10.1016/j.jmat.2022.07.005,AgSbTe2,Ag0.9Sb1.1Te2.1,Ag0.9Sb1.1Te2.1,1,No,Ag-deficiency,x=0.9,Ag,,Ag-deficiency (x=0.9) @ Ag site,body text,,Average zT,,0.84,dimensionless
1-s2.0-S235284782200096X-main.pdf,10.1016/j.jmat.2022.07.005,AgSbTe2,Ag0.9Sb1.1Te2.1,Ag0.9Sb1.1Te2.1,1,No,Ag-deficiency,x=0.9,Ag,,Ag-deficiency (x=0.9) @ Ag site,body text,,,300.0,0.5,dimensionless
1-s2.0-S235284782200096X-main.pdf,10.1016/j.jmat.2022.07.005,AgSbTe2,Ag0.9Sb1.1Te2.1,Ag0.9Sb1.1Te2.1,1,No,Ag-deficiency,x=0.9,Ag,,Ag-deficiency (x=0.9) @ Ag site,body text,,,475.0,1.1,dimensionless
1-s2.0-S235284782200096X-main.pdf,10.1016/j.jmat.2022.07.005,AgSbTe2,AgSb2-xTe3-x (x=1.0),AgSbTe2,0,No,,,,,,figure,,Visually estimated from Fig. 6d,300.0,0.5,dimensionless
1-s2.0-S235284782200096X-main.pdf,10.1016/j.jmat.2022.07.005,AgSbTe2,AgSb2-xTe3-x (x=0.9),Ag0.9Sb1.1Te2.1,0,No,,,,,,figure,,Visually estimated from Fig. 6d,300.0,0.6,dimensionless
1-s2.0-S235284782200096X-main.pdf,10.1016/j.jmat.2022.07.005,AgSbTe2,AgSb2-xTe3-x (x=0.8),Ag0.8Sb1.2Te2.2,0,No,,,,,,figure,,Visually estimated from Fig. 6d,300.0,0.3,dimensionless
1-s2.0-S235284782200096X-main.pdf,10.1016/j.jmat.2022.07.005,AgSbTe2,AgSb2-xTe3-x (x=0.7),Ag0.7Sb1.3Te2.3,0,No,,,,,,figure,,Visually estimated from Fig. 6d,300.0,0.15,dimensionless
1-s2.0-S254252932030122X-main.pdf,10.1016/j.mtphys.2020.100298,Sn1-2x(AgSb)xSe1-2xTe2x,x=0.25,Sn0.5Ag0.25Sb0.25Se0.5Te0.5,3,Yes,Ag,x=0.25,Ag,Sb (x=0.25) @ Sb; Te (2x=0.50) @ Te,Ag (x=0.25) @ Ag site; Sb (x=0.25) @ Sb site; Te (2x=0.50) @ Te site,body text,,,820.0,1.0,dimensionless
1-s2.0-S254252932030122X-main.pdf,10.1016/j.mtphys.2020.100298,Sn1-2x(AgSb)xSe1-2xTe2x,x=0.25,Sn0.5Ag0.25Sb0.25Se0.5Te0.5,3,Yes,Ag,x=0.25,Ag,Sb (x=0.25) @ Sb; Te (2x=0.50) @ Te,Ag (x=0.25) @ Ag site; Sb (x=0.25) @ Sb site; Te (2x=0.50) @ Te site,body text,,ZTave,,0.7,dimensionless
1-s2.0-S254252932030122X-main.pdf,10.1016/j.mtphys.2020.100298,Sn1-2x(AgSb)xSe1-2xTe2x,Sn1-2x(AgSb)xSe1-2xTe2x (x=0.0),SnSe,0,No,,,,,,figure,Fig. 6a,Visually estimated from Fig. 6a,300.0,0.1,dimensionless
1-s2.0-S254252932030122X-main.pdf,10.1016/j.mtphys.2020.100298,Sn1-2x(AgSb)xSe1-2xTe2x,Sn1-2x(AgSb)xSe1-2xTe2x (x=0.0),SnSe,0,No,,,,,,figure,Fig. 6a,Visually estimated from Fig. 6a,600.0,0.2,dimensionless
1-s2.0-S254252932030122X-main.pdf,10.1016/j.mtphys.2020.100298,Sn1-2x(AgSb)xSe1-2xTe2x,Sn1-2x(AgSb)xSe1-2xTe2x (x=0.0),SnSe,0,No,,,,,,figure,Fig. 6a,Visually estimated from Fig. 6a,800.0,0.3,dimensionless
1-s2.0-S254252932030122X-main.pdf,10.1016/j.mtphys.2020.100298,Sn1-2x(AgSb)xSe1-2xTe2x,Sn1-2x(AgSb)xSe1-2xTe2x (x=0.15),Sn0.7(AgSb)0.15Se0.7Te0.3,0,No,,,,,,figure,Fig. 6a,Visually estimated from Fig. 6a,300.0,0.2,dimensionless
1-s2.0-S254252932030122X-main.pdf,10.1016/j.mtphys.2020.100298,Sn1-2x(AgSb)xSe1-2xTe2x,Sn1-2x(AgSb)xSe1-2xTe2x (x=0.15),Sn0.7(AgSb)0.15Se0.7Te0.3,0,No,,,,,,figure,Fig. 6a,Visually estimated from Fig. 6a,600.0,0.6,dimensionless
1-s2.0-S254252932030122X-main.pdf,10.1016/j.mtphys.2020.100298,Sn1-2x(AgSb)xSe1-2xTe2x,Sn1-2x(AgSb)xSe1-2xTe2x (x=0.15),Sn0.7(AgSb)0.15Se0.7Te0.3,0,No,,,,,,figure,Fig. 6a,Visually estimated from Fig. 6a,800.0,0.8,dimensionless
1-s2.0-S254252932030122X-main.pdf,10.1016/j.mtphys.2020.100298,Sn1-2x(AgSb)xSe1-2xTe2x,Sn1-2x(AgSb)xSe1-2xTe2x (x=0.2),Sn0.6(AgSb)0.2Se0.6Te0.4,0,No,,,,,,figure,Fig. 6a,Visually estimated from Fig. 6a,300.0,0.3,dimensionless
1-s2.0-S254252932030122X-main.pdf,10.1016/j.mtphys.2020.100298,Sn1-2x(AgSb)xSe1-2xTe2x,Sn1-2x(AgSb)xSe1-2xTe2x (x=0.2),Sn0.6(AgSb)0.2Se0.6Te0.4,0,No,,,,,,figure,Fig. 6a,Visually estimated from Fig. 6a,600.0,0.7,dimensionless
1-s2.0-S254252932030122X-main.pdf,10.1016/j.mtphys.2020.100298,Sn1-2x(AgSb)xSe1-2xTe2x,Sn1-2x(AgSb)xSe1-2xTe2x (x=0.2),Sn0.6(AgSb)0.2Se0.6Te0.4,0,No,,,,,,figure,Fig. 6a,Visually estimated from Fig. 6a,800.0,0.9,dimensionless
1-s2.0-S254252932030122X-main.pdf,10.1016/j.mtphys.2020.100298,Sn1-2x(AgSb)xSe1-2xTe2x,Sn1-2x(AgSb)xSe1-2xTe2x (x=0.25),Sn0.5(AgSb)0.25Se0.5Te0.5,0,No,,,,,,figure,Fig. 6a,Visually estimated from Fig. 6a,300.0,0.4,dimensionless
1-s2.0-S254252932030122X-main.pdf,10.1016/j.mtphys.2020.100298,Sn1-2x(AgSb)xSe1-2xTe2x,Sn1-2x(AgSb)xSe1-2xTe2x (x=0.25),Sn0.5(AgSb)0.25Se0.5Te0.5,0,No,,,,,,figure,Fig. 6a,Visually estimated from Fig. 6a,600.0,0.8,dimensionless
1-s2.0-S254252932030122X-main.pdf,10.1016/j.mtphys.2020.100298,Sn1-2x(AgSb)xSe1-2xTe2x,Sn1-2x(AgSb)xSe1-2xTe2x (x=0.25),Sn0.5(AgSb)0.25Se0.5Te0.5,0,No,,,,,,figure,Fig. 6a,Visually estimated from Fig. 6a,800.0,1.0,dimensionless
1-s2.0-S254252932030122X-main.pdf,10.1016/j.mtphys.2020.100298,Sn1-2x(AgSb)xSe1-2xTe2x,Sn1-2x(AgSb)xSe1-2xTe2x (x=0.3),Sn0.4(AgSb)0.3Se0.4Te0.6,0,No,,,,,,figure,Fig. 6a,Visually estimated from Fig. 6a,300.0,0.3,dimensionless
1-s2.0-S254252932030122X-main.pdf,10.1016/j.mtphys.2020.100298,Sn1-2x(AgSb)xSe1-2xTe2x,Sn1-2x(AgSb)xSe1-2xTe2x (x=0.3),Sn0.4(AgSb)0.3Se0.4Te0.6,0,No,,,,,,figure,Fig. 6a,Visually estimated from Fig. 6a,600.0,0.7,dimensionless
1-s2.0-S254252932030122X-main.pdf,10.1016/j.mtphys.2020.100298,Sn1-2x(AgSb)xSe1-2xTe2x,Sn1-2x(AgSb)xSe1-2xTe2x (x=0.3),Sn0.4(AgSb)0.3Se0.4Te0.6,0,No,,,,,,figure,Fig. 6a,Visually estimated from Fig. 6a,800.0,0.8,dimensionless
1-s2.0-S2542529325000483-main.pdf,10.1016/j.mtphys.2025.101692,AgSbTe2,(AgSb0.98Cd0.02Te2)0.9(Bi2Te3)0.1,(AgSb0.98Cd0.02Te2)0.9(Bi2Te3)0.1,1,No,Cd,0.02,Sb,,Cd (0.02) @ Sb site,body text,"Page 2, Section 1",,450.0,0.93,dimensionless
1-s2.0-S2542529325000483-main.pdf,10.1016/j.mtphys.2025.101692,AgSbTe2,"(AgSb1-yCdyTe2)0.9(Bi2Te3)0.1, y=0.00",(AgSbTe2)0.9(Bi2Te3)0.1,2,Yes,Bi,0.1,multiple sites,Cd (y=0.00) @ Sb,Bi (0.1) @ multiple sites site; Cd (y=0.00) @ Sb site,figure,,Visually estimated from Fig. 3f,300.0,0.3,dimensionless
1-s2.0-S2542529325000483-main.pdf,10.1016/j.mtphys.2025.101692,AgSbTe2,"(AgSb1-yCdyTe2)0.9(Bi2Te3)0.1, y=0.00",(AgSbTe2)0.9(Bi2Te3)0.1,2,Yes,Bi,0.1,multiple sites,Cd (y=0.00) @ Sb,Bi (0.1) @ multiple sites site; Cd (y=0.00) @ Sb site,figure,,Visually estimated from Fig. 3f,450.0,0.6,dimensionless
1-s2.0-S2542529325000483-main.pdf,10.1016/j.mtphys.2025.101692,AgSbTe2,"(AgSb1-yCdyTe2)0.9(Bi2Te3)0.1, y=0.02",(AgSb0.98Cd0.02Te2)0.9(Bi2Te3)0.1,2,Yes,Bi,0.1,multiple sites,Cd (y=0.02) @ Sb,Bi (0.1) @ multiple sites site; Cd (y=0.02) @ Sb site,figure,,Visually estimated from Fig. 3f,300.0,0.4,dimensionless
1-s2.0-S2542529325000483-main.pdf,10.1016/j.mtphys.2025.101692,AgSbTe2,"(AgSb1-yCdyTe2)0.9(Bi2Te3)0.1, y=0.02",(AgSb0.98Cd0.02Te2)0.9(Bi2Te3)0.1,2,Yes,Bi,0.1,multiple sites,Cd (y=0.02) @ Sb,Bi (0.1) @ multiple sites site; Cd (y=0.02) @ Sb site,figure,,Visually estimated from Fig. 3f,450.0,0.9,dimensionless
1-s2.0-S305091492500127X-main.pdf,10.1016/j.tramat.2025.100125,AgSbTe2,Ag0.9Sb1.1Te2.1,Ag0.9Sb1.1Te2.1,0,No,,,,,,body text,,"Value reported for (Ag0.9Sb1.1)0.9Pb0.2Te2.0Se0.1, but text notes that all four samples possess similar properties.",600.0,1.5,dimensionless
1-s2.0-S305091492500127X-main.pdf,10.1016/j.tramat.2025.100125,AgSbTe2,(Ag0.9Sb1.1)0.9Pb0.2Te2.0Se0.1,(Ag0.9Sb1.1)0.9Pb0.2Te2.0Se0.1,2,Yes,Pb,0.2,Ag,Se (0.1) @ Te,Pb (0.2) @ Ag site; Se (0.1) @ Te site,body text,,Maximum zT reported.,600.0,1.5,dimensionless
1-s2.0-S305091492500127X-main.pdf,10.1016/j.tramat.2025.100125,AgSbTe2,Ag0.9Sb1.1Te2.1,Ag0.9Sb1.1Te2.1,0,No,,,,,,figure,Fig. 1c,Visually estimated from Fig. 1c,300.0,0.1,dimensionless
1-s2.0-S305091492500127X-main.pdf,10.1016/j.tramat.2025.100125,AgSbTe2,Ag0.9Sb1.1Te2.1,Ag0.9Sb1.1Te2.1,0,No,,,,,,figure,Fig. 1c,Visually estimated from Fig. 1c,400.0,0.4,dimensionless
1-s2.0-S305091492500127X-main.pdf,10.1016/j.tramat.2025.100125,AgSbTe2,Ag0.9Sb1.1Te2.1,Ag0.9Sb1.1Te2.1,0,No,,,,,,figure,Fig. 1c,Visually estimated from Fig. 1c,500.0,0.7,dimensionless
1-s2.0-S305091492500127X-main.pdf,10.1016/j.tramat.2025.100125,AgSbTe2,Ag0.9Sb1.1Te2.1,Ag0.9Sb1.1Te2.1,0,No,,,,,,figure,Fig. 1c,Visually estimated from Fig. 1c,600.0,1.0,dimensionless
1-s2.0-S305091492500127X-main.pdf,10.1016/j.tramat.2025.100125,AgSbTe2,Ag0.9Sb1.1Pb0.2Te2.0Se0.1,Ag0.9Sb1.1Pb0.2Te2.0Se0.1,2,Yes,Pb,0.2,Ag,Se (0.1) @ Te,Pb (0.2) @ Ag site; Se (0.1) @ Te site,figure,Fig. 1c,Visually estimated from Fig. 1c,300.0,0.2,dimensionless
1-s2.0-S305091492500127X-main.pdf,10.1016/j.tramat.2025.100125,AgSbTe2,Ag0.9Sb1.1Pb0.2Te2.0Se0.1,Ag0.9Sb1.1Pb0.2Te2.0Se0.1,2,Yes,Pb,0.2,Ag,Se (0.1) @ Te,Pb (0.2) @ Ag site; Se (0.1) @ Te site,figure,Fig. 1c,Visually estimated from Fig. 1c,400.0,0.6,dimensionless
1-s2.0-S305091492500127X-main.pdf,10.1016/j.tramat.2025.100125,AgSbTe2,Ag0.9Sb1.1Pb0.2Te2.0Se0.1,Ag0.9Sb1.1Pb0.2Te2.0Se0.1,2,Yes,Pb,0.2,Ag,Se (0.1) @ Te,Pb (0.2) @ Ag site; Se (0.1) @ Te site,figure,Fig. 1c,Visually estimated from Fig. 1c,500.0,1.1,dimensionless
1-s2.0-S305091492500127X-main.pdf,10.1016/j.tramat.2025.100125,AgSbTe2,Ag0.9Sb1.1Pb0.2Te2.0Se0.1,Ag0.9Sb1.1Pb0.2Te2.0Se0.1,2,Yes,Pb,0.2,Ag,Se (0.1) @ Te,Pb (0.2) @ Ag site; Se (0.1) @ Te site,figure,Fig. 1c,Visually estimated from Fig. 1c,600.0,1.5,dimensionless
1-s2.0-S305091492500127X-main.pdf,10.1016/j.tramat.2025.100125,AgSbTe2,Ag0.9Sb1.1Te2.1,Ag0.9Sb1.1Te2.1,0,No,,,,,,figure,,Visually estimated from Fig. 5a,300.0,0.4,dimensionless
1-s2.0-S305091492500127X-main.pdf,10.1016/j.tramat.2025.100125,AgSbTe2,Ag0.9Sb1.1Te2.1,Ag0.9Sb1.1Te2.1,0,No,,,,,,figure,,Visually estimated from Fig. 5a,400.0,0.7,dimensionless
1-s2.0-S305091492500127X-main.pdf,10.1016/j.tramat.2025.100125,AgSbTe2,Ag0.9Sb1.1Te2.1,Ag0.9Sb1.1Te2.1,0,No,,,,,,figure,,Visually estimated from Fig. 5a,500.0,1.0,dimensionless
1-s2.0-S305091492500127X-main.pdf,10.1016/j.tramat.2025.100125,AgSbTe2,Ag0.9Sb1.1Te2.1,Ag0.9Sb1.1Te2.1,0,No,,,,,,figure,,Visually estimated from Fig. 5a,600.0,1.2,dimensionless
1-s2.0-S305091492500127X-main.pdf,10.1016/j.tramat.2025.100125,AgSbTe2,Ag0.9Sb1.1-0.9Pb0.1Te2.1,Ag0.9Sb1.1-0.9Pb0.1Te2.1,1,No,Pb,0.1,Sb,,Pb (0.1) @ Sb site,figure,,Visually estimated from Fig. 5a,300.0,0.4,dimensionless
1-s2.0-S305091492500127X-main.pdf,10.1016/j.tramat.2025.100125,AgSbTe2,Ag0.9Sb1.1-0.9Pb0.1Te2.1,Ag0.9Sb1.1-0.9Pb0.1Te2.1,1,No,Pb,0.1,Sb,,Pb (0.1) @ Sb site,figure,,Visually estimated from Fig. 5a,400.0,0.8,dimensionless
1-s2.0-S305091492500127X-main.pdf,10.1016/j.tramat.2025.100125,AgSbTe2,Ag0.9Sb1.1-0.9Pb0.1Te2.1,Ag0.9Sb1.1-0.9Pb0.1Te2.1,1,No,Pb,0.1,Sb,,Pb (0.1) @ Sb site,figure,,Visually estimated from Fig. 5a,500.0,1.2,dimensionless
1-s2.0-S305091492500127X-main.pdf,10.1016/j.tramat.2025.100125,AgSbTe2,Ag0.9Sb1.1-0.9Pb0.1Te2.1,Ag0.9Sb1.1-0.9Pb0.1Te2.1,1,No,Pb,0.1,Sb,,Pb (0.1) @ Sb site,figure,,Visually estimated from Fig. 5a,600.0,1.5,dimensionless
1-s2.0-S305091492500127X-main.pdf,10.1016/j.tramat.2025.100125,AgSbTe2,Ag0.9Sb1.1-0.9Pb0.2Te2.1,Ag0.9Sb1.1-0.9Pb0.2Te2.1,1,No,Pb,0.2,Sb,,Pb (0.2) @ Sb site,figure,,Visually estimated from Fig. 5a,300.0,0.4,dimensionless
1-s2.0-S305091492500127X-main.pdf,10.1016/j.tramat.2025.100125,AgSbTe2,Ag0.9Sb1.1-0.9Pb0.2Te2.1,Ag0.9Sb1.1-0.9Pb0.2Te2.1,1,No,Pb,0.2,Sb,,Pb (0.2) @ Sb site,figure,,Visually estimated from Fig. 5a,400.0,0.8,dimensionless
1-s2.0-S305091492500127X-main.pdf,10.1016/j.tramat.2025.100125,AgSbTe2,Ag0.9Sb1.1-0.9Pb0.2Te2.1,Ag0.9Sb1.1-0.9Pb0.2Te2.1,1,No,Pb,0.2,Sb,,Pb (0.2) @ Sb site,figure,,Visually estimated from Fig. 5a,500.0,1.1,dimensionless
1-s2.0-S305091492500127X-main.pdf,10.1016/j.tramat.2025.100125,AgSbTe2,Ag0.9Sb1.1-0.9Pb0.2Te2.1,Ag0.9Sb1.1-0.9Pb0.2Te2.1,1,No,Pb,0.2,Sb,,Pb (0.2) @ Sb site,figure,,Visually estimated from Fig. 5a,600.0,1.4,dimensionless
1-s2.0-S305091492500127X-main.pdf,10.1016/j.tramat.2025.100125,AgSbTe2,Ag0.9Sb1.1-0.9Pb0.2Te2.0Se0.1,Ag0.9Sb1.1-0.9Pb0.2Te2.0Se0.1,2,Yes,Pb,0.2,Sb,Se (0.1) @ Te,Pb (0.2) @ Sb site; Se (0.1) @ Te site,figure,,Visually estimated from Fig. 5a,300.0,0.5,dimensionless
1-s2.0-S305091492500127X-main.pdf,10.1016/j.tramat.2025.100125,AgSbTe2,Ag0.9Sb1.1-0.9Pb0.2Te2.0Se0.1,Ag0.9Sb1.1-0.9Pb0.2Te2.0Se0.1,2,Yes,Pb,0.2,Sb,Se (0.1) @ Te,Pb (0.2) @ Sb site; Se (0.1) @ Te site,figure,,Visually estimated from Fig. 5a,400.0,0.9,dimensionless
1-s2.0-S305091492500127X-main.pdf,10.1016/j.tramat.2025.100125,AgSbTe2,Ag0.9Sb1.1-0.9Pb0.2Te2.0Se0.1,Ag0.9Sb1.1-0.9Pb0.2Te2.0Se0.1,2,Yes,Pb,0.2,Sb,Se (0.1) @ Te,Pb (0.2) @ Sb site; Se (0.1) @ Te site,figure,,Visually estimated from Fig. 5a,500.0,1.2,dimensionless
1-s2.0-S305091492500127X-main.pdf,10.1016/j.tramat.2025.100125,AgSbTe2,Ag0.9Sb1.1-0.9Pb0.2Te2.0Se0.1,Ag0.9Sb1.1-0.9Pb0.2Te2.0Se0.1,2,Yes,Pb,0.2,Sb,Se (0.1) @ Te,Pb (0.2) @ Sb site; Se (0.1) @ Te site,figure,,Visually estimated from Fig. 5a,600.0,1.5,dimensionless
202106_1_online.pdf,10.1063/1.3029774,AgSbTe2,AgSbTe2,AgSbTe2,0,No,,,,,,body text,,,673.0,1.59,dimensionless
202106_1_online.pdf,10.1063/1.3029774,AgSbTe2,Ag0.88Sb1.04Te2,Ag0.88Sb1.04Te2,0,No,,,,,,body text,,,423.0,0.82,dimensionless
202106_1_online.pdf,10.1063/1.3029774,AgSbTe2,Ag0.83Sb1.06Te2,Ag0.83Sb1.06Te2,0,No,,,,,,body text,,,423.0,0.95,dimensionless
202106_1_online.pdf,10.1063/1.3029774,AgSbTe2,AST5050,AgSbTe2,0,No,,,,,,body text,,,673.0,1.59,dimensionless
202106_1_online.pdf,10.1063/1.3029774,AgSbTe2,AST4654,Ag0.88Sb1.04Te2,0,No,,,,,,body text,,,673.0,0.82,dimensionless
202106_1_online.pdf,10.1063/1.3029774,AgSbTe2,AST4456,Ag0.83Sb1.06Te2,0,No,,,,,,body text,,,423.0,0.95,dimensionless
2305.19217v1.pdf,,Sb2Te3,AST3,Sb2Te3-AgSbTe2 (x=5.90),1,No,Ag,5.90 atomic percentage,multiple sites,,Ag (5.90 atomic percentage) @ multiple sites site,text,body text,,375.0,2.26,dimensionless
2305.19217v1.pdf,,Sb2Te3,AST4,Sb2Te3-AgSbTe2 (x=7.00),1,No,Ag,7.00 atomic percentage,multiple sites,,Ag (7.00 atomic percentage) @ multiple sites site,text,body text,,375.0,1.85,dimensionless
Adv Funct Materials - 2024 - Kim - Enhancement of Phase Stability and Thermoelectric Performance of Meta‐Stable AgSbTe2 by.pdf,10.1002/adfm.202404886,AgSbTe2,initial AgSbTe2,AgSbTe2,0,No,,,,,,body text,Page 7,,300.0,0.35,dimensionless
Adv Funct Materials - 2024 - Kim - Enhancement of Phase Stability and Thermoelectric Performance of Meta‐Stable AgSbTe2 by.pdf,10.1002/adfm.202404886,AgSbTe2,Thigh T. C. AgSbTe2,AgSbTe2,0,No,,,,,,body text,"Page 1, Page 7",,643.0,1.7,dimensionless
Adv Funct Materials - 2024 - Kim - Enhancement of Phase Stability and Thermoelectric Performance of Meta‐Stable AgSbTe2 by.pdf,10.1002/adfm.202404886,AgSbTe2,initial AgSbTe2,AgSbTe2,0,No,,,,,,figure,Fig. 5c,Visually estimated from Fig. 5c,643.0,0.8,dimensionless
Adv Funct Materials - 2024 - Kim - Enhancement of Phase Stability and Thermoelectric Performance of Meta‐Stable AgSbTe2 by.pdf,10.1002/adfm.202404886,AgSbTe2,4) Thigh T.C. AgSbTe2,AgSbTe2,0,No,,,,,,figure,Fig. 5c,Visually estimated from Fig. 5c,643.0,1.7,dimensionless
Adv Funct Materials - 2024 - Zhang - Dual Alloying Enables High Thermoelectric Performance in AgSbTe2 by Manipulating.pdf,10.1002/adfm.202400679,AgSbTe2,AgSbTe2,AgSbTe2,0,No,,,,,,body text,,,323.0,0.46,dimensionless
Adv Funct Materials - 2024 - Zhang - Dual Alloying Enables High Thermoelectric Performance in AgSbTe2 by Manipulating.pdf,10.1002/adfm.202400679,AgSbTe2,(AgSbTe2)0.98(AgAlSe2)0.02,(AgSbTe2)0.98(AgAlSe2)0.02,2,Yes,Al,0.02,multiple sites,Se (0.02) @ multiple sites,Al (0.02) @ multiple sites site; Se (0.02) @ multiple sites site,body text,,,323.0,0.77,dimensionless
Adv Funct Materials - 2024 - Zhang - Dual Alloying Enables High Thermoelectric Performance in AgSbTe2 by Manipulating.pdf,10.1002/adfm.202400679,AgSbTe2,(AgSbTe2)0.98(AgAlSe2)0.02,(AgSbTe2)0.98(AgAlSe2)0.02,2,Yes,Al,0.02,multiple sites,Se (0.02) @ multiple sites,Al (0.02) @ multiple sites site; Se (0.02) @ multiple sites site,body text,,,623.0,1.9,dimensionless
Adv Funct Materials - 2024 - Zhang - Dual Alloying Enables High Thermoelectric Performance in AgSbTe2 by Manipulating.pdf,10.1002/adfm.202400679,AgSbTe2,AgSbTe2,AgSbTe2,0,No,,,,,,body text,,Value for unalloyed sample near room temperature,300.0,0.46,dimensionless
Adv Funct Materials - 2024 - Zhang - Dual Alloying Enables High Thermoelectric Performance in AgSbTe2 by Manipulating.pdf,10.1002/adfm.202400679,AgSbTe2,x=0.02,(AgSbTe2)0.98(AgAlSe2)0.02,2,Yes,Al,0.02,unclear,Se (0.02) @ unclear,Al (0.02) @ unclear site; Se (0.02) @ unclear site,body text,,Value for x=0.02 sample near room temperature,300.0,0.77,dimensionless
Adv Funct Materials - 2024 - Zhang - Dual Alloying Enables High Thermoelectric Performance in AgSbTe2 by Manipulating.pdf,10.1002/adfm.202400679,AgSbTe2,x=0.02,(AgSbTe2)0.98(AgAlSe2)0.02,2,Yes,Al,0.02,unclear,Se (0.02) @ unclear,Al (0.02) @ unclear site; Se (0.02) @ unclear site,body text,,Maximum value for x=0.02 sample,623.0,1.9,dimensionless
Adv Funct Materials - 2025 - Li - Supercompliant Lattice Boosts n‐type AgSbTe2 Thermoelectrics.pdf,10.1002/adfm.202502367,AgSbTe2,Ag0.8Na0.3Sb0.6Bi0.4Te2,Ag0.8Na0.3Sb0.6Bi0.4Te2,2,Yes,Na,10 at.% (excessive),interstitial,Bi (40 at.%) @ Sb,Na (10 at.% (excessive)) @ interstitial site; Bi (40 at.%) @ Sb site,body text,,,,0.45,dimensionless
Adv Funct Materials - 2025 - Li - Supercompliant Lattice Boosts n‐type AgSbTe2 Thermoelectrics.pdf,10.1002/adfm.202502367,AgSbTe2,Ag0.8Na0.3Sb0.6Bi0.4Te2,Ag0.8Na0.3Sb0.6Bi0.4Te2,2,Yes,Na,10 at.% (excessive),interstitial,Bi (40 at.%) @ Sb,Na (10 at.% (excessive)) @ interstitial site; Bi (40 at.%) @ Sb site,body text,,,573.0,0.4,dimensionless
Adv Funct Materials - 2025 - Li - Supercompliant Lattice Boosts n‐type AgSbTe2 Thermoelectrics.pdf,10.1002/adfm.202502367,AgSbTe2,Ag0.1Na0.9Sb0.6Bi0.4Te2,Ag0.1Na0.9Sb0.6Bi0.4Te2,2,Yes,Na,0.9,Ag,Bi (0.4) @ Sb,Na (0.9) @ Ag site; Bi (0.4) @ Sb site,figure,,Visually estimated from Fig. 6c,300.0,0.05,dimensionless
Adv Funct Materials - 2025 - Li - Supercompliant Lattice Boosts n‐type AgSbTe2 Thermoelectrics.pdf,10.1002/adfm.202502367,AgSbTe2,Ag0.8Na0.2Sb0.6Bi0.4Te2,Ag0.8Na0.2Sb0.6Bi0.4Te2,2,Yes,Na,0.2,Ag,Bi (0.4) @ Sb,Na (0.2) @ Ag site; Bi (0.4) @ Sb site,figure,,Visually estimated from Fig. 6c,300.0,0.05,dimensionless
Adv Funct Materials - 2025 - Li - Supercompliant Lattice Boosts n‐type AgSbTe2 Thermoelectrics.pdf,10.1002/adfm.202502367,AgSbTe2,Ag0.8Na0.3Sb0.6Bi0.4Te2,Ag0.8Na0.3Sb0.6Bi0.4Te2,2,Yes,Na,0.3,Ag,Bi (0.4) @ Sb,Na (0.3) @ Ag site; Bi (0.4) @ Sb site,figure,,Visually estimated from Fig. 6c,300.0,0.05,dimensionless
Adv Funct Materials - 2025 - Li - Supercompliant Lattice Boosts n‐type AgSbTe2 Thermoelectrics.pdf,10.1002/adfm.202502367,AgSbTe2,Ag0.7Na0.4Sb0.6Bi0.4Te2,Ag0.7Na0.4Sb0.6Bi0.4Te2,2,Yes,Na,0.4,Ag,Bi (0.4) @ Sb,Na (0.4) @ Ag site; Bi (0.4) @ Sb site,figure,,Visually estimated from Fig. 6c,300.0,0.05,dimensionless
Adv Funct Materials - 2025 - Li - Supercompliant Lattice Boosts n‐type AgSbTe2 Thermoelectrics.pdf,10.1002/adfm.202502367,AgSbTe2,n-type Ag0.8Na0.3Sb0.6Bi0.4Te2,Ag0.8Na0.3Sb0.6Bi0.4Te2,2,Yes,Na,0.3,Ag,Bi (0.4) @ Sb,Na (0.3) @ Ag site; Bi (0.4) @ Sb site,body text,,Maximum ZT value reported in the low-temperature regime.,,0.45,dimensionless
Adv Funct Materials - 2026 - Zhang - Improving Stability of High‐Performance AgSbTe2 Thermoelectrics by Lattice Regulation.pdf,10.1002/adfm.75160,AgSbTe2,AgSbTe2,AgSbTe2,0,No,,,,,,body text,Abstract and Section 2.2,,650.0,1.7,dimensionless
Adv Funct Materials - 2026 - Zhang - Improving Stability of High‐Performance AgSbTe2 Thermoelectrics by Lattice Regulation.pdf,10.1002/adfm.75160,AgSbTe2,AgSb0.97Pb0.03Te2,AgSb0.97Pb0.03Te2,1,No,Pb,0.03,Sb,,Pb (0.03) @ Sb site,body text,Abstract and Section 2.2,,650.0,1.7,dimensionless
Adv Funct Materials - 2026 - Zhang - Improving Stability of High‐Performance AgSbTe2 Thermoelectrics by Lattice Regulation.pdf,10.1002/adfm.75160,AgSbTe2,AgSb1-xPbxTe2 (x=0),AgSbTe2,1,No,Pb,x=0,Sb,,Pb (x=0) @ Sb site,figure,,Visually estimated from Fig. 5d,300.0,0.5,dimensionless
Adv Funct Materials - 2026 - Zhang - Improving Stability of High‐Performance AgSbTe2 Thermoelectrics by Lattice Regulation.pdf,10.1002/adfm.75160,AgSbTe2,AgSb1-xPbxTe2 (x=0.03),AgSb0.97Pb0.03Te2,1,No,Pb,x=0.03,Sb,,Pb (x=0.03) @ Sb site,figure,,Visually estimated from Fig. 5d,300.0,0.6,dimensionless
Adv Funct Materials - 2026 - Zhang - Improving Stability of High‐Performance AgSbTe2 Thermoelectrics by Lattice Regulation.pdf,10.1002/adfm.75160,AgSbTe2,AgSb1-xPbxTe2 (x=0.03),AgSb0.97Pb0.03Te2,1,No,Pb,x=0.03,Sb,,Pb (x=0.03) @ Sb site,body text,,Peak ZT value mentioned in text,650.0,1.7,dimensionless
Advanced Energy Materials - 2011 - Chen - SnTe AgSbTe2 Thermoelectric Alloys.pdf,10.1002/aenm.201100460,Ag0.366Sb0.558Te,(Ag0.366Sb0.558Te)1-x(SnTe)x,(Ag0.366Sb0.558Te)1-x(SnTe)x,1,No,Sn,x,multiple sites,,Sn (x) @ multiple sites site,body text,"Page 4, column 2",at x ~ 20-25%,,0.9,dimensionless
Advanced Energy Materials - 2011 - Chen - SnTe AgSbTe2 Thermoelectric Alloys.pdf,10.1002/aenm.201100460,Ag0.366Sb0.558Te,(Ag0.366Sb0.558Te)1-x(SnTe)x,(Ag0.366Sb0.558Te)1-x(SnTe)x,1,No,Sn,x,multiple sites,,Sn (x) @ multiple sites site,body text,"Page 4, column 2",at x ~ 50-60%,,0.8,dimensionless
Advanced Energy Materials - 2011 - Chen - SnTe AgSbTe2 Thermoelectric Alloys.pdf,10.1002/aenm.201100460,Ag0.366Sb0.558Te,(Ag0.366Sb0.558Te)1-x(SnTe)x,(Ag0.366Sb0.558Te)1-x(SnTe)x,1,No,Sn,x,multiple sites,,Sn (x) @ multiple sites site,figure,Fig 3c,Visually estimated from Fig 3c for x=0.20-0.25 composition.,500.0,0.9,dimensionless
Advanced Energy Materials - 2011 - Chen - SnTe AgSbTe2 Thermoelectric Alloys.pdf,10.1002/aenm.201100460,Ag0.366Sb0.558Te,(Ag0.366Sb0.558Te)1-x(SnTe)x,(Ag0.366Sb0.558Te)1-x(SnTe)x,1,No,Sn,x,multiple sites,,Sn (x) @ multiple sites site,figure,Fig 3c,Visually estimated from Fig 3c for x=0.50-0.60 composition.,500.0,0.8,dimensionless
Advanced Energy Materials - 2011 - Han - Lead‐Free Thermoelectrics  High Figure of Merit in p‐type AgSnmSbTem 2.pdf,10.1002/aenm.201100613,AgSnmSbTem+2,AgSn4SbTe6,AgSn4SbTe6,2,Yes,Ag,m=4,unclear,Sb (m=4) @ unclear,Ag (m=4) @ unclear site; Sb (m=4) @ unclear site,body text,,,710.0,1.0,dimensionless
Advanced Energy Materials - 2011 - Han - Lead‐Free Thermoelectrics  High Figure of Merit in p‐type AgSnmSbTem 2.pdf,10.1002/aenm.201100613,AgSnmSbTem+2,AgSn5SbTe7,AgSn5SbTe7,2,Yes,Ag,m=5,unclear,Sb (m=5) @ unclear,Ag (m=5) @ unclear site; Sb (m=5) @ unclear site,body text,,,710.0,0.92,dimensionless
Advanced Energy Materials - 2011 - Han - Lead‐Free Thermoelectrics  High Figure of Merit in p‐type AgSnmSbTem 2.pdf,10.1002/aenm.201100613,AgSnmSbTem+2,m=2,AgSn2SbTe4,0,No,,,,,,figure,Fig. 6,Visually estimated from Fig. 6,300.0,0.15,dimensionless
Advanced Energy Materials - 2011 - Han - Lead‐Free Thermoelectrics  High Figure of Merit in p‐type AgSnmSbTem 2.pdf,10.1002/aenm.201100613,AgSnmSbTem+2,m=4,AgSn4SbTe6,0,No,,,,,,figure,Fig. 6,Visually estimated from Fig. 6,300.0,0.1,dimensionless
Advanced Energy Materials - 2011 - Han - Lead‐Free Thermoelectrics  High Figure of Merit in p‐type AgSnmSbTem 2.pdf,10.1002/aenm.201100613,AgSnmSbTem+2,m=5,AgSn5SbTe7,0,No,,,,,,figure,Fig. 6,Visually estimated from Fig. 6,300.0,0.08,dimensionless
Advanced Energy Materials - 2011 - Han - Lead‐Free Thermoelectrics  High Figure of Merit in p‐type AgSnmSbTem 2.pdf,10.1002/aenm.201100613,AgSnmSbTem+2,m=10,AgSn10SbTe12,0,No,,,,,,figure,Fig. 6,Visually estimated from Fig. 6,300.0,0.05,dimensionless
Advanced Energy Materials - 2017 - Hong - Achieving zT   2 in p‐Type AgSbTe2 xSex Alloys via Exploring the Extra Light.pdf,10.1002/aenm.201702333,AgSbTe2,AgSbTe2 (x=0),AgSbTe2,1,No,Se,x=0,Te,,Se (x=0) @ Te site,figure,Fig. 1a,Visually estimated from Fig. 1a,300.0,0.4,dimensionless
Advanced Energy Materials - 2017 - Hong - Achieving zT   2 in p‐Type AgSbTe2 xSex Alloys via Exploring the Extra Light.pdf,10.1002/aenm.201702333,AgSbTe2,AgSbTe2 (x=0),AgSbTe2,1,No,Se,x=0,Te,,Se (x=0) @ Te site,figure,Fig. 1a,Visually estimated from Fig. 1a,600.0,1.2,dimensionless
Advanced Energy Materials - 2017 - Hong - Achieving zT   2 in p‐Type AgSbTe2 xSex Alloys via Exploring the Extra Light.pdf,10.1002/aenm.201702333,AgSbTe2,AgSbTe1.95Se0.05 (x=0.05),AgSbTe1.95Se0.05,1,No,Se,x=0.05,Te,,Se (x=0.05) @ Te site,figure,Fig. 1a,Visually estimated from Fig. 1a,300.0,0.45,dimensionless
Advanced Energy Materials - 2017 - Hong - Achieving zT   2 in p‐Type AgSbTe2 xSex Alloys via Exploring the Extra Light.pdf,10.1002/aenm.201702333,AgSbTe2,AgSbTe1.95Se0.05 (x=0.05),AgSbTe1.95Se0.05,1,No,Se,x=0.05,Te,,Se (x=0.05) @ Te site,figure,Fig. 1a,Visually estimated from Fig. 1a,600.0,1.4,dimensionless
Advanced Energy Materials - 2017 - Hong - Achieving zT   2 in p‐Type AgSbTe2 xSex Alloys via Exploring the Extra Light.pdf,10.1002/aenm.201702333,AgSbTe2,AgSbTe1.9Se0.1 (x=0.1),AgSbTe1.9Se0.1,1,No,Se,x=0.1,Te,,Se (x=0.1) @ Te site,figure,Fig. 1a,Visually estimated from Fig. 1a,300.0,0.5,dimensionless
Advanced Energy Materials - 2017 - Hong - Achieving zT   2 in p‐Type AgSbTe2 xSex Alloys via Exploring the Extra Light.pdf,10.1002/aenm.201702333,AgSbTe2,AgSbTe1.9Se0.1 (x=0.1),AgSbTe1.9Se0.1,1,No,Se,x=0.1,Te,,Se (x=0.1) @ Te site,figure,Fig. 1a,Visually estimated from Fig. 1a,600.0,1.6,dimensionless
Advanced Energy Materials - 2017 - Hong - Achieving zT   2 in p‐Type AgSbTe2 xSex Alloys via Exploring the Extra Light.pdf,10.1002/aenm.201702333,AgSbTe2,AgSbTe1.85Se0.15 (x=0.15),AgSbTe1.85Se0.15,1,No,Se,x=0.15,Te,,Se (x=0.15) @ Te site,figure,Fig. 1a,Visually estimated from Fig. 1a,300.0,0.55,dimensionless
Advanced Energy Materials - 2017 - Hong - Achieving zT   2 in p‐Type AgSbTe2 xSex Alloys via Exploring the Extra Light.pdf,10.1002/aenm.201702333,AgSbTe2,AgSbTe1.85Se0.15 (x=0.15),AgSbTe1.85Se0.15,1,No,Se,x=0.15,Te,,Se (x=0.15) @ Te site,figure,Fig. 1a,Visually estimated from Fig. 1a,600.0,2.0,dimensionless
Advanced Energy Materials - 2017 - Hong - Achieving zT   2 in p‐Type AgSbTe2 xSex Alloys via Exploring the Extra Light.pdf,10.1002/aenm.201702333,AgSbTe2,AgSbTe1.8Se0.2 (x=0.2),AgSbTe1.8Se0.2,1,No,Se,x=0.2,Te,,Se (x=0.2) @ Te site,figure,Fig. 1a,Visually estimated from Fig. 1a,300.0,0.6,dimensionless
Advanced Energy Materials - 2017 - Hong - Achieving zT   2 in p‐Type AgSbTe2 xSex Alloys via Exploring the Extra Light.pdf,10.1002/aenm.201702333,AgSbTe2,AgSbTe1.8Se0.2 (x=0.2),AgSbTe1.8Se0.2,1,No,Se,x=0.2,Te,,Se (x=0.2) @ Te site,figure,Fig. 1a,Visually estimated from Fig. 1a,600.0,1.8,dimensionless
Advanced Energy Materials - 2026 - Li - Rare‐Earth Yttrium Doping Advances High‐Performance AgSbTe2 Thermoelectrics.pdf,10.1002/aenm.202505258,AgSbTe2,AgSb0.98Y0.02Te2 (x=0.02),AgSb0.98Y0.02Te2,1,No,Y,2%,Sb,,Y (2%) @ Sb site,text,Page 2,,623.0,1.92,dimensionless
Advanced Energy Materials - 2026 - Li - Rare‐Earth Yttrium Doping Advances High‐Performance AgSbTe2 Thermoelectrics.pdf,10.1002/aenm.202505258,AgSbTe2,AgSbTe2,AgSbTe2,0,No,,,,,,figure,,Visually estimated from Fig. 4h,300.0,0.6,dimensionless
Advanced Energy Materials - 2026 - Li - Rare‐Earth Yttrium Doping Advances High‐Performance AgSbTe2 Thermoelectrics.pdf,10.1002/aenm.202505258,AgSbTe2,AgSb0.99Y0.01Te2,AgSb0.99Y0.01Te2,1,No,Y,0.01,Sb,,Y (0.01) @ Sb site,figure,,Visually estimated from Fig. 4h,300.0,0.7,dimensionless
Advanced Energy Materials - 2026 - Li - Rare‐Earth Yttrium Doping Advances High‐Performance AgSbTe2 Thermoelectrics.pdf,10.1002/aenm.202505258,AgSbTe2,AgSb0.98Y0.02Te2,AgSb0.98Y0.02Te2,1,No,Y,0.02,Sb,,Y (0.02) @ Sb site,figure,,Visually estimated from Fig. 4h,300.0,0.75,dimensionless
Advanced Energy Materials - 2026 - Li - Rare‐Earth Yttrium Doping Advances High‐Performance AgSbTe2 Thermoelectrics.pdf,10.1002/aenm.202505258,AgSbTe2,AgSb0.97Y0.03Te2,AgSb0.97Y0.03Te2,1,No,Y,0.03,Sb,,Y (0.03) @ Sb site,figure,,Visually estimated from Fig. 4h,300.0,0.72,dimensionless
Advanced Materials - 2006 - Androulakis - Nanostructuring and High Thermoelectric Efficiency in p‐Type Ag Pb1   ySny mSbTe2.pdf,10.1002/adma.200502770,Ag(Pb1-ySny)mSbTe2+m,Ag0.5Pb6Sn2Sb0.2Te10,Ag0.5Pb6Sn2Sb0.2Te10,3,Yes,Pb,1-y,Ag,Sn (y) @ Ag; Sb (0.2) @ Ag,Pb (1-y) @ Ag site; Sn (y) @ Ag site; Sb (0.2) @ Ag site,text,"Page 3, body text",,627.0,1.45,dimensionless
Advanced Materials - 2022 - Zhang - Defect‐Engineering‐Stabilized AgSbTe2 with High Thermoelectric Performance.pdf,10.1002/adma.202208994,AgSbTe2,Pristine AgSbTe2,AgSbTe2,0,No,,,,,,text,"Page 2, Results and Discussion",,673.0,0.6,dimensionless
Advanced Materials - 2022 - Zhang - Defect‐Engineering‐Stabilized AgSbTe2 with High Thermoelectric Performance.pdf,10.1002/adma.202208994,AgSbTe2,AgSbTe1.85Se0.1S0.05,AgSbTe1.85Se0.1S0.05,2,Yes,Se,0.1,Te,S (0.05) @ Te,Se (0.1) @ Te site; S (0.05) @ Te site,text,"Page 7, Results and Discussion",,673.0,2.3,dimensionless
Advanced Materials - 2022 - Zhang - Defect‐Engineering‐Stabilized AgSbTe2 with High Thermoelectric Performance.pdf,10.1002/adma.202208994,AgSbTe2,AgSbTe2,AgSbTe2,0,No,,,,,,figure,Figure 1A,Visually estimated from Figure 1A,673.0,0.6,dimensionless
Advanced Materials - 2022 - Zhang - Defect‐Engineering‐Stabilized AgSbTe2 with High Thermoelectric Performance.pdf,10.1002/adma.202208994,AgSbTe2,AgSbTe1.9Se0.05S0.05,AgSbTe1.9Se0.05S0.05,2,Yes,Se,0.05,Te,S (0.05) @ Te,Se (0.05) @ Te site; S (0.05) @ Te site,figure,Figure 1A,Visually estimated from Figure 1A,673.0,1.8,dimensionless
Advanced Materials - 2022 - Zhang - Defect‐Engineering‐Stabilized AgSbTe2 with High Thermoelectric Performance.pdf,10.1002/adma.202208994,AgSbTe2,AgSbTe1.8Se0.1S0.1,AgSbTe1.8Se0.1S0.1,2,Yes,Se,0.1,Te,S (0.1) @ Te,Se (0.1) @ Te site; S (0.1) @ Te site,figure,Figure 1A,Visually estimated from Figure 1A,673.0,2.1,dimensionless
Advanced Materials - 2023 - Taneja - High Thermoelectric Performance in Phonon‐Glass Electron‐Crystal Like AgSbTe2.pdf,10.1002/adma.202307058,AgSbTe2,AgSb0.96Yb0.04Te2,AgSb0.96Yb0.04Te2,1,No,Yb,4 mol%,Sb,,Yb (4 mol%) @ Sb site,body text,,,573.0,2.4,dimensionless
Advanced Materials - 2023 - Taneja - High Thermoelectric Performance in Phonon‐Glass Electron‐Crystal Like AgSbTe2.pdf,10.1002/adma.202307058,AgSbTe2,AgSbTe2,AgSbTe2,0,No,,,,,,figure,Figure 1b,Visually estimated from Figure 1b,300.0,0.6,dimensionless
Advanced Materials - 2023 - Taneja - High Thermoelectric Performance in Phonon‐Glass Electron‐Crystal Like AgSbTe2.pdf,10.1002/adma.202307058,AgSbTe2,AgSbTe2,AgSbTe2,0,No,,,,,,figure,Figure 1b,Visually estimated from Figure 1b,500.0,1.2,dimensionless
Advanced Materials - 2023 - Taneja - High Thermoelectric Performance in Phonon‐Glass Electron‐Crystal Like AgSbTe2.pdf,10.1002/adma.202307058,AgSbTe2,AgSb0.98Yb0.02Te2,AgSb0.98Yb0.02Te2,1,No,Yb,0.02,Sb,,Yb (0.02) @ Sb site,figure,Figure 1b,Visually estimated from Figure 1b,300.0,0.7,dimensionless
Advanced Materials - 2023 - Taneja - High Thermoelectric Performance in Phonon‐Glass Electron‐Crystal Like AgSbTe2.pdf,10.1002/adma.202307058,AgSbTe2,AgSb0.98Yb0.02Te2,AgSb0.98Yb0.02Te2,1,No,Yb,0.02,Sb,,Yb (0.02) @ Sb site,figure,Figure 1b,Visually estimated from Figure 1b,500.0,1.8,dimensionless
Advanced Materials - 2023 - Taneja - High Thermoelectric Performance in Phonon‐Glass Electron‐Crystal Like AgSbTe2.pdf,10.1002/adma.202307058,AgSbTe2,AgSb0.96Yb0.04Te2,AgSb0.96Yb0.04Te2,1,No,Yb,0.04,Sb,,Yb (0.04) @ Sb site,figure,Figure 1b,Visually estimated from Figure 1b,300.0,0.8,dimensionless
Advanced Materials - 2024 - Li - High‐Performance AgSbTe2 Thermoelectrics  Advances  Challenges  and Perspectives.pdf,10.1002/adma.202409275,AgSbTe2,AgSb0.94Cd0.06Te2,AgSb0.94Cd0.06Te2,1,No,Cd,0.06,Sb,,Cd (0.06) @ Sb site,Table 1,,,573.0,2.6,dimensionless
Advanced Materials - 2024 - Li - High‐Performance AgSbTe2 Thermoelectrics  Advances  Challenges  and Perspectives.pdf,10.1002/adma.202409275,AgSbTe2,AgSb0.96Hg0.04Te2,AgSb0.96Hg0.04Te2,1,No,Hg,0.04,Sb,,Hg (0.04) @ Sb site,Table 1,,,570.0,2.4,dimensionless
Advanced Materials - 2024 - Li - High‐Performance AgSbTe2 Thermoelectrics  Advances  Challenges  and Perspectives.pdf,10.1002/adma.202409275,AgSbTe2,AgSbTe1.85Se0.1S0.05,AgSbTe1.85Se0.1S0.05,2,Yes,Se,0.1,Te,S (0.05) @ Te,Se (0.1) @ Te site; S (0.05) @ Te site,Table 1,,,673.0,2.3,dimensionless
Advanced Materials - 2024 - Li - High‐Performance AgSbTe2 Thermoelectrics  Advances  Challenges  and Perspectives.pdf,10.1002/adma.202409275,AgSbTe2,Ag0.98SbTe2,Ag0.98SbTe2,1,No,Ag vacancy,0.02,Ag,,Ag vacancy (0.02) @ Ag site,body text,,,573.0,2.3,dimensionless
Advanced Materials - 2024 - Li - High‐Performance AgSbTe2 Thermoelectrics  Advances  Challenges  and Perspectives.pdf,10.1002/adma.202409275,AgSbTe2,AgSb1-xHgxTe2 (x=0.02),AgSb0.98Hg0.02Te2,1,No,Hg,x=0.02,Sb,,Hg (x=0.02) @ Sb site,figure,Figure 10c,Visually estimated from bar chart in Figure 10c,,1.8,dimensionless
Advanced Materials - 2024 - Li - High‐Performance AgSbTe2 Thermoelectrics  Advances  Challenges  and Perspectives.pdf,10.1002/adma.202409275,AgSbTe2,AgSb1-xHgxTe2 (x=0.04),AgSb0.96Hg0.04Te2,1,No,Hg,x=0.04,Sb,,Hg (x=0.04) @ Sb site,figure,Figure 10c,Visually estimated from bar chart in Figure 10c,,2.4,dimensionless
Advanced Science - 2022 - Tee - Thermoelectric Silver‐Based Chalcogenides.pdf,10.1002/advs.202204624,AgSbTe2,AgSb0.94Cd0.06Te2,AgSb0.94Cd0.06Te2,1,No,Cd,0.06,Sb,,Cd (0.06) @ Sb site,table,Table 1,,573.0,2.6,dimensionless
Advanced Science - 2022 - Tee - Thermoelectric Silver‐Based Chalcogenides.pdf,10.1002/advs.202204624,AgSbTe2,AgSb0.96Zn0.04Te2,AgSb0.96Zn0.04Te2,1,No,Zn,0.04,Sb,,Zn (0.04) @ Sb site,table,Table 1,,584.0,1.9,dimensionless
Advanced Science - 2022 - Tee - Thermoelectric Silver‐Based Chalcogenides.pdf,10.1002/advs.202204624,AgSbTe2,AgSb0.96Cd0.06Te2,AgSb0.96Cd0.06Te2,1,No,Cd,0.06,Sb,,Cd (0.06) @ Sb site,table,Table 1,,573.0,2.6,dimensionless
Advanced Science - 2022 - Tee - Thermoelectric Silver‐Based Chalcogenides.pdf,10.1002/advs.202204624,AgSbTe2,Ag0.2Cu0.89In0.09Te1.05,Ag0.2Cu0.89In0.09Te1.05,2,Yes,Cu,0.89,Ag,In (0.09) @ unclear,Cu (0.89) @ Ag site; In (0.09) @ unclear site,table,Table 1,,850.0,1.6,dimensionless
Advanced Science - 2022 - Tee - Thermoelectric Silver‐Based Chalcogenides.pdf,10.1002/advs.202204624,AgSbTe2,AgMnSbTe3,AgMnSbTe3,1,No,Mn,not specified,unclear,,Mn (not specified) @ unclear site,table,Table 1,,823.0,1.46,dimensionless
Advanced Science - 2022 - Tee - Thermoelectric Silver‐Based Chalcogenides.pdf,10.1002/advs.202204624,AgSbTe2,Ag0.025In0.025SnTe1.05,Ag0.025In0.025SnTe1.05,2,Yes,Ag,0.025,unclear,In (0.025) @ unclear,Ag (0.025) @ unclear site; In (0.025) @ unclear site,table,Table 1,,856.0,1.8,dimensionless
Advanced Science - 2022 - Tee - Thermoelectric Silver‐Based Chalcogenides.pdf,10.1002/advs.202204624,AgSbTe2,AgSnSbSe1.5Te1.5,AgSnSbSe1.5Te1.5,1,No,Sn,not specified,unclear,,Sn (not specified) @ unclear site,table,Table 1,,723.0,1.14,dimensionless
Angew Chem Int Ed - 2026 - Han - Lead‐Doping Enabled Band Engineering and Phonon Transport Modulation  Key to.pdf,10.1002/anie.2554196,AgSbTe2,AgSbTe2,AgSbTe2,0,No,,,,,,body text,Page 8,,300.0,0.4,dimensionless
Angew Chem Int Ed - 2026 - Han - Lead‐Doping Enabled Band Engineering and Phonon Transport Modulation  Key to.pdf,10.1002/anie.2554196,AgSbTe2,AgSb0.96Pb0.04Te2,AgSb0.96Pb0.04Te2,1,No,Pb,0.04,Sb,,Pb (0.04) @ Sb site,body text,Page 1,,623.0,2.0,dimensionless
Angew Chem Int Ed - 2026 - Han - Lead‐Doping Enabled Band Engineering and Phonon Transport Modulation  Key to.pdf,10.1002/anie.2554196,AgSbTe2,AgSb0.96Pb0.04Te2,AgSb0.96Pb0.04Te2,1,No,Pb,0.04,Sb,,Pb (0.04) @ Sb site,body text,Page 8,,300.0,0.7,dimensionless
Angew Chem Int Ed - 2026 - Han - Lead‐Doping Enabled Band Engineering and Phonon Transport Modulation  Key to.pdf,10.1002/anie.2554196,AgSbTe2,AgSbTe2,AgSbTe2,0,No,,,,,,figure,Figure 6a,Visually estimated from Figure 6a,300.0,0.2,dimensionless
Angew Chem Int Ed - 2026 - Han - Lead‐Doping Enabled Band Engineering and Phonon Transport Modulation  Key to.pdf,10.1002/anie.2554196,AgSbTe2,AgSbTe2,AgSbTe2,0,No,,,,,,figure,Figure 6a,Visually estimated from Figure 6a,623.0,0.8,dimensionless
Angew Chem Int Ed - 2026 - Han - Lead‐Doping Enabled Band Engineering and Phonon Transport Modulation  Key to.pdf,10.1002/anie.2554196,AgSbTe2,AgSb0.98Pb0.02Te2,AgSb0.98Pb0.02Te2,1,No,Pb,0.02,Sb,,Pb (0.02) @ Sb site,figure,Figure 6a,Visually estimated from Figure 6a,300.0,0.3,dimensionless
Angew Chem Int Ed - 2026 - Han - Lead‐Doping Enabled Band Engineering and Phonon Transport Modulation  Key to.pdf,10.1002/anie.2554196,AgSbTe2,AgSb0.98Pb0.02Te2,AgSb0.98Pb0.02Te2,1,No,Pb,0.02,Sb,,Pb (0.02) @ Sb site,figure,Figure 6a,Visually estimated from Figure 6a,623.0,1.4,dimensionless
Angew Chem Int Ed - 2026 - Han - Lead‐Doping Enabled Band Engineering and Phonon Transport Modulation  Key to.pdf,10.1002/anie.2554196,AgSbTe2,AgSb0.94Pb0.06Te2,AgSb0.94Pb0.06Te2,1,No,Pb,0.06,Sb,,Pb (0.06) @ Sb site,figure,Figure 6a,Visually estimated from Figure 6a,300.0,0.5,dimensionless
Angew Chem Int Ed - 2026 - Han - Lead‐Doping Enabled Band Engineering and Phonon Transport Modulation  Key to.pdf,10.1002/anie.2554196,AgSbTe2,AgSb0.94Pb0.06Te2,AgSb0.94Pb0.06Te2,1,No,Pb,0.06,Sb,,Pb (0.06) @ Sb site,figure,Figure 6a,Visually estimated from Figure 6a,623.0,1.7,dimensionless
Annalen der Physik - 2020 - Liu - Evaluation of Thermoelectric Properties of Ag0 366Sb0 558Te.pdf,10.1002/andp.201900561,Ag0.366SbTe2,Ag0.366(Sb1-xSnx)0.558Te (x=0),Ag0.366Sb0.558Te,1,No,none,0,unclear,,none (0) @ unclear site,text,body text,Peak zT value for Sn-doped samples,,1.3,dimensionless
Annalen der Physik - 2020 - Liu - Evaluation of Thermoelectric Properties of Ag0 366Sb0 558Te.pdf,10.1002/andp.201900561,Ag0.366SbTe2,"Ag0.366(Sb1-xSnx)0.558Te, x=0",Ag0.366Sb0.558Te,1,No,Sn,x=0,Sb,,Sn (x=0) @ Sb site,figure,Fig. 7a,Visually estimated from Fig. 7a,300.0,0.4,dimensionless
Annalen der Physik - 2020 - Liu - Evaluation of Thermoelectric Properties of Ag0 366Sb0 558Te.pdf,10.1002/andp.201900561,Ag0.366SbTe2,"Ag0.366(Sb1-xSnx)0.558Te, x=0",Ag0.366Sb0.558Te,1,No,Sn,x=0,Sb,,Sn (x=0) @ Sb site,figure,Fig. 7a,Visually estimated from Fig. 7a,700.0,0.45,dimensionless
Annalen der Physik - 2020 - Liu - Evaluation of Thermoelectric Properties of Ag0 366Sb0 558Te.pdf,10.1002/andp.201900561,Ag0.366SbTe2,"Ag0.366(Sb1-xSnx)0.558Te, x=0.09",Ag0.366(Sb0.91Sn0.09)0.558Te,1,No,Sn,x=0.09,Sb,,Sn (x=0.09) @ Sb site,figure,Fig. 7a,Visually estimated from Fig. 7a,300.0,0.25,dimensionless
Annalen der Physik - 2020 - Liu - Evaluation of Thermoelectric Properties of Ag0 366Sb0 558Te.pdf,10.1002/andp.201900561,Ag0.366SbTe2,"Ag0.366(Sb1-xSnx)0.558Te, x=0.09",Ag0.366(Sb0.91Sn0.09)0.558Te,1,No,Sn,x=0.09,Sb,,Sn (x=0.09) @ Sb site,figure,Fig. 7a,Visually estimated from Fig. 7a,650.0,1.25,dimensionless
Band convergence and nanostructure modulations lead to high thermoelectric performance in SnPb0.04Te-y_ AgSbTe2.pdf,10.1016/j.mtphys.2021.100505,SnPb0.04Te-y%AgSbTe2,SnPb0.04Te-12%AgSbTe2,SnPb0.04Te-12%AgSbTe2,2,Yes,Ag,12%,Sn,Sb (12%) @ Sn,Ag (12%) @ Sn site; Sb (12%) @ Sn site,body text,"Page 1, Abstract",,823.0,1.1,dimensionless
Band convergence and nanostructure modulations lead to high thermoelectric performance in SnPb0.04Te-y_ AgSbTe2.pdf,10.1016/j.mtphys.2021.100505,SnPb0.04Te-y%AgSbTe2,SnPb0.04Te-0%AgSbTe2,SnPb0.04Te,0,No,,,,,,figure,,Visually estimated from Fig. 7a at 300 K,,0.2,dimensionless
Band convergence and nanostructure modulations lead to high thermoelectric performance in SnPb0.04Te-y_ AgSbTe2.pdf,10.1016/j.mtphys.2021.100505,SnPb0.04Te-y%AgSbTe2,SnPb0.04Te-0%AgSbTe2,SnPb0.04Te,0,No,,,,,,figure,,Visually estimated from Fig. 7a at 823 K,,0.4,dimensionless
Band convergence and nanostructure modulations lead to high thermoelectric performance in SnPb0.04Te-y_ AgSbTe2.pdf,10.1016/j.mtphys.2021.100505,SnPb0.04Te-y%AgSbTe2,SnPb0.04Te-3%AgSbTe2,SnPb0.04Te-3%AgSbTe2,0,No,,,,,,figure,,Visually estimated from Fig. 7a at 300 K,,0.25,dimensionless
Band convergence and nanostructure modulations lead to high thermoelectric performance in SnPb0.04Te-y_ AgSbTe2.pdf,10.1016/j.mtphys.2021.100505,SnPb0.04Te-y%AgSbTe2,SnPb0.04Te-3%AgSbTe2,SnPb0.04Te-3%AgSbTe2,0,No,,,,,,figure,,Visually estimated from Fig. 7a at 823 K,,0.6,dimensionless
Band convergence and nanostructure modulations lead to high thermoelectric performance in SnPb0.04Te-y_ AgSbTe2.pdf,10.1016/j.mtphys.2021.100505,SnPb0.04Te-y%AgSbTe2,SnPb0.04Te-6%AgSbTe2,SnPb0.04Te-6%AgSbTe2,0,No,,,,,,figure,,Visually estimated from Fig. 7a at 300 K,,0.3,dimensionless
Band convergence and nanostructure modulations lead to high thermoelectric performance in SnPb0.04Te-y_ AgSbTe2.pdf,10.1016/j.mtphys.2021.100505,SnPb0.04Te-y%AgSbTe2,SnPb0.04Te-6%AgSbTe2,SnPb0.04Te-6%AgSbTe2,0,No,,,,,,figure,,Visually estimated from Fig. 7a at 823 K,,0.75,dimensionless
Band convergence and nanostructure modulations lead to high thermoelectric performance in SnPb0.04Te-y_ AgSbTe2.pdf,10.1016/j.mtphys.2021.100505,SnPb0.04Te-y%AgSbTe2,SnPb0.04Te-9%AgSbTe2,SnPb0.04Te-9%AgSbTe2,0,No,,,,,,figure,,Visually estimated from Fig. 7a at 300 K,,0.35,dimensionless
Band convergence and nanostructure modulations lead to high thermoelectric performance in SnPb0.04Te-y_ AgSbTe2.pdf,10.1016/j.mtphys.2021.100505,SnPb0.04Te-y%AgSbTe2,SnPb0.04Te-9%AgSbTe2,SnPb0.04Te-9%AgSbTe2,0,No,,,,,,figure,,Visually estimated from Fig. 7a at 823 K,,0.9,dimensionless
Band convergence and nanostructure modulations lead to high thermoelectric performance in SnPb0.04Te-y_ AgSbTe2.pdf,10.1016/j.mtphys.2021.100505,SnPb0.04Te-y%AgSbTe2,SnPb0.04Te-12%AgSbTe2,SnPb0.04Te-12%AgSbTe2,0,No,,,,,,figure,,Visually estimated from Fig. 7a at 300 K,,0.4,dimensionless
Band convergence and nanostructure modulations lead to high thermoelectric performance in SnPb0.04Te-y_ AgSbTe2.pdf,10.1016/j.mtphys.2021.100505,SnPb0.04Te-y%AgSbTe2,SnPb0.04Te-12%AgSbTe2,SnPb0.04Te-12%AgSbTe2,0,No,,,,,,figure,,Visually estimated from Fig. 7a at 823 K,,1.1,dimensionless
Band convergence and nanostructure modulations lead to high thermoelectric performance in SnPb0.04Te-y_ AgSbTe2.pdf,10.1016/j.mtphys.2021.100505,SnPb0.04Te-y%AgSbTe2,SnPb0.04Te-15%AgSbTe2,SnPb0.04Te-15%AgSbTe2,0,No,,,,,,figure,,Visually estimated from Fig. 7a at 300 K,,0.35,dimensionless
Band convergence and nanostructure modulations lead to high thermoelectric performance in SnPb0.04Te-y_ AgSbTe2.pdf,10.1016/j.mtphys.2021.100505,SnPb0.04Te-y%AgSbTe2,SnPb0.04Te-15%AgSbTe2,SnPb0.04Te-15%AgSbTe2,0,No,,,,,,figure,,Visually estimated from Fig. 7a at 823 K,,0.95,dimensionless
Band convergence and nanostructure modulations lead to high thermoelectric performance in SnPb0.04Te-y_ AgSbTe2.pdf,10.1016/j.mtphys.2021.100505,SnPb0.04Te-y%AgSbTe2,SnPb0.04Te-18%AgSbTe2,SnPb0.04Te-18%AgSbTe2,0,No,,,,,,figure,,Visually estimated from Fig. 7a at 300 K,,0.3,dimensionless
Band convergence and nanostructure modulations lead to high thermoelectric performance in SnPb0.04Te-y_ AgSbTe2.pdf,10.1016/j.mtphys.2021.100505,SnPb0.04Te-y%AgSbTe2,SnPb0.04Te-18%AgSbTe2,SnPb0.04Te-18%AgSbTe2,0,No,,,,,,figure,,Visually estimated from Fig. 7a at 823 K,,0.85,dimensionless
Band convergence and nanostructure modulations lead to high thermoelectric performance in SnPb0.04Te-y_ AgSbTe2.pdf,10.1016/j.mtphys.2021.100505,SnPb0.04Te-y%AgSbTe2,SnPb0.04Te-21%AgSbTe2,SnPb0.04Te-21%AgSbTe2,0,No,,,,,,figure,,Visually estimated from Fig. 7a at 300 K,,0.25,dimensionless
Band convergence and nanostructure modulations lead to high thermoelectric performance in SnPb0.04Te-y_ AgSbTe2.pdf,10.1016/j.mtphys.2021.100505,SnPb0.04Te-y%AgSbTe2,SnPb0.04Te-21%AgSbTe2,SnPb0.04Te-21%AgSbTe2,0,No,,,,,,figure,,Visually estimated from Fig. 7a at 823 K,,0.8,dimensionless
Band convergence and nanostructure modulations lead to high thermoelectric performance in SnPb0.04Te-y_ AgSbTe2.pdf,10.1016/j.mtphys.2021.100505,SnPb0.04Te-y%AgSbTe2,SnPb0.04Te-25%AgSbTe2,SnPb0.04Te-25%AgSbTe2,0,No,,,,,,figure,,Visually estimated from Fig. 7a at 300 K,,0.2,dimensionless
Band convergence and nanostructure modulations lead to high thermoelectric performance in SnPb0.04Te-y_ AgSbTe2.pdf,10.1016/j.mtphys.2021.100505,SnPb0.04Te-y%AgSbTe2,SnPb0.04Te-25%AgSbTe2,SnPb0.04Te-25%AgSbTe2,0,No,,,,,,figure,,Visually estimated from Fig. 7a at 823 K,,0.7,dimensionless
Band convergence strategy to improve thermoelectric performance in Ti-Doped AgSbTe2.pdf,10.1088/1402-4896/ad3c74,AgSbTe2,Ag1.05Sb0.99Ti0.01Te2,Ag1.05Sb0.99Ti0.01Te2,1,No,Ti,0.01,Sb,,Ti (0.01) @ Sb site,body text,,,523.0,1.28,dimensionless
Band convergence strategy to improve thermoelectric performance in Ti-Doped AgSbTe2.pdf,10.1088/1402-4896/ad3c74,AgSbTe2,Ag1.05Sb0.99Ti0.01Te2,Ag1.05Sb0.99Ti0.01Te2,1,No,Ti,0.01,Sb,,Ti (0.01) @ Sb site,body text,,average ZT value,,0.97,dimensionless
Band convergence strategy to improve thermoelectric performance in Ti-Doped AgSbTe2.pdf,10.1088/1402-4896/ad3c74,AgSbTe2,Ag1.05SbTe2,Ag1.05SbTe2,0,No,,,,,,figure,Fig. 6,Visually estimated from Fig. 6,523.0,1.05,dimensionless
"Carrier optimization and reduced thermal conductivity leading to enhanced thermoelectric performance in (Mg, S) co-doped AgSbTe2.pdf",10.1016/j.mtphys.2024.101358,AgSbTe2,AgSb0.97Mg0.03Te1.90S0.10,AgSb0.97Mg0.03Te1.90S0.10,2,Yes,Mg,3 atomic %,Sb,S (y = 0.10) @ Te,Mg (3 atomic %) @ Sb site; S (y = 0.10) @ Te site,body text,,,600.0,1.96,dimensionless
"Carrier optimization and reduced thermal conductivity leading to enhanced thermoelectric performance in (Mg, S) co-doped AgSbTe2.pdf",10.1016/j.mtphys.2024.101358,AgSbTe2,"AgSb1-xMgxTe2-ySy (x=0, y=0)",AgSbTe2,0,No,,,,,,figure,Fig. 6d,Visually estimated from Fig. 6d,300.0,0.6,dimensionless
"Carrier optimization and reduced thermal conductivity leading to enhanced thermoelectric performance in (Mg, S) co-doped AgSbTe2.pdf",10.1016/j.mtphys.2024.101358,AgSbTe2,"AgSb1-xMgxTe2-ySy (x=0, y=0)",AgSbTe2,0,No,,,,,,figure,Fig. 6d,Visually estimated from Fig. 6d,600.0,1.0,dimensionless
"Carrier optimization and reduced thermal conductivity leading to enhanced thermoelectric performance in (Mg, S) co-doped AgSbTe2.pdf",10.1016/j.mtphys.2024.101358,AgSbTe2,"AgSb1-xMgxTe2-ySy (x=0.03, y=0.05)",AgSb0.97Mg0.03Te1.95S0.05,2,Yes,Mg,0.03,Sb,S (0.05) @ Te,Mg (0.03) @ Sb site; S (0.05) @ Te site,figure,Fig. 6d,Visually estimated from Fig. 6d,300.0,0.8,dimensionless
"Carrier optimization and reduced thermal conductivity leading to enhanced thermoelectric performance in (Mg, S) co-doped AgSbTe2.pdf",10.1016/j.mtphys.2024.101358,AgSbTe2,"AgSb1-xMgxTe2-ySy (x=0.03, y=0.05)",AgSb0.97Mg0.03Te1.95S0.05,2,Yes,Mg,0.03,Sb,S (0.05) @ Te,Mg (0.03) @ Sb site; S (0.05) @ Te site,figure,Fig. 6d,Visually estimated from Fig. 6d,600.0,1.8,dimensionless
Carrier scattering mechanism change in Se and S co-doped AgSbTe2 thermoelectric materials.pdf,10.1007/s43207-026-00585-7,AgSbTe2,AgSbTe1.85Se0.1S0.05,AgSbTe1.85Se0.1S0.05,2,Yes,Se,0.1,unclear,S (0.05) @ unclear,Se (0.1) @ unclear site; S (0.05) @ unclear site,text,"Page 2, Section 1",,673.0,2.3,dimensionless
Carrier scattering mechanism change in Se and S co-doped AgSbTe2 thermoelectric materials.pdf,10.1007/s43207-026-00585-7,AgSbTe2,AgSbTe2,AgSbTe2,0,No,,,,,,figure,,Visually estimated from Fig. 6(f) at nH ~ 10^19 cm^-3,570.0,0.8,dimensionless
Carrier scattering mechanism change in Se and S co-doped AgSbTe2 thermoelectric materials.pdf,10.1007/s43207-026-00585-7,AgSbTe2,AgSbTe1.9Se0.05S0.05,AgSbTe1.9Se0.05S0.05,2,Yes,Se,0.05,Te,S (0.05) @ Te,Se (0.05) @ Te site; S (0.05) @ Te site,figure,,Visually estimated from Fig. 6(f) at nH ~ 10^20 cm^-3,570.0,1.5,dimensionless
Carrier scattering mechanism change in Se and S co-doped AgSbTe2 thermoelectric materials.pdf,10.1007/s43207-026-00585-7,AgSbTe2,AgSbTe1.85Se0.1S0.05,AgSbTe1.85Se0.1S0.05,2,Yes,Se,0.1,Te,S (0.05) @ Te,Se (0.1) @ Te site; S (0.05) @ Te site,figure,,Visually estimated from Fig. 6(f) at nH ~ 10^20 cm^-3,570.0,1.8,dimensionless
Carrier scattering mechanism change in Se and S co-doped AgSbTe2 thermoelectric materials.pdf,10.1007/s43207-026-00585-7,AgSbTe2,AgSbTe1.8Se0.1S0.1,AgSbTe1.8Se0.1S0.1,2,Yes,Se,0.1,Te,S (0.1) @ Te,Se (0.1) @ Te site; S (0.1) @ Te site,figure,,Visually estimated from Fig. 6(f) at nH ~ 10^20 cm^-3,570.0,2.0,dimensionless
Charge Compensation Modulation of the Thermoelectric Properties in AgSbTe2 via Mn Amphoteric Doping.pdf,10.1021/acs.inorgchem.9b00852,AgSbTe2,Pristine AgSbTe2,AgSbTe2,0,No,,,,,,body text,"Page 4, Results and Discussion",,550.0,0.48,dimensionless
Charge Compensation Modulation of the Thermoelectric Properties in AgSbTe2 via Mn Amphoteric Doping.pdf,10.1021/acs.inorgchem.9b00852,AgSbTe2,MnSb monodoped (x=0.07),AgSb1-xMnxTe2 (x=0.07),1,No,Mn,7 mol %,Sb,,Mn (7 mol %) @ Sb site,body text,"Page 4, Results and Discussion",,550.0,0.62,dimensionless
Charge Compensation Modulation of the Thermoelectric Properties in AgSbTe2 via Mn Amphoteric Doping.pdf,10.1021/acs.inorgchem.9b00852,AgSbTe2,5 mol % MnAg-MnSb amphoteric doping,Ag1-ySb1-xMnx+yTe2,2,Yes,Mn,5 mol %,Ag,Mn (5 mol %) @ Sb,Mn (5 mol %) @ Ag site; Mn (5 mol %) @ Sb site,body text,"Page 6, Results and Discussion",,550.0,0.74,dimensionless
Charge Compensation Modulation of the Thermoelectric Properties in AgSbTe2 via Mn Amphoteric Doping.pdf,10.1021/acs.inorgchem.9b00852,AgSbTe2,Pristine,AgSbTe2,0,No,,,,,,figure,Fig 2f,Visually estimated from Fig 2f,550.0,0.5,dimensionless
Charge Compensation Modulation of the Thermoelectric Properties in AgSbTe2 via Mn Amphoteric Doping.pdf,10.1021/acs.inorgchem.9b00852,AgSbTe2,Mn_sb x=0.01,AgSb0.99Mn0.01Te2,1,No,Mn,0.01,Sb,,Mn (0.01) @ Sb site,figure,Fig 2f,Visually estimated from Fig 2f,550.0,0.55,dimensionless
Charge Compensation Modulation of the Thermoelectric Properties in AgSbTe2 via Mn Amphoteric Doping.pdf,10.1021/acs.inorgchem.9b00852,AgSbTe2,Mn_sb x=0.05,AgSb0.95Mn0.05Te2,1,No,Mn,0.05,Sb,,Mn (0.05) @ Sb site,figure,Fig 2f,Visually estimated from Fig 2f,550.0,0.65,dimensionless
Charge Compensation Modulation of the Thermoelectric Properties in AgSbTe2 via Mn Amphoteric Doping.pdf,10.1021/acs.inorgchem.9b00852,AgSbTe2,Mn_sb x=0.07,AgSb0.93Mn0.07Te2,1,No,Mn,0.07,Sb,,Mn (0.07) @ Sb site,figure,Fig 2f,Visually estimated from Fig 2f,550.0,0.68,dimensionless
Charge Compensation Modulation of the Thermoelectric Properties in AgSbTe2 via Mn Amphoteric Doping.pdf,10.1021/acs.inorgchem.9b00852,AgSbTe2,Mn_ag y=0.05,Ag0.95Mn0.05SbTe2,1,No,Mn,0.05,Ag,,Mn (0.05) @ Ag site,figure,Fig 4d,Visually estimated from Fig 4d,550.0,0.58,dimensionless
Charge Compensation Modulation of the Thermoelectric Properties in AgSbTe2 via Mn Amphoteric Doping.pdf,10.1021/acs.inorgchem.9b00852,AgSbTe2,"Mn_ag-Mn_sb x=0.05, y=0.05",Ag0.95Mn0.05Sb0.95Mn0.05Te2,2,Yes,Mn,0.05,Ag,Mn (0.05) @ Sb,Mn (0.05) @ Ag site; Mn (0.05) @ Sb site,figure,Fig 4d,Visually estimated from Fig 4d,550.0,0.74,dimensionless
Chen_2012_J._Phys._D__Appl._Phys._45_115302.pdf,10.1088/0022-3727/45/11/115302,Ag0.366Sb0.558Te,0% GeTe,"(Ag0.366Sb0.558Te)1-x(GeTe)x, x=0",1,No,Ge,0%,unclear,,Ge (0%) @ unclear site,figure,Fig. 5,Visually estimated from Fig. 5,300.0,0.15,dimensionless
Chen_2012_J._Phys._D__Appl._Phys._45_115302.pdf,10.1088/0022-3727/45/11/115302,Ag0.366Sb0.558Te,0% GeTe,"(Ag0.366Sb0.558Te)1-x(GeTe)x, x=0",1,No,Ge,0%,unclear,,Ge (0%) @ unclear site,figure,Fig. 5,Visually estimated from Fig. 5,500.0,0.55,dimensionless
Chen_2012_J._Phys._D__Appl._Phys._45_115302.pdf,10.1088/0022-3727/45/11/115302,Ag0.366Sb0.558Te,1% GeTe,"(Ag0.366Sb0.558Te)1-x(GeTe)x, x=1%",1,No,Ge,1%,unclear,,Ge (1%) @ unclear site,figure,Fig. 5,Visually estimated from Fig. 5,300.0,0.15,dimensionless
Chen_2012_J._Phys._D__Appl._Phys._45_115302.pdf,10.1088/0022-3727/45/11/115302,Ag0.366Sb0.558Te,1% GeTe,"(Ag0.366Sb0.558Te)1-x(GeTe)x, x=1%",1,No,Ge,1%,unclear,,Ge (1%) @ unclear site,figure,Fig. 5,Visually estimated from Fig. 5,500.0,0.4,dimensionless
Chen_2012_J._Phys._D__Appl._Phys._45_115302.pdf,10.1088/0022-3727/45/11/115302,Ag0.366Sb0.558Te,8% GeTe,"(Ag0.366Sb0.558Te)1-x(GeTe)x, x=8%",1,No,Ge,8%,unclear,,Ge (8%) @ unclear site,figure,Fig. 5,Visually estimated from Fig. 5,300.0,0.1,dimensionless
Chen_2012_J._Phys._D__Appl._Phys._45_115302.pdf,10.1088/0022-3727/45/11/115302,Ag0.366Sb0.558Te,8% GeTe,"(Ag0.366Sb0.558Te)1-x(GeTe)x, x=8%",1,No,Ge,8%,unclear,,Ge (8%) @ unclear site,figure,Fig. 5,Visually estimated from Fig. 5,500.0,0.2,dimensionless
"Contrasting roles of small-radius metals (Cu, Zn, Ni) in enhancing the thermoelectric properties of AgSbTe2.pdf",10.1016/j.jallcom.2026.189224,AgSbTe2,AgSb0.97Cu0.03Te2,AgSb0.97Cu0.03Te2,1,No,Cu,0.03,Sb,,Cu (0.03) @ Sb site,body text,,,623.0,1.67,dimensionless
Drymiotis_2011_J._Phys.__Condens._Matter_23_135305.pdf,10.1088/0953-8984/23/13/135305,Cu0.2Ag2.8SbSeTe2,slow-cooled Cu0.2Ag2.8SbSeTe2,Cu0.2Ag2.8SbSeTe2,0,No,,,,,,body text,,,680.0,1.75,dimensionless
Drymiotis_2011_J._Phys.__Condens._Matter_23_135305.pdf,10.1088/0953-8984/23/13/135305,Cu0.2Ag2.8SbSeTe2,quenched Cu0.2Ag2.8SbSeTe2,Cu0.2Ag2.8SbSeTe2,0,No,,,,,,body text,,,680.0,1.5,dimensionless
Drymiotis_2011_J._Phys.__Condens._Matter_23_135305.pdf,10.1088/0953-8984/23/13/135305,Cu0.2Ag2.8SbSeTe2,Cu0.2Ag2.8SbSeTe2,Cu0.2Ag2.8SbSeTe2,1,No,Cu,0.2,unclear,,Cu (0.2) @ unclear site,text,"page 6, section 4",Highest thermoelectric figure of merit measured for slow-cooled sample,680.0,1.75,dimensionless
Drymiotis_2011_J._Phys.__Condens._Matter_23_135305.pdf,10.1088/0953-8984/23/13/135305,Cu0.2Ag2.8SbSeTe2,Cu0.2Ag2.8SbSeTe2,Cu0.2Ag2.8SbSeTe2,1,No,Cu,0.2,unclear,,Cu (0.2) @ unclear site,text,"page 6, section 4",Value for quenched sample,680.0,1.5,dimensionless
Du_2018_Chinese_Phys._B_27_048102.pdf,10.1088/1674-1056/27/4/048102,AgSbTe2-family,(GeTe)80(AgSbSe2)20,(GeTe)80(AgSbSe2)20,1,No,AgSbSe2,20%,multiple sites,,AgSbSe2 (20%) @ multiple sites site,text,"page 8, section 4",,660.0,1.9,dimensionless
Du_2018_Chinese_Phys._B_27_048102.pdf,10.1088/1674-1056/27/4/048102,AgSbTe2-family,(GeTe)80(AgSbSe2)20,(GeTe)80(AgSbSe2)20,1,No,AgSbSe2,20%,multiple sites,,AgSbSe2 (20%) @ multiple sites site,text,"page 8, section 4",average zT,,1.4,dimensionless
Du_2018_Chinese_Phys._B_27_048102.pdf,10.1088/1674-1056/27/4/048102,AgSbTe2-family,(GeTe)80(AgSbSe2)20,(GeTe)80(AgSbSe2)20,1,No,AgSbSe2,20 mol%,unclear,,AgSbSe2 (20 mol%) @ unclear site,figure,Fig. 5a,Visually estimated from Fig. 5a,700.0,1.2,dimensionless
Effect of Ce Substitution for Sb on the Thermoelectric Properties of AgSbTe2 Compound.pdf,10.1007/s11664-014-3076-7,AgSbTe2,AgSbTe2.01,Ag0.98Sb1.02Te2.01,0,No,,,,,,body text,Figure of Merit ZT section,,560.0,1.4,dimensionless
Effect of Ce Substitution for Sb on the Thermoelectric Properties of AgSbTe2 Compound.pdf,10.1007/s11664-014-3076-7,AgSbTe2,AgCe0.01Sb0.98Te2.01,Ag0.92Ce0.007Sb1.06Te2.01,1,No,Ce,0.01,Sb,,Ce (0.01) @ Sb site,body text,Page 1,,615.0,1.2,dimensionless
Effect of Ce Substitution for Sb on the Thermoelectric Properties of AgSbTe2 Compound.pdf,10.1007/s11664-014-3076-7,AgSbTe2,AgSbTe2,AgSbTe2,0,No,,,,,,figure,Fig. 6,Visually estimated from Fig. 6,300.0,0.55,dimensionless
Effect of Ce Substitution for Sb on the Thermoelectric Properties of AgSbTe2 Compound.pdf,10.1007/s11664-014-3076-7,AgSbTe2,AgSbTe2,AgSbTe2,0,No,,,,,,figure,Fig. 6,Visually estimated from Fig. 6,500.0,1.25,dimensionless
Effect of Ce Substitution for Sb on the Thermoelectric Properties of AgSbTe2 Compound.pdf,10.1007/s11664-014-3076-7,AgSbTe2,AgCe0.005Sb0.995Te2.01,AgCe0.005Sb0.995Te2.01,1,No,Ce,x = 0.005,Sb,,Ce (x = 0.005) @ Sb site,figure,Fig. 6,Visually estimated from Fig. 6,300.0,0.45,dimensionless
Effect of Ce Substitution for Sb on the Thermoelectric Properties of AgSbTe2 Compound.pdf,10.1007/s11664-014-3076-7,AgSbTe2,AgCe0.005Sb0.995Te2.01,AgCe0.005Sb0.995Te2.01,1,No,Ce,x = 0.005,Sb,,Ce (x = 0.005) @ Sb site,figure,Fig. 6,Visually estimated from Fig. 6,500.0,1.05,dimensionless
Effect of Ce Substitution for Sb on the Thermoelectric Properties of AgSbTe2 Compound.pdf,10.1007/s11664-014-3076-7,AgSbTe2,AgCe0.01Sb0.99Te2.01,AgCe0.01Sb0.99Te2.01,1,No,Ce,x = 0.01,Sb,,Ce (x = 0.01) @ Sb site,figure,Fig. 6,Visually estimated from Fig. 6,300.0,0.48,dimensionless
Effect of Ce Substitution for Sb on the Thermoelectric Properties of AgSbTe2 Compound.pdf,10.1007/s11664-014-3076-7,AgSbTe2,AgCe0.01Sb0.99Te2.01,AgCe0.01Sb0.99Te2.01,1,No,Ce,x = 0.01,Sb,,Ce (x = 0.01) @ Sb site,figure,Fig. 6,Visually estimated from Fig. 6,500.0,1.0,dimensionless
Effect of Ce Substitution for Sb on the Thermoelectric Properties of AgSbTe2 Compound.pdf,10.1007/s11664-014-3076-7,AgSbTe2,AgCe0.03Sb0.97Te2.01,AgCe0.03Sb0.97Te2.01,1,No,Ce,x = 0.03,Sb,,Ce (x = 0.03) @ Sb site,figure,Fig. 6,Visually estimated from Fig. 6,300.0,0.42,dimensionless
Effect of Ce Substitution for Sb on the Thermoelectric Properties of AgSbTe2 Compound.pdf,10.1007/s11664-014-3076-7,AgSbTe2,AgCe0.03Sb0.97Te2.01,AgCe0.03Sb0.97Te2.01,1,No,Ce,x = 0.03,Sb,,Ce (x = 0.03) @ Sb site,figure,Fig. 6,Visually estimated from Fig. 6,500.0,0.95,dimensionless
Effect of Ce Substitution for Sb on the Thermoelectric Properties of AgSbTe2 Compound.pdf,10.1007/s11664-014-3076-7,AgSbTe2,AgSbTe2.01,AgSbTe2.01,0,No,,,,,,body text,,,560.0,1.4,dimensionless
Effect of Ce Substitution for Sb on the Thermoelectric Properties of AgSbTe2 Compound.pdf,10.1007/s11664-014-3076-7,AgSbTe2,AgCe0.01Sb0.99Te2.01,AgCe0.01Sb0.99Te2.01,1,No,Ce,x = 0.01,Sb,,Ce (x = 0.01) @ Sb site,body text,,,475.0,1.0,dimensionless
Effect of La-doping on AgSbTe2 thermoelectric compounds.pdf,10.3938/jkps.68.164,AgSbTe2,x=0,AgSbTe2,0,No,,,,,,body text,,,673.0,1.39,dimensionless
Effect of La-doping on AgSbTe2 thermoelectric compounds.pdf,10.3938/jkps.68.164,AgSbTe2,x=0.01,Ag(Sb0.99La0.01)Te2,1,No,La,0.01,Sb,,La (0.01) @ Sb site,body text,,,573.0,1.5,dimensionless
Effect of La-doping on AgSbTe2 thermoelectric compounds.pdf,10.3938/jkps.68.164,AgSbTe2,AgSbTe2,AgSbTe2,0,No,,,,,,text,"page 168, column 2",,673.0,1.39,dimensionless
Effect of La-doping on AgSbTe2 thermoelectric compounds.pdf,10.3938/jkps.68.164,AgSbTe2,Ag(Sb0.99La0.01)Te2,Ag(Sb0.99La0.01)Te2,1,No,La,0.01,Sb,,La (0.01) @ Sb site,text,"page 168, column 2",,573.0,1.5,dimensionless
Effects_of_nano-domains_on_thermoelectric_properties_in_telluride_system.pdf,10.1109/NMDC.2011.6155313,AgSbTe2,AgSbTe2,AgSbTe2,0,No,,,,,,table,Table I,,623.0,1.47,dimensionless
Enhanced Thermoelectric Properties of AgSb1–xPbxBiySe2 Achieved via Microwave Smelting Combined with Spark Plasma Sintering.pdf,10.1021/acsami.4c20502,AgSbSe2,AgSb0.955Pb0.045Bi0.025Se2,AgSb0.955Pb0.045Bi0.025Se2,2,Yes,Pb,0.045,Sb,Bi (0.025) @ unclear,Pb (0.045) @ Sb site; Bi (0.025) @ unclear site,body text,,,723.0,1.23,dimensionless
Enhanced Thermoelectric Properties of AgSb1–xPbxBiySe2 Achieved via Microwave Smelting Combined with Spark Plasma Sintering.pdf,10.1021/acsami.4c20502,AgSbSe2,AgSb1-xPbxSe2 (x=0),AgSbSe2,0,No,,,,,,figure,Figure 4,Visually estimated from Figure 4,300.0,0.15,dimensionless
Enhanced Thermoelectric Properties of AgSb1–xPbxBiySe2 Achieved via Microwave Smelting Combined with Spark Plasma Sintering.pdf,10.1021/acsami.4c20502,AgSbSe2,AgSb1-xPbxSe2 (x=0.05),AgSb0.95Pb0.05Se2,1,No,Pb,x=0.05,Sb,,Pb (x=0.05) @ Sb site,figure,Figure 4,Visually estimated from Figure 4,300.0,0.2,dimensionless
Enhanced Thermoelectric Properties of AgSb1–xPbxBiySe2 Achieved via Microwave Smelting Combined with Spark Plasma Sintering.pdf,10.1021/acsami.4c20502,AgSbSe2,"AgSb1-xPbxBiSe2 (x=0, y=0)",AgSbTe2,0,No,,,,,,figure,Fig. 9,Visually estimated from Fig. 9,300.0,0.2,dimensionless
Enhanced Thermoelectric Properties of AgSb1–xPbxBiySe2 Achieved via Microwave Smelting Combined with Spark Plasma Sintering.pdf,10.1021/acsami.4c20502,AgSbSe2,AgSb0.955Pb0.045Bi0.025Se2,AgSb0.955Pb0.045Bi0.025Se2,2,Yes,Pb,0.045,Sb,Bi (0.025) @ Sb,Pb (0.045) @ Sb site; Bi (0.025) @ Sb site,figure,Fig. 9,Visually estimated from Fig. 9,300.0,0.25,dimensionless
Enhanced thermoelectric composite performance from graphene nanosheets additives in AgSbTe2 matrix.pdf,10.1016/j.ceramint.2022.06.092,AgSbTe2,0 vol% graphene/AgSbTe2,AgSbTe2,0,No,,,,,,body text,"Page 2, calculated from 1.25/1.69",,,0.74,dimensionless
Enhanced thermoelectric composite performance from graphene nanosheets additives in AgSbTe2 matrix.pdf,10.1016/j.ceramint.2022.06.092,AgSbTe2,0.9 vol% graphene/AgSbTe2,0.9 vol% graphene/AgSbTe2,1,No,graphene,0.9 vol%,interstitial,,graphene (0.9 vol%) @ interstitial site,body text,Page 1,,,1.25,dimensionless
Enhanced thermoelectric composite performance from graphene nanosheets additives in AgSbTe2 matrix.pdf,10.1016/j.ceramint.2022.06.092,AgSbTe2,AgSbTe2,AgSbTe2,0,No,,,,,,figure,Fig. 8b,Visually estimated from Fig. 8b,300.0,0.35,dimensionless
Enhanced thermoelectric composite performance from graphene nanosheets additives in AgSbTe2 matrix.pdf,10.1016/j.ceramint.2022.06.092,AgSbTe2,AgSbTe2,AgSbTe2,0,No,,,,,,figure,Fig. 8b,Visually estimated from Fig. 8b,500.0,0.85,dimensionless
Enhanced thermoelectric composite performance from graphene nanosheets additives in AgSbTe2 matrix.pdf,10.1016/j.ceramint.2022.06.092,AgSbTe2,0.6 vol% graphene/AgSbTe2,AgSbTe2 + 0.6 vol% graphene,1,No,graphene,0.6 vol%,interstitial,,graphene (0.6 vol%) @ interstitial site,figure,Fig. 8b,Visually estimated from Fig. 8b,300.0,0.4,dimensionless
Enhanced thermoelectric composite performance from graphene nanosheets additives in AgSbTe2 matrix.pdf,10.1016/j.ceramint.2022.06.092,AgSbTe2,0.6 vol% graphene/AgSbTe2,AgSbTe2 + 0.6 vol% graphene,1,No,graphene,0.6 vol%,interstitial,,graphene (0.6 vol%) @ interstitial site,figure,Fig. 8b,Visually estimated from Fig. 8b,500.0,1.05,dimensionless
Enhanced thermoelectric composite performance from graphene nanosheets additives in AgSbTe2 matrix.pdf,10.1016/j.ceramint.2022.06.092,AgSbTe2,0.9 vol% graphene/AgSbTe2,AgSbTe2 + 0.9 vol% graphene,1,No,graphene,0.9 vol%,interstitial,,graphene (0.9 vol%) @ interstitial site,figure,Fig. 8b,Visually estimated from Fig. 8b,300.0,0.45,dimensionless
Enhanced thermoelectric composite performance from graphene nanosheets additives in AgSbTe2 matrix.pdf,10.1016/j.ceramint.2022.06.092,AgSbTe2,0.9 vol% graphene/AgSbTe2,AgSbTe2 + 0.9 vol% graphene,1,No,graphene,0.9 vol%,interstitial,,graphene (0.9 vol%) @ interstitial site,figure,Fig. 8b,Visually estimated from Fig. 8b,500.0,1.25,dimensionless
Enhanced thermoelectric composite performance from graphene nanosheets additives in AgSbTe2 matrix.pdf,10.1016/j.ceramint.2022.06.092,AgSbTe2,1.2 vol% graphene/AgSbTe2,AgSbTe2 + 1.2 vol% graphene,1,No,graphene,1.2 vol%,interstitial,,graphene (1.2 vol%) @ interstitial site,figure,Fig. 8b,Visually estimated from Fig. 8b,300.0,0.42,dimensionless
Enhanced thermoelectric composite performance from graphene nanosheets additives in AgSbTe2 matrix.pdf,10.1016/j.ceramint.2022.06.092,AgSbTe2,1.2 vol% graphene/AgSbTe2,AgSbTe2 + 1.2 vol% graphene,1,No,graphene,1.2 vol%,interstitial,,graphene (1.2 vol%) @ interstitial site,figure,Fig. 8b,Visually estimated from Fig. 8b,500.0,1.15,dimensionless
Enhanced thermoelectric performance and novel nanopores in AgSbTe2 prepared by melt spinning.pdf,10.1016/j.jssc.2010.10.036,AgSbTe2,MS-SPS,AgSbTe2,0,No,,,,,,body text,Section 3.4,,570.0,1.65,dimensionless
Enhanced thermoelectric performance in AgSbTe2 with extremely low thermal conductivity via grain boundary defects.pdf,10.1063/5.0255308,AgSbTe2,AgSb1-xFexTe2.01 (x=0.03),AgSb0.97Fe0.03Te2.01,1,No,Fe,x=0.03,Sb,,Fe (x=0.03) @ Sb site,body text,"Page 2, Page 6",,623.0,1.8,dimensionless
Enhanced thermoelectric performance in AgSbTe2 with extremely low thermal conductivity via grain boundary defects.pdf,10.1063/5.0255308,AgSbTe2,AgSb1-xFe_xTe2.01 (x=0.03),AgSb0.97Fe0.03Te2.01,1,No,Fe,0.03,Sb,,Fe (0.03) @ Sb site,body text,,Peak ZT value,623.0,1.8,dimensionless
Enhanced thermoelectric performance in AgSbTe2 with extremely low thermal conductivity via grain boundary defects.pdf,10.1063/5.0255308,AgSbTe2,AgSb0.97Fe0.03Te2.01,AgSb0.97Fe0.03Te2.01,1,No,Fe,0.03,Sb,,Fe (0.03) @ Sb site,body text,,Peak zT value reported in text.,623.0,1.8,dimensionless
Enhanced thermoelectric performance in Bi-doped p-type AgSbTe2 compounds.pdf,10.1063/1.4828478,AgSbTe2,AgBi0.05Sb0.95Te2,AgBi0.05Sb0.95Te2,1,No,Bi,0.05,Sb,,Bi (0.05) @ Sb site,body text,,uncertainty 0.08,570.0,1.04,dimensionless
Enhanced thermoelectric performance in Bi-doped p-type AgSbTe2 compounds.pdf,10.1063/1.4828478,AgSbTe2,"Ag(Sb1-xBix)Te2, x=0",AgSbTe2,1,No,Bi,0,Sb,,Bi (0) @ Sb site,figure,Fig. 5,Visually estimated from Fig. 5,570.0,0.9,dimensionless
Enhanced thermoelectric performance in Bi-doped p-type AgSbTe2 compounds.pdf,10.1063/1.4828478,AgSbTe2,"Ag(Sb1-xBix)Te2, x=0.03",AgBi0.03Sb0.97Te2,1,No,Bi,0.03,Sb,,Bi (0.03) @ Sb site,figure,Fig. 5,Visually estimated from Fig. 5,570.0,0.6,dimensionless
Enhanced thermoelectric performance in Bi-doped p-type AgSbTe2 compounds.pdf,10.1063/1.4828478,AgSbTe2,"Ag(Sb1-xBix)Te2, x=0.05",AgBi0.05Sb0.95Te2,1,No,Bi,0.05,Sb,,Bi (0.05) @ Sb site,body text,"Page 163712-1, 163712-4",Value reported as 1.04 +/- 0.08 at 570 K,570.0,1.04,dimensionless
Enhanced thermoelectric performance in Bi-doped p-type AgSbTe2 compounds.pdf,10.1063/1.4828478,AgSbTe2,"Ag(Sb1-xBix)Te2, x=0.07",AgBi0.07Sb0.93Te2,1,No,Bi,0.07,Sb,,Bi (0.07) @ Sb site,figure,Fig. 5,Visually estimated from Fig. 5,570.0,0.75,dimensionless
Enhanced thermoelectric performance in Bi-doped p-type AgSbTe2 compounds.pdf,10.1063/1.4828478,AgSbTe2,"Ag(Sb1-xBix)Te2, x=0.1",AgBi0.1Sb0.9Te2,1,No,Bi,0.1,Sb,,Bi (0.1) @ Sb site,figure,Fig. 5,Visually estimated from Fig. 5,570.0,0.5,dimensionless
Enhanced thermoelectric performance in Na-doped p-type nonstoichiometric AgSbTe2 compound.pdf,10.1016/j.jallcom.2010.10.131,AgSbTe2,AgSbTe2,AgSbTe2,0,No,,,,,,body text,,"Inferred from the statement that the ZT of Ag0.99Na0.01SbTe2.02 is 35% higher than the maximum of ZT for AgSbTe2.02 specimen, and 1.50/1.35 = 1.11. Wait, the text says 1.50 is 30% higher than undoped AgSbTe2 at 650K. 1.50/1.3 = 1.15.",650.0,1.15,dimensionless
Enhanced thermoelectric performance in Na-doped p-type nonstoichiometric AgSbTe2 compound.pdf,10.1016/j.jallcom.2010.10.131,AgSbTe2,Ag0.99Na0.01SbTe2.02,Ag0.99Na0.01SbTe2.02,1,No,Na,0.01,Ag,,Na (0.01) @ Ag site,body text,,,650.0,1.5,dimensionless
Enhanced thermoelectric performance in Na-doped p-type nonstoichiometric AgSbTe2 compound.pdf,10.1016/j.jallcom.2010.10.131,AgSbTe2,AgSbTe2,AgSbTe2,0,No,,,,,,figure,Fig. 8,Visually estimated from Fig. 8,300.0,0.45,dimensionless
Enhanced thermoelectric performance in Na-doped p-type nonstoichiometric AgSbTe2 compound.pdf,10.1016/j.jallcom.2010.10.131,AgSbTe2,Na0.01Ag0.99SbTe2,Na0.01Ag0.99SbTe2,1,No,Na,0.01,Ag,,Na (0.01) @ Ag site,figure,Fig. 8,Visually estimated from Fig. 8,300.0,0.4,dimensionless
Enhanced thermoelectric performance in Na-doped p-type nonstoichiometric AgSbTe2 compound.pdf,10.1016/j.jallcom.2010.10.131,AgSbTe2,Na0.02Ag0.98SbTe2,Na0.02Ag0.98SbTe2,1,No,Na,0.02,Ag,,Na (0.02) @ Ag site,figure,Fig. 8,Visually estimated from Fig. 8,300.0,0.35,dimensionless
Enhanced thermoelectric performance in Na-doped p-type nonstoichiometric AgSbTe2 compound.pdf,10.1016/j.jallcom.2010.10.131,AgSbTe2,Na0.01Ag0.99SbTe2.02,Na0.01Ag0.99SbTe2.02,2,Yes,Na,0.01,Ag,Te (0.02) @ interstitial,Na (0.01) @ Ag site; Te (0.02) @ interstitial site,figure,Fig. 8,Visually estimated from Fig. 8,300.0,0.5,dimensionless
Enhanced thermoelectric performance in Na-doped p-type nonstoichiometric AgSbTe2 compound.pdf,10.1016/j.jallcom.2010.10.131,AgSbTe2,Na0.02Ag0.98SbTe2.02,Na0.02Ag0.98SbTe2.02,2,Yes,Na,0.02,Ag,Te (0.02) @ interstitial,Na (0.02) @ Ag site; Te (0.02) @ interstitial site,figure,Fig. 8,Visually estimated from Fig. 8,300.0,0.55,dimensionless
Enhanced thermoelectric performance of p-type sintered BiSbTe-based composites with AgSbTe2 addition.pdf,10.1016/j.ceramint.2020.08.182,BST (Bi0.5Sb1.5Te3) with AgSbTe2 addition,BST-0 wt% AgSbTe2,Bi0.48Sb1.52Te3,1,No,AgSbTe2,0 wt%,unclear,,AgSbTe2 (0 wt%) @ unclear site,body text,,,325.0,0.8,dimensionless
Enhanced thermoelectric performance of p-type sintered BiSbTe-based composites with AgSbTe2 addition.pdf,10.1016/j.ceramint.2020.08.182,BST (Bi0.5Sb1.5Te3) with AgSbTe2 addition,BST-0.1 wt% AgSbTe2,Bi0.48Sb1.52Te3-0.1 wt% AgSbTe2,1,No,AgSbTe2,0.1 wt%,multiple sites,,AgSbTe2 (0.1 wt%) @ multiple sites site,body text,,,325.0,1.15,dimensionless
Enhanced thermoelectric performance of p-type sintered BiSbTe-based composites with AgSbTe2 addition.pdf,10.1016/j.ceramint.2020.08.182,BST (Bi0.5Sb1.5Te3) with AgSbTe2 addition,BST-0 wt% AgSbTe2,Bi0.48Sb1.52Te3,1,No,Ag,0 wt%,unclear,,Ag (0 wt%) @ unclear site,body text,,Peak ZT value,,0.8,dimensionless
Enhanced thermoelectric performance of p-type sintered BiSbTe-based composites with AgSbTe2 addition.pdf,10.1016/j.ceramint.2020.08.182,BST (Bi0.5Sb1.5Te3) with AgSbTe2 addition,BST-0.1 wt% AgSbTe2,Bi0.48Sb1.52Te3 + 0.1 wt% AgSbTe2,1,No,Ag,0.1 wt%,multiple sites,,Ag (0.1 wt%) @ multiple sites site,body text,,At 325 K,,1.15,dimensionless
Enhanced thermoelectric performance of p-type sintered BiSbTe-based composites with AgSbTe2 addition.pdf,10.1016/j.ceramint.2020.08.182,BST (Bi0.5Sb1.5Te3) with AgSbTe2 addition,BST-0.1 wt% AgSbTe2,Bi0.5Sb1.5Te3 + 0.1 wt% AgSbTe2,1,No,AgSbTe2,0.1 wt%,unclear,,AgSbTe2 (0.1 wt%) @ unclear site,figure,Fig. 6d,Visually estimated from Fig. 6d,300.0,0.9,dimensionless
Enhanced thermoelectric performance of p-type sintered BiSbTe-based composites with AgSbTe2 addition.pdf,10.1016/j.ceramint.2020.08.182,BST (Bi0.5Sb1.5Te3) with AgSbTe2 addition,BST-0.1 wt% AgSbTe2,Bi0.5Sb1.5Te3 + 0.1 wt% AgSbTe2,1,No,AgSbTe2,0.1 wt%,unclear,,AgSbTe2 (0.1 wt%) @ unclear site,body text,"Page 730, paragraph 1",Explicitly stated in text,325.0,1.15,dimensionless
Enhanced thermoelectric performance of.pdf,10.1063/1.3106102,AgSbTe2,HPHT synthesized AgSbTe2,AgSbTe2,0,No,,,,,,body text,"Page 4, Section III",,300.0,0.48,dimensionless
Enhanced thermoelectric performance of.pdf,10.1063/1.3106102,AgSbTe2,HPHT synthesized AgSbTe2,AgSbTe2,0,No,,,,,,body text,"Page 4, Section III",,513.0,1.07,dimensionless
Enhanced thermoelectric performance of.pdf,10.1063/1.3106102,AgSbTe2,AgSbTe2 synthesized by HPHT,AgSbTe2,0,No,,,,,,figure,Fig. 6,Visually estimated from Fig. 6,300.0,0.35,dimensionless
Enhanced thermoelectric performance of.pdf,10.1063/1.3106102,AgSbTe2,AgSbTe2 synthesized by HPHT,AgSbTe2,0,No,,,,,,figure,Fig. 6,Visually estimated from Fig. 6,513.0,1.07,dimensionless
Enhanced thermoelectric properties of AgSbTe2 obtained by controlling heterophases with Ce doping.pdf,10.1038/s41598-017-04885-1,AgSbTe2,AgSbTe2,AgSbTe2,0,No,,,,,,body text,Page 7,,673.0,0.92,dimensionless
Enhanced thermoelectric properties of AgSbTe2 obtained by controlling heterophases with Ce doping.pdf,10.1038/s41598-017-04885-1,AgSbTe2,x = 0.002,AgSb0.998Ce0.002Te2,1,No,Ce,x = 0.002,Sb,,Ce (x = 0.002) @ Sb site,body text,Page 7,,673.0,1.5,dimensionless
Enhanced thermoelectric properties of AgSbTe2 obtained by controlling heterophases with Ce doping.pdf,10.1038/s41598-017-04885-1,AgSbTe2,AgSbTe2,AgSbTe2,0,No,,,,,,figure,Fig. 4d,Visually estimated from Fig. 4d,300.0,0.4,dimensionless
Enhanced thermoelectric properties of AgSbTe2 obtained by controlling heterophases with Ce doping.pdf,10.1038/s41598-017-04885-1,AgSbTe2,AgSbTe2,AgSbTe2,0,No,,,,,,figure,Fig. 4d,Visually estimated from Fig. 4d,673.0,1.0,dimensionless
Enhanced thermoelectric properties of AgSbTe2 obtained by controlling heterophases with Ce doping.pdf,10.1038/s41598-017-04885-1,AgSbTe2,x=0.001,Ag0.999Ce0.001SbTe2,1,No,Ce,x=0.001,unclear,,Ce (x=0.001) @ unclear site,figure,Fig. 4d,Visually estimated from Fig. 4d,300.0,0.5,dimensionless
Enhanced thermoelectric properties of AgSbTe2 obtained by controlling heterophases with Ce doping.pdf,10.1038/s41598-017-04885-1,AgSbTe2,x=0.001,Ag0.999Ce0.001SbTe2,1,No,Ce,x=0.001,unclear,,Ce (x=0.001) @ unclear site,figure,Fig. 4d,Visually estimated from Fig. 4d,673.0,1.2,dimensionless
Enhanced thermoelectric properties of AgSbTe2 obtained by controlling heterophases with Ce doping.pdf,10.1038/s41598-017-04885-1,AgSbTe2,x=0.002,Ag0.998Ce0.002SbTe2,1,No,Ce,x=0.002,unclear,,Ce (x=0.002) @ unclear site,figure,Fig. 4d,Visually estimated from Fig. 4d,300.0,0.6,dimensionless
Enhanced thermoelectric properties of AgSbTe2 obtained by controlling heterophases with Ce doping.pdf,10.1038/s41598-017-04885-1,AgSbTe2,x=0.002,Ag0.998Ce0.002SbTe2,1,No,Ce,x=0.002,unclear,,Ce (x=0.002) @ unclear site,figure,Fig. 4d,Visually estimated from Fig. 4d,673.0,1.5,dimensionless
Enhanced thermoelectric properties of AgSbTe2 obtained by controlling heterophases with Ce doping.pdf,10.1038/s41598-017-04885-1,AgSbTe2,x=0.003,Ag0.997Ce0.003SbTe2,1,No,Ce,x=0.003,unclear,,Ce (x=0.003) @ unclear site,figure,Fig. 4d,Visually estimated from Fig. 4d,300.0,0.55,dimensionless
Enhanced thermoelectric properties of AgSbTe2 obtained by controlling heterophases with Ce doping.pdf,10.1038/s41598-017-04885-1,AgSbTe2,x=0.003,Ag0.997Ce0.003SbTe2,1,No,Ce,x=0.003,unclear,,Ce (x=0.003) @ unclear site,figure,Fig. 4d,Visually estimated from Fig. 4d,673.0,1.3,dimensionless
Enhanced thermoelectric properties of AgSbTe2 obtained by controlling heterophases with Ce doping.pdf,10.1038/s41598-017-04885-1,AgSbTe2,x=0.004,Ag0.996Ce0.004SbTe2,1,No,Ce,x=0.004,unclear,,Ce (x=0.004) @ unclear site,figure,Fig. 4d,Visually estimated from Fig. 4d,300.0,0.5,dimensionless
Enhanced thermoelectric properties of AgSbTe2 obtained by controlling heterophases with Ce doping.pdf,10.1038/s41598-017-04885-1,AgSbTe2,x=0.004,Ag0.996Ce0.004SbTe2,1,No,Ce,x=0.004,unclear,,Ce (x=0.004) @ unclear site,figure,Fig. 4d,Visually estimated from Fig. 4d,673.0,1.2,dimensionless
Enhanced thermoelectric properties of AgSbTe2 obtained by controlling heterophases with Ce doping.pdf,10.1038/s41598-017-04885-1,AgSbTe2,Ag1-xCexTe2 (x=0.002),Ag0.998Ce0.002SbTe2,1,No,Ce,x=0.002,Ag,,Ce (x=0.002) @ Ag site,body text,The value of ZT = 1.5 at 673 K was obtained using the x = 0.002 sample.,,673.0,1.5,dimensionless
Entropy engineering enhances the thermoelectric performance and microhardness of (GeTe)1−x(AgSb0.5Bi0.5Te2)x.pdf,10.1007/s40843-022-2211-8,GeTe-AgSbTe2-AgBiTe2 system,(GeTe)0.80(AgSb0.5Bi0.5Te2)0.20,(GeTe)0.80(AgSb0.5Bi0.5Te2)0.20,1,No,Bi,50% of Sb,Sb,,Bi (50% of Sb) @ Sb site,body text,,Maximum zT,723.0,1.6,dimensionless
Entropy engineering enhances the thermoelectric performance and microhardness of (GeTe)1−x(AgSb0.5Bi0.5Te2)x.pdf,10.1007/s40843-022-2211-8,GeTe-AgSbTe2-AgBiTe2 system,(GeTe)0.80(AgSb0.5Bi0.5Te2)0.20,(GeTe)0.80(AgSb0.5Bi0.5Te2)0.20,1,No,Bi,50% of Sb,Sb,,Bi (50% of Sb) @ Sb site,body text,,Average zTave,,1.23,dimensionless
Excellent thermoelectric performance achieved over broad temperature plateau in indium-doped SnTe-AgSbTe2 alloys.pdf,10.1063/1.5018477,SnTe-AgSbTe2,Sn0.995In0.005Te,Sn0.995In0.005Te,1,No,In,0.5%,Sn,,In (0.5%) @ Sn site,body text,page 3,,873.0,0.89,dimensionless
Excellent thermoelectric performance achieved over broad temperature plateau in indium-doped SnTe-AgSbTe2 alloys.pdf,10.1063/1.5018477,SnTe-AgSbTe2,(Sn0.995In0.005Te)0.8(Ag0.366Sb0.558Te)0.2,(Sn0.995In0.005Te)0.8(Ag0.366Sb0.558Te)0.2,3,Yes,In,0.5%,Sn,Ag (alloyed) @ Sn; Sb (alloyed) @ Sn,In (0.5%) @ Sn site; Ag (alloyed) @ Sn site; Sb (alloyed) @ Sn site,body text,page 4,,873.0,1.3,dimensionless
Excellent thermoelectric performance achieved over broad temperature plateau in indium-doped SnTe-AgSbTe2 alloys.pdf,10.1063/1.5018477,SnTe-AgSbTe2,"(Sn0.995In0.005Te)1-x(Ag0.366Sb0.558Te)x, x=0.05",(Sn0.995In0.005Te)0.95(Ag0.366Sb0.558Te)0.05,3,Yes,In,0.005,Sn,Ag (0.05 * 0.366) @ multiple sites; Sb (0.05 * 0.558) @ multiple sites,In (0.005) @ Sn site; Ag (0.05 * 0.366) @ multiple sites site; Sb (0.05 * 0.558) @ multiple sites site,figure,,Visually estimated from Fig. 4f,873.0,0.9,dimensionless
Excellent thermoelectric performance achieved over broad temperature plateau in indium-doped SnTe-AgSbTe2 alloys.pdf,10.1063/1.5018477,SnTe-AgSbTe2,"(Sn0.995In0.005Te)1-x(Ag0.366Sb0.558Te)x, x=0.20",(Sn0.995In0.005Te)0.8(Ag0.366Sb0.558Te)0.2,3,Yes,In,0.005,Sn,Ag (0.2 * 0.366) @ multiple sites; Sb (0.2 * 0.558) @ multiple sites,In (0.005) @ Sn site; Ag (0.2 * 0.366) @ multiple sites site; Sb (0.2 * 0.558) @ multiple sites site,figure,,Visually estimated from Fig. 4f,873.0,1.3,dimensionless
Ge-induced cation ordering for enhanced thermoelectric performance in AgSbTe2.pdf,10.1039/d5ta10429g,AgSbTe2,AgSb0.94Ge0.06Te2,AgSb0.94Ge0.06Te2,1,No,Ge,0.06,Sb,,Ge (0.06) @ Sb site,text,Introduction section,,673.0,1.31,dimensionless
Ge-induced cation ordering for enhanced thermoelectric performance in AgSbTe2.pdf,10.1039/d5ta10429g,AgSbTe2,AgSbTe2 (x=0.00),AgSbTe2,0,No,,,,,,figure,,Visually estimated from Fig. 8(d),300.0,0.6,dimensionless
Ge-induced cation ordering for enhanced thermoelectric performance in AgSbTe2.pdf,10.1039/d5ta10429g,AgSbTe2,AgSbTe2 (x=0.00),AgSbTe2,0,No,,,,,,figure,,Visually estimated from Fig. 8(d),675.0,1.0,dimensionless
Ge-induced cation ordering for enhanced thermoelectric performance in AgSbTe2.pdf,10.1039/d5ta10429g,AgSbTe2,AgSb0.96Ge0.04Te2 (x=0.04),AgSb0.96Ge0.04Te2,1,No,Ge,x=0.04,Sb,,Ge (x=0.04) @ Sb site,figure,,Visually estimated from Fig. 8(d),300.0,0.7,dimensionless
Ge-induced cation ordering for enhanced thermoelectric performance in AgSbTe2.pdf,10.1039/d5ta10429g,AgSbTe2,AgSb0.96Ge0.04Te2 (x=0.04),AgSb0.96Ge0.04Te2,1,No,Ge,x=0.04,Sb,,Ge (x=0.04) @ Sb site,figure,,Visually estimated from Fig. 8(d),675.0,1.15,dimensionless
Ge-induced cation ordering for enhanced thermoelectric performance in AgSbTe2.pdf,10.1039/d5ta10429g,AgSbTe2,AgSb0.94Ge0.06Te2 (x=0.06),AgSb0.94Ge0.06Te2,1,No,Ge,x=0.06,Sb,,Ge (x=0.06) @ Sb site,figure,,Visually estimated from Fig. 8(d),300.0,0.8,dimensionless
Ge-induced cation ordering for enhanced thermoelectric performance in AgSbTe2.pdf,10.1039/d5ta10429g,AgSbTe2,AgSb0.94Ge0.06Te2 (x=0.06),AgSb0.94Ge0.06Te2,1,No,Ge,x=0.06,Sb,,Ge (x=0.06) @ Sb site,figure,,Visually estimated from Fig. 8(d),675.0,1.3,dimensionless
Ge-induced cation ordering for enhanced thermoelectric performance in AgSbTe2.pdf,10.1039/d5ta10429g,AgSbTe2,AgSb0.92Ge0.08Te2 (x=0.08),AgSb0.92Ge0.08Te2,1,No,Ge,x=0.08,Sb,,Ge (x=0.08) @ Sb site,figure,,Visually estimated from Fig. 8(d),300.0,0.75,dimensionless
Ge-induced cation ordering for enhanced thermoelectric performance in AgSbTe2.pdf,10.1039/d5ta10429g,AgSbTe2,AgSb0.92Ge0.08Te2 (x=0.08),AgSb0.92Ge0.08Te2,1,No,Ge,x=0.08,Sb,,Ge (x=0.08) @ Sb site,figure,,Visually estimated from Fig. 8(d),675.0,1.1,dimensionless
Impact of In Situ Generated Ag2Te Nanoparticles on the Microstructure and Thermoelectric Properties of AgSbTe2 Compounds.pdf,10.1007/s11664-011-1620-2,AgSbTe2,x=50,(Ag2Te)0.50(Sb2Te3)0.50,1,No,Ag2Te,x=50,unclear,,Ag2Te (x=50) @ unclear site,body text,,,593.0,1.22,dimensionless
Impact of In Situ Generated Ag2Te Nanoparticles on the Microstructure and Thermoelectric Properties of AgSbTe2 Compounds.pdf,10.1007/s11664-011-1620-2,AgSbTe2,x=44,(Ag2Te)44(Sb2Te3)56,1,No,Ag2Te,x=44,unclear,,Ag2Te (x=44) @ unclear site,figure,,Visually estimated from Fig. 6,593.0,0.6,dimensionless
Impact of In Situ Generated Ag2Te Nanoparticles on the Microstructure and Thermoelectric Properties of AgSbTe2 Compounds.pdf,10.1007/s11664-011-1620-2,AgSbTe2,x=50,(Ag2Te)50(Sb2Te3)50,1,No,Ag2Te,x=50,unclear,,Ag2Te (x=50) @ unclear site,figure,,Visually estimated from Fig. 6,593.0,1.22,dimensionless
Improved Thermoelectric Properties in Structure Controlled Ag-Sb-Te System.pdf,,AgSbTe2,Ag0.208Sb0.275Te0.517 (A),Ag0.208Sb0.275Te0.517,0,No,,,,,,Table 1,,,,0.65,dimensionless
Improved Thermoelectric Properties in Structure Controlled Ag-Sb-Te System.pdf,,AgSbTe2,Ag0.208Sb0.275Te0.517 (A),Ag0.208Sb0.275Te0.517,0,No,,,,,,body text,,Reported as Zmax,620.0,2.0,dimensionless
Improved Thermoelectric Properties in Structure Controlled Ag-Sb-Te System.pdf,,AgSbTe2,Ag0.208Sb0.275Te0.517 (B),Ag0.208Sb0.275Te0.517,0,No,,,,,,Table 1,,,,0.71,dimensionless
Improved Thermoelectric Properties in Structure Controlled Ag-Sb-Te System.pdf,,AgSbTe2,Ag0.208Sb0.275Te0.517 (B),Ag0.208Sb0.275Te0.517,0,No,,,,,,body text,,Reported as Zmax,585.0,1.7,dimensionless
Impurity band engineering and hierarchical defect scattering enable high zT in Co-doped AgSbTe2.pdf,10.1039/d5ta09240j,AgSbTe2,AgSbTe2 (pristine),AgSbTe2,0,No,,,,,,body text,,,648.0,1.2,dimensionless
Impurity band engineering and hierarchical defect scattering enable high zT in Co-doped AgSbTe2.pdf,10.1039/d5ta09240j,AgSbTe2,AgSb0.97Co0.03Te2,AgSb0.97Co0.03Te2,1,No,Co,x=0.03,Sb,,Co (x=0.03) @ Sb site,body text,,,648.0,1.6,dimensionless
Impurity band engineering and hierarchical defect scattering enable high zT in Co-doped AgSbTe2.pdf,10.1039/d5ta09240j,AgSbTe2,AgSb1-xCoxTe2 (x=0),AgSbTe2,0,No,,,,,,figure,Fig. 6f,Visually estimated from Fig. 6f,298.0,0.2,dimensionless
Impurity band engineering and hierarchical defect scattering enable high zT in Co-doped AgSbTe2.pdf,10.1039/d5ta09240j,AgSbTe2,AgSb1-xCoxTe2 (x=0.03),AgSb0.97Co0.03Te2,1,No,Co,x=0.03,Sb,,Co (x=0.03) @ Sb site,figure,Fig. 6f,Visually estimated from Fig. 6f,648.0,1.6,dimensionless
Impurity phase elimination enabled high thermoelectric and mechanical performance in GeTe alloyed with AgSbSe2.pdf,10.1016/j.tramat.2025.100062,GeTe-AgSbTe2,(GeTe)80(AgSbSe2)20,(GeTe)80(AgSbSe2)20,3,Yes,Ag,AgSbSe2 alloying,Ag,Sb (AgSbSe2 alloying) @ Sb; Se (AgSbSe2 alloying) @ Te,Ag (AgSbSe2 alloying) @ Ag site; Sb (AgSbSe2 alloying) @ Sb site; Se (AgSbSe2 alloying) @ Te site,body text,,,300.0,0.35,dimensionless
Impurity phase elimination enabled high thermoelectric and mechanical performance in GeTe alloyed with AgSbSe2.pdf,10.1016/j.tramat.2025.100062,GeTe-AgSbTe2,(GeTe)80(AgSbSe2)20,(GeTe)80(AgSbSe2)20,3,Yes,Ag,AgSbSe2 alloying,Ag,Sb (AgSbSe2 alloying) @ Sb; Se (AgSbSe2 alloying) @ Te,Ag (AgSbSe2 alloying) @ Ag site; Sb (AgSbSe2 alloying) @ Sb site; Se (AgSbSe2 alloying) @ Te site,body text,,,698.0,1.52,dimensionless
Impurity phase elimination enabled high thermoelectric and mechanical performance in GeTe alloyed with AgSbSe2.pdf,10.1016/j.tramat.2025.100062,GeTe-AgSbTe2,(GeTe)80(Ag0.8Sb1.2Se2)20,(GeTe)80(Ag0.8Sb1.2Se2)20,2,Yes,Ag,0.8,Ag,Sb (1.2) @ Sb,Ag (0.8) @ Ag site; Sb (1.2) @ Sb site,body text,,,300.0,0.39,dimensionless
Impurity phase elimination enabled high thermoelectric and mechanical performance in GeTe alloyed with AgSbSe2.pdf,10.1016/j.tramat.2025.100062,GeTe-AgSbTe2,(GeTe)80(Ag0.8Sb1.2Se2)20,(GeTe)80(Ag0.8Sb1.2Se2)20,2,Yes,Ag,0.8,Ag,Sb (1.2) @ Sb,Ag (0.8) @ Ag site; Sb (1.2) @ Sb site,body text,,,698.0,1.41,dimensionless
Impurity phase elimination enabled high thermoelectric and mechanical performance in GeTe alloyed with AgSbSe2.pdf,10.1016/j.tramat.2025.100062,GeTe-AgSbTe2,(GeTe)80(AgSbTe2)20,(GeTe)80(AgSbTe2)20,2,Yes,Ag,20 mol%,unclear,Sb (20 mol%) @ unclear,Ag (20 mol%) @ unclear site; Sb (20 mol%) @ unclear site,body text,page 7,,698.0,1.41,dimensionless
Influence of In doping on the thermoelectric properties of an AgSbTe2 compound with enhanced figure of merit.pdf,10.1039/c3ta14547f,AgSbTe2,Ag(Sb0.93In0.07)Te2,Ag(Sb0.93In0.07)Te2,1,No,In,0.07,Sb,,In (0.07) @ Sb site,body text,,,650.0,1.35,dimensionless
Influence of In doping on the thermoelectric properties of an AgSbTe2 compound with enhanced figure of merit.pdf,10.1039/c3ta14547f,AgSbTe2,AgSbTe2 (x=0),AgSbTe2,0,No,,,,,,figure,Fig. 5,Visually estimated from Fig. 5,300.0,0.45,dimensionless
Influence of In doping on the thermoelectric properties of an AgSbTe2 compound with enhanced figure of merit.pdf,10.1039/c3ta14547f,AgSbTe2,Ag(Sb0.97In0.03)Te2 (x=0.03),Ag(Sb0.97In0.03)Te2,1,No,In,x=0.03,Sb,,In (x=0.03) @ Sb site,figure,Fig. 5,Visually estimated from Fig. 5,300.0,0.5,dimensionless
Influence of In doping on the thermoelectric properties of an AgSbTe2 compound with enhanced figure of merit.pdf,10.1039/c3ta14547f,AgSbTe2,Ag(Sb0.95In0.05)Te2 (x=0.05),Ag(Sb0.95In0.05)Te2,1,No,In,x=0.05,Sb,,In (x=0.05) @ Sb site,figure,Fig. 5,Visually estimated from Fig. 5,300.0,0.52,dimensionless
Influence of In doping on the thermoelectric properties of an AgSbTe2 compound with enhanced figure of merit.pdf,10.1039/c3ta14547f,AgSbTe2,Ag(Sb0.93In0.07)Te2 (x=0.07),Ag(Sb0.93In0.07)Te2,1,No,In,x=0.07,Sb,,In (x=0.07) @ Sb site,figure,Fig. 5,Visually estimated from Fig. 5,300.0,0.55,dimensionless
Influence of mechanochemical syntheses and compacting methods on the thermoelectric properties of nanostructured AgSnmSbTe2+m (TAST-m).pdf,10.1088/0268-1242/29/12/124009,AgSbTe2-doped SnTe,TAST-10,SnTe doped with AgSbTe2,2,Yes,Ag,10 mol%,unclear,Sb (10 mol%) @ unclear,Ag (10 mol%) @ unclear site; Sb (10 mol%) @ unclear site,figure,,"Visually estimated from Fig 14, TAST-10, CPA",300.0,0.1,dimensionless
Influence of mechanochemical syntheses and compacting methods on the thermoelectric properties of nanostructured AgSnmSbTe2+m (TAST-m).pdf,10.1088/0268-1242/29/12/124009,AgSbTe2-doped SnTe,TAST-20,SnTe doped with AgSbTe2,2,Yes,Ag,20 mol%,unclear,Sb (20 mol%) @ unclear,Ag (20 mol%) @ unclear site; Sb (20 mol%) @ unclear site,figure,,"Visually estimated from Fig 14, TAST-20, STS",700.0,0.6,dimensionless
Influence of nanoscale Ag2 Te precipitates on the thermoelectric properties of the Sn doped P-type AgSbTe2 compound.pdf,10.1063/1.4896435,AgSbTe2,Ag(Sb0.97Sn0.03)Te2,Ag0.99Sb0.98Sn0.027Te2,1,No,Sn,x = 0.03,Sb,,Sn (x = 0.03) @ Sb site,body text,,,600.0,1.1,dimensionless
Influence of nanoscale Ag2 Te precipitates on the thermoelectric properties of the Sn doped P-type AgSbTe2 compound.pdf,10.1063/1.4896435,AgSbTe2,"Ag(Sb1-xSnx)Te2, x=0.01",AgSb0.99Sn0.01Te2,1,No,Sn,x=0.01,Sb,,Sn (x=0.01) @ Sb site,figure,,Visually estimated from Fig. 5a,300.0,0.2,dimensionless
Influence of nanoscale Ag2 Te precipitates on the thermoelectric properties of the Sn doped P-type AgSbTe2 compound.pdf,10.1063/1.4896435,AgSbTe2,"Ag(Sb1-xSnx)Te2, x=0.03",AgSb0.97Sn0.03Te2,1,No,Sn,x=0.03,Sb,,Sn (x=0.03) @ Sb site,figure,,Visually estimated from Fig. 5a,300.0,0.35,dimensionless
Influence of nanoscale Ag2 Te precipitates on the thermoelectric properties of the Sn doped P-type AgSbTe2 compound.pdf,10.1063/1.4896435,AgSbTe2,"Ag(Sb1-xSnx)Te2, x=0.05",AgSb0.95Sn0.05Te2,1,No,Sn,x=0.05,Sb,,Sn (x=0.05) @ Sb site,figure,,Visually estimated from Fig. 5a,300.0,0.2,dimensionless
Influence of nanoscale Ag2 Te precipitates on the thermoelectric properties of the Sn doped P-type AgSbTe2 compound.pdf,10.1063/1.4896435,AgSbTe2,"Ag(Sb1-xSnx)Te2, x=0.07",AgSb0.93Sn0.07Te2,1,No,Sn,x=0.07,Sb,,Sn (x=0.07) @ Sb site,figure,,Visually estimated from Fig. 5a,300.0,0.2,dimensionless
Ioffe–Regel limit and lattice thermal conductivity reduction of high performance (AgSbTe2)15(GeTe)85 thermoelectric materials.pdf,10.1039/c3ta15147f,(AgSbTe2)15(GeTe)85,0.4 AQ,(Ag0.4SbTe2/2+1.5)15(GeTe)85,1,No,Ag,0.4,unclear,,Ag (0.4) @ unclear site,figure,Fig. 5a,Visually estimated from Fig. 5a,300.0,0.3,dimensionless
Ioffe–Regel limit and lattice thermal conductivity reduction of high performance (AgSbTe2)15(GeTe)85 thermoelectric materials.pdf,10.1039/c3ta15147f,(AgSbTe2)15(GeTe)85,0.4 MS,(Ag0.4SbTe2/2+1.5)15(GeTe)85,1,No,Ag,0.4,unclear,,Ag (0.4) @ unclear site,figure,Fig. 5b,Visually estimated from Fig. 5b,300.0,0.3,dimensionless
Large Mobility Enables Higher Thermoelectric Cooling and Power Generation Performance in n‑type AgPb18+xSbTe20 Crystals.pdf,10.1021/jacs.3c09655,AgPb18+xSbTe20,AgPb18.4SbTe20,AgPb18.4SbTe20,1,No,Pb,18.4,unclear,,Pb (18.4) @ unclear site,body text,,,303.0,0.6,dimensionless
Large Mobility Enables Higher Thermoelectric Cooling and Power Generation Performance in n‑type AgPb18+xSbTe20 Crystals.pdf,10.1021/jacs.3c09655,AgPb18+xSbTe20,AgPb18.4SbTe20,AgPb18.4SbTe20,1,No,Pb,18.4,unclear,,Pb (18.4) @ unclear site,body text,,,623.0,1.2,dimensionless
Large Mobility Enables Higher Thermoelectric Cooling and Power Generation Performance in n‑type AgPb18+xSbTe20 Crystals.pdf,10.1021/jacs.3c09655,AgPb18+xSbTe20,Polycrystalline AgPb18.4SbTe20,AgPb18.4SbTe20,1,No,Pb,18.4,unclear,,Pb (18.4) @ unclear site,body text,,,303.0,0.2,dimensionless
Large Mobility Enables Higher Thermoelectric Cooling and Power Generation Performance in n‑type AgPb18+xSbTe20 Crystals.pdf,10.1021/jacs.3c09655,AgPb18+xSbTe20,AgPb18+xSbTe20,AgPb18+xSbTe20,1,No,Pb,18+x,unclear,,Pb (18+x) @ unclear site,body text,,Reported for AgPb18.4SbTe20 crystal,303.0,0.6,dimensionless
Large Mobility Enables Higher Thermoelectric Cooling and Power Generation Performance in n‑type AgPb18+xSbTe20 Crystals.pdf,10.1021/jacs.3c09655,AgPb18+xSbTe20,AgPb18+xSbTe20,AgPb18+xSbTe20,1,No,Pb,18+x,unclear,,Pb (18+x) @ unclear site,figure,Figure 3d,Visually estimated from Figure 3d for AgPb18.4SbTe20 crystal,623.0,1.2,dimensionless
Large Mobility Enables Higher Thermoelectric Cooling and Power Generation Performance in n‑type AgPb18+xSbTe20 Crystals.pdf,10.1021/jacs.3c09655,AgPb18+xSbTe20,AgPb18.4SbTe20 crystal,AgPb18.4SbTe20,1,No,Pb,18.4,unclear,,Pb (18.4) @ unclear site,body text,,,303.0,0.6,dimensionless
Large Mobility Enables Higher Thermoelectric Cooling and Power Generation Performance in n‑type AgPb18+xSbTe20 Crystals.pdf,10.1021/jacs.3c09655,AgPb18+xSbTe20,AgPb18.4SbTe20 crystal,AgPb18.4SbTe20,1,No,Pb,18.4,unclear,,Pb (18.4) @ unclear site,body text,,,623.0,1.2,dimensionless
Large Mobility Enables Higher Thermoelectric Cooling and Power Generation Performance in n‑type AgPb18+xSbTe20 Crystals.pdf,10.1021/jacs.3c09655,AgPb18+xSbTe20,polycrystalline AgPb18.4SbTe20,AgPb18.4SbTe20,1,No,Pb,18.4,unclear,,Pb (18.4) @ unclear site,body text,,,303.0,0.2,dimensionless
"Large-scale production of (GeTe)x(AgSbTe2)100−x (x=75, 80, 85, 90) with enhanced thermoelectric properties via gas-atomization and spark plasma sintering.pdf",10.1016/j.actamat.2017.01.053,(GeTe)x(AgSbTe2)100-x,TAGS-75,(GeTe)75(AgSbTe2)25,0,No,,,,,,text,Section 3.2,,,0.93,dimensionless
"Large-scale production of (GeTe)x(AgSbTe2)100−x (x=75, 80, 85, 90) with enhanced thermoelectric properties via gas-atomization and spark plasma sintering.pdf",10.1016/j.actamat.2017.01.053,(GeTe)x(AgSbTe2)100-x,TAGS-80,(GeTe)80(AgSbTe2)20,0,No,,,,,,text,Section 3.2,,,1.48,dimensionless
"Large-scale production of (GeTe)x(AgSbTe2)100−x (x=75, 80, 85, 90) with enhanced thermoelectric properties via gas-atomization and spark plasma sintering.pdf",10.1016/j.actamat.2017.01.053,(GeTe)x(AgSbTe2)100-x,TAGS-85,(GeTe)85(AgSbTe2)15,0,No,,,,,,text,Section 3.2,,,0.86,dimensionless
"Large-scale production of (GeTe)x(AgSbTe2)100−x (x=75, 80, 85, 90) with enhanced thermoelectric properties via gas-atomization and spark plasma sintering.pdf",10.1016/j.actamat.2017.01.053,(GeTe)x(AgSbTe2)100-x,TAGS-90,(GeTe)90(AgSbTe2)10,0,No,,,,,,text,Abstract and Section 3.2,,623.0,1.56,dimensionless
"Large-scale production of (GeTe)x(AgSbTe2)100−x (x=75, 80, 85, 90) with enhanced thermoelectric properties via gas-atomization and spark plasma sintering.pdf",10.1016/j.actamat.2017.01.053,(GeTe)x(AgSbTe2)100-x,TAGS-75,(GeTe)75(AgSbTe2)25,1,No,Ge,75 mol%,multiple sites,,Ge (75 mol%) @ multiple sites site,figure,Fig. 8a,visually estimated from figure,300.0,0.3,dimensionless
"Large-scale production of (GeTe)x(AgSbTe2)100−x (x=75, 80, 85, 90) with enhanced thermoelectric properties via gas-atomization and spark plasma sintering.pdf",10.1016/j.actamat.2017.01.053,(GeTe)x(AgSbTe2)100-x,TAGS-85,(GeTe)85(AgSbTe2)15,1,No,Ge,85 mol%,multiple sites,,Ge (85 mol%) @ multiple sites site,body text,page 51,,,0.93,dimensionless
"Large-scale production of (GeTe)x(AgSbTe2)100−x (x=75, 80, 85, 90) with enhanced thermoelectric properties via gas-atomization and spark plasma sintering.pdf",10.1016/j.actamat.2017.01.053,(GeTe)x(AgSbTe2)100-x,TAGS-90,(GeTe)90(AgSbTe2)10,1,No,Ge,90 mol%,multiple sites,,Ge (90 mol%) @ multiple sites site,body text,page 51,,,1.56,dimensionless
Low lattice thermal conductivity by alloying SnTe with AgSbTe2 and CaTe-MnTe.pdf,10.1063/1.5109465,SnTe-AgSbTe2,(Sn0.95Ca0.05)0.75(AgSbTe2)0.125,(Sn0.95Ca0.05)0.75(AgSbTe2)0.125,1,No,Ca,0.05,unclear,,Ca (0.05) @ unclear site,figure,,Visually estimated from Fig. 3d,800.0,0.7,dimensionless
Low lattice thermal conductivity by alloying SnTe with AgSbTe2 and CaTe-MnTe.pdf,10.1063/1.5109465,SnTe-AgSbTe2,(Sn0.85Mn0.15)0.85(AgSbTe2)0.075,(Sn0.85Mn0.15)0.85(AgSbTe2)0.075,1,No,Mn,0.15,unclear,,Mn (0.15) @ unclear site,figure,,Visually estimated from Fig. 3d,800.0,0.8,dimensionless
Low solubility and transport consequences of Eu addition in AgSbTe2 thermoelectrics.pdf,10.1016/j.physb.2026.418712,AgSbTe2,0 wt% Eu,AgSbTe2,0,No,,,,,,figure,Fig. 3f,Visually estimated from Fig. 3f,300.0,0.6,dimensionless
Low solubility and transport consequences of Eu addition in AgSbTe2 thermoelectrics.pdf,10.1016/j.physb.2026.418712,AgSbTe2,0 wt% Eu,AgSbTe2,0,No,,,,,,figure,Fig. 3f,Visually estimated from Fig. 3f,600.0,1.2,dimensionless
Low solubility and transport consequences of Eu addition in AgSbTe2 thermoelectrics.pdf,10.1016/j.physb.2026.418712,AgSbTe2,4 wt% Eu,AgSbTe2:Eu,1,No,Eu,4 wt%,unclear,,Eu (4 wt%) @ unclear site,figure,Fig. 3f,Visually estimated from Fig. 3f,300.0,0.1,dimensionless
Low solubility and transport consequences of Eu addition in AgSbTe2 thermoelectrics.pdf,10.1016/j.physb.2026.418712,AgSbTe2,4 wt% Eu,AgSbTe2:Eu,1,No,Eu,4 wt%,unclear,,Eu (4 wt%) @ unclear site,figure,Fig. 3f,Visually estimated from Fig. 3f,600.0,0.2,dimensionless
Nanostructures in high-performance (GeTe)x(AgSbTe2)100−x thermoelectric materials.pdf,10.1088/0957-4484/19/24/245707,AgSbTe2,TAGS-75,(GeTe)0.75(AgSbTe2)0.25,0,No,,,,,,body text,,,720.0,1.53,dimensionless
Nanostructures in high-performance (GeTe)x(AgSbTe2)100−x thermoelectric materials.pdf,10.1088/0957-4484/19/24/245707,AgSbTe2,TAGS-80,(GeTe)0.80(AgSbTe2)0.20,0,No,,,,,,body text,,,720.0,1.5,dimensionless
Nanostructures in high-performance (GeTe)x(AgSbTe2)100−x thermoelectric materials.pdf,10.1088/0957-4484/19/24/245707,AgSbTe2,TAGS-85,(GeTe)0.85(AgSbTe2)0.15,0,No,,,,,,body text,,,720.0,1.5,dimensionless
Nanostructures in high-performance (GeTe)x(AgSbTe2)100−x thermoelectric materials.pdf,10.1088/0957-4484/19/24/245707,AgSbTe2,TAGS-90,(GeTe)0.90(AgSbTe2)0.10,0,No,,,,,,body text,,,720.0,0.5,dimensionless
Nanostructures in high-performance (GeTe)x(AgSbTe2)100−x thermoelectric materials.pdf,10.1088/0957-4484/19/24/245707,AgSbTe2,TAGS-90,(GeTe)0.90(AgSbTe2)0.10,0,No,,,,,,body text,,The text mentions 0.50 in the abstract and 0.55 in the results section for the same sample at 720 K.,720.0,0.55,dimensionless
Nanostructures in high-performance (GeTe)x(AgSbTe2)100−x thermoelectric materials.pdf,10.1088/0957-4484/19/24/245707,AgSbTe2,TAGS-75,(GeTe)75(AgSbTe2)25,1,No,Ge,75 mol%,multiple sites,,Ge (75 mol%) @ multiple sites site,figure,,Visually estimated from Fig. 3(a),300.0,0.3,dimensionless
Nanostructures in high-performance (GeTe)x(AgSbTe2)100−x thermoelectric materials.pdf,10.1088/0957-4484/19/24/245707,AgSbTe2,TAGS-75,(GeTe)75(AgSbTe2)25,1,No,Ge,75 mol%,multiple sites,,Ge (75 mol%) @ multiple sites site,figure,,"Value stated in text, Fig. 3(a)",720.0,1.53,dimensionless
Nanostructures in high-performance (GeTe)x(AgSbTe2)100−x thermoelectric materials.pdf,10.1088/0957-4484/19/24/245707,AgSbTe2,TAGS-80,(GeTe)80(AgSbTe2)20,1,No,Ge,80 mol%,multiple sites,,Ge (80 mol%) @ multiple sites site,figure,,Visually estimated from Fig. 3(a),300.0,0.3,dimensionless
Nanostructures in high-performance (GeTe)x(AgSbTe2)100−x thermoelectric materials.pdf,10.1088/0957-4484/19/24/245707,AgSbTe2,TAGS-80,(GeTe)80(AgSbTe2)20,1,No,Ge,80 mol%,multiple sites,,Ge (80 mol%) @ multiple sites site,figure,,"Value stated in text, Fig. 3(a)",720.0,1.5,dimensionless
Nanostructures in high-performance (GeTe)x(AgSbTe2)100−x thermoelectric materials.pdf,10.1088/0957-4484/19/24/245707,AgSbTe2,TAGS-85,(GeTe)85(AgSbTe2)15,1,No,Ge,85 mol%,multiple sites,,Ge (85 mol%) @ multiple sites site,figure,,Visually estimated from Fig. 3(a),300.0,0.2,dimensionless
Nanostructures in high-performance (GeTe)x(AgSbTe2)100−x thermoelectric materials.pdf,10.1088/0957-4484/19/24/245707,AgSbTe2,TAGS-85,(GeTe)85(AgSbTe2)15,1,No,Ge,85 mol%,multiple sites,,Ge (85 mol%) @ multiple sites site,figure,,"Value stated in text, Fig. 3(a)",720.0,1.5,dimensionless
Nanostructures in high-performance (GeTe)x(AgSbTe2)100−x thermoelectric materials.pdf,10.1088/0957-4484/19/24/245707,AgSbTe2,TAGS-90,(GeTe)90(AgSbTe2)10,1,No,Ge,90 mol%,multiple sites,,Ge (90 mol%) @ multiple sites site,figure,,Visually estimated from Fig. 3(a),300.0,0.3,dimensionless
Nanostructures in high-performance (GeTe)x(AgSbTe2)100−x thermoelectric materials.pdf,10.1088/0957-4484/19/24/245707,AgSbTe2,TAGS-90,(GeTe)90(AgSbTe2)10,1,No,Ge,90 mol%,multiple sites,,Ge (90 mol%) @ multiple sites site,figure,,"Value stated in text, Fig. 3(a)",720.0,0.55,dimensionless
Optimized Carrier Concentration and Reduced Thermal Conductivity in Cu-Deficient CuGaTe2 Alloyed with AgSbTe2 for Superior Thermoelectric Performance.pdf,10.1021/acsami.6c05111,Cu0.96GaTe2-AgSbTe2,(Cu0.96GaTe2)0.9(AgSbTe2)0.1,(Cu0.96GaTe2)0.9(AgSbTe2)0.1,1,No,AgSbTe2,0.1,multiple sites,,AgSbTe2 (0.1) @ multiple sites site,body text,,,743.0,1.39,dimensionless
Optimized Carrier Concentration and Reduced Thermal Conductivity in Cu-Deficient CuGaTe2 Alloyed with AgSbTe2 for Superior Thermoelectric Performance.pdf,10.1021/acsami.6c05111,Cu0.96GaTe2-AgSbTe2,(Cu0.96GaTe2)0.98(AgSbTe2)0.02,(Cu0.96GaTe2)0.98(AgSbTe2)0.02,2,Yes,Ag,x=0.02,unclear,Sb (x=0.02) @ unclear,Ag (x=0.02) @ unclear site; Sb (x=0.02) @ unclear site,figure,,Visually estimated from Fig. 10a,723.0,0.82,dimensionless
Optimized Carrier Concentration and Reduced Thermal Conductivity in Cu-Deficient CuGaTe2 Alloyed with AgSbTe2 for Superior Thermoelectric Performance.pdf,10.1021/acsami.6c05111,Cu0.96GaTe2-AgSbTe2,(Cu0.96GaTe2)0.96(AgSbTe2)0.04,(Cu0.96GaTe2)0.96(AgSbTe2)0.04,2,Yes,Ag,x=0.04,unclear,Sb (x=0.04) @ unclear,Ag (x=0.04) @ unclear site; Sb (x=0.04) @ unclear site,figure,,Visually estimated from Fig. 10a,723.0,0.99,dimensionless
Optimized Carrier Concentration and Reduced Thermal Conductivity in Cu-Deficient CuGaTe2 Alloyed with AgSbTe2 for Superior Thermoelectric Performance.pdf,10.1021/acsami.6c05111,Cu0.96GaTe2-AgSbTe2,(Cu0.96GaTe2)0.94(AgSbTe2)0.06,(Cu0.96GaTe2)0.94(AgSbTe2)0.06,2,Yes,Ag,x=0.06,unclear,Sb (x=0.06) @ unclear,Ag (x=0.06) @ unclear site; Sb (x=0.06) @ unclear site,figure,,Visually estimated from Fig. 10a,723.0,1.12,dimensionless
Optimized Carrier Concentration and Reduced Thermal Conductivity in Cu-Deficient CuGaTe2 Alloyed with AgSbTe2 for Superior Thermoelectric Performance.pdf,10.1021/acsami.6c05111,Cu0.96GaTe2-AgSbTe2,(Cu0.96GaTe2)0.92(AgSbTe2)0.08,(Cu0.96GaTe2)0.92(AgSbTe2)0.08,2,Yes,Ag,x=0.08,unclear,Sb (x=0.08) @ unclear,Ag (x=0.08) @ unclear site; Sb (x=0.08) @ unclear site,figure,,Visually estimated from Fig. 10a,723.0,1.18,dimensionless
Optimized Carrier Concentration and Reduced Thermal Conductivity in Cu-Deficient CuGaTe2 Alloyed with AgSbTe2 for Superior Thermoelectric Performance.pdf,10.1021/acsami.6c05111,Cu0.96GaTe2-AgSbTe2,(Cu0.96GaTe2)0.90(AgSbTe2)0.10,(Cu0.96GaTe2)0.90(AgSbTe2)0.10,2,Yes,Ag,x=0.10,unclear,Sb (x=0.10) @ unclear,Ag (x=0.10) @ unclear site; Sb (x=0.10) @ unclear site,figure,,Visually estimated from Fig. 10a,743.0,1.39,dimensionless
Optimized Carrier Concentration and Reduced Thermal Conductivity in Cu-Deficient CuGaTe2 Alloyed with AgSbTe2 for Superior Thermoelectric Performance.pdf,10.1021/acsami.6c05111,Cu0.96GaTe2-AgSbTe2,(Cu0.96GaTe2)0.89(AgSbTe2)0.11,(Cu0.96GaTe2)0.89(AgSbTe2)0.11,2,Yes,Ag,x=0.11,unclear,Sb (x=0.11) @ unclear,Ag (x=0.11) @ unclear site; Sb (x=0.11) @ unclear site,figure,,Visually estimated from Fig. 10a,723.0,1.26,dimensionless
Optimized Thermoelectric Properties of AgSbTe2 through Adjustment of.pdf,10.1007/s13391-014-4152-0,AgSbTe2,AST-423-150,AgSbTe2,0,No,,,,,,body text,,,300.0,0.31,dimensionless
Optimized Thermoelectric Properties of AgSbTe2 through Adjustment of.pdf,10.1007/s13391-014-4152-0,AgSbTe2,AST-423-500,AgSbTe2,0,No,,,,,,body text,,,475.0,0.86,dimensionless
Optimized Thermoelectric Properties of AgSbTe2 through Adjustment of.pdf,10.1007/s13391-014-4152-0,AgSbTe2,AST-423-150,AgSbTe2,0,No,,,,,,figure,,Visually estimated from Fig. 1,300.0,0.2,dimensionless
Optimized Thermoelectric Properties of AgSbTe2 through Adjustment of.pdf,10.1007/s13391-014-4152-0,AgSbTe2,AST-423-150,AgSbTe2,0,No,,,,,,figure,,Visually estimated from Fig. 1,450.0,0.8,dimensionless
Optimized Thermoelectric Properties of AgSbTe2 through Adjustment of.pdf,10.1007/s13391-014-4152-0,AgSbTe2,AST-423-300,AgSbTe2,0,No,,,,,,figure,,Visually estimated from Fig. 1,300.0,0.25,dimensionless
Optimized Thermoelectric Properties of AgSbTe2 through Adjustment of.pdf,10.1007/s13391-014-4152-0,AgSbTe2,AST-423-300,AgSbTe2,0,No,,,,,,figure,,Visually estimated from Fig. 1,450.0,0.75,dimensionless
Optimized Thermoelectric Properties of AgSbTe2 through Adjustment of.pdf,10.1007/s13391-014-4152-0,AgSbTe2,AST-423-500,AgSbTe2,0,No,,,,,,figure,,Visually estimated from Fig. 1,300.0,0.3,dimensionless
Optimized Thermoelectric Properties of AgSbTe2 through Adjustment of.pdf,10.1007/s13391-014-4152-0,AgSbTe2,AST-423-500,AgSbTe2,0,No,,,,,,figure,,Visually estimated from Fig. 1,475.0,0.85,dimensionless
Optimized Thermoelectric Properties of AgSbTe2 through Adjustment of.pdf,10.1007/s13391-014-4152-0,AgSbTe2,AST-473-150,AgSbTe2,0,No,,,,,,figure,,Visually estimated from Fig. 1,300.0,0.2,dimensionless
Optimized Thermoelectric Properties of AgSbTe2 through Adjustment of.pdf,10.1007/s13391-014-4152-0,AgSbTe2,AST-473-150,AgSbTe2,0,No,,,,,,figure,,Visually estimated from Fig. 1,450.0,0.7,dimensionless
Optimized Thermoelectric Properties of AgSbTe2 through Adjustment of.pdf,10.1007/s13391-014-4152-0,AgSbTe2,AST-473-300,AgSbTe2,0,No,,,,,,figure,,Visually estimated from Fig. 1,300.0,0.25,dimensionless
Optimized Thermoelectric Properties of AgSbTe2 through Adjustment of.pdf,10.1007/s13391-014-4152-0,AgSbTe2,AST-473-300,AgSbTe2,0,No,,,,,,figure,,Visually estimated from Fig. 1,450.0,0.75,dimensionless
Optimized Thermoelectric Properties of AgSbTe2 through Adjustment of.pdf,10.1007/s13391-014-4152-0,AgSbTe2,AST-473-500,AgSbTe2,0,No,,,,,,figure,,Visually estimated from Fig. 1,300.0,0.3,dimensionless
Optimized Thermoelectric Properties of AgSbTe2 through Adjustment of.pdf,10.1007/s13391-014-4152-0,AgSbTe2,AST-473-500,AgSbTe2,0,No,,,,,,figure,,Visually estimated from Fig. 1,450.0,0.7,dimensionless
Peng2014.pdf,10.1039/c3ta13729e,Yb0.2Co4Sb12,Matrix,Yb0.2Co4Sb12,0,No,,,,,,Table 1,,,300.0,0.08,dimensionless
Peng2014.pdf,10.1039/c3ta13729e,Yb0.2Co4Sb12,Matrix-2 wt% AgSbTe2,Yb0.2Co4Sb12-2 wt% AgSbTe2,1,No,Te,less than y = 0.02,Sb,,Te (less than y = 0.02) @ Sb site,Table 1,,,300.0,0.23,dimensionless
Peng2014.pdf,10.1039/c3ta13729e,Yb0.2Co4Sb12,Matrix-4 wt% AgSbTe2,Yb0.2Co4Sb12-4 wt% AgSbTe2,1,No,Te,less than y = 0.02,Sb,,Te (less than y = 0.02) @ Sb site,Table 1,,,300.0,0.49,dimensionless
Peng2014.pdf,10.1039/c3ta13729e,Yb0.2Co4Sb12,Matrix-6 wt% AgSbTe2,Yb0.2Co4Sb12-6 wt% AgSbTe2,1,No,Te,less than y = 0.02,Sb,,Te (less than y = 0.02) @ Sb site,Table 1,,,300.0,0.51,dimensionless
Peng2014.pdf,10.1039/c3ta13729e,Yb0.2Co4Sb12,Matrix-8 wt% AgSbTe2,Yb0.2Co4Sb12-8 wt% AgSbTe2,1,No,Te,less than y = 0.02,Sb,,Te (less than y = 0.02) @ Sb site,Table 1,,,300.0,0.31,dimensionless
"Phase compositions, nanoscale microstructures and thermoelectric properties in Ag2−ySbyTe1+y alloys with precipitated Sb2Te3 plates.pdf",10.1016/j.actamat.2010.04.007,Ag2-ySbTe1+y,Ag0.71Sb1.29Te2.29,Ag0.71Sb1.29Te2.29,1,No,Sb,1.29,unclear,,Sb (1.29) @ unclear site,body text,,,600.0,1.37,dimensionless
"Phase compositions, nanoscale microstructures and thermoelectric properties in Ag2−ySbyTe1+y alloys with precipitated Sb2Te3 plates.pdf",10.1016/j.actamat.2010.04.007,Ag2-ySbTe1+y,y=1.26,Ag2-ySbTe1+y (y=1.26),0,No,,,,,,figure,Fig. 7,Visually estimated from Fig. 7,300.0,0.4,dimensionless
"Phase compositions, nanoscale microstructures and thermoelectric properties in Ag2−ySbyTe1+y alloys with precipitated Sb2Te3 plates.pdf",10.1016/j.actamat.2010.04.007,Ag2-ySbTe1+y,y=1.26,Ag2-ySbTe1+y (y=1.26),0,No,,,,,,figure,Fig. 7,Visually estimated from Fig. 7,675.0,1.2,dimensionless
"Phase compositions, nanoscale microstructures and thermoelectric properties in Ag2−ySbyTe1+y alloys with precipitated Sb2Te3 plates.pdf",10.1016/j.actamat.2010.04.007,Ag2-ySbTe1+y,y=1.29,Ag2-ySbTe1+y (y=1.29),0,No,,,,,,figure,Fig. 7,Visually estimated from Fig. 7,300.0,0.3,dimensionless
"Phase compositions, nanoscale microstructures and thermoelectric properties in Ag2−ySbyTe1+y alloys with precipitated Sb2Te3 plates.pdf",10.1016/j.actamat.2010.04.007,Ag2-ySbTe1+y,y=1.29,Ag2-ySbTe1+y (y=1.29),0,No,,,,,,figure,Fig. 7,Visually estimated from Fig. 7,600.0,1.35,dimensionless
PhysRevB.79.184202.pdf,10.1103/PhysRevB.79.184202,AgSbTe2,AgSbSexTe2-x (x=0.00),AgSbTe2,1,No,Se,0,Te,,Se (0) @ Te site,text,body text,,520.0,0.65,dimensionless
PhysRevB.79.184202.pdf,10.1103/PhysRevB.79.184202,AgSbTe2,AgSbSexTe2-x (x=0.25),AgSbSe0.25Te1.75,1,No,Se,0.25,Te,,Se (0.25) @ Te site,text,body text,,520.0,0.65,dimensionless
PhysRevB.79.184202.pdf,10.1103/PhysRevB.79.184202,AgSbTe2,AgSbSe0.25Te1.75,AgSbSe0.25Te1.75,1,No,Se,0.25,Te,,Se (0.25) @ Te site,figure,,Visually estimated from Fig. 8,300.0,0.22,dimensionless
PhysRevB.79.184202.pdf,10.1103/PhysRevB.79.184202,AgSbTe2,AgSbSe0.25Te1.75,AgSbSe0.25Te1.75,1,No,Se,0.25,Te,,Se (0.25) @ Te site,figure,,Visually estimated from Fig. 8,520.0,0.65,dimensionless
PhysRevB.79.184202.pdf,10.1103/PhysRevB.79.184202,AgSbTe2,AgSbTe2,AgSbTe2,0,No,,,,,,figure,,Visually estimated from Fig. 8,300.0,0.12,dimensionless
PhysRevB.79.184202.pdf,10.1103/PhysRevB.79.184202,AgSbTe2,AgSbTe2,AgSbTe2,0,No,,,,,,figure,,Visually estimated from Fig. 8,520.0,0.52,dimensionless
PhysRevB.79.184202.pdf,10.1103/PhysRevB.79.184202,AgSbTe2,AgSbSeTe,AgSbSeTe,1,No,Se,1,Te,,Se (1) @ Te site,figure,,Visually estimated from Fig. 8,300.0,0.08,dimensionless
PhysRevB.79.184202.pdf,10.1103/PhysRevB.79.184202,AgSbTe2,AgSbSeTe,AgSbSeTe,1,No,Se,1,Te,,Se (1) @ Te site,figure,,Visually estimated from Fig. 8,520.0,0.42,dimensionless
PhysRevB.79.184202.pdf,10.1103/PhysRevB.79.184202,AgSbTe2,AgSbSe2,AgSbSe2,1,No,Se,2,Te,,Se (2) @ Te site,figure,,Visually estimated from Fig. 8,300.0,0.06,dimensionless
PhysRevB.79.184202.pdf,10.1103/PhysRevB.79.184202,AgSbTe2,AgSbSe2,AgSbSe2,1,No,Se,2,Te,,Se (2) @ Te site,figure,,Visually estimated from Fig. 8,520.0,0.15,dimensionless
PhysRevB.79.184202.pdf,10.1103/PhysRevB.79.184202,AgSbTe2,AgSbSe1.75Te0.25,AgSbSe1.75Te0.25,1,No,Se,1.75,Te,,Se (1.75) @ Te site,figure,,Visually estimated from Fig. 8,300.0,0.01,dimensionless
PhysRevB.79.184202.pdf,10.1103/PhysRevB.79.184202,AgSbTe2,AgSbSe1.75Te0.25,AgSbSe1.75Te0.25,1,No,Se,1.75,Te,,Se (1.75) @ Te site,figure,,Visually estimated from Fig. 8,520.0,0.05,dimensionless
Physica Status Solidi  a - 2011 - Yusufu - Thermoelectric properties and microstructures of AgSbTe2‐added p‐type Pb0 16Ge0.pdf,10.1002/pssa.201127194,"AgSbTe2-(Pb,Ge)Te",x=75,(Ag0.5Sb0.5Te)25(Pb0.16Ge0.84Te)75,4,Yes,Ag,0.5,unclear,Sb (0.5) @ unclear; Pb (0.16) @ unclear; Ge (0.84) @ unclear,Ag (0.5) @ unclear site; Sb (0.5) @ unclear site; Pb (0.16) @ unclear site; Ge (0.84) @ unclear site,text,"Page 1, Introduction",,720.0,0.84,dimensionless
Physica Status Solidi  a - 2011 - Yusufu - Thermoelectric properties and microstructures of AgSbTe2‐added p‐type Pb0 16Ge0.pdf,10.1002/pssa.201127194,"AgSbTe2-(Pb,Ge)Te",x=80,(Ag0.5Sb0.5Te)20(Pb0.16Ge0.84Te)80,4,Yes,Ag,0.5,unclear,Sb (0.5) @ unclear; Pb (0.16) @ unclear; Ge (0.84) @ unclear,Ag (0.5) @ unclear site; Sb (0.5) @ unclear site; Pb (0.16) @ unclear site; Ge (0.84) @ unclear site,text,"Page 1, Introduction",,720.0,0.84,dimensionless
Physica Status Solidi  a - 2011 - Yusufu - Thermoelectric properties and microstructures of AgSbTe2‐added p‐type Pb0 16Ge0.pdf,10.1002/pssa.201127194,"AgSbTe2-(Pb,Ge)Te",(Ag0.5Sb0.5Te)25(Pb0.16Ge0.84Te)75,(Ag0.5Sb0.5Te)25(Pb0.16Ge0.84Te)75,2,Yes,Pb,x=75,unclear,Ge (x=75) @ unclear,Pb (x=75) @ unclear site; Ge (x=75) @ unclear site,figure,Fig. 5b,Visually estimated from figure,300.0,0.05,dimensionless
Physica Status Solidi  a - 2011 - Yusufu - Thermoelectric properties and microstructures of AgSbTe2‐added p‐type Pb0 16Ge0.pdf,10.1002/pssa.201127194,"AgSbTe2-(Pb,Ge)Te",(Ag0.5Sb0.5Te)25(Pb0.16Ge0.84Te)75,(Ag0.5Sb0.5Te)25(Pb0.16Ge0.84Te)75,2,Yes,Pb,x=75,unclear,Ge (x=75) @ unclear,Pb (x=75) @ unclear site; Ge (x=75) @ unclear site,figure,Fig. 5b,Visually estimated from figure,700.0,0.6,dimensionless
Physica Status Solidi  a - 2011 - Yusufu - Thermoelectric properties and microstructures of AgSbTe2‐added p‐type Pb0 16Ge0.pdf,10.1002/pssa.201127194,"AgSbTe2-(Pb,Ge)Te",(Ag0.5Sb0.5Te)20(Pb0.16Ge0.84Te)80,(Ag0.5Sb0.5Te)20(Pb0.16Ge0.84Te)80,2,Yes,Pb,x=80,unclear,Ge (x=80) @ unclear,Pb (x=80) @ unclear site; Ge (x=80) @ unclear site,figure,Fig. 5b,Visually estimated from figure,300.0,0.08,dimensionless
Physica Status Solidi  a - 2011 - Yusufu - Thermoelectric properties and microstructures of AgSbTe2‐added p‐type Pb0 16Ge0.pdf,10.1002/pssa.201127194,"AgSbTe2-(Pb,Ge)Te",(Ag0.5Sb0.5Te)20(Pb0.16Ge0.84Te)80,(Ag0.5Sb0.5Te)20(Pb0.16Ge0.84Te)80,2,Yes,Pb,x=80,unclear,Ge (x=80) @ unclear,Pb (x=80) @ unclear site; Ge (x=80) @ unclear site,text,body text,Maximum ZT value,720.0,0.84,dimensionless
Physica Status Solidi  a - 2011 - Yusufu - Thermoelectric properties and microstructures of AgSbTe2‐added p‐type Pb0 16Ge0.pdf,10.1002/pssa.201127194,"AgSbTe2-(Pb,Ge)Te",(Ag0.5Sb0.5Te)15(Pb0.16Ge0.84Te)85,(Ag0.5Sb0.5Te)15(Pb0.16Ge0.84Te)85,2,Yes,Pb,x=85,unclear,Ge (x=85) @ unclear,Pb (x=85) @ unclear site; Ge (x=85) @ unclear site,figure,Fig. 5b,Visually estimated from figure,300.0,0.08,dimensionless
Physica Status Solidi  a - 2011 - Yusufu - Thermoelectric properties and microstructures of AgSbTe2‐added p‐type Pb0 16Ge0.pdf,10.1002/pssa.201127194,"AgSbTe2-(Pb,Ge)Te",(Ag0.5Sb0.5Te)15(Pb0.16Ge0.84Te)85,(Ag0.5Sb0.5Te)15(Pb0.16Ge0.84Te)85,2,Yes,Pb,x=85,unclear,Ge (x=85) @ unclear,Pb (x=85) @ unclear site; Ge (x=85) @ unclear site,figure,Fig. 5b,Visually estimated from figure,700.0,0.75,dimensionless
Physica Status Solidi  a - 2011 - Yusufu - Thermoelectric properties and microstructures of AgSbTe2‐added p‐type Pb0 16Ge0.pdf,10.1002/pssa.201127194,"AgSbTe2-(Pb,Ge)Te",(Ag0.5Sb0.5Te)10(Pb0.16Ge0.84Te)90,(Ag0.5Sb0.5Te)10(Pb0.16Ge0.84Te)90,2,Yes,Pb,x=90,unclear,Ge (x=90) @ unclear,Pb (x=90) @ unclear site; Ge (x=90) @ unclear site,figure,Fig. 5b,Visually estimated from figure,300.0,0.1,dimensionless
Physica Status Solidi  a - 2011 - Yusufu - Thermoelectric properties and microstructures of AgSbTe2‐added p‐type Pb0 16Ge0.pdf,10.1002/pssa.201127194,"AgSbTe2-(Pb,Ge)Te",(Ag0.5Sb0.5Te)10(Pb0.16Ge0.84Te)90,(Ag0.5Sb0.5Te)10(Pb0.16Ge0.84Te)90,2,Yes,Pb,x=90,unclear,Ge (x=90) @ unclear,Pb (x=90) @ unclear site; Ge (x=90) @ unclear site,figure,Fig. 5b,Visually estimated from figure,700.0,0.6,dimensionless
Preparation and characterization of nanostructured (GeTe)75(AgSbTe2)x(AgSbSe2)y thermoelectric materials.pdf,10.1016/j.synthmet.2020.116606,(GeTe)75(AgSbTe2)x(AgSbSe2)y,TAGSS[000],(GeTe)75(AgSbTe2)25(AgSbSe2)0,0,No,,,,,,body text,,,325.0,0.1,dimensionless
Preparation and characterization of nanostructured (GeTe)75(AgSbTe2)x(AgSbSe2)y thermoelectric materials.pdf,10.1016/j.synthmet.2020.116606,(GeTe)75(AgSbTe2)x(AgSbSe2)y,TAGSS[000],(GeTe)75(AgSbTe2)25(AgSbSe2)0,0,No,,,,,,body text,,,625.0,0.7,dimensionless
Preparation and characterization of nanostructured (GeTe)75(AgSbTe2)x(AgSbSe2)y thermoelectric materials.pdf,10.1016/j.synthmet.2020.116606,(GeTe)75(AgSbTe2)x(AgSbSe2)y,TAGSS[125],(GeTe)75(AgSbTe2)23.75(AgSbSe2)1.25,1,No,Se,1.25,unclear,,Se (1.25) @ unclear site,body text,,,325.0,0.25,dimensionless
Preparation and characterization of nanostructured (GeTe)75(AgSbTe2)x(AgSbSe2)y thermoelectric materials.pdf,10.1016/j.synthmet.2020.116606,(GeTe)75(AgSbTe2)x(AgSbSe2)y,TAGSS[125],(GeTe)75(AgSbTe2)23.75(AgSbSe2)1.25,1,No,Se,1.25,unclear,,Se (1.25) @ unclear site,body text,,,625.0,1.2,dimensionless
Preparation and characterization of nanostructured (GeTe)75(AgSbTe2)x(AgSbSe2)y thermoelectric materials.pdf,10.1016/j.synthmet.2020.116606,(GeTe)75(AgSbTe2)x(AgSbSe2)y,TAGSS[000],(GeTe)75(AgSbTe2)25,1,No,Ge,75 mol%,multiple sites,,Ge (75 mol%) @ multiple sites site,body text,,Explicitly stated in text,325.0,0.1,dimensionless
Preparation and characterization of nanostructured (GeTe)75(AgSbTe2)x(AgSbSe2)y thermoelectric materials.pdf,10.1016/j.synthmet.2020.116606,(GeTe)75(AgSbTe2)x(AgSbSe2)y,TAGSS[000],(GeTe)75(AgSbTe2)25,1,No,Ge,75 mol%,multiple sites,,Ge (75 mol%) @ multiple sites site,body text,,Explicitly stated in text,625.0,0.7,dimensionless
Rational design of entropy-driven AgSnSbTe3 with enhanced thermoelectric efficiency index for sustainable waste heat recovery.pdf,10.1039/d5se00534e,AgSnSbTe3,AgSnSbTe3 (This work),AgSnSbTe3,0,No,,,,,,body text,,,673.0,0.8,dimensionless
Rational design of entropy-driven AgSnSbTe3 with enhanced thermoelectric efficiency index for sustainable waste heat recovery.pdf,10.1039/d5se00534e,AgSnSbTe3,AgSnSbTe3 (This work),AgSnSbTe3,0,No,,,,,,figure,Fig. 9a,Visually estimated from Fig. 9a,300.0,0.05,dimensionless
Rational design of entropy-driven AgSnSbTe3 with enhanced thermoelectric efficiency index for sustainable waste heat recovery.pdf,10.1039/d5se00534e,AgSnSbTe3,AgSnSbTe3 (This work),AgSnSbTe3,0,No,,,,,,figure,Fig. 9a,Visually estimated from Fig. 9a,400.0,0.2,dimensionless
Rational design of entropy-driven AgSnSbTe3 with enhanced thermoelectric efficiency index for sustainable waste heat recovery.pdf,10.1039/d5se00534e,AgSnSbTe3,AgSnSbTe3 (This work),AgSnSbTe3,0,No,,,,,,figure,Fig. 9a,Visually estimated from Fig. 9a,500.0,0.35,dimensionless
Rational design of entropy-driven AgSnSbTe3 with enhanced thermoelectric efficiency index for sustainable waste heat recovery.pdf,10.1039/d5se00534e,AgSnSbTe3,AgSnSbTe3 (This work),AgSnSbTe3,0,No,,,,,,figure,Fig. 9a,Visually estimated from Fig. 9a,600.0,0.55,dimensionless
Reduced cation disorder and rational design of Ag2Te formation via stepwise optimization strategy to achieve high thermoelectric performance in AgSbTe2.pdf,10.1016/j.jmst.2025.08.053,AgSbTe2,AgSbTe2,AgSbTe2,0,No,,,,,,body text,,,300.0,0.55,dimensionless
Reduced cation disorder and rational design of Ag2Te formation via stepwise optimization strategy to achieve high thermoelectric performance in AgSbTe2.pdf,10.1016/j.jmst.2025.08.053,AgSbTe2,Ag0.97SbTe2,Ag0.97SbTe2,1,No,Ag vacancy,0.03,Ag,,Ag vacancy (0.03) @ Ag site,body text,,,300.0,0.73,dimensionless
Reduced cation disorder and rational design of Ag2Te formation via stepwise optimization strategy to achieve high thermoelectric performance in AgSbTe2.pdf,10.1016/j.jmst.2025.08.053,AgSbTe2,(Ag0.97SbTe2)0.994(Sb2Te3)0.006,(Ag0.97SbTe2)0.994(Sb2Te3)0.006,2,Yes,Ag vacancy,0.03,Ag,Sb2Te3 (0.006) @ unclear,Ag vacancy (0.03) @ Ag site; Sb2Te3 (0.006) @ unclear site,body text,,,514.0,2.1,dimensionless
Reduced cation disorder and rational design of Ag2Te formation via stepwise optimization strategy to achieve high thermoelectric performance in AgSbTe2.pdf,10.1016/j.jmst.2025.08.053,AgSbTe2,"AgSbTe2 (x=0, y=0)",AgSbTe2,0,No,,,,,,text,body text,Value at room temperature,300.0,0.55,dimensionless
Reduced cation disorder and rational design of Ag2Te formation via stepwise optimization strategy to achieve high thermoelectric performance in AgSbTe2.pdf,10.1016/j.jmst.2025.08.053,AgSbTe2,(Ag0.97SbTe2)0.994(Sb2Te3)0.006,(Ag0.97SbTe2)0.994(Sb2Te3)0.006,2,Yes,Ag,0.03,Ag,Sb2Te3 (0.006) @ unclear,Ag (0.03) @ Ag site; Sb2Te3 (0.006) @ unclear site,text,body text,Value at room temperature,300.0,0.73,dimensionless
Reinvestigation of the influence of Se impurity on the structural and thermoelectric properties of AgSbTe2.pdf,10.1063/1.4731525,AgSbTe2,AgSbTe1.98Se0.02,AgSbTe1.98Se0.02,1,No,Se,x=0.02,Te,,Se (x=0.02) @ Te site,body text,Page 4,,520.0,1.48,dimensionless
Reinvestigation of the influence of Se impurity on the structural and thermoelectric properties of AgSbTe2.pdf,10.1063/1.4731525,AgSbTe2,AgSbTe2,AgSbTe2,0,No,,,,,,figure,Fig. 5b,Visually estimated from Fig. 5b,300.0,0.4,dimensionless
Small - 2024 - Chen - Cation Modulation in AgSbTe2 Realizes Carrier Optimization  Defect Engineering  and a 7  Single‐Leg.pdf,10.1002/smll.202401723,AgSbTe2,Ag0.96Sb1.04Te2,Ag0.96Sb1.04Te2,0,No,,,,,,Table 1,,zTave,,0.35,dimensionless
Small - 2024 - Chen - Cation Modulation in AgSbTe2 Realizes Carrier Optimization  Defect Engineering  and a 7  Single‐Leg.pdf,10.1002/smll.202401723,AgSbTe2,Ag1.00Sb1.00Te2,Ag1.00Sb1.00Te2,0,No,,,,,,Table 1,,zTave,,0.94,dimensionless
Small - 2024 - Chen - Cation Modulation in AgSbTe2 Realizes Carrier Optimization  Defect Engineering  and a 7  Single‐Leg.pdf,10.1002/smll.202401723,AgSbTe2,Ag1.04Sb0.96Te2,Ag1.04Sb0.96Te2,0,No,,,,,,Table 1,,zTave,,1.0,dimensionless
Small - 2024 - Chen - Cation Modulation in AgSbTe2 Realizes Carrier Optimization  Defect Engineering  and a 7  Single‐Leg.pdf,10.1002/smll.202401723,AgSbTe2,Ag1.04Sb0.96Te2,Ag1.04Sb0.96Te2,0,No,,,,,,body text,,,583.0,1.5,dimensionless
Small - 2024 - Chen - Cation Modulation in AgSbTe2 Realizes Carrier Optimization  Defect Engineering  and a 7  Single‐Leg.pdf,10.1002/smll.202401723,AgSbTe2,Ag1.02Ge0.02Sb0.96Te2,Ag1.02Ge0.02Sb0.96Te2,1,No,Ge,0.02,Ag,,Ge (0.02) @ Ag site,Table 1,,zTave,,1.15,dimensionless
Small - 2024 - Chen - Cation Modulation in AgSbTe2 Realizes Carrier Optimization  Defect Engineering  and a 7  Single‐Leg.pdf,10.1002/smll.202401723,AgSbTe2,Ag1.02Ge0.02Sb0.96Te2,Ag1.02Ge0.02Sb0.96Te2,1,No,Ge,0.02,Ag,,Ge (0.02) @ Ag site,body text,,,623.0,1.77,dimensionless
Small - 2024 - Chen - Cation Modulation in AgSbTe2 Realizes Carrier Optimization  Defect Engineering  and a 7  Single‐Leg.pdf,10.1002/smll.202401723,AgSbTe2,Ag0.96Sb1.04Te2,Ag0.96Sb1.04Te2,1,No,Ag,0.96,Ag,,Ag (0.96) @ Ag site,table,Table 1,,303.0,0.35,dimensionless
Small - 2024 - Chen - Cation Modulation in AgSbTe2 Realizes Carrier Optimization  Defect Engineering  and a 7  Single‐Leg.pdf,10.1002/smll.202401723,AgSbTe2,Ag1.00Sb1.00Te2,Ag1.00Sb1.00Te2,1,No,Ag,1.00,Ag,,Ag (1.00) @ Ag site,table,Table 1,,303.0,0.94,dimensionless
Small - 2024 - Chen - Cation Modulation in AgSbTe2 Realizes Carrier Optimization  Defect Engineering  and a 7  Single‐Leg.pdf,10.1002/smll.202401723,AgSbTe2,Ag1.04Sb0.96Te2,Ag1.04Sb0.96Te2,1,No,Ag,1.04,Ag,,Ag (1.04) @ Ag site,table,Table 1,,303.0,1.0,dimensionless
Small - 2024 - Chen - Cation Modulation in AgSbTe2 Realizes Carrier Optimization  Defect Engineering  and a 7  Single‐Leg.pdf,10.1002/smll.202401723,AgSbTe2,Ag1.02Ge0.02Sb0.96Te2,Ag1.02Ge0.02Sb0.96Te2,1,No,Ge,0.02,unclear,,Ge (0.02) @ unclear site,table,Table 1,,303.0,1.15,dimensionless
Small - 2024 - Chen - Cation Modulation in AgSbTe2 Realizes Carrier Optimization  Defect Engineering  and a 7  Single‐Leg.pdf,10.1002/smll.202401723,AgSbTe2,Ge0.02,AgSb1-xGexTe2 (nominal Ge0.02),1,No,Ge,0.02,Sb,,Ge (0.02) @ Sb site,body text,,,623.0,1.7,dimensionless
Small - 2024 - Chen - Cation Modulation in AgSbTe2 Realizes Carrier Optimization  Defect Engineering  and a 7  Single‐Leg.pdf,10.1002/smll.202401723,AgSbTe2,Ag1.04,Ag1.04SbTe2,1,No,Ag,1.04,interstitial,,Ag (1.04) @ interstitial site,body text,,,583.0,1.5,dimensionless
Small - 2025 - Iqbal - Realizing High Wide‐Temperature‐Range Thermoelectric Performance in Ga  I  and S co‐doped AgSbTe2.pdf,10.1002/smll.202506235,AgSbTe2,AgSb0.98Ga0.02Te1.84S0.10I0.06,AgSb0.98Ga0.02Te1.84S0.10I0.06,3,Yes,Ga,0.02,Sb,S (0.10) @ Te; I (0.06) @ Te,Ga (0.02) @ Sb site; S (0.10) @ Te site; I (0.06) @ Te site,body text,,,625.0,2.0,dimensionless
Small - 2025 - Iqbal - Realizing High Wide‐Temperature‐Range Thermoelectric Performance in Ga  I  and S co‐doped AgSbTe2.pdf,10.1002/smll.202506235,AgSbTe2,AgSb0.98Ga0.02Te1.84S0.10I0.06,AgSb0.98Ga0.02Te1.84S0.10I0.06,3,Yes,Ga,0.02,Sb,S (0.10) @ Te; I (0.06) @ Te,Ga (0.02) @ Sb site; S (0.10) @ Te site; I (0.06) @ Te site,body text,,,300.0,0.73,dimensionless
Small - 2025 - Iqbal - Realizing High Wide‐Temperature‐Range Thermoelectric Performance in Ga  I  and S co‐doped AgSbTe2.pdf,10.1002/smll.202506235,AgSbTe2,AgSb0.94Ti0.05Te2,AgSb0.94Ti0.05Te2,1,No,Ti,0.05,Sb,,Ti (0.05) @ Sb site,body text,,,673.0,1.8,dimensionless
Small - 2025 - Iqbal - Realizing High Wide‐Temperature‐Range Thermoelectric Performance in Ga  I  and S co‐doped AgSbTe2.pdf,10.1002/smll.202506235,AgSbTe2,"AgSb1-xGaxTe2-y-3xSyIx (x=0, y=0)",AgSbTe2,0,No,,,,,,figure,Fig. 6C,Visually estimated from Fig. 6C,300.0,0.7,dimensionless
Small - 2025 - Iqbal - Realizing High Wide‐Temperature‐Range Thermoelectric Performance in Ga  I  and S co‐doped AgSbTe2.pdf,10.1002/smll.202506235,AgSbTe2,AgSb0.98Ga0.02Te1.84S0.10I0.06,AgSb0.98Ga0.02Te1.84S0.10I0.06,3,Yes,Ga,0.02,Sb,S (0.10) @ Te; I (0.06) @ Te,Ga (0.02) @ Sb site; S (0.10) @ Te site; I (0.06) @ Te site,text,body text,Explicitly stated in text,625.0,1.46,dimensionless
Small - 2025 - Iqbal - Realizing High Wide‐Temperature‐Range Thermoelectric Performance in Ga  I  and S co‐doped AgSbTe2.pdf,10.1002/smll.202506235,AgSbTe2,AgSb0.98Ga0.02Te1.84I0.06,AgSb0.98Ga0.02Te1.84I0.06,2,Yes,Ga,0.02,Sb,I (0.06) @ Te,Ga (0.02) @ Sb site; I (0.06) @ Te site,body text,,Peak ZT value,625.0,2.0,dimensionless
Small - 2026 - Song - Decoupling Electron‐Phonon Transport in AgSbSe2 via Stepwise Cd‐Sb Substitution and Interstitial Se.pdf,10.1002/smll.202514707,AgSbSe2,AgSb0.96Cd0.04Se2.02,AgSb0.96Cd0.04Se2.02,2,Yes,Cd,0.04,Sb,Se (0.02) @ interstitial,Cd (0.04) @ Sb site; Se (0.02) @ interstitial site,body text,,,673.0,1.23,dimensionless
Small - 2026 - Song - Decoupling Electron‐Phonon Transport in AgSbSe2 via Stepwise Cd‐Sb Substitution and Interstitial Se.pdf,10.1002/smll.202514707,AgSbSe2,AgSb0.96Cd0.04Se2.02,AgSb0.96Cd0.04Se2.02,2,Yes,Cd,0.04,Sb,Se (0.02) @ interstitial,Cd (0.04) @ Sb site; Se (0.02) @ interstitial site,body text,,average zT,,0.73,dimensionless
Small - 2026 - Song - Decoupling Electron‐Phonon Transport in AgSbSe2 via Stepwise Cd‐Sb Substitution and Interstitial Se.pdf,10.1002/smll.202514707,AgSbSe2,AgSbSe2,AgSbSe2,0,No,,,,,,figure,Figure 1c,Visually estimated from Figure 1c,673.0,0.3,dimensionless
Small - 2026 - Song - Decoupling Electron‐Phonon Transport in AgSbSe2 via Stepwise Cd‐Sb Substitution and Interstitial Se.pdf,10.1002/smll.202514707,AgSbSe2,AgSb0.96Cd0.04Se2,AgSb0.96Cd0.04Se2,1,No,Cd,0.04,Sb,,Cd (0.04) @ Sb site,figure,Figure 1c,Visually estimated from Figure 1c,673.0,0.9,dimensionless
"State of the art Ag50-xSbxSe50-yTey alloys Their high zT values, microstructures and related phase equilibria.pdf",10.1016/j.actamat.2015.04.011,AgSbTe2-family,40Te(S),Ag25Sb25Se10Te40,0,No,,,,,,body text,,,680.0,1.4,dimensionless
"State of the art Ag50-xSbxSe50-yTey alloys Their high zT values, microstructures and related phase equilibria.pdf",10.1016/j.actamat.2015.04.011,AgSbTe2-family,45Te(S),Ag25Sb25Se5Te45,0,No,,,,,,body text,,,680.0,1.4,dimensionless
"State of the art Ag50-xSbxSe50-yTey alloys Their high zT values, microstructures and related phase equilibria.pdf",10.1016/j.actamat.2015.04.011,AgSbTe2-family,25Te(S),Ag25Sb25Se25Te25,0,No,,,,,,figure,Fig. 1,Visually estimated from Fig. 1,300.0,0.1,dimensionless
"State of the art Ag50-xSbxSe50-yTey alloys Their high zT values, microstructures and related phase equilibria.pdf",10.1016/j.actamat.2015.04.011,AgSbTe2-family,25Te(S),Ag25Sb25Se25Te25,0,No,,,,,,figure,Fig. 1,Visually estimated from Fig. 1,500.0,0.6,dimensionless
"State of the art Ag50-xSbxSe50-yTey alloys Their high zT values, microstructures and related phase equilibria.pdf",10.1016/j.actamat.2015.04.011,AgSbTe2-family,25Te(S),Ag25Sb25Se25Te25,0,No,,,,,,figure,Fig. 1,Visually estimated from Fig. 1,600.0,0.8,dimensionless
"State of the art Ag50-xSbxSe50-yTey alloys Their high zT values, microstructures and related phase equilibria.pdf",10.1016/j.actamat.2015.04.011,AgSbTe2-family,30Te(S),Ag25Sb25Se20Te30,0,No,,,,,,figure,Fig. 1,Visually estimated from Fig. 1,300.0,0.2,dimensionless
"State of the art Ag50-xSbxSe50-yTey alloys Their high zT values, microstructures and related phase equilibria.pdf",10.1016/j.actamat.2015.04.011,AgSbTe2-family,30Te(S),Ag25Sb25Se20Te30,0,No,,,,,,figure,Fig. 1,Visually estimated from Fig. 1,500.0,0.8,dimensionless
"State of the art Ag50-xSbxSe50-yTey alloys Their high zT values, microstructures and related phase equilibria.pdf",10.1016/j.actamat.2015.04.011,AgSbTe2-family,30Te(S),Ag25Sb25Se20Te30,0,No,,,,,,figure,Fig. 1,Visually estimated from Fig. 1,600.0,1.2,dimensionless
"State of the art Ag50-xSbxSe50-yTey alloys Their high zT values, microstructures and related phase equilibria.pdf",10.1016/j.actamat.2015.04.011,AgSbTe2-family,35Te(S),Ag25Sb25Se15Te35,0,No,,,,,,figure,Fig. 1,Visually estimated from Fig. 1,300.0,0.2,dimensionless
"State of the art Ag50-xSbxSe50-yTey alloys Their high zT values, microstructures and related phase equilibria.pdf",10.1016/j.actamat.2015.04.011,AgSbTe2-family,35Te(S),Ag25Sb25Se15Te35,0,No,,,,,,figure,Fig. 1,Visually estimated from Fig. 1,500.0,0.7,dimensionless
"State of the art Ag50-xSbxSe50-yTey alloys Their high zT values, microstructures and related phase equilibria.pdf",10.1016/j.actamat.2015.04.011,AgSbTe2-family,35Te(S),Ag25Sb25Se15Te35,0,No,,,,,,figure,Fig. 1,Visually estimated from Fig. 1,600.0,0.9,dimensionless
"State of the art Ag50-xSbxSe50-yTey alloys Their high zT values, microstructures and related phase equilibria.pdf",10.1016/j.actamat.2015.04.011,AgSbTe2-family,40Te(S),Ag25Sb25Se10Te40,0,No,,,,,,figure,Fig. 1,Visually estimated from Fig. 1,300.0,0.3,dimensionless
"State of the art Ag50-xSbxSe50-yTey alloys Their high zT values, microstructures and related phase equilibria.pdf",10.1016/j.actamat.2015.04.011,AgSbTe2-family,40Te(S),Ag25Sb25Se10Te40,0,No,,,,,,figure,Fig. 1,Visually estimated from Fig. 1,500.0,0.9,dimensionless
"State of the art Ag50-xSbxSe50-yTey alloys Their high zT values, microstructures and related phase equilibria.pdf",10.1016/j.actamat.2015.04.011,AgSbTe2-family,45Te(S),Ag25Sb25Se5Te45,0,No,,,,,,figure,Fig. 1,Visually estimated from Fig. 1,300.0,0.3,dimensionless
"State of the art Ag50-xSbxSe50-yTey alloys Their high zT values, microstructures and related phase equilibria.pdf",10.1016/j.actamat.2015.04.011,AgSbTe2-family,45Te(S),Ag25Sb25Se5Te45,0,No,,,,,,figure,Fig. 1,Visually estimated from Fig. 1,500.0,0.9,dimensionless
Strong anharmonicity induced low lattice thermal conductivity and high thermoelectric performance in system.pdf,10.1063/5.0095121,(Cu1-yInTe2)0.95(AgSbTe2)0.05,(CuInTe2)0.95(AgSbTe2)0.05,(CuInTe2)0.95(AgSbTe2)0.05,2,Yes,Ag,0.05,multiple sites,Sb (0.05) @ multiple sites,Ag (0.05) @ multiple sites site; Sb (0.05) @ multiple sites site,body text,,,823.0,1.3,dimensionless
Strong anharmonicity induced low lattice thermal conductivity and high thermoelectric performance in system.pdf,10.1063/5.0095121,(Cu1-yInTe2)0.95(AgSbTe2)0.05,(Cu0.95InTe2)0.95(AgSbTe2)0.05,(Cu0.95InTe2)0.95(AgSbTe2)0.05,1,No,Cu vacancy,y=0.05,Ag,,Cu vacancy (y=0.05) @ Ag site,body text,,,823.0,1.3,dimensionless
Strong anharmonicity induced low lattice thermal conductivity and high thermoelectric performance in system.pdf,10.1063/5.0095121,(Cu1-yInTe2)0.95(AgSbTe2)0.05,(CuInTe2)0.99(AgSbTe2)0.01,(CuInTe2)0.99(AgSbTe2)0.01,2,Yes,Ag,0.01,unclear,Sb (0.01) @ unclear,Ag (0.01) @ unclear site; Sb (0.01) @ unclear site,figure,,Visually estimated from Fig. 2(d),300.0,0.1,dimensionless
Strong anharmonicity induced low lattice thermal conductivity and high thermoelectric performance in system.pdf,10.1063/5.0095121,(Cu1-yInTe2)0.95(AgSbTe2)0.05,(CuInTe2)0.97(AgSbTe2)0.03,(CuInTe2)0.97(AgSbTe2)0.03,2,Yes,Ag,0.03,unclear,Sb (0.03) @ unclear,Ag (0.03) @ unclear site; Sb (0.03) @ unclear site,figure,,Visually estimated from Fig. 2(d),300.0,0.1,dimensionless
Strong anharmonicity induced low lattice thermal conductivity and high thermoelectric performance in system.pdf,10.1063/5.0095121,(Cu1-yInTe2)0.95(AgSbTe2)0.05,(CuInTe2)0.95(AgSbTe2)0.05,(CuInTe2)0.95(AgSbTe2)0.05,2,Yes,Ag,0.05,unclear,Sb (0.05) @ unclear,Ag (0.05) @ unclear site; Sb (0.05) @ unclear site,figure,,Visually estimated from Fig. 2(d),300.0,0.1,dimensionless
Strong anharmonicity induced low lattice thermal conductivity and high thermoelectric performance in system.pdf,10.1063/5.0095121,(Cu1-yInTe2)0.95(AgSbTe2)0.05,(CuInTe2)0.93(AgSbTe2)0.07,(CuInTe2)0.93(AgSbTe2)0.07,2,Yes,Ag,0.07,unclear,Sb (0.07) @ unclear,Ag (0.07) @ unclear site; Sb (0.07) @ unclear site,figure,,Visually estimated from Fig. 2(d),300.0,0.1,dimensionless
Structural Characterization and Thermoelectric Properties of Br-Doped AgSnm[Sb0.8Bi0.2]Te2+m Systems.pdf,10.3390/ma16155213,AgSnm[Sb0.8Bi0.2]Te2+m,AgSn4[Sb0.8Bi0.2]Te5.97Br0.03,AgSn4[Sb0.8Bi0.2]Te5.97Br0.03,1,No,Br,0.03,Te,,Br (0.03) @ Te site,body text,,,300.0,0.07,dimensionless
Synergistic Effect of Mg–Se Co-Doping and Post-Annealing on the Thermoelectric Performance of Polycrystalline AgSbTe2.pdf,10.1021/acsaem.6c01258,AgSbTe2,AgSbTe1.85Se0.15,AgSbTe1.85Se0.15,1,No,Se,15 at%,Te,,Se (15 at%) @ Te site,body text,,,507.0,1.66,dimensionless
Synergistic Effect of Mg–Se Co-Doping and Post-Annealing on the Thermoelectric Performance of Polycrystalline AgSbTe2.pdf,10.1021/acsaem.6c01258,AgSbTe2,AgSb0.95Mg0.05Te1.85Se0.15,AgSb0.95Mg0.05Te1.85Se0.15,2,Yes,Mg,5 at%,Sb,Se (15 at%) @ Te,Mg (5 at%) @ Sb site; Se (15 at%) @ Te site,body text,,,560.0,1.82,dimensionless
Synergistic Effect of Mg–Se Co-Doping and Post-Annealing on the Thermoelectric Performance of Polycrystalline AgSbTe2.pdf,10.1021/acsaem.6c01258,AgSbTe2,AgSb0.95Mg0.05Te1.85Se0.15,AgSb0.95Mg0.05Te1.85Se0.15,2,Yes,Mg,5 at%,Sb,Se (15 at%) @ Te,Mg (5 at%) @ Sb site; Se (15 at%) @ Te site,body text,,,560.0,2.15,dimensionless
Synergistic Effect of Mg–Se Co-Doping and Post-Annealing on the Thermoelectric Performance of Polycrystalline AgSbTe2.pdf,10.1021/acsaem.6c01258,AgSbTe2,AgSbTe2,AgSbTe2,0,No,,,,,,figure,Figure 3c,Visually estimated from Figure 3c,300.0,0.2,dimensionless
Synergistic Effect of Mg–Se Co-Doping and Post-Annealing on the Thermoelectric Performance of Polycrystalline AgSbTe2.pdf,10.1021/acsaem.6c01258,AgSbTe2,AgSbTe1.85Se0.15,AgSbTe1.85Se0.15,1,No,Se,0.15,Te,,Se (0.15) @ Te site,figure,Figure 3c,Visually estimated from Figure 3c,300.0,0.4,dimensionless
Synergistic Effect of Mg–Se Co-Doping and Post-Annealing on the Thermoelectric Performance of Polycrystalline AgSbTe2.pdf,10.1021/acsaem.6c01258,AgSbTe2,Ag0.96Mg0.04SbTe1.85Se0.15,Ag0.96Mg0.04SbTe1.85Se0.15,2,Yes,Mg,0.04,Ag,Se (0.15) @ Te,Mg (0.04) @ Ag site; Se (0.15) @ Te site,figure,Figure 3c,Visually estimated from Figure 3c,300.0,0.5,dimensionless
Synergistic Effect of Mg–Se Co-Doping and Post-Annealing on the Thermoelectric Performance of Polycrystalline AgSbTe2.pdf,10.1021/acsaem.6c01258,AgSbTe2,Ag0.95Mg0.05SbTe1.85Se0.15,Ag0.95Mg0.05SbTe1.85Se0.15,2,Yes,Mg,0.05,Ag,Se (0.15) @ Te,Mg (0.05) @ Ag site; Se (0.15) @ Te site,figure,Figure 3c,Visually estimated from Figure 3c,300.0,0.6,dimensionless
Synergistic Effect of Mg–Se Co-Doping and Post-Annealing on the Thermoelectric Performance of Polycrystalline AgSbTe2.pdf,10.1021/acsaem.6c01258,AgSbTe2,Ag0.94Mg0.06SbTe1.85Se0.15,Ag0.94Mg0.06SbTe1.85Se0.15,2,Yes,Mg,0.06,Ag,Se (0.15) @ Te,Mg (0.06) @ Ag site; Se (0.15) @ Te site,figure,Figure 3c,Visually estimated from Figure 3c,300.0,0.5,dimensionless
Synergistic Effect of Mg–Se Co-Doping and Post-Annealing on the Thermoelectric Performance of Polycrystalline AgSbTe2.pdf,10.1021/acsaem.6c01258,AgSbTe2,AgSb0.95Mg0.05Te1.85Se0.15 (without annealing),AgSb0.95Mg0.05Te1.85Se0.15,2,Yes,Mg,0.05,Sb,Se (0.15) @ Te,Mg (0.05) @ Sb site; Se (0.15) @ Te site,figure,,Visually estimated from Fig 7f,300.0,0.7,dimensionless
Synergistic Effect of Mg–Se Co-Doping and Post-Annealing on the Thermoelectric Performance of Polycrystalline AgSbTe2.pdf,10.1021/acsaem.6c01258,AgSbTe2,AgSb0.95Mg0.05Te1.85Se0.15 (without annealing),AgSb0.95Mg0.05Te1.85Se0.15,2,Yes,Mg,0.05,Sb,Se (0.15) @ Te,Mg (0.05) @ Sb site; Se (0.15) @ Te site,figure,,Visually estimated from Fig 7f,550.0,1.5,dimensionless
Synergistic Effect of Mg–Se Co-Doping and Post-Annealing on the Thermoelectric Performance of Polycrystalline AgSbTe2.pdf,10.1021/acsaem.6c01258,AgSbTe2,AgSb0.95Mg0.05Te1.85Se0.15 (annealed),AgSb0.95Mg0.05Te1.85Se0.15,2,Yes,Mg,0.05,Sb,Se (0.15) @ Te,Mg (0.05) @ Sb site; Se (0.15) @ Te site,figure,,Visually estimated from Fig 7f,300.0,0.8,dimensionless
Synergistic Effect of Mg–Se Co-Doping and Post-Annealing on the Thermoelectric Performance of Polycrystalline AgSbTe2.pdf,10.1021/acsaem.6c01258,AgSbTe2,AgSb0.95Mg0.05Te1.85Se0.15 (annealed),AgSb0.95Mg0.05Te1.85Se0.15,2,Yes,Mg,0.05,Sb,Se (0.15) @ Te,Mg (0.05) @ Sb site; Se (0.15) @ Te site,figure,,Visually estimated from Fig 7f,550.0,2.15,dimensionless
Synergistic Optimization of Thermoelectric Performance in AgSbTe2 via Ag Vacancy and In Doping.pdf,10.1021/acsaem.6c00054,AgSbTe2,Ag0.97SbTe2,Ag0.97SbTe2,1,No,Ag vacancy,x = 0.03,Ag,,Ag vacancy (x = 0.03) @ Ag site,text,Section 3.2,,573.0,0.81,dimensionless
Synergistic Optimization of Thermoelectric Performance in AgSbTe2 via Ag Vacancy and In Doping.pdf,10.1021/acsaem.6c00054,AgSbTe2,Ag0.97Sb0.96In0.04Te2,Ag0.97Sb0.96In0.04Te2,2,Yes,Ag vacancy,x = 0.03,Ag,In (y = 0.04) @ Sb,Ag vacancy (x = 0.03) @ Ag site; In (y = 0.04) @ Sb site,text,Abstract,,573.0,1.12,dimensionless
Synergistic Optimization of Thermoelectric Performance in AgSbTe2 via Ag Vacancy and In Doping.pdf,10.1021/acsaem.6c00054,AgSbTe2,Ag1-xSbTe2 (x=0.00),AgSbTe2,1,No,Ag vacancy,x=0.00,Ag,,Ag vacancy (x=0.00) @ Ag site,figure,Figure on page 1,Visually estimated from Figure on page 1,300.0,0.35,dimensionless
Synergistic Optimization of Thermoelectric Performance in AgSbTe2 via Ag Vacancy and In Doping.pdf,10.1021/acsaem.6c00054,AgSbTe2,Ag1-xSbTe2 (x=0.00),AgSbTe2,1,No,Ag vacancy,x=0.00,Ag,,Ag vacancy (x=0.00) @ Ag site,figure,Figure on page 1,Visually estimated from Figure on page 1,573.0,0.75,dimensionless
Synergistic Optimization of Thermoelectric Performance in AgSbTe2 via Ag Vacancy and In Doping.pdf,10.1021/acsaem.6c00054,AgSbTe2,Ag0.97SbTe2,Ag0.97SbTe2,1,No,Ag vacancy,x=0.03,Ag,,Ag vacancy (x=0.03) @ Ag site,figure,Figure on page 1,Visually estimated from Figure on page 1,300.0,0.45,dimensionless
Synergistic Optimization of Thermoelectric Performance in AgSbTe2 via Ag Vacancy and In Doping.pdf,10.1021/acsaem.6c00054,AgSbTe2,Ag0.97Sb0.96In0.04Te2,Ag0.97Sb0.96In0.04Te2,2,Yes,Ag vacancy,x=0.03,Ag,In (y=0.04) @ Sb,Ag vacancy (x=0.03) @ Ag site; In (y=0.04) @ Sb site,figure,Figure on page 1,Visually estimated from Figure on page 1,300.0,0.52,dimensionless
Synergistic Optimization of Thermoelectric Performance in AgSbTe2 via Ag Vacancy and In Doping.pdf,10.1021/acsaem.6c00054,AgSbTe2,Ag0.97Sb1-yInyTe2 (y=0.00),Ag0.97SbTe2,1,No,Ag,0.03 deficiency,Ag,,Ag (0.03 deficiency) @ Ag site,figure,Fig. 11b,Visually estimated from Fig. 11b,573.0,0.81,dimensionless
Synergistic Optimization of Thermoelectric Performance in AgSbTe2 via Ag Vacancy and In Doping.pdf,10.1021/acsaem.6c00054,AgSbTe2,Ag0.97Sb1-yInyTe2 (y=0.01),Ag0.97Sb0.99In0.01Te2,2,Yes,Ag,0.03 deficiency,Ag,In (0.01) @ Sb,Ag (0.03 deficiency) @ Ag site; In (0.01) @ Sb site,figure,Fig. 11a,Visually estimated from Fig. 11a,573.0,0.95,dimensionless
Synergistic Optimization of Thermoelectric Performance in AgSbTe2 via Ag Vacancy and In Doping.pdf,10.1021/acsaem.6c00054,AgSbTe2,Ag0.97Sb1-yInyTe2 (y=0.02),Ag0.97Sb0.98In0.02Te2,2,Yes,Ag,0.03 deficiency,Ag,In (0.02) @ Sb,Ag (0.03 deficiency) @ Ag site; In (0.02) @ Sb site,figure,Fig. 11a,Visually estimated from Fig. 11a,573.0,1.02,dimensionless
Synergistic Optimization of Thermoelectric Performance in AgSbTe2 via Ag Vacancy and In Doping.pdf,10.1021/acsaem.6c00054,AgSbTe2,Ag0.97Sb1-yInyTe2 (y=0.03),Ag0.97Sb0.97In0.03Te2,2,Yes,Ag,0.03 deficiency,Ag,In (0.03) @ Sb,Ag (0.03 deficiency) @ Ag site; In (0.03) @ Sb site,figure,Fig. 11a,Visually estimated from Fig. 11a,573.0,1.08,dimensionless
Synergistic Optimization of Thermoelectric Performance in AgSbTe2 via Ag Vacancy and In Doping.pdf,10.1021/acsaem.6c00054,AgSbTe2,Ag0.97Sb1-yInyTe2 (y=0.04),Ag0.97Sb0.96In0.04Te2,2,Yes,Ag,0.03 deficiency,Ag,In (0.04) @ Sb,Ag (0.03 deficiency) @ Ag site; In (0.04) @ Sb site,figure,Fig. 11a,Visually estimated from Fig. 11a,573.0,1.12,dimensionless
Synergistic Optimization of Thermoelectric Performance in AgSbTe2 via Ag Vacancy and In Doping.pdf,10.1021/acsaem.6c00054,AgSbTe2,Ag0.97Sb1-yInyTe2 (y=0.05),Ag0.97Sb0.95In0.05Te2,2,Yes,Ag,0.03 deficiency,Ag,In (0.05) @ Sb,Ag (0.03 deficiency) @ Ag site; In (0.05) @ Sb site,figure,Fig. 11a,Visually estimated from Fig. 11a,573.0,1.05,dimensionless
Synergistic Suppression of Bipolar Effect and Lattice Thermal Conductivity Leading to High Average Figure of Merit in Bi0.4Sb1.6Te3 Materials through Alloying with AgSbTe2.pdf,10.1021/acsami.4c12307,Bi0.4Sb1.6Te3 alloyed with AgSbTe2,Bi0.4Sb1.6Te3 - 0.15 wt % AgSbTe2,Bi0.4Sb1.6Te3 - 0.15 wt % AgSbTe2,1,No,Ag,0.15 wt %,multiple sites,,Ag (0.15 wt %) @ multiple sites site,body text,"page 1, abstract",,393.0,1.35,dimensionless
Synergistic Suppression of Bipolar Effect and Lattice Thermal Conductivity Leading to High Average Figure of Merit in Bi0.4Sb1.6Te3 Materials through Alloying with AgSbTe2.pdf,10.1021/acsami.4c12307,Bi0.4Sb1.6Te3 alloyed with AgSbTe2,Bi0.4Sb1.6Te3 - 0.15 wt % AgSbTe2,Bi0.4Sb1.6Te3 - 0.15 wt % AgSbTe2,1,No,Ag,0.15 wt %,multiple sites,,Ag (0.15 wt %) @ multiple sites site,body text,"page 1, abstract (average zT)",average zT,,1.25,dimensionless
Synergistic Suppression of Bipolar Effect and Lattice Thermal Conductivity Leading to High Average Figure of Merit in Bi0.4Sb1.6Te3 Materials through Alloying with AgSbTe2.pdf,10.1021/acsami.4c12307,Bi0.4Sb1.6Te3 alloyed with AgSbTe2,commercial,Bi0.4Sb1.6Te3,0,No,,,,,,figure,Fig. 1 (left),Visually estimated from Fig. 1 (left),393.0,1.0,dimensionless
Synergistic Suppression of Bipolar Effect and Lattice Thermal Conductivity Leading to High Average Figure of Merit in Bi0.4Sb1.6Te3 Materials through Alloying with AgSbTe2.pdf,10.1021/acsami.4c12307,Bi0.4Sb1.6Te3 alloyed with AgSbTe2,x=0,Bi0.4Sb1.6Te3,0,No,,,,,,figure,Fig. 1 (left),Visually estimated from Fig. 1 (left),393.0,1.2,dimensionless
Synergistic Suppression of Bipolar Effect and Lattice Thermal Conductivity Leading to High Average Figure of Merit in Bi0.4Sb1.6Te3 Materials through Alloying with AgSbTe2.pdf,10.1021/acsami.4c12307,Bi0.4Sb1.6Te3 alloyed with AgSbTe2,x=0.15,Bi0.4Sb1.6Te3 + 0.15 wt % AgSbTe2,1,No,AgSbTe2,0.15 wt %,unclear,,AgSbTe2 (0.15 wt %) @ unclear site,body text,page 62347,,393.0,1.35,dimensionless
Synergistic Suppression of Bipolar Effect and Lattice Thermal Conductivity Leading to High Average Figure of Merit in Bi0.4Sb1.6Te3 Materials through Alloying with AgSbTe2.pdf,10.1021/acsami.4c12307,Bi0.4Sb1.6Te3 alloyed with AgSbTe2,x = 0,Bi0.4Sb1.6Te3,1,No,AgSbTe2,0 wt %,unclear,,AgSbTe2 (0 wt %) @ unclear site,figure,Fig. 10a,Visually estimated from Fig. 10a,363.0,1.12,dimensionless
Synergistic Suppression of Bipolar Effect and Lattice Thermal Conductivity Leading to High Average Figure of Merit in Bi0.4Sb1.6Te3 Materials through Alloying with AgSbTe2.pdf,10.1021/acsami.4c12307,Bi0.4Sb1.6Te3 alloyed with AgSbTe2,x = 0.10,Bi0.4Sb1.6Te3 - 0.10 wt % AgSbTe2,1,No,AgSbTe2,0.10 wt %,unclear,,AgSbTe2 (0.10 wt %) @ unclear site,figure,Fig. 10a,Visually estimated from Fig. 10a,363.0,1.22,dimensionless
Synergistic Suppression of Bipolar Effect and Lattice Thermal Conductivity Leading to High Average Figure of Merit in Bi0.4Sb1.6Te3 Materials through Alloying with AgSbTe2.pdf,10.1021/acsami.4c12307,Bi0.4Sb1.6Te3 alloyed with AgSbTe2,x = 0.15,Bi0.4Sb1.6Te3 - 0.15 wt % AgSbTe2,1,No,AgSbTe2,0.15 wt %,unclear,,AgSbTe2 (0.15 wt %) @ unclear site,figure,Fig. 10a,Visually estimated from Fig. 10a,393.0,1.35,dimensionless
Synergistic Suppression of Bipolar Effect and Lattice Thermal Conductivity Leading to High Average Figure of Merit in Bi0.4Sb1.6Te3 Materials through Alloying with AgSbTe2.pdf,10.1021/acsami.4c12307,Bi0.4Sb1.6Te3 alloyed with AgSbTe2,x = 0.20,Bi0.4Sb1.6Te3 - 0.20 wt % AgSbTe2,1,No,AgSbTe2,0.20 wt %,unclear,,AgSbTe2 (0.20 wt %) @ unclear site,figure,Fig. 10a,Visually estimated from Fig. 10a,393.0,1.2,dimensionless
Synergistic Suppression of Bipolar Effect and Lattice Thermal Conductivity Leading to High Average Figure of Merit in Bi0.4Sb1.6Te3 Materials through Alloying with AgSbTe2.pdf,10.1021/acsami.4c12307,Bi0.4Sb1.6Te3 alloyed with AgSbTe2,x = 0.25,Bi0.4Sb1.6Te3 - 0.25 wt % AgSbTe2,1,No,AgSbTe2,0.25 wt %,unclear,,AgSbTe2 (0.25 wt %) @ unclear site,figure,Fig. 10a,Visually estimated from Fig. 10a,393.0,1.25,dimensionless
"Synergistically optimizing charge and phonon transport properties in n-type PbTe via introducing ternary compound AgSb(Se, Te)2.pdf",10.1016/j.jallcom.2019.152463,PbTe,PbTe + 2% AgSbTe2,PbTe + 2% AgSbTe2,3,Yes,Ag,2%,unclear,Sb (2%) @ unclear; Te (2%) @ unclear,Ag (2%) @ unclear site; Sb (2%) @ unclear site; Te (2%) @ unclear site,body text,,Maximum ZT value,,1.2,dimensionless
"Synergistically optimizing charge and phonon transport properties in n-type PbTe via introducing ternary compound AgSb(Se, Te)2.pdf",10.1016/j.jallcom.2019.152463,PbTe,PbTe + 2% AgSbSe2,PbTe + 2% AgSbSe2,3,Yes,Ag,2%,unclear,Sb (2%) @ unclear; Se (2%) @ unclear,Ag (2%) @ unclear site; Sb (2%) @ unclear site; Se (2%) @ unclear site,body text,,Maximum ZT value,,1.3,dimensionless
"Synergistically optimizing charge and phonon transport properties in n-type PbTe via introducing ternary compound AgSb(Se, Te)2.pdf",10.1016/j.jallcom.2019.152463,PbTe,PbTe + 1% AgSbTe2,PbTe + 1% AgSbTe2,1,No,AgSbTe2,1%,unclear,,AgSbTe2 (1%) @ unclear site,figure,,Visually estimated from Fig. 8f,700.0,1.0,dimensionless
"Synergistically optimizing charge and phonon transport properties in n-type PbTe via introducing ternary compound AgSb(Se, Te)2.pdf",10.1016/j.jallcom.2019.152463,PbTe,PbTe + 2% AgSbTe2,PbTe + 2% AgSbTe2,1,No,AgSbTe2,2%,unclear,,AgSbTe2 (2%) @ unclear site,figure,,Visually estimated from Fig. 8f,750.0,1.3,dimensionless
"Synergistically optimizing charge and phonon transport properties in n-type PbTe via introducing ternary compound AgSb(Se, Te)2.pdf",10.1016/j.jallcom.2019.152463,PbTe,PbTe + 3% AgSbTe2,PbTe + 3% AgSbTe2,1,No,AgSbTe2,3%,unclear,,AgSbTe2 (3%) @ unclear site,figure,,Visually estimated from Fig. 8f,750.0,1.1,dimensionless
Synthesis and thermoelectric properties of Mn-doped AgSbTe2 compounds.pdf,10.1088/1674-1056/21/10/106101,Ag0.9Sb1-xMnxTe2.05,x=0.10,Ag0.9Sb1.0Mn0.10Te2.05,1,No,Mn,x=0.10,Sb,,Mn (x=0.10) @ Sb site,body text,"page 2, section 3.1",,573.0,1.2,dimensionless
Synthesis and thermoelectric properties of Mn-doped AgSbTe2 compounds.pdf,10.1088/1674-1056/21/10/106101,Ag0.9Sb1-xMnxTe2.05,x=0.05,Ag0.9Sb0.95Mn0.05Te2.05,1,No,Mn,x=0.05,Sb,,Mn (x=0.05) @ Sb site,figure,Fig. 5d,Visually estimated from Fig. 5d,300.0,0.25,dimensionless
Synthesis and thermoelectric properties of Mn-doped AgSbTe2 compounds.pdf,10.1088/1674-1056/21/10/106101,Ag0.9Sb1-xMnxTe2.05,x=0.05,Ag0.9Sb0.95Mn0.05Te2.05,1,No,Mn,x=0.05,Sb,,Mn (x=0.05) @ Sb site,figure,Fig. 5d,Visually estimated from Fig. 5d,400.0,0.45,dimensionless
Synthesis and thermoelectric properties of Mn-doped AgSbTe2 compounds.pdf,10.1088/1674-1056/21/10/106101,Ag0.9Sb1-xMnxTe2.05,x=0.05,Ag0.9Sb0.95Mn0.05Te2.05,1,No,Mn,x=0.05,Sb,,Mn (x=0.05) @ Sb site,figure,Fig. 5d,Visually estimated from Fig. 5d,575.0,0.75,dimensionless
Synthesis and thermoelectric properties of Mn-doped AgSbTe2 compounds.pdf,10.1088/1674-1056/21/10/106101,Ag0.9Sb1-xMnxTe2.05,x=0.10,Ag0.9Sb0.90Mn0.10Te2.05,1,No,Mn,x=0.10,Sb,,Mn (x=0.10) @ Sb site,figure,Fig. 5d,Visually estimated from Fig. 5d,300.0,0.28,dimensionless
Synthesis and thermoelectric properties of Mn-doped AgSbTe2 compounds.pdf,10.1088/1674-1056/21/10/106101,Ag0.9Sb1-xMnxTe2.05,x=0.10,Ag0.9Sb0.90Mn0.10Te2.05,1,No,Mn,x=0.10,Sb,,Mn (x=0.10) @ Sb site,figure,Fig. 5d,Visually estimated from Fig. 5d,400.0,0.65,dimensionless
Synthesis and thermoelectric properties of Mn-doped AgSbTe2 compounds.pdf,10.1088/1674-1056/21/10/106101,Ag0.9Sb1-xMnxTe2.05,x=0.10,Ag0.9Sb0.90Mn0.10Te2.05,1,No,Mn,x=0.10,Sb,,Mn (x=0.10) @ Sb site,text,body text,Explicitly stated in text,573.0,1.2,dimensionless
Synthesis and thermoelectric properties of Mn-doped AgSbTe2 compounds.pdf,10.1088/1674-1056/21/10/106101,Ag0.9Sb1-xMnxTe2.05,x=0.20,Ag0.9Sb0.80Mn0.20Te2.05,1,No,Mn,x=0.20,Sb,,Mn (x=0.20) @ Sb site,figure,Fig. 5d,Visually estimated from Fig. 5d,300.0,0.22,dimensionless
Synthesis and thermoelectric properties of Mn-doped AgSbTe2 compounds.pdf,10.1088/1674-1056/21/10/106101,Ag0.9Sb1-xMnxTe2.05,x=0.20,Ag0.9Sb0.80Mn0.20Te2.05,1,No,Mn,x=0.20,Sb,,Mn (x=0.20) @ Sb site,figure,Fig. 5d,Visually estimated from Fig. 5d,400.0,0.35,dimensionless
Synthesis and thermoelectric properties of Mn-doped AgSbTe2 compounds.pdf,10.1088/1674-1056/21/10/106101,Ag0.9Sb1-xMnxTe2.05,x=0.20,Ag0.9Sb0.80Mn0.20Te2.05,1,No,Mn,x=0.20,Sb,,Mn (x=0.20) @ Sb site,figure,Fig. 5d,Visually estimated from Fig. 5d,575.0,0.58,dimensionless
"Thermodynamic, Structural and Thermoelectric Properties of AgSbTe2 Thick Films Developed by Melt Spinning.pdf",10.3390/nano8070474,AgSbTe2,SAT-5,AgSbTe2,0,No,,,,,,text,Section 3.2,,500.0,1.4,dimensionless
"Thermodynamic, Structural and Thermoelectric Properties of AgSbTe2 Thick Films Developed by Melt Spinning.pdf",10.3390/nano8070474,AgSbTe2,SAT-10,AgSbTe2,0,No,,,,,,text,Section 3.2,,500.0,1.4,dimensionless
"Thermodynamic, Structural and Thermoelectric Properties of AgSbTe2 Thick Films Developed by Melt Spinning.pdf",10.3390/nano8070474,AgSbTe2,SATS-10,AgSbTe1.98Se0.02,1,No,Se,1%,Te,,Se (1%) @ Te site,text,Section 3.2,,500.0,1.35,dimensionless
Thermoelectric Properties of the Pseudobinary Alloy (Ag0.365Sb0.558Te)0.975(GeTe)0.025 Prepared by Spark Plasma Sintering.pdf,10.1007/s11664-010-1278-1,AgSbTe2,(Ag0.365Sb0.558Te)0.975(GeTe)0.025,(Ag0.365Sb0.558Te)0.975(GeTe)0.025,2,Yes,Ge,1.3 at.%,Sb,Ge (remaining Ge atoms) @ interstitial,Ge (1.3 at.%) @ Sb site; Ge (remaining Ge atoms) @ interstitial site,text,body text,,551.0,0.69,dimensionless
Thermoelectric Properties of the Pseudobinary Alloy (Ag0.365Sb0.558Te)0.975(GeTe)0.025 Prepared by Spark Plasma Sintering.pdf,10.1007/s11664-010-1278-1,AgSbTe2,(Ag0.365Sb0.558Te)0.975(GeTe)0.025,(Ag0.365Sb0.558Te)0.975(GeTe)0.025,2,Yes,Ge,0.025,Sb,Ge (0.025) @ interstitial,Ge (0.025) @ Sb site; Ge (0.025) @ interstitial site,figure,,Visually estimated from Fig. 6,318.0,0.15,dimensionless
Thermoelectric Properties of the Pseudobinary Alloy (Ag0.365Sb0.558Te)0.975(GeTe)0.025 Prepared by Spark Plasma Sintering.pdf,10.1007/s11664-010-1278-1,AgSbTe2,GeTe-added (Ag0.365Sb0.558Te)0.975(GeTe)0.025,(Ag0.365Sb0.558Te)0.975(GeTe)0.025,1,No,GeTe,0.025,unclear,,GeTe (0.025) @ unclear site,body text,,,551.0,0.69,dimensionless
Thermoelectric properties of (GeTe)1-x[(Ag2Te)0.4(Sb2Te3)0.6]x alloys.pdf,10.1007/s12598-,AgSbTe2-family (GeTe-Ag2Te-Sb2Te3 alloys),x = 0.10,(GeTe)0.9[(Ag2Te)0.4(Sb2Te3)0.6]0.1,0,No,,,,,,text,body text,Peak zT,,1.8,dimensionless
Thermoelectric properties of (GeTe)1-x[(Ag2Te)0.4(Sb2Te3)0.6]x alloys.pdf,10.1007/s12598-,AgSbTe2-family (GeTe-Ag2Te-Sb2Te3 alloys),x = 0.20,(GeTe)0.8[(Ag2Te)0.4(Sb2Te3)0.6]0.2,0,No,,,,,,text,body text,Peak zT,,1.8,dimensionless
Thermoelectric properties of (GeTe)1-x[(Ag2Te)0.4(Sb2Te3)0.6]x alloys.pdf,10.1007/s12598-,AgSbTe2-family (GeTe-Ag2Te-Sb2Te3 alloys),"(GeTe)1-x[(Ag2Te)0.4(Sb2Te3)0.6]x, x=0.03",(GeTe)0.97(Ag0.8Sb1.2Te3)0.03,2,Yes,Ag,x=0.03,unclear,Sb (x=0.03) @ unclear,Ag (x=0.03) @ unclear site; Sb (x=0.03) @ unclear site,figure,Fig. 6a,Visually estimated from Fig. 6a,300.0,0.4,dimensionless
Thermoelectric properties of (GeTe)1-x[(Ag2Te)0.4(Sb2Te3)0.6]x alloys.pdf,10.1007/s12598-,AgSbTe2-family (GeTe-Ag2Te-Sb2Te3 alloys),"(GeTe)1-x[(Ag2Te)0.4(Sb2Te3)0.6]x, x=0.03",(GeTe)0.97(Ag0.8Sb1.2Te3)0.03,2,Yes,Ag,x=0.03,unclear,Sb (x=0.03) @ unclear,Ag (x=0.03) @ unclear site; Sb (x=0.03) @ unclear site,figure,Fig. 6a,Visually estimated from Fig. 6a,750.0,1.2,dimensionless
Thermoelectric properties of (GeTe)1-x[(Ag2Te)0.4(Sb2Te3)0.6]x alloys.pdf,10.1007/s12598-,AgSbTe2-family (GeTe-Ag2Te-Sb2Te3 alloys),"(GeTe)1-x[(Ag2Te)0.4(Sb2Te3)0.6]x, x=0.10",(GeTe)0.9(Ag0.8Sb1.2Te3)0.1,2,Yes,Ag,x=0.10,unclear,Sb (x=0.10) @ unclear,Ag (x=0.10) @ unclear site; Sb (x=0.10) @ unclear site,figure,Fig. 6a,Visually estimated from Fig. 6a,300.0,0.6,dimensionless
Thermoelectric properties of (GeTe)1-x[(Ag2Te)0.4(Sb2Te3)0.6]x alloys.pdf,10.1007/s12598-,AgSbTe2-family (GeTe-Ag2Te-Sb2Te3 alloys),"(GeTe)1-x[(Ag2Te)0.4(Sb2Te3)0.6]x, x=0.10",(GeTe)0.9(Ag0.8Sb1.2Te3)0.1,2,Yes,Ag,x=0.10,unclear,Sb (x=0.10) @ unclear,Ag (x=0.10) @ unclear site; Sb (x=0.10) @ unclear site,figure,Fig. 6a,Visually estimated from Fig. 6a,750.0,1.6,dimensionless
Thermoelectric properties of (GeTe)1-x[(Ag2Te)0.4(Sb2Te3)0.6]x alloys.pdf,10.1007/s12598-,AgSbTe2-family (GeTe-Ag2Te-Sb2Te3 alloys),"(GeTe)1-x[(Ag2Te)0.4(Sb2Te3)0.6]x, x=0.20",(GeTe)0.8(Ag0.8Sb1.2Te3)0.2,2,Yes,Ag,x=0.20,unclear,Sb (x=0.20) @ unclear,Ag (x=0.20) @ unclear site; Sb (x=0.20) @ unclear site,figure,Fig. 6a,Visually estimated from Fig. 6a,300.0,0.8,dimensionless
Thermoelectric properties of (GeTe)1-x[(Ag2Te)0.4(Sb2Te3)0.6]x alloys.pdf,10.1007/s12598-,AgSbTe2-family (GeTe-Ag2Te-Sb2Te3 alloys),"(GeTe)1-x[(Ag2Te)0.4(Sb2Te3)0.6]x, x=0.20",(GeTe)0.8(Ag0.8Sb1.2Te3)0.2,2,Yes,Ag,x=0.20,unclear,Sb (x=0.20) @ unclear,Ag (x=0.20) @ unclear site; Sb (x=0.20) @ unclear site,figure,Fig. 6a,Visually estimated from Fig. 6a,750.0,1.8,dimensionless
"Thermoelectric properties of p-type (AgSbTe2)x(Pb0.5Sn0.5Te)1 − x (x = 0.05, 0.09, 0.2).pdf",10.1016/j.jallcom.2005.08.033,AgSbTe2-PbTe-SnTe,x=0.05,(AgSbTe2)0.05(Pb0.5Sn0.5Te)0.95,1,No,Sn,0.5 in Pb0.5Sn0.5Te,multiple sites,,Sn (0.5 in Pb0.5Sn0.5Te) @ multiple sites site,text,Section 4 Summary,,700.0,1.0,dimensionless
"Thermoelectric properties of p-type (AgSbTe2)x(Pb0.5Sn0.5Te)1 − x (x = 0.05, 0.09, 0.2).pdf",10.1016/j.jallcom.2005.08.033,AgSbTe2-PbTe-SnTe,x=0.09,(AgSbTe2)0.09(Pb0.5Sn0.5Te)0.91,1,No,Sn,0.5 in Pb0.5Sn0.5Te,multiple sites,,Sn (0.5 in Pb0.5Sn0.5Te) @ multiple sites site,text,Section 4 Summary,,700.0,1.0,dimensionless
"Thermoelectric properties of p-type (AgSbTe2)x(Pb0.5Sn0.5Te)1 − x (x = 0.05, 0.09, 0.2).pdf",10.1016/j.jallcom.2005.08.033,AgSbTe2-PbTe-SnTe,x=0.2,(AgSbTe2)0.2(Pb0.5Sn0.5Te)0.8,1,No,Sn,0.5 in Pb0.5Sn0.5Te,multiple sites,,Sn (0.5 in Pb0.5Sn0.5Te) @ multiple sites site,text,Section 4 Summary,,700.0,1.0,dimensionless
"Thermoelectric properties of p-type (AgSbTe2)x(Pb0.5Sn0.5Te)1 − x (x = 0.05, 0.09, 0.2).pdf",10.1016/j.jallcom.2005.08.033,AgSbTe2-PbTe-SnTe,x=0.05,(AgSbTe2)0.05(Pb0.5Sn0.5Te)0.95,2,Yes,Pb,0.95 * 0.5,unclear,Sn (0.95 * 0.5) @ unclear,Pb (0.95 * 0.5) @ unclear site; Sn (0.95 * 0.5) @ unclear site,figure,,Visually estimated from Fig 6,300.0,0.1,dimensionless
"Thermoelectric properties of p-type (AgSbTe2)x(Pb0.5Sn0.5Te)1 − x (x = 0.05, 0.09, 0.2).pdf",10.1016/j.jallcom.2005.08.033,AgSbTe2-PbTe-SnTe,x=0.09,(AgSbTe2)0.09(Pb0.5Sn0.5Te)0.91,2,Yes,Pb,0.91 * 0.5,unclear,Sn (0.91 * 0.5) @ unclear,Pb (0.91 * 0.5) @ unclear site; Sn (0.91 * 0.5) @ unclear site,figure,,Visually estimated from Fig 6,300.0,0.2,dimensionless
"Thermoelectric properties of p-type (AgSbTe2)x(Pb0.5Sn0.5Te)1 − x (x = 0.05, 0.09, 0.2).pdf",10.1016/j.jallcom.2005.08.033,AgSbTe2-PbTe-SnTe,x=0.2,(AgSbTe2)0.2(Pb0.5Sn0.5Te)0.8,2,Yes,Pb,0.8 * 0.5,unclear,Sn (0.8 * 0.5) @ unclear,Pb (0.8 * 0.5) @ unclear site; Sn (0.8 * 0.5) @ unclear site,figure,,Visually estimated from Fig 6,300.0,0.3,dimensionless
Thin-film metallic glass an effective diffusion barrier for Se-doped AgSbTe2 thermoelectric modules.pdf,10.1038/srep45177,AgSbTe2,Ag25Sb25Se5Te45,Ag25Sb25Se5Te45,1,No,Se,5 at.%,unclear,,Se (5 at.%) @ unclear site,body text,"Page 2, Results and Discussion section",,673.0,1.4,dimensionless
"Transport and mechanical property evaluation of (AgSbTe)1 x(GeTe)x (x ¼ 0.80, 0.82, 0.85, 0.87, 0.90).pdf",10.1016/j.jssc.2009.05.024,AgSbTe2-GeTe,(AgSbTe2)0.20(GeTe)0.80,(Ag0.80SbTe1.90)0.20(GeTe)0.80,0,No,,,,,,body text,,,750.0,1.0,dimensionless
"Transport and mechanical property evaluation of (AgSbTe)1 x(GeTe)x (x ¼ 0.80, 0.82, 0.85, 0.87, 0.90).pdf",10.1016/j.jssc.2009.05.024,AgSbTe2-GeTe,(AgSbTe2)0.17(GeTe)0.83,(Ag0.84Sb0.99Te2.01)0.17(GeTe)0.83,0,No,,,,,,body text,,,750.0,0.8,dimensionless
"Transport and mechanical property evaluation of (AgSbTe)1 x(GeTe)x (x ¼ 0.80, 0.82, 0.85, 0.87, 0.90).pdf",10.1016/j.jssc.2009.05.024,AgSbTe2-GeTe,(AgSbTe2)0.15(GeTe)0.85,(Ag0.85Sb1.01Te1.95)0.15(GeTe)0.85,0,No,,,,,,body text,,,700.0,1.36,dimensionless
"Transport and mechanical property evaluation of (AgSbTe)1 x(GeTe)x (x ¼ 0.80, 0.82, 0.85, 0.87, 0.90).pdf",10.1016/j.jssc.2009.05.024,AgSbTe2-GeTe,(AgSbTe2)0.13(GeTe)0.87,(Ag0.75SbTe2.20)0.13(GeTe)0.88,0,No,,,,,,body text,,,750.0,0.8,dimensionless
"Transport and mechanical property evaluation of (AgSbTe)1 x(GeTe)x (x ¼ 0.80, 0.82, 0.85, 0.87, 0.90).pdf",10.1016/j.jssc.2009.05.024,AgSbTe2-GeTe,(AgSbTe2)0.10(GeTe)0.90,(AgSb1.04Te2.32)0.10(GeTe)0.90,0,No,,,,,,body text,,,750.0,0.8,dimensionless
"Transport and mechanical property evaluation of (AgSbTe)1 x(GeTe)x (x ¼ 0.80, 0.82, 0.85, 0.87, 0.90).pdf",10.1016/j.jssc.2009.05.024,AgSbTe2-GeTe,TAGS-80,(AgSbTe2)0.20(GeTe)0.80,1,No,Ge,0.80,multiple sites,,Ge (0.80) @ multiple sites site,body text,,,700.0,1.36,dimensionless
"Transport and mechanical property evaluation of (AgSbTe)1 x(GeTe)x (x ¼ 0.80, 0.82, 0.85, 0.87, 0.90).pdf",10.1016/j.jssc.2009.05.024,AgSbTe2-GeTe,TAGS-82,(AgSbTe2)0.17(GeTe)0.83,1,No,Ge,0.83,multiple sites,,Ge (0.83) @ multiple sites site,body text,,,750.0,0.8,dimensionless
"Transport and mechanical property evaluation of (AgSbTe)1 x(GeTe)x (x ¼ 0.80, 0.82, 0.85, 0.87, 0.90).pdf",10.1016/j.jssc.2009.05.024,AgSbTe2-GeTe,TAGS-85,(AgSbTe2)0.15(GeTe)0.85,1,No,Ge,0.85,multiple sites,,Ge (0.85) @ multiple sites site,body text,,,700.0,1.36,dimensionless
"Transport and mechanical property evaluation of (AgSbTe)1 x(GeTe)x (x ¼ 0.80, 0.82, 0.85, 0.87, 0.90).pdf",10.1016/j.jssc.2009.05.024,AgSbTe2-GeTe,TAGS-87,(AgSbTe2)0.13(GeTe)0.87,1,No,Ge,0.87,multiple sites,,Ge (0.87) @ multiple sites site,body text,,,750.0,0.8,dimensionless
"Transport and mechanical property evaluation of (AgSbTe)1 x(GeTe)x (x ¼ 0.80, 0.82, 0.85, 0.87, 0.90).pdf",10.1016/j.jssc.2009.05.024,AgSbTe2-GeTe,TAGS-90,(AgSbTe2)0.10(GeTe)0.90,1,No,Ge,0.90,multiple sites,,Ge (0.90) @ multiple sites site,body text,,,750.0,0.8,dimensionless
Ultralow lattice thermal conductivity and enhanced thermoelectric performance enabled by CuInSe2 alloying in AgSbTe2.pdf,10.1016/j.jallcom.2026.188903,(AgSbTe2)1-x(CuInSe2)x,x = 0.03,Ag0.97Sb0.97Te1.94Cu0.03In0.03Se0.06,3,Yes,Cu,0.03,Ag,In (0.03) @ Sb; Se (0.06) @ Te,Cu (0.03) @ Ag site; In (0.03) @ Sb site; Se (0.06) @ Te site,body text,,,623.0,1.54,dimensionless
Ultralow lattice thermal conductivity and enhanced thermoelectric performance enabled by CuInSe2 alloying in AgSbTe2.pdf,10.1016/j.jallcom.2026.188903,(AgSbTe2)1-x(CuInSe2)x,x=0,AgSbTe2,0,No,,,,,,figure,Fig. 6a,Visually estimated from Fig. 6a,300.0,0.3,dimensionless
Ultralow lattice thermal conductivity and enhanced thermoelectric performance enabled by CuInSe2 alloying in AgSbTe2.pdf,10.1016/j.jallcom.2026.188903,(AgSbTe2)1-x(CuInSe2)x,x=0,AgSbTe2,0,No,,,,,,figure,Fig. 6a,Visually estimated from Fig. 6a,500.0,0.9,dimensionless
Ultralow lattice thermal conductivity and enhanced thermoelectric performance enabled by CuInSe2 alloying in AgSbTe2.pdf,10.1016/j.jallcom.2026.188903,(AgSbTe2)1-x(CuInSe2)x,x=0,AgSbTe2,0,No,,,,,,figure,Fig. 6a,Visually estimated from Fig. 6a,623.0,1.1,dimensionless
Ultralow lattice thermal conductivity and enhanced thermoelectric performance enabled by CuInSe2 alloying in AgSbTe2.pdf,10.1016/j.jallcom.2026.188903,(AgSbTe2)1-x(CuInSe2)x,x=0.01,(AgSbTe2)0.99(CuInSe2)0.01,3,Yes,Cu,x=0.01,Ag,In (x=0.01) @ Sb; Se (x=0.01) @ Te,Cu (x=0.01) @ Ag site; In (x=0.01) @ Sb site; Se (x=0.01) @ Te site,figure,Fig. 6a,Visually estimated from Fig. 6a,300.0,0.4,dimensionless
Ultralow lattice thermal conductivity and enhanced thermoelectric performance enabled by CuInSe2 alloying in AgSbTe2.pdf,10.1016/j.jallcom.2026.188903,(AgSbTe2)1-x(CuInSe2)x,x=0.01,(AgSbTe2)0.99(CuInSe2)0.01,3,Yes,Cu,x=0.01,Ag,In (x=0.01) @ Sb; Se (x=0.01) @ Te,Cu (x=0.01) @ Ag site; In (x=0.01) @ Sb site; Se (x=0.01) @ Te site,figure,Fig. 6a,Visually estimated from Fig. 6a,500.0,1.1,dimensionless
Ultralow lattice thermal conductivity and enhanced thermoelectric performance enabled by CuInSe2 alloying in AgSbTe2.pdf,10.1016/j.jallcom.2026.188903,(AgSbTe2)1-x(CuInSe2)x,x=0.01,(AgSbTe2)0.99(CuInSe2)0.01,3,Yes,Cu,x=0.01,Ag,In (x=0.01) @ Sb; Se (x=0.01) @ Te,Cu (x=0.01) @ Ag site; In (x=0.01) @ Sb site; Se (x=0.01) @ Te site,figure,Fig. 6a,Visually estimated from Fig. 6a,623.0,1.3,dimensionless
Ultralow lattice thermal conductivity and enhanced thermoelectric performance enabled by CuInSe2 alloying in AgSbTe2.pdf,10.1016/j.jallcom.2026.188903,(AgSbTe2)1-x(CuInSe2)x,x=0.03,(AgSbTe2)0.97(CuInSe2)0.03,3,Yes,Cu,x=0.03,Ag,In (x=0.03) @ Sb; Se (x=0.03) @ Te,Cu (x=0.03) @ Ag site; In (x=0.03) @ Sb site; Se (x=0.03) @ Te site,figure,Fig. 6a,Visually estimated from Fig. 6a,300.0,0.5,dimensionless
Ultralow lattice thermal conductivity and enhanced thermoelectric performance enabled by CuInSe2 alloying in AgSbTe2.pdf,10.1016/j.jallcom.2026.188903,(AgSbTe2)1-x(CuInSe2)x,x=0.03,(AgSbTe2)0.97(CuInSe2)0.03,3,Yes,Cu,x=0.03,Ag,In (x=0.03) @ Sb; Se (x=0.03) @ Te,Cu (x=0.03) @ Ag site; In (x=0.03) @ Sb site; Se (x=0.03) @ Te site,figure,Fig. 6a,Visually estimated from Fig. 6a,500.0,1.2,dimensionless
Ultralow lattice thermal conductivity and enhanced thermoelectric performance enabled by CuInSe2 alloying in AgSbTe2.pdf,10.1016/j.jallcom.2026.188903,(AgSbTe2)1-x(CuInSe2)x,x=0.03,(AgSbTe2)0.97(CuInSe2)0.03,3,Yes,Cu,x=0.03,Ag,In (x=0.03) @ Sb; Se (x=0.03) @ Te,Cu (x=0.03) @ Ag site; In (x=0.03) @ Sb site; Se (x=0.03) @ Te site,figure,Fig. 6a,Visually estimated from Fig. 6a,623.0,1.54,dimensionless
Ultralow lattice thermal conductivity and enhanced thermoelectric performance enabled by CuInSe2 alloying in AgSbTe2.pdf,10.1016/j.jallcom.2026.188903,(AgSbTe2)1-x(CuInSe2)x,x=0.05,(AgSbTe2)0.95(CuInSe2)0.05,3,Yes,Cu,x=0.05,Ag,In (x=0.05) @ Sb; Se (x=0.05) @ Te,Cu (x=0.05) @ Ag site; In (x=0.05) @ Sb site; Se (x=0.05) @ Te site,figure,Fig. 6a,Visually estimated from Fig. 6a,300.0,0.45,dimensionless
Ultralow lattice thermal conductivity and enhanced thermoelectric performance enabled by CuInSe2 alloying in AgSbTe2.pdf,10.1016/j.jallcom.2026.188903,(AgSbTe2)1-x(CuInSe2)x,x=0.05,(AgSbTe2)0.95(CuInSe2)0.05,3,Yes,Cu,x=0.05,Ag,In (x=0.05) @ Sb; Se (x=0.05) @ Te,Cu (x=0.05) @ Ag site; In (x=0.05) @ Sb site; Se (x=0.05) @ Te site,figure,Fig. 6a,Visually estimated from Fig. 6a,500.0,1.0,dimensionless
Ultralow lattice thermal conductivity and enhanced thermoelectric performance enabled by CuInSe2 alloying in AgSbTe2.pdf,10.1016/j.jallcom.2026.188903,(AgSbTe2)1-x(CuInSe2)x,x=0.05,(AgSbTe2)0.95(CuInSe2)0.05,3,Yes,Cu,x=0.05,Ag,In (x=0.05) @ Sb; Se (x=0.05) @ Te,Cu (x=0.05) @ Ag site; In (x=0.05) @ Sb site; Se (x=0.05) @ Te site,figure,Fig. 6a,Visually estimated from Fig. 6a,623.0,1.2,dimensionless
Wang_2025_Phys._Scr._100_125919.pdf,10.1088/1402-4896/ae26ec,AgSbTe2,Ag16Sb16Te32,Ag16Sb16Te32,0,No,,,,,,text,Section 3.4,,530.0,1.2,dimensionless
Wang_2025_Phys._Scr._100_125919.pdf,10.1088/1402-4896/ae26ec,AgSbTe2,Ag16Sb15V1Te32,Ag16Sb15V1Te32,1,No,V,1,Sb,,V (1) @ Sb site,text,Section 3.4,,600.0,1.49,dimensionless
Wang_2025_Phys._Scr._100_125919.pdf,10.1088/1402-4896/ae26ec,AgSbTe2,Ag16Sb15Cr1Te32,Ag16Sb15Cr1Te32,1,No,Cr,1,Sb,,Cr (1) @ Sb site,text,Section 3.4,,500.0,1.78,dimensionless
Wang_2025_Phys._Scr._100_125919.pdf,10.1088/1402-4896/ae26ec,AgSbTe2,Ag16Sb14V1Cr1Te32,Ag16Sb14V1Cr1Te32,2,Yes,V,1,Sb,Cr (1) @ Sb,V (1) @ Sb site; Cr (1) @ Sb site,text,Section 3.4,,600.0,2.09,dimensionless
Wang_2025_Phys._Scr._100_125919.pdf,10.1088/1402-4896/ae26ec,AgSbTe2,Ag16Sb16Te32,Ag16Sb16Te32,0,No,,,,,,figure,,Visually estimated from Figure 10,300.0,0.4,dimensionless
Wang_2025_Phys._Scr._100_125919.pdf,10.1088/1402-4896/ae26ec,AgSbTe2,Ag16Sb16Te32,Ag16Sb16Te32,0,No,,,,,,figure,,Visually estimated from Figure 10,600.0,1.2,dimensionless
Wang_2025_Phys._Scr._100_125919.pdf,10.1088/1402-4896/ae26ec,AgSbTe2,Ag16Sb15V1Te32,Ag16Sb15V1Te32,1,No,V,1,Sb,,V (1) @ Sb site,figure,,Visually estimated from Figure 10,300.0,0.1,dimensionless
Wang_2025_Phys._Scr._100_125919.pdf,10.1088/1402-4896/ae26ec,AgSbTe2,Ag16Sb15V1Te32,Ag16Sb15V1Te32,1,No,V,1,Sb,,V (1) @ Sb site,figure,,Visually estimated from Figure 10,600.0,1.5,dimensionless
Wang_2025_Phys._Scr._100_125919.pdf,10.1088/1402-4896/ae26ec,AgSbTe2,Ag16Sb15Cr1Te32,Ag16Sb15Cr1Te32,1,No,Cr,1,Sb,,Cr (1) @ Sb site,figure,,Visually estimated from Figure 10,300.0,0.1,dimensionless
Wang_2025_Phys._Scr._100_125919.pdf,10.1088/1402-4896/ae26ec,AgSbTe2,Ag16Sb15Cr1Te32,Ag16Sb15Cr1Te32,1,No,Cr,1,Sb,,Cr (1) @ Sb site,figure,,Visually estimated from Figure 10,600.0,1.5,dimensionless
Wang_2025_Phys._Scr._100_125919.pdf,10.1088/1402-4896/ae26ec,AgSbTe2,Ag16Sb14V1Cr1Te32,Ag16Sb14V1Cr1Te32,2,Yes,V,1,Sb,Cr (1) @ Sb,V (1) @ Sb site; Cr (1) @ Sb site,figure,,Visually estimated from Figure 10,300.0,0.1,dimensionless
Wang_2025_Phys._Scr._100_125919.pdf,10.1088/1402-4896/ae26ec,AgSbTe2,Ag16Sb14V1Cr1Te32,Ag16Sb14V1Cr1Te32,2,Yes,V,1,Sb,Cr (1) @ Sb,V (1) @ Sb site; Cr (1) @ Sb site,figure,,Visually estimated from Figure 10,600.0,2.1,dimensionless
ae2c03557.pdf,10.1021/acsaem.2c03557,AgSbSe2,AgSbSe2 (pristine),AgSbSe2,0,No,,,,,,text,"Page 2, Section 1",,723.0,0.74,dimensionless
ae2c03557.pdf,10.1021/acsaem.2c03557,AgSbSe2,AgSb0.94Pb0.06Se2,AgSb0.94Pb0.06Se2,1,No,Pb,0.06,Sb,,Pb (0.06) @ Sb site,text,"Page 4, Section 3",,673.0,0.91,dimensionless
ae2c03557.pdf,10.1021/acsaem.2c03557,AgSbSe2,AgSb0.935Pb0.06Se2,AgSb0.935Pb0.06Se2,2,Yes,Pb,0.06,Sb,Sb vacancy (0.005) @ Sb,Pb (0.06) @ Sb site; Sb vacancy (0.005) @ Sb site,text,"Page 1, Abstract",,723.0,1.02,dimensionless
ae2c03557.pdf,10.1021/acsaem.2c03557,AgSbSe2,AgSb0.94Pb0.06Se2,AgSb0.94Pb0.06Se2,1,No,Pb,0.06,Sb,,Pb (0.06) @ Sb site,figure,,Visually estimated from Fig. 1d,723.0,1.02,dimensionless
ae5c01632.pdf,10.1021/acsaem.5c01632,AgSbTe2,AgSbTe1.9Se0.1,AgSbTe1.9Se0.1,1,No,Se,0.1,Te,,Se (0.1) @ Te site,text,body text,,530.0,1.6,dimensionless
ae5c01632.pdf,10.1021/acsaem.5c01632,AgSbTe2,AgSbTe2,AgSbTe2,0,No,,,,,,body text,page 9874,,530.0,0.8,dimensionless
ae5c01674.pdf,10.1021/acsaem.5c01674,AgSbTe2,pristine AgSbTe2,AgSbTe2,0,No,,,,,,body text,,,325.0,0.37,dimensionless
ae5c01674.pdf,10.1021/acsaem.5c01674,AgSbTe2,pristine AgSbTe2,AgSbTe2,0,No,,,,,,body text,,,525.0,0.7,dimensionless
ae5c01674.pdf,10.1021/acsaem.5c01674,AgSbTe2,AgSbTe2/20 wt % HNO3-treated PEDOT:PSS,AgSbTe2/20 wt % PEDOT:PSS,0,No,,,,,,body text,,,325.0,0.43,dimensionless
ae5c01674.pdf,10.1021/acsaem.5c01674,AgSbTe2,AgSbTe2/20 wt % HNO3-treated PEDOT:PSS,AgSbTe2/20 wt % PEDOT:PSS,0,No,,,,,,body text,,,525.0,0.88,dimensionless
ae5c01674.pdf,10.1021/acsaem.5c01674,AgSbTe2,AgSbTe2/40 wt % HNO3-treated PEDOT:PSS,AgSbTe2/40 wt % PEDOT:PSS,0,No,,,,,,body text,,,325.0,0.34,dimensionless
ae5c01674.pdf,10.1021/acsaem.5c01674,AgSbTe2,AgSbTe2/40 wt % HNO3-treated PEDOT:PSS,AgSbTe2/40 wt % PEDOT:PSS,0,No,,,,,,body text,,,525.0,0.78,dimensionless
ae5c01674.pdf,10.1021/acsaem.5c01674,AgSbTe2,AgSbTe2/60 wt % HNO3-treated PEDOT:PSS,AgSbTe2/60 wt % PEDOT:PSS,0,No,,,,,,body text,,,325.0,0.23,dimensionless
ae5c01674.pdf,10.1021/acsaem.5c01674,AgSbTe2,AgSbTe2/60 wt % HNO3-treated PEDOT:PSS,AgSbTe2/60 wt % PEDOT:PSS,0,No,,,,,,body text,,,525.0,0.71,dimensionless
ae5c01674.pdf,10.1021/acsaem.5c01674,AgSbTe2,AgSbTe2/20 wt % HNO3-treated PEDOT:PSS,AgSbTe2/20 wt % HNO3-treated PEDOT:PSS,1,No,PEDOT:PSS,20 wt %,unclear,,PEDOT:PSS (20 wt %) @ unclear site,body text,,Peak zT value reported in text.,525.0,0.88,dimensionless
ae5c01674.pdf,10.1021/acsaem.5c01674,AgSbTe2,pristine AgSbTe2,AgSbTe2,0,No,,,,,,figure,Fig. 11d,Visually estimated from figure,325.0,0.3,dimensionless
ae5c01674.pdf,10.1021/acsaem.5c01674,AgSbTe2,pristine AgSbTe2,AgSbTe2,0,No,,,,,,figure,Fig. 11d,Visually estimated from figure,525.0,0.6,dimensionless
ae5c01674.pdf,10.1021/acsaem.5c01674,AgSbTe2,AgSbTe2/20 wt % HNO3-treated PEDOT:PSS,AgSbTe2/20 wt % HNO3-treated PEDOT:PSS,1,No,PEDOT:PSS,20 wt %,unclear,,PEDOT:PSS (20 wt %) @ unclear site,figure,Fig. 11d,Visually estimated from figure,325.0,0.35,dimensionless
ae5c01674.pdf,10.1021/acsaem.5c01674,AgSbTe2,AgSbTe2/20 wt % HNO3-treated PEDOT:PSS,AgSbTe2/20 wt % HNO3-treated PEDOT:PSS,1,No,PEDOT:PSS,20 wt %,unclear,,PEDOT:PSS (20 wt %) @ unclear site,figure,Fig. 11d,Visually estimated from figure,525.0,0.75,dimensionless
ae5c01674.pdf,10.1021/acsaem.5c01674,AgSbTe2,AgSbTe2/40 wt % HNO3-treated PEDOT:PSS,AgSbTe2/40 wt % HNO3-treated PEDOT:PSS,1,No,PEDOT:PSS,40 wt %,unclear,,PEDOT:PSS (40 wt %) @ unclear site,figure,Fig. 11d,Visually estimated from figure,325.0,0.32,dimensionless
ae5c01674.pdf,10.1021/acsaem.5c01674,AgSbTe2,AgSbTe2/40 wt % HNO3-treated PEDOT:PSS,AgSbTe2/40 wt % HNO3-treated PEDOT:PSS,1,No,PEDOT:PSS,40 wt %,unclear,,PEDOT:PSS (40 wt %) @ unclear site,figure,Fig. 11d,Visually estimated from figure,525.0,0.8,dimensionless
ae5c01674.pdf,10.1021/acsaem.5c01674,AgSbTe2,AgSbTe2/60 wt % HNO3-treated PEDOT:PSS,AgSbTe2/60 wt % HNO3-treated PEDOT:PSS,1,No,PEDOT:PSS,60 wt %,unclear,,PEDOT:PSS (60 wt %) @ unclear site,figure,Fig. 11d,Visually estimated from figure,325.0,0.28,dimensionless
ae5c01674.pdf,10.1021/acsaem.5c01674,AgSbTe2,AgSbTe2/60 wt % HNO3-treated PEDOT:PSS,AgSbTe2/60 wt % HNO3-treated PEDOT:PSS,1,No,PEDOT:PSS,60 wt %,unclear,,PEDOT:PSS (60 wt %) @ unclear site,figure,Fig. 11d,Visually estimated from figure,525.0,0.7,dimensionless
ae5c01674.pdf,10.1021/acsaem.5c01674,AgSbTe2,Pristine AgSbTe2,AgSbTe2,0,No,,,,,,text,body text,Efficiency calculation range,,0.84,dimensionless
ae5c01674.pdf,10.1021/acsaem.5c01674,AgSbTe2,AgSbTe2/20 wt % HNO3-treated PEDOT:PSS,AgSbTe2/20 wt % HNO3-treated PEDOT:PSS,1,No,PEDOT:PSS,20 wt %,interstitial,,PEDOT:PSS (20 wt %) @ interstitial site,text,body text,Efficiency calculation range,,0.99,dimensionless
ae5c01674.pdf,10.1021/acsaem.5c01674,AgSbTe2,AgSbTe2/40 wt % HNO3-treated PEDOT:PSS,AgSbTe2/40 wt % HNO3-treated PEDOT:PSS,1,No,PEDOT:PSS,40 wt %,interstitial,,PEDOT:PSS (40 wt %) @ interstitial site,text,body text,Efficiency calculation range,,0.85,dimensionless
ae5c01674.pdf,10.1021/acsaem.5c01674,AgSbTe2,AgSbTe2/60 wt % HNO3-treated PEDOT:PSS,AgSbTe2/60 wt % HNO3-treated PEDOT:PSS,1,No,PEDOT:PSS,60 wt %,interstitial,,PEDOT:PSS (60 wt %) @ interstitial site,text,body text,Efficiency calculation range,,0.75,dimensionless
am1c21252.pdf,10.1021/acsami.1c21252,AgSbTe2,SC42,(Ag2Te)0.42(Sb2Te3)0.58,1,No,cation vacancy,nonstoichiometric,Ag,,cation vacancy (nonstoichiometric) @ Ag site,body text,,,,0.52,dimensionless
am1c21252.pdf,10.1021/acsami.1c21252,AgSbTe2,SC42,(Ag2Te)0.42(Sb2Te3)0.58,1,No,cation vacancy,nonstoichiometric,Ag,,cation vacancy (nonstoichiometric) @ Ag site,body text,,,500.0,1.04,dimensionless
am1c21252.pdf,10.1021/acsami.1c21252,AgSbTe2,Q-SPS42,(Ag2Te)0.42(Sb2Te3)0.58,1,No,cation vacancy,nonstoichiometric,Ag,,cation vacancy (nonstoichiometric) @ Ag site,body text,,,500.0,0.64,dimensionless
am1c21252.pdf,10.1021/acsami.1c21252,AgSbTe2,SC41,(Ag2Te)x(Sb2Te3)1-x,0,No,,,,,,figure,Fig. 5c,Visually estimated from Fig. 5c,300.0,0.5,dimensionless
am1c21252.pdf,10.1021/acsami.1c21252,AgSbTe2,SC41,(Ag2Te)x(Sb2Te3)1-x,0,No,,,,,,figure,Fig. 5c,Visually estimated from Fig. 5c,600.0,0.7,dimensionless
am1c21252.pdf,10.1021/acsami.1c21252,AgSbTe2,SC42,(Ag2Te)x(Sb2Te3)1-x,0,No,,,,,,figure,Fig. 5c,Visually estimated from Fig. 5c,300.0,0.52,dimensionless
am1c21252.pdf,10.1021/acsami.1c21252,AgSbTe2,SC42,(Ag2Te)x(Sb2Te3)1-x,0,No,,,,,,figure,Fig. 5c,Visually estimated from Fig. 5c,500.0,1.04,dimensionless
am1c21252.pdf,10.1021/acsami.1c21252,AgSbTe2,SC43,(Ag2Te)x(Sb2Te3)1-x,0,No,,,,,,figure,Fig. 5c,Visually estimated from Fig. 5c,300.0,0.55,dimensionless
am1c21252.pdf,10.1021/acsami.1c21252,AgSbTe2,SC43,(Ag2Te)x(Sb2Te3)1-x,0,No,,,,,,figure,Fig. 5c,Visually estimated from Fig. 5c,500.0,0.95,dimensionless
am2c22930.pdf,10.1021/acsami.2c22930,AgSbTe2,AgSb0.98Mg0.02Te2,AgSb0.98Mg0.02Te2,1,No,Mg,0.02,Sb,,Mg (0.02) @ Sb site,body text,,,523.0,1.31,dimensionless
am2c22930.pdf,10.1021/acsami.2c22930,AgSbTe2,AgSbTe2,AgSbTe2,0,No,,,,,,figure,Fig. 7b,Visually estimated from Fig. 7b,,0.58,dimensionless
am2c22930.pdf,10.1021/acsami.2c22930,AgSbTe2,Ag0.99SbTe2,Ag0.99SbTe2,1,No,Mg,x=0.01,Ag,,Mg (x=0.01) @ Ag site,figure,Fig. 7b,Visually estimated from Fig. 7b,,0.85,dimensionless
am2c22930.pdf,10.1021/acsami.2c22930,AgSbTe2,Ag0.98SbTe2,Ag0.98SbTe2,1,No,Mg,x=0.02,Ag,,Mg (x=0.02) @ Ag site,figure,Fig. 7b,Visually estimated from Fig. 7b,,1.31,dimensionless
am2c22930.pdf,10.1021/acsami.2c22930,AgSbTe2,Ag0.97SbTe2,Ag0.97SbTe2,1,No,Mg,x=0.03,Ag,,Mg (x=0.03) @ Ag site,figure,Fig. 7b,Visually estimated from Fig. 7b,,0.95,dimensionless
am2c22930.pdf,10.1021/acsami.2c22930,AgSbTe2,Ag0.96SbTe2,Ag0.96SbTe2,1,No,Mg,x=0.04,Ag,,Mg (x=0.04) @ Ag site,figure,Fig. 7b,Visually estimated from Fig. 7b,,0.75,dimensionless
am4c05454.pdf,10.1021/acsami.4c05454,AgSbTe2,AgSbTe2,AgSbTe2,0,No,,,,,,body text,"Page 8, Results section",,523.0,0.89,dimensionless
am4c05454.pdf,10.1021/acsami.4c05454,AgSbTe2,AgSb0.96Cu0.04Te2,AgSb0.96Cu0.04Te2,1,No,Cu,0.04,Ag,,Cu (0.04) @ Ag site,body text,"Page 2, Introduction",,523.0,1.44,dimensionless
am4c05454.pdf,10.1021/acsami.4c05454,AgSbTe2,AgSb0.96Cu0.04Te2,AgSb0.96Cu0.04Te2,1,No,Cu,0.04,Ag,,Cu (0.04) @ Ag site,body text,"Page 8, Results section",,498.0,1.45,dimensionless
am4c05454.pdf,10.1021/acsami.4c05454,AgSbTe2,AgSb1-xCuxTe2 (x=0),AgSbTe2,0,No,,,,,,figure,Fig. 8,Visually estimated from Fig. 8,323.0,0.5,dimensionless
am4c05454.pdf,10.1021/acsami.4c05454,AgSbTe2,AgSb1-xCuxTe2 (x=0),AgSbTe2,0,No,,,,,,figure,Fig. 8,Visually estimated from Fig. 8,523.0,1.2,dimensionless
am4c05454.pdf,10.1021/acsami.4c05454,AgSbTe2,AgSb1-xCuxTe2 (x=0.02),AgSb0.98Cu0.02Te2,1,No,Cu,0.02,Sb,,Cu (0.02) @ Sb site,figure,Fig. 8,Visually estimated from Fig. 8,323.0,0.6,dimensionless
am4c05454.pdf,10.1021/acsami.4c05454,AgSbTe2,AgSb1-xCuxTe2 (x=0.02),AgSb0.98Cu0.02Te2,1,No,Cu,0.02,Sb,,Cu (0.02) @ Sb site,figure,Fig. 8,Visually estimated from Fig. 8,523.0,1.4,dimensionless
am4c05454.pdf,10.1021/acsami.4c05454,AgSbTe2,AgSb1-xCuxTe2 (x=0.04),AgSb0.96Cu0.04Te2,1,No,Cu,0.04,Sb,,Cu (0.04) @ Sb site,figure,Fig. 8,Visually estimated from Fig. 8,323.0,0.6,dimensionless
am4c05454.pdf,10.1021/acsami.4c05454,AgSbTe2,AgSb1-xCuxTe2 (x=0.04),AgSb0.96Cu0.04Te2,1,No,Cu,0.04,Sb,,Cu (0.04) @ Sb site,figure,Fig. 8,Visually estimated from Fig. 8,473.0,1.45,dimensionless
am4c05454.pdf,10.1021/acsami.4c05454,AgSbTe2,AgSb1-xCuxTe2 (x=0.06),AgSb0.94Cu0.06Te2,1,No,Cu,0.06,Sb,,Cu (0.06) @ Sb site,figure,Fig. 8,Visually estimated from Fig. 8,323.0,0.55,dimensionless
am4c05454.pdf,10.1021/acsami.4c05454,AgSbTe2,AgSb1-xCuxTe2 (x=0.06),AgSb0.94Cu0.06Te2,1,No,Cu,0.06,Sb,,Cu (0.06) @ Sb site,figure,Fig. 8,Visually estimated from Fig. 8,473.0,1.2,dimensionless
am4c05873.pdf,10.1021/acsami.4c05873,AgSbTe2,AgSb0.96Mg0.02Ti0.02Te2,AgSb0.96Mg0.02Ti0.02Te2,2,Yes,Mg,0.02,Sb,Ti (0.02) @ Sb,Mg (0.02) @ Sb site; Ti (0.02) @ Sb site,body text,Page 2,,573.0,1.45,dimensionless
am4c05873.pdf,10.1021/acsami.4c05873,AgSbTe2,Ag0.96Mg0.02Ti0.02Te2,Ag0.96Mg0.02Ti0.02Te2,2,Yes,Mg,0.02,unclear,Ti (0.02) @ unclear,Mg (0.02) @ unclear site; Ti (0.02) @ unclear site,body text,,,573.0,1.45,dimensionless
am4c05873.pdf,10.1021/acsami.4c05873,AgSbTe2,AgSbTe2,AgSbTe2,0,No,,,,,,figure,Fig. 7,Visually estimated from Fig. 7,323.0,0.6,dimensionless
am4c05873.pdf,10.1021/acsami.4c05873,AgSbTe2,AgSbTe2,AgSbTe2,0,No,,,,,,figure,Fig. 7,Visually estimated from Fig. 7,423.0,0.8,dimensionless
am4c05873.pdf,10.1021/acsami.4c05873,AgSbTe2,AgSbTe2,AgSbTe2,0,No,,,,,,figure,Fig. 7,Visually estimated from Fig. 7,523.0,0.9,dimensionless
am4c05873.pdf,10.1021/acsami.4c05873,AgSbTe2,Ag0.98-xMg0.02TixTe2 (x=0.01),Ag0.97Mg0.02Ti0.01Te2,2,Yes,Mg,0.02,unclear,Ti (0.01) @ unclear,Mg (0.02) @ unclear site; Ti (0.01) @ unclear site,figure,Fig. 7,Visually estimated from Fig. 7,323.0,0.7,dimensionless
am4c05873.pdf,10.1021/acsami.4c05873,AgSbTe2,Ag0.98-xMg0.02TixTe2 (x=0.01),Ag0.97Mg0.02Ti0.01Te2,2,Yes,Mg,0.02,unclear,Ti (0.01) @ unclear,Mg (0.02) @ unclear site; Ti (0.01) @ unclear site,figure,Fig. 7,Visually estimated from Fig. 7,423.0,1.1,dimensionless
am4c05873.pdf,10.1021/acsami.4c05873,AgSbTe2,Ag0.98-xMg0.02TixTe2 (x=0.01),Ag0.97Mg0.02Ti0.01Te2,2,Yes,Mg,0.02,unclear,Ti (0.01) @ unclear,Mg (0.02) @ unclear site; Ti (0.01) @ unclear site,figure,Fig. 7,Visually estimated from Fig. 7,523.0,1.2,dimensionless
am4c05873.pdf,10.1021/acsami.4c05873,AgSbTe2,Ag0.98-xMg0.02TixTe2 (x=0.02),Ag0.96Mg0.02Ti0.02Te2,2,Yes,Mg,0.02,unclear,Ti (0.02) @ unclear,Mg (0.02) @ unclear site; Ti (0.02) @ unclear site,figure,Fig. 7,Visually estimated from Fig. 7,323.0,0.75,dimensionless
am4c05873.pdf,10.1021/acsami.4c05873,AgSbTe2,Ag0.98-xMg0.02TixTe2 (x=0.02),Ag0.96Mg0.02Ti0.02Te2,2,Yes,Mg,0.02,unclear,Ti (0.02) @ unclear,Mg (0.02) @ unclear site; Ti (0.02) @ unclear site,figure,Fig. 7,Visually estimated from Fig. 7,423.0,1.2,dimensionless
am4c05873.pdf,10.1021/acsami.4c05873,AgSbTe2,Ag0.98-xMg0.02TixTe2 (x=0.02),Ag0.96Mg0.02Ti0.02Te2,2,Yes,Mg,0.02,unclear,Ti (0.02) @ unclear,Mg (0.02) @ unclear site; Ti (0.02) @ unclear site,figure,Fig. 7,Visually estimated from Fig. 7,523.0,1.45,dimensionless
am4c05873.pdf,10.1021/acsami.4c05873,AgSbTe2,Ag0.98-xMg0.02TixTe2 (x=0.03),Ag0.95Mg0.02Ti0.03Te2,2,Yes,Mg,0.02,unclear,Ti (0.03) @ unclear,Mg (0.02) @ unclear site; Ti (0.03) @ unclear site,figure,Fig. 7,Visually estimated from Fig. 7,323.0,0.7,dimensionless
am4c05873.pdf,10.1021/acsami.4c05873,AgSbTe2,Ag0.98-xMg0.02TixTe2 (x=0.03),Ag0.95Mg0.02Ti0.03Te2,2,Yes,Mg,0.02,unclear,Ti (0.03) @ unclear,Mg (0.02) @ unclear site; Ti (0.03) @ unclear site,figure,Fig. 7,Visually estimated from Fig. 7,423.0,1.1,dimensionless
am4c05873.pdf,10.1021/acsami.4c05873,AgSbTe2,Ag0.98-xMg0.02TixTe2 (x=0.03),Ag0.95Mg0.02Ti0.03Te2,2,Yes,Mg,0.02,unclear,Ti (0.03) @ unclear,Mg (0.02) @ unclear site; Ti (0.03) @ unclear site,figure,Fig. 7,Visually estimated from Fig. 7,523.0,1.3,dimensionless
am4c05873.pdf,10.1021/acsami.4c05873,AgSbTe2,Ag0.98-xMg0.02TixTe2 (x=0.04),Ag0.94Mg0.02Ti0.04Te2,2,Yes,Mg,0.02,unclear,Ti (0.04) @ unclear,Mg (0.02) @ unclear site; Ti (0.04) @ unclear site,figure,Fig. 7,Visually estimated from Fig. 7,323.0,0.65,dimensionless
am4c05873.pdf,10.1021/acsami.4c05873,AgSbTe2,Ag0.98-xMg0.02TixTe2 (x=0.04),Ag0.94Mg0.02Ti0.04Te2,2,Yes,Mg,0.02,unclear,Ti (0.04) @ unclear,Mg (0.02) @ unclear site; Ti (0.04) @ unclear site,figure,Fig. 7,Visually estimated from Fig. 7,423.0,1.0,dimensionless
am4c05873.pdf,10.1021/acsami.4c05873,AgSbTe2,Ag0.98-xMg0.02TixTe2 (x=0.04),Ag0.94Mg0.02Ti0.04Te2,2,Yes,Mg,0.02,unclear,Ti (0.04) @ unclear,Mg (0.02) @ unclear site; Ti (0.04) @ unclear site,figure,Fig. 7,Visually estimated from Fig. 7,523.0,1.15,dimensionless
am4c06836.pdf,10.1021/acsami.4c06836,AgSbTe2,Ag0.85Sn0.15Sb0.85Ge0.15Te2,Ag0.85Sn0.15Sb0.85Ge0.15Te2,2,Yes,Sn,0.15,Ag,Ge (0.15) @ Sb,Sn (0.15) @ Ag site; Ge (0.15) @ Sb site,body text,Abstract and Section 3,,757.0,1.5,dimensionless
am4c06836.pdf,10.1021/acsami.4c06836,AgSbTe2,"Ag(1-x)SnxSb(1-y)GeyTe2 (x=0, y=0)",AgSbTe2,0,No,,,,,,figure,Fig. 7c,Visually estimated from Fig. 7c,300.0,0.15,dimensionless
am4c06836.pdf,10.1021/acsami.4c06836,AgSbTe2,"Ag(1-x)SnxSb(1-y)GeyTe2 (x=0, y=0)",AgSbTe2,0,No,,,,,,figure,Fig. 7c,Visually estimated from Fig. 7c,750.0,1.1,dimensionless
am4c06836.pdf,10.1021/acsami.4c06836,AgSbTe2,"Ag(1-x)SnxSb(1-y)GeyTe2 (x=0.15, y=0.15)",Ag0.85Sn0.15Sb0.85Ge0.15Te2,2,Yes,Sn,0.15,Ag,Ge (0.15) @ Sb,Sn (0.15) @ Ag site; Ge (0.15) @ Sb site,figure,Fig. 7c,Visually estimated from Fig. 7c,300.0,0.3,dimensionless
am4c06836.pdf,10.1021/acsami.4c06836,AgSbTe2,"Ag(1-x)SnxSb(1-y)GeyTe2 (x=0.15, y=0.15)",Ag0.85Sn0.15Sb0.85Ge0.15Te2,2,Yes,Sn,0.15,Ag,Ge (0.15) @ Sb,Sn (0.15) @ Ag site; Ge (0.15) @ Sb site,figure,Fig. 7c,Visually estimated from Fig. 7c,757.0,1.5,dimensionless
am7b00689.pdf,10.1021/acsami.7b00689,Ag16.7Sb30Te53.3,AQ,AgSbTe2,0,No,,,,,,figure,Figure 10,Visually estimated from Figure 10,323.15,0.22,dimensionless
am7b00689.pdf,10.1021/acsami.7b00689,Ag16.7Sb30Te53.3,AQ,AgSbTe2,0,No,,,,,,figure,Figure 10,Visually estimated from Figure 10,373.15,0.28,dimensionless
am7b00689.pdf,10.1021/acsami.7b00689,Ag16.7Sb30Te53.3,AQ,AgSbTe2,0,No,,,,,,figure,Figure 10,Visually estimated from Figure 10,423.15,0.33,dimensionless
am7b00689.pdf,10.1021/acsami.7b00689,Ag16.7Sb30Te53.3,AQ,AgSbTe2,0,No,,,,,,figure,Figure 10,Visually estimated from Figure 10,473.15,0.38,dimensionless
am7b00689.pdf,10.1021/acsami.7b00689,Ag16.7Sb30Te53.3,AQ,AgSbTe2,0,No,,,,,,figure,Figure 10,Visually estimated from Figure 10,523.15,0.39,dimensionless
am7b00689.pdf,10.1021/acsami.7b00689,Ag16.7Sb30Te53.3,380 °C/8 h,AgSbTe2,0,No,,,,,,figure,Figure 10,Visually estimated from Figure 10,323.15,0.19,dimensionless
am7b00689.pdf,10.1021/acsami.7b00689,Ag16.7Sb30Te53.3,380 °C/8 h,AgSbTe2,0,No,,,,,,figure,Figure 10,Visually estimated from Figure 10,373.15,0.24,dimensionless
am7b00689.pdf,10.1021/acsami.7b00689,Ag16.7Sb30Te53.3,380 °C/8 h,AgSbTe2,0,No,,,,,,figure,Figure 10,Visually estimated from Figure 10,423.15,0.31,dimensionless
am7b00689.pdf,10.1021/acsami.7b00689,Ag16.7Sb30Te53.3,380 °C/8 h,AgSbTe2,0,No,,,,,,figure,Figure 10,Visually estimated from Figure 10,473.15,0.37,dimensionless
am7b00689.pdf,10.1021/acsami.7b00689,Ag16.7Sb30Te53.3,380 °C/8 h,AgSbTe2,0,No,,,,,,figure,Figure 10,Visually estimated from Figure 10,523.15,0.46,dimensionless
am7b00689.pdf,10.1021/acsami.7b00689,Ag16.7Sb30Te53.3,380 °C/8 h,AgSbTe2,0,No,,,,,,figure,Figure 10,Visually estimated from Figure 10,573.15,0.47,dimensionless
am7b00689.pdf,10.1021/acsami.7b00689,Ag16.7Sb30Te53.3,380 °C/192 h,AgSbTe2,0,No,,,,,,figure,Figure 10,Visually estimated from Figure 10,323.15,0.09,dimensionless
am7b00689.pdf,10.1021/acsami.7b00689,Ag16.7Sb30Te53.3,380 °C/192 h,AgSbTe2,0,No,,,,,,figure,Figure 10,Visually estimated from Figure 10,373.15,0.12,dimensionless
am7b00689.pdf,10.1021/acsami.7b00689,Ag16.7Sb30Te53.3,380 °C/192 h,AgSbTe2,0,No,,,,,,figure,Figure 10,Visually estimated from Figure 10,423.15,0.15,dimensionless
am7b00689.pdf,10.1021/acsami.7b00689,Ag16.7Sb30Te53.3,380 °C/192 h,AgSbTe2,0,No,,,,,,figure,Figure 10,Visually estimated from Figure 10,473.15,0.19,dimensionless
am7b00689.pdf,10.1021/acsami.7b00689,Ag16.7Sb30Te53.3,380 °C/192 h,AgSbTe2,0,No,,,,,,figure,Figure 10,Visually estimated from Figure 10,523.15,0.28,dimensionless
am7b00689.pdf,10.1021/acsami.7b00689,Ag16.7Sb30Te53.3,380 °C/192 h,AgSbTe2,0,No,,,,,,figure,Figure 10,Visually estimated from Figure 10,573.15,0.35,dimensionless
applsci-08-00052-v2.pdf,10.3390/app8010052,Ag1-xSb1+xTe2+x,x=0.19,Ag0.81Sb1.19Te2.19,0,No,,,,,,body text,Section 3.4,,550.0,0.4,dimensionless
applsci-08-00052-v2.pdf,10.3390/app8010052,Ag1-xSb1+xTe2+x,x=0.1,Ag0.9Sb1.1Te2.1,0,No,,,,,,body text,Abstract,,610.0,1.2,dimensionless
applsci-08-00052-v2.pdf,10.3390/app8010052,Ag1-xSb1+xTe2+x,x=0.17,Ag0.83Sb1.17Te2.17,0,No,,,,,,body text,Section 3.3,,610.0,1.1,dimensionless
applsci-08-00052-v2.pdf,10.3390/app8010052,Ag1-xSb1+xTe2+x,"x=0.1, slowly cooled",Ag0.9Sb1.1Te2.1,1,No,Sb,x=0.1,Ag,,Sb (x=0.1) @ Ag site,text,Section 3.3,,610.0,1.2,dimensionless
applsci-08-00052-v2.pdf,10.3390/app8010052,Ag1-xSb1+xTe2+x,"Ag1-xSb1+xTe2+x, x=0.19 (quenched)",Ag0.81Sb1.19Te2.19,0,No,,,,,,figure,Figure 8,Visually estimated from Figure 8 (green squares),300.0,0.35,dimensionless
applsci-08-00052-v2.pdf,10.3390/app8010052,Ag1-xSb1+xTe2+x,"Ag1-xSb1+xTe2+x, x=0.19 (quenched)",Ag0.81Sb1.19Te2.19,0,No,,,,,,figure,Figure 8,Visually estimated from Figure 8 (green squares),550.0,0.4,dimensionless
c0jm00138d.pdf,10.1039/c0jm00138d,AgSbTe2,x=44,(Ag2Te)0.44(Sb2Te3)0.56,0,No,,,,,,text,Fig. 8(b) and text,The value 1.55 at 533 K is specifically for x=50; the text notes ZT for all samples (x=44-54) reaches maximum at near 550 K.,533.0,1.55,dimensionless
c0jm00138d.pdf,10.1039/c0jm00138d,AgSbTe2,x=50,AgSbTe2,0,No,,,,,,text,page 1 and page 5,,533.0,1.55,dimensionless
c0jm00138d.pdf,10.1039/c0jm00138d,AgSbTe2,"(Ag2Te)x(Sb2Te3)100-x, x=44",(Ag2Te)44(Sb2Te3)56,0,No,,,,,,figure,Fig. 8b,Visually estimated from Fig. 8b,300.0,0.6,dimensionless
c0jm00138d.pdf,10.1039/c0jm00138d,AgSbTe2,"(Ag2Te)x(Sb2Te3)100-x, x=50",(Ag2Te)50(Sb2Te3)50,0,No,,,,,,figure,Fig. 8b,Visually estimated from Fig. 8b,533.0,1.55,dimensionless
c8ta01393d.pdf,10.1039/c8ta01393d,GeSe-AgSbTe2,x=0.2,GeSeAg0.2Sb0.2Te0.4,3,Yes,Ag,20%,unclear,Sb (20%) @ unclear; Te (40%) @ unclear,Ag (20%) @ unclear site; Sb (20%) @ unclear site; Te (40%) @ unclear site,body text,,,754.0,1.0,dimensionless
c8ta01393d.pdf,10.1039/c8ta01393d,GeSe-AgSbTe2,x=0.2,GeSeAg0.2Sb0.2Te0.4,3,Yes,Ag,20%,unclear,Sb (20%) @ unclear; Te (40%) @ unclear,Ag (20%) @ unclear site; Sb (20%) @ unclear site; Te (40%) @ unclear site,body text,,,,0.96,dimensionless
c8ta01393d.pdf,10.1039/c8ta01393d,GeSe-AgSbTe2,GeSe-xAgSbTe2 (x=0.05),GeSe-0.05AgSbTe2,3,Yes,Ag,x=0.05,unclear,Sb (x=0.05) @ unclear; Te (x=0.05) @ unclear,Ag (x=0.05) @ unclear site; Sb (x=0.05) @ unclear site; Te (x=0.05) @ unclear site,figure,Fig. 5a,Visually estimated from Fig. 5a,750.0,0.6,dimensionless
c8ta01393d.pdf,10.1039/c8ta01393d,GeSe-AgSbTe2,GeSe-xAgSbTe2 (x=0.1),GeSe-0.1AgSbTe2,3,Yes,Ag,x=0.1,unclear,Sb (x=0.1) @ unclear; Te (x=0.1) @ unclear,Ag (x=0.1) @ unclear site; Sb (x=0.1) @ unclear site; Te (x=0.1) @ unclear site,figure,Fig. 5a,Visually estimated from Fig. 5a,750.0,0.8,dimensionless
c8ta01393d.pdf,10.1039/c8ta01393d,GeSe-AgSbTe2,GeSe-xAgSbTe2 (x=0.15),GeSe-0.15AgSbTe2,3,Yes,Ag,x=0.15,unclear,Sb (x=0.15) @ unclear; Te (x=0.15) @ unclear,Ag (x=0.15) @ unclear site; Sb (x=0.15) @ unclear site; Te (x=0.15) @ unclear site,figure,Fig. 5a,Visually estimated from Fig. 5a,750.0,0.9,dimensionless
c8ta01393d.pdf,10.1039/c8ta01393d,GeSe-AgSbTe2,GeSe-xAgSbTe2 (x=0.2),GeSe-0.2AgSbTe2,3,Yes,Ag,x=0.2,unclear,Sb (x=0.2) @ unclear; Te (x=0.2) @ unclear,Ag (x=0.2) @ unclear site; Sb (x=0.2) @ unclear site; Te (x=0.2) @ unclear site,figure,Fig. 5a,Visually estimated from Fig. 5a,750.0,0.95,dimensionless
cm101503y.pdf,10.1021/cm101503y,AgSbTe2,AgSbTe2 (x=0),AgSbTe2,0,No,,,,,,body text,,Value for undoped AgSbTe2 at 565 K is compared to Se-doped sample.,565.0,1.37,dimensionless
cm101503y.pdf,10.1021/cm101503y,AgSbTe2,AgSbSe0.02Te1.98 (x=0.02),AgSbSe0.02Te1.98,1,No,Se,x=0.02,Te,,Se (x=0.02) @ Te site,body text,,Highest figure of merit observed for this sample.,565.0,1.37,dimensionless
cm101503y.pdf,10.1021/cm101503y,AgSbTe2,x=0.00,AgSbTe2,0,No,,,,,,figure,,Visually estimated from Fig. 7,300.0,0.6,dimensionless
cm101503y.pdf,10.1021/cm101503y,AgSbTe2,x=0.00,AgSbTe2,0,No,,,,,,figure,,Visually estimated from Fig. 7,650.0,1.1,dimensionless
cm101503y.pdf,10.1021/cm101503y,AgSbTe2,x=0.01,AgSbSe0.01Te1.99,1,No,Se,x=0.01,Te,,Se (x=0.01) @ Te site,figure,,Visually estimated from Fig. 7,300.0,0.6,dimensionless
cm101503y.pdf,10.1021/cm101503y,AgSbTe2,x=0.01,AgSbSe0.01Te1.99,1,No,Se,x=0.01,Te,,Se (x=0.01) @ Te site,figure,,Visually estimated from Fig. 7,650.0,1.2,dimensionless
cm101503y.pdf,10.1021/cm101503y,AgSbTe2,x=0.02,AgSbSe0.02Te1.98,1,No,Se,x=0.02,Te,,Se (x=0.02) @ Te site,figure,,Visually estimated from Fig. 7,300.0,0.6,dimensionless
cm101503y.pdf,10.1021/cm101503y,AgSbTe2,x=0.02,AgSbSe0.02Te1.98,1,No,Se,x=0.02,Te,,Se (x=0.02) @ Te site,figure,,Visually estimated from Fig. 7; value also mentioned in text,565.0,1.37,dimensionless
cm101503y.pdf,10.1021/cm101503y,AgSbTe2,x=0.04,AgSbSe0.04Te1.96,1,No,Se,x=0.04,Te,,Se (x=0.04) @ Te site,figure,,Visually estimated from Fig. 7,300.0,0.55,dimensionless
cm101503y.pdf,10.1021/cm101503y,AgSbTe2,x=0.04,AgSbSe0.04Te1.96,1,No,Se,x=0.04,Te,,Se (x=0.04) @ Te site,figure,,Visually estimated from Fig. 7,600.0,1.25,dimensionless
cm5c01646.pdf,10.1021/acs.chemmater.5c01646,AgSbTe2,AST,AgSbTe2,0,No,,,,,,body text,,peak zT,,0.61,dimensionless
cm5c01646.pdf,10.1021/acs.chemmater.5c01646,AgSbTe2,AST,AgSbTe2,0,No,,,,,,body text,,average zT,,0.56,dimensionless
cm5c01646.pdf,10.1021/acs.chemmater.5c01646,AgSbTe2,NS-AST + 0.025,Ag0.91Sb1.09Te2.09 + 0.025 wt % B,1,No,B,0.025 wt %,unclear,,B (0.025 wt %) @ unclear site,body text,,peak zT,573.0,1.35,dimensionless
cm5c01646.pdf,10.1021/acs.chemmater.5c01646,AgSbTe2,NS-AST + 0.025,Ag0.91Sb1.09Te2.09 + 0.025 wt % B,1,No,B,0.025 wt %,unclear,,B (0.025 wt %) @ unclear site,body text,,average zT,,1.03,dimensionless
cm5c01646.pdf,10.1021/acs.chemmater.5c01646,AgSbTe2,AST,AgSbTe2,0,No,,,,,,figure,Figure 8a,Visually estimated from Figure 8a,600.0,0.6,dimensionless
cm5c01646.pdf,10.1021/acs.chemmater.5c01646,AgSbTe2,AST + 0.02,AgSbTe2 + 0.02 wt % B,1,No,B,0.02 wt %,unclear,,B (0.02 wt %) @ unclear site,figure,Figure 8a,Visually estimated from Figure 8a,600.0,0.8,dimensionless
cm5c01646.pdf,10.1021/acs.chemmater.5c01646,AgSbTe2,AST + 0.025,AgSbTe2 + 0.025 wt % B,1,No,B,0.025 wt %,unclear,,B (0.025 wt %) @ unclear site,figure,Figure 8a,Visually estimated from Figure 8a,600.0,0.9,dimensionless
cm5c01646.pdf,10.1021/acs.chemmater.5c01646,AgSbTe2,AST + 0.03,AgSbTe2 + 0.03 wt % B,1,No,B,0.03 wt %,unclear,,B (0.03 wt %) @ unclear site,figure,Figure 8a,Visually estimated from Figure 8a,600.0,0.95,dimensionless
cm5c01646.pdf,10.1021/acs.chemmater.5c01646,AgSbTe2,NS-AST + 0.025,Ag0.91Sb1.09Te2.09 + 0.025 wt % B,1,No,B,0.025 wt %,unclear,,B (0.025 wt %) @ unclear site,figure,Figure 8a,Visually estimated from Figure 8a,600.0,1.35,dimensionless
d3ee01033c.pdf,10.1039/d3ee01033c,AgSbTe2,Ag0.98SbTe2,Ag0.98SbTe2,1,No,Ag vacancy,2 mol%,Ag,,Ag vacancy (2 mol%) @ Ag site,text,page 6,,573.0,2.3,dimensionless
d3ee01033c.pdf,10.1039/d3ee01033c,AgSbTe2,AgSbTe2,AgSbTe2,0,No,,,,,,figure,Fig. 4d,Visually estimated from Fig. 4d,300.0,0.5,dimensionless
d3ee01033c.pdf,10.1039/d3ee01033c,AgSbTe2,Ag0.99SbTe2,Ag0.99SbTe2,1,No,Ag vacancy,0.01,Ag,,Ag vacancy (0.01) @ Ag site,figure,Fig. 4d,Visually estimated from Fig. 4d,300.0,0.7,dimensionless
d3ee01033c.pdf,10.1039/d3ee01033c,AgSbTe2,Ag0.98SbTe2,Ag0.98SbTe2,1,No,Ag vacancy,0.02,Ag,,Ag vacancy (0.02) @ Ag site,figure,Fig. 4d,Visually estimated from Fig. 4d,300.0,0.8,dimensionless
d3ee01033c.pdf,10.1039/d3ee01033c,AgSbTe2,Ag0.97SbTe2,Ag0.97SbTe2,1,No,Ag vacancy,0.03,Ag,,Ag vacancy (0.03) @ Ag site,figure,Fig. 4d,Visually estimated from Fig. 4d,300.0,0.7,dimensionless
d3nr04584f.pdf,10.1039/d3nr04584f,AgSbTe2,Ag0.91Sb1.09Te2.09,Ag0.91Sb1.09Te2.09,1,No,Ag deficiency,0.09,Ag,,Ag deficiency (0.09) @ Ag site,body text,"Page 2, Results and discussion",,573.0,1.7,dimensionless
d3nr04584f.pdf,10.1039/d3nr04584f,AgSbTe2,Ag0.91Sb1.09Te2.09,Ag0.91Sb1.09Te2.09,1,No,Ag deficiency,0.09,Ag,,Ag deficiency (0.09) @ Ag site,body text,"Page 1, Introduction",,,0.75,dimensionless
d4ce00915k.pdf,10.1039/d4ce00915k,AgSbTe2,Ag2Se/AgSbSe2 nanocomposite,(Ag2Se)0.98(2AgSbSe2)0.02,1,No,AgSbSe2,2 mol%,interstitial,,AgSbSe2 (2 mol%) @ interstitial site,text,Table 2,,375.0,0.93,dimensionless
d4ce00915k.pdf,10.1039/d4ce00915k,AgSbTe2,Ag0.98(2AgSbSe2)0.02,Ag0.98(2AgSbSe2)0.02,3,Yes,Ag,0.98,multiple sites,Sb (0.02) @ multiple sites; Se (0.02) @ multiple sites,Ag (0.98) @ multiple sites site; Sb (0.02) @ multiple sites site; Se (0.02) @ multiple sites site,figure,,Visually estimated from Fig. 4(c) top right inset plot,,0.8,dimensionless
d4ce00915k.pdf,10.1039/d4ce00915k,AgSbTe2,(Ag2Se)0.98(2AgSbSe2)0.02,(Ag2Se)0.98(2AgSbSe2)0.02,1,No,Sb,0.02,unclear,,Sb (0.02) @ unclear site,table,Table 2,,375.0,0.93,dimensionless
d4cp01171f.pdf,10.1039/d4cp01171f,AgSbTe2,Ag0.927Sb1.07Te2.005,Ag0.927Sb1.07Te2.005,2,Yes,Ag,0.927,Ag,Sb (1.07) @ Sb,Ag (0.927) @ Ag site; Sb (1.07) @ Sb site,body text,,,300.0,1.1,dimensionless
d5dt01185j.pdf,10.1039/d5dt01185j,Ba2.75Pb1.1Sb4.1Se10-deltaTe_delta,Ba2.75Pb1.1Sb4.1Se6Te4,Ba2.75Pb1.1Sb4.1Se6Te4,1,No,Te,δ = 4,Te,,Te (δ = 4) @ Te site,body text,,,773.0,0.09,dimensionless
el3c01653.pdf,10.1021/acsaelm.3c01653,AgSbTe2,Ag0.7Sb1.12Te2,Ag0.7Sb1.12Te2,2,Yes,Ag vacancy,0.3,Ag,Sb (0.12) @ Ag,Ag vacancy (0.3) @ Ag site; Sb (0.12) @ Ag site,body text,,,750.0,1.25,dimensionless
el3c01653.pdf,10.1021/acsaelm.3c01653,AgSbTe2,Ag0.7Sb1.12Te1.95Se0.05,Ag0.7Sb1.12Te1.95Se0.05,3,Yes,Ag vacancy,0.3,Ag,Sb (0.12) @ Ag; Se (0.05) @ Te,Ag vacancy (0.3) @ Ag site; Sb (0.12) @ Ag site; Se (0.05) @ Te site,body text,,,750.0,1.01,dimensionless
el3c01653.pdf,10.1021/acsaelm.3c01653,AgSbTe2,AgSbTe2,AgSbTe2,0,No,,,,,,figure,Fig. 8,Visually estimated from Fig. 8,300.0,0.15,dimensionless
el3c01653.pdf,10.1021/acsaelm.3c01653,AgSbTe2,AgSbTe2,AgSbTe2,0,No,,,,,,figure,Fig. 8,Visually estimated from Fig. 8,500.0,0.4,dimensionless
el3c01653.pdf,10.1021/acsaelm.3c01653,AgSbTe2,AgSbTe2,AgSbTe2,0,No,,,,,,figure,Fig. 8,Visually estimated from Fig. 8,773.0,0.55,dimensionless
el3c01653.pdf,10.1021/acsaelm.3c01653,AgSbTe2,Ag0.7Sb1.12Te2,Ag0.7Sb1.12Te2,1,No,Ag,0.7,Ag,,Ag (0.7) @ Ag site,figure,Fig. 8,Visually estimated from Fig. 8,300.0,0.25,dimensionless
el3c01653.pdf,10.1021/acsaelm.3c01653,AgSbTe2,Ag0.7Sb1.12Te2,Ag0.7Sb1.12Te2,1,No,Ag,0.7,Ag,,Ag (0.7) @ Ag site,figure,Fig. 8,Visually estimated from Fig. 8,500.0,0.7,dimensionless
el3c01653.pdf,10.1021/acsaelm.3c01653,AgSbTe2,Ag0.7Sb1.12Te1.95Se0.05,Ag0.7Sb1.12Te1.95Se0.05,2,Yes,Ag,0.7,Ag,Se (0.05) @ Te,Ag (0.7) @ Ag site; Se (0.05) @ Te site,figure,Fig. 8,Visually estimated from Fig. 8,300.0,0.2,dimensionless
el3c01653.pdf,10.1021/acsaelm.3c01653,AgSbTe2,Ag0.7Sb1.12Te1.95Se0.05,Ag0.7Sb1.12Te1.95Se0.05,2,Yes,Ag,0.7,Ag,Se (0.05) @ Te,Ag (0.7) @ Ag site; Se (0.05) @ Te site,figure,Fig. 8,Visually estimated from Fig. 8,500.0,0.6,dimensionless
ja1c07522.pdf,10.1021/jacs.1c07522,AgSbTe2,ATMS,AgMnSbTe3,1,No,Mn,equimolar ratio,multiple sites,,Mn (equimolar ratio) @ multiple sites site,text,Abstract,,823.0,1.46,dimensionless
ja1c07522.pdf,10.1021/jacs.1c07522,AgSbTe2,ATMS,AgMnSbTe3,1,No,Mn,equimolar ratio,multiple sites,,Mn (equimolar ratio) @ multiple sites site,text,Abstract,average ZT,,0.87,dimensionless
ja1c07522.pdf,10.1021/jacs.1c07522,AgSbTe2,ATMS,AgMnSbTe3,1,No,Mn,equimolar ratio,multiple sites,,Mn (equimolar ratio) @ multiple sites site,text,"Results and Discussion, Section 3",,300.0,0.27,dimensionless
ja1c07522.pdf,10.1021/jacs.1c07522,AgSbTe2,AgMnSbTe3 (m=1),AgMnSbTe3,1,No,Mn,equimolar ratio,multiple sites,,Mn (equimolar ratio) @ multiple sites site,figure,Figure 4F,Visually estimated from Figure 4F,823.0,1.46,dimensionless
ja1c07522.pdf,10.1021/jacs.1c07522,AgSbTe2,AgMnSbTe2 (m=1),AgMnSbTe2,1,No,Mn,equimolar,multiple sites,,Mn (equimolar) @ multiple sites site,body text,,,300.0,0.27,dimensionless
ja1c07522.pdf,10.1021/jacs.1c07522,AgSbTe2,AgMnSbTe2 (m=1),AgMnSbTe2,1,No,Mn,equimolar,multiple sites,,Mn (equimolar) @ multiple sites site,body text,,,823.0,0.87,dimensionless
ja1c08931.pdf,10.1021/jacs.1c08931,(SnSe)0.5(AgSbTe2)0.5,pristine (SnSe)0.5(AgSbSe2)0.5,(SnSe)0.5(AgSbSe2)0.5,0,No,,,,,,body text,,,725.0,0.77,dimensionless
ja1c08931.pdf,10.1021/jacs.1c08931,(SnSe)0.5(AgSbTe2)0.5,(SnSe)0.5(AgSb1-xGexSe2)0.5 (x = 0.06),(SnSe)0.5(AgSb0.94Ge0.06Se2)0.5,1,No,Ge,6 mol %,Sb,,Ge (6 mol %) @ Sb site,body text,,,706.0,1.05,dimensionless
ja1c08931.pdf,10.1021/jacs.1c08931,(SnSe)0.5(AgSbTe2)0.5,"(SnSe)0.5(AgSb1-xGexTe2)0.5, x=0.0",(SnSe)0.5(AgSbTe2)0.5,1,No,Ge,x=0.0,Sb,,Ge (x=0.0) @ Sb site,body text,,,725.0,0.77,dimensionless
ja1c08931.pdf,10.1021/jacs.1c08931,(SnSe)0.5(AgSbTe2)0.5,"(SnSe)0.5(AgSb1-xGexTe2)0.5, x=0.06",(SnSe)0.5(AgSb0.94Ge0.06Te2)0.5,1,No,Ge,x=0.06,Sb,,Ge (x=0.06) @ Sb site,body text,,,706.0,1.05,dimensionless
ja3c09643.pdf,10.1021/jacs.3c09643,AgSbTe2,AgSbTe2,AgSbTe2,0,No,,,,,,body text,Page 6,,570.0,0.9,dimensionless
ja3c09643.pdf,10.1021/jacs.3c09643,AgSbTe2,AgSb0.96Hg0.04Te2,AgSb0.96Hg0.04Te2,1,No,Hg,4 mol %,Sb,,Hg (4 mol %) @ Sb site,body text,Page 1,,570.0,2.4,dimensionless
ja3c09643.pdf,10.1021/jacs.3c09643,AgSbTe2,AgSbTe2,AgSbTe2,0,No,,,,,,figure,,Visually estimated from Figure 6a,570.0,0.8,dimensionless
ja3c09643.pdf,10.1021/jacs.3c09643,AgSbTe2,AgSb0.98Hg0.02Te2,AgSb0.98Hg0.02Te2,1,No,Hg,0.02,Sb,,Hg (0.02) @ Sb site,figure,,Visually estimated from Figure 6a,570.0,1.6,dimensionless
ja3c09643.pdf,10.1021/jacs.3c09643,AgSbTe2,AgSb0.94Hg0.06Te2,AgSb0.94Hg0.06Te2,1,No,Hg,0.06,Sb,,Hg (0.06) @ Sb site,figure,,Visually estimated from Figure 6a,570.0,2.0,dimensionless
ja6c00040.pdf,10.1021/jacs.6c00040,AgSbTe2,nanocrystalline Ag0.8Sb1.2Te2.2,Ag0.8Sb1.2Te2.2,0,No,,,,,,text,body text,,575.0,1.2,dimensionless
ja6c00040.pdf,10.1021/jacs.6c00040,AgSbTe2,bulk Ag0.8Sb1.2Te2.2,Ag0.8Sb1.2Te2.2,0,No,,,,,,text,body text,,575.0,0.66,dimensionless
ja6c00040.pdf,10.1021/jacs.6c00040,AgSbTe2,nanocrystalline Ag0.8Sb1.2Te2.2,Ag0.8Sb1.2Te2.2,3,Yes,Ag,0.8,Ag,Sb (1.2) @ Sb; Te (2.2) @ Te,Ag (0.8) @ Ag site; Sb (1.2) @ Sb site; Te (2.2) @ Te site,figure,Figure 4d,Visually estimated from Figure 4d,300.0,0.4,dimensionless
ja6c00040.pdf,10.1021/jacs.6c00040,AgSbTe2,bulk Ag0.8Sb1.2Te2.2,Ag0.8Sb1.2Te2.2,3,Yes,Ag,0.8,Ag,Sb (1.2) @ Sb; Te (2.2) @ Te,Ag (0.8) @ Ag site; Sb (1.2) @ Sb site; Te (2.2) @ Te site,figure,Figure 4d,Visually estimated from Figure 4d,300.0,0.2,dimensionless
ja6c00040.pdf,10.1021/jacs.6c00040,AgSbTe2,bulk Ag0.8Sb1.2Te2.2,Ag0.8Sb1.2Te2.2,3,Yes,Ag,0.8,Ag,Sb (1.2) @ Sb; Te (2.2) @ Te,Ag (0.8) @ Ag site; Sb (1.2) @ Sb site; Te (2.2) @ Te site,figure,Figure 4d,Visually estimated from Figure 4d,575.0,0.6,dimensionless
jp4c04467.pdf,10.1021/acs.jpcc.4c04467,AgSbTe2,AgSbTe1.92S0.08,AgSbTe1.92S0.08,1,No,S,x = 0.08,Te,,S (x = 0.08) @ Te site,body text,,,573.0,1.31,dimensionless
jp4c04467.pdf,10.1021/acs.jpcc.4c04467,AgSbTe2,AgSbTe2,AgSbTe2,0,No,,,,,,figure,Fig. 6a,Visually estimated from Fig. 6a,300.0,0.3,dimensionless
jp4c04467.pdf,10.1021/acs.jpcc.4c04467,AgSbTe2,AgSbTe2,AgSbTe2,0,No,,,,,,figure,Fig. 6a,Visually estimated from Fig. 6a,600.0,1.05,dimensionless
jp4c04467.pdf,10.1021/acs.jpcc.4c04467,AgSbTe2,AgSbTe1.96S0.04,AgSbTe1.96S0.04,1,No,S,x=0.04,Te,,S (x=0.04) @ Te site,figure,Fig. 6a,Visually estimated from Fig. 6a,300.0,0.3,dimensionless
jp4c04467.pdf,10.1021/acs.jpcc.4c04467,AgSbTe2,AgSbTe1.96S0.04,AgSbTe1.96S0.04,1,No,S,x=0.04,Te,,S (x=0.04) @ Te site,figure,Fig. 6a,Visually estimated from Fig. 6a,600.0,1.15,dimensionless
jp4c04467.pdf,10.1021/acs.jpcc.4c04467,AgSbTe2,AgSbTe1.94S0.06,AgSbTe1.94S0.06,1,No,S,x=0.06,Te,,S (x=0.06) @ Te site,figure,Fig. 6a,Visually estimated from Fig. 6a,300.0,0.3,dimensionless
jp4c04467.pdf,10.1021/acs.jpcc.4c04467,AgSbTe2,AgSbTe1.94S0.06,AgSbTe1.94S0.06,1,No,S,x=0.06,Te,,S (x=0.06) @ Te site,figure,Fig. 6a,Visually estimated from Fig. 6a,600.0,1.2,dimensionless
jp4c04467.pdf,10.1021/acs.jpcc.4c04467,AgSbTe2,AgSbTe1.92S0.08,AgSbTe1.92S0.08,1,No,S,x=0.08,Te,,S (x=0.08) @ Te site,figure,Fig. 6a,Visually estimated from Fig. 6a,300.0,0.35,dimensionless
jp4c04467.pdf,10.1021/acs.jpcc.4c04467,AgSbTe2,AgSbTe1.92S0.08,AgSbTe1.92S0.08,1,No,S,x=0.08,Te,,S (x=0.08) @ Te site,figure,Fig. 6a,Visually estimated from Fig. 6a,600.0,1.3,dimensionless
jp4c04467.pdf,10.1021/acs.jpcc.4c04467,AgSbTe2,AgSbTe1.9S0.1,AgSbTe1.9S0.1,1,No,S,x=0.1,Te,,S (x=0.1) @ Te site,figure,Fig. 6a,Visually estimated from Fig. 6a,300.0,0.3,dimensionless
jp4c04467.pdf,10.1021/acs.jpcc.4c04467,AgSbTe2,AgSbTe1.9S0.1,AgSbTe1.9S0.1,1,No,S,x=0.1,Te,,S (x=0.1) @ Te site,figure,Fig. 6a,Visually estimated from Fig. 6a,600.0,1.25,dimensionless
materials-15-02843.pdf,10.3390/ma15082843,AgSbTe2-family,AgSb0.94Cd0.06Te2,AgSb0.94Cd0.06Te2,1,No,Cd,0.06,Sb,,Cd (0.06) @ Sb site,table,Table 2,,700.0,2.36,dimensionless
materials-15-02843.pdf,10.3390/ma15082843,AgSbTe2-family,AgSbTe1.85Se0.15,AgSbTe1.85Se0.15,1,No,Se,0.15,Te,,Se (0.15) @ Te site,table,Table 2,,700.0,2.39,dimensionless
nanomaterials-12-03910.pdf,10.3390/nano12213910,AgSbTe2,AgSbTe2 (arc-melted),AgSbTe2,0,No,,,,,,body text,,,680.0,0.6,dimensionless
nanomaterials-12-03910.pdf,10.3390/nano12213910,AgSbTe2,arc-melted AgSbTe2,AgSbTe2,0,No,,,,,,figure,Fig. 6b,Visually estimated from Fig. 6b,300.0,0.1,dimensionless
nanomaterials-12-03910.pdf,10.3390/nano12213910,AgSbTe2,arc-melted AgSbTe2,AgSbTe2,0,No,,,,,,figure,Fig. 6b,Visually estimated from Fig. 6b,680.0,0.6,dimensionless
nz1c01184.pdf,10.1021/acsenergylett.1c01184,AgSbTe2,6 mol % Cd-doped AgSbTe2,AgSb1-xCdxTe2 (x=0.06),1,No,Cd,6 mol %,Sb,,Cd (6 mol %) @ Sb site,text,Abstract and page 9,,573.0,2.6,dimensionless
nz1c01184.pdf,10.1021/acsenergylett.1c01184,AgSbTe2,AgSb0.96Zn0.04Te2,AgSb0.96Zn0.04Te2,1,No,Zn,0.04,Sb,,Zn (0.04) @ Sb site,text,page 7,,585.0,1.9,dimensionless
nz1c01184.pdf,10.1021/acsenergylett.1c01184,AgSbTe2,AgSbTe1.98Se0.02,AgSbTe1.98Se0.02,1,No,Se,0.02,Te,,Se (0.02) @ Te site,text,page 6,,600.0,1.35,dimensionless
nz1c01184.pdf,10.1021/acsenergylett.1c01184,AgSbTe2,AgSbTe1.85Se0.15,AgSbTe1.85Se0.15,1,No,Se,0.15,Te,,Se (0.15) @ Te site,text,page 6,,550.0,2.1,dimensionless
nz1c01184.pdf,10.1021/acsenergylett.1c01184,AgSbTe2,AgSb0.93In0.07Te2,AgSb0.93In0.07Te2,1,No,In,0.07,Sb,,In (0.07) @ Sb site,text,page 6,,650.0,1.35,dimensionless
nz1c01184.pdf,10.1021/acsenergylett.1c01184,AgSbTe2,AgSb0.95Bi0.05Te2,AgSb0.95Bi0.05Te2,1,No,Bi,0.05,Sb,,Bi (0.05) @ Sb site,text,page 6,,570.0,1.04,dimensionless
nz1c01184.pdf,10.1021/acsenergylett.1c01184,AgSbTe2,AgSb0.99La0.01Te2,AgSb0.99La0.01Te2,1,No,La,0.01,Sb,,La (0.01) @ Sb site,text,page 6,,573.0,1.5,dimensionless
nz1c01184.pdf,10.1021/acsenergylett.1c01184,AgSbTe2,Ag0.95Sb0.95Mn0.10Te2,Ag0.95Sb0.95Mn0.10Te2,1,No,Mn,0.10,multiple sites,,Mn (0.10) @ multiple sites site,text,page 7,,550.0,0.74,dimensionless
nz1c01184.pdf,10.1021/acsenergylett.1c01184,AgSbTe2,Na0.02Ag0.98SbTe2.02,Na0.02Ag0.98SbTe2.02,1,No,Na,0.02,Ag,,Na (0.02) @ Ag site,text,page 7,,570.0,1.5,dimensionless
nz1c01184.pdf,10.1021/acsenergylett.1c01184,AgSbTe2,Ag0.94Cd0.06Te2,Ag0.94Cd0.06Te2,1,No,Cd,6 mol %,Sb,,Cd (6 mol %) @ Sb site,figure,Fig. 1b,Visually estimated from Fig. 1b,300.0,1.2,dimensionless
nz1c01184.pdf,10.1021/acsenergylett.1c01184,AgSbTe2,Ag0.94Cd0.06Te2,Ag0.94Cd0.06Te2,1,No,Cd,6 mol %,Sb,,Cd (6 mol %) @ Sb site,figure,Fig. 1b,Visually estimated from Fig. 1b,400.0,1.8,dimensionless
nz1c01184.pdf,10.1021/acsenergylett.1c01184,AgSbTe2,Ag0.94Cd0.06Te2,Ag0.94Cd0.06Te2,1,No,Cd,6 mol %,Sb,,Cd (6 mol %) @ Sb site,figure,Fig. 1b,Visually estimated from Fig. 1b,500.0,2.3,dimensionless
nz1c01184.pdf,10.1021/acsenergylett.1c01184,AgSbTe2,Ag0.94Cd0.06Te2,Ag0.94Cd0.06Te2,1,No,Cd,6 mol %,Sb,,Cd (6 mol %) @ Sb site,figure,Fig. 1b,Visually estimated from Fig. 1b,573.0,2.6,dimensionless
nz1c01184.pdf,10.1021/acsenergylett.1c01184,AgSbTe2,Ag0.96Zn0.04Te2,Ag0.96Zn0.04Te2,1,No,Zn,4 mol %,Sb,,Zn (4 mol %) @ Sb site,figure,Fig. 1b,Visually estimated from Fig. 1b,300.0,0.8,dimensionless
nz1c01184.pdf,10.1021/acsenergylett.1c01184,AgSbTe2,Ag0.96Zn0.04Te2,Ag0.96Zn0.04Te2,1,No,Zn,4 mol %,Sb,,Zn (4 mol %) @ Sb site,figure,Fig. 1b,Visually estimated from Fig. 1b,400.0,1.2,dimensionless
nz1c01184.pdf,10.1021/acsenergylett.1c01184,AgSbTe2,Ag0.96Zn0.04Te2,Ag0.96Zn0.04Te2,1,No,Zn,4 mol %,Sb,,Zn (4 mol %) @ Sb site,figure,Fig. 1b,Visually estimated from Fig. 1b,500.0,1.5,dimensionless
nz1c01184.pdf,10.1021/acsenergylett.1c01184,AgSbTe2,Ag0.96Zn0.04Te2,Ag0.96Zn0.04Te2,1,No,Zn,4 mol %,Sb,,Zn (4 mol %) @ Sb site,figure,Fig. 1b,Visually estimated from Fig. 1b,600.0,1.6,dimensionless
nz1c01184.pdf,10.1021/acsenergylett.1c01184,AgSbTe2,AgSbTe2,AgSbTe2,0,No,,,,,,body text,,,450.0,1.0,dimensionless
nz1c01184.pdf,10.1021/acsenergylett.1c01184,AgSbTe2,AgSb1-xCd xTe2 (x=0.02),AgSb0.98Cd0.02Te2,1,No,Cd,2 mol %,Sb,,Cd (2 mol %) @ Sb site,figure,Fig. 7f,Visually estimated from Fig. 7f,300.0,1.1,dimensionless
nz1c01184.pdf,10.1021/acsenergylett.1c01184,AgSbTe2,AgSb1-xCd xTe2 (x=0.06),AgSb0.94Cd0.06Te2,1,No,Cd,6 mol %,Sb,,Cd (6 mol %) @ Sb site,body text,,,573.0,2.6,dimensionless
nz6b00639.pdf,10.1021/acsenergylett.6b00639,AgSbTe2,AgSb0.96Zn0.04Te2,AgSb0.96Zn0.04Te2,1,No,Zn,0.04,Sb,,Zn (0.04) @ Sb site,body text,,,585.0,1.9,dimensionless
nz6b00639.pdf,10.1021/acsenergylett.6b00639,AgSbTe2,Ag0.96Zn0.04Te2,Ag0.96Zn0.04Te2,1,No,Zn,0.04,Sb,,Zn (0.04) @ Sb site,body text,,,585.0,1.9,dimensionless
nz6b00639.pdf,10.1021/acsenergylett.6b00639,AgSbTe2,AgSb1-xZnxTe2 (x=0.04),AgSb0.96Zn0.04Te2,1,No,Zn,0.04,Sb,,Zn (0.04) @ Sb site,body text,page 354,,585.0,1.9,dimensionless
nz8b00137.pdf,10.1021/acsenergylett.8b00137,AgSnmSbTe2+m,AgSn5SbTe7,AgSn5SbTe7,1,No,I,0.6 atom %,Te,,I (0.6 atom %) @ Te site,text,Abstract,,800.0,1.2,dimensionless
nz8b00137.pdf,10.1021/acsenergylett.8b00137,AgSnmSbTe2+m,AgSnmSbTe2+m (m=50),AgSn50SbTe52,2,Yes,Ag,m=50,Sn,Sb (m=50) @ Sn,Ag (m=50) @ Sn site; Sb (m=50) @ Sn site,figure,,Visually estimated from Fig. 5b,300.0,0.2,dimensionless
nz8b00137.pdf,10.1021/acsenergylett.8b00137,AgSnmSbTe2+m,AgSnmSbTe2+m (m=5),AgSn5SbTe7,2,Yes,Ag,m=5,Sn,Sb (m=5) @ Sn,Ag (m=5) @ Sn site; Sb (m=5) @ Sn site,figure,,Visually estimated from Fig. 5b,300.0,0.4,dimensionless
nz8b00137.pdf,10.1021/acsenergylett.8b00137,AgSnmSbTe2+m,AgSnmSbTe2+m (m=5),AgSn5SbTe7,2,Yes,Ag,m=5,Sn,Sb (m=5) @ Sn,Ag (m=5) @ Sn site; Sb (m=5) @ Sn site,body text,,Explicitly stated in abstract and body text,800.0,1.2,dimensionless
s10854-025-15118-x.pdf,10.1007/s10854-025-15118-x,AgSbTe2,MQ-450,AgSbTe2,0,No,,,,,,body text,Page 1,,600.0,1.67,dimensionless
s10854-025-15118-x.pdf,10.1007/s10854-025-15118-x,AgSbTe2,BM-450,AgSbTe2,0,No,,,,,,figure,Fig. 7d,Visually estimated from Fig. 7d,600.0,1.38,dimensionless
s11664-009-0669-7.pdf,10.1007/s11664-009-0669-7,AgSbTe2,AgSbTe2:2% AgTe,AgSbTe2 doped with 2 at.% excess AgTe,1,No,Ag,2 at.%,unclear,,Ag (2 at.%) @ unclear site,text,body text,Value for undoped AgSbTe2 at 400 K,,0.5,dimensionless
s11664-009-0669-7.pdf,10.1007/s11664-009-0669-7,AgSbTe2,AgSbTe2:2% AgTe,AgSbTe2 doped with 2 at.% excess AgTe,1,No,Ag,2 at.%,unclear,,Ag (2 at.%) @ unclear site,text,body text,Value for TlTe doped sample,400.0,1.05,dimensionless
s11664-009-0669-7.pdf,10.1007/s11664-009-0669-7,AgSbTe2,AgSbTe2:2% AgTe,AgSbTe2 doped with 2 at.% excess AgTe,1,No,Ag,2 at.%,unclear,,Ag (2 at.%) @ unclear site,text,body text,Value for NaSe doped sample,400.0,1.2,dimensionless
s11664-009-0669-7.pdf,10.1007/s11664-009-0669-7,AgSbTe2,AgSbTe2:2% AgTe,AgSbTe2 doped with 2 at.% excess AgTe,1,No,Ag,2 at.%,unclear,,Ag (2 at.%) @ unclear site,text,body text,Value for NaTe doped sample,400.0,0.87,dimensionless
s11664-009-0669-7.pdf,10.1007/s11664-009-0669-7,AgSbTe2,undoped AgSbTe2,AgSbTe2,0,No,,,,,,figure,Fig. 4,Visually estimated from Fig. 4,400.0,0.5,dimensionless
s11664-009-0669-7.pdf,10.1007/s11664-009-0669-7,AgSbTe2,2% AgTe doped AgSbTe2,AgSbTe2 + 2% AgTe,2,Yes,Ag,2%,unclear,Te (2%) @ unclear,Ag (2%) @ unclear site; Te (2%) @ unclear site,figure,Fig. 4,Visually estimated from Fig. 4,400.0,0.55,dimensionless
s11664-009-0669-7.pdf,10.1007/s11664-009-0669-7,AgSbTe2,1% NaSe0.5Te0.5 doped AgSbTe2,AgSbTe2 + 1% NaSe0.5Te0.5,3,Yes,Na,1%,unclear,Se (0.5%) @ unclear; Te (0.5%) @ unclear,Na (1%) @ unclear site; Se (0.5%) @ unclear site; Te (0.5%) @ unclear site,figure,Fig. 4,Visually estimated from Fig. 4,400.0,1.2,dimensionless
s11664-009-0669-7.pdf,10.1007/s11664-009-0669-7,AgSbTe2,1% NaTe doped AgSbTe2,AgSbTe2 + 1% NaTe,2,Yes,Na,1%,unclear,Te (1%) @ unclear,Na (1%) @ unclear site; Te (1%) @ unclear site,figure,Fig. 4,Visually estimated from Fig. 4,400.0,0.87,dimensionless
s11664-009-0669-7.pdf,10.1007/s11664-009-0669-7,AgSbTe2,1.5% TlTe doped AgSbTe2,AgSbTe2 + 1.5% TlTe,2,Yes,Tl,1.5%,Sb,Te (1.5%) @ unclear,Tl (1.5%) @ Sb site; Te (1.5%) @ unclear site,figure,Fig. 4,Visually estimated from Fig. 4,400.0,1.05,dimensionless
s11664-009-0669-7.pdf,10.1007/s11664-009-0669-7,AgSbTe2,1% BiTe doped AgSbTe2,AgSbTe2 + 1% BiTe,2,Yes,Bi,1%,Sb,Te (1%) @ unclear,Bi (1%) @ Sb site; Te (1%) @ unclear site,figure,Fig. 4,Visually estimated from Fig. 4,400.0,0.45,dimensionless
s11664-009-0669-7.pdf,10.1007/s11664-009-0669-7,AgSbTe2,1% excess Pb doped AgSbTe2,AgSbTe2 + 1% Pb,1,No,Pb,1%,Ag,,Pb (1%) @ Ag site,figure,Fig. 4,Visually estimated from Fig. 4,400.0,0.45,dimensionless
s11664-015-4102-0.pdf,10.1007/s11664-015-4102-0,AgSbTe2,AgSbTe2,AgSbTe2,0,No,,,,,,body text,page 5,,575.0,0.65,dimensionless
s11664-015-4102-0.pdf,10.1007/s11664-015-4102-0,AgSbTe2,AgSbTe1.98Se0.02,AgSbTe1.98Se0.02,1,No,Se,0.02,Te,,Se (0.02) @ Te site,body text,page 7,,563.0,1.07,dimensionless
s11664-015-4102-0.pdf,10.1007/s11664-015-4102-0,AgSbTe2,AgSbTe2,AgSbTe2,0,No,,,,,,figure,Fig. 9,"Visually estimated from Fig. 9, measurement 1",300.0,0.2,dimensionless
s11664-015-4102-0.pdf,10.1007/s11664-015-4102-0,AgSbTe2,AgSbTe2,AgSbTe2,0,No,,,,,,figure,Fig. 9,"Visually estimated from Fig. 9, measurement 1",400.0,0.4,dimensionless
s11664-015-4102-0.pdf,10.1007/s11664-015-4102-0,AgSbTe2,AgSbTe2,AgSbTe2,0,No,,,,,,figure,Fig. 9,"Visually estimated from Fig. 9, measurement 1",600.0,0.5,dimensionless
s11664-024-11310-7.pdf,10.1007/s11664-024-11310-7,AgSbTe2,Ag0.7Sb1.12Te2,Ag0.7Sb1.12Te2,2,Yes,Ag,0.7,Ag,Sb (1.12) @ Sb,Ag (0.7) @ Ag site; Sb (1.12) @ Sb site,table,Table IV,,750.0,0.61,dimensionless
s12613-011-0446-5.pdf,10.1007/s12613-011-0446-5,Ag0.84Sb1.15Te2.16,AgSbTe2,Ag0.84Sb1.15Te2.16,0,No,,,,,,figure,,Visually estimated from Fig. 4,300.0,0.8,dimensionless
s12613-011-0446-5.pdf,10.1007/s12613-011-0446-5,Ag0.84Sb1.15Te2.16,AgSbTe2-Ce,Ag0.84Sb1.15Ce0.01Te2.16,1,No,Ce,0.01,Sb,,Ce (0.01) @ Sb site,figure,,Visually estimated from Fig. 4,300.0,0.6,dimensionless
s12613-011-0446-5.pdf,10.1007/s12613-011-0446-5,Ag0.84Sb1.15Te2.16,AgSbTe2-Yb,Ag0.84Sb1.15Yb0.01Te2.16,1,No,Yb,0.01,Sb,,Yb (0.01) @ Sb site,figure,,Visually estimated from Fig. 4,300.0,0.55,dimensionless
s12613-011-0446-5.pdf,10.1007/s12613-011-0446-5,Ag0.84Sb1.15Te2.16,AgSbTe2-Cu,Ag0.84Sb1.15Cu0.01Te2.16,1,No,Cu,0.01,Sb,,Cu (0.01) @ Sb site,figure,,Visually estimated from Fig. 4,300.0,0.45,dimensionless
s40843-024-3152-0.pdf,10.1007/s40843-024-3152-0,AgSbTe2,Ag0.9Sb1.1Te2.1,Ag0.9Sb1.1Te2.1,3,Yes,Ag,0.9,Ag,Sb (1.1) @ Sb; Te (2.1) @ Te,Ag (0.9) @ Ag site; Sb (1.1) @ Sb site; Te (2.1) @ Te site,body text,,Calculated zT at 600 K under rate 1# (fast).,600.0,1.5,dimensionless
s40843-024-3152-0.pdf,10.1007/s40843-024-3152-0,AgSbTe2,Ag0.9Sb1.1Te2.1,Ag0.9Sb1.1Te2.1,3,Yes,Ag,0.9,Ag,Sb (1.1) @ Sb; Te (2.1) @ Te,Ag (0.9) @ Ag site; Sb (1.1) @ Sb site; Te (2.1) @ Te site,body text,,Calculated zT at 600 K under rate 2# (slow).,600.0,1.0,dimensionless
s41467-024-55280-0.pdf,10.1038/s41467-024-55280-0,AgSbTe2,AgSb0.94Sn0.06Te2,AgSb0.94Sn0.06Te2,1,No,Sn,6 mol%,Sb,,Sn (6 mol%) @ Sb site,body text,,,673.0,2.5,dimensionless
s41467-024-55280-0.pdf,10.1038/s41467-024-55280-0,AgSbTe2,AgSbTe2,AgSbTe2,0,No,,,,,,figure,Fig. 4i,Visually estimated from Fig. 4i,300.0,0.4,dimensionless
s41467-024-55280-0.pdf,10.1038/s41467-024-55280-0,AgSbTe2,AgSbTe2,AgSbTe2,0,No,,,,,,figure,Fig. 4i,Visually estimated from Fig. 4i,673.0,0.7,dimensionless
s41467-024-55280-0.pdf,10.1038/s41467-024-55280-0,AgSbTe2,AgSb0.97Sn0.03Te2,AgSb0.97Sn0.03Te2,1,No,Sn,0.03,Sb,,Sn (0.03) @ Sb site,figure,Fig. 4i,Visually estimated from Fig. 4i,300.0,0.5,dimensionless
s41467-024-55280-0.pdf,10.1038/s41467-024-55280-0,AgSbTe2,AgSb0.97Sn0.03Te2,AgSb0.97Sn0.03Te2,1,No,Sn,0.03,Sb,,Sn (0.03) @ Sb site,figure,Fig. 4i,Visually estimated from Fig. 4i,673.0,2.1,dimensionless
s41467-024-55280-0.pdf,10.1038/s41467-024-55280-0,AgSbTe2,AgSb0.94Sn0.06Te2,AgSb0.94Sn0.06Te2,1,No,Sn,0.06,Sb,,Sn (0.06) @ Sb site,figure,Fig. 4i,Visually estimated from Fig. 4i,300.0,0.6,dimensionless
s41467-024-55280-0.pdf,10.1038/s41467-024-55280-0,AgSbTe2,AgSb0.9Sn0.1Te2,AgSb0.9Sn0.1Te2,1,No,Sn,0.1,Sb,,Sn (0.1) @ Sb site,figure,Fig. 4i,Visually estimated from Fig. 4i,300.0,0.5,dimensionless
s41467-024-55280-0.pdf,10.1038/s41467-024-55280-0,AgSbTe2,AgSb0.9Sn0.1Te2,AgSb0.9Sn0.1Te2,1,No,Sn,0.1,Sb,,Sn (0.1) @ Sb site,figure,Fig. 4i,Visually estimated from Fig. 4i,673.0,1.5,dimensionless
s43578-025-01619-2.pdf,10.1557/s43578-025-01619-2,AgSbTe2,GeSe-15%AgSbTe2,GeSe-15%AgSbTe2,1,No,AgSbTe2,15%,unclear,,AgSbTe2 (15%) @ unclear site,figure,,Visually estimated from Fig. 6B,300.0,0.05,dimensionless
s43578-025-01619-2.pdf,10.1557/s43578-025-01619-2,AgSbTe2,GeSe-15%AgSbTe2,GeSe-15%AgSbTe2,1,No,AgSbTe2,15%,unclear,,AgSbTe2 (15%) @ unclear site,figure,,Visually estimated from Fig. 6B,350.0,0.15,dimensionless
s43578-025-01619-2.pdf,10.1557/s43578-025-01619-2,AgSbTe2,GeSe-15%AgSbTe2,GeSe-15%AgSbTe2,1,No,AgSbTe2,15%,unclear,,AgSbTe2 (15%) @ unclear site,figure,,Visually estimated from Fig. 6B,400.0,0.25,dimensionless
s43578-025-01619-2.pdf,10.1557/s43578-025-01619-2,AgSbTe2,GeSe-15%AgSbTe2,GeSe-15%AgSbTe2,1,No,AgSbTe2,15%,unclear,,AgSbTe2 (15%) @ unclear site,figure,,Visually estimated from Fig. 6B,450.0,0.35,dimensionless
s43578-025-01619-2.pdf,10.1557/s43578-025-01619-2,AgSbTe2,GeSe-15%AgSbTe2,GeSe-15%AgSbTe2,1,No,AgSbTe2,15%,unclear,,AgSbTe2 (15%) @ unclear site,figure,,Visually estimated from Fig. 6B,500.0,0.45,dimensionless
s43578-025-01619-2.pdf,10.1557/s43578-025-01619-2,AgSbTe2,GeSe-15%AgSbTe2,GeSe-15%AgSbTe2,1,No,AgSbTe2,15%,unclear,,AgSbTe2 (15%) @ unclear site,figure,,Visually estimated from Fig. 6B,550.0,0.55,dimensionless
s43578-025-01619-2.pdf,10.1557/s43578-025-01619-2,AgSbTe2,GeSe-15%AgSbTe2,GeSe-15%AgSbTe2,1,No,AgSbTe2,15%,unclear,,AgSbTe2 (15%) @ unclear site,figure,,Visually estimated from Fig. 6B,600.0,0.65,dimensionless
s43578-025-01619-2.pdf,10.1557/s43578-025-01619-2,AgSbTe2,GeSe-15%AgSbTe2,GeSe-15%AgSbTe2,1,No,AgSbTe2,15%,unclear,,AgSbTe2 (15%) @ unclear site,figure,,Visually estimated from Fig. 6B,650.0,0.75,dimensionless
s43578-025-01619-2.pdf,10.1557/s43578-025-01619-2,AgSbTe2,GeSe-15%AgSbTe2,GeSe-15%AgSbTe2,1,No,AgSbTe2,15%,unclear,,AgSbTe2 (15%) @ unclear site,figure,,Visually estimated from Fig. 6B,700.0,0.85,dimensionless
science.1092963.pdf,,AgPb_mSbTe_2+m,AgPb10SbTe12,AgPb10SbTe12,2,Yes,Ag,nominal,Ag,Sb (nominal) @ Sb,Ag (nominal) @ Ag site; Sb (nominal) @ Sb site,body text,,,700.0,1.0,dimensionless
science.1092963.pdf,,AgPb_mSbTe_2+m,Ag1-xPb18SbTe20,Ag1-xPb18SbTe20,1,No,Ag,1-x,Ag,,Ag (1-x) @ Ag site,body text,,,800.0,2.1,dimensionless
science.1092963.pdf,,AgPb_mSbTe_2+m,AgPb10SbTe12,AgPb10SbTe12,1,No,Pb,m=10,multiple sites,,Pb (m=10) @ multiple sites site,figure,Fig. 2C,Visually estimated from Fig. 2C,300.0,0.4,dimensionless
science.1092963.pdf,,AgPb_mSbTe_2+m,AgPb10SbTe12,AgPb10SbTe12,1,No,Pb,m=10,multiple sites,,Pb (m=10) @ multiple sites site,figure,Fig. 2C,Visually estimated from Fig. 2C,700.0,1.1,dimensionless
science.1092963.pdf,,AgPb_mSbTe_2+m,AgPb18SbTe20,AgPb18SbTe20,1,No,Pb,m=18,multiple sites,,Pb (m=18) @ multiple sites site,figure,Fig. 3C,Visually estimated from Fig. 3C,300.0,0.5,dimensionless
science.1092963.pdf,,AgPb_mSbTe_2+m,AgPb18SbTe20,AgPb18SbTe20,1,No,Pb,m=18,multiple sites,,Pb (m=18) @ multiple sites site,figure,Fig. 3C,Visually estimated from Fig. 3C,800.0,2.1,dimensionless
science.abb3517.pdf,,AgSbTe2,Pristine AgSbTe2,AgSbTe2,0,No,,,,,,body text,,,300.0,0.6,dimensionless
science.abb3517.pdf,,AgSbTe2,6 mol % Cd-doped AgSbTe2,AgSb0.94Cd0.06Te2,1,No,Cd,6 mol %,Sb,,Cd (6 mol %) @ Sb site,body text,,,300.0,1.5,dimensionless
science.abb3517.pdf,,AgSbTe2,6 mol % Cd-doped AgSbTe2,AgSb0.94Cd0.06Te2,1,No,Cd,6 mol %,Sb,,Cd (6 mol %) @ Sb site,body text,,,573.0,2.6,dimensionless
science.abb3517.pdf,,AgSbTe2,AgSbTe2,AgSbTe2,0,No,,,,,,figure,Fig. 4F,Visually estimated from Fig. 4F,300.0,0.7,dimensionless
science.abb3517.pdf,,AgSbTe2,AgSb0.98Cd0.02Te2,AgSb0.98Cd0.02Te2,1,No,Cd,2 mol %,Sb,,Cd (2 mol %) @ Sb site,figure,Fig. 4F,Visually estimated from Fig. 4F,300.0,1.1,dimensionless
science.abb3517.pdf,,AgSbTe2,AgSb0.94Cd0.06Te2,AgSb0.94Cd0.06Te2,1,No,Cd,6 mol %,Sb,,Cd (6 mol %) @ Sb site,figure,Fig. 4F,Visually estimated from Fig. 4F,300.0,1.5,dimensionless
science.abb3517.pdf,,AgSbTe2,6 mol % Cd-doped AgSbTe2,AgSbTe2:Cd,1,No,Cd,6 mol %,unclear,,Cd (6 mol %) @ unclear site,body text,,Value explicitly stated in text.,,0.6,dimensionless
science.abb3517.pdf,,AgSbTe2,6 mol % Cd-doped AgSbTe2,AgSbTe2:Cd,1,No,Cd,6 mol %,unclear,,Cd (6 mol %) @ unclear site,body text,,Maximum ZT value explicitly stated in text.,573.0,2.6,dimensionless
sectional-analysis-of-thermoelectric-performance-in-agsbte2-ingots-processed-by-horizontal-zone-melting.pdf,10.1142/S0217979226502358,AgSbTe2,Part I (Front section),AgSbTe2,0,No,,,,,,body text,Section 3.3 and 4,,307.8,0.82,dimensionless
sectional-analysis-of-thermoelectric-performance-in-agsbte2-ingots-processed-by-horizontal-zone-melting.pdf,10.1142/S0217979226502358,AgSbTe2,Part III (Terminal section),AgSbTe2,0,No,,,,,,body text,Section 3.3 and 4,,307.8,0.82,dimensionless
sectional-analysis-of-thermoelectric-performance-in-agsbte2-ingots-processed-by-horizontal-zone-melting.pdf,10.1142/S0217979226502358,AgSbTe2,Part I,AgSbTe2,0,No,,,,,,figure,Fig. 5,Visually estimated from Fig. 5,80.0,0.05,dimensionless
sectional-analysis-of-thermoelectric-performance-in-agsbte2-ingots-processed-by-horizontal-zone-melting.pdf,10.1142/S0217979226502358,AgSbTe2,Part I,AgSbTe2,0,No,,,,,,figure,Fig. 5,Visually estimated from Fig. 5,300.0,0.4,dimensionless
sectional-analysis-of-thermoelectric-performance-in-agsbte2-ingots-processed-by-horizontal-zone-melting.pdf,10.1142/S0217979226502358,AgSbTe2,Part II,AgSbTe2,0,No,,,,,,figure,Fig. 5,Visually estimated from Fig. 5,80.0,0.08,dimensionless
sectional-analysis-of-thermoelectric-performance-in-agsbte2-ingots-processed-by-horizontal-zone-melting.pdf,10.1142/S0217979226502358,AgSbTe2,Part II,AgSbTe2,0,No,,,,,,figure,Fig. 5,Visually estimated from Fig. 5,300.0,0.6,dimensionless
sectional-analysis-of-thermoelectric-performance-in-agsbte2-ingots-processed-by-horizontal-zone-melting.pdf,10.1142/S0217979226502358,AgSbTe2,Part III,AgSbTe2,0,No,,,,,,figure,Fig. 5,Visually estimated from Fig. 5,80.0,0.1,dimensionless
sectional-analysis-of-thermoelectric-performance-in-agsbte2-ingots-processed-by-horizontal-zone-melting.pdf,10.1142/S0217979226502358,AgSbTe2,Part III,AgSbTe2,0,No,,,,,,body text,page 2650235-7,Peak ZT value reported in text,307.8,0.82,dimensionless
ssrn-4526442.pdf,,AgSbTe2,AgSb0.95Ti0.05Te2,AgSb0.95Ti0.05Te2,1,No,Ti,0.05,Sb,,Ti (0.05) @ Sb site,text,Page 8,,573.0,1.4,dimensionless
ssrn-4526442.pdf,,AgSbTe2,AgSb0.94Ti0.05Te2,AgSb0.94Ti0.05Te2,2,Yes,Ti,0.05,Sb,Sb vacancy (0.01) @ Sb,Ti (0.05) @ Sb site; Sb vacancy (0.01) @ Sb site,text,"Page 3, Abstract",,673.0,1.8,dimensionless
ssrn-4526442.pdf,,AgSbTe2,AgSb1-xTixTe2 (x=0.05),AgSb0.95Ti0.05Te2,1,No,Ti,0.05,Sb,,Ti (0.05) @ Sb site,body text,page 3,,573.0,1.4,dimensionless
ssrn-4526442.pdf,,AgSbTe2,AgSb0.95Ti0.05Te2,AgSb0.95Ti0.05Te2,1,No,Ti,0.05,Sb,,Ti (0.05) @ Sb site,text,body text,Explicitly stated in text,623.0,1.8,dimensionless
ssrn-6617408.pdf,,SnTe-AgSbTe2 (s-AST),s-AST,AgSbTe2,2,Yes,Ag,1,multiple sites,Sb (1) @ multiple sites,Ag (1) @ multiple sites site; Sb (1) @ multiple sites site,body text,,,614.0,0.86,dimensionless
ssrn-6617408.pdf,,SnTe-AgSbTe2 (s-AST),SnTe-8% s-AST,SnTe-8% AgSbTe2,2,Yes,Ag,8%,Ag,Sb (8%) @ Sb,Ag (8%) @ Ag site; Sb (8%) @ Sb site,body text,,,823.0,1.28,dimensionless
ssrn-6617408.pdf,,SnTe-AgSbTe2 (s-AST),s-AST,AgSbTe2 containing Sb2O3 impurities,1,No,Sb2O3,minor,unclear,,Sb2O3 (minor) @ unclear site,body text,,,614.0,0.86,dimensionless
ssrn-6617408.pdf,,SnTe-AgSbTe2 (s-AST),s-AST pellet,AgSbTe2,0,No,,,,,,figure,Figure 2d,Visually estimated from Figure 2d,300.0,0.1,dimensionless
ssrn-6617408.pdf,,SnTe-AgSbTe2 (s-AST),s-AST pellet,AgSbTe2,0,No,,,,,,figure,Figure 2d,Visually estimated from Figure 2d,600.0,0.85,dimensionless
ssrn-6617408.pdf,,SnTe-AgSbTe2 (s-AST),SnTe-3% s-AST,SnTe-3% AgSbTe2,1,No,AgSbTe2,3%,unclear,,AgSbTe2 (3%) @ unclear site,figure,,Visually estimated from Fig. 6d,300.0,0.05,dimensionless
